step,lineage,size,mass,hard,muscle,sensor,digestive,bite,shell,open,bodies,age,plant,meat,p0,p1,pnone,bite_any,shell_front,shell_back,shell_side,foot,len_fwd,len_side,height
5000,1,533,10.4,0.0,0.0,0.1,10.2,0.0,1.00,15.0,25,350,21.63,0.37,527,6,0,0.0,1.00,1.00,1.00,3.34,2.03,7.50,57.1
6000,1,555,9.4,0.0,0.0,0.0,9.4,0.0,1.00,15.1,23,300,17.95,0.32,548,7,0,0.0,1.00,1.00,1.00,3.28,1.96,7.79,56.9
7000,1,553,8.6,0.0,0.0,0.0,8.5,0.0,1.00,15.5,16,294,16.82,0.33,551,2,0,0.0,1.00,1.00,1.00,3.41,1.94,7.85,56.4
8000,1,565,8.3,0.0,0.0,0.2,8.1,0.0,1.01,15.7,15,307,17.27,0.34,562,3,0,0.0,1.00,1.00,1.04,3.43,1.98,7.93,55.9
9000,1,567,8.3,0.1,0.0,0.1,8.0,0.0,1.05,15.8,14,302,16.81,0.30,565,2,0,0.0,1.04,1.04,1.08,3.40,2.03,7.90,55.7
10000,1,552,8.2,0.0,0.1,0.0,8.1,0.0,1.00,15.8,11,303,16.91,0.33,549,3,0,0.0,1.00,1.00,1.00,3.44,2.02,7.94,55.6
11000,1,551,8.4,0.0,0.0,0.1,8.2,0.0,1.00,15.8,10,307,17.09,0.31,549,2,0,0.0,1.00,1.00,1.00,3.43,2.05,7.96,55.9
12000,1,545,8.4,0.0,0.0,0.2,8.3,0.0,1.00,15.8,11,325,18.02,0.32,543,2,0,0.0,1.00,1.00,1.00,3.47,2.06,7.94,54.9
13000,1,544,8.4,0.1,0.0,0.0,8.3,0.0,1.02,15.8,14,312,17.53,0.31,544,0,0,0.0,1.02,1.02,1.02,3.42,2.08,7.96,55.4
14000,1,542,8.2,0.0,0.0,0.2,8.0,0.0,1.00,15.9,11,294,16.34,0.32,542,0,0,0.0,1.00,1.00,1.00,3.42,2.04,7.96,54.7
15000,1,533,8.5,0.1,0.1,0.1,8.2,0.0,1.03,15.8,12,308,17.08,0.31,533,0,0,0.0,1.00,1.04,1.03,3.46,2.10,7.94,54.7
16000,1,556,8.3,0.0,0.0,0.0,8.3,0.0,1.00,15.9,11,301,16.78,0.34,556,0,0,0.0,1.00,1.00,1.00,3.48,2.07,7.91,54.7
17000,1,542,8.2,0.0,0.0,0.1,8.0,0.0,1.01,15.9,8,329,18.45,0.32,542,0,0,0.0,1.01,1.00,1.01,3.42,2.05,7.97,55.2
18000,1,533,8.1,0.0,0.0,0.0,8.1,0.0,1.00,15.9,7,322,17.99,0.31,533,0,0,0.0,1.00,1.00,1.00,3.41,2.03,7.98,54.8
19000,1,566,8.2,0.0,0.0,0.0,8.1,0.0,1.00,15.9,9,298,16.72,0.28,566,0,0,0.0,1.00,1.00,1.00,3.46,2.05,7.95,55.1
20000,1,556,8.6,0.1,0.1,0.0,8.4,0.0,1.03,15.8,15,315,17.53,0.32,556,0,0,0.0,1.03,1.03,1.05,3.45,2.13,7.87,55.0
21000,1,545,8.1,0.1,0.0,0.0,8.0,0.0,1.02,16.0,6,315,17.59,0.34,545,0,0,0.0,1.02,1.02,1.02,3.48,2.02,7.98,54.4
22000,1,530,8.3,0.0,0.1,0.1,8.1,0.0,1.00,15.8,10,329,18.37,0.32,530,0,0,0.0,1.00,1.00,1.00,3.49,2.06,7.99,54.7
23000,1,545,8.3,0.1,0.0,0.0,8.2,0.0,1.03,15.8,11,295,16.59,0.33,545,0,0,0.0,1.03,1.02,1.03,3.46,2.07,7.96,54.5
24000,1,557,8.6,0.1,0.0,0.2,8.3,0.0,1.02,15.8,11,322,17.88,0.31,557,0,0,0.0,1.03,1.02,1.02,3.51,2.10,7.94,54.8
25000,1,540,8.2,0.1,0.0,0.0,8.2,0.0,1.01,15.9,7,323,18.09,0.35,540,0,0,0.0,1.02,1.01,1.01,3.43,2.04,7.98,54.6
26000,1,541,8.1,0.0,0.0,0.0,8.1,0.0,1.00,16.0,10,300,16.83,0.31,541,0,0,0.0,1.00,1.00,1.00,3.35,2.04,7.91,54.7
27000,1,530,8.1,0.0,0.0,0.0,8.1,0.0,1.00,16.0,7,319,17.85,0.32,530,0,0,0.0,1.00,1.00,1.00,3.43,2.03,7.96,54.7
28000,1,545,8.2,0.0,0.0,0.0,8.2,0.0,1.00,15.9,11,318,17.80,0.32,545,0,0,0.0,1.00,1.00,1.00,3.41,2.06,7.89,54.3
29000,1,548,8.0,0.0,0.0,0.0,8.0,0.0,1.00,16.0,4,297,16.65,0.30,547,1,0,0.0,1.00,1.00,1.00,3.43,2.02,7.96,55.2
30000,1,538,8.1,0.0,0.0,0.0,8.1,0.0,1.00,15.9,9,308,17.00,0.29,538,0,0,0.0,1.00,1.00,1.00,3.46,2.04,7.95,55.3
31000,1,531,8.3,0.0,0.1,0.0,8.2,0.0,1.01,15.9,11,326,18.10,0.35,531,0,0,0.0,1.00,1.00,1.04,3.46,2.07,7.93,54.9
32000,1,537,8.2,0.0,0.0,0.0,8.2,0.0,1.02,15.9,12,319,17.79,0.33,536,1,0,0.0,1.01,1.01,1.04,3.45,2.08,7.90,54.9
33000,1,548,8.3,0.1,0.0,0.0,8.2,0.0,1.02,15.9,11,315,17.61,0.31,547,1,0,0.0,1.03,1.01,1.03,3.45,2.07,7.93,55.0
34000,1,537,8.1,0.0,0.0,0.0,8.1,0.0,1.00,16.0,8,329,18.22,0.31,537,0,0,0.0,1.00,1.00,1.00,3.46,2.04,7.91,54.9
35000,1,546,8.1,0.0,0.0,0.0,8.1,0.0,1.00,15.9,10,294,16.33,0.29,546,0,0,0.0,1.00,1.00,1.00,3.41,2.07,7.94,54.6
36000,1,552,8.1,0.0,0.0,0.1,8.0,0.0,1.01,16.0,7,302,16.85,0.33,552,0,0,0.0,1.01,1.01,1.01,3.41,2.03,7.95,54.8
37000,1,542,8.4,0.0,0.0,0.1,8.2,0.0,1.00,15.9,11,317,17.77,0.33,542,0,0,0.0,1.00,1.00,1.00,3.44,2.08,7.91,54.3
38000,1,551,8.1,0.1,0.0,0.0,8.0,0.0,1.05,16.0,8,337,18.77,0.35,551,0,0,0.0,1.04,1.04,1.06,3.46,2.04,7.92,54.9
39000,1,538,8.2,0.0,0.0,0.1,8.1,0.0,1.00,15.9,7,315,17.59,0.34,538,0,0,0.0,1.00,1.00,1.00,3.40,2.04,7.96,53.8
40000,1,549,8.6,0.0,0.0,0.0,8.5,0.0,1.01,15.8,13,311,17.32,0.30,549,0,0,0.0,1.01,1.00,1.01,3.44,2.08,7.98,54.9
41000,1,551,8.1,0.0,0.0,0.1,8.0,0.0,1.00,16.0,7,318,17.51,0.30,551,0,0,0.0,1.00,1.00,1.00,3.43,2.03,7.94,54.7
42000,1,528,8.3,0.1,0.0,0.0,8.2,0.0,1.02,15.8,10,321,17.95,0.33,528,0,0,0.0,1.02,1.02,1.02,3.45,2.07,7.98,56.1
43000,1,540,8.2,0.0,0.0,0.0,8.2,0.0,1.00,16.0,8,324,18.16,0.33,540,0,0,0.0,1.00,1.00,1.00,3.48,2.04,7.91,55.0
44000,1,539,8.5,0.0,0.0,0.2,8.3,0.0,1.00,15.8,8,294,16.52,0.32,539,0,0,0.0,1.00,1.00,1.00,3.49,2.06,7.98,55.3
45000,1,553,8.4,0.0,0.1,0.1,8.1,0.0,1.00,15.8,14,300,16.99,0.33,553,0,0,0.0,1.00,1.00,1.00,3.48,2.08,7.96,55.0
46000,1,553,8.3,0.0,0.0,0.1,8.2,0.0,1.00,15.9,7,319,17.82,0.30,553,0,0,0.0,1.00,1.00,1.00,3.47,2.05,7.95,55.8
47000,1,555,8.0,0.0,0.0,0.0,8.0,0.0,1.00,16.0,6,310,17.13,0.31,555,0,0,0.0,1.00,1.00,1.00,3.46,2.02,7.96,54.7
48000,1,559,8.3,0.1,0.1,0.1,8.1,0.0,1.02,15.8,15,299,16.79,0.29,559,0,0,0.0,1.03,1.02,1.02,3.49,2.09,7.93,54.9
49000,1,557,8.4,0.1,0.0,0.0,8.3,0.0,1.02,15.8,10,305,16.97,0.29,557,0,0,0.0,1.02,1.02,1.02,3.46,2.08,7.99,55.2
50000,1,553,8.3,0.0,0.0,0.0,8.2,0.0,1.00,15.9,10,306,17.23,0.31,552,1,0,0.0,1.00,1.00,1.00,3.40,2.07,7.92,55.3
51000,1,531,8.4,0.0,0.1,0.0,8.3,0.0,1.00,15.9,14,327,18.37,0.35,531,0,0,0.0,1.00,1.00,1.00,3.45,2.07,7.92,54.7
52000,1,544,8.2,0.0,0.0,0.2,8.1,0.0,1.00,15.9,13,318,17.85,0.33,544,0,0,0.0,1.01,1.00,1.00,3.43,2.07,7.94,55.2
53000,1,552,8.4,0.1,0.0,0.1,8.2,0.0,1.02,15.8,10,315,17.63,0.33,552,0,0,0.0,1.02,1.02,1.02,3.48,2.07,7.98,55.3
54000,1,545,8.2,0.0,0.0,0.0,8.2,0.0,1.00,15.9,8,305,17.09,0.34,545,0,0,0.0,1.00,1.00,1.00,3.41,2.04,7.98,54.9
55000,1,560,8.3,0.0,0.0,0.1,8.2,0.0,1.00,15.9,12,298,16.59,0.30,560,0,0,0.0,1.00,1.00,1.00,3.47,2.07,7.94,55.3
56000,1,535,8.3,0.0,0.0,0.1,8.2,0.0,1.01,15.9,10,325,18.16,0.33,535,0,0,0.0,1.01,1.01,1.02,3.41,2.05,7.97,54.4
57000,1,538,8.3,0.0,0.0,0.0,8.3,0.0,1.01,15.8,12,311,17.38,0.33,538,0,0,0.0,1.01,1.01,1.02,3.45,2.05,7.98,54.9
58000,1,537,8.2,0.0,0.0,0.0,8.2,0.0,1.00,15.9,9,336,18.76,0.35,537,0,0,0.0,1.00,1.00,1.00,3.47,2.06,7.97,54.3
59000,1,535,8.2,0.0,0.0,0.0,8.2,0.0,1.00,15.9,12,316,17.63,0.32,535,0,0,0.0,1.00,1.00,1.00,3.39,2.06,7.96,54.6
60000,1,538,8.1,0.0,0.0,0.0,8.1,0.0,1.00,15.9,10,308,17.30,0.32,538,0,0,0.0,1.00,1.00,1.00,3.44,2.04,7.97,54.6
61000,1,538,8.3,0.0,0.0,0.2,8.1,0.0,1.00,15.9,9,334,18.66,0.34,538,0,0,0.0,1.00,1.00,1.00,3.45,2.05,7.96,55.0
62000,1,545,8.4,0.2,0.0,0.0,8.1,0.0,1.06,15.9,14,299,16.79,0.32,545,0,0,0.0,1.04,1.07,1.07,3.41,2.09,7.93,54.5
63000,1,547,8.0,0.0,0.0,0.0,8.0,0.0,1.00,16.0,11,333,18.52,0.34,547,0,0,0.0,1.00,1.00,1.00,3.42,2.05,7.89,55.4
64000,1,551,8.2,0.0,0.0,0.1,8.2,0.0,1.00,15.9,10,322,17.89,0.32,551,0,0,0.0,1.00,1.00,1.00,3.57,2.06,7.96,54.8
65000,1,530,8.3,0.0,0.0,0.1,8.2,0.0,1.00,15.9,11,331,18.53,0.33,530,0,0,0.0,1.00,1.00,1.00,3.43,2.07,7.92,55.2
66000,1,544,8.3,0.0,0.0,0.1,8.1,0.0,1.00,16.0,15,311,17.35,0.30,544,0,0,0.0,1.00,1.00,1.00,3.46,2.06,7.91,55.7
67000,1,550,8.4,0.1,0.0,0.0,8.3,0.0,1.04,15.8,13,338,18.90,0.33,550,0,0,0.0,1.04,1.04,1.04,3.44,2.06,7.99,54.9
68000,1,554,8.2,0.0,0.0,0.1,8.1,0.0,1.00,15.9,6,290,16.31,0.31,554,0,0,0.0,1.00,1.00,1.00,3.47,2.03,7.98,54.7
69000,1,536,8.1,0.1,0.0,0.0,8.0,0.0,1.03,16.0,10,298,16.65,0.30,536,0,0,0.0,1.00,1.04,1.03,3.41,2.04,7.93,54.7
70000,1,547,8.2,0.0,0.1,0.0,8.1,0.0,1.01,15.9,11,309,17.18,0.30,547,0,0,0.0,1.00,1.01,1.01,3.44,2.05,7.97,54.5
71000,1,528,8.2,0.0,0.0,0.0,8.2,0.0,1.01,15.9,11,316,17.63,0.34,528,0,0,0.0,1.01,1.00,1.01,3.47,2.05,7.97,55.1
72000,1,564,8.2,0.0,0.0,0.1,8.0,0.0,1.01,15.9,10,313,17.68,0.34,564,0,0,0.0,1.01,1.01,1.02,3.41,2.04,7.95,54.7
73000,1,534,8.1,0.0,0.0,0.1,8.0,0.0,1.00,16.0,5,286,15.94,0.32,534,0,0,0.0,1.00,1.00,1.00,3.40,2.01,7.96,54.7
74000,1,537,8.3,0.0,0.0,0.1,8.2,0.0,1.01,15.9,9,304,16.99,0.34,537,0,0,0.0,1.01,1.00,1.01,3.34,2.06,7.96,54.8
75000,1,528,8.3,0.0,0.0,0.2,8.1,0.0,1.00,15.9,14,300,16.83,0.30,528,0,0,0.0,1.00,1.00,1.00,3.44,2.08,7.90,55.3
76000,1,526,8.2,0.0,0.0,0.1,8.2,0.0,1.00,15.9,9,316,17.66,0.31,526,0,0,0.0,1.00,1.00,1.00,3.48,2.05,7.94,54.9
77000,1,553,8.1,0.0,0.0,0.0,8.1,0.0,1.00,16.0,10,301,16.79,0.30,553,0,0,0.0,1.00,1.00,1.00,3.45,2.05,7.92,54.7
78000,1,540,8.2,0.1,0.0,0.1,8.0,0.0,1.03,15.9,12,298,16.76,0.32,540,0,0,0.0,1.03,1.02,1.03,3.44,2.08,7.93,54.7
79000,1,553,8.5,0.0,0.0,0.1,8.4,0.0,1.00,15.7,11,308,17.27,0.32,553,0,0,0.0,1.00,1.00,1.00,3.58,2.08,7.97,55.1
80000,1,533,8.5,0.0,0.0,0.0,8.4,0.0,1.00,15.8,10,316,17.65,0.30,533,0,0,0.0,1.01,1.00,1.00,3.45,2.08,7.95,54.1
81000,1,555,8.1,0.0,0.0,0.0,8.1,0.0,1.00,15.9,8,307,17.04,0.30,555,0,0,0.0,1.00,1.00,1.00,3.43,2.04,7.95,54.8
82000,1,556,8.6,0.1,0.0,0.1,8.5,0.0,1.03,15.8,12,321,17.92,0.30,556,0,0,0.0,1.02,1.02,1.04,3.51,2.07,7.99,54.7
83000,1,547,8.5,0.0,0.0,0.0,8.3,0.0,1.01,15.8,15,302,16.94,0.30,547,0,0,0.0,1.02,1.00,1.01,3.50,2.10,7.93,55.5
84000,1,549,8.2,0.0,0.0,0.1,8.1,0.0,1.00,16.0,9,324,18.02,0.33,549,0,0,0.0,1.00,1.00,1.00,3.40,2.04,7.94,54.8
85000,1,538,8.1,0.0,0.0,0.0,8.1,0.0,1.00,16.0,7,312,17.45,0.31,538,0,0,0.0,1.00,1.00,1.00,3.45,2.04,7.96,55.1
86000,1,549,8.3,0.0,0.0,0.0,8.2,0.0,1.00,15.9,8,333,18.57,0.31,549,0,0,0.0,1.00,1.00,1.00,3.48,2.06,7.96,54.8
87000,1,550,8.3,0.0,0.0,0.2,8.0,0.0,1.00,15.9,10,282,15.85,0.34,550,0,0,0.0,1.00,1.00,1.00,3.42,2.06,7.94,54.5
88000,1,536,8.4,0.1,0.0,0.0,8.3,0.0,1.03,15.8,8,326,18.14,0.33,536,0,0,0.0,1.03,1.02,1.03,3.45,2.08,7.96,54.6
89000,1,541,8.2,0.0,0.0,0.1,8.1,0.0,1.00,16.0,9,323,17.84,0.31,541,0,0,0.0,1.00,1.00,1.00,3.37,2.05,7.92,55.1
90000,1,536,8.4,0.0,0.1,0.2,8.1,0.0,1.00,15.9,13,316,17.61,0.30,536,0,0,0.0,1.00,1.00,1.00,3.53,2.08,7.93,53.8
91000,1,550,8.2,0.0,0.0,0.0,8.1,0.0,1.01,15.9,10,327,18.36,0.34,550,0,0,0.0,1.01,1.00,1.02,3.50,2.04,7.97,54.5
92000,1,535,8.4,0.1,0.0,0.0,8.3,0.0,1.04,15.8,13,316,17.76,0.31,535,0,0,0.0,1.04,1.04,1.04,3.51,2.08,7.96,54.5
93000,1,527,8.1,0.0,0.0,0.0,8.1,0.0,1.00,15.9,8,326,18.22,0.34,527,0,0,0.0,1.00,1.00,1.00,3.40,2.03,7.98,54.8
94000,1,531,8.1,0.0,0.0,0.0,8.1,0.0,1.00,15.9,11,318,17.66,0.34,531,0,0,0.0,1.00,1.00,1.00,3.41,2.08,7.93,54.1
95000,1,554,8.3,0.0,0.0,0.0,8.3,0.0,1.00,15.9,9,328,18.13,0.34,554,0,0,0.0,1.00,1.00,1.00,3.41,2.07,7.92,54.3
96000,1,528,8.2,0.0,0.0,0.0,8.1,0.0,1.00,15.9,12,334,18.50,0.31,528,0,0,0.0,1.00,1.00,1.00,3.44,2.05,7.95,55.5
97000,1,529,8.4,0.0,0.0,0.1,8.3,0.0,1.00,15.8,9,297,16.80,0.32,529,0,0,0.0,1.00,1.00,1.00,3.46,2.06,7.99,54.4
98000,1,557,8.1,0.2,0.0,0.0,7.9,0.0,1.05,16.0,8,302,17.02,0.31,557,0,0,0.0,1.05,1.05,1.06,3.46,2.03,7.97,55.2
99000,1,560,8.2,0.0,0.0,0.1,8.1,0.0,1.00,15.9,9,288,16.02,0.29,560,0,0,0.0,1.01,1.00,1.00,3.43,2.05,7.96,54.7
100000,1,551,8.3,0.0,0.0,0.1,8.2,0.0,1.01,15.9,16,285,15.96,0.33,551,0,0,0.0,1.01,1.00,1.01,3.43,2.05,7.96,54.7
101000,1,550,8.1,0.0,0.0,0.0,8.1,0.0,1.01,16.0,9,326,18.19,0.36,550,0,0,0.0,1.01,1.01,1.01,3.48,2.04,7.94,54.7
102000,1,531,8.2,0.0,0.0,0.0,8.2,0.0,1.00,15.9,9,313,17.57,0.29,531,0,0,0.0,1.00,1.00,1.00,3.48,2.04,7.96,54.4
103000,1,539,8.2,0.0,0.0,0.0,8.2,0.0,1.00,15.9,8,311,17.39,0.32,539,0,0,0.0,1.00,1.00,1.00,3.51,2.04,7.96,54.8
104000,1,548,8.3,0.1,0.0,0.1,8.2,0.0,1.03,15.8,10,310,17.34,0.28,548,0,0,0.0,1.03,1.03,1.04,3.51,2.08,7.94,54.4
105000,1,534,8.1,0.0,0.0,0.0,8.1,0.0,1.00,15.9,8,323,18.08,0.33,534,0,0,0.0,1.00,1.00,1.00,3.45,2.04,7.95,54.8
106000,1,559,8.2,0.0,0.0,0.0,8.2,0.0,1.01,15.9,11,274,15.38,0.30,559,0,0,0.0,1.02,1.01,1.02,3.45,2.05,7.95,54.1
107000,1,555,8.3,0.0,0.0,0.0,8.2,0.0,1.00,15.8,12,304,17.06,0.32,555,0,0,0.0,1.00,1.00,1.00,3.43,2.07,7.98,55.3
108000,1,551,8.2,0.0,0.0,0.1,8.1,0.0,1.00,15.9,7,306,17.07,0.30,550,1,0,0.0,1.00,1.00,1.00,3.42,2.04,7.98,54.9
109000,1,539,8.4,0.0,0.0,0.2,8.2,0.0,1.00,15.8,9,322,18.05,0.32,539,0,0,0.0,1.00,1.00,1.00,3.46,2.06,7.99,55.0
110000,1,545,8.2,0.0,0.0,0.2,8.0,0.0,1.00,15.9,11,311,17.36,0.31,545,0,0,0.0,1.00,1.00,1.00,3.47,2.04,7.96,54.6
111000,1,544,8.1,0.1,0.0,0.0,8.0,0.0,1.02,16.0,6,309,17.16,0.31,544,0,0,0.0,1.03,1.02,1.02,3.34,2.03,7.96,54.6
112000,1,543,8.0,0.0,0.0,0.0,8.0,0.0,1.00,16.0,4,311,17.42,0.31,543,0,0,0.0,1.00,1.00,1.00,3.43,2.01,7.97,55.6
113000,1,536,8.2,0.1,0.0,0.0,8.0,0.0,1.03,15.9,9,304,16.84,0.31,536,0,0,0.0,1.01,1.04,1.04,3.48,2.04,7.97,55.0
114000,1,549,8.1,0.0,0.0,0.0,8.1,0.0,1.00,15.9,13,294,16.62,0.31,549,0,0,0.0,1.00,1.00,1.00,3.47,2.07,7.92,54.7
115000,1,539,8.1,0.0,0.0,0.0,8.1,0.0,1.00,15.9,7,315,17.46,0.34,539,0,0,0.0,1.00,1.00,1.00,3.48,2.02,7.98,54.9
116000,1,531,8.1,0.0,0.0,0.0,8.1,0.0,1.00,15.9,8,309,17.27,0.30,531,0,0,0.0,1.00,1.00,1.00,3.47,2.03,7.98,54.4
117000,1,550,8.1,0.1,0.0,0.0,8.0,0.0,1.03,15.9,9,289,16.24,0.30,550,0,0,0.0,1.03,1.02,1.03,3.43,2.02,7.98,54.9
118000,1,545,8.2,0.0,0.0,0.0,8.1,0.0,1.01,15.9,6,275,15.53,0.28,545,0,0,0.0,1.01,1.01,1.01,3.45,2.02,7.99,55.1
119000,1,535,8.4,0.1,0.0,0.0,8.3,0.0,1.02,15.9,9,324,18.15,0.33,535,0,0,0.0,1.02,1.01,1.02,3.42,2.05,7.99,55.2
120000,1,534,8.3,0.0,0.0,0.2,8.1,0.0,1.00,15.9,10,328,18.25,0.33,534,0,0,0.0,1.00,1.00,1.00,3.48,2.06,7.97,55.0
121000,1,562,8.1,0.0,0.0,0.0,8.1,0.0,1.00,16.0,7,311,17.32,0.32,562,0,0,0.0,1.00,1.00,1.00,3.45,2.03,7.96,54.7
122000,1,538,8.0,0.0,0.0,0.0,8.0,0.0,1.02,16.0,5,302,16.72,0.31,538,0,0,0.0,1.01,1.01,1.02,3.34,2.02,7.96,54.6
123000,1,537,8.2,0.1,0.0,0.0,8.1,0.0,1.05,15.9,11,293,16.45,0.31,537,0,0,0.0,1.05,1.05,1.05,3.45,2.04,7.96,55.3
124000,1,539,8.0,0.0,0.0,0.0,8.0,0.0,1.00,16.0,6,296,16.56,0.31,539,0,0,0.0,1.00,1.00,1.00,3.40,2.02,7.96,54.5
125000,1,549,8.4,0.1,0.1,0.0,8.3,0.0,1.02,15.8,17,307,17.09,0.29,549,0,0,0.0,1.02,1.02,1.02,3.49,2.09,7.94,55.2
126000,1,554,8.2,0.0,0.0,0.0,8.1,0.0,1.01,15.9,7,299,16.77,0.33,554,0,0,0.0,1.01,1.00,1.01,3.46,2.04,7.97,55.2
127000,1,541,8.3,0.0,0.0,0.0,8.2,0.0,1.00,15.9,10,306,17.08,0.30,541,0,0,0.0,1.01,1.00,1.01,3.48,2.05,7.96,54.8
128000,1,557,8.1,0.0,0.0,0.0,8.1,0.0,1.00,15.9,10,320,17.89,0.33,557,0,0,0.0,1.00,1.00,1.00,3.51,2.05,7.92,54.7
129000,1,539,8.1,0.1,0.0,0.0,8.0,0.0,1.02,16.0,7,294,16.45,0.30,539,0,0,0.0,1.02,1.01,1.02,3.34,2.04,7.94,55.2
130000,1,554,8.1,0.0,0.0,0.0,8.1,0.0,1.00,16.0,6,284,15.91,0.29,554,0,0,0.0,1.00,1.00,1.00,3.43,2.03,7.94,54.8
131000,1,561,8.4,0.0,0.0,0.1,8.3,0.0,1.00,15.9,14,317,17.72,0.31,561,0,0,0.0,1.00,1.00,1.00,3.54,2.08,7.92,54.6
132000,1,543,8.3,0.0,0.0,0.2,8.1,0.0,1.00,15.9,9,345,19.16,0.33,543,0,0,0.0,1.00,1.00,1.00,3.45,2.06,7.96,54.3
133000,1,541,8.2,0.0,0.0,0.0,8.2,0.0,1.02,15.9,10,310,17.34,0.33,540,1,0,0.0,1.01,1.01,1.02,3.49,2.06,7.94,54.7
134000,1,547,8.4,0.1,0.0,0.0,8.2,0.0,1.02,15.9,10,312,17.44,0.31,547,0,0,0.0,1.03,1.01,1.02,3.51,2.07,7.94,55.2
135000,1,558,8.3,0.1,0.1,0.0,8.1,0.0,1.02,15.9,11,302,16.87,0.29,558,0,0,0.0,1.00,1.03,1.03,3.47,2.06,7.95,55.0
136000,1,557,8.2,0.0,0.0,0.0,8.1,0.0,1.00,15.9,9,316,17.69,0.34,557,0,0,0.0,1.00,1.00,1.00,3.48,2.04,7.98,55.3
137000,1,557,8.3,0.0,0.0,0.1,8.2,0.0,1.00,15.9,9,294,16.39,0.31,557,0,0,0.0,1.01,1.00,1.00,3.50,2.06,7.96,54.9
138000,1,545,8.2,0.1,0.0,0.0,8.1,0.0,1.03,15.9,8,282,15.76,0.30,545,0,0,0.0,1.04,1.01,1.03,3.45,2.04,7.96,54.7
139000,1,542,8.3,0.1,0.0,0.1,8.0,0.0,1.02,15.9,9,311,17.42,0.33,542,0,0,0.0,1.00,1.04,1.03,3.46,2.05,7.97,55.2
140000,1,531,8.4,0.0,0.0,0.2,8.1,0.0,1.02,15.9,8,321,17.89,0.33,531,0,0,0.0,1.02,1.01,1.02,3.50,2.06,7.99,55.1
141000,1,538,8.2,0.0,0.0,0.1,8.1,0.0,1.00,15.9,9,316,17.57,0.30,538,0,0,0.0,1.00,1.00,1.00,3.41,2.05,7.96,54.3
142000,1,548,8.3,0.1,0.0,0.0,8.2,0.0,1.02,15.9,13,313,17.39,0.32,548,0,0,0.0,1.00,1.04,1.03,3.45,2.06,7.95,55.5
143000,1,544,8.4,0.0,0.0,0.2,8.2,0.0,1.00,15.8,12,337,18.90,0.34,544,0,0,0.0,1.00,1.00,1.00,3.48,2.08,7.98,54.8
144000,1,529,8.1,0.0,0.0,0.0,8.0,0.0,1.00,16.0,6,340,18.88,0.32,529,0,0,0.0,1.00,1.00,1.00,3.38,2.03,7.95,54.3
145000,1,545,8.1,0.0,0.0,0.0,8.1,0.0,1.00,15.9,6,311,17.44,0.32,545,0,0,0.0,1.00,1.00,1.00,3.43,2.02,7.99,53.7
146000,1,543,8.3,0.0,0.0,0.1,8.2,0.0,1.00,15.9,12,309,17.38,0.33,543,0,0,0.0,1.00,1.00,1.00,3.47,2.07,7.94,54.8
147000,1,526,8.0,0.0,0.0,0.0,8.0,0.0,1.00,16.0,6,306,16.97,0.29,526,0,0,0.0,1.00,1.00,1.00,3.55,2.02,7.96,54.6
148000,1,550,8.1,0.0,0.0,0.0,8.0,0.0,1.00,16.0,8,331,18.38,0.33,550,0,0,0.0,1.00,1.00,1.00,3.46,2.03,7.93,55.8
149000,1,532,8.2,0.0,0.0,0.1,8.1,0.0,1.00,15.9,6,324,17.97,0.33,532,0,0,0.0,1.00,1.00,1.00,3.46,2.04,7.95,54.9
150000,1,547,8.3,0.0,0.1,0.0,8.2,0.0,1.00,15.9,12,295,16.26,0.30,547,0,0,0.0,1.00,1.00,1.00,3.51,2.07,7.93,55.1
151000,1,542,8.2,0.0,0.0,0.0,8.1,0.0,1.00,15.9,9,307,17.26,0.33,542,0,0,0.0,1.00,1.00,1.00,3.38,2.03,7.97,55.2
152000,1,532,8.1,0.0,0.0,0.0,8.1,0.0,1.00,15.9,9,334,18.64,0.35,532,0,0,0.0,1.00,1.00,1.00,3.34,2.02,7.97,55.2
153000,1,541,8.4,0.0,0.0,0.0,8.4,0.0,1.00,15.8,13,288,16.14,0.30,540,1,0,0.0,1.00,1.00,1.00,3.47,2.10,7.96,54.8
154000,1,542,8.0,0.0,0.0,0.0,8.0,0.0,1.00,16.0,5,300,16.75,0.31,542,0,0,0.0,1.00,1.00,1.00,3.39,2.02,7.96,55.2
155000,1,539,8.3,0.1,0.0,0.0,8.2,0.0,1.02,15.8,12,314,17.57,0.30,539,0,0,0.0,1.02,1.02,1.03,3.50,2.04,7.99,55.1
156000,1,548,8.3,0.1,0.0,0.0,8.2,0.0,1.02,15.9,10,311,17.40,0.31,548,0,0,0.0,1.00,1.04,1.03,3.44,2.07,7.94,54.9
157000,1,531,8.3,0.0,0.0,0.1,8.2,0.0,1.00,15.9,12,317,17.74,0.34,531,0,0,0.0,1.00,1.00,1.00,3.54,2.06,7.95,55.2
158000,1,542,8.1,0.0,0.0,0.1,8.0,0.0,1.00,16.0,9,317,17.83,0.37,542,0,0,0.0,1.00,1.00,1.00,3.44,2.02,7.96,54.8
159000,1,531,8.1,0.0,0.0,0.0,8.1,0.0,1.00,15.9,6,286,16.15,0.30,531,0,0,0.0,1.00,1.00,1.00,3.36,2.03,7.94,55.0
160000,1,538,8.2,0.0,0.0,0.0,8.2,0.0,1.00,15.9,8,313,17.40,0.32,538,0,0,0.0,1.00,1.00,1.00,3.47,2.04,7.98,54.3
161000,1,541,8.3,0.0,0.0,0.1,8.1,0.0,1.00,15.9,9,307,17.17,0.32,541,0,0,0.0,1.00,1.00,1.00,3.46,2.08,7.93,55.3
162000,1,544,8.3,0.0,0.0,0.1,8.2,0.0,1.00,15.9,10,303,17.00,0.33,544,0,0,0.0,1.00,1.00,1.00,3.47,2.06,7.96,54.6
163000,1,535,8.3,0.1,0.0,0.1,8.1,0.0,1.02,15.9,10,322,18.13,0.34,535,0,0,0.0,1.02,1.00,1.02,3.44,2.05,7.95,55.3
164000,1,541,8.2,0.0,0.0,0.0,8.2,0.0,1.00,15.9,7,331,18.40,0.31,541,0,0,0.0,1.00,1.01,1.00,3.42,2.04,7.96,54.6
165000,1,546,8.1,0.0,0.0,0.0,8.1,0.0,1.02,15.9,11,303,17.07,0.33,546,0,0,0.0,1.01,1.01,1.03,3.52,2.04,7.94,55.0
166000,1,528,8.3,0.0,0.0,0.1,8.3,0.0,1.00,15.8,10,307,17.13,0.31,528,0,0,0.0,1.00,1.00,1.00,3.51,2.06,7.97,55.5
167000,1,547,8.2,0.0,0.0,0.0,8.2,0.0,1.00,15.9,10,308,17.13,0.30,547,0,0,0.0,1.00,1.00,1.00,3.37,2.05,7.95,54.5
168000,1,549,8.2,0.0,0.0,0.0,8.2,0.0,1.00,15.9,8,307,17.29,0.33,549,0,0,0.0,1.00,1.00,1.00,3.46,2.05,7.99,55.1
169000,1,547,8.2,0.0,0.1,0.1,8.0,0.0,1.00,15.9,8,319,17.76,0.33,547,0,0,0.0,1.00,1.00,1.00,3.44,2.04,7.97,55.0
170000,1,548,8.5,0.1,0.0,0.2,8.2,0.0,1.02,15.7,10,326,18.27,0.30,548,0,0,0.0,1.02,1.00,1.02,3.44,2.08,8.00,55.5
171000,1,525,8.5,0.0,0.0,0.1,8.4,0.0,1.00,15.8,13,321,17.96,0.32,525,0,0,0.0,1.00,1.00,1.00,3.50,2.08,7.96,54.5
172000,1,556,8.1,0.1,0.0,0.0,8.0,0.0,1.02,16.0,8,284,15.76,0.28,556,0,0,0.0,1.02,1.02,1.02,3.44,2.05,7.92,55.3
173000,1,534,8.1,0.0,0.0,0.1,8.0,0.0,1.01,16.0,8,345,19.17,0.36,534,0,0,0.0,1.01,1.01,1.01,3.44,2.04,7.93,54.6
174000,1,550,8.2,0.0,0.0,0.0,8.2,0.0,1.00,15.9,8,308,17.19,0.33,550,0,0,0.0,1.00,1.00,1.00,3.40,2.05,7.95,54.4
175000,1,542,8.5,0.1,0.0,0.1,8.3,0.0,1.02,15.8,8,318,17.76,0.30,542,0,0,0.0,1.02,1.02,1.02,3.57,2.07,7.98,54.8
176000,1,529,8.1,0.0,0.0,0.0,8.1,0.0,1.00,15.9,7,305,17.04,0.32,529,0,0,0.0,1.00,1.00,1.00,3.41,2.04,7.96,55.0
177000,1,549,8.2,0.0,0.0,0.0,8.2,0.0,1.00,16.0,8,328,18.18,0.31,549,0,0,0.0,1.00,1.00,1.00,3.38,2.03,7.91,54.9
178000,1,540,8.2,0.1,0.0,0.0,8.2,0.0,1.02,15.9,8,326,18.18,0.33,540,0,0,0.0,1.02,1.02,1.03,3.43,2.04,7.99,54.2
179000,1,546,8.3,0.0,0.0,0.2,8.1,0.0,1.01,15.9,15,326,18.21,0.33,546,0,0,0.0,1.00,1.00,1.01,3.43,2.08,7.90,54.5
180000,1,543,8.1,0.0,0.0,0.0,8.1,0.0,1.00,16.0,8,326,18.25,0.32,543,0,0,0.0,1.01,1.00,1.01,3.40,2.04,7.96,54.9
181000,1,524,8.4,0.0,0.0,0.0,8.3,0.0,1.01,15.9,11,319,17.73,0.33,524,0,0,0.0,1.01,1.00,1.01,3.39,2.06,7.98,54.6
182000,1,546,8.3,0.0,0.0,0.1,8.2,0.0,1.00,15.9,9,292,16.35,0.31,546,0,0,0.0,1.00,1.00,1.00,3.47,2.08,7.93,55.2
183000,1,543,8.2,0.1,0.0,0.0,8.1,0.0,1.02,15.9,10,303,16.85,0.31,543,0,0,0.0,1.03,1.03,1.02,3.43,2.06,7.95,54.0
184000,1,551,8.2,0.1,0.0,0.1,8.0,0.0,1.04,15.9,13,293,16.50,0.30,551,0,0,0.0,1.04,1.02,1.04,3.47,2.08,7.92,54.4
185000,1,544,8.3,0.0,0.0,0.1,8.1,0.0,1.01,15.9,9,303,17.01,0.30,544,0,0,0.0,1.01,1.00,1.01,3.44,2.04,7.99,55.8
186000,1,542,8.2,0.0,0.0,0.0,8.1,0.0,1.00,15.9,8,318,17.72,0.30,542,0,0,0.0,1.00,1.00,1.00,3.47,2.03,7.98,54.8
187000,1,555,8.3,0.0,0.0,0.1,8.2,0.0,1.01,15.9,10,287,15.97,0.29,555,0,0,0.0,1.01,1.00,1.01,3.47,2.07,7.95,54.8
188000,1,541,8.2,0.1,0.1,0.0,8.0,0.0,1.03,15.9,8,314,17.59,0.34,541,0,0,0.0,1.02,1.02,1.04,3.44,2.05,7.96,54.8
189000,1,550,8.1,0.0,0.1,0.0,8.1,0.0,1.00,15.9,11,304,17.02,0.32,550,0,0,0.0,1.00,1.00,1.00,3.51,2.05,7.93,54.9
190000,1,542,8.1,0.1,0.0,0.0,8.0,0.0,1.02,15.9,9,313,17.46,0.33,542,0,0,0.0,1.02,1.02,1.03,3.44,2.05,7.94,54.9
191000,1,529,8.1,0.0,0.0,0.0,8.1,0.0,1.00,15.9,7,323,17.96,0.32,529,0,0,0.0,1.00,1.00,1.00,3.41,2.03,7.98,54.2
192000,1,537,8.1,0.0,0.0,0.0,8.0,0.0,1.00,15.9,8,296,16.50,0.31,537,0,0,0.0,1.00,1.00,1.00,3.41,2.04,7.96,55.0
193000,1,542,8.3,0.0,0.0,0.1,8.2,0.0,1.00,15.9,11,304,16.89,0.28,542,0,0,0.0,1.00,1.00,1.00,3.46,2.05,7.95,54.6
194000,1,551,8.2,0.0,0.0,0.0,8.1,0.0,1.00,15.9,10,278,15.56,0.29,551,0,0,0.0,1.00,1.00,1.00,3.40,2.04,7.95,55.6
195000,1,552,8.3,0.0,0.0,0.0,8.3,0.0,1.00,15.9,10,288,16.07,0.27,552,0,0,0.0,1.00,1.00,1.00,3.44,2.06,7.97,55.4
196000,1,555,8.2,0.0,0.0,0.1,8.1,0.0,1.00,15.9,7,289,16.17,0.30,555,0,0,0.0,1.00,1.00,1.00,3.45,2.04,7.98,54.9
197000,1,554,8.2,0.0,0.0,0.1,8.0,0.0,1.01,15.9,10,298,16.82,0.31,554,0,0,0.0,1.01,1.00,1.01,3.40,2.04,7.96,55.1
198000,1,547,8.3,0.0,0.0,0.1,8.2,0.0,1.01,15.9,12,310,17.20,0.30,547,0,0,0.0,1.01,1.01,1.02,3.49,2.07,7.92,54.9
199000,1,542,8.2,0.0,0.0,0.0,8.2,0.0,1.01,15.9,13,311,17.35,0.32,542,0,0,0.0,1.01,1.01,1.02,3.44,2.06,7.94,55.2
200000,1,544,8.2,0.0,0.0,0.1,8.1,0.0,1.00,15.9,12,304,17.04,0.32,544,0,0,0.0,1.00,1.00,1.00,3.41,2.06,7.93,54.6
201000,1,547,8.1,0.0,0.0,0.0,8.1,0.0,1.00,15.9,7,305,17.12,0.30,547,0,0,0.0,1.00,1.00,1.00,3.41,2.02,7.99,55.1
202000,1,517,8.2,0.0,0.1,0.0,8.1,0.0,1.00,15.9,6,290,16.36,0.32,517,0,0,0.0,1.00,1.00,1.00,3.52,2.03,8.00,54.8
203000,1,552,8.2,0.0,0.0,0.1,8.1,0.0,1.00,16.0,8,299,16.63,0.32,552,0,0,0.0,1.00,1.00,1.00,3.43,2.06,7.92,55.0
204000,1,554,8.2,0.0,0.0,0.0,8.2,0.0,1.00,16.0,11,290,16.16,0.30,554,0,0,0.0,1.00,1.00,1.00,3.47,2.07,7.90,54.8
205000,1,546,8.2,0.0,0.0,0.0,8.2,0.0,1.00,15.9,8,310,17.23,0.29,546,0,0,0.0,1.00,1.00,1.00,3.46,2.03,7.97,55.8
206000,1,533,8.3,0.0,0.0,0.0,8.3,0.0,1.00,15.8,13,287,16.11,0.33,533,0,0,0.0,1.00,1.00,1.00,3.49,2.07,7.96,55.0
207000,1,533,8.1,0.0,0.0,0.0,8.1,0.0,1.00,16.0,8,316,17.77,0.34,533,0,0,0.0,1.00,1.00,1.00,3.42,2.04,7.95,55.4
208000,1,547,8.2,0.1,0.0,0.0,8.1,0.0,1.02,15.9,10,309,17.18,0.32,547,0,0,0.0,1.02,1.01,1.02,3.51,2.05,7.96,54.8
209000,1,528,8.0,0.0,0.0,0.0,8.0,0.0,1.00,16.0,6,313,17.49,0.34,528,0,0,0.0,1.00,1.00,1.00,3.37,2.02,7.97,54.5
210000,1,536,8.3,0.1,0.0,0.0,8.2,0.0,1.01,15.9,12,307,17.17,0.32,536,0,0,0.0,1.02,1.02,1.00,3.51,2.04,7.96,54.0
211000,1,554,8.3,0.0,0.0,0.1,8.1,0.0,1.00,15.9,14,275,15.45,0.31,554,0,0,0.0,1.00,1.00,1.00,3.46,2.07,7.92,55.4
212000,1,549,8.4,0.0,0.0,0.0,8.4,0.0,1.00,15.8,12,291,16.44,0.32,549,0,0,0.0,1.00,1.00,1.00,3.39,2.09,7.92,55.8
213000,1,528,8.2,0.0,0.0,0.0,8.1,0.0,1.00,16.0,9,324,17.90,0.33,528,0,0,0.0,1.00,1.00,1.00,3.37,2.05,7.90,54.7
214000,1,532,8.1,0.0,0.0,0.0,8.1,0.0,1.01,16.0,7,297,16.60,0.29,532,0,0,0.0,1.01,1.01,1.02,3.46,2.04,7.93,54.5
215000,1,534,8.2,0.1,0.0,0.0,8.1,0.0,1.02,16.0,10,308,17.30,0.32,534,0,0,0.0,1.02,1.02,1.03,3.48,2.04,7.95,54.1
216000,1,548,8.5,0.1,0.0,0.0,8.3,0.0,1.03,15.8,11,306,17.15,0.32,548,0,0,0.0,1.03,1.03,1.03,3.45,2.07,7.99,55.7
217000,1,550,8.3,0.0,0.0,0.0,8.2,0.0,1.00,15.8,9,301,16.83,0.33,550,0,0,0.0,1.00,1.00,1.00,3.47,2.07,7.95,54.6
218000,1,555,8.3,0.0,0.0,0.0,8.2,0.0,1.00,15.9,10,313,17.58,0.31,555,0,0,0.0,1.00,1.00,1.00,3.40,2.06,7.97,54.5
219000,1,547,8.3,0.0,0.0,0.1,8.2,0.0,1.00,15.9,8,312,17.47,0.31,547,0,0,0.0,1.00,1.00,1.00,3.41,2.05,7.99,54.9
220000,1,548,8.1,0.0,0.0,0.0,8.1,0.0,1.00,16.0,9,315,17.70,0.31,548,0,0,0.0,1.00,1.00,1.00,3.43,2.04,7.93,54.9
221000,1,537,8.3,0.1,0.0,0.1,8.0,0.0,1.04,15.9,9,334,18.65,0.37,537,0,0,0.0,1.04,1.04,1.04,3.48,2.05,7.96,54.3
222000,1,545,8.1,0.0,0.0,0.0,8.1,0.0,1.00,16.0,8,306,17.13,0.35,545,0,0,0.0,1.00,1.00,1.00,3.44,2.04,7.93,54.4
223000,1,541,8.3,0.0,0.0,0.0,8.3,0.0,1.00,15.9,9,320,17.94,0.36,541,0,0,0.0,1.00,1.00,1.00,3.51,2.05,7.95,54.3
224000,1,536,8.1,0.1,0.0,0.0,8.1,0.0,1.02,15.9,12,315,17.58,0.31,536,0,0,0.0,1.02,1.01,1.03,3.43,2.06,7.92,55.6
225000,1,551,8.1,0.0,0.0,0.0,8.1,0.0,1.00,16.0,6,309,17.19,0.30,551,0,0,0.0,1.00,1.00,1.00,3.42,2.03,7.96,53.9
226000,1,556,8.0,0.0,0.0,0.0,8.0,0.0,1.00,16.0,9,296,16.37,0.30,556,0,0,0.0,1.00,1.00,1.00,3.44,2.02,7.94,55.4
227000,1,535,8.2,0.1,0.0,0.0,8.1,0.0,1.03,15.9,5,294,16.62,0.29,535,0,0,0.0,1.03,1.03,1.03,3.36,2.03,7.98,55.5
228000,1,550,8.2,0.0,0.1,0.0,8.2,0.0,1.00,15.9,10,290,16.26,0.31,550,0,0,0.0,1.00,1.00,1.00,3.40,2.04,7.93,54.9
229000,1,535,8.2,0.0,0.0,0.0,8.2,0.0,1.00,15.9,9,314,17.65,0.36,535,0,0,0.0,1.00,1.00,1.00,3.39,2.04,7.96,54.8
230000,1,543,8.2,0.0,0.0,0.0,8.2,0.0,1.00,15.9,8,284,16.03,0.30,543,0,0,0.0,1.00,1.00,1.00,3.43,2.02,7.99,55.0
231000,1,545,8.2,0.0,0.0,0.1,8.1,0.0,1.00,16.0,7,315,17.60,0.31,545,0,0,0.0,1.00,1.00,1.00,3.43,2.03,7.91,54.8
232000,1,548,8.2,0.0,0.0,0.0,8.2,0.0,1.00,15.9,8,285,15.94,0.29,548,0,0,0.0,1.00,1.00,1.00,3.50,2.04,7.96,55.1
233000,1,541,8.3,0.0,0.0,0.3,8.0,0.0,1.00,15.9,7,320,17.79,0.34,541,0,0,0.0,1.00,1.00,1.00,3.46,2.05,7.97,54.6
234000,1,551,8.3,0.0,0.0,0.1,8.2,0.0,1.00,15.9,14,315,17.64,0.35,551,0,0,0.0,1.00,1.00,1.00,3.46,2.09,7.90,55.0
235000,1,528,8.3,0.0,0.1,0.2,8.0,0.0,1.00,15.9,8,316,17.69,0.33,528,0,0,0.0,1.00,1.00,1.00,3.44,2.04,7.97,54.4
236000,1,539,8.1,0.1,0.0,0.0,8.0,0.0,1.02,15.9,8,291,16.15,0.29,539,0,0,0.0,1.02,1.02,1.03,3.38,2.04,7.96,55.2
237000,1,536,8.3,0.0,0.0,0.1,8.2,0.0,1.00,15.9,11,318,17.88,0.33,536,0,0,0.0,1.00,1.00,1.00,3.45,2.06,7.96,54.4
238000,1,537,8.2,0.0,0.0,0.0,8.1,0.0,1.00,15.9,10,318,17.65,0.33,537,0,0,0.0,1.01,1.00,1.00,3.47,2.05,7.96,54.3
239000,1,537,8.1,0.0,0.1,0.0,8.1,0.0,1.00,15.9,8,313,17.43,0.30,536,1,0,0.0,1.00,1.00,1.00,3.44,2.03,7.97,55.8
240000,1,547,8.4,0.1,0.0,0.1,8.1,0.0,1.04,15.9,9,308,17.13,0.32,547,0,0,0.0,1.04,1.03,1.03,3.46,2.07,7.97,54.0
241000,1,548,8.3,0.0,0.0,0.1,8.2,0.0,1.00,15.9,9,298,16.61,0.33,548,0,0,0.0,1.00,1.00,1.00,3.49,2.05,7.99,55.2
242000,1,564,8.0,0.0,0.0,0.0,8.0,0.0,1.00,16.0,7,291,16.24,0.30,564,0,0,0.0,1.00,1.00,1.00,3.42,2.02,7.94,55.6
243000,1,534,8.2,0.0,0.0,0.0,8.2,0.0,1.00,15.9,9,324,18.17,0.34,534,0,0,0.0,1.00,1.00,1.00,3.49,2.04,7.97,54.2
244000,1,535,8.2,0.0,0.0,0.0,8.1,0.0,1.00,15.9,8,307,17.10,0.29,535,0,0,0.0,1.00,1.00,1.00,3.36,2.04,7.99,54.5
245000,1,535,8.1,0.0,0.0,0.1,8.0,0.0,1.00,16.0,6,299,16.66,0.33,535,0,0,0.0,1.00,1.00,1.00,3.45,2.02,7.97,55.1
246000,1,556,8.3,0.0,0.0,0.1,8.1,0.0,1.00,15.9,11,309,17.43,0.31,556,0,0,0.0,1.00,1.00,1.00,3.48,2.04,7.97,55.5
247000,1,538,8.6,0.0,0.0,0.1,8.5,0.0,1.00,15.8,8,306,17.12,0.30,538,0,0,0.0,1.01,1.00,1.00,3.55,2.08,7.99,54.7
248000,1,551,8.6,0.0,0.0,0.3,8.3,0.0,1.00,15.7,14,320,17.95,0.33,551,0,0,0.0,1.00,1.00,1.00,3.50,2.09,7.98,54.8
249000,1,533,8.2,0.0,0.0,0.1,8.1,0.0,1.00,16.0,10,305,17.07,0.32,533,0,0,0.0,1.00,1.00,1.00,3.44,2.04,7.93,55.1
250000,1,541,8.3,0.1,0.0,0.0,8.1,0.0,1.02,15.8,13,319,17.88,0.33,541,0,0,0.0,1.03,1.02,1.02,3.48,2.09,7.92,54.3
251000,1,537,8.5,0.0,0.0,0.0,8.4,0.0,1.02,15.8,12,330,18.40,0.34,537,0,0,0.0,1.01,1.01,1.02,3.47,2.07,7.97,55.1
252000,1,543,8.3,0.0,0.0,0.1,8.2,0.0,1.00,15.9,11,298,16.63,0.31,543,0,0,0.0,1.00,1.00,1.00,3.47,2.06,7.97,55.3
253000,1,542,8.2,0.1,0.0,0.0,8.1,0.0,1.02,16.0,9,322,17.90,0.33,542,0,0,0.0,1.03,1.02,1.02,3.43,2.05,7.92,54.7
254000,1,547,8.2,0.0,0.0,0.0,8.1,0.0,1.01,16.0,9,295,16.53,0.31,547,0,0,0.0,1.01,1.01,1.01,3.49,2.05,7.93,54.8
255000,1,546,8.4,0.0,0.0,0.0,8.3,0.0,1.00,15.8,11,311,17.36,0.33,546,0,0,0.0,1.00,1.00,1.00,3.44,2.06,7.97,54.7
256000,1,537,8.2,0.0,0.0,0.0,8.2,0.0,1.00,15.9,11,326,18.17,0.32,537,0,0,0.0,1.00,1.00,1.00,3.46,2.05,7.95,54.6
257000,1,551,8.3,0.0,0.0,0.1,8.1,0.0,1.00,15.8,15,304,17.14,0.34,551,0,0,0.0,1.00,1.00,1.00,3.42,2.07,7.95,54.4
258000,1,560,8.4,0.1,0.0,0.2,8.1,0.0,1.01,15.8,15,310,17.18,0.31,560,0,0,0.0,1.00,1.01,1.01,3.46,2.08,7.93,55.1
259000,1,541,8.2,0.0,0.0,0.1,8.1,0.0,1.00,15.9,12,307,17.11,0.33,541,0,0,0.0,1.00,1.00,1.00,3.38,2.05,7.93,55.4
260000,1,531,8.2,0.1,0.0,0.1,8.0,0.0,1.04,15.9,10,317,17.68,0.32,531,0,0,0.0,1.04,1.04,1.04,3.48,2.06,7.92,54.8
261000,1,532,8.4,0.0,0.0,0.2,8.3,0.0,1.00,15.9,13,325,18.10,0.33,532,0,0,0.0,1.00,1.00,1.00,3.45,2.09,7.90,55.0
262000,1,553,8.3,0.0,0.0,0.0,8.3,0.0,1.00,15.9,10,301,16.81,0.32,553,0,0,0.0,1.00,1.00,1.00,3.38,2.06,7.94,54.6
263000,1,536,8.6,0.1,0.0,0.2,8.3,0.0,1.04,15.8,14,317,17.79,0.36,536,0,0,0.0,1.03,1.03,1.05,3.49,2.09,7.96,54.9
264000,1,542,8.3,0.1,0.0,0.0,8.2,0.0,1.04,15.8,9,316,17.65,0.33,542,0,0,0.0,1.04,1.04,1.04,3.46,2.04,7.98,54.7
265000,1,541,8.2,0.0,0.0,0.0,8.1,0.0,1.02,15.8,12,300,16.90,0.31,541,0,0,0.0,1.01,1.01,1.04,3.41,2.03,7.94,55.0
266000,1,542,8.4,0.1,0.0,0.0,8.2,0.0,1.04,15.7,14,304,17.04,0.30,542,0,0,0.0,1.04,1.04,1.04,3.42,2.08,7.91,54.9
267000,1,551,8.6,0.1,0.0,0.1,8.3,0.0,1.04,15.7,17,288,16.11,0.31,551,0,0,0.0,1.03,1.03,1.06,3.48,2.11,7.92,54.7
268000,1,538,8.2,0.0,0.0,0.0,8.1,0.0,1.01,15.9,8,299,16.81,0.28,538,0,0,0.0,1.01,1.00,1.01,3.39,2.03,7.96,54.0
269000,1,535,8.1,0.1,0.0,0.0,8.0,0.0,1.02,15.9,10,311,17.31,0.30,535,0,0,0.0,1.02,1.02,1.02,3.39,2.03,7.93,55.2
270000,1,540,8.2,0.0,0.0,0.0,8.1,0.0,1.01,15.9,8,311,17.37,0.32,540,0,0,0.0,1.02,1.01,1.01,3.44,2.03,7.95,55.1
271000,1,555,8.1,0.0,0.0,0.0,8.0,0.0,1.01,16.0,9,303,16.97,0.30,555,0,0,0.0,1.01,1.00,1.01,3.40,2.03,7.96,54.6
272000,1,538,8.2,0.0,0.0,0.1,8.1,0.0,1.00,15.9,11,295,16.48,0.30,538,0,0,0.0,1.00,1.00,1.00,3.45,2.05,7.97,55.4
273000,1,540,8.1,0.0,0.0,0.0,8.0,0.0,1.02,15.9,11,290,16.22,0.31,540,0,0,0.0,1.01,1.01,1.04,3.40,2.06,7.96,55.3
274000,1,536,8.2,0.0,0.0,0.0,8.2,0.0,1.00,15.9,7,293,16.32,0.31,536,0,0,0.0,1.00,1.00,1.00,3.43,2.04,7.98,55.0
275000,1,544,8.3,0.0,0.0,0.1,8.3,0.0,1.00,15.9,11,317,17.77,0.33,544,0,0,0.0,1.00,1.00,1.00,3.37,2.06,7.97,55.2
276000,1,540,8.1,0.0,0.1,0.0,8.0,0.0,1.00,15.9,8,316,17.57,0.29,540,0,0,0.0,1.00,1.00,1.00,3.47,2.03,7.97,54.7
277000,1,563,8.3,0.0,0.0,0.1,8.1,0.0,1.02,15.9,8,281,15.84,0.29,563,0,0,0.0,1.02,1.01,1.03,3.47,2.05,7.97,55.0
278000,1,534,8.2,0.0,0.0,0.0,8.2,0.0,1.00,15.9,8,315,17.57,0.32,534,0,0,0.0,1.00,1.00,1.00,3.41,2.06,7.94,54.7
279000,1,536,8.1,0.0,0.0,0.1,8.1,0.0,1.00,15.9,10,311,17.28,0.32,536,0,0,0.0,1.00,1.00,1.00,3.49,2.03,7.99,55.6
280000,1,553,8.4,0.1,0.0,0.1,8.2,0.0,1.03,15.9,10,305,17.05,0.30,553,0,0,0.0,1.01,1.04,1.05,3.43,2.06,7.97,54.5
281000,1,536,8.5,0.0,0.0,0.0,8.5,0.0,1.01,15.8,11,321,18.01,0.33,536,0,0,0.0,1.01,1.01,1.02,3.45,2.09,7.97,55.4
282000,1,541,8.4,0.0,0.1,0.1,8.1,0.0,1.00,15.9,14,306,17.16,0.34,541,0,0,0.0,1.00,1.00,1.00,3.48,2.06,7.95,55.3
283000,1,534,8.1,0.0,0.0,0.0,8.1,0.0,1.00,15.9,10,308,17.22,0.33,534,0,0,0.0,1.00,1.00,1.00,3.46,2.04,7.95,55.4
284000,1,539,8.2,0.1,0.0,0.0,8.1,0.0,1.02,15.9,11,312,17.46,0.35,539,0,0,0.0,1.03,1.02,1.02,3.44,2.05,7.96,54.7
285000,1,533,8.1,0.0,0.0,0.0,8.1,0.0,1.02,15.9,5,289,16.16,0.32,533,0,0,0.0,1.02,1.02,1.02,3.43,2.03,7.98,54.7
286000,1,526,8.1,0.0,0.0,0.0,8.1,0.0,1.00,15.9,7,310,17.32,0.33,526,0,0,0.0,1.00,1.00,1.00,3.47,2.04,7.96,53.8
287000,1,538,8.1,0.0,0.0,0.0,8.1,0.0,1.01,15.9,9,317,17.65,0.34,538,0,0,0.0,1.01,1.01,1.01,3.46,2.03,7.93,55.1
288000,1,528,8.2,0.1,0.0,0.0,8.2,0.0,1.03,15.9,11,307,17.20,0.32,528,0,0,0.0,1.03,1.01,1.05,3.48,2.06,7.93,55.7
289000,1,546,8.2,0.0,0.0,0.0,8.2,0.0,1.00,15.9,11,291,16.31,0.30,546,0,0,0.0,1.00,1.00,1.00,3.36,2.05,7.94,54.8
290000,1,545,8.4,0.0,0.1,0.0,8.3,0.0,1.00,15.8,11,323,17.99,0.36,545,0,0,0.0,1.00,1.00,1.00,3.48,2.08,7.96,54.8
291000,1,535,8.3,0.0,0.0,0.0,8.3,0.0,1.01,15.9,12,315,17.58,0.29,535,0,0,0.0,1.01,1.01,1.01,3.45,2.05,7.96,55.5
292000,1,560,8.4,0.1,0.0,0.0,8.3,0.0,1.03,15.8,13,297,16.67,0.32,559,1,0,0.0,1.03,1.02,1.04,3.49,2.08,7.95,55.3
293000,1,539,8.0,0.0,0.0,0.0,8.0,0.0,1.00,16.0,6,334,18.67,0.36,539,0,0,0.0,1.00,1.00,1.00,3.48,2.03,7.93,54.4
294000,1,541,8.5,0.0,0.0,0.1,8.4,0.0,1.00,15.8,13,307,17.18,0.29,541,0,0,0.0,1.00,1.00,1.00,3.48,2.08,7.97,54.1
295000,1,544,8.2,0.0,0.0,0.0,8.2,0.0,1.00,15.9,10,293,16.45,0.30,544,0,0,0.0,1.00,1.00,1.00,3.45,2.05,7.95,55.0
296000,1,551,8.1,0.0,0.0,0.1,8.0,0.0,1.00,16.0,6,326,18.12,0.32,551,0,0,0.0,1.00,1.00,1.00,3.44,2.02,7.97,54.4
297000,1,535,8.2,0.0,0.0,0.0,8.1,0.0,1.01,15.9,9,314,17.53,0.30,535,0,0,0.0,1.02,1.01,1.01,3.53,2.04,7.97,54.7
298000,1,548,8.5,0.1,0.0,0.0,8.4,0.0,1.03,15.9,8,294,16.34,0.31,548,0,0,0.0,1.02,1.02,1.04,3.43,2.07,7.95,55.1
299000,1,557,8.2,0.0,0.0,0.1,8.1,0.0,1.00,16.0,10,309,17.17,0.33,557,0,0,0.0,1.00,1.00,1.00,3.40,2.06,7.89,55.2
300000,1,553,8.1,0.1,0.0,0.1,8.0,0.0,1.03,15.9,9,315,17.62,0.31,553,0,0,0.0,1.03,1.02,1.04,3.46,2.04,7.97,54.1
301000,1,523,8.3,0.1,0.0,0.1,8.1,0.0,1.05,15.9,7,316,17.63,0.32,523,0,0,0.0,1.04,1.04,1.06,3.56,2.04,7.99,54.2
302000,1,547,8.0,0.0,0.0,0.0,8.0,0.0,1.00,16.0,6,323,17.90,0.31,547,0,0,0.0,1.00,1.00,1.00,3.51,2.03,7.97,54.1
303000,1,528,8.3,0.0,0.0,0.1,8.2,0.0,1.00,15.9,9,315,17.54,0.31,528,0,0,0.0,1.01,1.00,1.01,3.39,2.07,7.95,55.3
304000,1,549,8.2,0.1,0.1,0.0,8.0,0.0,1.02,15.9,9,301,16.68,0.31,549,0,0,0.0,1.02,1.01,1.02,3.41,2.04,7.97,54.8
305000,1,547,8.3,0.1,0.0,0.2,8.1,0.0,1.02,15.9,9,289,16.14,0.32,547,0,0,0.0,1.00,1.04,1.03,3.47,2.06,7.97,55.1
306000,1,561,8.2,0.0,0.1,0.0,8.1,0.0,1.00,15.9,8,286,16.00,0.28,560,1,0,0.0,1.00,1.00,1.00,3.44,2.04,7.98,55.5
307000,1,535,8.3,0.0,0.0,0.1,8.2,0.0,1.00,15.9,10,322,17.91,0.34,535,0,0,0.0,1.01,1.00,1.01,3.50,2.06,7.96,55.3
308000,1,542,8.3,0.0,0.1,0.1,8.1,0.0,1.00,15.8,13,311,17.34,0.32,542,0,0,0.0,1.01,1.00,1.00,3.46,2.07,7.95,55.0
309000,1,557,8.3,0.1,0.0,0.1,8.1,0.0,1.04,15.8,10,297,16.65,0.29,557,0,0,0.0,1.02,1.04,1.04,3.43,2.06,7.96,55.0
310000,1,553,8.2,0.0,0.0,0.0,8.2,0.0,1.00,16.0,10,281,15.77,0.29,552,1,0,0.0,1.00,1.00,1.00,3.44,2.06,7.90,55.0
311000,1,542,8.1,0.0,0.0,0.0,8.0,0.0,1.01,16.0,8,319,17.76,0.30,542,0,0,0.0,1.02,1.00,1.01,3.45,2.04,7.92,54.3
312000,1,554,8.2,0.0,0.0,0.0,8.2,0.0,1.00,15.9,13,302,16.87,0.29,554,0,0,0.0,1.01,1.00,1.01,3.43,2.06,7.88,55.3
313000,1,547,8.2,0.0,0.0,0.0,8.1,0.0,1.02,15.9,7,302,16.89,0.32,547,0,0,0.0,1.01,1.01,1.02,3.45,2.04,7.98,55.5
314000,1,541,8.2,0.0,0.0,0.1,8.1,0.0,1.00,15.9,12,310,17.39,0.31,541,0,0,0.0,1.00,1.00,1.00,3.45,2.09,7.93,54.9
315000,1,535,8.1,0.0,0.0,0.0,8.1,0.0,1.00,15.9,10,286,16.08,0.29,535,0,0,0.0,1.00,1.00,1.00,3.39,2.03,7.96,54.7
316000,1,545,8.3,0.1,0.0,0.1,8.1,0.0,1.05,15.9,9,314,17.52,0.32,545,0,0,0.0,1.05,1.05,1.05,3.52,2.06,7.97,55.1
317000,1,554,8.2,0.0,0.0,0.1,8.1,0.0,1.00,15.9,9,303,16.86,0.29,554,0,0,0.0,1.00,1.00,1.00,3.46,2.04,7.99,54.8
318000,1,542,8.2,0.0,0.0,0.0,8.2,0.0,1.01,15.9,13,302,16.99,0.32,542,0,0,0.0,1.01,1.01,1.00,3.41,2.07,7.94,55.1
319000,1,551,8.1,0.0,0.0,0.1,8.0,0.0,1.00,16.0,9,316,17.70,0.33,551,0,0,0.0,1.00,1.00,1.00,3.42,2.03,7.95,54.5
320000,1,539,8.5,0.0,0.1,0.1,8.3,0.0,1.00,15.8,11,336,18.74,0.30,539,0,0,0.0,1.00,1.00,1.00,3.47,2.09,7.97,54.6
321000,1,552,8.3,0.0,0.1,0.0,8.2,0.0,1.01,15.9,12,305,16.89,0.32,552,0,0,0.0,1.01,1.01,1.01,3.37,2.05,7.96,54.8
322000,1,539,8.2,0.0,0.0,0.0,8.2,0.0,1.00,15.9,12,331,18.52,0.35,539,0,0,0.0,1.00,1.00,1.00,3.40,2.06,7.96,55.0
323000,1,543,8.5,0.0,0.0,0.1,8.4,0.0,1.00,15.8,14,323,18.00,0.33,543,0,0,0.0,1.00,1.00,1.00,3.57,2.09,7.97,54.7
324000,1,542,8.2,0.0,0.0,0.0,8.1,0.0,1.00,15.9,9,340,18.89,0.35,541,1,0,0.0,1.00,1.00,1.00,3.42,2.08,7.92,55.5
325000,1,569,8.1,0.0,0.0,0.0,8.1,0.0,1.00,15.9,10,318,17.75,0.31,569,0,0,0.0,1.00,1.00,1.00,3.48,2.04,7.96,54.7
326000,1,550,8.4,0.1,0.1,0.0,8.3,0.0,1.02,15.8,14,307,17.14,0.30,550,0,0,0.0,1.02,1.02,1.02,3.45,2.08,7.97,55.3
327000,1,538,8.3,0.0,0.0,0.0,8.2,0.0,1.00,15.9,8,308,17.15,0.31,538,0,0,0.0,1.00,1.00,1.00,3.39,2.04,7.99,54.9
328000,1,540,8.4,0.0,0.1,0.1,8.1,0.0,1.02,15.8,15,294,16.55,0.29,540,0,0,0.0,1.01,1.01,1.02,3.40,2.07,7.95,54.5
329000,1,537,8.2,0.0,0.1,0.0,8.0,0.0,1.01,15.9,9,287,16.11,0.30,537,0,0,0.0,1.01,1.00,1.01,3.44,2.04,7.96,55.2
330000,1,558,8.3,0.1,0.0,0.0,8.2,0.0,1.02,15.9,14,293,16.43,0.32,558,0,0,0.0,1.03,1.02,1.02,3.44,2.07,7.93,55.1
331000,1,537,8.3,0.0,0.0,0.0,8.3,0.0,1.00,16.0,9,314,17.37,0.30,537,0,0,0.0,1.00,1.00,1.00,3.43,2.07,7.90,54.6
332000,1,540,8.2,0.0,0.0,0.0,8.2,0.0,1.00,15.9,10,314,17.57,0.30,540,0,0,0.0,1.00,1.00,1.00,3.48,2.06,7.93,54.7
333000,1,526,8.1,0.0,0.0,0.0,8.0,0.0,1.01,16.0,6,331,18.37,0.33,526,0,0,0.0,1.01,1.01,1.02,3.45,2.01,8.00,55.2
334000,1,544,8.2,0.0,0.0,0.1,8.1,0.0,1.00,15.9,8,319,17.88,0.32,541,3,0,0.0,1.00,1.00,1.00,3.53,2.05,7.97,55.6
335000,1,543,8.3,0.0,0.1,0.0,8.2,0.0,1.02,15.8,14,307,17.34,0.31,543,0,0,0.0,1.02,1.01,1.02,3.51,2.08,7.95,55.6
336000,1,538,8.1,0.0,0.0,0.1,8.1,0.0,1.00,16.0,7,312,17.64,0.32,538,0,0,0.0,1.00,1.00,1.00,3.43,2.04,7.96,54.8
337000,1,525,8.5,0.0,0.0,0.1,8.4,0.0,1.00,15.8,10,300,16.97,0.31,525,0,0,0.0,1.00,1.00,1.00,3.38,2.07,7.97,55.0
338000,1,549,8.0,0.0,0.0,0.0,8.0,0.0,1.02,16.0,5,292,16.37,0.31,549,0,0,0.0,1.01,1.01,1.02,3.40,2.01,7.96,54.1
339000,1,541,8.4,0.0,0.1,0.1,8.2,0.0,1.00,15.9,10,323,18.14,0.34,541,0,0,0.0,1.00,1.00,1.00,3.43,2.06,7.95,54.7
340000,1,547,8.3,0.0,0.0,0.2,8.1,0.0,1.01,15.9,10,340,19.07,0.33,547,0,0,0.0,1.01,1.00,1.01,3.45,2.04,7.97,54.6
341000,1,548,8.3,0.1,0.1,0.0,8.1,0.0,1.05,15.8,17,319,17.95,0.30,548,0,0,0.0,1.05,1.05,1.05,3.45,2.09,7.95,54.9
342000,1,519,8.6,0.1,0.0,0.1,8.5,0.0,1.01,15.8,16,310,17.40,0.35,519,0,0,0.0,1.00,1.02,1.02,3.50,2.10,7.93,54.7
343000,1,535,8.2,0.0,0.0,0.0,8.2,0.0,1.00,15.9,10,315,17.79,0.33,535,0,0,0.0,1.00,1.00,1.00,3.38,2.05,7.95,54.0
344000,1,540,8.4,0.1,0.1,0.1,8.1,0.0,1.02,15.8,11,320,17.94,0.31,540,0,0,0.0,1.02,1.02,1.02,3.47,2.09,7.95,54.5
345000,1,537,8.2,0.0,0.0,0.0,8.1,0.0,1.00,15.9,8,278,15.72,0.28,537,0,0,0.0,1.00,1.00,1.00,3.47,2.03,7.98,54.6
346000,1,544,8.3,0.0,0.0,0.1,8.2,0.0,1.00,15.9,7,314,17.62,0.32,543,1,0,0.0,1.00,1.00,1.00,3.43,2.06,7.94,55.5
347000,1,549,8.2,0.0,0.0,0.0,8.2,0.0,1.00,15.9,10,289,16.34,0.30,549,0,0,0.0,1.00,1.00,1.00,3.44,2.04,7.96,55.6
348000,1,548,8.3,0.1,0.0,0.1,8.0,0.0,1.03,15.9,8,298,16.86,0.33,548,0,0,0.0,1.01,1.02,1.04,3.42,2.06,7.94,54.8
349000,1,539,8.1,0.0,0.0,0.0,8.1,0.0,1.00,16.0,9,302,17.01,0.32,539,0,0,0.0,1.00,1.00,1.00,3.44,2.03,7.94,55.2
350000,1,541,8.2,0.1,0.0,0.1,8.1,0.0,1.03,15.9,8,293,16.65,0.32,541,0,0,0.0,1.03,1.03,1.03,3.43,2.04,7.96,54.7
351000,1,532,8.3,0.0,0.0,0.0,8.3,0.0,1.00,15.9,5,328,18.34,0.33,532,0,0,0.0,1.00,1.00,1.00,3.46,2.05,7.97,54.8
352000,1,533,8.1,0.0,0.0,0.0,8.1,0.0,1.00,16.0,9,330,18.49,0.33,533,0,0,0.0,1.00,1.00,1.00,3.47,2.05,7.90,54.5
353000,1,541,8.1,0.0,0.0,0.0,8.1,0.0,1.01,16.0,12,317,17.74,0.32,541,0,0,0.0,1.01,1.01,1.02,3.41,2.05,7.94,55.0
354000,1,540,8.1,0.0,0.0,0.0,8.1,0.0,1.00,15.9,7,302,16.97,0.33,540,0,0,0.0,1.00,1.00,1.00,3.46,2.03,7.98,54.5
355000,1,550,8.4,0.0,0.0,0.1,8.2,0.0,1.00,15.8,15,308,17.33,0.30,550,0,0,0.0,1.01,1.00,1.01,3.46,2.08,7.96,54.4
356000,1,539,8.6,0.1,0.1,0.2,8.2,0.0,1.04,15.8,19,320,18.17,0.33,539,0,0,0.0,1.04,1.03,1.04,3.43,2.11,7.94,54.3
357000,1,550,8.2,0.0,0.0,0.0,8.1,0.0,1.01,15.9,10,324,18.14,0.29,550,0,0,0.0,1.01,1.01,1.01,3.41,2.05,7.96,54.9
358000,1,539,8.2,0.0,0.0,0.1,8.1,0.0,1.00,15.9,10,291,16.48,0.31,538,1,0,0.0,1.01,1.00,1.00,3.42,2.07,7.92,55.3
359000,1,569,8.1,0.0,0.0,0.0,8.1,0.0,1.00,16.0,13,271,15.45,0.30,568,1,0,0.0,1.00,1.00,1.00,3.38,2.04,7.92,55.2
360000,1,545,8.6,0.1,0.0,0.1,8.5,0.0,1.02,15.8,12,299,16.89,0.31,545,0,0,0.0,1.03,1.01,1.02,3.52,2.09,7.96,54.3
361000,1,555,8.4,0.1,0.0,0.0,8.3,0.0,1.02,15.9,14,312,17.55,0.28,555,0,0,0.0,1.03,1.02,1.02,3.48,2.06,7.92,54.9
362000,1,533,8.2,0.1,0.0,0.0,8.1,0.0,1.02,15.9,13,325,18.09,0.31,533,0,0,0.0,1.02,1.02,1.02,3.42,2.07,7.89,54.5
363000,1,534,8.3,0.1,0.1,0.1,8.1,0.0,1.03,15.8,15,307,17.26,0.32,534,0,0,0.0,1.04,1.03,1.02,3.38,2.10,7.92,55.5
364000,1,547,8.2,0.0,0.0,0.0,8.1,0.0,1.01,15.9,7,329,18.42,0.30,547,0,0,0.0,1.01,1.01,1.01,3.37,2.05,7.94,55.3
365000,1,549,8.3,0.0,0.0,0.1,8.2,0.0,1.02,15.8,13,300,16.93,0.31,549,0,0,0.0,1.01,1.01,1.02,3.46,2.06,7.94,54.7
366000,1,549,8.4,0.0,0.0,0.0,8.3,0.0,1.01,15.8,13,293,16.67,0.30,549,0,0,0.0,1.01,1.01,1.01,3.40,2.08,7.93,54.5
367000,1,542,8.3,0.0,0.0,0.1,8.1,0.0,1.00,15.9,9,300,16.94,0.31,541,1,0,0.0,1.00,1.00,1.00,3.41,2.06,7.95,55.5
368000,1,538,8.4,0.0,0.0,0.1,8.3,0.0,1.00,15.8,11,294,16.57,0.30,538,0,0,0.0,1.00,1.00,1.00,3.48,2.07,7.97,54.8
369000,1,529,8.1,0.0,0.0,0.0,8.1,0.0,1.00,16.0,8,323,18.12,0.34,529,0,0,0.0,1.00,1.00,1.00,3.40,2.03,7.95,54.5
370000,1,541,8.3,0.0,0.0,0.1,8.2,0.0,1.00,15.9,11,319,17.91,0.31,540,1,0,0.0,1.00,1.00,1.00,3.42,2.09,7.91,55.2
371000,1,543,8.1,0.0,0.0,0.0,8.1,0.0,1.00,15.9,12,305,17.15,0.33,543,0,0,0.0,1.00,1.00,1.00,3.45,2.04,7.96,55.5
372000,1,539,8.3,0.0,0.0,0.0,8.2,0.0,1.02,15.9,12,308,17.30,0.31,539,0,0,0.0,1.01,1.01,1.03,3.40,2.04,7.91,55.0
373000,1,558,8.3,0.0,0.0,0.0,8.3,0.0,1.00,15.9,8,322,18.19,0.31,558,0,0,0.0,1.00,1.00,1.00,3.42,2.04,7.97,54.9
374000,1,545,8.2,0.0,0.0,0.1,8.1,0.0,1.00,15.9,11,292,16.53,0.31,545,0,0,0.0,1.01,1.01,1.00,3.41,2.04,7.95,54.2
375000,1,535,8.2,0.0,0.0,0.0,8.2,0.0,1.00,15.9,9,302,16.96,0.30,535,0,0,0.0,1.00,1.00,1.00,3.42,2.03,7.99,54.9
376000,1,556,8.5,0.1,0.0,0.1,8.4,0.0,1.02,15.9,10,295,16.57,0.31,556,0,0,0.0,1.03,1.02,1.01,3.49,2.08,7.92,54.6
377000,1,518,8.1,0.0,0.0,0.0,8.1,0.0,1.01,15.9,11,314,17.68,0.31,518,0,0,0.0,1.01,1.01,1.01,3.48,2.03,7.94,53.7
378000,1,547,8.2,0.0,0.0,0.1,8.2,0.0,1.00,15.9,11,297,16.72,0.30,547,0,0,0.0,1.00,1.00,1.00,3.42,2.06,7.96,55.1
379000,1,559,8.3,0.1,0.0,0.0,8.2,0.0,1.02,15.9,11,300,16.91,0.31,559,0,0,0.0,1.00,1.03,1.03,3.45,2.05,7.96,54.6
380000,1,546,8.1,0.0,0.0,0.0,8.1,0.0,1.00,15.9,11,314,17.72,0.32,546,0,0,0.0,1.00,1.00,1.00,3.38,2.03,7.97,54.4
381000,1,542,8.3,0.1,0.1,0.0,8.1,0.0,1.04,15.9,13,322,18.05,0.32,542,0,0,0.0,1.04,1.04,1.04,3.34,2.08,7.92,54.3
382000,1,539,8.3,0.1,0.0,0.1,8.1,0.0,1.02,15.9,7,317,17.77,0.31,539,0,0,0.0,1.02,1.02,1.03,3.47,2.04,7.99,54.9
383000,1,535,8.4,0.0,0.0,0.1,8.2,0.0,1.02,15.9,11,321,18.10,0.33,535,0,0,0.0,1.01,1.01,1.04,3.47,2.05,7.98,55.2
384000,1,555,8.2,0.0,0.0,0.0,8.1,0.0,1.00,16.0,11,289,16.24,0.29,555,0,0,0.0,1.00,1.00,1.00,3.41,2.05,7.90,55.0
385000,1,546,8.3,0.0,0.1,0.1,8.1,0.0,1.01,15.9,13,284,15.84,0.29,546,0,0,0.0,1.01,1.01,1.01,3.43,2.06,7.92,54.4
386000,1,542,8.3,0.0,0.0,0.0,8.3,0.0,1.00,15.9,12,317,17.72,0.33,542,0,0,0.0,1.00,1.00,1.00,3.49,2.06,7.95,54.3
387000,1,552,8.2,0.1,0.0,0.0,8.1,0.0,1.03,15.9,11,304,17.02,0.28,552,0,0,0.0,1.02,1.02,1.04,3.42,2.04,7.97,55.3
388000,1,548,8.3,0.1,0.1,0.0,8.2,0.0,1.02,15.9,9,311,17.50,0.31,548,0,0,0.0,1.02,1.02,1.02,3.44,2.06,7.97,54.7
389000,1,541,8.1,0.0,0.0,0.0,8.1,0.0,1.00,16.0,8,301,16.87,0.30,541,0,0,0.0,1.00,1.00,1.00,3.44,2.04,7.93,54.6
390000,1,548,8.1,0.0,0.0,0.0,8.0,0.0,1.00,16.0,7,305,17.15,0.30,548,0,0,0.0,1.00,1.00,1.00,3.41,2.03,7.96,54.8
391000,1,542,8.4,0.0,0.0,0.3,8.1,0.0,1.00,15.9,12,310,17.56,0.33,542,0,0,0.0,1.00,1.00,1.00,3.35,2.07,7.93,54.6
392000,1,535,8.6,0.1,0.0,0.1,8.4,0.0,1.01,15.8,11,318,17.66,0.29,535,0,0,0.0,1.02,1.00,1.01,3.46,2.09,7.96,54.8
393000,1,523,8.3,0.0,0.0,0.0,8.2,0.0,1.00,15.9,9,328,18.44,0.33,523,0,0,0.0,1.00,1.00,1.00,3.47,2.06,7.95,55.3
394000,1,540,8.3,0.0,0.0,0.0,8.3,0.0,1.00,15.9,10,300,16.95,0.31,540,0,0,0.0,1.00,1.00,1.00,3.41,2.06,7.96,53.8
395000,1,532,8.2,0.1,0.0,0.0,8.1,0.0,1.03,15.9,8,326,18.34,0.33,532,0,0,0.0,1.02,1.03,1.04,3.39,2.04,7.99,54.0
396000,1,540,8.2,0.0,0.0,0.0,8.2,0.0,1.00,15.9,11,303,17.12,0.32,540,0,0,0.0,1.00,1.00,1.00,3.36,2.05,7.96,54.9
397000,1,540,8.3,0.1,0.0,0.0,8.2,0.0,1.02,15.9,12,280,15.80,0.28,540,0,0,0.0,1.03,1.02,1.01,3.40,2.06,7.97,54.3
398000,1,523,8.0,0.0,0.0,0.0,8.0,0.0,1.00,16.0,6,307,17.26,0.31,523,0,0,0.0,1.00,1.00,1.00,3.42,2.02,7.94,55.1
399000,1,562,8.1,0.0,0.0,0.0,8.1,0.0,1.00,16.0,10,298,16.66,0.31,562,0,0,0.0,1.00,1.00,1.00,3.38,2.04,7.92,54.7
400000,1,547,8.4,0.0,0.0,0.2,8.2,0.0,1.01,15.9,9,324,18.06,0.30,547,0,0,0.0,1.01,1.01,1.02,3.48,2.06,7.95,55.1
401000,1,547,8.3,0.0,0.0,0.0,8.2,0.0,1.00,15.9,10,294,16.61,0.32,546,1,0,0.0,1.00,1.00,1.00,3.37,2.05,7.98,55.5
402000,1,566,8.2,0.0,0.0,0.0,8.1,0.0,1.00,15.9,14,296,16.54,0.30,566,0,0,0.0,1.00,1.00,1.00,3.49,2.08,7.90,54.7
403000,1,547,8.3,0.0,0.0,0.1,8.2,0.0,1.00,15.9,13,319,18.06,0.33,547,0,0,0.0,1.00,1.00,1.00,3.45,2.07,7.94,54.8
404000,1,544,8.3,0.0,0.0,0.1,8.2,0.0,1.00,15.9,12,292,16.35,0.28,544,0,0,0.0,1.00,1.00,1.00,3.39,2.05,7.97,54.1
405000,1,548,8.1,0.0,0.0,0.0,8.1,0.0,1.00,15.9,8,306,17.13,0.31,548,0,0,0.0,1.00,1.00,1.01,3.37,2.03,7.96,54.3
406000,1,548,8.4,0.0,0.0,0.1,8.2,0.0,1.01,15.8,13,300,16.87,0.29,548,0,0,0.0,1.01,1.01,1.01,3.45,2.08,7.95,54.9
407000,1,546,8.0,0.0,0.0,0.0,8.0,0.0,1.00,16.0,3,300,16.82,0.31,546,0,0,0.0,1.00,1.00,1.00,3.49,2.01,7.97,55.4
408000,1,538,8.2,0.0,0.0,0.1,8.0,0.0,1.00,15.9,9,314,17.57,0.29,538,0,0,0.0,1.00,1.00,1.00,3.38,2.03,7.96,55.6
409000,1,532,8.4,0.0,0.0,0.1,8.3,0.0,1.01,15.8,9,296,16.45,0.28,532,0,0,0.0,1.02,1.00,1.01,3.43,2.08,7.98,54.3
410000,1,554,8.1,0.0,0.0,0.1,8.0,0.0,1.00,16.0,6,322,18.18,0.32,554,0,0,0.0,1.00,1.00,1.00,3.45,2.02,7.96,54.1
411000,1,542,8.2,0.0,0.0,0.0,8.2,0.0,1.00,15.9,8,302,16.92,0.28,542,0,0,0.0,1.00,1.00,1.00,3.40,2.03,7.99,55.4
412000,1,553,8.5,0.0,0.0,0.1,8.3,0.0,1.00,15.8,12,306,16.99,0.26,553,0,0,0.0,1.00,1.00,1.00,3.42,2.09,7.94,54.4
413000,1,543,8.3,0.1,0.0,0.0,8.1,0.0,1.02,15.9,17,305,17.16,0.33,543,0,0,0.0,1.02,1.01,1.04,3.44,2.08,7.92,55.5
414000,1,546,8.3,0.0,0.0,0.0,8.2,0.0,1.00,15.9,7,319,17.84,0.29,546,0,0,0.0,1.00,1.00,1.00,3.46,2.04,7.99,54.5
415000,1,542,8.1,0.0,0.0,0.0,8.1,0.0,1.00,16.0,8,315,17.65,0.35,542,0,0,0.0,1.00,1.00,1.00,3.43,2.03,7.96,54.6
416000,1,555,8.2,0.1,0.0,0.0,8.1,0.0,1.03,15.9,10,297,16.75,0.30,555,0,0,0.0,1.00,1.04,1.04,3.40,2.04,7.96,54.7
417000,1,541,8.1,0.0,0.0,0.0,8.1,0.0,1.02,15.9,10,312,17.60,0.30,541,0,0,0.0,1.01,1.01,1.04,3.45,2.05,7.92,55.2
418000,1,527,8.2,0.1,0.0,0.2,8.0,0.0,1.04,15.9,9,317,17.77,0.33,527,0,0,0.0,1.03,1.02,1.06,3.43,2.05,7.98,55.2
419000,1,548,8.1,0.0,0.0,0.0,8.1,0.0,1.00,16.0,10,309,17.39,0.36,548,0,0,0.0,1.00,1.00,1.00,3.37,2.07,7.90,54.5
420000,1,545,8.1,0.0,0.0,0.0,8.1,0.0,1.00,16.0,7,317,17.86,0.34,545,0,0,0.0,1.00,1.00,1.00,3.35,2.04,7.91,54.3
421000,1,544,8.3,0.0,0.0,0.1,8.1,0.0,1.02,15.9,9,300,16.85,0.28,544,0,0,0.0,1.01,1.01,1.03,3.42,2.03,7.99,55.5
422000,1,554,8.1,0.0,0.0,0.0,8.1,0.0,1.00,15.9,9,290,16.22,0.28,554,0,0,0.0,1.00,1.00,1.00,3.42,2.04,7.95,55.6
423000,1,538,8.1,0.0,0.0,0.0,8.1,0.0,1.00,15.9,6,321,17.98,0.33,538,0,0,0.0,1.00,1.00,1.00,3.34,2.02,7.97,55.3
424000,1,566,8.1,0.1,0.0,0.0,8.0,0.0,1.03,15.9,9,276,15.62,0.29,561,2,3,0.0,1.03,1.02,1.03,3.43,2.02,7.98,55.5
425000,1,538,8.1,0.0,0.0,0.0,8.1,0.0,1.00,15.9,7,300,16.81,0.34,538,0,0,0.0,1.00,1.00,1.00,3.47,2.04,7.96,53.9
426000,1,538,8.2,0.0,0.0,0.0,8.1,0.0,1.02,15.9,12,312,17.46,0.32,538,0,0,0.0,1.01,1.01,1.03,3.45,2.06,7.93,54.6
427000,1,532,8.1,0.0,0.0,0.0,8.1,0.0,1.00,16.0,5,309,17.46,0.32,532,0,0,0.0,1.00,1.00,1.00,3.38,2.03,7.98,54.5
428000,1,532,8.1,0.0,0.0,0.0,8.1,0.0,1.00,16.0,9,336,18.69,0.33,532,0,0,0.0,1.00,1.00,1.00,3.45,2.04,7.91,54.8
429000,1,544,8.1,0.0,0.0,0.0,8.1,0.0,1.01,16.0,12,313,17.56,0.35,544,0,0,0.0,1.01,1.00,1.01,3.44,2.03,7.92,54.3
430000,1,564,8.4,0.0,0.0,0.2,8.2,0.0,1.01,15.8,13,312,17.58,0.32,564,0,0,0.0,1.01,1.00,1.01,3.45,2.06,7.98,54.8
431000,1,540,8.1,0.1,0.0,0.0,8.1,0.0,1.03,16.0,6,303,16.99,0.33,538,2,0,0.0,1.02,1.02,1.04,3.46,2.03,7.93,55.4
432000,1,531,8.2,0.0,0.0,0.1,8.1,0.0,1.00,15.9,11,306,17.17,0.30,531,0,0,0.0,1.00,1.00,1.00,3.44,2.06,7.91,55.1
433000,1,530,8.6,0.1,0.0,0.1,8.3,0.0,1.04,15.8,11,308,17.23,0.34,530,0,0,0.0,1.04,1.03,1.05,3.52,2.10,7.93,54.7
434000,1,531,8.3,0.1,0.0,0.0,8.2,0.0,1.03,15.9,9,293,16.45,0.33,531,0,0,0.0,1.03,1.03,1.03,3.50,2.05,7.99,54.7
435000,1,543,8.3,0.2,0.0,0.0,8.2,0.0,1.05,15.8,11,314,17.49,0.33,543,0,0,0.0,1.05,1.02,1.07,3.48,2.06,7.98,54.9
436000,1,560,8.4,0.0,0.0,0.0,8.4,0.0,1.02,15.9,14,295,16.63,0.30,560,0,0,0.0,1.01,1.01,1.02,3.49,2.06,7.95,54.6
437000,1,540,8.3,0.0,0.1,0.0,8.3,0.0,1.01,15.8,10,301,16.89,0.32,540,0,0,0.0,1.01,1.01,1.02,3.48,2.05,7.99,54.7
438000,1,535,8.3,0.0,0.0,0.0,8.3,0.0,1.01,15.9,11,323,18.14,0.36,535,0,0,0.0,1.01,1.00,1.01,3.44,2.05,7.95,54.4
439000,1,547,8.2,0.0,0.0,0.1,8.2,0.0,1.00,15.9,8,294,16.49,0.32,547,0,0,0.0,1.00,1.00,1.00,3.45,2.07,7.93,55.4
440000,1,543,8.4,0.1,0.0,0.1,8.2,0.0,1.01,15.8,12,312,17.46,0.32,543,0,0,0.0,1.03,1.00,1.01,3.42,2.08,7.93,54.2
441000,1,558,8.3,0.1,0.0,0.1,8.1,0.0,1.04,15.9,13,287,16.09,0.29,558,0,0,0.0,1.04,1.04,1.04,3.44,2.06,7.95,54.9
442000,1,537,8.1,0.0,0.0,0.0,8.1,0.0,1.00,15.9,12,298,16.69,0.33,537,0,0,0.0,1.00,1.00,1.00,3.50,2.05,7.94,55.1
443000,1,539,8.3,0.0,0.0,0.1,8.2,0.0,1.00,15.9,14,301,16.97,0.33,539,0,0,0.0,1.00,1.00,1.00,3.43,2.06,7.95,55.1
444000,1,543,8.3,0.0,0.0,0.0,8.3,0.0,1.01,15.9,11,341,18.94,0.36,543,0,0,0.0,1.01,1.01,1.00,3.41,2.08,7.92,55.5
445000,1,548,8.5,0.1,0.0,0.1,8.3,0.0,1.01,15.8,16,309,17.34,0.29,548,0,0,0.0,1.02,1.01,1.01,3.39,2.09,7.94,54.3
446000,1,548,8.1,0.0,0.0,0.0,8.1,0.0,1.00,16.0,7,296,16.67,0.30,548,0,0,0.0,1.00,1.00,1.00,3.41,2.03,7.97,54.5
447000,1,534,8.4,0.1,0.0,0.1,8.1,0.0,1.03,15.8,14,317,17.75,0.34,531,2,1,0.0,1.01,1.04,1.04,3.49,2.07,7.94,55.5
448000,1,554,8.3,0.0,0.0,0.3,8.0,0.0,1.01,15.9,12,301,16.84,0.31,554,0,0,0.0,1.01,1.00,1.02,3.48,2.07,7.94,55.2
449000,1,545,8.5,0.1,0.0,0.1,8.2,0.0,1.03,15.8,15,306,17.09,0.31,545,0,0,0.0,1.03,1.02,1.03,3.46,2.08,7.94,55.0
450000,1,554,8.3,0.0,0.0,0.0,8.2,0.0,1.01,15.8,10,305,17.26,0.30,554,0,0,0.0,1.01,1.01,1.01,3.48,2.06,7.98,54.5
451000,1,554,8.4,0.0,0.0,0.1,8.3,0.0,1.00,15.8,13,306,17.20,0.31,554,0,0,0.0,1.01,1.00,1.00,3.46,2.08,7.92,55.1
452000,1,555,8.3,0.2,0.0,0.0,8.1,0.0,1.06,15.9,14,285,16.06,0.29,555,0,0,0.0,1.07,1.05,1.05,3.44,2.09,7.93,55.4
453000,1,552,8.1,0.0,0.0,0.1,8.0,0.0,1.00,15.9,7,308,17.33,0.31,552,0,0,0.0,1.00,1.00,1.00,3.46,2.02,7.97,54.7
454000,1,560,8.2,0.1,0.0,0.1,8.1,0.0,1.03,15.9,9,303,16.91,0.28,560,0,0,0.0,1.02,1.02,1.04,3.41,2.06,7.95,55.2
455000,1,538,8.2,0.0,0.0,0.1,8.1,0.0,1.01,15.9,10,310,17.50,0.35,538,0,0,0.0,1.01,1.00,1.01,3.47,2.07,7.96,55.5
456000,1,529,8.2,0.1,0.0,0.1,8.0,0.0,1.03,15.9,9,310,17.42,0.32,529,0,0,0.0,1.04,1.03,1.04,3.36,2.04,7.95,54.7
457000,1,530,8.3,0.0,0.0,0.0,8.3,0.0,1.00,15.9,8,316,17.83,0.31,530,0,0,0.0,1.00,1.00,1.00,3.53,2.06,7.94,54.7
458000,1,539,8.5,0.0,0.0,0.1,8.4,0.0,1.00,15.8,14,326,18.28,0.30,539,0,0,0.0,1.00,1.00,1.00,3.48,2.11,7.93,54.4
459000,1,548,8.4,0.1,0.0,0.1,8.2,0.0,1.05,15.8,13,288,16.18,0.28,548,0,0,0.0,1.05,1.05,1.06,3.35,2.07,7.96,54.4
460000,1,546,8.2,0.0,0.0,0.0,8.2,0.0,1.00,15.9,12,293,16.46,0.29,546,0,0,0.0,1.00,1.00,1.00,3.43,2.06,7.93,54.4
461000,1,550,8.5,0.2,0.0,0.1,8.2,0.0,1.05,15.8,16,296,16.59,0.31,550,0,0,0.0,1.05,1.02,1.06,3.42,2.10,7.93,54.7
462000,1,552,8.4,0.0,0.1,0.1,8.2,0.0,1.00,15.9,14,299,16.80,0.31,552,0,0,0.0,1.00,1.00,1.00,3.44,2.10,7.90,55.6
463000,1,549,8.2,0.0,0.0,0.0,8.2,0.0,1.00,15.9,8,298,16.70,0.34,549,0,0,0.0,1.00,1.00,1.00,3.48,2.05,7.94,54.5
464000,1,534,8.2,0.0,0.1,0.0,8.2,0.0,1.00,15.9,8,297,16.53,0.30,534,0,0,0.0,1.00,1.00,1.00,3.47,2.04,7.98,54.7
465000,1,528,8.3,0.0,0.0,0.1,8.2,0.0,1.00,15.8,12,324,18.21,0.30,528,0,0,0.0,1.00,1.00,1.00,3.52,2.05,7.97,54.3
466000,1,548,8.0,0.0,0.0,0.0,8.0,0.0,1.00,16.0,9,296,16.65,0.31,548,0,0,0.0,1.00,1.00,1.00,3.40,2.03,7.91,54.4
467000,1,540,8.2,0.1,0.1,0.0,8.1,0.0,1.03,15.9,13,300,16.89,0.32,540,0,0,0.0,1.04,1.03,1.03,3.48,2.07,7.93,54.6
468000,1,539,8.3,0.2,0.0,0.0,8.1,0.0,1.05,15.8,8,311,17.41,0.32,539,0,0,0.0,1.05,1.04,1.05,3.44,2.05,8.00,54.4
469000,1,542,8.1,0.0,0.0,0.0,8.1,0.0,1.00,15.9,8,325,18.11,0.34,542,0,0,0.0,1.00,1.00,1.00,3.43,2.03,7.97,54.5
470000,1,548,8.4,0.0,0.0,0.1,8.3,0.0,1.00,15.9,10,320,17.88,0.34,548,0,0,0.0,1.00,1.00,1.00,3.42,2.07,7.93,54.6
471000,1,556,8.3,0.1,0.0,0.1,8.1,0.0,1.05,15.8,9,316,17.82,0.33,556,0,0,0.0,1.05,1.04,1.05,3.51,2.06,7.98,55.9
472000,1,539,8.6,0.2,0.0,0.2,8.2,0.0,1.06,15.8,14,337,18.90,0.35,539,0,0,0.0,1.06,1.06,1.06,3.43,2.09,7.96,54.7
473000,1,538,8.3,0.0,0.1,0.0,8.2,0.0,1.00,15.9,10,299,16.70,0.31,538,0,0,0.0,1.00,1.00,1.00,3.51,2.04,7.96,54.9
474000,1,514,8.2,0.0,0.0,0.0,8.1,0.0,1.01,15.9,11,325,18.13,0.34,514,0,0,0.0,1.01,1.00,1.01,3.49,2.07,7.94,55.1
475000,1,549,8.2,0.0,0.0,0.0,8.2,0.0,1.00,15.9,10,317,17.74,0.34,549,0,0,0.0,1.00,1.00,1.00,3.42,2.05,7.94,54.4
476000,1,534,8.2,0.0,0.0,0.1,8.1,0.0,1.00,15.9,9,300,16.75,0.36,534,0,0,0.0,1.00,1.00,1.00,3.48,2.05,7.95,55.8
477000,1,565,8.2,0.0,0.1,0.0,8.1,0.0,1.00,15.9,14,294,16.33,0.29,565,0,0,0.0,1.00,1.00,1.00,3.39,2.08,7.88,55.5
478000,1,544,8.2,0.0,0.0,0.1,8.1,0.0,1.00,15.8,10,290,16.25,0.30,540,4,0,0.0,1.01,1.00,1.01,3.44,2.07,7.94,55.6
479000,1,536,8.3,0.2,0.0,0.0,8.0,0.0,1.07,15.9,10,309,17.30,0.31,536,0,0,0.0,1.04,1.08,1.08,3.42,2.06,7.96,55.1
480000,1,533,8.1,0.0,0.0,0.0,8.1,0.0,1.00,15.9,11,288,16.05,0.30,533,0,0,0.0,1.00,1.00,1.00,3.40,2.05,7.93,55.2
481000,1,538,8.0,0.0,0.0,0.0,8.0,0.0,1.01,16.0,7,316,17.55,0.31,538,0,0,0.0,1.01,1.01,1.01,3.44,2.03,7.92,54.8
482000,1,539,8.0,0.0,0.0,0.0,8.0,0.0,1.00,16.0,5,330,18.33,0.31,539,0,0,0.0,1.00,1.00,1.00,3.50,2.01,7.98,54.2
483000,1,543,8.5,0.1,0.0,0.0,8.3,0.0,1.02,15.8,16,310,17.40,0.35,543,0,0,0.0,1.03,1.02,1.02,3.41,2.07,7.96,54.6
484000,1,532,8.1,0.0,0.0,0.0,8.1,0.0,1.00,16.0,9,328,18.27,0.34,532,0,0,0.0,1.00,1.00,1.00,3.46,2.04,7.95,54.4
485000,1,555,8.2,0.0,0.0,0.0,8.2,0.0,1.00,15.9,8,302,16.89,0.31,555,0,0,0.0,1.00,1.00,1.00,3.46,2.06,7.96,54.6
486000,1,550,8.7,0.0,0.0,0.0,8.7,0.0,1.00,15.8,9,291,16.39,0.30,550,0,0,0.0,1.00,1.00,1.00,3.55,2.08,7.98,54.3
487000,1,547,8.4,0.0,0.0,0.1,8.2,0.0,1.00,15.9,12,291,16.28,0.30,547,0,0,0.0,1.00,1.00,1.00,3.52,2.07,7.94,54.4
488000,1,532,8.2,0.0,0.0,0.0,8.1,0.0,1.01,15.9,10,310,17.35,0.36,532,0,0,0.0,1.02,1.00,1.01,3.39,2.05,7.96,54.1
489000,1,550,8.3,0.0,0.0,0.2,8.1,0.0,1.00,15.9,12,328,18.22,0.34,550,0,0,0.0,1.01,1.00,1.00,3.45,2.05,7.95,55.2
490000,1,549,8.3,0.0,0.0,0.1,8.2,0.0,1.01,15.9,12,289,16.30,0.32,549,0,0,0.0,1.01,1.01,1.01,3.42,2.05,7.98,54.5
491000,1,559,8.2,0.0,0.0,0.1,8.0,0.0,1.01,15.9,10,286,16.06,0.29,559,0,0,0.0,1.01,1.01,1.01,3.40,2.05,7.94,55.0
492000,1,532,8.4,0.0,0.0,0.1,8.3,0.0,1.00,15.9,8,301,16.93,0.31,532,0,0,0.0,1.00,1.00,1.00,3.46,2.08,7.95,54.8
493000,1,526,8.5,0.0,0.1,0.0,8.3,0.0,1.00,15.8,13,317,17.79,0.31,526,0,0,0.0,1.00,1.00,1.00,3.46,2.07,7.98,54.4
494000,1,542,8.1,0.0,0.0,0.1,8.0,0.0,1.00,16.0,8,299,16.85,0.31,542,0,0,0.0,1.00,1.00,1.00,3.42,2.04,7.92,55.3
495000,1,536,8.3,0.0,0.0,0.2,8.1,0.0,1.01,15.9,13,323,18.14,0.37,536,0,0,0.0,1.00,1.01,1.02,3.51,2.06,7.96,54.7
496000,1,548,8.1,0.0,0.0,0.0,8.1,0.0,1.00,16.0,5,303,16.92,0.31,548,0,0,0.0,1.00,1.00,1.00,3.39,2.02,7.96,54.7
497000,1,541,8.1,0.0,0.0,0.0,8.0,0.0,1.02,16.0,9,318,17.71,0.33,541,0,0,0.0,1.01,1.01,1.03,3.50,2.04,7.96,55.0
498000,1,550,8.1,0.0,0.0,0.0,8.1,0.0,1.00,15.9,11,300,16.84,0.30,550,0,0,0.0,1.00,1.00,1.00,3.41,2.05,7.96,54.5
499000,1,545,8.3,0.0,0.0,0.2,8.1,0.0,1.00,15.9,14,284,16.03,0.28,545,0,0,0.0,1.00,1.00,1.00,3.37,2.07,7.94,55.4
500000,1,540,8.2,0.0,0.0,0.1,8.1,0.0,1.01,15.9,9,310,17.48,0.32,540,0,0,0.0,1.01,1.00,1.01,3.41,2.05,7.96,55.2
501000,1,537,8.4,0.0,0.0,0.0,8.4,0.0,1.00,15.8,8,313,17.55,0.32,537,0,0,0.0,1.00,1.00,1.00,3.40,2.07,7.98,54.9
502000,1,536,8.5,0.1,0.1,0.0,8.3,0.0,1.04,15.8,14,286,16.18,0.32,535,1,0,0.0,1.04,1.04,1.04,3.46,2.09,7.94,56.5
503000,1,530,8.1,0.0,0.0,0.0,8.1,0.0,1.00,15.9,9,288,16.32,0.30,530,0,0,0.0,1.00,1.00,1.00,3.44,2.04,7.97,55.4
504000,1,534,8.3,0.0,0.0,0.0,8.2,0.0,1.01,15.8,9,317,17.86,0.32,534,0,0,0.0,1.00,1.02,1.01,3.42,2.07,7.97,54.5
505000,1,542,8.0,0.0,0.0,0.0,8.0,0.0,1.00,16.0,5,311,17.36,0.34,542,0,0,0.0,1.00,1.00,1.00,3.42,2.01,7.96,54.8
506000,1,558,8.1,0.0,0.0,0.0,8.1,0.0,1.00,16.0,7,314,17.65,0.30,558,0,0,0.0,1.00,1.00,1.00,3.46,2.02,7.98,55.6
507000,1,536,8.4,0.0,0.0,0.0,8.3,0.0,1.00,15.8,14,287,16.09,0.30,536,0,0,0.0,1.00,1.00,1.00,3.45,2.09,7.95,54.7
508000,1,552,8.1,0.0,0.0,0.0,8.1,0.0,1.00,16.0,9,311,17.52,0.35,552,0,0,0.0,1.00,1.00,1.00,3.41,2.02,7.96,54.1
509000,1,529,8.5,0.0,0.0,0.1,8.4,0.0,1.01,15.8,11,303,17.16,0.31,528,1,0,0.0,1.01,1.01,1.01,3.50,2.08,7.96,55.0
510000,1,553,8.2,0.0,0.0,0.0,8.2,0.0,1.00,16.0,12,317,17.78,0.32,553,0,0,0.0,1.00,1.00,1.00,3.46,2.05,7.90,54.7
511000,1,563,8.4,0.0,0.0,0.0,8.4,0.0,1.00,15.8,12,314,17.60,0.30,563,0,0,0.0,1.00,1.00,1.00,3.45,2.09,7.94,55.3
512000,1,550,8.2,0.0,0.0,0.1,8.1,0.0,1.00,16.0,9,312,17.77,0.32,550,0,0,0.0,1.00,1.00,1.00,3.48,2.04,7.93,54.7
513000,1,530,8.1,0.0,0.0,0.0,8.1,0.0,1.00,16.0,7,300,16.81,0.28,530,0,0,0.0,1.00,1.00,1.00,3.38,2.02,7.97,56.1
514000,1,545,8.5,0.1,0.0,0.1,8.2,0.0,1.05,15.8,12,282,15.96,0.28,545,0,0,0.0,1.05,1.05,1.06,3.47,2.07,7.97,55.3
515000,1,537,8.1,0.0,0.0,0.0,8.1,0.0,1.00,15.9,9,320,17.95,0.33,537,0,0,0.0,1.00,1.00,1.00,3.45,2.04,7.96,54.6
516000,1,531,8.0,0.0,0.0,0.0,8.0,0.0,1.00,16.0,7,325,18.37,0.32,531,0,0,0.0,1.00,1.00,1.00,3.38,2.02,7.95,55.2
517000,1,549,8.4,0.0,0.0,0.1,8.3,0.0,1.00,15.8,11,334,18.80,0.31,548,1,0,0.0,1.00,1.00,1.00,3.46,2.06,7.98,55.0
518000,1,524,8.2,0.0,0.0,0.0,8.2,0.0,1.00,15.9,9,322,18.00,0.30,524,0,0,0.0,1.00,1.00,1.00,3.42,2.05,7.97,54.1
519000,1,547,8.4,0.0,0.1,0.1,8.3,0.0,1.00,15.8,7,309,17.38,0.32,547,0,0,0.0,1.00,1.00,1.00,3.40,2.06,8.00,54.5
520000,1,552,8.2,0.1,0.0,0.0,8.1,0.0,1.05,15.9,11,298,16.67,0.28,552,0,0,0.0,1.05,1.04,1.06,3.46,2.06,7.96,55.1
521000,1,537,8.2,0.0,0.0,0.0,8.1,0.0,1.02,15.9,9,293,16.46,0.28,537,0,0,0.0,1.02,1.02,1.03,3.44,2.04,7.98,54.9
522000,1,538,8.1,0.1,0.0,0.0,8.0,0.0,1.02,15.9,8,329,18.45,0.32,538,0,0,0.0,1.03,1.02,1.02,3.37,2.03,7.98,55.2
523000,1,545,8.4,0.1,0.0,0.0,8.3,0.0,1.01,15.8,15,288,16.13,0.32,545,0,0,0.0,1.02,1.01,1.02,3.44,2.08,7.95,55.4
524000,1,532,8.2,0.1,0.1,0.1,8.1,0.0,1.01,16.0,12,303,16.85,0.32,532,0,0,0.0,1.02,1.01,1.01,3.43,2.05,7.92,54.3
525000,1,534,8.3,0.1,0.0,0.0,8.2,0.0,1.04,15.9,13,323,18.05,0.32,534,0,0,0.0,1.05,1.05,1.04,3.37,2.09,7.91,54.4
526000,1,536,8.1,0.0,0.0,0.0,8.1,0.0,1.00,16.0,7,312,17.45,0.32,536,0,0,0.0,1.00,1.00,1.00,3.41,2.03,7.93,55.5
527000,1,539,8.4,0.0,0.0,0.2,8.2,0.0,1.02,15.9,12,281,15.65,0.29,539,0,0,0.0,1.01,1.02,1.02,3.43,2.08,7.91,54.5
528000,1,539,8.1,0.0,0.0,0.0,8.1,0.0,1.01,16.0,8,283,15.84,0.27,539,0,0,0.0,1.01,1.01,1.01,3.40,2.04,7.95,55.7
529000,1,552,8.4,0.0,0.0,0.0,8.4,0.0,1.00,15.8,11,307,17.04,0.29,552,0,0,0.0,1.00,1.00,1.00,3.49,2.07,7.97,54.1
530000,1,552,8.1,0.0,0.0,0.0,8.1,0.0,1.00,15.9,6,301,16.80,0.28,552,0,0,0.0,1.00,1.00,1.00,3.41,2.02,7.97,54.3
531000,1,546,8.3,0.0,0.0,0.0,8.3,0.0,1.00,15.9,10,303,16.82,0.30,546,0,0,0.0,1.00,1.00,1.00,3.38,2.08,7.91,54.9
532000,1,529,8.0,0.0,0.0,0.0,8.0,0.0,1.00,15.9,5,327,18.10,0.31,529,0,0,0.0,1.00,1.00,1.00,3.42,2.02,7.98,55.1
533000,1,541,8.3,0.1,0.0,0.0,8.2,0.0,1.02,15.9,9,323,17.94,0.32,541,0,0,0.0,1.03,1.02,1.02,3.45,2.06,7.95,55.0
534000,1,550,8.3,0.0,0.0,0.2,8.0,0.0,1.00,15.9,12,300,16.81,0.31,550,0,0,0.0,1.00,1.00,1.00,3.43,2.07,7.96,54.7
535000,1,541,8.0,0.0,0.0,0.0,8.0,0.0,1.00,16.0,8,332,18.59,0.35,541,0,0,0.0,1.00,1.00,1.00,3.41,2.03,7.92,55.5
536000,1,535,8.3,0.0,0.0,0.0,8.3,0.0,1.00,15.9,10,326,18.11,0.32,535,0,0,0.0,1.01,1.00,1.00,3.50,2.06,7.91,54.3
537000,1,561,8.1,0.0,0.0,0.0,8.1,0.0,1.00,16.0,10,294,16.42,0.30,561,0,0,0.0,1.00,1.00,1.00,3.46,2.05,7.91,54.9
538000,1,547,8.3,0.0,0.0,0.0,8.3,0.0,1.01,15.8,11,301,16.81,0.30,547,0,0,0.0,1.01,1.01,1.01,3.50,2.05,7.98,54.9
539000,1,537,8.2,0.0,0.0,0.0,8.1,0.0,1.00,16.0,10,303,16.89,0.31,537,0,0,0.0,1.00,1.00,1.00,3.45,2.04,7.92,54.6
540000,1,519,8.3,0.0,0.0,0.2,8.1,0.0,1.00,15.8,10,323,18.11,0.33,519,0,0,0.0,1.00,1.00,1.00,3.51,2.07,7.95,54.2
541000,1,545,8.3,0.1,0.0,0.0,8.3,0.0,1.02,15.8,10,297,16.62,0.32,545,0,0,0.0,1.02,1.01,1.02,3.48,2.08,7.92,55.1
542000,1,536,8.2,0.0,0.0,0.0,8.2,0.0,1.00,16.0,7,318,17.62,0.33,536,0,0,0.0,1.00,1.00,1.00,3.48,2.05,7.91,55.2
543000,1,536,8.2,0.0,0.0,0.0,8.2,0.0,1.00,15.9,9,300,16.68,0.31,536,0,0,0.0,1.00,1.00,1.00,3.51,2.07,7.92,54.9
544000,1,537,8.3,0.1,0.0,0.0,8.2,0.0,1.02,15.9,9,332,18.41,0.32,537,0,0,0.0,1.02,1.02,1.02,3.43,2.07,7.89,54.7
545000,1,561,8.1,0.0,0.0,0.0,8.1,0.0,1.00,16.0,7,305,16.91,0.33,561,0,0,0.0,1.00,1.00,1.00,3.44,2.02,7.96,54.9
546000,1,533,8.0,0.0,0.0,0.0,8.0,0.0,1.00,16.0,5,311,17.42,0.31,533,0,0,0.0,1.00,1.00,1.00,3.46,2.02,7.95,55.4
547000,1,540,8.2,0.0,0.0,0.1,8.2,0.0,1.00,15.9,11,302,17.01,0.32,540,0,0,0.0,1.00,1.00,1.00,3.54,2.05,7.96,54.5
548000,1,546,8.2,0.0,0.0,0.0,8.2,0.0,1.00,15.9,10,295,16.48,0.31,546,0,0,0.0,1.00,1.00,1.00,3.41,2.05,7.97,54.7
549000,1,547,8.1,0.0,0.0,0.0,8.1,0.0,1.00,15.9,10,293,16.27,0.31,547,0,0,0.0,1.00,1.00,1.00,3.49,2.05,7.96,54.9
550000,1,527,8.2,0.0,0.0,0.0,8.2,0.0,1.00,15.9,10,325,18.21,0.34,527,0,0,0.0,1.00,1.00,1.00,3.46,2.05,7.97,54.7
551000,1,542,8.1,0.0,0.0,0.0,8.1,0.0,1.00,15.9,9,326,18.24,0.32,542,0,0,0.0,1.00,1.00,1.00,3.48,2.04,7.97,55.0
552000,1,553,8.2,0.1,0.0,0.0,8.0,0.0,1.04,15.9,10,319,17.79,0.30,553,0,0,0.0,1.04,1.04,1.04,3.45,2.04,7.96,55.0
553000,1,555,8.2,0.0,0.0,0.0,8.2,0.0,1.01,15.9,10,308,17.23,0.31,555,0,0,0.0,1.01,1.00,1.01,3.46,2.07,7.92,54.6
554000,1,554,8.2,0.0,0.0,0.0,8.2,0.0,1.00,15.9,11,315,17.48,0.29,554,0,0,0.0,1.00,1.00,1.00,3.39,2.06,7.96,55.0
555000,1,551,8.3,0.0,0.0,0.0,8.3,0.0,1.00,15.9,11,307,17.23,0.32,551,0,0,0.0,1.00,1.00,1.00,3.42,2.05,7.97,55.1
556000,1,521,8.4,0.0,0.0,0.0,8.3,0.0,1.00,15.9,7,342,19.11,0.35,521,0,0,0.0,1.00,1.00,1.00,3.48,2.04,7.98,54.4
557000,1,553,8.3,0.0,0.0,0.0,8.2,0.0,1.01,16.0,8,270,15.11,0.30,553,0,0,0.0,1.02,1.01,1.01,3.50,2.06,7.92,55.4
558000,1,533,8.1,0.0,0.0,0.0,8.1,0.0,1.00,16.0,6,335,18.69,0.36,533,0,0,0.0,1.00,1.00,1.00,3.47,2.03,7.94,54.4
559000,1,560,8.2,0.0,0.0,0.1,8.1,0.0,1.00,15.9,11,299,16.78,0.28,560,0,0,0.0,1.00,1.00,1.00,3.42,2.04,7.96,55.1
560000,1,565,8.4,0.0,0.0,0.1,8.3,0.0,1.00,15.8,13,309,17.42,0.32,565,0,0,0.0,1.01,1.00,1.01,3.48,2.08,7.93,55.3
561000,1,546,8.4,0.0,0.0,0.0,8.3,0.0,1.01,15.8,10,311,17.25,0.32,546,0,0,0.0,1.01,1.00,1.01,3.48,2.08,7.93,54.6
562000,1,548,8.5,0.1,0.1,0.1,8.2,0.0,1.04,15.8,14,305,17.13,0.33,548,0,0,0.0,1.04,1.03,1.04,3.42,2.12,7.93,54.7
563000,1,540,8.3,0.1,0.1,0.1,8.1,0.0,1.01,15.9,12,302,16.96,0.30,540,0,0,0.0,1.02,1.01,1.01,3.48,2.05,7.93,54.5
564000,1,553,8.2,0.0,0.0,0.1,8.1,0.0,1.00,15.9,9,303,16.98,0.29,553,0,0,0.0,1.00,1.00,1.00,3.46,2.07,7.96,55.1
565000,1,543,8.2,0.0,0.0,0.0,8.2,0.0,1.00,15.9,7,347,19.43,0.35,543,0,0,0.0,1.00,1.00,1.00,3.46,2.05,7.98,55.2
566000,1,540,8.3,0.1,0.0,0.0,8.2,0.0,1.02,15.9,11,332,18.53,0.32,540,0,0,0.0,1.02,1.02,1.03,3.45,2.09,7.89,54.5
567000,1,553,8.4,0.2,0.0,0.1,8.2,0.0,1.06,15.9,8,297,16.64,0.30,553,0,0,0.0,1.05,1.04,1.07,3.47,2.07,7.96,55.1
568000,1,547,8.3,0.0,0.0,0.0,8.3,0.0,1.00,15.9,9,291,16.26,0.32,547,0,0,0.0,1.00,1.00,1.00,3.48,2.06,7.96,54.6
569000,1,535,8.3,0.2,0.1,0.0,8.1,0.0,1.04,15.9,10,328,18.22,0.34,535,0,0,0.0,1.02,1.04,1.05,3.43,2.05,7.96,54.2
570000,1,521,8.3,0.0,0.1,0.1,8.2,0.0,1.00,15.9,10,303,16.95,0.33,521,0,0,0.0,1.00,1.00,1.00,3.45,2.05,7.99,54.8
571000,1,532,8.1,0.0,0.0,0.0,8.1,0.0,1.00,15.9,8,312,17.40,0.30,532,0,0,0.0,1.00,1.00,1.00,3.41,2.05,7.97,55.8
572000,1,546,8.2,0.0,0.0,0.0,8.1,0.0,1.00,16.0,11,295,16.55,0.31,546,0,0,0.0,1.00,1.00,1.00,3.46,2.07,7.90,55.2
573000,1,531,8.2,0.0,0.1,0.0,8.1,0.0,1.00,15.9,11,301,16.79,0.36,531,0,0,0.0,1.00,1.00,1.00,3.40,2.06,7.93,54.9
574000,1,550,8.3,0.0,0.0,0.2,8.1,0.0,1.00,15.9,8,308,17.29,0.33,550,0,0,0.0,1.00,1.00,1.00,3.49,2.06,7.95,54.4
575000,1,542,8.3,0.0,0.0,0.2,8.1,0.0,1.01,15.9,8,314,17.40,0.29,542,0,0,0.0,1.01,1.01,1.01,3.46,2.05,7.96,54.6
576000,1,554,8.3,0.0,0.0,0.0,8.3,0.0,1.01,15.9,10,290,16.17,0.30,554,0,0,0.0,1.01,1.01,1.02,3.39,2.05,7.97,55.5
577000,1,553,8.5,0.1,0.1,0.1,8.3,0.0,1.02,15.8,13,298,16.59,0.29,553,0,0,0.0,1.03,1.03,1.02,3.47,2.08,7.95,54.4
578000,1,541,8.1,0.0,0.0,0.0,8.1,0.0,1.00,15.9,11,295,16.45,0.31,541,0,0,0.0,1.00,1.00,1.00,3.39,2.06,7.93,55.2
579000,1,530,8.1,0.0,0.0,0.0,8.0,0.0,1.00,15.9,6,311,17.33,0.30,530,0,0,0.0,1.00,1.00,1.00,3.47,2.03,7.97,55.1
580000,1,542,8.4,0.1,0.0,0.2,8.1,0.0,1.01,15.8,11,324,17.96,0.32,542,0,0,0.0,1.00,1.02,1.01,3.48,2.06,7.99,54.8
581000,1,545,8.1,0.0,0.0,0.1,8.0,0.0,1.00,16.0,6,321,17.90,0.32,545,0,0,0.0,1.00,1.00,1.00,3.47,2.03,7.97,55.1
582000,1,545,8.1,0.0,0.0,0.0,8.0,0.0,1.00,15.9,10,310,17.31,0.32,545,0,0,0.0,1.00,1.00,1.00,3.45,2.03,7.98,55.2
583000,1,524,8.2,0.0,0.1,0.0,8.1,0.0,1.00,15.9,9,338,18.91,0.35,524,0,0,0.0,1.00,1.00,1.00,3.45,2.06,7.97,54.6
584000,1,547,8.1,0.0,0.0,0.1,8.0,0.0,1.01,15.9,9,295,16.49,0.30,547,0,0,0.0,1.01,1.00,1.01,3.42,2.05,7.93,54.7
585000,1,544,8.0,0.0,0.0,0.0,8.0,0.0,1.01,16.0,6,302,16.80,0.29,544,0,0,0.0,1.01,1.01,1.02,3.37,2.03,7.90,54.5
586000,1,539,8.2,0.1,0.0,0.0,8.1,0.0,1.02,15.9,10,297,16.50,0.28,539,0,0,0.0,1.02,1.01,1.02,3.43,2.05,7.94,54.7
587000,1,568,8.3,0.0,0.0,0.0,8.3,0.0,1.00,15.9,12,285,15.95,0.30,568,0,0,0.0,1.00,1.00,1.00,3.42,2.06,7.91,55.3
588000,1,538,8.2,0.1,0.0,0.0,8.0,0.0,1.02,15.9,6,304,17.07,0.31,538,0,0,0.0,1.00,1.04,1.03,3.42,2.05,7.95,55.0
589000,1,538,8.0,0.0,0.0,0.1,8.0,0.0,1.00,16.0,5,331,18.36,0.31,538,0,0,0.0,1.00,1.00,1.00,3.41,2.03,7.92,54.9
590000,1,540,8.3,0.0,0.0,0.0,8.2,0.0,1.00,15.9,12,322,17.95,0.32,540,0,0,0.0,1.00,1.00,1.00,3.43,2.05,7.97,54.9
591000,1,547,8.1,0.0,0.0,0.0,8.0,0.0,1.00,16.0,6,307,17.09,0.30,547,0,0,0.0,1.00,1.00,1.00,3.39,2.03,7.98,55.0
592000,1,549,8.3,0.0,0.0,0.1,8.2,0.0,1.00,15.9,10,291,16.29,0.29,549,0,0,0.0,1.00,1.00,1.00,3.50,2.08,7.92,55.3
593000,1,551,8.4,0.0,0.0,0.0,8.3,0.0,1.01,15.9,14,279,15.69,0.30,550,1,0,0.0,1.01,1.00,1.01,3.41,2.07,7.94,55.5
594000,1,546,8.2,0.0,0.0,0.0,8.2,0.0,1.00,15.9,7,317,17.72,0.30,546,0,0,0.0,1.00,1.00,1.00,3.45,2.04,7.97,54.8
595000,1,513,8.1,0.0,0.0,0.0,8.1,0.0,1.00,15.9,7,327,18.35,0.35,513,0,0,0.0,1.00,1.00,1.00,3.45,2.03,7.97,55.5
596000,1,542,8.2,0.0,0.0,0.0,8.2,0.0,1.00,15.9,8,290,16.23,0.30,542,0,0,0.0,1.00,1.00,1.00,3.46,2.04,7.98,54.8
597000,1,556,8.3,0.0,0.0,0.1,8.3,0.0,1.00,15.9,9,320,17.91,0.32,556,0,0,0.0,1.00,1.00,1.00,3.51,2.06,7.98,55.1
598000,1,537,8.2,0.0,0.1,0.1,8.1,0.0,1.00,15.9,8,326,18.02,0.33,537,0,0,0.0,1.00,1.00,1.00,3.44,2.05,7.94,54.1
599000,1,559,8.4,0.1,0.0,0.1,8.2,0.0,1.02,15.9,9,301,16.69,0.28,559,0,0,0.0,1.02,1.01,1.03,3.47,2.07,7.95,55.1
600000,1,532,8.2,0.0,0.0,0.0,8.2,0.0,1.00,15.9,11,300,16.78,0.33,532,0,0,0.0,1.00,1.00,1.00,3.44,2.07,7.92,55.2
601000,1,546,8.3,0.0,0.0,0.0,8.3,0.0,1.00,15.9,12,313,17.48,0.30,546,0,0,0.0,1.00,1.00,1.00,3.45,2.06,7.92,54.2
602000,1,538,8.2,0.0,0.0,0.0,8.2,0.0,1.00,15.9,12,297,16.66,0.30,538,0,0,0.0,1.01,1.00,1.00,3.46,2.06,7.95,55.1
603000,1,531,8.3,0.0,0.0,0.1,8.2,0.0,1.00,15.9,7,322,18.09,0.32,531,0,0,0.0,1.00,1.00,1.00,3.45,2.05,7.97,54.5
604000,1,530,8.1,0.0,0.0,0.1,8.0,0.0,1.00,15.9,10,302,16.85,0.29,530,0,0,0.0,1.00,1.00,1.00,3.46,2.06,7.93,54.3
605000,1,562,8.2,0.0,0.0,0.1,8.1,0.0,1.00,15.9,10,324,18.12,0.33,562,0,0,0.0,1.00,1.00,1.00,3.41,2.06,7.94,54.7
606000,1,545,8.3,0.0,0.0,0.2,8.1,0.0,1.00,15.9,9,299,16.78,0.34,545,0,0,0.0,1.00,1.00,1.00,3.45,2.04,7.97,54.2
607000,1,547,8.3,0.0,0.0,0.0,8.2,0.0,1.00,15.9,8,296,16.35,0.32,547,0,0,0.0,1.00,1.00,1.00,3.53,2.04,7.97,54.8
608000,1,545,8.3,0.0,0.0,0.1,8.2,0.0,1.01,15.9,9,291,16.28,0.32,545,0,0,0.0,1.01,1.00,1.01,3.43,2.06,7.97,54.3
609000,1,545,8.2,0.0,0.1,0.1,8.1,0.0,1.00,15.9,14,290,16.21,0.29,545,0,0,0.0,1.00,1.00,1.00,3.42,2.05,7.91,55.6
610000,1,534,8.3,0.0,0.0,0.2,8.2,0.0,1.00,15.9,11,299,16.88,0.34,534,0,0,0.0,1.00,1.00,1.00,3.53,2.08,7.95,54.6
611000,1,547,8.5,0.1,0.0,0.1,8.4,0.0,1.02,15.8,13,301,16.76,0.30,547,0,0,0.0,1.02,1.02,1.02,3.43,2.09,7.95,55.4
612000,1,544,8.2,0.0,0.0,0.3,8.0,0.0,1.00,15.9,11,293,16.40,0.32,544,0,0,0.0,1.00,1.00,1.00,3.41,2.06,7.90,55.9
613000,1,553,8.2,0.0,0.0,0.1,8.1,0.0,1.00,15.9,9,302,16.88,0.32,553,0,0,0.0,1.00,1.00,1.00,3.41,2.05,7.95,55.0
614000,1,542,8.5,0.0,0.0,0.0,8.4,0.0,1.02,15.7,13,326,18.11,0.33,542,0,0,0.0,1.02,1.01,1.02,3.47,2.08,8.00,54.8
615000,1,552,8.2,0.0,0.0,0.0,8.1,0.0,1.00,15.8,12,307,17.07,0.30,552,0,0,0.0,1.00,1.00,1.00,3.44,2.07,7.96,54.8
616000,1,541,8.3,0.0,0.0,0.2,8.1,0.0,1.00,15.9,11,345,19.16,0.33,541,0,0,0.0,1.00,1.00,1.00,3.48,2.06,7.98,54.7
617000,1,552,8.2,0.0,0.0,0.2,8.0,0.0,1.00,15.9,11,321,17.94,0.32,552,0,0,0.0,1.00,1.00,1.00,3.41,2.07,7.94,55.4
618000,1,545,8.2,0.1,0.0,0.1,8.0,0.0,1.02,15.9,5,321,17.93,0.33,545,0,0,0.0,1.02,1.02,1.02,3.42,2.04,7.99,54.0
619000,1,537,8.3,0.0,0.0,0.0,8.3,0.0,1.01,15.9,8,312,17.41,0.32,537,0,0,0.0,1.01,1.01,1.02,3.43,2.06,7.97,54.8
620000,1,542,8.3,0.0,0.1,0.1,8.1,0.0,1.00,15.9,14,308,17.17,0.31,542,0,0,0.0,1.00,1.00,1.00,3.51,2.08,7.94,54.5
621000,1,550,8.5,0.0,0.1,0.2,8.1,0.0,1.01,15.8,14,286,16.06,0.30,550,0,0,0.0,1.01,1.00,1.01,3.44,2.09,7.93,55.3
622000,1,556,8.3,0.0,0.0,0.1,8.2,0.0,1.00,15.8,9,318,17.84,0.36,556,0,0,0.0,1.00,1.00,1.00,3.47,2.07,7.98,55.4
623000,1,545,8.3,0.0,0.0,0.0,8.3,0.0,1.00,15.8,16,314,17.67,0.33,545,0,0,0.0,1.00,1.00,1.00,3.42,2.09,7.92,55.0
624000,1,548,8.4,0.0,0.0,0.0,8.4,0.0,1.00,15.8,11,315,17.52,0.31,548,0,0,0.0,1.00,1.00,1.00,3.42,2.06,7.96,54.5
625000,1,534,8.2,0.1,0.0,0.2,7.9,0.0,1.02,16.0,8,323,18.10,0.36,534,0,0,0.0,1.02,1.02,1.02,3.47,2.05,7.93,54.9
626000,1,548,8.2,0.1,0.0,0.1,8.1,0.0,1.01,15.9,7,303,17.04,0.34,548,0,0,0.0,1.02,1.01,1.01,3.42,2.04,7.98,54.9
627000,1,543,8.3,0.0,0.0,0.0,8.3,0.0,1.01,15.9,13,301,16.68,0.32,543,0,0,0.0,1.01,1.00,1.01,3.52,2.05,7.96,54.5
628000,1,535,8.1,0.1,0.0,0.0,8.0,0.0,1.03,16.0,10,310,17.31,0.33,535,0,0,0.0,1.00,1.04,1.03,3.53,2.04,7.92,54.3
629000,1,545,8.2,0.0,0.0,0.1,8.1,0.0,1.00,15.9,10,319,17.82,0.34,545,0,0,0.0,1.00,1.00,1.00,3.39,2.04,7.96,54.3
630000,1,534,8.4,0.1,0.0,0.1,8.2,0.0,1.02,15.9,11,330,18.40,0.32,534,0,0,0.0,1.03,1.02,1.02,3.44,2.07,7.93,54.9
631000,1,539,8.4,0.1,0.1,0.1,8.2,0.0,1.02,15.9,14,336,18.71,0.35,539,0,0,0.0,1.02,1.03,1.02,3.45,2.08,7.94,54.4
632000,1,544,8.3,0.1,0.0,0.1,8.2,0.0,1.02,15.9,12,288,16.11,0.30,544,0,0,0.0,1.03,1.02,1.02,3.43,2.08,7.90,54.6
633000,1,540,8.1,0.0,0.0,0.1,8.1,0.0,1.00,16.0,9,321,17.77,0.33,540,0,0,0.0,1.00,1.00,1.00,3.43,2.04,7.93,55.4
634000,1,535,8.1,0.0,0.0,0.1,8.0,0.0,1.00,16.0,8,281,15.76,0.28,535,0,0,0.0,1.00,1.00,1.00,3.39,2.02,7.94,55.7
635000,1,527,8.5,0.1,0.1,0.1,8.2,0.0,1.03,15.8,12,307,17.12,0.33,527,0,0,0.0,1.03,1.02,1.03,3.52,2.08,7.96,54.4
636000,1,529,8.2,0.0,0.1,0.1,8.0,0.0,1.00,15.9,10,317,17.71,0.32,529,0,0,0.0,1.00,1.00,1.00,3.46,2.05,7.94,55.0
637000,1,526,8.2,0.0,0.0,0.0,8.2,0.0,1.01,15.9,11,332,18.61,0.34,526,0,0,0.0,1.01,1.01,1.01,3.47,2.05,7.97,54.9
638000,1,558,8.2,0.1,0.0,0.0,8.1,0.0,1.02,15.9,11,305,16.94,0.31,558,0,0,0.0,1.02,1.02,1.02,3.45,2.06,7.97,55.3
639000,1,559,8.2,0.0,0.0,0.1,8.2,0.0,1.00,15.9,9,317,17.60,0.32,559,0,0,0.0,1.00,1.00,1.00,3.49,2.08,7.91,55.1
640000,1,545,8.1,0.0,0.0,0.0,8.1,0.0,1.00,16.0,6,304,16.96,0.33,545,0,0,0.0,1.00,1.00,1.00,3.44,2.01,7.98,54.2
641000,1,529,8.1,0.0,0.0,0.0,8.1,0.0,1.00,15.9,10,326,18.15,0.34,529,0,0,0.0,1.00,1.00,1.00,3.44,2.04,7.94,55.1
642000,1,532,8.2,0.0,0.0,0.1,8.1,0.0,1.00,15.9,7,303,16.97,0.31,532,0,0,0.0,1.00,1.00,1.00,3.39,2.03,8.00,55.8
643000,1,550,8.1,0.1,0.0,0.0,8.0,0.0,1.02,15.9,11,316,17.71,0.32,550,0,0,0.0,1.02,1.01,1.02,3.38,2.05,7.94,55.3
644000,1,549,8.2,0.0,0.0,0.0,8.2,0.0,1.02,15.9,10,325,18.07,0.35,549,0,0,0.0,1.01,1.01,1.02,3.46,2.04,7.98,55.4
645000,1,559,8.2,0.0,0.1,0.1,8.0,0.0,1.00,15.9,11,290,16.28,0.33,559,0,0,0.0,1.00,1.00,1.00,3.39,2.06,7.92,54.1
646000,1,548,8.4,0.0,0.0,0.0,8.4,0.0,1.00,15.9,10,299,16.60,0.30,548,0,0,0.0,1.00,1.00,1.00,3.47,2.08,7.95,54.4
647000,1,535,8.2,0.0,0.0,0.1,8.0,0.0,1.00,15.9,7,315,17.68,0.34,535,0,0,0.0,1.00,1.00,1.00,3.52,2.03,7.98,54.7
648000,1,543,8.2,0.0,0.0,0.0,8.1,0.0,1.00,16.0,9,308,17.09,0.34,543,0,0,0.0,1.00,1.00,1.00,3.40,2.04,7.94,54.8
649000,1,546,8.0,0.0,0.0,0.0,8.0,0.0,1.00,16.0,6,300,16.75,0.29,546,0,0,0.0,1.00,1.00,1.00,3.44,2.02,7.95,54.7
650000,1,562,8.2,0.0,0.0,0.1,8.1,0.0,1.00,15.9,10,324,18.04,0.33,562,0,0,0.0,1.00,1.00,1.00,3.50,2.04,7.95,54.8
651000,1,553,8.3,0.0,0.0,0.1,8.2,0.0,1.01,15.9,10,292,16.47,0.32,553,0,0,0.0,1.01,1.00,1.01,3.44,2.06,7.97,55.3
652000,1,550,8.3,0.0,0.1,0.1,8.2,0.0,1.00,15.9,11,306,17.15,0.33,550,0,0,0.0,1.00,1.00,1.00,3.43,2.05,7.98,54.8
653000,1,537,8.2,0.0,0.0,0.0,8.1,0.0,1.01,15.9,7,321,17.87,0.29,537,0,0,0.0,1.01,1.01,1.01,3.42,2.04,7.99,55.0
654000,1,551,8.3,0.0,0.0,0.0,8.2,0.0,1.01,15.9,9,305,16.93,0.31,551,0,0,0.0,1.01,1.01,1.01,3.41,2.07,7.93,54.8
655000,1,537,8.3,0.0,0.0,0.1,8.2,0.0,1.00,15.9,14,326,18.16,0.31,537,0,0,0.0,1.00,1.00,1.00,3.54,2.09,7.93,54.8
656000,1,543,8.4,0.0,0.0,0.1,8.3,0.0,1.00,15.9,9,323,17.99,0.34,543,0,0,0.0,1.00,1.00,1.00,3.50,2.06,7.97,54.7
657000,1,547,8.0,0.0,0.0,0.0,8.0,0.0,1.00,16.0,7,309,17.31,0.32,547,0,0,0.0,1.00,1.00,1.00,3.49,2.03,7.97,55.0
658000,1,525,8.3,0.0,0.0,0.0,8.3,0.0,1.01,15.8,13,308,17.51,0.32,525,0,0,0.0,1.01,1.01,1.01,3.51,2.07,7.97,55.4
659000,1,524,8.4,0.0,0.0,0.1,8.3,0.0,1.00,15.8,13,318,17.71,0.33,524,0,0,0.0,1.00,1.00,1.00,3.44,2.08,7.96,54.3
660000,1,547,8.4,0.2,0.0,0.0,8.1,0.0,1.04,15.9,13,307,17.23,0.31,547,0,0,0.0,1.05,1.04,1.04,3.44,2.07,7.95,54.6
661000,1,557,8.4,0.0,0.1,0.0,8.3,0.0,1.00,15.8,13,301,16.85,0.32,557,0,0,0.0,1.00,1.00,1.00,3.48,2.07,7.97,55.1
662000,1,539,8.3,0.1,0.0,0.1,8.1,0.0,1.03,15.9,8,327,18.32,0.32,539,0,0,0.0,1.02,1.02,1.03,3.42,2.04,7.98,54.5
663000,1,540,8.3,0.0,0.1,0.0,8.2,0.0,1.00,15.9,12,309,17.21,0.32,540,0,0,0.0,1.00,1.00,1.00,3.43,2.07,7.95,55.2
664000,1,530,8.1,0.0,0.0,0.0,8.1,0.0,1.00,16.0,7,323,17.91,0.33,530,0,0,0.0,1.00,1.00,1.00,3.47,2.02,7.92,54.9
665000,1,549,8.5,0.0,0.0,0.1,8.4,0.0,1.00,15.8,16,294,16.56,0.28,549,0,0,0.0,1.00,1.00,1.00,3.46,2.11,7.93,55.3
666000,1,529,8.2,0.0,0.0,0.1,8.1,0.0,1.00,15.9,7,302,16.91,0.32,529,0,0,0.0,1.00,1.00,1.00,3.49,2.03,7.97,54.6
667000,1,555,8.2,0.0,0.0,0.1,8.0,0.0,1.00,15.9,9,306,17.05,0.34,555,0,0,0.0,1.00,1.00,1.00,3.42,2.04,7.95,54.5
668000,1,553,8.3,0.0,0.0,0.1,8.2,0.0,1.00,15.9,9,322,17.95,0.32,553,0,0,0.0,1.00,1.00,1.00,3.49,2.06,7.96,54.7
669000,1,548,8.2,0.1,0.0,0.1,8.0,0.0,1.04,15.9,10,307,17.19,0.34,548,0,0,0.0,1.04,1.04,1.04,3.47,2.07,7.93,55.2
670000,1,539,8.3,0.0,0.0,0.1,8.2,0.0,1.00,15.9,13,308,17.32,0.34,539,0,0,0.0,1.00,1.00,1.00,3.47,2.08,7.94,54.2
671000,1,527,8.1,0.0,0.0,0.0,8.1,0.0,1.00,16.0,7,314,17.53,0.35,527,0,0,0.0,1.00,1.00,1.00,3.44,2.02,7.94,55.0
672000,1,563,8.2,0.0,0.0,0.0,8.2,0.0,1.00,15.9,15,283,15.98,0.33,563,0,0,0.0,1.00,1.00,1.00,3.46,2.07,7.89,55.0
673000,1,543,8.2,0.0,0.0,0.1,8.1,0.0,1.00,15.9,12,319,17.76,0.37,543,0,0,0.0,1.00,1.00,1.00,3.37,2.06,7.95,55.2
674000,1,557,8.1,0.1,0.0,0.0,8.0,0.0,1.01,16.0,9,314,17.47,0.32,557,0,0,0.0,1.02,1.01,1.01,3.43,2.04,7.92,54.9
675000,1,545,8.2,0.1,0.0,0.0,8.1,0.0,1.03,15.9,12,313,17.48,0.32,545,0,0,0.0,1.03,1.01,1.03,3.50,2.08,7.88,55.3
676000,1,545,8.1,0.0,0.0,0.0,8.0,0.0,1.01,16.0,7,302,16.91,0.30,545,0,0,0.0,1.01,1.01,1.01,3.37,2.04,7.95,54.2
677000,1,536,8.1,0.0,0.0,0.0,8.1,0.0,1.02,15.9,9,328,18.47,0.30,536,0,0,0.0,1.01,1.01,1.02,3.37,2.03,7.97,54.7
678000,1,521,8.2,0.0,0.0,0.1,8.2,0.0,1.00,15.9,10,349,19.40,0.33,521,0,0,0.0,1.00,1.00,1.00,3.43,2.04,7.97,54.5
679000,1,539,8.1,0.0,0.0,0.0,8.1,0.0,1.01,15.9,8,317,17.68,0.30,539,0,0,0.0,1.01,1.01,1.02,3.45,2.04,7.98,54.6
680000,1,543,8.1,0.1,0.0,0.0,8.0,0.0,1.01,16.0,12,300,16.88,0.33,543,0,0,0.0,1.02,1.01,1.01,3.44,2.05,7.91,55.0
681000,1,547,8.4,0.0,0.0,0.1,8.3,0.0,1.00,15.9,13,305,17.06,0.30,547,0,0,0.0,1.00,1.00,1.00,3.41,2.12,7.88,55.0
682000,1,552,8.4,0.0,0.1,0.0,8.3,0.0,1.00,15.9,9,299,16.84,0.32,552,0,0,0.0,1.00,1.00,1.00,3.45,2.06,7.98,55.0
683000,1,559,8.5,0.0,0.1,0.0,8.3,0.0,1.00,15.8,11,304,16.93,0.29,559,0,0,0.0,1.00,1.00,1.00,3.48,2.07,7.97,54.8
684000,1,540,8.7,0.0,0.0,0.0,8.6,0.0,1.00,15.7,16,305,17.23,0.33,540,0,0,0.0,1.00,1.00,1.00,3.44,2.10,7.95,54.7
685000,1,527,8.2,0.0,0.0,0.1,8.1,0.0,1.00,16.0,8,319,17.93,0.33,527,0,0,0.0,1.00,1.00,1.00,3.50,2.05,7.91,55.5
686000,1,537,8.2,0.1,0.0,0.1,8.1,0.0,1.03,15.9,9,302,16.78,0.30,536,1,0,0.0,1.03,1.03,1.04,3.51,2.05,7.98,56.2
687000,1,555,8.4,0.0,0.0,0.1,8.3,0.0,1.00,15.8,10,292,16.27,0.30,555,0,0,0.0,1.00,1.00,1.00,3.44,2.06,7.99,54.9
688000,1,550,8.1,0.0,0.0,0.1,8.0,0.0,1.00,15.9,10,299,16.88,0.30,550,0,0,0.0,1.00,1.00,1.00,3.41,2.05,7.95,55.2
689000,1,541,8.3,0.0,0.0,0.0,8.3,0.0,1.01,15.9,8,268,15.10,0.30,541,0,0,0.0,1.01,1.00,1.01,3.52,2.06,7.94,55.3
690000,1,542,8.3,0.0,0.0,0.0,8.3,0.0,1.00,15.8,10,300,16.80,0.34,542,0,0,0.0,1.00,1.00,1.00,3.45,2.08,7.95,55.1
691000,1,539,8.3,0.1,0.0,0.0,8.2,0.0,1.03,15.9,9,302,16.87,0.34,539,0,0,0.0,1.02,1.02,1.03,3.49,2.05,7.96,54.3
692000,1,546,8.2,0.0,0.0,0.0,8.2,0.0,1.00,15.9,10,285,15.91,0.28,546,0,0,0.0,1.00,1.00,1.00,3.45,2.04,7.93,54.7
693000,1,538,8.5,0.0,0.0,0.2,8.2,0.0,1.00,15.8,13,291,16.36,0.29,538,0,0,0.0,1.00,1.00,1.00,3.45,2.08,7.97,54.9
694000,1,540,8.3,0.0,0.0,0.0,8.3,0.0,1.00,15.8,10,324,18.19,0.32,540,0,0,0.0,1.00,1.00,1.00,3.44,2.06,7.97,55.5
695000,1,552,8.2,0.0,0.1,0.0,8.1,0.0,1.00,15.9,15,323,18.07,0.35,552,0,0,0.0,1.00,1.00,1.00,3.42,2.04,7.95,55.1
696000,1,553,8.3,0.0,0.1,0.0,8.2,0.0,1.00,15.9,13,293,16.49,0.32,553,0,0,0.0,1.00,1.00,1.00,3.46,2.06,7.98,55.0
697000,1,545,8.3,0.1,0.0,0.0,8.1,0.0,1.05,15.9,9,312,17.44,0.34,545,0,0,0.0,1.05,1.05,1.04,3.53,2.05,7.97,54.7
698000,1,544,8.4,0.0,0.0,0.1,8.2,0.0,1.01,15.9,6,285,16.06,0.30,544,0,0,0.0,1.01,1.00,1.01,3.44,2.05,7.99,54.4
699000,1,542,8.2,0.0,0.0,0.0,8.2,0.0,1.01,15.9,12,324,18.11,0.34,542,0,0,0.0,1.01,1.01,1.02,3.46,2.04,7.94,54.7
700000,1,543,8.2,0.0,0.0,0.0,8.1,0.0,1.00,15.9,8,318,17.72,0.32,543,0,0,0.0,1.00,1.00,1.00,3.42,2.05,7.96,55.0
701000,1,545,8.2,0.0,0.1,0.0,8.1,0.0,1.00,15.8,11,305,16.93,0.31,545,0,0,0.0,1.00,1.00,1.00,3.50,2.06,7.97,54.8
702000,1,548,8.1,0.0,0.0,0.0,8.1,0.0,1.00,16.0,9,318,17.83,0.34,548,0,0,0.0,1.00,1.00,1.00,3.45,2.02,7.96,55.5
703000,1,537,8.1,0.0,0.1,0.0,8.0,0.0,1.00,16.0,8,320,17.96,0.33,537,0,0,0.0,1.00,1.00,1.00,3.45,2.02,7.95,55.6
704000,1,546,8.2,0.0,0.0,0.0,8.2,0.0,1.00,15.8,11,307,17.11,0.30,546,0,0,0.0,1.00,1.00,1.00,3.43,2.06,7.98,54.9
705000,1,549,8.3,0.1,0.0,0.0,8.2,0.0,1.03,15.9,15,307,17.14,0.34,549,0,0,0.0,1.02,1.02,1.04,3.51,2.09,7.91,54.8
706000,1,549,8.2,0.0,0.0,0.2,8.0,0.0,1.01,15.9,9,318,17.75,0.31,549,0,0,0.0,1.01,1.01,1.01,3.46,2.05,7.95,54.9
707000,1,546,8.1,0.0,0.0,0.0,8.1,0.0,1.00,16.0,4,326,18.07,0.33,546,0,0,0.0,1.00,1.00,1.00,3.39,2.01,7.98,54.9
708000,1,549,8.1,0.0,0.0,0.1,8.0,0.0,1.00,15.9,10,295,16.38,0.29,549,0,0,0.0,1.00,1.00,1.00,3.40,2.07,7.93,54.5
709000,1,534,8.1,0.0,0.0,0.0,8.1,0.0,1.00,15.9,8,317,17.53,0.31,534,0,0,0.0,1.00,1.00,1.00,3.42,2.03,7.97,55.1
710000,1,531,8.1,0.1,0.0,0.0,8.0,0.0,1.04,16.0,6,318,17.85,0.35,531,0,0,0.0,1.04,1.04,1.04,3.39,2.02,7.97,55.1
711000,1,555,8.3,0.0,0.1,0.1,8.1,0.0,1.00,15.9,10,287,16.11,0.30,555,0,0,0.0,1.00,1.00,1.00,3.41,2.05,7.96,55.8
712000,1,530,8.2,0.0,0.0,0.1,8.1,0.0,1.00,15.9,9,308,17.22,0.35,530,0,0,0.0,1.00,1.00,1.00,3.42,2.05,7.95,54.8
713000,1,549,8.2,0.0,0.0,0.1,8.2,0.0,1.00,15.9,11,312,17.39,0.33,549,0,0,0.0,1.00,1.00,1.00,3.36,2.05,7.98,54.7
714000,1,545,8.2,0.0,0.0,0.1,8.1,0.0,1.00,15.9,9,290,16.24,0.31,545,0,0,0.0,1.00,1.00,1.00,3.47,2.05,7.98,54.6
715000,1,541,8.2,0.0,0.0,0.0,8.2,0.0,1.00,15.9,10,306,17.04,0.30,541,0,0,0.0,1.00,1.00,1.00,3.44,2.04,7.97,54.6
716000,1,539,8.2,0.0,0.0,0.0,8.1,0.0,1.00,15.9,10,307,17.43,0.33,539,0,0,0.0,1.00,1.00,1.00,3.39,2.06,7.94,54.5
717000,1,557,8.2,0.0,0.0,0.0,8.1,0.0,1.00,15.9,10,275,15.43,0.29,557,0,0,0.0,1.00,1.00,1.00,3.43,2.05,7.97,55.1
718000,1,547,8.1,0.0,0.0,0.0,8.1,0.0,1.00,16.0,8,315,17.55,0.32,547,0,0,0.0,1.00,1.00,1.00,3.38,2.04,7.93,55.0
719000,1,566,8.3,0.0,0.1,0.2,8.0,0.0,1.00,15.9,13,307,17.17,0.29,566,0,0,0.0,1.00,1.00,1.00,3.48,2.06,7.95,55.4
720000,1,545,8.4,0.0,0.0,0.1,8.2,0.0,1.00,15.9,7,339,18.82,0.33,545,0,0,0.0,1.00,1.00,1.00,3.54,2.05,7.99,55.5
721000,1,544,8.5,0.0,0.0,0.1,8.4,0.0,1.00,15.8,9,297,16.56,0.30,544,0,0,0.0,1.00,1.00,1.00,3.51,2.07,7.99,54.3
722000,1,549,8.3,0.0,0.0,0.0,8.2,0.0,1.00,15.9,10,322,18.07,0.33,549,0,0,0.0,1.01,1.00,1.01,3.50,2.07,7.96,55.3
723000,1,550,8.1,0.0,0.0,0.0,8.1,0.0,1.00,16.0,8,341,18.88,0.35,550,0,0,0.0,1.00,1.00,1.00,3.40,2.03,7.97,55.3
724000,1,549,8.8,0.0,0.0,0.1,8.7,0.0,1.00,15.7,14,292,16.45,0.29,549,0,0,0.0,1.00,1.00,1.00,3.48,2.13,7.97,55.5
725000,1,543,8.1,0.0,0.0,0.0,8.0,0.0,1.00,16.0,9,314,17.57,0.28,543,0,0,0.0,1.00,1.00,1.00,3.46,2.05,7.91,54.8
726000,1,524,8.4,0.1,0.0,0.1,8.3,0.0,1.02,15.8,11,326,18.05,0.35,524,0,0,0.0,1.02,1.01,1.02,3.53,2.09,7.94,55.0
727000,1,554,8.1,0.0,0.0,0.0,8.1,0.0,1.00,16.0,4,306,17.13,0.32,553,1,0,0.0,1.00,1.00,1.00,3.41,2.02,7.97,55.0
728000,1,528,8.1,0.0,0.0,0.0,8.1,0.0,1.00,15.9,9,327,18.28,0.34,528,0,0,0.0,1.00,1.00,1.00,3.39,2.03,7.95,54.9
729000,1,551,8.4,0.0,0.0,0.1,8.2,0.0,1.01,15.9,13,306,17.08,0.31,551,0,0,0.0,1.01,1.00,1.01,3.47,2.08,7.93,54.7
730000,1,533,8.3,0.1,0.0,0.0,8.1,0.0,1.02,15.9,9,310,17.39,0.33,533,0,0,0.0,1.03,1.02,1.02,3.37,2.06,7.93,54.8
731000,1,553,8.0,0.0,0.0,0.0,8.0,0.0,1.00,16.0,6,313,17.47,0.32,553,0,0,0.0,1.00,1.00,1.00,3.44,2.03,7.95,56.1
732000,1,537,8.2,0.0,0.0,0.0,8.2,0.0,1.01,16.0,9,304,17.05,0.31,537,0,0,0.0,1.01,1.01,1.02,3.43,2.05,7.88,55.2
733000,1,546,8.1,0.0,0.0,0.0,8.1,0.0,1.00,16.0,7,283,15.88,0.30,546,0,0,0.0,1.00,1.00,1.00,3.39,2.04,7.95,56.3
734000,1,563,8.5,0.0,0.1,0.0,8.4,0.0,1.00,15.8,11,324,18.07,0.32,563,0,0,0.0,1.00,1.00,1.00,3.43,2.07,7.96,55.0
735000,1,552,8.1,0.0,0.0,0.0,8.0,0.0,1.01,16.0,6,286,16.15,0.29,552,0,0,0.0,1.01,1.01,1.01,3.46,2.03,7.93,55.1
736000,1,520,8.1,0.1,0.0,0.0,8.1,0.0,1.02,15.9,9,337,18.91,0.33,520,0,0,0.0,1.02,1.02,1.01,3.50,2.03,7.97,54.9
737000,1,541,8.1,0.0,0.0,0.0,8.1,0.0,1.01,16.0,9,317,17.60,0.32,541,0,0,0.0,1.01,1.01,1.02,3.38,2.06,7.91,55.1
738000,1,555,8.3,0.0,0.0,0.1,8.1,0.0,1.01,15.8,12,313,17.54,0.32,555,0,0,0.0,1.01,1.00,1.01,3.44,2.08,7.94,55.3
739000,1,518,8.1,0.0,0.0,0.0,8.1,0.0,1.00,16.0,8,314,17.42,0.31,518,0,0,0.0,1.00,1.00,1.00,3.42,2.03,7.92,55.5
740000,1,543,8.5,0.0,0.0,0.1,8.4,0.0,1.00,15.8,8,308,17.17,0.31,543,0,0,0.0,1.00,1.00,1.00,3.54,2.07,7.97,55.1
741000,1,559,8.4,0.0,0.0,0.1,8.3,0.0,1.00,15.8,13,315,17.72,0.32,559,0,0,0.0,1.00,1.00,1.00,3.47,2.06,7.97,55.1
742000,1,550,8.1,0.0,0.0,0.0,8.1,0.0,1.00,16.0,6,312,17.47,0.35,550,0,0,0.0,1.00,1.00,1.00,3.43,2.02,7.94,55.2
743000,1,545,8.1,0.0,0.0,0.0,8.1,0.0,1.00,16.0,8,294,16.30,0.28,545,0,0,0.0,1.00,1.00,1.00,3.48,2.03,7.92,54.9
744000,1,552,8.5,0.0,0.0,0.1,8.3,0.0,1.00,15.8,14,296,16.66,0.31,552,0,0,0.0,1.00,1.00,1.00,3.46,2.09,7.93,55.2
745000,1,553,8.4,0.1,0.0,0.1,8.3,0.0,1.02,15.8,14,288,16.20,0.28,553,0,0,0.0,1.02,1.02,1.03,3.39,2.07,7.94,54.6
746000,1,539,8.3,0.0,0.0,0.1,8.1,0.0,1.00,15.9,7,311,17.42,0.31,539,0,0,0.0,1.00,1.00,1.00,3.52,2.04,7.97,54.8
747000,1,528,8.3,0.0,0.0,0.0,8.3,0.0,1.00,15.8,15,311,17.28,0.30,528,0,0,0.0,1.00,1.00,1.00,3.46,2.08,7.95,54.5
748000,1,549,8.3,0.0,0.0,0.1,8.2,0.0,1.01,15.9,10,304,16.98,0.31,549,0,0,0.0,1.00,1.00,1.03,3.42,2.07,7.93,55.0
749000,1,554,8.1,0.0,0.0,0.1,8.0,0.0,1.01,16.0,9,296,16.46,0.30,554,0,0,0.0,1.02,1.00,1.02,3.48,2.07,7.86,54.4
750000,1,536,8.5,0.0,0.0,0.2,8.2,0.0,1.00,15.8,12,314,17.49,0.31,536,0,0,0.0,1.01,1.00,1.00,3.46,2.10,7.96,54.3
751000,1,554,8.1,0.1,0.0,0.0,8.0,0.0,1.03,16.0,10,324,18.11,0.31,554,0,0,0.0,1.03,1.01,1.05,3.50,2.04,7.93,55.5
752000,1,538,8.3,0.0,0.0,0.1,8.2,0.0,1.00,15.9,11,315,17.70,0.34,538,0,0,0.0,1.00,1.00,1.00,3.40,2.06,7.94,56.1
753000,1,522,8.2,0.0,0.0,0.1,8.1,0.0,1.00,15.9,10,321,17.95,0.34,521,1,0,0.0,1.00,1.00,1.00,3.42,2.05,7.97,54.9
754000,1,545,8.1,0.0,0.0,0.0,8.1,0.0,1.00,15.9,7,293,16.43,0.29,545,0,0,0.0,1.00,1.00,1.00,3.43,2.02,7.99,55.5
755000,1,546,8.1,0.0,0.0,0.0,8.0,0.0,1.00,16.0,7,320,17.88,0.35,546,0,0,0.0,1.00,1.00,1.00,3.41,2.03,7.92,55.2
756000,1,550,8.1,0.0,0.0,0.0,8.1,0.0,1.00,16.0,10,318,17.69,0.32,550,0,0,0.0,1.00,1.00,1.00,3.38,2.07,7.90,55.3
757000,1,541,8.1,0.0,0.0,0.0,8.1,0.0,1.00,15.9,9,320,17.97,0.37,541,0,0,0.0,1.00,1.00,1.00,3.39,2.05,7.94,54.8
758000,1,548,8.2,0.1,0.0,0.0,8.2,0.0,1.01,15.9,10,293,16.49,0.30,548,0,0,0.0,1.02,1.01,1.01,3.45,2.07,7.90,54.9
759000,1,529,8.1,0.0,0.1,0.0,8.0,0.0,1.00,16.0,7,315,17.59,0.31,529,0,0,0.0,1.00,1.00,1.00,3.41,2.03,7.94,54.2
760000,1,541,8.1,0.0,0.0,0.0,8.1,0.0,1.00,15.9,5,313,17.42,0.31,541,0,0,0.0,1.00,1.00,1.00,3.36,2.04,7.98,54.3
761000,1,538,8.1,0.0,0.0,0.0,8.1,0.0,1.00,16.0,9,310,17.24,0.30,538,0,0,0.0,1.00,1.00,1.00,3.51,2.04,7.94,54.6
762000,1,543,8.1,0.0,0.0,0.0,8.1,0.0,1.00,15.9,10,293,16.50,0.33,543,0,0,0.0,1.00,1.00,1.00,3.50,2.04,7.96,55.8
763000,1,524,8.3,0.1,0.0,0.0,8.2,0.0,1.03,15.9,10,307,17.17,0.33,524,0,0,0.0,1.02,1.03,1.03,3.49,2.05,7.95,54.7
764000,1,543,8.5,0.0,0.0,0.0,8.5,0.0,1.00,15.9,9,309,17.32,0.33,543,0,0,0.0,1.00,1.00,1.00,3.48,2.07,7.93,53.7
765000,1,549,8.1,0.0,0.1,0.0,8.1,0.0,1.00,16.0,9,300,16.70,0.33,549,0,0,0.0,1.00,1.00,1.00,3.44,2.04,7.90,54.7
766000,1,539,8.3,0.0,0.0,0.0,8.3,0.0,1.00,15.9,7,302,16.77,0.31,539,0,0,0.0,1.00,1.00,1.00,3.48,2.05,7.95,55.0
767000,1,540,8.3,0.0,0.0,0.1,8.2,0.0,1.00,15.9,9,311,17.35,0.29,540,0,0,0.0,1.00,1.00,1.00,3.54,2.08,7.93,54.9
768000,1,552,8.3,0.0,0.0,0.1,8.2,0.0,1.00,15.9,8,310,17.38,0.32,552,0,0,0.0,1.00,1.00,1.00,3.45,2.04,7.99,54.4
769000,1,543,8.1,0.0,0.0,0.0,8.1,0.0,1.02,15.9,8,287,16.09,0.29,543,0,0,0.0,1.01,1.01,1.04,3.48,2.02,7.98,55.0
770000,1,527,8.1,0.0,0.0,0.0,8.1,0.0,1.00,15.9,9,331,18.40,0.34,527,0,0,0.0,1.00,1.00,1.00,3.38,2.05,7.93,55.0
771000,1,531,8.2,0.0,0.0,0.1,8.1,0.0,1.01,15.9,9,311,17.36,0.31,531,0,0,0.0,1.01,1.00,1.01,3.46,2.05,7.95,54.9
772000,1,558,8.4,0.1,0.0,0.0,8.3,0.0,1.04,15.9,9,315,17.59,0.29,558,0,0,0.0,1.04,1.04,1.04,3.42,2.06,7.96,54.6
773000,1,525,8.2,0.0,0.0,0.0,8.2,0.0,1.00,15.9,8,329,18.38,0.38,525,0,0,0.0,1.00,1.00,1.00,3.42,2.04,7.97,54.4
774000,1,532,8.3,0.0,0.0,0.2,8.1,0.0,1.00,15.9,7,317,17.69,0.32,532,0,0,0.0,1.00,1.00,1.00,3.47,2.05,7.97,54.7
775000,1,541,8.3,0.0,0.0,0.2,8.1,0.0,1.00,15.9,9,319,17.95,0.32,541,0,0,0.0,1.00,1.00,1.00,3.38,2.06,7.92,54.5
776000,1,542,8.3,0.1,0.0,0.0,8.2,0.0,1.02,15.8,13,313,17.45,0.35,542,0,0,0.0,1.02,1.01,1.02,3.46,2.06,7.98,54.9
777000,1,541,8.2,0.0,0.0,0.2,8.0,0.0,1.00,15.9,7,303,16.84,0.31,541,0,0,0.0,1.00,1.00,1.00,3.44,2.04,7.98,55.3
778000,1,541,8.3,0.0,0.0,0.1,8.3,0.0,1.00,15.9,11,318,17.79,0.35,541,0,0,0.0,1.00,1.00,1.00,3.46,2.06,7.96,55.0
779000,1,539,8.2,0.0,0.0,0.0,8.2,0.0,1.00,15.9,9,309,17.44,0.32,539,0,0,0.0,1.00,1.00,1.00,3.40,2.03,7.97,54.7
780000,1,552,8.3,0.0,0.0,0.1,8.1,0.0,1.01,15.9,10,307,17.22,0.31,551,1,0,0.0,1.01,1.00,1.01,3.44,2.07,7.93,55.5
781000,1,556,8.6,0.0,0.0,0.1,8.4,0.0,1.00,15.9,9,308,17.10,0.32,556,0,0,0.0,1.00,1.00,1.00,3.44,2.08,7.94,54.8
782000,1,546,8.3,0.0,0.0,0.0,8.3,0.0,1.01,15.9,10,303,16.83,0.30,545,1,0,0.0,1.01,1.01,1.02,3.46,2.07,7.95,55.7
783000,1,553,8.6,0.1,0.0,0.1,8.3,0.0,1.02,15.8,13,315,17.68,0.31,553,0,0,0.0,1.03,1.02,1.02,3.43,2.09,7.96,54.7
784000,1,546,8.3,0.0,0.0,0.1,8.2,0.0,1.00,15.9,11,298,16.70,0.29,546,0,0,0.0,1.00,1.00,1.00,3.48,2.06,7.93,54.5
785000,1,562,8.2,0.0,0.0,0.0,8.2,0.0,1.00,15.9,12,293,16.32,0.30,562,0,0,0.0,1.00,1.00,1.00,3.44,2.06,7.94,55.0
786000,1,554,8.2,0.0,0.0,0.0,8.1,0.0,1.00,15.9,8,311,17.37,0.34,554,0,0,0.0,1.00,1.00,1.00,3.44,2.04,7.97,55.4
787000,1,552,8.0,0.0,0.0,0.0,8.0,0.0,1.01,16.0,6,314,17.67,0.33,552,0,0,0.0,1.01,1.01,1.02,3.49,2.03,7.97,56.0
788000,1,535,8.4,0.0,0.0,0.1,8.3,0.0,1.00,15.8,12,301,16.79,0.29,535,0,0,0.0,1.00,1.00,1.00,3.45,2.10,7.93,54.9
789000,1,549,8.3,0.0,0.0,0.0,8.2,0.0,1.01,15.9,7,286,15.96,0.30,549,0,0,0.0,1.01,1.00,1.01,3.47,2.05,7.97,54.6
790000,1,550,8.3,0.0,0.0,0.2,8.1,0.0,1.00,15.9,10,292,16.35,0.33,550,0,0,0.0,1.00,1.00,1.00,3.42,2.06,7.97,55.4
791000,1,543,8.1,0.1,0.0,0.0,8.0,0.0,1.04,15.9,11,302,16.92,0.33,543,0,0,0.0,1.03,1.03,1.07,3.45,2.05,7.97,54.5
792000,1,548,8.3,0.0,0.0,0.1,8.2,0.0,1.00,15.9,11,297,16.66,0.30,548,0,0,0.0,1.00,1.00,1.00,3.43,2.05,7.99,54.5
793000,1,542,8.1,0.0,0.0,0.0,8.0,0.0,1.01,16.0,9,319,17.90,0.32,542,0,0,0.0,1.01,1.00,1.01,3.43,2.04,7.93,55.2
794000,1,552,8.3,0.0,0.0,0.0,8.3,0.0,1.00,15.9,10,304,17.06,0.32,552,0,0,0.0,1.00,1.00,1.00,3.40,2.06,7.96,54.6
795000,1,541,8.6,0.1,0.0,0.1,8.4,0.0,1.01,15.8,12,303,16.83,0.29,541,0,0,0.0,1.02,1.00,1.02,3.46,2.10,7.96,55.5
796000,1,539,8.0,0.0,0.0,0.0,8.0,0.0,1.02,16.0,8,306,17.13,0.34,539,0,0,0.0,1.02,1.01,1.02,3.40,2.03,7.94,55.0
797000,1,537,8.5,0.0,0.0,0.0,8.5,0.0,1.00,15.8,13,298,16.71,0.30,537,0,0,0.0,1.01,1.00,1.01,3.50,2.10,7.93,55.3
798000,1,527,8.2,0.0,0.0,0.1,8.2,0.0,1.00,15.8,10,318,17.87,0.33,527,0,0,0.0,1.00,1.00,1.00,3.43,2.05,7.98,54.2
799000,1,545,8.2,0.0,0.0,0.0,8.1,0.0,1.01,15.9,11,305,17.01,0.32,545,0,0,0.0,1.01,1.01,1.02,3.41,2.03,7.97,55.7
800000,1,548,8.3,0.1,0.0,0.1,8.1,0.0,1.03,15.9,14,306,17.08,0.33,548,0,0,0.0,1.03,1.03,1.04,3.45,2.08,7.91,55.0
801000,1,540,8.4,0.0,0.0,0.1,8.3,0.0,1.00,15.9,9,303,16.93,0.33,540,0,0,0.0,1.01,1.00,1.00,3.42,2.06,7.97,55.7
802000,1,536,8.4,0.1,0.0,0.1,8.1,0.0,1.02,15.8,10,334,18.64,0.34,536,0,0,0.0,1.03,1.02,1.02,3.49,2.07,7.99,54.9
803000,1,543,8.3,0.0,0.0,0.2,8.0,0.0,1.00,15.9,10,340,18.98,0.33,543,0,0,0.0,1.00,1.00,1.00,3.37,2.06,7.94,54.9
804000,1,550,8.3,0.0,0.0,0.1,8.2,0.0,1.00,15.9,7,311,17.31,0.32,550,0,0,0.0,1.00,1.00,1.00,3.47,2.05,7.99,54.7
805000,1,539,8.4,0.1,0.0,0.0,8.2,0.0,1.03,15.8,9,295,16.47,0.29,539,0,0,0.0,1.03,1.02,1.04,3.48,2.07,7.97,54.5
806000,1,544,8.1,0.0,0.0,0.1,8.0,0.0,1.00,16.0,7,303,16.92,0.31,544,0,0,0.0,1.00,1.00,1.00,3.45,2.04,7.92,54.7
807000,1,548,8.4,0.0,0.0,0.1,8.3,0.0,1.01,15.9,13,318,17.74,0.33,547,1,0,0.0,1.01,1.01,1.02,3.45,2.08,7.92,55.8
808000,1,539,8.1,0.0,0.0,0.0,8.1,0.0,1.00,16.0,10,306,17.11,0.32,539,0,0,0.0,1.00,1.00,1.00,3.43,2.04,7.92,54.9
809000,1,538,8.4,0.1,0.0,0.0,8.3,0.0,1.02,15.9,9,299,16.70,0.32,538,0,0,0.0,1.03,1.02,1.01,3.47,2.07,7.93,54.4
810000,1,525,8.2,0.0,0.0,0.0,8.2,0.0,1.00,15.9,7,309,17.13,0.32,525,0,0,0.0,1.00,1.00,1.00,3.48,2.03,7.98,55.4
811000,1,548,8.4,0.0,0.0,0.1,8.1,0.0,1.01,15.9,13,326,18.11,0.33,548,0,0,0.0,1.01,1.01,1.01,3.45,2.08,7.95,54.3
812000,1,550,8.0,0.0,0.0,0.0,8.0,0.0,1.00,16.0,6,318,17.72,0.36,550,0,0,0.0,1.00,1.00,1.00,3.40,2.03,7.95,54.8
813000,1,542,8.1,0.0,0.0,0.0,8.1,0.0,1.00,16.0,11,304,16.99,0.32,542,0,0,0.0,1.00,1.00,1.00,3.43,2.04,7.94,54.5
814000,1,551,8.2,0.0,0.0,0.1,8.1,0.0,1.01,15.9,11,318,17.85,0.33,551,0,0,0.0,1.01,1.01,1.02,3.36,2.04,7.94,54.6
815000,1,547,8.3,0.0,0.0,0.1,8.2,0.0,1.00,15.8,9,307,17.27,0.30,547,0,0,0.0,1.00,1.00,1.00,3.40,2.06,7.98,55.0
816000,1,530,8.3,0.0,0.0,0.2,8.0,0.0,1.00,15.9,13,315,17.59,0.31,530,0,0,0.0,1.01,1.00,1.01,3.39,2.05,7.95,54.0
817000,1,553,8.1,0.0,0.0,0.0,8.1,0.0,1.00,16.0,5,304,16.85,0.28,553,0,0,0.0,1.00,1.00,1.00,3.46,2.02,7.96,55.6
818000,1,550,8.1,0.0,0.0,0.0,8.1,0.0,1.00,16.0,7,323,18.03,0.32,550,0,0,0.0,1.00,1.00,1.00,3.44,2.02,7.94,54.8
819000,1,539,8.2,0.0,0.0,0.0,8.2,0.0,1.00,15.9,6,300,16.89,0.31,539,0,0,0.0,1.00,1.00,1.00,3.47,2.03,8.00,55.4
820000,1,539,8.2,0.0,0.0,0.1,8.1,0.0,1.00,15.9,12,318,17.83,0.34,538,1,0,0.0,1.00,1.00,1.00,3.45,2.07,7.91,55.1
821000,1,529,8.3,0.0,0.0,0.1,8.1,0.0,1.00,15.9,11,311,17.46,0.36,529,0,0,0.0,1.00,1.00,1.00,3.50,2.06,7.96,54.9
822000,1,554,8.4,0.0,0.0,0.2,8.2,0.0,1.00,15.8,11,311,17.39,0.33,554,0,0,0.0,1.00,1.00,1.00,3.44,2.08,7.95,54.9
823000,1,544,8.1,0.0,0.0,0.0,8.1,0.0,1.00,15.9,8,316,17.63,0.32,543,1,0,0.0,1.00,1.00,1.00,3.44,2.04,7.96,54.9
824000,1,560,8.3,0.0,0.0,0.1,8.2,0.0,1.00,15.9,17,308,17.14,0.31,560,0,0,0.0,1.00,1.00,1.00,3.44,2.06,7.93,55.0
825000,1,537,8.2,0.0,0.0,0.1,8.1,0.0,1.01,15.9,8,312,17.43,0.31,537,0,0,0.0,1.01,1.00,1.02,3.45,2.05,7.97,55.0
826000,1,537,8.0,0.0,0.0,0.0,8.0,0.0,1.00,16.0,8,323,18.08,0.33,537,0,0,0.0,1.00,1.00,1.00,3.44,2.03,7.94,54.4
827000,1,538,8.2,0.0,0.0,0.1,8.1,0.0,1.00,15.9,8,334,18.61,0.38,538,0,0,0.0,1.00,1.00,1.00,3.38,2.05,7.97,55.0
828000,1,538,8.3,0.0,0.0,0.2,8.1,0.0,1.00,15.9,8,307,17.10,0.31,538,0,0,0.0,1.00,1.00,1.00,3.41,2.05,7.94,54.6
829000,1,531,8.5,0.0,0.0,0.0,8.4,0.0,1.00,15.9,8,317,17.73,0.31,531,0,0,0.0,1.00,1.00,1.00,3.49,2.08,7.92,54.7
830000,1,534,8.6,0.0,0.1,0.0,8.4,0.0,1.00,15.8,12,315,17.56,0.30,534,0,0,0.0,1.00,1.00,1.00,3.46,2.11,7.91,55.5
831000,1,551,8.2,0.1,0.0,0.0,8.1,0.0,1.04,15.9,9,318,17.72,0.33,551,0,0,0.0,1.01,1.04,1.05,3.47,2.05,7.91,54.3
832000,1,542,8.2,0.0,0.0,0.1,8.1,0.0,1.00,16.0,12,321,17.83,0.32,542,0,0,0.0,1.00,1.00,1.00,3.38,2.08,7.85,54.9
833000,1,536,8.2,0.0,0.1,0.0,8.1,0.0,1.00,15.9,8,307,17.12,0.33,536,0,0,0.0,1.00,1.00,1.00,3.38,2.04,7.97,54.3
834000,1,555,8.3,0.0,0.0,0.1,8.2,0.0,1.00,15.9,12,278,15.56,0.28,555,0,0,0.0,1.00,1.00,1.00,3.38,2.08,7.89,54.7
835000,1,545,8.3,0.0,0.1,0.0,8.2,0.0,1.00,15.9,12,298,16.68,0.31,545,0,0,0.0,1.01,1.00,1.00,3.44,2.08,7.88,55.0
836000,1,535,8.1,0.0,0.1,0.0,8.0,0.0,1.00,16.0,7,319,17.75,0.29,535,0,0,0.0,1.00,1.00,1.00,3.39,2.03,7.96,54.5
837000,1,545,8.4,0.0,0.0,0.2,8.2,0.0,1.00,15.8,11,293,16.45,0.31,545,0,0,0.0,1.00,1.00,1.00,3.42,2.07,7.97,55.1
838000,1,537,8.0,0.0,0.0,0.0,8.0,0.0,1.00,16.1,6,302,16.83,0.32,537,0,0,0.0,1.00,1.00,1.00,3.45,2.02,7.91,54.6
839000,1,551,8.3,0.0,0.0,0.1,8.2,0.0,1.00,15.9,9,305,17.10,0.32,551,0,0,0.0,1.00,1.00,1.00,3.41,2.05,7.97,54.6
840000,1,549,8.1,0.0,0.1,0.0,8.0,0.0,1.00,15.9,10,293,16.39,0.28,549,0,0,0.0,1.00,1.00,1.00,3.30,2.03,7.95,54.6
841000,1,545,8.2,0.0,0.0,0.0,8.1,0.0,1.01,15.9,7,307,17.19,0.31,545,0,0,0.0,1.01,1.01,1.02,3.47,2.03,7.99,55.0
842000,1,554,8.3,0.0,0.0,0.1,8.2,0.0,1.00,15.9,10,299,16.81,0.30,554,0,0,0.0,1.00,1.00,1.00,3.41,2.06,7.97,55.0
843000,1,522,8.4,0.0,0.0,0.2,8.1,0.0,1.01,15.9,11,304,17.02,0.32,522,0,0,0.0,1.01,1.00,1.01,3.52,2.07,7.96,54.9
844000,1,541,8.1,0.0,0.0,0.0,8.1,0.0,1.00,16.0,7,304,16.99,0.31,541,0,0,0.0,1.00,1.00,1.00,3.40,2.03,7.94,55.3
845000,1,545,8.0,0.0,0.0,0.0,8.0,0.0,1.00,16.0,6,303,16.88,0.30,545,0,0,0.0,1.00,1.00,1.00,3.42,2.02,7.97,54.7
846000,1,541,8.1,0.0,0.0,0.0,8.0,0.0,1.01,15.9,7,328,18.27,0.31,541,0,0,0.0,1.01,1.01,1.02,3.47,2.03,7.97,55.0
847000,1,555,8.2,0.0,0.0,0.0,8.2,0.0,1.00,15.9,10,309,17.17,0.28,555,0,0,0.0,1.00,1.00,1.00,3.41,2.06,7.94,54.9
848000,1,533,8.1,0.0,0.0,0.0,8.1,0.0,1.00,16.0,11,331,18.48,0.31,533,0,0,0.0,1.00,1.00,1.00,3.50,2.04,7.95,54.8
849000,1,538,8.1,0.0,0.0,0.0,8.1,0.0,1.00,16.0,7,309,17.22,0.32,538,0,0,0.0,1.00,1.00,1.00,3.49,2.02,7.95,54.7
850000,1,551,8.3,0.0,0.0,0.2,8.1,0.0,1.00,15.9,9,285,15.93,0.27,551,0,0,0.0,1.00,1.00,1.00,3.43,2.07,7.93,54.7
851000,1,545,8.4,0.0,0.0,0.0,8.4,0.0,1.00,15.9,10,297,16.64,0.33,545,0,0,0.0,1.00,1.00,1.00,3.41,2.06,7.96,54.7
852000,1,535,8.1,0.0,0.0,0.1,8.0,0.0,1.00,15.9,6,322,17.98,0.33,535,0,0,0.0,1.00,1.00,1.00,3.45,2.02,7.99,55.0
853000,1,532,8.7,0.1,0.1,0.1,8.5,0.0,1.03,15.7,13,310,17.32,0.30,532,0,0,0.0,1.03,1.03,1.03,3.48,2.11,7.98,55.0
854000,1,554,8.4,0.0,0.0,0.2,8.1,0.0,1.00,15.9,14,291,16.28,0.32,554,0,0,0.0,1.00,1.00,1.00,3.44,2.09,7.93,54.8
855000,1,544,8.4,0.1,0.0,0.0,8.3,0.0,1.01,15.8,10,300,16.75,0.32,544,0,0,0.0,1.02,1.01,1.01,3.45,2.06,7.97,55.5
856000,1,553,8.1,0.0,0.0,0.1,8.0,0.0,1.00,16.0,8,297,16.61,0.30,553,0,0,0.0,1.00,1.00,1.00,3.46,2.04,7.94,54.9
857000,1,558,8.1,0.0,0.0,0.0,8.1,0.0,1.01,16.0,10,302,16.89,0.31,558,0,0,0.0,1.01,1.01,1.02,3.42,2.05,7.94,54.7
858000,1,546,8.2,0.0,0.0,0.1,8.1,0.0,1.00,15.9,8,319,17.84,0.34,546,0,0,0.0,1.00,1.00,1.00,3.41,2.04,7.97,55.6
859000,1,540,8.3,0.0,0.0,0.0,8.3,0.0,1.00,15.9,9,313,17.39,0.31,540,0,0,0.0,1.00,1.00,1.00,3.44,2.06,7.93,55.2
860000,1,543,8.1,0.0,0.0,0.0,8.0,0.0,1.00,15.9,9,308,17.18,0.33,543,0,0,0.0,1.00,1.00,1.00,3.48,2.04,7.97,54.7
861000,1,527,8.3,0.0,0.0,0.2,8.0,0.0,1.02,15.9,9,309,17.22,0.30,527,0,0,0.0,1.02,1.01,1.03,3.39,2.04,7.95,55.5
862000,1,539,8.3,0.0,0.0,0.0,8.3,0.0,1.00,15.9,10,306,17.14,0.30,539,0,0,0.0,1.00,1.00,1.00,3.39,2.05,7.96,54.7
863000,1,533,8.2,0.0,0.0,0.0,8.2,0.0,1.00,15.9,9,314,17.57,0.35,533,0,0,0.0,1.00,1.00,1.00,3.40,2.05,7.99,54.4
864000,1,559,8.1,0.0,0.0,0.1,8.0,0.0,1.00,15.9,10,300,16.84,0.32,559,0,0,0.0,1.00,1.00,1.00,3.47,2.06,7.96,54.9
865000,1,549,8.3,0.0,0.0,0.0,8.3,0.0,1.01,15.8,9,307,17.23,0.31,549,0,0,0.0,1.01,1.00,1.01,3.50,2.06,7.97,55.2
866000,1,536,8.4,0.0,0.0,0.2,8.2,0.0,1.01,15.8,13,299,16.79,0.32,536,0,0,0.0,1.01,1.00,1.01,3.43,2.08,7.95,54.9
867000,1,529,8.1,0.0,0.0,0.0,8.1,0.0,1.00,15.9,6,330,18.50,0.34,529,0,0,0.0,1.00,1.00,1.00,3.45,2.02,7.99,54.5
868000,1,534,8.1,0.0,0.0,0.0,8.1,0.0,1.01,15.9,8,311,17.34,0.32,534,0,0,0.0,1.01,1.01,1.01,3.41,2.03,7.99,55.0
869000,1,544,8.0,0.0,0.0,0.0,8.0,0.0,1.00,16.0,5,310,17.35,0.34,544,0,0,0.0,1.00,1.00,1.00,3.45,2.02,7.95,54.5
870000,1,523,8.5,0.2,0.0,0.2,8.1,0.0,1.05,15.8,10,322,17.95,0.31,523,0,0,0.0,1.05,1.05,1.07,3.46,2.09,7.98,54.7
871000,1,564,8.2,0.0,0.0,0.0,8.2,0.0,1.00,15.9,11,306,17.10,0.33,564,0,0,0.0,1.00,1.00,1.00,3.40,2.03,7.96,55.2
872000,1,559,8.4,0.0,0.0,0.1,8.4,0.0,1.00,15.8,15,306,17.03,0.32,559,0,0,0.0,1.00,1.00,1.00,3.45,2.10,7.94,54.6
873000,1,538,8.6,0.1,0.0,0.0,8.4,0.0,1.06,15.8,16,335,18.66,0.34,538,0,0,0.0,1.05,1.05,1.08,3.43,2.10,7.93,55.4
874000,1,551,8.1,0.0,0.0,0.0,8.1,0.0,1.00,15.9,12,310,17.20,0.30,551,0,0,0.0,1.00,1.00,1.00,3.38,2.04,7.95,54.6
875000,1,545,8.2,0.0,0.0,0.0,8.2,0.0,1.00,15.9,11,305,17.08,0.31,545,0,0,0.0,1.00,1.00,1.00,3.47,2.04,7.97,55.3
876000,1,557,8.2,0.0,0.0,0.0,8.2,0.0,1.00,15.9,6,314,17.38,0.31,557,0,0,0.0,1.00,1.00,1.00,3.43,2.03,7.97,54.5
877000,1,532,8.3,0.0,0.0,0.0,8.3,0.0,1.00,15.9,12,336,18.57,0.36,532,0,0,0.0,1.00,1.00,1.00,3.35,2.07,7.90,54.4
878000,1,549,8.2,0.1,0.0,0.0,8.1,0.0,1.03,15.9,8,323,17.97,0.30,549,0,0,0.0,1.02,1.02,1.04,3.48,2.03,8.00,54.6
879000,1,559,8.2,0.0,0.0,0.1,8.0,0.0,1.00,15.9,9,307,17.12,0.31,559,0,0,0.0,1.00,1.00,1.00,3.42,2.04,7.95,54.9
880000,1,545,8.4,0.0,0.0,0.2,8.2,0.0,1.00,15.8,11,321,17.81,0.31,545,0,0,0.0,1.00,1.00,1.00,3.46,2.07,7.97,54.5
881000,1,551,8.0,0.0,0.0,0.0,8.0,0.0,1.00,16.0,8,328,18.29,0.32,551,0,0,0.0,1.00,1.00,1.00,3.43,2.01,7.96,55.0
882000,1,554,8.2,0.0,0.0,0.1,8.1,0.0,1.00,15.9,8,306,17.08,0.29,554,0,0,0.0,1.00,1.00,1.00,3.46,2.05,7.94,55.1
883000,1,538,8.3,0.0,0.0,0.1,8.2,0.0,1.00,15.9,11,319,17.89,0.33,538,0,0,0.0,1.00,1.00,1.00,3.39,2.05,7.96,55.7
884000,1,545,8.3,0.0,0.0,0.1,8.2,0.0,1.01,15.9,9,303,16.98,0.33,545,0,0,0.0,1.01,1.00,1.01,3.46,2.06,7.96,55.2
885000,1,555,8.3,0.0,0.0,0.1,8.2,0.0,1.00,15.9,10,312,17.37,0.33,555,0,0,0.0,1.00,1.00,1.00,3.45,2.06,7.92,55.0
886000,1,537,8.3,0.0,0.0,0.1,8.1,0.0,1.00,15.9,11,321,17.83,0.32,537,0,0,0.0,1.00,1.00,1.00,3.37,2.05,7.98,55.0
887000,1,534,8.2,0.0,0.0,0.0,8.2,0.0,1.01,15.9,7,314,17.52,0.35,534,0,0,0.0,1.02,1.02,1.01,3.38,2.03,7.99,54.9
888000,1,531,8.3,0.0,0.0,0.0,8.3,0.0,1.00,15.9,7,331,18.39,0.32,531,0,0,0.0,1.00,1.00,1.00,3.45,2.05,7.97,54.4
889000,1,542,8.5,0.1,0.0,0.0,8.4,0.0,1.04,15.8,13,311,17.51,0.30,542,0,0,0.0,1.03,1.03,1.05,3.49,2.08,7.97,54.8
890000,1,549,8.2,0.0,0.0,0.1,8.1,0.0,1.00,15.9,8,328,18.29,0.36,549,0,0,0.0,1.00,1.00,1.00,3.39,2.04,7.96,54.9
891000,1,541,8.1,0.0,0.0,0.0,8.0,0.0,1.00,16.0,5,319,17.80,0.33,541,0,0,0.0,1.00,1.00,1.00,3.49,2.02,7.99,55.1
892000,1,551,8.4,0.0,0.0,0.1,8.3,0.0,1.00,15.9,12,325,18.19,0.32,551,0,0,0.0,1.00,1.00,1.00,3.43,2.07,7.95,54.2
893000,1,531,8.3,0.0,0.0,0.0,8.3,0.0,1.00,15.8,7,316,17.49,0.30,531,0,0,0.0,1.00,1.00,1.00,3.40,2.06,7.98,54.6
894000,1,524,8.2,0.0,0.0,0.0,8.2,0.0,1.00,15.9,8,342,19.10,0.34,524,0,0,0.0,1.00,1.00,1.00,3.46,2.05,7.96,55.4
895000,1,534,8.3,0.0,0.0,0.0,8.3,0.0,1.00,15.8,12,318,17.78,0.34,534,0,0,0.0,1.00,1.00,1.00,3.48,2.06,7.97,55.3
896000,1,550,8.3,0.0,0.0,0.1,8.2,0.0,1.00,15.9,9,317,17.80,0.33,550,0,0,0.0,1.00,1.00,1.00,3.50,2.05,7.93,54.6
897000,1,546,8.2,0.0,0.0,0.0,8.2,0.0,1.00,15.9,11,335,18.57,0.32,546,0,0,0.0,1.00,1.00,1.00,3.44,2.05,7.95,55.1
898000,1,532,8.6,0.1,0.0,0.1,8.5,0.0,1.01,15.7,11,298,16.79,0.33,532,0,0,0.0,1.02,1.00,1.01,3.54,2.09,7.98,55.1
899000,1,535,8.1,0.0,0.0,0.1,8.0,0.0,1.00,15.9,8,329,18.35,0.33,535,0,0,0.0,1.00,1.00,1.00,3.51,2.03,7.96,55.1
900000,1,564,8.1,0.0,0.1,0.1,8.0,0.0,1.00,15.9,9,307,17.25,0.33,564,0,0,0.0,1.00,1.00,1.00,3.49,2.05,7.94,54.9
901000,1,529,8.4,0.0,0.0,0.1,8.4,0.0,1.00,15.8,14,313,17.58,0.33,529,0,0,0.0,1.00,1.00,1.00,3.40,2.06,7.97,55.1
902000,1,552,8.2,0.1,0.0,0.0,8.1,0.0,1.02,15.9,12,330,18.39,0.35,552,0,0,0.0,1.02,1.02,1.02,3.44,2.06,7.94,55.0
903000,1,542,8.4,0.0,0.0,0.0,8.4,0.0,1.00,15.9,10,312,17.42,0.32,542,0,0,0.0,1.00,1.00,1.00,3.47,2.08,7.93,54.3
904000,1,537,8.2,0.0,0.0,0.0,8.1,0.0,1.01,15.9,7,326,18.14,0.33,537,0,0,0.0,1.01,1.01,1.00,3.44,2.04,7.96,55.0
905000,1,542,8.4,0.0,0.0,0.0,8.3,0.0,1.01,15.9,10,307,17.05,0.31,542,0,0,0.0,1.01,1.00,1.02,3.45,2.07,7.93,54.9
906000,1,537,8.5,0.0,0.0,0.2,8.2,0.0,1.01,15.9,10,294,16.38,0.31,537,0,0,0.0,1.01,1.00,1.01,3.44,2.07,7.94,55.2
907000,1,547,8.4,0.1,0.1,0.1,8.1,0.0,1.02,15.8,11,298,16.57,0.31,547,0,0,0.0,1.03,1.02,1.02,3.43,2.07,7.98,55.4
908000,1,539,8.2,0.0,0.0,0.0,8.2,0.0,1.00,16.0,6,313,17.56,0.34,539,0,0,0.0,1.00,1.00,1.00,3.43,2.04,7.93,54.7
909000,1,545,8.1,0.0,0.0,0.1,8.0,0.0,1.00,16.0,9,305,17.10,0.34,545,0,0,0.0,1.00,1.00,1.00,3.47,2.03,7.92,55.3
910000,1,549,8.1,0.0,0.0,0.0,8.1,0.0,1.00,16.0,9,306,17.16,0.31,549,0,0,0.0,1.00,1.00,1.00,3.42,2.07,7.91,54.9
911000,1,533,8.5,0.0,0.0,0.1,8.4,0.0,1.00,15.8,14,300,16.72,0.31,533,0,0,0.0,1.00,1.00,1.00,3.47,2.09,7.95,54.9
912000,1,560,8.3,0.0,0.0,0.0,8.3,0.0,1.01,15.9,10,298,16.63,0.30,560,0,0,0.0,1.01,1.01,1.01,3.45,2.06,7.93,55.3
913000,1,538,8.1,0.0,0.0,0.0,8.1,0.0,1.00,16.0,7,318,17.86,0.34,538,0,0,0.0,1.00,1.00,1.00,3.38,2.04,7.96,55.8
914000,1,531,8.3,0.0,0.0,0.0,8.2,0.0,1.00,15.9,9,297,16.78,0.32,531,0,0,0.0,1.00,1.00,1.00,3.43,2.05,7.96,54.6
915000,1,537,8.1,0.0,0.0,0.0,8.1,0.0,1.00,15.9,10,292,16.35,0.30,537,0,0,0.0,1.00,1.00,1.00,3.39,2.04,7.96,54.3
916000,1,534,8.4,0.0,0.0,0.2,8.2,0.0,1.00,15.9,12,303,16.85,0.33,534,0,0,0.0,1.00,1.00,1.00,3.49,2.09,7.89,54.7
917000,1,553,8.1,0.0,0.0,0.1,8.0,0.0,1.00,16.0,9,310,17.23,0.31,553,0,0,0.0,1.00,1.00,1.00,3.41,2.05,7.89,54.7
918000,1,552,8.2,0.0,0.0,0.1,8.1,0.0,1.00,15.9,9,336,18.79,0.31,552,0,0,0.0,1.00,1.00,1.00,3.45,2.07,7.91,54.7
919000,1,548,8.1,0.0,0.0,0.0,8.1,0.0,1.01,16.0,12,326,18.14,0.35,548,0,0,0.0,1.01,1.00,1.01,3.40,2.03,7.91,54.9
920000,1,546,8.3,0.0,0.0,0.1,8.2,0.0,1.01,15.9,10,305,17.04,0.33,546,0,0,0.0,1.01,1.01,1.01,3.42,2.07,7.90,55.1
921000,1,560,8.4,0.1,0.0,0.2,8.1,0.0,1.02,15.8,12,294,16.47,0.28,560,0,0,0.0,1.02,1.02,1.02,3.44,2.07,7.96,55.0
922000,1,550,8.5,0.0,0.0,0.2,8.2,0.0,1.01,15.8,15,290,16.24,0.30,550,0,0,0.0,1.01,1.00,1.01,3.49,2.09,7.93,54.9
923000,1,532,8.4,0.2,0.0,0.1,8.1,0.0,1.03,15.8,13,320,17.88,0.34,532,0,0,0.0,1.06,1.01,1.03,3.43,2.10,7.93,54.7
924000,1,550,8.1,0.0,0.0,0.0,8.0,0.0,1.00,16.0,6,330,18.28,0.34,550,0,0,0.0,1.00,1.00,1.00,3.43,2.01,7.98,55.2
925000,1,563,8.2,0.0,0.0,0.0,8.1,0.0,1.00,16.0,11,280,15.66,0.30,563,0,0,0.0,1.00,1.00,1.00,3.40,2.06,7.93,54.9
926000,1,540,8.1,0.0,0.0,0.0,8.1,0.0,1.01,16.0,4,321,17.87,0.32,540,0,0,0.0,1.02,1.00,1.01,3.46,2.02,7.98,54.9
927000,1,543,8.1,0.0,0.0,0.1,8.1,0.0,1.00,15.9,9,306,17.12,0.33,543,0,0,0.0,1.00,1.00,1.00,3.35,2.05,7.94,54.7
928000,1,538,8.2,0.1,0.0,0.0,8.1,0.0,1.01,15.9,11,300,16.79,0.32,538,0,0,0.0,1.02,1.00,1.01,3.41,2.06,7.91,55.6
929000,1,534,8.2,0.0,0.0,0.0,8.2,0.0,1.01,15.9,7,310,17.35,0.33,534,0,0,0.0,1.01,1.00,1.01,3.43,2.04,7.98,54.9
930000,1,537,8.2,0.0,0.0,0.1,8.0,0.0,1.00,15.9,8,299,16.72,0.31,536,1,0,0.0,1.00,1.00,1.00,3.44,2.04,7.96,54.7
931000,1,548,8.6,0.0,0.0,0.3,8.3,0.0,1.00,15.9,12,309,17.23,0.32,548,0,0,0.0,1.00,1.00,1.00,3.52,2.09,7.93,54.9
932000,1,548,8.0,0.0,0.0,0.0,8.0,0.0,1.00,16.0,6,301,16.85,0.31,548,0,0,0.0,1.00,1.00,1.00,3.41,2.02,7.95,55.7
933000,1,552,8.2,0.0,0.1,0.0,8.1,0.0,1.01,15.9,8,312,17.41,0.30,552,0,0,0.0,1.01,1.01,1.01,3.42,2.04,7.98,55.2
934000,1,559,8.3,0.0,0.0,0.0,8.3,0.0,1.01,15.8,7,328,18.18,0.32,559,0,0,0.0,1.01,1.01,1.01,3.44,2.05,7.99,55.1
935000,1,533,8.4,0.1,0.0,0.0,8.3,0.0,1.02,15.8,11,334,18.74,0.35,533,0,0,0.0,1.03,1.02,1.02,3.42,2.07,7.98,54.4
936000,1,547,8.3,0.0,0.0,0.0,8.2,0.0,1.00,15.9,12,295,16.56,0.32,547,0,0,0.0,1.00,1.00,1.00,3.51,2.07,7.93,55.0
937000,1,548,8.3,0.1,0.0,0.1,8.0,0.0,1.03,15.8,10,289,16.13,0.30,548,0,0,0.0,1.03,1.02,1.02,3.46,2.06,7.98,55.0
938000,1,541,8.3,0.0,0.0,0.0,8.3,0.0,1.01,15.9,14,310,17.17,0.33,541,0,0,0.0,1.01,1.01,1.01,3.44,2.07,7.93,54.4
939000,1,556,8.5,0.1,0.0,0.2,8.2,0.0,1.02,15.8,12,280,15.73,0.28,556,0,0,0.0,1.03,1.02,1.02,3.46,2.08,7.96,55.5
940000,1,526,8.0,0.0,0.0,0.0,8.0,0.0,1.00,16.0,7,299,16.71,0.32,526,0,0,0.0,1.00,1.00,1.00,3.42,2.04,7.92,53.9
941000,1,531,8.2,0.0,0.0,0.0,8.2,0.0,1.00,15.9,10,312,17.26,0.29,531,0,0,0.0,1.00,1.00,1.00,3.47,2.05,7.92,54.6
942000,1,533,8.2,0.1,0.0,0.0,8.1,0.0,1.03,15.8,9,315,17.81,0.34,533,0,0,0.0,1.03,1.02,1.03,3.46,2.05,7.95,55.0
943000,1,557,8.2,0.0,0.0,0.0,8.1,0.0,1.00,15.9,8,281,15.76,0.31,557,0,0,0.0,1.00,1.00,1.00,3.40,2.06,7.94,54.9
944000,1,549,8.2,0.0,0.0,0.0,8.1,0.0,1.02,15.8,6,281,15.79,0.30,549,0,0,0.0,1.02,1.02,1.03,3.47,2.05,7.98,54.5
945000,1,523,8.1,0.0,0.0,0.0,8.0,0.0,1.01,15.9,5,334,18.49,0.35,523,0,0,0.0,1.02,1.01,1.02,3.41,2.03,7.97,55.3
946000,1,545,8.2,0.0,0.0,0.0,8.2,0.0,1.00,15.9,7,291,16.26,0.31,545,0,0,0.0,1.00,1.00,1.00,3.44,2.05,7.96,54.7
947000,1,549,8.3,0.0,0.0,0.0,8.2,0.0,1.00,15.9,13,276,15.38,0.28,549,0,0,0.0,1.00,1.00,1.00,3.47,2.07,7.91,55.2
948000,1,549,8.2,0.0,0.0,0.0,8.2,0.0,1.00,15.9,9,292,16.38,0.28,549,0,0,0.0,1.00,1.00,1.00,3.51,2.05,7.97,55.1
949000,1,548,8.1,0.0,0.0,0.1,8.0,0.0,1.00,15.9,13,292,16.26,0.32,548,0,0,0.0,1.00,1.00,1.00,3.48,2.06,7.94,55.0
950000,1,543,8.4,0.0,0.0,0.1,8.3,0.0,1.00,15.8,12,321,17.92,0.33,543,0,0,0.0,1.00,1.00,1.00,3.43,2.08,7.97,54.7
951000,1,545,8.2,0.0,0.0,0.1,8.1,0.0,1.00,15.9,11,283,15.88,0.33,545,0,0,0.0,1.00,1.00,1.00,3.48,2.06,7.96,55.5
952000,1,549,8.2,0.0,0.0,0.0,8.1,0.0,1.02,16.0,10,300,16.88,0.30,549,0,0,0.0,1.02,1.02,1.03,3.45,2.04,7.92,54.7
953000,1,542,8.1,0.1,0.0,0.0,8.0,0.0,1.04,16.0,8,309,17.33,0.33,542,0,0,0.0,1.04,1.04,1.04,3.50,2.02,7.94,55.5
954000,1,546,8.1,0.0,0.0,0.0,8.0,0.0,1.01,16.0,6,323,18.03,0.33,546,0,0,0.0,1.01,1.01,1.04,3.43,2.02,7.98,55.2
955000,1,552,8.4,0.1,0.0,0.0,8.3,0.0,1.03,15.9,11,320,17.82,0.30,552,0,0,0.0,1.02,1.02,1.04,3.43,2.06,7.95,54.8
956000,1,530,8.1,0.0,0.0,0.1,8.0,0.0,1.00,15.9,5,320,17.81,0.32,530,0,0,0.0,1.00,1.00,1.00,3.53,2.04,7.97,54.7
957000,1,553,8.1,0.1,0.0,0.0,8.1,0.0,1.02,15.9,10,305,17.02,0.33,553,0,0,0.0,1.02,1.02,1.02,3.43,2.03,7.98,55.6
958000,1,553,8.3,0.0,0.0,0.1,8.2,0.0,1.00,15.9,11,295,16.55,0.32,553,0,0,0.0,1.00,1.00,1.00,3.41,2.05,7.99,54.1
959000,1,554,8.2,0.0,0.0,0.0,8.1,0.0,1.01,15.9,13,324,18.17,0.33,553,1,0,0.0,1.02,1.00,1.01,3.48,2.07,7.93,54.5
960000,1,537,8.1,0.0,0.0,0.0,8.1,0.0,1.00,15.9,12,334,18.63,0.35,537,0,0,0.0,1.00,1.00,1.00,3.40,2.04,7.96,54.8
961000,1,513,8.3,0.0,0.0,0.1,8.2,0.0,1.00,15.9,9,312,17.39,0.31,513,0,0,0.0,1.00,1.00,1.00,3.48,2.05,7.96,54.2
962000,1,555,8.2,0.0,0.0,0.1,8.1,0.0,1.01,15.9,13,304,17.01,0.30,555,0,0,0.0,1.01,1.01,1.01,3.42,2.07,7.93,55.0
963000,1,539,8.4,0.0,0.0,0.0,8.4,0.0,1.01,15.8,13,297,16.56,0.31,539,0,0,0.0,1.01,1.01,1.02,3.50,2.09,7.94,55.5
964000,1,559,8.4,0.0,0.0,0.1,8.3,0.0,1.00,15.9,9,313,17.46,0.34,559,0,0,0.0,1.00,1.00,1.00,3.42,2.08,7.92,54.7
965000,1,548,8.1,0.0,0.0,0.0,8.1,0.0,1.00,15.9,9,314,17.58,0.31,548,0,0,0.0,1.00,1.00,1.00,3.44,2.05,7.92,54.8
966000,1,536,8.3,0.1,0.0,0.1,8.1,0.0,1.02,15.9,13,304,16.88,0.31,536,0,0,0.0,1.02,1.01,1.03,3.42,2.06,7.96,55.1
967000,1,550,8.0,0.0,0.0,0.0,8.0,0.0,1.00,16.0,8,325,18.22,0.35,550,0,0,0.0,1.00,1.00,1.00,3.38,2.01,7.95,54.5
968000,1,549,8.4,0.2,0.0,0.0,8.2,0.0,1.07,15.9,14,304,16.93,0.33,548,1,0,0.0,1.06,1.06,1.08,3.42,2.08,7.94,54.2
969000,1,549,8.2,0.0,0.0,0.0,8.1,0.0,1.02,15.9,12,308,17.17,0.31,549,0,0,0.0,1.02,1.02,1.02,3.46,2.07,7.91,54.5
970000,1,543,8.3,0.0,0.0,0.1,8.2,0.0,1.00,15.9,5,308,17.24,0.33,543,0,0,0.0,1.00,1.00,1.00,3.48,2.04,8.00,54.8
971000,1,529,8.4,0.0,0.0,0.1,8.3,0.0,1.00,15.8,11,321,17.85,0.32,529,0,0,0.0,1.00,1.00,1.00,3.53,2.06,7.99,54.1
972000,1,550,8.4,0.0,0.0,0.1,8.2,0.0,1.00,15.8,12,315,17.54,0.30,550,0,0,0.0,1.00,1.00,1.00,3.45,2.07,7.97,55.0
973000,1,527,8.4,0.0,0.0,0.1,8.3,0.0,1.00,15.8,10,307,17.15,0.31,527,0,0,0.0,1.00,1.00,1.00,3.47,2.06,7.99,54.8
974000,1,556,8.4,0.0,0.0,0.0,8.4,0.0,1.00,15.8,9,315,17.56,0.30,556,0,0,0.0,1.00,1.00,1.00,3.53,2.05,7.99,55.8
975000,1,553,8.2,0.0,0.0,0.0,8.2,0.0,1.00,15.9,8,318,17.89,0.33,553,0,0,0.0,1.00,1.00,1.00,3.44,2.05,7.97,55.7
976000,1,544,8.2,0.0,0.0,0.0,8.2,0.0,1.00,15.9,11,314,17.47,0.31,544,0,0,0.0,1.00,1.00,1.00,3.48,2.06,7.93,55.5
977000,1,535,8.1,0.1,0.0,0.0,8.0,0.0,1.03,16.0,6,314,17.59,0.33,535,0,0,0.0,1.00,1.04,1.03,3.49,2.03,7.96,55.0
978000,1,549,8.3,0.0,0.1,0.0,8.2,0.0,1.00,15.9,14,309,17.06,0.29,549,0,0,0.0,1.00,1.00,1.00,3.46,2.09,7.89,54.6
979000,1,545,8.3,0.1,0.1,0.1,8.1,0.0,1.01,15.8,14,297,16.56,0.31,545,0,0,0.0,1.02,1.01,1.01,3.51,2.08,7.98,54.5
980000,1,550,8.6,0.1,0.0,0.2,8.2,0.0,1.04,15.8,9,301,16.79,0.30,550,0,0,0.0,1.05,1.04,1.04,3.49,2.07,8.00,54.9
981000,1,546,8.3,0.2,0.0,0.0,8.1,0.0,1.05,15.9,9,317,17.73,0.34,546,0,0,0.0,1.02,1.06,1.07,3.43,2.05,7.97,54.6
982000,1,549,8.2,0.1,0.0,0.0,8.1,0.0,1.04,15.9,8,315,17.57,0.31,549,0,0,0.0,1.04,1.04,1.04,3.48,2.05,7.94,55.3
983000,1,526,8.4,0.0,0.0,0.2,8.1,0.0,1.00,15.8,10,312,17.31,0.33,526,0,0,0.0,1.00,1.00,1.00,3.45,2.07,7.97,55.3
984000,1,545,8.3,0.1,0.0,0.2,8.0,0.0,1.03,15.9,11,306,17.22,0.35,544,1,0,0.0,1.02,1.02,1.03,3.41,2.06,7.93,55.6
985000,1,553,8.1,0.0,0.1,0.0,8.1,0.0,1.00,16.0,9,327,18.04,0.36,553,0,0,0.0,1.00,1.00,1.00,3.52,2.06,7.89,54.5
986000,1,539,8.2,0.0,0.0,0.0,8.1,0.0,1.00,15.9,10,303,16.88,0.30,539,0,0,0.0,1.00,1.00,1.00,3.38,2.03,7.96,54.4
987000,1,539,8.3,0.0,0.0,0.1,8.2,0.0,1.00,15.9,10,304,16.97,0.31,539,0,0,0.0,1.00,1.00,1.00,3.45,2.06,7.93,55.8
988000,1,533,8.1,0.1,0.0,0.0,8.0,0.0,1.02,16.0,8,316,17.61,0.34,533,0,0,0.0,1.02,1.02,1.01,3.43,2.03,7.94,54.5
989000,1,544,8.3,0.0,0.0,0.1,8.2,0.0,1.00,15.9,11,294,16.47,0.31,544,0,0,0.0,1.00,1.00,1.00,3.49,2.07,7.93,55.2
990000,1,540,8.4,0.0,0.0,0.1,8.2,0.0,1.01,15.9,12,296,16.50,0.33,540,0,0,0.0,1.01,1.01,1.02,3.42,2.08,7.93,55.3
991000,1,548,8.6,0.1,0.0,0.1,8.4,0.0,1.01,15.8,12,298,16.74,0.34,548,0,0,0.0,1.02,1.01,1.01,3.49,2.10,7.96,54.4
992000,1,546,8.2,0.0,0.0,0.0,8.2,0.0,1.00,15.9,10,325,18.18,0.35,546,0,0,0.0,1.00,1.00,1.00,3.50,2.04,7.97,55.0
993000,1,528,8.1,0.1,0.0,0.0,8.0,0.0,1.02,15.9,10,309,17.47,0.35,528,0,0,0.0,1.03,1.01,1.02,3.47,2.04,7.94,54.8
994000,1,534,8.3,0.0,0.0,0.1,8.3,0.0,1.00,15.9,9,327,18.22,0.35,534,0,0,0.0,1.00,1.00,1.00,3.40,2.06,7.93,55.2
995000,1,538,8.1,0.0,0.0,0.1,8.0,0.0,1.00,15.9,8,308,17.19,0.34,538,0,0,0.0,1.00,1.00,1.00,3.44,2.02,7.98,54.9
996000,1,534,8.2,0.0,0.1,0.0,8.1,0.0,1.00,15.9,11,310,17.33,0.33,534,0,0,0.0,1.00,1.00,1.00,3.43,2.05,7.96,55.3
997000,1,543,8.3,0.0,0.0,0.0,8.3,0.0,1.00,15.8,10,317,17.75,0.34,543,0,0,0.0,1.00,1.00,1.00,3.53,2.06,7.98,54.9
998000,1,543,8.3,0.0,0.0,0.1,8.2,0.0,1.00,15.9,13,322,17.97,0.35,543,0,0,0.0,1.00,1.00,1.00,3.38,2.08,7.91,54.6
999000,1,549,8.3,0.0,0.1,0.0,8.2,0.0,1.01,15.8,15,309,17.24,0.31,549,0,0,0.0,1.01,1.01,1.01,3.44,2.08,7.96,55.4
1000000,1,540,8.1,0.0,0.0,0.0,8.1,0.0,1.00,15.9,7,346,19.37,0.36,540,0,0,0.0,1.00,1.00,1.00,3.38,2.04,7.95,54.4
