step,lineage,size,mass,hard,muscle,sensor,digestive,bite,shell,open,bodies,age,plant,meat,p0,p1,pnone,bite_any,shell_front,shell_back,shell_side,foot,len_fwd,len_side,height,density,digest,side
5000,1,525,30.9,2.8,1.0,4.6,23.7,0.0,1.66,6.8,174,1040,58.07,24.71,266,154,105,0.0,1.72,1.44,1.76,5.02,6.45,6.16,27.5,0.969,0.507,7.96
5000,15,278,24.5,1.4,0.1,2.4,20.4,0.0,1.38,11.7,94,749,38.35,13.83,174,63,41,0.0,1.34,1.47,1.37,4.35,5.76,5.33,22.2,1.010,0.414,8.39
5000,61,93,34.7,4.9,0.2,0.0,30.8,0.0,2.14,8.0,49,981,59.24,23.73,27,17,49,0.1,2.11,2.41,2.04,5.20,5.76,7.34,36.9,0.853,0.361,8.52
5000,4,71,32.1,0.6,10.0,0.0,27.5,0.0,1.16,17.3,40,752,61.60,13.46,26,45,0,0.3,1.14,1.16,1.17,5.34,6.51,7.44,27.1,0.803,0.449,11.30
5000,54,70,47.2,3.3,8.0,2.1,38.7,0.0,1.72,0.1,43,1220,118.84,55.49,39,31,0,0.5,1.60,2.17,1.57,6.00,7.37,7.31,26.3,0.884,0.566,7.37
5000,8,61,45.4,7.1,8.0,1.1,18.3,0.0,3.00,7.2,42,1470,84.56,31.13,19,42,0,1.0,2.71,3.27,2.98,5.34,6.57,6.56,28.9,1.140,0.514,8.34
5000,49,47,26.0,5.7,0.3,1.5,13.4,0.0,2.93,17.3,15,659,21.20,4.55,0,0,47,0.0,3.64,1.76,3.20,4.23,6.17,5.53,44.3,1.010,0.633,9.85
5000,36,43,34.6,4.2,0.9,0.8,28.3,0.0,1.73,11.7,28,1038,85.56,39.55,0,43,0,0.0,2.41,1.42,1.58,5.44,7.77,5.88,28.4,0.927,0.513,9.74
5000,25,40,49.1,0.2,14.4,13.1,26.2,0.1,1.03,1.3,30,1079,113.14,39.84,22,14,4,0.1,1.05,1.00,1.04,6.35,7.62,7.72,21.3,1.030,0.515,8.00
5000,27,39,25.3,1.5,2.2,11.7,14.2,0.1,1.35,0.4,27,1111,66.68,22.06,0,0,39,0.1,1.55,1.10,1.38,4.74,6.28,6.08,44.1,1.010,0.505,6.28
5000,95,39,17.6,1.5,0.1,0.0,12.7,0.0,1.45,8.8,16,1023,74.72,42.23,0,0,39,0.0,1.54,1.44,1.41,3.56,6.26,4.10,47.8,1.104,0.472,7.13
5000,12,38,36.7,1.4,15.6,0.0,26.7,0.0,1.04,1.0,34,1282,85.76,31.59,38,0,0,0.0,1.11,1.00,1.03,6.00,6.97,7.00,17.4,0.798,0.511,7.24
5000,2,36,20.9,3.0,0.0,1.8,22.6,0.0,1.67,4.8,16,1406,86.06,37.97,0,0,36,0.0,1.97,1.23,1.74,4.75,6.97,4.86,47.1,0.724,0.537,7.08
5000,24,35,23.3,1.5,0.0,7.9,17.3,0.0,1.30,12.5,15,1555,44.88,18.99,0,25,10,0.0,1.24,1.47,1.24,4.66,7.46,5.40,36.0,0.966,0.451,9.34
5000,33,32,13.6,0.0,5.8,0.0,12.7,0.0,1.00,10.9,20,1194,63.80,41.14,0,32,0,0.0,1.00,1.00,1.00,3.69,3.25,6.88,34.5,0.734,0.400,7.75
5000,29,31,36.0,1.1,2.7,24.5,15.2,0.0,1.24,0.3,12,862,65.33,12.06,0,8,23,0.0,1.00,1.30,1.32,6.39,7.10,6.94,44.0,1.118,0.687,7.10
5000,18,31,62.2,14.4,4.9,0.9,26.9,0.0,4.44,0.1,21,1579,103.43,41.58,0,16,15,1.0,1.42,5.78,5.28,5.26,6.97,7.03,37.5,1.007,0.439,7.03
5000,65,29,18.2,0.0,0.0,0.0,22.1,0.0,1.00,4.1,12,1023,111.88,72.23,27,2,0,0.0,1.00,1.00,1.00,3.79,5.76,4.55,25.0,0.821,0.667,6.10
5000,89,27,73.1,11.1,0.2,0.0,53.9,0.0,3.20,0.0,8,1583,146.25,101.33,0,0,27,0.1,1.20,4.35,3.62,5.78,8.11,8.11,50.7,0.960,0.450,8.11
5000,47,26,14.0,0.0,1.0,0.0,17.5,0.0,1.00,11.1,13,934,68.07,42.29,6,20,0,0.0,1.00,1.00,1.00,3.04,4.12,4.81,28.2,0.727,0.549,7.23
5000,57,21,40.7,0.0,4.6,3.2,25.4,0.0,1.00,0.3,14,1468,117.22,109.93,0,12,9,0.0,1.00,1.00,1.00,4.57,5.95,6.10,37.6,1.277,0.512,6.10
5000,11,20,23.7,2.8,0.4,1.5,15.3,0.0,2.02,8.5,8,1146,56.30,28.05,0,0,20,0.0,2.39,2.56,1.64,4.25,5.45,4.70,47.7,1.076,0.626,7.20
5000,98,19,14.0,0.2,0.0,0.0,15.9,0.0,1.26,11.5,7,407,15.78,20.01,0,19,0,0.0,1.26,1.26,1.26,3.26,3.68,4.58,30.4,0.854,0.562,7.00
5000,40,19,42.9,0.6,14.5,0.0,29.0,0.3,1.12,2.6,19,791,51.63,16.46,6,13,0,0.3,1.19,1.11,1.10,6.37,7.21,7.26,26.7,0.956,0.605,7.68
5000,3,18,35.5,1.3,0.5,0.3,24.7,0.0,1.27,5.8,14,1685,56.16,34.41,0,18,0,0.1,1.37,1.21,1.24,4.94,7.44,6.33,31.3,1.270,0.666,8.33
5000,127,18,47.3,8.8,23.7,0.0,22.8,0.4,2.29,0.6,18,1915,111.82,37.52,10,8,0,5.1,1.11,3.54,2.27,6.44,8.17,8.11,25.8,0.734,0.342,8.17
5000,63,17,109.6,0.0,0.0,0.0,99.8,0.0,1.00,0.0,2,1265,168.07,47.18,0,2,15,0.0,1.00,1.00,1.00,9.18,10.00,10.00,44.7,1.098,0.484,10.00
5000,35,17,25.3,0.0,11.7,2.1,18.3,0.0,1.00,10.5,17,1702,114.66,34.72,2,15,0,0.0,1.00,1.00,1.00,4.76,6.82,6.24,29.4,0.809,0.476,9.06
5000,23,16,9.6,0.5,1.5,0.4,12.8,0.0,1.12,13.1,10,1778,31.61,4.32,0,1,15,0.5,1.12,1.15,1.11,3.12,4.56,5.12,45.9,0.626,0.396,7.81
5000,21,15,63.8,9.9,2.7,0.8,28.1,0.2,3.49,10.1,12,1773,51.34,32.25,15,0,0,0.2,3.58,4.14,3.32,5.87,8.40,5.87,18.8,1.213,0.521,9.67
5000,6,14,36.4,13.5,4.6,2.1,7.4,1.6,4.89,0.1,11,1107,36.01,7.03,5,7,2,2.4,6.29,3.04,5.12,3.79,5.43,5.50,28.9,0.934,0.452,5.50
5000,76,13,76.8,4.8,0.0,0.9,86.7,0.0,1.66,0.0,4,1083,117.08,30.71,0,6,7,0.0,1.05,2.29,1.66,11.00,9.62,9.62,38.1,0.792,0.512,9.62
5000,30,13,22.9,0.6,5.2,0.0,18.9,0.0,1.13,18.3,9,887,25.63,2.89,0,13,0,0.0,1.17,1.00,1.17,4.31,4.62,6.69,30.7,0.884,0.781,10.23
5000,7,13,54.9,8.2,0.8,16.9,20.8,0.0,2.72,2.3,8,1627,134.38,52.06,0,13,0,0.6,1.93,3.48,2.77,6.23,7.69,7.00,32.2,1.199,0.481,7.69
5000,66,12,63.8,1.5,0.0,3.2,50.5,0.0,1.31,0.0,4,1107,128.35,85.17,12,0,0,0.0,1.24,1.53,1.24,6.00,7.42,7.42,16.2,1.159,0.300,7.42
5000,14,11,36.2,10.5,0.0,0.0,13.6,0.0,5.12,10.2,5,1634,92.66,20.62,11,0,0,0.0,4.08,5.54,5.47,4.27,5.64,6.00,18.9,1.050,0.697,8.36
5000,17,11,39.7,6.1,0.5,0.0,35.2,0.0,2.54,1.1,8,1728,113.51,78.01,9,2,0,0.0,2.23,3.25,2.32,6.00,6.64,7.18,18.9,0.832,0.610,7.18
5000,70,11,36.3,1.7,0.0,1.1,29.8,0.0,1.29,2.2,5,1370,47.06,74.07,0,1,10,0.0,1.58,1.00,1.29,6.27,7.27,7.45,40.0,1.069,0.571,7.91
5000,71,11,18.0,4.2,0.0,0.1,10.7,0.0,2.49,6.7,8,789,45.44,12.48,11,0,0,0.0,3.17,3.19,2.07,3.36,5.91,7.09,6.0,0.938,0.576,7.27
5000,5,10,36.8,4.2,1.6,0.0,18.7,0.6,2.23,13.4,7,1816,48.53,33.22,0,0,10,0.6,2.20,1.99,2.43,4.70,5.20,5.70,49.2,1.287,0.549,8.80
5000,104,10,39.5,0.6,17.2,0.0,29.3,0.0,1.08,5.2,9,1257,138.24,37.29,0,0,10,3.3,1.05,1.14,1.07,6.40,6.60,7.00,46.3,0.853,0.386,8.00
5000,55,9,44.3,12.3,0.0,0.0,26.0,0.0,4.23,1.3,4,1360,40.56,13.49,0,9,0,0.0,5.37,4.65,3.56,5.56,7.22,6.56,35.8,0.873,0.479,7.22
5000,16,9,50.0,8.4,5.6,0.0,22.7,1.3,3.26,1.6,6,1448,59.46,38.13,9,0,0,1.3,4.33,3.57,2.55,6.11,6.56,6.44,21.0,1.097,0.400,6.89
5000,13,9,12.8,2.4,1.8,2.7,7.0,0.2,1.68,11.1,6,1449,44.02,33.00,0,9,0,0.2,1.15,1.24,2.04,3.67,6.67,4.00,33.0,0.853,0.397,8.00
5000,44,9,40.5,10.0,0.0,6.7,7.3,0.0,3.89,15.3,2,1672,27.43,5.26,0,9,0,0.0,4.62,1.95,4.42,4.89,7.00,5.33,31.4,1.274,0.497,9.67
5000,31,8,19.0,0.0,0.0,0.2,20.9,0.0,1.00,6.0,8,1877,106.94,79.31,8,0,0,0.0,1.00,1.00,1.00,3.12,6.00,4.50,17.4,0.919,0.604,6.50
5000,39,7,16.7,0.0,6.3,4.4,11.1,0.0,1.00,10.6,6,1790,31.99,7.50,7,0,0,0.0,1.00,1.00,1.00,4.57,7.14,4.14,10.9,0.851,0.537,8.29
5000,83,7,45.2,4.6,4.9,10.9,29.1,0.4,1.81,0.9,7,1896,65.93,62.00,3,4,0,1.7,2.52,1.00,1.86,5.86,7.29,7.14,27.1,0.946,0.515,7.43
5000,79,6,50.8,21.7,2.3,0.0,34.3,0.7,6.95,0.0,6,1899,94.99,63.62,0,6,0,0.7,7.71,7.58,6.25,8.00,8.00,8.00,36.3,0.633,0.516,8.00
5000,26,5,33.4,0.0,1.6,30.2,11.6,0.0,1.00,0.0,4,1552,49.00,1.68,0,0,5,0.0,1.00,1.00,1.00,5.20,6.60,6.60,54.4,1.178,0.298,6.60
6000,15,373,25.0,1.9,0.1,2.7,20.5,0.0,1.53,10.6,139,1007,45.00,13.10,188,42,143,0.0,1.51,1.64,1.50,4.38,5.83,5.36,29.5,0.967,0.437,8.17
6000,1,320,33.1,2.8,0.4,4.4,27.0,0.0,1.65,6.5,110,1582,99.35,39.58,97,166,57,0.0,1.64,1.47,1.76,5.30,6.74,6.43,30.1,0.964,0.508,8.15
6000,61,137,29.7,2.9,0.4,0.5,27.9,0.0,1.69,10.2,65,1040,53.10,17.27,32,34,71,0.1,1.71,1.85,1.60,4.74,5.57,6.61,36.1,0.868,0.372,8.61
6000,4,85,29.9,0.6,7.5,0.0,27.8,0.0,1.15,19.5,45,1098,67.87,12.97,43,42,0,0.2,1.12,1.17,1.16,5.02,6.05,6.72,25.6,0.787,0.460,11.26
6000,54,82,50.4,5.0,8.3,2.4,37.0,0.0,1.91,0.1,50,1838,134.14,52.53,49,33,0,0.7,1.65,2.38,1.80,6.18,7.38,7.33,25.7,0.907,0.556,7.38
6000,8,53,43.1,7.4,8.0,1.1,15.2,0.1,3.26,8.1,38,2361,99.15,30.96,17,35,1,0.9,3.08,3.45,3.22,5.23,6.28,6.38,29.1,1.149,0.514,8.32
6000,49,47,27.8,5.9,0.9,1.9,14.3,0.1,2.78,14.9,12,1437,41.10,9.56,0,2,45,0.1,3.58,1.65,2.96,4.62,7.60,7.04,43.6,1.005,0.654,9.94
6000,95,46,21.4,2.0,0.0,0.0,15.9,0.0,1.44,6.2,15,1046,65.19,34.05,0,0,46,0.0,1.57,1.55,1.33,3.87,7.02,4.24,45.6,1.088,0.470,7.17
6000,36,46,33.9,3.3,0.0,0.9,31.4,0.0,1.61,10.4,26,1301,103.62,39.95,5,41,0,0.0,2.18,1.38,1.48,5.65,8.26,6.13,28.1,0.885,0.495,9.80
6000,25,44,51.1,0.2,15.4,15.4,25.4,0.1,1.03,1.2,34,1739,146.13,50.11,24,14,6,0.1,1.05,1.00,1.03,6.80,7.75,7.98,22.7,1.052,0.526,8.16
6000,2,38,18.9,2.2,0.0,1.1,20.9,0.0,1.46,10.0,15,1363,85.23,28.16,0,0,38,0.0,1.66,1.17,1.51,4.26,6.00,4.95,45.9,0.754,0.521,7.97
6000,12,35,37.6,1.3,16.9,0.0,27.0,0.0,1.00,1.0,32,1842,135.78,43.79,35,0,0,0.0,1.00,1.00,1.00,6.29,7.11,7.23,18.4,0.795,0.514,7.43
6000,27,32,25.1,1.7,2.5,10.5,14.0,0.1,1.40,0.6,24,2018,77.28,23.69,0,0,32,0.1,1.62,1.12,1.43,4.75,6.25,5.97,44.6,1.005,0.505,6.25
6000,24,31,19.3,1.1,0.0,5.5,14.8,0.0,1.21,15.9,15,2082,58.02,19.93,0,21,10,0.0,1.21,1.28,1.18,4.13,6.61,4.94,36.5,0.984,0.440,9.52
6000,30,31,24.1,3.5,1.2,0.0,15.3,0.0,1.90,27.4,10,469,13.36,3.70,9,22,0,0.0,2.11,1.30,2.09,4.00,4.45,5.48,27.1,1.027,0.818,11.81
6000,29,30,36.3,1.1,4.2,24.1,14.4,0.0,1.24,0.3,14,1689,102.12,19.86,0,7,23,0.0,1.00,1.31,1.33,6.43,7.10,6.93,44.0,1.107,0.684,7.10
6000,89,29,72.1,8.3,0.2,0.0,57.8,0.0,2.58,0.0,7,1957,172.10,100.57,0,0,29,0.1,1.08,3.49,2.87,5.55,8.17,8.17,50.9,0.971,0.450,8.17
6000,65,29,20.5,0.0,0.0,0.3,24.0,0.0,1.00,3.1,14,1362,114.22,83.98,23,6,0,0.0,1.00,1.00,1.00,4.10,6.28,4.93,24.4,0.846,0.666,6.34
6000,18,28,71.6,18.9,6.1,0.9,26.4,0.0,5.57,0.1,21,2373,145.37,64.85,0,12,16,1.2,1.72,7.29,6.63,5.46,7.36,7.43,38.0,0.996,0.451,7.43
6000,63,28,87.0,2.9,0.0,0.8,72.4,0.0,1.54,5.3,8,1415,192.53,52.75,0,2,26,0.0,1.43,1.67,1.53,7.64,8.50,8.50,45.9,1.111,0.470,9.82
6000,47,20,16.7,0.0,1.4,0.0,20.6,0.0,1.00,9.2,10,1769,120.32,71.19,6,14,0,0.0,1.00,1.00,1.00,3.30,4.60,5.50,27.6,0.727,0.541,7.35
6000,127,18,46.7,8.8,23.1,0.0,22.5,0.4,2.33,0.6,18,2915,165.23,42.38,10,8,0,5.0,1.18,3.54,2.32,6.33,8.17,8.11,25.8,0.734,0.342,8.17
6000,40,17,47.1,0.4,16.2,0.0,29.8,0.2,1.03,1.8,17,1389,84.57,18.65,9,8,0,0.2,1.10,1.00,1.00,6.18,7.41,7.29,26.0,0.987,0.627,7.71
6000,33,16,16.7,0.0,10.1,0.0,13.1,0.0,1.00,9.1,10,2144,63.07,27.81,0,16,0,0.0,1.00,1.00,1.00,4.38,3.94,7.56,35.0,0.724,0.409,7.94
6000,11,15,23.9,2.9,0.5,1.8,14.9,0.0,2.06,8.4,8,2206,71.92,32.46,0,0,15,0.0,2.42,2.58,1.68,4.00,5.40,4.80,48.0,1.075,0.621,7.20
6000,35,15,22.8,0.0,10.5,2.3,16.5,0.0,1.00,12.9,15,2681,103.87,33.06,2,13,0,0.0,1.00,1.00,1.00,4.47,6.13,5.67,29.5,0.804,0.479,9.07
6000,66,15,65.5,2.2,0.0,2.6,50.2,0.0,1.40,0.0,7,1628,131.77,77.42,15,0,0,0.0,1.33,1.56,1.36,6.60,7.40,7.40,14.9,1.172,0.335,7.40
6000,57,13,43.0,0.0,4.0,0.0,28.9,0.0,1.00,0.0,8,2003,129.49,121.51,0,9,4,0.0,1.00,1.00,1.00,4.85,6.00,6.00,37.4,1.297,0.519,6.00
6000,71,13,14.4,3.5,0.0,0.4,7.9,0.0,2.26,9.5,9,1584,95.59,29.51,13,0,0,0.0,2.84,2.85,1.91,3.23,5.31,6.31,6.4,0.945,0.577,7.23
6000,6,13,39.6,16.1,4.4,1.7,6.7,1.6,5.79,0.2,10,1997,65.27,7.10,3,8,2,2.5,7.39,3.65,6.06,3.77,5.54,5.62,29.6,0.920,0.459,5.62
6000,21,12,74.9,11.9,3.4,1.0,31.8,0.2,3.99,8.5,9,2651,81.74,38.56,12,0,0,0.2,3.96,4.65,3.84,6.58,8.92,6.33,19.0,1.239,0.509,9.75
6000,76,12,77.7,0.0,0.0,0.0,96.8,0.0,1.00,0.0,2,1381,165.96,31.42,0,7,5,0.0,1.00,1.00,1.00,10.83,9.83,9.83,37.4,0.802,0.496,9.83
6000,13,11,12.7,2.4,1.8,2.7,7.0,0.2,1.64,10.9,6,2040,54.12,41.01,0,11,0,0.2,1.12,1.20,1.98,3.64,6.73,4.00,33.1,0.853,0.398,8.00
6000,104,11,42.5,0.6,19.0,1.1,29.9,0.0,1.09,4.7,10,1953,184.48,42.05,0,0,11,3.5,1.05,1.15,1.08,6.73,6.91,7.27,47.5,0.854,0.372,8.18
6000,16,9,50.1,8.4,5.6,0.0,22.8,1.3,3.26,1.6,5,2186,96.77,58.97,9,0,0,1.3,4.33,3.57,2.55,6.22,6.56,6.44,21.0,1.097,0.400,6.89
6000,17,9,40.6,6.6,0.7,0.0,34.9,0.0,2.72,0.7,7,2670,86.90,41.95,7,2,0,0.0,2.51,3.41,2.46,6.22,6.89,7.22,20.1,0.837,0.610,7.22
6000,3,9,25.8,1.3,0.0,0.0,18.8,0.0,1.39,8.2,7,2583,26.72,13.84,0,9,0,0.0,1.42,1.42,1.35,4.44,7.00,5.56,30.0,1.209,0.650,8.33
6000,23,9,7.0,0.2,0.3,3.7,8.6,0.0,1.07,16.4,3,1233,11.99,10.29,0,0,9,0.0,1.09,1.09,1.06,2.78,4.44,4.44,44.2,0.630,0.393,8.22
6000,44,9,40.5,10.0,0.0,6.7,7.3,0.0,3.89,15.3,2,2672,34.46,5.26,0,9,0,0.0,4.62,1.95,4.42,4.89,7.00,5.33,31.4,1.274,0.497,9.67
6000,14,8,35.1,11.1,0.0,0.0,10.6,0.0,5.42,10.2,4,1688,117.79,8.00,8,0,0,0.0,4.30,6.05,5.67,4.38,5.50,5.62,18.4,1.070,0.704,8.12
6000,7,7,74.2,11.3,1.0,23.0,28.3,0.0,3.32,0.0,5,2685,241.49,93.04,0,7,0,0.9,2.07,4.34,3.44,7.29,8.00,8.00,32.5,1.173,0.479,8.00
6000,83,6,42.7,5.0,5.2,10.2,27.0,1.0,1.93,1.0,6,2898,74.25,51.48,3,3,0,1.8,2.82,1.00,1.95,6.17,7.33,7.17,27.2,0.914,0.511,7.50
6000,55,6,44.7,11.7,0.0,0.0,27.3,0.0,3.99,0.7,4,1969,134.80,42.94,0,6,0,0.0,5.08,3.97,3.49,5.17,7.33,7.00,34.9,0.879,0.477,7.33
6000,79,5,51.0,22.6,2.6,0.0,32.0,0.6,7.44,0.0,5,2897,66.09,58.32,0,5,0,0.6,8.15,8.07,6.76,7.80,8.00,8.00,35.9,0.636,0.515,8.00
6000,39,5,16.7,0.0,2.6,5.6,14.2,0.0,1.00,9.2,4,2777,70.52,7.16,5,0,0,0.0,1.00,1.00,1.00,4.80,7.60,4.20,11.2,0.847,0.553,8.20
6000,26,5,33.4,0.0,1.6,30.2,11.6,0.0,1.00,0.0,4,2552,67.56,1.68,0,0,5,0.0,1.00,1.00,1.00,5.20,6.60,6.60,54.4,1.178,0.298,6.60
7000,1,679,30.1,1.0,1.4,5.5,24.4,0.0,1.25,7.1,223,815,61.51,28.15,314,288,77,0.0,1.26,1.22,1.27,4.92,6.36,6.13,26.8,0.991,0.514,7.82
7000,15,499,25.2,2.6,0.2,3.0,19.7,0.0,1.69,10.0,190,689,33.06,11.19,224,66,209,0.0,1.77,1.85,1.59,4.43,5.70,5.29,30.5,0.958,0.439,7.92
7000,49,127,17.2,1.5,0.7,2.3,11.9,0.0,1.40,18.4,41,587,23.93,6.64,0,27,100,0.1,1.50,1.19,1.52,4.05,6.51,7.20,42.2,1.041,0.649,10.06
7000,2,104,14.7,1.5,0.0,0.5,15.6,0.0,1.38,13.5,33,329,20.28,12.19,0,15,89,0.0,1.49,1.26,1.41,3.19,4.43,4.96,44.1,0.775,0.592,8.03
7000,54,85,39.6,3.6,3.2,4.5,34.6,0.0,1.34,0.3,49,758,79.27,35.42,3,61,21,0.3,1.29,1.25,1.42,6.21,6.96,6.80,35.0,0.823,0.533,6.96
7000,61,84,23.6,1.9,0.5,0.9,22.3,0.0,1.43,11.0,54,1020,39.81,17.57,32,19,33,0.1,1.39,1.49,1.44,4.21,5.19,5.96,33.1,0.869,0.385,8.30
7000,36,52,34.2,3.1,0.6,1.3,28.0,0.0,1.71,12.0,24,943,76.56,27.88,3,49,0,0.0,2.21,1.63,1.55,5.42,7.81,5.87,28.8,0.961,0.535,9.83
7000,12,51,32.1,0.1,14.8,0.0,27.4,0.0,1.00,1.0,40,655,43.55,23.76,51,0,0,0.0,1.00,1.00,1.00,5.59,6.69,6.92,18.1,0.756,0.520,7.06
7000,4,45,36.1,0.4,7.4,0.0,34.7,0.0,1.08,14.6,26,1212,74.55,16.66,15,30,0,0.2,1.00,1.14,1.09,5.44,6.82,7.82,27.3,0.821,0.448,10.98
7000,133,45,34.2,6.2,0.0,2.1,16.8,0.0,2.19,15.9,23,912,55.87,13.38,33,12,0,0.0,2.40,2.81,2.07,5.36,9.96,4.96,24.8,1.120,0.670,11.24
7000,24,44,13.5,1.5,0.0,2.8,9.4,0.0,1.44,21.0,16,919,55.40,23.46,0,41,3,0.0,1.54,1.41,1.42,3.07,5.00,3.73,34.7,0.996,0.424,9.61
7000,95,43,19.0,1.5,0.2,0.0,14.4,0.0,1.39,7.0,19,688,37.27,22.68,0,0,43,0.0,1.55,1.37,1.33,3.70,6.56,4.12,45.9,1.075,0.477,7.09
7000,25,39,47.1,0.0,10.9,13.2,28.7,0.0,1.00,3.4,31,1291,68.70,48.20,23,13,3,0.0,1.00,1.00,1.00,6.28,7.36,7.46,23.7,1.032,0.520,8.26
7000,65,36,20.2,0.0,0.0,0.8,23.7,0.0,1.00,2.6,15,546,37.88,23.20,30,6,0,0.0,1.00,1.00,1.00,4.28,6.25,5.17,24.5,0.830,0.660,6.25
7000,40,30,43.0,0.2,15.4,0.0,27.8,0.1,1.01,1.2,27,1355,118.52,37.15,25,5,0,0.1,1.06,1.00,1.00,6.13,7.17,7.13,22.0,0.974,0.642,7.40
7000,89,27,66.6,6.6,1.4,0.0,54.3,0.0,2.29,0.0,13,825,103.16,66.90,0,1,26,0.0,1.73,2.80,2.32,5.11,7.93,7.93,51.7,0.972,0.444,7.93
7000,8,27,15.5,0.0,8.9,0.0,4.0,0.0,1.00,20.3,5,831,15.39,18.60,0,26,1,0.0,1.00,1.00,1.00,3.00,3.85,4.00,34.4,1.204,0.542,9.00
7000,55,26,32.0,9.9,1.2,0.0,16.2,0.5,4.08,5.1,8,507,53.75,17.08,0,23,3,0.5,5.53,5.20,3.26,4.38,6.62,4.69,36.7,0.863,0.494,6.92
7000,29,24,32.2,0.5,4.0,22.6,13.5,0.0,1.10,0.4,16,1962,84.59,16.41,0,7,17,0.0,1.00,1.13,1.14,6.17,7.04,6.83,43.4,1.085,0.681,7.04
7000,16,24,23.0,1.1,3.6,0.0,16.0,0.1,1.29,6.7,15,1038,71.62,60.69,24,0,0,0.1,1.43,1.33,1.19,3.62,5.29,4.21,21.1,1.036,0.405,6.33
7000,66,23,57.9,0.9,0.0,9.3,41.1,0.0,1.14,0.0,13,904,63.45,28.86,23,0,0,0.0,1.16,1.09,1.15,6.30,7.13,7.13,14.5,1.219,0.281,7.13
7000,104,21,3.1,0.0,0.0,0.0,3.3,0.0,1.00,17.8,3,787,15.52,7.27,0,4,17,0.0,1.00,1.00,1.00,1.71,2.05,2.19,39.6,0.941,0.428,6.57
7000,35,20,32.6,0.0,13.4,0.0,26.0,0.0,1.00,12.1,17,569,48.53,28.05,8,12,0,0.0,1.00,1.00,1.00,5.75,7.85,6.45,26.1,0.822,0.435,9.90
7000,70,16,22.9,0.0,0.0,0.0,21.8,0.0,1.00,7.2,6,430,35.94,34.46,0,13,3,0.0,1.00,1.00,1.00,3.56,7.19,5.31,35.0,1.056,0.538,8.06
7000,3,16,12.1,0.0,0.0,0.0,10.1,0.0,1.00,15.6,11,435,17.58,8.75,1,15,0,0.0,1.00,1.00,1.00,2.81,6.00,2.81,28.0,1.213,0.659,8.31
7000,27,13,21.9,1.9,3.3,10.7,9.7,0.1,1.47,1.4,12,2263,40.70,6.80,0,0,13,0.1,1.69,1.29,1.45,4.15,6.08,5.38,45.7,0.987,0.488,6.08
7000,63,12,92.0,4.8,0.0,5.2,70.2,0.0,1.77,4.3,6,1741,222.93,73.16,0,0,12,0.0,1.64,1.88,1.78,8.50,9.00,9.17,47.1,1.130,0.469,10.17
7000,134,12,31.3,0.0,1.5,29.3,14.7,0.0,1.00,0.2,7,1053,76.59,22.57,0,12,0,0.0,1.00,1.00,1.00,5.25,6.83,6.92,33.8,1.014,0.633,6.92
7000,98,12,12.6,0.0,0.0,0.0,14.6,0.0,1.00,12.0,5,202,5.32,2.52,0,12,0,0.0,1.00,1.00,1.00,2.58,3.75,4.25,30.9,0.875,0.557,7.00
7000,57,12,46.1,0.0,4.1,0.8,30.2,0.0,1.00,0.0,4,670,60.89,34.53,0,3,9,0.0,1.00,1.00,1.00,4.33,6.00,6.00,39.9,1.328,0.511,6.00
7000,18,11,83.5,26.5,10.0,0.0,17.9,0.0,7.67,0.4,9,1112,108.86,79.89,1,9,1,1.6,1.64,9.95,9.65,6.27,7.82,8.00,31.4,1.030,0.431,8.00
7000,47,8,18.7,0.0,1.5,0.0,23.0,0.0,1.00,7.0,6,1044,78.39,38.26,8,0,0,0.0,1.00,1.00,1.00,3.38,4.50,7.00,22.5,0.752,0.503,7.12
7000,14,8,31.0,11.5,0.0,0.0,5.6,0.0,6.14,12.0,4,1105,36.24,17.80,8,0,0,0.0,5.09,6.54,6.50,3.62,5.12,5.38,19.6,1.084,0.724,8.25
7000,21,7,88.5,9.4,0.0,0.0,47.9,0.0,2.98,5.1,2,1008,58.65,10.50,7,0,0,0.0,1.48,3.88,3.30,7.43,9.86,7.29,17.1,1.339,0.443,9.86
7000,6,6,53.9,28.3,3.3,1.5,3.3,1.2,10.32,0.0,6,1474,84.58,6.25,0,6,0,2.3,12.76,7.02,10.74,4.33,6.17,6.17,28.5,0.844,0.510,6.17
7000,76,6,81.0,4.7,0.0,0.0,84.7,0.0,2.02,0.0,3,440,136.18,14.00,0,6,0,0.0,1.53,2.23,2.15,10.50,10.00,10.00,32.9,0.862,0.408,10.00
7000,30,5,36.4,5.4,0.0,0.0,22.4,0.0,2.49,20.8,3,1482,17.49,9.03,1,4,0,0.0,2.63,1.63,2.87,5.20,6.20,7.40,27.4,1.079,0.812,12.00
8000,1,683,31.9,0.9,2.0,6.4,24.6,0.0,1.20,5.7,252,929,60.37,28.06,300,283,100,0.1,1.18,1.22,1.21,5.31,6.83,6.43,27.8,1.009,0.509,7.84
8000,15,589,27.1,2.7,1.1,3.4,20.3,0.0,1.73,8.7,248,814,38.33,11.08,244,122,223,0.0,1.78,1.94,1.61,4.68,5.95,5.65,31.2,0.952,0.446,7.89
8000,61,122,28.2,4.4,0.9,1.8,22.0,0.3,2.03,10.0,70,825,39.15,14.84,15,35,72,0.3,2.01,2.07,2.03,4.66,5.66,6.14,38.3,0.878,0.434,8.39
8000,49,103,16.9,0.8,0.7,3.3,12.4,0.1,1.18,16.5,37,939,33.00,9.51,0,24,79,0.2,1.22,1.12,1.22,4.13,6.72,7.77,42.1,1.038,0.647,9.81
8000,54,83,41.8,3.8,3.5,5.5,34.7,0.0,1.38,0.0,45,1233,105.09,38.32,4,59,20,0.4,1.39,1.22,1.45,6.41,6.98,6.98,34.8,0.845,0.533,6.98
8000,36,59,24.1,1.2,0.6,0.0,22.4,0.0,1.45,14.8,26,774,43.05,20.85,3,56,0,0.0,1.71,1.45,1.35,4.63,6.75,5.12,28.4,0.947,0.520,9.59
8000,24,54,15.9,2.2,0.0,2.9,9.9,0.0,1.69,18.6,26,977,33.10,17.26,0,52,2,0.0,1.70,1.70,1.70,3.37,5.52,4.00,34.2,1.026,0.411,9.37
8000,137,48,55.6,2.5,6.3,7.8,46.1,0.0,1.08,0.1,35,718,103.00,37.79,0,0,48,0.0,1.00,1.00,1.15,7.35,8.04,8.00,46.9,0.910,0.586,8.04
8000,12,46,29.0,0.0,12.0,0.0,26.7,0.0,1.00,0.9,40,1183,83.97,37.64,46,0,0,0.0,1.00,1.00,1.00,5.50,6.65,6.59,17.8,0.748,0.506,6.85
8000,133,40,40.4,5.8,0.1,2.0,21.5,0.0,2.09,14.0,22,914,44.47,19.13,36,4,0,0.0,1.92,2.88,1.98,6.07,10.60,5.57,23.4,1.152,0.659,11.45
8000,95,39,20.1,1.9,0.2,0.0,14.5,0.0,1.42,6.8,15,1286,52.45,36.27,0,0,39,0.0,1.54,1.52,1.31,3.79,6.62,4.13,45.6,1.073,0.481,7.08
8000,152,35,31.4,4.6,3.7,0.0,14.3,0.6,2.14,18.3,23,920,49.18,11.13,0,35,0,0.9,1.94,2.21,2.18,3.77,5.11,4.86,33.1,1.152,0.487,9.57
8000,55,33,29.5,9.2,1.8,0.0,13.9,0.7,3.95,6.4,13,1156,126.70,36.53,0,29,4,0.7,5.47,5.19,3.12,4.12,6.39,4.30,36.9,0.869,0.494,6.94
8000,4,31,29.0,1.3,5.6,0.0,27.1,0.0,1.30,18.2,21,880,43.55,17.91,10,21,0,0.5,1.19,1.40,1.31,4.97,6.03,6.61,26.8,0.818,0.448,10.87
8000,89,24,64.0,4.0,2.1,0.0,55.8,0.0,1.58,0.0,12,1430,151.93,85.77,0,0,24,0.0,1.12,2.02,1.58,5.17,7.92,7.92,52.6,0.973,0.438,7.92
8000,70,24,22.9,0.0,0.0,0.0,22.7,0.0,1.00,2.3,7,555,40.06,25.05,0,19,5,0.0,1.00,1.00,1.00,4.42,7.50,7.17,35.9,1.005,0.570,7.50
8000,16,23,22.7,0.5,2.9,0.0,18.2,0.1,1.14,5.9,14,1337,104.19,80.25,23,0,0,0.1,1.20,1.16,1.09,3.74,5.43,4.22,21.4,1.024,0.402,6.22
8000,2,22,28.4,6.1,0.0,2.5,25.4,0.0,2.41,3.8,9,1476,90.33,31.01,0,0,22,0.0,3.03,1.80,2.41,4.59,7.32,5.41,53.5,0.745,0.557,7.32
8000,29,21,38.6,0.5,2.3,23.2,19.8,0.0,1.12,0.3,12,810,60.41,20.10,0,0,21,0.0,1.00,1.16,1.16,5.81,7.19,7.05,45.7,1.117,0.670,7.19
8000,40,20,45.8,0.0,15.4,0.0,30.4,0.0,1.00,0.1,17,1334,147.25,58.19,20,0,0,0.0,1.00,1.00,1.00,5.65,7.20,7.25,20.8,0.985,0.650,7.25
8000,25,18,46.6,0.0,15.2,13.3,23.7,0.0,1.00,1.6,15,1573,105.61,56.33,13,5,0,0.0,1.00,1.00,1.00,6.83,7.67,8.00,21.4,1.007,0.527,8.17
8000,35,17,36.3,0.0,15.9,0.0,28.1,0.0,1.00,9.5,15,1514,86.87,41.03,8,9,0,0.0,1.00,1.00,1.00,6.06,8.00,6.88,25.8,0.823,0.433,9.82
8000,8,17,15.4,0.0,8.8,0.0,4.0,0.0,1.00,20.2,5,1821,26.56,17.97,0,17,0,0.0,1.00,1.00,1.00,3.12,3.88,4.00,33.5,1.204,0.542,9.00
8000,21,15,86.7,10.4,0.0,0.0,43.8,0.0,3.34,6.5,5,932,61.54,26.03,15,0,0,0.0,1.77,4.72,3.46,6.40,9.33,7.13,18.0,1.349,0.443,9.87
8000,18,13,80.4,27.5,5.3,0.0,18.7,0.0,8.38,0.3,11,1360,118.32,65.91,2,10,1,1.2,2.76,10.73,10.11,5.23,7.54,7.69,31.3,1.012,0.441,7.69
8000,65,12,24.9,0.0,0.0,1.2,27.8,0.0,1.00,1.3,8,1079,63.74,9.15,9,3,0,0.0,1.00,1.00,1.00,5.50,6.17,5.75,24.4,0.869,0.603,6.17
8000,14,12,27.2,7.7,0.0,0.0,9.8,0.0,4.16,11.5,5,976,43.56,17.71,12,0,0,0.0,3.52,4.59,4.28,3.58,4.92,5.00,20.3,1.078,0.700,7.83
8000,147,11,82.1,27.6,2.6,5.5,11.5,0.0,7.33,0.0,5,2007,141.99,39.00,0,3,8,0.5,11.14,2.48,7.84,6.91,7.00,7.00,40.2,1.127,0.446,7.00
8000,104,10,7.2,0.2,2.3,0.0,4.4,0.0,1.08,12.2,10,592,15.55,4.16,0,0,10,0.3,1.07,1.07,1.10,2.00,2.10,4.60,46.6,1.001,0.476,6.40
8000,134,9,28.3,0.0,1.4,27.2,12.9,0.0,1.00,0.2,7,1929,63.35,27.60,0,9,0,0.0,1.00,1.00,1.00,5.33,6.78,6.89,33.7,1.014,0.633,6.89
8000,139,8,37.0,0.0,4.1,17.0,22.4,0.0,1.00,0.0,6,1818,135.19,42.96,0,0,8,0.0,1.00,1.00,1.00,6.25,7.00,7.00,47.2,1.061,0.403,7.00
8000,30,7,31.1,4.9,0.0,0.0,18.6,0.0,2.43,21.1,4,1473,19.40,2.43,2,5,0,0.0,2.55,1.64,2.79,4.86,6.57,6.57,26.7,1.031,0.819,11.43
8000,66,7,62.6,1.9,0.0,14.1,39.4,0.0,1.29,0.0,6,1443,144.92,57.65,7,0,0,0.0,1.22,1.29,1.32,6.00,7.43,7.43,12.8,1.252,0.287,7.43
8000,63,6,91.1,7.2,0.0,10.3,62.2,0.0,1.97,4.7,5,1816,245.57,50.08,0,0,6,0.0,1.83,1.95,2.06,9.83,9.00,9.33,45.4,1.132,0.467,10.33
8000,11,6,26.3,5.0,0.0,0.0,14.0,0.0,2.94,10.0,1,758,31.33,3.35,0,0,6,0.0,3.75,4.25,2.10,3.50,5.00,4.00,44.9,1.094,0.650,7.00
8000,76,5,87.2,5.6,0.0,0.0,88.8,0.0,2.22,0.0,2,1333,464.92,71.01,0,5,0,0.0,1.64,2.48,2.38,11.00,10.00,10.00,32.5,0.872,0.404,10.00
9000,15,641,27.7,3.0,1.0,3.5,20.5,0.0,1.82,8.7,285,975,45.45,13.01,248,134,259,0.0,1.89,2.05,1.68,4.78,6.03,5.77,30.8,0.940,0.449,7.97
9000,1,583,30.8,0.9,2.0,7.4,22.8,0.0,1.21,5.5,228,1370,76.77,31.25,278,256,49,0.1,1.17,1.23,1.23,5.31,6.90,6.67,25.7,1.016,0.503,7.84
9000,49,95,19.6,0.8,0.8,4.8,13.9,0.0,1.15,16.4,39,1331,37.06,10.04,0,23,72,0.1,1.18,1.09,1.19,4.47,6.95,6.46,40.8,1.042,0.641,9.86
9000,61,71,31.3,6.8,0.8,0.0,23.6,0.3,2.78,9.5,46,1346,58.58,26.30,16,15,40,0.3,2.79,2.80,2.82,4.90,5.82,6.58,37.4,0.824,0.344,8.56
9000,54,62,40.5,2.7,3.0,4.6,35.1,0.0,1.28,0.1,43,1649,114.88,39.15,2,52,8,0.3,1.40,1.07,1.32,6.08,6.87,6.85,34.0,0.873,0.542,6.87
9000,133,60,24.9,2.7,0.1,0.2,16.0,0.0,1.62,20.1,34,628,22.99,13.51,39,21,0,0.0,1.72,2.27,1.56,4.33,8.60,4.43,24.5,1.135,0.652,11.43
9000,25,50,20.4,0.0,5.8,3.6,12.5,0.0,1.00,5.0,26,1005,51.04,21.00,49,1,0,0.0,1.00,1.00,1.00,4.02,4.74,5.86,12.6,1.034,0.529,6.44
9000,152,45,24.2,3.4,4.8,0.0,8.8,0.6,1.62,21.2,26,773,30.57,7.81,0,45,0,1.0,1.52,1.59,1.67,3.27,4.40,3.93,32.7,1.231,0.460,9.38
9000,24,45,21.1,2.2,0.0,4.1,14.5,0.0,1.57,16.1,30,1399,47.74,16.04,0,43,2,0.0,1.60,1.61,1.55,4.11,6.42,4.56,33.0,1.019,0.409,9.51
9000,137,43,55.3,2.7,6.0,7.7,45.7,0.0,1.09,0.2,31,1401,142.64,55.77,0,0,43,0.0,1.00,1.00,1.17,7.07,8.05,7.95,47.7,0.910,0.605,8.05
9000,35,40,13.5,0.0,0.2,4.8,15.0,0.0,1.00,17.8,15,468,31.74,16.12,0,39,1,0.0,1.00,1.00,1.00,3.55,6.03,3.12,31.8,0.775,0.396,9.02
9000,36,39,27.1,1.2,1.0,0.0,25.4,0.0,1.28,11.7,20,905,38.27,22.57,11,28,0,0.0,1.53,1.18,1.21,4.72,7.36,5.10,27.5,0.921,0.502,9.15
9000,95,38,16.8,0.6,0.2,0.0,14.1,0.0,1.13,8.2,15,1264,68.92,54.19,0,0,38,0.0,1.18,1.16,1.09,3.32,6.50,3.66,45.5,1.093,0.479,7.08
9000,4,35,23.3,0.6,4.9,0.0,22.9,0.0,1.10,18.6,23,1145,47.27,14.47,13,22,0,0.3,1.00,1.20,1.11,3.97,5.51,5.86,26.6,0.786,0.411,10.34
9000,156,32,45.0,4.7,0.0,11.0,33.3,0.0,1.94,0.1,9,1355,141.76,63.99,25,7,0,0.0,2.48,1.63,1.82,6.47,7.00,7.00,23.2,0.922,0.517,7.03
9000,8,30,16.1,0.0,9.0,0.6,4.2,0.0,1.00,19.7,5,1570,29.42,12.24,0,30,0,0.0,1.00,1.00,1.00,3.13,4.00,4.07,32.8,1.197,0.544,8.97
9000,12,27,26.1,0.0,10.7,0.0,24.4,0.0,1.00,1.3,25,2052,133.78,50.98,27,0,0,0.0,1.00,1.00,1.00,5.37,6.56,6.33,17.5,0.745,0.498,6.74
9000,89,24,64.2,2.4,0.9,0.0,57.5,0.0,1.52,0.8,9,1397,167.16,73.26,0,5,19,0.0,1.18,1.71,1.69,5.29,7.75,7.88,46.6,1.014,0.440,8.00
9000,55,21,37.7,13.3,4.2,0.0,12.8,1.6,5.21,4.9,9,2126,185.90,41.94,0,15,6,1.7,7.30,7.05,4.03,4.62,7.24,4.81,37.5,0.864,0.507,7.24
9000,23,21,4.6,0.5,0.3,0.0,6.0,0.0,1.11,19.3,10,306,10.07,7.33,0,0,21,0.0,1.08,1.11,1.13,2.14,3.19,3.05,42.3,0.626,0.422,7.95
9000,2,18,29.4,6.7,0.0,2.8,25.6,0.0,2.53,3.7,7,2556,150.93,50.23,0,0,18,0.0,3.23,1.90,2.50,4.67,7.33,5.50,53.5,0.741,0.555,7.33
9000,40,17,41.5,0.0,14.5,0.0,28.6,0.0,1.00,0.1,14,2125,187.06,91.98,17,0,0,0.0,1.00,1.00,1.00,5.18,7.12,7.18,20.2,0.960,0.648,7.18
9000,158,16,17.9,5.0,1.7,5.7,8.7,0.0,2.51,13.4,9,1330,35.69,6.22,12,4,0,0.4,2.32,2.84,2.51,3.88,4.62,6.06,24.9,0.736,0.599,8.69
9000,29,15,40.0,0.7,2.4,20.3,22.5,0.0,1.17,0.1,10,1512,95.76,23.82,0,1,14,0.0,1.00,1.22,1.23,5.87,7.20,7.13,45.5,1.112,0.672,7.20
9000,16,13,21.6,0.0,1.5,0.0,19.3,0.0,1.00,4.5,7,2125,149.69,135.95,13,0,0,0.0,1.00,1.00,1.00,4.23,5.85,3.92,21.3,1.035,0.414,6.00
9000,160,13,28.0,4.9,0.2,0.0,28.3,0.0,2.01,0.0,8,1590,143.64,78.74,0,13,0,0.2,1.00,2.86,2.10,5.23,5.92,5.92,27.0,0.733,0.346,5.92
9000,104,12,17.0,3.0,1.8,0.0,7.8,0.0,1.96,9.7,10,988,20.41,8.56,0,0,12,0.7,2.04,2.04,1.94,2.92,3.08,5.58,47.4,1.060,0.497,6.75
9000,66,12,67.7,5.7,0.0,0.0,44.6,0.0,2.01,0.0,3,811,100.17,67.65,12,0,0,0.0,3.01,1.00,2.01,5.83,7.08,7.08,16.2,1.210,0.341,7.08
9000,70,10,22.6,0.0,0.0,0.0,22.4,0.0,1.00,1.6,6,1123,68.03,39.60,0,9,1,0.0,1.00,1.00,1.00,4.60,7.40,7.40,34.8,1.005,0.576,7.40
9000,65,10,28.2,0.0,0.0,0.7,30.8,0.0,1.00,2.6,7,1339,61.08,6.52,9,1,0,0.0,1.00,1.00,1.00,5.60,6.60,5.40,24.9,0.899,0.594,6.60
9000,147,9,75.4,24.2,3.2,5.6,11.1,0.0,6.70,0.2,7,1231,113.01,27.73,0,2,7,0.6,10.36,1.90,7.22,6.56,6.78,6.67,41.0,1.149,0.445,6.78
9000,18,9,76.1,28.4,5.7,0.0,12.3,0.0,8.95,0.4,9,1723,57.08,21.86,1,7,1,1.3,2.90,11.24,10.96,5.78,7.33,7.56,32.6,1.009,0.425,7.56
9000,21,8,95.5,14.4,0.0,0.0,42.8,0.0,4.30,5.8,4,2338,127.00,37.37,8,0,0,0.0,2.29,6.07,4.47,7.62,9.62,7.25,17.4,1.344,0.443,9.88
9000,76,6,83.4,4.7,0.0,0.0,86.5,0.0,2.02,0.0,3,2029,479.35,102.73,0,6,0,0.0,1.53,2.23,2.15,10.67,10.00,10.00,32.4,0.870,0.403,10.00
9000,30,6,30.2,3.7,0.0,0.0,19.0,0.0,2.14,22.0,2,657,26.55,1.14,5,1,0,0.0,2.31,1.36,2.46,4.50,6.67,6.00,25.1,1.062,0.825,11.33
9000,134,5,26.4,0.0,2.0,23.0,12.6,0.0,1.00,0.4,5,2924,112.38,38.44,0,5,0,0.0,1.00,1.00,1.00,4.80,6.60,6.80,33.7,1.012,0.632,6.80
10000,15,1194,29.0,2.1,1.7,5.8,20.9,0.0,1.54,7.1,513,1046,53.27,18.26,551,375,268,0.0,1.55,1.66,1.49,5.10,6.50,6.18,27.4,0.980,0.475,7.92
10000,61,86,33.8,8.5,0.9,0.2,22.9,0.4,3.14,8.8,52,1184,51.04,18.10,36,18,32,0.4,3.17,3.18,3.12,5.03,5.78,6.56,32.6,0.841,0.363,8.36
10000,54,75,35.0,1.1,1.9,6.0,33.8,0.0,1.10,0.6,45,907,57.10,28.94,1,57,17,0.1,1.14,1.00,1.12,5.76,6.76,6.55,35.1,0.844,0.558,6.81
10000,49,59,19.5,1.0,0.7,3.9,13.6,0.0,1.21,17.4,37,959,29.74,6.75,0,16,43,0.0,1.25,1.16,1.23,4.00,6.07,6.64,42.3,1.060,0.645,9.93
10000,95,55,13.0,0.5,0.0,0.0,11.1,0.0,1.13,10.7,16,487,23.27,17.51,0,0,55,0.0,1.16,1.16,1.10,2.78,5.89,3.18,45.8,1.081,0.508,7.07
10000,25,53,13.9,0.0,4.3,3.0,8.1,0.0,1.00,8.0,26,881,31.40,11.49,51,2,0,0.0,1.01,1.01,1.00,3.47,4.21,4.57,14.2,1.054,0.529,6.36
10000,137,52,48.5,3.6,10.5,8.8,32.3,0.0,1.23,2.4,41,1282,89.52,37.76,0,0,52,0.0,1.26,1.13,1.26,6.04,7.63,7.48,47.6,0.900,0.608,8.15
10000,133,40,28.5,1.5,0.0,0.0,21.9,0.0,1.24,15.5,19,952,55.96,19.80,21,19,0,0.0,1.00,1.46,1.25,4.95,10.43,4.88,25.4,1.127,0.653,11.48
10000,4,32,29.2,1.0,3.9,0.0,29.2,0.0,1.19,18.7,20,1093,51.56,8.40,7,25,0,0.6,1.00,1.36,1.20,4.28,6.00,6.28,26.8,0.837,0.448,10.81
10000,35,30,24.0,0.0,1.7,6.8,25.2,0.0,1.00,11.5,17,859,37.60,12.80,0,30,0,0.0,1.00,1.00,1.00,5.60,6.83,5.67,32.7,0.778,0.427,9.10
10000,29,27,38.4,0.0,3.9,15.9,24.5,0.0,1.00,0.8,19,1058,60.67,10.98,0,2,25,0.0,1.00,1.00,1.00,6.56,7.15,7.15,43.7,1.079,0.682,7.26
10000,158,26,16.3,5.2,2.7,0.0,9.8,0.0,2.51,13.7,10,612,20.46,6.43,13,13,0,0.8,2.37,2.61,2.58,3.38,4.15,6.54,26.6,0.709,0.582,8.77
10000,24,26,23.1,1.1,0.0,5.4,17.6,0.0,1.20,15.2,18,1606,78.43,27.66,0,26,0,0.0,1.09,1.27,1.23,4.19,6.62,5.04,31.9,1.030,0.406,9.62
10000,160,26,35.5,3.3,1.8,0.0,37.2,0.0,1.69,0.0,17,754,58.31,27.23,0,26,0,0.3,1.00,2.14,1.81,5.08,6.50,6.50,28.1,0.757,0.398,6.50
10000,8,25,17.5,1.3,8.2,0.1,3.8,0.2,1.40,18.8,8,867,14.45,13.43,0,24,1,0.3,1.44,1.20,1.48,3.28,3.96,4.00,32.5,1.204,0.547,8.68
10000,30,24,12.4,3.0,0.4,0.0,7.8,0.0,2.27,25.1,10,575,18.10,0.54,12,12,0,0.0,2.41,1.84,2.44,3.29,6.08,4.46,26.2,0.842,0.831,10.42
10000,12,22,26.9,0.6,12.5,3.4,19.7,0.0,1.02,1.0,20,511,32.36,12.75,22,0,0,0.0,1.03,1.00,1.03,5.27,6.59,6.36,18.4,0.761,0.500,6.73
10000,2,21,13.1,1.2,0.0,0.0,14.8,0.0,1.32,8.8,9,618,57.71,35.99,0,0,21,0.0,1.41,1.37,1.26,3.57,6.19,3.81,50.8,0.748,0.466,7.19
10000,152,15,56.7,9.3,16.1,0.0,11.7,2.5,2.69,12.1,15,1197,40.48,23.75,0,15,0,3.7,2.64,2.24,2.93,6.13,7.40,6.80,31.4,1.226,0.489,10.07
10000,89,13,67.3,0.0,0.0,0.0,63.7,0.0,1.00,0.2,4,1699,155.56,47.40,0,5,8,0.0,1.00,1.00,1.00,5.38,8.08,8.00,41.2,1.057,0.439,8.08
10000,66,10,68.1,5.6,0.0,0.0,44.9,0.0,1.99,0.0,3,1501,132.94,62.27,10,0,0,0.0,2.98,1.00,2.00,6.30,7.10,7.10,15.7,1.211,0.341,7.10
10000,55,10,32.6,13.2,0.6,0.0,10.7,0.2,5.39,5.4,4,604,35.50,18.33,0,10,0,0.3,7.73,7.41,4.08,3.70,6.90,4.20,36.2,0.863,0.500,6.90
10000,40,9,40.6,0.0,15.4,0.0,26.1,0.0,1.00,1.1,8,997,115.41,84.35,9,0,0,0.0,1.00,1.00,1.00,5.78,6.56,7.11,20.0,0.970,0.658,7.11
10000,104,9,21.6,4.2,1.9,0.0,9.2,0.0,2.37,7.8,6,1525,35.77,19.40,0,0,9,1.2,2.47,2.47,2.37,3.67,3.33,6.78,47.3,1.097,0.526,7.00
10000,18,6,69.4,25.0,3.0,0.0,17.0,0.0,8.55,0.7,6,2630,97.38,28.35,1,5,0,0.5,3.86,10.24,10.24,5.33,7.00,7.33,31.7,0.983,0.453,7.33
10000,65,6,22.1,0.2,0.0,0.3,26.8,0.0,1.05,1.7,4,1164,58.53,17.55,5,1,0,0.0,1.07,1.07,1.03,5.17,6.00,5.17,25.4,0.801,0.588,6.00
10000,36,6,26.3,1.8,0.2,0.0,24.5,0.0,1.39,12.0,6,1715,37.61,15.87,2,4,0,0.0,1.83,1.14,1.31,4.67,7.50,4.83,29.2,0.911,0.513,9.17
10000,16,6,29.7,3.5,1.8,1.7,19.7,0.2,1.91,3.7,3,1233,77.36,40.94,6,0,0,0.3,2.36,1.95,1.67,4.00,6.00,4.50,21.2,1.027,0.401,6.17
10000,147,5,87.7,31.4,0.0,3.2,12.0,0.0,8.21,0.4,3,1929,98.67,26.46,0,0,5,0.0,13.04,2.06,8.80,7.80,7.00,6.80,42.0,1.148,0.435,7.00
10000,70,5,22.0,0.0,0.0,0.0,22.0,0.0,1.00,1.6,4,1769,89.80,45.44,0,5,0,0.0,1.00,1.00,1.00,5.20,7.40,7.40,35.1,1.004,0.579,7.40
11000,15,582,29.0,3.7,0.3,4.7,20.0,0.0,2.00,9.2,277,1043,43.04,11.62,308,112,162,0.0,1.98,2.27,1.88,4.76,6.05,5.77,26.8,0.965,0.444,8.14
11000,172,179,42.8,0.0,20.5,9.7,11.5,0.0,1.01,5.3,123,1170,29.54,20.02,0,20,159,0.0,1.00,1.01,1.01,6.65,7.65,7.61,47.6,1.153,0.576,8.85
11000,176,109,40.0,5.0,2.1,3.0,42.2,0.0,2.15,1.4,68,1497,97.10,35.29,57,45,7,0.1,2.07,2.70,1.96,6.62,7.51,7.31,25.5,0.727,0.634,7.73
11000,49,64,16.6,0.6,1.6,3.9,11.1,0.0,1.10,19.0,32,1047,23.78,3.07,0,33,31,0.0,1.11,1.10,1.11,4.03,6.72,5.31,38.0,1.045,0.651,9.94
11000,54,59,33.7,1.4,1.2,8.2,31.5,0.0,1.05,0.9,37,1031,69.89,43.94,0,57,2,0.1,1.00,1.00,1.10,5.80,6.66,6.63,33.0,0.856,0.531,6.86
11000,61,58,36.9,10.6,0.5,0.5,22.9,0.3,3.80,9.9,33,1195,43.05,13.53,13,17,28,0.3,2.99,4.38,3.96,5.31,6.26,6.36,36.3,0.844,0.373,8.78
11000,133,44,29.2,2.9,0.0,0.0,19.8,0.0,1.69,14.4,27,796,26.34,7.91,30,14,0,0.0,1.73,2.61,1.58,5.11,10.61,5.70,24.3,1.138,0.678,11.30
11000,24,34,16.2,0.0,0.0,5.3,13.3,0.0,1.00,16.4,17,845,34.46,13.59,5,29,0,0.0,1.00,1.00,1.00,3.53,6.00,4.62,29.0,1.014,0.456,9.41
11000,4,28,21.1,0.7,4.5,0.0,18.1,0.0,1.13,23.3,17,650,29.96,15.11,3,25,0,0.4,1.00,1.23,1.15,3.50,4.57,5.29,26.8,0.847,0.473,10.75
11000,2,26,16.0,1.0,0.0,0.0,19.3,0.0,1.26,7.5,8,906,66.07,30.23,0,0,26,0.0,1.33,1.30,1.21,4.23,6.88,4.27,48.5,0.747,0.467,7.46
11000,29,25,38.9,0.0,4.5,15.1,25.9,0.0,1.00,1.6,19,1276,56.93,12.84,0,1,24,0.0,1.00,1.00,1.00,6.76,7.24,7.04,43.9,1.041,0.670,7.44
11000,30,22,18.0,5.8,0.5,0.0,8.3,0.0,3.07,22.9,9,1318,21.13,1.62,14,8,0,0.0,3.47,2.37,3.25,3.73,6.68,4.91,25.9,0.848,0.833,10.41
11000,25,20,10.6,0.0,0.0,3.5,7.9,0.0,1.00,6.6,9,858,29.78,12.45,20,0,0,0.0,1.00,1.00,1.00,3.30,3.20,5.40,14.4,1.094,0.564,5.95
11000,8,20,20.2,1.6,8.2,0.4,5.3,0.2,1.50,17.8,8,1575,22.76,13.23,0,20,0,0.4,1.55,1.25,1.60,3.45,4.25,4.25,32.4,1.201,0.543,8.70
11000,66,19,66.7,6.4,0.0,0.9,42.5,0.0,2.20,0.0,4,695,75.61,21.49,19,0,0,0.0,3.22,1.16,2.20,5.47,7.05,7.05,14.1,1.198,0.345,7.05
11000,95,17,15.1,0.8,0.0,0.0,12.5,0.0,1.19,9.3,11,996,33.38,11.85,0,0,17,0.0,1.18,1.16,1.18,3.18,6.82,3.24,46.0,1.092,0.483,7.24
11000,158,16,20.0,7.2,2.8,0.0,10.9,0.0,2.95,13.6,9,1242,22.84,11.86,8,8,0,1.0,2.73,3.08,3.11,3.50,4.31,7.38,26.4,0.716,0.583,9.25
11000,35,16,24.7,0.0,1.4,10.9,24.8,0.0,1.00,9.9,10,1819,71.97,21.41,0,16,0,0.0,1.00,1.00,1.00,5.69,6.81,6.12,34.1,0.774,0.444,8.94
11000,160,15,32.7,5.8,1.6,0.0,28.0,0.0,2.63,0.1,10,749,49.44,13.56,1,14,0,0.9,1.00,3.29,3.12,4.87,5.93,6.00,29.3,0.783,0.412,6.00
11000,137,15,46.6,1.8,5.7,3.5,41.7,0.0,1.00,2.5,14,1177,86.71,31.38,0,0,15,0.0,1.00,1.00,1.00,5.07,7.33,7.40,49.3,0.887,0.612,8.00
11000,175,14,65.7,12.2,18.4,3.7,18.4,0.0,4.35,2.6,10,1991,94.54,8.67,7,7,0,0.9,4.89,5.03,3.75,5.07,8.14,7.93,25.4,1.038,0.555,8.14
11000,152,14,53.0,6.4,15.1,0.0,14.4,2.3,1.85,11.9,14,1642,33.65,35.61,0,14,0,3.8,1.83,1.69,1.92,6.07,7.43,6.86,31.3,1.256,0.490,10.07
11000,12,13,29.4,0.3,12.8,9.1,20.2,0.0,1.00,0.2,13,1300,54.93,18.41,13,0,0,0.0,1.00,1.00,1.00,5.92,6.77,6.69,19.0,0.769,0.510,6.77
11000,174,13,34.9,0.0,12.5,0.9,19.9,0.0,1.00,1.1,11,2477,134.05,61.71,6,7,0,0.0,1.00,1.00,1.00,4.62,6.62,6.08,26.2,1.055,0.567,6.62
11000,89,12,68.0,0.0,0.0,0.0,64.2,0.0,1.00,0.0,5,2690,224.66,51.55,0,4,8,0.0,1.00,1.00,1.00,5.58,8.08,8.08,41.8,1.058,0.440,8.08
11000,40,7,40.8,0.0,15.1,0.0,26.4,0.0,1.00,1.1,7,1677,122.10,13.94,7,0,0,0.0,1.00,1.00,1.00,5.86,6.57,7.14,19.8,0.976,0.661,7.14
11000,36,7,22.3,0.1,0.1,0.0,24.9,0.0,1.02,12.0,6,645,22.47,9.03,1,6,0,0.0,1.06,1.00,1.02,4.29,7.29,4.71,27.0,0.882,0.473,9.00
11000,55,7,31.5,13.3,0.9,0.0,9.3,0.3,5.59,5.7,6,1627,43.80,19.78,0,7,0,0.4,8.20,7.77,4.23,3.00,6.86,4.00,35.9,0.859,0.495,6.86
12000,15,459,27.7,3.5,0.4,4.4,19.4,0.0,1.98,8.3,203,1089,36.55,9.08,213,127,119,0.0,2.02,2.23,1.84,4.65,6.15,5.47,27.7,0.967,0.438,7.83
12000,172,163,44.0,0.6,19.0,9.4,13.7,0.0,1.12,5.2,120,1437,30.72,13.49,4,25,134,0.0,1.02,1.18,1.14,6.71,7.72,7.58,45.2,1.139,0.572,8.88
12000,176,116,42.2,5.6,1.7,3.0,44.0,0.0,2.26,0.8,69,1048,60.37,25.52,54,49,13,0.1,2.41,2.50,2.07,6.72,7.54,7.42,26.8,0.734,0.632,7.67
12000,61,40,36.9,10.0,1.5,0.7,23.0,0.4,3.50,9.7,26,1734,42.43,9.77,9,14,17,0.4,2.85,4.10,3.52,5.50,6.30,6.45,35.8,0.851,0.377,8.80
12000,49,34,15.2,0.2,1.5,2.0,11.8,0.0,1.07,18.9,16,1467,19.97,2.55,0,23,11,0.0,1.07,1.07,1.07,4.00,7.53,4.74,36.2,1.029,0.653,9.94
12000,25,29,9.9,0.4,0.0,3.4,6.7,0.0,1.25,6.3,10,917,32.90,7.32,29,0,0,0.0,1.19,1.19,1.34,3.07,3.00,5.45,12.5,1.085,0.567,5.76
12000,24,28,16.0,0.0,0.0,5.2,13.3,0.0,1.00,17.3,15,1103,21.82,6.11,6,22,0,0.0,1.00,1.00,1.00,3.82,5.89,4.61,28.6,1.006,0.471,9.57
12000,160,26,27.8,3.5,0.2,0.0,30.3,0.0,1.97,0.1,11,637,30.53,7.12,1,25,0,0.2,1.04,2.36,2.23,4.62,5.96,5.92,28.8,0.739,0.419,5.96
12000,54,26,29.6,0.9,0.6,11.4,27.8,0.0,1.05,1.5,17,1700,60.48,33.42,0,25,1,0.0,1.08,1.08,1.04,6.12,6.54,6.42,34.2,0.826,0.522,6.85
12000,133,25,26.4,4.6,0.0,0.0,14.8,0.0,2.21,15.2,15,1141,23.09,5.87,19,6,0,0.0,1.90,3.71,2.02,5.08,10.84,5.76,23.2,1.123,0.705,11.16
12000,2,23,15.7,0.3,0.0,0.0,20.0,0.0,1.09,7.1,8,1076,59.92,14.65,0,0,23,0.0,1.12,1.12,1.06,4.17,7.04,4.17,46.2,0.759,0.468,7.35
12000,66,14,67.8,6.8,0.0,0.0,43.3,0.0,2.29,0.0,5,1210,132.00,68.86,14,0,0,0.0,3.33,1.22,2.31,5.29,7.07,7.07,14.6,1.193,0.355,7.07
12000,175,13,56.9,4.1,22.1,9.8,17.9,0.2,1.98,0.2,10,1686,84.99,13.06,4,9,0,0.2,2.30,2.11,1.75,5.77,7.77,7.69,27.5,1.073,0.556,7.77
12000,29,13,32.1,0.0,5.3,15.8,15.8,0.0,1.00,2.8,11,2227,43.22,7.92,0,3,10,0.0,1.00,1.00,1.00,5.77,6.62,6.31,40.6,1.100,0.695,7.15
12000,12,13,31.9,0.3,17.9,2.9,20.3,0.0,1.00,0.3,11,1124,61.03,30.63,13,0,0,0.0,1.00,1.00,1.00,6.31,7.23,7.08,20.0,0.792,0.515,7.23
12000,174,12,40.8,0.8,13.8,3.3,19.6,0.0,1.03,2.0,9,730,32.52,11.67,6,6,0,0.1,1.00,1.11,1.02,5.42,6.83,5.83,25.2,1.099,0.516,6.83
12000,137,10,41.4,2.7,6.5,5.4,32.3,0.0,1.00,4.4,10,1897,83.18,19.53,0,0,10,0.0,1.00,1.00,1.00,5.00,7.10,6.50,50.0,0.886,0.599,7.90
12000,30,10,19.5,7.8,0.0,0.0,7.1,0.0,3.89,23.4,5,2224,29.23,2.28,7,3,0,0.0,4.47,2.99,4.06,3.90,6.90,4.60,25.7,0.833,0.834,10.40
12000,158,8,24.5,10.4,2.8,0.0,11.0,0.0,3.97,13.2,6,2036,9.12,8.84,5,3,0,1.4,3.84,4.50,4.06,3.62,5.00,7.62,25.6,0.710,0.590,9.62
12000,152,7,51.3,4.0,16.6,0.0,15.4,2.3,1.45,11.1,7,2134,29.44,39.95,0,7,0,3.6,1.82,1.10,1.44,5.43,7.43,6.71,30.7,1.269,0.493,9.86
12000,35,7,30.8,0.0,3.1,0.0,35.4,0.0,1.00,7.1,5,2075,91.97,11.10,0,7,0,0.0,1.00,1.00,1.00,5.71,6.57,7.57,34.1,0.779,0.451,8.86
12000,36,5,23.7,0.2,0.2,0.0,26.6,0.0,1.03,11.2,5,1720,13.24,8.57,1,4,0,0.0,1.08,1.00,1.03,4.60,7.40,5.00,27.1,0.873,0.472,9.00
12000,40,5,41.7,0.0,15.4,0.0,27.0,0.0,1.00,1.2,5,2549,176.38,32.38,5,0,0,0.0,1.00,1.00,1.00,5.60,7.00,6.80,20.4,0.981,0.664,7.20
13000,15,329,26.9,3.5,0.5,4.0,18.3,0.0,1.95,9.6,157,1130,33.78,6.98,198,59,72,0.0,2.00,2.23,1.79,4.64,6.03,5.32,25.0,0.981,0.418,7.99
13000,172,137,45.8,0.5,15.3,11.3,17.4,0.0,1.10,3.4,98,1604,27.14,10.03,3,30,104,0.0,1.07,1.12,1.10,6.77,7.87,7.67,44.4,1.153,0.576,8.60
13000,176,86,42.1,8.8,0.9,2.1,40.7,0.0,3.03,2.2,55,1321,62.51,18.14,55,19,12,0.1,3.09,3.86,2.62,6.73,7.34,7.24,24.7,0.721,0.633,7.83
13000,54,25,29.7,0.7,0.5,15.6,25.2,0.0,1.05,0.5,16,1528,43.50,13.28,0,24,1,0.0,1.08,1.08,1.03,6.44,6.72,6.80,31.1,0.855,0.495,6.88
13000,133,22,28.3,4.6,0.0,0.0,16.2,0.0,2.19,13.5,13,1815,26.82,5.52,17,5,0,0.0,2.02,3.30,2.02,5.64,11.05,7.18,23.1,1.130,0.707,11.27
13000,24,21,17.8,0.0,0.0,6.1,14.7,0.0,1.00,16.4,12,1538,22.44,3.41,3,18,0,0.0,1.00,1.00,1.00,4.24,6.57,4.86,30.2,1.010,0.456,9.81
13000,183,17,32.5,0.1,0.0,4.2,32.2,0.0,1.01,7.3,11,1075,12.67,5.32,0,13,4,0.0,1.00,1.03,1.00,5.29,6.41,6.41,35.3,0.952,0.618,8.24
13000,66,15,66.5,8.3,0.0,1.5,39.1,0.0,2.75,0.3,7,1549,156.50,78.75,15,0,0,0.0,3.87,1.32,2.91,5.13,7.00,7.13,14.6,1.178,0.357,7.13
13000,25,14,10.3,0.0,0.0,4.6,7.0,0.0,1.00,5.0,5,1739,45.60,17.08,14,0,0,0.0,1.00,1.00,1.00,3.57,3.29,5.79,11.8,1.104,0.560,5.79
13000,49,13,17.1,0.0,3.8,1.2,12.5,0.0,1.00,18.3,8,2085,11.06,1.64,0,11,2,0.0,1.00,1.00,1.00,4.31,7.69,4.92,35.0,1.017,0.645,9.92
13000,175,12,49.1,1.8,18.9,12.0,16.8,0.2,1.24,0.3,10,940,28.84,20.25,6,6,0,0.4,1.02,1.37,1.27,6.25,7.42,7.42,24.7,1.083,0.540,7.50
13000,160,11,28.2,4.5,0.3,0.0,27.8,0.0,2.13,0.2,7,1670,42.95,6.08,3,8,0,0.3,1.09,2.62,2.41,4.64,6.00,6.00,28.4,0.754,0.383,6.00
13000,174,10,44.9,1.0,16.8,3.4,19.8,0.0,1.04,1.4,8,1232,46.26,21.11,2,8,0,0.9,1.00,1.10,1.03,4.90,6.70,6.40,26.2,1.103,0.532,6.90
13000,61,6,17.5,0.0,0.0,0.0,20.0,0.0,1.00,17.7,5,2335,52.47,6.69,0,2,4,0.0,1.00,1.00,1.00,3.50,4.50,5.00,38.6,0.882,0.375,9.17
13000,2,6,17.0,0.2,0.0,0.0,21.8,0.0,1.05,7.7,3,2266,143.75,5.42,0,0,6,0.0,1.07,1.07,1.03,4.50,6.67,4.67,46.2,0.771,0.470,7.50
13000,12,6,20.9,0.0,12.0,0.3,14.8,0.0,1.00,6.3,6,1428,68.24,45.31,6,0,0,0.0,1.00,1.00,1.00,4.50,5.50,5.67,20.8,0.787,0.502,7.17
14000,15,171,31.0,2.7,1.2,4.8,20.9,0.0,1.72,9.3,75,1237,34.95,9.80,157,12,2,0.0,1.83,1.95,1.57,4.94,6.17,5.89,15.7,1.060,0.378,8.29
14000,172,90,47.3,1.3,10.9,11.6,21.9,0.0,1.30,3.3,57,1212,20.55,4.88,3,34,53,0.0,1.22,1.37,1.30,7.08,8.00,7.51,40.8,1.137,0.581,8.57
14000,176,49,45.3,10.2,1.0,1.3,43.7,0.0,3.39,1.2,32,1566,44.48,8.45,27,17,5,0.1,3.59,4.31,2.87,7.00,7.65,7.43,25.5,0.704,0.637,7.84
14000,133,15,24.6,3.4,0.0,0.0,15.2,0.0,2.00,16.4,10,1701,30.07,3.80,11,4,0,0.0,2.11,2.83,1.80,5.20,10.80,6.13,22.2,1.157,0.731,11.13
14000,66,15,55.9,7.1,1.6,10.1,27.4,0.0,2.62,0.5,9,1038,67.84,41.53,15,0,0,1.5,3.48,1.19,2.91,5.60,6.80,7.07,13.2,1.161,0.376,7.07
14000,24,12,22.5,1.9,0.0,5.8,15.8,0.0,1.62,17.5,8,1708,19.33,4.09,0,12,0,0.0,1.00,2.07,1.68,4.58,6.92,5.17,32.2,1.007,0.428,10.42
14000,175,11,47.3,2.0,17.2,13.1,15.9,0.2,1.26,0.4,9,1937,41.67,21.66,5,6,0,0.5,1.03,1.40,1.30,6.00,7.36,7.36,25.3,1.084,0.535,7.45
14000,174,8,42.6,1.2,15.8,1.8,19.5,0.0,1.05,1.8,7,2359,75.01,26.79,3,5,0,1.0,1.00,1.13,1.04,5.62,6.62,6.25,25.9,1.088,0.536,6.88
14000,54,8,23.6,2.2,0.8,10.1,18.4,0.0,1.22,1.8,8,573,12.31,0.43,0,8,0,0.0,1.06,1.40,1.22,5.25,6.75,5.88,29.3,0.844,0.458,6.75
14000,183,6,32.5,0.3,0.0,4.5,31.5,0.0,1.02,8.0,6,1671,10.50,12.48,0,4,2,0.0,1.00,1.08,1.00,5.33,6.50,6.50,37.7,0.950,0.620,8.50
14000,160,5,21.1,3.0,0.0,0.0,23.0,0.0,1.73,1.2,4,2400,47.97,10.45,1,4,0,0.0,1.44,2.08,1.69,4.40,6.00,5.80,28.7,0.727,0.366,6.00
15000,15,103,32.3,0.1,0.1,9.6,24.5,0.0,1.02,7.4,38,922,35.76,8.59,100,3,0,0.0,1.01,1.05,1.01,5.65,6.52,6.75,10.6,1.088,0.392,8.44
15000,188,69,42.8,0.6,19.6,9.0,13.3,0.0,1.04,0.7,35,2171,49.90,14.90,68,1,0,0.1,1.02,1.14,1.01,5.58,6.70,6.91,16.2,1.106,0.520,6.97
15000,66,19,53.7,4.2,1.3,6.7,32.5,0.0,2.00,0.4,9,1174,44.41,15.28,19,0,0,1.2,2.50,1.15,2.17,5.95,6.68,6.89,13.8,1.181,0.375,6.89
15000,172,18,54.2,0.8,22.2,7.8,19.9,0.0,1.21,3.1,16,1623,22.94,3.77,2,14,2,0.0,1.00,1.37,1.22,8.06,8.72,8.06,31.2,1.126,0.568,9.11
15000,176,12,52.9,15.6,0.2,0.0,48.3,0.0,4.46,0.2,9,1960,58.48,9.73,11,1,0,0.1,4.36,6.34,3.57,8.00,8.42,8.42,19.1,0.664,0.627,8.42
15000,54,7,22.6,2.6,0.9,9.0,17.3,0.0,1.25,2.0,7,1500,10.59,0.52,0,7,0,0.0,1.07,1.46,1.26,4.86,6.71,5.71,29.5,0.838,0.456,6.71
15000,175,5,49.0,3.2,15.8,14.2,16.0,0.0,1.55,0.0,4,2661,14.32,8.68,2,3,0,0.6,1.00,1.89,1.66,5.40,7.40,7.40,23.3,1.081,0.527,7.40
16000,15,205,31.1,0.1,0.3,6.5,24.7,0.0,1.03,7.6,64,689,28.95,6.66,188,16,1,0.0,1.02,1.04,1.05,5.27,6.63,6.65,14.0,1.088,0.393,8.37
16000,197,49,16.9,2.8,0.0,2.6,10.9,0.0,1.80,5.5,23,830,38.19,8.06,49,0,0,0.0,1.11,2.19,1.95,4.10,5.80,6.06,6.8,0.942,0.396,7.27
16000,188,39,42.7,0.5,17.9,11.9,13.6,0.0,1.09,0.6,18,577,17.80,6.56,38,1,0,0.0,1.10,1.14,1.06,6.03,6.74,6.95,16.8,1.108,0.518,7.00
16000,195,27,38.1,3.9,0.6,7.9,25.6,0.0,1.80,7.8,14,866,24.41,4.61,23,4,0,0.0,1.22,2.09,1.95,6.33,6.89,9.52,17.4,1.009,0.358,9.59
16000,66,20,57.5,7.2,1.2,11.1,28.6,0.0,2.58,0.2,11,1442,39.42,16.58,20,0,0,1.1,3.41,1.43,2.75,6.25,6.90,7.00,14.8,1.170,0.414,7.00
16000,172,12,57.8,1.2,23.3,7.7,21.2,0.0,1.31,1.8,11,2464,19.05,4.02,1,10,1,0.0,1.00,1.56,1.33,8.33,9.00,8.42,31.2,1.134,0.555,9.08
16000,196,9,57.9,10.7,0.0,0.9,37.6,0.0,3.18,8.4,7,1839,78.56,24.83,9,0,0,0.0,2.29,3.88,3.28,6.67,6.67,10.89,2.2,0.974,0.479,10.89
16000,54,5,25.2,3.6,1.2,6.2,20.4,0.0,1.35,1.2,5,2281,6.97,0.65,0,5,0,0.0,1.10,1.64,1.36,5.60,6.80,6.20,30.6,0.813,0.453,6.80
17000,15,435,25.2,0.7,0.2,4.7,19.5,0.0,1.17,9.4,143,743,24.26,4.90,358,65,12,0.0,1.19,1.22,1.14,4.69,6.46,5.56,17.7,1.065,0.417,8.21
17000,197,47,16.5,2.2,0.3,1.6,11.7,0.0,1.66,4.6,17,964,40.20,11.71,47,0,0,0.1,1.00,2.11,1.78,3.91,6.00,6.15,11.7,0.948,0.391,7.21
17000,188,38,43.0,0.5,17.9,13.3,13.3,0.0,1.04,0.1,20,836,30.74,4.58,37,0,1,0.2,1.03,1.09,1.02,6.37,6.95,7.00,16.5,1.108,0.507,7.00
17000,195,37,15.4,0.0,0.0,7.1,11.5,0.0,1.00,20.2,11,683,25.06,1.23,37,0,0,0.0,1.00,1.00,1.00,4.14,5.03,7.14,11.1,0.992,0.345,10.65
17000,66,19,58.8,8.4,0.0,8.9,29.4,0.0,2.86,0.0,13,1362,62.16,17.91,19,0,0,0.0,3.86,1.59,2.99,6.21,6.84,6.84,15.7,1.184,0.422,6.84
17000,196,13,60.2,15.3,0.0,0.5,31.5,0.0,3.96,8.6,9,1078,33.94,20.29,13,0,0,0.0,2.77,4.88,4.09,6.77,6.92,10.46,1.9,0.965,0.492,10.85
18000,15,916,28.9,1.8,0.5,2.4,22.0,0.0,1.40,9.3,298,630,25.46,3.20,512,242,162,0.1,1.37,1.58,1.35,4.69,6.89,5.19,25.7,1.058,0.433,8.24
18000,210,161,14.2,0.6,0.3,0.3,12.5,0.1,1.14,10.0,50,381,20.87,3.88,74,35,52,0.1,1.18,1.10,1.15,4.26,4.40,7.54,30.3,1.005,0.446,8.02
18000,197,46,15.9,2.5,0.9,0.4,11.0,0.0,1.70,5.4,16,1052,44.96,13.48,43,3,0,0.3,1.00,2.19,1.83,4.02,5.54,6.02,15.1,0.925,0.398,7.13
18000,196,42,39.5,5.9,0.0,0.6,27.7,0.0,2.17,9.7,15,651,22.32,2.51,42,0,0,0.0,1.77,2.49,2.20,5.86,5.52,10.31,5.1,1.009,0.476,10.33
18000,188,34,42.5,0.7,16.7,12.9,13.8,0.0,1.05,0.2,22,1604,63.75,8.92,33,1,0,0.3,1.03,1.13,1.02,6.21,6.91,7.00,16.5,1.111,0.502,7.00
18000,195,20,16.4,0.0,0.0,9.6,11.2,0.0,1.00,17.3,9,1773,32.03,3.26,20,0,0,0.0,1.00,1.00,1.00,4.70,5.20,8.60,11.2,1.006,0.337,10.65
18000,66,7,53.6,6.7,0.0,12.7,25.1,0.0,2.71,0.0,4,464,31.74,7.97,7,0,0,0.0,3.18,3.49,2.08,5.86,6.71,6.71,15.2,1.195,0.414,6.71
19000,15,1358,31.9,3.0,0.9,2.1,22.4,0.0,1.71,8.4,486,695,33.02,5.60,637,427,294,0.1,1.71,2.00,1.59,4.87,6.89,5.47,28.1,1.051,0.445,8.18
19000,210,404,14.4,0.5,0.1,0.3,13.0,0.0,1.15,10.2,112,413,23.54,3.67,83,141,180,0.0,1.13,1.17,1.17,4.16,3.90,7.56,36.4,1.004,0.450,8.10
19000,188,41,42.9,0.4,22.0,9.0,11.5,0.0,1.02,0.3,25,1131,34.87,13.16,39,2,0,0.1,1.00,1.07,1.00,5.71,6.90,7.00,14.4,1.107,0.522,7.02
19000,197,27,17.8,4.1,0.7,0.0,9.7,0.0,2.35,5.1,14,1302,51.66,14.96,22,5,0,0.1,1.14,3.45,2.54,4.00,6.04,5.48,17.9,0.933,0.406,6.96
19000,196,27,51.3,13.1,0.0,0.7,26.5,0.0,3.85,9.3,15,1679,62.46,8.81,27,0,0,0.0,3.20,4.51,3.84,6.56,6.30,10.44,3.6,0.976,0.500,10.67
19000,195,9,19.1,0.0,0.0,14.0,11.6,0.0,1.00,12.7,6,2424,45.26,7.81,9,0,0,0.0,1.00,1.00,1.00,5.11,5.89,9.67,11.5,1.021,0.335,10.56
20000,15,1569,32.7,3.3,1.0,2.5,22.4,0.0,1.77,8.6,632,812,45.61,11.39,741,510,318,0.1,1.73,2.08,1.67,4.84,6.75,5.47,27.2,1.055,0.446,8.15
20000,210,687,15.2,1.2,0.0,0.6,12.5,0.0,1.31,10.7,204,533,30.54,7.01,105,270,312,0.0,1.27,1.35,1.33,3.98,3.73,7.37,36.8,0.999,0.446,8.12
20000,188,43,42.3,0.3,19.5,9.8,13.0,0.0,1.02,0.3,29,1233,47.85,17.47,40,3,0,0.1,1.00,1.07,1.01,6.30,6.88,7.05,16.3,1.113,0.517,7.05
20000,196,21,46.7,9.5,0.0,3.7,27.2,0.0,3.02,10.3,10,1499,72.91,18.72,21,0,0,0.0,2.54,3.41,3.06,6.52,5.76,10.86,2.3,0.979,0.512,10.86
20000,197,13,19.2,1.9,0.0,0.5,15.1,0.0,1.57,6.8,9,1171,97.87,34.54,12,1,0,0.0,1.00,1.91,1.68,3.85,6.00,4.92,12.8,0.994,0.400,7.15
21000,15,1879,29.4,3.0,1.4,2.0,19.9,0.1,1.70,9.7,744,885,52.24,16.61,863,643,373,0.1,1.65,1.97,1.62,4.52,6.56,5.09,27.5,1.052,0.452,8.15
21000,210,822,15.8,1.5,0.1,0.6,12.3,0.0,1.37,10.8,247,705,39.36,11.04,160,291,371,0.0,1.32,1.44,1.39,4.02,3.87,7.10,36.2,1.005,0.437,8.02
21000,188,42,41.4,0.2,17.5,10.2,13.9,0.0,1.03,0.8,32,1785,76.73,25.87,40,2,0,0.2,1.00,1.06,1.03,5.95,6.71,7.10,16.9,1.119,0.516,7.10
21000,196,25,35.1,4.3,0.0,5.2,25.0,0.0,1.98,12.5,12,984,66.53,20.44,25,0,0,0.0,1.92,2.09,1.94,5.64,5.20,10.12,5.2,0.975,0.514,10.76
22000,15,1995,27.6,2.7,1.3,1.7,18.8,0.1,1.64,10.4,789,865,51.93,20.19,823,799,373,0.1,1.64,1.86,1.56,4.31,6.43,4.82,27.9,1.051,0.459,8.08
22000,210,1043,16.1,1.6,0.1,0.9,12.5,0.0,1.39,11.1,320,671,39.23,12.43,181,336,526,0.0,1.31,1.45,1.44,4.00,3.89,7.07,36.8,0.997,0.440,8.07
22000,188,43,36.6,0.5,12.4,9.1,14.3,0.0,1.07,2.7,28,1285,78.58,23.14,38,5,0,0.4,1.00,1.15,1.06,5.42,6.09,7.19,19.6,1.132,0.517,7.28
22000,196,15,38.9,4.6,0.0,5.4,28.5,0.0,2.02,11.2,4,727,53.03,25.27,15,0,0,0.0,1.89,2.15,2.01,5.73,5.33,10.93,3.7,0.963,0.520,10.93
22000,197,9,30.1,2.3,0.0,0.0,23.9,0.0,1.37,1.3,3,469,52.86,18.79,9,0,0,0.0,1.00,1.62,1.43,4.56,7.11,6.44,11.1,1.044,0.396,7.11
23000,15,3490,21.8,2.1,1.0,1.1,15.5,0.0,1.49,11.1,1194,782,46.71,17.61,1095,1317,1078,0.1,1.44,1.66,1.46,4.08,5.47,5.45,31.6,1.034,0.451,8.07
23000,188,34,36.9,1.2,11.6,8.3,14.6,0.0,1.21,2.8,27,1145,74.17,38.37,29,4,1,0.6,1.01,1.37,1.23,5.24,5.97,7.18,21.1,1.128,0.527,7.26
23000,196,7,45.3,9.9,0.0,3.6,25.6,0.0,3.49,11.4,4,1865,77.12,44.73,7,0,0,0.0,3.19,3.79,3.49,5.86,5.71,11.00,6.1,0.963,0.516,11.00
24000,15,2287,25.8,2.3,1.1,1.2,18.2,0.0,1.52,10.9,873,820,48.96,20.23,927,869,491,0.1,1.47,1.71,1.46,4.19,6.35,4.64,28.9,1.064,0.458,8.09
24000,188,24,37.2,1.4,12.4,7.4,14.2,0.0,1.23,2.8,20,1731,59.12,39.75,19,4,1,0.6,1.01,1.41,1.26,4.88,5.88,7.25,22.7,1.122,0.536,7.25
25000,15,2314,23.6,2.5,0.8,1.2,16.1,0.0,1.58,12.6,857,775,45.42,18.74,895,999,420,0.1,1.52,1.76,1.54,3.96,5.96,4.46,29.1,1.075,0.464,8.20
25000,216,38,14.2,0.0,0.1,1.1,13.4,0.0,1.00,12.5,12,626,46.06,16.88,38,0,0,0.0,1.00,1.00,1.00,3.26,3.71,3.74,20.9,0.983,0.319,6.84
25000,188,14,39.6,2.4,12.6,9.6,12.5,0.0,1.70,2.9,12,1672,59.34,39.24,14,0,0,0.8,1.22,1.90,1.88,4.57,6.00,7.00,18.2,1.144,0.526,7.21
26000,15,2112,24.1,2.3,0.9,1.2,16.6,0.0,1.55,11.9,752,836,50.26,20.82,881,864,367,0.1,1.48,1.74,1.52,3.95,6.09,4.50,28.5,1.078,0.456,8.15
26000,217,127,19.5,1.8,0.4,0.8,14.8,0.0,1.48,14.5,47,475,27.04,9.73,60,55,12,0.0,1.32,1.66,1.44,3.43,4.40,4.91,25.8,1.019,0.339,8.22
26000,216,18,14.1,0.0,0.0,4.8,11.9,0.0,1.00,9.2,7,973,70.88,20.43,18,0,0,0.0,1.00,1.00,1.00,3.00,4.17,4.11,19.2,0.943,0.317,6.44
27000,15,2294,23.0,2.4,1.0,1.2,15.2,0.0,1.57,12.7,807,716,43.69,18.15,888,943,463,0.1,1.53,1.74,1.53,3.85,5.81,4.45,29.1,1.079,0.460,8.18
27000,217,134,16.3,1.5,0.4,0.7,12.6,0.0,1.37,16.0,52,652,25.23,8.86,32,81,21,0.0,1.28,1.48,1.33,2.99,3.98,4.37,30.9,1.004,0.377,8.12
27000,216,14,14.3,0.0,0.0,0.0,14.4,0.0,1.00,9.4,6,857,47.62,26.08,14,0,0,0.0,1.00,1.00,1.00,3.00,4.14,3.86,20.6,0.957,0.316,6.36
28000,15,1945,26.0,3.0,1.4,1.3,16.7,0.1,1.70,11.1,769,852,52.39,19.66,672,859,414,0.1,1.71,1.85,1.64,4.16,6.10,4.90,29.9,1.065,0.450,8.15
28000,217,101,18.8,1.9,0.2,0.8,14.4,0.0,1.49,15.0,45,1022,40.00,12.76,28,46,27,0.0,1.37,1.64,1.45,3.33,4.25,4.72,31.4,1.010,0.357,8.17
28000,216,19,12.1,0.0,0.0,1.6,10.7,0.0,1.00,15.3,6,557,29.82,23.56,3,16,0,0.0,1.00,1.00,1.00,2.47,3.79,3.00,26.9,1.038,0.329,7.21
29000,15,3224,22.0,2.4,1.0,1.1,14.9,0.1,1.55,11.7,1217,824,45.60,17.81,1107,1190,927,0.1,1.52,1.67,1.51,3.99,5.29,5.49,31.0,1.044,0.444,8.16
29000,217,58,16.7,1.3,0.0,0.0,13.3,0.0,1.36,18.2,23,682,27.63,18.42,16,36,6,0.0,1.40,1.41,1.30,3.12,3.86,4.34,29.9,1.059,0.393,8.60
29000,223,37,6.0,0.3,0.0,0.0,5.7,0.0,1.14,20.5,18,600,28.62,15.67,37,0,0,0.0,1.06,1.15,1.20,2.49,1.68,6.89,7.6,0.949,0.638,8.41
30000,15,3043,21.3,2.2,0.9,1.0,14.5,0.0,1.51,11.8,1168,805,43.26,17.13,1063,1052,928,0.1,1.47,1.64,1.49,3.97,5.27,5.54,31.3,1.042,0.439,8.18
30000,217,51,17.6,2.3,0.0,0.0,12.1,0.0,1.69,17.8,22,868,28.28,10.79,21,21,9,0.0,1.71,1.83,1.61,3.20,3.98,4.41,27.9,1.068,0.387,8.53
30000,223,20,13.7,1.9,0.0,0.0,10.3,0.0,1.51,10.4,6,281,11.82,1.83,20,0,0,0.0,1.00,1.57,1.99,4.00,3.40,7.80,9.5,0.975,0.611,8.05
30000,227,6,55.1,10.8,10.7,0.3,29.2,2.5,2.72,6.3,6,1306,68.16,14.11,6,0,0,2.7,4.07,1.00,2.91,7.67,7.00,7.17,18.1,0.932,0.473,8.67
31000,15,1559,23.4,2.2,1.4,1.3,15.7,0.0,1.51,11.6,576,828,38.95,15.50,671,628,260,0.1,1.50,1.63,1.47,4.04,6.30,4.50,28.4,1.070,0.443,8.18
31000,217,28,20.4,3.8,0.0,0.0,11.7,0.0,2.11,17.8,13,1011,25.04,4.56,12,13,3,0.0,1.99,2.30,2.07,3.21,4.21,4.57,26.9,1.077,0.385,8.79
31000,223,20,14.0,2.7,0.0,0.0,9.3,0.0,1.62,11.4,11,813,50.89,13.33,20,0,0,0.0,1.02,1.76,2.00,3.95,4.00,6.75,9.4,0.950,0.617,8.05
31000,228,6,21.9,0.0,0.0,0.7,22.7,0.0,1.00,14.7,5,1539,47.60,24.28,1,5,0,0.0,1.00,1.00,1.00,3.17,4.00,7.67,27.3,0.941,0.440,9.17
32000,15,1040,27.4,3.2,1.6,1.8,17.0,0.0,1.76,10.1,467,1039,42.23,14.49,518,378,144,0.1,1.73,1.94,1.70,4.43,6.63,5.05,26.8,1.071,0.443,8.27
32000,217,15,16.5,2.3,0.0,0.0,10.7,0.0,1.67,19.2,7,1231,29.30,9.04,14,1,0,0.0,1.38,1.72,1.78,3.00,3.93,3.93,12.3,1.071,0.366,8.73
32000,228,8,24.5,0.0,0.0,0.5,25.5,0.0,1.00,13.2,6,1384,68.98,11.11,0,8,0,0.0,1.00,1.00,1.00,4.75,4.00,8.38,30.6,0.945,0.467,9.25
32000,223,8,17.7,4.9,0.0,0.0,8.9,0.0,2.00,9.8,7,1960,99.13,24.42,8,0,0,0.0,1.06,2.36,2.40,4.25,5.12,7.12,10.7,0.957,0.622,8.12
33000,15,720,28.9,3.9,1.7,1.3,17.6,0.0,1.96,9.5,345,1090,38.99,11.41,420,210,90,0.1,1.99,2.20,1.84,4.62,6.76,5.34,25.0,1.045,0.439,8.20
33000,223,14,17.6,3.0,0.0,0.0,11.9,0.0,1.65,8.4,10,444,10.36,6.24,14,0,0,0.0,1.00,1.78,2.08,3.86,4.71,7.29,8.6,0.987,0.584,8.00
33000,217,14,12.0,0.4,0.0,0.0,10.9,0.0,1.15,18.0,5,539,24.70,2.52,14,0,0,0.0,1.00,1.29,1.15,2.36,3.93,3.79,8.2,1.028,0.384,8.36
33000,238,5,52.2,18.6,0.0,0.4,21.2,0.0,6.77,4.8,3,2023,173.20,17.66,5,0,0,0.0,4.47,8.39,6.97,5.20,8.00,5.60,15.5,0.875,0.269,8.00
33000,228,5,24.5,0.0,0.0,0.0,25.4,0.0,1.00,13.6,5,1217,58.60,9.04,1,4,0,0.0,1.00,1.00,1.00,4.60,4.20,8.20,31.3,0.974,0.491,9.60
34000,15,439,28.2,4.0,2.1,1.8,16.7,0.0,2.01,9.2,235,1185,35.53,11.76,321,81,37,0.1,2.07,2.22,1.90,4.65,6.64,5.61,22.4,1.019,0.439,8.17
35000,249,291,15.1,1.2,0.4,1.2,11.6,0.0,1.36,10.7,124,780,30.81,4.05,227,54,10,0.0,1.28,1.38,1.46,3.89,3.42,7.73,18.6,0.998,0.427,8.14
35000,15,188,29.1,3.2,4.1,2.6,16.2,0.0,1.85,6.8,103,1093,25.21,7.55,149,34,5,0.1,1.66,2.23,1.78,4.87,6.70,6.37,21.2,1.034,0.417,8.01
35000,250,53,20.5,0.4,2.6,0.1,17.4,0.1,1.10,8.9,34,903,37.35,8.77,44,9,0,0.2,1.14,1.10,1.09,4.42,7.13,5.53,16.9,0.979,0.402,8.38
35000,252,16,64.7,13.3,0.0,0.0,45.1,0.0,3.77,5.4,7,1015,71.56,10.42,16,0,0,0.0,4.56,3.55,3.46,7.38,7.44,9.62,19.0,0.909,0.502,9.88
36000,249,310,12.9,0.5,0.1,0.6,11.5,0.0,1.14,11.1,97,691,28.54,2.07,225,65,20,0.0,1.07,1.16,1.17,3.72,2.93,7.67,20.3,0.991,0.421,8.00
36000,15,76,31.1,2.7,6.8,2.7,16.7,0.0,1.66,5.7,46,1738,33.91,6.05,63,13,0,0.3,1.41,1.98,1.62,4.88,6.53,6.92,21.2,1.027,0.402,8.12
36000,250,45,23.3,0.5,3.6,0.1,20.4,0.1,1.09,4.3,33,732,43.63,14.32,43,2,0,0.2,1.05,1.14,1.08,5.07,7.47,7.13,15.2,0.931,0.394,8.09
36000,252,13,68.2,14.3,0.0,0.0,47.5,0.0,3.89,4.5,6,1526,58.94,6.94,13,0,0,0.0,4.87,3.78,3.40,8.46,7.92,9.54,19.8,0.902,0.504,9.85
37000,249,685,13.5,0.8,0.1,0.4,12.0,0.0,1.19,11.7,192,608,28.53,2.53,357,181,147,0.0,1.09,1.22,1.25,3.79,2.98,7.80,26.3,0.983,0.407,8.23
37000,15,55,24.0,0.8,7.7,0.7,12.5,0.0,1.14,7.2,34,974,22.61,7.58,51,4,0,0.2,1.00,1.29,1.13,4.22,5.96,6.40,19.4,1.063,0.380,7.93
37000,257,52,34.9,0.6,5.5,11.9,18.4,0.1,1.01,0.2,24,630,47.63,17.74,48,3,1,0.1,1.02,1.00,1.02,5.56,6.13,6.13,12.2,1.119,0.564,6.17
37000,250,31,20.9,0.7,3.0,0.3,17.2,0.2,1.13,8.1,24,952,48.76,13.60,28,3,0,0.3,1.06,1.17,1.13,4.26,6.32,5.74,17.7,0.964,0.412,7.84
38000,249,1208,13.5,1.0,0.1,0.5,11.5,0.0,1.27,12.3,345,678,31.39,3.23,551,347,310,0.0,1.19,1.27,1.37,3.62,2.95,7.63,28.3,0.983,0.413,8.25
38000,15,185,31.8,0.5,12.7,0.8,14.8,0.0,1.07,4.7,99,359,11.33,11.78,90,50,45,0.2,1.04,1.11,1.07,5.03,6.92,6.98,28.7,1.089,0.377,8.11
38000,250,70,19.5,0.4,4.6,1.1,14.1,0.2,1.10,10.5,44,475,25.91,4.43,62,8,0,0.2,1.17,1.02,1.10,3.76,5.64,5.36,18.3,0.959,0.436,7.91
38000,257,52,35.6,1.2,4.4,12.1,18.7,0.0,1.14,0.2,30,914,57.51,21.12,39,10,3,0.1,1.14,1.13,1.15,5.65,6.17,6.19,16.6,1.128,0.564,6.23
38000,252,11,71.4,8.5,0.0,0.0,50.6,0.0,2.81,3.1,4,329,55.58,28.46,11,0,0,0.0,3.17,3.65,2.21,7.45,7.64,7.91,19.2,1.044,0.580,8.55
39000,249,1543,13.2,0.8,0.3,0.7,11.2,0.0,1.22,13.0,546,682,29.78,3.89,521,570,452,0.0,1.15,1.24,1.28,3.64,3.01,7.48,31.0,0.987,0.412,8.30
39000,15,598,33.9,1.4,11.7,3.4,14.3,0.0,1.33,4.4,310,522,18.75,12.44,285,150,163,0.2,1.15,1.48,1.35,5.03,6.94,7.09,29.2,1.100,0.387,8.08
39000,250,69,20.7,0.1,8.5,0.9,12.5,0.0,1.01,9.1,44,559,39.28,7.33,57,12,0,0.0,1.02,1.01,1.01,3.97,6.19,6.13,19.2,0.946,0.449,8.17
39000,257,54,33.7,0.9,5.1,11.5,17.3,0.0,1.14,0.2,31,907,51.38,26.29,40,7,7,0.1,1.21,1.06,1.14,5.72,6.06,6.04,18.0,1.123,0.572,6.09
39000,261,12,45.2,2.2,0.0,17.3,36.9,0.0,1.63,7.7,10,892,64.66,11.94,12,0,0,0.0,1.86,1.54,1.58,7.25,10.25,7.25,17.9,0.905,0.410,10.58
39000,252,7,77.5,10.3,0.0,0.0,51.0,0.0,3.22,0.6,2,770,121.61,61.01,7,0,0,0.0,3.68,4.21,2.50,7.00,7.86,7.86,22.2,1.088,0.622,8.00
40000,249,2750,20.1,0.9,4.3,1.6,12.1,0.0,1.25,10.3,1129,726,29.77,8.62,916,970,864,0.1,1.17,1.31,1.29,4.16,4.40,7.23,31.3,1.030,0.401,8.26
40000,257,54,33.7,1.1,6.1,10.3,16.7,0.0,1.21,0.4,28,1120,66.63,26.39,36,15,3,0.1,1.21,1.29,1.16,5.04,5.93,5.96,19.4,1.118,0.571,6.04
40000,250,52,23.1,0.2,9.7,3.1,12.6,0.0,1.02,7.0,35,1113,69.74,14.84,47,5,0,0.0,1.05,1.00,1.01,4.52,6.77,6.90,19.7,0.941,0.442,8.17
40000,269,46,16.6,2.0,0.0,1.8,11.2,0.0,1.34,13.0,19,520,31.59,5.82,20,26,0,0.0,1.00,1.66,1.35,3.52,4.63,5.43,28.0,0.992,0.429,8.24
40000,261,22,17.9,0.0,0.0,6.8,16.4,0.0,1.00,20.5,17,662,47.07,13.87,22,0,0,0.0,1.00,1.00,1.00,4.36,7.41,3.73,18.0,0.978,0.423,10.05
41000,249,3174,21.5,1.2,4.6,1.7,12.4,0.0,1.30,10.2,1446,907,37.35,12.56,1097,1074,1003,0.1,1.20,1.38,1.34,4.19,4.64,7.10,31.3,1.046,0.399,8.28
41000,250,49,20.7,0.2,6.3,3.8,13.1,0.0,1.02,8.8,42,1244,70.59,17.66,44,5,0,0.0,1.06,1.00,1.01,4.43,6.43,6.43,20.6,0.940,0.448,8.18
41000,257,34,29.3,0.2,5.3,9.6,15.5,0.0,1.00,1.5,23,1805,105.62,44.59,16,16,2,0.0,1.00,1.01,1.00,4.79,5.53,5.85,24.1,1.120,0.580,6.06
41000,261,12,7.7,0.3,0.0,3.5,6.2,0.0,1.17,24.5,9,678,56.02,18.67,12,0,0,0.0,1.00,1.17,1.33,2.67,5.33,3.58,19.5,0.900,0.508,10.00
42000,249,3726,20.0,1.2,4.1,1.4,11.5,0.0,1.31,11.4,1724,853,36.84,13.61,1256,1300,1170,0.1,1.23,1.36,1.35,3.97,4.64,6.52,31.2,1.061,0.400,8.27
42000,261,36,9.0,0.1,0.0,3.3,8.1,0.0,1.07,23.6,24,481,31.65,11.04,35,1,0,0.0,1.06,1.06,1.10,3.14,5.61,3.19,18.6,0.926,0.464,9.97
42000,257,35,33.7,1.8,5.9,10.8,15.7,0.0,1.29,0.7,25,810,46.77,31.43,8,24,3,0.0,1.24,1.25,1.33,4.97,5.91,6.09,30.2,1.112,0.571,6.17
42000,250,21,23.4,0.9,1.5,11.3,15.9,0.0,1.11,5.0,15,1232,149.03,40.13,17,4,0,0.0,1.29,1.00,1.07,4.71,5.62,5.81,24.2,0.945,0.408,6.95
43000,249,2178,24.3,0.9,7.3,1.7,11.7,0.0,1.24,9.6,1161,959,41.98,16.85,857,609,712,0.2,1.19,1.29,1.25,4.08,5.93,5.67,30.6,1.123,0.392,8.15
43000,261,41,11.9,0.1,0.0,2.2,11.9,0.0,1.02,24.0,28,832,32.09,12.89,40,1,0,0.0,1.03,1.03,1.01,3.49,7.61,3.10,20.6,0.920,0.480,10.71
43000,257,16,32.6,0.0,7.7,11.6,15.9,0.0,1.00,0.1,11,1014,72.95,35.65,1,12,3,0.0,1.00,1.00,1.00,5.06,6.12,6.06,33.6,1.111,0.581,6.12
43000,250,11,19.9,0.9,2.7,8.3,12.5,0.0,1.15,6.9,8,1006,48.06,9.09,10,1,0,0.0,1.29,1.00,1.16,3.91,5.18,5.55,23.4,0.941,0.430,7.09
44000,249,4918,9.3,0.7,2.3,0.4,3.9,0.0,1.24,20.5,1574,477,17.41,8.97,1530,1821,1567,0.1,1.16,1.43,1.24,2.23,3.88,2.36,31.9,1.185,0.395,8.06
44000,261,34,8.3,0.7,0.0,3.2,6.2,0.0,1.32,23.5,32,777,25.71,4.50,34,0,0,0.0,1.36,1.40,1.28,3.38,7.44,2.97,20.7,0.920,0.450,9.94
44000,257,9,17.5,1.4,4.2,6.1,5.0,0.2,1.39,7.8,9,1090,109.34,27.27,0,9,0,0.6,1.65,1.31,1.31,3.89,4.22,5.11,33.5,1.123,0.576,6.22
45000,249,3939,12.7,1.0,2.4,0.5,6.3,0.0,1.31,18.2,1475,640,23.45,7.95,1444,1411,1084,0.2,1.19,1.58,1.29,2.67,4.60,2.85,30.5,1.180,0.403,8.12
46000,249,3749,15.6,1.3,2.6,0.5,7.7,0.0,1.42,16.9,1573,743,28.70,9.33,1455,1254,1040,0.2,1.24,1.75,1.39,2.95,5.22,3.08,30.0,1.192,0.408,8.23
47000,249,4602,13.9,1.0,2.4,0.3,6.5,0.0,1.34,18.3,2101,514,22.40,10.00,1799,1596,1207,0.1,1.27,1.57,1.32,2.92,6.11,2.67,30.1,1.278,0.393,8.57
47000,273,1066,13.4,2.0,0.2,0.5,8.9,0.0,1.61,16.1,731,612,33.49,9.68,321,383,362,0.0,1.52,1.72,1.66,3.33,3.24,6.74,31.5,1.005,0.415,8.41
48000,249,5165,13.6,0.8,2.9,0.2,5.4,0.0,1.27,20.0,2669,410,16.02,9.39,1888,1882,1395,0.1,1.25,1.40,1.26,2.71,5.39,2.60,30.4,1.378,0.376,8.73
48000,273,272,12.0,2.8,0.1,0.2,6.5,0.0,1.97,17.6,205,750,33.73,13.00,0,42,230,0.0,1.83,2.10,2.04,2.93,2.51,6.11,46.9,1.010,0.409,8.25
49000,249,4117,14.8,0.7,2.7,0.1,5.7,0.0,1.27,21.5,2411,359,12.88,7.95,1520,1448,1149,0.1,1.24,1.39,1.25,2.71,5.21,2.56,30.3,1.518,0.375,8.98
49000,273,51,18.8,4.4,0.2,0.2,8.9,0.0,2.49,14.9,43,622,24.80,8.62,0,3,48,0.0,1.83,2.60,3.04,3.51,3.29,6.00,45.5,1.051,0.421,8.12
50000,249,3147,16.5,0.6,3.0,0.3,5.4,0.0,1.23,20.6,1837,319,12.22,8.32,1358,1044,745,0.1,1.22,1.33,1.22,2.62,4.86,2.61,29.1,1.716,0.394,8.64
50000,273,9,11.8,2.9,0.0,0.0,6.1,0.0,1.87,16.7,7,391,10.64,2.97,0,3,6,0.0,2.26,2.30,1.59,3.00,3.00,5.33,40.3,0.990,0.412,8.11
51000,249,1930,18.1,0.7,3.3,0.6,5.6,0.0,1.24,18.5,1260,488,14.96,8.02,880,609,441,0.1,1.22,1.30,1.22,2.81,4.95,2.86,28.3,1.750,0.385,8.32
52000,249,901,23.0,0.5,3.7,1.8,7.4,0.0,1.14,14.5,645,846,19.40,8.01,410,312,179,0.1,1.14,1.19,1.12,3.22,5.35,3.34,27.7,1.798,0.376,7.81
52000,286,59,24.4,4.3,2.8,0.1,14.0,0.6,1.97,9.1,47,598,27.91,7.93,58,1,0,1.0,1.71,2.02,2.17,4.69,4.71,7.46,12.4,0.955,0.374,8.05
52000,288,32,28.1,8.5,1.3,0.1,12.0,0.1,2.98,12.6,29,773,16.52,3.13,17,11,4,0.3,2.06,3.44,3.32,4.75,4.22,8.44,22.2,0.931,0.409,8.91
53000,249,689,25.0,0.5,4.4,1.8,7.9,0.0,1.13,13.8,506,1111,25.88,8.86,401,170,118,0.1,1.13,1.18,1.11,3.34,5.49,3.52,24.5,1.790,0.370,7.79
53000,298,143,18.8,3.5,2.0,0.6,12.6,0.2,1.83,10.3,83,780,25.77,3.06,35,41,67,0.2,1.43,2.05,1.91,4.22,3.94,7.62,34.4,0.879,0.384,8.04
53000,288,36,24.2,6.2,0.6,1.1,12.7,0.1,2.40,12.1,31,1253,24.90,4.09,23,11,2,0.1,1.66,2.84,2.60,4.56,4.17,8.08,19.0,0.917,0.410,8.78
53000,286,31,26.5,6.9,3.2,0.0,10.7,0.9,2.82,8.7,30,1249,33.48,11.34,28,3,0,1.0,2.54,2.91,3.00,4.35,5.16,7.35,14.7,0.961,0.377,8.06
54000,249,336,30.1,0.6,5.5,2.6,8.8,0.0,1.17,12.0,268,1228,25.16,7.21,224,64,48,0.2,1.18,1.20,1.16,3.83,6.08,4.12,22.5,1.785,0.369,7.90
54000,298,187,15.9,2.2,1.3,0.3,12.6,0.1,1.48,11.2,96,782,24.96,2.60,97,40,50,0.2,1.31,1.56,1.55,3.81,3.37,7.66,27.0,0.881,0.379,8.09
54000,301,49,35.2,0.6,4.4,0.0,23.8,0.0,1.12,12.0,24,389,13.60,4.49,44,5,0,0.0,1.00,1.17,1.16,4.84,6.65,5.65,12.1,1.184,0.281,9.12
54000,286,33,16.1,3.5,1.9,0.0,7.9,0.4,2.13,15.3,15,929,22.08,2.69,30,3,0,0.5,2.07,2.08,2.26,4.00,3.39,8.48,16.2,0.960,0.405,8.64
54000,306,31,24.9,1.5,3.3,0.0,18.7,0.0,1.43,7.6,20,1897,43.17,2.60,1,18,12,0.1,1.03,1.51,1.66,4.68,6.39,7.10,35.7,1.000,0.328,8.23
54000,288,10,21.9,3.6,1.6,1.9,13.5,0.0,1.74,10.2,9,2023,22.29,0.62,3,4,3,0.2,1.08,1.92,2.14,4.60,4.00,8.70,30.7,0.931,0.411,8.70
55000,249,205,20.8,0.2,4.2,1.9,6.3,0.0,1.05,15.1,154,724,17.95,8.87,177,24,4,0.0,1.05,1.06,1.05,3.15,5.49,3.31,15.5,1.781,0.338,8.00
55000,298,131,13.6,1.3,1.1,0.1,11.4,0.0,1.27,12.2,76,666,27.04,4.56,105,21,5,0.1,1.18,1.31,1.30,3.66,3.26,7.53,16.0,0.896,0.383,8.16
55000,301,31,26.1,1.0,3.2,0.0,16.4,0.0,1.21,17.9,30,1025,28.28,10.93,27,4,0,0.0,1.05,1.26,1.26,4.65,5.16,5.39,14.8,1.195,0.273,9.52
55000,306,11,40.9,0.0,4.1,0.0,35.8,0.0,1.00,4.9,9,1556,22.25,0.90,1,10,0,0.0,1.00,1.00,1.00,6.36,7.00,7.36,29.2,1.007,0.324,8.18
55000,286,10,10.7,3.0,0.0,0.0,5.1,0.0,2.30,19.6,4,1100,18.57,0.46,10,0,0,0.0,2.17,2.17,2.62,3.40,2.20,8.00,16.3,0.962,0.418,9.00
55000,288,5,22.3,0.2,2.8,3.8,18.0,0.0,1.05,8.4,3,827,7.69,3.81,0,2,3,0.0,1.00,1.05,1.10,4.60,4.60,8.80,39.9,0.970,0.403,8.80
56000,298,196,17.3,1.7,3.1,0.4,12.0,0.1,1.39,11.5,125,508,21.35,3.42,160,25,11,0.2,1.35,1.39,1.46,4.00,3.75,7.37,16.1,0.915,0.377,8.17
56000,249,156,21.9,0.2,5.1,2.0,6.0,0.0,1.04,15.0,128,871,16.92,10.20,134,18,4,0.0,1.03,1.03,1.05,3.35,5.38,3.48,15.5,1.776,0.324,8.03
56000,314,25,37.4,5.9,1.2,1.0,15.8,0.0,2.63,6.6,21,2117,24.81,1.60,17,7,1,0.3,2.59,3.18,2.40,4.12,6.48,4.80,23.9,1.285,0.507,7.24
56000,301,13,29.3,2.4,4.5,0.0,14.4,0.0,1.55,18.8,12,2276,22.54,4.25,10,3,0,0.0,1.33,1.63,1.62,4.69,5.15,5.85,19.2,1.200,0.265,9.92
56000,286,8,9.6,2.6,0.0,0.0,4.8,0.0,2.24,20.8,3,2096,28.28,0.50,8,0,0,0.0,2.15,2.15,2.48,2.88,2.12,7.12,15.8,0.961,0.420,9.00
57000,298,550,15.0,1.2,2.1,0.4,11.5,0.1,1.29,10.8,274,425,19.43,2.56,297,140,113,0.2,1.23,1.31,1.35,3.87,3.61,7.33,25.7,0.912,0.383,7.97
57000,249,173,24.5,0.3,5.0,2.9,7.0,0.0,1.09,14.6,129,899,19.69,8.20,154,11,8,0.0,1.16,1.12,1.08,3.47,5.47,3.66,13.7,1.764,0.329,8.09
57000,322,36,34.0,2.4,5.8,0.0,20.8,0.0,1.63,4.4,26,806,44.24,24.57,30,5,1,0.5,1.32,1.93,1.65,4.72,7.19,6.58,18.1,1.078,0.380,7.72
57000,314,16,29.0,3.6,0.1,2.4,13.5,0.0,1.91,8.4,10,1011,24.55,1.19,8,5,3,0.0,1.83,2.31,1.74,4.12,5.50,4.56,26.5,1.364,0.527,7.12
58000,298,1100,13.0,0.9,1.6,0.4,10.5,0.1,1.25,12.7,539,427,20.49,3.02,513,314,273,0.1,1.23,1.24,1.30,3.59,3.29,6.61,27.8,0.909,0.386,7.90
58000,249,534,32.8,0.3,9.6,2.4,6.9,0.0,1.06,10.6,378,397,9.01,10.55,279,145,110,0.0,1.05,1.07,1.06,3.95,5.67,5.07,25.3,1.800,0.360,7.95
58000,322,31,31.7,1.8,5.2,0.0,20.7,0.0,1.50,6.4,22,1231,58.12,32.70,22,8,1,0.1,1.15,1.72,1.58,4.68,6.84,6.10,20.1,1.076,0.383,8.03
58000,314,11,11.0,0.6,0.0,0.9,7.0,0.0,1.30,12.9,9,416,15.67,2.48,11,0,0,0.0,1.15,1.55,1.27,2.55,4.36,2.45,14.3,1.330,0.590,6.64
59000,249,1277,27.8,0.4,7.7,1.3,6.0,0.0,1.10,13.5,930,412,8.42,11.61,552,419,306,0.2,1.08,1.13,1.09,3.54,5.14,4.51,28.3,1.842,0.371,8.07
59000,298,1014,12.9,1.1,1.2,0.5,10.2,0.1,1.33,13.1,630,425,18.83,3.63,398,349,267,0.1,1.28,1.35,1.39,3.50,3.46,6.22,30.1,0.918,0.389,7.80
59000,322,29,34.0,0.9,6.9,0.0,23.3,0.0,1.20,4.6,18,715,29.33,12.54,27,2,0,0.1,1.23,1.26,1.14,5.14,7.10,6.83,15.4,1.061,0.362,8.00
59000,332,28,23.6,1.8,0.0,0.6,11.0,0.0,1.69,13.4,27,601,29.57,10.91,12,16,0,0.0,1.78,1.53,1.90,3.61,5.32,4.25,24.5,1.644,0.445,7.57
59000,333,12,30.9,0.0,6.0,7.6,7.0,0.0,1.00,15.2,12,1056,25.20,11.04,0,2,10,0.0,1.00,1.00,1.00,3.67,6.92,4.00,46.3,1.837,0.445,9.08
60000,249,2011,19.0,0.3,4.5,0.8,4.8,0.0,1.09,15.5,1283,343,9.06,8.92,877,643,491,0.1,1.08,1.11,1.08,2.73,4.31,3.17,28.4,1.878,0.344,7.46
60000,298,978,12.3,1.3,1.4,0.4,9.0,0.2,1.39,14.0,705,421,22.25,6.10,302,341,335,0.2,1.37,1.44,1.41,3.35,3.43,6.08,32.8,0.917,0.393,7.78
60000,322,29,29.3,1.3,4.3,0.0,18.6,0.0,1.32,10.2,29,838,69.65,21.60,19,9,1,0.1,1.31,1.45,1.26,4.41,5.97,5.86,19.1,1.121,0.384,7.90
60000,332,6,6.3,0.0,0.0,0.0,3.8,0.0,1.00,23.7,4,393,17.21,3.81,6,0,0,0.0,1.00,1.00,1.00,1.33,2.83,1.33,17.6,1.662,0.448,8.00
61000,249,2133,17.0,0.3,3.7,0.5,4.4,0.0,1.11,13.6,1315,332,10.58,9.22,682,832,619,0.1,1.11,1.16,1.11,2.54,4.27,2.77,31.3,1.912,0.294,6.78
61000,298,1024,11.3,1.1,1.2,0.2,8.9,0.1,1.31,14.6,714,394,21.96,6.28,367,325,332,0.2,1.32,1.34,1.33,3.34,3.30,6.10,32.1,0.906,0.396,7.85
61000,322,20,25.5,2.0,2.7,0.2,14.1,0.0,1.59,11.4,20,1037,105.20,30.47,16,4,0,0.2,1.75,1.78,1.47,3.95,5.30,5.25,23.4,1.219,0.443,7.60
62000,249,1834,13.7,0.4,2.0,0.4,4.1,0.0,1.18,15.0,856,240,8.17,6.99,513,731,590,0.1,1.16,1.30,1.17,2.23,4.11,1.96,32.4,1.951,0.283,6.64
62000,298,860,11.1,1.0,1.2,0.4,8.7,0.1,1.32,14.7,593,473,25.40,8.18,289,327,244,0.1,1.29,1.35,1.35,3.39,3.29,6.46,31.5,0.907,0.402,7.86
63000,249,2893,10.6,0.3,1.7,0.4,2.9,0.0,1.18,14.4,1196,266,7.70,6.44,929,1157,807,0.1,1.14,1.27,1.18,1.94,3.31,1.91,31.4,1.970,0.286,6.11
63000,298,960,10.3,1.0,0.9,0.5,8.1,0.1,1.29,16.2,684,446,25.97,8.57,265,379,316,0.1,1.22,1.35,1.31,3.12,3.18,5.76,33.0,0.901,0.397,7.86
63000,337,35,15.8,2.0,0.1,0.0,5.9,0.0,1.69,14.4,32,840,43.08,5.95,13,22,0,0.0,1.50,1.96,1.69,2.80,4.43,2.74,25.7,1.563,0.357,6.89
64000,249,3349,10.7,0.3,1.3,1.0,3.1,0.0,1.16,14.7,1672,301,9.88,6.18,1060,1238,1051,0.0,1.12,1.24,1.16,2.03,3.56,1.95,32.0,1.983,0.316,6.25
64000,298,915,10.8,1.2,0.9,0.3,8.5,0.1,1.37,15.9,637,426,22.49,7.37,325,312,278,0.1,1.30,1.43,1.40,3.23,3.01,6.32,31.4,0.888,0.396,8.02
64000,337,50,10.3,1.8,0.0,0.0,3.1,0.0,2.05,16.8,29,654,29.52,6.11,6,43,1,0.0,2.21,2.03,2.07,1.88,2.94,2.18,28.6,1.510,0.355,6.64
64000,340,41,30.6,3.2,0.0,0.0,9.5,0.0,2.00,19.2,37,843,42.53,14.70,7,26,8,0.0,1.87,3.08,1.81,3.41,6.71,3.10,31.7,1.919,0.478,9.17
64000,342,8,29.2,6.6,0.1,0.0,7.2,0.0,3.47,16.8,8,480,20.83,14.46,0,8,0,0.1,3.52,4.71,3.24,4.38,8.12,3.00,27.1,1.403,0.171,9.12
65000,249,3662,11.7,0.2,1.3,1.0,3.6,0.0,1.12,15.5,1787,269,9.12,6.27,1266,1348,1048,0.0,1.11,1.18,1.11,2.14,3.92,1.87,30.9,1.993,0.338,6.61
65000,298,821,9.6,1.3,0.7,0.2,7.7,0.1,1.37,17.5,556,428,21.69,7.28,314,253,254,0.1,1.36,1.40,1.38,2.94,2.92,5.55,31.6,0.871,0.406,8.10
65000,340,70,24.9,2.7,0.5,0.2,6.9,0.0,2.05,21.5,63,492,23.41,10.63,5,57,8,0.1,1.86,2.91,1.91,3.06,5.96,2.67,31.3,1.899,0.468,9.07
65000,348,37,6.2,0.0,0.0,0.0,3.4,0.0,1.00,27.9,14,366,11.95,4.73,1,26,10,0.0,1.00,1.00,1.00,1.68,1.76,2.35,34.3,1.802,0.618,9.00
65000,337,8,2.8,0.0,0.0,0.0,1.9,0.0,1.00,19.5,8,1365,39.71,9.51,1,6,1,0.0,1.00,1.00,1.00,1.00,1.38,1.38,31.1,1.477,0.354,6.25
65000,346,5,6.6,0.0,0.0,0.0,3.8,0.0,1.00,18.0,5,548,15.97,13.86,5,0,0,0.0,1.00,1.00,1.00,1.80,2.40,2.20,16.4,1.733,0.170,6.60
66000,249,3990,11.0,0.2,1.4,0.7,3.4,0.0,1.10,18.6,1843,286,8.87,7.42,1456,1397,1137,0.0,1.09,1.15,1.09,2.09,4.16,1.69,30.2,1.997,0.158,7.36
66000,298,552,10.1,1.7,0.8,0.1,7.3,0.1,1.49,17.5,399,459,22.68,7.69,126,217,209,0.2,1.46,1.54,1.53,2.97,2.68,5.93,33.8,0.883,0.396,8.08
66000,348,26,6.8,0.3,0.1,0.2,3.1,0.0,1.11,27.9,15,697,21.87,7.27,0,25,1,0.0,1.12,1.12,1.10,1.54,2.00,2.42,31.8,1.800,0.613,9.04
66000,340,18,35.9,3.8,1.0,0.7,9.8,0.0,2.28,17.8,18,870,37.51,10.45,4,14,0,0.2,1.49,3.79,2.12,4.33,8.22,3.50,28.1,1.931,0.397,9.17
66000,358,9,8.9,0.0,0.3,0.0,5.0,0.0,1.00,24.0,9,848,43.51,10.73,0,5,4,0.0,1.00,1.00,1.00,2.33,2.11,3.44,40.4,1.676,0.395,8.44
66000,373,5,10.9,0.0,0.0,4.2,3.8,0.0,1.00,27.6,5,1397,49.07,6.52,0,1,4,0.0,1.00,1.00,1.00,3.80,6.00,6.00,43.4,1.873,0.315,10.60
66000,359,5,3.8,0.0,0.2,0.0,1.8,0.0,1.00,13.2,5,1158,75.71,11.80,5,0,0,0.0,1.00,1.00,1.00,1.40,2.80,1.20,17.7,1.922,0.232,4.80
67000,249,4918,12.6,0.1,1.6,0.7,4.2,0.0,1.03,20.5,2349,268,9.50,8.49,1723,1630,1565,0.0,1.03,1.05,1.03,2.30,4.67,1.83,31.5,1.999,0.127,8.14
67000,298,345,7.2,1.0,0.5,0.1,5.7,0.1,1.32,19.5,263,424,23.91,7.22,58,143,144,0.1,1.25,1.28,1.43,2.72,2.23,5.64,36.4,0.881,0.419,8.16
67000,359,7,7.4,0.0,0.3,0.0,3.6,0.0,1.00,10.6,7,1058,47.06,8.58,7,0,0,0.0,1.00,1.00,1.00,2.00,3.57,1.71,18.3,1.917,0.252,4.86
67000,378,6,9.1,0.0,0.0,0.5,4.8,0.0,1.00,21.3,6,1039,65.61,15.30,0,1,5,0.0,1.00,1.00,1.00,1.83,4.00,2.00,45.8,1.777,0.273,8.00
68000,249,2741,11.6,0.0,1.2,0.7,4.2,0.0,1.01,21.4,1240,242,8.46,6.47,1145,803,793,0.0,1.01,1.02,1.01,2.08,3.94,1.79,29.6,1.999,0.207,8.06
68000,298,204,9.5,1.1,0.7,0.2,7.6,0.3,1.36,15.4,167,329,21.09,6.66,24,61,119,0.3,1.36,1.29,1.42,3.13,3.06,6.24,37.8,0.900,0.387,7.85
69000,249,2976,12.7,0.1,1.5,0.8,4.3,0.0,1.03,25.1,1509,283,8.14,7.89,1060,1176,740,0.0,1.07,1.03,1.03,2.59,6.69,1.76,30.0,2.000,0.198,9.37
69000,298,135,8.9,0.9,1.4,0.1,6.4,0.3,1.21,16.9,109,351,17.79,5.78,0,37,98,0.4,1.22,1.15,1.27,3.03,2.44,6.08,45.4,0.908,0.392,7.85
70000,249,1770,18.0,0.2,1.5,1.0,6.6,0.0,1.07,24.7,1204,442,16.40,9.31,738,652,380,0.0,1.14,1.04,1.07,3.01,7.37,2.24,28.7,2.000,0.223,9.95
70000,298,231,10.4,0.8,0.8,0.1,8.9,0.2,1.25,14.8,155,390,22.19,5.72,0,48,183,0.2,1.21,1.24,1.31,3.51,2.97,7.01,43.7,0.913,0.397,7.96
70000,490,6,9.3,0.3,0.0,0.0,4.0,0.0,1.29,10.3,6,419,20.10,9.05,6,0,0,0.0,1.00,1.33,1.42,1.67,3.00,2.00,22.1,1.998,0.260,4.83
71000,249,262,17.8,0.6,0.8,1.6,6.1,0.0,1.19,25.9,238,950,43.08,12.12,130,89,43,0.0,1.40,1.11,1.18,3.07,7.11,2.45,26.8,2.000,0.228,10.08
71000,298,126,9.5,0.9,0.9,0.1,7.7,0.2,1.21,16.6,114,667,30.85,7.17,0,27,99,0.2,1.17,1.22,1.22,3.20,3.11,6.27,44.2,0.906,0.382,7.99
72000,298,157,13.4,0.5,1.6,0.1,11.8,0.2,1.13,12.3,103,406,18.19,2.93,17,38,102,0.2,1.12,1.12,1.14,3.87,3.39,7.33,40.6,0.912,0.383,7.94
72000,249,18,35.4,1.2,2.1,2.2,12.2,0.0,1.42,18.6,18,943,37.72,7.26,17,1,0,0.0,1.97,1.42,1.32,4.06,8.89,2.56,19.2,2.000,0.253,9.83
73000,298,256,14.0,0.9,2.9,0.3,10.6,0.2,1.10,11.7,173,509,20.79,3.46,81,62,113,0.3,1.09,1.13,1.08,3.96,3.63,7.17,34.3,0.914,0.377,7.81
73000,562,5,64.8,0.0,0.0,0.0,32.4,0.0,1.00,3.6,4,682,60.62,9.35,0,5,0,0.0,1.00,1.00,1.00,6.40,6.60,6.60,31.2,2.000,0.232,6.60
74000,298,399,16.5,1.9,2.8,0.4,11.5,0.3,1.38,10.2,251,569,22.18,4.20,228,99,72,0.4,1.29,1.45,1.39,4.03,3.87,7.37,25.3,0.910,0.375,7.81
74000,600,352,19.4,0.0,2.1,0.0,7.6,0.0,1.00,25.6,249,882,24.48,11.55,245,86,21,0.0,1.00,1.00,1.00,3.22,7.59,2.32,19.3,2.000,0.169,10.40
74000,602,6,108.0,11.0,0.0,5.3,29.3,0.0,2.68,19.3,6,2181,95.56,4.72,0,6,0,0.0,4.44,1.50,2.64,6.67,14.67,6.50,29.1,2.000,0.616,14.83
75000,298,466,14.9,1.5,2.4,0.6,10.7,0.2,1.34,11.1,288,553,22.74,4.86,355,94,17,0.3,1.24,1.40,1.36,3.96,3.65,7.26,19.4,0.917,0.380,7.87
75000,600,159,19.5,0.0,2.0,0.1,7.7,0.0,1.00,25.6,113,757,21.00,10.24,133,21,5,0.0,1.00,1.00,1.00,3.11,7.66,2.12,16.2,2.000,0.189,10.30
76000,298,552,14.8,1.4,2.6,0.8,10.5,0.2,1.29,11.3,310,619,24.66,4.53,413,106,33,0.3,1.25,1.32,1.29,4.00,3.62,7.24,19.9,0.913,0.382,7.86
76000,600,19,17.5,0.0,1.7,0.0,7.0,0.0,1.00,25.8,14,1658,26.35,10.35,12,6,1,0.0,1.00,1.00,1.00,2.84,7.53,1.89,23.0,2.000,0.179,10.32
77000,298,949,14.9,0.9,3.1,0.5,11.1,0.2,1.21,10.5,458,478,21.39,3.82,583,218,148,0.2,1.18,1.20,1.24,4.02,3.78,7.16,24.9,0.917,0.379,7.82
77000,600,10,16.9,0.0,0.0,0.3,8.3,0.0,1.00,15.6,5,506,25.44,2.29,10,0,0,0.0,1.00,1.00,1.00,2.50,3.60,3.20,12.4,1.999,0.659,7.30
78000,298,1283,15.5,0.9,4.6,0.7,9.7,0.1,1.22,11.7,807,472,20.80,6.42,630,409,244,0.2,1.19,1.22,1.24,3.78,3.87,6.44,27.2,0.931,0.386,7.78
78000,656,243,26.5,0.0,3.8,1.0,9.0,0.0,1.00,29.6,147,461,13.54,9.97,176,37,30,0.0,1.00,1.00,1.00,3.97,9.98,3.16,20.6,2.000,0.108,12.58
78000,600,8,29.9,0.0,0.0,0.0,15.0,0.0,1.00,10.5,8,428,22.33,2.77,7,1,0,0.0,1.00,1.00,1.00,2.88,5.12,5.75,22.2,1.989,0.218,7.88
79000,298,1576,14.0,1.1,2.6,0.4,10.1,0.1,1.29,12.6,961,480,22.02,6.15,659,520,397,0.2,1.26,1.29,1.32,3.76,3.66,6.69,29.3,0.929,0.395,7.88
79000,656,665,23.0,0.0,3.8,0.4,7.5,0.0,1.00,24.5,437,347,8.05,10.26,289,240,136,0.0,1.00,1.00,1.00,3.46,7.78,2.69,27.4,2.000,0.162,10.60
80000,298,1766,12.6,1.1,1.4,0.5,9.7,0.1,1.30,13.7,1044,526,26.18,6.92,588,624,554,0.1,1.23,1.33,1.35,3.53,3.41,6.67,32.2,0.926,0.392,7.90
80000,656,1168,21.5,0.0,3.6,0.3,7.0,0.0,1.00,28.0,757,426,12.80,11.06,520,376,272,0.0,1.00,1.00,1.00,3.42,8.32,2.56,28.4,2.000,0.134,11.42
80000,665,49,21.7,0.0,1.9,0.0,8.9,0.0,1.00,19.9,44,914,32.17,9.44,32,8,9,0.0,1.00,1.00,1.00,3.45,7.29,2.39,22.8,2.000,0.202,9.33
81000,656,1960,18.6,0.0,2.5,0.3,6.7,0.0,1.00,30.1,1124,416,12.83,11.61,784,710,466,0.0,1.00,1.00,1.00,3.16,8.20,2.30,29.8,2.000,0.114,11.49
81000,298,1593,11.7,1.3,1.1,0.5,8.5,0.1,1.36,15.1,1029,591,33.82,9.52,563,604,426,0.1,1.33,1.37,1.38,3.34,3.30,6.37,30.8,0.929,0.394,7.90
81000,665,62,19.0,0.0,1.0,0.0,8.5,0.0,1.00,20.3,60,713,36.02,8.83,22,10,30,0.0,1.00,1.00,1.00,2.81,6.45,2.37,31.7,1.999,0.279,8.89
82000,656,3016,17.5,0.0,1.7,0.4,6.8,0.0,1.00,30.6,1601,384,13.45,10.72,958,1298,760,0.0,1.01,1.00,1.00,3.14,8.61,2.29,30.6,2.000,0.090,11.50
82000,298,1309,10.9,1.6,0.9,0.3,7.5,0.2,1.45,16.1,858,584,35.51,10.12,449,516,344,0.2,1.43,1.41,1.51,3.21,2.98,6.29,30.7,0.927,0.388,7.97
82000,665,20,10.3,0.0,1.2,0.1,3.8,0.0,1.00,17.3,19,659,24.73,11.78,19,1,0,0.0,1.00,1.00,1.00,2.10,4.80,1.60,11.5,2.000,0.143,7.25
83000,656,4352,13.8,0.0,1.6,0.2,5.2,0.0,1.00,30.0,2170,333,11.77,10.39,1390,1688,1274,0.0,1.00,1.00,1.00,2.81,7.74,1.97,31.3,2.000,0.170,10.82
83000,298,1012,9.5,1.6,0.6,0.3,6.4,0.1,1.47,17.6,686,596,34.17,9.85,430,306,276,0.2,1.47,1.43,1.55,2.94,2.83,5.66,29.4,0.923,0.403,7.94
83000,665,9,5.5,0.0,0.1,0.0,2.7,0.0,1.00,9.8,7,264,10.35,1.93,9,0,0,0.0,1.00,1.00,1.00,1.22,2.89,1.00,10.4,1.964,0.333,4.33
84000,656,4234,14.4,0.0,1.4,0.2,5.6,0.0,1.00,25.7,2143,382,14.45,10.37,1417,1513,1304,0.0,1.01,1.00,1.00,2.81,6.97,2.10,31.3,2.000,0.244,9.75
84000,298,595,12.4,2.5,0.7,0.3,7.7,0.2,1.76,16.2,454,572,32.33,9.30,213,184,198,0.2,1.66,1.76,1.92,3.18,3.10,6.06,31.9,0.912,0.398,7.95
85000,656,4053,13.9,0.0,1.4,0.3,5.4,0.0,1.01,23.3,1974,419,15.77,11.74,1295,1445,1313,0.0,1.02,1.01,1.01,2.75,6.69,2.01,32.1,2.000,0.291,9.14
85000,298,690,12.3,1.3,0.5,0.4,10.1,0.1,1.43,15.4,529,465,30.26,10.03,312,153,225,0.1,1.38,1.39,1.56,3.37,3.18,6.44,29.4,0.923,0.390,7.96
86000,656,4322,13.5,0.0,1.3,0.3,5.3,0.0,1.00,22.0,1955,490,18.50,13.24,1545,1523,1254,0.0,1.01,1.00,1.00,2.73,6.55,2.05,30.9,2.000,0.329,8.78
86000,298,569,12.3,1.4,0.8,0.3,9.5,0.1,1.42,15.2,455,507,36.83,11.15,236,141,192,0.1,1.32,1.41,1.54,3.45,3.33,6.44,31.8,0.925,0.387,7.99
87000,656,4265,13.2,0.0,1.5,0.3,4.9,0.0,1.01,20.3,1963,470,16.87,12.06,1346,1526,1393,0.0,1.02,1.01,1.00,2.69,6.49,1.97,32.0,2.000,0.330,8.29
87000,298,687,12.7,1.3,1.2,0.4,9.4,0.2,1.34,14.5,527,494,33.45,11.43,268,180,239,0.2,1.29,1.32,1.41,3.42,3.39,6.69,31.9,0.931,0.399,7.95
88000,656,3368,12.0,0.0,1.7,0.3,4.1,0.0,1.00,20.0,1503,560,17.93,12.86,1263,1176,929,0.0,1.01,1.00,1.00,2.63,6.58,1.78,30.1,2.000,0.341,8.10
88000,298,840,13.6,1.7,1.2,0.5,9.8,0.2,1.44,14.2,616,501,31.96,10.56,284,221,335,0.3,1.36,1.48,1.52,3.53,3.33,6.58,33.9,0.923,0.411,7.95
88000,745,6,9.0,0.0,1.7,0.0,2.8,0.0,1.00,19.0,6,1904,136.92,26.80,0,6,0,0.0,1.00,1.00,1.00,2.17,4.17,3.50,33.2,1.994,0.315,7.50
89000,656,2516,12.3,0.0,1.8,0.3,4.2,0.0,1.00,19.4,1065,700,20.54,14.50,877,901,738,0.0,1.00,1.00,1.00,2.64,6.67,1.81,30.5,2.000,0.344,8.05
89000,298,1247,12.6,1.5,1.0,0.5,9.2,0.2,1.41,14.6,849,453,30.94,10.06,372,431,444,0.2,1.32,1.42,1.48,3.43,3.33,6.76,33.8,0.931,0.404,7.98
90000,656,2210,12.7,0.0,1.8,0.3,4.4,0.0,1.00,18.9,897,606,17.63,13.14,722,938,550,0.0,1.00,1.00,1.00,2.66,6.79,1.74,29.5,2.000,0.350,7.98
90000,298,1220,12.4,1.4,1.0,0.3,9.5,0.2,1.35,14.7,852,583,37.08,11.04,409,419,392,0.2,1.32,1.34,1.40,3.51,3.31,6.68,31.6,0.932,0.399,7.99
91000,656,1555,13.7,0.0,1.7,0.9,4.7,0.0,1.00,21.7,685,556,15.84,12.72,648,609,298,0.0,1.00,1.00,1.00,2.94,7.66,1.95,28.1,2.000,0.345,8.96
91000,298,1328,12.5,1.3,1.0,0.3,9.4,0.2,1.35,14.2,913,521,30.14,8.90,565,373,390,0.2,1.33,1.34,1.38,3.58,3.37,7.01,30.0,0.944,0.393,8.01
91000,821,41,27.8,0.1,0.0,2.4,12.6,0.0,1.04,12.5,32,847,50.92,15.16,41,0,0,0.0,1.00,1.15,1.03,3.85,6.49,4.32,17.4,1.999,0.137,8.12
91000,816,10,31.3,2.9,0.0,0.0,9.9,0.0,2.09,6.8,10,1106,73.38,38.16,0,10,0,0.0,2.00,2.86,1.85,4.10,5.50,5.50,30.5,1.995,0.093,6.00
92000,656,1139,15.8,0.0,1.8,1.9,5.1,0.0,1.00,28.9,502,530,13.10,13.82,533,370,236,0.0,1.00,1.00,1.00,3.37,9.36,2.13,26.9,2.000,0.386,11.38
92000,298,767,13.1,1.5,1.7,0.4,8.9,0.3,1.38,13.8,571,596,29.83,6.02,358,162,247,0.3,1.38,1.36,1.41,3.61,3.48,6.77,28.9,0.956,0.384,7.93
92000,821,23,25.8,0.2,0.2,4.4,10.2,0.0,1.04,13.9,22,779,35.89,6.42,23,0,0,0.0,1.03,1.05,1.03,3.78,7.43,4.13,14.1,1.997,0.177,8.83
93000,298,771,13.0,1.0,2.0,0.2,9.6,0.3,1.23,13.0,522,632,28.57,4.84,428,211,132,0.3,1.23,1.20,1.25,3.70,3.39,6.90,25.2,0.954,0.375,7.84
93000,656,622,17.8,0.0,2.1,2.7,5.5,0.0,1.00,28.7,261,900,21.32,16.55,343,167,112,0.0,1.00,1.00,1.00,3.67,9.78,2.59,25.7,2.000,0.394,11.70
93000,821,8,20.1,0.0,0.0,5.1,7.5,0.0,1.00,16.0,8,1321,38.79,2.80,8,0,0,0.0,1.00,1.00,1.00,3.25,7.12,4.00,15.8,1.998,0.192,8.75
94000,298,524,13.8,1.3,2.4,0.5,9.6,0.4,1.27,12.7,362,739,29.62,4.93,358,103,63,0.4,1.31,1.19,1.31,3.82,3.37,7.11,21.7,0.936,0.377,7.91
94000,656,424,18.8,0.0,2.0,3.0,5.9,0.0,1.00,27.9,203,1035,26.05,14.74,333,67,24,0.0,1.00,1.00,1.00,3.77,9.77,2.73,18.7,2.000,0.386,11.63
94000,821,6,29.8,0.0,0.0,1.2,14.3,0.0,1.00,21.7,5,786,22.00,12.82,6,0,0,0.0,1.00,1.00,1.00,3.67,7.67,2.83,22.0,2.000,0.153,10.50
95000,298,426,14.6,1.4,2.3,0.4,10.2,0.3,1.30,11.8,297,705,26.70,5.14,331,75,20,0.4,1.33,1.21,1.36,3.85,3.47,7.18,19.3,0.934,0.396,7.85
95000,656,267,21.1,0.0,2.3,3.4,6.6,0.0,1.00,27.3,155,810,19.32,10.31,232,20,15,0.0,1.00,1.00,1.00,3.86,9.95,2.82,15.3,2.000,0.422,11.81
96000,298,498,14.6,1.5,2.0,0.5,10.4,0.3,1.36,10.9,258,614,23.85,3.38,359,116,23,0.3,1.41,1.27,1.41,3.88,3.23,7.39,21.4,0.925,0.396,7.74
96000,656,194,20.5,0.0,2.1,3.0,6.7,0.0,1.00,28.4,116,932,23.54,11.40,170,20,4,0.0,1.00,1.00,1.00,3.79,9.82,2.74,14.0,2.000,0.428,11.95
96000,902,73,10.6,0.1,0.1,0.0,10.9,0.0,1.05,16.3,58,396,23.28,3.76,69,4,0,0.0,1.05,1.05,1.06,3.47,2.85,8.32,10.0,0.952,0.413,8.89
97000,298,852,14.5,1.4,2.1,0.6,10.5,0.4,1.30,10.6,375,577,25.52,3.73,477,209,166,0.4,1.38,1.20,1.33,3.81,3.08,7.23,25.6,0.915,0.417,7.60
97000,656,161,23.3,0.0,2.1,2.6,8.2,0.0,1.00,27.9,102,968,24.81,11.86,132,13,16,0.0,1.00,1.00,1.00,3.86,10.01,2.94,18.1,2.000,0.462,12.16
97000,902,71,13.4,0.4,1.3,0.3,11.7,0.0,1.08,14.3,38,555,27.04,2.66,42,17,12,0.1,1.07,1.11,1.08,3.83,3.18,8.55,20.7,0.965,0.402,8.96
98000,298,1322,14.6,1.4,4.2,0.8,8.2,0.4,1.31,12.2,831,604,24.92,5.97,598,422,302,0.4,1.42,1.18,1.34,3.61,3.28,6.66,28.7,0.929,0.421,7.64
98000,656,358,18.3,0.0,2.2,1.3,6.3,0.0,1.00,29.7,174,444,10.69,9.89,237,61,60,0.0,1.00,1.00,1.00,3.52,9.83,2.13,23.4,2.000,0.392,11.89
98000,902,204,11.8,0.4,0.3,0.0,11.2,0.0,1.08,15.5,106,416,20.57,2.18,112,59,33,0.0,1.06,1.10,1.09,3.58,2.88,7.76,21.4,0.967,0.406,8.95
99000,298,1778,14.7,1.3,2.8,0.5,9.7,0.3,1.31,12.6,1098,588,25.30,5.78,642,625,511,0.3,1.37,1.23,1.36,3.76,3.34,7.15,30.6,0.952,0.416,7.99
99000,656,558,18.1,0.0,2.0,1.3,6.4,0.0,1.00,28.8,276,523,12.67,10.13,316,146,96,0.0,1.00,1.00,1.00,3.41,9.31,2.19,25.4,2.000,0.406,11.72
100000,298,1492,15.5,1.9,3.0,0.6,9.1,0.4,1.44,12.1,955,642,29.73,8.09,531,504,457,0.4,1.54,1.32,1.48,3.66,3.34,6.77,31.5,0.947,0.422,7.73
100000,656,848,17.3,0.0,2.1,1.4,5.8,0.0,1.00,30.4,407,582,14.06,11.73,365,299,184,0.0,1.00,1.00,1.00,3.39,9.44,2.13,28.3,2.000,0.389,11.90
101000,656,1477,17.7,0.0,1.9,1.4,6.3,0.0,1.00,29.6,749,553,16.82,10.40,563,491,423,0.0,1.00,1.00,1.00,3.47,9.63,2.36,30.3,2.000,0.396,11.83
101000,298,1204,14.1,1.9,2.6,0.5,8.2,0.4,1.49,13.2,888,842,44.21,11.10,384,398,422,0.4,1.59,1.34,1.57,3.47,3.18,6.57,32.8,0.943,0.432,7.66
102000,656,2116,17.3,0.0,1.9,1.6,5.9,0.0,1.00,30.0,1014,577,18.10,11.26,746,744,626,0.0,1.00,1.00,1.00,3.44,9.53,2.38,30.5,2.000,0.402,11.85
102000,298,2016,11.5,1.1,1.0,0.3,8.5,0.1,1.32,15.4,1390,712,40.23,9.98,653,722,641,0.2,1.35,1.25,1.38,3.32,3.10,6.98,31.8,0.958,0.418,8.16
103000,656,2902,17.5,0.0,1.8,1.3,6.3,0.0,1.00,29.8,1295,595,20.17,11.59,1038,1013,851,0.0,1.00,1.00,1.00,3.43,9.53,2.27,30.5,2.000,0.403,11.78
103000,298,1705,10.5,1.1,1.0,0.3,7.9,0.2,1.31,16.6,1210,617,34.23,8.93,548,598,559,0.2,1.35,1.26,1.35,3.22,2.94,6.83,31.6,0.946,0.421,8.26
104000,656,3114,17.3,0.0,1.7,1.1,6.4,0.0,1.00,29.5,1406,659,23.50,11.91,1022,1229,863,0.0,1.00,1.00,1.00,3.42,9.63,2.18,31.0,2.000,0.415,11.69
104000,298,1593,10.3,1.0,0.5,0.3,8.2,0.1,1.30,17.0,1093,566,32.47,8.17,535,504,554,0.1,1.30,1.26,1.36,3.25,3.03,7.12,31.7,0.953,0.421,8.43
105000,656,3129,17.8,0.0,1.7,1.2,6.6,0.0,1.00,29.0,1413,737,26.62,11.82,1068,1222,839,0.0,1.00,1.00,1.00,3.50,9.95,2.18,30.9,2.000,0.397,11.71
105000,298,1058,11.1,0.9,0.2,0.1,9.5,0.0,1.31,16.9,700,463,26.01,5.78,349,319,390,0.0,1.24,1.29,1.43,3.47,2.95,7.74,31.4,0.963,0.407,8.77
106000,656,3141,17.8,0.0,1.7,1.1,6.6,0.0,1.00,28.8,1466,709,25.87,11.68,1002,1178,961,0.0,1.00,1.00,1.00,3.46,9.70,2.26,31.6,2.000,0.409,11.62
106000,298,1153,11.7,1.3,0.2,0.1,9.2,0.0,1.42,16.1,737,500,28.15,6.86,364,344,445,0.0,1.33,1.40,1.60,3.41,3.06,7.57,33.2,0.979,0.394,8.65
107000,656,3005,19.2,0.0,1.7,1.2,7.2,0.0,1.00,28.2,1437,745,27.70,12.31,1024,1235,746,0.0,1.00,1.00,1.00,3.59,9.91,2.39,30.6,2.000,0.401,11.70
107000,298,1269,11.1,0.9,0.1,0.1,9.4,0.0,1.31,15.7,831,519,28.52,6.60,428,383,458,0.0,1.25,1.30,1.41,3.43,2.95,7.74,31.8,0.977,0.402,8.54
107000,946,9,18.2,0.0,0.0,2.7,7.8,0.0,1.00,25.1,9,981,92.49,17.27,1,8,0,0.0,1.00,1.00,1.00,3.67,8.11,4.00,28.0,2.000,0.837,11.33
108000,656,3000,19.2,0.0,1.8,1.1,7.2,0.0,1.00,28.2,1456,715,27.16,11.52,1089,1063,848,0.0,1.00,1.00,1.00,3.57,9.86,2.43,30.9,2.000,0.411,11.71
108000,298,1164,11.1,0.8,0.1,0.1,9.6,0.0,1.26,15.9,785,521,29.60,6.54,299,443,422,0.0,1.21,1.27,1.34,3.41,3.09,7.55,33.1,0.972,0.396,8.59
108000,946,11,12.7,0.0,0.0,2.7,5.0,0.0,1.00,33.6,11,1030,75.58,18.36,2,9,0,0.0,1.00,1.00,1.00,3.55,10.64,2.36,27.7,2.000,0.832,12.45
109000,656,2536,20.1,0.0,1.8,1.4,7.6,0.0,1.00,28.0,1224,772,29.93,11.69,844,906,786,0.0,1.00,1.00,1.00,3.71,10.17,2.47,31.2,2.000,0.414,11.80
109000,298,1105,11.4,0.8,0.4,0.2,9.5,0.0,1.29,15.2,730,530,30.25,6.29,351,398,356,0.0,1.25,1.27,1.39,3.59,3.28,7.78,31.4,0.983,0.392,8.53
109000,965,25,7.3,0.8,0.0,1.0,6.0,0.0,1.18,17.6,21,776,40.98,8.40,4,9,12,0.0,1.21,1.16,1.17,2.72,2.76,5.00,35.8,0.916,0.396,7.88
109000,967,12,7.3,0.0,0.0,0.0,3.7,0.0,1.00,33.3,7,895,32.60,6.80,10,1,1,0.0,1.00,1.00,1.00,1.33,2.92,1.75,19.8,2.000,0.720,10.67
110000,656,2322,21.3,0.0,1.8,1.6,8.0,0.0,1.00,27.0,1169,773,29.45,11.67,898,852,572,0.0,1.00,1.00,1.00,3.77,10.24,2.61,29.8,2.000,0.423,11.72
110000,298,964,11.0,0.6,0.3,0.1,9.7,0.0,1.20,15.7,653,636,35.78,7.94,347,308,309,0.0,1.17,1.20,1.25,3.45,3.16,7.80,30.8,0.982,0.399,8.60
110000,995,13,6.4,1.3,0.0,0.1,4.6,0.0,1.56,18.6,13,936,27.32,10.35,13,0,0,0.0,1.19,2.01,1.57,2.85,3.85,5.46,11.3,0.873,0.293,7.77
110000,965,5,13.7,3.8,0.0,0.6,6.8,0.0,1.92,14.0,5,1250,45.24,3.29,1,0,4,0.0,2.03,1.83,1.92,3.60,3.60,7.20,41.3,0.911,0.393,8.00
111000,656,1773,21.2,0.0,1.8,1.5,8.0,0.0,1.00,27.4,926,841,30.19,11.75,775,587,411,0.0,1.00,1.00,1.00,3.81,10.34,2.61,28.6,2.000,0.417,11.77
111000,298,819,12.3,0.7,0.3,0.2,10.7,0.0,1.22,14.9,537,588,33.29,6.91,304,288,227,0.0,1.18,1.21,1.28,3.69,3.39,7.99,30.5,0.986,0.397,8.69
112000,656,1230,21.6,0.0,1.8,1.9,8.0,0.0,1.00,27.3,630,887,28.81,11.55,616,343,271,0.0,1.00,1.00,1.00,3.93,10.49,2.73,27.0,2.000,0.418,11.88
112000,298,753,12.9,0.9,0.3,0.2,10.9,0.0,1.29,14.4,547,581,28.19,4.55,305,274,174,0.1,1.26,1.26,1.37,3.78,3.54,8.19,29.5,0.981,0.393,8.76
112000,965,16,15.6,0.8,0.0,6.1,11.8,0.0,1.15,12.5,9,419,19.30,7.21,0,0,16,0.0,1.00,1.25,1.20,3.50,3.38,6.75,47.9,0.973,0.415,8.00
113000,298,752,12.6,0.9,0.4,0.1,10.5,0.0,1.28,14.7,524,691,31.42,4.49,352,243,157,0.1,1.23,1.28,1.34,3.72,3.32,8.17,27.9,0.986,0.389,8.77
113000,656,706,21.2,0.0,1.9,1.7,7.9,0.0,1.00,27.3,357,1018,28.89,12.07,374,192,140,0.0,1.00,1.00,1.00,3.88,10.51,2.74,26.0,2.000,0.415,11.84
113000,965,10,13.1,1.2,0.0,3.1,9.2,0.0,1.34,12.2,6,897,26.49,1.85,0,0,10,0.0,1.12,1.35,1.45,3.70,3.10,6.60,47.9,0.979,0.414,7.80
113000,1038,5,104.0,0.0,0.0,36.0,34.0,0.0,1.00,16.8,5,1186,51.67,13.20,1,0,4,0.0,1.00,1.00,1.00,9.80,13.80,7.60,37.8,2.000,0.416,14.00
114000,298,463,12.9,0.8,0.2,0.1,10.8,0.0,1.25,15.0,339,873,37.87,4.91,285,112,66,0.1,1.20,1.24,1.32,3.76,3.57,8.18,24.7,1.002,0.396,8.90
114000,656,438,24.4,0.0,2.0,2.6,8.9,0.0,1.00,25.7,242,1044,32.19,12.42,311,71,56,0.0,1.00,1.00,1.00,4.20,10.75,3.01,21.0,2.000,0.428,11.85
114000,965,5,9.4,0.0,0.0,1.4,9.4,0.0,1.00,14.4,5,1510,44.88,2.71,0,1,4,0.0,1.00,1.00,1.00,2.80,2.60,6.80,47.2,0.934,0.412,8.00
115000,298,372,12.9,0.3,0.1,0.4,12.1,0.0,1.09,15.0,264,755,34.10,4.25,283,67,22,0.0,1.07,1.09,1.12,3.83,3.27,8.44,21.5,1.010,0.391,8.98
115000,656,291,24.4,0.0,1.9,3.1,8.7,0.0,1.00,24.9,176,820,25.62,11.45,249,35,7,0.0,1.00,1.00,1.00,4.04,10.07,3.27,15.4,2.000,0.434,11.56
116000,298,471,13.5,0.4,0.2,0.1,12.2,0.0,1.15,14.5,285,605,29.10,3.97,374,73,24,0.0,1.13,1.12,1.22,3.82,3.40,8.46,20.6,1.013,0.398,8.87
116000,656,193,22.9,0.0,2.3,2.9,7.7,0.0,1.00,26.5,111,867,26.65,11.68,162,22,9,0.0,1.00,1.00,1.00,3.93,9.81,2.61,16.0,2.000,0.431,11.58
117000,298,778,13.1,0.3,0.2,0.0,12.2,0.0,1.08,14.9,418,607,28.91,2.89,424,201,153,0.0,1.06,1.07,1.12,3.79,3.03,8.61,26.0,1.013,0.388,9.06
117000,656,222,21.5,0.0,2.3,1.3,7.8,0.0,1.00,27.3,105,661,18.95,12.60,162,38,22,0.0,1.00,1.00,1.00,3.93,10.21,2.50,19.6,2.000,0.417,11.74
117000,1071,5,24.0,0.0,1.6,0.0,10.4,0.0,1.00,30.4,2,1720,72.19,15.16,4,0,1,0.0,1.00,1.00,1.00,4.80,12.20,2.00,20.6,2.000,0.478,13.00
118000,298,1339,12.2,0.4,0.9,0.0,10.1,0.0,1.12,16.4,878,663,30.47,3.04,615,408,316,0.0,1.10,1.09,1.17,3.64,2.98,8.32,28.9,1.027,0.386,9.02
118000,656,436,16.2,0.0,2.0,1.2,5.5,0.0,1.00,30.9,181,492,11.98,11.92,227,140,69,0.0,1.00,1.00,1.00,3.37,9.57,1.97,25.4,2.000,0.373,11.88
119000,298,1692,11.7,0.4,1.2,0.1,9.2,0.0,1.12,16.7,1184,549,26.16,4.15,598,578,516,0.0,1.10,1.12,1.16,3.58,3.14,7.64,30.8,1.034,0.390,8.77
119000,656,909,15.2,0.0,2.1,1.1,5.0,0.0,1.00,31.0,350,504,11.50,12.89,449,319,141,0.0,1.00,1.00,1.00,3.24,9.51,1.90,26.3,2.000,0.384,11.79
120000,298,1718,10.5,0.5,0.4,0.0,8.8,0.0,1.15,18.7,1201,492,26.79,4.78,596,602,520,0.0,1.11,1.16,1.22,3.36,2.82,7.74,31.3,1.018,0.395,9.09
120000,656,1491,15.2,0.0,2.0,0.8,5.2,0.0,1.00,31.9,518,573,14.06,14.13,604,502,385,0.0,1.00,1.00,1.00,3.24,9.75,1.90,29.4,2.000,0.384,11.95
121000,298,1990,10.2,0.6,0.2,0.0,8.6,0.0,1.19,18.8,1298,530,31.20,5.21,632,660,698,0.0,1.13,1.22,1.25,3.32,2.68,7.86,32.3,1.014,0.391,9.07
121000,656,1887,16.1,0.0,2.0,0.7,5.7,0.0,1.00,30.7,727,667,20.62,13.26,664,698,525,0.0,1.00,1.00,1.00,3.28,9.63,1.96,30.3,2.000,0.391,11.83
121000,1081,38,9.5,0.0,1.9,0.0,2.8,0.0,1.00,29.2,11,411,10.33,10.56,16,17,5,0.0,1.00,1.00,1.00,2.45,6.66,1.13,29.2,2.000,0.549,10.11
122000,656,2474,16.6,0.0,1.9,0.9,5.9,0.0,1.00,30.3,935,645,21.29,12.50,899,948,627,0.0,1.00,1.00,1.00,3.31,9.68,1.96,30.0,2.000,0.387,11.84
122000,298,1960,9.9,0.5,0.3,0.0,8.6,0.0,1.18,19.3,1333,534,30.80,6.36,605,706,649,0.0,1.14,1.20,1.23,3.26,2.63,7.80,32.4,1.006,0.394,9.11
122000,1081,32,11.5,0.0,2.1,0.6,3.3,0.0,1.00,28.2,11,814,19.25,16.23,17,10,5,0.0,1.00,1.00,1.00,2.69,7.41,1.62,25.7,2.000,0.555,10.41
123000,656,2856,16.9,0.0,1.9,0.7,6.2,0.0,1.00,30.0,1146,624,21.99,12.10,1013,1025,818,0.0,1.00,1.00,1.00,3.38,9.82,1.95,31.0,2.000,0.387,11.82
123000,298,1875,10.3,0.6,0.3,0.0,8.8,0.0,1.21,19.3,1255,535,31.89,7.03,573,671,631,0.0,1.16,1.21,1.29,3.31,2.79,7.82,32.1,1.004,0.397,9.19
123000,1085,71,13.3,0.3,0.0,0.1,10.1,0.0,1.06,20.6,41,465,29.21,4.23,38,21,12,0.0,1.09,1.07,1.04,3.30,2.70,8.72,28.8,1.224,0.364,9.69
123000,1081,26,9.1,0.0,1.9,0.0,2.7,0.0,1.00,30.5,7,1220,24.75,24.72,12,6,8,0.0,1.00,1.00,1.00,2.38,7.00,1.04,28.5,2.000,0.571,10.42
124000,656,3127,17.0,0.0,1.8,0.7,6.3,0.0,1.00,29.8,1271,690,24.71,12.57,1100,1089,938,0.0,1.00,1.00,1.00,3.39,9.81,1.99,31.4,2.000,0.386,11.78
124000,298,1907,10.9,0.7,0.2,0.1,9.3,0.0,1.24,18.5,1285,496,29.45,6.52,605,621,681,0.0,1.19,1.25,1.32,3.40,2.83,7.83,32.0,1.002,0.397,9.13
125000,656,3021,17.8,0.0,1.9,0.9,6.6,0.0,1.00,29.5,1236,716,26.18,12.68,1127,938,956,0.0,1.00,1.00,1.00,3.48,9.98,2.18,31.2,2.000,0.387,11.82
125000,298,1915,11.3,0.7,0.2,0.1,9.6,0.0,1.22,18.8,1261,467,26.85,6.33,614,683,618,0.0,1.19,1.22,1.28,3.44,2.97,8.02,31.7,1.004,0.406,9.23
126000,656,3203,18.1,0.0,1.8,0.7,6.9,0.0,1.00,29.1,1302,698,26.37,12.73,1124,976,1103,0.0,1.00,1.00,1.00,3.48,10.04,2.20,32.1,2.000,0.392,11.78
126000,298,1655,11.3,0.8,0.4,0.1,9.2,0.0,1.26,19.2,1165,524,30.50,7.13,587,572,496,0.0,1.24,1.27,1.32,3.39,2.96,7.78,30.6,1.005,0.411,9.28
126000,1096,7,9.3,1.3,0.0,0.0,5.0,0.0,1.34,23.4,7,1041,47.88,11.59,0,6,1,0.0,1.20,1.47,1.33,2.14,2.43,3.43,36.3,1.214,0.417,8.57
127000,656,3151,17.4,0.0,1.8,0.7,6.6,0.0,1.00,29.3,1251,686,26.14,11.55,1124,950,1077,0.0,1.00,1.00,1.00,3.44,10.06,2.00,31.4,2.000,0.392,11.77
127000,298,1318,11.8,0.9,0.4,0.2,9.5,0.0,1.30,18.7,890,510,29.75,6.24,508,425,385,0.1,1.27,1.30,1.36,3.53,3.04,8.01,30.6,1.008,0.406,9.33
127000,1096,7,9.4,0.0,0.0,0.0,7.9,0.0,1.00,23.4,6,805,32.09,7.76,0,6,1,0.0,1.00,1.00,1.00,2.29,2.43,4.14,33.3,1.194,0.432,8.86
128000,656,2941,18.6,0.0,1.8,0.8,7.1,0.0,1.00,28.6,1274,719,28.00,11.36,988,984,969,0.0,1.00,1.00,1.00,3.52,10.09,2.14,31.8,2.000,0.395,11.75
128000,298,1183,12.2,0.6,0.3,0.1,10.6,0.0,1.22,17.9,830,543,32.98,8.06,494,379,310,0.0,1.21,1.22,1.25,3.63,3.16,8.10,29.3,1.010,0.412,9.34
129000,656,2724,18.3,0.0,1.9,0.7,6.9,0.0,1.00,28.8,1139,738,28.35,12.42,889,993,842,0.0,1.00,1.00,1.00,3.53,10.21,2.06,31.1,2.000,0.392,11.82
129000,298,1289,11.1,0.6,0.2,0.1,9.6,0.0,1.20,19.1,898,512,30.30,7.48,577,304,408,0.0,1.18,1.20,1.24,3.42,2.87,7.72,30.0,1.020,0.408,9.25
129000,1118,79,11.8,0.1,0.4,1.1,8.6,0.0,1.02,16.9,66,502,36.41,11.60,21,6,52,0.0,1.02,1.02,1.02,3.23,2.81,6.57,36.4,1.220,0.340,8.15
130000,656,2381,18.4,0.0,2.0,0.8,6.9,0.0,1.00,28.2,978,707,26.39,12.64,863,939,579,0.0,1.00,1.00,1.00,3.51,10.08,2.07,29.8,2.000,0.388,11.68
130000,298,1048,10.4,0.5,0.2,0.1,8.9,0.0,1.17,19.6,770,563,32.32,7.58,418,362,268,0.0,1.16,1.16,1.21,3.35,2.93,7.62,30.1,1.024,0.406,9.31
130000,1131,192,10.3,0.3,0.3,0.0,8.9,0.0,1.08,16.3,148,509,27.84,6.05,4,131,57,0.0,1.06,1.09,1.10,3.40,2.28,7.38,35.0,1.063,0.388,8.32
130000,1118,15,9.9,0.0,0.9,0.1,6.9,0.0,1.00,21.2,15,1055,62.26,18.22,5,7,3,0.0,1.00,1.00,1.00,3.00,2.73,6.07,29.9,1.259,0.343,8.60
131000,656,1816,20.2,0.0,1.9,0.9,7.8,0.0,1.00,27.1,840,788,28.60,13.08,782,641,393,0.0,1.00,1.00,1.00,3.69,10.20,2.41,28.4,2.000,0.389,11.61
131000,298,862,11.1,0.5,0.3,0.0,9.8,0.0,1.15,18.3,606,515,27.15,4.84,386,218,258,0.0,1.14,1.15,1.19,3.47,3.01,8.14,29.9,1.007,0.408,9.24
131000,1131,134,9.8,0.8,0.4,0.0,7.2,0.0,1.30,17.3,87,604,28.36,3.94,7,78,49,0.0,1.17,1.24,1.69,2.99,1.87,7.66,35.7,1.078,0.350,8.43
132000,656,1135,20.1,0.0,1.9,1.4,7.5,0.0,1.00,27.4,506,891,29.49,13.75,568,376,191,0.0,1.00,1.00,1.00,3.74,10.56,2.45,25.4,2.000,0.400,11.76
132000,298,917,12.5,0.7,0.2,0.0,10.7,0.0,1.21,17.6,650,555,29.20,4.71,403,267,247,0.0,1.18,1.20,1.29,3.66,3.18,8.44,29.5,1.004,0.406,9.33
132000,1131,147,10.2,0.4,0.1,0.1,8.4,0.0,1.12,16.2,88,655,28.30,2.93,23,71,53,0.0,1.07,1.11,1.16,3.29,1.82,8.04,33.5,1.091,0.345,8.52
133000,298,692,13.8,0.7,0.4,0.2,11.7,0.0,1.20,16.5,516,665,32.20,4.37,397,157,138,0.0,1.16,1.23,1.26,3.87,3.57,8.61,25.9,1.005,0.406,9.38
133000,656,636,22.4,0.0,2.1,1.5,8.3,0.0,1.00,26.1,300,1032,32.77,13.60,377,187,72,0.0,1.00,1.00,1.00,4.04,10.84,2.95,22.9,2.000,0.401,11.84
133000,1131,90,11.4,0.7,0.0,0.5,8.8,0.0,1.19,16.2,62,1056,40.35,3.15,25,28,37,0.0,1.20,1.09,1.24,3.30,1.92,8.02,32.9,1.089,0.344,8.46
134000,298,598,13.6,0.7,0.4,0.1,11.5,0.0,1.21,15.9,382,743,34.88,4.27,412,129,57,0.0,1.18,1.21,1.27,3.88,3.69,8.81,22.5,1.006,0.400,9.40
134000,656,353,20.8,0.0,1.9,2.0,7.5,0.0,1.00,27.2,171,1131,34.33,13.17,272,61,20,0.0,1.00,1.00,1.00,3.85,10.41,2.75,18.1,2.000,0.401,11.86
134000,1131,47,12.2,0.7,0.6,0.5,9.1,0.0,1.17,16.6,38,1237,41.68,2.77,25,9,13,0.0,1.24,1.06,1.17,3.36,2.04,7.68,27.1,1.089,0.334,8.49
135000,298,398,13.8,0.8,0.8,0.1,11.2,0.0,1.22,16.0,277,821,35.38,4.50,317,60,21,0.0,1.21,1.26,1.24,3.95,3.71,8.86,19.5,1.010,0.404,9.46
135000,656,222,20.7,0.0,2.2,2.4,6.9,0.0,1.00,27.7,127,875,26.47,11.32,189,23,10,0.0,1.00,1.00,1.00,3.86,10.42,2.55,14.6,2.000,0.393,11.92
135000,1131,66,11.3,0.1,0.0,0.0,10.4,0.0,1.02,16.0,36,421,20.07,1.45,58,6,2,0.0,1.02,1.02,1.04,3.32,2.15,8.42,15.6,1.077,0.379,8.89
136000,298,337,13.3,0.7,0.4,0.1,11.7,0.0,1.17,16.1,216,745,34.81,3.23,252,63,22,0.0,1.15,1.20,1.16,3.95,3.63,9.14,21.2,0.993,0.409,9.56
136000,656,231,21.3,0.0,2.4,1.9,7.3,0.0,1.00,27.3,115,665,18.00,12.03,214,12,5,0.0,1.00,1.00,1.00,3.99,10.97,2.49,14.2,2.000,0.414,11.95
136000,1131,160,12.1,0.4,0.8,0.0,9.8,0.0,1.12,15.6,86,419,19.99,1.84,132,19,9,0.0,1.10,1.11,1.17,3.49,2.23,8.49,16.9,1.074,0.376,8.79
137000,298,578,14.5,0.8,0.3,0.0,12.5,0.0,1.22,15.8,317,573,29.27,2.25,351,151,76,0.0,1.18,1.25,1.25,3.94,3.53,8.93,24.0,1.002,0.412,9.61
137000,1131,294,12.4,0.5,0.4,0.0,10.2,0.0,1.16,14.7,129,561,26.33,1.70,153,79,62,0.0,1.11,1.16,1.23,3.40,2.21,8.31,26.3,1.075,0.362,8.65
137000,656,224,21.3,0.0,2.3,1.1,7.8,0.0,1.00,27.4,112,713,19.29,15.38,157,38,29,0.0,1.00,1.00,1.00,3.81,10.89,2.39,20.3,2.000,0.419,11.88
138000,298,967,13.8,0.6,0.2,0.1,12.3,0.0,1.15,16.2,570,609,31.23,2.85,507,282,178,0.0,1.12,1.16,1.19,4.03,3.54,9.14,26.5,1.001,0.412,9.65
138000,1131,448,11.8,0.6,0.4,0.0,9.6,0.0,1.18,15.9,234,729,32.64,1.71,148,149,151,0.0,1.13,1.15,1.28,3.43,2.20,8.23,31.5,1.059,0.364,8.72
138000,656,306,22.5,0.0,2.6,2.2,7.5,0.0,1.00,26.7,142,597,13.84,15.19,199,51,56,0.0,1.00,1.00,1.00,3.78,10.37,2.44,22.8,2.000,0.410,11.65
139000,298,1138,12.1,0.5,0.1,0.0,10.8,0.0,1.13,18.5,762,631,31.96,4.17,550,411,177,0.0,1.10,1.12,1.16,3.73,3.20,8.70,26.7,1.011,0.415,9.69
139000,656,812,18.2,0.0,2.1,1.0,6.5,0.0,1.00,29.3,379,437,10.45,12.53,423,224,165,0.0,1.00,1.00,1.00,3.56,10.63,1.92,26.6,2.000,0.411,11.89
139000,1131,687,11.0,0.5,0.4,0.0,9.1,0.0,1.15,16.6,372,649,29.02,2.88,233,213,241,0.0,1.11,1.15,1.20,3.29,2.09,8.07,31.7,1.060,0.365,8.70
140000,656,1434,17.9,0.0,2.1,0.9,6.4,0.0,1.00,29.3,594,514,13.55,13.68,520,482,432,0.0,1.00,1.00,1.00,3.46,10.51,1.91,30.8,2.000,0.405,11.84
140000,298,1329,11.1,0.5,0.1,0.0,9.9,0.0,1.16,19.6,898,514,28.42,5.09,529,506,294,0.0,1.14,1.16,1.21,3.54,3.13,8.43,28.6,1.008,0.414,9.62
140000,1131,709,10.0,0.1,0.4,0.0,8.8,0.0,1.06,17.5,441,584,27.90,4.60,162,282,265,0.0,1.05,1.06,1.08,3.25,2.18,7.79,34.1,1.053,0.364,8.68
141000,656,2178,16.8,0.0,2.0,0.8,6.0,0.0,1.00,30.1,874,536,16.46,13.08,756,828,594,0.0,1.00,1.00,1.00,3.39,10.41,1.81,30.2,2.000,0.406,11.84
141000,298,1291,10.7,0.6,0.1,0.0,9.5,0.0,1.20,20.2,915,514,30.21,5.94,434,529,328,0.0,1.16,1.21,1.25,3.45,3.12,8.12,30.2,0.998,0.416,9.58
141000,1131,729,9.5,0.1,0.3,0.0,8.4,0.0,1.05,18.6,471,523,28.55,5.27,192,230,307,0.0,1.03,1.06,1.07,3.07,1.95,7.34,34.3,1.063,0.373,8.67
142000,656,2532,17.2,0.0,2.0,0.8,6.2,0.0,1.00,29.7,956,613,20.56,13.76,880,906,746,0.0,1.00,1.00,1.00,3.42,10.45,1.83,30.4,2.000,0.399,11.82
142000,298,1370,10.6,0.5,0.1,0.0,9.5,0.0,1.18,20.0,948,475,29.76,6.28,464,593,313,0.0,1.14,1.19,1.21,3.45,3.24,7.86,29.9,0.999,0.416,9.59
142000,1131,895,9.6,0.2,0.4,0.0,8.2,0.0,1.08,18.6,524,461,27.11,4.83,216,334,345,0.0,1.05,1.07,1.13,3.02,1.91,7.45,34.3,1.062,0.374,8.69
143000,656,2870,18.4,0.0,2.0,0.9,6.7,0.0,1.00,28.9,1151,642,23.19,12.76,906,1133,831,0.0,1.00,1.00,1.00,3.53,10.62,1.92,31.1,2.000,0.406,11.85
143000,298,1191,10.4,0.5,0.3,0.0,9.2,0.0,1.17,20.3,855,549,33.96,7.90,418,437,336,0.0,1.15,1.18,1.21,3.41,3.18,7.88,30.5,1.004,0.416,9.57
143000,1131,749,9.1,0.2,0.2,0.0,8.0,0.0,1.09,18.7,431,489,28.99,5.76,128,252,369,0.0,1.08,1.08,1.12,2.99,1.89,7.31,37.7,1.066,0.374,8.62
144000,656,2870,17.7,0.0,1.9,0.7,6.5,0.0,1.00,29.0,1118,671,24.51,13.33,897,1140,833,0.0,1.00,1.00,1.00,3.46,10.53,1.84,31.2,2.000,0.400,11.76
144000,298,2144,10.6,0.5,0.3,0.1,9.1,0.0,1.16,19.2,1412,470,28.72,6.42,688,790,666,0.0,1.13,1.17,1.20,3.32,2.94,7.71,31.5,1.020,0.401,9.19
145000,656,3132,18.2,0.0,1.9,0.6,6.9,0.0,1.00,28.1,1326,661,24.41,12.82,1102,1130,900,0.0,1.00,1.00,1.00,3.47,10.37,1.99,30.5,2.000,0.404,11.57
145000,298,1947,10.5,0.5,0.3,0.1,8.9,0.0,1.17,18.7,1289,483,29.18,6.79,638,662,647,0.0,1.14,1.16,1.23,3.44,3.07,7.89,32.0,1.017,0.403,9.12
146000,656,3178,18.6,0.0,1.8,0.6,7.2,0.0,1.00,28.0,1340,687,27.08,13.33,1111,1151,916,0.0,1.00,1.00,1.00,3.53,10.45,2.02,30.8,2.000,0.414,11.61
146000,298,1253,10.5,0.5,0.1,0.0,9.4,0.0,1.16,19.4,860,476,28.77,6.98,527,446,280,0.0,1.14,1.17,1.20,3.46,3.35,8.05,29.3,1.007,0.419,9.41
147000,656,3376,18.4,0.0,1.9,0.6,7.1,0.0,1.00,28.1,1364,637,25.38,12.79,1189,1066,1121,0.0,1.00,1.00,1.00,3.53,10.51,2.00,31.6,2.000,0.412,11.63
147000,298,1084,10.3,0.5,0.1,0.1,9.1,0.0,1.16,19.7,782,511,30.63,6.72,498,329,257,0.0,1.13,1.16,1.22,3.40,3.07,7.93,28.9,1.005,0.408,9.38
147000,1230,6,12.0,0.0,0.2,0.0,5.8,0.0,1.00,21.7,6,1290,68.39,8.78,0,4,2,0.0,1.00,1.00,1.00,2.83,5.83,2.00,37.5,2.000,0.291,8.50
148000,656,3121,18.8,0.0,1.8,0.7,7.2,0.0,1.00,27.8,1340,705,28.08,13.55,1061,1126,934,0.0,1.00,1.00,1.00,3.54,10.40,2.00,31.1,2.000,0.412,11.59
148000,298,1389,10.5,0.6,0.2,0.1,9.1,0.0,1.18,19.2,936,503,29.76,6.47,489,433,467,0.0,1.12,1.20,1.26,3.37,2.79,7.74,31.6,1.009,0.403,9.27
148000,1230,19,14.0,0.0,0.4,0.0,6.6,0.0,1.00,19.6,19,695,25.38,10.16,0,7,12,0.0,1.00,1.00,1.00,2.89,6.74,2.26,39.2,2.000,0.264,8.47
149000,656,2751,18.7,0.0,1.9,0.8,7.0,0.0,1.00,28.1,1175,726,28.17,12.46,943,1079,729,0.0,1.00,1.00,1.00,3.52,10.39,2.02,30.8,2.000,0.401,11.64
149000,298,1465,10.8,0.6,0.2,0.1,9.4,0.0,1.17,18.8,953,477,27.43,6.18,586,405,474,0.0,1.12,1.17,1.26,3.38,2.75,8.19,31.1,1.011,0.409,9.31
150000,656,2203,19.3,0.0,1.8,0.8,7.4,0.0,1.00,27.3,977,743,29.88,13.41,735,803,665,0.0,1.00,1.00,1.00,3.60,10.42,2.20,31.5,2.000,0.408,11.56
150000,298,1394,10.9,0.5,0.2,0.1,9.5,0.0,1.16,18.8,935,534,30.06,7.00,640,414,340,0.0,1.11,1.15,1.23,3.46,2.92,8.29,29.3,1.016,0.409,9.32
151000,656,1709,20.5,0.0,1.9,1.3,7.7,0.0,1.00,27.5,753,788,29.69,13.11,646,629,434,0.0,1.00,1.00,1.00,3.73,10.80,2.31,29.5,2.000,0.411,11.78
151000,298,935,11.6,0.6,0.1,0.1,10.2,0.0,1.17,18.4,663,583,31.94,6.52,412,351,172,0.0,1.14,1.17,1.26,3.64,3.12,8.42,28.3,1.015,0.409,9.40
152000,656,1108,20.7,0.0,1.9,1.0,7.9,0.0,1.00,27.8,497,867,31.63,14.56,536,324,248,0.0,1.00,1.00,1.00,3.74,10.92,2.22,27.1,2.000,0.410,11.86
152000,298,918,12.6,0.6,0.2,0.0,10.9,0.0,1.18,17.4,650,619,33.00,5.94,408,303,207,0.0,1.13,1.16,1.25,3.70,3.14,8.50,28.0,1.019,0.410,9.39
153000,298,663,12.9,0.8,0.3,0.0,11.0,0.0,1.23,17.2,479,738,36.21,5.44,338,213,112,0.0,1.19,1.23,1.29,3.65,3.16,8.63,26.2,1.006,0.404,9.44
153000,656,661,20.2,0.0,1.9,1.4,7.6,0.0,1.00,28.2,283,1006,29.08,16.11,377,180,104,0.0,1.00,1.00,1.00,3.82,11.07,2.17,24.1,2.000,0.410,11.97
154000,298,526,13.4,0.8,0.2,0.1,11.5,0.0,1.23,17.1,404,857,39.78,5.04,325,126,75,0.0,1.21,1.20,1.33,3.64,3.14,8.67,23.5,1.010,0.406,9.40
154000,656,383,21.5,0.0,2.0,1.6,8.0,0.0,1.00,26.9,187,946,25.44,14.69,293,54,36,0.0,1.00,1.00,1.00,3.84,10.81,2.26,19.3,2.000,0.410,11.81
155000,298,422,14.4,1.3,0.3,0.0,11.7,0.0,1.34,16.3,312,801,39.67,4.31,341,70,11,0.0,1.33,1.31,1.42,3.80,3.25,8.88,17.7,1.003,0.413,9.45
155000,656,230,21.4,0.0,2.1,2.2,7.5,0.0,1.00,27.0,114,949,26.54,14.98,199,29,2,0.0,1.00,1.00,1.00,3.98,11.15,2.52,15.8,2.000,0.414,11.88
155000,1278,35,11.0,0.0,0.0,0.0,10.2,0.0,1.00,16.2,17,420,24.24,1.17,32,3,0,0.0,1.00,1.00,1.00,3.54,1.97,8.54,19.7,1.088,0.376,9.00
156000,298,463,16.0,1.6,0.4,0.3,12.6,0.0,1.41,15.0,295,723,35.80,3.96,356,85,22,0.0,1.36,1.42,1.50,4.07,3.61,8.86,19.2,0.999,0.404,9.35
156000,656,176,21.9,0.0,2.1,2.6,7.5,0.0,1.00,27.2,85,841,24.09,13.45,160,8,8,0.0,1.00,1.00,1.00,3.96,10.91,2.52,15.9,2.000,0.425,11.91
156000,1278,30,10.5,0.0,0.0,0.0,9.6,0.0,1.00,16.2,12,649,35.34,2.23,15,12,3,0.0,1.00,1.00,1.00,3.13,1.83,8.63,26.1,1.088,0.384,9.00
157000,298,736,14.9,1.0,0.8,0.3,11.9,0.0,1.29,15.0,387,669,32.21,2.77,403,188,145,0.0,1.24,1.27,1.39,3.96,3.46,8.88,26.4,1.010,0.404,9.37
157000,656,199,20.6,0.0,2.0,1.7,7.5,0.0,1.00,27.4,77,824,23.45,9.33,173,14,12,0.0,1.00,1.00,1.00,3.87,11.43,2.22,18.3,2.000,0.408,11.96
157000,1278,91,11.7,0.2,0.5,0.0,10.0,0.0,1.07,16.6,30,511,25.40,1.60,44,21,26,0.0,1.04,1.04,1.24,3.49,1.90,8.58,28.2,1.079,0.366,8.97
157000,1288,14,16.7,0.4,2.3,0.8,12.0,0.1,1.09,15.3,10,1000,37.97,3.23,3,5,6,0.1,1.12,1.02,1.13,4.14,3.57,9.29,35.4,1.066,0.469,9.57
158000,298,1300,13.3,0.6,0.6,0.2,11.3,0.0,1.16,16.2,729,677,32.92,3.03,562,459,279,0.0,1.13,1.16,1.22,3.84,3.25,8.85,28.3,1.020,0.407,9.40
158000,656,290,19.4,0.0,2.3,1.0,6.9,0.0,1.00,28.0,123,678,19.02,12.12,196,62,32,0.0,1.00,1.00,1.00,3.72,11.14,2.09,21.8,2.000,0.409,11.86
158000,1278,44,14.2,0.2,0.3,0.0,12.4,0.1,1.07,15.5,26,600,30.29,1.84,13,15,16,0.1,1.08,1.03,1.09,3.32,2.23,8.39,35.2,1.074,0.324,8.93
159000,298,1770,12.4,0.5,0.3,0.1,10.9,0.0,1.16,17.1,1106,664,31.50,3.64,611,673,486,0.0,1.14,1.15,1.20,3.78,3.24,8.63,31.0,1.019,0.405,9.41
159000,656,635,19.0,0.0,2.3,1.3,6.5,0.0,1.00,27.6,291,547,15.00,13.16,376,171,88,0.0,1.00,1.00,1.00,3.65,10.90,2.33,23.6,2.000,0.407,11.78
160000,298,2156,10.7,0.4,0.2,0.1,9.4,0.0,1.14,19.4,1415,552,29.20,5.02,603,897,656,0.0,1.13,1.14,1.16,3.44,2.95,7.97,32.3,1.021,0.406,9.41
160000,656,1519,17.5,0.0,2.2,0.9,6.1,0.0,1.00,29.2,578,490,13.39,12.79,709,515,295,0.0,1.00,1.00,1.00,3.58,10.83,1.91,26.9,2.000,0.401,11.84
161000,298,2167,10.5,0.4,0.1,0.1,9.3,0.0,1.14,19.4,1410,509,29.47,5.73,679,837,651,0.0,1.13,1.14,1.18,3.38,2.91,7.95,31.8,1.026,0.409,9.38
161000,656,1987,17.5,0.0,2.1,1.1,6.1,0.0,1.00,29.0,750,573,16.64,13.55,774,629,584,0.0,1.00,1.00,1.00,3.53,10.75,2.01,29.5,2.000,0.399,11.83
162000,656,2493,17.8,0.0,2.1,0.9,6.4,0.0,1.00,28.6,991,593,20.22,13.05,828,862,803,0.0,1.00,1.00,1.00,3.50,10.63,2.01,30.9,2.000,0.405,11.74
162000,298,2148,10.4,0.5,0.1,0.0,9.0,0.0,1.17,19.8,1463,524,31.30,7.03,661,843,644,0.0,1.15,1.17,1.23,3.36,2.97,7.85,32.0,1.027,0.410,9.35
163000,656,2575,17.8,0.0,2.1,0.9,6.3,0.0,1.00,28.8,984,680,23.95,13.31,807,998,770,0.0,1.00,1.00,1.00,3.54,10.66,1.99,31.0,2.000,0.403,11.78
163000,298,2099,10.9,0.4,0.2,0.0,9.5,0.0,1.15,19.3,1387,504,30.26,6.91,691,759,649,0.0,1.14,1.15,1.18,3.34,3.10,7.60,31.9,1.028,0.406,9.28
163000,1297,10,40.7,0.0,1.6,7.5,15.0,0.0,1.00,26.2,7,895,78.89,22.17,10,0,0,0.0,1.00,1.00,1.00,5.90,11.90,5.90,13.8,2.000,0.339,14.50
164000,656,3066,19.0,0.0,2.0,0.9,7.0,0.0,1.00,27.8,1255,681,24.88,12.15,986,1062,1018,0.0,1.00,1.00,1.00,3.60,10.58,2.18,31.6,2.000,0.409,11.69
164000,298,1654,11.7,0.6,0.3,0.0,9.8,0.0,1.21,18.9,1203,588,35.09,8.49,522,635,497,0.0,1.18,1.21,1.28,3.46,3.16,7.81,31.9,1.035,0.415,9.27
165000,656,3287,18.6,0.0,1.9,0.9,6.9,0.0,1.00,27.9,1396,680,26.19,12.16,1146,1143,998,0.0,1.00,1.00,1.00,3.58,10.59,2.14,31.1,2.000,0.408,11.65
165000,298,1656,11.4,0.5,0.2,0.1,9.7,0.0,1.19,18.9,1137,495,30.19,7.20,636,566,454,0.0,1.17,1.18,1.27,3.42,3.08,7.91,30.9,1.030,0.410,9.31
165000,1297,9,29.6,0.0,1.0,4.7,11.4,0.0,1.00,26.9,9,964,50.70,31.16,9,0,0,0.0,1.00,1.00,1.00,4.44,11.33,5.56,17.5,2.000,0.299,13.56
165000,1300,6,11.0,0.0,0.0,0.0,5.5,0.0,1.00,44.3,6,1590,87.47,17.99,6,0,0,0.0,1.00,1.00,1.00,2.33,6.67,2.67,5.4,2.000,0.425,14.00
166000,656,3460,18.1,0.0,1.9,0.9,6.8,0.0,1.00,28.2,1396,685,27.04,12.61,1072,1248,1140,0.0,1.00,1.00,1.00,3.53,10.50,2.04,32.0,2.000,0.401,11.67
166000,298,1514,11.4,0.4,0.3,0.0,9.8,0.0,1.15,19.1,1119,510,30.89,7.18,583,466,465,0.0,1.13,1.14,1.22,3.48,3.11,7.92,31.1,1.031,0.408,9.42
167000,656,3246,19.1,0.0,1.9,0.9,7.2,0.0,1.00,27.6,1339,752,28.94,12.68,1053,1120,1073,0.0,1.00,1.00,1.00,3.63,10.69,2.16,31.6,2.000,0.404,11.66
167000,298,1345,11.8,0.7,0.3,0.0,9.7,0.0,1.22,18.9,999,542,33.22,7.97,504,433,408,0.0,1.18,1.24,1.29,3.48,3.33,7.75,31.4,1.035,0.402,9.36
167000,1306,26,7.8,1.3,0.1,0.0,4.7,0.0,1.56,20.4,19,897,47.26,5.79,26,0,0,0.0,1.78,1.42,1.54,2.88,2.85,7.88,18.1,1.053,0.403,8.35
168000,656,3157,19.3,0.0,1.9,1.1,7.2,0.0,1.00,27.4,1372,710,27.73,11.55,1094,1119,944,0.0,1.00,1.00,1.00,3.66,10.68,2.24,31.1,2.000,0.406,11.67
168000,298,1292,11.6,0.6,0.2,0.0,10.2,0.0,1.17,18.3,922,531,32.67,8.09,460,399,433,0.0,1.13,1.18,1.21,3.57,3.36,7.92,31.8,1.011,0.412,9.37
168000,1306,37,9.4,0.4,0.0,0.1,8.1,0.0,1.14,18.5,29,460,23.52,4.70,34,3,0,0.0,1.23,1.09,1.12,3.38,2.24,8.46,19.6,1.066,0.382,8.76
169000,656,2733,19.3,0.0,1.9,1.1,7.2,0.0,1.00,27.6,1217,728,28.47,12.09,997,969,767,0.0,1.00,1.00,1.00,3.66,10.60,2.28,30.0,2.000,0.407,11.70
169000,298,981,10.8,0.4,0.3,0.1,9.3,0.0,1.14,19.2,733,543,32.76,7.81,320,340,321,0.0,1.11,1.16,1.18,3.44,3.12,7.82,32.6,1.026,0.418,9.37
169000,1306,53,10.2,0.0,0.0,0.0,10.2,0.0,1.04,15.6,28,335,16.80,4.34,31,18,4,0.0,1.04,1.04,1.04,3.34,1.96,8.17,25.4,1.008,0.378,8.47
169000,1323,28,12.7,0.0,1.9,0.0,4.5,0.0,1.00,37.2,9,763,19.58,15.14,14,12,2,0.0,1.00,1.00,1.00,3.00,12.50,1.57,26.0,2.000,0.732,13.04
170000,656,2383,20.0,0.0,1.9,1.1,7.5,0.0,1.00,26.9,1114,727,27.34,12.48,871,898,614,0.0,1.00,1.00,1.00,3.69,10.60,2.39,30.0,2.000,0.409,11.59
170000,298,1024,11.8,0.6,0.2,0.0,10.4,0.0,1.18,18.2,670,496,27.88,5.96,367,290,367,0.0,1.14,1.20,1.24,3.61,3.08,8.40,32.3,1.008,0.405,9.43
170000,1323,18,14.4,0.0,1.5,0.6,5.4,0.0,1.00,37.4,10,705,19.79,12.88,17,0,1,0.0,1.00,1.00,1.00,3.39,12.72,1.44,20.8,2.000,0.724,13.33
170000,1306,9,11.8,0.0,0.0,8.9,7.7,0.0,1.00,15.1,5,329,28.26,1.77,0,9,0,0.0,1.00,1.00,1.00,3.67,5.89,6.00,29.5,0.933,0.353,8.89
170000,1324,6,37.0,0.0,0.0,0.0,18.5,0.0,1.00,32.0,5,693,35.53,1.53,6,0,0,0.0,1.00,1.00,1.00,4.67,14.50,2.67,10.3,2.000,0.331,14.67
171000,656,1811,20.2,0.0,1.9,0.9,7.8,0.0,1.00,27.3,812,787,30.45,13.40,813,612,386,0.0,1.00,1.00,1.00,3.73,10.74,2.38,27.6,2.000,0.406,11.73
171000,298,795,12.4,0.5,0.3,0.1,10.8,0.0,1.14,18.0,586,524,29.70,5.59,252,255,288,0.0,1.10,1.15,1.19,3.81,3.34,8.67,33.0,1.016,0.412,9.52
171000,1323,8,17.6,0.0,1.8,4.1,5.0,0.0,1.00,34.2,4,564,12.60,10.77,3,1,4,0.0,1.00,1.00,1.00,4.62,12.88,2.12,30.3,2.000,0.712,13.12
171000,1337,5,9.0,0.0,0.0,1.0,4.0,0.0,1.00,10.0,5,1491,86.21,52.43,5,0,0,0.0,1.00,1.00,1.00,2.20,2.60,3.60,21.4,1.999,0.152,5.00
172000,656,1352,20.4,0.0,2.0,1.0,7.7,0.0,1.00,26.9,627,821,29.37,13.49,721,371,260,0.0,1.00,1.00,1.00,3.82,10.78,2.48,25.7,2.000,0.405,11.70
172000,298,646,11.6,0.6,0.3,0.1,9.8,0.0,1.17,19.0,483,629,32.45,4.95,247,177,222,0.0,1.14,1.16,1.24,3.56,3.14,8.55,31.6,1.016,0.414,9.55
172000,1323,13,17.6,0.0,1.8,4.5,4.8,0.0,1.00,31.7,6,574,15.59,9.84,10,2,1,0.0,1.00,1.00,1.00,4.46,12.31,3.92,24.7,2.000,0.754,13.15
172000,1342,5,7.9,1.4,0.0,0.8,3.2,0.0,1.40,21.2,4,1291,47.92,5.14,0,1,4,0.0,1.57,1.07,1.50,2.40,5.00,3.00,46.9,1.231,0.354,8.00
173000,656,659,21.0,0.0,2.1,1.0,7.8,0.0,1.00,26.7,296,966,30.64,14.27,410,145,104,0.0,1.00,1.00,1.00,3.86,11.07,2.34,23.4,2.000,0.407,11.74
173000,298,531,12.5,0.5,0.3,0.0,11.0,0.0,1.14,18.2,397,698,32.15,4.35,258,145,128,0.0,1.11,1.13,1.20,3.88,3.46,8.85,27.9,1.007,0.410,9.65
173000,1352,52,17.8,0.0,3.1,0.0,13.1,0.0,1.00,18.3,48,733,38.00,3.89,13,30,9,0.0,1.00,1.00,1.00,4.40,4.29,8.54,31.1,1.089,0.341,9.85
173000,1323,7,17.0,0.0,1.6,3.9,5.0,0.0,1.00,31.1,3,1195,26.37,24.89,5,2,0,0.0,1.00,1.00,1.00,4.00,13.00,2.86,19.4,2.000,0.746,13.00
174000,656,430,22.8,0.0,2.1,1.7,8.5,0.0,1.00,25.5,203,889,27.37,12.89,341,58,31,0.0,1.00,1.00,1.00,4.11,10.93,2.67,18.1,2.000,0.423,11.61
174000,298,421,13.7,0.7,0.3,0.0,11.6,0.0,1.20,17.8,304,714,31.58,3.09,274,85,62,0.0,1.17,1.19,1.26,3.77,3.28,8.89,23.1,1.023,0.419,9.67
174000,1352,53,20.2,0.6,0.4,0.0,16.8,0.0,1.14,16.4,40,824,39.45,2.92,32,14,7,0.0,1.04,1.17,1.17,4.74,4.32,9.62,27.6,1.089,0.346,9.98
174000,1358,14,7.7,0.0,0.0,0.8,5.9,0.0,1.00,19.0,12,933,34.62,1.49,2,3,9,0.0,1.00,1.00,1.00,3.00,2.36,7.00,41.2,1.204,0.371,8.07
174000,1323,8,15.2,0.0,1.5,2.5,4.9,0.0,1.00,32.5,4,1288,18.60,17.79,4,3,1,0.0,1.00,1.00,1.00,3.75,12.50,2.50,29.0,2.000,0.727,12.62
175000,298,371,15.0,0.7,0.4,0.0,12.8,0.0,1.15,16.5,251,703,33.97,3.25,300,60,11,0.0,1.14,1.14,1.16,4.13,3.78,9.22,19.1,1.027,0.419,9.71
175000,656,169,23.2,0.0,2.1,2.2,8.4,0.0,1.00,25.8,82,1155,30.73,16.17,135,29,5,0.0,1.00,1.00,1.00,4.09,11.04,2.63,18.7,2.000,0.424,11.73
175000,1364,42,11.1,0.3,0.6,0.0,8.9,0.0,1.07,16.0,22,647,29.27,3.00,32,7,3,0.1,1.05,1.04,1.16,3.48,2.14,8.55,21.2,1.094,0.384,8.76
175000,1352,29,22.1,0.6,4.6,0.0,14.8,0.0,1.16,15.7,25,996,53.43,6.46,18,10,1,0.0,1.16,1.16,1.17,4.76,4.48,9.66,22.4,1.071,0.349,10.07
176000,298,418,15.5,0.7,1.0,0.0,12.5,0.1,1.18,15.8,252,633,30.23,2.88,331,72,15,0.1,1.18,1.16,1.20,4.06,3.69,9.18,19.1,1.022,0.421,9.69
176000,656,147,24.0,0.0,3.0,1.8,8.1,0.0,1.00,25.9,74,779,19.98,11.79,121,16,10,0.0,1.00,1.00,1.00,4.10,10.86,2.77,17.1,2.000,0.399,11.77
176000,1364,46,11.7,0.0,0.1,0.0,11.2,0.0,1.00,14.8,22,596,24.75,1.84,28,14,4,0.0,1.00,1.01,1.00,3.59,2.09,8.39,23.2,1.048,0.406,8.59
176000,1352,36,19.7,0.4,4.1,0.0,13.3,0.0,1.18,16.6,28,1002,44.18,7.76,27,7,2,0.0,1.16,1.16,1.20,4.08,4.39,9.11,19.1,1.055,0.342,10.00
176000,1323,7,99.3,0.0,9.9,13.0,33.3,0.0,1.00,17.1,5,428,45.39,4.39,7,0,0,0.0,1.00,1.00,1.00,8.00,15.14,6.57,12.9,2.000,0.542,15.14
177000,298,736,14.3,0.6,0.8,0.1,12.0,0.0,1.13,16.0,424,578,29.28,2.77,449,172,115,0.1,1.13,1.12,1.17,4.05,3.51,9.00,24.4,1.016,0.412,9.57
177000,656,308,20.4,0.0,2.3,1.2,7.3,0.0,1.00,28.6,140,525,13.54,11.62,249,33,26,0.0,1.00,1.00,1.00,3.64,9.83,2.31,19.7,2.000,0.399,11.74
177000,1364,87,11.0,0.0,0.0,0.0,10.0,0.0,1.00,16.5,37,587,26.93,1.32,23,38,26,0.0,1.00,1.00,1.00,3.21,1.93,8.23,33.1,1.094,0.372,8.86
177000,1375,47,8.4,1.2,0.0,0.0,5.9,0.0,1.47,22.2,34,587,23.49,2.40,26,13,8,0.0,1.33,1.46,1.67,2.83,2.11,8.77,24.7,1.021,0.439,9.40
177000,1352,22,21.2,1.4,1.0,0.0,16.0,0.0,1.44,17.2,19,1170,52.78,8.36,12,5,5,0.0,1.41,1.41,1.51,4.32,4.45,9.23,29.8,1.067,0.346,10.23
178000,298,1057,12.0,0.5,0.3,0.0,10.6,0.0,1.13,17.9,651,588,28.85,2.84,481,380,196,0.0,1.11,1.12,1.18,3.75,3.13,8.86,27.2,1.018,0.417,9.53
178000,656,517,17.0,0.0,2.0,0.9,6.0,0.0,1.00,29.2,237,552,14.41,12.55,361,105,51,0.0,1.00,1.00,1.00,3.34,9.10,2.10,21.2,2.000,0.438,11.44
178000,1364,203,10.4,0.1,0.0,0.0,9.6,0.0,1.02,17.1,87,609,29.00,0.93,30,67,106,0.0,1.00,1.02,1.03,3.24,1.87,8.24,38.1,1.071,0.360,8.83
178000,1352,26,20.6,1.9,2.6,0.0,12.7,0.2,1.55,17.8,23,809,36.80,7.84,10,10,6,0.2,1.56,1.55,1.55,4.81,4.92,9.15,33.3,1.070,0.366,10.35
179000,298,1269,11.0,0.4,0.3,0.1,9.7,0.0,1.12,19.6,931,544,27.97,3.30,580,407,282,0.0,1.11,1.11,1.15,3.59,3.13,8.41,27.8,1.022,0.413,9.51
179000,656,1019,14.0,0.0,2.1,0.8,4.4,0.0,1.00,31.5,353,531,11.05,14.34,484,335,200,0.0,1.00,1.00,1.00,3.13,8.92,1.83,27.0,2.000,0.417,11.57
179000,1364,331,9.7,0.2,0.3,0.0,8.4,0.0,1.07,18.6,214,592,26.28,1.78,48,99,184,0.0,1.06,1.07,1.08,3.07,1.95,7.76,39.4,1.071,0.359,8.79
179000,1352,61,21.8,1.2,4.0,0.0,13.3,0.0,1.34,17.5,41,588,33.40,6.35,15,37,9,0.0,1.36,1.36,1.33,5.08,4.59,9.39,32.0,1.094,0.349,10.11
180000,656,1576,13.8,0.0,2.0,0.7,4.5,0.0,1.00,31.5,484,630,13.71,15.27,672,554,350,0.0,1.00,1.00,1.00,3.07,8.91,1.73,28.7,2.000,0.417,11.52
180000,298,1321,10.4,0.4,0.4,0.0,9.0,0.0,1.14,20.0,945,472,26.16,3.77,530,482,309,0.0,1.12,1.13,1.17,3.38,2.89,7.98,28.8,1.020,0.418,9.44
180000,1364,524,9.9,0.2,0.2,0.0,8.5,0.0,1.09,18.5,319,421,21.78,2.81,53,154,317,0.0,1.06,1.08,1.14,3.07,2.02,7.68,40.1,1.081,0.367,8.73
180000,1352,64,15.7,1.2,1.0,0.0,11.2,0.0,1.40,21.8,61,624,37.42,7.00,23,33,8,0.0,1.39,1.38,1.44,4.27,4.72,8.95,30.1,1.075,0.360,10.27
181000,656,2195,13.8,0.0,2.0,0.9,4.5,0.0,1.00,31.4,720,644,16.54,14.18,784,874,537,0.0,1.00,1.00,1.00,3.08,8.80,1.85,30.5,2.000,0.423,11.53
181000,298,1489,10.0,0.4,0.4,0.0,8.6,0.0,1.13,20.4,1029,442,26.56,4.92,584,578,327,0.0,1.11,1.13,1.18,3.30,2.83,7.66,29.0,1.024,0.417,9.38
181000,1364,637,9.4,0.3,0.2,0.1,7.9,0.0,1.12,18.9,406,477,26.64,4.66,78,206,353,0.0,1.09,1.10,1.21,2.94,2.01,7.38,39.6,1.075,0.363,8.63
181000,1352,67,15.7,1.2,1.3,0.0,10.5,0.0,1.45,22.1,57,677,34.07,10.37,30,31,6,0.0,1.43,1.42,1.52,3.87,4.27,7.96,28.7,1.088,0.354,10.28
182000,656,2458,14.4,0.0,1.9,0.9,4.9,0.0,1.00,30.9,872,693,19.67,14.17,893,918,647,0.0,1.00,1.00,1.00,3.12,8.92,1.92,30.3,2.000,0.420,11.49
182000,298,2045,10.2,0.5,0.3,0.0,8.6,0.0,1.15,19.8,1328,485,28.65,5.56,725,682,638,0.0,1.13,1.13,1.20,3.22,2.63,7.71,31.1,1.041,0.403,9.18
182000,1352,113,14.9,0.5,0.7,0.0,11.9,0.0,1.21,20.1,90,554,34.48,12.47,21,54,38,0.0,1.21,1.21,1.23,4.20,3.61,8.75,34.0,1.086,0.381,9.86
183000,656,2674,14.4,0.0,1.8,0.7,5.0,0.0,1.00,30.5,974,712,20.75,13.98,975,959,740,0.0,1.00,1.00,1.00,3.12,8.98,1.89,30.5,2.000,0.420,11.47
183000,298,1495,11.1,0.7,0.2,0.1,9.4,0.0,1.21,19.9,1056,523,31.41,7.03,622,534,339,0.0,1.19,1.19,1.28,3.42,3.03,7.77,28.9,1.019,0.412,9.40
184000,656,3045,15.6,0.0,1.9,1.0,5.5,0.0,1.00,30.0,1118,696,22.12,12.98,975,1144,926,0.0,1.00,1.00,1.00,3.24,9.25,2.00,31.3,2.000,0.422,11.53
184000,298,1369,11.1,0.6,0.2,0.1,9.5,0.0,1.22,19.2,972,475,26.78,6.05,577,434,358,0.0,1.19,1.19,1.33,3.36,2.76,7.88,29.4,1.010,0.414,9.35
185000,656,3094,16.3,0.0,1.8,0.9,5.9,0.0,1.00,29.6,1246,709,24.37,12.44,1002,1178,914,0.0,1.00,1.00,1.00,3.28,9.46,2.07,31.5,2.000,0.420,11.57
185000,298,2075,11.0,0.8,0.2,0.1,9.0,0.0,1.25,19.0,1349,481,26.74,6.00,734,627,714,0.0,1.20,1.24,1.34,3.28,2.74,7.70,31.8,1.034,0.401,9.14
186000,656,3192,16.7,0.0,1.8,0.7,6.2,0.0,1.00,29.2,1260,708,25.53,12.76,1130,1195,867,0.0,1.00,1.00,1.00,3.36,9.71,2.06,30.6,2.000,0.422,11.59
186000,298,1166,11.8,0.7,0.1,0.2,10.1,0.0,1.24,19.1,854,493,31.86,7.82,394,430,342,0.0,1.21,1.22,1.31,3.44,3.02,7.81,30.8,1.021,0.419,9.35
186000,1392,5,29.1,5.8,0.0,0.0,14.6,0.0,2.35,13.6,5,1335,143.67,84.06,0,5,0,0.0,1.00,3.13,2.64,3.80,3.80,6.60,30.3,1.085,0.348,8.40
187000,656,3268,17.0,0.0,1.8,0.7,6.3,0.0,1.00,28.3,1444,686,25.48,12.25,1156,1273,839,0.0,1.00,1.00,1.00,3.37,9.73,2.06,30.6,2.000,0.418,11.43
187000,298,1095,11.8,0.6,0.2,0.1,10.4,0.0,1.19,18.7,809,540,34.31,8.42,395,360,340,0.0,1.16,1.19,1.25,3.49,3.19,7.68,30.8,1.010,0.421,9.34
188000,656,2825,17.7,0.0,1.9,0.9,6.5,0.0,1.00,28.0,1232,745,28.00,13.08,1014,1043,768,0.0,1.00,1.00,1.00,3.45,9.92,2.10,30.4,2.000,0.415,11.47
188000,298,1469,11.5,0.5,0.3,0.1,10.0,0.0,1.17,18.5,1041,522,30.96,6.92,443,545,481,0.0,1.14,1.16,1.25,3.44,3.00,7.69,32.1,1.026,0.408,9.17
188000,1404,58,15.8,1.0,0.3,0.2,12.9,0.0,1.33,16.4,39,564,36.93,7.36,38,19,1,0.0,1.30,1.28,1.45,4.07,3.62,8.79,25.3,1.044,0.365,9.28
189000,656,2626,17.4,0.0,1.9,0.8,6.4,0.0,1.00,28.4,1096,715,26.46,12.34,981,902,743,0.0,1.00,1.00,1.00,3.43,10.01,2.10,30.1,2.000,0.415,11.55
189000,298,1087,11.9,0.6,0.3,0.1,10.1,0.0,1.21,18.4,742,466,29.84,7.44,389,295,403,0.0,1.19,1.20,1.28,3.49,3.41,7.76,32.1,1.017,0.404,9.29
189000,1404,89,11.9,0.0,0.0,0.0,11.1,0.0,1.00,20.2,64,459,30.41,9.75,44,45,0,0.0,1.00,1.00,1.00,3.74,2.97,8.55,25.6,1.069,0.350,9.54
190000,656,2312,18.0,0.0,1.8,1.1,6.7,0.0,1.00,28.1,1005,737,25.55,13.09,903,826,583,0.0,1.00,1.00,1.00,3.50,9.98,2.20,29.1,2.000,0.417,11.57
190000,298,896,13.0,0.8,0.5,0.0,10.8,0.0,1.24,18.8,695,580,35.50,8.20,277,309,310,0.0,1.21,1.26,1.30,3.64,3.24,7.92,32.6,1.010,0.411,9.46
190000,1404,98,11.2,0.3,0.1,0.0,9.7,0.0,1.10,20.6,66,492,23.87,6.01,46,51,1,0.0,1.08,1.05,1.20,3.55,2.82,8.56,25.9,1.057,0.352,9.41
190000,1420,7,13.9,0.0,0.0,2.7,14.6,0.0,1.00,15.7,7,373,37.72,8.62,0,5,2,0.0,1.00,1.00,1.00,4.29,7.00,8.29,37.1,0.869,0.446,10.00
191000,656,1825,18.1,0.0,2.0,1.0,6.6,0.0,1.00,28.0,813,746,25.79,12.93,735,649,441,0.0,1.00,1.00,1.00,3.50,10.06,2.10,28.7,2.000,0.411,11.55
191000,298,765,13.4,1.0,0.1,0.1,11.0,0.0,1.30,18.2,567,568,32.28,5.87,235,273,257,0.0,1.26,1.32,1.34,3.83,3.57,8.19,31.5,1.023,0.409,9.62
191000,1404,109,17.0,0.5,1.9,0.0,12.6,0.0,1.14,16.3,87,586,30.00,6.82,84,19,6,0.0,1.07,1.13,1.24,4.34,4.23,8.45,22.7,1.090,0.349,9.46
191000,1430,10,10.0,0.0,0.0,0.0,9.5,0.0,1.00,16.2,10,1010,133.69,41.65,9,1,0,0.0,1.00,1.00,1.00,3.50,5.80,6.70,23.1,1.064,0.367,8.60
192000,656,1194,18.1,0.0,1.9,0.8,6.7,0.0,1.00,27.9,504,881,28.48,14.40,582,382,230,0.0,1.00,1.00,1.00,3.60,10.39,2.13,26.1,2.000,0.413,11.60
192000,298,606,13.5,0.9,0.2,0.0,11.2,0.0,1.25,17.9,457,689,36.20,5.25,166,236,204,0.0,1.20,1.27,1.32,4.00,3.53,8.73,33.1,1.025,0.413,9.75
192000,1404,91,15.0,0.8,0.6,0.0,11.2,0.0,1.26,17.0,73,550,29.13,6.45,87,3,1,0.0,1.20,1.22,1.40,3.96,3.71,8.62,17.7,1.121,0.361,9.38
193000,656,792,18.2,0.0,2.1,1.1,6.5,0.0,1.00,28.0,330,912,26.15,14.75,479,202,111,0.0,1.00,1.00,1.00,3.62,10.35,2.16,22.4,2.000,0.415,11.64
193000,298,493,12.0,0.8,0.4,0.0,9.8,0.0,1.21,19.4,423,818,38.59,4.73,189,151,153,0.0,1.18,1.24,1.23,3.59,3.19,8.28,30.6,1.028,0.406,9.64
193000,1448,114,13.3,1.6,0.1,0.0,8.9,0.0,1.45,17.2,85,927,43.42,6.40,69,16,29,0.0,1.24,1.45,1.83,3.54,2.82,8.03,25.8,1.101,0.366,8.94
193000,1404,103,13.8,0.9,0.0,0.0,10.7,0.0,1.31,18.0,76,562,29.90,5.33,91,11,1,0.0,1.28,1.21,1.46,3.64,3.10,8.40,19.0,1.110,0.351,9.38
194000,656,474,19.3,0.0,2.0,0.9,7.2,0.0,1.00,28.4,215,948,25.33,14.86,343,87,44,0.0,1.00,1.00,1.00,3.67,10.55,2.20,19.3,2.000,0.431,11.83
194000,298,186,13.4,1.5,0.1,0.0,10.2,0.0,1.42,19.4,157,1050,44.67,4.50,74,64,48,0.0,1.42,1.38,1.51,3.69,3.31,8.90,29.4,1.006,0.414,10.00
194000,1404,82,15.4,1.0,1.6,0.1,10.5,0.2,1.29,19.7,72,699,35.53,4.31,65,16,1,0.2,1.30,1.19,1.40,3.88,3.07,8.49,21.3,1.090,0.354,9.63
194000,1448,41,12.2,1.1,0.0,0.0,8.9,0.0,1.40,19.7,36,971,43.10,4.38,26,9,6,0.0,1.23,1.35,1.75,3.20,2.07,7.90,24.0,1.117,0.333,9.12
195000,656,267,20.6,0.0,2.5,1.2,7.2,0.0,1.00,25.6,146,880,24.23,10.65,232,29,6,0.0,1.00,1.00,1.00,3.80,10.40,2.45,16.0,2.000,0.424,11.39
195000,298,116,13.4,0.5,0.5,0.0,11.7,0.0,1.14,17.7,93,807,36.34,3.41,75,40,1,0.0,1.13,1.12,1.20,3.97,3.94,9.03,21.7,1.010,0.412,9.97
195000,1448,92,10.5,0.3,0.8,0.0,8.2,0.0,1.13,17.5,65,635,24.93,1.84,84,4,4,0.0,1.09,1.11,1.20,3.15,2.09,7.97,19.1,1.074,0.387,8.71
195000,1404,72,16.4,0.2,2.2,0.0,12.1,0.0,1.12,15.8,55,686,35.23,3.89,57,10,5,0.0,1.11,1.11,1.14,4.39,3.57,8.90,23.0,1.099,0.348,9.49
196000,656,269,20.0,0.0,2.1,1.4,7.2,0.0,1.00,26.1,137,786,21.57,9.47,224,36,9,0.0,1.00,1.00,1.00,3.80,10.78,2.47,15.5,2.000,0.415,11.55
196000,1448,111,9.6,0.0,0.0,0.0,9.1,0.0,1.00,16.3,71,618,26.70,1.66,85,21,5,0.0,1.00,1.00,1.00,3.20,2.00,7.79,20.6,1.048,0.401,8.54
196000,1404,90,19.1,0.3,3.2,0.0,13.6,0.0,1.07,13.8,68,710,36.62,3.95,59,26,5,0.2,1.04,1.09,1.10,4.73,4.21,8.73,24.5,1.089,0.347,9.26
196000,298,81,12.7,0.3,0.2,0.0,12.0,0.0,1.12,17.7,53,774,33.13,2.32,49,28,4,0.0,1.12,1.12,1.12,3.85,3.20,8.64,23.6,0.997,0.428,9.77
197000,656,248,22.2,0.0,2.3,1.4,8.1,0.0,1.00,26.1,137,883,25.88,11.62,208,27,13,0.0,1.00,1.00,1.00,4.01,10.85,2.63,15.6,2.000,0.409,11.69
197000,298,181,14.6,0.5,0.1,0.0,13.4,0.0,1.14,15.1,102,614,30.64,2.22,70,73,38,0.0,1.12,1.14,1.16,4.06,3.64,9.38,28.8,1.007,0.417,9.73
197000,1404,163,21.1,0.4,1.8,0.0,17.3,0.0,1.09,12.3,105,674,38.36,4.07,77,54,32,0.1,1.06,1.11,1.10,4.97,4.38,8.81,28.2,1.062,0.342,9.21
197000,1448,129,11.0,0.1,0.8,0.0,9.6,0.0,1.00,15.3,81,747,31.62,1.79,61,34,34,0.1,1.00,1.00,1.01,3.10,2.22,7.84,27.0,1.038,0.411,8.46
198000,656,476,20.7,0.0,2.2,1.9,7.2,0.0,1.00,27.7,227,547,15.55,12.62,316,106,54,0.0,1.00,1.00,1.00,3.75,10.37,2.41,21.1,2.000,0.406,11.72
198000,298,304,15.2,1.3,0.2,0.0,12.4,0.0,1.40,15.5,199,564,27.69,2.93,128,114,62,0.0,1.35,1.36,1.53,4.18,3.60,9.02,29.2,1.004,0.419,9.60
198000,1404,279,18.6,0.2,3.8,0.1,12.9,0.0,1.06,15.0,211,668,36.67,6.48,126,82,71,0.1,1.05,1.07,1.08,4.65,4.41,8.81,29.8,1.072,0.351,9.40
198000,1477,229,10.5,0.2,0.1,0.0,10.2,0.0,1.06,10.8,113,776,36.94,1.76,96,75,58,0.0,1.05,1.05,1.09,3.59,2.67,6.62,29.9,0.999,0.313,7.10
198000,1448,200,9.1,0.0,0.4,0.0,8.4,0.0,1.01,16.4,134,732,30.18,2.58,95,48,57,0.0,1.00,1.02,1.01,2.99,2.18,7.39,28.7,1.030,0.405,8.43
198000,1475,179,11.5,0.8,0.1,0.0,9.7,0.0,1.18,16.7,113,526,24.62,1.95,127,29,23,0.0,1.09,1.23,1.22,3.28,2.53,7.84,18.2,1.024,0.397,8.91
199000,656,1098,18.4,0.0,2.2,1.3,6.4,0.0,1.00,28.8,444,454,12.80,12.05,549,365,184,0.0,1.00,1.00,1.00,3.64,10.46,2.05,26.7,2.000,0.412,11.75
199000,298,393,13.2,0.8,0.5,0.1,10.9,0.0,1.26,17.8,307,612,31.57,3.79,78,197,118,0.0,1.24,1.27,1.31,3.92,3.38,8.80,32.9,1.009,0.406,9.67
199000,1404,357,15.9,0.1,2.3,0.1,12.1,0.0,1.02,17.4,302,634,35.24,6.87,115,149,93,0.0,1.02,1.02,1.03,4.25,3.90,8.51,31.7,1.070,0.358,9.53
199000,1477,311,9.3,0.4,0.1,0.0,8.6,0.0,1.13,12.1,195,779,35.09,2.64,112,99,100,0.0,1.14,1.11,1.16,3.32,2.48,6.22,31.2,0.990,0.315,7.05
199000,1448,248,9.0,0.0,0.1,0.0,8.5,0.0,1.01,17.4,172,596,25.54,2.26,138,53,57,0.0,1.01,1.01,1.01,3.01,2.13,7.34,26.5,1.042,0.406,8.51
199000,1475,135,11.7,1.3,0.0,0.0,8.7,0.0,1.31,18.5,108,631,28.27,2.65,110,7,18,0.0,1.11,1.41,1.37,3.14,2.64,7.44,17.4,1.026,0.407,8.94
200000,656,1441,18.3,0.0,2.1,1.2,6.4,0.0,1.00,28.7,605,582,17.50,12.71,596,498,347,0.0,1.00,1.00,1.00,3.53,10.33,2.07,29.4,2.000,0.406,11.74
200000,1477,458,10.2,0.5,0.2,0.1,8.9,0.0,1.19,12.6,268,577,29.90,5.95,152,166,140,0.0,1.17,1.15,1.27,3.27,2.46,6.49,32.0,1.005,0.323,7.22
200000,298,451,12.2,0.9,0.1,0.0,10.2,0.0,1.29,18.9,317,563,33.36,5.12,88,195,168,0.0,1.31,1.33,1.31,3.70,3.34,8.66,34.2,1.011,0.403,9.65
200000,1404,412,15.4,0.4,0.8,0.3,12.7,0.0,1.09,17.7,328,619,42.25,11.22,140,132,140,0.1,1.11,1.09,1.08,4.25,3.90,8.26,32.3,1.055,0.358,9.55
200000,1448,333,9.6,0.3,0.2,0.1,8.5,0.0,1.10,17.2,201,431,18.66,2.33,192,55,86,0.0,1.07,1.08,1.20,3.13,2.20,7.69,23.1,1.030,0.405,8.64
200000,1475,85,14.8,2.8,0.2,0.0,8.8,0.0,1.72,16.6,69,565,25.89,3.51,42,37,6,0.0,1.51,1.86,1.86,3.29,3.13,7.16,22.6,1.017,0.390,8.82
