step,lineage,size,mass,hard,muscle,sensor,digestive,bite,shell,open,bodies,age,plant,meat,p0,p1,pnone,bite_any,shell_front,shell_back,shell_side,foot,len_fwd,len_side,height,density,digest,side
5000,1,1141,35.2,0.9,1.8,5.5,28.0,0.0,1.20,5.2,520,1186,72.43,36.02,321,490,330,0.0,1.24,1.20,1.20,5.11,6.46,6.54,33.8,1.011,0.472,7.77
5000,22,147,36.5,0.1,16.9,0.4,17.7,0.0,1.01,1.2,108,1086,59.54,34.92,62,34,51,0.0,1.01,1.02,1.00,5.03,6.19,6.19,31.0,1.041,0.488,6.48
5000,15,86,39.2,0.1,0.0,25.7,23.4,0.0,1.01,0.3,27,1561,78.18,32.87,51,35,0,0.0,1.00,1.00,1.01,6.59,7.05,7.07,21.9,1.071,0.465,7.14
5000,44,62,35.3,1.1,0.9,7.2,32.5,0.0,1.31,5.6,36,761,59.72,28.17,0,3,59,0.0,1.27,1.38,1.30,5.68,6.06,7.95,45.3,0.900,0.605,8.35
5000,31,51,18.4,0.0,4.2,0.0,13.3,0.0,1.00,14.9,21,984,44.76,12.00,34,17,0,0.0,1.00,1.00,1.00,4.06,5.31,6.25,21.8,1.056,0.658,9.10
5000,3,51,54.1,0.1,0.5,12.1,46.0,0.0,1.02,4.1,28,1435,130.48,56.77,29,22,0,0.0,1.00,1.04,1.02,8.20,9.80,8.45,21.8,0.977,0.429,10.04
5000,20,36,36.7,1.6,0.0,3.0,30.9,0.0,1.26,5.1,20,840,59.99,31.01,0,24,12,0.0,1.00,1.50,1.28,4.36,5.28,7.00,39.4,1.035,0.598,7.42
5000,43,32,16.5,0.0,0.8,0.0,18.8,0.0,1.00,12.3,22,1039,45.40,33.51,32,0,0,0.0,1.00,1.00,1.00,3.81,5.59,5.34,6.8,0.821,0.415,8.28
5000,17,31,39.8,1.8,0.0,7.1,30.9,0.0,1.41,0.0,11,1211,108.05,80.75,0,1,30,0.0,1.00,1.78,1.43,5.06,6.29,6.29,45.4,1.044,0.643,6.29
5000,13,30,31.5,0.0,0.0,0.0,26.6,0.0,1.00,0.0,6,134,14.75,0.79,0,26,4,0.0,1.00,1.00,1.00,4.47,5.23,5.23,37.1,1.183,0.498,5.23
5000,2,27,22.6,0.0,3.3,0.0,15.4,0.0,1.00,11.8,9,438,40.32,14.39,27,0,0,0.0,1.00,1.00,1.00,3.56,4.67,6.00,9.5,1.191,0.494,8.00
5000,96,23,22.3,0.0,0.0,21.3,13.1,0.0,1.00,0.5,9,1129,52.97,12.25,0,0,23,0.0,1.00,1.00,1.00,4.91,6.04,5.78,48.7,0.937,0.279,6.04
5000,16,18,23.5,1.2,1.4,0.0,15.2,0.0,1.28,9.1,10,1944,11.71,6.52,8,10,0,0.0,1.37,1.07,1.35,3.83,5.56,6.06,24.1,1.236,0.474,7.28
5000,63,18,55.9,1.8,0.0,0.5,40.7,0.0,1.47,0.7,9,1216,119.35,100.46,0,17,1,0.0,1.51,1.47,1.44,6.00,6.61,6.94,35.4,1.259,0.570,6.94
5000,101,16,54.3,0.0,21.8,0.0,24.5,0.0,1.00,0.9,9,1217,73.89,13.77,0,0,16,0.0,1.00,1.00,1.00,5.56,6.81,6.88,53.2,1.173,0.451,7.06
5000,109,15,16.5,1.0,0.0,3.4,15.9,0.0,1.62,11.9,15,1367,93.60,55.77,0,0,15,0.0,1.55,1.68,1.62,3.67,4.73,4.93,48.9,0.839,0.410,7.80
5000,118,15,83.7,0.0,6.2,0.0,76.7,0.0,1.00,0.0,7,1693,203.18,91.91,15,0,0,0.0,1.00,1.00,1.00,8.93,9.13,9.13,7.2,1.009,0.635,9.13
5000,41,14,12.8,0.4,0.6,1.5,11.7,0.0,1.15,9.7,11,1355,69.90,61.26,14,0,0,0.1,1.00,1.46,1.12,3.50,6.29,3.93,15.6,0.924,0.685,7.29
5000,66,11,25.4,0.0,6.5,0.0,19.2,0.0,1.00,5.8,11,1748,60.29,32.34,3,8,0,0.0,1.00,1.00,1.00,4.45,6.00,5.64,24.6,0.972,0.487,7.18
5000,49,11,17.8,0.0,0.2,0.0,19.0,0.0,1.00,13.5,7,1141,37.90,31.69,0,0,11,0.0,1.00,1.00,1.00,3.09,3.00,6.27,43.9,0.907,0.650,8.00
5000,35,10,19.5,2.0,0.0,0.0,17.8,0.0,1.55,9.0,4,1740,56.82,35.95,0,10,0,0.0,1.63,1.51,1.52,3.60,5.50,5.20,32.2,0.897,0.372,7.60
5000,71,10,92.8,0.0,0.6,63.3,41.7,0.0,1.00,0.0,4,1718,125.71,27.79,0,10,0,0.0,1.00,1.00,1.00,10.70,10.30,10.30,30.7,1.257,0.482,10.30
5000,70,10,31.1,0.0,0.0,0.0,36.0,0.0,1.00,0.0,1,1292,93.02,100.23,0,0,10,0.0,1.00,1.00,1.00,5.00,6.00,6.00,42.8,0.865,0.351,6.00
5000,24,9,18.5,0.0,0.0,20.0,10.8,0.0,1.00,3.8,4,1311,58.87,7.31,0,0,9,0.0,1.00,1.00,1.00,5.56,7.11,5.22,48.1,0.884,0.646,7.11
5000,37,8,32.8,4.5,3.0,8.2,26.8,0.0,1.73,2.5,6,1230,151.09,70.03,0,8,0,1.0,2.46,1.00,1.73,5.25,6.75,6.75,36.1,0.784,0.463,7.38
5000,88,7,42.0,0.0,0.0,0.0,51.0,0.0,1.00,0.0,4,1435,138.68,77.47,0,3,4,0.0,1.00,1.00,1.00,5.43,7.14,7.14,39.0,0.827,0.635,7.14
5000,108,6,39.5,0.0,12.8,36.2,11.2,0.0,1.00,0.0,4,1861,60.04,23.20,6,0,0,0.0,1.00,1.00,1.00,5.83,8.00,8.00,12.6,0.938,0.529,8.00
5000,79,6,74.1,0.0,16.3,7.2,31.3,0.0,1.00,1.3,5,1924,36.92,15.56,6,0,0,0.0,1.00,1.00,1.00,7.67,8.33,9.00,16.8,1.420,0.688,9.00
5000,56,6,89.4,9.3,1.3,0.0,71.7,0.0,2.52,3.7,3,1790,159.84,73.61,6,0,0,0.0,2.45,3.24,2.19,8.50,11.00,10.50,16.4,0.976,0.776,11.00
5000,42,5,68.0,4.6,5.0,0.8,49.8,1.4,1.86,0.4,2,1925,78.80,38.89,0,4,1,1.4,2.54,1.00,1.94,8.80,8.00,7.80,39.2,1.056,0.504,8.00
5000,30,5,35.2,0.0,21.6,0.0,1.2,0.0,1.00,3.6,2,1960,7.05,11.84,0,5,0,0.0,1.00,1.00,1.00,4.20,4.40,5.80,33.0,1.525,0.279,6.00
6000,1,1078,34.9,0.9,2.4,6.6,26.5,0.0,1.21,5.7,509,1692,88.19,34.53,297,449,332,0.0,1.25,1.18,1.22,5.22,6.60,6.46,34.1,1.010,0.474,7.91
6000,22,168,35.6,0.1,15.5,0.4,17.9,0.0,1.01,1.5,119,1389,63.53,34.72,67,35,66,0.1,1.01,1.02,1.01,4.87,6.12,6.04,31.5,1.052,0.491,6.44
6000,31,94,14.9,0.0,1.6,0.0,12.4,0.0,1.00,18.2,44,1009,32.93,9.96,51,43,0,0.0,1.00,1.00,1.00,3.64,4.24,5.71,22.3,1.077,0.662,9.24
6000,15,87,39.4,0.1,0.0,26.0,23.5,0.0,1.01,0.3,27,2530,114.33,40.30,51,36,0,0.0,1.00,1.00,1.01,6.60,7.06,7.08,22.0,1.071,0.466,7.15
6000,44,83,29.1,1.8,1.7,4.8,25.0,0.0,1.48,7.1,52,960,65.41,29.20,0,2,81,0.1,1.38,1.66,1.45,4.88,6.06,6.31,44.4,0.882,0.667,7.95
6000,3,46,51.9,0.1,0.4,12.8,43.1,0.0,1.02,4.6,29,2384,187.87,61.74,24,22,0,0.0,1.00,1.04,1.02,7.93,9.67,8.52,22.1,0.979,0.428,10.02
6000,24,45,18.7,0.2,0.0,14.2,13.7,0.0,1.02,7.8,28,527,36.31,7.00,0,13,32,0.0,1.02,1.04,1.02,4.64,6.11,4.67,42.2,0.883,0.618,7.33
6000,49,36,12.0,0.1,0.0,0.0,13.2,0.0,1.06,12.8,13,506,23.91,12.94,0,0,36,0.0,1.09,1.00,1.07,2.81,2.53,5.92,47.7,0.875,0.612,7.42
6000,17,35,43.1,3.5,0.0,5.5,30.8,0.0,1.78,0.0,17,1543,118.07,80.09,0,2,33,0.0,1.32,2.40,1.70,4.91,6.29,6.29,45.7,1.056,0.638,6.29
6000,130,33,40.3,0.0,19.5,0.0,12.5,0.0,1.00,4.8,15,1674,70.62,28.02,0,0,33,0.0,1.00,1.00,1.00,5.27,6.45,6.00,43.3,1.259,0.663,7.42
6000,20,30,44.6,4.4,0.0,4.2,32.6,0.0,1.81,4.9,20,1759,101.61,41.44,0,18,12,0.0,1.00,2.43,1.91,4.90,5.77,7.20,39.8,1.025,0.612,7.70
6000,43,29,24.3,1.2,1.1,1.3,24.3,0.0,1.44,8.9,20,712,67.19,19.67,28,1,0,0.0,1.50,1.49,1.39,4.86,6.55,6.10,7.7,0.835,0.462,8.28
6000,2,25,21.3,0.0,3.0,0.0,14.7,0.0,1.00,12.6,10,1319,75.46,17.11,25,0,0,0.0,1.00,1.00,1.00,3.48,4.52,5.80,9.6,1.188,0.496,8.00
6000,101,19,51.7,0.0,21.4,0.0,22.8,0.0,1.00,0.8,11,1955,125.88,38.34,0,0,19,0.0,1.00,1.00,1.00,5.16,6.68,6.79,53.0,1.169,0.456,6.95
6000,118,17,83.4,0.0,5.7,0.0,76.9,0.0,1.00,0.0,7,2431,296.98,116.30,17,0,0,0.0,1.00,1.00,1.00,9.00,9.12,9.12,7.9,1.009,0.634,9.12
6000,96,17,22.6,0.0,0.0,21.4,13.2,0.0,1.00,0.2,9,2309,109.90,20.36,0,0,17,0.0,1.00,1.00,1.00,4.88,6.06,5.94,48.9,0.941,0.282,6.06
6000,63,16,53.9,2.3,0.4,0.6,37.8,0.2,1.59,1.0,11,2138,154.75,107.02,0,15,1,0.2,1.66,1.52,1.59,5.88,6.44,6.94,35.2,1.259,0.573,6.94
6000,13,16,29.5,0.0,0.4,0.3,24.2,0.0,1.00,0.2,8,1187,107.68,74.32,0,13,3,0.0,1.00,1.00,1.00,4.06,5.06,5.19,37.8,1.194,0.511,5.19
6000,16,15,20.5,0.3,1.7,0.0,14.3,0.0,1.06,9.5,9,2908,14.86,7.43,7,8,0,0.0,1.00,1.09,1.08,3.80,5.67,6.20,23.8,1.240,0.470,7.33
6000,137,13,70.9,5.3,1.6,43.3,33.7,0.0,1.73,0.0,5,2900,162.25,29.20,3,10,0,0.0,2.48,1.00,1.73,9.77,9.15,9.15,26.4,1.048,0.387,9.15
6000,71,12,91.6,0.0,0.5,63.6,40.6,0.0,1.00,0.0,4,2328,187.18,23.42,0,12,0,0.0,1.00,1.00,1.00,10.42,10.25,10.25,31.2,1.258,0.478,10.25
6000,109,11,13.1,1.4,0.0,0.1,12.3,0.0,1.84,15.3,11,2200,120.64,52.47,0,0,11,0.0,1.75,1.93,1.84,3.27,3.82,4.00,49.0,0.850,0.406,7.73
6000,70,9,31.1,0.0,0.0,0.0,36.0,0.0,1.00,0.0,1,2288,132.21,100.94,0,0,9,0.0,1.00,1.00,1.00,4.89,6.00,6.00,42.9,0.865,0.351,6.00
6000,37,7,33.1,4.0,2.9,7.9,28.1,0.0,1.67,2.3,5,1993,150.16,77.31,0,7,0,0.9,2.34,1.00,1.67,6.00,6.71,6.71,36.4,0.795,0.463,7.29
6000,108,6,39.5,0.0,12.8,36.2,11.2,0.0,1.00,0.0,4,2861,132.84,50.01,6,0,0,0.0,1.00,1.00,1.00,5.83,8.00,8.00,12.6,0.938,0.529,8.00
6000,56,6,89.4,9.3,1.3,0.0,71.7,0.0,2.52,3.7,3,2790,273.03,114.71,6,0,0,0.0,2.45,3.24,2.19,8.67,11.00,10.50,16.4,0.976,0.776,11.00
6000,42,5,68.0,4.6,5.0,0.8,49.8,1.4,1.86,0.4,2,2925,105.37,52.33,0,4,1,1.4,2.54,1.00,1.94,9.00,8.00,7.80,39.2,1.056,0.504,8.00
6000,30,5,35.2,0.0,21.6,0.0,1.2,0.0,1.00,3.6,2,2960,11.21,19.03,0,5,0,0.0,1.00,1.00,1.00,4.20,4.40,5.80,34.0,1.525,0.279,6.00
6000,79,5,65.9,0.0,16.4,8.2,25.0,0.0,1.00,1.6,4,2921,39.79,11.41,5,0,0,0.0,1.00,1.00,1.00,7.40,8.20,9.00,17.5,1.416,0.693,9.00
7000,1,756,34.6,0.7,1.6,5.0,28.2,0.0,1.19,6.2,331,810,53.14,24.14,241,325,190,0.0,1.20,1.20,1.18,5.03,6.36,6.36,31.9,1.019,0.486,7.88
7000,22,182,36.4,0.1,15.8,1.1,17.5,0.0,1.01,1.5,142,861,43.81,33.96,66,53,63,0.1,1.01,1.00,1.01,4.85,6.10,6.19,30.4,1.067,0.500,6.52
7000,44,120,20.9,1.3,1.2,8.7,16.6,0.0,1.39,9.5,72,803,60.59,23.71,0,34,86,0.1,1.40,1.43,1.38,4.59,5.53,5.64,40.6,0.840,0.664,7.89
7000,15,107,36.7,0.9,0.0,20.0,22.6,0.0,1.17,1.7,42,911,49.16,34.17,74,33,0,0.0,1.20,1.18,1.15,6.04,6.69,6.54,19.4,1.056,0.479,7.03
7000,3,68,57.9,0.2,0.0,15.3,46.5,0.0,1.05,5.3,34,673,55.54,26.12,49,19,0,0.0,1.08,1.05,1.04,8.56,10.18,8.32,19.6,1.060,0.509,10.57
7000,17,65,47.7,6.7,0.0,2.0,30.6,0.0,2.39,0.0,21,857,78.30,49.72,0,12,53,0.0,1.17,3.74,2.32,4.65,6.28,6.28,43.4,1.060,0.633,6.28
7000,49,54,13.8,0.2,0.1,0.8,13.8,0.0,1.07,18.0,30,602,25.54,16.42,0,1,53,0.0,1.16,1.00,1.07,3.07,4.26,4.61,43.8,0.932,0.679,8.81
7000,130,47,30.7,0.0,14.7,0.0,10.4,0.0,1.00,7.5,19,1023,47.62,12.76,0,0,47,0.0,1.00,1.00,1.00,4.21,5.96,5.26,43.4,1.236,0.691,7.34
7000,20,45,43.0,6.2,0.4,2.8,26.4,0.0,2.55,4.3,23,714,55.48,17.13,0,24,21,0.0,1.00,3.14,3.17,5.36,5.62,7.40,40.0,1.058,0.659,7.58
7000,31,39,16.0,0.0,1.0,0.0,14.3,0.0,1.00,17.1,20,1005,27.06,10.24,26,13,0,0.0,1.00,1.00,1.00,3.36,4.15,6.00,22.6,1.059,0.646,9.18
7000,139,32,62.9,1.2,35.0,0.6,12.1,0.1,1.23,3.1,28,897,45.59,37.77,15,7,10,0.6,1.10,1.41,1.23,6.41,7.88,7.69,30.5,1.263,0.285,8.44
7000,24,28,17.0,2.5,0.0,9.8,9.9,0.0,1.77,8.8,23,1043,46.38,14.51,1,7,20,0.0,1.85,1.81,1.70,4.32,5.68,4.50,42.8,0.879,0.624,7.25
7000,63,27,50.9,4.0,0.6,5.7,31.0,0.1,1.94,1.2,12,663,57.86,46.33,0,23,4,0.1,1.89,1.76,2.07,5.81,6.37,6.96,37.2,1.201,0.565,6.96
7000,137,25,86.3,7.9,0.2,14.6,61.1,0.0,2.25,0.0,12,683,69.28,28.79,8,17,0,0.2,3.32,1.35,2.17,9.44,9.16,9.16,26.4,1.013,0.388,9.16
7000,70,19,25.7,0.0,1.9,1.0,29.4,0.0,1.00,0.2,10,462,46.70,36.41,0,0,19,0.0,1.00,1.00,1.00,4.58,5.95,5.84,41.6,0.805,0.375,5.95
7000,101,17,47.2,0.0,19.6,0.0,21.4,0.0,1.00,1.2,15,1256,88.73,45.91,0,0,17,0.0,1.00,1.00,1.00,4.76,6.53,6.76,53.0,1.151,0.459,6.94
7000,43,13,6.2,0.0,0.3,0.0,7.8,0.0,1.00,19.1,7,614,24.14,6.12,13,0,0,0.0,1.00,1.00,1.00,2.38,3.77,2.69,1.7,0.769,0.554,8.00
7000,2,12,28.6,0.0,2.1,0.0,21.3,0.0,1.00,10.5,5,1776,116.04,15.16,12,0,0,0.0,1.00,1.00,1.00,3.67,4.92,6.08,11.0,1.212,0.491,8.00
7000,118,10,75.7,0.0,5.0,0.0,70.3,0.0,1.00,1.4,6,1321,168.50,28.03,10,0,0,0.0,1.00,1.00,1.00,8.60,9.10,8.40,8.0,1.005,0.625,9.10
7000,142,9,80.7,0.0,13.4,0.0,53.6,0.0,1.00,1.6,6,1152,192.59,80.29,9,0,0,0.0,1.00,1.00,1.00,7.44,7.89,8.44,17.0,1.196,0.527,8.56
7000,71,7,101.7,0.0,3.0,51.3,54.1,0.0,1.00,0.0,4,1059,165.23,10.98,0,7,0,0.0,1.00,1.00,1.00,9.86,10.43,10.43,32.7,1.235,0.509,10.43
7000,96,5,20.9,0.0,0.0,20.2,12.6,0.0,1.00,0.8,4,1392,53.76,36.28,0,0,5,0.0,1.00,1.00,1.00,4.40,5.80,5.80,49.5,0.922,0.267,6.00
8000,1,715,32.7,0.5,1.8,6.5,25.8,0.0,1.15,5.5,332,1097,61.86,26.55,207,229,279,0.0,1.15,1.18,1.14,5.09,6.47,6.18,34.8,1.021,0.482,7.67
8000,22,226,39.5,0.4,18.2,2.2,16.2,0.2,1.04,1.0,160,980,45.52,27.96,72,78,76,0.3,1.07,1.00,1.05,5.13,6.39,6.31,31.6,1.086,0.505,6.60
8000,15,112,38.8,2.0,0.0,19.2,23.1,0.0,1.43,1.4,43,1349,70.23,42.75,79,33,0,0.0,1.54,1.47,1.35,5.83,6.78,6.61,18.2,1.057,0.487,7.04
8000,17,75,47.3,3.6,0.0,1.9,35.9,0.0,1.73,0.1,23,989,94.63,55.40,0,16,59,0.0,1.10,2.34,1.74,5.03,6.44,6.40,42.8,1.071,0.619,6.44
8000,3,74,56.7,0.2,0.2,16.1,45.4,0.0,1.05,4.5,47,1169,100.97,35.20,58,16,0,0.0,1.07,1.04,1.04,8.58,10.24,8.42,19.2,1.043,0.512,10.46
8000,44,68,16.2,1.1,0.9,9.8,12.7,0.0,1.29,11.1,42,1251,77.09,22.15,0,35,33,0.1,1.22,1.44,1.27,4.12,5.18,5.15,39.0,0.799,0.671,7.88
8000,31,63,15.9,0.0,1.0,0.0,14.9,0.0,1.00,16.4,31,489,32.07,13.26,45,18,0,0.0,1.00,1.00,1.00,3.25,4.08,5.84,19.1,1.019,0.667,9.05
8000,163,52,43.4,0.0,13.4,2.1,19.7,0.0,1.00,0.7,41,1182,67.18,36.78,34,17,1,0.0,1.00,1.00,1.00,5.50,6.13,6.25,22.9,1.259,0.423,6.33
8000,130,50,31.2,0.0,13.0,0.0,12.9,0.0,1.00,6.7,15,711,26.07,7.96,0,0,50,0.0,1.00,1.00,1.00,4.50,5.76,5.62,43.6,1.234,0.693,7.36
8000,167,48,63.8,0.9,17.6,0.0,28.7,0.0,1.10,0.3,27,937,58.07,29.82,44,4,0,0.1,1.19,1.00,1.10,6.92,7.06,7.02,12.8,1.323,0.523,7.12
8000,20,46,47.6,7.6,0.4,3.6,28.0,0.0,2.77,3.9,26,1076,67.57,21.14,0,28,18,0.0,1.27,3.60,3.27,5.83,5.93,7.50,39.6,1.047,0.664,7.70
8000,170,31,43.4,0.1,1.9,0.0,34.6,0.0,1.00,0.0,7,879,63.01,31.06,20,11,0,0.0,1.02,1.00,1.00,5.06,6.10,6.10,22.3,1.186,0.512,6.10
8000,2,30,27.1,0.0,3.3,0.0,19.1,0.0,1.00,9.5,15,337,27.50,15.86,30,0,0,0.0,1.00,1.00,1.00,3.90,5.53,5.60,11.0,1.207,0.515,7.90
8000,159,28,19.0,0.9,0.0,8.6,15.0,0.0,1.18,15.1,16,1131,67.29,31.84,22,6,0,0.0,1.24,1.03,1.22,4.50,4.11,6.89,22.3,0.873,0.608,9.29
8000,161,27,38.7,0.6,8.9,0.0,25.2,0.0,1.07,3.4,19,793,36.26,29.12,3,24,0,0.2,1.00,1.19,1.04,5.15,5.70,6.81,29.5,1.097,0.349,7.11
8000,63,25,46.4,2.3,0.7,4.1,30.3,0.1,1.48,1.8,12,1229,95.57,52.91,0,21,4,0.1,1.38,1.40,1.57,5.36,6.00,6.92,36.3,1.243,0.571,6.92
8000,146,24,23.0,0.0,1.7,0.0,21.5,0.0,1.00,12.3,13,1095,65.41,34.88,0,0,24,0.0,1.00,1.00,1.00,3.83,6.42,4.71,49.3,1.013,0.567,8.54
8000,101,23,52.0,0.0,15.7,0.0,28.1,0.0,1.00,1.3,16,1228,71.10,36.26,0,0,23,0.0,1.00,1.00,1.00,5.74,6.57,7.04,55.8,1.174,0.440,7.13
8000,139,22,63.5,1.3,34.7,0.7,13.0,0.1,1.32,2.6,21,1500,67.05,45.66,7,6,9,0.4,1.20,1.59,1.27,6.23,7.86,7.73,34.8,1.247,0.286,8.45
8000,148,21,48.4,8.8,2.2,11.9,26.9,0.7,3.01,0.0,18,1635,118.84,47.55,0,0,21,0.8,3.51,1.63,3.45,5.81,7.10,7.10,43.8,0.957,0.570,7.10
8000,135,20,60.6,0.0,3.2,0.2,52.2,0.0,1.00,0.7,9,1438,183.55,113.72,0,0,20,0.0,1.00,1.00,1.00,5.80,7.65,7.55,42.3,1.080,0.600,7.70
8000,24,20,15.0,4.1,0.0,2.8,8.2,0.0,2.36,11.6,18,1219,17.21,6.45,1,6,13,0.0,2.68,2.66,2.11,3.55,4.60,3.70,41.4,0.878,0.616,7.05
8000,49,18,12.6,0.6,0.2,1.6,11.6,0.0,1.22,16.6,13,1215,44.22,21.25,0,0,18,0.0,1.47,1.00,1.22,3.61,6.33,5.17,43.3,0.924,0.713,8.78
8000,137,17,90.9,9.8,0.2,18.1,56.9,0.0,2.55,0.0,10,1698,130.33,39.40,8,9,0,0.2,3.82,1.51,2.43,9.47,9.24,9.24,24.1,1.048,0.389,9.24
8000,107,16,57.6,13.5,1.1,0.0,36.7,0.6,4.02,4.4,11,1691,189.10,90.53,11,5,0,0.6,5.25,3.72,3.73,6.50,8.81,6.62,22.6,0.900,0.732,8.81
8000,149,15,56.9,12.8,1.5,0.2,34.1,0.0,3.94,0.0,7,1419,114.95,28.25,0,15,0,1.5,5.14,4.21,3.21,6.40,7.07,7.07,32.8,0.929,0.373,7.07
8000,157,13,42.4,0.0,0.0,51.0,13.8,0.0,1.00,0.0,7,1656,123.18,13.44,9,4,0,0.0,1.00,1.00,1.00,6.08,8.08,8.08,21.8,1.074,0.585,8.08
8000,118,11,72.1,0.0,4.5,0.0,67.3,0.0,1.00,1.3,9,1792,185.47,41.14,11,0,0,0.0,1.00,1.00,1.00,8.27,9.00,8.36,7.7,1.004,0.627,9.00
8000,151,11,28.0,0.0,7.4,0.0,22.8,0.0,1.00,5.3,10,1774,86.05,11.73,1,10,0,0.0,1.00,1.00,1.00,4.91,5.73,7.27,29.2,0.919,0.443,7.82
8000,152,9,37.6,0.4,25.4,0.0,12.6,0.3,1.09,1.3,7,2412,82.77,22.31,0,0,9,0.6,1.19,1.00,1.08,5.78,6.22,6.89,47.2,0.965,0.575,6.89
8000,43,9,5.5,0.0,0.0,0.0,7.0,0.0,1.00,21.1,3,1117,46.94,12.23,9,0,0,0.0,1.00,1.00,1.00,2.33,3.22,2.44,1.5,0.783,0.569,8.11
8000,71,9,93.8,0.0,1.4,57.6,45.2,0.0,1.00,0.0,5,1196,88.40,6.64,0,9,0,0.0,1.00,1.00,1.00,10.78,10.22,10.22,34.3,1.248,0.486,10.22
8000,70,8,32.3,0.0,0.0,0.0,37.6,0.0,1.00,0.0,2,1000,126.92,89.13,0,2,6,0.0,1.00,1.00,1.00,6.00,6.12,6.12,41.0,0.855,0.389,6.12
8000,37,6,35.4,6.7,4.3,10.5,23.5,0.0,1.95,3.0,4,343,38.29,5.57,0,6,0,1.3,2.93,1.00,1.93,7.00,7.00,7.17,37.8,0.750,0.469,7.83
8000,142,5,89.3,0.0,16.0,0.0,56.8,0.0,1.00,0.0,4,2164,375.26,132.24,5,0,0,0.0,1.00,1.00,1.00,7.80,8.60,8.60,16.6,1.229,0.522,8.60
9000,1,649,33.7,1.1,2.2,6.5,25.9,0.0,1.29,5.5,323,1358,72.07,27.60,171,232,246,0.0,1.35,1.34,1.25,5.01,6.53,6.10,35.0,0.999,0.491,7.67
9000,163,290,39.8,1.5,14.9,0.1,11.1,0.1,1.43,2.0,216,362,14.92,26.63,149,121,20,0.6,1.29,1.52,1.45,4.56,5.57,5.66,24.8,1.374,0.478,6.05
9000,22,240,28.6,0.4,13.8,0.9,10.8,0.2,1.08,4.7,153,1070,41.54,26.52,47,71,122,0.2,1.12,1.03,1.09,4.09,5.13,5.42,35.5,1.087,0.479,6.40
9000,15,120,40.2,1.8,0.0,20.2,24.5,0.0,1.37,1.0,48,1783,92.72,45.78,84,36,0,0.0,1.47,1.36,1.32,6.17,6.92,6.85,18.5,1.054,0.479,7.12
9000,3,97,55.3,0.2,2.5,15.0,42.4,0.0,1.04,3.7,64,1651,129.60,34.64,79,18,0,0.0,1.05,1.03,1.03,8.25,9.88,8.19,19.4,1.049,0.485,9.96
9000,17,70,39.5,2.6,0.0,1.7,30.8,0.0,1.72,1.7,36,1283,120.47,76.79,0,15,55,0.0,1.30,2.07,1.77,4.54,6.01,6.07,42.8,1.071,0.625,6.39
9000,167,57,63.5,0.3,17.1,0.1,30.2,0.0,1.00,0.4,33,997,61.65,36.05,50,7,0,0.0,1.00,1.00,1.00,6.63,7.04,7.07,12.3,1.321,0.526,7.16
9000,174,46,25.2,1.4,2.2,1.7,18.9,0.2,1.35,4.4,24,1579,64.36,33.66,13,30,3,0.2,1.44,1.34,1.31,4.37,5.30,7.28,30.7,1.017,0.457,7.35
9000,44,41,13.7,0.0,0.9,13.6,10.5,0.0,1.02,11.9,23,1479,79.94,25.86,0,41,0,0.0,1.02,1.02,1.02,3.80,4.71,6.02,34.3,0.755,0.677,8.32
9000,176,39,22.0,0.1,1.2,6.2,16.5,0.0,1.02,10.6,22,879,42.36,18.93,32,7,0,0.0,1.04,1.00,1.03,4.28,4.64,5.26,16.4,0.979,0.385,7.59
9000,170,38,42.6,0.0,1.2,0.0,34.9,0.0,1.00,0.0,9,1274,102.03,54.35,17,21,0,0.0,1.00,1.00,1.00,4.95,6.03,6.03,23.7,1.181,0.507,6.03
9000,20,36,55.3,9.6,1.7,4.7,28.9,0.0,3.17,2.2,27,1593,131.39,42.89,0,24,12,0.0,1.32,4.43,3.55,6.25,6.83,7.42,39.3,1.073,0.703,7.67
9000,151,36,24.5,0.0,6.7,0.0,21.6,0.0,1.00,7.7,19,279,18.24,7.06,9,27,0,0.0,1.00,1.00,1.00,5.19,4.94,6.92,28.1,0.888,0.433,7.86
9000,130,33,36.9,0.0,16.6,0.0,13.9,0.0,1.00,5.3,15,1186,39.56,11.05,0,0,33,0.0,1.00,1.00,1.00,5.27,6.18,6.00,43.3,1.223,0.691,7.42
9000,149,27,54.9,10.7,1.7,0.1,35.3,0.0,3.46,0.0,13,1417,102.98,36.51,0,27,0,1.4,4.37,3.78,2.85,6.26,7.00,7.00,31.8,0.945,0.379,7.00
9000,31,25,15.2,0.0,0.6,0.0,14.8,0.0,1.00,17.3,15,982,62.13,30.64,10,15,0,0.0,1.00,1.00,1.00,3.12,4.36,5.44,23.0,0.990,0.652,9.20
9000,2,24,19.5,0.0,2.8,0.0,13.4,0.0,1.00,13.5,17,901,53.70,27.96,24,0,0,0.0,1.00,1.00,1.00,3.42,4.42,4.67,10.8,1.163,0.503,7.88
9000,159,22,24.2,2.4,0.0,11.7,16.3,0.0,1.67,7.1,11,969,62.97,15.82,15,7,0,0.0,1.80,1.34,1.78,5.55,6.86,7.68,21.2,0.881,0.551,9.05
9000,135,22,55.7,0.0,1.0,0.0,49.1,0.0,1.00,1.7,11,1678,208.21,131.94,0,0,22,0.0,1.00,1.00,1.00,5.45,6.91,7.23,41.7,1.117,0.617,7.50
9000,178,20,15.4,0.9,6.2,0.0,7.9,0.0,1.26,10.4,20,1087,88.50,47.90,3,17,0,0.0,1.08,1.40,1.29,2.70,3.60,3.90,31.5,0.960,0.343,6.35
9000,43,20,25.8,0.4,3.2,1.4,23.5,0.0,1.12,7.9,17,502,35.57,19.47,20,0,0,0.0,1.12,1.12,1.12,5.45,6.50,7.25,3.2,0.900,0.460,8.50
9000,148,19,43.1,2.6,0.7,15.7,29.1,0.2,1.58,0.0,13,1130,114.20,62.14,0,0,19,0.4,1.86,1.00,1.74,6.00,7.00,7.00,44.2,1.017,0.576,7.00
9000,49,18,11.5,0.1,0.1,1.6,11.7,0.0,1.02,16.3,11,1180,44.47,13.20,0,0,18,0.0,1.03,1.00,1.04,3.61,7.17,4.67,44.2,0.916,0.729,8.78
9000,146,18,20.8,0.0,0.7,0.0,20.5,0.0,1.00,13.1,15,1596,119.39,63.19,0,0,18,0.0,1.00,1.00,1.00,3.56,6.17,4.67,49.9,1.004,0.557,8.61
9000,63,17,53.3,5.0,1.1,1.3,32.2,0.1,2.10,1.8,7,2091,113.95,58.75,0,12,5,0.2,2.01,1.72,2.34,5.47,6.18,7.06,36.9,1.239,0.576,7.06
9000,139,16,54.5,0.9,30.1,1.0,11.4,0.0,1.20,4.5,15,2397,73.33,49.00,3,5,8,0.3,1.18,1.31,1.14,5.56,7.50,7.12,37.1,1.233,0.292,8.44
9000,161,15,36.7,1.0,8.8,0.0,22.9,0.0,1.12,3.7,15,1728,67.89,50.90,3,12,0,0.4,1.00,1.33,1.07,5.67,5.73,6.53,30.7,1.087,0.350,7.07
9000,137,14,90.5,11.9,0.3,20.9,48.4,0.0,2.99,0.4,13,2788,217.39,61.61,8,6,0,0.3,4.42,1.62,3.01,10.00,9.29,9.29,21.9,1.081,0.390,9.29
9000,177,14,25.0,0.0,11.1,0.0,12.3,0.0,1.00,4.6,12,1602,64.40,12.43,14,0,0,0.0,1.00,1.00,1.00,4.29,7.07,6.14,8.3,1.088,0.451,7.50
9000,24,13,14.6,5.0,0.0,1.5,5.0,0.0,2.96,8.9,8,1363,25.38,5.34,0,0,13,0.0,4.23,4.27,2.08,3.38,5.23,3.46,45.7,0.915,0.616,6.38
9000,157,12,40.2,0.0,0.0,51.3,12.2,0.0,1.00,0.0,6,2556,196.00,13.07,9,3,0,0.0,1.00,1.00,1.00,5.83,8.00,8.00,21.6,1.064,0.576,8.00
9000,101,11,46.1,0.0,21.4,0.0,19.1,0.0,1.00,0.7,10,2358,112.57,54.81,0,1,10,0.0,1.00,1.00,1.00,4.64,6.73,6.73,52.6,1.134,0.491,6.91
9000,71,10,93.6,0.0,1.3,57.4,45.2,0.0,1.00,0.0,4,1386,75.93,11.82,1,9,0,0.0,1.00,1.00,1.00,11.60,10.20,10.20,32.9,1.250,0.484,10.20
9000,37,9,31.7,8.0,4.0,11.0,19.0,0.0,2.14,4.0,1,1004,24.78,2.98,0,9,0,2.0,3.29,1.00,2.14,6.33,7.00,7.00,37.0,0.712,0.463,8.00
9000,107,8,63.4,17.0,0.0,0.0,39.2,0.0,4.66,3.8,6,2375,331.70,128.02,4,4,0,0.0,4.85,4.26,4.74,6.88,9.00,7.12,23.7,0.869,0.734,9.00
9000,118,8,65.6,0.0,4.5,0.0,60.9,0.0,1.00,2.2,6,2052,234.72,57.45,8,0,0,0.0,1.00,1.00,1.00,7.38,8.88,8.38,7.4,1.003,0.630,8.88
9000,175,8,26.1,0.0,18.4,0.8,9.1,0.0,1.00,4.2,7,2612,114.06,25.95,7,1,0,0.0,1.00,1.00,1.00,4.38,5.50,5.88,18.3,0.937,0.639,6.75
9000,70,5,30.8,0.0,0.0,0.0,36.0,0.0,1.00,0.0,1,1618,122.73,51.63,0,2,3,0.0,1.00,1.00,1.00,6.20,6.00,6.00,40.8,0.855,0.384,6.00
10000,163,1000,37.8,0.4,14.3,0.1,9.6,0.0,1.12,2.3,724,346,10.19,24.78,500,352,148,0.1,1.10,1.15,1.12,4.12,5.25,5.31,25.7,1.525,0.489,5.82
10000,1,365,29.6,2.0,1.8,4.0,21.5,0.0,1.63,8.5,271,1035,48.38,24.38,82,128,155,0.0,1.79,1.75,1.54,4.45,5.91,5.57,36.8,1.017,0.473,7.75
10000,22,131,32.0,0.4,15.4,0.2,12.1,0.0,1.09,3.3,101,1493,44.99,24.64,17,50,64,0.1,1.12,1.08,1.09,4.35,5.51,5.82,37.5,1.123,0.502,6.43
10000,3,106,24.2,0.9,0.0,4.3,21.0,0.0,1.32,15.8,104,525,38.59,19.39,63,43,0,0.0,1.14,1.32,1.48,4.58,6.44,5.38,20.8,0.978,0.536,9.63
10000,15,85,28.2,2.5,0.0,12.3,15.5,0.0,1.77,5.6,66,958,55.27,35.29,47,37,1,0.0,1.87,1.69,1.77,4.76,5.78,5.56,21.7,1.066,0.494,6.99
10000,176,77,9.2,0.0,0.1,0.7,9.1,0.0,1.00,14.4,40,258,14.22,4.43,35,42,0,0.0,1.00,1.00,1.00,2.68,2.96,4.26,22.0,0.943,0.375,7.19
10000,20,44,39.3,7.0,1.5,5.5,19.5,0.0,2.90,6.7,38,1177,85.49,34.38,0,29,15,0.0,1.59,3.74,3.23,5.23,5.91,6.32,39.4,1.050,0.714,7.70
10000,17,32,27.8,1.8,0.1,0.8,21.6,0.0,1.84,5.0,29,1344,115.62,92.43,0,0,32,0.0,1.53,2.16,1.95,3.94,5.06,5.00,44.4,1.079,0.624,6.22
10000,146,31,13.0,0.0,2.7,0.0,9.5,0.0,1.00,18.8,15,502,13.93,10.09,0,0,31,0.0,1.00,1.00,1.00,2.97,3.87,4.10,49.4,1.061,0.565,8.68
10000,151,29,19.1,0.0,1.3,0.2,20.8,0.0,1.00,13.0,26,314,31.58,21.84,17,12,0,0.0,1.00,1.00,1.00,3.48,4.07,6.03,22.5,0.866,0.420,8.14
10000,44,19,9.0,0.0,1.6,6.2,6.9,0.0,1.00,14.6,13,375,10.16,3.95,0,19,0,0.0,1.00,1.00,1.00,3.37,3.95,5.42,33.9,0.780,0.669,8.16
10000,135,19,35.2,0.0,6.2,0.0,22.9,0.0,1.00,3.9,8,620,48.12,57.51,0,0,19,0.0,1.00,1.00,1.00,4.11,5.11,5.89,43.0,1.143,0.661,6.47
10000,177,16,16.3,0.0,5.9,0.0,9.5,0.0,1.00,11.1,16,923,47.06,35.31,16,0,0,0.0,1.00,1.00,1.00,3.12,4.25,4.88,10.7,1.093,0.493,7.25
10000,149,15,39.4,7.2,0.7,3.5,24.7,0.0,3.07,4.0,13,1044,53.29,32.36,0,15,0,0.6,4.69,3.66,2.39,5.13,6.40,5.60,33.2,0.949,0.383,7.00
10000,167,14,24.6,0.5,5.3,0.0,12.0,0.0,1.17,12.0,13,741,48.46,37.86,14,0,0,0.0,1.13,1.23,1.16,3.86,4.21,4.36,7.3,1.346,0.534,7.29
10000,148,14,38.6,0.9,0.0,17.0,26.4,0.0,1.17,0.3,11,1021,126.36,64.30,0,0,14,0.0,1.33,1.00,1.17,6.07,6.86,6.71,43.1,1.048,0.626,6.86
10000,63,13,35.3,3.0,0.0,0.2,23.0,0.0,1.91,6.8,12,571,41.98,26.39,0,12,1,0.0,1.74,1.66,2.23,4.31,5.46,5.77,34.8,1.246,0.580,7.00
10000,183,13,28.9,6.2,0.0,2.0,13.0,0.0,3.33,4.3,13,1409,78.31,73.50,0,5,8,0.0,2.94,5.18,2.95,4.00,5.54,5.00,40.3,1.091,0.375,6.08
10000,184,12,20.5,0.0,5.9,4.7,11.9,0.0,1.00,4.7,11,1668,40.85,17.00,0,0,12,0.0,1.00,1.00,1.00,3.92,4.75,5.42,44.6,0.988,0.487,6.17
10000,175,12,26.5,0.0,12.9,2.5,12.7,0.0,1.00,1.7,12,560,28.34,29.68,10,2,0,0.0,1.00,1.00,1.00,4.42,6.00,6.42,21.4,0.984,0.651,6.58
10000,24,9,17.7,6.3,0.0,2.1,5.3,0.0,3.54,6.0,6,1987,28.10,3.55,0,0,9,0.0,5.08,5.14,2.44,3.56,6.00,4.00,46.0,0.923,0.610,6.22
10000,178,8,13.3,1.2,3.9,0.0,7.4,0.0,1.43,8.8,8,1700,79.35,41.94,3,5,0,0.0,1.38,1.49,1.43,2.38,3.88,4.25,29.7,0.964,0.341,6.25
10000,71,7,78.3,0.0,0.0,55.0,34.6,0.0,1.00,0.0,4,1602,135.88,35.98,1,6,0,0.0,1.00,1.00,1.00,10.57,10.00,10.00,31.7,1.262,0.462,10.00
10000,37,7,28.8,8.0,3.1,9.6,16.6,0.0,2.33,4.0,4,2032,41.65,8.22,0,7,0,1.4,3.33,1.10,2.45,6.71,7.00,7.00,37.0,0.712,0.463,8.00
10000,49,7,10.7,0.0,0.1,0.0,12.0,0.0,1.00,16.0,5,997,34.10,20.27,0,0,7,0.0,1.00,1.00,1.00,3.14,7.29,4.43,44.8,0.895,0.744,8.71
10000,130,6,30.6,0.0,14.8,0.0,11.0,0.0,1.00,6.3,5,2256,63.33,17.94,0,0,6,0.0,1.00,1.00,1.00,5.00,6.33,6.17,44.4,1.184,0.671,7.67
10000,159,6,30.4,13.7,0.0,0.0,2.7,0.0,6.29,16.3,6,1045,32.03,14.72,1,5,0,0.0,5.77,5.76,7.09,3.50,5.17,4.33,26.9,0.988,0.602,8.67
11000,163,433,34.6,1.1,10.5,0.1,9.6,0.1,1.32,3.5,374,757,19.93,22.08,198,143,92,0.2,1.23,1.40,1.34,3.88,4.98,4.92,27.3,1.577,0.530,5.77
11000,176,129,17.4,0.3,1.6,0.8,16.5,0.0,1.07,9.5,68,216,12.27,3.59,41,72,16,0.0,1.08,1.02,1.11,3.91,4.45,5.81,29.3,0.923,0.388,7.47
11000,1,76,34.2,6.6,1.0,3.4,18.9,0.0,2.98,8.8,65,1223,52.92,20.05,2,26,48,0.0,3.32,3.17,2.77,4.99,6.46,5.51,43.4,1.016,0.522,8.05
11000,15,45,35.4,4.5,0.0,9.0,18.2,0.0,1.97,5.9,40,504,32.33,14.62,26,19,0,0.0,2.04,1.80,2.03,4.93,5.89,5.91,22.6,1.110,0.484,7.22
11000,20,44,13.3,2.3,1.3,0.3,7.1,0.0,1.83,11.7,25,660,36.72,17.55,0,41,3,0.1,1.42,2.06,1.93,2.75,3.64,4.57,38.1,1.006,0.632,6.93
11000,193,41,18.3,0.0,0.1,0.1,21.8,0.0,1.00,18.0,36,472,27.09,14.47,0,2,39,0.0,1.00,1.00,1.00,3.78,5.68,4.56,46.2,0.820,0.400,9.39
11000,118,38,15.9,0.4,0.8,0.2,14.9,0.0,1.22,17.7,34,336,24.30,15.15,35,3,0,0.1,1.11,1.16,1.61,3.21,3.97,5.13,10.1,0.977,0.562,8.79
11000,175,32,20.0,0.2,2.9,0.1,15.9,0.0,1.05,6.1,30,194,21.71,5.64,21,11,0,0.0,1.06,1.06,1.03,3.53,5.09,4.19,20.5,1.044,0.671,6.16
11000,151,28,24.9,4.3,1.8,0.1,17.5,0.3,2.19,10.1,26,543,38.31,17.36,17,11,0,0.3,2.63,1.69,2.27,4.21,5.07,6.21,24.0,0.895,0.362,7.89
11000,43,27,18.6,0.1,1.6,0.0,19.9,0.0,1.03,14.3,17,364,25.09,6.38,27,0,0,0.0,1.02,1.02,1.03,4.00,6.11,5.00,7.7,0.852,0.428,8.96
11000,3,24,19.4,0.0,2.4,8.3,11.7,0.0,1.00,14.8,21,433,29.20,7.56,24,0,0,0.0,1.00,1.00,1.00,4.21,6.21,4.42,14.9,1.057,0.618,8.83
11000,191,17,26.5,2.7,0.7,8.3,12.5,0.0,2.00,8.2,13,835,25.65,2.65,0,0,17,0.0,2.20,1.90,2.02,4.47,5.06,5.71,52.0,1.150,0.514,7.41
11000,37,12,22.2,6.9,1.8,7.8,10.6,0.0,2.57,8.0,12,1509,44.20,6.81,0,12,0,0.8,3.09,1.43,3.17,5.08,6.00,7.08,37.8,0.739,0.466,8.08
11000,22,11,35.9,1.8,6.6,0.4,23.9,0.0,1.68,6.2,10,1723,83.02,35.02,2,9,0,0.0,1.70,1.70,1.66,4.73,6.82,6.09,28.1,1.048,0.471,7.55
11000,178,10,40.9,3.2,12.9,0.8,22.1,0.0,1.55,2.6,8,489,48.66,16.31,0,7,3,1.2,1.44,1.87,1.45,6.10,6.30,6.40,37.5,0.975,0.416,7.00
11000,17,6,17.1,1.3,0.0,2.2,12.7,0.0,1.74,7.7,6,2070,113.30,103.75,0,0,6,0.0,1.56,1.76,1.82,3.17,4.33,4.67,43.5,1.059,0.620,6.17
12000,176,160,16.3,0.2,0.8,0.1,15.9,0.0,1.06,10.8,131,360,22.21,5.81,21,88,51,0.0,1.06,1.08,1.05,3.51,4.16,5.37,36.0,0.953,0.387,7.33
12000,163,74,42.5,3.3,4.0,0.1,21.6,0.0,1.77,3.8,66,802,55.62,23.04,63,7,4,0.1,1.16,2.26,1.82,4.46,5.65,5.61,15.9,1.314,0.509,6.47
12000,175,44,22.0,0.9,2.3,2.6,16.4,0.1,1.23,4.1,33,299,22.81,4.81,24,13,7,0.1,1.36,1.05,1.26,4.25,5.18,5.11,25.0,1.003,0.648,6.09
12000,15,21,42.4,10.2,0.0,6.5,15.1,0.0,4.16,6.8,20,1125,41.66,11.67,17,4,0,0.0,4.41,4.23,4.11,4.33,5.48,6.24,18.7,1.086,0.453,7.52
12000,3,17,22.7,0.4,3.5,0.1,22.4,0.0,1.22,19.3,17,325,27.19,8.31,0,17,0,0.0,1.29,1.39,1.16,4.94,8.00,4.88,29.4,0.846,0.635,10.71
12000,1,16,64.7,24.6,0.0,1.2,19.9,0.0,6.99,5.0,13,1307,51.30,24.17,0,9,7,0.0,7.54,8.29,6.06,6.38,7.44,7.12,42.5,0.971,0.592,8.31
12000,151,11,20.1,7.4,0.9,0.0,7.1,0.4,4.25,11.5,11,1410,66.49,24.58,6,5,0,0.4,4.23,3.36,4.99,2.91,3.73,6.27,25.2,0.877,0.354,7.64
12000,118,10,13.3,0.0,0.0,0.0,14.6,0.0,1.00,14.6,10,619,67.94,37.61,10,0,0,0.0,1.00,1.00,1.00,3.40,3.30,5.20,5.2,0.908,0.523,7.90
12000,191,7,24.5,2.1,0.0,9.1,11.9,0.0,1.53,8.9,7,1158,40.29,5.60,0,0,7,0.0,1.73,1.18,1.71,4.43,5.00,6.29,50.2,1.210,0.532,7.29
12000,37,5,21.3,7.8,0.0,8.8,8.2,0.0,3.44,8.4,5,1263,19.04,9.47,0,5,0,0.0,3.56,1.81,4.34,4.20,5.80,6.60,38.1,0.747,0.466,8.00
13000,176,72,19.6,0.7,2.0,1.5,16.0,0.0,1.28,9.5,59,357,18.95,2.95,0,32,40,0.0,1.25,1.28,1.40,3.72,4.56,5.71,42.8,0.964,0.394,7.47
13000,175,26,25.3,0.0,0.1,2.6,23.3,0.0,1.00,3.5,17,330,39.49,25.83,20,2,4,0.0,1.00,1.00,1.00,4.96,5.08,5.65,16.0,1.025,0.450,6.12
13000,163,20,36.1,7.4,0.2,0.0,12.9,0.0,3.64,6.8,20,1468,115.52,45.15,19,0,1,0.2,2.39,3.95,4.36,3.85,5.10,5.95,10.1,1.325,0.505,6.90
13000,191,6,23.9,1.8,0.0,7.7,12.7,0.0,1.48,9.7,6,2338,50.30,7.10,0,0,6,0.0,1.60,1.21,1.69,4.67,4.83,6.33,49.6,1.216,0.538,7.33
13000,1,5,96.5,41.0,0.0,0.0,25.2,0.0,10.91,0.0,3,1311,28.06,14.18,0,5,0,0.0,11.84,13.00,9.39,8.00,9.00,9.00,35.9,0.900,0.671,9.00
14000,176,57,24.9,0.0,1.2,1.3,21.5,0.0,1.00,8.5,44,405,22.70,2.88,25,18,14,0.0,1.00,1.00,1.00,4.05,4.72,6.00,28.8,1.027,0.435,7.33
14000,175,17,16.5,0.0,0.0,0.5,14.4,0.0,1.00,10.2,17,466,30.32,12.79,16,1,0,0.0,1.00,1.00,1.00,2.88,4.29,3.53,15.2,1.090,0.472,6.35
15000,176,11,23.8,1.2,1.4,7.2,17.5,0.3,1.21,6.5,9,299,18.67,3.23,11,0,0,0.3,1.39,1.03,1.22,3.82,5.00,5.55,7.3,0.964,0.399,6.91
16000,235,286,15.9,0.0,0.3,0.6,16.1,0.0,1.00,12.1,209,305,19.02,4.45,204,54,28,0.0,1.00,1.00,1.00,3.45,3.59,5.76,19.8,0.940,0.460,7.59
16000,236,26,44.1,11.8,0.8,7.3,13.3,0.3,3.81,3.4,21,1028,64.31,16.70,23,3,0,0.3,2.82,5.47,3.57,4.92,6.27,6.00,16.2,1.064,0.539,6.81
17000,235,443,15.0,0.3,0.1,1.5,14.3,0.0,1.07,12.1,313,401,24.00,2.81,258,118,67,0.0,1.07,1.06,1.09,3.44,3.60,5.65,23.4,0.946,0.477,7.53
17000,246,280,29.1,0.0,9.1,0.0,5.5,0.0,1.00,1.4,164,316,7.88,17.28,195,58,27,0.0,1.00,1.00,1.00,2.82,4.00,4.05,20.6,1.994,0.311,4.34
17000,245,56,63.3,1.2,13.7,0.0,15.6,0.6,1.25,2.9,53,407,28.00,30.14,50,4,2,0.7,1.45,1.10,1.24,5.39,6.09,6.16,13.7,1.994,0.712,6.64
17000,236,38,45.6,11.4,1.2,5.5,17.3,0.1,3.85,2.3,36,955,68.91,20.15,30,6,2,0.3,2.73,4.96,3.88,5.29,6.42,6.18,20.4,1.037,0.531,6.82
18000,246,588,25.8,0.0,7.9,0.0,5.1,0.0,1.00,2.1,340,192,4.61,16.20,295,140,153,0.0,1.00,1.00,1.00,2.63,3.79,3.79,27.1,1.997,0.232,4.30
18000,235,521,11.7,0.0,0.3,0.4,11.9,0.0,1.01,14.1,380,273,16.13,1.86,241,176,104,0.0,1.01,1.00,1.00,2.96,3.26,5.07,28.1,0.937,0.441,7.51
18000,255,127,18.8,2.6,0.4,2.2,15.7,0.0,1.85,11.2,94,336,23.95,6.49,90,24,13,0.0,2.28,2.40,1.66,3.88,4.38,6.60,20.5,0.847,0.417,8.05
18000,236,17,31.8,11.1,0.2,2.1,8.5,0.0,5.55,5.5,16,1309,125.90,51.06,14,2,1,0.1,5.37,6.88,5.10,4.35,5.71,5.00,19.4,0.999,0.526,6.53
19000,235,938,13.9,0.6,0.5,0.7,12.9,0.0,1.21,13.2,655,186,12.63,3.94,392,295,251,0.0,1.29,1.25,1.18,3.13,3.66,5.07,28.5,0.934,0.443,7.52
19000,246,130,23.9,0.0,10.3,0.0,1.6,0.0,1.00,1.5,65,144,1.40,17.29,60,27,43,0.0,1.00,1.00,1.00,2.15,3.61,3.73,29.2,1.999,0.405,4.02
19000,255,111,17.7,2.3,0.5,1.8,15.6,0.1,1.74,11.3,94,419,24.16,5.68,42,31,38,0.1,1.97,2.03,1.58,4.01,4.78,5.88,33.4,0.823,0.422,7.91
19000,236,5,35.5,15.4,0.0,1.4,5.0,0.0,7.37,5.2,5,2007,233.70,120.00,4,1,0,0.0,5.92,9.58,7.00,3.20,5.60,4.60,17.9,0.975,0.524,6.40
20000,235,1160,13.9,0.9,0.2,0.7,12.7,0.0,1.34,13.0,762,176,12.14,4.44,417,415,328,0.0,1.46,1.46,1.27,3.11,3.44,5.13,30.5,0.936,0.423,7.39
20000,255,143,15.1,3.1,0.0,0.9,12.5,0.0,2.10,13.2,122,390,23.61,8.54,91,22,30,0.0,2.47,2.69,1.90,3.28,4.44,4.95,25.7,0.781,0.401,7.77
21000,235,1179,12.3,1.1,0.1,0.8,10.7,0.0,1.42,13.7,715,209,13.43,4.75,406,352,421,0.0,1.46,1.45,1.40,2.86,3.14,5.01,31.7,0.934,0.432,7.37
21000,255,72,13.9,3.5,0.0,0.8,10.4,0.0,2.26,12.8,61,355,23.50,9.92,38,19,15,0.0,2.29,2.67,2.15,3.08,4.11,5.67,26.5,0.781,0.402,7.82
21000,246,5,32.8,0.0,6.6,0.0,9.8,0.0,1.00,4.0,4,276,33.57,16.48,0,5,0,0.0,1.00,1.00,1.00,3.00,4.20,3.80,34.7,1.999,0.363,5.00
22000,235,893,12.8,1.0,0.2,0.5,11.5,0.0,1.44,14.5,585,232,14.86,5.77,220,273,400,0.0,1.46,1.50,1.42,2.94,3.08,4.99,34.9,0.904,0.445,7.54
22000,255,18,16.0,0.3,1.8,1.8,17.1,0.0,1.28,14.3,18,345,25.68,16.65,6,11,1,0.0,1.36,1.36,1.22,3.78,4.44,5.89,28.8,0.783,0.367,8.56
22000,281,5,5.2,0.0,0.2,0.0,2.4,0.0,1.00,9.2,5,511,36.87,39.58,4,1,0,0.0,1.00,1.00,1.00,1.20,1.40,2.00,23.2,2.000,0.419,4.00
23000,235,974,11.0,0.4,0.5,0.4,10.4,0.0,1.19,14.7,560,268,16.86,6.29,248,268,458,0.0,1.19,1.19,1.20,2.79,2.87,4.81,35.0,0.926,0.456,7.41
24000,297,1278,31.6,0.0,9.6,0.0,6.2,0.0,1.00,1.3,418,552,24.07,37.25,437,495,346,0.0,1.00,1.00,1.00,2.98,4.03,4.03,30.8,2.000,0.287,4.32
24000,235,1099,9.4,0.1,0.2,0.6,9.5,0.0,1.05,16.4,612,358,21.73,7.47,196,416,487,0.0,1.05,1.05,1.06,2.59,2.70,4.60,36.4,0.915,0.455,7.62
24000,300,143,6.2,0.4,0.1,0.5,5.7,0.0,1.16,17.9,79,406,19.99,8.99,41,80,22,0.0,1.16,1.21,1.23,2.11,2.57,3.80,30.2,0.884,0.446,7.58
25000,297,1838,29.2,0.0,7.7,0.0,6.9,0.0,1.00,1.7,681,483,20.55,33.98,687,696,455,0.0,1.00,1.00,1.00,2.98,3.81,3.93,29.7,2.000,0.249,4.29
25000,235,856,10.8,0.0,0.1,0.6,11.5,0.0,1.01,16.1,546,354,22.03,8.89,203,265,388,0.0,1.01,1.01,1.02,2.90,2.99,4.76,35.7,0.902,0.455,7.76
25000,300,91,7.9,0.5,0.7,1.5,6.6,0.0,1.14,17.4,64,699,34.67,10.47,31,51,9,0.2,1.08,1.15,1.16,2.37,3.16,3.99,27.3,0.860,0.459,7.85
26000,297,1739,28.0,0.0,7.4,0.0,6.6,0.0,1.00,1.0,414,540,19.65,36.89,577,620,542,0.0,1.00,1.00,1.00,2.97,3.75,3.76,31.3,2.000,0.172,4.01
26000,235,729,10.1,0.1,0.1,0.8,10.5,0.0,1.05,15.8,394,356,20.23,8.14,158,288,283,0.0,1.04,1.04,1.06,2.74,3.04,4.36,35.3,0.889,0.473,7.55
26000,300,62,7.9,0.4,0.0,1.1,8.5,0.0,1.14,16.7,51,518,36.49,12.87,46,15,1,0.0,1.16,1.17,1.13,2.61,3.11,4.37,22.6,0.816,0.464,7.85
27000,297,1708,28.2,0.0,7.7,0.0,6.4,0.0,1.00,0.9,411,932,33.99,44.68,561,636,511,0.0,1.00,1.00,1.00,3.05,3.77,3.78,31.1,2.000,0.173,4.01
27000,235,876,11.0,0.3,0.4,0.6,11.1,0.0,1.09,15.8,472,382,21.16,8.38,194,334,348,0.0,1.10,1.09,1.09,2.81,3.23,4.57,35.2,0.875,0.487,7.74
27000,300,151,7.9,0.2,0.5,0.9,8.8,0.0,1.07,16.8,98,479,30.52,10.07,111,39,1,0.0,1.06,1.08,1.11,2.72,2.97,4.30,18.9,0.793,0.437,7.77
28000,297,1657,28.5,0.0,7.4,0.0,6.9,0.0,1.00,0.9,411,1097,40.77,40.59,545,639,473,0.0,1.00,1.00,1.00,3.01,3.77,3.83,30.6,2.000,0.182,4.02
28000,235,972,12.1,0.3,0.3,0.5,12.9,0.0,1.10,15.2,599,409,24.93,7.84,246,283,443,0.0,1.11,1.10,1.10,3.12,3.51,5.17,34.5,0.854,0.513,7.96
28000,403,157,29.1,0.0,10.0,0.0,4.6,0.0,1.00,0.6,48,1140,47.54,35.54,52,29,76,0.0,1.00,1.00,1.00,2.97,3.85,3.83,33.4,2.000,0.522,4.00
28000,300,98,7.0,0.0,0.6,0.1,7.9,0.0,1.01,17.0,56,558,33.77,11.79,39,57,2,0.0,1.01,1.01,1.01,2.28,2.57,4.20,27.3,0.837,0.426,7.62
29000,297,1433,28.8,0.0,7.0,0.0,7.5,0.0,1.00,0.8,336,743,28.52,34.81,516,499,418,0.0,1.00,1.00,1.00,2.92,3.79,3.84,30.2,2.000,0.170,4.01
29000,235,735,14.3,0.2,0.7,1.0,14.5,0.0,1.09,14.5,488,362,23.05,8.50,250,205,280,0.0,1.11,1.10,1.09,3.39,3.86,5.34,32.6,0.866,0.519,8.08
29000,403,172,29.9,0.0,10.0,0.0,4.9,0.0,1.00,0.5,43,859,36.94,35.49,50,28,94,0.0,1.00,1.00,1.00,3.28,3.90,3.88,34.9,2.000,0.528,4.01
29000,300,30,6.7,0.0,0.1,0.2,7.4,0.0,1.00,17.7,19,503,21.57,3.03,7,20,3,0.0,1.00,1.00,1.00,2.23,2.27,4.07,29.7,0.869,0.431,7.57
29000,454,14,21.6,0.0,0.0,0.0,10.8,0.0,1.00,4.9,12,1112,67.13,47.69,8,6,0,0.0,1.00,1.00,1.00,2.21,3.14,3.29,22.7,2.000,0.130,4.43
29000,440,5,32.0,0.0,0.0,0.0,16.0,0.0,1.00,5.2,3,1300,43.10,59.75,5,0,0,0.0,1.00,1.00,1.00,3.00,4.00,3.40,16.8,2.000,0.802,5.00
30000,297,1198,29.2,0.0,7.0,0.0,7.6,0.0,1.00,0.6,293,953,38.47,38.48,467,449,282,0.0,1.00,1.00,1.00,3.13,3.81,3.88,28.7,2.000,0.171,4.00
30000,235,703,13.4,0.1,0.3,0.8,14.2,0.0,1.05,14.1,417,398,25.00,8.78,268,199,236,0.0,1.06,1.03,1.08,3.37,3.37,5.63,31.8,0.857,0.488,7.93
30000,403,145,30.4,0.0,10.0,0.0,5.2,0.0,1.00,0.3,36,982,40.28,34.23,38,26,81,0.0,1.00,1.00,1.00,3.37,3.96,3.90,34.9,2.000,0.515,4.00
30000,459,27,27.5,0.0,4.3,0.0,9.4,0.0,1.00,1.2,13,473,22.39,23.82,0,1,26,0.0,1.00,1.00,1.00,2.44,3.81,3.63,43.8,2.000,0.537,4.00
30000,460,27,5.8,0.0,0.4,0.9,6.1,0.0,1.00,20.3,18,499,28.91,7.86,1,26,0,0.0,1.00,1.00,1.00,2.11,2.81,3.33,29.7,0.826,0.418,8.07
30000,300,11,6.0,0.0,0.0,0.0,6.5,0.0,1.00,19.5,6,171,8.18,0.89,7,4,0,0.0,1.00,1.00,1.00,2.09,1.73,4.55,23.2,0.917,0.467,8.00
30000,472,8,25.2,0.0,0.0,0.0,12.6,0.0,1.00,1.5,6,659,49.02,17.39,8,0,0,0.0,1.00,1.00,1.00,2.38,3.75,3.50,17.3,2.000,0.293,4.00
30000,454,6,16.0,0.0,0.0,0.0,8.0,0.0,1.00,6.7,6,2126,125.04,98.43,4,2,0,0.0,1.00,1.00,1.00,2.00,2.83,2.83,22.1,2.000,0.078,4.50
31000,297,1149,29.5,0.0,7.2,0.0,7.5,0.0,1.00,0.6,275,871,35.20,34.73,459,386,304,0.0,1.00,1.00,1.00,3.03,3.85,3.88,28.7,2.000,0.181,4.00
31000,235,524,13.9,0.2,0.3,1.0,14.9,0.0,1.07,14.5,346,406,26.49,7.64,201,164,159,0.0,1.06,1.08,1.10,3.50,3.66,5.73,31.3,0.854,0.505,8.16
31000,403,106,30.4,0.0,9.7,0.0,5.6,0.0,1.00,0.3,29,966,34.89,36.40,33,15,58,0.0,1.00,1.00,1.00,3.10,3.98,3.85,35.0,2.000,0.537,4.00
31000,300,37,9.5,1.3,0.2,0.5,7.5,0.1,1.48,17.0,12,239,9.90,2.35,18,11,8,0.1,1.43,1.33,1.80,2.35,2.43,5.03,28.7,0.908,0.464,7.97
31000,459,24,31.8,0.0,7.4,0.0,8.5,0.0,1.00,0.0,7,682,25.02,35.40,1,3,20,0.0,1.00,1.00,1.00,2.54,4.00,4.00,42.4,2.000,0.567,4.00
31000,460,17,7.0,0.0,0.1,1.1,8.2,0.0,1.00,18.2,10,601,20.40,9.70,0,17,0,0.0,1.00,1.00,1.00,2.12,3.24,3.76,32.6,0.807,0.422,8.06
32000,297,806,29.1,0.0,7.7,0.0,6.9,0.0,1.00,0.6,214,874,28.99,32.37,416,208,182,0.0,1.00,1.00,1.00,2.94,3.83,3.86,26.1,2.000,0.185,4.00
32000,235,349,12.8,0.0,0.2,1.6,13.9,0.0,1.01,16.1,225,357,19.45,3.66,113,84,152,0.0,1.02,1.02,1.01,3.44,3.23,6.28,33.5,0.833,0.555,8.59
32000,506,147,19.2,1.3,0.4,1.2,16.8,0.0,1.33,11.0,107,424,22.54,5.18,78,57,12,0.0,1.46,1.16,1.36,3.55,4.18,5.72,24.8,0.964,0.463,7.63
32000,403,42,31.2,0.0,10.8,0.0,4.9,0.0,1.00,0.1,10,1514,42.69,51.10,16,4,22,0.0,1.00,1.00,1.00,3.29,3.98,3.95,31.9,2.000,0.532,4.00
32000,459,27,30.3,0.0,5.9,0.0,9.2,0.0,1.00,0.4,12,777,31.73,27.46,0,6,21,0.0,1.00,1.00,1.00,2.89,4.00,3.81,40.5,2.000,0.508,4.00
32000,460,5,5.0,0.0,0.0,0.0,6.2,0.0,1.00,21.2,3,774,27.91,7.19,1,3,1,0.0,1.00,1.00,1.00,2.20,2.20,3.20,35.9,0.806,0.421,8.00
33000,297,496,29.8,0.0,7.2,0.0,7.7,0.0,1.00,0.5,123,993,27.80,32.73,290,111,95,0.0,1.00,1.00,1.00,3.12,3.85,3.91,23.3,2.000,0.185,4.01
33000,235,443,12.5,0.2,0.1,1.1,13.5,0.0,1.06,14.6,279,509,24.86,4.02,166,131,146,0.0,1.06,1.05,1.06,3.27,3.33,5.76,30.6,0.856,0.476,8.06
33000,506,124,16.5,0.5,0.0,1.3,15.2,0.0,1.16,11.5,100,476,27.71,5.67,99,22,3,0.0,1.20,1.10,1.18,3.40,4.23,4.90,15.7,0.973,0.435,7.32
33000,403,35,29.1,0.0,9.4,0.0,5.2,0.0,1.00,0.6,10,536,20.70,22.73,18,12,5,0.0,1.00,1.00,1.00,3.29,3.91,3.77,25.6,2.000,0.517,4.00
33000,459,27,28.9,0.0,7.1,0.0,7.3,0.0,1.00,1.0,16,710,23.34,13.83,2,19,6,0.0,1.00,1.00,1.00,2.70,3.81,3.85,34.2,2.000,0.477,4.07
34000,297,277,29.1,0.0,7.2,0.0,7.4,0.0,1.00,0.6,91,977,30.33,35.25,199,44,34,0.0,1.00,1.00,1.00,3.24,3.83,3.87,18.8,2.000,0.165,4.00
34000,235,158,13.8,0.0,0.9,0.8,15.2,0.0,1.00,15.7,111,622,29.81,2.83,67,56,35,0.0,1.00,1.00,1.00,3.53,3.08,7.23,28.6,0.835,0.557,8.89
34000,506,67,15.5,0.4,0.0,1.4,13.8,0.0,1.16,11.7,46,781,39.28,4.48,47,10,10,0.0,1.19,1.09,1.17,3.36,3.93,5.10,21.6,1.009,0.457,7.40
34000,403,29,31.4,0.0,10.0,0.0,5.7,0.0,1.00,0.1,7,811,32.41,34.15,20,8,1,0.0,1.00,1.00,1.00,3.52,4.00,3.97,19.5,2.000,0.455,4.00
34000,459,10,33.8,0.0,11.1,0.0,5.8,0.0,1.00,0.0,7,1141,35.61,41.49,10,0,0,0.0,1.00,1.00,1.00,4.00,4.10,4.10,8.7,2.000,0.386,4.10
35000,235,192,17.3,0.0,1.6,2.1,19.0,0.0,1.00,12.6,132,402,22.81,4.06,146,37,9,0.0,1.00,1.00,1.00,4.12,4.04,7.23,19.8,0.813,0.531,8.65
35000,297,149,28.5,0.0,6.6,0.0,7.6,0.0,1.00,0.8,59,846,30.46,34.95,125,22,2,0.0,1.00,1.00,1.00,2.99,3.74,3.88,14.9,2.000,0.171,4.00
35000,459,23,29.2,0.0,9.0,0.0,5.6,0.0,1.00,0.7,11,356,16.63,27.63,23,0,0,0.0,1.00,1.00,1.00,1.87,4.00,3.74,2.4,2.000,0.465,4.04
35000,403,22,30.5,0.0,9.0,0.0,6.2,0.0,1.00,0.1,10,1059,42.98,42.36,22,0,0,0.0,1.00,1.00,1.00,3.27,3.95,4.00,14.0,2.000,0.515,4.00
35000,506,22,16.0,1.1,0.0,2.1,12.5,0.0,1.38,12.1,22,935,46.65,5.87,13,7,2,0.0,1.43,1.27,1.45,3.50,4.05,4.82,22.6,1.009,0.477,7.36
36000,235,247,13.3,0.0,1.1,0.9,14.4,0.0,1.00,13.1,190,433,23.86,5.64,167,61,19,0.0,1.00,1.00,1.00,3.79,3.78,6.20,20.5,0.843,0.509,8.11
36000,297,165,29.1,0.0,7.2,0.0,7.4,0.0,1.00,0.5,68,564,21.22,25.90,123,27,15,0.0,1.00,1.00,1.00,3.05,3.84,3.90,18.3,2.000,0.204,4.00
36000,506,23,20.2,1.0,0.0,3.1,16.2,0.0,1.31,9.4,16,617,33.44,13.93,20,2,1,0.0,1.38,1.22,1.32,3.65,4.83,5.17,17.1,1.017,0.486,7.26
36000,459,20,28.5,0.0,8.4,0.0,5.9,0.0,1.00,1.0,11,925,40.41,35.44,18,0,2,0.0,1.00,1.00,1.00,2.50,3.80,3.70,6.3,2.000,0.483,4.00
36000,528,19,32.3,0.0,9.9,0.0,6.3,0.0,1.00,0.0,9,1075,31.47,53.26,13,5,1,0.0,1.00,1.00,1.00,3.68,4.05,4.05,19.9,2.000,0.801,4.05
36000,403,14,28.3,0.0,9.6,0.0,4.5,0.0,1.00,0.7,5,248,7.92,12.87,14,0,0,0.0,1.00,1.00,1.00,3.50,3.79,3.86,12.7,2.000,0.659,4.00
37000,235,330,12.5,0.0,0.6,0.5,14.2,0.0,1.00,13.6,262,576,31.22,3.34,179,95,56,0.0,1.00,1.00,1.00,3.50,3.49,6.29,25.1,0.833,0.520,8.03
37000,297,286,29.1,0.0,6.9,0.0,7.7,0.0,1.00,0.6,99,506,14.88,22.03,198,42,46,0.0,1.00,1.00,1.00,3.07,3.85,3.87,22.2,2.000,0.164,4.00
37000,528,36,29.8,0.0,8.5,0.0,6.4,0.0,1.00,0.6,16,685,20.29,24.78,24,5,7,0.0,1.00,1.00,1.00,3.03,3.81,3.94,20.8,2.000,0.789,4.03
37000,506,28,16.1,1.4,0.0,2.8,11.5,0.0,1.46,10.3,27,739,48.97,13.45,17,7,4,0.0,1.52,1.39,1.50,3.36,3.89,5.18,23.0,1.034,0.500,7.00
37000,459,19,30.1,0.0,8.1,0.0,6.9,0.0,1.00,0.5,8,1304,69.57,44.43,19,0,0,0.0,1.00,1.00,1.00,2.42,3.84,3.89,2.5,2.000,0.522,4.00
37000,403,19,32.0,0.0,10.7,0.0,5.3,0.0,1.00,0.0,3,396,11.63,25.77,18,1,0,0.0,1.00,1.00,1.00,3.68,4.00,4.00,17.5,2.000,0.593,4.00
38000,235,620,12.1,0.1,0.7,1.4,13.0,0.0,1.04,16.5,495,492,27.85,3.77,250,218,152,0.0,1.04,1.05,1.03,3.44,3.47,6.15,29.5,0.819,0.548,8.67
38000,297,419,28.7,0.0,7.4,0.0,6.9,0.0,1.00,0.7,140,454,12.77,23.23,261,100,58,0.0,1.00,1.00,1.00,3.01,3.81,3.85,23.0,2.000,0.174,4.00
38000,528,218,29.3,0.0,8.3,0.0,6.4,0.0,1.00,0.6,79,276,7.55,15.98,83,58,77,0.0,1.00,1.00,1.00,3.27,3.86,3.87,31.2,2.000,0.798,4.01
38000,591,72,9.9,0.2,0.2,1.5,10.7,0.0,1.07,12.8,57,452,20.75,3.48,36,15,21,0.0,1.06,1.08,1.06,2.99,3.07,4.86,27.5,0.819,0.409,7.14
38000,590,67,7.0,0.2,0.3,0.6,6.9,0.0,1.09,19.3,54,306,13.20,2.15,33,20,14,0.0,1.12,1.12,1.07,2.46,3.33,3.70,23.1,0.856,0.383,8.13
38000,403,33,29.9,0.0,9.7,0.0,5.2,0.0,1.00,0.4,11,622,19.15,31.65,28,2,3,0.0,1.00,1.00,1.00,3.00,3.88,3.94,16.8,2.000,0.548,4.00
38000,506,23,21.5,0.4,0.0,2.2,18.3,0.0,1.23,9.4,23,1029,62.83,14.21,18,5,0,0.0,1.21,1.18,1.33,3.57,4.39,5.39,19.7,1.048,0.507,7.22
38000,459,15,30.4,0.0,5.4,0.0,9.8,0.0,1.00,0.1,6,1213,93.84,46.13,15,0,0,0.0,1.00,1.00,1.00,2.73,4.00,4.00,0.7,2.000,0.592,4.00
39000,235,862,11.2,0.1,0.3,1.8,12.6,0.0,1.03,15.9,640,337,20.29,3.60,266,295,301,0.0,1.03,1.03,1.03,3.37,3.31,5.96,32.0,0.799,0.539,8.39
39000,297,425,28.9,0.0,7.5,0.0,6.9,0.0,1.00,0.7,132,531,17.69,24.04,234,120,71,0.0,1.00,1.00,1.00,3.06,3.79,3.88,25.3,2.000,0.184,4.00
39000,528,403,30.8,0.0,8.5,0.0,6.9,0.0,1.00,0.4,115,385,12.56,19.45,128,146,129,0.0,1.00,1.00,1.00,3.26,3.97,3.94,31.7,2.000,0.764,4.05
39000,591,102,10.5,0.3,0.3,1.5,11.0,0.0,1.17,12.4,75,291,15.91,4.28,54,30,18,0.0,1.11,1.16,1.24,3.25,2.93,5.46,28.3,0.822,0.411,7.15
39000,403,29,31.0,0.0,10.7,0.0,4.8,0.0,1.00,0.1,12,1071,40.91,27.84,28,0,1,0.0,1.00,1.00,1.00,3.24,3.97,3.97,11.3,2.000,0.511,4.00
39000,506,19,31.2,0.2,0.0,3.6,26.6,0.0,1.05,8.7,15,132,15.67,10.01,0,16,3,0.0,1.10,1.00,1.06,4.16,5.84,5.58,37.0,1.087,0.523,7.68
39000,590,16,13.2,2.7,0.0,0.2,9.4,0.0,2.14,18.4,10,443,18.06,5.49,6,8,2,0.0,2.40,2.40,1.96,3.12,3.00,5.25,26.8,0.843,0.358,8.50
39000,459,5,32.0,0.0,10.0,0.0,6.0,0.0,1.00,0.0,3,928,61.64,11.47,5,0,0,0.0,1.00,1.00,1.00,3.20,4.00,4.00,4.2,2.000,0.587,4.00
40000,235,875,9.9,0.0,0.2,1.7,11.4,0.0,1.02,16.5,628,337,19.72,4.94,259,318,298,0.0,1.03,1.02,1.02,3.24,3.19,5.64,32.8,0.799,0.534,8.28
40000,528,590,29.0,0.0,8.0,0.0,6.5,0.0,1.00,0.7,175,572,21.23,28.21,220,220,150,0.0,1.00,1.00,1.00,3.10,3.86,3.84,29.7,2.000,0.779,4.02
40000,297,549,28.8,0.0,6.7,0.0,7.7,0.0,1.00,0.7,164,583,23.92,26.70,229,163,157,0.0,1.00,1.00,1.00,3.08,3.82,3.81,29.0,2.000,0.200,4.00
40000,591,96,9.0,0.1,0.3,0.4,10.3,0.0,1.03,13.2,69,399,24.77,5.13,31,32,33,0.0,1.04,1.02,1.04,2.83,2.62,5.09,33.5,0.816,0.404,7.06
40000,604,85,28.2,0.0,5.3,0.0,8.8,0.0,1.00,0.9,37,729,34.97,24.66,58,18,9,0.0,1.00,1.00,1.00,3.18,3.71,3.82,21.8,2.000,0.187,4.00
40000,403,34,29.4,0.0,10.0,0.0,4.7,0.0,1.00,0.5,12,826,32.39,22.28,29,5,0,0.0,1.00,1.00,1.00,2.74,3.94,3.82,17.4,2.000,0.574,4.00
40000,590,26,6.8,0.0,0.0,1.3,8.5,0.0,1.00,21.8,17,343,21.14,7.43,18,7,1,0.0,1.00,1.00,1.00,2.54,3.27,3.88,22.5,0.746,0.390,9.00
40000,506,5,13.8,0.2,0.0,1.0,12.2,0.0,1.05,15.6,5,568,33.20,14.90,0,3,2,0.0,1.06,1.06,1.04,2.40,3.40,4.00,39.1,1.065,0.473,7.60
41000,528,867,29.4,0.0,8.2,0.0,6.6,0.0,1.00,0.7,226,634,27.75,30.25,308,329,230,0.0,1.00,1.00,1.00,3.09,3.87,3.87,30.1,2.000,0.793,4.04
41000,235,747,9.9,0.0,0.1,1.7,11.9,0.0,1.00,15.1,504,331,20.59,5.46,199,268,280,0.0,1.00,1.00,1.00,3.14,3.08,5.47,33.9,0.775,0.524,7.90
41000,297,726,28.2,0.0,6.2,0.0,7.9,0.0,1.00,0.8,237,586,30.38,28.90,234,270,222,0.0,1.00,1.00,1.00,2.99,3.77,3.84,30.8,2.000,0.210,4.00
41000,591,81,10.5,0.6,1.7,0.7,8.8,0.0,1.49,14.7,67,399,24.19,8.26,23,53,5,0.0,1.37,1.36,1.75,2.80,3.20,4.59,27.0,0.844,0.410,7.41
41000,604,72,29.0,0.0,5.9,0.0,8.6,0.0,1.00,0.8,31,1177,70.63,38.54,46,18,8,0.0,1.00,1.00,1.00,3.18,3.82,3.83,21.3,2.000,0.189,4.00
41000,403,34,30.5,0.0,10.5,0.0,4.7,0.0,1.00,0.2,11,1153,53.65,29.25,29,5,0,0.0,1.00,1.00,1.00,2.85,3.94,3.94,18.7,2.000,0.571,4.00
41000,590,5,3.0,0.0,0.0,0.0,4.0,0.0,1.00,27.2,5,905,27.05,10.18,5,0,0,0.0,1.00,1.00,1.00,2.40,2.20,2.20,17.8,0.758,0.376,9.00
42000,528,1033,29.6,0.0,7.9,0.0,6.9,0.0,1.00,0.7,255,711,34.03,33.29,370,367,296,0.0,1.00,1.00,1.00,3.17,3.88,3.88,30.8,2.000,0.786,4.04
42000,235,713,8.5,0.0,0.1,1.3,10.3,0.0,1.00,16.9,470,390,24.35,6.68,81,345,287,0.0,1.00,1.00,1.01,3.01,2.93,5.37,37.7,0.767,0.508,8.16
42000,297,626,28.7,0.0,6.1,0.0,8.3,0.0,1.00,0.8,174,836,47.34,35.16,191,213,222,0.0,1.00,1.00,1.00,2.97,3.79,3.83,31.9,2.000,0.221,4.01
42000,604,103,29.1,0.0,5.2,0.0,9.4,0.0,1.00,0.6,43,946,55.83,38.33,56,37,10,0.0,1.00,1.00,1.00,3.28,3.87,3.83,24.1,2.000,0.192,4.00
42000,591,56,8.9,0.1,1.3,1.3,7.9,0.0,1.06,15.1,44,412,26.01,9.18,18,38,0,0.0,1.05,1.05,1.10,2.80,3.07,4.50,27.1,0.843,0.404,7.36
42000,403,20,30.5,0.0,10.4,0.0,4.8,0.0,1.00,0.3,4,1799,85.64,35.33,16,4,0,0.0,1.00,1.00,1.00,3.60,3.90,3.95,19.0,2.000,0.604,4.00
42000,590,7,2.4,0.0,0.0,0.0,3.3,0.0,1.00,28.3,7,492,22.88,5.58,7,0,0,0.0,1.00,1.00,1.00,1.71,1.86,2.00,16.8,0.728,0.377,9.00
43000,528,1408,30.1,0.0,7.8,0.0,7.2,0.0,1.00,0.7,338,756,35.72,33.98,546,532,330,0.0,1.00,1.00,1.00,3.24,3.88,3.91,29.5,2.000,0.784,4.07
43000,235,700,8.3,0.0,0.1,1.5,10.1,0.0,1.00,17.1,439,359,20.65,5.88,52,259,389,0.0,1.00,1.00,1.00,2.88,2.81,5.31,40.8,0.761,0.521,8.16
43000,297,601,28.7,0.0,5.5,0.0,8.9,0.0,1.00,0.8,173,842,44.41,36.49,190,212,199,0.0,1.00,1.00,1.00,3.09,3.79,3.82,31.3,2.000,0.228,4.00
43000,604,94,25.0,0.0,4.5,0.0,8.0,0.0,1.00,1.9,56,834,38.27,35.03,44,45,5,0.0,1.00,1.00,1.00,3.07,3.61,3.53,24.5,2.000,0.180,4.04
43000,591,19,13.5,0.4,1.2,0.5,12.5,0.0,1.12,12.3,18,506,46.37,15.66,9,10,0,0.1,1.08,1.16,1.12,3.00,3.74,5.05,25.7,0.906,0.397,7.37
43000,622,18,16.8,0.7,0.6,4.5,15.0,0.0,1.15,22.2,14,508,29.62,1.73,17,1,0,0.0,1.21,1.00,1.19,4.39,5.78,6.83,15.5,0.884,0.732,11.39
43000,403,16,27.7,0.0,9.2,0.0,4.7,0.0,1.00,1.8,5,1086,47.38,31.69,12,4,0,0.0,1.00,1.00,1.00,2.38,3.62,3.75,18.9,2.000,0.626,4.12
44000,528,1638,29.9,0.0,7.5,0.0,7.5,0.0,1.00,0.7,407,737,35.98,31.41,620,585,433,0.0,1.00,1.00,1.00,3.22,3.90,3.91,29.9,2.000,0.777,4.07
44000,235,509,11.8,0.2,0.5,1.5,13.2,0.0,1.05,15.6,377,347,20.27,5.49,75,170,264,0.0,1.04,1.05,1.08,3.43,3.33,5.98,38.5,0.775,0.534,8.36
44000,297,465,28.8,0.0,5.8,0.0,8.7,0.0,1.00,0.8,130,968,51.55,38.75,131,154,180,0.0,1.00,1.00,1.00,3.08,3.77,3.83,33.7,2.000,0.224,4.00
44000,604,63,29.5,0.0,6.5,0.0,8.2,0.0,1.00,0.5,26,743,29.21,31.22,26,25,12,0.0,1.00,1.00,1.00,3.49,3.81,3.97,28.9,2.000,0.194,4.02
44000,631,41,29.9,0.0,9.5,0.0,5.4,0.0,1.00,0.5,14,968,36.06,34.16,15,18,8,0.0,1.00,1.00,1.00,3.22,3.93,3.80,30.6,2.000,0.292,4.00
44000,403,8,32.0,0.0,11.0,0.0,5.0,0.0,1.00,0.0,3,856,33.35,39.38,3,5,0,0.0,1.00,1.00,1.00,2.75,4.00,4.00,23.9,2.000,0.629,4.00
45000,528,1922,30.5,0.0,7.7,0.0,7.5,0.0,1.00,0.7,416,801,38.35,32.52,667,798,457,0.0,1.00,1.00,1.00,3.23,3.91,3.94,30.1,2.000,0.783,4.09
45000,297,401,29.1,0.0,5.3,0.0,9.2,0.0,1.00,0.7,123,895,48.20,34.31,124,119,158,0.0,1.00,1.00,1.00,3.19,3.81,3.85,33.0,2.000,0.236,4.00
45000,235,259,14.7,0.0,0.8,1.4,16.6,0.0,1.01,15.8,179,282,18.04,4.93,51,72,136,0.0,1.02,1.02,1.01,3.74,3.66,6.22,36.7,0.810,0.559,8.71
45000,631,83,31.3,0.0,9.5,0.0,6.2,0.0,1.00,0.3,25,688,25.38,23.95,10,45,28,0.0,1.00,1.00,1.00,3.33,3.95,3.98,37.0,2.000,0.276,4.04
45000,604,51,27.0,0.0,5.6,0.0,7.9,0.0,1.00,1.2,24,626,29.60,15.44,10,22,19,0.0,1.00,1.00,1.00,3.24,3.80,3.59,34.7,2.000,0.155,4.00
45000,637,10,26.7,0.0,0.0,0.0,13.4,0.0,1.00,1.6,6,321,28.86,15.50,0,6,4,0.0,1.00,1.00,1.00,2.90,4.00,3.40,39.7,1.995,0.280,4.10
46000,528,1823,30.9,0.0,7.6,0.0,7.9,0.0,1.00,0.5,393,886,43.41,32.89,662,674,487,0.0,1.00,1.00,1.00,3.31,3.94,3.97,30.4,2.000,0.777,4.09
46000,297,379,29.2,0.0,5.7,0.0,8.9,0.0,1.00,0.6,109,759,41.93,30.19,128,129,122,0.0,1.00,1.00,1.00,3.11,3.84,3.84,31.5,2.000,0.239,4.00
46000,235,81,9.6,0.0,1.6,0.8,9.2,0.0,1.02,19.2,71,357,25.58,6.11,25,39,17,0.0,1.02,1.02,1.01,3.04,3.11,5.16,29.4,0.851,0.554,8.70
46000,631,69,31.0,0.0,8.9,0.0,6.7,0.0,1.00,0.2,17,922,35.87,31.27,22,32,15,0.0,1.00,1.00,1.00,3.48,3.91,3.99,30.7,2.000,0.294,4.00
46000,604,51,27.7,0.0,5.2,0.0,8.7,0.0,1.00,1.0,24,713,36.82,19.03,23,9,19,0.0,1.00,1.00,1.00,2.59,3.76,3.73,30.4,2.000,0.178,4.00
47000,528,1913,31.0,0.0,7.6,0.0,7.9,0.0,1.00,0.6,383,814,38.47,30.79,698,709,506,0.0,1.00,1.00,1.00,3.29,3.94,3.98,29.7,2.000,0.783,4.10
47000,297,317,29.1,0.0,5.9,0.0,8.7,0.0,1.00,0.7,78,912,46.96,34.05,134,68,115,0.0,1.00,1.00,1.00,3.09,3.85,3.84,30.2,2.000,0.231,4.01
47000,235,279,9.7,0.1,0.1,0.8,12.0,0.0,1.01,16.7,187,262,15.05,4.59,93,15,171,0.0,1.00,1.02,1.02,3.13,2.88,5.82,37.0,0.768,0.544,8.35
47000,631,107,30.0,0.0,8.0,0.0,7.0,0.0,1.00,0.5,26,815,32.29,23.29,16,46,45,0.0,1.00,1.00,1.00,3.11,3.86,3.88,38.4,2.000,0.275,4.00
47000,604,21,24.8,0.0,4.9,0.0,7.5,0.0,1.00,1.7,14,915,54.15,26.59,3,5,13,0.0,1.00,1.00,1.00,2.62,3.38,3.76,39.4,2.000,0.165,4.00
48000,528,1771,30.8,0.0,7.5,0.0,7.9,0.0,1.00,0.6,372,865,41.10,32.07,675,600,496,0.0,1.00,1.00,1.00,3.17,3.94,3.94,29.8,2.000,0.798,4.09
48000,297,219,29.7,0.0,6.5,0.0,8.4,0.0,1.00,0.6,55,930,49.17,36.95,54,65,100,0.0,1.00,1.00,1.00,3.23,3.87,3.85,34.9,2.000,0.227,4.00
48000,235,152,13.4,0.1,1.5,0.4,13.8,0.0,1.01,15.7,102,231,18.05,6.40,50,68,34,0.1,1.01,1.00,1.02,3.28,3.41,6.32,27.9,0.842,0.538,8.64
48000,631,139,30.3,0.0,7.1,0.0,8.0,0.0,1.00,0.5,35,675,28.98,20.84,9,55,75,0.0,1.00,1.00,1.00,3.32,3.86,3.96,41.4,2.000,0.274,4.04
48000,604,16,28.5,0.0,5.1,0.0,9.2,0.0,1.00,0.8,8,941,60.43,34.64,1,1,14,0.0,1.00,1.00,1.00,3.19,3.88,3.75,43.7,2.000,0.117,4.00
49000,528,1448,31.2,0.0,7.4,0.0,8.1,0.0,1.00,0.5,304,951,44.67,33.03,528,529,391,0.0,1.00,1.00,1.00,3.29,3.96,3.98,29.6,2.000,0.811,4.10
49000,297,145,29.8,0.0,6.2,0.0,8.7,0.0,1.00,0.5,41,1004,48.20,35.76,52,45,48,0.0,1.00,1.00,1.00,3.21,3.88,3.86,31.0,2.000,0.223,4.00
49000,235,102,11.8,0.0,1.8,1.7,11.6,0.0,1.00,16.2,63,311,19.91,5.82,39,21,42,0.0,1.00,1.00,1.00,3.46,3.50,6.36,33.6,0.813,0.541,8.87
49000,631,90,31.6,0.0,7.2,0.0,8.6,0.0,1.00,0.3,27,984,41.69,26.53,10,38,42,0.0,1.00,1.00,1.00,3.47,3.93,4.07,38.1,2.000,0.351,4.08
49000,692,70,8.7,0.0,0.0,0.8,11.0,0.0,1.00,16.6,58,369,19.95,6.52,0,9,61,0.0,1.00,1.00,1.00,3.29,2.83,5.93,48.8,0.758,0.432,8.30
49000,604,5,32.0,0.0,6.4,0.0,9.6,0.0,1.00,0.0,4,1733,105.98,48.87,0,0,5,0.0,1.00,1.00,1.00,2.00,4.00,4.00,42.0,2.000,0.104,4.00
50000,528,1294,30.7,0.0,7.4,0.0,7.9,0.0,1.00,0.5,290,867,39.58,31.51,456,494,344,0.0,1.00,1.00,1.00,3.22,3.94,3.93,29.8,2.000,0.820,4.06
50000,297,91,29.1,0.0,6.6,0.0,8.0,0.0,1.00,0.8,29,1108,57.90,40.56,47,21,23,0.0,1.00,1.00,1.00,3.13,3.84,3.75,25.3,2.000,0.234,4.00
50000,692,90,9.9,0.0,0.0,1.0,13.5,0.0,1.00,16.0,58,242,13.46,4.04,0,6,84,0.0,1.00,1.00,1.00,3.29,2.50,6.60,46.1,0.710,0.475,8.50
50000,707,77,15.9,0.0,1.6,1.3,19.1,0.0,1.00,18.7,64,285,26.11,7.98,40,35,2,0.0,1.00,1.00,1.00,4.21,4.81,5.40,24.2,0.743,0.523,9.73
50000,631,41,31.1,0.0,7.6,0.0,8.0,0.0,1.00,0.5,16,1149,44.53,37.43,4,8,29,0.0,1.00,1.00,1.00,3.20,3.98,3.95,39.4,2.000,0.291,4.10
50000,235,33,10.0,0.0,0.8,1.7,9.3,0.0,1.00,18.9,29,754,40.18,11.79,18,9,6,0.0,1.00,1.00,1.00,3.12,3.42,4.82,24.4,0.913,0.595,8.61
50000,604,17,31.9,0.0,5.2,0.0,10.7,0.0,1.00,0.0,8,279,12.64,14.11,0,3,14,0.0,1.00,1.00,1.00,3.65,4.00,4.00,46.1,2.000,0.125,4.00
51000,528,1016,31.1,0.0,7.6,0.0,7.9,0.0,1.00,0.6,239,931,41.11,34.01,359,419,238,0.0,1.00,1.00,1.00,3.27,3.97,3.97,29.5,2.000,0.818,4.11
51000,692,92,9.9,0.0,0.0,0.5,13.8,0.0,1.00,15.2,67,180,10.73,1.94,0,23,69,0.0,1.00,1.00,1.00,3.43,2.90,7.50,47.6,0.703,0.482,8.76
51000,707,76,13.1,0.0,3.3,0.4,14.9,0.0,1.00,19.6,69,305,19.16,3.95,23,48,5,0.0,1.00,1.00,1.00,4.04,4.47,5.58,29.0,0.716,0.557,9.71
51000,297,57,29.3,0.0,6.5,0.0,8.1,0.0,1.00,0.5,23,1120,58.62,46.32,22,20,15,0.0,1.00,1.00,1.00,3.28,3.88,3.86,26.7,2.000,0.240,4.00
51000,732,20,33.1,0.0,6.4,0.0,10.1,0.0,1.00,0.7,15,496,37.45,36.87,15,2,3,0.0,1.00,1.00,1.00,2.85,4.15,4.30,18.8,2.000,0.848,4.40
51000,631,14,27.4,0.0,7.6,0.0,6.1,0.0,1.00,1.4,6,743,26.19,39.04,12,0,2,0.0,1.00,1.00,1.00,3.21,3.71,3.57,16.7,2.000,0.295,4.00
51000,725,8,49.5,0.0,12.8,0.0,12.0,0.0,1.00,0.0,3,1462,58.07,48.49,1,5,2,0.0,1.00,1.00,1.00,4.00,5.00,5.00,33.7,2.000,0.682,5.00
51000,724,6,23.7,0.0,0.0,0.0,11.8,0.0,1.00,7.3,5,372,15.65,13.70,3,3,0,0.0,1.00,1.00,1.00,2.50,3.00,3.33,24.9,2.000,0.793,5.00
52000,528,751,31.3,0.0,7.4,0.0,8.3,0.0,1.00,0.4,166,927,35.30,31.23,349,243,159,0.0,1.00,1.00,1.00,3.30,3.96,3.99,26.5,2.000,0.814,4.08
52000,747,154,9.9,0.2,0.0,0.3,13.5,0.0,1.04,14.2,110,199,11.56,2.36,96,43,15,0.0,1.02,1.07,1.04,3.44,3.71,4.92,22.6,0.696,0.470,7.81
52000,692,130,9.4,0.4,0.0,2.3,11.5,0.0,1.11,15.8,109,282,14.63,2.40,0,41,89,0.0,1.04,1.15,1.14,3.64,3.25,6.35,43.7,0.694,0.491,8.59
52000,707,101,16.2,0.0,2.3,0.3,19.5,0.0,1.00,19.1,87,253,17.94,4.29,41,51,9,0.0,1.00,1.00,1.00,4.10,4.56,6.31,26.6,0.735,0.569,10.03
52000,297,57,29.2,0.0,4.5,0.0,10.1,0.0,1.00,0.6,21,830,31.13,23.96,25,22,10,0.0,1.00,1.00,1.00,3.26,3.89,3.81,26.1,2.000,0.260,4.00
52000,748,18,31.6,0.0,8.6,0.0,7.2,0.0,1.00,0.0,8,589,15.22,24.57,1,4,13,0.0,1.00,1.00,1.00,3.83,4.00,4.00,42.6,2.000,0.841,4.00
52000,631,15,28.7,0.0,5.9,0.0,8.4,0.0,1.00,0.7,8,760,31.33,26.45,14,0,1,0.0,1.00,1.00,1.00,2.73,3.80,3.87,14.2,2.000,0.271,4.00
52000,732,8,34.8,0.0,7.8,0.0,9.6,0.0,1.00,2.0,7,1454,83.31,89.46,2,5,1,0.0,1.00,1.00,1.00,3.12,4.12,3.88,28.7,2.000,0.881,4.50
53000,528,431,31.2,0.0,7.6,0.0,8.0,0.0,1.00,0.4,125,903,34.11,28.44,258,96,77,0.0,1.00,1.00,1.00,3.36,3.99,3.97,22.8,2.000,0.848,4.07
53000,747,220,9.9,0.4,0.0,1.4,12.7,0.0,1.13,14.6,150,222,12.88,3.08,179,34,7,0.0,1.07,1.18,1.15,3.18,3.72,4.91,15.3,0.695,0.479,7.93
53000,707,111,17.2,0.0,1.2,0.7,20.6,0.0,1.00,17.6,84,369,21.24,3.41,48,50,13,0.0,1.00,1.00,1.00,4.11,4.47,6.62,28.1,0.792,0.629,9.72
53000,692,85,10.7,0.0,0.2,1.5,13.8,0.0,1.01,14.5,82,406,20.65,2.11,19,17,49,0.0,1.00,1.01,1.01,3.54,3.73,6.87,37.8,0.704,0.459,8.69
53000,777,64,11.0,1.2,0.0,4.3,11.5,0.0,1.41,15.8,53,441,20.92,2.72,27,18,19,0.0,1.39,1.42,1.42,3.69,3.39,6.81,29.9,0.675,0.603,8.91
53000,695,27,29.8,0.0,5.4,0.0,9.5,0.0,1.00,0.7,11,1088,40.64,32.11,15,8,4,0.0,1.00,1.00,1.00,3.41,3.89,3.81,24.4,2.000,0.572,4.04
53000,773,25,30.0,0.0,8.1,0.0,6.9,0.0,1.00,0.4,11,1270,41.61,42.26,10,6,9,0.0,1.00,1.00,1.00,3.24,3.92,3.92,29.2,2.000,0.769,4.00
53000,631,9,27.1,0.0,6.7,0.0,6.9,0.0,1.00,1.3,4,1415,52.20,45.02,6,1,2,0.0,1.00,1.00,1.00,3.67,3.67,3.67,22.9,2.000,0.262,4.00
53000,775,6,12.5,0.0,0.0,0.0,18.0,0.0,1.00,6.3,3,254,12.77,1.68,0,0,6,0.0,1.00,1.00,1.00,3.50,6.17,6.67,44.0,0.697,0.475,8.00
54000,528,211,32.8,0.0,7.8,0.0,8.6,0.0,1.00,0.3,60,948,37.86,31.13,157,30,24,0.0,1.00,1.00,1.00,3.45,4.08,4.06,18.1,2.000,0.923,4.15
54000,747,94,16.0,0.2,0.2,0.2,20.0,0.0,1.09,11.6,83,433,29.44,8.79,72,13,9,0.0,1.03,1.11,1.12,3.95,4.52,6.17,19.3,0.741,0.454,8.04
54000,707,79,12.8,0.0,2.4,1.4,15.7,0.0,1.00,18.7,61,254,13.68,2.23,52,24,3,0.0,1.00,1.00,1.00,4.24,4.35,6.24,19.9,0.670,0.627,9.87
54000,777,39,8.2,0.8,0.0,1.3,9.7,0.0,1.31,18.1,34,666,27.77,2.95,15,9,15,0.0,1.33,1.34,1.28,3.26,2.64,6.67,33.6,0.681,0.651,8.92
54000,692,39,11.0,0.0,0.0,0.7,15.8,0.0,1.00,13.6,31,296,18.34,3.36,24,8,7,0.0,1.00,1.00,1.00,3.79,4.28,7.77,24.6,0.676,0.514,9.13
54000,773,20,31.0,0.0,7.5,0.0,8.0,0.0,1.00,0.1,8,888,29.90,33.36,16,4,0,0.0,1.00,1.00,1.00,2.90,4.00,3.95,17.3,2.000,0.734,4.00
54000,631,10,31.2,0.0,8.2,0.0,7.4,0.0,1.00,0.2,4,566,19.50,31.18,10,0,0,0.0,1.00,1.00,1.00,3.80,4.00,3.90,17.1,2.000,0.268,4.00
54000,748,10,24.8,0.0,3.8,0.0,8.6,0.0,1.00,1.4,9,144,5.20,5.95,10,0,0,0.0,1.00,1.00,1.00,3.40,3.50,3.80,18.7,2.000,0.445,4.00
54000,695,5,32.0,0.0,9.0,0.0,7.0,0.0,1.00,0.0,1,2368,67.94,58.17,2,3,0,0.0,1.00,1.00,1.00,2.20,4.00,4.00,28.1,2.000,0.664,4.00
55000,528,170,31.3,0.0,7.6,0.0,8.1,0.0,1.00,0.4,58,716,31.44,25.46,134,26,10,0.0,1.00,1.00,1.00,3.22,4.01,4.00,16.8,2.000,0.925,4.11
55000,747,91,18.6,0.1,0.3,0.1,25.0,0.0,1.03,9.8,76,330,22.96,2.06,77,10,4,0.0,1.03,1.03,1.02,4.51,4.49,7.29,17.7,0.712,0.447,8.19
55000,707,89,14.2,0.0,1.9,0.9,17.7,0.0,1.00,18.7,72,241,13.46,1.10,78,9,2,0.0,1.00,1.00,1.00,3.97,4.11,6.30,17.1,0.709,0.635,9.74
55000,777,46,12.1,0.2,0.0,0.5,16.3,0.0,1.07,14.3,38,322,19.69,4.47,37,5,4,0.0,1.05,1.05,1.12,3.54,3.46,6.85,15.4,0.693,0.603,8.70
55000,814,36,31.8,0.0,9.1,0.0,6.9,0.0,1.00,0.5,18,593,18.80,28.11,30,5,1,0.0,1.00,1.00,1.00,3.28,4.19,4.17,16.9,2.000,0.687,4.19
55000,692,31,13.4,0.0,0.0,2.4,16.8,0.0,1.00,10.3,23,297,18.50,0.71,27,2,2,0.0,1.00,1.00,1.00,3.94,5.03,7.00,16.8,0.746,0.433,8.58
55000,773,10,30.4,0.0,7.8,0.0,7.4,0.0,1.00,0.2,6,1400,56.45,58.22,9,1,0,0.0,1.00,1.00,1.00,3.00,3.90,4.00,14.6,2.000,0.725,4.00
55000,631,7,32.0,0.0,8.3,0.0,7.7,0.0,1.00,0.0,4,1234,40.70,33.89,6,0,1,0.0,1.00,1.00,1.00,2.71,4.00,4.00,20.6,2.000,0.277,4.00
56000,528,238,32.3,0.0,9.1,0.0,7.1,0.0,1.00,0.3,75,603,23.29,27.70,177,39,22,0.0,1.00,1.00,1.00,3.30,4.02,4.06,18.8,2.000,0.920,4.12
56000,747,102,11.2,0.0,0.1,0.0,15.6,0.0,1.00,14.4,89,466,28.21,4.05,71,20,11,0.0,1.00,1.00,1.00,3.72,3.47,6.61,21.0,0.709,0.436,8.41
56000,692,85,12.9,0.0,0.0,3.1,15.8,0.0,1.01,12.9,70,211,13.47,2.43,65,15,5,0.0,1.01,1.00,1.01,4.04,4.80,6.40,19.1,0.738,0.451,8.60
56000,777,60,15.9,0.2,0.0,0.4,20.1,0.0,1.09,9.8,48,312,21.75,5.21,47,8,5,0.0,1.11,1.09,1.08,4.05,4.63,6.27,12.6,0.749,0.534,7.80
56000,707,38,23.9,0.3,7.3,0.3,26.3,0.0,1.11,15.7,33,470,29.32,6.43,28,8,2,0.0,1.10,1.10,1.13,5.50,4.84,8.16,19.6,0.690,0.663,10.34
56000,814,9,32.0,0.0,8.3,0.0,7.7,0.0,1.00,0.0,5,1196,39.86,68.31,8,0,1,0.0,1.00,1.00,1.00,3.56,4.00,4.00,16.3,2.000,0.687,4.00
56000,773,6,32.0,0.0,8.5,0.0,7.5,0.0,1.00,0.0,3,1663,47.58,67.11,6,0,0,0.0,1.00,1.00,1.00,2.50,4.00,4.00,10.2,2.000,0.747,4.00
57000,528,415,30.8,0.0,8.2,0.0,7.2,0.0,1.00,0.7,135,560,20.51,24.72,253,97,65,0.0,1.00,1.00,1.00,3.16,3.94,3.97,22.9,2.000,0.915,4.12
57000,747,276,13.5,0.1,0.2,0.7,17.3,0.0,1.04,12.3,213,319,20.56,3.20,207,33,36,0.0,1.00,1.07,1.04,3.91,3.84,6.64,20.3,0.739,0.449,8.10
57000,777,74,11.2,0.2,0.0,0.7,13.3,0.0,1.12,15.2,59,453,26.13,7.15,45,21,8,0.0,1.08,1.08,1.21,2.99,3.35,5.28,21.4,0.741,0.580,8.03
57000,692,52,8.6,0.0,0.0,2.0,10.9,0.0,1.00,16.5,49,476,22.54,2.98,16,19,17,0.0,1.00,1.00,1.00,3.37,3.54,5.58,32.4,0.725,0.451,8.52
57000,707,27,16.7,0.0,5.3,0.3,18.4,0.0,1.00,22.3,27,779,50.45,2.39,11,8,8,0.0,1.00,1.00,1.00,4.37,4.30,6.78,28.2,0.691,0.713,10.85
57000,773,11,25.8,0.0,6.0,0.0,6.9,0.0,1.00,1.5,5,395,12.07,19.69,0,9,2,0.0,1.00,1.00,1.00,2.64,4.00,3.27,37.3,2.000,0.753,4.00
57000,631,5,29.6,0.0,7.6,0.0,7.2,0.0,1.00,0.0,3,930,24.38,37.47,4,0,1,0.0,1.00,1.00,1.00,3.80,4.00,4.00,19.5,2.000,0.300,4.00
58000,528,545,31.5,0.0,7.8,0.0,7.9,0.0,1.00,0.6,149,631,22.52,26.54,271,141,133,0.0,1.00,1.00,1.00,3.30,4.00,3.97,26.9,2.000,0.912,4.14
58000,747,382,10.4,0.1,0.0,0.4,13.9,0.0,1.03,14.8,323,396,23.11,3.59,185,120,77,0.0,1.02,1.02,1.03,3.38,3.47,6.01,26.6,0.720,0.449,8.14
58000,692,102,8.2,0.0,0.1,0.8,11.3,0.0,1.00,16.1,87,383,19.38,3.00,20,48,34,0.0,1.00,1.00,1.00,3.26,3.04,6.25,33.8,0.700,0.487,8.48
58000,707,54,24.2,0.0,8.1,0.9,25.2,0.0,1.00,16.7,53,414,32.06,2.24,19,15,20,0.0,1.00,1.00,1.00,5.87,5.41,9.13,32.4,0.713,0.725,11.04
58000,841,51,17.4,0.0,0.0,0.1,19.1,0.0,1.00,18.0,45,649,35.54,1.47,5,34,12,0.0,1.00,1.00,1.00,3.59,3.57,6.33,33.4,0.897,0.645,9.31
58000,777,7,5.2,0.0,0.0,0.0,6.9,0.0,1.00,14.9,6,448,18.84,4.08,1,1,5,0.0,1.00,1.00,1.00,2.43,1.86,4.71,41.4,0.755,0.494,7.00
59000,528,746,31.5,0.0,8.1,0.0,7.6,0.0,1.00,0.5,202,690,25.64,26.65,364,190,192,0.0,1.00,1.00,1.00,3.34,4.03,4.01,27.5,2.000,0.907,4.14
59000,747,490,12.1,0.4,0.0,0.6,15.6,0.0,1.09,14.2,386,324,20.59,3.66,206,142,142,0.0,1.03,1.14,1.09,3.56,3.77,5.94,29.0,0.709,0.447,8.20
59000,707,78,20.1,0.0,5.7,0.6,21.4,0.0,1.00,19.1,74,293,22.79,4.11,47,18,13,0.0,1.00,1.00,1.00,4.94,5.15,7.51,22.6,0.730,0.700,10.78
59000,841,52,19.1,0.0,0.5,0.5,19.3,0.0,1.00,16.6,43,308,26.07,3.58,0,42,10,0.0,1.00,1.00,1.00,4.06,4.10,6.37,36.1,0.947,0.674,9.25
59000,777,46,9.4,0.2,0.0,2.0,12.0,0.0,1.02,19.5,37,255,13.40,3.00,9,20,17,0.0,1.00,1.05,1.03,3.35,2.89,5.85,34.3,0.682,0.665,9.13
59000,692,20,7.0,0.0,0.0,0.0,10.1,0.0,1.00,16.3,18,683,34.69,2.01,0,7,13,0.0,1.00,1.00,1.00,2.55,2.85,4.70,43.5,0.708,0.471,7.85
60000,528,1045,32.0,0.0,7.5,0.0,8.5,0.0,1.00,0.6,249,712,31.21,27.01,460,367,218,0.0,1.00,1.00,1.00,3.33,4.01,4.02,27.8,2.000,0.903,4.16
60000,747,465,13.1,1.3,0.0,0.4,15.0,0.0,1.38,13.9,351,354,27.57,8.87,99,132,234,0.0,1.34,1.52,1.35,3.56,3.64,6.11,37.3,0.724,0.489,8.18
60000,859,139,31.3,0.0,6.5,0.0,9.2,0.0,1.00,0.3,49,621,26.99,23.21,45,40,54,0.0,1.00,1.00,1.00,3.42,4.02,3.97,34.0,2.000,0.313,4.06
60000,841,90,15.6,0.0,0.0,0.2,16.7,0.0,1.00,17.8,68,408,29.02,3.28,12,72,6,0.0,1.00,1.00,1.00,3.63,3.61,6.03,33.4,0.928,0.653,9.10
60000,777,53,11.8,0.5,0.0,1.0,15.9,0.0,1.05,16.7,40,273,18.65,3.11,35,7,11,0.0,1.04,1.06,1.04,3.74,3.09,7.30,24.3,0.670,0.659,9.19
60000,692,35,7.7,0.0,0.0,0.9,10.4,0.0,1.00,14.1,33,407,23.17,6.15,2,24,9,0.0,1.00,1.00,1.00,3.00,3.20,4.80,36.0,0.711,0.474,7.43
60000,707,23,16.9,0.0,8.5,0.5,15.7,0.0,1.00,19.5,23,439,33.25,9.49,14,1,8,0.0,1.00,1.00,1.00,4.78,5.61,6.22,26.7,0.688,0.591,10.48
61000,528,1343,32.0,0.0,8.0,0.0,8.0,0.0,1.00,0.5,316,764,35.07,30.90,483,547,313,0.0,1.00,1.00,1.00,3.31,4.04,4.02,29.4,2.000,0.910,4.15
61000,747,262,12.6,0.7,0.0,0.8,15.1,0.0,1.25,13.2,213,387,29.11,9.54,84,64,114,0.0,1.21,1.28,1.26,3.57,3.53,6.07,34.5,0.736,0.502,7.90
61000,859,188,29.9,0.0,7.2,0.0,7.8,0.0,1.00,0.6,63,841,37.02,30.72,74,70,44,0.0,1.00,1.00,1.00,3.30,3.87,3.93,29.4,2.000,0.294,4.04
61000,777,61,12.3,0.6,0.0,2.9,15.7,0.0,1.15,16.7,56,319,20.44,7.57,31,20,10,0.0,1.13,1.13,1.19,4.11,3.75,6.85,25.8,0.666,0.608,9.25
61000,841,58,15.7,0.0,0.0,0.2,16.8,0.0,1.00,17.7,47,381,28.22,7.04,44,14,0,0.0,1.00,1.00,1.00,3.33,3.66,6.07,19.0,0.937,0.669,9.05
61000,692,57,8.2,0.0,0.1,1.3,10.6,0.0,1.00,15.4,40,298,20.86,8.28,34,10,13,0.0,1.00,1.00,1.00,3.02,3.11,4.35,27.7,0.671,0.491,7.53
61000,707,48,23.2,0.0,5.2,0.0,25.7,0.0,1.00,15.4,42,334,24.87,5.35,14,14,20,0.0,1.00,1.00,1.00,5.10,5.33,7.50,33.2,0.751,0.614,9.96
62000,528,1529,31.8,0.0,7.7,0.0,8.2,0.0,1.00,0.6,359,789,37.66,31.46,485,638,406,0.0,1.00,1.00,1.00,3.30,4.01,4.00,30.6,2.000,0.898,4.16
62000,859,158,30.2,0.0,7.1,0.0,8.0,0.0,1.00,0.6,51,1082,54.95,37.49,59,61,38,0.0,1.00,1.00,1.00,3.25,3.87,3.88,30.4,2.000,0.291,4.03
62000,747,126,11.3,0.8,0.0,1.2,13.2,0.0,1.21,12.8,97,298,21.49,5.34,96,9,21,0.0,1.09,1.28,1.24,3.30,3.29,5.96,20.2,0.715,0.493,7.66
62000,777,52,11.8,1.4,0.0,4.8,11.9,0.0,1.49,17.7,41,615,39.89,9.22,44,2,6,0.0,1.43,1.40,1.66,3.81,3.15,6.73,21.4,0.687,0.630,9.29
62000,841,21,14.0,0.0,0.4,0.0,14.5,0.0,1.00,18.8,18,366,27.49,7.24,11,10,0,0.0,1.00,1.00,1.00,3.10,2.90,6.10,24.2,0.949,0.676,9.10
62000,866,19,9.8,0.0,0.3,0.3,9.1,0.0,1.00,16.8,18,559,36.97,11.32,12,7,0,0.0,1.00,1.00,1.00,3.05,3.63,5.37,20.3,1.014,0.445,8.00
62000,692,18,10.0,3.4,0.0,1.3,7.0,0.0,2.04,13.2,15,272,20.32,4.81,0,18,0,0.0,1.48,2.22,2.22,2.83,3.17,4.89,30.9,0.696,0.495,7.17
62000,707,9,20.4,0.0,0.0,0.0,26.6,0.0,1.00,23.3,9,660,64.95,22.91,0,8,1,0.0,1.00,1.00,1.00,4.67,5.89,5.33,38.6,0.771,0.619,11.00
63000,528,1650,31.3,0.0,7.0,0.0,8.7,0.0,1.00,0.6,370,844,42.73,32.15,506,638,506,0.0,1.00,1.00,1.00,3.31,3.98,3.99,31.9,2.000,0.890,4.14
63000,859,203,30.1,0.0,6.9,0.0,8.2,0.0,1.00,0.5,67,875,43.67,31.37,59,90,54,0.0,1.00,1.00,1.00,3.31,3.93,3.90,32.5,2.000,0.288,4.04
63000,874,46,29.8,0.0,7.3,0.0,7.6,0.0,1.00,0.8,17,1103,61.05,41.39,17,13,16,0.0,1.00,1.00,1.00,2.91,3.87,3.78,31.9,2.000,0.851,4.02
63000,777,37,16.5,1.7,0.0,4.2,18.7,0.0,1.60,17.4,32,597,51.15,9.82,23,6,8,0.0,1.50,1.48,1.87,4.16,3.62,6.32,25.8,0.693,0.625,9.30
63000,747,31,27.4,1.0,0.3,0.0,32.0,0.0,1.25,6.5,24,302,30.04,19.03,0,0,31,0.0,1.18,1.28,1.34,5.94,6.19,7.68,54.0,0.792,0.477,8.35
63000,866,20,5.8,0.0,0.6,0.0,6.1,0.0,1.00,15.5,17,347,22.77,8.69,2,17,1,0.0,1.00,1.00,1.00,2.45,1.85,4.20,28.7,0.849,0.419,6.90
63000,692,13,21.0,9.9,0.2,2.3,7.6,0.0,3.98,9.1,11,807,65.86,10.92,0,13,0,0.2,2.67,4.30,4.49,4.00,4.54,6.38,32.2,0.702,0.478,7.46
64000,528,2002,31.8,0.0,7.2,0.0,8.7,0.0,1.00,0.6,436,819,41.25,31.58,653,735,614,0.0,1.00,1.00,1.00,3.29,4.01,4.02,31.3,2.000,0.898,4.17
64000,859,223,31.3,0.0,7.4,0.0,8.3,0.0,1.00,0.5,64,867,42.78,33.00,44,98,81,0.0,1.00,1.00,1.00,3.23,3.95,3.96,36.1,2.000,0.278,4.08
64000,881,121,8.9,0.1,0.6,0.1,12.6,0.0,1.02,14.7,95,240,15.42,4.10,88,33,0,0.0,1.00,1.06,1.02,3.46,3.24,6.76,21.6,0.664,0.502,8.36
64000,874,57,28.8,0.0,6.2,0.0,8.2,0.0,1.00,1.1,23,1100,63.72,38.31,27,13,17,0.0,1.00,1.00,1.00,3.11,3.81,3.75,29.1,2.000,0.839,4.05
64000,777,30,9.8,3.0,0.0,2.0,6.3,0.0,1.90,21.7,19,454,17.01,6.44,28,2,0,0.0,1.73,1.86,2.14,2.67,2.53,4.60,16.8,0.731,0.650,9.00
64000,692,16,15.4,5.9,0.0,1.1,9.7,0.0,2.87,9.5,14,822,69.33,11.79,0,16,0,0.0,1.83,3.43,3.09,3.75,4.38,5.62,32.8,0.694,0.474,7.19
64000,747,14,23.6,6.9,0.3,5.2,11.2,0.0,2.74,8.1,13,693,41.62,11.78,14,0,0,0.0,1.07,3.61,3.24,3.79,4.86,6.21,5.2,0.808,0.555,7.36
65000,528,2132,31.9,0.0,7.0,0.0,8.9,0.0,1.00,0.6,424,832,41.85,30.94,630,794,708,0.0,1.00,1.00,1.00,3.37,4.00,4.02,32.5,2.000,0.890,4.16
65000,859,244,30.8,0.0,6.4,0.0,9.0,0.0,1.00,0.4,53,889,44.88,30.65,68,104,72,0.0,1.00,1.00,1.00,3.33,3.93,3.94,33.6,2.000,0.299,4.02
65000,891,107,31.6,0.0,4.5,0.0,11.3,0.0,1.01,0.6,43,996,55.02,31.99,40,17,50,0.0,1.01,1.01,1.00,3.31,4.05,4.02,32.5,2.000,0.955,4.17
65000,881,72,6.7,0.0,0.2,0.0,9.7,0.0,1.00,17.3,59,127,7.67,2.63,65,7,0,0.0,1.00,1.00,1.00,2.81,2.67,5.88,14.8,0.668,0.509,8.38
65000,692,59,7.8,1.3,0.0,0.4,8.6,0.0,1.44,12.7,40,504,32.70,11.39,1,53,5,0.0,1.27,1.61,1.47,2.85,3.02,4.41,33.7,0.679,0.579,6.81
65000,874,50,27.3,0.0,5.3,0.0,8.3,0.0,1.00,1.5,32,689,29.98,24.87,23,18,9,0.0,1.00,1.00,1.00,2.90,3.76,3.66,27.5,2.000,0.854,4.08
65000,777,14,8.0,2.6,0.0,1.6,4.6,0.0,1.93,23.4,11,934,15.39,14.72,13,1,0,0.0,1.99,1.97,1.96,2.50,2.71,4.07,17.2,0.744,0.645,9.00
65000,892,11,18.0,7.2,0.0,0.0,10.1,0.0,3.36,14.4,10,930,93.24,32.32,0,2,9,0.0,2.23,4.29,3.41,3.91,4.00,6.36,41.8,0.717,0.424,8.64
65000,747,7,36.8,16.0,0.0,2.1,10.1,0.0,5.76,5.7,6,851,41.07,17.83,7,0,0,0.0,2.39,7.31,6.85,5.29,5.00,6.14,4.5,0.838,0.530,7.00
66000,528,1960,31.8,0.0,6.7,0.0,9.2,0.0,1.00,0.6,403,858,41.98,30.56,646,737,577,0.0,1.00,1.00,1.00,3.39,4.00,4.01,31.3,2.000,0.879,4.15
66000,859,262,30.1,0.0,6.3,0.0,8.7,0.0,1.00,0.8,78,839,44.10,27.82,63,106,93,0.0,1.00,1.00,1.00,3.31,3.87,3.89,35.0,2.000,0.320,4.07
66000,891,109,32.3,0.0,4.2,0.0,11.9,0.0,1.00,0.6,37,868,50.94,35.35,45,11,53,0.0,1.00,1.00,1.00,3.30,4.00,4.08,31.7,2.000,0.924,4.18
66000,881,51,7.7,0.0,0.1,0.0,11.3,0.0,1.00,18.4,44,183,10.93,2.63,42,9,0,0.0,1.00,1.00,1.00,3.14,3.02,6.25,19.9,0.677,0.419,8.96
66000,692,24,8.1,2.2,0.0,1.2,6.5,0.0,1.71,15.2,22,920,52.55,17.10,1,23,0,0.0,1.11,2.01,1.85,2.58,3.08,4.00,33.4,0.695,0.572,7.17
66000,892,15,7.5,1.7,0.0,1.7,6.1,0.0,1.45,20.5,15,453,39.84,5.80,0,12,3,0.0,1.00,1.78,1.49,3.13,4.47,5.53,34.7,0.709,0.469,9.07
66000,862,12,43.2,0.0,11.2,0.0,10.4,0.0,1.00,0.0,8,964,38.52,26.09,0,0,12,0.0,1.00,1.00,1.00,3.92,4.67,4.67,48.3,2.000,0.947,4.67
66000,874,12,29.7,0.0,6.2,0.0,8.6,0.0,1.00,0.5,9,793,30.02,34.32,9,2,1,0.0,1.00,1.00,1.00,3.00,4.00,3.75,20.7,2.000,0.877,4.00
66000,747,6,44.2,21.5,0.0,2.0,9.0,0.0,7.72,5.0,6,1614,89.45,21.67,6,0,0,0.0,3.07,9.79,9.17,4.83,5.67,5.83,4.1,0.824,0.534,7.00
67000,528,1937,31.4,0.0,6.5,0.0,9.2,0.0,1.00,0.7,400,847,40.93,30.65,609,672,656,0.0,1.00,1.00,1.00,3.29,3.96,3.98,32.1,2.000,0.875,4.14
67000,859,229,30.8,0.0,6.6,0.0,8.8,0.0,1.00,0.8,67,943,47.17,32.54,63,86,80,0.0,1.00,1.00,1.00,3.34,3.93,3.89,32.7,2.000,0.267,4.10
67000,891,84,32.5,0.0,4.5,0.0,11.8,0.0,1.00,0.9,25,779,38.29,23.92,23,15,46,0.0,1.00,1.00,1.00,3.50,3.99,4.07,34.6,2.000,0.967,4.25
67000,692,37,13.0,0.4,0.0,0.0,17.5,0.0,1.09,13.5,33,286,16.82,5.12,17,20,0,0.0,1.02,1.11,1.11,3.81,4.97,4.43,26.0,0.717,0.642,8.00
67000,881,23,10.7,0.9,0.0,0.0,13.7,0.0,1.34,14.5,19,172,9.92,2.81,20,3,0,0.0,1.22,1.26,1.52,3.70,4.52,6.74,19.2,0.688,0.400,9.00
67000,921,11,12.5,0.0,0.0,3.7,18.0,0.0,1.00,14.2,9,232,15.20,4.86,11,0,0,0.0,1.00,1.00,1.00,5.00,3.91,7.36,11.0,0.631,0.413,9.00
67000,862,10,47.2,0.0,15.3,0.0,8.3,0.0,1.00,0.0,6,905,38.53,30.40,0,0,10,0.0,1.00,1.00,1.00,3.50,4.80,4.80,49.8,2.000,0.941,4.80
67000,874,9,25.1,0.0,5.1,0.0,7.4,0.0,1.00,2.4,8,1276,44.64,53.12,7,1,1,0.0,1.00,1.00,1.00,3.00,3.44,3.33,22.8,2.000,0.877,4.00
68000,528,1954,31.7,0.0,6.5,0.0,9.4,0.0,1.00,0.6,373,811,38.60,29.03,682,630,642,0.0,1.00,1.00,1.00,3.33,3.98,4.02,31.3,2.000,0.886,4.15
68000,859,174,30.0,0.0,6.0,0.0,9.0,0.0,1.00,0.8,59,1078,48.79,32.83,33,68,73,0.0,1.00,1.00,1.00,3.50,3.89,3.89,35.4,2.000,0.247,4.09
68000,891,93,34.2,0.0,5.1,0.0,12.1,0.0,1.00,0.3,32,752,42.78,27.26,37,24,32,0.0,1.00,1.00,1.00,3.25,4.18,4.16,31.5,2.000,0.964,4.23
68000,921,45,10.0,0.4,0.0,0.3,13.5,0.0,1.06,19.6,30,208,18.47,7.69,42,3,0,0.0,1.00,1.09,1.08,3.38,5.62,3.93,10.8,0.652,0.444,9.16
68000,862,15,44.0,0.0,13.5,0.0,8.5,0.0,1.00,0.0,9,859,41.00,22.68,0,0,15,0.0,1.00,1.00,1.00,3.73,4.73,4.73,50.0,2.000,0.905,4.73
68000,948,12,93.8,0.0,20.0,0.0,26.9,0.0,1.00,0.0,6,892,129.80,42.95,9,3,0,0.0,1.00,1.00,1.00,5.58,6.83,6.83,22.0,2.000,0.574,6.83
69000,528,1626,31.8,0.0,6.7,0.0,9.2,0.0,1.00,0.7,361,887,42.17,30.22,574,591,461,0.0,1.00,1.00,1.00,3.34,3.99,4.00,30.2,2.000,0.869,4.16
69000,891,75,30.4,0.0,4.1,0.0,11.1,0.0,1.00,0.5,24,929,56.40,38.71,21,23,31,0.0,1.00,1.00,1.00,3.39,3.91,3.89,32.9,2.000,0.963,4.03
69000,968,67,30.2,0.0,6.7,0.0,8.4,0.0,1.00,0.5,21,626,26.27,21.35,37,22,8,0.0,1.00,1.00,1.00,3.57,3.87,3.97,24.1,2.000,0.646,4.04
69000,859,63,30.3,0.0,6.5,0.0,8.6,0.0,1.00,0.5,20,1004,48.09,38.61,25,23,15,0.0,1.00,1.00,1.00,3.21,3.87,3.94,28.1,2.000,0.196,4.03
69000,956,63,29.3,0.0,2.9,0.0,11.8,0.0,1.00,0.8,20,487,27.41,17.50,47,8,8,0.0,1.00,1.00,1.00,3.27,3.79,3.86,20.3,2.000,0.846,4.02
69000,955,24,7.6,0.0,0.8,0.1,10.3,0.0,1.00,20.0,21,185,10.39,3.66,6,18,0,0.0,1.00,1.00,1.00,3.08,2.17,6.04,29.0,0.677,0.581,9.00
69000,862,17,47.4,0.0,14.6,0.0,9.1,0.0,1.00,0.1,6,648,29.35,28.15,0,0,17,0.0,1.00,1.00,1.00,4.12,5.06,5.06,53.0,2.000,0.907,5.06
69000,948,16,82.8,0.0,15.6,0.0,25.8,0.0,1.00,0.4,9,1371,156.71,58.93,14,2,0,0.0,1.00,1.00,1.00,6.44,6.44,6.50,20.0,2.000,0.622,6.56
69000,921,8,30.7,0.0,3.8,0.0,32.8,0.0,1.00,7.5,8,329,59.98,22.69,8,0,0,0.0,1.00,1.00,1.00,5.38,7.50,7.25,20.8,0.803,0.417,8.88
69000,958,6,26.0,0.0,0.0,0.0,13.0,0.0,1.00,1.3,3,595,36.45,12.51,0,4,2,0.0,1.00,1.00,1.00,2.67,3.67,3.67,42.4,2.000,0.667,4.00
69000,874,5,26.0,0.0,6.6,0.0,6.4,0.0,1.00,1.6,3,946,64.02,12.50,1,4,0,0.0,1.00,1.00,1.00,3.20,3.60,3.60,27.3,2.000,0.864,4.00
70000,528,1432,32.5,0.0,6.7,0.0,9.5,0.0,1.00,0.6,344,795,37.62,28.20,501,531,400,0.0,1.00,1.00,1.00,3.33,4.03,4.05,30.7,2.000,0.883,4.19
70000,980,150,33.8,0.0,7.4,0.0,9.5,0.0,1.00,0.6,49,956,54.02,37.99,40,49,61,0.0,1.00,1.00,1.00,3.47,4.12,4.15,34.2,2.000,0.924,4.29
70000,859,71,32.3,0.0,7.9,0.0,8.2,0.0,1.00,0.3,28,685,35.04,31.26,23,37,11,0.0,1.00,1.00,1.00,3.32,4.03,4.07,28.9,2.000,0.207,4.11
70000,891,64,28.7,0.0,4.2,0.0,10.1,0.0,1.00,0.8,29,936,45.91,29.71,22,23,19,0.0,1.00,1.00,1.00,3.17,3.83,3.84,30.3,2.000,0.950,4.05
70000,968,63,29.0,0.0,6.1,0.0,8.4,0.0,1.00,0.7,19,743,32.33,24.20,35,22,6,0.0,1.00,1.00,1.00,3.16,3.83,3.81,24.3,2.000,0.668,4.00
70000,955,39,11.2,0.0,0.7,1.7,14.7,0.0,1.00,15.2,29,260,14.50,2.09,10,11,18,0.0,1.00,1.00,1.00,3.90,3.18,7.36,32.5,0.683,0.575,8.90
70000,956,16,28.9,0.0,10.0,0.0,4.4,0.0,1.00,0.8,5,754,27.12,32.85,6,2,8,0.0,1.00,1.00,1.00,3.38,3.81,3.94,32.0,2.000,0.719,4.06
70000,948,12,94.5,0.0,18.4,0.0,28.8,0.0,1.00,0.2,7,1558,165.32,70.49,12,0,0,0.0,1.00,1.00,1.00,6.08,6.92,6.83,19.7,2.000,0.568,6.92
70000,984,7,32.0,0.0,6.6,0.0,9.4,0.0,1.00,0.0,2,1957,91.98,69.10,1,5,1,0.0,1.00,1.00,1.00,4.00,4.00,4.00,32.2,2.000,0.243,4.00
70000,862,6,48.7,0.0,14.3,0.0,10.0,0.0,1.00,0.0,4,799,40.13,23.85,0,2,4,0.0,1.00,1.00,1.00,4.00,5.00,5.00,47.8,2.000,0.936,5.00
71000,528,1092,33.6,0.0,7.3,0.0,9.5,0.0,1.00,0.4,218,881,38.99,29.99,475,363,254,0.0,1.00,1.00,1.00,3.39,4.09,4.10,28.2,2.000,0.892,4.19
71000,980,116,34.7,0.0,6.9,0.0,10.5,0.0,1.00,0.6,46,855,39.48,33.09,40,33,43,0.0,1.00,1.00,1.00,3.44,4.16,4.17,32.0,2.000,0.919,4.33
71000,955,113,12.8,0.0,0.5,1.1,17.0,0.0,1.01,14.7,75,180,10.74,1.98,5,13,95,0.0,1.01,1.01,1.01,3.87,3.19,7.32,47.9,0.706,0.538,8.89
71000,859,92,30.9,0.0,6.7,0.0,8.7,0.0,1.00,0.3,31,782,33.61,33.60,35,31,26,0.0,1.00,1.00,1.00,3.26,3.96,3.97,28.1,2.000,0.210,4.04
71000,968,89,31.5,0.0,5.9,0.0,9.9,0.0,1.00,0.6,22,609,29.48,20.87,51,26,12,0.0,1.00,1.00,1.00,3.40,4.01,3.93,24.2,2.000,0.645,4.11
71000,1018,25,31.7,0.0,7.6,0.0,8.2,0.0,1.00,0.4,9,711,26.66,18.90,1,6,18,0.0,1.00,1.00,1.00,3.48,3.96,4.00,40.2,2.000,0.941,4.08
71000,891,23,29.7,0.0,5.3,0.0,9.5,0.0,1.00,0.7,12,1097,51.44,30.42,10,9,4,0.0,1.00,1.00,1.00,3.57,4.00,3.74,29.0,2.000,0.950,4.04
71000,948,13,93.5,0.0,17.8,0.0,29.0,0.0,1.00,0.0,7,1153,96.18,42.23,12,1,0,0.0,1.00,1.00,1.00,7.15,6.92,6.92,20.5,2.000,0.572,6.92
71000,956,10,31.0,0.0,6.5,0.0,9.0,0.0,1.00,0.0,5,991,39.18,25.64,5,4,1,0.0,1.00,1.00,1.00,3.80,4.00,4.00,22.7,2.000,0.567,4.00
71000,874,9,23.1,0.0,5.6,0.0,6.0,0.0,1.00,1.8,8,929,42.71,23.09,1,7,1,0.0,1.00,1.00,1.00,2.22,3.44,3.67,34.5,2.000,0.789,4.00
71000,862,6,46.7,0.0,14.8,0.0,8.5,0.0,1.00,0.0,2,533,23.93,17.19,0,0,6,0.0,1.00,1.00,1.00,3.67,4.83,4.83,50.7,2.000,0.928,4.83
72000,528,820,33.2,0.0,7.0,0.0,9.6,0.0,1.00,0.4,185,934,38.01,27.22,417,232,171,0.0,1.00,1.00,1.00,3.46,4.09,4.08,26.3,2.000,0.887,4.18
72000,955,151,13.2,0.1,0.3,1.5,18.1,0.0,1.02,14.6,134,285,18.15,3.85,36,73,42,0.0,1.03,1.03,1.02,3.90,3.72,7.07,34.2,0.685,0.540,8.76
72000,968,60,30.7,0.0,7.8,0.0,7.5,0.0,1.00,0.3,12,1029,39.57,30.48,31,22,7,0.0,1.00,1.00,1.00,3.62,3.93,3.90,25.6,2.000,0.671,4.00
72000,859,59,30.7,0.0,7.2,0.0,8.2,0.0,1.00,0.6,26,1087,44.04,35.22,29,23,7,0.0,1.00,1.00,1.00,3.25,3.98,3.93,26.3,2.000,0.229,4.10
72000,980,36,38.2,0.0,8.6,0.0,10.6,0.0,1.00,0.3,15,1044,46.57,36.77,2,12,22,0.0,1.00,1.00,1.00,3.31,4.36,4.44,41.2,2.000,0.939,4.47
72000,1018,21,31.0,0.0,8.4,0.0,7.0,0.0,1.00,0.3,9,912,35.11,21.04,0,12,9,0.0,1.00,1.00,1.00,3.43,3.90,3.95,39.9,2.000,0.935,4.00
72000,948,7,90.9,0.0,17.3,0.0,28.1,0.0,1.00,0.6,5,1214,76.89,31.02,5,2,0,0.0,1.00,1.00,1.00,7.14,6.57,6.86,20.3,2.000,0.560,6.86
72000,1026,7,30.3,0.0,3.6,0.0,11.6,0.0,1.00,0.3,4,675,28.11,33.23,0,2,5,0.0,1.00,1.00,1.00,3.43,3.86,4.00,42.6,2.000,0.939,4.00
72000,891,6,32.0,0.0,6.5,0.0,9.5,0.0,1.00,0.0,3,2275,104.52,51.19,1,5,0,0.0,1.00,1.00,1.00,3.33,4.00,4.00,32.5,2.000,0.957,4.00
72000,956,5,32.0,0.0,10.6,0.0,5.4,0.0,1.00,0.0,2,1802,74.77,43.91,5,0,0,0.0,1.00,1.00,1.00,3.60,4.00,4.00,12.2,2.000,0.773,4.00
73000,528,459,33.5,0.0,6.7,0.0,10.1,0.0,1.00,0.4,122,994,39.29,23.47,280,107,72,0.0,1.00,1.00,1.00,3.50,4.09,4.09,22.1,2.000,0.886,4.19
73000,955,296,12.9,0.0,0.7,1.2,17.1,0.0,1.00,14.6,212,333,18.15,3.35,101,113,82,0.0,1.00,1.00,1.00,3.74,3.42,7.11,30.9,0.702,0.531,8.79
73000,968,37,30.8,0.0,6.3,0.0,9.1,0.0,1.00,0.4,15,1225,52.06,26.24,18,16,3,0.0,1.00,1.00,1.00,3.43,3.95,3.95,23.2,2.000,0.664,4.05
73000,859,29,31.8,0.0,7.6,0.0,8.3,0.0,1.00,0.0,13,884,27.05,23.03,13,6,10,0.0,1.00,1.00,1.00,3.66,4.00,4.00,29.2,2.000,0.234,4.00
73000,1018,14,32.0,0.0,10.2,0.0,5.8,0.0,1.00,0.0,8,988,34.91,26.08,2,5,7,0.0,1.00,1.00,1.00,3.71,4.00,4.00,38.7,2.000,0.943,4.00
73000,1048,13,41.7,0.0,5.2,0.0,15.6,0.0,1.00,1.2,9,873,44.01,13.37,0,9,4,0.0,1.00,1.00,1.00,4.00,4.69,4.69,35.3,2.000,0.668,5.00
73000,1045,7,62.3,0.0,3.7,0.0,27.4,0.0,1.00,2.0,3,611,49.24,48.71,7,0,0,0.0,1.00,1.00,1.00,4.43,5.29,5.43,10.0,2.000,0.159,5.86
73000,956,6,32.0,0.0,10.8,0.0,5.2,0.0,1.00,0.0,2,1459,45.23,40.30,6,0,0,0.0,1.00,1.00,1.00,4.00,4.00,4.00,9.9,2.000,0.765,4.00
74000,955,380,13.3,0.1,2.0,2.6,15.4,0.0,1.01,14.3,263,404,20.67,3.32,274,46,60,0.0,1.01,1.02,1.01,3.92,3.47,7.54,22.2,0.705,0.529,8.96
74000,528,251,32.5,0.0,7.1,0.0,9.2,0.0,1.00,0.7,79,1014,41.40,26.75,190,38,23,0.0,1.00,1.00,1.00,3.41,4.04,4.09,18.2,2.000,0.872,4.23
74000,968,15,28.1,0.0,8.4,0.0,5.7,0.0,1.00,0.7,9,1189,40.56,23.11,4,8,3,0.0,1.00,1.00,1.00,3.27,3.80,4.00,32.3,2.000,0.678,4.00
74000,1067,13,31.7,0.0,7.2,0.0,8.6,0.0,1.00,0.0,6,1005,39.14,27.56,12,0,1,0.0,1.00,1.00,1.00,2.23,4.00,4.00,10.3,2.000,0.356,4.00
74000,1018,6,32.0,0.0,8.0,0.0,8.0,0.0,1.00,0.0,2,1171,50.13,17.26,1,4,1,0.0,1.00,1.00,1.00,3.67,4.00,4.00,33.0,2.000,0.949,4.00
74000,956,5,32.0,0.0,10.8,0.0,5.2,0.0,1.00,0.0,2,1592,56.91,21.98,5,0,0,0.0,1.00,1.00,1.00,4.00,4.00,4.00,15.0,2.000,0.794,4.00
75000,955,277,15.3,0.2,2.0,1.3,18.3,0.0,1.04,14.9,213,365,22.00,3.83,218,43,16,0.0,1.00,1.05,1.05,3.94,3.51,7.57,18.6,0.708,0.528,9.07
75000,528,245,33.0,0.0,7.5,0.0,9.0,0.0,1.00,0.6,81,669,25.80,24.95,202,32,11,0.0,1.00,1.00,1.00,3.44,4.09,4.08,15.8,2.000,0.843,4.22
75000,859,18,31.1,0.0,5.2,0.0,10.3,0.0,1.00,0.0,6,407,21.67,9.65,13,4,1,0.0,1.00,1.00,1.00,3.00,4.00,4.00,19.4,2.000,0.220,4.00
75000,1067,12,33.2,0.0,4.7,0.0,11.9,0.0,1.00,0.5,3,530,29.36,24.77,11,1,0,0.0,1.00,1.00,1.00,3.25,4.00,4.08,10.0,2.000,0.382,4.17
75000,948,7,64.3,0.0,14.1,0.0,18.0,0.0,1.00,2.3,5,391,18.28,14.28,7,0,0,0.0,1.00,1.00,1.00,5.43,6.14,6.14,3.7,2.000,0.499,6.71
75000,968,5,32.0,0.0,10.0,0.0,6.0,0.0,1.00,0.0,3,796,31.56,26.76,2,2,1,0.0,1.00,1.00,1.00,3.20,4.00,4.00,30.8,2.000,0.694,4.00
76000,955,290,12.1,0.0,0.8,0.9,16.3,0.0,1.00,16.3,240,422,24.51,3.23,200,63,27,0.0,1.00,1.00,1.00,3.68,3.34,7.03,21.7,0.683,0.540,9.06
76000,528,226,32.7,0.0,8.0,0.0,8.4,0.0,1.00,0.6,82,639,25.31,28.29,171,40,15,0.0,1.00,1.00,1.00,3.44,4.08,4.07,17.9,2.000,0.878,4.23
76000,1067,17,33.1,0.0,3.5,0.0,13.0,0.0,1.00,0.1,5,736,38.20,33.69,17,0,0,0.0,1.00,1.00,1.00,3.35,4.12,4.06,8.4,2.000,0.345,4.12
76000,859,14,26.3,0.0,3.8,0.0,9.4,0.0,1.00,1.0,7,491,18.90,14.81,12,2,0,0.0,1.00,1.00,1.00,3.36,3.79,3.71,17.4,2.000,0.197,4.00
76000,948,5,68.8,0.0,16.2,0.0,18.2,0.0,1.00,1.6,3,877,46.30,26.66,4,1,0,0.0,1.00,1.00,1.00,7.20,6.40,6.40,14.1,2.000,0.559,6.40
77000,955,479,11.9,0.2,0.6,0.7,15.9,0.0,1.07,16.4,352,471,27.57,2.38,261,135,83,0.0,1.07,1.08,1.07,3.66,3.04,7.58,25.5,0.674,0.540,9.25
77000,528,270,32.7,0.0,7.9,0.0,8.5,0.0,1.00,0.4,83,677,26.81,25.96,192,51,27,0.0,1.00,1.00,1.00,3.30,4.07,4.06,20.2,2.000,0.863,4.17
77000,1067,25,35.7,0.0,6.0,0.0,11.9,0.0,1.00,0.6,12,789,40.68,30.11,23,0,2,0.0,1.00,1.00,1.00,3.44,4.24,4.20,10.8,2.000,0.363,4.36
77000,968,13,32.0,0.0,11.6,0.0,4.4,0.0,1.00,0.0,3,393,15.14,10.06,8,5,0,0.0,1.00,1.00,1.00,3.38,4.00,4.00,14.3,2.000,0.537,4.00
77000,859,10,25.8,0.0,4.2,0.0,8.7,0.0,1.00,0.8,7,891,31.53,34.13,5,2,3,0.0,1.00,1.00,1.00,3.30,3.60,4.00,30.2,2.000,0.224,4.00
77000,1118,9,50.9,0.0,8.4,0.0,17.0,0.0,1.00,1.3,5,973,67.51,28.67,8,1,0,0.0,1.00,1.00,1.00,3.89,4.89,5.11,12.9,2.000,0.754,5.33
77000,948,6,91.3,0.0,30.2,0.0,15.5,0.0,1.00,0.0,3,720,54.49,21.99,6,0,0,0.0,1.00,1.00,1.00,7.00,6.67,6.67,4.6,2.000,0.479,6.67
78000,955,631,10.2,0.1,0.6,0.5,14.0,0.0,1.04,18.9,511,442,24.55,2.57,271,203,157,0.0,1.02,1.03,1.05,3.32,2.95,6.55,29.1,0.665,0.544,9.27
78000,528,374,32.8,0.0,8.0,0.0,8.4,0.0,1.00,0.6,119,708,26.27,27.86,194,101,79,0.0,1.00,1.00,1.00,3.33,4.07,4.09,25.9,2.000,0.857,4.23
78000,968,50,31.9,0.0,10.3,0.0,5.6,0.0,1.00,0.2,19,470,16.88,17.45,25,13,12,0.0,1.00,1.00,1.00,3.16,4.06,4.02,26.8,2.000,0.476,4.10
78000,1118,34,50.5,0.0,6.9,0.0,18.3,0.0,1.00,0.0,14,505,38.71,26.41,32,2,0,0.0,1.00,1.00,1.00,4.26,5.00,5.00,14.3,2.000,0.781,5.00
78000,948,21,65.5,0.0,15.2,0.0,17.6,0.0,1.00,1.0,11,522,38.35,14.83,20,1,0,0.0,1.00,1.00,1.00,5.33,5.67,5.57,8.4,2.000,0.556,5.86
78000,1067,17,38.4,0.0,9.7,0.0,9.5,0.0,1.00,0.4,8,305,10.98,20.03,11,5,1,0.0,1.00,1.00,1.00,3.24,4.35,4.47,22.5,2.000,0.550,4.47
79000,955,882,9.6,0.1,0.3,0.6,13.7,0.0,1.04,19.4,654,297,17.70,2.38,279,306,297,0.0,1.04,1.04,1.06,3.49,2.82,7.01,32.5,0.658,0.559,9.50
79000,528,472,31.8,0.0,8.7,0.0,7.3,0.0,1.00,0.5,121,731,28.75,27.48,207,153,112,0.0,1.00,1.00,1.00,3.36,4.01,4.01,28.0,2.000,0.841,4.14
79000,1107,241,31.7,0.0,8.4,0.0,7.4,0.0,1.00,0.3,65,526,19.73,20.58,103,93,45,0.0,1.00,1.00,1.00,3.30,4.00,4.02,27.7,2.000,0.936,4.07
79000,968,153,30.4,0.0,9.1,0.0,6.1,0.0,1.00,0.4,53,443,15.89,20.09,60,37,56,0.0,1.00,1.00,1.00,3.32,3.95,3.96,29.4,2.000,0.400,4.05
79000,1118,38,48.6,0.0,9.0,0.0,15.3,0.0,1.00,0.2,16,667,34.83,26.99,24,10,4,0.0,1.00,1.00,1.00,3.92,4.97,4.92,20.4,2.000,0.804,5.00
79000,1067,35,34.7,0.0,8.2,0.0,9.1,0.0,1.00,0.6,14,699,27.72,31.83,19,14,2,0.0,1.00,1.00,1.00,3.43,4.11,4.26,24.0,2.000,0.513,4.34
79000,1129,9,50.0,0.0,12.8,0.0,12.2,0.0,1.00,0.0,2,643,23.26,27.08,1,1,7,0.0,1.00,1.00,1.00,4.00,5.00,5.00,42.8,2.000,0.870,5.00
79000,948,5,58.4,0.0,15.0,0.0,14.2,0.0,1.00,2.4,5,1206,82.26,44.63,5,0,0,0.0,1.00,1.00,1.00,4.80,5.40,5.40,12.5,2.000,0.621,6.00
80000,955,846,10.9,0.1,0.3,0.7,15.4,0.0,1.04,18.6,642,339,21.73,4.59,241,287,318,0.0,1.04,1.03,1.05,3.70,3.11,7.18,33.5,0.658,0.564,9.52
80000,528,513,33.0,0.0,8.5,0.0,8.0,0.0,1.00,0.4,128,857,41.89,31.42,230,172,111,0.0,1.00,1.00,1.00,3.34,4.09,4.07,28.0,2.000,0.827,4.18
80000,1107,319,30.9,0.0,7.7,0.0,7.7,0.0,1.00,0.4,67,736,32.33,26.67,124,114,81,0.0,1.00,1.00,1.00,3.42,3.91,3.96,29.2,2.000,0.935,4.03
80000,968,183,29.9,0.0,7.8,0.0,7.1,0.0,1.00,0.9,58,619,26.26,25.38,65,54,64,0.0,1.00,1.00,1.00,3.41,3.85,3.90,30.5,2.000,0.399,4.09
80000,1131,78,30.9,0.0,6.2,0.0,9.2,0.0,1.00,0.4,26,569,24.74,21.77,30,28,20,0.0,1.00,1.00,1.00,3.24,3.95,3.95,27.5,2.000,0.765,4.05
80000,1067,43,35.7,0.0,9.2,0.0,8.7,0.0,1.00,0.0,10,763,40.51,28.73,31,10,2,0.0,1.00,1.00,1.00,3.63,4.21,4.21,18.8,2.000,0.516,4.21
80000,1118,41,49.2,0.0,10.5,0.0,14.0,0.0,1.00,0.0,15,983,46.78,39.48,22,11,8,0.0,1.00,1.00,1.00,4.10,4.98,4.95,25.1,2.000,0.811,4.98
81000,955,731,10.8,0.2,0.2,1.2,15.2,0.0,1.04,18.7,548,360,25.00,6.74,178,264,289,0.0,1.02,1.03,1.05,3.67,3.18,7.08,34.4,0.654,0.575,9.49
81000,528,586,32.8,0.0,8.5,0.0,7.8,0.0,1.00,0.4,157,928,47.04,32.96,255,213,118,0.0,1.00,1.00,1.00,3.32,4.06,4.08,28.3,2.000,0.812,4.16
81000,1107,432,31.2,0.0,7.8,0.0,7.8,0.0,1.00,0.3,91,798,38.13,28.49,143,164,125,0.0,1.00,1.00,1.00,3.40,3.93,3.99,30.9,2.000,0.937,4.04
81000,968,267,31.2,0.0,8.3,0.0,7.3,0.0,1.00,0.5,70,826,40.95,31.96,86,102,79,0.0,1.00,1.00,1.00,3.35,3.95,3.99,30.8,2.000,0.345,4.08
81000,1131,80,29.3,0.0,6.8,0.0,7.8,0.0,1.00,0.5,25,907,43.06,36.97,28,41,11,0.0,1.00,1.00,1.00,3.12,3.89,3.95,29.1,2.000,0.749,4.04
81000,1067,55,35.8,0.0,9.0,0.0,8.9,0.0,1.00,0.1,16,846,42.29,31.90,28,24,3,0.0,1.00,1.00,1.00,3.45,4.24,4.24,21.8,2.000,0.519,4.25
81000,1118,54,43.8,0.0,10.2,0.0,11.7,0.0,1.00,0.3,19,830,38.36,29.96,32,17,5,0.0,1.00,1.00,1.00,3.87,4.61,4.65,22.5,2.000,0.809,4.70
81000,1128,12,32.0,0.0,5.7,0.0,10.3,0.0,1.00,0.0,7,705,34.08,28.23,1,4,7,0.0,1.00,1.00,1.00,3.83,4.00,4.00,41.2,2.000,0.973,4.00
81000,1129,5,38.4,0.0,10.6,0.0,8.6,0.0,1.00,0.0,5,840,44.47,33.59,0,0,5,0.0,1.00,1.00,1.00,3.60,5.00,5.00,50.8,2.000,0.896,5.00
82000,955,667,10.4,0.1,0.1,1.2,14.9,0.0,1.03,18.5,463,343,24.48,7.27,176,163,328,0.0,1.03,1.02,1.04,3.59,3.10,7.12,35.7,0.651,0.569,9.44
82000,1107,607,30.1,0.0,7.3,0.0,7.7,0.0,1.00,0.5,142,752,37.87,26.02,249,206,152,0.0,1.00,1.00,1.00,3.44,3.91,3.91,29.2,2.000,0.921,4.03
82000,528,589,32.4,0.0,7.6,0.0,8.7,0.0,1.00,0.5,153,933,46.92,31.32,200,215,174,0.0,1.00,1.00,1.00,3.36,4.03,4.05,30.8,2.000,0.808,4.17
82000,968,358,30.7,0.0,8.1,0.0,7.2,0.0,1.00,0.5,67,864,44.59,31.28,127,137,94,0.0,1.00,1.00,1.00,3.44,3.91,3.96,29.7,2.000,0.318,4.04
82000,1131,120,30.7,0.0,6.9,0.0,8.4,0.0,1.00,0.5,35,700,39.21,30.77,38,57,25,0.0,1.00,1.00,1.00,3.28,3.94,3.97,30.4,2.000,0.758,4.07
82000,1067,69,35.1,0.0,7.8,0.0,9.7,0.0,1.00,1.2,29,814,42.73,33.56,35,23,11,0.0,1.00,1.00,1.00,3.39,4.26,4.20,24.9,2.000,0.522,4.52
82000,1118,45,43.2,0.0,10.0,0.0,11.6,0.0,1.00,0.1,17,948,54.10,35.59,28,14,3,0.0,1.00,1.00,1.00,3.91,4.62,4.67,22.1,2.000,0.836,4.67
82000,1140,29,34.9,0.0,7.2,0.0,10.2,0.0,1.00,0.3,8,686,32.56,25.83,23,2,4,0.0,1.00,1.00,1.00,3.55,4.10,4.21,20.2,2.000,0.372,4.24
82000,1128,11,32.0,0.0,5.3,0.0,10.7,0.0,1.00,0.0,8,1323,70.83,62.63,1,6,4,0.0,1.00,1.00,1.00,3.82,4.00,4.00,34.4,2.000,0.953,4.00
82000,1129,6,53.7,0.0,12.2,0.0,14.7,0.0,1.00,0.0,4,867,42.58,30.47,0,0,6,0.0,1.00,1.00,1.00,4.00,5.17,5.17,49.1,2.000,0.870,5.17
83000,528,648,31.8,0.0,7.4,0.0,8.5,0.0,1.00,0.6,159,954,48.70,31.94,245,253,150,0.0,1.00,1.00,1.00,3.44,3.99,3.98,29.4,2.000,0.789,4.14
83000,968,592,30.3,0.0,7.8,0.0,7.4,0.0,1.00,0.5,107,766,37.68,28.99,217,200,175,0.0,1.00,1.00,1.00,3.36,3.89,3.94,31.3,2.000,0.327,4.03
83000,955,575,11.2,0.1,0.0,1.0,16.0,0.0,1.04,18.3,405,302,21.22,6.91,144,85,346,0.0,1.05,1.05,1.04,3.67,3.41,6.80,38.0,0.656,0.567,9.42
83000,1107,401,30.8,0.0,7.7,0.0,7.7,0.0,1.00,0.5,95,898,44.32,33.11,195,132,74,0.0,1.00,1.00,1.00,3.48,3.94,3.95,27.0,2.000,0.901,4.06
83000,1118,69,42.1,0.0,11.3,0.0,9.7,0.0,1.00,0.2,31,807,47.50,22.92,50,18,1,0.0,1.00,1.00,1.00,3.77,4.64,4.52,20.1,2.000,0.862,4.64
83000,1067,54,35.0,0.0,9.0,0.0,8.5,0.0,1.00,0.0,19,932,50.82,36.86,19,23,12,0.0,1.00,1.00,1.00,3.65,4.20,4.20,27.2,2.000,0.547,4.20
83000,1128,17,32.0,0.0,4.9,0.0,11.1,0.0,1.00,0.0,6,721,50.74,31.51,1,11,5,0.0,1.00,1.00,1.00,3.59,4.00,4.00,37.5,2.000,0.980,4.00
83000,1140,12,31.2,0.0,4.7,0.0,10.9,0.0,1.00,0.8,5,1168,50.02,33.62,8,1,3,0.0,1.00,1.00,1.00,3.42,3.83,3.92,24.1,2.000,0.337,4.08
84000,1107,845,30.0,0.0,6.9,0.0,8.1,0.0,1.00,0.6,184,871,41.43,29.94,313,282,250,0.0,1.00,1.00,1.00,3.40,3.90,3.89,30.3,2.000,0.915,4.04
84000,968,798,31.1,0.0,7.4,0.0,8.1,0.0,1.00,0.4,133,781,37.46,29.23,243,279,276,0.0,1.00,1.00,1.00,3.46,3.96,3.95,32.6,2.000,0.309,4.06
84000,528,550,32.1,0.0,7.7,0.0,8.3,0.0,1.00,0.5,138,963,48.48,33.34,173,220,157,0.0,1.00,1.00,1.00,3.47,4.00,4.01,31.7,2.000,0.809,4.13
84000,955,255,10.8,0.6,0.1,1.0,14.6,0.0,1.17,19.2,221,407,28.66,9.93,55,58,142,0.0,1.16,1.24,1.15,3.75,3.55,6.73,37.1,0.658,0.558,9.45
84000,1067,76,36.6,0.0,9.1,0.0,9.2,0.0,1.00,0.3,28,983,55.16,37.95,15,43,18,0.0,1.00,1.00,1.00,3.46,4.28,4.26,32.7,2.000,0.520,4.36
84000,1118,52,42.8,0.0,11.3,0.0,10.1,0.0,1.00,0.3,18,1174,68.32,24.13,37,15,0,0.0,1.00,1.00,1.00,3.56,4.56,4.58,22.1,2.000,0.852,4.63
84000,1140,7,29.1,0.0,4.4,0.0,10.1,0.0,1.00,0.6,4,1704,81.16,40.05,5,0,2,0.0,1.00,1.00,1.00,2.71,4.00,3.71,22.4,2.000,0.372,4.00
85000,968,930,30.8,0.0,7.2,0.0,8.2,0.0,1.00,0.4,154,859,40.62,28.25,279,341,310,0.0,1.00,1.00,1.00,3.44,3.94,3.98,31.8,2.000,0.323,4.06
85000,1107,603,31.1,0.0,6.9,0.0,8.6,0.0,1.00,0.6,145,811,38.23,27.47,332,177,94,0.0,1.00,1.00,1.00,3.45,3.95,3.98,25.0,2.000,0.907,4.10
85000,528,509,32.5,0.0,7.5,0.0,8.7,0.0,1.00,0.5,145,910,44.69,31.48,105,212,192,0.0,1.00,1.00,1.00,3.50,4.01,4.09,34.5,2.000,0.802,4.18
85000,955,178,9.7,0.8,0.0,0.9,13.1,0.0,1.31,20.6,142,324,19.80,6.31,47,28,103,0.0,1.33,1.33,1.36,3.65,3.45,6.84,38.2,0.646,0.601,9.74
85000,1118,80,39.8,0.0,7.4,0.0,12.6,0.0,1.00,0.6,31,932,54.27,28.61,64,16,0,0.0,1.00,1.00,1.00,3.38,4.40,4.53,19.3,2.000,0.839,4.59
85000,1067,45,36.9,0.0,9.7,0.0,8.8,0.0,1.00,1.0,16,1257,68.93,44.21,12,24,9,0.0,1.00,1.00,1.00,3.51,4.29,4.20,31.8,2.000,0.547,4.49
85000,1159,22,45.8,0.0,8.7,0.0,14.2,0.0,1.00,0.7,7,1096,59.96,42.08,0,1,21,0.0,1.00,1.00,1.00,3.82,4.73,4.73,54.2,2.000,0.944,4.91
85000,1158,10,32.0,0.0,6.0,0.0,10.0,0.0,1.00,0.0,3,937,36.53,24.23,3,1,6,0.0,1.00,1.00,1.00,3.40,4.00,4.00,34.9,2.000,0.734,4.00
86000,968,1027,30.5,0.0,7.0,0.0,8.2,0.0,1.00,0.5,192,827,39.26,26.99,263,376,388,0.0,1.00,1.00,1.00,3.38,3.90,3.94,33.8,2.000,0.332,4.06
86000,1107,871,30.8,0.0,6.2,0.0,9.2,0.0,1.00,0.5,179,872,42.96,27.44,380,347,144,0.0,1.00,1.00,1.00,3.42,3.95,3.95,27.4,2.000,0.915,4.07
86000,528,435,31.0,0.0,7.5,0.0,8.1,0.0,1.00,0.7,104,995,49.43,32.39,85,156,194,0.0,1.00,1.00,1.00,3.41,3.91,3.96,35.6,2.000,0.798,4.10
86000,955,54,15.5,3.5,0.3,1.7,14.1,0.0,2.24,16.7,46,345,19.33,6.79,16,14,24,0.0,1.91,1.82,3.90,4.31,3.48,7.48,34.6,0.700,0.549,9.57
86000,1067,28,40.2,0.0,9.4,0.0,10.7,0.0,1.00,0.6,14,1122,66.10,37.85,9,11,8,0.0,1.00,1.00,1.00,3.61,4.46,4.61,28.6,2.000,0.560,4.64
86000,1118,27,35.9,0.0,7.5,0.0,10.4,0.0,1.00,0.3,17,978,42.04,29.20,19,7,1,0.0,1.00,1.00,1.00,3.52,4.37,4.22,17.2,2.000,0.809,4.37
86000,1159,11,50.0,0.0,9.5,0.0,15.5,0.0,1.00,0.0,5,1194,67.15,43.85,1,3,7,0.0,1.00,1.00,1.00,4.00,5.00,5.00,44.5,2.000,0.945,5.00
86000,1158,11,31.5,0.0,7.1,0.0,8.6,0.0,1.00,0.0,4,559,23.06,12.11,6,0,5,0.0,1.00,1.00,1.00,3.73,4.00,4.00,23.6,2.000,0.604,4.00
87000,968,1106,30.7,0.0,7.1,0.0,8.2,0.0,1.00,0.5,210,837,38.72,28.18,338,375,393,0.0,1.00,1.00,1.00,3.50,3.91,3.93,32.7,2.000,0.303,4.06
87000,1107,718,30.6,0.0,6.8,0.0,8.5,0.0,1.00,0.5,161,866,41.44,27.08,383,236,99,0.0,1.00,1.00,1.00,3.46,3.92,3.94,24.9,2.000,0.906,4.05
87000,528,275,31.4,0.0,7.3,0.0,8.4,0.0,1.00,0.5,76,1108,55.19,34.82,43,108,124,0.0,1.00,1.00,1.00,3.40,3.97,4.00,37.3,2.000,0.781,4.10
87000,1118,26,33.8,0.0,7.7,0.0,9.2,0.0,1.00,0.5,12,1039,58.72,38.47,23,2,1,0.0,1.00,1.00,1.00,3.58,4.00,4.15,19.7,2.000,0.828,4.19
87000,1067,16,40.4,0.0,10.7,0.0,9.5,0.0,1.00,0.0,9,1584,77.02,43.25,6,6,4,0.0,1.00,1.00,1.00,3.69,4.50,4.50,28.0,2.000,0.549,4.50
87000,1158,13,29.8,0.0,5.0,0.0,9.9,0.0,1.00,0.5,6,1005,40.49,33.20,9,0,4,0.0,1.00,1.00,1.00,3.69,4.00,3.77,16.1,2.000,0.587,4.00
88000,968,1044,31.0,0.0,7.2,0.0,8.3,0.0,1.00,0.4,170,827,37.73,29.40,316,326,402,0.0,1.00,1.00,1.00,3.48,3.95,3.96,32.2,2.000,0.277,4.06
88000,1107,799,31.2,0.0,6.3,0.0,9.3,0.0,1.00,0.5,173,809,38.13,25.82,340,340,119,0.0,1.00,1.00,1.00,3.53,3.97,3.95,27.4,2.000,0.905,4.09
88000,528,253,31.2,0.0,6.9,0.0,8.7,0.0,1.00,0.7,89,913,44.76,31.59,31,105,117,0.0,1.00,1.00,1.00,3.37,3.97,3.98,37.7,2.000,0.777,4.15
88000,1200,39,33.3,0.0,7.3,0.0,9.3,0.0,1.00,0.7,17,1199,70.21,36.78,19,14,6,0.0,1.00,1.00,1.00,3.26,4.00,4.23,25.4,2.000,0.733,4.28
88000,1158,16,29.1,0.0,6.9,0.0,7.6,0.0,1.00,0.1,10,764,47.09,54.28,2,0,14,0.0,1.00,1.00,1.00,3.81,4.00,3.94,41.6,2.000,0.706,4.00
88000,1118,14,26.7,0.0,2.4,0.0,10.9,0.0,1.00,1.0,6,359,21.61,15.60,12,2,0,0.0,1.00,1.00,1.00,3.21,3.50,4.00,21.8,2.000,0.835,4.00
88000,1067,12,41.0,0.0,7.5,0.0,13.0,0.0,1.00,0.0,4,734,45.32,33.16,0,1,11,0.0,1.00,1.00,1.00,3.83,4.50,4.50,42.1,2.000,0.505,4.50
89000,968,935,31.3,0.0,6.9,0.0,8.7,0.0,1.00,0.4,167,943,42.78,33.26,323,320,292,0.0,1.00,1.00,1.00,3.43,3.99,3.96,30.9,2.000,0.255,4.07
89000,1107,856,31.4,0.0,6.6,0.0,9.1,0.0,1.00,0.5,184,840,39.62,28.10,364,318,174,0.0,1.00,1.00,1.00,3.44,3.96,3.96,27.8,2.000,0.897,4.09
89000,528,154,32.1,0.0,6.9,0.0,9.1,0.0,1.00,0.4,47,1087,57.85,36.38,20,59,75,0.0,1.00,1.00,1.00,3.45,4.03,4.00,37.2,2.000,0.785,4.12
89000,1222,43,27.4,0.0,1.3,0.0,12.4,0.0,1.00,1.1,12,749,37.16,30.28,4,36,3,0.0,1.00,1.00,1.00,3.30,3.79,3.65,32.3,2.000,0.923,4.00
89000,1200,28,32.0,0.0,7.5,0.0,8.5,0.0,1.00,1.3,11,1266,82.01,35.72,22,2,4,0.0,1.00,1.00,1.00,3.04,3.79,4.29,17.9,2.000,0.729,4.36
89000,1219,14,32.0,0.0,7.4,0.0,8.6,0.0,1.00,0.0,7,1464,64.22,57.00,0,4,10,0.0,1.00,1.00,1.00,3.43,4.00,4.00,41.7,2.000,0.346,4.00
89000,1067,12,43.2,0.0,10.8,0.0,10.8,0.0,1.00,1.3,3,877,48.91,41.80,0,7,5,0.0,1.00,1.00,1.00,3.58,4.42,4.58,40.2,2.000,0.549,4.83
89000,1213,11,32.0,0.0,10.3,0.0,5.7,0.0,1.00,0.0,5,891,27.25,26.48,2,5,4,0.0,1.00,1.00,1.00,2.91,4.00,4.00,40.1,2.000,0.574,4.00
89000,1158,10,30.8,0.0,2.8,0.0,12.6,0.0,1.00,0.0,5,627,31.36,36.91,7,0,3,0.0,1.00,1.00,1.00,3.70,4.00,4.00,19.8,2.000,0.657,4.00
89000,1220,8,29.0,0.0,0.0,0.0,14.5,0.0,1.00,0.8,2,1006,52.15,8.45,1,7,0,0.0,1.00,1.00,1.00,3.38,4.00,3.62,28.2,2.000,0.952,4.00
90000,968,812,30.9,0.0,6.8,0.0,8.6,0.0,1.00,0.4,160,957,43.32,32.94,282,243,287,0.0,1.00,1.00,1.00,3.42,3.94,3.96,30.8,2.000,0.254,4.06
90000,1107,809,31.8,0.0,6.7,0.0,9.2,0.0,1.00,0.4,140,950,45.12,30.36,339,287,183,0.0,1.00,1.00,1.00,3.52,4.01,3.98,28.1,2.000,0.903,4.09
90000,528,86,32.0,0.0,7.7,0.0,8.3,0.0,1.00,0.4,34,1294,60.34,42.62,4,26,56,0.0,1.00,1.00,1.00,3.35,4.00,4.08,41.5,2.000,0.761,4.14
90000,1222,59,31.5,0.0,1.2,0.0,14.4,0.0,1.01,0.1,13,577,34.03,21.15,9,34,16,0.0,1.02,1.00,1.01,3.17,3.98,3.97,34.8,2.000,0.907,4.00
90000,1238,38,32.3,0.0,0.0,0.0,16.1,0.0,1.00,0.4,8,595,34.21,15.43,13,21,4,0.0,1.00,1.00,1.00,3.37,4.00,4.00,26.8,2.000,0.114,4.11
90000,1200,23,32.8,0.0,7.1,0.0,9.3,0.0,1.00,1.1,12,765,52.26,16.88,19,4,0,0.0,1.00,1.00,1.00,3.26,4.26,3.96,14.2,2.000,0.749,4.39
90000,1251,12,31.0,0.0,0.0,0.0,15.5,0.0,1.00,1.5,7,825,43.45,16.78,12,0,0,0.0,1.00,1.00,1.00,3.50,4.33,3.75,13.3,2.000,0.318,4.42
90000,1220,10,26.8,0.0,0.0,0.0,13.4,0.0,1.00,1.2,4,1074,63.50,28.37,8,2,0,0.0,1.00,1.00,1.00,3.30,3.70,3.70,21.5,2.000,0.960,4.00
90000,1158,9,32.0,0.0,1.1,0.0,14.9,0.0,1.00,0.0,2,1132,60.63,50.90,8,1,0,0.0,1.00,1.00,1.00,4.00,4.00,4.00,13.9,2.000,0.670,4.00
90000,1237,5,32.0,0.0,9.6,0.0,6.4,0.0,1.00,0.0,2,2182,89.07,50.74,0,3,2,0.0,1.00,1.00,1.00,4.00,4.00,4.00,43.4,2.000,0.925,4.00
91000,1107,778,32.1,0.0,7.0,0.0,9.0,0.0,1.00,0.3,136,954,43.51,29.14,302,298,178,0.0,1.00,1.00,1.00,3.58,4.00,4.01,29.2,2.000,0.907,4.09
91000,968,626,31.5,0.0,7.2,0.0,8.6,0.0,1.00,0.3,95,1021,44.87,33.44,240,193,193,0.0,1.00,1.00,1.00,3.49,3.99,3.99,30.3,2.000,0.246,4.06
91000,1238,45,30.7,0.0,0.0,0.0,15.3,0.0,1.00,0.6,6,579,33.15,14.42,9,29,7,0.0,1.00,1.00,1.00,3.27,3.91,3.89,32.0,2.000,0.137,4.04
91000,528,29,30.7,0.0,8.1,0.0,7.2,0.0,1.00,0.4,7,1772,79.82,53.69,1,11,17,0.0,1.00,1.00,1.00,3.59,3.86,4.03,40.3,2.000,0.773,4.03
91000,1200,22,35.0,0.0,9.0,0.0,8.5,0.0,1.00,0.0,6,1252,65.79,24.24,18,4,0,0.0,1.00,1.00,1.00,3.45,4.18,4.18,14.7,2.000,0.735,4.18
91000,1266,20,32.0,0.0,3.3,0.0,12.6,0.0,1.00,0.0,7,659,31.11,19.95,11,9,0,0.0,1.00,1.00,1.00,3.60,4.00,4.00,23.4,2.000,0.946,4.00
91000,1222,18,31.7,0.0,0.7,0.0,15.2,0.0,1.00,0.0,3,431,27.69,8.96,0,2,16,0.0,1.00,1.00,1.00,3.50,4.00,4.00,42.7,2.000,0.914,4.00
91000,1269,11,32.0,0.0,4.6,0.0,11.4,0.0,1.00,0.0,5,873,44.96,30.53,0,0,11,0.0,1.00,1.00,1.00,3.45,4.00,4.00,43.8,2.000,0.711,4.00
92000,1107,619,32.6,0.0,6.8,0.0,9.5,0.0,1.00,0.3,130,948,42.83,29.29,282,209,128,0.0,1.00,1.00,1.00,3.53,4.03,4.05,27.4,2.000,0.913,4.12
92000,968,460,30.9,0.0,6.9,0.0,8.6,0.0,1.00,0.4,96,1036,44.31,31.56,223,115,122,0.0,1.00,1.00,1.00,3.30,3.97,3.95,27.0,2.000,0.237,4.07
92000,1200,40,38.1,0.0,8.6,0.0,10.5,0.0,1.00,0.4,18,863,50.39,22.13,36,2,2,0.0,1.00,1.00,1.00,3.65,4.38,4.28,14.6,2.000,0.731,4.43
92000,528,29,30.6,0.0,7.3,0.0,8.0,0.0,1.00,0.8,15,958,34.83,20.67,0,11,18,0.0,1.00,1.00,1.00,3.38,4.00,3.93,42.3,2.000,0.740,4.17
92000,1222,19,32.9,0.0,0.5,0.0,16.0,0.0,1.00,0.0,4,737,34.04,14.72,0,4,15,0.0,1.00,1.00,1.00,3.79,4.05,4.05,43.4,2.000,0.919,4.05
92000,1266,14,30.7,0.0,0.0,0.0,15.4,0.0,1.00,0.3,3,314,18.43,11.37,0,13,1,0.0,1.00,1.00,1.00,3.57,4.00,3.86,36.6,2.000,0.971,4.00
92000,1308,11,34.4,0.0,0.7,0.0,16.5,0.0,1.00,0.2,3,273,18.76,22.87,0,2,9,0.0,1.00,1.00,1.00,3.82,4.09,4.18,39.7,2.000,0.346,4.18
92000,1251,9,32.0,0.0,0.0,0.0,16.0,0.0,1.00,0.0,1,1071,48.62,12.70,8,1,0,0.0,1.00,1.00,1.00,2.89,4.00,4.00,12.9,2.000,0.325,4.00
92000,1290,5,32.0,0.0,9.0,0.0,7.0,0.0,1.00,0.0,1,1927,78.95,69.20,5,0,0,0.0,1.00,1.00,1.00,3.60,4.00,4.00,16.2,2.000,0.531,4.00
93000,1107,475,32.1,0.0,6.5,0.0,9.6,0.0,1.00,0.4,110,977,41.49,24.86,269,121,85,0.0,1.00,1.00,1.00,3.52,4.04,4.03,25.2,2.000,0.910,4.14
93000,968,265,30.4,0.0,7.6,0.0,7.6,0.0,1.00,0.4,69,1045,41.95,28.85,167,58,40,0.0,1.00,1.00,1.00,3.35,3.91,3.96,22.7,2.000,0.235,4.04
93000,1200,40,44.4,0.0,5.9,0.0,16.3,0.0,1.00,0.2,11,657,37.39,14.16,31,8,1,0.0,1.00,1.00,1.00,3.88,4.65,4.72,17.3,2.000,0.681,4.72
93000,1222,7,32.0,0.0,4.9,0.0,11.1,0.0,1.00,0.0,4,1085,42.82,26.43,0,2,5,0.0,1.00,1.00,1.00,4.00,4.00,4.00,41.9,2.000,0.862,4.00
94000,1107,334,33.0,0.0,7.3,0.0,9.2,0.0,1.00,0.2,77,1013,42.69,22.07,223,75,36,0.0,1.00,1.00,1.00,3.66,4.08,4.06,20.9,2.000,0.910,4.12
94000,968,145,30.0,0.0,6.7,0.0,8.3,0.0,1.00,0.6,42,1049,44.45,22.17,109,22,14,0.0,1.00,1.00,1.00,3.33,3.89,3.88,19.6,2.000,0.254,4.03
94000,1280,28,31.4,0.0,8.0,0.0,7.8,0.0,1.00,0.1,8,642,28.69,17.72,25,2,1,0.0,1.00,1.00,1.00,3.64,4.00,3.93,15.6,2.000,0.943,4.00
94000,1200,27,42.7,0.0,6.6,0.0,14.7,0.0,1.00,0.3,13,1144,60.18,30.29,19,5,3,0.0,1.00,1.00,1.00,4.00,4.59,4.59,18.9,2.000,0.706,4.67
94000,1296,22,35.5,0.0,1.1,0.0,16.6,0.0,1.00,0.0,7,705,40.30,17.64,15,4,3,0.0,1.00,1.00,1.00,3.45,4.23,4.23,18.3,2.000,0.942,4.23
94000,1238,14,31.0,0.0,5.3,0.0,10.2,0.0,1.00,0.1,5,337,16.26,6.83,14,0,0,0.0,1.00,1.00,1.00,3.29,4.00,3.93,12.4,2.000,0.242,4.00
94000,1284,11,33.1,0.0,0.0,0.0,16.5,0.0,1.00,0.5,3,790,43.30,7.82,5,3,3,0.0,1.00,1.00,1.00,2.64,4.18,3.91,29.3,2.000,0.926,4.18
95000,1107,208,30.7,0.0,5.8,0.0,9.5,0.0,1.00,0.3,59,941,43.30,20.04,156,38,14,0.0,1.00,1.00,1.00,3.62,3.94,3.98,19.4,2.000,0.897,4.02
95000,968,38,30.6,0.0,8.3,0.0,6.9,0.0,1.00,0.4,8,1290,52.24,29.68,31,4,3,0.0,1.00,1.00,1.00,3.55,3.95,3.89,17.7,2.000,0.313,4.03
95000,1296,24,31.7,0.0,0.8,0.0,15.0,0.0,1.00,0.1,3,818,59.27,22.02,21,3,0,0.0,1.00,1.00,1.00,3.67,4.00,3.96,14.6,2.000,0.952,4.00
95000,1280,13,30.3,0.0,7.7,0.0,7.5,0.0,1.00,0.3,5,1255,44.90,32.97,10,2,1,0.0,1.00,1.00,1.00,3.77,3.92,3.92,21.6,2.000,0.926,4.00
95000,1238,13,26.9,0.0,7.5,0.0,5.9,0.0,1.00,1.1,8,204,8.26,13.80,13,0,0,0.0,1.00,1.00,1.00,3.54,3.54,3.92,7.0,2.000,0.289,4.00
95000,1365,12,30.0,0.0,10.0,0.0,5.0,0.0,1.00,0.5,5,470,20.44,21.19,12,0,0,0.0,1.00,1.00,1.00,3.50,4.00,3.75,5.4,2.000,0.949,4.00
95000,1200,10,51.8,0.0,2.2,0.0,23.7,0.0,1.00,2.0,6,931,58.09,19.41,8,0,2,0.0,1.00,1.00,1.00,4.00,5.60,5.40,20.8,2.000,0.638,5.60
95000,1364,5,34.0,1.0,3.0,0.0,12.0,0.0,1.25,0.0,1,1040,54.08,21.09,4,1,0,0.0,1.50,1.00,1.25,3.60,4.00,4.00,12.2,2.000,0.911,4.00
96000,1107,181,31.3,0.0,4.9,0.0,10.7,0.0,1.00,0.4,46,924,45.55,19.17,123,40,18,0.0,1.00,1.00,1.00,3.51,3.94,3.99,20.1,2.000,0.905,4.06
96000,1296,18,31.9,0.0,0.8,0.0,15.2,0.0,1.00,0.0,4,1121,77.32,14.93,14,4,0,0.0,1.00,1.00,1.00,3.33,4.00,4.00,19.1,2.000,0.949,4.00
96000,968,14,31.1,0.0,7.9,0.0,7.7,0.0,1.00,0.1,3,1635,73.74,33.08,7,5,2,0.0,1.00,1.00,1.00,2.93,4.00,3.93,25.5,2.000,0.270,4.00
96000,1238,14,31.7,0.0,8.6,0.0,7.3,0.0,1.00,0.0,6,570,26.40,21.16,13,0,1,0.0,1.00,1.00,1.00,3.43,4.00,4.00,16.1,2.000,0.520,4.00
96000,1200,14,40.1,0.0,7.9,0.0,12.2,0.0,1.00,1.3,7,544,26.33,20.73,10,3,1,0.0,1.00,1.00,1.00,3.57,4.36,4.57,18.5,2.000,0.677,4.79
96000,1365,14,30.3,0.0,9.5,0.0,5.6,0.0,1.00,0.3,6,811,40.10,10.25,14,0,0,0.0,1.00,1.00,1.00,2.93,4.00,3.86,11.3,2.000,0.938,4.00
96000,1280,6,31.3,0.0,9.5,0.0,6.2,0.0,1.00,0.0,3,1596,54.77,38.03,5,0,1,0.0,1.00,1.00,1.00,2.83,4.00,4.00,19.5,2.000,0.956,4.00
96000,1364,5,33.6,0.8,4.0,0.0,11.2,0.0,1.20,0.0,2,1157,52.81,16.62,3,1,1,0.0,1.40,1.00,1.20,3.60,4.00,4.00,22.1,2.000,0.878,4.00
97000,1107,238,31.6,0.0,4.2,0.0,11.6,0.0,1.00,0.5,63,697,35.69,13.15,144,63,31,0.0,1.00,1.00,1.00,3.58,3.98,3.96,22.2,2.000,0.866,4.11
97000,1350,21,32.5,0.0,0.9,0.0,15.4,0.0,1.00,0.0,3,713,40.31,3.51,11,7,3,0.0,1.00,1.00,1.00,3.33,4.05,4.05,26.7,2.000,0.084,4.05
97000,1238,20,32.0,0.0,7.7,0.0,8.4,0.0,1.00,0.0,5,777,37.68,18.74,17,3,0,0.0,1.00,1.00,1.00,3.70,4.00,4.00,14.2,2.000,0.268,4.00
97000,1389,18,31.9,0.0,6.6,0.0,9.4,0.0,1.00,0.4,9,501,20.90,10.37,8,6,4,0.0,1.00,1.00,1.00,3.28,4.00,4.00,27.5,2.000,0.894,4.11
97000,968,15,26.8,0.0,7.0,0.0,6.4,0.0,1.00,0.5,10,173,4.88,13.59,8,7,0,0.0,1.00,1.00,1.00,3.13,3.73,4.00,19.2,2.000,0.135,4.00
97000,1365,13,32.0,0.0,10.4,0.0,5.6,0.0,1.00,0.0,4,1790,69.44,28.36,6,5,2,0.0,1.00,1.00,1.00,3.85,4.00,4.00,27.4,2.000,0.944,4.00
97000,1280,10,32.0,0.0,9.5,0.0,6.5,0.0,1.00,0.0,3,568,24.22,27.61,8,1,1,0.0,1.00,1.00,1.00,4.00,4.00,4.00,18.2,2.000,0.960,4.00
97000,1296,7,32.0,0.0,0.0,0.0,16.0,0.0,1.00,0.0,1,1824,100.94,8.62,3,1,3,0.0,1.00,1.00,1.00,4.00,4.00,4.00,29.8,2.000,0.946,4.00
97000,1364,6,39.7,0.8,4.2,0.0,14.0,0.3,1.19,0.0,4,915,40.02,14.13,6,0,0,0.3,1.38,1.00,1.19,3.67,4.33,4.33,5.4,2.000,0.886,4.33
98000,1107,388,30.7,0.0,3.8,0.0,11.6,0.0,1.00,0.5,106,666,35.62,12.82,208,105,75,0.0,1.00,1.00,1.00,3.27,3.96,3.92,26.3,2.000,0.883,4.06
98000,1350,51,31.7,0.0,0.2,0.0,15.6,0.0,1.00,0.4,11,614,37.24,3.49,6,26,19,0.0,1.00,1.00,1.00,3.31,4.00,4.02,35.9,2.000,0.097,4.10
98000,1365,32,27.6,0.0,5.6,0.0,8.2,0.0,1.00,1.6,21,427,22.96,12.31,13,13,6,0.0,1.00,1.00,1.00,3.22,3.75,3.75,29.5,2.000,0.900,4.16
98000,1389,18,36.8,0.0,8.2,0.0,10.2,0.0,1.00,0.0,8,1045,44.05,18.31,6,6,6,0.0,1.00,1.00,1.00,3.50,4.28,4.28,30.9,2.000,0.914,4.28
98000,1238,10,32.0,0.0,7.1,0.0,8.9,0.0,1.00,0.0,4,1264,57.97,16.24,8,0,2,0.0,1.00,1.00,1.00,2.90,4.00,4.00,19.3,2.000,0.278,4.00
98000,1364,8,37.5,0.8,5.0,0.0,12.2,0.5,1.18,0.5,6,897,47.52,20.25,6,0,2,0.5,1.35,1.00,1.19,3.75,4.38,4.38,15.7,2.000,0.907,4.38
98000,1280,7,32.0,0.0,9.1,0.0,6.9,0.0,1.00,0.0,2,1456,77.24,42.78,7,0,0,0.0,1.00,1.00,1.00,4.00,4.00,4.00,9.8,2.000,0.960,4.00
99000,1107,521,31.2,0.0,4.1,0.0,11.6,0.0,1.00,0.5,137,712,36.37,15.52,248,164,109,0.0,1.00,1.00,1.00,3.41,3.98,3.96,27.1,2.000,0.872,4.09
99000,1400,79,31.2,0.0,0.1,0.0,15.5,0.0,1.00,0.4,11,747,42.87,6.50,16,21,42,0.0,1.00,1.00,1.00,3.53,3.95,3.95,36.0,2.000,0.829,4.05
99000,1350,44,30.9,0.0,0.4,0.0,15.0,0.0,1.00,0.5,13,833,51.85,8.47,11,17,16,0.0,1.00,1.00,1.00,3.20,3.95,3.91,31.1,2.000,0.088,4.07
99000,1407,43,31.3,0.0,8.4,0.0,7.2,0.0,1.00,0.2,20,640,28.78,18.93,9,26,8,0.0,1.00,1.00,1.00,3.56,3.95,4.00,31.2,2.000,0.957,4.02
99000,1399,31,32.6,0.0,0.1,0.0,16.2,0.0,1.00,1.0,10,655,37.88,7.53,19,11,1,0.0,1.00,1.00,1.00,3.42,4.06,4.00,20.1,2.000,0.866,4.29
99000,1389,29,35.9,0.0,5.1,0.0,12.9,0.0,1.00,0.6,13,799,37.75,14.63,18,9,2,0.0,1.00,1.00,1.00,3.52,4.28,4.14,22.5,2.000,0.819,4.34
99000,1364,16,36.5,0.5,4.7,0.0,12.6,0.4,1.12,0.2,12,1007,48.07,18.86,12,3,1,0.4,1.23,1.00,1.12,3.62,4.31,4.31,16.2,2.000,0.901,4.31
99000,1238,13,30.2,0.0,6.1,0.0,9.0,0.0,1.00,0.2,7,941,58.68,20.07,12,1,0,0.0,1.00,1.00,1.00,3.54,4.00,3.92,17.8,2.000,0.291,4.00
99000,1365,11,31.1,0.0,7.8,0.0,7.7,0.0,1.00,0.0,5,707,40.64,20.34,1,0,10,0.0,1.00,1.00,1.00,3.27,4.00,4.00,40.8,2.000,0.914,4.00
99000,1280,9,32.0,0.0,8.1,0.0,7.9,0.0,1.00,0.0,4,1344,67.45,27.45,9,0,0,0.0,1.00,1.00,1.00,3.22,4.00,4.00,9.9,2.000,0.958,4.00
99000,1402,5,25.6,0.0,4.8,0.0,8.0,0.0,1.00,3.2,3,1410,53.39,54.47,0,2,3,0.0,1.00,1.00,1.00,3.20,4.00,3.20,46.2,2.000,0.726,4.40
99000,1398,5,42.4,0.0,4.2,0.0,17.0,0.0,1.00,0.8,5,174,14.37,7.52,0,2,3,0.0,1.00,1.00,1.00,4.00,4.60,5.00,41.4,2.000,0.781,5.00
100000,1107,575,32.1,0.0,4.8,0.0,11.2,0.0,1.00,0.3,127,823,43.61,23.41,217,223,135,0.0,1.00,1.00,1.00,3.50,4.04,4.00,29.0,2.000,0.884,4.10
100000,1411,380,38.6,0.0,7.1,0.0,12.2,0.0,1.00,0.5,126,763,41.16,25.87,140,143,97,0.0,1.00,1.00,1.00,3.79,4.41,4.39,29.5,2.000,0.906,4.52
100000,1400,154,31.1,0.0,0.1,0.0,15.5,0.0,1.00,0.2,17,650,39.35,8.02,13,45,96,0.0,1.00,1.00,1.00,3.40,3.97,3.95,40.8,2.000,0.794,4.01
100000,1410,93,34.7,0.0,0.0,0.0,17.3,0.0,1.00,1.1,21,660,44.89,14.97,51,11,31,0.0,1.00,1.00,1.00,3.39,4.10,4.11,28.8,2.000,0.955,4.38
100000,1350,62,28.7,0.0,0.1,0.0,14.3,0.0,1.00,1.1,19,670,49.50,20.44,13,21,28,0.0,1.00,1.00,1.00,3.03,3.84,3.71,34.4,2.000,0.098,4.05
100000,1409,62,33.6,0.0,6.6,0.0,10.2,0.0,1.00,0.1,18,848,41.68,21.21,22,23,17,0.0,1.00,1.00,1.00,3.63,4.10,4.10,30.8,2.000,0.880,4.13
100000,1364,46,36.7,0.2,2.8,0.0,15.2,0.2,1.05,1.4,31,667,37.07,16.22,35,11,0,0.2,1.10,1.00,1.05,3.43,4.28,4.26,18.0,2.000,0.882,4.63
100000,1407,45,31.8,0.0,8.0,0.0,7.9,0.0,1.00,0.1,17,944,37.47,27.73,4,34,7,0.0,1.00,1.00,1.00,3.56,4.04,4.07,33.4,2.000,0.957,4.09
100000,1389,22,43.4,0.0,8.2,0.0,13.5,0.0,1.00,0.5,11,949,49.67,30.11,13,5,4,0.0,1.00,1.00,1.00,4.00,4.64,4.64,24.9,2.000,0.857,4.73
100000,1238,20,31.2,0.0,5.9,0.0,9.7,0.0,1.00,0.0,7,862,45.85,22.15,17,3,0,0.0,1.00,1.00,1.00,3.50,4.00,4.00,12.4,2.000,0.264,4.00
100000,1399,18,33.9,0.0,0.0,0.0,16.9,0.0,1.00,0.0,5,1227,64.88,12.99,9,6,3,0.0,1.00,1.00,1.00,3.39,4.17,4.17,28.0,2.000,0.905,4.17
100000,1365,18,33.0,0.0,7.2,0.0,9.3,0.0,1.00,0.0,4,729,38.98,24.39,5,5,8,0.0,1.00,1.00,1.00,3.61,4.06,4.06,35.3,2.000,0.918,4.06
100000,1280,16,32.0,0.0,9.1,0.0,6.9,0.0,1.00,0.0,2,549,22.43,28.38,12,4,0,0.0,1.00,1.00,1.00,3.50,4.00,4.00,16.1,2.000,0.961,4.00
101000,1107,562,32.1,0.0,4.8,0.0,11.2,0.0,1.00,0.4,154,841,47.50,29.69,256,216,90,0.0,1.00,1.00,1.00,3.46,4.01,4.04,26.6,2.000,0.889,4.13
101000,1411,374,37.1,0.0,8.2,0.0,10.4,0.0,1.00,0.5,112,907,53.50,35.80,117,168,89,0.0,1.00,1.00,1.00,3.68,4.31,4.31,30.7,2.000,0.905,4.43
101000,1400,145,29.6,0.0,0.0,0.0,14.8,0.0,1.00,0.7,28,845,57.48,22.35,11,22,112,0.0,1.00,1.00,1.00,3.54,3.92,3.86,42.2,2.000,0.826,4.07
101000,1410,73,36.0,0.0,0.0,0.0,18.0,0.0,1.00,0.5,12,955,62.63,24.70,16,16,41,0.0,1.00,1.00,1.00,3.53,4.18,4.27,38.0,2.000,0.930,4.34
101000,1409,59,32.2,0.0,7.0,0.0,9.1,0.0,1.00,0.1,24,1104,51.01,25.22,26,20,13,0.0,1.00,1.00,1.00,3.46,4.05,4.05,27.1,2.000,0.856,4.08
101000,1350,58,28.9,0.0,0.2,0.0,14.2,0.0,1.00,0.7,15,781,61.93,19.35,6,20,32,0.0,1.00,1.00,1.00,3.28,3.91,3.74,39.9,2.000,0.078,4.00
101000,1407,39,30.5,0.0,7.5,0.0,7.8,0.0,1.00,0.2,12,1088,50.32,29.53,7,16,16,0.0,1.00,1.00,1.00,3.62,3.95,4.03,36.8,2.000,0.959,4.03
101000,1280,39,31.7,0.0,8.8,0.0,7.0,0.0,1.00,0.0,8,713,32.96,24.39,26,13,0,0.0,1.00,1.00,1.00,3.44,4.00,4.00,19.7,2.000,0.958,4.00
101000,1389,37,39.1,0.0,8.4,0.0,11.2,0.0,1.00,1.0,20,850,56.17,39.59,22,13,2,0.0,1.00,1.00,1.00,3.62,4.38,4.54,22.0,2.000,0.851,4.70
101000,1364,36,40.7,0.3,3.2,0.0,16.5,0.2,1.08,0.3,22,934,55.07,22.67,23,12,1,0.2,1.15,1.01,1.08,3.61,4.53,4.50,20.8,2.000,0.875,4.58
101000,1399,22,36.1,0.0,0.9,0.0,17.2,0.0,1.00,0.0,4,916,49.92,12.54,13,8,1,0.0,1.00,1.00,1.00,3.64,4.23,4.23,24.3,2.000,0.878,4.23
101000,1365,22,30.2,0.0,5.2,0.0,9.9,0.0,1.00,0.5,6,717,36.73,40.19,11,2,9,0.0,1.00,1.00,1.00,3.41,3.95,3.82,27.7,2.000,0.917,4.00
101000,1238,8,32.0,0.0,6.6,0.0,9.4,0.0,1.00,0.0,2,1608,64.54,33.74,6,1,1,0.0,1.00,1.00,1.00,2.00,4.00,4.00,21.0,2.000,0.236,4.00
102000,1107,839,31.4,0.0,5.4,0.0,10.4,0.0,1.00,0.6,224,887,50.18,32.82,285,363,191,0.0,1.00,1.00,1.00,3.37,4.00,3.97,29.8,2.000,0.886,4.13
102000,1411,156,45.0,0.0,10.4,0.0,12.1,0.0,1.00,0.7,83,987,66.48,44.51,42,82,32,0.0,1.00,1.00,1.00,3.90,4.85,4.76,31.0,2.000,0.897,4.97
102000,1400,127,30.2,0.0,0.1,0.0,15.0,0.0,1.00,0.4,23,1037,67.68,42.04,0,30,97,0.0,1.00,1.00,1.00,3.28,3.93,3.92,43.7,2.000,0.811,4.03
102000,1428,83,28.8,0.0,4.4,0.0,10.0,0.0,1.00,1.3,36,1073,70.49,43.69,5,27,51,0.0,1.00,1.00,1.00,3.24,3.81,3.76,39.9,2.000,0.922,4.10
102000,1389,61,35.8,0.0,6.5,0.0,11.4,0.0,1.00,0.6,29,685,38.83,28.73,22,15,24,0.0,1.00,1.00,1.00,3.69,4.28,4.33,32.4,2.000,0.825,4.46
102000,1409,60,33.9,0.0,6.5,0.0,10.5,0.0,1.00,0.1,24,910,42.68,28.45,24,19,17,0.0,1.00,1.00,1.00,3.63,4.12,4.17,29.3,2.000,0.880,4.17
102000,1365,55,29.3,0.0,4.5,0.0,10.1,0.0,1.00,0.6,14,531,29.63,41.51,10,21,24,0.0,1.00,1.00,1.00,3.31,3.91,3.80,35.4,2.000,0.874,4.00
102000,1407,41,30.2,0.0,8.4,0.0,6.7,0.0,1.00,0.5,15,1045,52.89,47.05,2,21,18,0.0,1.00,1.00,1.00,3.54,4.00,3.93,37.5,2.000,0.957,4.10
102000,1410,38,35.7,0.0,0.0,0.0,17.9,0.0,1.00,0.6,6,1164,83.16,43.99,12,14,12,0.0,1.00,1.00,1.00,3.00,4.13,4.21,31.4,2.000,0.960,4.32
102000,1364,38,43.1,0.4,4.5,0.0,16.2,0.8,1.09,0.2,20,943,55.17,29.04,20,15,3,0.8,1.18,1.01,1.09,3.68,4.68,4.61,26.0,2.000,0.846,4.68
102000,1280,36,31.4,0.0,9.1,0.0,6.6,0.0,1.00,0.1,6,1275,60.02,37.90,22,14,0,0.0,1.00,1.00,1.00,3.31,3.97,4.00,21.2,2.000,0.958,4.00
102000,1350,36,30.0,0.0,0.6,0.0,14.4,0.0,1.00,0.5,9,1018,76.98,28.87,4,7,25,0.0,1.00,1.00,1.00,3.14,3.94,3.83,40.1,2.000,0.072,4.00
102000,1399,20,31.4,0.0,0.3,0.0,15.4,0.0,1.00,0.8,6,761,42.27,23.65,4,16,0,0.0,1.00,1.00,1.00,2.95,3.90,3.90,31.3,2.000,0.902,4.10
102000,968,6,28.0,0.0,7.3,0.0,6.7,0.0,1.00,1.0,2,611,25.28,38.89,0,0,6,0.0,1.00,1.00,1.00,2.67,3.50,4.00,43.0,2.000,0.147,4.00
103000,1107,627,31.8,0.0,4.8,0.0,11.1,0.0,1.00,0.5,162,864,46.89,31.54,272,235,120,0.0,1.00,1.00,1.00,3.56,4.01,3.97,27.9,2.000,0.885,4.11
103000,1411,230,44.7,0.0,10.4,0.0,11.9,0.0,1.00,0.8,93,769,48.01,39.09,65,113,52,0.0,1.00,1.00,1.00,3.91,4.72,4.74,32.2,2.000,0.886,4.94
103000,1400,131,31.2,0.0,0.0,0.0,15.6,0.0,1.00,0.3,21,695,41.86,25.50,2,12,117,0.0,1.00,1.00,1.00,3.33,4.00,3.95,46.1,2.000,0.843,4.05
103000,1428,124,30.9,0.0,5.4,0.0,10.1,0.0,1.00,0.3,33,763,38.49,35.33,14,25,85,0.0,1.00,1.00,1.00,3.41,3.95,3.94,40.7,2.000,0.924,4.03
103000,1365,68,30.4,0.0,7.0,0.0,8.2,0.0,1.00,0.4,19,725,34.78,46.14,20,19,29,0.0,1.00,1.00,1.00,3.53,3.87,3.97,31.8,2.000,0.923,4.01
103000,1409,56,30.5,0.0,7.2,0.0,8.1,0.0,1.00,0.5,23,1001,40.43,38.09,11,29,16,0.0,1.00,1.00,1.00,3.48,3.89,3.96,33.5,2.000,0.884,4.05
103000,1280,55,30.2,0.0,8.1,0.0,7.0,0.0,1.00,0.2,18,664,28.41,21.23,37,18,0,0.0,1.00,1.00,1.00,3.58,3.91,3.98,19.5,2.000,0.956,4.00
103000,1389,39,37.5,0.0,8.2,0.0,10.6,0.0,1.00,0.9,16,875,49.21,35.70,15,16,8,0.0,1.00,1.00,1.00,3.59,4.21,4.49,27.5,2.000,0.872,4.56
103000,1407,29,30.1,0.0,8.0,0.0,7.0,0.0,1.00,0.8,11,1191,63.33,52.78,0,19,10,0.0,1.00,1.00,1.00,3.45,3.83,3.86,37.8,2.000,0.957,4.03
103000,1364,27,41.6,0.5,5.1,0.0,14.7,0.7,1.11,0.9,18,950,52.72,30.49,8,16,3,0.7,1.23,1.00,1.11,3.63,4.63,4.44,29.1,2.000,0.868,4.74
103000,1350,14,26.0,0.0,1.1,0.0,11.9,0.0,1.00,1.3,7,604,39.75,13.06,3,8,3,0.0,1.00,1.00,1.00,3.21,3.57,3.79,31.0,2.000,0.114,4.00
103000,1442,12,31.7,0.0,2.2,0.0,13.7,0.0,1.00,0.0,6,1352,71.38,20.77,9,3,0,0.0,1.00,1.00,1.00,3.00,4.08,4.08,20.7,2.000,0.747,4.08
103000,1410,10,39.6,0.0,0.0,0.0,19.8,0.0,1.00,0.0,3,1391,106.22,55.52,2,6,2,0.0,1.00,1.00,1.00,3.70,4.50,4.50,31.8,2.000,0.966,4.50
103000,1356,10,27.4,0.0,7.3,0.0,6.4,0.0,1.00,0.8,8,326,17.29,6.30,8,2,0,0.0,1.00,1.00,1.00,3.30,3.80,3.80,15.3,2.000,0.605,4.00
103000,968,7,32.0,0.0,8.3,0.0,7.7,0.0,1.00,0.0,2,941,57.50,34.69,0,0,7,0.0,1.00,1.00,1.00,2.86,4.00,4.00,42.6,2.000,0.167,4.00
103000,1399,5,32.8,0.0,0.4,0.0,16.0,0.0,1.00,0.8,4,2175,116.54,53.94,2,2,1,0.0,1.00,1.00,1.00,3.20,4.00,4.00,29.8,2.000,0.878,4.20
104000,1107,759,32.2,0.0,6.7,0.0,9.4,0.0,1.00,0.4,174,885,44.11,38.62,262,265,232,0.0,1.00,1.00,1.00,3.48,4.02,4.03,31.3,2.000,0.910,4.13
104000,1411,250,46.1,0.0,9.1,0.0,14.0,0.0,1.00,0.8,94,819,49.81,37.20,76,112,62,0.0,1.00,1.00,1.00,3.96,4.78,4.76,31.2,2.000,0.871,4.96
104000,1448,192,31.4,0.0,0.0,0.0,15.7,0.0,1.00,0.3,26,759,44.55,17.07,151,34,7,0.0,1.00,1.00,1.00,3.25,3.98,3.98,17.3,2.000,0.491,4.07
104000,1428,122,31.5,0.0,5.6,0.0,10.2,0.0,1.00,0.4,27,818,46.27,36.94,13,27,82,0.0,1.00,1.00,1.00,3.37,3.94,3.99,39.5,2.000,0.929,4.07
104000,1445,94,37.9,0.0,5.7,0.0,13.2,0.0,1.00,0.2,37,952,57.00,36.60,34,23,37,0.0,1.00,1.00,1.00,3.70,4.35,4.34,32.0,2.000,0.894,4.40
104000,1400,83,30.8,0.0,0.0,0.0,15.4,0.0,1.00,0.5,11,744,47.76,29.03,0,2,81,0.0,1.00,1.00,1.00,3.30,3.94,3.92,50.1,2.000,0.832,4.06
104000,1446,67,30.5,0.0,6.4,0.0,8.8,0.0,1.00,0.6,28,1082,48.16,42.59,27,27,13,0.0,1.00,1.00,1.00,3.54,3.96,3.90,27.1,2.000,0.854,4.07
104000,1409,56,31.9,0.0,6.7,0.0,9.3,0.0,1.00,0.3,21,1119,54.82,38.78,19,17,20,0.0,1.00,1.00,1.00,3.36,3.98,4.02,33.0,2.000,0.841,4.07
104000,1365,43,29.0,0.0,6.2,0.0,8.3,0.0,1.00,0.7,17,1347,70.20,74.46,9,16,18,0.0,1.00,1.00,1.00,3.30,3.79,3.88,33.0,2.000,0.923,4.00
104000,1364,42,35.9,0.5,5.0,0.0,12.1,0.6,1.12,0.5,27,612,32.64,22.27,13,19,10,0.6,1.20,1.04,1.12,3.31,4.36,4.33,32.9,2.000,0.909,4.43
104000,1389,39,32.7,0.0,7.1,0.0,9.3,0.0,1.00,0.6,23,663,42.76,32.73,33,2,4,0.0,1.00,1.00,1.00,3.56,4.10,4.13,17.5,2.000,0.885,4.26
104000,1407,35,33.4,0.0,8.2,0.0,8.5,0.0,1.00,0.5,13,1253,75.59,53.44,1,11,23,0.0,1.00,1.00,1.00,3.17,4.03,4.06,43.5,2.000,0.955,4.17
104000,1280,34,31.1,0.0,8.6,0.0,7.0,0.0,1.00,0.2,11,1037,40.98,30.16,19,14,1,0.0,1.00,1.00,1.00,3.26,3.91,4.00,21.2,2.000,0.959,4.00
104000,1449,19,32.6,0.0,8.3,0.0,8.0,0.0,1.00,0.0,8,779,29.70,30.17,7,10,2,0.0,1.00,1.00,1.00,3.37,4.11,4.11,26.7,2.000,0.932,4.11
104000,1350,19,30.4,0.0,0.0,0.0,15.2,0.0,1.00,0.1,5,616,38.73,21.83,0,17,2,0.0,1.00,1.00,1.00,3.53,4.00,3.95,35.5,2.000,0.083,4.00
104000,1447,18,31.7,0.0,6.4,0.0,9.4,0.0,1.00,0.0,11,987,62.60,35.96,1,6,11,0.0,1.00,1.00,1.00,3.89,4.00,4.00,37.9,2.000,0.625,4.00
104000,1410,13,35.8,0.0,0.0,0.0,17.9,0.0,1.00,0.0,3,944,103.55,89.23,4,8,1,0.0,1.00,1.00,1.00,4.00,4.23,4.23,26.1,2.000,0.946,4.23
104000,1442,10,33.8,0.0,0.7,0.0,16.2,0.0,1.00,0.0,4,1004,49.15,30.88,8,1,1,0.0,1.00,1.00,1.00,3.60,4.10,4.10,23.7,2.000,0.805,4.10
104000,1356,6,29.7,0.0,8.2,0.0,6.7,0.0,1.00,0.3,6,1402,68.86,27.92,5,0,1,0.0,1.00,1.00,1.00,3.17,4.00,3.83,18.2,2.000,0.626,4.00
104000,968,6,31.0,0.0,8.0,0.0,7.5,0.0,1.00,0.0,3,1645,101.39,55.28,0,2,4,0.0,1.00,1.00,1.00,3.67,4.00,4.00,40.8,2.000,0.237,4.00
104000,1420,6,27.3,0.0,0.0,0.0,13.7,0.0,1.00,0.7,3,852,122.79,95.81,0,0,6,0.0,1.00,1.00,1.00,3.83,3.67,4.00,44.2,2.000,0.831,4.00
104000,1399,5,41.2,0.0,0.2,0.0,20.4,0.0,1.00,0.0,3,1311,80.74,37.45,2,1,2,0.0,1.00,1.00,1.00,4.00,4.60,4.60,26.8,2.000,0.876,4.60
105000,1107,426,31.7,0.0,7.1,0.0,8.7,0.0,1.00,0.5,105,971,44.49,38.59,95,116,215,0.0,1.00,1.00,1.00,3.46,3.98,4.01,36.3,2.000,0.899,4.11
105000,1457,366,33.3,0.0,5.3,0.0,11.3,0.0,1.00,0.3,101,898,47.90,35.35,103,120,143,0.0,1.00,1.00,1.00,3.47,4.08,4.10,33.7,2.000,0.815,4.16
105000,1411,258,43.5,0.0,9.5,0.0,12.3,0.0,1.00,0.8,104,898,54.48,37.25,94,106,58,0.0,1.00,1.00,1.00,3.93,4.69,4.71,29.7,2.000,0.873,4.88
105000,1448,162,29.6,0.0,0.1,0.0,14.7,0.0,1.00,0.6,37,889,46.75,18.45,118,37,7,0.0,1.00,1.00,1.00,3.23,3.89,3.85,21.4,2.000,0.485,4.02
105000,1428,118,31.5,0.0,5.6,0.0,10.1,0.0,1.00,0.5,31,1067,59.98,44.51,15,16,87,0.0,1.00,1.00,1.00,3.33,4.02,3.97,39.6,2.000,0.903,4.11
105000,1445,102,38.4,0.0,6.1,0.0,13.1,0.0,1.00,0.3,42,838,47.02,28.05,37,24,41,0.0,1.00,1.00,1.00,3.64,4.44,4.38,31.6,2.000,0.905,4.49
105000,1446,67,29.9,0.0,5.7,0.0,9.3,0.0,1.00,0.6,30,951,44.82,36.67,28,24,15,0.0,1.00,1.00,1.00,3.57,3.88,3.94,27.3,2.000,0.839,4.06
105000,1280,64,30.3,0.0,8.7,0.0,6.5,0.0,1.00,0.3,15,640,25.35,23.27,36,22,6,0.0,1.00,1.00,1.00,3.58,3.84,3.98,23.1,2.000,0.963,4.00
105000,1409,61,31.9,0.0,7.2,0.0,8.7,0.0,1.00,0.0,17,1035,49.46,37.07,23,23,15,0.0,1.00,1.00,1.00,3.44,4.02,4.00,29.8,2.000,0.828,4.02
105000,1365,54,29.3,0.0,6.5,0.0,8.1,0.0,1.00,0.4,18,1030,56.89,43.93,11,22,21,0.0,1.00,1.00,1.00,3.28,3.85,3.93,33.7,2.000,0.914,4.00
105000,1400,53,30.4,0.0,0.0,0.0,15.2,0.0,1.00,0.5,8,1024,67.14,35.14,5,2,46,0.0,1.00,1.00,1.00,3.55,4.02,3.83,44.7,2.000,0.771,4.04
105000,1389,52,35.7,0.0,6.4,0.0,11.5,0.0,1.00,0.3,15,712,38.37,32.58,34,16,2,0.0,1.00,1.00,1.00,3.35,4.17,4.23,17.2,2.000,0.871,4.29
105000,1407,42,32.3,0.0,7.9,0.0,8.2,0.0,1.00,0.4,19,964,51.08,33.68,0,21,21,0.0,1.00,1.00,1.00,3.57,4.05,4.07,41.7,2.000,0.957,4.17
105000,1458,20,32.0,0.0,7.1,0.0,8.9,0.0,1.00,0.2,8,793,36.35,40.92,11,5,4,0.0,1.00,1.00,1.00,3.25,4.05,3.95,25.6,2.000,0.912,4.05
105000,1410,19,30.2,0.0,0.0,0.0,15.1,0.0,1.00,0.0,5,574,41.32,48.18,2,9,8,0.0,1.00,1.00,1.00,3.74,4.05,4.05,37.1,2.000,0.959,4.05
105000,1447,19,30.7,0.0,5.2,0.0,10.2,0.0,1.00,0.3,12,1028,74.75,47.20,1,8,10,0.0,1.00,1.00,1.00,3.63,3.95,3.89,39.4,2.000,0.603,4.00
105000,1364,18,39.3,0.5,6.6,0.0,12.1,0.6,1.11,1.0,10,1015,59.58,44.33,2,10,6,0.6,1.21,1.04,1.10,3.67,4.61,4.39,37.3,2.000,0.893,4.61
105000,1350,13,30.5,0.0,0.2,0.0,15.0,0.0,1.00,0.3,3,1252,74.16,35.13,0,13,0,0.0,1.00,1.00,1.00,3.69,4.00,3.85,34.3,2.000,0.100,4.00
105000,1459,9,31.3,0.0,0.0,0.0,15.7,0.0,1.00,0.4,2,1196,64.53,25.88,0,1,8,0.0,1.00,1.00,1.00,3.22,4.11,3.89,52.0,2.000,0.527,4.11
105000,1442,8,29.0,0.0,0.0,0.0,14.5,0.0,1.00,1.0,3,744,35.13,29.98,7,1,0,0.0,1.00,1.00,1.00,3.38,4.00,3.75,20.2,2.000,0.860,4.12
105000,1449,7,32.0,0.0,6.7,0.0,9.3,0.0,1.00,0.0,4,1543,62.24,45.18,3,2,2,0.0,1.00,1.00,1.00,3.14,4.00,4.00,28.2,2.000,0.935,4.00
105000,1420,6,28.7,0.0,0.2,0.0,14.2,0.0,1.00,0.7,4,1147,150.02,124.90,0,0,6,0.0,1.00,1.00,1.00,3.33,3.67,4.00,42.9,2.000,0.799,4.00
106000,1107,618,35.7,0.0,8.1,0.0,9.8,0.0,1.00,0.5,160,993,52.32,37.07,134,247,237,0.0,1.00,1.00,1.00,3.58,4.22,4.22,35.1,2.000,0.898,4.34
106000,1457,330,32.5,0.0,5.1,0.0,11.1,0.0,1.00,0.4,91,876,46.01,35.67,90,105,135,0.0,1.00,1.00,1.00,3.52,4.03,4.05,34.1,2.000,0.849,4.15
106000,1428,131,31.5,0.0,5.6,0.0,10.2,0.0,1.00,0.5,40,1008,53.37,35.50,18,24,89,0.0,1.00,1.00,1.00,3.19,4.02,3.97,40.1,2.000,0.888,4.10
106000,1448,124,30.0,0.0,0.5,0.0,14.5,0.0,1.00,0.4,30,663,37.81,17.86,97,26,1,0.0,1.00,1.00,1.00,3.38,3.93,3.90,19.0,2.000,0.452,4.02
106000,1365,85,29.9,0.0,5.2,0.0,9.7,0.0,1.00,0.8,34,759,43.40,32.69,38,15,32,0.0,1.00,1.00,1.00,3.54,3.91,3.92,29.0,2.000,0.908,4.09
106000,1445,84,45.6,0.0,6.2,0.0,16.6,0.0,1.00,0.4,38,835,54.09,28.43,23,17,44,0.0,1.00,1.00,1.00,3.88,4.70,4.75,36.7,2.000,0.895,4.82
106000,1389,77,34.1,0.0,6.4,0.0,10.7,0.0,1.00,0.4,29,636,36.07,22.57,55,14,8,0.0,1.00,1.00,1.00,3.42,4.18,4.16,19.7,2.000,0.875,4.26
106000,1446,67,30.6,0.0,5.3,0.0,10.0,0.0,1.00,0.6,29,1027,58.61,42.39,24,30,13,0.0,1.00,1.00,1.00,3.51,3.88,3.90,28.9,2.000,0.829,4.04
106000,1407,66,31.8,0.0,8.2,0.0,7.7,0.0,1.00,0.7,29,570,29.02,22.32,0,30,36,0.0,1.00,1.00,1.00,3.23,4.05,4.05,41.3,2.000,0.953,4.21
106000,1350,65,31.9,0.0,0.1,0.0,15.9,0.0,1.00,0.6,13,433,28.22,17.51,1,22,42,0.0,1.00,1.00,1.00,3.42,4.00,3.97,44.3,2.000,0.061,4.12
106000,1409,43,31.8,0.0,6.3,0.0,9.5,0.0,1.00,0.2,14,1284,57.00,39.22,17,18,8,0.0,1.00,1.00,1.00,3.56,3.95,4.00,28.0,2.000,0.806,4.02
106000,1400,39,30.6,0.0,0.0,0.0,15.3,0.0,1.00,0.5,5,577,40.45,20.39,0,0,39,0.0,1.00,1.00,1.00,3.54,3.92,3.87,46.4,2.000,0.725,4.03
106000,1280,31,31.7,0.0,8.3,0.0,7.5,0.0,1.00,0.1,10,809,27.50,31.73,12,19,0,0.0,1.00,1.00,1.00,3.48,4.00,4.00,23.4,2.000,0.961,4.03
106000,1489,27,32.8,0.0,4.4,0.0,12.0,0.0,1.00,0.4,10,505,27.10,25.97,19,2,6,0.0,1.00,1.00,1.00,3.81,4.04,4.15,22.9,2.000,0.940,4.19
106000,1410,26,33.6,0.0,0.0,0.0,16.8,0.0,1.00,0.2,3,609,57.57,47.26,13,13,0,0.0,1.00,1.00,1.00,3.42,4.15,4.04,23.2,2.000,0.945,4.15
106000,1477,20,37.2,0.0,0.0,0.0,18.6,0.0,1.00,0.0,3,494,30.11,13.43,4,3,13,0.0,1.00,1.00,1.00,3.20,4.30,4.30,41.0,2.000,0.977,4.30
106000,1458,19,29.5,0.0,7.2,0.0,7.6,0.0,1.00,0.6,8,1297,68.30,54.28,3,13,3,0.0,1.00,1.00,1.00,3.47,3.74,3.95,31.2,2.000,0.921,4.00
106000,1364,16,36.8,0.3,5.0,0.0,12.8,0.5,1.06,1.0,8,1437,80.99,72.32,1,8,7,0.5,1.12,1.00,1.06,3.56,4.19,4.19,37.0,2.000,0.892,4.44
106000,1475,14,32.9,0.0,4.9,0.0,11.6,0.0,1.00,1.9,10,933,47.33,24.25,9,5,0,0.0,1.00,1.00,1.00,3.29,4.29,3.79,23.3,2.000,0.936,4.50
106000,1449,9,32.0,0.0,7.7,0.0,8.3,0.0,1.00,0.0,4,1230,50.00,29.53,3,0,6,0.0,1.00,1.00,1.00,3.33,4.00,4.00,40.2,2.000,0.934,4.00
106000,1411,9,31.1,0.0,8.0,0.0,7.6,0.0,1.00,0.2,3,571,22.33,25.34,2,7,0,0.0,1.00,1.00,1.00,3.22,4.00,3.89,33.0,2.000,0.645,4.00
106000,1447,7,29.4,0.0,8.9,0.0,5.9,0.0,1.00,0.0,3,665,20.26,13.78,1,6,0,0.0,1.00,1.00,1.00,3.14,4.00,4.00,28.3,2.000,0.639,4.00
106000,1459,7,28.9,0.0,0.3,0.0,14.1,0.0,1.00,0.6,4,198,14.09,8.03,0,0,7,0.0,1.00,1.00,1.00,2.86,4.00,3.71,53.4,2.000,0.469,4.00
107000,1107,412,32.6,0.0,7.2,0.0,9.1,0.0,1.00,0.3,88,989,48.51,32.81,103,122,187,0.0,1.00,1.00,1.00,3.52,4.05,4.06,35.3,2.000,0.900,4.12
107000,1457,350,33.3,0.0,6.1,0.0,10.5,0.0,1.00,0.3,81,924,49.80,38.93,87,117,146,0.0,1.00,1.00,1.00,3.54,4.07,4.09,34.1,2.000,0.850,4.15
107000,1448,144,31.3,0.0,0.2,0.0,15.4,0.0,1.00,0.1,12,688,35.74,13.54,106,33,5,0.0,1.00,1.00,1.00,3.33,3.98,3.96,20.0,2.000,0.460,4.00
107000,1428,144,31.0,0.0,5.7,0.0,9.8,0.0,1.00,0.6,50,783,42.80,36.08,19,34,91,0.0,1.00,1.00,1.00,3.46,3.98,3.97,38.6,2.000,0.902,4.12
107000,1365,83,30.5,0.0,5.5,0.0,9.7,0.0,1.00,0.5,27,1085,56.26,50.31,17,27,39,0.0,1.00,1.00,1.00,3.39,3.94,3.87,35.2,2.000,0.903,4.02
107000,1445,65,42.8,0.0,6.9,0.0,14.5,0.0,1.00,0.3,31,1036,64.39,37.06,21,23,21,0.0,1.00,1.00,1.00,3.95,4.63,4.60,31.8,2.000,0.904,4.69
107000,1446,56,31.7,0.0,6.0,0.0,9.8,0.0,1.00,0.3,22,1262,78.91,55.36,8,33,15,0.0,1.00,1.00,1.00,3.62,4.00,4.02,34.0,2.000,0.843,4.09
107000,1407,48,31.1,0.0,7.7,0.0,7.9,0.0,1.00,0.6,18,1083,47.88,37.07,2,31,15,0.0,1.00,1.00,1.00,3.27,3.94,3.94,38.2,2.000,0.956,4.08
107000,1389,47,33.7,0.0,6.9,0.0,9.9,0.0,1.00,0.6,17,1167,68.59,42.00,28,10,9,0.0,1.00,1.00,1.00,3.53,4.09,4.06,22.5,2.000,0.876,4.21
107000,1350,33,30.5,0.0,0.2,0.0,15.0,0.0,1.00,0.4,5,501,26.23,7.95,0,9,24,0.0,1.00,1.00,1.00,3.58,3.88,3.94,45.8,2.000,0.030,4.00
107000,1510,31,31.0,0.0,8.3,0.0,7.2,0.0,1.00,0.4,12,977,51.16,36.81,0,20,11,0.0,1.00,1.00,1.00,3.42,3.97,3.90,40.0,2.000,0.831,4.03
107000,1409,31,32.0,0.0,7.2,0.0,8.8,0.0,1.00,0.0,9,1327,57.93,41.80,15,11,5,0.0,1.00,1.00,1.00,3.74,4.00,4.00,27.1,2.000,0.788,4.00
107000,1280,30,30.7,0.0,8.1,0.0,7.3,0.0,1.00,0.2,9,978,37.31,37.95,17,12,1,0.0,1.00,1.00,1.00,3.77,4.00,3.90,23.8,2.000,0.963,4.00
107000,1489,28,29.9,0.0,2.7,0.0,12.3,0.0,1.00,0.9,14,745,38.23,32.84,19,2,7,0.0,1.00,1.00,1.00,3.25,3.89,3.96,22.3,2.000,0.940,4.14
107000,1410,26,34.1,0.0,0.0,0.0,17.0,0.0,1.00,0.0,2,766,77.70,52.70,8,17,1,0.0,1.00,1.00,1.00,3.73,4.12,4.12,26.7,2.000,0.927,4.12
107000,1477,25,35.2,0.0,0.0,0.0,17.6,0.0,1.00,0.1,4,537,27.84,20.14,15,7,3,0.0,1.00,1.00,1.00,3.64,4.20,4.16,23.7,2.000,0.972,4.20
107000,1364,23,36.6,0.1,2.2,0.0,15.8,0.1,1.03,0.3,9,755,43.11,24.47,0,6,17,0.1,1.05,1.00,1.03,3.74,4.35,4.22,44.7,2.000,0.896,4.35
107000,1508,21,28.6,0.0,1.2,0.0,13.0,0.0,1.00,1.0,7,803,39.23,9.22,11,10,0,0.0,1.00,1.00,1.00,3.14,3.86,3.67,24.8,2.000,0.887,4.00
107000,1411,15,63.2,0.0,13.6,0.0,18.0,0.0,1.00,1.1,10,451,34.36,10.95,8,7,0,0.0,1.00,1.00,1.00,5.00,5.53,5.67,24.5,2.000,0.923,5.87
107000,1458,14,31.7,0.0,7.9,0.0,7.9,0.0,1.00,0.0,6,1483,83.24,62.24,6,6,2,0.0,1.00,1.00,1.00,3.36,4.00,4.00,27.5,2.000,0.899,4.00
107000,1449,11,31.3,0.0,8.6,0.0,7.0,0.0,1.00,0.2,5,712,36.93,27.63,0,1,10,0.0,1.00,1.00,1.00,4.00,3.91,4.00,45.1,2.000,0.935,4.00
107000,1447,11,31.5,0.0,5.5,0.0,10.3,0.0,1.00,0.0,6,519,56.74,38.23,0,0,11,0.0,1.00,1.00,1.00,4.00,4.00,4.00,41.6,2.000,0.635,4.00
107000,1400,10,30.4,0.0,0.0,0.0,15.2,0.0,1.00,0.4,2,1717,138.30,74.49,1,0,9,0.0,1.00,1.00,1.00,3.40,3.80,4.00,45.0,2.000,0.694,4.00
107000,1515,10,44.0,0.0,0.0,0.0,22.0,0.0,1.00,0.6,3,1223,74.65,42.46,7,3,0,0.0,1.00,1.00,1.00,3.60,4.80,4.50,21.2,2.000,0.704,4.80
107000,1504,8,22.8,0.0,3.2,0.0,8.1,0.0,1.00,3.0,5,1502,80.41,40.77,8,0,0,0.0,1.00,1.00,1.00,3.00,3.25,3.25,8.8,2.000,0.912,4.00
107000,1459,7,31.4,0.0,0.0,0.0,15.7,0.0,1.00,0.0,2,763,34.32,39.46,1,3,3,0.0,1.00,1.00,1.00,2.00,4.00,4.00,37.2,2.000,0.493,4.00
108000,1107,593,32.2,0.0,7.0,0.0,9.1,0.0,1.00,0.4,116,1031,49.47,36.54,161,168,264,0.0,1.00,1.00,1.00,3.51,4.03,4.02,34.4,2.000,0.912,4.12
108000,1457,331,34.0,0.0,6.0,0.0,11.0,0.0,1.00,0.3,90,878,49.03,39.59,73,90,168,0.0,1.00,1.00,1.00,3.65,4.14,4.13,36.2,2.000,0.820,4.20
108000,1428,135,32.4,0.0,6.9,0.0,9.3,0.0,1.00,0.3,31,1015,52.32,42.10,37,25,73,0.0,1.00,1.00,1.00,3.53,4.01,4.01,35.7,2.000,0.905,4.07
108000,1448,127,30.3,0.0,0.4,0.0,14.8,0.0,1.00,0.3,22,832,42.51,15.99,99,26,2,0.0,1.00,1.00,1.00,3.14,3.94,3.91,19.4,2.000,0.456,4.00
108000,1365,76,30.9,0.0,6.5,0.0,8.9,0.0,1.00,0.4,27,1087,48.30,39.35,16,19,41,0.0,1.00,1.00,1.00,3.50,3.95,3.91,36.7,2.000,0.899,4.03
108000,1446,60,30.3,0.0,5.8,0.0,9.4,0.0,1.00,0.7,32,714,35.31,21.92,12,27,21,0.0,1.00,1.00,1.00,3.58,3.95,3.93,33.8,2.000,0.829,4.12
108000,1445,60,39.1,0.0,7.2,0.0,12.3,0.0,1.00,0.7,27,851,46.22,33.08,13,21,26,0.0,1.00,1.00,1.00,3.75,4.43,4.43,33.8,2.000,0.902,4.62
108000,1525,50,35.8,0.0,5.9,0.0,12.0,0.0,1.00,0.2,16,809,38.97,17.66,2,44,4,0.0,1.00,1.00,1.00,3.64,4.26,4.24,34.8,2.000,0.895,4.30
108000,1389,43,32.4,0.0,6.9,0.0,9.3,0.0,1.00,0.4,20,1167,68.92,42.77,28,10,5,0.0,1.00,1.00,1.00,3.49,4.05,4.07,21.3,2.000,0.882,4.16
108000,1510,38,30.5,0.0,6.8,0.0,8.5,0.0,1.00,0.4,18,1281,64.02,48.99,0,23,15,0.0,1.00,1.00,1.00,3.37,3.92,4.00,39.0,2.000,0.818,4.05
108000,1407,38,31.2,0.0,9.3,0.0,6.3,0.0,1.00,0.4,10,1170,45.25,53.65,6,17,15,0.0,1.00,1.00,1.00,3.13,3.95,3.95,37.3,2.000,0.957,4.05
108000,1410,37,32.5,0.0,0.0,0.0,16.3,0.0,1.00,0.6,4,717,59.96,43.73,12,23,2,0.0,1.00,1.00,1.00,3.49,4.03,3.97,25.6,2.000,0.928,4.16
108000,1409,30,30.0,0.0,4.0,0.0,11.0,0.0,1.00,0.5,14,947,41.84,23.44,17,10,3,0.0,1.00,1.00,1.00,3.57,3.80,4.03,23.5,2.000,0.817,4.03
108000,1524,29,32.0,0.0,6.1,0.0,9.9,0.0,1.00,0.0,11,1284,63.24,25.16,20,8,1,0.0,1.00,1.00,1.00,3.69,4.00,4.00,21.9,2.000,0.899,4.00
108000,1477,17,36.0,0.0,0.0,0.0,18.0,0.0,1.00,0.1,7,944,54.91,36.87,12,5,0,0.0,1.00,1.00,1.00,3.53,4.41,4.35,21.1,2.000,0.974,4.41
108000,1508,16,31.8,0.0,3.0,0.0,12.9,0.0,1.00,0.0,4,1173,58.06,24.85,8,8,0,0.0,1.00,1.00,1.00,3.62,4.00,4.00,22.5,2.000,0.888,4.00
108000,1350,16,27.5,0.0,0.1,0.0,13.7,0.0,1.00,1.8,6,896,46.67,30.73,0,7,9,0.0,1.00,1.00,1.00,2.69,3.88,3.50,42.1,2.000,0.038,4.12
108000,1280,15,31.6,0.0,8.7,0.0,7.1,0.0,1.00,0.0,6,1494,57.92,54.99,6,7,2,0.0,1.00,1.00,1.00,3.60,4.00,4.00,26.9,2.000,0.959,4.00
108000,1364,14,31.9,0.0,0.0,0.0,15.9,0.0,1.00,1.9,9,808,47.77,36.32,0,7,7,0.0,1.00,1.00,1.00,3.36,4.00,4.21,43.6,2.000,0.833,4.57
108000,1459,11,29.1,0.0,0.0,0.0,14.5,0.0,1.00,0.7,3,593,29.58,20.44,0,2,9,0.0,1.00,1.00,1.00,3.64,3.91,3.73,45.2,2.000,0.476,4.00
108000,1515,9,44.4,0.0,0.0,0.0,22.2,0.0,1.00,0.7,3,1414,91.57,26.85,9,0,0,0.0,1.00,1.00,1.00,3.56,4.89,4.56,18.0,2.000,0.756,4.89
108000,1400,8,31.8,0.0,0.0,0.0,15.9,0.0,1.00,0.0,2,1607,117.84,59.07,0,1,7,0.0,1.00,1.00,1.00,3.75,4.00,4.00,45.5,2.000,0.598,4.00
108000,1489,8,27.0,0.0,3.0,0.0,10.5,0.0,1.00,1.2,4,1402,73.35,56.17,6,2,0,0.0,1.00,1.00,1.00,2.88,4.00,3.38,18.3,2.000,0.940,4.00
108000,1411,7,32.0,0.0,9.4,0.0,6.6,0.0,1.00,0.0,3,950,69.18,35.29,0,7,0,0.0,1.00,1.00,1.00,3.43,4.00,4.00,37.4,2.000,0.714,4.00
108000,1449,7,32.0,0.0,9.0,0.0,7.0,0.0,1.00,0.0,1,1621,60.17,44.77,0,1,6,0.0,1.00,1.00,1.00,3.71,4.00,4.00,46.5,2.000,0.930,4.00
108000,1447,6,32.0,0.0,6.2,0.0,9.8,0.0,1.00,0.0,4,1497,111.92,84.01,0,0,6,0.0,1.00,1.00,1.00,4.00,4.00,4.00,42.0,2.000,0.617,4.00
109000,1107,460,31.8,0.0,6.9,0.0,9.0,0.0,1.01,0.4,101,1060,50.24,38.37,142,137,181,0.0,1.01,1.01,1.01,3.50,3.99,4.00,32.7,2.000,0.915,4.10
109000,1457,296,33.7,0.0,5.9,0.0,11.0,0.0,1.00,0.5,89,1009,56.27,46.02,58,110,128,0.0,1.00,1.00,1.00,3.57,4.12,4.10,35.4,2.000,0.817,4.25
109000,1448,144,29.3,0.0,0.1,0.0,14.6,0.0,1.00,0.7,25,733,39.28,14.70,102,36,6,0.0,1.00,1.00,1.00,3.15,3.82,3.85,20.8,2.000,0.439,4.00
109000,1428,101,31.3,0.0,8.1,0.0,7.6,0.0,1.00,0.3,23,1078,54.12,40.51,33,18,50,0.0,1.00,1.00,1.00,3.61,3.98,3.93,34.2,2.000,0.910,4.04
109000,1446,61,32.8,0.0,5.0,0.0,11.4,0.0,1.00,0.1,33,902,44.43,29.76,19,34,8,0.0,1.00,1.00,1.00,3.54,4.10,4.10,29.0,2.000,0.852,4.13
109000,1365,60,31.6,0.0,5.3,0.0,10.5,0.0,1.00,0.4,28,1152,53.91,40.22,21,11,28,0.0,1.00,1.00,1.00,3.58,4.03,3.93,32.2,2.000,0.882,4.08
109000,1445,47,38.7,0.0,6.8,0.0,12.6,0.0,1.00,0.6,24,999,47.60,37.65,15,23,9,0.0,1.00,1.00,1.00,3.77,4.36,4.47,30.3,2.000,0.915,4.55
109000,1410,40,35.4,0.0,0.0,0.0,17.7,0.0,1.00,0.1,5,821,58.46,37.95,22,13,5,0.0,1.00,1.00,1.00,3.60,4.18,4.20,25.0,2.000,0.916,4.20
109000,1524,27,30.1,0.0,2.5,0.0,12.6,0.0,1.00,0.4,13,836,37.98,17.84,22,5,0,0.0,1.00,1.00,1.00,3.59,3.89,3.89,19.3,2.000,0.878,4.00
109000,1407,26,29.6,0.0,8.5,0.0,6.3,0.0,1.00,0.5,5,779,32.75,30.47,0,15,11,0.0,1.00,1.00,1.00,3.62,3.81,4.04,38.2,2.000,0.953,4.04
109000,1525,26,34.7,0.0,5.9,0.0,11.4,0.0,1.00,0.3,8,1251,59.05,26.98,4,15,7,0.0,1.00,1.00,1.00,3.42,4.19,4.12,36.7,2.000,0.915,4.23
109000,1510,20,29.6,0.0,6.2,0.0,8.6,0.0,1.00,0.6,12,1373,63.36,45.45,1,11,8,0.0,1.00,1.00,1.00,3.15,3.85,3.85,38.4,2.000,0.852,4.00
109000,1280,20,31.7,0.0,6.4,0.0,9.4,0.0,1.00,0.0,9,702,28.39,20.55,13,7,0,0.0,1.00,1.00,1.00,3.60,4.00,4.00,23.0,2.000,0.969,4.00
109000,1389,18,33.2,0.0,7.7,0.0,8.9,0.0,1.00,0.1,7,1457,72.16,51.50,13,2,3,0.0,1.00,1.00,1.00,3.56,4.11,4.06,22.5,2.000,0.870,4.11
109000,1350,18,30.7,0.0,0.0,0.0,15.3,0.0,1.00,0.2,2,870,64.41,36.80,0,3,15,0.0,1.00,1.00,1.00,3.06,4.00,4.00,44.0,2.000,0.032,4.00
109000,1409,17,32.0,0.0,2.9,0.0,13.1,0.0,1.00,0.0,4,1418,69.96,30.30,12,5,0,0.0,1.00,1.00,1.00,3.53,4.00,4.00,20.5,2.000,0.766,4.00
109000,1411,14,32.6,0.0,8.6,0.0,7.6,0.0,1.00,0.6,9,845,50.71,29.50,0,7,7,0.0,1.00,1.00,1.00,3.14,3.93,4.21,40.9,2.000,0.652,4.21
109000,1545,10,32.0,0.0,10.2,0.0,5.8,0.0,1.00,0.0,2,995,33.11,26.59,5,3,2,0.0,1.00,1.00,1.00,3.60,4.00,4.00,28.0,2.000,0.909,4.00
109000,1508,9,32.0,0.0,2.7,0.0,13.3,0.0,1.00,0.0,3,1315,52.48,39.67,5,4,0,0.0,1.00,1.00,1.00,3.78,4.00,4.00,24.0,2.000,0.885,4.00
109000,1447,9,31.3,0.0,4.1,0.0,11.6,0.0,1.00,0.0,4,889,77.57,64.98,0,0,9,0.0,1.00,1.00,1.00,3.33,4.00,4.00,42.1,2.000,0.620,4.00
109000,1489,8,25.2,0.0,5.2,0.0,7.4,0.0,1.00,1.5,5,1156,52.23,42.33,5,3,0,0.0,1.00,1.00,1.00,2.50,3.62,3.62,17.8,2.000,0.926,4.00
109000,1477,8,33.0,0.0,0.0,0.0,16.5,0.0,1.00,0.2,2,1093,57.88,19.24,7,1,0,0.0,1.00,1.00,1.00,4.00,4.12,4.00,15.0,2.000,0.977,4.12
109000,1475,8,32.0,0.0,9.4,0.0,6.6,0.0,1.00,0.0,2,916,47.09,22.36,1,6,1,0.0,1.00,1.00,1.00,3.50,4.00,4.00,37.0,2.000,0.957,4.00
109000,1550,8,32.0,0.0,0.0,0.0,16.0,0.0,1.00,0.0,1,796,48.01,53.50,1,6,1,0.0,1.00,1.00,1.00,3.12,4.00,4.00,33.7,2.000,0.541,4.00
109000,1504,5,28.0,0.0,4.2,0.0,9.8,0.0,1.00,0.4,4,705,28.20,23.81,5,0,0,0.0,1.00,1.00,1.00,3.40,4.00,3.80,13.1,2.000,0.860,4.00
110000,1107,433,31.8,0.0,6.8,0.0,9.1,0.0,1.00,0.4,112,976,47.40,35.04,138,99,196,0.0,1.00,1.00,1.00,3.43,4.00,4.02,33.7,2.000,0.915,4.10
110000,1457,191,32.8,0.0,7.1,0.0,9.3,0.0,1.00,0.4,47,1056,57.13,42.75,22,65,104,0.0,1.00,1.00,1.00,3.57,4.07,4.03,37.5,2.000,0.836,4.14
110000,1428,115,32.0,0.0,7.4,0.0,8.6,0.0,1.00,0.2,42,962,44.22,30.40,52,20,43,0.0,1.00,1.00,1.00,3.43,4.01,4.04,30.2,2.000,0.911,4.08
110000,1448,109,30.6,0.0,0.2,0.0,15.1,0.0,1.00,0.4,15,641,34.98,11.43,71,24,14,0.0,1.00,1.00,1.00,3.18,3.89,3.94,21.9,2.000,0.384,4.01
110000,1573,46,37.3,0.0,7.4,0.0,11.2,0.0,1.00,1.0,28,776,40.84,19.41,32,9,5,0.0,1.00,1.00,1.00,3.70,4.24,4.35,22.6,2.000,0.457,4.54
110000,1365,44,30.1,0.0,6.4,0.0,8.7,0.0,1.00,0.4,16,1000,55.78,33.53,11,18,15,0.0,1.00,1.00,1.00,3.66,3.91,3.91,31.6,2.000,0.904,4.00
110000,1410,38,39.2,0.0,0.0,0.0,19.6,0.0,1.00,0.9,8,890,62.47,31.98,18,12,8,0.0,1.00,1.00,1.00,3.37,4.34,4.34,26.4,2.000,0.892,4.58
110000,1446,34,33.8,0.0,7.3,0.0,9.6,0.0,1.00,0.2,12,1349,71.22,43.05,18,13,3,0.0,1.00,1.00,1.00,3.56,4.06,4.18,26.1,2.000,0.863,4.18
110000,1445,28,39.4,0.0,8.4,0.0,11.4,0.0,1.00,0.0,15,1093,43.62,36.97,9,14,5,0.0,1.00,1.00,1.00,3.86,4.43,4.43,31.1,2.000,0.906,4.43
110000,1510,25,29.5,0.0,5.0,0.0,9.8,0.0,1.00,0.7,13,944,49.84,34.27,0,16,9,0.0,1.00,1.00,1.00,3.32,3.92,3.96,37.3,2.000,0.853,4.04
110000,1525,22,33.4,0.0,5.5,0.0,11.2,0.0,1.00,0.3,6,1569,72.48,32.31,4,8,10,0.0,1.00,1.00,1.00,3.73,4.09,4.05,38.0,2.000,0.915,4.14
110000,1407,21,32.0,0.0,8.5,0.0,7.5,0.0,1.00,0.0,5,1056,49.16,39.58,2,8,11,0.0,1.00,1.00,1.00,3.43,4.00,4.00,37.7,2.000,0.955,4.00
110000,1533,20,33.1,0.0,0.9,0.0,15.6,0.0,1.00,0.3,4,1079,76.50,81.53,0,14,6,0.0,1.00,1.00,1.00,3.70,4.00,4.15,41.0,2.000,0.926,4.15
110000,1350,18,29.9,0.0,0.1,0.0,14.9,0.0,1.00,0.3,5,948,58.36,36.16,0,11,7,0.0,1.00,1.00,1.00,2.67,3.94,3.89,36.6,2.000,0.034,4.00
110000,1545,16,31.7,0.0,9.1,0.0,6.8,0.0,1.00,0.5,5,848,27.22,25.52,3,8,5,0.0,1.00,1.00,1.00,3.50,4.12,3.88,37.1,2.000,0.917,4.12
110000,1280,14,29.0,0.0,8.1,0.0,6.4,0.0,1.00,0.6,7,637,23.45,16.35,5,9,0,0.0,1.00,1.00,1.00,3.57,3.79,3.93,27.4,2.000,0.899,4.00
110000,1475,14,32.0,0.0,8.5,0.0,7.5,0.0,1.00,0.0,3,882,42.19,18.65,0,6,8,0.0,1.00,1.00,1.00,3.36,4.00,4.00,43.4,2.000,0.958,4.00
110000,1389,12,31.2,0.0,5.8,0.0,9.8,0.0,1.00,0.5,8,788,53.63,28.00,11,0,1,0.0,1.00,1.00,1.00,3.50,3.83,4.08,14.1,2.000,0.849,4.08
110000,1524,11,32.0,0.0,2.5,0.0,13.5,0.0,1.00,0.0,4,1433,73.73,33.66,9,2,0,0.0,1.00,1.00,1.00,2.91,4.00,4.00,19.1,2.000,0.861,4.00
110000,1447,10,30.8,0.0,3.6,0.0,11.8,0.0,1.00,0.0,6,576,50.28,43.40,0,0,10,0.0,1.00,1.00,1.00,4.00,4.00,4.00,42.7,2.000,0.695,4.00
110000,1580,10,29.6,0.0,1.0,0.2,13.7,0.0,1.00,0.8,7,336,28.32,16.67,0,6,4,0.0,1.00,1.00,1.00,3.60,4.00,3.80,41.9,2.000,0.911,4.10
110000,1508,7,32.0,0.0,6.1,0.0,9.9,0.0,1.00,0.0,4,1689,75.01,46.80,5,2,0,0.0,1.00,1.00,1.00,3.43,4.00,4.00,20.6,2.000,0.887,4.00
110000,1477,6,22.3,0.0,0.0,0.0,11.2,0.0,1.00,3.0,4,1295,74.24,38.45,5,1,0,0.0,1.00,1.00,1.00,2.00,4.00,2.83,15.8,2.000,0.977,4.17
110000,1411,6,31.7,0.0,9.3,0.0,6.5,0.0,1.00,0.0,5,1528,105.77,31.92,0,5,1,0.0,1.00,1.00,1.00,4.00,4.00,4.00,38.4,2.000,0.729,4.00
110000,1585,6,32.0,0.0,9.3,0.0,6.7,0.0,1.00,0.0,3,1059,31.74,29.16,3,3,0,0.0,1.00,1.00,1.00,4.00,4.00,4.00,24.1,2.000,0.747,4.00
110000,1409,6,32.0,0.0,1.3,0.0,14.7,0.0,1.00,0.0,2,872,59.61,35.59,6,0,0,0.0,1.00,1.00,1.00,3.33,4.00,4.00,15.4,2.000,0.770,4.00
111000,1107,306,31.4,0.0,6.7,0.0,9.0,0.0,1.00,0.4,71,1110,47.85,36.81,99,82,125,0.0,1.00,1.00,1.00,3.32,3.99,3.99,33.2,2.000,0.911,4.09
111000,1457,188,33.4,0.0,6.6,0.0,10.1,0.0,1.00,0.4,54,939,50.42,31.34,19,80,89,0.0,1.00,1.00,1.00,3.53,4.11,4.12,37.2,2.000,0.833,4.20
111000,1593,180,43.0,0.0,11.0,0.0,10.5,0.0,1.00,0.3,48,1158,63.83,49.16,42,81,57,0.0,1.00,1.00,1.00,3.92,4.64,4.59,32.9,2.000,0.887,4.68
111000,1448,110,30.4,0.0,0.1,0.0,15.1,0.0,1.00,0.5,18,752,43.00,12.91,78,29,3,0.0,1.00,1.00,1.00,3.34,3.90,3.91,19.5,2.000,0.339,4.04
111000,1428,77,31.0,0.0,8.0,0.0,7.5,0.0,1.00,0.3,26,1022,40.13,43.80,32,18,27,0.0,1.00,1.00,1.00,3.44,3.95,3.94,30.7,2.000,0.927,4.03
111000,1410,62,40.7,0.0,0.1,0.0,20.2,0.0,1.00,0.2,6,653,44.34,22.06,37,9,16,0.0,1.00,1.00,1.00,3.81,4.52,4.44,24.9,2.000,0.890,4.52
111000,1446,48,30.4,0.0,3.9,0.0,11.3,0.0,1.00,1.2,24,750,44.28,29.86,23,25,0,0.0,1.00,1.00,1.00,3.27,3.98,3.94,22.1,2.000,0.857,4.23
111000,1365,38,30.7,0.0,6.8,0.0,8.6,0.0,1.00,0.5,12,1011,42.43,32.61,17,9,12,0.0,1.00,1.00,1.00,3.11,3.92,3.89,32.5,2.000,0.908,4.03
111000,1573,26,36.7,0.0,7.7,0.0,10.6,0.0,1.00,0.0,15,1327,63.64,38.66,12,8,6,0.0,1.00,1.00,1.00,3.31,4.27,4.27,27.4,2.000,0.533,4.27
111000,1533,23,31.6,0.0,0.3,0.0,15.4,0.0,1.00,0.4,7,925,42.60,44.97,0,7,16,0.0,1.00,1.00,1.00,3.70,3.96,4.00,42.0,2.000,0.912,4.09
111000,1601,16,32.0,0.0,0.0,0.0,16.0,0.0,1.00,0.0,1,775,37.57,13.30,14,2,0,0.0,1.00,1.00,1.00,2.62,4.00,4.00,16.2,2.000,0.767,4.00
111000,1445,16,42.1,0.0,10.4,0.0,10.7,0.0,1.00,0.0,9,1308,50.29,47.10,3,10,3,0.0,1.00,1.00,1.00,4.00,4.56,4.56,33.4,2.000,0.911,4.56
111000,1477,16,26.9,0.0,0.0,0.0,13.4,0.0,1.00,2.1,10,342,22.25,19.84,11,4,1,0.0,1.00,1.00,1.00,3.00,4.12,3.31,21.5,2.000,0.969,4.25
111000,1595,15,33.5,0.0,0.0,0.0,16.7,0.0,1.00,1.9,6,1114,61.46,34.70,3,12,0,0.0,1.00,1.00,1.00,2.93,4.27,3.87,29.5,2.000,0.815,4.53
111000,1510,15,32.0,0.0,5.1,0.0,10.9,0.0,1.00,0.0,6,1163,54.03,50.70,1,14,0,0.0,1.00,1.00,1.00,3.73,4.00,4.00,32.5,2.000,0.881,4.00
111000,1407,14,32.0,0.0,8.9,0.0,7.1,0.0,1.00,0.0,4,1051,33.17,37.80,3,10,1,0.0,1.00,1.00,1.00,2.93,4.00,4.00,28.7,2.000,0.957,4.00
111000,1350,12,30.7,0.0,0.0,0.0,15.3,0.0,1.00,0.3,2,1119,53.82,28.93,0,8,4,0.0,1.00,1.00,1.00,2.67,4.00,4.00,37.8,2.000,0.028,4.00
111000,1524,10,32.0,0.0,3.4,0.0,12.6,0.0,1.00,0.0,5,1244,71.39,38.86,9,1,0,0.0,1.00,1.00,1.00,3.40,4.00,4.00,15.0,2.000,0.908,4.00
111000,1585,10,32.2,0.0,8.7,0.0,7.4,0.0,1.00,0.0,4,622,18.42,26.09,4,5,1,0.0,1.00,1.00,1.00,2.80,4.10,4.10,24.3,2.000,0.755,4.10
111000,1475,9,32.0,0.0,9.4,0.0,6.6,0.0,1.00,0.0,2,1575,63.90,31.72,0,3,6,0.0,1.00,1.00,1.00,3.33,4.00,4.00,47.8,2.000,0.958,4.00
111000,1280,9,31.6,0.0,7.7,0.0,8.1,0.0,1.00,0.0,4,1134,45.32,36.49,6,2,1,0.0,1.00,1.00,1.00,3.56,4.00,4.00,24.5,2.000,0.965,4.00
111000,1545,9,32.0,0.0,9.6,0.0,6.4,0.0,1.00,0.0,4,1200,38.94,27.49,5,2,2,0.0,1.00,1.00,1.00,3.33,4.00,4.00,29.7,2.000,0.899,4.00
111000,1525,8,36.5,0.0,4.4,0.0,13.9,0.0,1.00,0.0,5,1366,53.56,30.54,0,5,3,0.0,1.00,1.00,1.00,3.50,4.25,4.25,40.3,2.000,0.919,4.25
111000,1447,7,32.0,0.0,4.0,0.0,12.0,0.0,1.00,0.0,3,1360,83.97,75.94,0,0,7,0.0,1.00,1.00,1.00,3.71,4.00,4.00,44.6,2.000,0.651,4.00
111000,1411,6,35.0,0.0,10.8,0.0,6.7,0.0,1.00,0.0,3,1188,88.18,26.21,0,6,0,0.0,1.00,1.00,1.00,4.00,4.17,4.17,37.9,2.000,0.614,4.17
111000,1449,6,32.0,0.0,8.0,0.0,8.0,0.0,1.00,0.0,2,1234,52.79,41.35,0,0,6,0.0,1.00,1.00,1.00,4.00,4.00,4.00,49.7,2.000,0.932,4.00
111000,1508,6,25.3,0.0,0.0,0.0,12.7,0.0,1.00,2.0,3,637,27.72,20.70,1,5,0,0.0,1.00,1.00,1.00,2.67,3.67,3.33,33.4,2.000,0.792,4.00
111000,1600,6,32.0,0.0,0.3,0.0,15.7,0.0,1.00,0.0,2,1352,53.30,67.85,0,6,0,0.0,1.00,1.00,1.00,3.33,4.00,4.00,36.4,2.000,0.131,4.00
111000,1389,6,30.3,0.0,4.5,0.0,10.7,0.0,1.00,0.3,3,687,34.47,29.45,5,1,0,0.0,1.00,1.00,1.00,4.00,4.00,3.83,14.3,2.000,0.772,4.00
111000,1550,6,26.3,0.0,0.8,0.0,12.3,0.0,1.00,0.7,4,361,11.90,21.25,0,3,3,0.0,1.00,1.00,1.00,2.33,3.67,4.00,37.0,2.000,0.698,4.00
111000,1409,5,32.0,0.0,1.6,0.0,14.4,0.0,1.00,0.0,2,1555,102.80,56.42,2,3,0,0.0,1.00,1.00,1.00,3.20,4.00,4.00,19.4,2.000,0.762,4.00
111000,1580,5,32.0,0.0,4.8,0.0,11.2,0.0,1.00,0.0,2,714,37.43,19.35,0,2,3,0.0,1.00,1.00,1.00,3.20,4.00,4.00,45.2,2.000,0.966,4.00
112000,1107,156,32.6,0.0,7.2,0.0,9.1,0.0,1.00,0.0,32,1268,51.63,45.45,63,44,49,0.0,1.00,1.00,1.00,3.45,4.05,4.06,30.2,2.000,0.915,4.06
112000,1593,132,39.2,0.0,10.3,0.0,9.3,0.0,1.00,0.4,35,1266,56.35,46.36,33,49,50,0.0,1.00,1.00,1.00,3.71,4.39,4.39,34.1,2.000,0.898,4.48
112000,1457,131,35.1,0.0,7.7,0.0,9.8,0.0,1.00,0.3,32,1155,54.51,35.62,18,52,61,0.0,1.00,1.00,1.00,3.38,4.16,4.16,37.2,2.000,0.850,4.23
112000,1448,111,31.0,0.0,0.4,0.0,15.1,0.0,1.00,0.3,13,950,51.39,19.66,71,31,9,0.0,1.00,1.00,1.00,3.32,3.95,3.92,23.0,2.000,0.390,4.01
112000,1428,71,31.8,0.0,8.1,0.0,7.8,0.0,1.00,0.2,18,1061,40.93,37.72,31,17,23,0.0,1.00,1.00,1.00,3.51,3.99,3.99,29.4,2.000,0.920,4.03
112000,1410,40,44.1,0.0,0.0,0.0,22.0,0.0,1.00,0.4,6,925,59.01,29.17,34,3,3,0.0,1.00,1.00,1.00,3.80,4.55,4.60,18.0,2.000,0.917,4.68
112000,1365,33,30.8,0.0,6.2,0.0,9.3,0.0,1.00,0.4,11,928,40.16,34.18,15,11,7,0.0,1.00,1.00,1.00,2.91,4.00,3.88,27.6,2.000,0.914,4.03
112000,1446,32,30.9,0.0,7.1,0.0,8.3,0.0,1.00,0.1,17,919,41.06,36.32,14,13,5,0.0,1.00,1.00,1.00,3.38,4.00,3.94,26.8,2.000,0.863,4.00
112000,1533,24,37.3,0.0,0.0,0.0,18.7,0.0,1.00,0.1,4,894,37.88,28.21,0,15,9,0.0,1.00,1.00,1.00,3.50,4.33,4.29,37.4,2.000,0.926,4.33
112000,1613,21,35.4,0.0,4.9,0.0,12.8,0.0,1.00,0.0,7,1527,59.92,42.37,6,9,6,0.0,1.00,1.00,1.00,3.62,4.19,4.19,32.1,2.000,0.899,4.19
112000,1445,19,38.3,0.0,8.6,0.0,10.6,0.0,1.00,0.2,10,645,29.36,32.55,5,12,2,0.0,1.00,1.00,1.00,3.58,4.53,4.42,28.1,2.000,0.898,4.53
112000,1601,17,32.9,0.0,0.0,0.0,16.5,0.0,1.00,0.6,4,700,42.47,17.70,14,3,0,0.0,1.00,1.00,1.00,3.29,4.06,4.00,17.8,2.000,0.737,4.18
112000,1407,17,31.8,0.0,8.9,0.0,6.9,0.0,1.00,0.0,7,1012,32.16,34.09,9,5,3,0.0,1.00,1.00,1.00,3.18,4.00,4.00,22.5,2.000,0.958,4.00
112000,1622,16,51.6,0.0,11.1,0.0,14.8,0.0,1.00,0.8,11,1217,84.05,44.76,0,9,7,0.0,1.00,1.00,1.00,4.31,5.00,5.25,39.4,2.000,0.853,5.31
112000,1580,15,32.0,0.0,4.3,0.0,11.7,0.0,1.00,0.0,4,678,32.50,19.23,3,0,12,0.0,1.00,1.00,1.00,3.73,4.00,4.00,42.5,2.000,0.955,4.00
112000,1409,12,32.0,0.0,0.5,0.0,15.5,0.0,1.00,0.0,2,784,37.26,26.13,8,3,1,0.0,1.00,1.00,1.00,3.50,4.00,4.00,22.6,2.000,0.795,4.00
112000,1350,11,28.7,0.0,0.1,0.0,14.3,0.0,1.00,1.1,4,1004,41.16,20.31,0,6,5,0.0,1.00,1.00,1.00,2.64,3.73,3.73,39.5,2.000,0.041,4.00
112000,1573,11,27.1,0.0,6.6,0.0,6.9,0.0,1.00,2.2,6,1199,47.65,29.23,1,3,7,0.0,1.00,1.00,1.00,2.82,3.55,3.55,38.1,2.000,0.438,4.09
112000,1545,11,33.6,0.0,8.1,0.0,8.7,0.0,1.00,0.0,7,1264,43.38,30.12,3,7,1,0.0,1.00,1.00,1.00,3.82,4.09,4.09,27.8,2.000,0.889,4.09
112000,1585,11,33.6,0.0,10.4,0.0,6.5,0.0,1.00,0.0,3,832,27.89,27.38,6,5,0,0.0,1.00,1.00,1.00,2.91,4.09,4.09,20.6,2.000,0.739,4.09
112000,1615,8,31.0,0.0,3.1,0.0,12.4,0.0,1.00,0.2,3,1628,67.07,28.62,3,2,3,0.0,1.00,1.00,1.00,2.75,4.00,3.88,33.2,2.000,0.850,4.00
112000,1477,6,27.7,0.0,0.0,0.0,13.8,0.0,1.00,1.3,2,1134,68.91,36.05,1,2,3,0.0,1.00,1.00,1.00,3.50,3.50,3.83,37.4,2.000,0.976,4.00
112000,1525,6,32.0,0.0,7.0,0.0,9.0,0.0,1.00,0.0,2,1321,49.20,30.26,0,1,5,0.0,1.00,1.00,1.00,4.00,4.00,4.00,42.4,2.000,0.917,4.00
112000,1389,6,29.0,0.0,3.8,0.0,10.7,0.0,1.00,1.0,4,1210,82.30,53.24,6,0,0,0.0,1.00,1.00,1.00,3.50,4.17,3.67,12.9,2.000,0.723,4.17
112000,1510,6,38.3,0.0,4.2,0.0,15.0,0.0,1.00,0.0,4,301,32.78,24.12,6,0,0,0.0,1.00,1.00,1.00,3.67,5.00,5.00,15.7,2.000,0.415,5.00
112000,1600,6,25.7,0.0,0.7,0.0,12.2,0.0,1.00,1.7,4,304,12.00,7.17,0,6,0,0.0,1.00,1.00,1.00,3.67,3.33,3.83,33.6,2.000,0.233,4.00
112000,1280,5,30.8,0.0,5.8,0.0,9.6,0.0,1.00,0.0,4,1319,60.06,29.77,3,1,1,0.0,1.00,1.00,1.00,4.00,4.00,4.00,26.2,2.000,0.967,4.00
112000,1508,5,18.0,0.0,2.0,0.0,7.0,0.0,1.00,4.8,5,576,29.22,21.48,3,2,0,0.0,1.00,1.00,1.00,2.80,2.60,3.40,22.6,2.000,0.866,4.20
113000,1107,116,33.2,0.0,8.2,0.0,8.3,0.0,1.00,0.2,27,1123,45.53,42.56,79,13,24,0.0,1.00,1.00,1.00,3.46,4.08,4.06,20.1,2.000,0.918,4.11
113000,1457,88,34.4,0.0,7.4,0.0,9.8,0.0,1.00,0.1,24,1304,55.04,32.68,32,24,32,0.0,1.00,1.00,1.00,3.50,4.12,4.17,31.8,2.000,0.849,4.18
113000,1448,61,31.3,0.0,0.4,0.0,15.3,0.0,1.00,0.2,6,1147,55.88,21.88,28,30,3,0.0,1.00,1.00,1.00,3.28,3.95,3.97,25.5,2.000,0.374,4.00
113000,1593,51,31.7,0.0,8.3,0.0,7.5,0.0,1.00,0.4,12,970,33.81,32.96,20,20,11,0.0,1.00,1.00,1.00,3.22,4.10,3.98,29.6,2.000,0.908,4.12
113000,1428,49,31.5,0.0,8.3,0.0,7.4,0.0,1.00,0.1,15,1144,40.69,35.04,24,15,10,0.0,1.00,1.00,1.00,3.53,3.94,4.00,24.1,2.000,0.919,4.00
113000,1410,35,41.4,0.0,0.0,0.0,20.7,0.0,1.00,0.0,3,1114,65.85,29.99,26,4,5,0.0,1.00,1.00,1.00,3.77,4.51,4.51,20.4,2.000,0.932,4.51
113000,1580,24,32.0,0.0,4.3,0.0,11.7,0.0,1.00,0.0,5,798,32.10,14.00,11,4,9,0.0,1.00,1.00,1.00,3.62,4.00,4.00,31.1,2.000,0.961,4.00
113000,1446,22,34.8,0.0,5.8,0.0,11.6,0.0,1.00,0.0,12,925,35.56,28.41,17,3,2,0.0,1.00,1.00,1.00,3.91,4.18,4.18,19.5,2.000,0.843,4.18
113000,1613,14,31.9,0.0,3.6,0.0,12.3,0.0,1.00,0.0,4,1100,46.45,18.22,7,3,4,0.0,1.00,1.00,1.00,3.57,4.00,4.00,26.8,2.000,0.882,4.00
113000,1365,14,32.0,0.0,7.9,0.0,8.1,0.0,1.00,0.0,5,1640,57.90,43.98,5,6,3,0.0,1.00,1.00,1.00,3.57,4.00,4.00,30.7,2.000,0.922,4.00
113000,1585,10,32.6,0.0,10.5,0.0,5.8,0.0,1.00,0.0,5,939,38.80,28.20,8,1,1,0.0,1.00,1.00,1.00,3.00,4.10,4.10,21.5,2.000,0.580,4.10
113000,1445,9,44.0,0.0,9.2,0.0,12.8,0.0,1.00,0.7,6,1321,48.87,60.66,3,3,3,0.0,1.00,1.00,1.00,3.67,4.89,4.56,32.9,2.000,0.881,4.89
113000,1545,9,31.1,0.0,2.0,0.0,13.6,0.0,1.00,0.0,4,211,10.72,12.58,9,0,0,0.0,1.00,1.00,1.00,3.56,4.00,4.00,13.0,2.000,0.727,4.00
113000,1622,8,63.0,0.0,11.4,0.0,20.1,0.0,1.00,0.5,5,1474,93.79,51.70,2,6,0,0.0,1.00,1.00,1.00,5.00,5.75,5.50,31.1,2.000,0.876,5.75
113000,1615,6,27.7,0.0,4.7,0.0,9.2,0.0,1.00,1.3,2,1180,47.29,28.88,5,0,1,0.0,1.00,1.00,1.00,3.33,3.50,3.83,24.1,2.000,0.876,4.00
113000,1533,6,32.0,0.0,0.7,0.0,15.3,0.0,1.00,0.0,2,461,19.54,9.13,0,1,5,0.0,1.00,1.00,1.00,4.00,4.00,4.00,43.4,2.000,0.914,4.00
113000,1389,6,38.7,0.0,2.0,0.0,17.3,0.0,1.00,0.3,4,160,4.96,5.94,6,0,0,0.0,1.00,1.00,1.00,3.67,4.50,4.33,7.4,2.000,0.738,4.50
113000,1601,5,35.6,0.0,0.0,0.0,17.8,0.0,1.00,0.0,2,2101,93.10,12.72,3,2,0,0.0,1.00,1.00,1.00,3.20,4.20,4.20,23.9,2.000,0.819,4.20
113000,1407,5,32.0,0.0,8.6,0.0,7.4,0.0,1.00,0.0,3,1591,49.70,43.26,2,2,1,0.0,1.00,1.00,1.00,3.20,4.00,4.00,27.2,2.000,0.960,4.00
113000,1504,5,26.4,0.0,7.4,0.0,5.8,0.0,1.00,1.6,4,558,24.46,11.82,5,0,0,0.0,1.00,1.00,1.00,3.20,3.40,3.80,12.2,2.000,0.830,4.00
113000,1510,5,42.4,0.0,4.2,0.0,17.0,0.0,1.00,2.4,5,557,76.04,38.27,5,0,0,0.0,1.00,1.00,1.00,4.20,5.20,5.00,14.0,2.000,0.433,5.60
114000,1457,74,32.6,0.0,7.8,0.0,8.5,0.0,1.00,0.5,22,956,41.02,29.31,46,20,8,0.0,1.00,1.00,1.00,3.55,3.96,4.09,19.5,2.000,0.815,4.15
114000,1107,54,30.1,0.0,8.0,0.0,7.1,0.0,1.00,0.8,19,1105,46.36,45.11,33,15,6,0.0,1.00,1.00,1.00,3.46,3.83,3.87,20.9,2.000,0.910,4.06
114000,1593,44,32.6,0.0,8.2,0.0,8.1,0.0,1.00,0.3,10,1181,45.93,36.81,23,13,8,0.0,1.00,1.00,1.00,3.61,3.98,4.07,24.1,2.000,0.905,4.09
114000,1657,30,29.1,0.0,0.2,0.0,14.3,0.0,1.00,0.9,13,530,33.86,22.47,27,2,1,0.0,1.00,1.00,1.00,3.33,3.90,3.80,11.5,2.000,0.567,4.07
114000,1428,29,31.7,0.0,7.7,0.0,8.1,0.0,1.00,0.1,12,1258,48.24,29.86,18,6,5,0.0,1.00,1.00,1.00,3.24,4.00,3.97,23.3,2.000,0.927,4.00
114000,1448,24,26.5,0.0,0.0,0.0,13.2,0.0,1.00,1.8,7,1351,61.74,18.28,13,6,5,0.0,1.00,1.00,1.00,2.96,3.62,3.54,23.7,2.000,0.534,4.04
114000,1580,22,32.3,0.0,5.0,0.0,11.1,0.0,1.00,0.1,5,1208,51.56,24.78,12,7,3,0.0,1.00,1.00,1.00,3.77,4.00,4.05,24.3,2.000,0.969,4.05
114000,1656,21,30.8,0.0,6.8,0.0,8.6,0.0,1.00,0.4,10,778,31.74,17.87,15,4,2,0.0,1.00,1.00,1.00,3.38,3.86,4.05,20.0,2.000,0.893,4.05
114000,1410,17,44.0,0.0,0.0,0.0,22.0,0.0,1.00,0.4,6,564,43.59,23.21,17,0,0,0.0,1.00,1.00,1.00,3.71,4.82,4.65,14.8,2.000,0.921,4.82
114000,1659,16,44.2,0.0,10.1,0.0,12.1,0.0,1.00,0.9,11,782,39.05,19.25,12,4,0,0.0,1.00,1.00,1.00,3.94,4.94,4.75,17.3,2.000,0.895,5.06
114000,1658,14,34.3,0.0,8.7,0.0,8.4,0.0,1.00,0.0,6,1617,62.41,65.91,9,3,2,0.0,1.00,1.00,1.00,3.29,4.14,4.14,18.7,2.000,0.850,4.14
114000,1545,12,32.0,0.0,3.9,0.0,12.1,0.0,1.00,0.0,4,774,30.56,23.96,11,1,0,0.0,1.00,1.00,1.00,3.50,4.00,4.00,15.1,2.000,0.660,4.00
114000,1613,11,35.3,0.0,3.6,0.0,14.0,0.0,1.00,0.0,4,1397,65.75,18.47,4,4,3,0.0,1.00,1.00,1.00,3.64,4.18,4.18,30.0,2.000,0.867,4.18
114000,1446,10,30.2,0.0,9.1,0.0,6.0,0.0,1.00,0.0,6,1147,38.25,27.08,10,0,0,0.0,1.00,1.00,1.00,3.40,4.00,4.00,16.7,2.000,0.853,4.00
114000,1621,9,32.0,0.0,0.0,0.0,16.0,0.0,1.00,0.0,1,1375,88.72,23.57,7,1,1,0.0,1.00,1.00,1.00,3.33,4.00,4.00,13.1,2.000,0.762,4.00
114000,1600,8,28.2,0.0,0.2,0.0,13.9,0.0,1.00,0.8,4,416,19.39,11.63,4,4,0,0.0,1.00,1.00,1.00,2.62,3.62,4.00,22.8,2.000,0.157,4.00
114000,1409,6,32.0,0.0,0.0,0.0,16.0,0.0,1.00,0.0,1,1019,38.20,16.40,5,1,0,0.0,1.00,1.00,1.00,3.67,4.00,4.00,15.0,2.000,0.783,4.00
114000,1524,5,23.6,0.0,3.0,0.0,8.8,0.0,1.00,2.4,5,693,35.18,8.97,5,0,0,0.0,1.00,1.00,1.00,3.40,3.40,3.40,13.9,2.000,0.773,4.00
114000,1615,5,32.0,0.0,5.0,0.0,11.0,0.0,1.00,0.0,1,1281,47.07,26.83,3,0,2,0.0,1.00,1.00,1.00,3.20,4.00,4.00,24.8,2.000,0.881,4.00
114000,1445,5,50.0,0.0,12.0,0.0,13.0,0.0,1.00,0.0,1,983,54.67,38.59,4,1,0,0.0,1.00,1.00,1.00,4.00,5.00,5.00,19.1,2.000,0.931,5.00
115000,1593,57,37.5,0.0,8.0,0.0,10.7,0.0,1.00,0.1,18,617,29.49,20.96,46,6,5,0.0,1.00,1.00,1.00,3.77,4.37,4.30,16.4,2.000,0.894,4.37
115000,1457,55,35.3,0.0,6.5,0.0,11.1,0.0,1.00,0.3,19,915,42.36,27.99,46,5,4,0.0,1.00,1.00,1.00,3.65,4.16,4.16,16.7,2.000,0.617,4.24
115000,1677,49,32.4,0.0,5.6,0.0,10.6,0.0,1.00,0.2,13,711,28.55,29.46,40,5,4,0.0,1.00,1.00,1.00,3.22,4.04,4.00,17.5,2.000,0.934,4.06
115000,1107,44,31.4,0.0,8.7,0.0,7.0,0.0,1.00,0.3,11,964,42.98,37.38,34,9,1,0.0,1.00,1.00,1.00,3.59,3.98,3.95,17.7,2.000,0.916,4.05
115000,1580,23,29.2,0.0,4.7,0.0,9.9,0.0,1.00,0.9,11,723,31.78,13.97,18,5,0,0.0,1.00,1.00,1.00,3.04,3.87,3.78,17.7,2.000,0.974,4.04
115000,1657,18,29.6,0.0,0.7,0.0,14.1,0.0,1.00,0.7,4,1042,68.63,51.23,16,2,0,0.0,1.00,1.00,1.00,3.17,3.72,3.94,11.7,2.000,0.651,4.00
115000,1446,17,25.9,0.0,5.8,0.0,7.2,0.0,1.00,2.0,10,525,19.55,26.49,14,1,2,0.0,1.00,1.00,1.00,3.12,3.94,3.41,16.7,2.000,0.845,4.18
115000,1659,13,45.1,0.0,10.8,0.0,11.7,0.0,1.00,0.0,8,863,40.25,32.49,12,1,0,0.0,1.00,1.00,1.00,3.77,4.77,4.77,10.8,2.000,0.914,4.77
115000,1545,12,30.3,0.0,4.2,0.0,11.0,0.0,1.00,0.3,8,1078,49.60,17.95,9,2,1,0.0,1.00,1.00,1.00,3.25,4.00,3.83,20.9,2.000,0.639,4.00
115000,1448,11,32.0,0.0,0.0,0.0,16.0,0.0,1.00,0.0,1,670,34.91,11.45,8,3,0,0.0,1.00,1.00,1.00,3.45,4.00,4.00,21.5,2.000,0.742,4.00
115000,1679,10,32.0,0.0,8.2,0.0,7.8,0.0,1.00,0.0,5,1702,68.68,36.18,7,1,2,0.0,1.00,1.00,1.00,3.40,4.00,4.00,19.1,2.000,0.936,4.00
115000,1428,9,32.0,0.0,8.1,0.0,7.9,0.0,1.00,0.0,6,1578,58.14,32.09,6,3,0,0.0,1.00,1.00,1.00,3.11,4.00,4.00,23.2,2.000,0.928,4.00
115000,1658,7,32.0,0.0,10.9,0.0,5.1,0.0,1.00,0.0,2,1005,32.90,28.06,5,1,1,0.0,1.00,1.00,1.00,3.71,4.00,4.00,24.9,2.000,0.849,4.00
115000,1410,6,32.0,0.0,0.0,0.0,16.0,0.0,1.00,0.0,1,1033,58.18,25.26,5,0,1,0.0,1.00,1.00,1.00,3.67,4.00,4.00,18.5,2.000,0.938,4.00
115000,1600,5,32.0,0.0,0.0,0.0,16.0,0.0,1.00,0.0,1,1186,54.35,20.19,3,2,0,0.0,1.00,1.00,1.00,3.20,4.00,4.00,23.2,2.000,0.182,4.00
115000,1621,5,32.0,0.0,0.0,0.0,16.0,0.0,1.00,0.0,1,2393,169.10,66.52,5,0,0,0.0,1.00,1.00,1.00,3.00,4.00,4.00,10.1,2.000,0.761,4.00
115000,1676,5,32.0,0.0,0.0,0.0,16.0,0.0,1.00,0.0,1,744,31.27,8.51,1,0,4,0.0,1.00,1.00,1.00,3.20,4.00,4.00,45.7,2.000,0.448,4.00
115000,1656,5,32.0,0.0,7.2,0.0,8.8,0.0,1.00,0.0,2,1407,54.11,34.03,3,2,0,0.0,1.00,1.00,1.00,3.60,4.00,4.00,20.1,2.000,0.893,4.00
116000,1457,71,33.0,0.0,5.6,0.0,10.9,0.0,1.00,0.4,27,742,39.45,20.67,57,13,1,0.0,1.01,1.00,1.00,3.52,4.11,4.03,16.9,2.000,0.628,4.17
116000,1545,59,30.5,0.0,2.2,0.0,13.1,0.0,1.00,0.4,19,354,22.14,9.02,52,5,2,0.0,1.00,1.00,1.00,3.32,3.93,3.97,14.0,2.000,0.613,4.05
116000,1593,56,36.4,0.0,9.8,0.0,8.4,0.0,1.00,0.5,11,835,42.22,22.60,40,10,6,0.0,1.00,1.00,1.00,3.59,4.23,4.21,20.2,2.000,0.906,4.34
116000,1657,47,31.4,0.0,0.2,0.0,15.5,0.0,1.00,0.2,8,587,39.17,19.97,39,5,3,0.0,1.00,1.00,1.00,3.57,4.02,3.96,15.0,2.000,0.632,4.04
116000,1677,43,30.2,0.0,6.1,0.0,9.0,0.0,1.00,0.5,12,871,37.91,34.75,33,5,5,0.0,1.00,1.00,1.00,3.35,3.95,3.88,19.8,2.000,0.936,4.05
116000,1107,32,32.1,0.0,8.0,0.0,8.0,0.0,1.00,0.1,12,1007,43.74,39.45,26,6,0,0.0,1.00,1.00,1.00,3.62,4.03,4.03,17.9,2.000,0.925,4.06
116000,1659,32,48.1,0.0,6.0,0.0,18.0,0.0,1.00,0.2,14,492,30.60,16.89,26,6,0,0.0,1.00,1.00,1.00,4.41,4.97,4.88,18.3,2.000,0.920,4.97
116000,1448,15,31.5,0.0,0.0,0.0,15.7,0.0,1.00,0.1,2,1129,56.10,9.39,9,4,2,0.0,1.00,1.00,1.00,3.27,4.00,3.93,23.2,2.000,0.721,4.00
116000,1410,14,31.7,0.0,0.0,0.0,15.9,0.0,1.00,1.0,4,829,43.72,9.72,9,2,3,0.0,1.00,1.00,1.00,3.14,3.93,4.00,23.4,2.000,0.909,4.21
116000,1580,8,32.0,0.0,7.4,0.0,8.6,0.0,1.00,0.0,3,1243,54.19,18.12,6,2,0,0.0,1.00,1.00,1.00,3.75,4.00,4.00,19.4,2.000,0.975,4.00
116000,1446,6,27.7,0.0,8.5,0.0,5.3,0.0,1.00,1.3,3,1420,48.54,48.59,3,1,2,0.0,1.00,1.00,1.00,2.83,3.67,3.67,28.6,2.000,0.847,4.00
116000,1621,6,31.3,0.0,0.0,0.0,15.7,0.0,1.00,0.0,2,399,28.90,24.97,6,0,0,0.0,1.00,1.00,1.00,4.00,4.00,4.00,1.5,2.000,0.800,4.00
116000,1679,5,32.0,0.0,9.2,0.0,6.8,0.0,1.00,0.0,2,1758,70.89,73.20,4,0,1,0.0,1.00,1.00,1.00,3.20,4.00,4.00,13.1,2.000,0.923,4.00
116000,1658,5,32.0,0.0,8.8,0.0,7.2,0.0,1.00,0.0,2,1031,35.51,21.32,3,2,0,0.0,1.00,1.00,1.00,3.20,4.00,4.00,24.5,2.000,0.854,4.00
117000,1593,137,37.5,0.0,8.7,0.0,10.0,0.0,1.00,0.3,34,642,34.15,17.12,98,31,8,0.0,1.00,1.00,1.00,3.65,4.42,4.42,20.4,2.000,0.898,4.46
117000,1545,88,30.1,0.0,3.0,0.0,12.0,0.0,1.00,0.8,33,693,42.16,13.24,54,19,15,0.0,1.00,1.00,1.00,3.41,3.91,3.93,24.0,2.000,0.636,4.11
117000,1457,83,32.4,0.0,6.8,0.0,9.4,0.0,1.00,0.2,29,625,30.03,16.30,56,17,10,0.0,1.00,1.00,1.00,3.52,4.01,4.04,20.7,2.000,0.844,4.07
117000,1657,54,29.9,0.0,0.0,0.0,15.0,0.0,1.00,0.8,10,818,43.23,13.23,38,6,10,0.0,1.00,1.00,1.00,3.35,3.93,3.80,20.5,2.000,0.638,4.06
117000,1677,33,31.4,0.0,7.0,0.0,8.7,0.0,1.00,0.1,7,1021,43.52,31.21,12,10,11,0.0,1.00,1.00,1.00,3.48,3.97,4.00,30.9,2.000,0.938,4.00
117000,1107,33,29.5,0.0,7.4,0.0,7.4,0.0,1.00,1.3,17,943,43.73,31.13,17,6,10,0.0,1.00,1.00,1.00,3.33,3.85,3.79,27.5,2.000,0.903,4.15
117000,1659,29,42.4,0.0,10.2,0.0,11.0,0.0,1.00,0.9,13,774,40.21,20.49,21,5,3,0.0,1.00,1.00,1.00,3.72,4.59,4.62,19.9,2.000,0.894,4.83
117000,1715,28,45.5,0.0,5.9,0.0,16.9,0.0,1.00,0.9,16,459,28.29,11.23,16,9,3,0.0,1.00,1.00,1.00,3.79,4.61,4.96,22.1,2.000,0.793,5.00
117000,1448,18,30.1,0.0,0.0,0.0,15.1,0.0,1.00,0.6,3,1165,60.89,5.63,10,7,1,0.0,1.00,1.00,1.00,3.44,3.94,3.78,21.3,2.000,0.720,4.00
117000,1446,14,30.0,0.0,10.2,0.0,4.8,0.0,1.00,0.3,5,730,28.23,23.80,5,3,6,0.0,1.00,1.00,1.00,3.14,4.07,3.93,33.2,2.000,0.854,4.07
117000,1580,8,28.8,0.0,7.0,0.0,7.4,0.0,1.00,1.0,4,1258,50.98,25.32,4,3,1,0.0,1.00,1.00,1.00,3.25,3.62,3.88,21.0,2.000,0.972,4.00
117000,1679,8,32.0,0.0,8.6,0.0,7.4,0.0,1.00,0.0,3,342,20.13,11.15,8,0,0,0.0,1.00,1.00,1.00,3.75,4.00,4.00,6.2,2.000,0.966,4.00
117000,1656,6,44.0,0.0,0.0,0.0,22.0,0.0,1.00,0.0,2,923,53.30,3.76,0,5,1,0.0,1.00,1.00,1.00,4.00,4.67,4.67,34.0,2.000,0.891,4.67
117000,1658,5,32.0,0.0,11.0,0.0,5.0,0.0,1.00,0.0,1,2011,78.58,37.55,1,2,2,0.0,1.00,1.00,1.00,4.00,4.00,4.00,33.7,2.000,0.849,4.00
118000,1593,198,37.0,0.0,9.3,0.0,9.2,0.0,1.00,0.5,46,837,42.69,19.75,105,57,36,0.0,1.00,1.00,1.00,3.57,4.31,4.31,25.6,2.000,0.908,4.43
118000,1545,120,30.0,0.0,3.3,0.0,11.7,0.0,1.00,0.7,42,962,55.69,12.58,40,51,29,0.0,1.00,1.00,1.00,3.31,3.95,3.85,31.1,2.000,0.655,4.07
118000,1457,73,31.4,0.0,8.2,0.0,7.5,0.0,1.00,0.5,20,879,41.23,18.33,24,33,16,0.0,1.00,1.00,1.00,3.41,3.96,4.04,29.0,2.000,0.868,4.12
118000,1657,71,29.9,0.0,0.0,0.0,14.9,0.0,1.00,0.5,10,898,55.53,11.89,47,10,14,0.0,1.00,1.00,1.00,3.32,3.86,3.90,21.3,2.000,0.636,4.00
118000,1659,58,44.1,0.0,9.3,0.0,12.7,0.0,1.00,0.6,26,573,32.56,19.43,43,11,4,0.0,1.00,1.00,1.00,3.79,4.71,4.83,16.2,2.000,0.885,4.88
118000,1717,58,29.6,0.0,1.9,0.0,12.9,0.0,1.00,0.6,12,806,44.22,6.47,6,16,36,0.0,1.00,1.00,1.00,3.47,3.90,3.79,39.4,2.000,0.115,4.00
118000,1677,54,32.6,0.0,5.1,0.0,11.2,0.0,1.00,0.2,12,804,37.63,17.75,18,18,18,0.0,1.00,1.00,1.00,3.41,4.02,4.07,29.8,2.000,0.938,4.09
118000,1448,48,30.3,0.0,0.0,0.0,15.1,0.0,1.00,0.5,5,592,31.65,6.94,28,15,5,0.0,1.00,1.00,1.00,3.35,3.88,3.85,23.1,2.000,0.725,4.00
118000,1107,48,30.3,0.0,7.1,0.0,8.1,0.0,1.00,0.8,16,656,32.25,13.53,11,22,15,0.0,1.00,1.00,1.00,3.48,3.92,3.88,33.6,2.000,0.938,4.08
118000,1719,33,28.7,0.0,0.0,0.0,14.3,0.0,1.00,0.7,10,731,42.41,8.33,23,10,0,0.0,1.00,1.00,1.00,3.24,3.88,3.79,21.7,2.000,0.415,4.00
118000,1621,23,29.8,0.0,0.0,0.0,14.9,0.0,1.00,0.5,4,633,35.27,16.77,15,6,2,0.0,1.00,1.00,1.00,3.30,3.83,3.91,21.1,2.000,0.760,4.00
118000,1718,21,31.7,0.0,0.0,0.0,15.9,0.0,1.00,0.3,3,353,24.71,6.59,21,0,0,0.0,1.00,1.00,1.00,3.33,4.05,3.90,17.8,2.000,0.123,4.05
118000,1715,17,51.1,0.0,5.1,0.0,20.4,0.0,1.00,0.2,8,1196,67.57,40.03,11,3,3,0.0,1.00,1.00,1.00,4.47,5.12,5.00,22.7,2.000,0.799,5.12
118000,1580,15,30.4,0.0,3.7,0.0,11.5,0.0,1.00,1.6,12,961,45.24,18.57,7,5,3,0.0,1.00,1.00,1.00,3.07,4.13,3.87,26.1,2.000,0.963,4.40
118000,1656,14,43.0,0.0,0.0,0.0,21.5,0.0,1.00,0.1,3,939,60.63,2.58,1,9,4,0.0,1.00,1.00,1.00,3.29,4.64,4.57,34.3,2.000,0.916,4.64
118000,1446,8,32.0,0.0,11.0,0.0,5.0,0.0,1.00,0.0,1,1114,48.42,30.64,4,4,0,0.0,1.00,1.00,1.00,3.75,4.00,4.00,22.8,2.000,0.843,4.00
119000,1593,295,37.2,0.0,8.3,0.0,10.3,0.0,1.00,0.3,52,905,45.44,23.46,153,91,51,0.0,1.00,1.00,1.00,3.58,4.32,4.30,25.8,2.000,0.895,4.38
119000,1545,202,31.8,0.0,3.2,0.0,12.8,0.0,1.00,0.1,62,774,42.85,13.41,61,86,55,0.0,1.00,1.00,1.00,3.43,4.01,4.01,30.9,2.000,0.649,4.05
119000,1457,122,32.8,0.0,8.7,0.0,7.6,0.0,1.00,0.0,24,858,38.83,23.59,49,45,28,0.0,1.00,1.00,1.00,3.52,4.05,4.06,28.5,2.000,0.862,4.06
119000,1657,67,30.9,0.0,0.0,0.0,15.4,0.0,1.00,0.4,15,866,54.64,16.80,26,20,21,0.0,1.00,1.00,1.00,3.34,3.97,3.97,30.2,2.000,0.618,4.07
119000,1448,66,30.7,0.0,0.0,0.0,15.4,0.0,1.00,0.4,8,644,36.64,11.87,22,35,9,0.0,1.00,1.00,1.00,3.14,3.91,3.95,29.8,2.000,0.665,4.03
119000,1717,52,30.7,0.0,2.7,0.0,12.6,0.0,1.00,0.5,12,925,49.08,10.77,12,21,19,0.0,1.00,1.00,1.00,3.17,3.90,3.92,36.2,2.000,0.079,4.02
119000,1659,52,46.8,0.0,9.0,0.0,14.4,0.0,1.00,0.4,17,1002,63.28,28.42,26,18,8,0.0,1.00,1.00,1.00,3.85,4.79,4.85,24.4,2.000,0.863,4.92
119000,1656,51,44.0,0.0,0.4,0.0,21.6,0.0,1.00,0.3,13,421,30.82,13.68,2,27,22,0.0,1.00,1.00,1.00,4.16,4.65,4.57,39.1,2.000,0.882,4.69
119000,1107,47,32.2,0.0,6.5,0.0,9.6,0.0,1.00,0.3,18,1033,47.57,22.62,17,17,13,0.0,1.00,1.00,1.00,3.32,4.04,4.02,30.6,2.000,0.933,4.11
119000,1677,42,31.9,0.0,6.3,0.0,9.7,0.0,1.00,0.1,10,886,39.31,22.05,6,11,25,0.0,1.00,1.00,1.00,3.52,4.02,3.98,37.7,2.000,0.940,4.02
119000,1645,40,28.4,0.0,0.0,0.0,14.2,0.0,1.00,0.9,10,758,46.82,12.95,8,25,7,0.0,1.00,1.00,1.00,3.17,3.80,3.72,31.9,2.000,0.618,4.00
119000,1719,38,31.3,0.0,0.0,0.0,15.6,0.0,1.00,0.1,5,813,52.27,6.58,24,13,1,0.0,1.00,1.00,1.00,3.34,3.95,4.00,23.4,2.000,0.406,4.00
119000,1621,19,31.4,0.0,0.0,0.0,15.7,0.0,1.00,0.0,2,784,41.83,20.19,6,11,2,0.0,1.00,1.00,1.00,3.79,4.00,4.00,27.3,2.000,0.788,4.00
119000,1446,16,33.1,0.0,10.9,0.0,5.7,0.0,1.00,0.0,3,1089,49.43,29.14,11,1,4,0.0,1.00,1.00,1.00,3.75,4.06,4.06,19.8,2.000,0.833,4.06
119000,1604,16,33.5,0.0,2.8,0.0,13.9,0.0,1.00,2.9,12,701,44.82,27.74,1,1,14,0.0,1.00,1.00,1.00,3.31,4.50,3.69,42.1,2.000,0.564,4.81
119000,1715,11,52.0,0.0,4.9,0.0,21.1,0.0,1.00,0.0,6,1419,83.72,46.06,2,2,7,0.0,1.00,1.00,1.00,4.18,5.09,5.09,39.3,2.000,0.822,5.09
119000,1580,10,32.0,0.0,8.7,0.0,7.3,0.0,1.00,0.0,5,908,36.13,21.01,3,1,6,0.0,1.00,1.00,1.00,3.60,4.00,4.00,37.0,2.000,0.966,4.00
119000,1718,7,32.0,0.0,0.0,0.0,16.0,0.0,1.00,0.0,1,1280,61.47,12.15,2,5,0,0.0,1.00,1.00,1.00,3.57,4.00,4.00,26.6,2.000,0.091,4.00
119000,1658,5,32.0,0.0,11.0,0.0,5.0,0.0,1.00,0.0,1,1546,68.96,23.03,1,1,3,0.0,1.00,1.00,1.00,3.20,4.00,4.00,34.7,2.000,0.851,4.00
120000,1593,427,35.5,0.0,8.4,0.0,9.3,0.0,1.00,0.4,92,755,41.46,26.62,170,153,104,0.0,1.00,1.00,1.00,3.73,4.19,4.24,29.2,2.000,0.894,4.31
120000,1545,207,31.7,0.0,2.7,0.0,13.1,0.0,1.00,0.3,56,1022,57.30,21.29,79,72,56,0.0,1.00,1.00,1.00,3.33,4.00,3.99,30.4,2.000,0.642,4.08
120000,1457,168,32.8,0.0,5.5,0.0,10.9,0.0,1.00,0.4,41,866,42.75,22.28,48,59,61,0.0,1.00,1.00,1.00,3.57,4.07,4.08,32.3,2.000,0.823,4.18
120000,1712,104,66.8,0.0,13.3,0.0,20.1,0.0,1.00,1.2,36,601,51.19,24.99,56,26,22,0.0,1.00,1.00,1.00,5.38,5.81,5.80,24.0,2.000,0.833,6.08
120000,1657,86,29.7,0.0,0.3,0.0,14.5,0.0,1.00,0.7,18,968,54.24,15.39,41,18,27,0.0,1.00,1.00,1.00,3.43,3.85,3.87,28.7,2.000,0.636,4.02
120000,1448,77,30.1,0.0,0.0,0.0,15.0,0.0,1.00,0.5,11,818,52.42,20.77,37,31,9,0.0,1.00,1.00,1.00,3.39,3.92,3.83,26.0,2.000,0.687,4.00
120000,1107,74,34.0,0.0,8.5,0.0,8.5,0.0,1.00,0.2,22,926,39.49,28.02,25,32,17,0.0,1.00,1.00,1.00,3.65,4.12,4.11,29.7,2.000,0.922,4.18
120000,1656,56,38.3,0.0,0.4,0.0,18.7,0.0,1.00,0.8,15,910,76.00,41.62,2,25,29,0.0,1.00,1.00,1.00,3.77,4.39,4.34,39.1,2.000,0.911,4.57
120000,1659,50,46.7,0.0,8.2,0.1,15.0,0.0,1.00,0.2,18,1126,67.80,40.07,24,21,5,0.0,1.00,1.00,1.00,3.88,4.92,4.80,24.6,2.000,0.862,4.92
120000,1717,46,31.9,0.0,2.0,0.0,13.9,0.0,1.00,0.0,4,1148,63.51,16.83,6,24,16,0.0,1.00,1.00,1.00,3.67,4.00,4.00,37.3,2.000,0.077,4.00
120000,1677,43,30.9,0.0,6.5,0.0,8.9,0.0,1.00,0.3,14,893,40.97,19.81,3,15,25,0.0,1.00,1.00,1.00,3.35,3.93,3.93,39.4,2.000,0.946,4.00
120000,1719,39,31.1,0.0,0.1,0.0,15.5,0.0,1.00,0.2,3,1127,71.59,18.23,17,22,0,0.0,1.00,1.00,1.00,3.21,4.00,3.90,25.3,2.000,0.414,4.00
120000,1645,29,31.1,0.0,0.0,0.0,15.6,0.0,1.00,0.2,4,997,61.48,17.78,8,7,14,0.0,1.00,1.00,1.00,3.24,3.93,3.97,36.0,2.000,0.696,4.00
120000,1621,18,32.0,0.0,0.0,0.0,16.0,0.0,1.00,0.0,1,1262,72.81,29.85,10,6,2,0.0,1.00,1.00,1.00,3.39,4.00,4.00,26.8,2.000,0.771,4.00
120000,1604,14,48.1,0.0,8.8,0.0,15.3,0.0,1.00,0.0,5,980,90.85,38.64,0,2,12,0.0,1.00,1.00,1.00,3.79,4.93,4.93,43.2,2.000,0.738,4.93
120000,1580,9,29.8,0.0,2.4,0.0,12.4,0.0,1.00,0.4,5,649,31.46,7.95,1,1,7,0.0,1.00,1.00,1.00,3.89,4.00,3.78,49.9,2.000,0.979,4.00
120000,1446,7,29.1,0.0,9.6,0.0,5.0,0.0,1.00,0.9,2,1364,51.39,21.47,4,1,2,0.0,1.00,1.00,1.00,3.14,3.71,3.86,24.9,2.000,0.820,4.00
120000,1718,5,28.8,0.0,0.0,0.0,14.4,0.0,1.00,0.8,2,643,41.79,29.33,5,0,0,0.0,1.00,1.00,1.00,3.60,3.60,4.00,16.4,2.000,0.095,4.00
121000,1593,495,35.4,0.0,8.3,0.0,9.4,0.0,1.00,0.5,92,900,51.90,36.66,195,155,145,0.0,1.00,1.00,1.00,3.60,4.22,4.20,30.7,2.000,0.895,4.33
121000,1545,313,31.1,0.0,2.5,0.0,13.0,0.0,1.00,0.4,90,866,51.35,26.52,90,128,95,0.0,1.00,1.00,1.00,3.44,3.97,4.00,32.3,2.000,0.648,4.08
121000,1457,261,32.6,0.0,6.2,0.0,10.1,0.0,1.00,0.5,65,913,47.03,24.82,61,70,130,0.0,1.00,1.00,1.00,3.53,4.07,4.04,35.3,2.000,0.822,4.16
121000,1712,99,68.1,0.0,14.0,0.0,20.0,0.0,1.00,1.0,34,807,78.12,43.36,50,20,29,0.0,1.00,1.00,1.00,5.75,5.83,5.85,26.2,2.000,0.844,6.04
121000,1659,82,45.2,0.0,9.3,0.0,13.3,0.0,1.00,0.5,31,682,41.60,34.13,43,29,10,0.0,1.00,1.00,1.00,3.87,4.84,4.68,25.8,2.000,0.855,4.88
121000,1107,79,35.8,0.0,10.0,0.0,7.8,0.0,1.00,0.4,29,861,42.49,26.50,15,43,21,0.0,1.00,1.00,1.00,3.61,4.24,4.16,32.4,2.000,0.919,4.30
121000,1719,70,29.2,0.0,0.0,0.0,14.6,0.0,1.00,0.7,12,885,49.90,14.58,34,35,1,0.0,1.00,1.00,1.00,3.20,3.86,3.79,23.3,2.000,0.426,4.00
121000,1656,69,34.6,0.0,1.3,0.0,16.0,0.0,1.00,0.9,28,1009,83.62,55.19,5,24,40,0.0,1.00,1.00,1.00,3.51,4.22,4.26,39.5,2.000,0.903,4.45
121000,1657,68,31.6,0.0,0.5,0.0,15.3,0.0,1.00,0.1,9,799,46.01,16.66,35,13,20,0.0,1.00,1.00,1.00,3.50,3.99,3.99,28.2,2.000,0.704,4.01
121000,1448,67,30.1,0.0,0.1,0.0,15.0,0.0,1.00,0.6,9,914,57.53,21.22,27,33,7,0.0,1.00,1.00,1.00,3.06,3.90,3.82,27.3,2.000,0.663,4.00
121000,1717,51,30.2,0.0,2.6,0.0,12.5,0.0,1.00,0.3,16,1002,53.56,22.21,7,12,32,0.0,1.00,1.00,1.00,3.12,3.92,3.92,42.5,2.000,0.088,4.00
121000,1677,36,31.8,0.0,7.0,0.0,8.9,0.0,1.00,0.2,8,880,58.95,37.87,7,5,24,0.0,1.00,1.00,1.00,3.67,4.03,3.94,37.6,2.000,0.940,4.03
121000,1645,36,31.0,0.0,0.8,0.0,14.7,0.0,1.00,0.2,7,892,53.72,15.52,17,12,7,0.0,1.00,1.00,1.00,3.33,4.00,3.89,26.8,2.000,0.675,4.00
121000,1604,28,36.3,0.0,4.2,0.0,13.9,0.0,1.00,1.4,14,995,82.80,43.55,0,2,26,0.0,1.00,1.00,1.00,3.00,4.21,4.07,43.4,2.000,0.612,4.50
121000,1621,19,29.2,0.0,0.0,0.0,14.6,0.0,1.00,0.8,5,986,46.39,32.61,8,8,3,0.0,1.00,1.00,1.00,3.26,3.74,3.84,31.3,2.000,0.734,4.00
121000,1731,17,28.1,0.0,4.1,0.0,9.9,0.0,1.00,1.1,7,724,37.47,11.00,7,9,1,0.0,1.00,1.00,1.00,3.53,3.71,3.76,27.8,2.000,0.708,4.00
121000,1446,7,32.0,0.0,11.0,0.0,5.0,0.0,1.00,0.0,1,1331,45.47,31.24,6,0,1,0.0,1.00,1.00,1.00,3.71,4.00,4.00,13.5,2.000,0.848,4.00
122000,1593,762,33.9,0.0,7.9,0.0,9.0,0.0,1.00,0.7,149,814,46.04,36.86,259,285,218,0.0,1.00,1.00,1.00,3.47,4.12,4.13,30.8,2.000,0.887,4.29
122000,1545,283,30.6,0.0,2.6,0.0,12.7,0.0,1.00,0.6,90,874,54.72,32.83,97,86,100,0.0,1.00,1.00,1.00,3.35,3.96,3.90,31.9,2.000,0.667,4.08
122000,1457,282,33.0,0.0,7.5,0.0,9.0,0.0,1.00,0.4,73,891,46.29,27.56,79,85,118,0.0,1.00,1.00,1.00,3.49,4.13,4.11,33.5,2.000,0.834,4.21
122000,1712,120,62.1,0.0,11.5,0.0,19.5,0.0,1.00,1.3,47,864,75.45,49.41,51,46,23,0.0,1.00,1.00,1.00,5.27,5.57,5.57,26.8,2.000,0.814,5.88
122000,1107,86,35.6,0.0,9.9,0.0,7.9,0.0,1.00,0.0,29,1098,53.86,34.29,15,37,34,0.0,1.00,1.00,1.00,3.62,4.21,4.23,34.7,2.000,0.903,4.23
122000,1656,81,32.2,0.0,1.0,0.0,15.0,0.0,1.00,1.2,22,916,69.29,47.62,2,24,55,0.0,1.00,1.00,1.00,3.17,3.99,3.98,42.0,2.000,0.890,4.28
122000,1659,67,48.1,0.0,11.4,0.0,12.6,0.0,1.00,0.3,24,1083,68.30,50.61,18,31,18,0.0,1.00,1.00,1.00,3.97,4.88,4.85,31.2,2.000,0.884,4.94
122000,1717,60,29.7,0.0,2.2,0.0,12.6,0.0,1.00,0.5,18,893,48.59,22.96,4,11,45,0.0,1.00,1.00,1.00,3.23,3.88,3.87,46.4,2.000,0.097,4.00
122000,1677,55,31.8,0.0,7.0,0.0,8.9,0.0,1.00,0.1,14,901,56.57,39.30,13,13,29,0.0,1.00,1.00,1.00,3.64,4.00,3.98,36.7,2.000,0.946,4.02
122000,1719,55,30.5,0.0,0.0,0.0,15.3,0.0,1.00,0.4,5,861,52.63,20.10,29,21,5,0.0,1.00,1.00,1.00,3.56,4.00,3.82,24.4,2.000,0.473,4.00
122000,1448,55,30.7,0.0,0.0,0.0,15.3,0.0,1.00,0.4,5,917,52.28,25.65,25,26,4,0.0,1.00,1.00,1.00,3.18,3.91,3.91,25.4,2.000,0.716,4.00
122000,1657,50,27.2,0.0,0.0,0.0,13.6,0.0,1.00,1.5,14,685,41.18,24.26,32,7,11,0.0,1.00,1.00,1.00,2.96,3.66,3.62,22.8,2.000,0.611,4.00
122000,1645,25,28.4,0.0,0.1,0.0,14.1,0.0,1.00,0.7,7,916,51.15,15.16,15,9,1,0.0,1.00,1.00,1.00,3.32,3.92,3.72,22.0,2.000,0.661,4.00
122000,1731,25,32.8,0.0,2.8,0.0,13.6,0.0,1.00,0.1,9,566,25.39,14.89,3,21,1,0.0,1.00,1.00,1.00,3.36,4.08,4.04,33.9,2.000,0.611,4.08
122000,1604,19,31.3,0.0,3.9,0.0,11.7,0.0,1.00,3.4,13,1688,140.69,68.60,0,0,19,0.0,1.00,1.00,1.00,3.26,3.95,3.53,45.2,2.000,0.663,4.58
122000,1621,9,31.1,0.0,0.0,0.0,15.6,0.0,1.00,0.0,2,1360,96.55,66.23,2,7,0,0.0,1.00,1.00,1.00,3.22,4.00,4.00,28.0,2.000,0.801,4.00
123000,1593,824,35.7,0.0,8.2,0.0,9.7,0.0,1.00,0.4,140,915,48.28,40.45,273,346,205,0.0,1.00,1.00,1.00,3.57,4.20,4.22,30.5,2.000,0.886,4.32
123000,1545,343,31.8,0.0,2.1,0.0,13.8,0.0,1.00,0.5,92,830,51.31,31.12,103,117,123,0.0,1.00,1.00,1.00,3.36,4.02,3.98,33.1,2.000,0.653,4.12
123000,1457,178,33.3,0.0,6.5,0.0,10.1,0.0,1.00,0.5,48,923,52.14,32.42,39,63,76,0.0,1.00,1.00,1.00,3.39,4.07,4.07,34.1,2.000,0.860,4.19
123000,1677,96,30.9,0.0,6.1,0.0,9.4,0.0,1.00,0.3,23,734,37.28,29.07,14,27,55,0.0,1.00,1.00,1.00,3.66,3.95,3.94,38.4,2.000,0.932,4.01
123000,1659,95,43.1,0.0,7.9,0.0,13.6,0.0,1.00,0.3,38,952,62.22,42.20,26,49,20,0.0,1.00,1.00,1.00,3.85,4.66,4.69,30.3,2.000,0.883,4.75
123000,1712,90,66.1,0.0,14.0,0.0,19.0,0.0,1.00,1.2,33,1111,88.14,50.35,25,37,28,0.0,1.00,1.00,1.00,5.53,5.69,5.71,32.0,2.000,0.827,5.99
123000,1107,68,34.8,0.0,10.0,0.0,7.5,0.0,1.00,0.2,28,1272,61.82,39.49,10,31,27,0.0,1.00,1.00,1.00,3.66,4.16,4.24,34.4,2.000,0.914,4.24
123000,1657,64,30.1,0.0,0.0,0.0,15.0,0.0,1.00,0.7,10,840,49.39,32.08,32,18,14,0.0,1.00,1.00,1.00,3.44,3.89,3.84,27.4,2.000,0.616,4.03
123000,1656,59,30.1,0.0,1.3,0.0,13.8,0.0,1.00,0.7,24,952,51.74,41.01,2,14,43,0.0,1.00,1.00,1.00,3.29,3.95,3.92,42.3,2.000,0.910,4.12
123000,1448,49,29.5,0.0,0.4,0.0,14.4,0.0,1.00,0.6,10,803,43.43,16.93,33,16,0,0.0,1.00,1.00,1.00,3.14,3.96,3.76,21.1,2.000,0.702,4.00
123000,1717,46,30.2,0.0,2.7,0.0,12.4,0.0,1.00,0.4,9,1117,56.34,25.60,9,9,28,0.0,1.00,1.00,1.00,2.96,3.93,3.85,41.3,2.000,0.121,4.00
123000,1719,33,32.0,0.0,0.0,0.0,16.0,0.0,1.00,0.0,1,1383,74.07,24.35,21,3,9,0.0,1.00,1.00,1.00,3.06,4.00,4.00,25.0,2.000,0.465,4.00
123000,1621,16,30.0,0.0,0.0,0.0,15.0,0.0,1.00,0.5,3,770,45.60,25.40,6,10,0,0.0,1.00,1.00,1.00,3.50,3.88,3.88,29.4,2.000,0.851,4.00
123000,1645,12,32.0,0.0,1.0,0.0,15.0,0.0,1.00,0.0,2,1637,80.70,18.77,5,5,2,0.0,1.00,1.00,1.00,3.50,4.00,4.00,25.7,2.000,0.686,4.00
123000,1604,10,25.8,0.0,2.4,0.0,10.5,0.0,1.00,3.6,7,1572,117.69,65.28,0,0,10,0.0,1.00,1.00,1.00,2.80,3.50,3.30,45.0,2.000,0.636,4.30
124000,1593,880,36.1,0.0,8.3,0.0,9.7,0.0,1.00,0.4,145,1017,53.63,41.92,300,335,245,0.0,1.00,1.00,1.00,3.70,4.25,4.25,30.4,2.000,0.893,4.33
124000,1545,323,30.6,0.0,2.0,0.0,13.3,0.0,1.00,0.5,76,841,50.16,30.36,90,124,109,0.0,1.00,1.00,1.00,3.41,3.91,3.91,33.1,2.000,0.654,4.04
124000,1755,173,33.0,0.0,7.8,0.0,8.7,0.0,1.00,0.3,40,963,47.41,32.06,70,67,36,0.0,1.00,1.00,1.00,3.36,4.12,4.05,27.5,2.000,0.845,4.16
124000,1457,158,32.2,0.0,6.6,0.0,9.5,0.0,1.00,0.6,49,1059,58.95,41.91,32,57,69,0.0,1.00,1.00,1.00,3.37,3.97,4.01,34.4,2.000,0.860,4.14
124000,1677,97,30.9,0.0,6.6,0.0,8.8,0.0,1.00,0.5,28,760,35.63,36.78,16,18,63,0.0,1.00,1.00,1.00,3.62,3.97,3.91,39.3,2.000,0.934,4.06
124000,1712,94,67.6,0.0,16.1,0.0,17.7,0.0,1.00,0.9,35,1064,78.80,46.19,33,35,26,0.0,1.00,1.00,1.00,5.70,5.82,5.76,31.2,2.000,0.817,6.00
124000,1659,77,46.5,0.0,8.4,0.0,14.8,0.0,1.00,0.3,26,1026,72.16,48.92,33,37,7,0.0,1.00,1.00,1.00,3.96,4.81,4.84,26.9,2.000,0.873,4.90
124000,1107,68,33.3,0.0,7.6,0.0,9.1,0.0,1.00,0.4,34,799,40.97,34.21,15,24,29,0.0,1.00,1.00,1.00,3.49,4.06,4.21,33.0,2.000,0.886,4.22
124000,1656,64,31.2,0.0,1.3,0.0,14.3,0.0,1.00,0.4,17,730,35.15,26.98,3,21,40,0.0,1.00,1.00,1.00,3.52,3.92,4.00,41.0,2.000,0.907,4.06
124000,1717,59,30.1,0.0,2.4,0.0,12.7,0.0,1.00,0.3,20,647,37.77,18.49,7,13,39,0.0,1.00,1.00,1.00,3.29,3.90,3.93,43.7,2.000,0.090,4.00
124000,1657,43,31.2,0.0,0.0,0.0,15.6,0.0,1.00,0.3,6,1137,76.04,55.08,15,10,18,0.0,1.00,1.00,1.00,3.14,4.05,3.88,30.1,2.000,0.604,4.05
124000,1719,37,29.7,0.0,0.1,0.0,14.8,0.0,1.00,0.6,7,926,54.55,21.91,27,4,6,0.0,1.00,1.00,1.00,3.49,3.86,3.84,22.6,2.000,0.450,4.00
124000,1448,31,28.8,0.0,0.2,0.0,14.2,0.0,1.00,0.8,6,1107,64.61,32.25,16,15,0,0.0,1.00,1.00,1.00,3.03,3.84,3.74,22.1,2.000,0.725,4.00
124000,1645,12,27.5,0.0,0.0,0.0,13.8,0.0,1.00,1.0,4,995,47.66,27.55,1,6,5,0.0,1.00,1.00,1.00,2.67,3.83,3.67,38.4,2.000,0.587,4.00
124000,1701,9,50.4,0.0,11.2,0.0,14.0,0.0,1.00,0.0,3,1438,67.38,52.38,9,0,0,0.0,1.00,1.00,1.00,4.22,5.00,5.00,11.1,2.000,0.956,5.00
124000,1621,7,31.4,0.0,0.0,0.0,15.7,0.0,1.00,0.0,2,1137,83.70,62.89,2,3,2,0.0,1.00,1.00,1.00,3.71,4.00,4.00,30.0,2.000,0.791,4.00
124000,1604,5,34.0,0.0,2.8,0.0,14.2,0.0,1.00,0.0,4,2021,248.60,140.62,0,0,5,0.0,1.00,1.00,1.00,3.40,4.20,4.20,43.8,2.000,0.677,4.20
125000,1593,984,35.7,0.0,8.1,0.0,9.8,0.0,1.00,0.4,180,894,47.23,35.90,300,363,321,0.0,1.00,1.00,1.00,3.57,4.22,4.23,31.8,2.000,0.887,4.31
125000,1457,191,31.8,0.0,6.2,0.0,9.7,0.0,1.00,0.4,46,853,43.79,33.86,43,69,79,0.0,1.00,1.00,1.00,3.48,4.02,3.98,34.2,2.000,0.865,4.11
125000,1755,185,33.2,0.0,8.0,0.0,8.6,0.0,1.00,0.3,40,1037,50.79,37.47,80,70,35,0.0,1.00,1.00,1.00,3.43,4.03,4.13,26.6,2.000,0.827,4.16
125000,1545,181,31.2,0.0,2.0,0.0,13.6,0.0,1.00,0.2,48,907,54.65,31.42,54,55,72,0.0,1.00,1.00,1.00,3.52,3.97,4.01,33.6,2.000,0.660,4.03
125000,1712,123,68.4,0.0,13.6,0.0,20.5,0.0,1.00,0.6,47,830,61.57,33.03,45,29,49,0.0,1.00,1.00,1.00,5.71,5.85,5.86,32.5,2.000,0.821,6.01
125000,1677,105,31.1,0.0,7.1,0.0,8.4,0.0,1.00,0.3,22,1055,49.30,53.79,11,26,68,0.0,1.00,1.00,1.00,3.46,3.94,3.96,39.6,2.000,0.940,4.04
125000,1763,65,32.2,0.0,7.9,0.0,8.2,0.0,1.00,0.1,14,1093,56.67,43.58,10,22,33,0.0,1.00,1.00,1.00,3.43,4.05,4.02,39.9,2.000,0.703,4.06
125000,1659,63,44.0,0.0,8.2,0.0,13.8,0.0,1.00,0.5,19,1030,77.41,54.63,28,26,9,0.0,1.00,1.00,1.00,3.81,4.68,4.78,24.8,2.000,0.893,4.83
125000,1717,54,30.0,0.0,3.3,0.0,11.6,0.0,1.00,0.4,18,904,51.89,26.10,1,5,48,0.0,1.00,1.00,1.00,3.33,3.85,3.93,48.9,2.000,0.087,4.00
125000,1656,43,31.8,0.0,1.1,0.0,14.8,0.0,1.00,0.1,11,893,43.06,26.92,5,11,27,0.0,1.00,1.00,1.00,3.12,4.00,3.98,40.9,2.000,0.911,4.02
125000,1448,40,31.8,0.0,1.1,0.0,14.8,0.0,1.00,0.1,6,637,42.59,29.54,23,17,0,0.0,1.00,1.00,1.00,3.20,3.97,4.00,23.6,2.000,0.566,4.00
125000,1657,36,30.6,0.0,0.0,0.0,15.3,0.0,1.00,0.4,4,948,62.48,44.51,11,20,5,0.0,1.00,1.00,1.00,3.42,3.92,3.92,27.7,2.000,0.565,4.00
125000,1719,36,28.9,0.0,0.0,0.0,14.4,0.0,1.00,0.8,8,735,43.15,21.61,28,2,6,0.0,1.00,1.00,1.00,3.03,3.86,3.75,18.6,2.000,0.469,4.00
125000,1107,32,33.1,0.0,7.4,0.0,9.1,0.0,1.00,0.7,17,1180,56.95,37.39,15,3,14,0.0,1.00,1.00,1.00,3.56,4.06,4.03,27.2,2.000,0.902,4.22
125000,1768,17,42.4,0.0,8.3,0.0,12.9,0.0,1.00,1.6,10,836,61.83,38.52,12,5,0,0.0,1.00,1.00,1.00,3.41,4.35,4.71,20.1,2.000,0.864,4.94
125000,1764,13,31.5,0.0,0.0,0.0,15.8,0.0,1.00,0.0,2,1322,66.82,29.68,4,9,0,0.0,1.00,1.00,1.00,3.46,4.00,4.00,30.4,2.000,0.629,4.00
125000,1604,7,30.0,0.3,0.0,0.0,14.4,0.0,1.08,0.3,4,143,7.81,8.79,0,0,7,0.0,1.18,1.00,1.07,3.14,3.86,4.00,43.9,2.000,0.843,4.00
125000,1645,6,32.0,0.0,0.0,0.0,16.0,0.0,1.00,0.0,1,1148,56.71,29.67,0,1,5,0.0,1.00,1.00,1.00,2.67,4.00,4.00,46.5,2.000,0.522,4.00
125000,1621,6,32.0,0.0,0.0,0.0,16.0,0.0,1.00,0.0,1,1404,84.76,75.14,1,1,4,0.0,1.00,1.00,1.00,3.33,4.00,4.00,35.4,2.000,0.864,4.00
126000,1593,944,35.4,0.0,7.8,0.0,9.9,0.0,1.00,0.4,148,1004,51.92,40.99,255,349,340,0.0,1.00,1.00,1.00,3.59,4.19,4.20,32.7,2.000,0.882,4.29
126000,1755,203,32.7,0.0,6.8,0.0,9.6,0.0,1.00,0.4,43,1010,49.34,34.40,78,99,26,0.0,1.00,1.00,1.00,3.44,4.03,3.99,27.3,2.000,0.837,4.12
126000,1545,162,30.4,0.0,1.8,0.0,13.4,0.0,1.00,0.5,47,976,56.08,35.09,52,61,49,0.0,1.00,1.00,1.00,3.32,3.93,3.91,32.8,2.000,0.691,4.04
126000,1457,150,32.2,0.0,6.4,0.0,9.7,0.0,1.00,0.3,38,980,49.19,30.67,28,52,70,0.0,1.00,1.00,1.00,3.45,4.02,4.05,36.4,2.000,0.864,4.11
126000,1712,123,67.9,0.0,13.9,0.0,20.0,0.0,1.00,1.1,47,865,70.04,35.80,54,37,32,0.0,1.00,1.00,1.00,5.72,5.84,5.87,28.3,2.000,0.833,6.11
126000,1677,121,31.3,0.0,6.8,0.0,8.8,0.0,1.00,0.2,24,950,48.88,48.89,23,24,74,0.0,1.00,1.00,1.00,3.55,3.99,3.98,38.0,2.000,0.930,4.04
126000,1717,76,29.8,0.0,3.9,0.0,11.0,0.0,1.00,0.6,28,906,50.26,28.44,6,0,70,0.0,1.00,1.00,1.00,3.53,3.92,3.84,47.7,2.000,0.082,4.01
126000,1763,65,32.7,0.0,6.5,0.0,9.8,0.0,1.00,0.6,22,1115,58.29,36.99,12,19,34,0.0,1.00,1.00,1.00,3.51,4.06,4.03,39.8,2.000,0.723,4.20
126000,1657,47,30.9,0.0,0.1,0.0,15.3,0.0,1.00,0.3,7,711,45.91,30.80,10,29,8,0.0,1.00,1.00,1.00,3.47,3.91,3.96,29.6,2.000,0.542,4.00
126000,1659,41,45.5,0.0,5.7,0.0,17.1,0.0,1.00,0.5,10,721,45.96,20.59,22,17,2,0.0,1.00,1.00,1.00,3.71,4.73,4.80,24.1,2.000,0.915,4.90
126000,1107,40,36.7,0.0,7.6,0.0,10.8,0.0,1.00,0.8,18,888,47.17,31.65,21,7,12,0.0,1.00,1.00,1.00,3.58,4.20,4.22,25.7,2.000,0.903,4.40
126000,1764,38,30.7,0.0,0.0,0.0,15.4,0.0,1.00,0.5,7,620,33.53,14.33,7,26,5,0.0,1.00,1.00,1.00,3.58,3.92,3.95,31.5,2.000,0.614,4.05
126000,1719,23,30.0,0.0,0.2,0.0,14.8,0.0,1.00,0.3,4,1002,64.41,32.20,21,0,2,0.0,1.00,1.00,1.00,3.04,3.87,3.96,15.1,2.000,0.465,4.00
126000,1771,20,29.1,0.0,0.1,0.0,14.5,0.0,1.00,0.8,7,853,44.40,21.25,6,4,10,0.0,1.00,1.00,1.00,3.20,3.90,3.80,38.1,2.000,0.829,4.05
126000,1768,18,44.3,0.0,8.4,0.0,13.7,0.0,1.00,0.8,12,678,66.72,47.88,7,11,0,0.0,1.00,1.00,1.00,3.56,4.50,4.89,20.8,2.000,0.862,4.89
126000,1781,16,30.5,0.0,0.0,0.0,15.2,0.0,1.00,0.1,5,1049,56.82,37.29,15,1,0,0.0,1.00,1.00,1.00,3.31,4.00,3.94,18.2,2.000,0.574,4.00
126000,1448,15,32.0,0.0,0.0,0.0,16.0,0.0,1.00,0.0,1,1451,90.28,75.09,2,13,0,0.0,1.00,1.00,1.00,3.40,4.00,4.00,29.8,2.000,0.660,4.00
126000,1656,11,35.6,0.0,1.1,0.0,16.7,0.0,1.00,0.0,3,876,46.67,24.39,8,1,2,0.0,1.00,1.00,1.00,3.64,4.18,4.18,19.7,2.000,0.893,4.18
126000,1621,7,24.9,0.0,0.0,0.0,12.4,0.0,1.00,2.0,3,470,30.78,29.20,0,2,5,0.0,1.00,1.00,1.00,3.14,3.71,3.29,40.8,2.000,0.761,4.00
127000,1593,862,34.9,0.0,7.5,0.0,10.0,0.0,1.00,0.4,160,1094,55.64,41.79,281,306,275,0.0,1.00,1.00,1.00,3.60,4.18,4.18,31.2,2.000,0.889,4.28
127000,1755,197,33.0,0.0,7.6,0.0,9.0,0.0,1.00,0.3,45,1013,48.15,37.43,90,81,26,0.0,1.00,1.00,1.00,3.47,4.02,4.07,26.5,2.000,0.825,4.13
127000,1545,187,31.4,0.0,1.7,0.0,14.0,0.0,1.00,0.2,35,985,52.88,35.09,50,59,78,0.0,1.00,1.00,1.00,3.37,3.98,3.99,35.5,2.000,0.706,4.02
127000,1457,155,33.2,0.0,6.4,0.0,10.2,0.0,1.00,0.3,43,1095,55.75,36.44,23,65,67,0.0,1.00,1.00,1.00,3.57,4.03,4.10,36.2,2.000,0.863,4.15
127000,1712,128,68.3,0.0,13.8,0.0,20.3,0.0,1.00,0.9,38,806,62.34,36.45,57,49,22,0.0,1.00,1.00,1.00,5.70,5.82,5.81,26.7,2.000,0.840,6.04
127000,1783,113,34.9,0.0,4.9,0.0,12.6,0.0,1.00,0.2,36,1043,50.25,25.13,57,32,24,0.0,1.00,1.00,1.00,3.57,4.16,4.17,26.5,2.000,0.761,4.22
127000,1677,111,30.8,0.0,7.0,0.0,8.4,0.0,1.00,0.3,26,1000,47.59,40.55,10,23,78,0.0,1.00,1.00,1.00,3.25,3.95,3.92,40.9,2.000,0.930,4.02
127000,1763,83,32.5,0.0,6.8,0.0,9.5,0.0,1.00,0.2,21,866,48.30,34.63,28,31,24,0.0,1.00,1.00,1.00,3.47,4.05,4.06,33.2,2.000,0.693,4.10
127000,1717,65,31.4,0.0,3.1,0.0,12.5,0.0,1.00,0.2,15,983,50.12,28.32,0,7,58,0.0,1.00,1.00,1.00,3.42,4.00,3.97,49.5,2.000,0.080,4.02
127000,1107,47,36.6,0.0,7.5,0.0,10.8,0.0,1.00,0.3,18,1099,54.21,36.97,26,13,8,0.0,1.00,1.00,1.00,3.87,4.30,4.23,22.1,2.000,0.903,4.34
127000,1657,46,30.9,0.0,0.2,0.0,15.2,0.0,1.00,0.3,8,934,56.18,33.29,15,22,9,0.0,1.00,1.00,1.00,3.39,3.96,3.96,30.3,2.000,0.542,4.04
127000,1659,42,45.8,0.0,7.2,0.0,15.6,0.0,1.00,0.5,10,1196,68.01,27.81,17,18,7,0.0,1.00,1.00,1.00,3.76,4.81,4.90,29.0,2.000,0.920,4.98
127000,1719,40,29.5,0.0,0.2,0.0,14.6,0.0,1.00,0.4,10,632,37.19,13.09,39,1,0,0.0,1.00,1.00,1.00,3.30,3.95,3.85,12.8,2.000,0.474,4.00
127000,1764,18,30.7,0.0,0.0,0.0,15.3,0.0,1.00,0.4,2,1262,65.18,32.26,6,10,2,0.0,1.00,1.00,1.00,3.28,3.89,3.89,30.7,2.000,0.643,4.00
127000,1771,18,29.6,0.0,0.0,0.0,14.8,0.0,1.00,0.8,3,1026,49.36,36.67,10,0,8,0.0,1.00,1.00,1.00,2.72,3.83,3.78,36.6,2.000,0.814,4.00
127000,1785,15,52.0,0.0,11.6,0.0,14.4,0.0,1.00,0.0,8,1180,67.90,53.43,0,5,10,0.0,1.00,1.00,1.00,4.33,5.07,5.07,40.2,2.000,0.798,5.07
127000,1448,13,31.4,0.0,0.0,0.0,15.7,0.0,1.00,0.0,2,962,65.63,82.59,1,12,0,0.0,1.00,1.00,1.00,3.08,4.00,4.00,33.2,2.000,0.637,4.00
127000,1768,13,48.6,0.0,13.3,0.0,11.0,0.0,1.00,0.0,9,1256,75.40,49.54,11,1,1,0.0,1.00,1.00,1.00,4.00,4.92,4.92,21.9,2.000,0.804,4.92
127000,1604,12,32.2,0.1,0.9,0.0,15.0,0.2,1.02,0.0,2,581,50.49,41.54,0,0,12,0.2,1.04,1.00,1.02,3.83,4.00,4.00,44.3,2.000,0.840,4.00
127000,1781,11,28.4,0.0,0.0,0.0,14.2,0.0,1.00,0.9,3,1328,83.88,56.49,11,0,0,0.0,1.00,1.00,1.00,3.73,3.73,3.82,16.9,2.000,0.576,4.00
127000,1656,8,34.2,0.0,3.4,0.0,13.8,0.0,1.00,0.0,4,983,39.67,25.65,6,2,0,0.0,1.00,1.00,1.00,3.75,4.12,4.12,14.7,2.000,0.931,4.12
127000,1621,5,32.0,0.0,0.0,0.0,16.0,0.0,1.00,0.0,1,1304,78.91,66.56,0,2,3,0.0,1.00,1.00,1.00,3.60,4.00,4.00,40.5,2.000,0.857,4.00
128000,1593,672,35.0,0.0,7.8,0.0,9.7,0.0,1.00,0.4,133,1054,55.81,41.66,221,232,219,0.0,1.00,1.00,1.00,3.61,4.19,4.16,31.7,2.000,0.888,4.27
128000,1712,150,73.1,0.0,13.7,0.0,22.8,0.0,1.00,0.4,46,928,70.23,39.52,71,49,30,0.0,1.00,1.00,1.00,5.79,6.11,6.07,25.6,2.000,0.841,6.15
128000,1755,149,32.6,0.0,7.7,0.0,8.6,0.0,1.00,0.7,44,1063,50.46,39.08,74,56,19,0.0,1.00,1.00,1.00,3.37,4.02,4.03,26.2,2.000,0.835,4.19
128000,1457,144,32.6,0.0,7.0,0.0,9.3,0.0,1.00,0.2,35,996,50.97,35.34,24,72,48,0.0,1.00,1.00,1.00,3.42,4.03,4.05,34.3,2.000,0.866,4.08
128000,1763,122,33.4,0.0,8.2,0.0,8.5,0.0,1.00,0.2,29,708,32.45,27.12,22,41,59,0.0,1.00,1.00,1.00,3.62,4.11,4.09,38.5,2.000,0.694,4.14
128000,1545,121,30.3,0.0,1.1,0.0,14.0,0.0,1.00,0.6,32,886,45.41,24.71,34,38,49,0.0,1.00,1.00,1.00,3.48,3.92,3.92,35.0,2.000,0.707,4.05
128000,1677,106,32.1,0.0,6.7,0.0,9.3,0.0,1.00,0.5,37,1167,57.24,44.64,7,16,83,0.0,1.00,1.00,1.00,3.52,4.02,4.03,43.6,2.000,0.932,4.16
128000,1717,83,29.4,0.0,2.9,0.0,11.9,0.0,1.00,0.7,28,950,50.88,30.34,2,11,70,0.0,1.00,1.00,1.00,3.18,3.82,3.88,48.5,2.000,0.082,4.02
128000,1783,70,32.0,0.1,6.3,0.0,9.6,0.1,1.02,0.1,25,1029,46.25,28.74,33,25,12,0.1,1.03,1.00,1.03,3.24,4.04,4.09,25.6,2.000,0.796,4.09
128000,1764,47,26.3,0.0,0.0,0.0,13.1,0.0,1.00,1.5,16,746,40.31,18.78,26,20,1,0.0,1.00,1.00,1.00,3.00,3.66,3.57,23.7,2.000,0.686,4.00
128000,1659,37,49.6,0.0,10.3,0.0,14.5,0.0,1.00,0.4,9,782,46.68,32.97,15,17,5,0.0,1.00,1.00,1.00,3.95,4.97,4.92,26.8,2.000,0.907,5.05
128000,1781,34,29.6,0.0,0.0,0.0,14.8,0.0,1.00,0.6,6,256,16.30,7.10,4,30,0,0.0,1.00,1.00,1.00,3.59,3.94,3.76,32.5,2.000,0.708,4.00
128000,1657,33,30.5,0.0,0.3,0.0,14.9,0.0,1.00,0.4,4,644,35.05,24.48,22,11,0,0.0,1.00,1.00,1.00,3.39,4.00,3.91,20.5,2.000,0.531,4.06
128000,1719,26,30.6,0.0,0.0,0.0,15.3,0.0,1.00,0.2,5,974,51.00,28.54,25,1,0,0.0,1.00,1.00,1.00,3.31,4.00,3.92,14.9,2.000,0.519,4.00
128000,1107,21,38.9,0.0,5.0,0.0,14.4,0.0,1.00,0.0,6,633,28.81,22.64,12,9,0,0.0,1.00,1.00,1.00,3.81,4.43,4.43,17.3,2.000,0.904,4.43
128000,1771,18,26.8,0.0,0.0,0.0,13.4,0.0,1.00,1.3,7,911,61.58,60.82,10,0,8,0.0,1.00,1.00,1.00,2.72,3.78,3.56,34.6,2.000,0.755,4.00
128000,1785,15,48.8,0.0,14.7,0.0,9.7,0.0,1.00,0.0,7,1197,66.84,31.25,0,2,13,0.0,1.00,1.00,1.00,4.00,4.93,4.93,42.8,2.000,0.824,4.93
128000,1768,14,46.1,0.0,10.7,0.0,12.4,0.0,1.00,0.0,8,1287,67.44,38.22,10,4,0,0.0,1.00,1.00,1.00,3.71,4.79,4.79,20.3,2.000,0.796,4.79
128000,1604,14,32.3,0.0,0.1,0.0,16.1,0.0,1.00,0.7,5,348,21.48,12.37,0,0,14,0.0,1.00,1.00,1.00,3.29,4.07,4.00,46.2,2.000,0.827,4.21
128000,1621,8,32.0,0.0,0.0,0.0,16.0,0.0,1.00,0.0,1,1071,63.24,55.02,0,2,6,0.0,1.00,1.00,1.00,3.38,4.00,4.00,41.6,2.000,0.875,4.00
128000,1656,7,32.0,0.0,0.0,0.0,16.0,0.0,1.00,0.0,1,971,58.56,38.70,7,0,0,0.0,1.00,1.00,1.00,3.14,4.00,4.00,8.3,2.000,0.923,4.00
128000,1448,7,27.4,0.0,0.0,0.0,13.7,0.0,1.00,1.1,3,1113,156.85,120.72,0,7,0,0.0,1.00,1.00,1.00,3.43,3.71,3.71,35.4,2.000,0.646,4.00
129000,1593,654,34.7,0.0,7.5,0.0,9.9,0.0,1.00,0.4,147,974,51.73,40.66,200,198,256,0.0,1.00,1.00,1.00,3.57,4.16,4.16,33.2,2.000,0.891,4.27
129000,1712,169,68.4,0.0,13.1,0.0,21.1,0.0,1.00,0.4,62,861,65.48,38.18,73,62,34,0.0,1.00,1.00,1.00,5.55,5.88,5.94,27.2,2.000,0.818,6.00
129000,1457,158,31.9,0.0,5.7,0.0,10.2,0.0,1.00,0.3,43,878,43.14,28.74,23,75,60,0.0,1.00,1.00,1.00,3.51,3.99,4.04,36.5,2.000,0.867,4.10
129000,1763,144,31.2,0.0,7.2,0.0,8.4,0.0,1.00,0.6,41,917,42.85,30.72,36,50,58,0.0,1.00,1.00,1.00,3.49,3.96,3.96,34.7,2.000,0.693,4.10
129000,1755,124,33.4,0.0,7.2,0.0,9.5,0.0,1.00,0.4,32,1171,54.65,44.28,65,40,19,0.0,1.00,1.00,1.00,3.55,4.06,4.08,25.6,2.000,0.820,4.18
129000,1677,72,30.6,0.0,6.2,0.0,9.1,0.0,1.00,0.5,21,1104,60.14,45.30,11,9,52,0.0,1.00,1.00,1.00,3.54,3.90,3.92,42.4,2.000,0.936,4.04
129000,1545,72,31.5,0.0,1.3,0.0,14.5,0.0,1.00,0.2,18,719,37.41,23.61,32,30,10,0.0,1.00,1.00,1.00,3.36,3.97,4.00,25.0,2.000,0.688,4.04
129000,1811,63,32.9,0.0,2.3,0.0,14.1,0.0,1.00,0.2,22,1199,69.33,40.76,0,23,40,0.0,1.00,1.00,1.00,3.40,4.08,4.10,42.0,2.000,0.617,4.13
129000,1783,62,31.2,0.0,6.5,0.0,9.1,0.0,1.00,0.2,20,902,42.66,30.56,38,18,6,0.0,1.00,1.00,1.00,3.40,3.94,3.97,24.8,2.000,0.839,4.00
129000,1659,38,44.6,0.0,8.9,0.0,13.4,0.0,1.00,0.8,18,780,43.78,38.89,9,23,6,0.0,1.00,1.00,1.00,3.89,4.84,5.00,29.4,2.000,0.900,5.00
129000,1717,25,29.7,0.0,2.5,0.0,12.3,0.0,1.00,0.9,8,1333,63.47,39.68,2,7,16,0.0,1.00,1.00,1.00,3.24,3.76,3.80,42.1,2.000,0.075,4.00
129000,1657,25,33.4,0.0,0.0,0.0,16.7,0.0,1.00,0.0,2,927,56.96,35.47,20,5,0,0.0,1.00,1.00,1.00,3.28,4.08,4.08,14.4,2.000,0.421,4.08
129000,1764,16,30.5,0.0,0.0,0.0,15.2,0.0,1.00,0.8,2,1251,70.67,29.27,5,5,6,0.0,1.00,1.00,1.00,3.06,3.88,3.88,31.9,2.000,0.544,4.06
129000,1771,16,28.4,0.0,0.0,0.0,14.2,0.0,1.00,0.8,5,917,68.51,74.65,8,3,5,0.0,1.00,1.00,1.00,3.31,3.69,3.94,32.5,2.000,0.791,4.00
129000,1604,15,37.3,0.0,1.0,0.0,17.7,0.0,1.00,0.0,5,593,38.85,29.29,0,0,15,0.0,1.00,1.00,1.00,4.00,4.27,4.27,46.2,2.000,0.802,4.27
129000,1781,14,30.1,0.0,0.0,0.0,15.1,0.0,1.00,0.6,2,797,44.25,23.66,2,12,0,0.0,1.00,1.00,1.00,2.93,3.86,3.86,31.5,2.000,0.668,4.00
129000,1719,10,31.2,0.0,0.0,0.0,15.6,0.0,1.00,0.0,2,1580,83.85,51.83,9,1,0,0.0,1.00,1.00,1.00,3.00,4.00,4.00,14.7,2.000,0.476,4.00
129000,1107,10,38.0,0.0,5.4,0.0,13.6,0.0,1.00,0.0,4,1344,49.01,43.35,4,5,1,0.0,1.00,1.00,1.00,3.90,4.50,4.50,23.9,2.000,0.908,4.50
129000,1656,9,36.0,0.0,0.7,0.0,17.3,0.0,1.00,0.0,3,950,50.79,38.71,8,0,1,0.0,1.00,1.00,1.00,3.33,4.22,4.22,14.4,2.000,0.880,4.22
129000,1448,7,32.0,0.0,0.0,0.0,16.0,0.0,1.00,0.0,1,1720,199.45,175.67,0,7,0,0.0,1.00,1.00,1.00,2.57,4.00,4.00,35.0,2.000,0.649,4.00
129000,1785,7,41.1,0.0,9.0,0.0,11.6,0.0,1.00,1.7,6,1106,56.76,37.44,0,5,2,0.0,1.00,1.00,1.00,3.71,4.29,4.57,35.7,2.000,0.757,4.86
130000,1593,608,34.2,0.0,7.5,0.0,9.6,0.0,1.00,0.4,114,1047,55.02,46.13,182,206,220,0.0,1.00,1.00,1.00,3.56,4.11,4.16,32.7,2.000,0.886,4.24
130000,1712,170,66.5,0.0,12.5,0.0,20.8,0.0,1.00,0.9,64,910,65.23,38.80,71,65,34,0.0,1.00,1.00,1.00,5.47,5.68,5.81,26.2,2.000,0.829,5.98
130000,1763,168,32.0,0.0,7.1,0.0,8.9,0.0,1.00,0.2,43,1010,44.89,29.52,69,44,55,0.0,1.00,1.00,1.00,3.55,4.01,4.04,30.7,2.000,0.710,4.08
130000,1457,116,31.9,0.0,6.7,0.0,9.2,0.0,1.00,0.2,34,1191,54.17,36.39,25,39,52,0.0,1.00,1.00,1.00,3.28,4.00,3.99,36.1,2.000,0.875,4.05
130000,1755,77,30.6,0.0,6.3,0.0,9.0,0.0,1.00,0.5,25,1032,50.51,39.05,43,30,4,0.0,1.00,1.00,1.00,3.52,3.94,3.96,24.1,2.000,0.830,4.06
130000,1783,75,32.8,0.0,6.3,0.0,10.1,0.0,1.00,0.1,21,923,44.14,33.02,39,21,15,0.0,1.00,1.00,1.00,3.51,4.05,4.09,26.9,2.000,0.807,4.09
130000,1677,67,29.6,0.0,6.5,0.0,8.3,0.0,1.00,0.8,26,1119,60.99,51.02,7,11,49,0.0,1.00,1.00,1.00,3.60,3.85,3.84,41.8,2.000,0.931,4.03
130000,1545,61,29.0,0.0,1.5,0.0,12.9,0.0,1.00,0.9,20,702,38.88,18.50,27,31,3,0.0,1.00,1.00,1.00,3.10,3.90,3.84,26.1,2.000,0.622,4.03
130000,1659,36,42.5,0.0,10.8,0.0,10.5,0.0,1.00,0.8,14,895,52.88,42.01,11,22,3,0.0,1.00,1.00,1.00,3.67,4.56,4.81,30.8,2.000,0.900,4.89
130000,1811,33,33.9,0.0,1.3,0.0,15.6,0.0,1.00,0.7,13,1029,85.91,47.02,0,22,11,0.0,1.00,1.00,1.00,3.33,4.09,4.09,39.6,2.000,0.642,4.27
130000,1836,21,31.7,0.0,3.9,0.0,12.0,0.0,1.00,0.3,10,804,40.60,19.79,9,3,9,0.0,1.00,1.00,1.00,3.81,4.00,3.95,34.2,2.000,0.576,4.05
130000,1781,17,32.0,0.0,0.0,0.0,16.0,0.0,1.00,0.0,1,1188,65.08,41.19,0,16,1,0.0,1.00,1.00,1.00,3.47,4.00,4.00,35.6,2.000,0.673,4.00
130000,1771,16,29.8,0.0,0.1,0.0,14.8,0.0,1.00,0.6,4,1162,75.69,73.27,8,2,6,0.0,1.00,1.00,1.00,3.50,3.81,3.88,32.8,2.000,0.812,4.00
130000,1827,15,41.1,0.0,6.9,0.0,13.7,0.0,1.00,0.9,10,1054,83.28,36.60,0,3,12,0.0,1.00,1.00,1.00,3.47,4.53,4.47,42.8,2.000,0.846,4.73
130000,1657,12,32.0,0.0,0.0,0.0,16.0,0.0,1.00,0.0,1,1054,55.37,41.51,11,1,0,0.0,1.00,1.00,1.00,3.50,4.00,4.00,10.4,2.000,0.512,4.00
130000,1764,12,26.8,0.0,0.0,0.0,13.4,0.0,1.00,1.2,7,626,40.85,18.87,7,5,0,0.0,1.00,1.00,1.00,3.33,3.75,3.67,22.1,2.000,0.667,4.00
130000,1448,11,30.5,0.0,0.0,0.0,15.3,0.0,1.00,0.4,2,551,46.51,29.69,0,11,0,0.0,1.00,1.00,1.00,3.55,4.00,3.82,35.1,2.000,0.523,4.00
130000,1656,10,34.0,0.0,0.7,0.0,16.3,0.0,1.00,0.2,3,974,72.07,57.35,8,2,0,0.0,1.00,1.00,1.00,3.30,4.20,4.30,17.4,2.000,0.915,4.30
130000,1604,9,32.0,0.0,0.0,0.0,16.0,0.0,1.00,0.0,1,1674,105.31,80.49,0,2,7,0.0,1.00,1.00,1.00,3.33,4.00,4.00,43.4,2.000,0.808,4.00
130000,1785,9,50.0,0.0,16.0,0.0,9.0,0.0,1.00,0.0,2,1054,48.91,40.65,0,4,5,0.0,1.00,1.00,1.00,4.00,5.00,5.00,39.2,2.000,0.858,5.00
130000,1717,9,30.0,0.0,1.3,0.0,13.7,0.0,1.00,0.4,4,1216,77.52,44.49,4,4,1,0.0,1.00,1.00,1.00,2.78,3.78,4.00,27.0,2.000,0.072,4.00
130000,1719,7,23.4,0.0,0.0,0.0,11.7,0.0,1.00,1.7,4,586,34.71,24.97,6,1,0,0.0,1.00,1.00,1.00,2.29,3.14,4.00,10.8,2.000,0.557,4.00
130000,1828,6,28.7,0.0,4.2,0.0,10.2,0.0,1.00,1.0,3,1181,65.12,52.34,1,2,3,0.0,1.00,1.00,1.00,3.33,3.67,3.83,35.8,2.000,0.868,4.00
130000,1107,6,44.0,0.0,9.3,0.0,12.7,0.0,1.00,0.0,4,1458,45.42,54.57,0,6,0,0.0,1.00,1.00,1.00,4.00,4.67,4.67,32.5,2.000,0.925,4.67
130000,1839,6,37.3,0.0,0.0,0.0,18.7,0.0,1.00,2.3,3,700,63.76,65.87,0,5,1,0.0,1.00,1.00,1.00,3.50,4.33,4.17,39.5,2.000,0.430,4.83
131000,1593,502,33.7,0.0,7.2,0.0,9.6,0.0,1.00,0.4,103,1011,49.12,43.53,125,191,186,0.0,1.00,1.00,1.00,3.55,4.11,4.11,33.3,2.000,0.893,4.22
131000,1457,164,31.8,0.0,7.4,0.0,8.5,0.0,1.00,0.2,38,1182,49.40,38.33,73,52,39,0.0,1.00,1.00,1.00,3.48,3.98,4.00,27.8,2.000,0.835,4.04
131000,1712,144,69.2,0.0,13.4,0.0,21.2,0.0,1.00,0.9,60,875,64.14,42.95,83,32,29,0.0,1.00,1.00,1.00,5.65,5.88,5.87,21.8,2.000,0.849,6.08
131000,1763,140,33.2,0.0,7.4,0.0,9.2,0.0,1.00,0.2,37,1201,50.48,31.94,58,41,41,0.0,1.00,1.00,1.00,3.56,4.09,4.09,29.4,2.000,0.697,4.14
131000,1545,74,32.3,0.0,1.4,0.0,14.8,0.0,1.00,0.4,21,700,42.92,20.77,36,33,5,0.0,1.00,1.00,1.00,3.38,4.04,4.01,26.4,2.000,0.582,4.14
131000,1755,59,29.9,0.0,7.2,0.0,7.8,0.0,1.00,0.5,16,1057,46.76,38.32,22,32,5,0.0,1.00,1.00,1.00,3.63,3.90,3.90,28.1,2.000,0.812,4.02
131000,1677,43,33.7,0.0,6.4,0.0,10.4,0.0,1.00,0.1,14,1208,64.33,60.84,4,11,28,0.0,1.00,1.00,1.00,3.77,4.14,4.09,39.6,2.000,0.930,4.14
131000,1781,32,32.0,0.0,0.0,0.0,16.0,0.0,1.00,0.0,1,519,30.57,20.61,0,28,4,0.0,1.00,1.00,1.00,3.47,4.00,4.00,37.7,2.000,0.654,4.00
131000,1836,21,31.2,0.0,5.6,0.0,10.0,0.0,1.00,0.0,9,1028,49.38,32.65,9,4,8,0.0,1.00,1.00,1.00,3.71,4.00,4.00,33.4,2.000,0.566,4.00
131000,1659,19,44.7,0.0,12.2,0.0,10.2,0.0,1.00,0.4,7,874,43.89,32.57,1,15,3,0.0,1.00,1.00,1.00,3.89,4.63,4.84,33.8,2.000,0.873,4.84
131000,1811,17,36.8,0.0,2.9,0.0,15.5,0.0,1.00,0.1,8,892,57.70,31.96,0,13,4,0.0,1.00,1.00,1.00,3.53,4.24,4.29,38.0,2.000,0.713,4.29
131000,1717,16,34.5,0.0,0.8,0.0,16.4,0.0,1.00,0.0,4,510,24.69,19.62,0,1,15,0.0,1.00,1.00,1.00,3.44,4.12,4.12,41.8,2.000,0.200,4.12
131000,1827,13,43.2,0.0,9.2,0.0,12.5,0.0,1.00,0.0,11,1221,63.77,25.60,0,5,8,0.0,1.00,1.00,1.00,3.69,4.69,4.69,41.0,2.000,0.864,4.69
131000,1604,12,32.0,0.0,1.0,0.0,15.0,0.0,1.00,0.0,2,527,27.01,24.03,0,1,11,0.0,1.00,1.00,1.00,3.75,4.00,4.00,46.4,2.000,0.759,4.00
131000,1851,12,31.5,0.0,6.0,0.0,9.8,0.0,1.00,0.5,6,621,25.95,17.88,9,3,0,0.0,1.00,1.00,1.00,3.67,3.83,4.08,18.6,2.000,0.940,4.08
131000,1771,10,32.0,0.0,0.0,0.0,16.0,0.0,1.00,0.0,1,1385,71.98,34.32,4,1,5,0.0,1.00,1.00,1.00,3.20,4.00,4.00,33.0,2.000,0.809,4.00
131000,1847,10,72.0,0.0,12.0,0.0,24.0,0.0,1.00,0.4,5,366,24.75,29.52,0,8,2,0.0,1.00,1.00,1.00,5.10,5.80,6.00,35.3,2.000,0.562,6.00
131000,1448,9,32.0,0.0,0.0,0.0,16.0,0.0,1.00,0.0,1,749,59.74,39.37,2,4,3,0.0,1.00,1.00,1.00,3.78,4.00,4.00,32.1,2.000,0.532,4.00
131000,1764,8,27.0,0.0,0.0,0.0,13.5,0.0,1.00,1.2,4,799,58.74,40.20,2,6,0,0.0,1.00,1.00,1.00,3.25,3.88,3.75,26.0,2.000,0.732,4.12
131000,1839,7,30.3,0.0,0.0,0.0,15.1,0.0,1.00,1.1,4,910,69.39,61.34,0,1,6,0.0,1.00,1.00,1.00,3.71,4.00,3.71,43.2,2.000,0.303,4.14
131000,1656,6,37.3,0.0,0.0,0.0,18.7,0.0,1.00,0.0,3,1697,85.36,60.53,4,2,0,0.0,1.00,1.00,1.00,3.67,4.33,4.33,15.5,2.000,0.845,4.33
131000,1621,5,32.0,0.0,0.0,0.0,16.0,0.0,1.00,0.0,1,381,25.79,50.44,0,0,5,0.0,1.00,1.00,1.00,4.00,4.00,4.00,43.6,2.000,0.787,4.00
132000,1593,368,34.0,0.0,7.7,0.0,9.3,0.0,1.00,0.2,58,1070,46.61,41.77,133,123,112,0.0,1.00,1.00,1.00,3.53,4.13,4.14,30.2,2.000,0.913,4.20
132000,1763,134,32.9,0.0,7.1,0.0,9.4,0.0,1.00,0.4,29,1010,42.01,27.54,80,43,11,0.0,1.00,1.00,1.00,3.43,4.04,4.07,23.1,2.000,0.669,4.15
132000,1712,129,69.1,0.0,15.2,0.0,19.3,0.0,1.00,0.4,46,962,65.20,49.55,72,35,22,0.0,1.00,1.00,1.00,5.71,5.90,5.97,23.1,2.000,0.841,6.02
132000,1457,81,32.2,0.0,5.1,0.0,11.0,0.0,1.00,0.9,23,1019,43.38,30.28,38,24,19,0.0,1.00,1.00,1.00,3.27,3.96,3.96,27.1,2.000,0.849,4.19
132000,1862,45,30.8,0.0,6.1,0.0,9.3,0.0,1.00,0.6,20,1117,47.58,32.07,20,14,11,0.0,1.00,1.00,1.00,3.20,3.91,3.93,28.8,2.000,0.681,4.07
132000,1755,38,30.5,0.0,8.1,0.0,7.2,0.0,1.00,0.7,15,1046,44.86,40.56,15,20,3,0.0,1.00,1.00,1.00,2.87,3.95,3.97,26.8,2.000,0.818,4.13
132000,1545,35,31.7,0.0,1.9,0.0,13.9,0.0,1.00,0.2,9,1451,71.32,25.55,9,21,5,0.0,1.00,1.00,1.00,3.49,4.03,3.94,31.9,2.000,0.585,4.03
132000,1879,31,31.2,0.0,2.4,0.0,13.2,0.0,1.00,0.8,10,605,35.09,23.50,24,6,1,0.0,1.00,1.00,1.00,3.68,4.06,3.94,21.3,2.000,0.881,4.19
132000,1677,24,31.9,0.0,4.8,0.0,11.2,0.0,1.00,0.0,11,1421,62.41,57.12,1,3,20,0.0,1.00,1.00,1.00,3.58,4.00,4.00,43.6,2.000,0.924,4.00
132000,1771,24,31.5,0.0,0.0,0.0,15.8,0.0,1.00,0.1,3,594,36.48,19.93,23,0,1,0.0,1.00,1.00,1.00,3.25,3.96,4.00,8.1,2.000,0.791,4.00
132000,1781,20,29.4,0.0,0.0,0.0,14.7,0.0,1.00,0.7,4,640,35.52,21.68,3,15,2,0.0,1.00,1.00,1.00,3.60,3.90,3.75,34.1,2.000,0.610,4.00
132000,1864,17,31.8,0.0,3.5,0.0,12.4,0.0,1.00,0.0,4,902,47.90,34.49,11,5,1,0.0,1.00,1.00,1.00,3.65,4.00,4.00,19.2,2.000,0.894,4.00
132000,1717,17,31.6,0.0,0.0,0.0,15.8,0.0,1.00,0.0,2,585,24.31,21.29,0,3,14,0.0,1.00,1.00,1.00,3.59,4.00,4.00,43.2,2.000,0.153,4.00
132000,1869,14,33.3,0.0,7.4,0.0,9.3,0.0,1.00,0.0,7,1875,78.98,37.93,9,4,1,0.0,1.00,1.00,1.00,3.29,4.07,4.07,21.9,2.000,0.834,4.07
132000,1659,14,48.7,0.0,11.4,0.0,12.9,0.0,1.00,0.0,6,1306,75.18,46.24,5,6,3,0.0,1.00,1.00,1.00,4.00,4.93,4.93,29.9,2.000,0.896,4.93
132000,1827,11,40.2,0.0,10.7,0.0,9.4,0.0,1.00,2.0,8,1466,91.52,38.16,0,6,5,0.0,1.00,1.00,1.00,3.45,4.18,4.45,41.5,2.000,0.829,4.82
132000,1863,11,50.0,0.0,9.0,0.0,16.0,0.0,1.00,0.0,6,958,58.92,46.12,8,3,0,0.0,1.00,1.00,1.00,4.00,5.00,5.00,21.7,2.000,0.943,5.00
132000,1836,10,33.4,0.0,5.9,0.0,10.8,0.0,1.00,0.0,7,1697,79.67,35.88,2,3,5,0.0,1.00,1.00,1.00,3.60,4.10,4.10,40.1,2.000,0.551,4.10
132000,1621,10,27.2,0.0,0.0,0.0,13.6,0.0,1.00,0.8,4,553,30.69,36.19,0,1,9,0.0,1.00,1.00,1.00,3.70,3.80,3.80,42.6,2.000,0.797,4.00
132000,1811,8,30.0,0.0,4.2,0.0,10.8,0.0,1.00,0.8,6,1118,58.27,34.07,0,6,2,0.0,1.00,1.00,1.00,3.38,4.00,3.88,37.4,2.000,0.722,4.12
132000,1604,8,34.2,0.0,1.5,0.0,15.6,0.0,1.00,0.0,3,810,37.66,42.91,0,0,8,0.0,1.00,1.00,1.00,3.50,4.12,4.12,49.4,2.000,0.727,4.12
132000,1847,7,40.6,0.0,0.0,0.0,20.3,0.0,1.00,0.9,3,300,20.94,6.55,1,6,0,0.0,1.00,1.00,1.00,3.14,4.29,4.71,26.1,2.000,0.705,4.71
132000,1448,5,26.8,0.0,0.0,0.0,13.4,0.0,1.00,1.6,2,1621,113.31,87.95,1,1,3,0.0,1.00,1.00,1.00,2.80,3.80,3.40,35.5,2.000,0.539,4.00
133000,1593,259,33.6,0.0,7.8,0.0,9.0,0.0,1.00,0.3,53,1091,43.56,36.51,110,85,64,0.0,1.00,1.00,1.00,3.54,4.12,4.15,29.2,2.000,0.914,4.19
133000,1763,143,32.1,0.0,7.5,0.0,8.5,0.0,1.00,0.5,34,933,36.99,19.75,100,27,16,0.0,1.00,1.00,1.00,3.47,3.99,3.99,20.8,2.000,0.686,4.12
133000,1712,81,68.8,0.0,15.1,0.0,19.3,0.0,1.00,0.6,36,1098,77.19,55.32,61,11,9,0.0,1.00,1.00,1.00,5.33,5.98,5.96,19.8,2.000,0.842,6.09
133000,1457,51,28.5,0.0,5.0,0.0,9.3,0.0,1.00,1.3,19,982,43.90,31.34,38,7,6,0.0,1.00,1.00,1.00,3.14,3.78,3.67,20.2,2.000,0.799,4.04
133000,1887,41,32.3,0.0,1.6,0.0,14.5,0.0,1.00,0.0,9,976,48.07,20.69,25,6,10,0.0,1.00,1.00,1.00,3.71,4.02,4.02,27.9,2.000,0.512,4.02
133000,1862,38,31.6,0.0,7.5,0.0,8.3,0.0,1.00,0.2,11,988,40.19,30.82,20,11,7,0.0,1.00,1.00,1.00,3.61,3.97,4.05,25.6,2.000,0.638,4.05
133000,1771,29,31.4,0.0,0.0,0.0,15.7,0.0,1.00,0.1,5,697,54.92,24.02,29,0,0,0.0,1.00,1.00,1.00,3.41,3.97,4.00,6.6,2.000,0.793,4.00
133000,1755,23,32.7,0.0,6.0,0.0,10.3,0.0,1.00,0.3,8,1262,51.44,36.34,11,8,4,0.0,1.00,1.00,1.00,3.52,4.04,4.00,29.3,2.000,0.835,4.09
133000,1545,21,31.9,0.0,2.1,0.0,13.8,0.0,1.00,0.0,8,1316,57.79,15.00,15,2,4,0.0,1.00,1.00,1.00,3.62,4.00,4.00,23.0,2.000,0.595,4.00
133000,1864,17,29.9,0.0,3.8,0.0,11.1,0.0,1.00,0.7,12,971,49.05,25.23,11,3,3,0.0,1.00,1.00,1.00,3.29,3.88,3.88,25.5,2.000,0.832,4.06
133000,1836,13,29.5,0.0,5.2,0.0,9.5,0.0,1.00,0.8,8,950,42.53,18.84,8,3,2,0.0,1.00,1.00,1.00,2.92,3.77,3.85,25.4,2.000,0.536,4.00
133000,1869,11,30.2,0.0,6.1,0.0,9.0,0.0,1.00,0.4,5,1203,56.65,24.38,9,1,1,0.0,1.00,1.00,1.00,3.18,3.82,4.00,17.9,2.000,0.825,4.00
133000,1863,10,43.6,0.0,7.0,0.0,14.8,0.0,1.00,0.6,8,966,43.41,17.00,7,3,0,0.0,1.00,1.00,1.00,3.90,4.90,4.60,19.4,2.000,0.952,4.90
133000,1781,10,29.4,0.0,0.0,0.0,14.7,0.0,1.00,0.8,2,1576,70.29,33.46,0,4,6,0.0,1.00,1.00,1.00,3.20,3.80,3.80,41.1,2.000,0.623,4.00
133000,1879,10,24.6,0.0,3.1,0.0,9.2,0.0,1.00,2.0,6,446,35.13,33.52,10,0,0,0.0,1.00,1.00,1.00,2.60,3.80,3.70,17.6,2.000,0.757,4.10
133000,1717,9,26.0,0.0,0.0,0.0,13.0,0.0,1.00,2.0,3,1292,50.51,27.31,0,1,8,0.0,1.00,1.00,1.00,2.56,3.33,3.67,44.8,2.000,0.136,4.00
133000,1811,9,31.6,0.0,4.7,0.0,11.1,0.0,1.00,0.4,6,890,35.69,15.24,0,2,7,0.0,1.00,1.00,1.00,3.56,4.00,4.00,44.6,2.000,0.707,4.11
133000,1892,9,32.0,0.0,8.2,0.0,7.8,0.0,1.00,0.0,2,1178,78.87,68.60,9,0,0,0.0,1.00,1.00,1.00,3.78,4.00,4.00,14.5,2.000,0.984,4.00
133000,1659,7,50.0,0.0,11.3,0.0,13.7,0.0,1.00,0.0,3,2123,113.79,53.90,1,3,3,0.0,1.00,1.00,1.00,4.00,5.00,5.00,38.9,2.000,0.888,5.00
134000,1763,141,32.3,0.0,7.3,0.0,8.8,0.0,1.00,0.3,33,1110,45.94,24.29,104,25,12,0.0,1.00,1.00,1.00,3.45,4.05,4.02,19.4,2.000,0.695,4.10
134000,1593,140,33.1,0.0,7.3,0.0,9.2,0.0,1.00,0.2,31,1228,47.13,35.28,83,27,30,0.0,1.00,1.00,1.00,3.53,4.06,4.11,25.4,2.000,0.909,4.13
134000,1712,59,60.3,0.0,12.2,0.0,17.9,0.0,1.00,0.9,26,1029,81.11,49.41,46,8,5,0.0,1.00,1.00,1.00,5.49,5.46,5.46,15.9,2.000,0.849,5.69
134000,1862,47,29.1,0.0,7.2,0.0,7.4,0.0,1.00,0.5,18,901,34.59,28.96,36,6,5,0.0,1.00,1.00,1.00,3.45,3.89,3.96,18.6,2.000,0.645,4.04
134000,1457,34,32.9,0.0,4.1,0.0,12.4,0.0,1.00,0.1,9,881,39.68,37.48,26,4,4,0.0,1.00,1.00,1.00,3.65,4.09,4.06,19.4,2.000,0.810,4.09
134000,1771,32,30.7,0.0,0.4,0.0,14.9,0.0,1.00,0.3,5,886,51.01,22.06,24,4,4,0.0,1.00,1.00,1.00,3.50,3.97,3.88,17.6,2.000,0.791,4.00
134000,1887,22,32.7,0.0,2.2,0.0,14.1,0.0,1.00,0.0,4,782,37.46,20.67,12,5,5,0.0,1.00,1.00,1.00,3.55,4.05,4.05,24.9,2.000,0.557,4.05
134000,1914,16,31.5,0.0,0.0,0.0,15.8,0.0,1.00,0.1,2,1074,45.51,18.22,9,2,5,0.0,1.00,1.00,1.00,3.62,3.94,4.00,28.1,2.000,0.771,4.00
134000,1545,16,26.9,0.0,3.8,0.0,9.7,0.0,1.00,2.0,10,508,17.10,12.90,6,9,1,0.0,1.00,1.00,1.00,3.31,3.69,3.69,26.0,2.000,0.628,4.19
134000,1892,8,30.0,0.0,6.6,0.0,8.4,0.0,1.00,0.5,4,1209,59.51,72.96,7,0,1,0.0,1.00,1.00,1.00,3.38,3.88,3.88,20.7,2.000,0.985,4.00
134000,1755,8,31.0,0.0,6.2,0.0,9.2,0.0,1.00,0.2,4,1619,56.93,33.01,1,4,3,0.0,1.00,1.00,1.00,3.75,3.88,4.00,36.7,2.000,0.854,4.00
134000,1864,7,29.7,0.0,3.1,0.0,11.7,0.0,1.00,0.3,5,837,41.20,21.66,4,2,1,0.0,1.00,1.00,1.00,3.14,4.00,3.86,25.3,2.000,0.901,4.00
134000,1919,6,32.0,0.0,0.0,0.0,16.0,0.0,1.00,0.0,1,1716,82.14,42.78,4,1,1,0.0,1.00,1.00,1.00,3.33,4.00,4.00,21.0,2.000,0.798,4.00
134000,1863,5,36.4,0.0,1.6,0.0,16.6,0.0,1.00,4.4,4,593,37.47,16.55,5,0,0,0.0,1.00,1.00,1.00,3.00,4.60,4.00,16.0,2.000,0.954,5.40
135000,1763,156,31.9,0.0,7.2,0.0,8.7,0.0,1.00,0.6,35,1053,46.11,23.46,123,19,14,0.0,1.00,1.00,1.00,3.43,3.97,3.99,19.2,2.000,0.693,4.12
135000,1593,69,33.8,0.0,7.4,0.0,9.5,0.0,1.00,0.4,24,942,41.16,35.54,59,9,1,0.0,1.00,1.00,1.00,3.58,4.13,4.09,14.2,2.000,0.908,4.22
135000,1712,62,68.7,0.0,15.7,0.0,18.6,0.0,1.00,0.6,29,939,71.66,38.38,50,11,1,0.0,1.00,1.00,1.00,5.63,5.82,5.84,15.8,2.000,0.837,5.95
135000,1862,41,30.7,0.0,8.5,0.0,6.8,0.0,1.00,0.2,13,885,34.34,27.40,35,6,0,0.0,1.00,1.00,1.00,3.59,4.00,3.93,13.6,2.000,0.666,4.02
135000,1771,27,28.3,0.0,0.0,0.0,14.1,0.0,1.00,1.0,7,750,39.35,16.35,23,2,2,0.0,1.00,1.00,1.00,3.26,3.78,3.74,16.5,2.000,0.761,4.00
135000,1914,19,28.4,0.0,0.0,0.0,14.2,0.0,1.00,0.5,8,826,42.21,14.70,16,3,0,0.0,1.00,1.00,1.00,3.53,3.89,3.84,16.6,2.000,0.749,4.00
135000,1457,14,31.3,0.0,5.4,0.0,10.3,0.0,1.00,0.0,4,1651,81.32,64.05,12,2,0,0.0,1.00,1.00,1.00,3.36,4.07,4.07,14.3,2.000,0.824,4.07
135000,1887,11,32.0,0.0,4.7,0.0,11.3,0.0,1.00,0.0,4,1964,79.97,36.44,7,2,2,0.0,1.00,1.00,1.00,3.82,4.00,4.00,21.6,2.000,0.577,4.00
135000,1892,7,32.0,0.0,8.0,0.0,8.0,0.0,1.00,0.0,1,1343,58.90,80.60,5,0,2,0.0,1.00,1.00,1.00,3.43,4.00,4.00,24.7,2.000,0.983,4.00
135000,1919,6,35.0,0.0,0.0,0.0,17.5,0.0,1.00,0.0,2,1771,91.25,40.63,4,1,1,0.0,1.00,1.00,1.00,3.33,4.17,4.17,21.4,2.000,0.803,4.17
135000,1836,6,35.0,0.0,7.8,0.0,9.7,0.0,1.00,0.0,3,1481,62.74,31.68,4,2,0,0.0,1.00,1.00,1.00,3.67,4.17,4.17,18.5,2.000,0.561,4.17
136000,1763,104,30.5,0.0,7.4,0.0,7.8,0.0,1.00,0.4,30,1162,52.80,25.94,70,24,10,0.0,1.00,1.00,1.00,3.34,3.93,3.91,20.7,2.000,0.701,4.03
136000,1593,74,34.6,0.0,7.8,0.0,9.5,0.0,1.00,0.1,19,1016,42.73,32.59,50,16,8,0.0,1.00,1.00,1.00,3.77,4.15,4.19,19.6,2.000,0.910,4.20
136000,1862,49,31.7,0.0,8.8,0.0,7.1,0.0,1.00,0.1,15,946,42.48,24.20,35,10,4,0.0,1.00,1.00,1.00,3.45,3.98,4.00,20.1,2.000,0.661,4.02
136000,1712,46,68.6,0.0,16.1,0.0,18.2,0.0,1.00,1.2,20,1338,87.93,47.38,38,5,3,0.0,1.00,1.00,1.00,6.09,5.83,5.93,17.1,2.000,0.832,6.13
136000,1914,32,29.2,0.0,0.0,0.0,14.6,0.0,1.00,0.6,7,770,43.23,13.21,24,8,0,0.0,1.00,1.00,1.00,3.22,3.78,3.91,18.0,2.000,0.764,4.00
136000,1939,21,33.2,0.0,6.8,0.0,9.8,0.0,1.00,0.1,11,649,31.44,21.61,13,4,4,0.0,1.00,1.00,1.00,3.81,4.10,4.05,25.1,2.000,0.832,4.10
136000,1771,20,31.3,0.0,0.0,0.0,15.6,0.0,1.00,0.1,2,565,31.95,6.56,18,2,0,0.0,1.00,1.00,1.00,3.45,4.00,3.95,17.2,2.000,0.812,4.00
136000,1940,17,27.5,0.0,1.3,0.0,12.5,0.0,1.00,1.3,7,458,29.26,7.77,12,5,0,0.0,1.00,1.00,1.00,3.59,3.71,3.65,21.7,2.000,0.628,4.00
136000,1836,7,26.0,0.0,5.7,0.0,7.3,0.0,1.00,2.0,5,712,33.01,12.13,7,0,0,0.0,1.00,1.00,1.00,2.71,4.00,3.29,10.0,2.000,0.606,4.14
136000,1943,6,30.0,0.0,1.0,0.0,14.0,0.0,1.00,0.0,3,1573,66.39,25.62,5,1,0,0.0,1.00,1.00,1.00,2.67,4.00,4.00,12.6,2.000,0.878,4.00
136000,1545,6,32.0,0.0,7.2,0.0,8.8,0.0,1.00,0.0,4,552,24.76,14.09,6,0,0,0.0,1.00,1.00,1.00,3.67,4.00,4.00,11.5,2.000,0.626,4.00
136000,1457,6,27.3,0.0,5.5,0.0,8.2,0.0,1.00,1.7,5,990,35.78,23.32,5,1,0,0.0,1.00,1.00,1.00,2.50,3.50,4.00,12.7,2.000,0.827,4.17
136000,1919,6,32.0,0.0,0.0,0.0,16.0,0.0,1.00,0.0,1,663,27.97,6.16,6,0,0,0.0,1.00,1.00,1.00,2.50,4.00,4.00,16.6,2.000,0.774,4.00
136000,1887,5,32.0,0.0,9.0,0.0,7.0,0.0,1.00,0.0,3,1673,68.32,41.53,3,2,0,0.0,1.00,1.00,1.00,3.20,4.00,4.00,16.5,2.000,0.580,4.00
136000,1892,5,32.0,0.0,8.0,0.0,8.0,0.0,1.00,0.0,1,857,29.87,29.98,5,0,0,0.0,1.00,1.00,1.00,3.60,4.00,4.00,15.6,2.000,0.983,4.00
136000,1879,5,32.0,0.0,0.4,0.0,15.6,0.0,1.00,0.0,2,402,18.64,11.56,5,0,0,0.0,1.00,1.00,1.00,3.60,4.00,4.00,9.3,2.000,0.843,4.00
137000,1763,151,32.1,0.0,7.4,0.0,8.6,0.0,1.00,0.3,37,1042,49.96,18.70,78,39,34,0.0,1.00,1.00,1.00,3.49,4.01,3.99,26.5,2.000,0.723,4.09
137000,1914,93,30.2,0.0,0.1,0.0,15.1,0.0,1.00,0.4,12,647,38.10,8.83,68,14,11,0.0,1.00,1.00,1.00,3.42,3.91,3.87,20.7,2.000,0.766,4.00
137000,1593,74,31.4,0.0,6.8,0.0,8.9,0.0,1.00,0.4,27,893,41.10,26.00,52,13,9,0.0,1.00,1.00,1.00,3.64,4.04,3.99,19.8,2.000,0.899,4.09
137000,1862,66,31.8,0.0,8.7,0.0,7.2,0.0,1.00,0.2,19,882,40.56,15.34,42,17,7,0.0,1.00,1.00,1.00,3.70,3.98,3.98,22.1,2.000,0.656,4.05
137000,1712,50,63.2,0.0,13.0,0.0,18.6,0.0,1.00,1.8,26,1079,73.60,37.65,35,13,2,0.0,1.00,1.00,1.00,5.16,5.86,5.58,18.6,2.000,0.823,6.12
137000,1939,49,33.9,0.0,4.8,0.0,12.2,0.0,1.00,0.6,21,606,34.07,12.64,31,12,6,0.0,1.00,1.00,1.00,3.69,4.16,4.24,24.8,2.000,0.818,4.35
137000,1771,45,31.8,0.0,0.0,0.0,15.9,0.0,1.00,0.0,2,718,40.61,8.26,29,5,11,0.0,1.00,1.00,1.00,3.22,4.00,3.98,23.9,2.000,0.824,4.00
137000,1940,29,32.5,0.0,2.1,0.0,14.2,0.0,1.00,0.0,9,668,37.85,12.63,9,13,7,0.0,1.00,1.00,1.00,3.72,4.07,4.07,29.6,2.000,0.640,4.07
137000,1887,12,31.3,0.0,9.0,0.0,6.7,0.0,1.00,0.0,5,775,31.39,15.14,7,4,1,0.0,1.00,1.00,1.00,3.50,4.00,4.00,20.3,2.000,0.594,4.00
137000,1892,10,30.2,0.0,6.9,0.0,8.2,0.0,1.00,0.0,5,634,23.28,12.07,9,0,1,0.0,1.00,1.00,1.00,3.40,4.00,4.00,16.2,2.000,0.980,4.00
137000,1943,6,28.0,0.0,0.0,0.0,14.0,0.0,1.00,1.0,2,1373,69.21,12.31,3,2,1,0.0,1.00,1.00,1.00,2.83,4.00,3.50,24.3,2.000,0.910,4.00
137000,1457,6,32.0,0.0,8.2,0.0,7.8,0.0,1.00,0.0,2,1249,51.27,25.28,3,1,2,0.0,1.00,1.00,1.00,2.50,4.00,4.00,25.9,2.000,0.872,4.00
138000,1763,201,33.7,0.0,7.6,0.0,9.3,0.0,1.00,0.2,50,911,45.30,16.36,89,69,43,0.0,1.00,1.00,1.00,3.49,4.09,4.12,28.2,2.000,0.703,4.17
138000,1914,144,30.1,0.0,0.1,0.0,15.0,0.0,1.00,0.6,20,897,51.13,8.66,82,35,27,0.0,1.00,1.00,1.00,3.31,3.92,3.85,24.9,2.000,0.746,4.03
138000,1862,120,31.6,0.0,8.3,0.0,7.5,0.0,1.00,0.5,34,829,39.12,15.33,58,27,35,0.0,1.00,1.00,1.00,3.40,3.97,3.97,28.8,2.000,0.655,4.10
138000,1771,93,30.0,0.0,0.4,0.0,14.7,0.0,1.00,0.5,19,817,46.03,10.76,45,15,33,0.0,1.00,1.00,1.00,3.46,3.86,3.91,27.9,2.000,0.787,4.00
138000,1593,77,33.5,0.0,8.3,0.0,8.4,0.0,1.00,0.1,19,805,39.26,21.04,55,13,9,0.0,1.00,1.00,1.00,3.57,4.13,4.13,20.4,2.000,0.897,4.16
138000,1712,60,59.1,0.0,10.4,0.0,19.1,0.0,1.00,1.6,27,688,55.06,25.21,28,28,4,0.0,1.00,1.00,1.00,5.02,5.35,5.53,23.3,2.000,0.838,5.85
138000,1939,42,30.4,0.0,5.8,0.0,9.4,0.0,1.00,1.5,17,1134,59.45,19.75,9,15,18,0.0,1.00,1.00,1.00,3.24,3.76,3.90,37.2,2.000,0.807,4.21
138000,1940,33,31.5,0.0,1.8,0.4,13.7,0.0,1.00,1.0,12,867,54.84,12.91,8,14,11,0.0,1.00,1.00,1.00,3.30,3.88,3.97,36.2,2.000,0.594,4.18
138000,1887,26,31.8,0.0,9.2,0.0,6.7,0.0,1.00,0.0,9,788,37.17,20.08,16,4,6,0.0,1.00,1.00,1.00,3.46,4.00,4.00,25.3,2.000,0.622,4.00
138000,1457,12,29.8,0.0,6.6,0.0,8.3,0.0,1.00,0.3,4,889,37.26,21.44,5,4,3,0.0,1.00,1.00,1.00,3.50,4.00,4.00,28.1,2.000,0.876,4.08
138000,1892,11,28.5,0.0,6.7,0.0,7.5,0.0,1.00,0.5,6,929,32.40,24.03,5,4,2,0.0,1.00,1.00,1.00,3.27,3.73,4.00,28.1,2.000,0.982,4.00
138000,1836,10,31.6,0.0,5.1,0.0,10.7,0.0,1.00,0.0,8,490,33.26,10.68,8,1,1,0.0,1.00,1.00,1.00,3.70,4.00,4.00,20.4,2.000,0.520,4.00
138000,1919,9,39.6,0.0,0.0,0.0,19.8,0.0,1.00,0.0,3,1102,48.73,8.53,1,5,3,0.0,1.00,1.00,1.00,3.89,4.44,4.44,38.3,2.000,0.760,4.44
139000,1763,441,33.5,0.0,6.4,0.0,10.4,0.0,1.00,0.3,91,855,45.11,17.81,173,143,125,0.0,1.00,1.00,1.00,3.58,4.10,4.11,29.4,2.000,0.719,4.17
139000,1914,192,30.5,0.0,0.0,0.0,15.2,0.0,1.00,0.4,22,1019,56.44,10.44,100,59,33,0.0,1.00,1.00,1.00,3.46,3.89,3.93,25.7,2.000,0.740,4.01
139000,1862,169,32.3,0.0,8.1,0.0,8.0,0.0,1.00,0.5,44,882,44.17,21.45,42,71,56,0.0,1.00,1.00,1.00,3.61,4.05,4.01,32.6,2.000,0.661,4.17
139000,1771,134,30.1,0.0,0.6,0.0,14.4,0.0,1.00,0.4,28,887,50.27,10.30,39,43,52,0.0,1.00,1.00,1.00,3.35,3.89,3.91,33.1,2.000,0.736,4.01
139000,1593,101,35.3,0.0,7.7,0.0,9.9,0.0,1.00,0.5,22,812,39.97,24.22,56,17,28,0.0,1.00,1.00,1.00,3.50,4.13,4.14,26.1,2.000,0.911,4.27
139000,1712,57,71.3,0.0,13.5,0.0,22.2,0.0,1.00,1.2,27,927,63.53,34.29,38,11,8,0.0,1.00,1.00,1.00,5.58,6.04,5.98,22.7,2.000,0.829,6.25
139000,1939,53,33.2,0.0,6.8,0.0,9.8,0.0,1.00,0.3,13,923,41.98,19.85,17,10,26,0.0,1.00,1.00,1.00,3.47,4.08,4.08,36.1,2.000,0.824,4.15
139000,1940,37,33.2,0.0,2.4,0.0,14.2,0.0,1.00,0.2,11,872,57.76,18.43,5,11,21,0.0,1.00,1.00,1.00,3.51,4.14,4.05,40.7,2.000,0.638,4.14
139000,1887,33,31.5,0.0,9.2,0.0,6.5,0.0,1.00,0.1,9,1207,49.87,23.11,15,10,8,0.0,1.00,1.00,1.00,3.18,4.00,3.94,28.2,2.000,0.596,4.00
139000,1836,16,28.2,0.0,7.0,0.0,7.1,0.0,1.00,1.2,8,617,35.24,16.56,8,8,0,0.0,1.00,1.00,1.00,3.38,3.75,3.75,23.4,2.000,0.625,4.06
139000,1960,14,31.4,0.0,4.4,0.0,11.4,0.0,1.00,0.4,11,797,38.28,20.46,5,7,2,0.0,1.00,1.00,1.00,3.21,4.00,3.93,29.0,2.000,0.916,4.07
139000,1892,13,32.0,0.0,9.2,0.0,6.8,0.0,1.00,0.0,4,728,25.03,24.75,11,2,0,0.0,1.00,1.00,1.00,3.54,4.00,4.00,16.9,2.000,0.974,4.00
139000,1919,13,32.0,0.0,0.0,0.0,16.0,0.0,1.00,0.0,1,550,26.53,4.44,0,5,8,0.0,1.00,1.00,1.00,3.69,4.00,4.00,42.6,2.000,0.811,4.00
139000,1545,11,26.0,0.0,3.3,0.0,9.7,0.0,1.00,1.6,9,386,21.17,13.99,1,3,7,0.0,1.00,1.00,1.00,3.00,3.82,3.36,37.8,2.000,0.597,4.00
139000,1457,10,32.0,0.0,8.6,0.0,7.4,0.0,1.00,0.0,2,1213,56.69,25.58,3,5,2,0.0,1.00,1.00,1.00,4.00,4.00,4.00,30.4,2.000,0.920,4.00
140000,1763,558,33.9,0.0,6.3,0.0,10.6,0.0,1.00,0.3,108,947,49.94,23.28,197,231,130,0.0,1.00,1.00,1.00,3.57,4.13,4.11,30.4,2.000,0.711,4.19
140000,1914,249,30.7,0.0,0.0,0.0,15.3,0.0,1.01,0.7,36,839,48.68,17.24,110,71,68,0.0,1.01,1.01,1.00,3.47,3.94,3.88,27.5,2.000,0.742,4.08
140000,1862,229,31.8,0.0,7.5,0.0,8.4,0.0,1.00,0.3,54,931,47.06,27.11,80,90,59,0.0,1.00,1.00,1.00,3.54,4.02,3.99,30.5,2.000,0.673,4.07
140000,1771,159,30.4,0.0,0.9,0.0,14.3,0.0,1.00,0.4,34,895,56.05,18.98,33,44,82,0.0,1.00,1.00,1.00,3.36,3.94,3.91,37.2,2.000,0.721,4.01
140000,1593,120,32.3,0.0,6.8,0.0,9.4,0.0,1.00,0.5,35,857,44.57,29.17,48,23,49,0.0,1.00,1.00,1.00,3.63,4.03,4.06,31.9,2.000,0.894,4.17
140000,1939,54,31.9,0.0,8.2,0.0,7.8,0.0,1.00,0.4,15,927,42.76,22.88,14,14,26,0.0,1.00,1.00,1.00,3.56,3.98,3.94,36.6,2.000,0.850,4.07
140000,1966,54,31.2,0.0,3.8,0.0,11.8,0.0,1.00,0.4,17,714,41.33,19.67,24,12,18,0.0,1.00,1.00,1.00,3.33,4.09,3.89,29.9,2.000,0.672,4.09
140000,1940,32,32.8,0.0,1.6,0.0,14.8,0.0,1.00,0.4,7,1158,60.89,21.40,4,17,11,0.0,1.00,1.00,1.00,3.41,4.00,4.00,36.0,2.000,0.674,4.09
140000,1712,30,88.5,0.0,19.6,0.0,24.7,0.0,1.00,0.2,11,1414,105.83,58.75,16,5,9,0.0,1.00,1.00,1.00,6.50,6.53,6.63,27.3,2.000,0.821,6.63
140000,1892,25,31.0,0.0,9.6,0.0,5.8,0.0,1.00,0.2,8,602,24.86,23.11,17,8,0,0.0,1.00,1.00,1.00,3.36,4.04,4.00,21.7,2.000,0.973,4.08
140000,1836,23,29.7,0.0,5.9,0.0,9.0,0.0,1.00,0.6,10,1032,52.14,24.94,12,10,1,0.0,1.00,1.00,1.00,3.65,3.87,3.83,25.0,2.000,0.618,4.00
140000,1887,22,32.6,0.0,8.6,0.0,7.7,0.0,1.00,0.0,7,1521,59.19,37.95,6,8,8,0.0,1.00,1.00,1.00,3.73,4.05,4.05,32.9,2.000,0.617,4.05
140000,1967,18,48.6,0.0,11.4,0.0,12.8,0.0,1.00,0.2,8,651,39.76,15.12,10,7,1,0.0,1.00,1.00,1.00,3.89,4.83,4.94,23.7,2.000,0.733,4.94
140000,1545,10,27.4,0.0,1.9,0.0,11.8,0.0,1.00,1.2,7,1045,59.27,61.13,0,2,8,0.0,1.00,1.00,1.00,2.80,3.80,3.60,42.6,2.000,0.580,4.00
140000,1969,9,29.3,0.0,0.0,0.0,14.7,0.0,1.00,0.2,4,999,55.35,18.38,1,6,2,0.0,1.00,1.00,1.00,2.89,4.00,3.89,31.4,2.000,0.582,4.00
140000,1953,9,49.3,0.0,5.2,0.0,19.4,0.0,1.00,0.0,4,923,52.65,18.34,9,0,0,0.0,1.00,1.00,1.00,4.00,5.00,5.00,16.2,2.000,0.869,5.00
140000,1457,8,29.5,0.0,5.1,0.0,9.6,0.0,1.00,0.8,4,1126,48.66,27.80,3,3,2,0.0,1.00,1.00,1.00,3.38,3.88,3.75,32.6,2.000,0.931,4.00
140000,1932,8,32.0,0.0,0.0,0.0,16.0,0.0,1.00,0.0,1,932,56.55,43.35,7,1,0,0.0,1.00,1.00,1.00,3.75,4.00,4.00,17.3,2.000,0.370,4.00
140000,1919,6,32.0,0.0,0.0,0.0,16.0,0.0,1.00,0.0,1,1729,103.51,15.57,0,1,5,0.0,1.00,1.00,1.00,3.67,4.00,4.00,42.0,2.000,0.815,4.00
140000,1960,5,27.2,0.0,4.0,0.0,9.6,0.0,1.00,1.2,3,1884,100.56,35.82,0,4,1,0.0,1.00,1.00,1.00,3.40,3.80,3.60,37.7,2.000,0.938,4.00
140000,1879,5,32.0,0.0,0.0,0.0,16.0,0.0,1.00,0.0,1,909,48.78,25.75,3,2,0,0.0,1.00,1.00,1.00,4.00,4.00,4.00,18.9,2.000,0.848,4.00
141000,1763,589,32.5,0.0,5.7,0.0,10.5,0.0,1.00,0.4,129,946,50.68,27.56,217,207,165,0.0,1.00,1.00,1.00,3.51,4.07,4.04,30.7,2.000,0.720,4.15
141000,1862,234,32.0,0.0,7.0,0.0,9.1,0.0,1.00,0.4,50,987,51.28,33.50,67,91,76,0.0,1.00,1.00,1.00,3.46,4.05,3.98,32.3,2.000,0.668,4.12
141000,1914,222,31.0,0.0,0.0,0.0,15.5,0.0,1.00,0.5,28,958,51.96,26.80,128,45,49,0.0,1.00,1.00,1.00,3.39,3.94,3.90,25.1,2.000,0.724,4.06
141000,1771,154,31.5,0.0,0.5,0.0,15.2,0.0,1.00,0.0,23,806,52.70,29.42,30,67,57,0.0,1.00,1.00,1.00,3.53,3.99,3.99,34.6,2.000,0.753,4.00
141000,1593,119,32.5,0.0,7.6,0.0,8.7,0.0,1.00,0.7,36,890,48.17,33.77,32,38,49,0.0,1.00,1.00,1.00,3.61,4.03,4.05,33.7,2.000,0.900,4.21
141000,1966,70,30.5,0.0,5.6,0.0,9.6,0.0,1.00,0.7,19,692,38.33,19.54,26,25,19,0.0,1.00,1.00,1.00,3.44,4.03,3.91,32.2,2.000,0.648,4.16
141000,1939,68,32.6,0.0,7.6,0.0,8.7,0.0,1.00,0.2,19,853,44.15,33.04,22,24,22,0.0,1.00,1.00,1.00,3.59,4.06,4.03,32.3,2.000,0.848,4.10
141000,1940,35,34.8,0.0,2.4,0.0,15.0,0.0,1.00,0.5,13,825,55.09,43.26,2,19,14,0.0,1.00,1.00,1.00,3.40,4.26,4.14,36.2,2.000,0.676,4.31
141000,1836,26,30.5,0.0,8.2,0.0,7.1,0.0,1.00,0.2,12,1027,42.30,27.50,14,8,4,0.0,1.00,1.00,1.00,3.12,3.96,3.92,24.9,2.000,0.639,4.00
141000,1712,25,78.7,0.0,14.8,0.0,24.5,0.0,1.00,1.4,11,1093,103.47,48.57,19,4,2,0.0,1.00,1.00,1.00,6.40,6.28,6.32,19.1,2.000,0.821,6.64
141000,1887,22,30.6,0.0,5.7,0.0,9.6,0.0,1.00,0.5,9,1086,50.49,35.48,5,10,7,0.0,1.00,1.00,1.00,3.27,3.86,3.95,33.6,2.000,0.575,4.05
141000,1967,22,39.4,0.0,8.8,0.0,10.9,0.0,1.00,0.4,10,812,63.51,32.63,5,17,0,0.0,1.00,1.00,1.00,3.86,4.45,4.45,31.1,2.000,0.766,4.55
141000,1892,22,32.0,0.0,8.6,0.0,7.4,0.0,1.00,0.0,3,1232,55.68,52.81,16,6,0,0.0,1.00,1.00,1.00,3.59,4.00,4.00,18.1,2.000,0.972,4.00
141000,1879,16,30.9,0.0,2.5,0.0,12.9,0.0,1.00,0.2,8,660,37.04,16.99,2,13,1,0.0,1.00,1.00,1.00,3.62,3.88,4.00,32.7,2.000,0.815,4.00
141000,1943,14,26.0,0.0,7.2,0.0,5.8,0.0,1.00,2.0,8,415,21.29,14.23,4,10,0,0.0,1.00,1.00,1.00,3.21,3.57,3.71,26.9,2.000,0.856,4.14
141000,1919,12,31.0,0.0,1.0,0.0,14.5,0.0,1.00,0.3,3,830,63.65,23.07,0,0,12,0.0,1.00,1.00,1.00,3.50,4.08,3.92,55.3,2.000,0.816,4.08
141000,1457,11,32.0,0.0,6.5,0.0,9.5,0.0,1.00,0.0,4,748,35.67,23.21,3,8,0,0.0,1.00,1.00,1.00,3.64,4.00,4.00,31.4,2.000,0.936,4.00
141000,1972,11,32.0,0.0,4.4,0.0,11.6,0.0,1.00,0.0,2,1708,88.11,25.87,7,4,0,0.0,1.00,1.00,1.00,3.27,4.00,4.00,23.4,2.000,0.396,4.00
141000,1545,11,31.5,0.0,4.8,0.0,10.9,0.0,1.00,0.0,6,1158,61.46,77.48,1,3,7,0.0,1.00,1.00,1.00,3.45,4.00,4.00,40.9,2.000,0.546,4.00
141000,1932,10,30.2,0.0,0.0,0.0,15.1,0.0,1.00,0.0,2,719,48.85,30.68,10,0,0,0.0,1.00,1.00,1.00,3.70,4.00,4.00,8.7,2.000,0.274,4.00
142000,1763,730,31.5,0.0,5.3,0.0,10.5,0.0,1.00,0.5,123,923,51.29,32.43,242,262,226,0.0,1.00,1.00,1.00,3.41,3.98,3.99,31.0,2.000,0.708,4.12
142000,1862,296,32.2,0.0,7.2,0.0,9.0,0.0,1.00,0.5,76,981,49.79,39.39,76,115,105,0.0,1.00,1.00,1.00,3.42,4.02,3.99,32.7,2.000,0.681,4.14
142000,1914,208,30.5,0.0,0.0,0.0,15.2,0.0,1.00,0.4,21,1168,65.74,33.69,118,52,38,0.0,1.00,1.00,1.00,3.32,3.92,3.88,24.1,2.000,0.738,4.01
142000,1593,175,33.5,0.0,5.8,0.0,11.0,0.0,1.00,0.4,37,876,45.12,36.13,37,52,86,0.0,1.00,1.00,1.00,3.59,4.05,4.14,37.4,2.000,0.866,4.19
142000,1771,135,29.7,0.0,0.8,0.0,14.1,0.0,1.00,0.5,27,999,63.30,38.59,44,24,67,0.0,1.00,1.00,1.00,3.33,3.86,3.87,34.3,2.000,0.729,4.00
142000,1966,76,31.4,0.0,6.8,0.0,8.9,0.0,1.00,0.2,19,928,51.85,31.95,30,26,20,0.0,1.00,1.00,1.00,3.55,4.03,3.96,30.9,2.000,0.655,4.04
142000,1939,66,33.4,0.0,7.8,0.0,8.9,0.0,1.00,0.4,24,1227,63.82,46.19,15,30,21,0.0,1.00,1.00,1.00,3.42,4.05,4.08,33.5,2.000,0.856,4.17
142000,1981,48,28.5,0.0,1.2,0.0,13.0,0.0,1.00,0.8,16,819,40.35,34.21,6,4,38,0.0,1.00,1.00,1.00,3.60,3.85,3.77,45.1,2.000,0.650,4.00
142000,1940,32,32.7,0.0,1.4,0.0,15.0,0.0,1.00,0.5,6,890,48.84,44.05,0,17,15,0.0,1.00,1.00,1.00,3.12,4.00,4.00,37.6,2.000,0.680,4.12
142000,1980,30,37.5,0.0,4.3,0.0,14.4,0.0,1.00,1.1,10,1165,83.00,44.61,4,14,12,0.0,1.00,1.00,1.00,3.80,4.17,4.30,33.7,2.000,0.922,4.50
142000,1712,29,83.2,0.0,16.8,0.0,24.8,0.0,1.00,0.8,12,896,72.97,39.68,20,9,0,0.0,1.00,1.00,1.00,6.10,6.48,6.72,16.6,2.000,0.819,6.72
142000,1967,24,45.7,0.0,12.5,0.1,10.3,0.0,1.00,0.2,5,1174,85.99,57.30,5,17,2,0.0,1.00,1.00,1.00,3.92,4.83,4.75,30.0,2.000,0.732,4.83
142000,1943,23,32.5,0.0,7.8,0.0,8.4,0.0,1.00,0.3,8,799,31.13,28.16,9,4,10,0.0,1.00,1.00,1.00,3.26,3.96,4.09,33.8,2.000,0.846,4.09
142000,1836,22,31.4,0.0,8.0,0.0,7.6,0.0,1.00,0.3,11,1430,64.38,36.15,11,7,4,0.0,1.00,1.00,1.00,3.73,3.91,4.05,24.6,2.000,0.637,4.05
142000,1892,22,32.5,0.0,8.6,0.0,7.6,0.0,1.00,0.0,4,1089,52.85,48.40,13,9,0,0.0,1.00,1.00,1.00,3.36,4.05,4.05,22.1,2.000,0.969,4.05
142000,1972,18,32.6,0.0,3.3,0.0,12.9,0.0,1.00,0.8,5,1239,70.05,20.29,11,7,0,0.0,1.00,1.00,1.00,3.33,4.00,3.94,24.3,2.000,0.529,4.17
142000,1887,17,32.6,0.0,3.6,0.0,12.7,0.0,1.00,0.1,7,1002,64.25,23.36,4,5,8,0.0,1.00,1.00,1.00,3.53,4.00,4.06,34.1,2.000,0.590,4.06
142000,1457,17,31.2,0.0,5.1,0.0,10.5,0.0,1.00,0.1,5,508,21.10,21.35,1,15,1,0.0,1.00,1.00,1.00,3.47,4.00,3.94,36.6,2.000,0.933,4.00
142000,1905,14,32.0,0.0,0.0,0.0,16.0,0.0,1.00,0.0,1,1041,86.75,117.04,13,1,0,0.0,1.00,1.00,1.00,2.64,4.00,4.00,22.5,2.000,0.652,4.00
142000,1545,8,19.5,0.0,0.0,0.0,9.8,0.0,1.00,3.5,7,771,57.35,32.96,0,2,6,0.0,1.00,1.00,1.00,3.00,2.75,3.75,42.9,2.000,0.116,4.12
142000,1977,7,32.0,0.0,0.9,0.0,15.1,0.0,1.00,0.0,2,1286,62.15,28.11,1,5,1,0.0,1.00,1.00,1.00,3.43,4.00,4.00,29.6,2.000,0.512,4.00
142000,1879,6,32.0,0.0,3.7,0.0,12.3,0.0,1.00,0.0,4,1124,89.26,39.18,0,5,1,0.0,1.00,1.00,1.00,3.33,4.00,4.00,35.5,2.000,0.793,4.00
143000,1763,832,32.5,0.0,6.2,0.0,10.0,0.0,1.00,0.3,136,1021,52.86,34.07,287,278,267,0.0,1.00,1.00,1.00,3.41,4.04,4.05,31.0,2.000,0.711,4.13
143000,1862,332,32.8,0.0,6.8,0.0,9.6,0.0,1.00,0.3,82,862,43.87,39.81,67,146,119,0.0,1.00,1.00,1.00,3.52,4.04,4.09,34.9,2.000,0.679,4.15
143000,1914,281,30.2,0.0,0.0,0.0,15.1,0.0,1.00,0.5,32,808,43.69,24.66,163,79,39,0.0,1.00,1.00,1.00,3.44,3.91,3.88,24.0,2.000,0.727,4.01
143000,1593,176,33.7,0.0,8.3,0.0,8.5,0.0,1.00,0.3,29,913,42.82,42.99,37,73,66,0.0,1.00,1.00,1.00,3.47,4.07,4.12,34.6,2.000,0.897,4.16
143000,1771,139,30.3,0.0,0.4,0.0,14.8,0.0,1.00,0.6,25,986,61.75,38.48,40,19,80,0.0,1.00,1.00,1.00,3.37,3.89,3.86,35.6,2.000,0.740,4.04
143000,1966,85,31.5,0.0,7.6,0.0,8.2,0.0,1.00,0.5,21,1055,51.13,33.94,23,23,39,0.0,1.00,1.00,1.00,3.29,4.05,3.94,34.4,2.000,0.641,4.12
143000,1939,73,34.1,0.0,7.6,0.0,9.4,0.0,1.00,0.3,26,982,46.42,32.63,21,30,22,0.0,1.00,1.00,1.00,3.56,4.12,4.14,34.4,2.000,0.824,4.21
143000,1940,39,29.8,0.0,1.7,0.0,13.2,0.0,1.00,0.8,18,864,67.87,49.52,10,21,8,0.0,1.00,1.00,1.00,3.56,3.95,3.87,33.1,2.000,0.628,4.10
143000,1981,33,31.3,0.0,1.5,0.0,14.2,0.0,1.00,0.1,10,1168,58.22,33.31,5,9,19,0.0,1.00,1.00,1.00,3.30,3.97,3.97,40.1,2.000,0.739,4.00
143000,1712,33,78.5,0.0,13.7,0.0,25.6,0.0,1.00,0.4,11,981,75.46,44.72,16,17,0,0.0,1.00,1.00,1.00,6.09,6.39,6.21,23.8,2.000,0.809,6.39
143000,1980,33,31.3,0.0,5.0,0.0,10.7,0.0,1.00,0.1,5,1055,52.71,39.75,7,20,6,0.0,1.00,1.00,1.00,3.67,4.00,3.94,33.2,2.000,0.907,4.00
143000,1967,27,39.0,0.0,9.1,0.0,10.4,0.0,1.00,0.2,10,827,59.03,33.68,5,17,5,0.0,1.00,1.00,1.00,3.52,4.48,4.44,30.1,2.000,0.795,4.52
143000,1836,24,31.4,0.0,7.2,0.0,8.5,0.0,1.00,0.0,9,1450,67.10,42.74,10,5,9,0.0,1.00,1.00,1.00,3.54,4.00,4.00,33.7,2.000,0.594,4.00
143000,1985,24,31.5,0.0,2.8,0.0,13.0,0.0,1.00,0.8,8,1127,82.24,55.52,0,8,16,0.0,1.00,1.00,1.00,3.58,4.00,3.92,42.9,2.000,0.735,4.17
143000,1892,21,31.9,0.0,7.5,0.0,8.5,0.0,1.00,0.0,6,984,45.04,36.04,11,9,1,0.0,1.00,1.00,1.00,3.62,4.00,4.00,22.2,2.000,0.977,4.00
143000,1977,18,31.1,0.0,0.9,0.0,14.7,0.0,1.00,0.2,4,424,23.38,12.68,1,4,13,0.0,1.00,1.00,1.00,3.22,4.00,3.89,37.1,2.000,0.455,4.00
143000,1457,17,28.6,0.0,6.3,0.0,8.0,0.0,1.00,0.9,8,1079,58.68,51.45,0,16,1,0.0,1.00,1.00,1.00,3.41,3.82,3.71,38.0,2.000,0.918,4.00
143000,1905,16,33.1,0.0,0.0,0.0,16.6,0.0,1.00,0.0,2,690,41.23,78.48,15,1,0,0.0,1.00,1.00,1.00,3.88,4.06,4.06,20.6,2.000,0.654,4.06
143000,1887,12,28.3,0.0,3.5,0.0,10.7,0.0,1.00,1.2,6,1412,86.54,36.17,4,4,4,0.0,1.00,1.00,1.00,3.08,3.75,3.67,29.9,2.000,0.600,4.00
143000,1879,7,31.1,0.0,2.6,0.0,13.0,0.0,1.00,0.0,2,1038,60.57,25.96,0,7,0,0.0,1.00,1.00,1.00,3.71,4.00,4.00,36.0,2.000,0.795,4.00
143000,1943,6,32.0,0.0,6.2,0.0,9.8,0.0,1.00,0.0,4,1275,71.13,46.89,5,1,0,0.0,1.00,1.00,1.00,4.00,4.00,4.00,17.4,2.000,0.844,4.00
143000,1919,5,35.6,0.0,0.0,0.0,17.8,0.0,1.00,0.0,2,402,23.95,17.90,0,0,5,0.0,1.00,1.00,1.00,4.00,4.20,4.20,41.7,2.000,0.811,4.20
144000,1763,768,32.4,0.0,6.0,0.0,10.2,0.0,1.00,0.3,153,947,47.24,32.69,253,258,257,0.0,1.00,1.00,1.00,3.39,4.05,4.05,31.3,2.000,0.707,4.13
144000,1862,343,33.2,0.0,7.2,0.0,9.4,0.0,1.00,0.5,82,1046,53.65,45.92,66,141,136,0.0,1.00,1.00,1.00,3.43,4.08,4.07,36.1,2.000,0.674,4.19
144000,1914,258,30.0,0.0,0.0,0.0,15.0,0.0,1.00,0.6,34,788,43.69,27.82,146,82,30,0.0,1.00,1.00,1.00,3.41,3.90,3.84,23.4,2.000,0.772,4.02
144000,1593,224,35.5,0.0,8.4,0.0,9.4,0.0,1.00,0.3,42,1007,50.75,48.72,48,77,99,0.0,1.00,1.00,1.00,3.67,4.19,4.21,35.6,2.000,0.897,4.27
144000,1966,115,31.0,0.0,7.6,0.0,7.9,0.0,1.00,0.6,23,907,39.02,30.85,44,19,52,0.0,1.00,1.00,1.00,3.22,3.90,3.94,32.0,2.000,0.629,4.06
144000,1771,65,31.1,0.0,0.4,0.0,15.2,0.0,1.00,0.2,7,1022,51.88,24.94,40,8,17,0.0,1.00,1.00,1.00,3.45,3.97,3.91,24.6,2.000,0.733,4.00
144000,1939,57,37.2,0.0,5.8,0.0,12.8,0.0,1.00,0.5,26,808,46.41,35.46,3,30,24,0.0,1.00,1.00,1.00,3.40,4.42,4.28,38.8,2.000,0.774,4.47
144000,1981,47,31.7,0.0,1.6,0.0,14.2,0.0,1.00,0.0,15,903,50.30,30.68,6,21,20,0.0,1.00,1.00,1.00,3.57,4.02,4.02,34.2,2.000,0.601,4.02
144000,1985,34,29.9,0.0,1.7,0.0,13.2,0.0,1.00,1.0,17,744,40.50,29.66,0,15,19,0.0,1.00,1.00,1.00,3.21,3.91,3.82,41.8,2.000,0.734,4.12
144000,1940,31,39.5,0.0,0.9,0.0,18.9,0.0,1.00,0.0,6,917,84.04,54.80,4,8,19,0.0,1.00,1.00,1.00,3.74,4.42,4.42,38.8,2.000,0.565,4.42
144000,1712,25,77.9,0.0,14.3,0.0,24.6,0.0,1.00,0.9,9,1037,70.60,48.65,10,15,0,0.0,1.00,1.00,1.00,6.48,6.16,6.20,23.8,2.000,0.830,6.40
144000,1996,25,38.2,0.0,3.6,0.0,15.5,0.0,1.00,0.2,10,705,34.92,11.80,25,0,0,0.0,1.00,1.00,1.00,3.84,4.36,4.40,12.8,2.000,0.943,4.44
144000,1892,21,31.8,0.0,8.0,0.0,7.9,0.0,1.00,0.0,4,1045,48.42,33.87,15,6,0,0.0,1.00,1.00,1.00,3.62,4.00,4.00,18.4,2.000,0.973,4.00
144000,1457,20,31.2,0.0,8.4,0.0,7.2,0.0,1.00,0.2,7,1164,55.02,50.01,2,18,0,0.0,1.00,1.00,1.00,3.60,4.00,3.90,35.4,2.000,0.936,4.00
144000,1980,19,32.0,0.0,3.8,0.0,12.2,0.0,1.00,0.0,4,1407,83.46,48.06,1,15,3,0.0,1.00,1.00,1.00,3.68,4.00,4.00,33.2,2.000,0.901,4.00
144000,1967,18,44.0,0.0,11.1,0.0,10.9,0.0,1.00,0.0,6,1464,106.25,56.85,7,9,2,0.0,1.00,1.00,1.00,4.00,4.67,4.67,28.6,2.000,0.786,4.67
144000,1905,12,29.0,0.0,1.0,0.0,13.5,0.0,1.00,1.3,5,1452,81.98,106.13,5,7,0,0.0,1.00,1.00,1.00,2.83,4.00,3.67,25.5,2.000,0.618,4.17
144000,1943,12,32.0,0.0,4.4,0.0,11.6,0.0,1.00,0.0,4,990,46.21,27.39,10,2,0,0.0,1.00,1.00,1.00,3.67,4.00,4.00,19.1,2.000,0.846,4.00
144000,1836,10,32.0,0.0,8.6,0.0,7.4,0.0,1.00,0.0,4,1623,65.07,34.46,7,2,1,0.0,1.00,1.00,1.00,3.60,4.00,4.00,20.1,2.000,0.636,4.00
144000,1972,8,32.0,0.0,0.0,0.0,16.0,0.0,1.00,0.0,1,730,36.78,5.33,7,1,0,0.0,1.00,1.00,1.00,3.50,4.00,4.00,23.1,2.000,0.519,4.00
144000,1919,7,24.6,0.0,0.0,0.0,12.3,0.0,1.00,2.3,3,759,44.52,30.96,0,7,0,0.0,1.00,1.00,1.00,2.43,3.14,3.71,37.5,2.000,0.854,4.00
144000,1976,7,32.0,0.0,8.9,0.0,7.1,0.0,1.00,0.0,2,1249,54.36,101.44,0,0,7,0.0,1.00,1.00,1.00,3.00,4.00,4.00,44.1,2.000,0.537,4.00
144000,1887,5,32.0,0.0,8.4,0.0,7.6,0.0,1.00,0.0,4,2373,110.96,59.31,0,3,2,0.0,1.00,1.00,1.00,4.00,4.00,4.00,38.3,2.000,0.606,4.00
145000,1763,872,32.8,0.0,6.8,0.0,9.6,0.0,1.00,0.4,155,1054,51.78,34.91,325,291,256,0.0,1.00,1.00,1.00,3.47,4.07,4.05,29.9,2.000,0.717,4.15
145000,1862,322,34.3,0.0,7.8,0.0,9.4,0.0,1.00,0.2,64,1008,49.63,38.67,46,142,134,0.0,1.00,1.00,1.00,3.70,4.14,4.16,36.8,2.000,0.681,4.20
145000,1593,271,35.4,0.0,8.0,0.0,9.7,0.0,1.00,0.2,50,1069,51.82,46.56,47,117,107,0.0,1.00,1.00,1.00,3.59,4.18,4.19,35.8,2.000,0.891,4.24
145000,1914,254,30.1,0.0,0.0,0.0,15.1,0.0,1.00,0.5,25,943,49.81,29.34,119,95,40,0.0,1.00,1.00,1.00,3.35,3.90,3.87,26.9,2.000,0.789,4.00
145000,1966,137,32.6,0.0,7.8,0.0,8.5,0.0,1.00,0.1,22,1123,48.50,38.23,53,23,61,0.0,1.00,1.00,1.00,3.48,4.02,4.07,31.7,2.000,0.643,4.08
145000,2007,116,34.2,0.0,6.8,0.0,10.3,0.0,1.00,0.4,33,896,48.56,36.02,42,56,18,0.0,1.00,1.00,1.00,3.43,4.16,4.12,29.5,2.000,0.680,4.25
145000,1771,63,31.7,0.0,1.1,0.0,14.7,0.0,1.00,0.1,9,882,49.95,31.47,31,19,13,0.0,1.00,1.00,1.00,3.52,4.00,3.97,25.8,2.000,0.733,4.00
145000,1990,44,34.0,0.0,6.5,0.0,10.5,0.0,1.00,0.5,20,1006,51.17,29.33,3,6,35,0.0,1.00,1.00,1.00,3.64,4.14,4.11,43.4,2.000,0.735,4.25
145000,1939,43,33.6,0.0,6.8,0.0,10.0,0.0,1.00,0.4,15,1141,58.02,46.68,7,29,7,0.0,1.00,1.00,1.00,3.60,4.07,4.07,33.6,2.000,0.834,4.16
145000,1985,23,35.1,0.0,2.5,0.0,15.0,0.0,1.00,0.0,7,1059,52.75,27.84,1,6,16,0.0,1.00,1.00,1.00,3.57,4.17,4.17,42.8,2.000,0.734,4.17
145000,1967,21,44.1,0.0,9.0,0.0,13.0,0.0,1.00,0.0,9,991,61.95,44.03,2,19,0,0.0,1.00,1.00,1.00,3.90,4.67,4.67,30.7,2.000,0.764,4.67
145000,1457,20,30.8,0.0,6.9,0.0,8.4,0.0,1.00,0.2,9,1107,43.74,39.83,2,17,1,0.0,1.00,1.00,1.00,3.45,4.00,3.90,34.7,2.000,0.915,4.00
145000,1892,17,32.0,0.0,8.1,0.0,7.9,0.0,1.00,0.0,3,1179,54.47,39.82,12,3,2,0.0,1.00,1.00,1.00,3.76,4.00,4.00,18.2,2.000,0.969,4.00
145000,1981,15,29.2,0.0,1.5,0.0,13.1,0.0,1.00,0.5,7,834,46.66,18.18,0,6,9,0.0,1.00,1.00,1.00,3.33,3.73,4.00,37.9,2.000,0.709,4.00
145000,1980,15,29.6,0.0,4.1,0.0,10.7,0.0,1.00,0.8,5,1597,85.14,48.67,1,12,2,0.0,1.00,1.00,1.00,3.53,3.80,3.80,33.6,2.000,0.896,4.00
145000,1940,13,50.3,0.0,0.0,0.0,25.2,0.0,1.00,0.0,3,583,39.66,33.92,0,0,13,0.0,1.00,1.00,1.00,4.00,5.00,5.00,45.0,2.000,0.566,5.00
145000,2012,11,33.6,0.0,0.0,0.0,16.8,0.0,1.00,0.0,2,1223,64.86,32.82,11,0,0,0.0,1.00,1.00,1.00,3.64,4.09,4.09,15.5,2.000,0.696,4.09
145000,1943,10,32.0,0.0,6.6,0.0,9.4,0.0,1.00,0.0,5,871,36.21,26.10,5,3,2,0.0,1.00,1.00,1.00,2.80,4.00,4.00,26.5,2.000,0.908,4.00
145000,1712,10,67.6,0.0,20.4,0.0,13.4,0.0,1.00,0.0,7,779,65.83,29.28,4,6,0,0.0,1.00,1.00,1.00,5.50,6.00,6.00,22.6,2.000,0.793,6.00
145000,1972,9,32.0,0.0,0.0,0.0,16.0,0.0,1.00,0.0,1,1199,50.00,19.69,6,1,2,0.0,1.00,1.00,1.00,3.33,4.00,4.00,27.9,2.000,0.502,4.00
145000,1919,9,30.9,0.0,0.0,0.0,15.4,0.0,1.00,0.4,2,846,50.64,41.06,4,5,0,0.0,1.00,1.00,1.00,2.78,4.11,3.89,24.6,2.000,0.873,4.11
145000,1996,8,33.2,0.0,5.2,0.0,11.4,0.0,1.00,0.5,5,1107,49.15,21.19,8,0,0,0.0,1.00,1.00,1.00,3.25,4.25,4.00,16.9,2.000,0.941,4.25
145000,1976,7,32.0,0.0,8.9,0.0,7.1,0.0,1.00,0.0,2,2249,110.46,143.22,0,3,4,0.0,1.00,1.00,1.00,4.00,4.00,4.00,41.2,2.000,0.537,4.00
145000,1836,6,32.0,0.0,9.3,0.0,6.7,0.0,1.00,0.0,4,2335,76.40,54.78,3,3,0,0.0,1.00,1.00,1.00,3.00,4.00,4.00,19.7,2.000,0.634,4.00
146000,1763,819,33.5,0.0,6.9,0.0,9.9,0.0,1.00,0.3,150,1162,56.87,36.06,288,311,220,0.0,1.00,1.00,1.00,3.41,4.10,4.10,29.7,2.000,0.721,4.18
146000,1862,318,33.4,0.0,7.0,0.0,9.7,0.0,1.00,0.3,61,1006,49.32,34.06,45,126,147,0.0,1.00,1.00,1.00,3.47,4.07,4.10,37.7,2.000,0.667,4.17
146000,1914,247,31.6,0.0,0.0,0.0,15.8,0.0,1.00,0.2,19,920,47.35,24.27,109,97,41,0.0,1.00,1.00,1.00,3.47,3.98,3.96,27.7,2.000,0.800,4.03
146000,1593,244,34.1,0.0,7.7,0.0,9.4,0.0,1.00,0.1,43,1037,48.75,40.51,50,115,79,0.0,1.00,1.00,1.00,3.62,4.12,4.13,34.0,2.000,0.899,4.16
146000,1966,179,32.7,0.0,7.6,0.0,8.7,0.0,1.00,0.3,39,1029,48.02,32.84,54,42,83,0.0,1.00,1.00,1.00,3.44,4.06,4.04,33.7,2.000,0.640,4.13
146000,2007,124,36.9,0.0,7.4,0.0,11.1,0.0,1.00,0.2,25,1260,71.64,43.68,42,55,27,0.0,1.00,1.00,1.00,3.56,4.28,4.24,29.1,2.000,0.647,4.31
146000,1990,43,32.1,0.0,6.2,0.0,9.8,0.0,1.00,0.8,18,1026,51.10,33.28,2,9,32,0.0,1.00,1.00,1.00,3.26,3.95,4.07,44.5,2.000,0.715,4.21
146000,1939,36,32.6,0.0,6.5,0.0,9.8,0.0,1.00,1.1,17,903,46.95,31.26,8,16,12,0.0,1.00,1.00,1.00,3.36,4.03,4.06,33.2,2.000,0.865,4.31
146000,1985,34,35.7,0.0,3.0,0.0,14.8,0.0,1.00,0.4,17,842,40.05,24.73,7,5,22,0.0,1.00,1.00,1.00,3.50,4.26,4.21,36.2,2.000,0.702,4.32
146000,2039,24,32.8,0.0,6.8,0.0,9.6,0.0,1.00,0.0,6,1179,44.89,35.82,14,6,4,0.0,1.00,1.00,1.00,3.33,4.04,4.04,24.1,2.000,0.519,4.04
146000,1892,21,33.5,0.0,7.3,0.0,9.5,0.0,1.00,0.0,8,948,39.85,42.19,17,4,0,0.0,1.00,1.00,1.00,3.90,4.10,4.10,12.0,2.000,0.965,4.10
146000,1771,20,30.0,0.0,0.1,0.0,14.9,0.0,1.00,0.5,4,829,43.48,21.26,17,3,0,0.0,1.00,1.00,1.00,3.45,3.75,4.00,15.9,2.000,0.854,4.00
146000,1967,17,41.8,0.0,9.9,0.0,11.0,0.0,1.00,0.0,8,1309,82.43,49.21,4,12,1,0.0,1.00,1.00,1.00,3.76,4.53,4.53,29.6,2.000,0.761,4.53
146000,1919,17,31.1,0.0,0.0,0.0,15.5,0.0,1.00,0.2,2,727,37.44,27.63,10,6,1,0.0,1.00,1.00,1.00,3.53,3.88,4.00,22.6,2.000,0.843,4.00
146000,1981,15,31.9,0.0,0.2,0.0,15.7,0.0,1.00,0.0,3,212,13.47,10.58,15,0,0,0.0,1.00,1.00,1.00,3.93,4.00,4.00,1.8,2.000,0.511,4.00
146000,1457,12,31.7,0.0,8.2,0.0,7.6,0.0,1.00,0.0,4,1663,65.99,69.33,1,8,3,0.0,1.00,1.00,1.00,3.33,4.00,4.00,33.0,2.000,0.933,4.00
146000,1996,12,34.5,0.0,2.4,0.0,14.8,0.0,1.00,0.5,5,1078,51.71,19.75,8,4,0,0.0,1.00,1.00,1.00,3.83,4.25,4.00,19.0,2.000,0.930,4.25
146000,1943,12,31.3,0.0,3.6,0.0,12.1,0.0,1.00,0.0,6,583,27.37,23.10,8,3,1,0.0,1.00,1.00,1.00,3.17,4.00,4.00,19.4,2.000,0.862,4.00
146000,1940,11,45.1,0.0,0.0,0.0,22.5,0.0,1.00,0.0,2,1122,73.49,56.06,0,0,11,0.0,1.00,1.00,1.00,3.82,4.73,4.73,47.7,2.000,0.529,4.73
146000,1712,9,72.0,0.0,18.4,0.0,17.6,0.0,1.00,0.0,3,701,51.72,28.79,3,6,0,0.0,1.00,1.00,1.00,5.67,6.00,6.00,25.0,2.000,0.856,6.00
146000,1955,8,30.0,0.0,6.1,0.0,8.9,0.0,1.00,0.0,3,1315,62.77,43.45,2,3,3,0.0,1.00,1.00,1.00,3.38,4.00,4.00,32.7,2.000,0.939,4.00
146000,1976,7,31.1,0.0,10.0,0.0,5.6,0.0,1.00,0.0,3,683,34.69,43.09,0,4,3,0.0,1.00,1.00,1.00,3.57,4.00,4.00,43.5,2.000,0.633,4.00
146000,1836,7,29.7,0.0,7.4,0.0,7.4,0.0,1.00,0.6,2,699,26.00,28.20,7,0,0,0.0,1.00,1.00,1.00,4.00,3.71,4.00,8.3,2.000,0.662,4.00
147000,1763,743,33.3,0.0,6.9,0.0,9.8,0.0,1.00,0.3,120,1046,52.19,36.21,275,246,222,0.0,1.00,1.00,1.00,3.62,4.09,4.08,30.5,2.000,0.727,4.15
147000,1862,276,34.4,0.0,7.3,0.0,9.9,0.0,1.00,0.3,56,1091,56.52,38.94,45,96,135,0.0,1.00,1.00,1.00,3.41,4.12,4.14,37.1,2.000,0.675,4.22
147000,1593,248,32.7,0.0,7.2,0.0,9.2,0.0,1.00,0.3,54,933,44.28,35.59,52,94,102,0.0,1.00,1.00,1.00,3.44,4.04,4.04,35.4,2.000,0.891,4.11
147000,1914,222,30.1,0.0,0.0,0.0,15.0,0.0,1.00,0.5,28,769,43.11,29.38,114,69,39,0.0,1.00,1.00,1.00,3.47,3.89,3.88,26.6,2.000,0.810,4.01
147000,1966,178,33.3,0.0,7.2,0.0,9.5,0.0,1.00,0.4,46,1081,49.52,34.21,55,40,83,0.0,1.00,1.00,1.00,3.47,4.07,4.08,34.3,2.000,0.639,4.19
147000,2007,62,33.6,0.0,8.2,0.0,8.6,0.0,1.00,0.2,19,1303,70.02,46.36,5,44,13,0.0,1.00,1.00,1.00,3.37,4.06,4.11,35.1,2.000,0.650,4.15
147000,2039,30,32.0,0.0,4.6,0.0,11.4,0.0,1.00,0.0,8,989,44.13,35.77,7,10,13,0.0,1.00,1.00,1.00,3.50,4.00,4.00,34.3,2.000,0.569,4.00
147000,1919,25,31.4,0.0,0.0,0.0,15.7,0.0,1.00,0.0,2,927,48.02,39.60,18,7,0,0.0,1.00,1.00,1.00,3.28,4.00,4.00,16.4,2.000,0.806,4.00
147000,1990,25,34.9,0.0,6.7,0.0,10.8,0.0,1.00,0.0,12,1643,73.83,52.19,4,1,20,0.0,1.00,1.00,1.00,3.52,4.16,4.16,42.8,2.000,0.729,4.16
147000,2043,25,39.2,0.0,0.0,0.0,19.6,0.0,1.00,0.0,2,604,40.61,29.86,0,8,17,0.0,1.00,1.00,1.00,3.64,4.40,4.40,45.7,2.000,0.841,4.40
147000,1939,22,36.5,0.0,7.6,0.0,10.6,0.0,1.00,0.5,8,1158,56.09,39.78,15,3,4,0.0,1.00,1.00,1.00,3.91,4.23,4.18,23.7,2.000,0.864,4.32
147000,1943,21,33.1,0.0,7.4,0.0,9.1,0.0,1.00,0.0,9,887,35.28,30.55,2,12,7,0.0,1.00,1.00,1.00,3.62,4.10,4.10,36.6,2.000,0.898,4.10
147000,1771,21,30.7,0.0,0.1,0.0,15.2,0.0,1.00,0.3,5,1018,51.95,29.38,16,5,0,0.0,1.00,1.00,1.00,2.86,3.90,3.95,18.7,2.000,0.852,4.00
147000,1892,20,31.7,0.0,6.6,0.0,9.2,0.0,1.00,0.0,5,881,39.25,38.04,17,3,0,0.0,1.00,1.00,1.00,3.65,4.00,4.00,16.4,2.000,0.967,4.00
147000,1457,14,30.3,0.0,7.4,0.0,7.7,0.0,1.00,0.4,3,1102,40.30,36.39,1,8,5,0.0,1.00,1.00,1.00,3.00,3.79,4.00,34.9,2.000,0.927,4.00
147000,1955,13,29.8,0.0,7.2,0.0,7.7,0.0,1.00,0.8,4,1071,40.39,36.25,7,3,3,0.0,1.00,1.00,1.00,3.31,3.85,3.77,25.2,2.000,0.939,4.00
147000,1985,10,27.2,0.0,2.1,0.0,11.5,0.0,1.00,1.8,8,841,43.09,29.54,0,1,9,0.0,1.00,1.00,1.00,2.70,3.90,3.80,43.2,2.000,0.690,4.30
147000,1981,10,23.9,0.0,0.2,1.5,11.0,0.0,1.00,1.8,7,809,41.90,26.04,10,0,0,0.0,1.00,1.00,1.00,3.00,3.40,3.70,10.4,2.000,0.372,4.00
147000,2024,10,31.8,0.0,6.7,0.0,9.2,0.0,1.00,0.0,4,803,41.66,19.82,0,3,7,0.0,1.00,1.00,1.00,4.00,4.00,4.00,41.0,2.000,0.919,4.00
147000,1967,9,41.8,0.0,7.9,0.0,13.0,0.0,1.00,0.0,7,1302,60.80,37.12,0,6,3,0.0,1.00,1.00,1.00,4.44,4.56,4.56,35.6,2.000,0.773,4.56
147000,1940,9,45.8,0.0,0.2,0.0,22.7,0.0,1.00,0.7,4,560,40.19,19.49,0,0,9,0.0,1.00,1.00,1.00,3.67,4.67,5.00,48.3,2.000,0.549,5.00
147000,1976,7,32.0,0.0,9.4,0.0,6.6,0.0,1.00,0.0,4,1072,54.93,52.84,0,4,3,0.0,1.00,1.00,1.00,3.71,4.00,4.00,40.6,2.000,0.596,4.00
147000,2012,6,40.7,0.0,0.0,0.0,20.3,0.0,1.00,0.3,3,341,25.91,32.54,1,1,4,0.0,1.00,1.00,1.00,3.33,4.67,4.50,39.0,2.000,0.836,4.67
148000,1763,861,33.8,0.0,6.4,0.0,10.4,0.0,1.00,0.3,152,958,47.36,33.56,332,300,229,0.0,1.00,1.00,1.00,3.53,4.10,4.11,29.2,2.000,0.723,4.19
148000,1862,325,34.1,0.0,6.9,0.0,10.2,0.0,1.00,0.4,86,989,52.21,37.23,56,116,153,0.0,1.00,1.00,1.00,3.42,4.15,4.13,36.8,2.000,0.680,4.24
148000,1593,213,32.2,0.0,6.3,0.0,9.8,0.0,1.00,0.4,36,956,45.57,38.18,43,84,86,0.0,1.00,1.00,1.00,3.54,4.01,4.01,35.2,2.000,0.886,4.12
148000,1966,173,33.8,0.0,7.4,0.0,9.5,0.0,1.00,0.4,40,1047,50.46,36.96,39,43,91,0.0,1.00,1.00,1.00,3.48,4.11,4.11,35.5,2.000,0.619,4.20
148000,1914,164,31.1,0.0,0.0,0.0,15.5,0.0,1.00,0.3,16,1000,54.63,31.51,78,53,33,0.0,1.00,1.00,1.00,3.50,3.98,3.91,27.3,2.000,0.829,4.02
148000,2007,68,33.9,0.0,8.5,0.0,8.4,0.0,1.00,0.4,17,1068,54.67,38.03,3,47,18,0.0,1.00,1.00,1.00,3.32,4.12,4.07,37.7,2.000,0.652,4.21
148000,1939,57,38.7,0.0,5.2,0.0,14.2,0.0,1.00,0.2,14,468,27.15,22.40,43,11,3,0.0,1.00,1.00,1.00,3.60,4.42,4.37,17.0,2.000,0.854,4.44
148000,2043,32,31.2,0.0,0.0,0.0,15.6,0.0,1.00,0.8,7,978,61.33,48.41,0,4,28,0.0,1.00,1.00,1.00,3.41,3.88,4.00,50.2,2.000,0.817,4.12
148000,1985,26,31.0,0.0,3.7,0.0,11.8,0.0,1.00,1.7,15,878,45.96,29.17,0,0,26,0.0,1.00,1.00,1.00,3.23,3.85,4.00,45.4,2.000,0.692,4.35
148000,2039,26,30.5,0.0,5.2,0.0,10.0,0.0,1.00,0.4,10,1052,51.50,38.47,10,14,2,0.0,1.00,1.00,1.00,3.31,4.00,3.88,25.1,2.000,0.452,4.04
148000,1943,26,34.8,0.0,6.1,0.0,11.3,0.0,1.00,1.4,16,797,43.66,34.16,11,11,4,0.0,1.00,1.00,1.00,4.04,4.19,4.19,25.7,2.000,0.900,4.46
148000,1457,20,32.0,0.0,7.3,0.0,8.7,0.0,1.00,0.0,3,927,37.09,26.23,2,17,1,0.0,1.00,1.00,1.00,3.60,4.00,4.00,29.9,2.000,0.920,4.00
148000,2024,19,32.6,0.0,8.4,0.0,7.9,0.0,1.00,0.6,6,776,36.75,25.12,1,11,7,0.0,1.00,1.00,1.00,3.37,4.05,4.05,36.4,2.000,0.890,4.21
148000,1990,16,40.1,0.0,6.9,0.0,13.1,0.0,1.00,0.0,9,1485,63.24,34.17,3,1,12,0.0,1.00,1.00,1.00,3.62,4.44,4.44,41.7,2.000,0.748,4.44
148000,1892,16,30.2,0.0,7.1,0.0,8.0,0.0,1.00,0.2,5,959,49.99,43.99,13,3,0,0.0,1.00,1.00,1.00,3.12,4.00,3.88,15.4,2.000,0.960,4.00
148000,1919,16,28.1,0.0,0.0,0.0,14.1,0.0,1.00,1.2,4,992,40.74,28.96,11,5,0,0.0,1.00,1.00,1.00,3.31,3.56,3.81,20.0,2.000,0.864,4.00
148000,1967,13,33.4,0.0,6.4,0.0,10.3,0.0,1.00,0.5,7,853,48.00,31.18,0,9,4,0.0,1.00,1.00,1.00,3.77,4.23,4.00,35.6,2.000,0.751,4.23
148000,2012,13,30.6,0.0,0.0,0.0,15.3,0.0,1.00,0.3,3,486,25.85,14.03,12,1,0,0.0,1.00,1.00,1.00,2.77,3.85,4.00,19.2,2.000,0.598,4.00
148000,2058,12,32.0,0.0,0.0,0.0,16.0,0.0,1.00,0.0,1,1675,89.64,46.55,5,3,4,0.0,1.00,1.00,1.00,3.50,4.00,4.00,30.8,2.000,0.798,4.00
148000,2063,11,32.0,0.0,8.3,0.0,7.7,0.0,1.00,0.0,2,1263,59.03,36.70,2,6,3,0.0,1.00,1.00,1.00,3.64,4.00,4.00,35.2,2.000,0.587,4.00
148000,1771,10,32.0,0.0,0.0,0.0,16.0,0.0,1.00,0.0,1,1156,65.56,50.75,9,1,0,0.0,1.00,1.00,1.00,3.40,4.00,4.00,16.0,2.000,0.829,4.00
148000,1955,9,32.0,0.0,7.7,0.0,8.3,0.0,1.00,0.0,2,919,38.87,26.12,6,3,0,0.0,1.00,1.00,1.00,3.78,4.00,4.00,20.4,2.000,0.945,4.00
148000,1976,7,32.0,0.0,9.3,0.0,6.7,0.0,1.00,0.0,2,1824,107.06,89.80,0,4,3,0.0,1.00,1.00,1.00,4.00,4.00,4.00,39.2,2.000,0.556,4.00
149000,1763,718,33.7,0.0,6.6,0.0,10.3,0.0,1.00,0.2,136,1069,53.52,35.26,288,225,205,0.0,1.00,1.00,1.00,3.49,4.12,4.10,29.5,2.000,0.736,4.16
149000,1862,289,34.5,0.0,6.2,0.0,11.0,0.0,1.00,0.5,91,977,52.78,38.72,51,91,147,0.0,1.00,1.00,1.00,3.56,4.21,4.13,37.2,2.000,0.652,4.28
149000,1966,182,34.8,0.0,7.9,0.0,9.5,0.0,1.00,0.4,46,982,46.75,34.96,44,57,81,0.0,1.00,1.00,1.00,3.58,4.12,4.21,34.3,2.000,0.618,4.25
149000,1914,143,31.3,0.0,0.0,0.0,15.6,0.0,1.00,0.3,11,829,46.66,24.89,51,55,37,0.0,1.00,1.00,1.00,3.44,3.94,3.97,30.1,2.000,0.848,4.03
149000,1593,126,31.0,0.0,6.6,0.0,8.9,0.0,1.00,0.6,37,1022,44.95,41.65,44,29,53,0.0,1.00,1.00,1.00,3.41,3.97,3.91,31.8,2.000,0.881,4.09
149000,2043,49,32.5,0.0,0.6,0.0,15.7,0.0,1.00,0.2,9,742,42.72,31.08,2,7,40,0.0,1.00,1.00,1.00,3.57,4.02,4.06,47.1,2.000,0.793,4.08
149000,1939,46,40.8,0.0,6.6,0.0,13.8,0.0,1.00,0.1,14,800,49.77,40.14,32,3,11,0.0,1.00,1.00,1.00,3.74,4.59,4.59,19.4,2.000,0.872,4.61
149000,1943,43,28.6,0.0,5.6,0.0,8.7,0.0,1.00,1.9,23,899,54.83,43.59,22,15,6,0.0,1.00,1.00,1.00,3.23,3.79,4.00,21.6,2.000,0.881,4.30
149000,2007,42,32.0,0.0,7.6,0.0,8.4,0.0,1.00,0.1,11,1332,69.20,50.67,2,33,7,0.0,1.00,1.00,1.00,3.45,4.00,4.02,36.2,2.000,0.660,4.05
149000,2068,40,30.8,0.0,7.7,0.0,7.8,0.0,1.00,0.2,5,1044,48.27,43.78,15,7,18,0.0,1.00,1.00,1.00,3.53,3.92,3.95,33.9,2.000,0.714,4.00
149000,1981,27,32.0,0.0,0.0,0.0,16.0,0.0,1.00,0.0,2,357,19.92,13.34,0,27,0,0.0,1.00,1.00,1.00,3.93,4.00,4.00,30.9,2.000,0.525,4.00
149000,2024,23,36.7,0.0,9.0,0.0,9.4,0.0,1.00,0.0,3,774,41.84,27.69,3,11,9,0.0,1.00,1.00,1.00,3.83,4.26,4.26,35.1,2.000,0.874,4.26
149000,1919,20,32.4,0.0,0.0,0.0,16.2,0.0,1.00,0.1,4,1035,49.61,24.97,15,5,0,0.0,1.00,1.00,1.00,3.40,4.05,4.00,20.8,2.000,0.823,4.05
149000,1892,20,31.5,0.0,5.1,0.0,10.6,0.0,1.00,0.2,8,869,50.11,36.97,16,3,1,0.0,1.00,1.00,1.00,3.35,4.05,3.95,17.9,2.000,0.944,4.05
149000,2074,16,52.5,0.0,0.0,0.0,26.2,0.0,1.00,0.0,2,506,39.26,17.89,16,0,0,0.0,1.00,1.00,1.00,4.31,5.12,5.12,16.1,2.000,0.872,5.12
149000,1955,15,35.1,0.0,8.3,0.0,9.3,0.0,1.00,0.1,5,851,40.07,41.25,5,10,0,0.0,1.00,1.00,1.00,3.60,4.27,4.20,26.4,2.000,0.937,4.27
149000,2070,14,30.4,0.0,8.1,0.0,7.1,0.0,1.00,0.1,3,939,42.87,30.06,14,0,0,0.0,1.00,1.00,1.00,3.14,4.00,3.93,13.6,2.000,0.610,4.00
149000,2073,12,31.5,0.0,4.6,0.0,11.2,0.0,1.00,0.3,4,661,37.46,25.53,0,12,0,0.0,1.00,1.00,1.00,3.00,4.00,4.17,34.0,2.000,0.695,4.17
149000,1457,11,32.0,0.0,6.5,0.0,9.5,0.0,1.00,0.0,3,1409,64.55,32.80,3,8,0,0.0,1.00,1.00,1.00,3.64,4.00,4.00,24.0,2.000,0.927,4.00
149000,1967,11,42.4,0.0,11.0,0.0,10.2,0.0,1.00,0.7,6,743,31.41,19.78,0,11,0,0.0,1.00,1.00,1.00,3.82,4.82,4.45,33.1,2.000,0.734,4.82
149000,2039,10,33.6,0.0,4.5,0.0,12.3,0.0,1.00,0.0,7,1751,94.28,60.50,1,6,3,0.0,1.00,1.00,1.00,3.40,4.10,4.10,35.9,2.000,0.381,4.10
149000,1980,8,30.5,0.0,0.0,0.0,15.2,0.0,1.00,0.0,2,510,25.12,10.51,0,1,7,0.0,1.00,1.00,1.00,3.88,4.00,4.00,41.7,2.000,0.889,4.00
149000,2063,7,25.7,0.0,6.7,0.0,6.1,0.0,1.00,2.3,4,1129,64.14,42.95,0,0,7,0.0,1.00,1.00,1.00,3.14,3.71,3.43,40.4,2.000,0.537,4.14
149000,1985,7,33.7,0.0,1.3,0.0,15.6,0.0,1.00,0.0,3,320,18.15,11.31,0,0,7,0.0,1.00,1.00,1.00,3.86,4.29,4.29,48.2,2.000,0.726,4.29
149000,2012,6,32.0,0.0,0.0,0.0,16.0,0.0,1.00,0.0,1,1878,91.88,31.25,4,2,0,0.0,1.00,1.00,1.00,3.67,4.00,4.00,25.0,2.000,0.659,4.00
149000,1976,5,28.8,0.0,6.2,0.0,8.2,0.0,1.00,0.8,3,1240,101.15,70.46,0,1,4,0.0,1.00,1.00,1.00,3.60,4.00,3.60,41.3,2.000,0.459,4.00
150000,1763,399,32.7,0.0,6.3,0.0,10.0,0.0,1.00,0.4,97,1048,52.02,38.17,136,158,105,0.0,1.00,1.00,1.00,3.51,4.09,4.07,31.0,2.000,0.721,4.17
150000,1966,153,34.3,0.0,7.8,0.0,9.4,0.0,1.00,0.3,46,1094,50.67,38.41,44,56,53,0.0,1.00,1.00,1.00,3.56,4.14,4.14,33.0,2.000,0.624,4.22
150000,1593,127,31.8,0.0,7.3,0.0,8.6,0.0,1.00,0.3,27,953,41.33,38.84,39,47,41,0.0,1.00,1.00,1.00,3.57,4.02,3.99,32.7,2.000,0.898,4.07
150000,1862,92,34.2,0.0,6.3,0.0,10.8,0.0,1.00,0.2,26,1219,62.89,53.86,13,32,47,0.0,1.00,1.00,1.00,3.48,4.11,4.14,37.2,2.000,0.690,4.16
150000,1914,88,29.3,0.0,0.0,0.0,14.6,0.0,1.00,0.7,15,926,52.75,31.40,50,29,9,0.0,1.00,1.00,1.00,3.44,3.84,3.83,23.6,2.000,0.850,4.01
150000,1939,81,39.6,0.0,6.6,0.0,13.2,0.0,1.00,0.2,26,764,41.50,38.74,51,24,6,0.0,1.00,1.00,1.00,3.63,4.43,4.44,20.1,2.000,0.844,4.48
150000,2007,37,30.8,0.0,7.6,0.0,7.8,0.0,1.00,0.5,14,1310,67.45,48.89,3,27,7,0.0,1.00,1.00,1.00,3.46,3.92,3.92,35.7,2.000,0.702,4.05
150000,2068,36,32.2,0.0,7.1,0.0,9.0,0.0,1.00,0.2,9,1298,57.06,44.95,9,6,21,0.0,1.00,1.00,1.00,3.75,4.00,4.00,37.7,2.000,0.704,4.06
150000,1943,31,30.0,0.0,5.6,0.0,9.4,0.0,1.00,1.0,11,912,48.42,52.24,16,14,1,0.0,1.00,1.00,1.00,3.26,4.03,3.84,22.7,2.000,0.898,4.19
150000,2043,24,35.0,0.0,0.8,0.0,16.8,0.0,1.00,0.0,3,782,39.57,37.45,2,1,21,0.0,1.00,1.00,1.00,3.67,4.17,4.17,44.9,2.000,0.758,4.17
150000,1990,21,36.7,0.0,4.2,0.0,14.1,0.0,1.00,1.2,12,303,22.92,22.09,0,4,17,0.0,1.00,1.00,1.00,3.43,4.38,4.14,43.2,2.000,0.700,4.57
150000,2024,18,30.4,0.0,7.7,0.0,7.6,0.0,1.00,0.9,4,1180,60.59,44.66,0,7,11,0.0,1.00,1.00,1.00,3.00,3.89,3.78,42.8,2.000,0.911,4.06
150000,2074,17,45.8,0.0,0.0,0.0,22.9,0.0,1.00,1.9,7,986,71.83,64.93,16,1,0,0.0,1.00,1.00,1.00,4.24,4.88,4.76,16.9,2.000,0.876,5.29
150000,1967,15,38.0,0.0,6.8,0.0,12.2,0.0,1.00,0.0,5,632,35.78,17.23,4,11,0,0.0,1.00,1.00,1.00,4.00,4.33,4.33,25.9,2.000,0.770,4.33
150000,1981,15,29.2,0.0,0.2,0.0,14.4,0.0,1.00,0.8,3,716,34.17,20.82,0,15,0,0.0,1.00,1.00,1.00,3.33,3.93,3.67,37.8,2.000,0.510,4.00
150000,1919,13,32.0,0.0,0.0,0.0,16.0,0.0,1.00,0.0,1,1308,58.48,25.40,6,7,0,0.0,1.00,1.00,1.00,3.69,4.00,4.00,23.4,2.000,0.853,4.00
150000,1892,13,32.0,0.0,3.6,0.0,12.4,0.0,1.00,1.8,8,933,44.80,29.70,11,2,0,0.0,1.00,1.00,1.00,3.15,3.85,3.85,15.8,2.000,0.962,4.31
150000,1457,11,30.7,0.0,6.9,0.0,8.5,0.0,1.00,0.2,4,1269,55.03,36.25,8,3,0,0.0,1.00,1.00,1.00,3.73,3.91,4.00,14.8,2.000,0.931,4.00
150000,2070,10,29.4,0.0,6.7,0.0,8.0,0.0,1.00,0.4,6,1066,37.33,32.96,9,1,0,0.0,1.00,1.00,1.00,3.30,4.00,3.80,16.4,2.000,0.618,4.00
150000,2089,10,9.6,0.0,0.0,0.0,4.8,0.0,1.00,6.6,9,457,22.40,21.47,0,10,0,0.0,1.00,1.00,1.00,1.70,2.10,2.60,29.1,2.000,0.651,4.00
150000,2038,9,33.1,0.0,0.0,0.0,16.6,0.0,1.00,0.2,3,400,20.94,12.28,0,1,8,0.0,1.00,1.00,1.00,3.78,4.00,4.11,44.2,2.000,0.693,4.11
150000,2063,8,32.0,0.0,7.9,0.0,8.1,0.0,1.00,0.0,4,995,43.77,35.30,0,0,8,0.0,1.00,1.00,1.00,3.50,4.00,4.00,47.3,2.000,0.626,4.00
150000,1976,7,32.0,0.0,7.9,0.0,8.1,0.0,1.00,0.0,2,1033,72.23,33.24,0,5,2,0.0,1.00,1.00,1.00,3.71,4.00,4.00,38.2,2.000,0.477,4.00
150000,1955,5,32.0,0.0,7.8,0.0,8.2,0.0,1.00,0.0,2,1893,77.66,72.85,2,3,0,0.0,1.00,1.00,1.00,3.60,4.00,4.00,25.3,2.000,0.944,4.00
151000,1763,277,32.9,0.0,6.3,0.0,10.1,0.0,1.00,0.5,68,1081,50.49,38.40,94,106,77,0.0,1.00,1.00,1.00,3.40,4.09,4.06,30.9,2.000,0.725,4.19
151000,1966,126,35.0,0.0,8.9,0.0,8.6,0.0,1.00,0.4,44,1043,45.02,33.95,41,48,37,0.0,1.00,1.00,1.00,3.60,4.17,4.20,30.0,2.000,0.618,4.26
151000,1862,123,33.8,0.0,6.3,0.0,10.7,0.0,1.00,0.4,31,881,43.68,33.42,32,20,71,0.0,1.00,1.00,1.00,3.43,4.07,4.15,35.2,2.000,0.689,4.21
151000,1939,77,36.8,0.0,5.5,0.0,12.9,0.0,1.00,0.3,23,765,41.65,31.41,46,16,15,0.0,1.00,1.00,1.00,3.52,4.31,4.30,22.2,2.000,0.824,4.39
151000,1593,58,32.6,0.0,7.2,0.0,9.2,0.0,1.00,0.1,15,1016,48.30,46.20,33,15,10,0.0,1.00,1.00,1.00,3.50,4.03,4.09,26.0,2.000,0.903,4.09
151000,1914,53,29.4,0.0,0.0,0.0,14.7,0.0,1.00,0.8,10,794,51.65,30.99,22,24,7,0.0,1.00,1.00,1.00,3.11,3.89,3.81,26.8,2.000,0.822,4.04
151000,2043,36,36.2,0.1,0.7,0.0,17.1,0.0,1.06,0.7,15,888,41.60,35.04,2,3,31,0.1,1.06,1.07,1.06,4.00,4.17,4.25,47.5,2.000,0.759,4.39
151000,2007,29,30.8,0.0,6.8,0.0,8.6,0.0,1.00,0.3,10,1210,55.18,44.49,4,15,10,0.0,1.00,1.00,1.00,3.48,3.90,3.93,36.0,2.000,0.701,4.00
151000,1943,26,34.1,0.0,7.0,0.0,10.1,0.0,1.00,0.1,9,1226,61.84,54.73,11,13,2,0.0,1.00,1.00,1.00,3.54,4.12,4.08,23.5,2.000,0.901,4.12
151000,2068,25,29.1,0.0,6.8,0.0,7.7,0.0,1.00,1.2,12,971,47.42,34.15,7,4,14,0.0,1.00,1.00,1.00,3.12,3.92,3.72,36.5,2.000,0.745,4.12
151000,2024,21,30.6,0.0,7.9,0.0,7.4,0.0,1.00,0.6,3,1079,57.59,39.59,0,10,11,0.0,1.00,1.00,1.00,3.76,3.86,3.86,39.0,2.000,0.921,4.00
151000,1967,20,35.0,0.0,7.2,0.0,10.2,0.0,1.00,0.1,11,706,34.36,20.65,7,6,7,0.0,1.00,1.00,1.00,3.60,4.20,4.15,31.9,2.000,0.798,4.20
151000,2074,18,45.5,0.0,0.0,0.8,22.3,0.0,1.00,1.0,4,1019,86.32,67.61,18,0,0,0.0,1.00,1.00,1.00,3.89,4.72,4.78,16.1,2.000,0.891,5.00
151000,1919,16,32.0,0.0,0.0,0.0,16.0,0.0,1.00,0.0,1,729,36.82,26.32,12,4,0,0.0,1.00,1.00,1.00,3.38,4.00,4.00,20.7,2.000,0.833,4.00
151000,2117,14,33.3,0.0,6.6,0.0,10.0,0.0,1.00,0.0,7,1059,50.28,46.92,7,1,6,0.0,1.00,1.00,1.00,3.43,4.07,4.07,27.0,2.000,0.646,4.07
151000,2104,12,32.0,0.0,0.0,0.0,16.0,0.0,1.00,0.0,1,884,55.42,23.05,1,8,3,0.0,1.00,1.00,1.00,3.17,4.00,4.00,33.1,2.000,0.848,4.00
151000,1990,12,44.2,0.0,5.6,0.0,16.5,0.0,1.00,0.3,6,751,53.51,28.70,2,4,6,0.0,1.00,1.00,1.00,3.83,4.75,4.58,38.5,2.000,0.638,4.75
151000,2108,11,32.0,0.0,0.2,0.0,15.8,0.0,1.00,0.0,2,1345,81.04,59.35,0,9,2,0.0,1.00,1.00,1.00,2.91,4.00,4.00,38.3,2.000,0.838,4.00
151000,2107,8,52.5,0.0,1.1,0.0,25.1,0.0,1.00,0.0,4,1787,129.41,90.27,5,2,1,0.0,1.00,1.00,1.00,4.25,5.12,5.12,22.0,2.000,0.436,5.12
151000,1955,8,32.0,0.0,6.8,0.0,9.2,0.0,1.00,0.0,2,851,35.69,32.16,6,2,0,0.0,1.00,1.00,1.00,3.75,4.00,4.00,22.7,2.000,0.943,4.00
151000,1981,6,32.0,0.0,0.2,0.0,15.8,0.0,1.00,0.0,2,1305,52.58,23.63,0,5,1,0.0,1.00,1.00,1.00,3.33,4.00,4.00,39.4,2.000,0.504,4.00
151000,2070,5,32.0,0.0,9.6,0.0,6.4,0.0,1.00,0.0,2,1285,42.42,42.91,3,2,0,0.0,1.00,1.00,1.00,4.00,4.00,4.00,18.7,2.000,0.606,4.00
151000,2105,5,39.2,0.0,10.0,0.0,9.6,0.0,1.00,0.0,2,1346,82.70,31.47,3,0,2,0.0,1.00,1.00,1.00,3.60,4.40,4.40,30.5,2.000,0.721,4.40
152000,1763,225,34.1,0.0,6.6,0.0,10.4,0.0,1.00,0.4,56,1115,52.08,35.16,102,65,58,0.0,1.00,1.00,1.00,3.56,4.12,4.12,28.6,2.000,0.713,4.21
152000,1966,105,33.6,0.0,8.2,0.0,8.5,0.0,1.00,0.1,31,1032,45.16,38.34,54,31,20,0.0,1.00,1.00,1.00,3.50,4.11,4.16,24.2,2.000,0.620,4.16
152000,1862,98,31.9,0.0,6.4,0.0,9.5,0.0,1.00,0.7,35,929,40.93,27.49,32,19,47,0.0,1.00,1.00,1.00,3.27,4.03,4.03,32.7,2.000,0.691,4.21
152000,1939,59,38.0,0.0,6.0,0.0,12.9,0.0,1.00,0.4,19,1169,60.96,45.66,46,5,8,0.0,1.00,1.00,1.00,3.51,4.36,4.42,19.9,2.000,0.836,4.49
152000,1914,42,29.7,0.0,0.0,0.0,14.9,0.0,1.00,0.6,6,1056,66.60,43.50,13,17,12,0.0,1.00,1.00,1.00,3.40,3.76,3.93,30.8,2.000,0.844,4.00
152000,2132,32,32.0,0.0,0.1,0.0,15.9,0.0,1.00,0.0,2,907,46.00,54.19,8,19,5,0.0,1.00,1.00,1.00,3.44,4.00,4.00,30.7,2.000,0.795,4.00
152000,2024,29,33.8,0.0,8.8,0.0,8.1,0.0,1.00,0.2,4,1000,43.87,29.65,0,8,21,0.0,1.00,1.00,1.00,3.72,4.07,4.17,41.8,2.000,0.920,4.17
152000,1967,21,33.7,0.0,6.4,0.0,10.5,0.0,1.00,0.0,8,1263,51.82,36.96,10,9,2,0.0,1.00,1.00,1.00,3.81,4.10,4.10,27.8,2.000,0.814,4.10
152000,1593,21,34.1,0.0,6.2,0.0,10.9,0.0,1.00,0.3,8,764,31.55,32.83,20,1,0,0.0,1.00,1.00,1.00,3.57,4.19,4.33,14.5,2.000,0.865,4.33
152000,2125,17,32.0,0.0,9.0,0.0,7.0,0.0,1.00,0.0,4,1578,60.15,46.52,3,1,13,0.0,1.00,1.00,1.00,3.53,4.00,4.00,38.2,2.000,0.720,4.00
152000,2068,16,31.5,0.0,6.9,0.0,8.9,0.0,1.00,0.6,10,1185,59.15,40.20,3,7,6,0.0,1.00,1.00,1.00,3.31,4.12,4.06,34.0,2.000,0.751,4.25
152000,2007,15,32.0,0.0,8.7,0.0,7.3,0.0,1.00,0.0,5,1750,74.15,46.42,4,9,2,0.0,1.00,1.00,1.00,3.20,4.00,4.00,28.9,2.000,0.691,4.00
152000,2117,13,32.3,0.0,5.2,0.0,10.9,0.0,1.00,0.0,7,1214,50.77,46.42,5,2,6,0.0,1.00,1.00,1.00,3.69,4.15,4.15,34.0,2.000,0.634,4.15
152000,1943,13,32.0,0.0,7.5,0.0,8.5,0.0,1.00,0.0,5,1624,79.18,47.25,9,2,2,0.0,1.00,1.00,1.00,3.54,4.00,4.00,21.7,2.000,0.896,4.00
152000,1919,12,32.0,0.0,0.0,0.0,16.0,0.0,1.00,0.0,1,1164,60.49,59.96,9,2,1,0.0,1.00,1.00,1.00,3.83,4.00,4.00,22.1,2.000,0.798,4.00
152000,2043,10,34.2,0.0,0.0,0.0,17.1,0.0,1.00,0.0,4,1773,94.23,71.53,2,3,5,0.0,1.00,1.00,1.00,3.60,4.20,4.20,41.1,2.000,0.763,4.20
152000,1457,10,28.8,0.0,7.5,0.0,6.9,0.0,1.00,0.8,4,435,28.01,33.22,10,0,0,0.0,1.00,1.00,1.00,3.20,3.60,4.00,10.4,2.000,0.919,4.00
152000,2070,10,27.6,0.0,6.7,0.0,7.1,0.0,1.00,0.6,6,550,24.32,21.46,9,1,0,0.0,1.00,1.00,1.00,3.30,3.80,3.90,7.8,2.000,0.605,4.00
152000,1990,9,42.0,0.0,7.4,0.0,13.6,0.0,1.00,0.2,5,1477,79.05,43.79,1,4,4,0.0,1.00,1.00,1.00,3.89,4.78,4.78,38.8,2.000,0.619,4.78
152000,2105,9,79.1,0.0,9.6,0.0,30.0,0.0,1.00,0.0,5,195,15.04,10.97,0,0,9,0.0,1.00,1.00,1.00,6.00,6.11,6.11,44.4,2.000,0.727,6.11
152000,2104,6,32.0,0.0,0.0,0.0,16.0,0.0,1.00,0.0,1,1921,125.72,53.47,0,3,3,0.0,1.00,1.00,1.00,4.00,4.00,4.00,45.5,2.000,0.842,4.00
152000,2074,5,40.4,0.0,0.0,0.0,20.2,0.0,1.00,1.6,3,699,57.37,40.20,4,1,0,0.0,1.00,1.00,1.00,3.80,4.60,4.60,19.7,2.000,0.888,5.00
153000,1763,126,33.9,0.0,6.3,0.0,10.6,0.0,1.00,0.3,36,1442,61.47,34.75,53,40,33,0.0,1.00,1.00,1.00,3.44,4.11,4.14,29.7,2.000,0.717,4.19
153000,1862,85,31.8,0.0,6.8,0.0,9.1,0.0,1.00,0.4,24,1085,44.31,32.41,49,20,16,0.0,1.00,1.00,1.00,3.42,4.02,3.96,25.9,2.000,0.659,4.09
153000,1966,64,36.9,0.0,8.1,0.0,10.4,0.0,1.00,0.4,21,1223,52.52,44.22,35,16,13,0.0,1.00,1.00,1.00,3.81,4.28,4.25,23.8,2.000,0.610,4.38
153000,2132,47,32.0,0.0,0.3,0.0,15.6,0.0,1.00,0.0,3,729,31.91,32.21,24,14,9,0.0,1.00,1.00,1.00,3.43,4.00,4.00,24.1,2.000,0.760,4.00
153000,1939,40,33.9,0.0,3.8,0.0,13.1,0.0,1.00,1.1,16,836,43.75,36.38,35,3,2,0.0,1.00,1.00,1.00,3.62,3.92,4.22,15.6,2.000,0.793,4.35
153000,2104,18,32.3,0.0,0.0,0.0,16.2,0.0,1.00,0.0,3,622,25.80,12.04,5,10,3,0.0,1.00,1.00,1.00,3.11,4.06,4.06,31.1,2.000,0.814,4.06
153000,1593,17,35.1,0.0,6.9,0.0,10.6,0.0,1.00,0.6,7,976,39.36,30.59,11,2,4,0.0,1.00,1.00,1.00,4.00,4.24,4.29,22.4,2.000,0.852,4.41
153000,1914,17,31.8,0.0,0.0,0.0,15.9,0.0,1.00,0.0,2,1030,52.60,26.99,4,7,6,0.0,1.00,1.00,1.00,3.41,4.00,4.00,34.0,2.000,0.781,4.00
153000,1457,15,30.5,0.0,5.0,0.0,10.3,0.0,1.00,0.0,8,523,36.76,34.80,15,0,0,0.0,1.00,1.00,1.00,2.67,4.00,4.00,11.1,2.000,0.953,4.00
153000,2024,14,31.3,0.0,6.6,0.0,9.1,0.0,1.00,1.1,4,1810,69.49,39.62,2,7,5,0.0,1.00,1.00,1.00,3.57,3.93,3.93,32.7,2.000,0.923,4.21
153000,2125,13,31.8,0.0,8.1,0.0,7.8,0.0,1.00,0.0,5,1365,43.27,42.25,3,5,5,0.0,1.00,1.00,1.00,3.08,4.00,4.00,35.3,2.000,0.723,4.00
153000,2007,13,33.4,0.0,10.0,0.0,6.7,0.0,1.00,0.0,6,1070,51.04,22.81,8,1,4,0.0,1.00,1.00,1.00,3.77,4.08,4.08,21.8,2.000,0.654,4.08
153000,2136,12,29.8,0.0,5.8,0.0,9.1,0.0,1.00,0.7,5,729,32.21,19.86,9,1,2,0.0,1.00,1.00,1.00,3.25,4.08,3.75,19.0,2.000,0.636,4.08
153000,2105,10,49.8,0.0,12.8,0.0,12.1,0.0,1.00,0.4,3,534,27.42,21.22,1,8,1,0.0,1.00,1.00,1.00,4.20,4.90,5.10,31.1,2.000,0.710,5.10
153000,1967,9,32.0,0.0,5.1,0.0,10.9,0.0,1.00,0.0,3,996,41.34,20.72,3,5,1,0.0,1.00,1.00,1.00,3.11,4.00,4.00,29.8,2.000,0.844,4.00
153000,2117,7,28.6,0.0,6.3,0.0,8.0,0.0,1.00,0.9,4,839,35.84,40.86,6,1,0,0.0,1.00,1.00,1.00,3.71,3.57,4.00,13.3,2.000,0.649,4.00
153000,2137,6,33.0,0.0,4.2,0.0,12.3,0.0,1.00,0.0,3,1014,51.68,35.63,0,0,6,0.0,1.00,1.00,1.00,3.17,4.17,4.17,51.7,2.000,0.582,4.17
153000,2070,5,28.0,0.0,7.6,0.0,6.4,0.0,1.00,0.8,3,1936,78.74,72.11,4,1,0,0.0,1.00,1.00,1.00,3.00,3.80,3.80,15.4,2.000,0.594,4.00
153000,1943,5,32.0,0.0,9.2,0.0,6.8,0.0,1.00,0.0,3,1651,76.43,52.90,4,0,1,0.0,1.00,1.00,1.00,3.60,4.00,4.00,20.8,2.000,0.837,4.00
154000,2158,239,34.1,0.0,7.9,0.0,9.2,0.0,1.00,0.2,43,870,37.16,29.28,184,41,14,0.0,1.00,1.00,1.00,3.59,4.10,4.15,17.2,2.000,0.749,4.16
154000,1763,58,33.4,0.0,8.7,0.0,8.1,0.0,1.00,0.1,19,1368,51.17,32.43,35,13,10,0.0,1.00,1.00,1.00,3.53,4.07,4.10,25.4,2.000,0.746,4.12
154000,1966,44,32.3,0.0,6.8,0.0,9.4,0.0,1.00,0.0,9,1245,53.88,41.08,27,9,8,0.0,1.00,1.00,1.00,3.59,4.02,4.02,22.4,2.000,0.627,4.02
154000,2132,31,31.2,0.0,1.4,0.0,14.3,0.0,1.00,0.2,5,754,31.31,24.65,20,8,3,0.0,1.00,1.00,1.00,3.61,3.90,4.00,19.7,2.000,0.814,4.00
154000,1862,23,30.4,0.0,6.8,0.0,8.4,0.0,1.00,1.0,8,984,43.90,27.84,17,4,2,0.0,1.00,1.00,1.00,3.30,3.91,3.78,22.8,2.000,0.627,4.09
154000,1939,20,39.2,0.0,4.2,0.0,15.4,0.0,1.00,0.0,7,1430,75.36,44.59,16,4,0,0.0,1.00,1.00,1.00,3.80,4.40,4.40,13.3,2.000,0.804,4.40
154000,2159,17,43.9,0.0,11.5,0.0,10.5,0.0,1.00,0.4,8,1254,59.21,38.55,11,4,2,0.0,1.00,1.00,1.00,3.59,4.76,4.76,19.4,2.000,0.620,4.76
154000,1457,13,31.2,0.0,6.7,0.0,8.9,0.0,1.00,0.0,8,1203,70.10,67.34,11,2,0,0.0,1.00,1.00,1.00,3.15,4.00,4.00,17.1,2.000,0.913,4.00
154000,1967,11,32.0,0.0,3.3,0.0,12.7,0.0,1.00,0.0,3,984,37.93,20.07,5,4,2,0.0,1.00,1.00,1.00,3.00,4.00,4.00,26.8,2.000,0.831,4.00
154000,2104,10,32.0,0.0,0.0,0.0,16.0,0.0,1.00,0.0,1,1167,43.75,17.89,1,7,2,0.0,1.00,1.00,1.00,3.60,4.00,4.00,34.5,2.000,0.799,4.00
154000,2007,8,30.0,0.0,9.4,0.0,5.6,0.0,1.00,0.5,3,1114,46.50,29.02,8,0,0,0.0,1.00,1.00,1.00,2.75,3.75,4.00,9.6,2.000,0.644,4.00
154000,1914,7,30.6,0.0,0.0,0.0,15.3,0.0,1.00,0.3,3,1111,49.01,36.04,6,1,0,0.0,1.00,1.00,1.00,2.86,3.86,4.00,20.6,2.000,0.659,4.00
154000,2117,7,32.0,0.0,7.4,0.0,8.6,0.0,1.00,0.0,2,1118,38.08,32.78,5,2,0,0.0,1.00,1.00,1.00,3.71,4.00,4.00,17.2,2.000,0.635,4.00
154000,2136,6,31.3,0.0,6.5,0.0,9.2,0.0,1.00,0.0,3,1351,53.81,40.30,3,3,0,0.0,1.00,1.00,1.00,4.00,4.00,4.00,20.7,2.000,0.633,4.00
154000,2105,6,46.7,0.0,11.7,0.0,11.7,0.0,1.00,0.3,2,895,44.48,23.66,4,2,0,0.0,1.00,1.00,1.00,3.83,4.83,5.00,19.1,2.000,0.702,5.00
154000,2024,6,35.0,0.0,6.7,0.0,10.8,0.0,1.00,0.0,2,301,12.51,17.23,6,0,0,0.0,1.00,1.00,1.00,4.00,4.17,4.17,8.7,2.000,0.956,4.17
154000,2161,5,32.0,0.0,0.0,0.0,16.0,0.0,1.00,0.0,1,1316,41.17,23.64,1,2,2,0.0,1.00,1.00,1.00,4.00,4.00,4.00,35.5,2.000,0.876,4.00
154000,1593,5,32.0,0.0,8.0,0.0,8.0,0.0,1.00,0.0,1,1307,60.06,48.98,4,0,1,0.0,1.00,1.00,1.00,4.00,4.00,4.00,17.2,2.000,0.909,4.00
154000,2125,5,46.4,0.0,1.2,0.0,22.0,0.0,1.00,0.0,4,810,46.61,13.06,3,2,0,0.0,1.00,1.00,1.00,4.00,4.80,4.80,18.0,2.000,0.769,4.80
154000,2074,5,32.8,0.0,0.0,0.0,16.4,0.0,1.00,10.0,5,731,97.11,18.57,5,0,0,0.0,1.00,1.00,1.00,3.60,4.80,4.60,13.6,2.000,0.773,7.20
154000,2107,5,69.6,0.0,0.4,0.0,34.4,0.0,1.00,1.2,4,577,49.15,28.67,3,2,0,0.0,1.00,1.00,1.00,5.80,5.60,6.20,19.6,2.000,0.187,6.20
154000,1919,5,21.6,0.0,0.0,0.0,10.8,0.0,1.00,3.2,3,261,9.58,5.19,4,1,0,0.0,1.00,1.00,1.00,2.40,3.40,3.00,22.9,2.000,0.900,4.00
155000,2158,158,33.5,0.0,7.0,0.0,9.7,0.0,1.00,0.3,34,943,44.73,28.20,121,24,13,0.0,1.00,1.00,1.00,3.51,4.06,4.08,19.7,2.000,0.729,4.14
155000,1966,64,31.9,0.0,4.9,0.0,11.0,0.0,1.00,0.8,18,646,30.47,22.70,55,4,5,0.0,1.00,1.00,1.00,3.58,4.11,3.94,17.2,2.000,0.633,4.22
155000,1763,30,33.6,0.0,8.6,0.0,8.2,0.0,1.00,0.3,12,806,30.52,21.84,22,5,3,0.0,1.00,1.00,1.00,3.57,4.03,4.17,23.7,2.000,0.723,4.17
155000,1862,28,31.3,0.0,6.8,0.0,8.9,0.0,1.00,0.1,8,979,39.26,26.96,21,3,4,0.0,1.00,1.00,1.00,3.50,3.93,4.00,19.0,2.000,0.662,4.00
155000,1939,20,37.9,0.0,5.1,0.0,13.9,0.0,1.00,1.7,10,884,47.94,42.49,19,0,1,0.0,1.00,1.00,1.00,3.40,4.60,4.15,12.3,2.000,0.837,4.80
155000,2132,12,32.0,0.0,1.3,0.0,14.7,0.0,1.00,0.0,2,1576,70.28,25.34,8,3,1,0.0,1.00,1.00,1.00,3.58,4.00,4.00,22.6,2.000,0.818,4.00
155000,2159,9,39.8,0.0,10.3,0.0,9.6,0.0,1.00,0.9,6,1041,66.52,44.08,7,2,0,0.0,1.00,1.00,1.00,3.89,4.67,4.22,11.3,2.000,0.654,4.67
155000,1914,8,28.2,0.0,0.0,0.0,14.1,0.0,1.00,1.5,2,889,43.38,25.53,8,0,0,0.0,1.00,1.00,1.00,3.38,3.62,3.62,9.8,2.000,0.638,4.00
155000,2125,8,22.5,0.0,0.0,0.0,11.2,0.0,1.00,2.8,3,471,33.17,22.67,8,0,0,0.0,1.00,1.00,1.00,2.38,3.62,3.00,8.7,2.000,0.342,4.00
155000,2195,7,32.0,0.0,0.0,0.0,16.0,0.0,1.00,0.0,1,990,50.55,39.20,7,0,0,0.0,1.00,1.00,1.00,3.71,4.00,4.00,10.9,2.000,0.871,4.00
155000,2117,6,32.0,0.0,8.0,0.0,8.0,0.0,1.00,0.0,1,1265,48.61,31.72,3,1,2,0.0,1.00,1.00,1.00,3.33,4.00,4.00,30.2,2.000,0.635,4.00
156000,2158,125,34.0,0.0,7.4,0.0,9.5,0.0,1.01,0.4,40,1170,57.76,25.89,97,18,10,0.0,1.02,1.00,1.01,3.55,4.14,4.10,19.5,2.000,0.750,4.23
156000,1966,95,32.8,0.0,6.4,0.0,10.0,0.0,1.00,0.6,30,752,35.70,22.24,67,18,10,0.0,1.00,1.00,1.00,3.55,4.12,4.02,19.9,2.000,0.621,4.21
156000,1763,34,34.3,0.0,8.7,0.0,8.5,0.0,1.00,0.2,15,1245,53.79,23.46,19,12,3,0.0,1.00,1.00,1.00,3.59,4.21,4.18,24.1,2.000,0.754,4.21
156000,1939,25,39.0,0.0,4.5,0.0,15.0,0.0,1.00,1.0,12,943,48.98,22.05,16,7,2,0.0,1.00,1.00,1.00,3.64,4.36,4.44,20.5,2.000,0.845,4.64
156000,2203,22,31.3,0.0,5.9,0.0,9.8,0.0,1.00,0.9,8,790,36.25,24.56,18,1,3,0.0,1.00,1.00,1.00,3.50,4.00,3.95,17.3,2.000,0.847,4.14
156000,1862,15,30.8,0.0,7.1,0.0,8.3,0.0,1.00,0.3,6,1168,54.77,17.85,11,2,2,0.0,1.00,1.00,1.00,3.67,4.00,3.87,21.4,2.000,0.669,4.00
156000,1593,14,32.0,0.0,8.4,0.0,7.6,0.0,1.00,0.0,4,473,22.98,21.45,13,0,1,0.0,1.00,1.00,1.00,3.43,4.00,4.00,11.8,2.000,0.907,4.00
156000,2195,12,33.5,0.0,0.0,0.0,16.8,0.0,1.00,0.0,2,909,48.27,16.93,11,1,0,0.0,1.00,1.00,1.00,3.83,4.08,4.08,12.7,2.000,0.861,4.08
156000,1914,7,32.0,0.0,0.0,0.0,16.0,0.0,1.00,0.0,1,714,54.74,54.91,7,0,0,0.0,1.00,1.00,1.00,3.71,4.00,4.00,3.7,2.000,0.662,4.00
157000,2158,157,32.7,0.0,6.7,0.0,9.6,0.0,1.00,0.6,42,985,49.70,18.70,96,36,25,0.0,1.00,1.00,1.00,3.55,4.11,4.07,24.3,2.000,0.725,4.22
157000,1966,144,31.8,0.0,5.9,0.0,10.0,0.0,1.00,0.3,37,861,41.51,19.11,72,42,30,0.0,1.00,1.00,1.00,3.42,4.01,4.02,25.4,2.000,0.630,4.09
157000,1763,22,33.8,0.0,8.0,0.0,8.9,0.0,1.00,0.3,10,815,44.66,12.22,8,9,5,0.0,1.00,1.00,1.00,3.55,4.23,4.18,29.2,2.000,0.798,4.23
157000,2203,21,40.5,0.0,4.7,0.0,15.5,0.0,1.00,0.0,12,822,39.59,23.66,12,8,1,0.0,1.00,1.00,1.00,3.86,4.48,4.48,20.0,2.000,0.853,4.48
157000,1593,21,32.9,0.0,7.4,0.0,9.0,0.0,1.00,0.0,5,899,39.83,22.63,13,3,5,0.0,1.00,1.00,1.00,3.48,4.10,4.10,22.7,2.000,0.900,4.10
157000,2195,20,34.7,0.0,0.0,0.0,17.4,0.0,1.00,0.0,2,1093,65.39,9.87,17,3,0,0.0,1.00,1.00,1.00,3.05,4.15,4.15,12.9,2.000,0.847,4.15
157000,2189,16,32.0,0.0,0.0,0.0,16.0,0.0,1.00,0.0,1,1225,62.32,15.55,10,6,0,0.0,1.00,1.00,1.00,3.44,4.00,4.00,22.0,2.000,0.831,4.00
157000,1862,14,36.1,0.0,6.2,0.0,11.9,0.0,1.00,0.0,4,1218,61.05,20.13,7,7,0,0.0,1.00,1.00,1.00,4.00,4.21,4.21,26.4,2.000,0.618,4.21
157000,1939,14,41.6,0.0,4.6,0.0,16.2,0.0,1.00,0.1,6,1084,54.16,21.51,6,6,2,0.0,1.00,1.00,1.00,3.86,4.50,4.57,26.8,2.000,0.819,4.57
157000,2136,12,27.2,0.0,0.1,0.0,13.5,0.0,1.00,1.3,4,771,43.29,18.95,11,1,0,0.0,1.00,1.00,1.00,3.00,3.83,3.50,16.8,2.000,0.710,4.00
157000,2007,11,30.5,0.0,7.5,0.0,7.7,0.0,1.00,0.2,3,675,40.15,16.46,10,1,0,0.0,1.00,1.00,1.00,3.18,3.91,4.00,14.8,2.000,0.681,4.00
157000,2117,9,25.6,0.0,3.4,0.0,9.3,0.0,1.00,2.2,7,867,54.20,17.05,8,1,0,0.0,1.00,1.00,1.00,3.00,3.44,3.67,16.9,2.000,0.662,4.11
157000,2125,9,24.9,0.0,0.0,0.0,12.4,0.0,1.00,2.2,7,560,32.42,11.41,8,1,0,0.0,1.00,1.00,1.00,2.78,3.89,3.22,11.9,2.000,0.199,4.11
157000,2218,8,32.0,0.0,3.2,0.0,12.8,0.0,1.00,0.0,3,1722,79.20,19.86,5,2,1,0.0,1.00,1.00,1.00,3.00,4.00,4.00,24.7,2.000,0.745,4.00
157000,2132,5,32.0,0.0,0.0,0.0,16.0,0.0,1.00,0.0,1,880,47.90,6.43,4,1,0,0.0,1.00,1.00,1.00,3.60,4.00,4.00,15.7,2.000,0.809,4.00
158000,1966,228,32.1,0.0,6.4,0.0,9.6,0.0,1.00,0.4,57,864,44.36,18.60,105,68,55,0.0,1.00,1.00,1.00,3.40,4.00,4.06,27.8,2.000,0.619,4.14
158000,2158,225,34.5,0.0,6.1,0.0,11.1,0.0,1.00,0.4,57,888,44.35,15.71,99,64,62,0.0,1.00,1.00,1.00,3.58,4.15,4.15,28.4,2.000,0.749,4.24
158000,2222,78,31.9,0.0,7.2,0.0,8.8,0.0,1.00,0.4,25,699,35.45,20.72,48,13,17,0.0,1.00,1.00,1.00,3.64,4.05,4.03,26.6,2.000,0.664,4.13
158000,1763,71,36.2,0.0,8.9,0.0,9.2,0.0,1.00,0.0,20,685,37.42,10.95,23,34,14,0.0,1.00,1.00,1.00,3.49,4.24,4.24,31.5,2.000,0.810,4.24
158000,1593,47,35.3,0.0,7.0,0.0,10.7,0.0,1.00,0.4,14,883,42.96,21.60,23,16,8,0.0,1.00,1.00,1.00,3.70,4.23,4.23,25.4,2.000,0.900,4.34
158000,2195,35,31.6,0.0,0.0,0.0,15.8,0.0,1.00,0.5,7,611,34.31,7.17,31,3,1,0.0,1.00,1.00,1.00,3.34,3.94,4.03,17.6,2.000,0.842,4.11
158000,1862,34,29.5,0.0,6.9,0.0,7.9,0.0,1.00,0.9,7,689,32.51,10.96,4,12,18,0.0,1.00,1.00,1.00,3.24,3.76,3.76,38.0,2.000,0.652,4.00
158000,2136,24,32.0,0.0,3.0,0.0,13.0,0.0,1.00,0.0,5,826,42.64,12.50,3,12,9,0.0,1.00,1.00,1.00,3.33,4.00,4.00,36.2,2.000,0.692,4.00
158000,2189,21,30.7,0.0,0.0,0.0,15.3,0.0,1.00,0.3,3,1070,55.26,13.55,11,6,4,0.0,1.00,1.00,1.00,3.19,3.95,3.90,26.2,2.000,0.824,4.00
158000,2223,19,29.4,0.0,4.9,0.0,9.7,0.0,1.00,1.2,11,1088,50.34,25.61,5,6,8,0.0,1.00,1.00,1.00,3.37,3.89,3.84,33.4,2.000,0.693,4.16
158000,2203,19,32.9,0.0,2.5,0.0,14.0,0.0,1.00,0.0,6,290,18.34,9.72,3,15,1,0.0,1.00,1.00,1.00,3.89,4.05,4.05,33.8,2.000,0.905,4.05
158000,1939,14,47.6,0.0,5.2,0.0,18.6,0.0,1.00,0.3,6,609,51.83,8.44,4,9,1,0.0,1.00,1.00,1.00,4.00,4.79,4.93,23.7,2.000,0.894,4.93
158000,2117,12,33.0,0.0,5.8,0.0,10.7,0.0,1.00,0.8,6,952,66.16,22.61,6,3,3,0.0,1.00,1.00,1.00,3.83,4.17,3.92,29.9,2.000,0.644,4.25
158000,2007,9,32.0,0.0,8.0,0.0,8.0,0.0,1.00,0.0,1,1305,62.92,19.90,6,2,1,0.0,1.00,1.00,1.00,3.56,4.00,4.00,22.0,2.000,0.655,4.00
158000,2132,8,31.8,0.0,0.0,0.0,15.9,0.0,1.00,0.0,2,680,27.10,5.19,7,0,1,0.0,1.00,1.00,1.00,3.62,4.00,4.00,19.2,2.000,0.779,4.00
158000,2159,6,47.0,0.0,10.7,0.0,12.8,0.0,1.00,0.0,3,1309,63.26,14.86,4,1,1,0.0,1.00,1.00,1.00,3.67,4.83,4.83,18.3,2.000,0.619,4.83
159000,2158,331,34.5,0.0,5.3,0.0,11.9,0.0,1.00,0.5,79,974,50.27,19.59,155,106,70,0.0,1.00,1.00,1.00,3.60,4.16,4.17,27.9,2.000,0.749,4.28
159000,1966,329,32.5,0.0,6.4,0.0,9.8,0.0,1.00,0.3,63,914,46.07,20.91,116,101,112,0.0,1.00,1.00,1.00,3.60,4.04,4.05,30.4,2.000,0.639,4.11
159000,1763,116,34.2,0.0,8.6,0.0,8.5,0.0,1.00,0.1,27,975,51.22,13.95,24,51,41,0.0,1.00,1.00,1.00,3.64,4.16,4.19,35.0,2.000,0.803,4.19
159000,2228,110,31.9,0.0,4.8,0.0,11.1,0.0,1.00,0.2,32,949,49.59,13.62,44,35,31,0.0,1.00,1.00,1.00,3.54,4.00,4.01,29.7,2.000,0.706,4.05
159000,2222,84,31.5,0.0,7.6,0.0,8.2,0.0,1.00,0.3,15,975,46.99,22.77,31,33,20,0.0,1.00,1.00,1.00,3.38,3.95,4.05,29.6,2.000,0.670,4.05
159000,1862,57,32.1,0.0,7.3,0.0,8.7,0.0,1.00,0.0,15,785,38.10,12.59,10,25,22,0.0,1.00,1.00,1.00,3.54,4.04,4.04,36.3,2.000,0.666,4.04
159000,2136,45,30.8,0.0,1.9,0.0,13.4,0.0,1.00,0.3,10,882,48.87,12.52,15,13,17,0.0,1.00,1.00,1.00,3.44,3.93,3.93,32.6,2.000,0.678,4.00
159000,2189,35,30.0,0.0,0.0,0.0,15.0,0.0,1.00,0.3,9,790,43.73,20.07,15,8,12,0.0,1.00,1.00,1.00,3.29,3.91,3.94,32.3,2.000,0.845,4.00
159000,2195,34,31.8,0.0,0.0,0.0,15.9,0.0,1.00,0.1,2,832,44.40,14.89,21,9,4,0.0,1.00,1.00,1.00,3.76,3.97,4.00,22.1,2.000,0.864,4.00
159000,1593,29,38.3,0.0,9.5,0.0,9.6,0.0,1.00,0.4,9,1050,56.42,32.17,16,9,4,0.0,1.00,1.00,1.00,3.48,4.38,4.31,21.7,2.000,0.917,4.45
159000,2117,16,30.2,0.0,6.5,0.0,8.6,0.0,1.00,0.8,6,1253,77.89,28.49,11,3,2,0.0,1.00,1.00,1.00,3.69,3.81,3.94,22.8,2.000,0.629,4.06
159000,2007,13,31.7,0.0,6.9,0.0,8.9,0.0,1.00,0.0,4,1075,51.33,15.69,7,4,2,0.0,1.00,1.00,1.00,3.85,4.00,4.00,23.1,2.000,0.655,4.00
159000,2223,11,33.6,0.0,7.0,0.0,9.8,0.0,1.00,0.0,3,1087,47.97,17.26,5,6,0,0.0,1.00,1.00,1.00,3.64,4.09,4.09,21.0,2.000,0.673,4.09
159000,1939,11,42.5,0.0,4.3,0.0,17.0,0.0,1.00,0.9,8,626,51.06,16.20,0,2,9,0.0,1.00,1.00,1.00,3.82,4.45,4.73,51.9,2.000,0.876,4.73
159000,2159,10,52.0,0.0,7.0,0.0,19.0,0.0,1.00,0.0,5,802,48.77,9.44,6,4,0,0.0,1.00,1.00,1.00,4.20,5.10,5.10,22.5,2.000,0.527,5.10
159000,1914,9,29.6,0.0,0.0,0.0,14.8,0.0,1.00,0.4,2,708,33.09,10.53,8,1,0,0.0,1.00,1.00,1.00,3.33,3.78,4.00,12.4,2.000,0.660,4.00
159000,2203,9,27.3,0.0,1.8,0.0,11.9,0.0,1.00,1.3,6,926,51.79,17.15,0,3,6,0.0,1.00,1.00,1.00,2.67,3.44,3.89,42.2,2.000,0.883,4.00
159000,2132,5,32.0,0.0,0.0,0.0,16.0,0.0,1.00,0.0,1,1613,75.06,15.14,3,2,0,0.0,1.00,1.00,1.00,3.00,4.00,4.00,24.4,2.000,0.785,4.00
160000,1966,448,33.2,0.0,6.2,0.0,10.4,0.0,1.00,0.3,99,961,49.38,25.08,154,177,117,0.0,1.00,1.00,1.00,3.54,4.09,4.10,31.1,2.000,0.626,4.16
160000,2158,295,34.0,0.0,7.2,0.0,9.8,0.0,1.00,0.3,54,1043,52.03,23.46,142,98,55,0.0,1.00,1.00,1.00,3.63,4.12,4.15,26.4,2.000,0.723,4.20
160000,1763,168,34.7,0.0,6.8,0.0,10.5,0.0,1.00,0.1,41,1040,55.64,18.51,30,60,78,0.0,1.00,1.00,1.00,3.66,4.20,4.18,37.1,2.000,0.791,4.21
160000,2222,141,31.2,0.0,7.1,0.0,8.5,0.0,1.00,0.5,32,961,48.35,21.62,36,79,26,0.0,1.00,1.00,1.00,3.56,3.98,4.00,30.4,2.000,0.668,4.09
160000,2228,114,31.6,0.0,3.8,0.0,11.9,0.0,1.01,0.2,35,997,52.21,18.36,37,33,44,0.0,1.02,1.00,1.01,3.37,4.04,3.97,33.5,2.000,0.689,4.06
160000,1862,72,31.3,0.0,5.9,0.0,9.8,0.0,1.00,0.4,25,1123,60.66,22.75,10,24,38,0.0,1.00,1.00,1.00,3.40,3.93,4.00,38.0,2.000,0.635,4.07
160000,2136,61,34.5,0.0,1.7,0.0,15.6,0.0,1.00,0.0,9,896,46.97,11.84,24,27,10,0.0,1.00,1.00,1.00,3.57,4.15,4.15,28.7,2.000,0.654,4.15
160000,2195,52,29.4,0.0,0.0,0.0,14.7,0.0,1.00,0.8,12,871,51.88,18.78,26,19,7,0.0,1.00,1.00,1.00,3.31,3.92,3.83,25.4,2.000,0.854,4.08
160000,2117,48,33.4,0.0,4.6,0.0,12.1,0.0,1.00,0.0,12,669,40.15,18.43,11,8,29,0.0,1.00,1.00,1.00,3.58,4.08,4.08,37.6,2.000,0.612,4.08
160000,1593,45,32.3,0.0,7.4,0.0,8.7,0.0,1.00,0.4,14,918,43.85,31.86,25,7,13,0.0,1.00,1.00,1.00,3.44,4.09,4.09,27.2,2.000,0.907,4.18
160000,2189,24,30.2,0.0,0.0,0.0,15.1,0.0,1.00,0.2,5,1064,70.73,24.44,13,6,5,0.0,1.00,1.00,1.00,3.58,3.96,3.92,24.3,2.000,0.821,4.00
160000,2223,11,32.0,0.0,7.6,0.0,8.4,0.0,1.00,0.0,2,1028,58.57,37.29,4,6,1,0.0,1.00,1.00,1.00,3.82,4.00,4.00,29.4,2.000,0.667,4.00
160000,2007,7,32.0,0.0,8.0,0.0,8.0,0.0,1.00,0.0,1,889,39.15,24.67,4,2,1,0.0,1.00,1.00,1.00,3.43,4.00,4.00,23.5,2.000,0.655,4.00
160000,2132,7,32.0,0.0,0.0,0.0,16.0,0.0,1.00,0.0,1,411,32.25,23.12,7,0,0,0.0,1.00,1.00,1.00,3.71,4.00,4.00,14.5,2.000,0.887,4.00
160000,2217,6,32.0,0.0,0.0,0.0,16.0,0.0,1.00,0.0,1,1729,76.22,15.16,3,1,2,0.0,1.00,1.00,1.00,2.83,4.00,4.00,22.2,2.000,0.848,4.00
160000,2203,6,29.3,0.0,1.3,0.0,13.3,0.0,1.00,0.7,5,1280,73.29,18.18,0,0,6,0.0,1.00,1.00,1.00,3.33,3.67,4.00,43.8,2.000,0.865,4.00
160000,1939,6,47.0,0.0,3.2,0.0,20.3,0.0,1.00,0.0,3,880,72.54,26.96,0,3,3,0.0,1.00,1.00,1.00,3.67,4.83,4.83,41.6,2.000,0.880,4.83
160000,1914,6,31.0,0.0,0.0,0.0,15.5,0.0,1.00,0.0,2,1242,55.05,17.96,6,0,0,0.0,1.00,1.00,1.00,3.67,4.00,4.00,10.7,2.000,0.629,4.00
160000,2233,5,46.0,0.0,0.0,0.0,23.0,0.0,1.00,0.8,2,1683,177.23,170.67,5,0,0,0.0,1.00,1.00,1.00,3.60,5.00,4.60,15.4,2.000,0.910,5.00
161000,1966,487,32.7,0.0,6.3,0.0,10.0,0.0,1.01,0.5,134,946,52.51,33.29,141,181,165,0.0,1.01,1.00,1.01,3.54,4.08,4.06,32.3,2.000,0.626,4.18
161000,2158,466,33.7,0.0,5.8,0.0,11.0,0.0,1.00,0.4,93,930,51.24,32.39,173,183,110,0.0,1.00,1.00,1.00,3.53,4.13,4.11,29.5,2.000,0.731,4.23
161000,2222,171,32.1,0.0,6.8,0.0,9.3,0.0,1.00,0.3,37,882,47.86,26.44,40,68,63,0.0,1.00,1.00,1.00,3.64,4.05,4.04,33.3,2.000,0.656,4.13
161000,1763,147,38.9,0.0,6.5,0.0,13.0,0.0,1.00,0.3,44,1052,60.01,37.64,29,56,62,0.0,1.00,1.00,1.00,3.79,4.38,4.31,36.1,2.000,0.806,4.41
161000,2228,141,31.0,0.0,5.2,0.0,10.3,0.0,1.00,0.4,41,829,43.40,26.20,41,43,57,0.0,1.00,1.00,1.00,3.46,3.96,3.96,33.8,2.000,0.680,4.06
161000,1862,101,30.3,0.0,7.1,0.0,8.1,0.0,1.00,0.4,31,810,46.63,32.52,18,51,32,0.0,1.00,1.00,1.00,3.39,3.91,3.93,34.5,2.000,0.649,4.01
161000,2117,87,32.2,0.0,4.6,0.0,11.5,0.0,1.00,0.1,23,684,40.65,21.89,14,18,55,0.0,1.00,1.00,1.00,3.34,4.02,4.05,38.9,2.000,0.583,4.07
161000,1593,65,33.5,0.0,8.0,0.0,8.7,0.0,1.00,0.3,15,548,24.80,23.76,31,14,20,0.0,1.00,1.00,1.00,3.48,4.05,4.09,27.9,2.000,0.907,4.14
161000,2189,44,29.9,0.0,0.0,0.0,14.9,0.0,1.00,0.5,11,519,29.93,15.24,36,0,8,0.0,1.00,1.00,1.00,3.18,3.86,3.95,17.3,2.000,0.822,4.05
161000,2195,43,30.7,0.0,0.1,0.0,15.3,0.0,1.00,0.3,9,804,42.35,16.76,27,11,5,0.0,1.00,1.00,1.00,3.51,3.91,3.98,23.8,2.000,0.892,4.02
161000,2238,36,38.8,0.0,9.8,0.0,9.6,0.0,1.00,0.1,13,856,39.08,18.91,2,8,26,0.0,1.00,1.00,1.00,3.89,4.44,4.39,44.6,2.000,0.709,4.44
161000,2136,32,32.9,0.0,0.9,0.0,15.5,0.0,1.00,0.1,6,1318,73.49,36.26,13,15,4,0.0,1.00,1.00,1.00,3.75,4.06,4.03,27.3,2.000,0.696,4.06
161000,2240,28,27.9,0.0,0.0,0.0,13.9,0.0,1.00,1.1,9,1026,83.71,75.27,11,16,1,0.0,1.00,1.00,1.00,3.21,3.79,3.82,30.0,2.000,0.838,4.07
161000,2239,23,31.8,0.0,8.5,0.0,7.4,0.0,1.00,0.0,5,1314,69.36,63.11,12,8,3,0.0,1.00,1.00,1.00,3.35,4.09,4.09,27.8,2.000,0.960,4.09
161000,2007,23,31.5,0.0,8.7,0.0,7.1,0.0,1.00,0.1,4,868,40.83,27.04,17,3,3,0.0,1.00,1.00,1.00,3.30,3.96,4.00,18.4,2.000,0.675,4.00
161000,2223,14,32.9,0.0,7.6,0.0,8.8,0.0,1.00,0.3,5,898,58.30,47.77,8,5,1,0.0,1.00,1.00,1.00,2.86,4.14,4.00,19.4,2.000,0.659,4.14
161000,1914,11,32.0,0.0,0.0,0.0,16.0,0.0,1.00,0.0,1,850,45.62,17.78,9,2,0,0.0,1.00,1.00,1.00,3.64,4.00,4.00,14.3,2.000,0.692,4.00
161000,2159,10,56.0,0.0,4.5,0.0,23.5,0.0,1.00,0.4,7,667,44.42,15.43,2,8,0,0.0,1.00,1.00,1.00,4.70,5.40,5.20,29.6,2.000,0.611,5.40
161000,1939,9,48.9,0.0,7.6,0.0,16.9,0.0,1.00,0.2,5,407,31.98,18.79,0,7,2,0.0,1.00,1.00,1.00,4.00,5.00,4.89,38.0,2.000,0.878,5.00
161000,2217,8,28.7,0.0,0.0,0.0,14.4,0.0,1.00,1.0,3,954,52.78,14.62,6,1,1,0.0,1.00,1.00,1.00,3.00,3.88,3.88,16.5,2.000,0.838,4.12
161000,2132,7,32.0,0.0,0.0,0.0,16.0,0.0,1.00,0.0,1,1253,71.96,48.81,7,0,0,0.0,1.00,1.00,1.00,3.14,4.00,4.00,18.3,2.000,0.857,4.00
162000,2158,783,33.3,0.0,6.1,0.0,10.5,0.0,1.00,0.5,153,960,53.50,35.12,281,308,194,0.0,1.00,1.00,1.00,3.52,4.09,4.08,30.0,2.000,0.725,4.20
162000,1966,510,33.2,0.0,6.6,0.0,10.0,0.0,1.01,0.5,139,917,51.75,36.97,172,164,174,0.0,1.01,1.00,1.01,3.55,4.08,4.10,31.5,2.000,0.602,4.21
162000,1862,172,32.0,0.0,7.0,0.0,9.0,0.0,1.00,0.3,37,701,36.30,30.13,25,70,77,0.0,1.00,1.00,1.00,3.62,3.98,4.04,36.4,2.000,0.621,4.08
162000,1763,161,34.2,0.0,6.1,0.0,11.0,0.0,1.00,0.3,48,1037,55.83,38.55,36,70,55,0.0,1.00,1.00,1.00,3.47,4.16,4.13,34.6,2.000,0.770,4.23
162000,2228,133,30.6,0.0,4.9,0.0,10.4,0.0,1.00,0.5,38,976,50.04,36.18,31,63,39,0.0,1.00,1.00,1.00,3.35,3.92,3.89,32.2,2.000,0.684,4.03
162000,2117,102,32.5,0.0,4.3,0.0,11.9,0.0,1.00,0.2,21,989,56.34,32.41,15,43,44,0.0,1.00,1.00,1.00,3.51,4.03,4.04,36.0,2.000,0.566,4.08
162000,1593,74,30.5,0.0,7.0,0.0,8.3,0.0,1.00,0.6,26,646,31.29,31.95,23,12,39,0.0,1.00,1.00,1.00,3.45,3.89,3.99,36.8,2.000,0.893,4.08
162000,2136,53,32.0,0.0,1.1,0.0,14.9,0.0,1.00,0.1,7,1028,61.32,38.94,27,13,13,0.0,1.00,1.00,1.00,3.19,4.02,4.00,27.1,2.000,0.695,4.04
162000,2195,40,30.0,0.0,0.0,0.0,15.0,0.0,1.00,0.6,6,638,35.16,15.62,24,15,1,0.0,1.00,1.00,1.00,3.45,3.90,3.83,23.1,2.000,0.843,4.03
162000,2240,33,33.0,0.0,0.0,0.0,16.5,0.0,1.00,0.1,6,997,67.53,74.28,18,13,2,0.0,1.00,1.00,1.00,3.76,4.12,4.06,28.1,2.000,0.810,4.12
162000,2249,26,30.4,0.0,8.1,0.0,7.1,0.0,1.00,0.3,7,660,32.37,18.44,9,17,0,0.0,1.00,1.00,1.00,3.69,4.08,4.00,24.7,2.000,0.711,4.12
162000,2007,25,31.4,0.0,8.6,0.0,7.1,0.0,1.00,0.0,4,1131,50.24,24.92,16,6,3,0.0,1.00,1.00,1.00,3.40,4.04,4.04,21.2,2.000,0.676,4.04
162000,2239,20,31.7,0.0,8.5,0.0,7.3,0.0,1.00,0.0,5,1398,65.30,61.67,11,6,3,0.0,1.00,1.00,1.00,3.20,4.00,4.00,24.0,2.000,0.957,4.00
162000,2238,18,35.0,0.0,9.9,0.0,7.6,0.0,1.00,1.1,8,1244,59.59,29.65,2,7,9,0.0,1.00,1.00,1.00,3.44,4.06,4.28,41.7,2.000,0.695,4.44
162000,1939,18,36.8,0.0,5.2,0.0,13.2,0.0,1.00,0.4,11,557,37.00,26.96,1,10,7,0.0,1.00,1.00,1.00,3.33,4.50,4.39,38.3,2.000,0.891,4.56
162000,2132,17,32.0,0.0,1.4,0.0,14.6,0.0,1.00,0.0,3,793,45.43,23.77,16,1,0,0.0,1.00,1.00,1.00,3.76,4.00,4.00,14.0,2.000,0.813,4.00
162000,1914,16,32.0,0.0,0.0,0.0,16.0,0.0,1.00,0.0,1,637,36.39,14.41,13,0,3,0.0,1.00,1.00,1.00,3.50,4.00,4.00,18.5,2.000,0.723,4.00
162000,2246,14,32.0,0.0,9.9,0.0,6.1,0.0,1.00,0.0,3,607,21.05,23.15,8,5,1,0.0,1.00,1.00,1.00,3.29,4.00,4.00,24.2,2.000,0.734,4.00
162000,2247,14,29.0,0.0,7.2,0.0,7.3,0.0,1.00,0.7,4,856,32.68,31.84,11,3,0,0.0,1.00,1.00,1.00,3.14,3.86,3.79,17.1,2.000,0.910,4.00
162000,2244,14,31.4,0.0,5.9,0.0,9.8,0.0,1.00,0.1,6,506,23.55,19.54,0,0,14,0.0,1.00,1.00,1.00,3.57,4.07,4.00,44.7,2.000,0.721,4.07
162000,2189,9,34.0,0.0,0.0,0.0,17.0,0.0,1.00,0.0,2,649,37.02,17.22,9,0,0,0.0,1.00,1.00,1.00,3.11,4.11,4.11,10.8,2.000,0.869,4.11
162000,2223,8,30.0,0.0,6.2,0.0,8.8,0.0,1.00,0.5,3,858,41.39,21.80,4,1,3,0.0,1.00,1.00,1.00,2.88,4.00,3.75,26.8,2.000,0.685,4.00
163000,2158,860,34.3,0.0,6.7,0.0,10.4,0.0,1.00,0.4,165,973,53.71,35.17,292,338,230,0.0,1.00,1.00,1.00,3.54,4.15,4.14,30.4,2.000,0.709,4.25
163000,1966,526,33.4,0.0,6.6,0.0,10.1,0.0,1.01,0.4,142,1000,54.43,39.27,174,181,171,0.0,1.01,1.00,1.01,3.49,4.10,4.12,31.5,2.000,0.618,4.21
163000,1862,216,32.0,0.0,7.0,0.0,9.0,0.0,1.00,0.3,45,903,41.52,37.94,35,69,112,0.0,1.00,1.00,1.00,3.48,4.02,4.00,37.4,2.000,0.642,4.08
163000,1763,197,35.3,0.0,6.3,0.0,11.4,0.0,1.00,0.7,66,919,49.66,35.66,43,85,69,0.0,1.00,1.00,1.00,3.56,4.20,4.18,35.3,2.000,0.781,4.36
163000,2228,115,30.7,0.0,5.4,0.0,9.9,0.0,1.00,0.2,34,1136,57.26,39.25,32,65,18,0.0,1.00,1.00,1.00,3.36,4.00,3.95,30.6,2.000,0.686,4.00
163000,2117,100,33.7,0.0,3.8,0.0,13.1,0.0,1.00,0.1,20,952,51.70,35.94,15,30,55,0.0,1.00,1.00,1.00,3.56,4.12,4.14,38.5,2.000,0.537,4.15
163000,1593,69,32.9,0.0,8.1,0.0,8.3,0.0,1.00,0.3,19,801,38.80,41.59,16,29,24,0.0,1.00,1.00,1.00,3.59,4.09,4.01,35.4,2.000,0.904,4.13
163000,2136,44,32.5,0.0,1.8,0.0,14.4,0.0,1.00,0.2,8,1058,65.72,46.25,26,8,10,0.0,1.00,1.00,1.00,3.50,4.05,4.02,26.3,2.000,0.708,4.09
163000,2240,42,32.0,0.0,0.0,0.0,16.0,0.0,1.00,0.8,11,882,59.10,60.14,27,12,3,0.0,1.00,1.00,1.00,3.57,4.10,4.00,25.4,2.000,0.750,4.24
163000,2007,28,32.0,0.0,8.8,0.0,7.2,0.0,1.00,0.0,4,1442,61.73,34.10,18,7,3,0.0,1.00,1.00,1.00,3.64,4.00,4.00,23.5,2.000,0.670,4.00
163000,1914,28,31.9,0.0,0.0,0.0,15.9,0.0,1.00,0.6,4,844,44.81,20.79,15,6,7,0.0,1.00,1.00,1.00,3.75,3.96,3.93,24.9,2.000,0.784,4.11
163000,2239,26,30.7,0.0,7.5,0.0,7.8,0.0,1.00,0.1,7,1140,41.89,43.45,13,10,3,0.0,1.00,1.00,1.00,3.35,4.04,4.08,26.0,2.000,0.959,4.08
163000,2195,24,30.7,0.0,0.0,0.0,15.3,0.0,1.00,0.3,3,967,51.11,21.86,16,8,0,0.0,1.00,1.00,1.00,3.54,3.92,3.92,19.0,2.000,0.847,4.00
163000,2244,18,28.2,0.0,3.9,0.0,10.2,0.0,1.00,1.1,9,933,52.17,48.56,0,4,14,0.0,1.00,1.00,1.00,2.83,3.67,4.00,42.4,2.000,0.743,4.11
163000,2247,15,32.0,0.0,8.0,0.0,8.0,0.0,1.00,0.0,1,1250,47.06,47.26,7,8,0,0.0,1.00,1.00,1.00,3.73,4.00,4.00,22.4,2.000,0.899,4.00
163000,2238,13,33.4,0.0,9.2,0.0,7.5,0.0,1.00,0.0,3,1300,59.98,54.82,4,8,1,0.0,1.00,1.00,1.00,3.85,4.08,4.08,32.5,2.000,0.715,4.08
163000,2254,10,40.4,0.0,5.0,0.0,15.2,0.0,1.00,0.6,8,1005,51.85,36.26,8,2,0,0.0,1.00,1.00,1.00,3.50,4.60,4.70,12.9,2.000,0.812,4.80
163000,2189,9,27.3,0.0,0.0,0.0,13.7,0.0,1.00,1.6,3,783,40.17,28.55,3,6,0,0.0,1.00,1.00,1.00,3.67,3.67,3.56,25.1,2.000,0.857,4.00
163000,1939,8,42.8,0.0,6.0,0.0,15.4,0.0,1.00,1.0,3,1318,76.59,35.58,5,1,2,0.0,1.00,1.00,1.00,3.38,4.62,4.62,28.8,2.000,0.877,4.88
163000,2132,6,32.0,0.0,0.0,0.0,16.0,0.0,1.00,0.0,1,1121,44.53,20.97,6,0,0,0.0,1.00,1.00,1.00,4.00,4.00,4.00,16.9,2.000,0.814,4.00
163000,2246,6,32.0,0.0,6.0,0.0,10.0,0.0,1.00,0.0,4,988,51.35,58.70,4,2,0,0.0,1.00,1.00,1.00,4.00,4.00,4.00,23.0,2.000,0.650,4.00
164000,2158,913,34.6,0.0,7.1,0.0,10.2,0.0,1.00,0.4,180,955,51.06,36.84,327,358,228,0.0,1.00,1.00,1.00,3.51,4.17,4.17,29.5,2.000,0.710,4.27
164000,1966,513,33.3,0.0,6.9,0.0,9.7,0.0,1.00,0.5,136,998,50.26,37.04,214,142,157,0.0,1.01,1.00,1.00,3.50,4.08,4.09,29.9,2.000,0.617,4.21
164000,1862,255,31.4,0.0,6.6,0.0,9.1,0.0,1.00,0.4,55,802,40.21,36.46,26,96,133,0.0,1.00,1.00,1.00,3.31,3.94,3.97,39.4,2.000,0.627,4.06
164000,1763,211,35.9,0.0,6.2,0.0,11.7,0.0,1.00,0.6,63,933,54.30,39.26,37,92,82,0.0,1.00,1.00,1.00,3.45,4.22,4.21,36.1,2.000,0.752,4.38
164000,2228,125,31.3,0.0,5.1,0.0,10.5,0.0,1.00,0.1,40,971,47.89,31.13,30,86,9,0.0,1.00,1.00,1.00,3.52,3.98,4.01,30.4,2.000,0.655,4.02
164000,2117,75,33.0,0.0,5.1,0.0,11.3,0.0,1.00,0.4,21,900,52.81,45.03,8,32,35,0.0,1.00,1.00,1.00,3.77,4.11,4.07,38.2,2.000,0.547,4.19
164000,2136,55,29.2,0.0,2.1,0.0,12.5,0.0,1.00,1.0,17,921,55.68,36.72,33,12,10,0.0,1.00,1.00,1.00,3.20,3.85,3.82,23.9,2.000,0.643,4.07
164000,1593,43,31.2,0.0,9.1,0.0,6.5,0.0,1.00,0.1,11,1203,55.22,57.69,8,16,19,0.0,1.00,1.00,1.00,3.47,3.95,4.00,36.4,2.000,0.915,4.00
164000,2007,40,32.3,0.0,7.8,0.0,8.3,0.0,1.00,0.0,8,980,51.53,34.60,27,4,9,0.0,1.00,1.00,1.00,3.65,4.03,4.03,24.9,2.000,0.671,4.03
164000,2240,26,32.8,0.0,0.0,0.0,16.4,0.0,1.00,0.1,3,1340,92.05,87.58,7,15,4,0.0,1.00,1.00,1.00,3.27,4.08,4.04,30.0,2.000,0.797,4.08
164000,1914,22,31.4,0.0,0.0,0.0,15.7,0.0,1.00,0.6,5,848,44.45,20.51,21,1,0,0.0,1.00,1.00,1.00,3.14,4.05,3.91,13.6,2.000,0.693,4.14
164000,2238,19,31.2,0.0,7.8,0.0,7.7,0.0,1.00,0.4,8,978,38.41,50.17,0,10,9,0.0,1.00,1.00,1.00,3.58,3.89,4.11,39.2,2.000,0.696,4.11
164000,2244,17,24.2,0.0,3.3,0.0,8.8,0.0,1.00,2.1,10,1162,74.44,63.03,0,0,17,0.0,1.00,1.00,1.00,3.18,3.65,3.41,43.6,2.000,0.713,4.06
164000,2239,16,30.4,0.0,5.7,0.0,9.5,0.0,1.00,1.0,7,1355,51.56,36.62,11,4,1,0.0,1.00,1.00,1.00,3.38,3.88,3.88,21.4,2.000,0.962,4.12
164000,2247,12,32.0,0.0,8.0,0.0,8.0,0.0,1.00,0.0,1,1253,51.37,54.93,6,3,3,0.0,1.00,1.00,1.00,3.17,4.00,4.00,29.5,2.000,0.897,4.00
164000,2260,11,32.0,0.0,4.6,0.0,11.4,0.0,1.00,0.0,3,680,29.93,19.56,0,7,4,0.0,1.00,1.00,1.00,3.27,4.00,4.00,45.0,2.000,0.630,4.00
164000,2195,9,25.8,0.0,0.2,0.0,12.7,0.0,1.00,3.3,6,298,17.88,15.46,9,0,0,0.0,1.00,1.00,1.00,2.89,3.22,3.56,9.8,2.000,0.778,4.22
164000,2159,7,74.9,0.0,21.9,0.0,15.6,0.0,1.00,0.0,4,729,65.32,48.10,7,0,0,0.0,1.00,1.00,1.00,6.14,6.00,6.00,19.0,2.000,0.567,6.00
164000,2132,7,32.0,0.0,0.0,0.0,16.0,0.0,1.00,0.0,1,806,32.62,13.35,7,0,0,0.0,1.00,1.00,1.00,4.00,4.00,4.00,10.5,2.000,0.820,4.00
164000,2189,7,20.6,0.0,0.0,0.0,10.3,0.0,1.00,2.9,5,627,57.73,70.46,0,5,2,0.0,1.00,1.00,1.00,2.71,3.43,3.14,40.0,2.000,0.957,4.00
164000,1939,7,35.1,0.0,6.0,0.0,11.6,0.0,1.00,2.6,4,452,37.50,26.14,1,2,4,0.0,1.00,1.00,1.00,3.00,4.43,3.71,45.1,2.000,0.835,4.71
164000,2246,5,31.2,0.0,7.2,0.0,8.4,0.0,1.00,0.0,4,1548,63.77,62.82,1,4,0,0.0,1.00,1.00,1.00,3.60,4.00,4.00,26.4,2.000,0.695,4.00
165000,2158,924,34.9,0.0,7.6,0.0,9.9,0.0,1.00,0.3,161,1034,54.58,40.12,350,353,221,0.0,1.00,1.00,1.00,3.55,4.19,4.19,29.7,2.000,0.710,4.26
165000,1966,399,34.4,0.0,7.2,0.0,10.0,0.0,1.00,0.3,81,925,45.94,33.79,125,121,153,0.0,1.00,1.00,1.00,3.52,4.14,4.14,33.8,2.000,0.602,4.21
165000,1862,278,32.1,0.0,6.4,0.0,9.6,0.0,1.00,0.4,60,897,42.39,35.04,33,113,132,0.0,1.00,1.00,1.00,3.39,4.04,3.98,37.9,2.000,0.625,4.11
165000,1763,207,38.0,0.0,6.8,0.0,12.2,0.0,1.00,0.3,57,1082,57.27,37.52,45,63,99,0.0,1.00,1.00,1.00,3.64,4.36,4.36,36.6,2.000,0.778,4.43
165000,2228,97,32.4,0.0,5.0,0.0,11.2,0.0,1.00,0.3,27,1027,50.37,31.25,38,40,19,0.0,1.00,1.00,1.00,3.34,4.00,4.04,28.8,2.000,0.669,4.09
165000,2117,51,32.2,0.0,5.0,0.0,11.1,0.0,1.00,0.8,17,1352,77.01,64.93,7,14,30,0.0,1.00,1.00,1.00,3.39,4.08,3.96,39.1,2.000,0.494,4.22
165000,2007,47,31.5,0.0,8.5,0.0,7.3,0.0,1.00,0.2,9,1015,53.14,34.33,30,10,7,0.0,1.00,1.00,1.00,3.49,3.96,4.00,24.1,2.000,0.666,4.02
165000,2136,46,32.5,0.0,2.6,0.0,13.7,0.0,1.00,0.0,7,948,56.43,35.73,20,17,9,0.0,1.00,1.00,1.00,3.30,4.04,4.04,26.6,2.000,0.694,4.04
165000,1593,34,31.4,0.0,9.0,0.0,6.7,0.0,1.00,0.0,9,1364,70.79,58.92,3,20,11,0.0,1.00,1.00,1.00,3.44,4.00,4.00,38.9,2.000,0.909,4.00
165000,2247,34,29.6,0.0,6.4,0.0,8.4,0.0,1.00,0.7,11,691,31.22,32.38,12,5,17,0.0,1.00,1.00,1.00,3.26,3.88,3.88,34.7,2.000,0.888,4.06
165000,1914,29,32.3,0.0,0.0,0.0,16.2,0.0,1.00,0.2,4,741,42.32,21.78,28,1,0,0.0,1.00,1.00,1.00,3.52,4.07,3.97,11.0,2.000,0.653,4.07
165000,2240,24,30.8,0.0,0.0,0.0,15.4,0.0,1.00,0.5,4,952,46.14,52.94,7,8,9,0.0,1.00,1.00,1.00,3.38,4.00,3.92,32.4,2.000,0.811,4.08
165000,2238,16,33.0,0.0,7.3,0.0,9.2,0.0,1.00,0.1,4,1570,58.46,59.84,2,4,10,0.0,1.00,1.00,1.00,3.38,4.06,4.12,39.0,2.000,0.703,4.12
165000,2286,10,50.0,0.0,10.0,0.0,15.0,0.0,1.00,0.0,3,728,35.69,23.46,0,2,8,0.0,1.00,1.00,1.00,4.00,5.00,5.00,48.6,2.000,0.789,5.00
165000,2189,10,32.0,0.0,0.0,0.0,16.0,0.0,1.00,0.0,1,804,57.28,58.53,1,9,0,0.0,1.00,1.00,1.00,3.40,4.00,4.00,31.3,2.000,0.860,4.00
165000,2159,10,94.8,0.0,32.8,0.0,14.6,0.0,1.00,0.0,4,922,94.48,29.77,10,0,0,0.0,1.00,1.00,1.00,6.50,6.80,6.80,15.7,2.000,0.638,6.80
165000,2244,10,32.0,0.0,0.7,0.0,15.3,0.0,1.00,0.0,2,208,15.01,9.11,0,0,10,0.0,1.00,1.00,1.00,4.00,4.00,4.00,48.8,2.000,0.790,4.00
165000,2195,7,32.0,0.0,0.0,0.0,16.0,0.0,1.00,0.0,1,628,35.69,27.74,0,7,0,0.0,1.00,1.00,1.00,3.14,4.00,4.00,26.9,2.000,0.790,4.00
165000,2239,6,32.0,0.0,8.0,0.0,8.0,0.0,1.00,0.0,1,1958,83.69,47.98,5,1,0,0.0,1.00,1.00,1.00,4.00,4.00,4.00,21.0,2.000,0.958,4.00
165000,2246,6,32.0,0.0,10.0,0.0,6.0,0.0,1.00,0.0,1,514,23.65,19.74,3,3,0,0.0,1.00,1.00,1.00,3.00,4.00,4.00,24.2,2.000,0.815,4.00
165000,2223,6,35.0,0.0,1.0,0.0,16.5,0.0,1.00,0.0,3,181,14.14,12.03,6,0,0,0.0,1.00,1.00,1.00,4.00,4.17,4.17,5.3,2.000,0.706,4.17
165000,2260,5,32.0,0.0,6.0,0.0,10.0,0.0,1.00,0.0,3,1462,63.87,27.88,0,4,1,0.0,1.00,1.00,1.00,3.60,4.00,4.00,36.2,2.000,0.629,4.00
166000,2158,812,35.7,0.0,6.9,0.0,10.9,0.0,1.00,0.5,186,1034,54.55,37.88,285,291,236,0.0,1.00,1.00,1.00,3.53,4.21,4.23,30.5,2.000,0.712,4.33
166000,1966,376,33.7,0.0,7.4,0.0,9.5,0.0,1.00,0.3,80,1004,46.77,35.72,125,111,140,0.0,1.00,1.00,1.00,3.37,4.11,4.13,32.2,2.000,0.602,4.18
166000,1862,246,33.2,0.0,6.0,0.0,10.6,0.0,1.00,0.1,55,993,46.15,35.93,49,77,120,0.0,1.00,1.00,1.00,3.40,4.08,4.08,35.7,2.000,0.653,4.11
166000,1763,205,35.9,0.0,6.8,0.0,11.1,0.0,1.00,0.2,47,1024,54.68,34.10,62,75,68,0.0,1.00,1.00,1.00,3.66,4.22,4.22,32.6,2.000,0.794,4.28
166000,2228,108,29.8,0.0,6.1,0.0,8.9,0.0,1.00,0.5,36,809,40.86,29.38,69,28,11,0.0,1.00,1.00,1.00,3.31,3.92,3.88,24.0,2.000,0.654,4.02
166000,2136,60,30.2,0.0,2.5,0.0,12.6,0.0,1.00,0.3,13,937,55.54,34.68,32,24,4,0.0,1.00,1.00,1.00,3.55,3.97,3.97,22.1,2.000,0.673,4.03
166000,2007,54,32.1,0.0,8.8,0.0,7.3,0.0,1.00,0.3,12,1161,53.64,46.46,22,13,19,0.0,1.00,1.00,1.00,3.22,4.04,4.02,30.9,2.000,0.649,4.09
166000,2240,28,30.8,0.0,0.0,0.0,15.4,0.0,1.00,0.0,4,722,38.52,28.27,14,5,9,0.0,1.00,1.00,1.00,2.96,4.00,4.00,28.7,2.000,0.742,4.00
166000,2247,27,29.5,0.0,7.2,0.0,7.6,0.0,1.00,0.8,5,879,49.33,30.39,10,1,16,0.0,1.00,1.00,1.00,3.30,3.81,3.78,33.4,2.000,0.897,4.00
166000,2117,26,35.7,0.0,8.5,0.0,9.3,0.0,1.00,0.0,10,1157,62.97,42.59,4,16,6,0.0,1.00,1.00,1.00,3.73,4.23,4.23,35.0,2.000,0.631,4.23
166000,1593,24,32.4,0.0,8.7,0.0,7.5,0.0,1.00,0.0,7,1106,76.77,41.46,2,11,11,0.0,1.00,1.00,1.00,3.67,4.04,4.04,39.5,2.000,0.908,4.04
166000,2238,20,33.2,0.0,6.7,0.0,9.9,0.0,1.00,0.7,6,1048,46.76,37.46,2,5,13,0.0,1.00,1.00,1.00,3.50,4.05,4.00,41.3,2.000,0.696,4.20
166000,2159,16,83.1,0.0,23.2,0.0,18.3,0.0,1.00,0.9,8,1142,94.59,35.40,15,1,0,0.0,1.00,1.00,1.00,5.81,6.19,6.62,15.1,2.000,0.640,6.62
166000,1914,11,28.7,0.0,0.0,0.0,14.4,0.0,1.00,0.5,3,1286,68.39,34.71,11,0,0,0.0,1.00,1.00,1.00,2.82,4.00,3.73,15.1,2.000,0.606,4.00
166000,2297,11,29.8,0.0,0.0,0.0,14.9,0.0,1.00,0.5,2,1200,88.50,53.75,0,1,10,0.0,1.00,1.00,1.00,3.82,3.82,3.91,44.4,2.000,0.792,4.00
166000,2189,11,35.3,0.0,0.0,0.0,17.6,0.0,1.00,0.0,2,637,41.99,17.78,2,9,0,0.0,1.00,1.00,1.00,3.64,4.18,4.18,30.2,2.000,0.822,4.18
166000,2260,10,32.0,0.0,2.4,0.0,13.6,0.0,1.00,0.0,3,980,49.08,26.54,0,7,3,0.0,1.00,1.00,1.00,3.70,4.00,4.00,38.2,2.000,0.574,4.00
166000,2246,9,30.2,0.0,6.7,0.0,8.4,0.0,1.00,0.0,4,818,45.60,35.88,1,8,0,0.0,1.00,1.00,1.00,4.00,4.00,4.00,25.4,2.000,0.792,4.00
166000,2132,7,32.0,0.0,0.0,0.0,16.0,0.0,1.00,0.0,1,683,38.20,29.12,5,2,0,0.0,1.00,1.00,1.00,2.86,4.00,4.00,16.6,2.000,0.813,4.00
166000,2239,5,29.6,0.0,6.0,0.0,8.8,0.0,1.00,0.0,3,1488,76.12,42.98,5,0,0,0.0,1.00,1.00,1.00,3.80,4.00,4.00,14.6,2.000,0.957,4.00
166000,2244,5,30.0,0.0,7.2,0.0,7.8,0.0,1.00,0.4,2,1424,114.77,62.49,0,2,3,0.0,1.00,1.00,1.00,3.40,4.00,3.80,43.7,2.000,0.754,4.00
167000,2158,816,35.5,0.0,7.1,0.0,10.6,0.0,1.00,0.5,194,1020,54.82,37.96,270,324,222,0.0,1.00,1.00,1.00,3.57,4.20,4.21,30.8,2.000,0.708,4.32
167000,1966,413,34.9,0.0,7.2,0.0,10.2,0.0,1.00,0.2,87,1010,51.57,38.77,132,94,187,0.0,1.00,1.00,1.00,3.52,4.20,4.17,34.5,2.000,0.616,4.23
167000,1763,244,34.0,0.0,6.6,0.0,10.4,0.0,1.00,0.4,66,873,45.16,28.99,67,85,92,0.0,1.00,1.00,1.00,3.48,4.13,4.14,33.2,2.000,0.812,4.23
167000,1862,217,34.4,0.0,5.7,0.0,11.5,0.0,1.00,0.1,49,902,47.52,33.98,43,70,104,0.0,1.00,1.00,1.00,3.54,4.14,4.16,36.6,2.000,0.653,4.18
167000,2228,114,31.2,0.0,6.6,0.0,9.0,0.0,1.00,0.2,26,877,42.66,29.53,63,32,19,0.0,1.00,1.00,1.00,3.39,3.98,3.96,25.9,2.000,0.620,4.03
167000,2136,46,30.6,0.0,2.4,0.0,12.9,0.0,1.00,0.4,6,1182,70.36,50.10,17,27,2,0.0,1.00,1.00,1.00,3.33,3.91,3.87,25.4,2.000,0.671,4.00
167000,2007,40,34.2,0.0,9.9,0.0,7.2,0.0,1.00,0.1,12,1222,49.77,43.35,24,8,8,0.0,1.00,1.00,1.00,3.42,4.12,4.12,25.8,2.000,0.665,4.15
167000,2117,36,37.9,0.0,8.8,0.0,10.1,0.0,1.00,0.1,11,791,44.29,26.03,10,19,7,0.0,1.00,1.00,1.00,3.69,4.33,4.36,32.1,2.000,0.576,4.36
167000,2240,31,32.8,0.0,0.1,0.0,16.3,0.0,1.00,1.0,6,710,39.96,23.92,9,19,3,0.0,1.00,1.00,1.00,3.45,4.16,4.00,31.5,2.000,0.785,4.32
167000,2247,25,31.0,0.0,7.0,0.0,8.6,0.0,1.00,0.9,6,1326,70.28,41.20,12,4,9,0.0,1.00,1.00,1.00,3.40,3.88,3.84,29.0,2.000,0.916,4.08
167000,2244,24,31.5,0.0,6.9,0.0,8.9,0.0,1.00,0.0,5,443,26.87,21.55,0,5,19,0.0,1.00,1.00,1.00,3.54,4.00,4.00,41.3,2.000,0.701,4.00
167000,1593,21,32.3,0.0,8.0,0.0,8.1,0.0,1.00,0.0,9,1217,79.49,51.38,4,9,8,0.0,1.00,1.00,1.00,3.62,4.05,4.05,34.7,2.000,0.892,4.05
167000,2260,18,31.3,0.0,1.4,0.0,14.3,0.0,1.00,0.1,5,581,31.07,13.94,0,12,6,0.0,1.00,1.00,1.00,3.56,4.00,3.94,37.6,2.000,0.583,4.00
167000,2289,17,44.0,0.0,10.3,0.0,11.7,0.0,1.00,0.1,9,1143,69.61,54.73,5,6,6,0.0,1.00,1.00,1.00,3.88,4.65,4.71,34.7,2.000,0.667,4.71
167000,2238,12,32.0,0.0,6.5,0.0,9.5,0.0,1.00,0.0,3,1374,61.51,44.38,2,1,9,0.0,1.00,1.00,1.00,3.83,4.00,4.00,43.6,2.000,0.689,4.00
167000,2302,12,43.7,0.0,8.0,0.0,13.8,0.0,1.00,0.8,6,1210,99.26,69.99,3,0,9,0.0,1.00,1.00,1.00,3.42,4.67,4.58,38.1,2.000,0.636,4.83
167000,2310,11,29.6,0.0,0.0,0.0,14.8,0.0,1.00,0.9,5,716,38.89,20.26,10,1,0,0.0,1.00,1.00,1.00,3.36,4.09,3.64,14.6,2.000,0.841,4.09
167000,2301,10,29.2,0.0,0.0,0.0,14.6,0.0,1.00,0.4,3,1061,75.14,59.77,0,2,8,0.0,1.00,1.00,1.00,2.90,4.00,3.80,43.3,2.000,0.834,4.00
167000,2159,8,68.2,0.0,21.0,0.0,13.1,0.0,1.00,5.2,5,1756,159.53,56.61,7,1,0,0.0,1.00,1.00,1.00,5.75,6.25,6.12,13.3,2.000,0.640,7.12
167000,2246,7,32.0,0.0,10.0,0.0,6.0,0.0,1.00,0.0,1,1461,62.97,66.36,3,4,0,0.0,1.00,1.00,1.00,3.43,4.00,4.00,25.3,2.000,0.815,4.00
167000,2132,6,32.0,0.0,0.0,0.0,16.0,0.0,1.00,0.0,1,1072,52.57,32.10,6,0,0,0.0,1.00,1.00,1.00,4.00,4.00,4.00,14.9,2.000,0.803,4.00
167000,2239,5,32.0,0.0,8.0,0.0,8.0,0.0,1.00,0.0,1,1108,46.10,22.13,5,0,0,0.0,1.00,1.00,1.00,4.00,4.00,4.00,22.7,2.000,0.961,4.00
167000,2189,5,32.0,0.0,0.0,0.0,16.0,0.0,1.00,0.0,1,2302,139.17,55.76,2,3,0,0.0,1.00,1.00,1.00,2.00,4.00,4.00,28.8,2.000,0.858,4.00
168000,2158,733,37.0,0.0,7.2,0.0,11.3,0.0,1.00,0.3,171,1007,53.62,36.71,292,288,153,0.0,1.00,1.00,1.00,3.63,4.30,4.30,28.6,2.000,0.706,4.38
168000,1966,397,35.0,0.0,7.5,0.0,10.0,0.0,1.00,0.3,89,1094,57.49,43.31,125,107,165,0.0,1.00,1.00,1.00,3.51,4.19,4.18,33.6,2.000,0.616,4.26
168000,1862,243,32.5,0.0,5.7,0.0,10.6,0.0,1.00,0.5,68,885,44.72,30.85,39,84,120,0.0,1.00,1.00,1.00,3.40,4.03,4.06,37.5,2.000,0.658,4.17
168000,1763,228,34.6,0.0,6.6,0.0,10.7,0.0,1.00,0.3,50,1086,55.34,35.46,81,56,91,0.0,1.00,1.00,1.00,3.45,4.13,4.17,32.4,2.000,0.802,4.23
168000,2228,112,31.7,0.0,5.8,0.0,10.1,0.0,1.00,0.3,29,1082,51.95,34.43,54,40,18,0.0,1.00,1.00,1.00,3.35,3.99,3.96,26.0,2.000,0.623,4.04
168000,2136,58,29.1,0.0,2.9,0.0,11.6,0.0,1.00,0.9,17,862,43.67,36.99,15,33,10,0.0,1.00,1.00,1.00,3.24,3.81,3.81,28.6,2.000,0.645,4.03
168000,2007,46,31.8,0.0,7.6,0.0,8.3,0.0,1.00,0.3,10,1155,48.26,36.49,31,8,7,0.0,1.00,1.00,1.00,3.24,4.02,3.93,22.8,2.000,0.640,4.04
168000,2117,44,37.1,0.0,6.3,0.0,12.2,0.0,1.00,1.6,20,1050,57.26,39.17,14,23,7,0.0,1.00,1.00,1.00,3.41,4.16,4.27,32.4,2.000,0.575,4.61
168000,2244,26,32.3,0.0,7.8,0.0,8.4,0.0,1.00,0.1,6,925,33.97,39.44,0,6,20,0.0,1.00,1.00,1.00,2.88,4.04,4.00,41.5,2.000,0.747,4.04
168000,1593,20,34.1,0.0,7.9,0.0,9.1,0.0,1.00,0.0,6,999,39.58,35.65,2,10,8,0.0,1.00,1.00,1.00,3.65,4.15,4.15,37.0,2.000,0.892,4.15
168000,2238,16,33.5,0.0,9.1,0.0,7.7,0.0,1.00,0.0,4,1071,45.87,30.35,2,6,8,0.0,1.00,1.00,1.00,3.31,4.12,4.12,39.4,2.000,0.716,4.12
168000,2247,15,34.4,0.0,8.1,0.0,9.1,0.0,1.00,0.0,3,1234,78.16,49.05,8,3,4,0.0,1.00,1.00,1.00,3.00,4.13,4.13,25.2,2.000,0.913,4.13
168000,2301,15,28.7,0.0,0.0,0.0,14.3,0.0,1.00,0.9,4,643,35.72,24.22,0,6,9,0.0,1.00,1.00,1.00,2.87,3.80,3.73,40.9,2.000,0.788,4.00
168000,2314,12,36.5,0.8,0.0,0.0,16.8,0.0,1.35,0.0,4,815,50.01,67.87,0,4,8,0.0,1.27,1.42,1.35,3.00,4.17,4.17,44.2,2.000,0.879,4.17
168000,2260,12,32.0,0.0,1.6,0.0,14.4,0.0,1.00,0.0,3,1288,73.54,53.20,1,9,2,0.0,1.00,1.00,1.00,3.67,4.00,4.00,32.3,2.000,0.602,4.00
168000,2289,12,45.3,0.0,11.0,0.0,11.7,0.0,1.00,0.0,6,1058,54.95,30.18,3,2,7,0.0,1.00,1.00,1.00,3.67,4.75,4.75,37.5,2.000,0.712,4.75
168000,2302,11,44.7,0.0,7.5,0.0,14.9,0.0,1.00,0.9,4,1627,121.78,96.54,2,1,8,0.0,1.00,1.00,1.00,3.73,4.73,4.64,40.1,2.000,0.643,4.91
168000,2132,11,24.5,0.0,0.0,0.0,12.3,0.0,1.00,2.0,6,850,43.90,23.83,3,8,0,0.0,1.00,1.00,1.00,2.64,3.55,3.45,30.7,2.000,0.632,4.00
168000,2322,11,31.6,0.0,6.1,0.0,9.7,0.0,1.00,0.0,6,859,29.67,35.21,0,10,1,0.0,1.00,1.00,1.00,3.64,4.00,4.00,39.7,2.000,0.628,4.00
168000,2316,11,29.8,0.0,0.0,0.0,14.9,0.0,1.00,0.5,2,505,27.35,23.90,0,10,1,0.0,1.00,1.00,1.00,3.64,4.00,3.73,37.7,2.000,0.761,4.00
168000,2240,11,36.2,0.0,0.0,0.0,18.1,0.0,1.00,0.0,3,296,23.92,15.55,2,9,0,0.0,1.00,1.00,1.00,3.82,4.27,4.27,25.7,2.000,0.758,4.27
168000,2246,9,31.3,0.0,10.0,0.0,5.7,0.0,1.00,0.0,3,1328,46.58,51.63,3,6,0,0.0,1.00,1.00,1.00,3.33,4.00,4.00,26.5,2.000,0.816,4.00
168000,2323,7,32.0,0.0,0.0,0.0,16.0,0.0,1.00,0.0,1,410,20.91,13.52,0,5,2,0.0,1.00,1.00,1.00,4.00,4.00,4.00,34.6,2.000,0.491,4.00
168000,2239,7,32.0,0.0,8.0,0.0,8.0,0.0,1.00,0.0,1,967,39.07,31.27,6,1,0,0.0,1.00,1.00,1.00,3.00,4.00,4.00,18.0,2.000,0.961,4.00
168000,2286,7,40.9,0.0,8.6,0.0,11.9,0.0,1.00,2.0,5,482,27.44,26.59,0,4,3,0.0,1.00,1.00,1.00,3.86,5.14,4.14,39.2,2.000,0.801,5.14
168000,2315,5,47.6,0.0,0.0,0.0,23.8,0.0,1.00,0.4,4,1744,177.09,100.26,0,5,0,0.0,1.00,1.00,1.00,3.60,4.80,5.00,30.7,2.000,0.402,5.00
169000,2158,749,36.7,0.0,7.5,0.0,10.8,0.0,1.00,0.4,158,1108,56.54,39.89,301,270,178,0.0,1.00,1.00,1.00,3.59,4.28,4.28,28.8,2.000,0.709,4.37
169000,1966,424,35.1,0.0,6.7,0.0,10.8,0.0,1.00,0.5,108,989,49.05,36.17,123,114,187,0.0,1.00,1.00,1.00,3.61,4.18,4.16,34.4,2.000,0.605,4.29
169000,1763,235,34.3,0.0,6.1,0.0,11.0,0.0,1.00,0.5,72,922,49.52,30.13,100,60,75,0.0,1.00,1.00,1.00,3.50,4.22,4.14,29.9,2.000,0.803,4.30
169000,1862,223,34.7,0.0,6.4,0.0,10.9,0.0,1.00,0.2,49,960,49.10,34.96,40,101,82,0.0,1.00,1.00,1.00,3.48,4.16,4.18,36.4,2.000,0.642,4.22
169000,2228,90,32.5,0.0,5.2,0.0,11.0,0.0,1.00,0.1,27,899,44.68,27.15,51,25,14,0.0,1.00,1.00,1.00,3.60,4.04,4.06,25.2,2.000,0.650,4.08
169000,2334,80,34.7,0.2,9.1,0.0,7.8,0.6,1.06,0.1,34,1096,49.87,37.16,31,20,29,0.6,1.12,1.00,1.07,3.53,4.19,4.18,32.1,2.000,0.611,4.20
169000,2007,58,31.2,0.0,7.0,0.0,8.6,0.0,1.00,0.5,13,914,42.99,33.12,33,21,4,0.0,1.00,1.00,1.00,3.47,3.98,3.93,23.0,2.000,0.635,4.09
169000,2117,54,33.7,0.0,5.3,0.0,11.6,0.0,1.00,0.7,19,723,43.11,31.69,9,22,23,0.0,1.00,1.00,1.00,3.37,4.04,4.09,38.6,2.000,0.581,4.24
169000,2136,50,31.8,0.0,5.5,0.0,10.4,0.0,1.00,0.0,9,896,40.08,31.75,17,17,16,0.0,1.00,1.00,1.00,3.38,4.04,4.04,29.7,2.000,0.663,4.04
169000,2244,33,30.8,0.0,7.4,0.0,8.1,0.0,1.00,0.4,10,1007,48.68,52.67,0,12,21,0.0,1.00,1.00,1.00,3.67,4.00,3.94,41.8,2.000,0.731,4.06
169000,2345,23,31.4,0.0,0.0,0.0,15.7,0.0,1.00,1.0,5,665,40.61,27.48,23,0,0,0.0,1.00,1.00,1.00,3.52,3.87,3.91,9.5,2.000,0.865,4.13
169000,1593,20,32.7,0.0,8.8,0.0,7.6,0.0,1.00,0.4,8,1067,48.53,39.01,1,10,9,0.0,1.00,1.00,1.00,3.20,3.95,4.15,39.0,2.000,0.859,4.15
169000,2246,14,30.9,0.0,9.8,0.0,5.6,0.0,1.00,0.1,4,1225,45.07,38.70,0,14,0,0.0,1.00,1.00,1.00,2.86,4.00,3.93,33.6,2.000,0.816,4.00
169000,2302,14,44.3,0.0,7.8,0.0,14.4,0.0,1.00,0.0,6,996,46.37,28.25,3,7,4,0.0,1.00,1.00,1.00,3.79,4.79,4.79,31.5,2.000,0.718,4.79
169000,2238,14,39.1,0.0,6.4,0.0,13.2,0.0,1.00,0.1,5,831,35.76,19.95,0,8,6,0.0,1.00,1.00,1.00,3.71,4.43,4.36,41.7,2.000,0.686,4.43
169000,2301,14,23.7,0.0,0.0,0.0,11.9,0.0,1.00,3.4,8,498,33.16,23.93,0,12,2,0.0,1.00,1.00,1.00,3.00,3.50,3.50,38.8,2.000,0.808,4.29
169000,2286,13,41.2,0.0,6.0,0.0,14.6,0.0,1.00,1.5,9,740,43.27,37.24,0,2,11,0.0,1.00,1.00,1.00,3.85,4.85,4.62,44.3,2.000,0.760,5.00
169000,2316,10,32.0,0.0,0.0,0.0,16.0,0.0,1.00,0.0,1,276,15.11,18.47,0,10,0,0.0,1.00,1.00,1.00,2.80,4.00,4.00,30.6,2.000,0.810,4.00
169000,2314,9,30.2,0.0,0.0,0.0,15.1,0.0,1.00,0.4,2,744,65.05,45.32,0,8,1,0.0,1.00,1.00,1.00,4.00,3.78,4.00,36.6,2.000,0.882,4.00
169000,2260,6,32.0,0.0,6.5,0.0,9.5,0.0,1.00,0.0,3,1284,59.88,34.90,1,5,0,0.0,1.00,1.00,1.00,3.67,4.00,4.00,29.0,2.000,0.565,4.00
169000,2344,6,32.0,0.0,8.5,0.0,7.5,0.0,1.00,0.0,2,1319,84.49,75.47,0,6,0,0.0,1.00,1.00,1.00,4.00,4.00,4.00,32.6,2.000,0.427,4.00
169000,2239,5,32.0,0.0,8.0,0.0,8.0,0.0,1.00,0.0,1,2178,90.43,76.28,2,2,1,0.0,1.00,1.00,1.00,3.20,4.00,4.00,29.9,2.000,0.961,4.00
169000,2240,5,32.0,0.0,0.0,0.0,16.0,0.0,1.00,0.0,1,1753,70.67,34.48,0,3,2,0.0,1.00,1.00,1.00,2.80,4.00,4.00,42.5,2.000,0.770,4.00
169000,2247,5,35.6,0.0,9.2,0.0,8.6,0.0,1.00,0.0,3,1409,70.76,43.20,2,0,3,0.0,1.00,1.00,1.00,3.20,4.20,4.20,38.2,2.000,0.923,4.20
170000,2158,729,36.5,0.0,6.9,0.0,11.3,0.0,1.00,0.4,164,967,50.93,35.10,280,285,164,0.0,1.00,1.00,1.00,3.58,4.28,4.29,28.9,2.000,0.690,4.38
170000,1966,370,35.0,0.0,7.1,0.0,10.4,0.0,1.00,0.7,92,962,47.21,37.66,126,133,111,0.0,1.00,1.00,1.00,3.44,4.19,4.15,31.2,2.000,0.601,4.34
170000,1763,207,34.3,0.0,5.0,0.0,12.2,0.0,1.00,0.5,60,992,57.68,38.39,80,70,57,0.0,1.00,1.00,1.00,3.60,4.17,4.17,31.3,2.000,0.785,4.29
170000,1862,169,32.4,0.0,6.4,0.0,9.8,0.0,1.00,0.3,42,960,45.50,38.00,43,51,75,0.0,1.00,1.00,1.00,3.44,3.99,4.05,34.9,2.000,0.674,4.09
170000,2228,74,32.4,0.0,5.6,0.0,10.5,0.0,1.00,0.0,16,1116,54.09,30.88,31,26,17,0.0,1.00,1.00,1.00,3.53,4.04,4.04,27.3,2.000,0.641,4.04
170000,2007,63,31.1,0.0,7.7,0.0,7.9,0.0,1.00,0.6,13,964,42.57,31.79,44,13,6,0.0,1.00,1.00,1.00,3.21,3.94,3.90,21.4,2.000,0.657,4.06
170000,2244,57,31.9,0.0,6.6,0.0,9.3,0.0,1.00,0.5,19,523,26.92,31.86,0,16,41,0.0,1.00,1.00,1.00,3.58,4.00,4.02,41.4,2.000,0.741,4.12
170000,2136,53,31.1,0.0,5.6,0.0,9.9,0.0,1.00,0.3,11,821,36.67,29.25,18,30,5,0.0,1.00,1.00,1.00,3.38,3.96,4.00,29.6,2.000,0.662,4.04
170000,2334,45,34.4,0.2,7.9,0.0,8.8,0.4,1.06,0.3,27,1443,67.85,52.70,13,12,20,0.4,1.11,1.00,1.06,3.56,4.24,4.24,34.5,2.000,0.640,4.29
170000,2117,29,36.0,0.0,5.3,0.0,12.7,0.0,1.00,0.1,10,1233,64.32,40.67,0,14,15,0.0,1.00,1.00,1.00,3.45,4.24,4.28,41.6,2.000,0.617,4.28
170000,1593,23,31.1,0.0,6.6,0.0,9.0,0.0,1.00,0.3,9,1057,49.10,40.06,0,6,17,0.0,1.00,1.00,1.00,3.61,4.17,4.13,43.6,2.000,0.874,4.22
170000,2296,22,30.5,0.0,0.0,0.0,15.3,0.0,1.00,0.7,6,821,46.01,24.00,17,1,4,0.0,1.00,1.00,1.00,3.36,3.95,3.86,18.3,2.000,0.970,4.09
170000,2351,18,32.2,0.0,4.7,0.0,11.4,0.0,1.00,0.3,6,1042,54.19,35.33,0,8,10,0.0,1.00,1.00,1.00,3.33,4.11,3.94,39.6,2.000,0.755,4.11
170000,2238,17,36.6,0.0,3.2,0.0,15.1,0.0,1.00,0.6,11,609,31.78,17.00,0,8,9,0.0,1.00,1.00,1.00,3.65,4.53,4.24,44.5,2.000,0.718,4.53
170000,2286,14,49.9,0.0,9.9,0.0,15.0,0.0,1.00,0.0,5,1123,65.26,60.12,0,4,10,0.0,1.00,1.00,1.00,4.00,5.00,5.00,45.8,2.000,0.793,5.00
170000,2345,13,26.9,0.0,0.0,0.0,13.5,0.0,1.00,1.5,4,1083,57.80,50.74,13,0,0,0.0,1.00,1.00,1.00,2.92,3.54,3.69,12.1,2.000,0.851,4.00
170000,2352,13,32.0,0.0,0.0,0.0,16.0,0.0,1.00,0.0,1,1596,89.68,55.93,0,3,10,0.0,1.00,1.00,1.00,3.54,4.00,4.00,44.9,2.000,0.493,4.00
170000,2353,13,35.2,0.0,2.4,0.0,15.2,0.0,1.00,0.2,4,1240,73.51,59.87,0,1,12,0.0,1.00,1.00,1.00,3.54,4.15,4.23,45.7,2.000,0.923,4.23
170000,2302,12,51.5,0.0,3.3,0.0,22.4,0.0,1.00,0.2,6,639,40.79,18.46,2,9,1,0.0,1.00,1.00,1.00,4.25,5.08,5.00,32.3,2.000,0.649,5.08
170000,2240,12,33.3,0.0,0.0,0.0,16.7,0.0,1.00,0.0,4,604,29.25,17.68,0,11,1,0.0,1.00,1.00,1.00,3.00,4.17,4.17,36.9,2.000,0.807,4.17
170000,2348,10,31.4,0.0,8.1,0.0,7.6,0.0,1.00,1.0,6,1154,53.38,30.87,0,4,6,0.0,1.00,1.00,1.00,3.40,3.80,4.10,42.9,2.000,0.690,4.20
170000,2344,8,28.5,0.0,6.9,0.0,7.4,0.0,1.00,1.2,4,1793,109.67,83.22,0,7,1,0.0,1.00,1.00,1.00,3.12,3.62,3.75,32.7,2.000,0.391,4.00
170000,2246,7,31.4,0.0,9.9,0.0,5.9,0.0,1.00,0.0,2,1229,59.91,39.10,1,5,1,0.0,1.00,1.00,1.00,3.14,4.00,4.00,34.5,2.000,0.818,4.00
170000,2314,6,32.0,0.0,0.0,0.0,16.0,0.0,1.00,0.0,1,1079,53.22,36.24,2,4,0,0.0,1.00,1.00,1.00,3.67,4.00,4.00,27.1,2.000,0.906,4.00
170000,2159,6,98.0,0.0,28.0,0.0,21.0,0.0,1.00,0.0,1,893,74.81,53.76,5,1,0,0.0,1.00,1.00,1.00,7.17,7.00,7.00,19.9,2.000,0.664,7.00
170000,2310,5,32.0,0.0,0.0,0.0,16.0,0.0,1.00,0.0,1,632,28.05,20.64,5,0,0,0.0,1.00,1.00,1.00,3.60,4.00,4.00,6.1,2.000,0.874,4.00
171000,2158,451,38.2,0.0,8.0,0.0,11.1,0.0,1.00,0.3,112,882,48.05,34.64,213,130,108,0.0,1.00,1.00,1.00,3.61,4.37,4.39,26.9,2.000,0.692,4.45
171000,1966,270,33.7,0.0,6.9,0.0,9.9,0.0,1.00,0.4,63,950,44.52,39.20,117,73,80,0.0,1.00,1.00,1.00,3.54,4.14,4.09,29.0,2.000,0.607,4.21
171000,1763,197,33.4,0.0,5.7,0.0,11.0,0.0,1.00,0.6,61,976,56.75,44.27,74,68,55,0.0,1.00,1.00,1.00,3.50,4.07,4.12,30.7,2.000,0.794,4.24
171000,1862,164,31.5,0.0,7.3,0.0,8.5,0.0,1.00,0.3,45,894,39.73,36.22,42,50,72,0.0,1.00,1.00,1.00,3.46,3.98,4.01,34.2,2.000,0.650,4.07
171000,2136,45,30.9,0.0,7.4,0.0,8.1,0.0,1.00,1.1,16,1038,47.43,28.59,15,18,12,0.0,1.00,1.00,1.00,3.53,3.89,3.93,31.6,2.000,0.624,4.18
171000,2007,44,30.8,0.0,7.7,0.0,7.7,0.0,1.00,0.5,14,1368,60.54,45.95,27,15,2,0.0,1.00,1.00,1.00,3.25,4.02,3.98,22.0,2.000,0.657,4.11
171000,2244,36,33.2,0.0,7.7,0.0,8.9,0.0,1.00,0.4,12,1144,51.14,46.34,0,8,28,0.0,1.00,1.00,1.00,3.53,4.00,4.11,42.7,2.000,0.737,4.17
171000,2334,30,33.5,0.3,8.8,0.0,7.4,0.5,1.07,0.0,16,1422,59.76,51.60,10,2,18,0.5,1.13,1.00,1.07,3.47,4.10,4.10,35.3,2.000,0.634,4.10
171000,2228,30,33.1,0.0,6.4,0.0,10.1,0.0,1.00,0.2,9,1518,68.62,38.82,15,14,1,0.0,1.00,1.00,1.00,3.67,4.07,4.03,24.7,2.000,0.610,4.10
171000,2117,22,32.8,0.0,6.9,0.0,9.5,0.0,1.00,0.7,11,1116,55.89,36.23,0,11,11,0.0,1.00,1.00,1.00,3.18,4.27,4.09,42.7,2.000,0.595,4.27
171000,1593,16,33.1,0.0,6.2,0.0,10.3,0.0,1.00,0.0,6,1209,67.10,44.20,0,6,10,0.0,1.00,1.00,1.00,3.12,4.06,4.06,40.8,2.000,0.873,4.06
171000,2353,14,38.3,0.0,6.0,0.0,13.1,0.0,1.00,0.0,7,1176,67.44,42.61,0,6,8,0.0,1.00,1.00,1.00,4.36,4.36,4.36,41.5,2.000,0.918,4.36
171000,2246,12,29.5,0.0,9.2,0.0,5.6,0.0,1.00,0.7,5,1019,34.63,35.91,3,8,1,0.0,1.00,1.00,1.00,3.50,3.75,3.92,26.9,2.000,0.832,4.00
171000,2238,12,44.8,0.0,5.0,0.0,17.4,0.0,1.00,0.0,7,576,33.73,24.46,1,0,11,0.0,1.00,1.00,1.00,3.67,4.75,4.75,42.1,2.000,0.645,4.75
171000,2352,12,32.0,0.0,0.0,0.0,16.0,0.0,1.00,0.0,1,278,19.70,21.04,0,0,12,0.0,1.00,1.00,1.00,4.00,4.00,4.00,43.0,2.000,0.553,4.00
171000,2302,11,43.1,0.0,7.0,0.0,14.5,0.0,1.00,1.3,6,900,60.26,36.83,2,7,2,0.0,1.00,1.00,1.00,3.64,4.73,4.45,36.6,2.000,0.699,4.91
171000,2351,11,29.6,0.0,4.4,0.0,10.5,0.0,1.00,0.7,3,1259,61.34,48.04,0,9,2,0.0,1.00,1.00,1.00,3.64,3.82,3.82,39.7,2.000,0.742,4.00
171000,2159,11,98.0,0.0,28.0,0.0,21.0,0.0,1.00,0.0,1,820,63.82,37.26,8,3,0,0.0,1.00,1.00,1.00,8.18,7.00,7.00,16.6,2.000,0.664,7.00
171000,2286,9,50.9,0.0,9.0,0.0,16.4,0.0,1.00,0.9,5,972,70.37,40.53,1,7,1,0.0,1.00,1.00,1.00,4.00,5.22,4.78,33.6,2.000,0.826,5.22
171000,2345,9,29.1,0.0,0.0,0.0,14.6,0.0,1.00,0.7,4,772,70.71,55.39,7,2,0,0.0,1.00,1.00,1.00,3.22,4.00,3.67,20.6,2.000,0.887,4.00
171000,2348,6,35.0,0.0,8.5,0.0,9.0,0.0,1.00,0.0,3,1974,97.87,75.98,1,2,3,0.0,1.00,1.00,1.00,4.00,4.17,4.17,39.9,2.000,0.666,4.17
171000,2296,6,27.0,0.0,0.0,0.0,13.5,0.0,1.00,1.0,3,1357,57.58,21.29,2,0,4,0.0,1.00,1.00,1.00,3.50,3.67,3.83,39.5,2.000,0.977,4.00
171000,2368,6,32.0,0.0,2.8,0.0,13.2,0.0,1.00,0.0,3,724,36.44,21.85,5,1,0,0.0,1.00,1.00,1.00,3.67,4.00,4.00,11.7,2.000,0.505,4.00
171000,2240,6,41.7,0.0,0.0,0.0,20.8,0.0,1.00,0.0,3,1470,81.09,47.04,0,4,2,0.0,1.00,1.00,1.00,3.50,4.50,4.50,38.6,2.000,0.798,4.50
171000,2310,6,22.3,0.0,0.0,0.0,11.2,0.0,1.00,2.7,4,294,11.50,15.98,6,0,0,0.0,1.00,1.00,1.00,3.33,3.33,3.33,7.3,2.000,0.721,4.00
171000,2344,5,32.0,0.0,9.6,0.0,6.4,0.0,1.00,0.0,2,1217,51.53,53.83,1,3,1,0.0,1.00,1.00,1.00,3.20,4.00,4.00,28.5,2.000,0.441,4.00
171000,2374,5,31.2,0.0,0.0,0.0,15.6,0.0,1.00,0.0,2,150,7.35,8.37,3,2,0,0.0,1.00,1.00,1.00,4.00,4.00,4.00,24.7,2.000,0.230,4.00
172000,2158,370,37.6,0.0,7.7,0.0,11.1,0.0,1.00,0.6,104,986,53.07,36.23,206,77,87,0.0,1.00,1.00,1.00,3.53,4.37,4.32,25.0,2.000,0.697,4.49
172000,1966,220,34.0,0.0,7.8,0.0,9.2,0.0,1.00,0.2,44,1117,48.22,39.74,92,73,55,0.0,1.00,1.00,1.00,3.46,4.13,4.12,28.9,2.000,0.611,4.18
172000,1763,131,35.7,0.0,6.0,0.0,11.9,0.0,1.00,0.2,32,1198,58.01,45.51,40,48,43,0.0,1.00,1.00,1.00,3.55,4.24,4.21,32.0,2.000,0.797,4.27
172000,1862,66,31.5,0.0,7.4,0.0,8.3,0.0,1.00,0.2,18,1277,54.86,41.27,15,11,40,0.0,1.00,1.00,1.00,3.42,3.97,3.98,38.9,2.000,0.632,4.02
172000,2136,39,35.3,0.0,6.7,0.0,11.0,0.0,1.00,0.3,13,1109,49.12,28.14,8,16,15,0.0,1.00,1.00,1.00,3.85,4.15,4.15,35.2,2.000,0.636,4.23
172000,2007,31,32.2,0.0,7.6,0.0,8.5,0.0,1.00,0.1,8,1140,51.07,28.76,21,7,3,0.0,1.00,1.00,1.00,3.35,4.10,4.10,21.6,2.000,0.626,4.10
172000,2228,21,34.5,0.0,7.0,0.0,10.2,0.0,1.00,0.0,7,1163,53.91,27.31,15,6,0,0.0,1.00,1.00,1.00,3.38,4.19,4.19,17.2,2.000,0.570,4.19
172000,2334,18,33.1,0.0,8.8,0.0,7.7,0.0,1.00,1.3,9,1128,40.66,30.33,1,9,8,0.0,1.00,1.00,1.00,3.56,4.11,3.89,41.7,2.000,0.615,4.33
172000,2244,12,38.0,0.0,8.8,0.0,10.2,0.0,1.00,0.0,4,1622,66.25,65.47,0,6,6,0.0,1.00,1.00,1.00,3.83,4.33,4.33,43.0,2.000,0.724,4.33
172000,2240,11,40.2,0.0,0.0,0.0,20.1,0.0,1.00,0.0,2,869,49.30,23.40,1,7,3,0.0,1.00,1.00,1.00,3.82,4.45,4.45,36.4,2.000,0.772,4.45
172000,2159,10,98.0,0.0,27.3,0.0,21.7,0.0,1.00,0.0,2,1295,90.02,62.13,8,2,0,0.0,1.00,1.00,1.00,7.30,7.00,7.00,17.6,2.000,0.667,7.00
172000,2316,10,29.6,0.0,1.4,0.0,13.4,0.0,1.00,0.6,3,667,32.32,46.10,3,7,0,0.0,1.00,1.00,1.00,2.90,3.70,4.00,27.3,2.000,0.732,4.00
172000,2351,9,34.0,0.0,6.4,0.0,10.6,0.0,1.00,0.0,2,1527,74.48,47.79,0,2,7,0.0,1.00,1.00,1.00,3.56,4.11,4.11,43.4,2.000,0.735,4.11
172000,2352,7,32.0,0.0,0.0,0.0,16.0,0.0,1.00,0.0,1,1011,58.55,43.49,0,2,5,0.0,1.00,1.00,1.00,3.43,4.00,4.00,41.9,2.000,0.542,4.00
172000,2345,7,29.1,0.0,0.0,0.0,14.6,0.0,1.00,1.1,5,760,56.23,42.91,5,2,0,0.0,1.00,1.00,1.00,2.29,3.86,3.86,20.3,2.000,0.847,4.14
172000,1593,6,35.0,0.0,7.7,0.0,9.8,0.0,1.00,0.0,3,2234,114.38,86.85,0,3,3,0.0,1.00,1.00,1.00,4.00,4.17,4.17,43.0,2.000,0.887,4.17
172000,2302,6,47.0,0.0,9.3,0.0,14.2,0.0,1.00,0.0,3,1139,43.99,35.77,0,0,6,0.0,1.00,1.00,1.00,4.00,4.83,4.83,46.1,2.000,0.708,4.83
172000,2353,6,35.3,0.0,5.2,0.0,12.5,0.0,1.00,0.7,6,691,26.10,21.88,0,2,4,0.0,1.00,1.00,1.00,3.00,4.33,4.00,42.8,2.000,0.832,4.33
172000,2238,5,38.8,0.0,4.8,0.0,14.6,0.0,1.00,0.8,4,1170,55.86,40.26,0,0,5,0.0,1.00,1.00,1.00,3.60,4.60,4.20,44.1,2.000,0.687,4.60
173000,2158,283,38.2,0.0,8.0,0.0,11.1,0.0,1.00,0.3,78,1056,55.58,35.97,153,61,69,0.0,1.00,1.00,1.00,3.66,4.38,4.38,25.8,2.000,0.702,4.46
173000,1966,155,34.1,0.0,7.9,0.0,9.2,0.0,1.00,0.4,45,1157,50.43,39.19,92,32,31,0.0,1.00,1.00,1.00,3.58,4.13,4.19,24.5,2.000,0.626,4.24
173000,1763,72,34.3,0.0,6.1,0.0,11.0,0.0,1.00,0.1,20,1551,69.31,48.72,27,26,19,0.0,1.00,1.00,1.00,3.51,4.15,4.11,29.9,2.000,0.812,4.17
173000,1862,61,33.3,0.0,7.1,0.0,9.5,0.0,1.00,0.2,13,1017,42.52,32.98,39,10,12,0.0,1.00,1.00,1.00,3.43,4.07,4.07,23.0,2.000,0.610,4.11
173000,2136,35,33.9,0.0,7.3,0.0,9.7,0.0,1.00,0.3,13,1565,64.99,31.79,9,14,12,0.0,1.00,1.00,1.00,3.40,4.11,4.14,32.2,2.000,0.644,4.20
173000,2007,33,31.7,0.0,5.5,0.0,10.3,0.0,1.00,0.7,15,906,39.31,24.69,27,3,3,0.0,1.00,1.00,1.00,3.24,3.88,4.09,18.3,2.000,0.673,4.15
173000,2228,16,31.1,0.0,4.7,0.0,10.9,0.0,1.00,0.1,4,834,39.30,21.93,11,4,1,0.0,1.00,1.00,1.00,3.25,3.94,4.00,22.0,2.000,0.698,4.00
173000,2334,13,34.8,0.0,10.2,0.0,7.2,0.0,1.00,0.0,4,1885,57.31,37.31,3,2,8,0.0,1.00,1.00,1.00,3.54,4.15,4.15,35.7,2.000,0.659,4.15
173000,2316,7,27.7,0.0,1.4,0.0,12.4,0.0,1.00,1.7,3,1795,76.89,74.91,4,2,1,0.0,1.00,1.00,1.00,2.57,3.57,3.57,22.7,2.000,0.790,4.00
173000,2302,7,50.0,0.0,10.7,0.0,14.3,0.0,1.00,0.0,2,1207,51.70,40.01,0,1,6,0.0,1.00,1.00,1.00,4.00,5.00,5.00,44.7,2.000,0.714,5.00
173000,2159,7,96.6,0.0,25.9,0.0,22.4,0.0,1.00,0.0,3,1501,111.07,60.96,6,1,0,0.0,1.00,1.00,1.00,6.86,7.00,7.00,18.2,2.000,0.669,7.00
173000,2348,6,32.0,0.0,7.3,0.0,8.7,0.0,1.00,0.0,4,624,22.54,16.99,5,0,1,0.0,1.00,1.00,1.00,4.00,4.00,4.00,26.2,2.000,0.696,4.00
173000,2244,5,39.2,0.0,8.8,0.0,10.8,0.0,1.00,0.0,2,2259,79.23,82.89,0,0,5,0.0,1.00,1.00,1.00,4.00,4.40,4.40,49.2,2.000,0.679,4.40
173000,2246,5,32.0,0.0,10.0,0.0,6.0,0.0,1.00,0.0,1,935,27.79,44.14,1,4,0,0.0,1.00,1.00,1.00,4.00,4.00,4.00,27.9,2.000,0.823,4.00
173000,2351,5,35.6,0.0,4.8,0.0,13.0,0.0,1.00,0.0,2,1625,52.80,27.58,1,1,3,0.0,1.00,1.00,1.00,3.60,4.20,4.20,42.9,2.000,0.777,4.20
173000,2368,5,43.6,0.0,4.6,0.0,17.2,0.0,1.00,1.2,4,215,12.71,14.68,5,0,0,0.0,1.00,1.00,1.00,4.20,4.80,5.00,10.3,2.000,0.487,5.20
174000,2158,228,37.2,0.0,8.2,0.0,10.3,0.0,1.00,0.3,56,1129,54.01,34.75,149,50,29,0.0,1.00,1.00,1.00,3.68,4.33,4.33,22.8,2.000,0.699,4.40
174000,1966,95,32.7,0.0,7.8,0.0,8.5,0.0,1.00,0.3,28,1269,52.53,33.23,67,21,7,0.0,1.00,1.00,1.00,3.47,4.09,4.03,19.4,2.000,0.608,4.14
174000,1763,60,35.9,0.0,6.2,0.0,11.8,0.0,1.00,0.2,20,868,46.67,26.53,51,6,3,0.0,1.00,1.00,1.00,3.57,4.27,4.22,14.2,2.000,0.825,4.28
174000,1862,35,32.2,0.0,6.6,0.0,9.5,0.0,1.00,0.2,14,1119,49.23,29.17,26,4,5,0.0,1.00,1.00,1.00,3.63,4.03,4.03,18.6,2.000,0.596,4.09
174000,2136,19,35.6,0.0,8.7,0.0,9.1,0.0,1.00,0.4,10,1227,47.69,31.52,8,7,4,0.0,1.00,1.00,1.00,3.74,4.26,4.26,25.4,2.000,0.591,4.37
174000,2007,13,33.2,0.0,7.2,0.0,9.5,0.0,1.00,0.3,6,1497,61.00,33.72,8,2,3,0.0,1.00,1.00,1.00,3.31,4.23,4.23,25.2,2.000,0.629,4.31
174000,2403,12,45.7,0.0,12.8,0.0,10.0,0.0,1.00,0.3,5,1132,66.08,44.13,6,5,1,0.0,1.00,1.00,1.00,3.92,4.83,5.00,25.4,2.000,0.592,5.00
174000,2401,12,45.5,0.0,9.2,0.0,13.6,0.0,1.00,0.0,6,1926,125.73,82.45,6,4,2,0.0,1.00,1.00,1.00,4.00,4.75,4.75,22.8,2.000,0.709,4.75
174000,2228,10,32.0,0.0,5.4,0.0,10.6,0.0,1.00,0.0,4,1260,49.49,25.80,5,5,0,0.0,1.00,1.00,1.00,3.00,4.00,4.00,25.3,2.000,0.710,4.00
174000,2159,9,92.7,0.0,22.7,0.0,23.7,0.0,1.00,0.0,4,1346,99.36,38.03,7,2,0,0.0,1.00,1.00,1.00,6.89,7.00,7.00,18.5,2.000,0.683,7.00
174000,2407,8,32.0,0.0,3.5,0.0,12.5,0.0,1.00,0.0,3,1456,61.65,45.03,5,1,2,0.0,1.00,1.00,1.00,3.50,4.00,4.00,24.6,2.000,0.811,4.00
174000,2348,5,37.6,0.0,8.6,0.0,10.2,0.0,1.00,0.4,2,801,36.84,14.80,3,1,1,0.0,1.00,1.00,1.00,4.40,4.40,4.20,24.1,2.000,0.636,4.40
175000,2158,189,38.2,0.0,7.8,0.0,11.3,0.0,1.00,0.6,51,877,40.89,27.73,144,32,13,0.0,1.00,1.00,1.00,3.57,4.35,4.33,18.6,2.000,0.716,4.50
175000,1966,61,30.9,0.0,7.5,0.0,8.0,0.0,1.00,1.0,25,976,40.22,25.12,49,12,0,0.0,1.00,1.00,1.00,3.34,3.92,3.95,17.4,2.000,0.627,4.20
175000,1763,41,36.5,0.0,5.5,0.0,12.8,0.0,1.00,0.3,15,847,42.52,27.70,36,5,0,0.0,1.00,1.00,1.00,3.73,4.24,4.29,11.3,2.000,0.857,4.34
175000,1862,30,33.1,0.0,6.2,0.0,10.4,0.0,1.00,0.0,12,1392,66.91,42.16,20,7,3,0.0,1.00,1.00,1.00,3.27,4.10,4.10,20.1,2.000,0.581,4.10
175000,2136,25,31.3,0.0,4.8,0.0,10.8,0.0,1.00,0.2,10,435,19.01,24.79,22,3,0,0.0,1.00,1.00,1.00,3.32,4.04,3.96,9.4,2.000,0.556,4.04
175000,2427,13,31.7,0.0,6.8,0.0,9.0,0.0,1.00,0.6,5,1593,65.66,24.94,9,1,3,0.0,1.00,1.00,1.00,3.54,4.15,3.85,20.9,2.000,0.727,4.15
175000,2421,9,30.2,0.0,8.9,0.0,6.2,0.0,1.00,0.4,3,1127,45.26,28.30,8,1,0,0.0,1.00,1.00,1.00,3.22,3.78,4.00,16.6,2.000,0.701,4.00
175000,2316,9,31.3,0.0,0.0,0.0,15.7,0.0,1.00,0.0,2,797,35.75,45.20,9,0,0,0.0,1.00,1.00,1.00,3.78,4.00,4.00,13.0,2.000,0.782,4.00
175000,2403,7,50.0,0.0,14.3,0.0,10.7,0.0,1.00,0.0,2,2149,101.46,43.18,4,2,1,0.0,1.00,1.00,1.00,4.00,5.00,5.00,27.4,2.000,0.589,5.00
175000,2159,7,107.1,0.0,20.0,0.0,33.6,0.0,1.00,0.0,3,1185,92.61,35.88,7,0,0,0.0,1.00,1.00,1.00,7.00,7.29,7.29,15.9,2.000,0.662,7.29
175000,2429,7,34.6,0.0,4.0,0.0,13.3,0.0,1.00,0.0,5,988,64.64,34.22,7,0,0,0.0,1.00,1.00,1.00,3.43,4.14,4.14,3.9,2.000,0.490,4.14
175000,2359,7,46.6,0.0,0.6,0.0,22.7,0.0,1.00,0.0,4,397,25.06,4.35,7,0,0,0.0,1.00,1.00,1.00,4.00,4.86,4.86,15.9,2.000,0.906,4.86
175000,2420,6,35.0,0.0,9.2,0.0,8.3,0.0,1.00,0.0,2,1252,50.94,33.76,5,1,0,0.0,1.00,1.00,1.00,3.33,4.17,4.17,20.2,2.000,0.707,4.17
175000,2334,6,34.0,0.0,7.0,0.0,10.0,0.0,1.00,0.0,4,552,27.41,26.70,6,0,0,0.0,1.00,1.00,1.00,4.00,4.17,4.17,12.9,2.000,0.682,4.17
175000,2007,6,31.7,0.0,8.5,0.0,7.3,0.0,1.00,0.0,3,1366,47.38,32.57,5,0,1,0.0,1.00,1.00,1.00,4.00,4.00,4.00,16.0,2.000,0.628,4.00
176000,2158,234,37.5,0.0,8.1,0.0,10.6,0.0,1.00,0.3,55,970,48.37,26.40,172,41,21,0.0,1.00,1.00,1.00,3.56,4.30,4.32,19.6,2.000,0.709,4.39
176000,1966,45,32.4,0.0,6.8,0.0,9.3,0.0,1.00,1.0,15,1053,53.02,26.94,41,3,1,0.0,1.00,1.00,1.00,3.29,3.89,4.02,15.6,2.000,0.590,4.20
176000,2136,45,29.6,0.0,5.7,0.0,9.1,0.0,1.00,0.8,22,561,26.58,23.27,36,6,3,0.0,1.00,1.00,1.00,3.42,3.89,3.96,13.2,2.000,0.541,4.11
176000,1763,33,31.6,0.0,7.2,0.0,8.6,0.0,1.00,0.8,13,1232,66.70,38.79,28,3,2,0.0,1.00,1.00,1.00,3.48,3.88,4.03,14.2,2.000,0.863,4.15
176000,2316,22,28.6,0.0,1.5,0.0,12.7,0.1,1.01,0.6,7,444,19.05,13.33,22,0,0,0.1,1.02,1.00,1.01,3.59,3.73,3.95,16.2,2.000,0.793,4.00
176000,2441,20,44.0,0.0,8.8,0.0,13.2,0.0,1.00,0.8,8,842,60.07,28.10,17,1,2,0.0,1.00,1.00,1.00,3.65,4.50,4.80,19.2,2.000,0.473,4.85
176000,2420,18,37.0,0.0,10.3,0.0,8.2,0.0,1.00,0.0,6,878,37.28,22.33,12,2,4,0.0,1.00,1.00,1.00,3.78,4.28,4.28,18.9,2.000,0.779,4.28
176000,1862,14,35.1,0.0,4.3,0.0,13.3,0.0,1.00,0.0,6,895,53.20,31.99,13,1,0,0.0,1.00,1.00,1.00,3.93,4.21,4.21,13.9,2.000,0.569,4.21
176000,2359,12,28.2,0.0,1.3,0.0,12.8,0.0,1.00,1.2,9,748,41.31,41.49,10,1,1,0.0,1.00,1.00,1.00,2.50,4.00,3.75,19.3,2.000,0.810,4.17
176000,2159,6,98.0,0.0,24.5,0.0,24.5,0.0,1.00,0.0,2,1937,146.02,48.51,6,0,0,0.0,1.00,1.00,1.00,6.17,7.00,7.00,15.0,2.000,0.672,7.00
177000,2158,357,37.6,0.0,7.9,0.0,10.9,0.0,1.00,0.4,86,978,52.01,20.42,197,102,58,0.0,1.00,1.00,1.00,3.66,4.31,4.35,24.5,2.000,0.709,4.42
177000,1763,77,33.1,0.0,7.8,0.0,8.7,0.0,1.00,0.3,21,864,43.39,24.07,53,15,9,0.0,1.00,1.00,1.00,3.47,4.13,4.09,21.5,2.000,0.877,4.18
177000,2136,55,32.3,0.0,5.9,0.0,10.3,0.0,1.00,0.3,12,815,40.39,24.64,39,10,6,0.0,1.00,1.00,1.00,3.11,3.96,4.07,19.7,2.000,0.573,4.09
177000,1966,39,34.2,0.0,6.5,0.0,10.6,0.0,1.00,0.1,11,1053,53.14,21.45,25,10,4,0.0,1.00,1.00,1.00,3.67,4.15,4.10,20.7,2.000,0.614,4.15
177000,2441,35,47.0,0.0,6.2,0.0,17.3,0.0,1.00,0.1,15,643,47.70,19.46,25,9,1,0.0,1.00,1.00,1.00,3.91,4.86,4.89,21.2,2.000,0.477,4.89
177000,2316,27,30.0,0.0,0.0,0.0,15.0,0.0,1.00,0.7,3,693,34.87,14.00,23,3,1,0.0,1.00,1.00,1.00,3.56,3.85,3.81,18.0,2.000,0.731,4.00
177000,1862,27,33.0,0.0,4.6,0.0,11.9,0.0,1.00,0.3,10,764,41.19,21.69,14,10,3,0.0,1.00,1.00,1.00,3.70,4.00,4.15,26.2,2.000,0.611,4.15
177000,2420,15,36.7,0.0,10.7,0.0,7.6,0.0,1.00,0.0,6,1108,50.14,21.31,11,1,3,0.0,1.00,1.00,1.00,3.47,4.40,4.40,18.7,2.000,0.746,4.40
177000,2455,15,32.0,0.0,0.4,0.0,15.6,0.0,1.00,0.0,3,986,71.47,34.30,14,1,0,0.0,1.00,1.00,1.00,3.60,4.00,4.00,17.3,2.000,0.914,4.00
177000,2359,15,34.3,0.0,1.6,0.0,15.5,0.0,1.00,0.0,4,252,18.72,7.21,14,1,0,0.0,1.00,1.00,1.00,3.40,4.13,4.13,15.4,2.000,0.929,4.13
177000,2159,7,96.9,0.0,22.0,0.0,26.4,0.0,1.00,0.0,3,1244,102.39,36.05,5,2,0,0.0,1.00,1.00,1.00,6.86,7.00,7.00,18.1,2.000,0.678,7.00
178000,2158,502,37.6,0.0,8.1,0.0,10.6,0.0,1.00,0.4,113,940,51.24,16.92,211,139,152,0.0,1.00,1.00,1.00,3.58,4.33,4.31,29.3,2.000,0.701,4.43
178000,1763,123,34.9,0.0,7.7,0.0,9.8,0.0,1.00,0.1,34,931,47.64,17.59,70,32,21,0.0,1.00,1.00,1.00,3.45,4.20,4.23,24.8,2.000,0.879,4.24
178000,2136,90,30.6,0.0,6.1,0.0,9.2,0.0,1.00,0.7,23,896,45.56,19.86,59,17,14,0.0,1.00,1.00,1.00,3.22,3.92,3.89,24.3,2.000,0.582,4.09
178000,1966,52,30.2,0.0,6.3,0.0,8.8,0.0,1.00,0.6,12,788,39.49,17.02,37,9,6,0.0,1.00,1.00,1.00,3.27,3.87,3.90,22.6,2.000,0.586,4.04
178000,2441,49,49.5,0.0,7.3,0.0,17.4,0.0,1.00,0.2,28,895,61.59,21.93,29,15,5,0.0,1.00,1.00,1.00,3.96,4.88,4.92,24.3,2.000,0.459,4.96
178000,2316,40,29.1,0.0,1.3,0.0,13.3,0.0,1.00,0.9,10,620,34.77,10.69,14,25,1,0.0,1.00,1.00,1.00,3.45,3.78,3.83,27.3,2.000,0.764,4.03
178000,1862,33,31.8,0.0,5.4,0.0,10.5,0.0,1.00,0.5,13,721,37.39,15.64,18,9,6,0.0,1.00,1.00,1.00,3.61,3.97,3.94,27.1,2.000,0.637,4.09
178000,2420,28,37.0,0.0,11.3,0.0,7.2,0.0,1.00,0.3,9,1047,63.86,25.51,24,2,2,0.0,1.00,1.00,1.00,3.36,4.29,4.36,10.6,2.000,0.741,4.39
178000,2455,24,30.2,0.0,0.8,0.0,14.4,0.0,1.00,0.8,8,647,36.89,13.92,9,13,2,0.0,1.00,1.00,1.00,3.25,3.83,3.92,27.4,2.000,0.909,4.08
178000,2359,18,29.1,0.1,0.4,0.0,14.1,0.0,1.03,1.9,10,431,28.83,10.99,17,0,1,0.0,1.06,1.00,1.03,3.17,4.06,3.78,14.6,2.000,0.873,4.39
178000,2159,8,101.7,0.0,25.2,0.0,25.6,0.0,1.00,0.0,4,761,66.49,28.55,6,2,0,0.0,1.00,1.00,1.00,7.50,7.12,7.12,18.5,2.000,0.663,7.12
179000,2158,723,38.7,0.0,7.8,0.0,11.6,0.0,1.00,0.3,146,965,53.34,17.99,278,221,224,0.0,1.00,1.00,1.00,3.66,4.40,4.38,30.3,2.000,0.698,4.46
179000,1763,197,33.5,0.0,7.4,0.0,9.3,0.0,1.00,0.3,40,1021,51.60,18.97,90,70,37,0.0,1.00,1.00,1.00,3.50,4.14,4.11,27.9,2.000,0.861,4.20
179000,2136,115,31.2,0.0,6.9,0.0,8.7,0.0,1.00,0.4,22,947,44.89,19.34,54,29,32,0.0,1.00,1.00,1.00,3.32,3.91,4.01,28.0,2.000,0.568,4.07
179000,1966,62,31.8,0.0,6.4,0.0,9.5,0.0,1.00,0.4,18,895,43.89,15.76,39,9,14,0.0,1.00,1.00,1.00,3.58,4.02,4.06,23.3,2.000,0.575,4.13
179000,1862,43,31.3,0.0,5.4,0.0,10.2,0.0,1.00,0.1,13,900,42.69,24.01,13,14,16,0.0,1.00,1.00,1.00,3.30,3.98,4.00,36.4,2.000,0.625,4.02
179000,2316,42,31.4,0.0,1.7,0.0,14.0,0.0,1.00,0.5,8,719,43.29,11.01,16,26,0,0.0,1.00,1.00,1.00,3.26,4.05,3.90,27.1,2.000,0.729,4.10
179000,2455,35,31.0,0.0,0.5,0.0,15.0,0.0,1.00,0.3,9,802,51.36,20.32,7,15,13,0.0,1.00,1.00,1.00,3.69,3.97,4.09,35.8,2.000,0.906,4.09
179000,2441,32,41.3,0.0,5.7,0.0,15.0,0.0,1.00,0.1,17,1152,67.02,30.38,10,19,3,0.0,1.00,1.00,1.00,3.81,4.50,4.56,30.1,2.000,0.474,4.56
179000,2420,22,45.7,0.0,11.3,0.0,11.6,0.0,1.00,0.2,9,715,45.18,16.83,20,1,1,0.0,1.00,1.00,1.00,3.82,4.91,4.82,19.0,2.000,0.856,4.91
179000,2359,16,33.5,0.0,0.0,0.0,16.8,0.0,1.00,0.4,3,496,29.42,6.76,2,5,9,0.0,1.00,1.00,1.00,3.50,4.19,4.00,40.1,2.000,0.910,4.19
179000,2425,15,29.5,0.0,0.1,0.0,14.7,0.0,1.00,0.4,4,1268,66.42,12.73,9,0,6,0.0,1.00,1.00,1.00,3.47,4.00,3.80,27.6,2.000,0.820,4.00
179000,2159,11,98.0,0.0,19.7,0.0,29.3,0.0,1.00,0.0,3,822,75.97,25.02,8,3,0,0.0,1.00,1.00,1.00,7.09,7.00,7.00,19.7,2.000,0.670,7.00
180000,2158,868,39.2,0.0,8.0,0.0,11.6,0.0,1.00,0.4,175,961,55.42,23.78,290,293,285,0.0,1.00,1.00,1.00,3.67,4.43,4.43,31.1,2.000,0.688,4.51
180000,1763,192,35.0,0.0,6.9,0.0,10.5,0.0,1.00,0.3,51,1007,53.53,21.27,84,60,48,0.0,1.00,1.00,1.00,3.51,4.20,4.23,29.5,2.000,0.852,4.28
180000,2136,132,31.8,0.0,6.9,0.0,9.0,0.0,1.00,0.2,29,1059,50.98,23.90,49,44,39,0.0,1.00,1.00,1.00,3.27,4.02,4.03,31.1,2.000,0.572,4.08
180000,1966,64,33.5,0.0,7.0,0.0,9.7,0.0,1.00,0.2,11,1210,57.45,23.59,36,14,14,0.0,1.00,1.00,1.00,3.47,4.06,4.06,23.8,2.000,0.584,4.11
180000,2455,61,30.5,0.0,0.6,0.0,14.7,0.0,1.00,0.9,16,825,56.42,27.47,7,33,21,0.0,1.00,1.00,1.00,3.36,3.85,3.90,37.0,2.000,0.906,4.10
180000,1862,52,31.8,0.0,4.4,0.0,11.5,0.0,1.00,0.2,17,792,37.37,25.13,17,13,22,0.0,1.00,1.00,1.00,3.48,4.00,3.98,32.7,2.000,0.668,4.04
180000,2359,38,32.8,0.0,0.2,0.0,16.2,0.0,1.00,0.3,8,500,34.01,15.88,7,13,18,0.0,1.00,1.00,1.00,3.39,4.08,4.05,37.2,2.000,0.918,4.13
180000,2316,30,31.1,0.0,1.7,0.0,13.9,0.0,1.00,0.1,10,1315,65.69,22.27,13,9,8,0.0,1.00,1.00,1.00,3.50,4.00,3.97,29.6,2.000,0.731,4.00
180000,2159,26,96.6,0.0,20.1,0.0,28.2,0.0,1.00,0.2,9,771,74.86,32.23,18,8,0,0.0,1.00,1.00,1.00,7.04,6.92,7.00,18.8,2.000,0.674,7.00
180000,2441,23,47.9,0.0,4.7,0.0,19.3,0.0,1.00,0.4,17,909,54.49,22.71,12,9,2,0.0,1.00,1.00,1.00,3.83,4.83,4.78,25.3,2.000,0.492,4.91
180000,2420,22,38.9,0.0,7.8,0.0,11.6,0.0,1.00,2.3,15,1100,72.87,25.12,14,7,1,0.0,1.00,1.00,1.00,3.41,4.55,4.32,22.1,2.000,0.818,5.00
180000,2467,19,36.4,0.0,3.9,0.0,14.3,0.0,1.00,0.3,10,570,29.44,12.49,14,2,3,0.0,1.00,1.00,1.00,3.79,4.16,4.32,16.9,2.000,0.491,4.32
180000,2425,18,32.0,0.0,3.8,0.0,12.2,0.0,1.00,0.0,5,1007,52.15,21.23,11,5,2,0.0,1.00,1.00,1.00,3.39,4.00,4.00,25.0,2.000,0.825,4.00
180000,2466,8,50.0,0.0,16.6,0.0,8.4,0.0,1.00,0.0,4,1661,91.49,31.61,1,1,6,0.0,1.00,1.00,1.00,4.00,5.00,5.00,39.9,2.000,0.745,5.00
180000,2334,5,30.8,0.0,8.0,0.0,7.4,0.0,1.00,0.0,3,976,41.73,9.05,3,0,2,0.0,1.00,1.00,1.00,4.00,4.00,4.00,27.9,2.000,0.604,4.00
181000,2158,977,38.2,0.0,7.9,0.0,11.2,0.0,1.00,0.5,218,974,59.54,32.09,339,336,302,0.0,1.00,1.00,1.00,3.62,4.35,4.37,30.8,2.000,0.685,4.47
181000,1763,208,32.7,0.0,6.7,0.0,9.7,0.0,1.00,0.4,47,1071,57.38,28.94,74,66,68,0.0,1.00,1.00,1.00,3.30,4.07,4.07,31.2,2.000,0.850,4.16
181000,2136,140,30.8,0.0,6.6,0.0,8.8,0.0,1.00,0.4,38,1012,51.45,28.09,49,39,52,0.0,1.00,1.00,1.00,3.49,3.96,3.99,32.9,2.000,0.582,4.07
181000,1966,70,32.3,0.0,7.1,0.0,9.1,0.0,1.00,0.4,19,939,52.83,26.13,38,20,12,0.0,1.00,1.00,1.00,3.53,4.00,4.04,22.3,2.000,0.566,4.11
181000,2159,46,86.0,0.0,18.7,0.0,24.3,0.0,1.00,1.5,15,790,73.14,37.55,18,27,1,0.0,1.00,1.00,1.00,6.85,6.50,6.39,25.0,2.000,0.666,6.83
181000,1862,43,32.8,0.0,4.4,0.0,12.0,0.0,1.00,0.2,21,1196,55.49,37.73,7,20,16,0.0,1.00,1.00,1.00,3.56,4.05,4.09,35.8,2.000,0.616,4.12
181000,2359,33,31.3,0.0,0.1,0.0,15.6,0.0,1.00,0.4,7,974,62.43,35.27,8,11,14,0.0,1.00,1.00,1.00,3.27,3.97,3.94,35.4,2.000,0.935,4.06
181000,2455,27,33.8,0.0,2.7,0.0,14.1,0.0,1.00,0.6,11,1042,81.76,44.58,5,17,5,0.0,1.00,1.00,1.00,3.52,4.07,4.07,35.5,2.000,0.912,4.22
181000,2441,26,39.7,0.0,5.0,0.0,14.8,0.0,1.00,1.2,18,952,52.10,26.86,16,9,1,0.0,1.00,1.00,1.00,3.81,4.35,4.31,24.1,2.000,0.541,4.62
181000,2316,23,30.9,0.0,0.2,0.0,15.3,0.0,1.00,0.5,5,1074,52.53,44.45,14,6,3,0.0,1.00,1.00,1.00,3.43,3.87,3.96,25.2,2.000,0.812,4.04
181000,2467,22,34.3,0.0,4.2,0.0,12.9,0.0,1.00,0.0,12,768,40.46,35.26,20,2,0,0.0,1.00,1.00,1.00,3.64,4.18,4.18,10.6,2.000,0.438,4.18
181000,2420,15,35.5,0.0,8.9,0.0,8.8,0.0,1.00,3.3,10,1741,116.68,36.11,10,5,0,0.0,1.00,1.00,1.00,3.20,4.20,4.00,23.2,2.000,0.805,4.93
181000,2425,12,30.8,0.0,4.3,0.0,11.1,0.0,1.00,0.2,6,1005,59.67,45.58,5,2,5,0.0,1.00,1.00,1.00,2.92,3.92,4.00,33.5,2.000,0.861,4.00
181000,2466,9,45.8,0.0,11.6,0.0,11.3,0.0,1.00,0.0,6,1227,68.98,24.29,3,1,5,0.0,1.00,1.00,1.00,4.00,4.78,4.78,32.5,2.000,0.782,4.78
181000,2334,8,32.0,0.0,8.0,0.0,8.0,0.0,1.00,0.0,3,1182,55.94,19.43,7,0,1,0.0,1.00,1.00,1.00,3.75,4.00,4.00,21.1,2.000,0.613,4.00
182000,2158,1278,38.5,0.0,7.6,0.0,11.7,0.0,1.00,0.5,323,887,57.42,36.14,371,451,456,0.0,1.00,1.00,1.00,3.65,4.38,4.40,32.6,2.000,0.682,4.53
182000,1763,237,33.8,0.0,6.8,0.0,10.1,0.0,1.00,0.2,49,945,49.10,29.35,80,100,57,0.0,1.00,1.00,1.00,3.48,4.15,4.14,31.7,2.000,0.854,4.18
182000,2136,136,30.8,0.0,6.8,0.0,8.6,0.0,1.00,0.5,31,1001,50.00,33.86,50,36,50,0.0,1.00,1.00,1.00,3.32,3.96,3.93,32.2,2.000,0.566,4.07
182000,2469,130,32.7,0.0,3.0,0.0,13.4,0.0,1.00,0.3,31,892,48.94,29.59,36,56,38,0.0,1.00,1.00,1.00,3.38,4.01,4.10,31.9,2.000,0.644,4.14
182000,1966,92,34.1,0.0,5.8,0.0,11.2,0.0,1.00,0.8,30,992,55.29,33.38,45,39,8,0.0,1.00,1.00,1.00,3.53,4.10,4.10,22.4,2.000,0.560,4.30
182000,2159,52,88.2,0.0,19.9,0.0,24.2,0.0,1.00,0.5,21,1007,91.09,45.42,21,23,8,0.0,1.00,1.00,1.00,6.69,6.63,6.62,27.9,2.000,0.656,6.75
182000,1862,51,33.7,0.0,5.5,0.0,11.4,0.0,1.00,0.2,18,939,52.16,45.34,14,16,21,0.0,1.00,1.00,1.00,3.31,4.08,4.14,35.1,2.000,0.617,4.16
182000,2359,34,32.3,0.0,0.0,0.0,16.1,0.0,1.00,0.6,8,949,69.87,47.69,8,7,19,0.0,1.00,1.00,1.00,3.56,4.03,3.97,36.3,2.000,0.931,4.15
182000,2455,26,36.7,0.0,1.9,0.0,16.5,0.0,1.00,1.3,17,852,69.01,38.02,1,23,2,0.0,1.00,1.00,1.00,3.73,4.23,4.35,36.2,2.000,0.910,4.62
182000,2467,18,33.6,0.0,5.2,0.0,11.6,0.0,1.00,0.1,9,1310,68.33,56.81,17,1,0,0.0,1.00,1.00,1.00,3.28,4.11,4.17,9.0,2.000,0.498,4.17
182000,2425,16,31.7,0.0,3.9,0.0,12.0,0.0,1.00,0.0,9,762,62.12,48.53,10,2,4,0.0,1.00,1.00,1.00,3.25,4.06,4.06,28.2,2.000,0.835,4.06
182000,2316,16,28.4,0.0,0.8,0.0,13.4,0.0,1.00,0.9,5,727,31.71,44.41,5,4,7,0.0,1.00,1.00,1.00,3.50,4.00,3.56,38.3,2.000,0.884,4.00
182000,2441,12,33.5,0.0,12.5,0.0,4.2,0.0,1.00,0.0,5,939,33.43,29.21,0,11,1,0.0,1.00,1.00,1.00,3.50,4.08,4.08,34.0,2.000,0.316,4.08
182000,2334,6,31.0,0.0,7.5,0.0,8.0,0.0,1.00,0.0,4,846,37.69,22.27,4,1,1,0.0,1.00,1.00,1.00,3.83,4.00,4.00,22.6,2.000,0.596,4.00
182000,2420,5,46.4,0.0,14.2,0.0,9.0,0.0,1.00,0.0,2,620,46.92,42.69,2,3,0,0.0,1.00,1.00,1.00,3.60,4.80,4.80,27.2,2.000,0.844,4.80
183000,2158,1412,39.1,0.0,7.8,0.0,11.7,0.0,1.00,0.5,324,930,57.01,39.98,447,431,534,0.0,1.00,1.00,1.00,3.68,4.42,4.42,32.4,2.000,0.682,4.54
183000,1763,284,32.7,0.0,5.9,0.0,10.4,0.0,1.00,0.4,73,978,46.93,30.10,96,112,76,0.0,1.00,1.00,1.00,3.42,4.09,4.03,30.1,2.000,0.856,4.15
183000,2136,185,31.0,0.0,6.7,0.0,8.8,0.0,1.00,0.4,44,782,35.57,28.39,82,61,42,0.0,1.00,1.00,1.00,3.35,3.98,3.97,27.5,2.000,0.618,4.07
183000,2469,114,34.5,0.0,3.6,0.0,13.6,0.0,1.00,0.3,28,1079,59.68,35.41,23,42,49,0.0,1.00,1.00,1.00,3.54,4.16,4.14,35.5,2.000,0.649,4.22
183000,1966,84,32.8,0.0,6.2,0.0,10.2,0.0,1.00,0.4,27,1165,67.27,49.38,26,46,12,0.0,1.00,1.00,1.00,3.55,4.13,4.08,29.2,2.000,0.568,4.20
183000,1862,75,36.8,0.0,5.1,0.0,13.3,0.0,1.00,0.2,30,667,36.23,28.42,23,25,27,0.0,1.00,1.00,1.00,3.71,4.20,4.27,34.0,2.000,0.614,4.28
183000,2159,58,94.5,0.0,17.1,0.0,30.2,0.0,1.00,0.4,16,1073,101.39,49.78,19,32,7,0.0,1.00,1.00,1.00,6.36,6.95,6.90,29.8,2.000,0.691,7.02
183000,2425,24,28.0,0.0,0.2,0.0,13.8,0.0,1.00,1.1,8,541,35.40,25.58,15,2,7,0.0,1.00,1.00,1.00,3.46,3.58,3.88,28.0,2.000,0.775,4.00
183000,2467,23,31.5,0.0,4.2,0.0,11.6,0.0,1.00,0.8,10,1019,51.47,44.24,22,1,0,0.0,1.00,1.00,1.00,3.35,3.87,4.09,8.1,2.000,0.454,4.17
183000,2359,15,33.6,0.0,0.0,0.0,16.8,0.0,1.00,0.4,3,1366,82.69,58.56,2,6,7,0.0,1.00,1.00,1.00,3.20,4.20,4.00,37.0,2.000,0.926,4.20
183000,2316,14,29.9,0.1,1.6,0.0,13.0,0.2,1.04,0.6,6,1071,49.01,50.44,7,3,4,0.2,1.07,1.00,1.04,3.50,3.93,3.79,31.9,2.000,0.907,4.00
183000,2472,12,29.8,0.0,5.5,0.0,9.4,0.0,1.00,0.3,6,1152,61.32,27.59,11,1,0,0.0,1.00,1.00,1.00,3.50,3.83,4.00,15.6,2.000,0.617,4.00
183000,2441,11,35.3,0.0,10.8,0.0,6.8,0.0,1.00,0.0,6,1230,49.17,22.49,0,8,3,0.0,1.00,1.00,1.00,3.64,4.18,4.18,36.2,2.000,0.343,4.18
183000,2473,9,34.0,0.0,6.7,0.0,10.3,0.0,1.00,0.0,5,935,62.36,63.46,4,4,1,0.0,1.00,1.00,1.00,3.33,4.11,4.11,26.7,2.000,0.468,4.11
183000,2455,8,68.7,0.0,0.1,0.0,34.2,0.0,1.00,0.0,3,513,64.55,31.55,0,8,0,0.0,1.00,1.00,1.00,5.62,5.88,5.88,36.3,2.000,0.853,5.88
183000,2420,5,50.0,0.0,15.0,0.0,10.0,0.0,1.00,0.0,1,1513,117.39,88.02,2,3,0,0.0,1.00,1.00,1.00,4.00,5.00,5.00,24.7,2.000,0.825,5.00
184000,2158,1506,39.2,0.0,7.6,0.0,12.0,0.0,1.00,0.5,332,958,56.38,39.34,469,504,533,0.0,1.00,1.00,1.00,3.70,4.42,4.43,32.3,2.000,0.679,4.54
184000,1763,289,32.9,0.0,6.1,0.0,10.3,0.0,1.00,0.3,64,916,45.63,28.51,110,94,85,0.0,1.00,1.00,1.00,3.41,4.09,4.06,30.6,2.000,0.838,4.16
184000,2136,189,31.5,0.0,6.4,0.0,9.4,0.0,1.00,0.4,42,957,41.46,33.09,69,71,49,0.0,1.00,1.00,1.00,3.46,3.99,4.00,30.8,2.000,0.608,4.08
184000,2469,122,31.0,0.0,3.6,0.0,11.9,0.0,1.00,0.8,45,917,51.74,28.26,24,50,48,0.0,1.00,1.00,1.00,3.31,3.93,4.02,36.3,2.000,0.632,4.16
184000,1966,88,33.1,0.0,6.1,0.0,10.5,0.0,1.00,0.3,17,983,52.96,38.16,28,40,20,0.0,1.00,1.00,1.00,3.45,4.02,4.10,30.4,2.000,0.590,4.14
184000,1862,69,35.9,0.0,4.5,0.0,13.4,0.0,1.00,0.3,30,1010,56.44,45.14,26,22,21,0.0,1.00,1.00,1.00,3.72,4.20,4.25,32.0,2.000,0.625,4.29
184000,2159,61,88.4,0.0,16.7,0.0,27.5,0.0,1.00,0.9,21,997,97.64,51.17,23,33,5,0.0,1.00,1.00,1.00,6.46,6.72,6.62,28.1,2.000,0.700,6.85
184000,2480,22,30.7,0.0,5.5,0.0,9.9,0.0,1.00,0.7,8,836,37.79,28.45,0,11,11,0.0,1.00,1.00,1.00,3.00,3.91,3.82,41.5,2.000,0.447,4.05
184000,2441,21,32.7,0.0,10.0,0.0,6.3,0.0,1.00,0.0,8,971,45.36,23.47,0,17,4,0.0,1.00,1.00,1.00,3.71,4.05,4.05,33.7,2.000,0.374,4.05
184000,2472,15,32.0,0.0,7.7,0.0,8.3,0.0,1.00,0.0,4,835,38.60,25.89,8,7,0,0.0,1.00,1.00,1.00,3.07,4.00,4.00,20.7,2.000,0.633,4.00
184000,2359,13,30.8,0.0,0.0,0.0,15.4,0.0,1.00,0.0,3,1029,60.64,36.57,1,8,4,0.0,1.00,1.00,1.00,2.85,4.00,4.00,37.2,2.000,0.937,4.00
184000,2479,11,43.3,0.0,9.2,0.0,12.5,0.0,1.00,0.7,7,1147,109.02,74.34,1,5,5,0.0,1.00,1.00,1.00,4.00,4.55,4.73,40.5,2.000,0.749,4.82
184000,2455,10,73.2,0.0,3.0,0.0,33.6,0.0,1.00,0.0,4,1011,109.27,47.40,0,7,3,0.0,1.00,1.00,1.00,5.80,6.10,6.10,37.6,2.000,0.856,6.10
184000,2425,9,32.0,0.0,0.0,0.0,16.0,0.0,1.00,0.0,1,810,40.93,36.42,4,5,0,0.0,1.00,1.00,1.00,3.11,4.00,4.00,23.9,2.000,0.838,4.00
184000,2316,7,28.6,0.0,0.0,0.0,14.3,0.0,1.00,1.1,2,1014,54.33,56.72,0,0,7,0.0,1.00,1.00,1.00,2.57,3.71,3.71,48.6,2.000,0.882,4.00
184000,2473,7,25.7,0.0,6.0,0.0,6.9,0.0,1.00,1.4,5,1393,66.95,67.07,2,5,0,0.0,1.00,1.00,1.00,2.71,3.71,3.57,26.6,2.000,0.637,4.00
184000,2420,5,50.0,0.0,15.0,0.0,10.0,0.0,1.00,0.0,1,2513,178.50,108.56,2,2,1,0.0,1.00,1.00,1.00,4.00,5.00,5.00,28.8,2.000,0.825,5.00
185000,2158,1456,39.7,0.0,8.2,0.0,11.7,0.0,1.00,0.4,305,1051,60.39,40.89,428,447,581,0.0,1.00,1.00,1.00,3.71,4.44,4.44,33.2,2.000,0.682,4.54
185000,1763,248,34.9,0.0,6.0,0.0,11.5,0.0,1.00,0.2,60,1058,52.95,34.74,104,65,79,0.0,1.00,1.00,1.00,3.53,4.18,4.18,29.9,2.000,0.837,4.23
185000,2136,199,32.5,0.0,7.1,0.0,9.1,0.0,1.00,0.2,37,1038,47.46,34.67,74,85,40,0.0,1.00,1.00,1.00,3.45,4.04,4.03,28.8,2.000,0.627,4.08
185000,1966,88,33.9,0.0,7.3,0.0,9.6,0.0,1.00,0.0,18,1065,55.13,32.56,30,31,27,0.0,1.00,1.00,1.00,3.35,4.14,4.11,30.8,2.000,0.577,4.14
185000,2469,85,31.2,0.0,4.5,0.0,11.1,0.0,1.00,0.4,27,1108,63.38,32.48,13,31,41,0.0,1.00,1.00,1.00,3.20,3.96,3.98,38.5,2.000,0.656,4.08
185000,1862,73,33.7,0.0,4.8,0.0,12.1,0.0,1.00,0.3,28,910,48.02,35.61,10,33,30,0.0,1.00,1.00,1.00,3.49,4.10,4.10,36.5,2.000,0.661,4.16
185000,2159,62,95.0,0.0,17.1,0.0,30.4,0.0,1.00,0.2,25,986,101.17,55.11,21,35,6,0.0,1.00,1.00,1.00,6.74,6.87,6.85,28.7,2.000,0.699,6.92
185000,2472,26,33.4,0.0,7.6,0.0,9.1,0.0,1.00,0.0,8,733,27.63,21.99,24,2,0,0.0,1.00,1.00,1.00,3.35,4.08,4.08,12.4,2.000,0.602,4.08
185000,2480,22,29.6,0.0,3.9,0.0,10.9,0.0,1.00,1.0,10,1044,52.68,36.98,0,13,9,0.0,1.00,1.00,1.00,3.27,3.82,3.77,39.4,2.000,0.432,4.05
185000,2479,20,48.2,0.0,6.9,0.0,17.1,0.0,1.00,0.2,10,822,69.98,54.24,0,5,15,0.0,1.00,1.00,1.00,3.90,5.00,4.90,45.5,2.000,0.769,5.00
185000,2441,16,39.5,0.0,10.7,0.0,9.1,0.0,1.00,0.0,8,758,54.08,38.39,0,15,1,0.0,1.00,1.00,1.00,4.44,4.38,4.38,34.2,2.000,0.318,4.38
185000,2493,11,32.0,0.0,7.5,0.0,8.5,0.0,1.00,0.0,3,1228,56.14,34.65,10,1,0,0.0,1.00,1.00,1.00,3.45,4.00,4.00,11.4,2.000,0.547,4.00
185000,2455,10,69.8,0.0,0.0,0.0,34.9,0.0,1.00,0.8,3,1402,119.83,39.21,0,4,6,0.0,1.00,1.00,1.00,6.00,6.10,5.70,43.2,2.000,0.889,6.10
185000,2467,6,32.0,0.0,0.0,0.0,16.0,0.0,1.00,0.0,1,551,38.19,21.61,6,0,0,0.0,1.00,1.00,1.00,3.67,4.00,4.00,22.9,2.000,0.469,4.00
186000,2158,1444,38.6,0.0,7.9,0.0,11.4,0.0,1.00,0.4,292,998,56.25,36.80,380,507,557,0.0,1.00,1.00,1.00,3.64,4.38,4.39,33.9,2.000,0.684,4.49
186000,1763,271,34.4,0.0,6.0,0.0,11.2,0.0,1.00,0.3,68,1069,53.96,34.48,117,70,84,0.0,1.00,1.00,1.00,3.58,4.17,4.18,29.4,2.000,0.824,4.24
186000,2136,192,32.0,0.0,7.0,0.0,9.0,0.0,1.00,0.2,36,999,44.23,31.90,77,64,51,0.0,1.00,1.00,1.00,3.36,4.02,4.01,28.8,2.000,0.616,4.06
186000,1966,111,36.7,0.0,8.0,0.0,10.3,0.0,1.00,0.3,31,1033,52.47,30.68,46,41,24,0.0,1.00,1.00,1.00,3.54,4.24,4.31,29.2,2.000,0.580,4.34
186000,2469,81,31.8,0.0,3.4,0.0,12.5,0.0,1.00,0.2,15,1060,60.35,42.42,10,36,35,0.0,1.00,1.00,1.00,3.36,3.99,3.98,37.6,2.000,0.691,4.02
186000,2159,47,91.9,0.0,20.5,0.0,25.5,0.0,1.00,0.9,22,1134,107.85,54.29,10,36,1,0.0,1.00,1.00,1.00,6.77,6.96,6.79,30.2,2.000,0.712,7.09
186000,1862,40,32.8,0.0,4.8,0.0,11.6,0.0,1.00,0.4,20,1229,66.42,42.15,15,11,14,0.0,1.00,1.00,1.00,3.38,4.12,4.07,30.7,2.000,0.710,4.20
186000,2493,25,30.6,0.0,6.8,0.0,8.4,0.0,1.00,0.6,7,838,35.57,20.73,15,9,1,0.0,1.00,1.00,1.00,3.24,3.84,4.00,19.9,2.000,0.558,4.08
186000,2480,20,29.3,0.0,4.8,0.0,9.9,0.0,1.00,0.7,10,1162,61.93,49.22,2,13,5,0.0,1.00,1.00,1.00,3.30,3.85,3.80,35.0,2.000,0.385,4.00
186000,2472,19,34.8,0.0,8.8,0.0,8.6,0.0,1.00,0.0,9,1204,47.63,24.11,14,2,3,0.0,1.00,1.00,1.00,3.26,4.16,4.16,20.8,2.000,0.673,4.16
186000,2479,19,51.3,0.0,5.2,0.0,20.5,0.0,1.00,0.0,10,889,72.84,43.00,0,2,17,0.0,1.00,1.00,1.00,4.00,5.05,5.05,47.2,2.000,0.729,5.05
186000,2425,16,29.7,0.0,0.0,0.0,14.9,0.0,1.00,0.5,4,776,32.40,27.42,11,5,0,0.0,1.00,1.00,1.00,3.06,3.75,4.00,20.8,2.000,0.855,4.00
186000,2441,15,34.7,0.0,10.0,0.0,7.3,0.0,1.00,0.0,5,1236,83.53,69.96,0,12,3,0.0,1.00,1.00,1.00,4.33,4.13,4.13,34.9,2.000,0.398,4.13
186000,2455,5,67.6,0.0,0.0,0.0,33.8,0.0,1.00,0.0,2,1189,81.37,24.10,0,0,5,0.0,1.00,1.00,1.00,5.80,5.80,5.80,46.5,2.000,0.922,5.80
187000,2158,1417,38.2,0.0,7.6,0.0,11.5,0.0,1.00,0.5,319,1017,58.14,37.71,429,471,517,0.0,1.00,1.00,1.00,3.61,4.38,4.34,32.9,2.000,0.688,4.47
187000,1763,320,33.8,0.0,5.5,0.0,11.5,0.0,1.00,0.4,95,905,47.54,30.30,122,117,81,0.0,1.00,1.00,1.00,3.47,4.13,4.16,29.5,2.000,0.822,4.24
187000,2136,208,31.3,0.0,6.8,0.0,8.8,0.0,1.00,0.6,54,1009,48.10,34.71,97,67,44,0.0,1.00,1.00,1.00,3.30,3.96,3.99,26.9,2.000,0.610,4.13
187000,1966,128,35.8,0.0,6.8,0.0,11.1,0.0,1.00,0.4,43,849,44.00,29.24,48,44,36,0.0,1.00,1.00,1.00,3.55,4.26,4.28,30.5,2.000,0.602,4.37
187000,2159,47,84.0,0.0,17.0,0.0,25.0,0.0,1.00,0.6,23,966,83.44,34.37,16,21,10,0.0,1.00,1.00,1.00,6.19,6.40,6.51,30.6,2.000,0.692,6.62
187000,2469,44,31.2,0.0,0.9,0.0,14.7,0.0,1.00,0.4,11,807,41.19,32.63,9,32,3,0.0,1.00,1.00,1.00,3.64,3.93,3.95,29.0,2.000,0.727,4.05
187000,2479,27,43.7,0.0,6.1,0.0,15.8,0.0,1.00,0.8,15,896,86.11,50.78,0,1,26,0.0,1.00,1.00,1.00,3.74,4.74,4.85,48.0,2.000,0.725,4.93
187000,1862,25,32.9,0.0,3.2,0.0,13.2,0.0,1.00,0.9,16,1099,63.38,40.55,8,12,5,0.0,1.00,1.00,1.00,3.20,4.04,3.92,29.7,2.000,0.690,4.20
187000,2493,25,33.4,0.0,6.1,0.0,10.6,0.0,1.00,0.2,7,815,35.96,29.31,16,6,3,0.0,1.00,1.00,1.00,3.32,4.12,4.08,19.5,2.000,0.569,4.16
187000,2425,14,30.1,0.0,0.3,0.0,14.8,0.0,1.00,0.6,3,952,47.29,37.29,13,1,0,0.0,1.00,1.00,1.00,3.57,3.86,3.86,13.3,2.000,0.848,4.00
187000,2472,11,35.3,0.0,8.1,0.0,9.5,0.0,1.00,0.0,5,1334,59.38,32.36,5,3,3,0.0,1.00,1.00,1.00,3.36,4.18,4.18,25.5,2.000,0.648,4.18
187000,2441,10,33.8,0.0,11.3,0.0,5.6,0.0,1.00,0.8,6,1686,68.63,54.68,1,4,5,0.0,1.00,1.00,1.00,3.90,3.90,4.30,38.5,2.000,0.364,4.30
187000,2455,9,71.8,0.0,0.4,0.0,35.4,0.0,1.00,1.1,3,865,69.46,19.45,0,0,9,0.0,1.00,1.00,1.00,5.78,6.33,5.78,50.7,2.000,0.900,6.33
187000,2420,5,39.2,0.0,12.4,0.0,7.2,0.0,1.00,0.0,3,1030,33.81,17.04,5,0,0,0.0,1.00,1.00,1.00,4.00,4.40,4.40,5.6,2.000,0.798,4.40
188000,2158,1303,38.3,0.0,7.6,0.0,11.5,0.0,1.00,0.4,274,1011,57.35,38.13,366,439,498,0.0,1.00,1.00,1.00,3.67,4.38,4.35,33.5,2.000,0.690,4.47
188000,1763,289,34.0,0.0,6.0,0.0,11.0,0.0,1.00,0.3,70,907,49.30,31.81,130,107,52,0.0,1.00,1.00,1.00,3.54,4.13,4.14,27.1,2.000,0.811,4.21
188000,2136,203,31.5,0.0,7.4,0.0,8.4,0.0,1.00,0.4,41,1015,45.40,34.02,106,52,45,0.0,1.00,1.00,1.00,3.43,3.99,4.02,25.0,2.000,0.636,4.08
188000,1966,130,32.2,0.0,6.1,0.0,10.0,0.0,1.00,0.9,45,912,46.06,32.77,39,42,49,0.0,1.00,1.00,1.00,3.48,4.05,4.05,32.9,2.000,0.607,4.26
188000,2493,46,31.2,0.0,5.9,0.0,9.7,0.0,1.00,0.5,14,846,39.45,27.24,32,10,4,0.0,1.00,1.00,1.00,3.43,3.96,3.96,16.0,2.000,0.576,4.09
188000,2469,39,33.2,0.0,0.9,0.0,15.7,0.0,1.00,0.2,11,966,48.87,38.09,3,28,8,0.0,1.00,1.00,1.00,3.77,4.08,4.05,34.4,2.000,0.699,4.10
188000,2479,38,45.7,0.0,2.5,0.0,20.3,0.0,1.00,0.7,15,810,68.36,39.00,0,0,38,0.0,1.00,1.00,1.00,3.89,4.74,4.87,49.9,2.000,0.757,4.97
188000,2159,29,83.7,0.0,15.3,0.0,26.5,0.0,1.00,0.5,17,1114,124.30,42.00,3,24,2,0.0,1.00,1.00,1.00,6.28,6.55,6.38,35.3,2.000,0.740,6.59
188000,2531,22,31.5,0.0,1.5,0.0,14.3,0.0,1.00,0.0,7,1503,108.35,81.00,0,15,7,0.0,1.00,1.00,1.00,3.68,4.00,4.00,38.4,2.000,0.798,4.00
188000,1862,21,28.8,0.0,4.1,0.0,10.3,0.0,1.00,0.9,14,1149,64.27,40.89,10,2,9,0.0,1.00,1.00,1.00,2.81,3.86,3.81,29.4,2.000,0.649,4.05
188000,2425,15,32.0,0.0,0.0,0.0,16.0,0.0,1.00,0.0,1,1188,69.11,54.76,15,0,0,0.0,1.00,1.00,1.00,3.73,4.00,4.00,12.6,2.000,0.855,4.00
188000,2483,10,44.6,0.0,8.7,0.0,13.6,0.0,1.00,0.0,8,1321,77.12,39.81,8,2,0,0.0,1.00,1.00,1.00,3.40,4.70,4.70,13.5,2.000,0.620,4.70
188000,2359,9,32.0,0.0,0.4,0.0,15.6,0.0,1.00,0.0,3,422,37.64,24.85,9,0,0,0.0,1.00,1.00,1.00,4.00,4.00,4.00,13.1,2.000,0.936,4.00
188000,2472,8,29.8,0.0,9.0,0.0,5.9,0.0,1.00,0.5,5,1485,66.98,36.76,4,2,2,0.0,1.00,1.00,1.00,3.50,4.12,4.12,30.4,2.000,0.681,4.25
188000,2441,6,38.0,0.0,5.3,0.0,13.7,0.0,1.00,0.0,2,1138,72.10,34.91,0,0,6,0.0,1.00,1.00,1.00,3.33,4.33,4.33,43.2,2.000,0.397,4.33
188000,2455,6,56.0,0.0,0.0,0.0,28.0,0.0,1.00,1.7,4,558,69.37,21.53,0,0,6,0.0,1.00,1.00,1.00,5.50,5.17,6.00,50.2,2.000,0.942,6.00
188000,2420,5,50.0,0.0,15.0,0.0,10.0,0.0,1.00,0.0,1,397,20.48,19.78,5,0,0,0.0,1.00,1.00,1.00,4.00,5.00,5.00,11.5,2.000,0.748,5.00
189000,2158,1292,37.8,0.0,7.3,0.0,11.6,0.0,1.00,0.6,299,980,55.23,38.65,371,448,473,0.0,1.00,1.00,1.00,3.66,4.35,4.35,33.0,2.000,0.688,4.48
189000,1763,294,33.8,0.0,5.3,0.0,11.6,0.0,1.00,0.3,72,945,49.73,32.35,154,103,37,0.0,1.00,1.00,1.00,3.47,4.12,4.14,24.8,2.000,0.803,4.20
189000,2136,223,31.1,0.0,7.4,0.0,8.1,0.0,1.00,0.3,47,959,44.46,33.54,91,83,49,0.0,1.00,1.00,1.00,3.36,3.95,3.99,28.2,2.000,0.632,4.04
189000,1966,140,33.6,0.0,7.1,0.0,9.8,0.0,1.00,0.4,39,855,43.01,32.35,28,54,58,0.0,1.00,1.00,1.00,3.31,4.16,4.12,35.1,2.000,0.579,4.24
189000,2493,31,32.3,0.0,6.5,0.0,9.7,0.0,1.00,0.1,8,1362,52.51,41.21,16,12,3,0.0,1.00,1.00,1.00,2.84,4.06,4.00,20.3,2.000,0.568,4.06
189000,2479,26,44.5,0.0,3.5,0.0,18.7,0.0,1.00,0.2,13,928,61.73,38.14,0,8,18,0.0,1.00,1.00,1.00,3.85,4.73,4.73,46.9,2.000,0.763,4.77
189000,2531,25,26.7,0.0,2.0,0.0,11.4,0.0,1.00,1.4,13,852,49.44,44.24,1,14,10,0.0,1.00,1.00,1.00,3.20,3.72,3.60,38.7,2.000,0.828,4.00
189000,2159,18,97.4,0.0,15.8,0.0,32.9,0.0,1.00,0.0,10,1252,121.68,46.39,1,15,2,0.0,1.00,1.00,1.00,7.17,7.06,7.06,35.3,2.000,0.663,7.06
189000,1862,15,34.4,0.0,4.3,0.0,12.9,0.0,1.00,0.0,6,793,44.21,22.29,5,0,10,0.0,1.00,1.00,1.00,3.60,4.13,4.13,37.6,2.000,0.648,4.13
189000,2469,13,34.6,0.0,0.5,0.0,16.8,0.0,1.00,0.0,4,1142,55.67,44.58,2,8,3,0.0,1.00,1.00,1.00,3.23,4.15,4.15,32.7,2.000,0.665,4.15
189000,2420,11,48.2,0.0,12.3,0.0,11.8,0.0,1.00,0.2,3,780,40.78,33.39,10,1,0,0.0,1.00,1.00,1.00,3.73,5.00,4.91,13.5,2.000,0.725,5.00
189000,2359,11,28.5,0.0,0.3,0.0,14.0,0.0,1.00,0.4,7,471,27.76,35.49,11,0,0,0.0,1.00,1.00,1.00,2.91,4.00,3.82,8.8,2.000,0.916,4.00
189000,2425,9,30.0,0.0,0.6,0.0,14.4,0.0,1.00,0.4,3,1216,60.59,39.99,7,2,0,0.0,1.00,1.00,1.00,2.78,3.89,3.89,16.4,2.000,0.848,4.00
189000,2483,5,54.4,0.0,7.4,0.0,19.8,0.0,1.00,0.0,4,658,34.14,14.07,4,1,0,0.0,1.00,1.00,1.00,5.00,5.20,5.20,19.5,2.000,0.498,5.20
190000,2158,1142,37.4,0.0,7.4,0.0,11.3,0.0,1.00,0.4,250,983,55.24,39.18,364,399,379,0.0,1.00,1.00,1.00,3.64,4.33,4.33,32.5,2.000,0.689,4.42
190000,1763,306,33.8,0.0,5.5,0.0,11.5,0.0,1.00,0.4,71,931,47.62,31.40,174,99,33,0.0,1.00,1.00,1.00,3.52,4.14,4.16,24.3,2.000,0.801,4.23
190000,2136,213,30.7,0.0,7.0,0.0,8.3,0.0,1.00,0.6,44,1057,48.12,39.10,98,62,53,0.0,1.00,1.00,1.00,3.34,3.96,3.97,27.2,2.000,0.634,4.10
190000,1966,125,33.5,0.0,7.4,0.0,9.4,0.0,1.00,0.1,33,1112,55.90,38.28,39,36,50,0.0,1.00,1.00,1.00,3.48,4.13,4.10,33.9,2.000,0.584,4.15
190000,2493,27,39.6,0.0,5.6,0.0,14.2,0.0,1.00,0.6,10,1055,45.23,30.26,14,6,7,0.0,1.00,1.00,1.00,3.52,4.48,4.33,23.6,2.000,0.586,4.56
190000,2531,20,31.3,0.0,4.8,0.0,10.9,0.0,1.00,0.1,9,907,49.24,48.34,2,16,2,0.0,1.00,1.00,1.00,3.50,3.95,4.00,32.6,2.000,0.858,4.00
190000,2547,17,30.0,0.0,3.9,0.0,11.1,0.0,1.00,0.1,12,682,30.55,20.72,0,14,3,0.0,1.00,1.00,1.00,3.06,4.00,3.94,37.7,2.000,0.578,4.00
190000,2545,14,41.6,0.0,10.4,0.0,10.4,0.0,1.00,0.0,6,1379,57.50,49.46,8,1,5,0.0,1.00,1.00,1.00,4.00,4.50,4.50,29.3,2.000,0.819,4.50
190000,1862,10,31.2,0.0,3.8,0.0,11.8,0.0,1.00,0.8,5,1503,85.85,73.14,4,0,6,0.0,1.00,1.00,1.00,3.60,3.80,4.20,35.5,2.000,0.649,4.20
190000,2479,9,50.0,0.0,3.4,0.0,21.6,0.0,1.00,0.0,6,1522,96.49,61.92,1,0,8,0.0,1.00,1.00,1.00,4.00,5.00,5.00,46.0,2.000,0.803,5.00
190000,2159,9,101.6,0.0,11.8,0.0,39.0,0.0,1.00,0.0,7,1205,142.31,68.46,1,5,3,0.0,1.00,1.00,1.00,6.67,7.11,7.11,37.1,2.000,0.554,7.11
190000,2472,5,32.0,0.0,8.0,0.0,8.0,0.0,1.00,0.0,1,818,38.15,17.56,0,0,5,0.0,1.00,1.00,1.00,3.20,4.00,4.00,52.2,2.000,0.682,4.00
191000,2158,948,38.3,0.0,7.5,0.0,11.6,0.0,1.00,0.3,208,1080,58.18,41.24,348,296,304,0.0,1.00,1.00,1.00,3.65,4.37,4.38,30.6,2.000,0.685,4.45
191000,1763,251,33.2,0.0,5.4,0.0,11.2,0.0,1.00,0.4,60,961,48.10,30.57,118,100,33,0.0,1.00,1.00,1.00,3.33,4.10,4.07,25.3,2.000,0.804,4.19
191000,2136,216,32.6,0.0,7.0,0.0,9.3,0.0,1.00,0.3,41,995,44.14,34.93,108,74,34,0.0,1.00,1.00,1.00,3.45,4.05,4.04,25.0,2.000,0.637,4.12
191000,1966,114,35.2,0.0,7.1,0.0,10.5,0.0,1.00,0.2,34,1216,59.79,37.69,45,31,38,0.0,1.00,1.00,1.00,3.49,4.21,4.20,30.5,2.000,0.597,4.25
191000,2531,34,30.5,0.0,3.3,0.0,12.0,0.0,1.00,0.3,14,916,48.30,39.54,9,23,2,0.0,1.00,1.00,1.00,3.41,4.03,3.88,30.1,2.000,0.883,4.03
191000,2493,20,31.6,0.0,4.0,0.0,11.8,0.0,1.00,0.0,9,825,43.98,33.58,10,10,0,0.0,1.00,1.00,1.00,3.15,4.10,4.10,25.1,2.000,0.635,4.10
191000,2551,14,33.9,0.0,2.9,0.0,14.0,0.0,1.00,0.4,7,1254,55.78,24.99,5,7,2,0.0,1.00,1.00,1.00,3.43,4.21,4.00,27.1,2.000,0.775,4.21
191000,2545,13,31.5,0.0,11.2,0.0,4.6,0.0,1.00,0.5,8,313,8.93,25.80,12,1,0,0.0,1.00,1.00,1.00,2.85,4.08,4.31,15.1,2.000,0.815,4.31
191000,2469,8,32.0,0.0,0.0,0.0,16.0,0.0,1.00,0.0,1,510,22.81,10.29,8,0,0,0.0,1.00,1.00,1.00,3.75,4.00,4.00,14.6,2.000,0.387,4.00
191000,2159,7,68.6,0.0,0.0,0.0,34.3,0.0,1.00,0.0,4,585,64.13,30.77,0,5,2,0.0,1.00,1.00,1.00,5.00,5.71,5.71,39.9,2.000,0.401,5.71
191000,2425,7,31.1,0.0,0.0,0.0,15.6,0.0,1.00,0.0,2,300,18.03,19.23,0,7,0,0.0,1.00,1.00,1.00,2.57,4.00,4.00,27.1,2.000,0.692,4.00
191000,2547,6,29.3,0.0,8.5,0.0,6.2,0.0,1.00,0.7,4,935,38.63,37.83,3,1,2,0.0,1.00,1.00,1.00,3.33,3.67,4.00,28.5,2.000,0.698,4.00
191000,1862,5,27.2,0.0,2.8,0.0,10.8,0.0,1.00,3.6,4,1912,110.25,77.37,3,0,2,0.0,1.00,1.00,1.00,3.40,3.40,3.60,24.2,2.000,0.696,4.40
192000,2158,747,38.0,0.0,7.9,0.0,11.1,0.0,1.00,0.4,187,1064,52.28,39.39,274,258,215,0.0,1.00,1.00,1.00,3.61,4.36,4.35,30.4,2.000,0.685,4.46
192000,2136,186,31.5,0.0,7.4,0.0,8.4,0.0,1.00,0.3,37,1037,43.49,34.20,105,46,35,0.0,1.00,1.00,1.00,3.44,4.02,3.96,23.7,2.000,0.621,4.06
192000,1763,179,34.0,0.0,5.9,0.0,11.1,0.0,1.00,0.2,46,1061,52.47,34.70,108,51,20,0.0,1.00,1.00,1.00,3.34,4.14,4.17,23.2,2.000,0.810,4.21
192000,1966,73,33.1,0.0,6.7,0.0,9.9,0.0,1.00,0.5,24,1139,46.52,36.46,20,29,24,0.0,1.00,1.00,1.00,3.25,4.04,4.05,33.9,2.000,0.590,4.16
192000,2493,11,28.7,0.0,3.8,0.0,10.5,0.0,1.00,1.6,7,1639,86.51,67.85,6,4,1,0.0,1.00,1.00,1.00,3.09,3.73,3.64,24.0,2.000,0.619,4.09
192000,2567,10,32.0,0.0,6.3,0.0,9.7,0.0,1.00,0.0,4,1264,55.15,29.67,0,4,6,0.0,1.00,1.00,1.00,3.40,4.00,4.00,44.6,2.000,0.823,4.00
192000,2569,9,32.0,0.0,0.0,0.0,16.0,0.0,1.00,0.0,1,1456,80.72,64.62,2,5,2,0.0,1.00,1.00,1.00,4.00,4.00,4.00,33.6,2.000,0.488,4.00
192000,1862,5,32.8,0.0,0.0,0.0,16.4,0.0,1.00,2.8,5,687,38.74,25.33,5,0,0,0.0,1.00,1.00,1.00,3.20,4.00,4.20,10.9,2.000,0.401,4.80
192000,2551,5,39.2,0.0,3.6,0.0,16.0,0.0,1.00,0.0,4,1739,66.70,42.27,2,3,0,0.0,1.00,1.00,1.00,3.40,4.40,4.40,31.7,2.000,0.676,4.40
192000,2479,5,35.6,0.0,3.6,0.0,14.2,0.0,1.00,0.0,2,658,47.55,31.00,0,0,5,0.0,1.00,1.00,1.00,4.00,4.20,4.20,52.5,2.000,0.828,4.20
192000,2469,5,25.6,0.0,0.0,0.0,12.8,0.0,1.00,1.6,3,695,27.66,31.19,0,2,3,0.0,1.00,1.00,1.00,2.80,3.60,3.60,40.0,2.000,0.409,4.00
193000,2158,458,37.4,0.0,8.1,0.0,10.6,0.0,1.00,0.2,103,1226,58.35,41.98,210,128,120,0.0,1.00,1.00,1.00,3.56,4.34,4.33,27.8,2.000,0.688,4.39
193000,2136,139,32.6,0.0,7.8,0.0,8.5,0.0,1.00,0.2,31,1326,53.31,41.32,87,34,18,0.0,1.00,1.00,1.00,3.38,4.06,4.04,22.2,2.000,0.622,4.10
193000,1763,136,33.3,0.0,5.5,0.0,11.1,0.0,1.00,0.5,44,1117,50.60,39.54,79,41,16,0.0,1.00,1.00,1.00,3.43,4.07,4.11,24.4,2.000,0.816,4.20
193000,1966,41,34.6,0.0,7.0,0.0,10.3,0.0,1.00,0.1,13,1368,54.95,43.40,17,15,9,0.0,1.00,1.00,1.00,3.39,4.20,4.20,29.4,2.000,0.574,4.22
193000,2543,9,36.0,0.0,6.6,0.0,11.4,0.0,1.00,0.0,3,559,21.17,28.53,7,2,0,0.0,1.00,1.00,1.00,3.56,4.22,4.22,14.7,2.000,0.782,4.22
193000,2469,8,32.0,0.0,0.0,0.0,16.0,0.0,1.00,0.0,1,569,21.24,19.11,0,0,8,0.0,1.00,1.00,1.00,3.75,4.00,4.00,53.4,2.000,0.558,4.00
193000,1862,7,24.9,0.0,7.0,0.0,5.4,0.0,1.00,2.0,3,443,28.35,16.96,7,0,0,0.0,1.00,1.00,1.00,3.14,3.14,3.86,4.5,2.000,0.644,4.00
193000,2531,6,35.0,0.0,6.3,0.0,11.2,0.0,1.00,0.0,4,756,38.85,13.59,6,0,0,0.0,1.00,1.00,1.00,3.50,4.33,4.33,8.2,2.000,0.855,4.33
194000,2158,292,36.9,0.0,7.4,0.0,11.0,0.0,1.00,0.3,57,1166,54.79,40.55,192,70,30,0.0,1.00,1.00,1.00,3.57,4.27,4.29,22.1,2.000,0.689,4.36
194000,1763,88,34.4,0.0,6.2,0.0,11.0,0.0,1.00,0.4,31,1226,49.56,35.93,47,33,8,0.0,1.00,1.00,1.00,3.31,4.17,4.09,23.5,2.000,0.820,4.24
194000,2136,87,31.5,0.0,8.2,0.0,7.6,0.0,1.00,0.3,18,1225,45.90,35.94,63,15,9,0.0,1.00,1.00,1.00,3.49,3.98,3.99,20.2,2.000,0.618,4.05
194000,1966,26,33.6,0.0,7.9,0.0,8.9,0.0,1.00,0.0,7,1159,37.46,31.30,15,6,5,0.0,1.00,1.00,1.00,3.50,4.12,4.12,27.1,2.000,0.564,4.12
194000,1862,15,31.3,0.0,8.9,0.0,6.7,0.0,1.00,0.0,5,699,33.45,17.48,12,1,2,0.0,1.00,1.00,1.00,3.73,4.00,4.00,14.1,2.000,0.627,4.00
194000,2543,8,34.2,0.0,7.9,0.0,9.2,0.0,1.00,0.0,3,1101,44.88,38.23,6,1,1,0.0,1.00,1.00,1.00,2.75,4.12,4.12,24.9,2.000,0.793,4.12
195000,2158,149,36.7,0.0,6.5,0.0,11.9,0.0,1.00,0.3,37,1076,51.91,34.58,114,25,10,0.0,1.00,1.00,1.00,3.54,4.30,4.26,17.2,2.000,0.647,4.34
195000,1763,70,32.5,0.0,5.8,0.0,10.5,0.0,1.00,0.2,19,911,42.83,24.92,48,17,5,0.0,1.00,1.00,1.00,3.60,4.06,4.07,19.0,2.000,0.825,4.11
195000,2136,54,31.9,0.0,7.9,0.0,8.0,0.0,1.00,0.1,14,1216,53.55,29.75,44,5,5,0.0,1.00,1.00,1.00,3.57,3.98,4.04,17.7,2.000,0.647,4.04
195000,2543,13,36.2,0.0,7.8,0.0,10.2,0.0,1.00,0.0,6,675,27.12,11.36,10,3,0,0.0,1.00,1.00,1.00,3.85,4.23,4.23,16.3,2.000,0.797,4.23
195000,1966,11,28.7,0.0,5.2,0.0,9.2,0.0,1.00,1.5,6,1090,45.33,14.61,8,2,1,0.0,1.00,1.00,1.00,3.27,3.73,3.91,20.6,2.000,0.534,4.18
195000,1862,8,32.0,0.0,8.6,0.0,7.4,0.0,1.00,0.0,2,1272,73.93,40.41,7,0,1,0.0,1.00,1.00,1.00,3.00,4.00,4.00,17.1,2.000,0.607,4.00
195000,2493,6,33.3,0.0,2.3,0.0,14.3,0.0,1.00,2.7,5,732,64.45,43.13,5,1,0,0.0,1.00,1.00,1.00,3.33,4.00,4.00,16.9,2.000,0.675,4.67
196000,2158,130,34.5,0.0,7.1,0.0,10.2,0.0,1.00,0.4,36,1069,52.31,25.20,98,21,11,0.0,1.00,1.00,1.00,3.49,4.14,4.12,18.2,2.000,0.649,4.23
196000,1763,52,29.2,0.0,5.6,0.0,9.0,0.0,1.00,0.8,17,959,47.53,20.66,43,7,2,0.0,1.00,1.00,1.00,3.44,3.87,3.83,14.5,2.000,0.873,4.06
196000,2136,41,31.3,0.0,7.8,0.0,7.9,0.0,1.00,0.3,12,1145,54.14,26.51,28,9,4,0.0,1.00,1.00,1.00,3.44,3.93,3.98,20.4,2.000,0.658,4.02
196000,2616,21,71.0,0.0,16.1,0.0,19.4,0.0,1.00,0.0,7,949,75.24,25.77,17,2,2,0.0,1.00,1.00,1.00,5.62,5.90,5.90,16.4,2.000,0.519,5.90
196000,2531,17,29.1,0.0,0.0,0.0,14.5,0.0,1.00,0.6,8,433,30.40,17.09,15,1,1,0.0,1.00,1.00,1.00,3.47,4.00,3.94,12.3,2.000,0.884,4.12
196000,2543,12,35.0,0.0,8.5,0.0,9.0,0.0,1.00,0.0,6,979,61.48,18.74,10,2,0,0.0,1.00,1.00,1.00,4.00,4.17,4.17,18.9,2.000,0.798,4.17
196000,1862,7,30.6,0.1,8.1,0.0,6.9,0.1,1.04,0.0,4,1397,73.02,27.37,5,1,1,0.1,1.07,1.00,1.04,3.43,4.00,4.00,19.5,2.000,0.606,4.00
196000,1966,5,32.0,0.0,7.6,0.0,8.4,0.0,1.00,0.0,2,1266,50.73,12.40,2,2,1,0.0,1.00,1.00,1.00,3.20,4.00,4.00,30.1,2.000,0.555,4.00
197000,2158,148,35.1,0.0,7.9,0.0,9.6,0.0,1.00,0.1,38,1067,52.46,16.49,88,37,23,0.0,1.00,1.00,1.00,3.47,4.19,4.20,24.3,2.000,0.657,4.22
197000,2621,103,34.7,0.0,7.9,0.0,9.5,0.0,1.00,0.2,29,837,43.05,15.73,61,30,12,0.0,1.00,1.00,1.00,3.74,4.16,4.19,21.5,2.000,0.668,4.22
197000,1763,92,30.7,0.0,6.3,0.0,9.0,0.0,1.00,0.6,24,780,39.31,17.89,76,9,7,0.0,1.00,1.00,1.00,3.16,3.98,4.00,17.0,2.000,0.875,4.10
197000,2136,47,32.2,0.0,6.9,0.0,9.2,0.0,1.00,0.0,12,870,41.33,16.86,18,17,12,0.0,1.00,1.00,1.00,3.30,4.02,4.00,27.4,2.000,0.659,4.02
197000,2543,34,31.4,0.0,5.4,0.0,10.3,0.0,1.00,0.4,16,990,53.34,17.91,18,11,5,0.0,1.00,1.00,1.00,3.29,4.00,4.00,27.2,2.000,0.817,4.09
197000,2616,24,78.6,0.0,18.6,0.0,20.7,0.0,1.00,0.3,9,1232,98.44,23.67,16,6,2,0.0,1.00,1.00,1.00,5.67,6.33,6.17,19.9,2.000,0.478,6.33
197000,2531,8,31.0,0.0,0.0,0.0,15.5,0.0,1.00,0.2,2,914,50.77,19.87,3,2,3,0.0,1.00,1.00,1.00,3.50,4.00,3.88,28.9,2.000,0.926,4.00
197000,1862,5,32.0,0.0,9.0,0.0,7.0,0.0,1.00,0.0,4,1033,45.01,18.67,1,4,0,0.0,1.00,1.00,1.00,3.60,4.00,4.00,27.2,2.000,0.543,4.00
198000,2158,188,34.4,0.0,7.9,0.0,9.3,0.0,1.00,0.5,52,1095,54.83,15.11,90,52,46,0.0,1.00,1.00,1.00,3.49,4.15,4.14,27.2,2.000,0.651,4.27
198000,2621,152,36.0,0.0,7.9,0.0,10.1,0.0,1.00,0.3,46,905,46.93,15.53,68,44,40,0.0,1.00,1.00,1.00,3.70,4.26,4.24,28.5,2.000,0.670,4.32
198000,1763,119,32.7,0.0,7.1,0.0,9.2,0.0,1.00,0.5,37,890,45.48,20.39,70,33,16,0.0,1.00,1.00,1.00,3.32,4.10,4.07,23.3,2.000,0.856,4.20
198000,2136,93,31.3,0.0,5.6,0.0,10.0,0.0,1.00,0.5,40,906,44.56,15.15,40,35,18,0.0,1.00,1.00,1.00,3.51,4.00,3.97,27.6,2.000,0.641,4.09
198000,2543,75,36.2,0.0,6.6,0.0,11.5,0.0,1.00,0.2,25,540,29.85,10.29,45,24,6,0.0,1.00,1.00,1.00,3.55,4.28,4.25,22.6,2.000,0.787,4.31
198000,2616,27,60.5,0.0,12.9,0.0,17.4,0.0,1.00,1.0,10,629,48.22,8.76,24,1,2,0.0,1.00,1.00,1.00,4.81,5.22,5.56,18.9,2.000,0.582,5.63
198000,2632,13,37.7,0.0,8.1,0.0,10.8,0.0,1.00,0.0,7,1284,73.69,24.77,10,3,0,0.0,1.00,1.00,1.00,3.46,4.46,4.46,18.0,2.000,0.673,4.46
198000,2531,12,30.3,0.0,0.1,0.0,15.1,0.0,1.00,0.2,3,933,53.03,18.39,2,4,6,0.0,1.00,1.00,1.00,3.50,3.92,4.00,35.8,2.000,0.928,4.00
198000,2566,7,46.3,0.0,14.3,0.0,8.9,0.0,1.00,2.3,4,548,25.54,22.67,7,0,0,0.0,1.00,1.00,1.00,3.57,4.86,4.57,3.7,2.000,0.620,5.29
199000,2158,248,33.3,0.0,6.9,0.0,9.8,0.0,1.00,0.5,62,985,49.68,17.31,111,66,71,0.0,1.00,1.00,1.00,3.44,4.08,4.05,28.4,2.000,0.665,4.18
199000,2621,209,37.2,0.0,7.3,0.0,11.3,0.0,1.00,0.1,45,1019,52.19,18.05,89,59,61,0.0,1.00,1.00,1.00,3.66,4.30,4.32,28.6,2.000,0.636,4.33
199000,1763,137,32.3,0.0,7.0,0.0,9.2,0.0,1.00,0.1,25,1024,52.16,23.06,54,53,30,0.0,1.00,1.00,1.00,3.39,4.07,4.07,29.2,2.000,0.861,4.09
199000,2638,119,32.3,0.0,6.4,0.0,9.7,0.0,1.00,0.4,33,798,40.02,17.00,56,34,29,0.0,1.00,1.00,1.00,3.39,4.01,4.03,27.2,2.000,0.646,4.11
199000,2543,92,35.2,0.0,6.5,0.0,11.1,0.0,1.00,0.6,25,928,49.89,18.61,36,35,21,0.0,1.00,1.00,1.00,3.59,4.24,4.20,29.3,2.000,0.782,4.32
199000,2136,86,31.1,0.0,6.4,0.0,9.2,0.0,1.00,0.4,24,1183,56.55,21.90,15,54,17,0.0,1.00,1.00,1.00,3.35,3.95,3.97,32.4,2.000,0.611,4.06
199000,2639,29,43.3,0.0,5.6,0.0,16.1,0.0,1.00,0.6,7,1187,76.00,15.53,3,11,15,0.0,1.00,1.00,1.00,3.83,4.59,4.59,39.1,2.000,0.646,4.72
199000,2642,26,49.5,0.0,12.4,0.0,12.3,0.0,1.00,0.2,10,1299,77.40,21.95,3,6,17,0.0,1.00,1.00,1.00,4.19,4.96,4.96,40.1,2.000,0.669,5.00
199000,2616,14,57.6,0.0,11.5,0.0,17.3,0.0,1.00,3.7,10,1132,103.11,37.32,11,2,1,0.0,1.00,1.00,1.00,4.43,5.00,5.00,20.2,2.000,0.625,5.93
199000,2632,12,43.3,0.0,5.1,0.0,16.6,0.0,1.00,0.0,6,1190,62.88,26.53,5,7,0,0.0,1.00,1.00,1.00,3.67,4.67,4.67,24.3,2.000,0.641,4.67
199000,2531,9,32.0,0.0,0.3,0.0,15.7,0.0,1.00,0.0,2,1145,55.96,10.98,5,2,2,0.0,1.00,1.00,1.00,2.67,4.00,4.00,30.0,2.000,0.899,4.00
199000,1862,6,31.0,0.0,7.0,0.0,8.5,0.0,1.00,0.0,4,877,51.26,12.94,0,4,2,0.0,1.00,1.00,1.00,2.17,4.00,4.00,35.2,2.000,0.586,4.00
199000,1966,5,32.0,0.0,4.6,0.0,11.4,0.0,1.00,0.0,3,812,33.90,7.81,0,2,3,0.0,1.00,1.00,1.00,3.40,4.00,4.00,37.1,2.000,0.622,4.00
199000,2566,5,50.0,0.0,18.4,0.0,6.6,0.0,1.00,0.0,2,1273,62.00,27.81,3,0,2,0.0,1.00,1.00,1.00,4.00,5.00,5.00,20.9,2.000,0.631,5.00
200000,2158,402,36.2,0.0,7.3,0.0,10.8,0.0,1.00,0.5,115,1000,56.29,23.93,116,172,114,0.0,1.00,1.00,1.00,3.52,4.26,4.24,32.0,2.000,0.690,4.38
200000,2621,280,38.0,0.0,6.8,0.0,12.3,0.0,1.00,0.3,84,904,53.10,19.75,116,92,72,0.0,1.00,1.00,1.00,3.79,4.32,4.38,29.0,2.000,0.626,4.43
200000,2643,216,34.6,0.0,1.8,0.0,15.5,0.0,1.00,0.2,40,908,52.21,23.28,70,50,96,0.0,1.00,1.00,1.00,3.53,4.15,4.15,34.4,2.000,0.741,4.21
200000,1763,204,32.5,0.0,6.2,0.0,10.1,0.0,1.00,0.2,42,795,43.02,21.55,71,77,56,0.0,1.00,1.00,1.00,3.50,4.06,4.04,30.5,2.000,0.849,4.11
200000,2543,195,36.1,0.0,6.3,0.0,11.7,0.0,1.00,0.2,43,805,42.37,21.21,58,85,52,0.0,1.00,1.00,1.00,3.60,4.26,4.29,31.6,2.000,0.773,4.32
200000,2638,145,32.4,0.0,6.2,0.0,10.0,0.0,1.00,0.2,33,1056,53.17,27.48,81,42,22,0.0,1.00,1.00,1.00,3.49,4.01,4.05,24.7,2.000,0.643,4.08
200000,2136,127,30.3,0.0,5.0,0.0,10.1,0.0,1.00,0.8,36,759,38.68,18.06,25,64,38,0.0,1.00,1.00,1.00,3.22,3.94,3.87,33.3,2.000,0.606,4.10
200000,2648,37,29.5,0.0,6.7,0.0,8.1,0.0,1.00,0.4,17,923,39.06,23.91,22,7,8,0.0,1.00,1.00,1.00,3.32,3.89,3.89,22.6,2.000,0.744,4.00
200000,2642,32,46.6,0.0,11.9,0.0,11.4,0.0,1.00,0.6,19,881,48.10,19.52,5,7,20,0.0,1.00,1.00,1.00,3.84,5.00,4.88,37.7,2.000,0.667,5.03
200000,2645,31,35.2,0.0,5.9,0.0,11.7,0.0,1.00,0.2,12,650,39.33,18.09,1,8,22,0.0,1.00,1.00,1.00,3.26,4.13,4.23,49.1,2.000,0.652,4.23
200000,2632,27,37.3,0.0,7.0,0.0,11.7,0.0,1.00,0.7,9,731,44.26,25.11,23,3,1,0.0,1.00,1.00,1.00,3.70,4.33,4.19,17.0,2.000,0.752,4.44
200000,2639,23,45.5,0.0,6.7,0.0,16.0,0.0,1.00,0.0,11,1442,95.53,25.77,1,9,13,0.0,1.00,1.00,1.00,4.00,4.78,4.78,43.4,2.000,0.635,4.78
200000,1862,8,28.5,0.0,5.0,0.0,9.2,0.0,1.00,0.0,7,792,47.90,34.19,0,8,0,0.0,1.00,1.00,1.00,2.38,4.00,4.00,28.4,2.000,0.639,4.00
200000,2616,6,50.0,0.0,10.0,0.0,15.0,0.0,1.00,0.0,1,1546,130.84,69.99,4,1,1,0.0,1.00,1.00,1.00,4.00,5.00,5.00,20.3,2.000,0.636,5.00
200000,2566,5,50.0,0.0,18.4,0.0,6.6,0.0,1.00,0.0,2,2273,111.87,41.77,2,2,1,0.0,1.00,1.00,1.00,4.00,5.00,5.00,23.8,2.000,0.631,5.00
201000,2158,586,34.9,0.0,6.9,0.0,10.6,0.0,1.00,0.5,141,1033,60.30,34.30,221,237,128,0.0,1.00,1.00,1.00,3.51,4.15,4.18,29.4,2.000,0.670,4.29
201000,2621,319,38.5,0.0,6.8,0.0,12.4,0.0,1.00,0.4,90,902,60.69,31.77,120,103,96,0.0,1.00,1.00,1.00,3.77,4.33,4.35,30.3,2.000,0.632,4.44
201000,2543,231,36.9,0.0,6.1,0.0,12.3,0.0,1.00,0.4,64,807,47.91,26.40,75,75,81,0.0,1.00,1.00,1.00,3.51,4.31,4.32,31.3,2.000,0.769,4.41
201000,2643,204,35.5,0.0,1.7,0.0,16.0,0.0,1.00,0.3,43,746,44.63,23.11,68,46,90,0.0,1.00,1.00,1.00,3.42,4.17,4.20,33.1,2.000,0.714,4.25
201000,1763,193,33.3,0.0,6.3,0.0,10.4,0.0,1.00,0.3,44,1006,55.78,32.99,80,60,53,0.0,1.00,1.00,1.00,3.40,4.09,4.11,28.8,2.000,0.863,4.17
201000,2136,162,32.4,0.0,6.0,0.0,10.2,0.0,1.00,0.5,43,865,46.33,28.22,34,63,65,0.0,1.00,1.00,1.00,3.36,4.05,4.01,34.4,2.000,0.596,4.14
201000,2645,48,37.5,0.0,6.4,0.0,12.4,0.0,1.00,0.5,15,726,45.07,28.89,1,14,33,0.0,1.00,1.00,1.00,3.40,4.31,4.31,44.6,2.000,0.664,4.42
201000,2648,36,30.5,0.0,6.1,0.0,9.1,0.0,1.00,0.4,10,832,39.99,24.95,28,3,5,0.0,1.00,1.00,1.00,3.42,3.92,3.86,20.9,2.000,0.780,4.00
201000,2642,35,41.5,0.0,10.5,0.0,10.2,0.0,1.00,2.0,21,1023,57.94,31.14,11,5,19,0.0,1.00,1.00,1.00,3.91,4.63,4.51,35.2,2.000,0.655,5.03
201000,2650,29,30.6,0.0,7.3,0.0,8.0,0.0,1.00,0.8,12,524,33.88,22.36,8,3,18,0.0,1.00,1.00,1.00,3.41,3.97,3.93,36.9,2.000,0.697,4.14
201000,2641,21,42.6,0.0,8.6,0.0,12.7,0.0,1.00,0.0,10,963,69.50,31.10,8,9,4,0.0,1.00,1.00,1.00,3.71,4.62,4.62,29.1,2.000,0.680,4.62
201000,1862,21,28.1,0.0,4.4,0.0,9.7,0.0,1.00,1.4,14,620,40.86,30.58,4,16,1,0.0,1.00,1.00,1.00,3.38,3.67,3.90,30.1,2.000,0.737,4.14
201000,2639,20,40.4,0.0,5.2,0.0,15.1,0.0,1.00,1.2,12,900,50.01,34.36,3,4,13,0.0,1.00,1.00,1.00,3.50,4.45,4.55,40.5,2.000,0.639,4.80
201000,2632,19,31.7,0.0,8.1,0.0,7.7,0.0,1.00,0.5,6,1060,57.55,36.91,17,2,0,0.0,1.00,1.00,1.00,3.68,3.95,4.00,17.4,2.000,0.759,4.11
201000,2638,7,19.1,0.0,2.9,0.0,6.7,0.0,1.00,3.1,7,298,14.52,11.41,0,7,0,0.0,1.00,1.00,1.00,3.14,3.00,3.71,28.1,2.000,0.780,4.14
201000,2616,5,58.4,0.0,8.4,0.0,20.8,0.0,1.00,0.0,4,624,23.68,17.00,4,1,0,0.0,1.00,1.00,1.00,4.60,5.60,5.60,13.6,2.000,0.802,5.60
202000,2158,534,33.7,0.0,7.0,0.0,9.9,0.0,1.00,0.3,103,957,52.18,38.02,147,250,137,0.0,1.00,1.00,1.00,3.41,4.09,4.11,31.5,2.000,0.677,4.19
202000,2543,285,36.2,0.0,6.3,0.0,11.8,0.0,1.00,0.5,72,900,55.69,36.92,81,70,134,0.0,1.00,1.00,1.00,3.58,4.24,4.28,33.9,2.000,0.776,4.39
202000,2621,242,36.3,0.0,6.6,0.0,11.5,0.0,1.00,0.2,53,953,58.12,34.86,81,103,58,0.0,1.00,1.00,1.00,3.74,4.21,4.26,30.7,2.000,0.615,4.29
202000,1763,216,32.1,0.0,6.5,0.0,9.5,0.0,1.00,0.4,50,966,54.70,38.46,86,71,59,0.0,1.00,1.00,1.00,3.34,4.06,4.05,28.6,2.000,0.861,4.14
202000,2643,170,36.9,0.0,2.5,0.0,15.9,0.0,1.00,0.2,37,978,57.07,27.88,66,41,63,0.0,1.00,1.00,1.00,3.64,4.26,4.28,31.4,2.000,0.744,4.32
202000,2136,148,33.6,0.0,6.8,0.0,10.0,0.0,1.00,0.3,35,1056,56.47,39.66,30,69,49,0.0,1.00,1.00,1.00,3.44,4.08,4.09,34.9,2.000,0.586,4.16
202000,2645,56,34.2,0.0,6.4,0.0,10.7,0.0,1.00,0.3,18,882,48.85,35.11,10,15,31,0.0,1.00,1.00,1.00,3.27,4.11,4.16,38.0,2.000,0.649,4.21
202000,2648,44,30.8,0.0,5.8,0.0,9.5,0.0,1.00,0.3,14,1016,56.89,29.20,27,16,1,0.0,1.00,1.00,1.00,3.61,3.95,3.89,21.8,2.000,0.767,4.00
202000,2650,39,30.6,0.0,5.9,0.0,9.4,0.0,1.00,1.0,12,770,43.87,32.61,7,14,18,0.0,1.00,1.00,1.00,3.21,3.87,3.92,35.3,2.000,0.651,4.15
202000,2632,36,32.8,0.0,8.4,0.0,8.0,0.0,1.00,0.0,6,929,43.94,34.24,20,12,4,0.0,1.00,1.00,1.00,3.50,4.06,4.06,23.8,2.000,0.781,4.06
202000,2641,26,44.1,0.0,7.5,0.0,14.6,0.0,1.00,0.1,12,1115,72.89,38.25,2,17,7,0.0,1.00,1.00,1.00,3.81,4.73,4.69,35.2,2.000,0.742,4.73
202000,2642,20,53.0,0.0,14.8,0.0,11.7,0.0,1.00,0.0,9,1276,73.10,37.80,7,1,12,0.0,1.00,1.00,1.00,4.55,5.20,5.20,35.6,2.000,0.629,5.20
202000,1862,15,31.2,0.0,5.1,0.0,10.5,0.0,1.00,0.1,8,894,43.96,42.90,5,10,0,0.0,1.00,1.00,1.00,3.20,4.00,3.93,30.2,2.000,0.560,4.00
202000,2639,13,48.6,0.0,4.4,0.0,19.9,0.0,1.00,0.0,4,831,67.81,48.40,4,1,8,0.0,1.00,1.00,1.00,4.00,4.92,4.92,39.2,2.000,0.623,4.92
202000,2616,8,54.0,0.0,6.5,0.0,20.5,0.0,1.00,0.2,4,709,48.23,28.59,2,6,0,0.0,1.00,1.00,1.00,3.75,5.25,5.12,29.7,2.000,0.592,5.25
203000,2158,541,33.8,0.0,7.0,0.0,9.9,0.0,1.00,0.3,110,1029,55.05,39.29,150,238,153,0.0,1.00,1.00,1.00,3.44,4.12,4.12,31.6,2.000,0.661,4.19
203000,2543,297,36.7,0.0,5.9,0.0,12.4,0.0,1.00,0.4,67,879,54.79,36.32,75,79,143,0.0,1.00,1.00,1.00,3.54,4.27,4.27,35.2,2.000,0.774,4.36
203000,2621,251,34.3,0.0,6.4,0.0,10.8,0.0,1.00,0.4,63,1039,60.17,35.63,92,100,59,0.0,1.00,1.00,1.00,3.63,4.17,4.14,28.7,2.000,0.614,4.24
203000,1763,241,32.0,0.0,6.7,0.0,9.3,0.0,1.00,0.4,55,904,49.00,33.89,85,83,73,0.0,1.00,1.00,1.00,3.46,4.06,4.07,30.8,2.000,0.854,4.16
203000,2643,146,36.4,0.0,1.7,0.0,16.5,0.0,1.00,0.1,25,1052,62.04,27.19,77,42,27,0.0,1.00,1.00,1.00,3.54,4.25,4.25,26.0,2.000,0.726,4.27
203000,2136,130,30.9,0.0,6.5,0.0,9.0,0.0,1.00,0.5,45,1190,62.97,51.98,42,59,29,0.0,1.00,1.00,1.00,3.45,3.95,3.98,31.0,2.000,0.597,4.10
203000,2645,60,32.3,0.0,6.8,0.0,9.4,0.0,1.00,0.4,18,950,48.91,39.83,24,24,12,0.0,1.00,1.00,1.00,3.28,4.10,4.02,26.4,2.000,0.668,4.17
203000,2660,47,45.9,0.0,8.5,0.0,14.4,0.0,1.00,0.5,20,918,59.74,27.43,22,21,4,0.0,1.00,1.00,1.00,3.81,4.87,4.87,24.5,2.000,0.816,5.00
203000,2650,44,30.0,0.0,6.3,0.0,8.7,0.0,1.00,0.4,15,1116,57.29,36.04,3,13,28,0.0,1.00,1.00,1.00,3.23,3.95,4.00,41.2,2.000,0.675,4.05
203000,2648,43,31.0,0.0,4.5,0.0,11.0,0.0,1.00,0.2,14,1062,53.01,26.14,23,19,1,0.0,1.00,1.00,1.00,3.53,3.91,4.00,24.1,2.000,0.786,4.00
203000,2632,41,32.8,0.0,7.7,0.0,8.7,0.0,1.00,0.3,11,838,38.48,29.38,21,19,1,0.0,1.00,1.00,1.00,3.54,4.02,4.05,22.9,2.000,0.795,4.12
203000,2641,34,37.9,0.0,6.4,0.0,12.5,0.0,1.00,1.2,22,850,62.67,33.18,17,9,8,0.0,1.00,1.00,1.00,3.35,4.38,4.29,26.9,2.000,0.721,4.62
203000,2639,32,42.3,0.0,2.4,0.0,18.8,0.0,1.00,0.7,12,523,43.16,20.37,14,1,17,0.0,1.00,1.00,1.00,3.62,4.62,4.78,34.4,2.000,0.522,4.88
203000,2642,20,44.1,0.0,12.1,0.0,9.9,0.0,1.00,2.0,12,1454,106.66,48.82,4,6,10,0.0,1.00,1.00,1.00,3.85,4.65,4.60,34.1,2.000,0.648,5.05
203000,2616,9,49.6,0.0,9.8,0.0,15.0,0.0,1.00,0.0,2,930,80.87,58.47,8,1,0,0.0,1.00,1.00,1.00,4.00,5.00,5.00,13.8,2.000,0.636,5.00
203000,1862,7,32.0,0.0,6.3,0.0,9.7,0.0,1.00,0.0,3,1410,75.78,49.36,0,7,0,0.0,1.00,1.00,1.00,3.43,4.00,4.00,30.8,2.000,0.610,4.00
204000,2158,599,33.7,0.0,6.8,0.0,10.1,0.0,1.00,0.2,110,1046,53.18,38.42,194,236,169,0.0,1.00,1.00,1.00,3.59,4.09,4.12,31.5,2.000,0.650,4.16
204000,2543,416,36.6,0.0,6.5,0.0,11.8,0.0,1.00,0.3,83,890,51.19,35.12,79,129,208,0.0,1.00,1.00,1.00,3.69,4.26,4.27,36.7,2.000,0.775,4.34
204000,1763,243,32.9,0.0,6.5,0.0,9.9,0.0,1.00,0.3,55,1049,55.97,33.47,73,81,89,0.0,1.00,1.00,1.00,3.41,4.06,4.07,32.6,2.000,0.846,4.15
204000,2621,230,33.4,0.0,7.1,0.0,9.6,0.0,1.00,0.2,49,1050,58.96,34.16,72,104,54,0.0,1.00,1.00,1.00,3.50,4.10,4.07,30.0,2.000,0.614,4.14
204000,2643,182,35.4,0.0,1.2,0.0,16.5,0.0,1.00,0.2,31,769,43.17,18.82,81,37,64,0.0,1.00,1.00,1.00,3.51,4.21,4.18,30.4,2.000,0.681,4.25
204000,2136,115,31.9,0.0,6.5,0.0,9.4,0.0,1.00,0.3,30,969,50.12,35.67,40,36,39,0.0,1.00,1.00,1.00,3.51,4.03,4.01,31.6,2.000,0.615,4.10
204000,2645,77,32.0,0.0,6.3,0.0,9.7,0.0,1.00,0.4,24,844,42.00,31.93,29,27,21,0.0,1.00,1.00,1.00,3.52,4.01,4.04,31.5,2.000,0.684,4.13
204000,2632,71,32.1,0.0,7.5,0.0,8.5,0.0,1.00,0.3,17,839,36.01,32.37,18,23,30,0.0,1.00,1.00,1.00,3.48,4.00,3.99,35.3,2.000,0.774,4.06
204000,2660,54,51.2,0.0,8.2,0.0,17.4,0.0,1.00,0.6,21,1049,64.72,36.94,34,10,10,0.0,1.00,1.00,1.00,4.20,4.96,5.02,22.5,2.000,0.757,5.15
204000,2639,33,43.0,0.0,2.9,0.0,18.6,0.0,1.00,0.4,11,620,61.04,32.60,19,4,10,0.0,1.00,1.00,1.00,3.58,4.73,4.64,30.3,2.000,0.595,4.79
204000,2650,31,32.0,0.0,8.2,0.0,7.8,0.0,1.00,0.0,4,1183,54.99,39.74,4,6,21,0.0,1.00,1.00,1.00,3.58,4.00,4.00,42.7,2.000,0.677,4.00
204000,2641,24,39.2,0.0,6.7,0.0,12.9,0.0,1.00,1.7,17,1159,91.26,66.53,12,8,4,0.0,1.00,1.00,1.00,3.58,4.58,4.17,24.9,2.000,0.764,4.79
204000,2616,19,47.9,0.0,8.2,0.0,15.7,0.0,1.00,0.0,5,749,50.23,30.47,17,2,0,0.0,1.00,1.00,1.00,4.00,4.89,4.89,15.3,2.000,0.578,4.89
204000,2648,15,31.5,0.0,4.9,0.0,10.9,0.0,1.00,0.0,6,869,49.60,19.84,9,6,0,0.0,1.00,1.00,1.00,3.73,4.00,4.00,20.2,2.000,0.825,4.00
204000,2642,11,47.6,0.0,13.5,0.0,10.3,0.0,1.00,1.5,6,1868,190.58,88.83,0,4,7,0.0,1.00,1.00,1.00,4.18,4.73,4.73,38.9,2.000,0.649,5.09
204000,2664,10,31.4,0.0,0.0,0.0,15.7,0.0,1.00,3.8,6,163,15.66,13.52,0,6,4,0.0,1.00,1.00,1.00,3.10,4.50,3.40,39.4,2.000,0.632,4.90
204000,1862,6,32.0,0.0,6.3,0.0,9.7,0.0,1.00,0.0,4,1354,71.83,52.21,4,1,1,0.0,1.00,1.00,1.00,3.33,4.00,4.00,27.3,2.000,0.618,4.00
205000,2543,512,37.5,0.0,6.1,0.0,12.6,0.0,1.00,0.6,117,989,55.01,37.22,102,176,234,0.0,1.00,1.00,1.00,3.59,4.31,4.30,35.7,2.000,0.773,4.45
205000,2158,454,33.2,0.0,6.7,0.0,9.9,0.0,1.00,0.2,96,1048,51.41,40.86,120,182,152,0.0,1.00,1.00,1.00,3.47,4.08,4.09,33.0,2.000,0.654,4.13
205000,2621,284,33.3,0.0,6.9,0.0,9.7,0.0,1.00,0.4,65,871,44.92,30.52,70,128,86,0.0,1.00,1.00,1.00,3.52,4.06,4.08,32.8,2.000,0.606,4.18
205000,1763,274,34.0,0.0,6.7,0.0,10.3,0.0,1.00,0.2,61,982,52.07,31.71,92,90,92,0.0,1.00,1.00,1.00,3.52,4.14,4.16,33.1,2.000,0.856,4.19
205000,2136,115,31.3,0.0,5.8,0.0,9.8,0.0,1.00,0.3,33,1137,58.12,35.38,47,39,29,0.0,1.00,1.00,1.00,3.38,3.99,3.97,29.3,2.000,0.614,4.06
205000,2643,109,38.6,0.0,1.5,0.0,17.8,0.0,1.00,0.2,19,950,49.87,23.35,64,16,29,0.0,1.00,1.00,1.00,3.59,4.33,4.36,26.4,2.000,0.665,4.40
205000,2670,94,31.9,0.0,3.7,0.0,12.3,0.0,1.00,0.2,26,1110,61.00,38.28,14,21,59,0.0,1.00,1.00,1.00,3.52,4.03,4.03,39.8,2.000,0.769,4.09
205000,2632,67,31.1,0.0,6.6,0.0,9.0,0.0,1.00,0.4,18,900,39.96,32.30,12,38,17,0.0,1.00,1.00,1.00,3.34,3.97,3.97,36.1,2.000,0.794,4.07
205000,2660,63,48.5,0.0,8.4,0.0,15.8,0.0,1.00,0.2,20,1034,57.70,31.54,37,18,8,0.0,1.00,1.00,1.00,4.11,4.97,4.98,23.3,2.000,0.807,5.00
205000,2645,49,34.5,0.0,6.5,0.0,10.7,0.0,1.00,0.2,10,1101,56.83,42.11,20,16,13,0.0,1.00,1.00,1.00,3.65,4.12,4.12,30.5,2.000,0.673,4.16
205000,2639,35,40.1,0.0,2.8,0.0,17.2,0.0,1.00,1.7,16,738,52.94,31.04,7,15,13,0.0,1.00,1.00,1.00,3.51,4.49,4.46,34.4,2.000,0.657,4.86
205000,2650,34,32.3,0.0,8.4,0.0,7.8,0.0,1.00,0.0,5,1136,53.62,32.40,4,1,29,0.0,1.00,1.00,1.00,3.65,4.03,4.03,45.1,2.000,0.666,4.03
205000,2641,28,47.4,0.0,7.6,0.0,16.1,0.0,1.00,0.0,14,1098,69.62,35.00,20,8,0,0.0,1.00,1.00,1.00,3.82,4.89,4.89,23.5,2.000,0.754,4.89
205000,2616,16,56.6,0.0,9.9,0.0,18.4,0.0,1.00,0.0,7,1097,73.37,45.34,16,0,0,0.0,1.00,1.00,1.00,4.88,5.31,5.31,15.1,2.000,0.614,5.31
205000,2648,16,32.0,0.0,5.9,0.0,10.1,0.0,1.00,0.0,6,1082,49.50,26.48,12,4,0,0.0,1.00,1.00,1.00,3.81,4.00,4.00,17.8,2.000,0.808,4.00
205000,2642,8,33.5,0.0,9.9,0.0,6.9,0.0,1.00,3.5,6,1652,127.76,67.33,0,5,3,0.0,1.00,1.00,1.00,3.00,3.50,4.25,37.6,2.000,0.684,4.75
206000,2543,507,36.7,0.0,6.1,0.0,12.3,0.0,1.00,0.5,127,1101,61.70,40.28,109,162,236,0.0,1.00,1.00,1.00,3.63,4.27,4.27,35.7,2.000,0.770,4.40
206000,2158,505,33.9,0.0,6.6,0.0,10.3,0.0,1.00,0.3,103,969,46.68,36.23,146,222,137,0.0,1.00,1.00,1.00,3.51,4.12,4.12,31.1,2.000,0.632,4.19
206000,2621,372,33.7,0.0,6.9,0.0,10.0,0.0,1.00,0.3,76,1139,58.68,39.65,69,185,118,0.0,1.00,1.00,1.00,3.52,4.10,4.10,33.8,2.000,0.652,4.17
206000,1763,250,34.3,0.0,6.4,0.0,10.7,0.0,1.00,0.3,50,1025,53.72,33.11,85,62,103,0.0,1.00,1.00,1.00,3.42,4.14,4.14,33.3,2.000,0.856,4.20
206000,2643,137,37.4,0.0,1.5,0.0,17.2,0.0,1.00,0.2,34,929,49.45,23.68,77,40,20,0.0,1.00,1.00,1.00,3.71,4.32,4.34,23.5,2.000,0.652,4.39
206000,2670,113,34.3,0.0,3.1,0.0,14.1,0.0,1.00,0.1,29,821,46.86,28.27,6,34,73,0.0,1.00,1.00,1.00,3.55,4.18,4.18,42.6,2.000,0.761,4.21
206000,2136,93,32.2,0.0,6.3,0.0,9.8,0.0,1.00,0.1,30,1189,52.67,27.19,42,28,23,0.0,1.00,1.00,1.00,3.43,4.05,4.01,28.2,2.000,0.643,4.05
206000,2660,72,47.2,0.0,8.3,0.0,15.3,0.0,1.00,0.2,22,1094,64.18,31.37,45,18,9,0.0,1.00,1.00,1.00,3.92,4.92,4.94,20.8,2.000,0.807,4.99
206000,2632,59,32.0,0.0,7.7,0.0,8.3,0.0,1.00,0.2,14,1115,47.33,33.95,13,19,27,0.0,1.00,1.00,1.00,3.46,4.00,4.02,38.3,2.000,0.782,4.07
206000,2645,55,32.9,0.0,5.9,0.0,10.6,0.0,1.00,0.2,13,1051,48.02,28.34,20,14,21,0.0,1.00,1.00,1.00,3.35,4.05,4.05,33.3,2.000,0.667,4.11
206000,2650,38,32.2,0.0,7.5,0.0,8.6,0.0,1.00,0.3,7,1048,51.69,30.23,3,5,30,0.0,1.00,1.00,1.00,3.29,3.97,4.00,40.7,2.000,0.681,4.05
206000,2641,36,51.3,0.0,9.0,0.0,16.6,0.1,1.01,0.0,21,893,66.05,33.04,24,12,0,0.1,1.01,1.00,1.01,4.17,5.06,5.06,22.6,2.000,0.743,5.06
206000,2686,35,32.2,0.0,7.1,0.0,9.0,0.0,1.00,0.9,18,988,43.02,25.17,18,17,0,0.0,1.00,1.00,1.00,3.80,4.14,4.14,25.3,2.000,0.703,4.34
206000,2681,33,34.2,0.0,3.1,0.0,14.0,0.0,1.00,0.0,12,1139,59.91,34.63,6,20,7,0.0,1.00,1.00,1.00,3.42,4.15,4.15,35.0,2.000,0.721,4.15
206000,2648,22,30.7,0.0,4.5,0.0,10.9,0.0,1.00,0.3,9,1063,53.51,17.79,17,3,2,0.0,1.00,1.00,1.00,3.45,3.86,4.00,17.8,2.000,0.824,4.00
206000,2616,20,46.7,0.0,8.2,0.0,15.1,0.0,1.00,0.5,5,946,72.62,50.33,20,0,0,0.0,1.00,1.00,1.00,3.80,4.70,4.95,17.2,2.000,0.607,4.95
206000,2639,15,37.6,0.0,2.1,0.0,16.7,0.0,1.00,1.9,9,1151,105.59,70.17,3,10,2,0.0,1.00,1.00,1.00,3.13,4.20,4.33,32.0,2.000,0.680,4.73
206000,1862,11,30.4,0.0,6.5,0.0,8.7,0.0,1.00,0.2,7,922,47.65,41.62,1,4,6,0.0,1.00,1.00,1.00,3.82,4.00,3.91,38.2,2.000,0.616,4.00
206000,2689,9,32.2,0.0,0.0,0.0,16.1,0.0,1.00,0.4,3,1514,133.25,128.45,0,9,0,0.0,1.00,1.00,1.00,4.00,3.89,4.11,39.7,2.000,0.495,4.11
206000,2642,5,51.6,0.0,15.0,0.0,10.8,0.0,1.00,0.0,3,1003,53.14,40.71,0,5,0,0.0,1.00,1.00,1.00,4.60,5.20,5.20,34.4,2.000,0.671,5.20
207000,2543,490,36.6,0.0,6.8,0.0,11.5,0.0,1.00,0.3,106,964,51.55,36.07,143,151,196,0.0,1.00,1.00,1.00,3.57,4.26,4.26,33.1,2.000,0.780,4.32
207000,2158,486,33.5,0.0,7.0,0.0,9.8,0.0,1.00,0.3,97,934,46.08,36.89,144,207,135,0.0,1.00,1.00,1.00,3.56,4.06,4.09,31.5,2.000,0.660,4.15
207000,2621,330,33.4,0.0,7.8,0.0,8.9,0.0,1.00,0.3,79,1199,59.74,40.11,57,163,110,0.0,1.00,1.00,1.00,3.46,4.10,4.09,34.7,2.000,0.671,4.18
207000,1763,236,34.5,0.0,6.7,0.0,10.5,0.0,1.00,0.2,50,1074,56.35,35.28,91,44,101,0.0,1.00,1.00,1.00,3.52,4.16,4.19,32.3,2.000,0.845,4.22
207000,2643,91,34.9,0.0,2.3,0.0,15.2,0.0,1.00,0.7,27,758,47.18,26.23,57,16,18,0.0,1.00,1.00,1.00,3.29,4.24,4.10,22.4,2.000,0.680,4.34
207000,2670,86,33.3,0.0,2.9,0.0,13.7,0.0,1.00,0.3,26,1060,67.77,39.68,3,37,46,0.0,1.00,1.00,1.00,3.47,4.06,4.07,40.8,2.000,0.777,4.15
207000,2632,80,32.7,0.0,7.8,0.0,8.6,0.0,1.00,0.3,15,862,37.62,27.13,36,21,23,0.0,1.00,1.00,1.00,3.38,4.01,4.04,30.6,2.000,0.779,4.10
207000,2660,71,47.1,0.0,8.7,0.0,14.9,0.0,1.00,0.5,20,1031,62.51,31.43,43,10,18,0.0,1.00,1.00,1.00,3.90,4.92,4.87,23.4,2.000,0.789,5.01
207000,2645,56,32.1,0.0,5.8,0.0,10.2,0.0,1.00,0.4,15,810,34.19,21.85,31,11,14,0.0,1.00,1.00,1.00,3.29,4.00,4.09,28.5,2.000,0.650,4.14
207000,2650,50,34.4,0.0,7.9,0.0,9.3,0.0,1.00,0.0,15,835,39.30,26.86,6,22,22,0.0,1.00,1.00,1.00,3.48,4.20,4.20,37.4,2.000,0.657,4.20
207000,2641,36,45.1,0.0,9.0,0.0,13.5,0.0,1.06,0.9,17,1043,76.76,39.12,23,13,0,0.0,1.06,1.06,1.06,3.83,4.64,4.64,21.2,2.000,0.731,4.86
207000,2136,30,32.0,0.0,8.4,0.0,7.6,0.0,1.00,0.0,9,1387,60.10,38.91,19,9,2,0.0,1.00,1.00,1.00,3.37,4.00,4.00,24.1,2.000,0.612,4.00
207000,2616,23,44.1,0.0,8.1,0.0,14.0,0.0,1.00,1.5,9,1148,77.67,47.66,20,3,0,0.0,1.00,1.00,1.00,3.96,4.70,4.65,20.7,2.000,0.640,5.04
207000,2681,17,31.2,0.0,2.1,0.0,13.5,0.0,1.00,1.8,8,1394,79.80,43.63,3,8,6,0.0,1.00,1.00,1.00,3.24,3.82,3.88,34.3,2.000,0.684,4.29
207000,2648,17,34.0,0.0,7.4,0.0,9.6,0.0,1.00,0.0,9,880,40.22,22.47,13,4,0,0.0,1.00,1.00,1.00,3.53,4.18,4.18,15.9,2.000,0.782,4.18
207000,2639,14,48.7,0.0,2.4,0.0,22.0,0.0,1.00,0.0,6,672,52.46,28.62,2,12,0,0.0,1.00,1.00,1.00,4.21,4.93,4.93,29.3,2.000,0.653,4.93
207000,1862,11,31.8,0.0,5.8,0.0,10.1,0.0,1.00,0.0,7,1006,47.98,35.29,3,3,5,0.0,1.00,1.00,1.00,3.45,4.00,4.00,35.0,2.000,0.624,4.00
207000,2689,7,24.6,0.0,0.0,0.0,12.3,0.0,1.00,2.3,4,1762,163.19,170.75,0,7,0,0.0,1.00,1.00,1.00,3.43,3.57,3.29,39.7,2.000,0.466,4.00
208000,2158,511,33.9,0.0,7.2,0.0,9.8,0.0,1.00,0.2,90,1054,53.07,41.57,155,248,108,0.0,1.00,1.00,1.00,3.51,4.10,4.11,30.9,2.000,0.664,4.15
208000,2543,457,36.3,0.0,6.4,0.0,11.8,0.0,1.00,0.2,84,1014,53.14,35.66,123,139,195,0.0,1.00,1.00,1.00,3.63,4.28,4.26,34.0,2.000,0.782,4.31
208000,1763,210,34.9,0.0,6.7,0.0,10.8,0.0,1.00,0.4,58,1043,53.78,39.54,71,54,85,0.0,1.00,1.00,1.00,3.55,4.16,4.21,33.2,2.000,0.846,4.28
208000,2621,168,33.2,0.0,8.0,0.0,8.6,0.0,1.00,0.3,43,1157,61.45,41.78,13,77,78,0.0,1.00,1.00,1.00,3.63,4.08,4.09,38.0,2.000,0.635,4.17
208000,2643,78,39.8,0.0,4.0,0.0,15.9,0.0,1.00,0.6,26,841,51.96,28.95,53,17,8,0.0,1.00,1.00,1.00,3.64,4.45,4.38,19.5,2.000,0.633,4.55
208000,2645,75,31.3,0.0,6.3,0.0,9.4,0.0,1.00,0.7,22,829,43.34,27.06,52,11,12,0.0,1.00,1.00,1.00,3.52,4.00,4.05,23.9,2.000,0.652,4.21
208000,2660,72,48.4,0.0,8.6,0.0,15.6,0.0,1.00,0.1,18,1052,64.41,32.41,37,15,20,0.0,1.00,1.00,1.00,3.94,5.00,4.94,26.6,2.000,0.783,5.00
208000,2632,64,33.5,0.0,7.5,0.0,9.3,0.0,1.00,0.2,15,1055,46.75,37.20,33,19,12,0.0,1.00,1.00,1.00,3.28,4.08,4.12,28.0,2.000,0.774,4.14
208000,2670,57,33.6,0.0,3.8,0.0,13.0,0.0,1.00,0.0,22,1013,55.88,35.02,6,19,32,0.0,1.00,1.00,1.00,3.44,4.12,4.14,40.3,2.000,0.786,4.14
208000,2650,47,32.6,0.0,6.6,0.0,9.7,0.0,1.00,0.9,14,1087,48.62,37.39,8,25,14,0.0,1.00,1.00,1.00,3.45,3.94,4.09,33.2,2.000,0.653,4.23
208000,2641,37,38.6,0.0,6.5,0.0,12.9,0.0,1.00,1.2,20,1138,65.53,41.79,24,10,3,0.0,1.00,1.00,1.00,3.57,4.32,4.46,21.9,2.000,0.686,4.70
208000,2136,34,32.1,0.0,6.6,0.0,9.4,0.0,1.00,0.0,13,742,35.37,25.62,20,6,8,0.0,1.00,1.00,1.00,3.50,4.03,4.03,24.4,2.000,0.636,4.03
208000,2681,25,35.9,0.0,1.4,0.0,16.6,0.0,1.00,0.8,10,708,46.60,28.62,9,12,4,0.0,1.00,1.00,1.00,3.60,4.16,4.24,29.0,2.000,0.695,4.40
208000,2616,15,50.3,0.0,9.7,0.0,15.4,0.0,1.00,0.1,3,1352,86.09,37.20,12,3,0,0.0,1.00,1.00,1.00,4.00,5.00,5.07,21.8,2.000,0.618,5.07
208000,2639,15,42.8,0.0,3.7,0.0,17.7,0.0,1.00,0.9,6,760,64.49,42.90,0,13,2,0.0,1.00,1.00,1.00,3.67,4.67,4.60,35.4,2.000,0.638,4.87
208000,2725,14,44.9,0.0,13.5,0.0,8.9,0.0,1.00,0.0,8,1287,76.00,48.30,11,3,0,0.0,1.00,1.00,1.00,4.00,4.71,4.71,17.0,2.000,0.681,4.71
208000,2648,14,28.7,0.0,4.1,0.0,10.2,0.0,1.00,0.4,8,1114,58.99,37.29,10,4,0,0.0,1.00,1.00,1.00,3.50,3.93,3.86,21.6,2.000,0.873,4.00
208000,1862,10,33.8,0.0,6.6,0.0,10.3,0.0,1.00,0.0,7,1497,58.18,42.34,0,5,5,0.0,1.00,1.00,1.00,3.20,4.10,4.10,39.8,2.000,0.663,4.10
208000,2724,9,28.7,0.0,0.0,0.0,14.3,0.0,1.00,3.3,8,890,67.32,47.96,0,7,2,0.0,1.00,1.00,1.00,3.44,3.78,4.33,40.0,2.000,0.751,4.89
209000,2158,570,34.9,0.0,6.4,0.0,11.0,0.0,1.00,0.2,115,1052,52.15,39.01,125,262,183,0.0,1.00,1.00,1.00,3.54,4.16,4.17,33.0,2.000,0.677,4.20
209000,2543,421,35.3,0.0,6.7,0.0,10.9,0.0,1.00,0.4,88,1123,56.04,37.05,128,120,173,0.0,1.00,1.00,1.00,3.50,4.16,4.23,32.6,2.000,0.796,4.29
209000,1763,185,36.0,0.0,6.5,0.0,11.5,0.0,1.00,0.4,47,1070,59.65,42.80,45,65,75,0.0,1.00,1.00,1.00,3.58,4.26,4.21,35.1,2.000,0.835,4.32
209000,2621,136,32.8,0.0,7.6,0.0,8.8,0.0,1.00,0.2,29,1270,67.13,43.03,12,39,85,0.0,1.00,1.00,1.00,3.62,4.04,4.07,39.2,2.000,0.641,4.12
209000,2645,63,30.7,0.0,6.4,0.0,8.9,0.0,1.00,1.1,20,1081,50.89,34.57,34,20,9,0.0,1.00,1.00,1.00,3.27,3.89,4.06,24.7,2.000,0.662,4.21
209000,2660,57,48.7,0.0,8.5,0.0,15.8,0.0,1.00,0.1,11,1246,74.11,38.80,33,7,17,0.0,1.00,1.00,1.00,3.93,4.95,4.91,25.7,2.000,0.809,4.96
209000,2632,49,31.2,0.0,7.7,0.0,7.9,0.0,1.00,0.7,14,1328,61.35,41.61,19,16,14,0.0,1.00,1.00,1.00,3.18,3.96,3.88,30.0,2.000,0.782,4.10
209000,2746,48,30.9,0.0,1.8,0.0,13.7,0.0,1.00,0.2,14,598,33.70,26.09,23,22,3,0.0,1.00,1.00,1.00,3.44,3.96,4.00,25.0,2.000,0.763,4.04
209000,2670,45,32.0,0.0,4.8,0.0,11.3,0.0,1.00,0.3,18,1077,49.62,33.12,7,11,27,0.0,1.00,1.00,1.00,3.38,4.04,3.98,41.1,2.000,0.774,4.09
209000,2650,45,34.0,0.0,8.0,0.0,9.0,0.0,1.00,0.0,10,947,43.33,34.64,5,23,17,0.0,1.00,1.00,1.00,3.36,4.11,4.11,36.8,2.000,0.680,4.11
209000,2643,30,43.7,0.0,7.4,0.0,14.4,0.0,1.00,0.1,15,1258,69.81,44.19,26,3,1,0.0,1.00,1.00,1.00,3.93,4.70,4.70,15.1,2.000,0.809,4.73
209000,2136,26,32.5,0.0,8.5,0.0,7.6,0.1,1.01,0.0,10,1142,49.85,28.25,15,8,3,0.1,1.02,1.00,1.01,3.12,4.04,4.04,24.2,2.000,0.653,4.04
209000,2725,26,40.1,0.0,9.8,0.0,10.3,0.0,1.00,0.7,14,919,54.24,30.33,13,11,2,0.0,1.00,1.00,1.00,3.42,4.50,4.38,22.5,2.000,0.745,4.62
209000,2641,23,40.2,0.0,7.7,0.0,12.3,0.0,1.00,0.5,11,1251,72.83,47.44,13,5,5,0.0,1.00,1.00,1.00,3.61,4.52,4.52,25.5,2.000,0.714,4.65
209000,2616,22,50.2,0.0,8.0,0.0,17.1,0.0,1.00,0.3,8,628,42.62,26.46,14,8,0,0.0,1.00,1.00,1.00,4.09,4.95,5.09,21.2,2.000,0.649,5.09
209000,2717,18,30.2,0.0,4.9,0.0,10.2,0.0,1.00,0.3,7,1030,58.23,50.01,1,17,0,0.0,1.00,1.00,1.00,3.50,3.94,3.89,30.0,2.000,0.496,4.00
209000,2639,16,52.7,0.0,2.9,0.0,23.5,0.0,1.00,1.1,9,576,59.61,32.89,0,16,0,0.0,1.00,1.00,1.00,4.31,5.25,5.06,34.5,2.000,0.634,5.44
209000,2681,14,40.1,0.0,2.3,0.0,17.8,0.0,1.00,0.0,5,846,55.69,13.35,9,3,2,0.0,1.00,1.00,1.00,3.93,4.50,4.50,23.8,2.000,0.765,4.50
209000,2744,12,30.2,0.0,4.1,0.0,11.0,0.0,1.00,0.3,5,745,38.77,16.86,12,0,0,0.0,1.00,1.00,1.00,3.42,3.92,3.92,11.8,2.000,0.617,4.00
209000,2648,11,32.0,0.0,4.6,0.0,11.4,0.0,1.00,0.0,5,898,43.01,21.03,6,2,3,0.0,1.00,1.00,1.00,2.91,4.00,4.00,29.5,2.000,0.846,4.00
209000,2743,7,28.9,0.0,1.6,0.0,12.9,0.0,1.00,1.1,3,1313,77.13,34.31,6,1,0,0.0,1.00,1.00,1.00,2.71,4.14,4.14,13.9,2.000,0.746,4.14
209000,1862,7,39.7,0.0,11.4,0.0,8.4,0.0,1.00,0.0,5,1296,46.67,35.63,0,2,5,0.0,1.00,1.00,1.00,3.43,4.43,4.43,42.0,2.000,0.675,4.43
209000,2724,5,29.2,0.0,1.4,0.0,13.2,0.0,1.00,3.6,5,1511,117.01,92.86,0,5,0,0.0,1.00,1.00,1.00,3.00,3.60,4.60,39.5,2.000,0.779,5.00
210000,2158,623,34.7,0.0,6.0,0.0,11.4,0.0,1.00,0.2,124,933,47.03,35.45,141,286,196,0.0,1.00,1.00,1.00,3.48,4.16,4.16,33.6,2.000,0.664,4.21
210000,2543,368,35.1,0.0,6.8,0.0,10.8,0.0,1.00,0.5,91,959,48.01,33.75,112,119,137,0.0,1.00,1.00,1.00,3.39,4.17,4.22,31.4,2.000,0.764,4.32
210000,1763,186,33.4,0.0,6.4,0.0,10.3,0.0,1.00,0.5,54,1006,54.76,37.25,65,55,66,0.0,1.00,1.00,1.00,3.51,4.12,4.12,32.0,2.000,0.850,4.23
210000,2621,136,33.5,0.0,7.6,0.0,9.1,0.0,1.00,0.1,26,1035,54.59,32.45,27,46,63,0.0,1.00,1.00,1.00,3.66,4.09,4.10,36.7,2.000,0.657,4.12
210000,2645,53,34.4,0.0,7.0,0.0,10.2,0.0,1.00,0.0,12,1459,65.66,45.79,31,14,8,0.0,1.00,1.00,1.00,3.55,4.13,4.13,24.3,2.000,0.647,4.13
210000,2660,51,46.5,0.0,6.0,0.0,17.3,0.0,1.00,0.4,16,954,53.32,36.00,14,13,24,0.0,1.00,1.00,1.00,3.88,4.84,4.86,35.3,2.000,0.809,4.94
210000,2643,44,36.0,0.0,5.4,0.0,12.6,0.0,1.00,0.4,21,794,45.24,29.84,23,18,3,0.0,1.00,1.00,1.00,3.30,4.20,4.23,23.9,2.000,0.812,4.32
210000,2746,37,29.9,0.0,0.5,0.0,14.5,0.0,1.00,1.4,11,722,47.37,33.58,16,20,1,0.0,1.00,1.00,1.00,2.89,3.84,3.78,24.9,2.000,0.705,4.16
210000,2650,33,34.2,0.0,8.7,0.0,8.4,0.0,1.00,0.2,14,1089,47.20,34.21,7,6,20,0.0,1.00,1.00,1.00,3.58,4.09,4.18,38.0,2.000,0.644,4.18
210000,2759,33,35.5,0.0,0.6,0.0,17.2,0.0,1.00,0.0,8,984,50.64,23.39,9,14,10,0.0,1.00,1.00,1.00,3.52,4.21,4.21,34.2,2.000,0.831,4.21
210000,2632,27,33.3,0.0,7.4,0.0,9.2,0.0,1.00,0.7,9,1143,55.21,39.84,15,8,4,0.0,1.00,1.00,1.00,3.63,4.04,4.15,26.2,2.000,0.757,4.26
210000,2136,24,31.6,0.0,8.1,0.0,7.7,0.0,1.00,0.0,7,1273,53.73,26.60,12,10,2,0.0,1.00,1.00,1.00,3.54,4.00,4.00,26.4,2.000,0.655,4.00
210000,2670,20,32.0,0.0,3.0,0.1,12.9,0.0,1.00,0.0,10,1038,44.72,39.44,5,7,8,0.0,1.00,1.00,1.00,3.45,4.05,4.05,34.2,2.000,0.752,4.05
210000,2717,18,29.2,0.0,5.6,0.0,9.1,0.0,1.00,0.6,7,1466,72.03,70.25,8,9,1,0.0,1.00,1.00,1.00,2.61,3.89,3.94,24.8,2.000,0.552,4.06
210000,2641,16,42.9,0.0,10.0,0.0,11.4,0.0,1.00,0.6,5,1430,73.30,43.88,5,3,8,0.0,1.00,1.00,1.00,4.12,4.56,4.50,37.6,2.000,0.723,4.69
210000,2681,15,38.1,0.0,1.6,0.0,17.5,0.0,1.00,0.4,5,929,62.91,19.55,14,1,0,0.0,1.00,1.00,1.00,3.33,4.53,4.33,17.3,2.000,0.795,4.53
210000,2725,15,41.3,0.0,11.5,0.0,9.2,0.0,1.00,0.0,8,1051,60.57,30.00,6,9,0,0.0,1.00,1.00,1.00,3.73,4.53,4.53,25.6,2.000,0.774,4.53
210000,2763,12,41.3,0.0,7.0,0.0,13.7,0.0,1.00,0.0,3,674,39.95,37.08,6,1,5,0.0,1.00,1.00,1.00,3.75,4.58,4.58,27.0,2.000,0.811,4.58
210000,2743,12,31.2,0.0,0.0,0.0,15.6,0.0,1.00,1.0,4,639,29.63,13.21,12,0,0,0.0,1.00,1.00,1.00,3.42,3.92,3.92,16.8,2.000,0.738,4.17
210000,2616,11,50.0,0.0,7.2,0.0,17.8,0.0,1.00,0.0,3,777,52.01,36.62,10,1,0,0.0,1.00,1.00,1.00,4.00,5.00,5.00,17.5,2.000,0.675,5.00
210000,2724,7,53.4,0.0,2.1,0.0,24.6,0.0,1.00,1.1,5,669,82.58,62.69,0,2,5,0.0,1.00,1.00,1.00,4.71,5.57,5.57,40.1,2.000,0.318,5.57
210000,2689,7,31.7,0.0,0.0,0.0,15.9,0.0,1.00,0.0,2,856,62.46,71.09,0,7,0,0.0,1.00,1.00,1.00,4.00,4.00,4.00,39.6,2.000,0.599,4.00
210000,2648,6,32.0,0.0,5.2,0.0,10.8,0.0,1.00,0.0,2,1929,72.20,51.88,1,3,2,0.0,1.00,1.00,1.00,3.67,4.00,4.00,35.6,2.000,0.818,4.00
210000,2639,6,38.3,0.0,1.5,0.0,17.7,0.0,1.00,0.7,3,690,78.56,35.97,0,6,0,0.0,1.00,1.00,1.00,4.00,4.50,4.17,32.9,2.000,0.643,4.50
210000,2761,5,45.6,0.0,5.6,0.0,17.2,0.0,1.00,1.6,5,1183,65.38,41.70,1,4,0,0.0,1.00,1.00,1.00,4.20,4.80,4.80,27.4,2.000,0.456,5.20
210000,2744,5,26.8,0.0,4.0,0.0,9.4,0.0,1.00,1.6,2,973,48.03,23.67,5,0,0,0.0,1.00,1.00,1.00,3.20,3.40,3.80,15.4,2.000,0.619,4.00
211000,2158,636,34.7,0.0,5.8,0.0,11.5,0.0,1.00,0.3,122,1005,52.60,39.06,218,229,189,0.0,1.00,1.00,1.00,3.56,4.15,4.16,30.7,2.000,0.665,4.22
211000,2543,283,36.8,0.0,7.1,0.0,11.3,0.0,1.00,0.3,59,1133,54.30,36.45,108,102,73,0.0,1.00,1.00,1.00,3.54,4.26,4.27,29.0,2.000,0.764,4.33
211000,1763,145,36.5,0.0,6.8,0.0,11.5,0.0,1.00,0.3,35,1152,59.20,38.90,44,51,50,0.0,1.00,1.00,1.00,3.52,4.28,4.26,32.9,2.000,0.851,4.33
211000,2621,99,33.1,0.0,7.5,0.0,9.1,0.0,1.00,0.2,19,1151,59.13,35.77,18,31,50,0.0,1.00,1.00,1.00,3.59,4.04,4.03,37.0,2.000,0.648,4.09
211000,2660,49,47.5,0.0,6.4,0.0,17.3,0.0,1.00,0.0,19,918,60.49,41.98,16,19,14,0.0,1.00,1.00,1.00,3.96,4.92,4.92,30.9,2.000,0.821,4.92
211000,2643,38,33.5,0.0,5.0,0.0,11.7,0.0,1.00,0.8,20,786,42.25,38.97,24,12,2,0.0,1.00,1.00,1.00,3.63,4.00,4.18,18.3,2.000,0.787,4.29
211000,2632,35,32.2,0.0,8.2,0.0,7.9,0.0,1.00,0.4,10,790,36.01,27.82,19,13,3,0.0,1.00,1.00,1.00,3.63,4.11,4.03,24.5,2.000,0.724,4.17
211000,2650,34,31.1,0.0,6.9,0.0,8.6,0.0,1.00,0.6,16,1411,62.77,50.67,8,17,9,0.0,1.00,1.00,1.00,3.50,3.94,3.94,32.0,2.000,0.658,4.09
211000,2746,32,32.3,0.0,0.7,0.0,15.5,0.0,1.00,0.0,6,1158,64.69,45.16,11,14,7,0.0,1.00,1.00,1.00,3.72,4.06,4.06,27.5,2.000,0.738,4.06
211000,2645,27,33.7,0.0,6.9,0.0,10.0,0.0,1.00,0.3,6,1628,72.73,56.50,13,10,4,0.0,1.00,1.00,1.00,3.78,4.19,4.04,26.6,2.000,0.670,4.19
211000,2641,26,44.6,0.0,9.6,0.0,12.7,0.0,1.00,0.0,13,1026,49.78,32.74,10,5,11,0.0,1.00,1.00,1.00,3.88,4.73,4.73,33.7,2.000,0.712,4.73
211000,2759,24,36.7,0.0,1.0,0.0,17.3,0.0,1.00,0.0,6,975,52.74,30.32,4,8,12,0.0,1.00,1.00,1.00,3.50,4.25,4.25,37.0,2.000,0.887,4.25
211000,2763,20,40.6,0.0,6.6,0.0,13.8,0.0,1.00,0.4,7,734,41.84,27.57,8,8,4,0.0,1.00,1.00,1.00,3.90,4.55,4.65,26.0,2.000,0.775,4.70
211000,2725,18,33.2,0.0,10.0,0.0,6.6,0.0,1.00,0.8,9,1461,70.38,47.49,5,11,2,0.0,1.00,1.00,1.00,3.50,4.00,4.06,31.5,2.000,0.784,4.22
211000,2136,17,32.0,0.0,6.8,0.0,9.2,0.0,1.00,0.0,8,1144,45.77,27.71,5,10,2,0.0,1.00,1.00,1.00,3.65,4.00,4.00,28.2,2.000,0.697,4.00
211000,2670,16,29.4,0.0,4.3,0.1,10.3,0.0,1.00,0.0,8,887,53.64,46.35,9,1,6,0.0,1.00,1.00,1.00,3.69,4.06,4.06,29.2,2.000,0.754,4.06
211000,2717,15,30.8,0.0,5.9,0.0,9.5,0.0,1.00,0.0,3,928,48.35,32.53,8,7,0,0.0,1.00,1.00,1.00,3.53,4.00,4.00,22.7,2.000,0.559,4.00
211000,2772,15,32.8,0.0,1.5,0.0,14.9,0.0,1.00,0.0,7,1007,51.21,21.89,6,5,4,0.0,1.00,1.00,1.00,3.73,4.07,4.07,29.2,2.000,0.687,4.07
211000,2769,11,33.6,0.0,0.4,0.0,16.5,0.0,1.00,0.0,3,1218,62.26,49.27,11,0,0,0.0,1.00,1.00,1.00,3.36,4.09,4.09,12.7,2.000,0.753,4.09
211000,2681,10,37.4,0.0,1.6,0.0,17.1,0.0,1.00,0.0,3,1286,73.63,67.47,10,0,0,0.0,1.00,1.00,1.00,3.20,4.30,4.30,16.4,2.000,0.771,4.30
211000,2689,10,22.2,0.0,0.0,0.0,11.1,0.0,1.00,2.2,8,648,27.93,45.51,1,9,0,0.0,1.00,1.00,1.00,3.20,3.50,3.40,37.8,2.000,0.651,4.00
211000,2639,8,42.0,0.0,1.5,0.0,19.5,0.0,1.00,2.5,4,1140,107.75,46.02,0,6,2,0.0,1.00,1.00,1.00,3.50,5.12,4.38,34.1,2.000,0.590,5.25
211000,2616,8,47.8,0.0,8.8,0.0,15.1,0.0,1.00,0.0,2,975,64.16,37.61,7,1,0,0.0,1.00,1.00,1.00,3.75,4.88,4.88,19.5,2.000,0.609,4.88
211000,2779,6,32.0,0.0,6.5,0.0,9.5,0.0,1.00,0.0,3,1386,59.45,44.52,1,2,3,0.0,1.00,1.00,1.00,3.00,4.00,4.00,41.4,2.000,0.607,4.00
211000,2724,6,47.7,0.0,0.2,0.0,23.7,0.0,1.00,0.0,4,548,45.80,19.84,0,1,5,0.0,1.00,1.00,1.00,4.83,4.83,4.83,49.5,2.000,0.358,4.83
211000,2744,5,32.0,0.0,5.0,0.0,11.0,0.0,1.00,0.0,1,1581,62.89,30.63,2,2,1,0.0,1.00,1.00,1.00,3.60,4.00,4.00,29.0,2.000,0.610,4.00
212000,2158,480,34.4,0.0,6.6,0.0,10.6,0.0,1.00,0.2,98,1104,50.63,38.32,179,184,117,0.0,1.00,1.00,1.00,3.42,4.13,4.16,29.5,2.000,0.682,4.19
212000,2543,231,38.7,0.0,7.0,0.0,12.3,0.0,1.00,0.2,59,1198,59.26,37.63,111,73,47,0.0,1.00,1.00,1.00,3.66,4.40,4.41,26.7,2.000,0.761,4.45
212000,1763,108,36.2,0.0,7.1,0.0,11.0,0.0,1.00,0.2,28,1304,66.62,43.18,35,25,48,0.0,1.00,1.00,1.00,3.47,4.23,4.24,34.1,2.000,0.852,4.28
212000,2621,62,33.4,0.0,7.3,0.0,9.5,0.0,1.00,0.7,22,1327,55.65,32.77,12,16,34,0.0,1.00,1.00,1.00,3.32,4.16,4.00,36.9,2.000,0.635,4.26
212000,2660,40,46.4,0.0,5.8,0.0,17.5,0.0,1.00,0.4,14,1244,71.77,51.71,12,17,11,0.0,1.00,1.00,1.00,3.80,4.82,4.85,32.2,2.000,0.831,4.95
212000,2746,36,31.8,0.0,0.1,0.0,15.8,0.0,1.00,0.3,7,649,32.86,26.28,29,4,3,0.0,1.00,1.00,1.00,3.31,4.00,3.97,19.0,2.000,0.726,4.06
212000,2650,30,35.5,0.0,8.1,0.0,9.6,0.0,1.00,0.0,13,1135,53.60,44.05,12,10,8,0.0,1.00,1.00,1.00,3.50,4.20,4.20,31.2,2.000,0.650,4.20
212000,2643,25,39.8,0.0,7.8,0.0,12.1,0.0,1.00,0.0,14,1006,46.86,33.02,19,6,0,0.0,1.00,1.00,1.00,3.92,4.44,4.44,16.0,2.000,0.823,4.44
212000,2769,22,31.5,0.0,2.4,0.0,13.4,0.0,1.00,0.5,8,1115,62.45,39.97,21,1,0,0.0,1.00,1.00,1.00,3.50,3.91,3.95,11.0,2.000,0.753,4.05
212000,2641,20,46.5,0.0,11.1,0.0,12.1,0.0,1.00,0.1,9,926,45.39,26.72,5,3,12,0.0,1.00,1.00,1.00,3.95,4.85,4.90,36.3,2.000,0.711,4.90
212000,2759,18,43.1,0.0,0.4,0.0,21.2,0.0,1.00,1.1,7,1034,64.86,45.11,5,6,7,0.0,1.00,1.00,1.00,3.56,4.56,4.67,33.9,2.000,0.887,4.89
212000,2645,17,39.1,0.0,4.1,0.0,15.5,0.0,1.00,0.7,7,1288,56.85,48.24,3,10,4,0.0,1.00,1.00,1.00,3.76,4.41,4.41,30.6,2.000,0.668,4.59
212000,2632,17,30.6,0.0,7.5,0.0,7.8,0.0,1.00,0.6,4,1312,52.67,32.32,5,5,7,0.0,1.00,1.00,1.00,3.18,3.82,4.00,34.7,2.000,0.766,4.06
212000,2763,15,42.5,0.0,8.0,0.0,13.3,0.0,1.00,0.4,8,1389,84.64,42.96,7,5,3,0.0,1.00,1.00,1.00,3.60,4.80,4.60,24.6,2.000,0.817,4.80
212000,2779,13,27.7,0.0,4.1,0.0,9.8,0.0,1.00,0.8,9,223,8.36,21.15,0,7,6,0.0,1.00,1.00,1.00,3.38,4.00,3.85,40.7,2.000,0.704,4.08
212000,2772,12,32.0,0.0,1.9,0.0,14.1,0.0,1.00,0.0,6,1205,59.02,26.25,6,4,2,0.0,1.00,1.00,1.00,3.83,4.00,4.00,25.7,2.000,0.725,4.00
212000,2681,12,35.0,0.0,0.5,0.0,17.0,0.0,1.00,0.0,3,1122,60.69,53.07,8,4,0,0.0,1.00,1.00,1.00,3.50,4.17,4.17,20.4,2.000,0.740,4.17
212000,2793,12,30.7,0.0,0.6,0.0,14.8,0.0,1.00,0.2,4,970,45.39,40.00,4,8,0,0.0,1.00,1.00,1.00,3.00,4.00,3.92,28.5,2.000,0.677,4.00
212000,2725,11,45.5,0.0,13.4,0.0,9.4,0.0,1.00,0.0,4,730,45.46,21.27,11,0,0,0.0,1.00,1.00,1.00,3.91,4.91,4.91,7.8,2.000,0.738,4.91
212000,2670,11,33.6,0.0,6.4,0.0,10.5,0.0,1.00,0.0,2,986,47.36,43.12,11,0,0,0.0,1.00,1.00,1.00,4.00,4.09,4.09,13.3,2.000,0.770,4.09
212000,2784,6,41.0,0.0,5.2,0.0,15.3,0.0,1.00,0.0,3,2224,100.87,70.56,3,3,0,0.0,1.00,1.00,1.00,3.67,4.50,4.50,24.4,2.000,0.691,4.50
212000,2689,5,32.0,0.0,0.0,0.0,16.0,0.0,1.00,0.0,1,1110,58.69,72.14,0,4,1,0.0,1.00,1.00,1.00,3.60,4.00,4.00,33.4,2.000,0.541,4.00
212000,2616,5,47.2,0.0,10.2,0.0,13.4,0.0,1.00,1.6,3,986,84.31,50.58,5,0,0,0.0,1.00,1.00,1.00,3.60,5.20,4.80,19.4,2.000,0.719,5.40
213000,2158,339,34.7,0.0,6.4,0.0,11.0,0.0,1.00,0.1,73,1254,52.72,37.19,173,104,62,0.0,1.00,1.00,1.00,3.34,4.16,4.16,25.1,2.000,0.697,4.18
213000,2543,161,41.6,0.0,8.5,0.0,12.3,0.0,1.00,0.2,48,1086,51.66,30.09,82,43,36,0.0,1.00,1.00,1.00,3.89,4.54,4.50,25.6,2.000,0.747,4.57
213000,1763,76,34.1,0.0,7.5,0.0,9.5,0.0,1.00,0.3,27,1131,53.40,30.68,40,19,17,0.0,1.00,1.00,1.00,3.54,4.16,4.16,26.8,2.000,0.843,4.24
213000,2660,34,46.3,0.0,7.2,0.0,15.9,0.0,1.00,0.5,16,826,47.28,32.86,22,8,4,0.0,1.00,1.00,1.00,3.82,4.79,4.76,23.2,2.000,0.838,4.91
213000,2650,26,30.9,0.0,6.0,0.0,9.5,0.0,1.00,0.2,8,1432,70.15,49.54,19,6,1,0.0,1.00,1.00,1.00,3.42,4.00,3.88,20.0,2.000,0.692,4.00
213000,2799,25,32.0,0.0,0.0,0.0,16.0,0.0,1.00,0.0,1,815,47.13,39.64,24,1,0,0.0,1.00,1.00,1.00,3.68,4.00,4.00,13.9,2.000,0.327,4.00
213000,2798,24,31.4,0.0,0.0,0.0,15.7,0.0,1.00,0.2,6,642,28.17,20.42,14,5,5,0.0,1.00,1.00,1.00,3.46,3.96,4.00,26.0,2.000,0.452,4.04
213000,2621,23,35.4,0.0,8.8,0.0,8.9,0.0,1.00,0.7,11,1759,68.80,35.71,2,7,14,0.0,1.00,1.00,1.00,3.52,4.13,4.13,40.2,2.000,0.626,4.30
213000,2746,21,32.9,0.0,0.1,0.0,16.3,0.0,1.00,0.0,3,1090,45.42,26.99,9,6,6,0.0,1.00,1.00,1.00,3.19,4.05,4.05,29.6,2.000,0.757,4.05
213000,2641,18,46.1,0.0,10.6,0.0,12.4,0.0,1.00,0.1,7,1464,69.35,34.46,8,3,7,0.0,1.00,1.00,1.00,4.00,4.78,4.83,28.8,2.000,0.725,4.83
213000,2643,18,39.0,0.0,8.8,0.0,10.7,0.0,1.00,0.0,11,1602,82.14,40.90,13,5,0,0.0,1.00,1.00,1.00,3.17,4.39,4.39,16.4,2.000,0.809,4.39
213000,2759,14,45.7,0.0,0.0,0.0,22.9,0.0,1.00,0.6,7,1030,69.29,47.70,10,3,1,0.0,1.00,1.00,1.00,4.29,4.79,4.79,23.1,2.000,0.897,4.93
213000,2632,13,31.5,0.0,7.3,0.0,8.5,0.0,1.00,0.0,7,996,44.40,24.31,9,3,1,0.0,1.00,1.00,1.00,3.54,4.00,4.00,15.5,2.000,0.781,4.00
213000,2793,12,34.2,0.0,0.0,0.0,17.1,0.0,1.00,0.5,4,1000,46.61,25.14,7,4,1,0.0,1.00,1.00,1.00,3.50,4.17,4.08,26.9,2.000,0.640,4.25
213000,2769,12,28.5,0.0,2.1,0.0,12.2,0.0,1.00,1.5,7,996,52.99,21.50,8,2,2,0.0,1.00,1.00,1.00,2.92,3.83,3.92,23.2,2.000,0.701,4.25
213000,2725,10,50.0,0.0,14.4,0.0,10.6,0.0,1.00,0.0,2,1191,81.81,44.71,9,0,1,0.0,1.00,1.00,1.00,4.00,5.00,5.00,13.0,2.000,0.747,5.00
213000,2779,9,32.0,0.0,6.0,0.0,10.0,0.0,1.00,0.0,5,1099,34.03,45.47,0,5,4,0.0,1.00,1.00,1.00,3.56,4.00,4.00,38.5,2.000,0.594,4.00
213000,2670,7,32.0,0.0,7.0,0.0,9.0,0.0,1.00,0.0,1,1341,63.57,61.93,7,0,0,0.0,1.00,1.00,1.00,3.71,4.00,4.00,17.9,2.000,0.774,4.00
213000,2772,7,25.4,0.0,0.7,0.0,12.0,0.0,1.00,2.0,5,1121,39.30,25.46,4,2,1,0.0,1.00,1.00,1.00,2.29,3.43,3.57,23.9,2.000,0.758,4.00
213000,2645,6,41.0,0.0,6.3,0.0,14.2,0.0,1.00,0.0,4,569,27.89,16.50,3,1,2,0.0,1.00,1.00,1.00,3.67,4.50,4.50,25.4,2.000,0.668,4.50
214000,2158,196,34.8,0.0,7.4,0.0,10.0,0.0,1.00,0.1,49,1283,54.93,35.02,139,44,13,0.0,1.00,1.00,1.00,3.45,4.19,4.15,19.4,2.000,0.697,4.20
214000,2543,127,41.2,0.0,8.7,0.0,11.9,0.0,1.00,0.2,46,1267,62.37,33.38,86,29,12,0.0,1.00,1.00,1.00,3.67,4.55,4.52,20.6,2.000,0.726,4.58
214000,1763,56,35.1,0.0,8.2,0.0,9.3,0.0,1.00,0.3,19,1040,44.92,22.06,38,15,3,0.0,1.00,1.00,1.00,3.70,4.16,4.21,20.5,2.000,0.855,4.27
214000,2799,22,32.7,0.0,0.0,0.0,16.4,0.0,1.00,0.0,3,928,52.41,31.64,22,0,0,0.0,1.00,1.00,1.00,3.45,4.05,4.05,11.9,2.000,0.340,4.05
214000,2759,20,31.0,0.0,0.3,0.0,15.2,0.0,1.00,1.3,5,732,35.41,27.43,13,3,4,0.0,1.00,1.00,1.00,3.50,3.80,3.85,23.0,2.000,0.918,4.15
214000,2650,18,33.1,0.0,8.0,0.0,8.6,0.0,1.00,0.2,6,1541,74.93,42.86,14,1,3,0.0,1.00,1.00,1.00,3.44,4.11,4.00,21.5,2.000,0.661,4.11
214000,2660,16,45.5,0.0,10.2,0.0,12.5,0.0,1.00,0.0,6,1215,91.12,43.13,13,2,1,0.0,1.00,1.00,1.00,3.75,4.75,4.75,17.6,2.000,0.844,4.75
214000,2798,16,31.9,0.0,0.0,0.0,15.9,0.0,1.00,0.2,2,722,34.40,23.66,12,2,2,0.0,1.00,1.00,1.00,3.62,3.94,4.06,18.9,2.000,0.410,4.06
214000,2725,15,48.7,0.0,13.8,0.0,10.5,0.0,1.00,0.0,4,1341,83.34,44.40,13,2,0,0.0,1.00,1.00,1.00,3.93,5.00,5.00,10.4,2.000,0.737,5.00
214000,2670,15,31.9,0.0,4.7,0.0,11.3,0.0,1.00,0.3,4,670,27.21,18.95,10,3,2,0.0,1.00,1.00,1.00,3.53,4.00,4.00,23.4,2.000,0.743,4.07
214000,2779,13,31.7,0.0,2.4,0.0,13.5,0.0,1.00,0.0,5,693,22.82,12.56,9,2,2,0.0,1.00,1.00,1.00,3.54,4.00,4.00,25.3,2.000,0.648,4.00
214000,2621,11,56.0,0.0,0.0,0.0,28.0,0.0,1.00,0.5,5,339,18.44,12.08,8,0,3,0.0,1.00,1.00,1.00,4.36,5.45,5.18,23.3,2.000,0.656,5.45
214000,2632,10,42.2,0.0,9.3,0.0,11.8,0.0,1.00,0.0,7,541,23.14,22.71,9,1,0,0.0,1.00,1.00,1.00,3.60,4.50,4.50,15.7,2.000,0.758,4.50
214000,2643,7,30.3,0.0,7.3,0.0,7.9,0.0,1.00,0.3,5,1206,49.92,18.04,2,3,2,0.0,1.00,1.00,1.00,3.71,4.00,3.86,31.8,2.000,0.776,4.00
214000,2641,6,50.0,0.0,10.7,0.0,14.3,0.0,1.00,0.0,2,1728,72.34,48.03,2,3,1,0.0,1.00,1.00,1.00,4.00,5.00,5.00,27.7,2.000,0.723,5.00
214000,2793,5,35.6,0.0,0.4,0.0,17.4,0.0,1.00,0.0,3,1528,76.87,31.36,3,2,0,0.0,1.00,1.00,1.00,3.60,4.20,4.20,17.8,2.000,0.672,4.20
215000,2158,114,35.7,0.0,6.2,0.0,11.7,0.0,1.00,0.2,35,972,41.52,22.14,86,21,7,0.0,1.00,1.00,1.00,3.50,4.20,4.21,17.1,2.000,0.716,4.26
215000,2543,108,43.3,0.0,8.5,0.0,13.2,0.0,1.00,0.8,44,1077,61.10,31.95,89,16,3,0.0,1.00,1.00,1.00,3.99,4.61,4.60,15.5,2.000,0.661,4.81
215000,1763,49,34.8,0.0,5.8,0.0,11.6,0.0,1.00,0.5,20,1084,52.46,25.01,41,5,3,0.0,1.00,1.00,1.00,3.73,4.29,4.18,14.6,2.000,0.852,4.35
215000,2799,35,29.7,0.0,0.1,0.0,14.7,0.0,1.00,0.5,7,760,51.18,26.60,33,2,0,0.0,1.00,1.00,1.00,3.29,3.94,3.83,13.6,2.000,0.323,4.00
215000,2670,24,34.8,0.0,5.2,0.0,12.2,0.0,1.00,0.2,10,696,39.43,18.77,21,3,0,0.0,1.00,1.00,1.00,3.62,4.25,4.21,15.7,2.000,0.704,4.29
215000,2725,21,51.3,0.0,8.6,0.0,17.1,0.0,1.00,0.0,10,697,28.35,23.62,12,6,3,0.0,1.00,1.00,1.00,4.33,5.05,5.05,23.3,2.000,0.763,5.05
215000,2650,17,33.8,0.0,8.8,0.0,8.1,0.0,1.00,0.5,5,1043,54.84,34.02,16,1,0,0.0,1.00,1.00,1.00,3.71,4.06,4.06,14.1,2.000,0.687,4.18
215000,2798,8,32.0,0.0,0.0,0.0,16.0,0.0,1.00,0.0,1,1650,69.91,36.10,5,2,1,0.0,1.00,1.00,1.00,3.00,4.00,4.00,24.2,2.000,0.365,4.00
215000,2660,7,47.4,0.0,13.4,0.0,10.3,0.0,1.00,0.0,3,2144,167.98,72.36,3,4,0,0.0,1.00,1.00,1.00,4.00,4.86,4.86,25.6,2.000,0.830,4.86
215000,2643,5,32.0,0.0,8.0,0.0,8.0,0.0,1.00,0.0,4,1919,68.69,23.11,4,0,1,0.0,1.00,1.00,1.00,3.20,4.00,4.00,19.1,2.000,0.802,4.00
216000,2543,96,42.5,0.0,7.9,0.0,13.4,0.0,1.00,0.7,42,1022,54.21,28.62,68,18,10,0.0,1.00,1.00,1.00,3.72,4.72,4.60,19.1,2.000,0.652,4.83
216000,2158,84,31.6,0.0,5.5,0.0,10.4,0.0,1.00,0.2,26,1040,44.60,20.27,61,17,6,0.0,1.00,1.00,1.00,3.30,3.96,4.00,19.9,2.000,0.741,4.02
216000,2799,80,31.0,0.0,0.5,0.0,15.0,0.0,1.00,0.3,18,488,31.64,21.74,72,7,1,0.0,1.00,1.00,1.00,3.51,3.96,3.94,11.4,2.000,0.360,4.03
216000,2670,26,32.9,0.0,4.5,0.0,12.0,0.0,1.00,0.6,9,1084,67.67,28.75,17,8,1,0.0,1.00,1.00,1.00,3.23,4.08,3.92,21.4,2.000,0.726,4.15
216000,2650,26,35.5,0.0,8.2,0.0,9.6,0.0,1.00,0.5,10,1104,56.45,42.82,17,7,2,0.0,1.00,1.00,1.00,3.69,4.23,4.19,22.8,2.000,0.672,4.35
216000,1763,24,36.7,0.0,8.8,0.0,9.5,0.0,1.00,0.0,6,1090,55.43,30.89,17,4,3,0.0,1.00,1.00,1.00,3.58,4.29,4.29,19.4,2.000,0.864,4.29
216000,2725,7,47.4,0.0,13.1,0.0,10.6,0.0,1.00,0.0,4,1208,45.33,59.93,1,6,0,0.0,1.00,1.00,1.00,3.71,4.86,4.86,27.3,2.000,0.735,4.86
216000,2632,7,28.9,0.0,9.7,0.0,4.7,0.0,1.00,1.1,4,461,17.11,15.83,7,0,0,0.0,1.00,1.00,1.00,2.57,4.14,3.57,12.0,2.000,0.804,4.14
216000,2793,5,32.0,0.0,2.6,0.0,13.4,0.0,1.00,0.0,2,1156,59.66,9.07,3,2,0,0.0,1.00,1.00,1.00,3.60,4.00,4.00,21.9,2.000,0.717,4.00
217000,2158,134,32.5,0.0,6.9,0.0,9.4,0.0,1.00,0.2,36,808,36.93,25.16,91,33,10,0.0,1.00,1.00,1.00,3.38,4.03,4.04,20.0,2.000,0.723,4.09
217000,2543,106,43.1,0.0,8.1,0.0,13.5,0.0,1.00,0.8,39,993,58.14,26.94,70,18,18,0.0,1.00,1.00,1.00,3.77,4.57,4.67,21.6,2.000,0.565,4.83
217000,2799,79,30.3,0.0,0.0,0.0,15.1,0.0,1.00,0.5,16,704,40.87,24.77,62,10,7,0.0,1.00,1.00,1.00,3.61,3.96,3.89,20.4,2.000,0.356,4.05
217000,1763,50,35.7,0.1,7.5,0.0,10.2,0.0,1.02,0.4,15,918,48.38,18.26,38,7,5,0.0,1.02,1.00,1.03,3.72,4.24,4.20,19.5,2.000,0.874,4.30
217000,2650,34,37.4,0.0,8.1,0.0,10.6,0.0,1.00,0.3,15,1232,66.00,31.13,16,12,6,0.0,1.00,1.00,1.00,3.53,4.35,4.32,28.5,2.000,0.665,4.41
217000,2670,31,33.3,0.0,5.0,0.0,11.7,0.0,1.00,0.2,9,1167,66.48,14.71,17,7,7,0.0,1.00,1.00,1.00,3.35,4.13,4.03,26.1,2.000,0.739,4.13
217000,2725,12,50.0,0.0,15.1,0.0,9.9,0.0,1.00,0.0,5,1038,46.32,41.66,5,3,4,0.0,1.00,1.00,1.00,4.00,5.00,5.00,29.1,2.000,0.708,5.00
217000,2793,9,32.0,0.0,4.2,0.0,11.8,0.0,1.00,0.0,4,977,56.48,5.83,1,5,3,0.0,1.00,1.00,1.00,4.00,4.00,4.00,36.2,2.000,0.694,4.00
217000,2841,6,31.0,0.0,8.0,0.0,7.5,0.0,1.00,0.0,4,295,21.20,16.30,6,0,0,0.0,1.00,1.00,1.00,4.00,4.00,4.00,8.3,2.000,0.247,4.00
218000,2158,219,31.4,0.0,4.9,0.0,10.8,0.0,1.00,0.4,65,794,39.04,18.46,118,50,51,0.0,1.00,1.00,1.00,3.36,3.93,3.99,26.5,2.000,0.699,4.07
218000,2543,169,46.9,0.0,9.8,0.0,13.7,0.0,1.00,0.3,48,928,57.01,24.19,93,41,35,0.0,1.00,1.00,1.00,3.91,4.85,4.83,25.8,2.000,0.544,4.91
218000,2799,146,30.7,0.0,0.4,0.0,15.0,0.0,1.00,0.3,25,801,44.09,17.27,60,63,23,0.0,1.00,1.00,1.00,3.68,3.93,3.94,27.6,2.000,0.355,4.01
218000,2650,74,35.6,0.0,8.6,0.0,9.2,0.0,1.00,0.5,30,841,45.78,22.11,27,24,23,0.0,1.00,1.00,1.00,3.61,4.23,4.34,30.0,2.000,0.635,4.38
218000,2670,70,32.5,0.0,4.7,0.2,11.4,0.1,1.01,0.7,28,826,45.98,12.00,27,20,23,0.1,1.02,1.00,1.01,3.57,4.01,4.00,31.8,2.000,0.754,4.19
218000,1763,62,34.7,0.0,7.7,0.0,9.6,0.0,1.01,0.3,17,1077,53.75,17.43,42,13,7,0.0,1.01,1.00,1.01,3.37,4.23,4.23,20.8,2.000,0.857,4.29
218000,2853,24,41.5,0.0,7.7,0.0,13.0,0.0,1.00,1.0,12,827,41.98,21.17,9,14,1,0.0,1.00,1.00,1.00,3.75,4.54,4.54,25.7,2.000,0.865,4.79
218000,2621,13,29.2,0.0,8.9,0.0,5.7,0.0,1.00,0.5,5,330,15.50,10.22,0,6,7,0.0,1.00,1.00,1.00,3.46,3.77,4.00,38.7,2.000,0.880,4.00
218000,2793,13,31.2,0.0,5.8,0.0,9.8,0.0,1.00,0.3,6,1348,69.53,14.53,6,5,2,0.0,1.00,1.00,1.00,3.54,3.92,4.08,25.9,2.000,0.711,4.08
218000,2725,7,42.3,0.0,12.9,0.0,8.3,0.0,1.00,0.6,4,1295,68.26,35.48,3,1,3,0.0,1.00,1.00,1.00,3.29,4.71,4.43,30.4,2.000,0.750,4.71
218000,2841,5,32.0,0.0,10.0,0.0,6.0,0.0,1.00,0.0,2,1311,66.83,27.68,5,0,0,0.0,1.00,1.00,1.00,4.00,4.00,4.00,7.5,2.000,0.225,4.00
219000,2158,362,32.6,0.0,5.1,0.0,11.2,0.0,1.00,0.4,75,839,40.67,19.24,154,96,112,0.0,1.00,1.00,1.00,3.26,4.03,4.04,28.6,2.000,0.693,4.12
219000,2543,296,46.0,0.0,8.2,0.0,14.8,0.0,1.00,0.7,75,931,57.60,22.11,107,112,77,0.0,1.00,1.00,1.00,3.98,4.76,4.72,29.4,2.000,0.571,4.91
219000,2799,102,29.3,0.0,0.2,0.0,14.4,0.0,1.00,0.6,22,992,53.86,14.85,27,44,31,0.0,1.00,1.00,1.00,3.31,3.89,3.81,31.8,2.000,0.322,4.00
219000,2670,87,31.2,0.0,6.0,0.0,9.5,0.0,1.01,0.2,29,842,46.37,12.68,34,16,37,0.0,1.01,1.00,1.01,3.51,3.98,4.02,31.3,2.000,0.768,4.06
219000,2854,74,40.1,0.0,8.0,0.0,12.0,0.0,1.00,0.2,26,1047,58.07,27.47,46,10,18,0.0,1.00,1.00,1.00,3.53,4.54,4.45,25.4,2.000,0.661,4.54
219000,2650,73,37.5,0.0,8.8,0.0,10.0,0.0,1.00,0.2,22,997,50.05,18.50,15,29,29,0.0,1.00,1.00,1.00,3.58,4.33,4.33,34.2,2.000,0.644,4.37
219000,1763,52,34.8,0.0,7.1,0.0,10.3,0.0,1.00,0.1,11,1384,70.04,25.57,25,22,5,0.0,1.00,1.00,1.00,3.35,4.19,4.23,25.4,2.000,0.877,4.23
219000,2853,28,59.2,0.0,1.5,0.0,28.1,0.0,1.00,1.1,16,632,54.60,30.85,5,13,10,0.0,1.00,1.00,1.00,4.75,5.39,5.36,35.0,2.000,0.860,5.64
219000,2621,20,29.4,0.0,8.2,0.0,6.5,0.0,1.00,0.7,7,788,38.53,16.31,1,7,12,0.0,1.00,1.00,1.00,3.20,3.80,3.85,40.4,2.000,0.888,4.00
219000,2793,19,36.8,0.0,4.9,0.0,13.5,0.0,1.00,0.2,10,1189,59.12,14.49,7,9,3,0.0,1.00,1.00,1.00,3.53,4.32,4.32,29.0,2.000,0.705,4.37
220000,2158,401,34.1,0.0,5.5,0.0,11.6,0.0,1.00,0.3,96,879,46.56,24.70,115,124,162,0.0,1.00,1.00,1.00,3.39,4.12,4.13,33.0,2.000,0.621,4.21
220000,2543,361,45.0,0.0,8.6,0.0,14.0,0.0,1.00,0.3,94,984,61.25,28.42,161,105,95,0.0,1.00,1.00,1.00,3.89,4.75,4.71,28.6,2.000,0.573,4.81
220000,2799,126,30.3,0.0,0.4,0.0,14.8,0.0,1.00,0.4,18,885,49.50,16.88,44,47,35,0.0,1.00,1.00,1.00,3.43,3.93,3.92,30.5,2.000,0.333,4.00
220000,2650,125,38.8,0.0,8.6,0.0,10.8,0.0,1.00,0.3,39,896,50.03,27.58,18,51,56,0.0,1.00,1.00,1.00,3.68,4.39,4.42,36.6,2.000,0.634,4.47
220000,2670,109,31.4,0.0,6.9,0.0,8.8,0.0,1.00,0.3,27,1054,57.84,20.63,28,38,43,0.0,1.00,1.00,1.00,3.48,3.96,3.98,34.7,2.000,0.753,4.06
220000,2854,76,39.2,0.0,8.3,0.0,11.3,0.0,1.00,0.3,27,1181,66.94,41.08,45,12,19,0.0,1.00,1.00,1.00,3.63,4.46,4.41,25.6,2.000,0.654,4.51
220000,1763,61,31.5,0.0,5.3,0.0,10.5,0.0,1.00,0.9,22,939,56.11,30.18,35,18,8,0.0,1.00,1.00,1.00,3.26,3.98,3.95,25.2,2.000,0.856,4.20
220000,2621,27,31.1,0.0,8.7,0.0,6.9,0.0,1.00,0.2,6,1196,54.94,26.02,4,12,11,0.0,1.00,1.00,1.00,3.33,3.89,4.00,37.6,2.000,0.893,4.00
220000,2853,19,29.8,0.1,1.5,0.0,13.3,0.1,1.02,5.1,14,950,93.42,77.24,8,4,7,0.1,1.02,1.00,1.05,3.00,3.79,4.58,33.0,2.000,0.884,5.37
220000,2864,18,32.0,0.0,7.8,0.0,8.2,0.0,1.00,0.0,5,1035,48.55,27.61,14,4,0,0.0,1.00,1.00,1.00,3.72,4.00,4.00,18.3,2.000,0.772,4.00
220000,2793,14,35.6,0.0,4.9,0.0,12.9,0.0,1.00,0.0,8,1170,66.23,27.16,11,3,0,0.0,1.00,1.00,1.00,3.86,4.21,4.21,22.6,2.000,0.714,4.21
220000,2860,9,36.7,0.0,7.1,0.0,11.2,0.0,1.00,0.7,4,1142,61.22,17.41,3,6,0,0.0,1.00,1.00,1.00,3.22,4.44,4.11,27.2,2.000,0.852,4.44
220000,2861,8,50.0,0.0,11.1,0.0,13.9,0.0,1.00,0.0,5,1291,111.50,72.01,8,0,0,0.0,1.00,1.00,1.00,4.00,5.00,5.00,17.5,2.000,0.649,5.00
220000,2841,6,30.0,0.0,0.0,0.0,15.0,0.0,1.00,0.3,3,391,28.94,38.97,0,0,6,0.0,1.00,1.00,1.00,3.33,4.00,3.83,44.9,2.000,0.217,4.00
221000,2158,537,33.0,0.0,4.8,0.0,11.7,0.0,1.00,0.4,113,951,58.12,33.57,104,227,206,0.0,1.00,1.00,1.00,3.42,4.07,4.08,34.6,2.000,0.659,4.16
221000,2543,411,42.1,0.0,8.3,0.0,12.8,0.0,1.00,0.7,110,889,55.48,31.50,185,134,92,0.0,1.00,1.00,1.00,3.79,4.55,4.54,28.2,2.000,0.648,4.71
221000,2650,165,37.9,0.0,8.3,0.0,10.6,0.0,1.00,0.4,56,831,51.33,35.90,34,60,71,0.0,1.00,1.00,1.00,3.61,4.36,4.38,36.6,2.000,0.617,4.47
221000,2670,132,30.6,0.0,6.5,0.1,8.8,0.0,1.00,0.4,37,1108,65.44,29.31,32,37,63,0.0,1.00,1.00,1.00,3.33,3.91,3.98,35.5,2.000,0.768,4.03
221000,2799,128,29.6,0.0,0.4,0.0,14.5,0.0,1.00,0.6,22,1000,58.21,23.90,47,48,33,0.0,1.00,1.00,1.00,3.40,3.80,3.91,30.3,2.000,0.355,4.01
221000,2854,111,37.3,0.0,7.8,0.0,10.9,0.0,1.00,0.1,30,946,54.30,36.79,52,28,31,0.0,1.00,1.00,1.00,3.50,4.32,4.32,28.7,2.000,0.655,4.35
221000,1763,44,34.8,0.0,6.4,0.0,11.0,0.0,1.00,0.7,13,1056,58.39,33.39,25,13,6,0.0,1.00,1.00,1.00,3.43,4.32,4.07,24.8,2.000,0.871,4.36
221000,2621,27,30.4,0.0,7.7,0.0,7.6,0.0,1.00,0.1,10,1000,47.98,36.33,0,11,16,0.0,1.00,1.00,1.00,3.44,4.00,3.93,40.2,2.000,0.881,4.00
221000,2871,26,28.9,0.0,0.0,0.0,14.5,0.0,1.00,0.6,7,1096,80.41,53.84,18,8,0,0.0,1.00,1.00,1.00,3.31,3.85,3.85,20.2,2.000,0.207,4.00
221000,2866,19,61.8,0.1,12.5,0.0,18.3,0.0,1.02,0.8,11,1104,67.73,30.75,8,8,3,0.0,1.03,1.03,1.01,5.16,5.58,5.58,27.6,2.000,0.691,5.79
221000,2864,14,31.2,0.0,6.6,0.1,8.9,0.0,1.00,0.0,7,1085,59.07,25.84,9,5,0,0.0,1.00,1.00,1.00,3.71,4.00,4.00,16.8,2.000,0.802,4.00
221000,2861,10,49.4,0.0,12.0,0.0,12.7,0.0,1.00,0.0,7,1361,115.44,59.43,10,0,0,0.0,1.00,1.00,1.00,4.00,5.00,5.00,15.3,2.000,0.676,5.00
221000,2793,9,37.1,0.0,3.6,0.0,15.0,0.0,1.00,0.0,6,1966,105.43,37.63,4,5,0,0.0,1.00,1.00,1.00,3.22,4.33,4.33,27.3,2.000,0.732,4.33
221000,2853,7,32.6,0.0,0.4,0.0,15.9,0.0,1.00,4.3,6,2119,205.40,188.89,3,3,1,0.0,1.00,1.00,1.00,2.86,3.86,4.00,30.6,2.000,0.883,5.00
221000,2860,6,32.0,0.0,6.0,0.0,10.0,0.0,1.00,0.0,1,1325,63.11,19.11,2,4,0,0.0,1.00,1.00,1.00,3.67,4.00,4.00,24.1,2.000,0.847,4.00
222000,2543,469,43.0,0.0,8.7,0.0,12.8,0.0,1.00,0.4,113,994,63.20,36.16,219,148,102,0.0,1.00,1.00,1.00,3.91,4.59,4.61,27.2,2.000,0.666,4.71
222000,2158,353,33.7,0.0,4.4,0.0,12.5,0.0,1.00,0.3,82,1033,66.18,39.11,89,144,120,0.0,1.00,1.00,1.00,3.47,4.10,4.10,33.0,2.000,0.609,4.17
222000,2650,210,40.5,0.0,8.7,0.0,11.5,0.0,1.00,0.4,58,1008,64.22,48.05,38,94,78,0.0,1.00,1.00,1.00,3.71,4.47,4.50,36.0,2.000,0.648,4.58
222000,2670,140,30.9,0.0,6.4,0.0,9.1,0.0,1.00,0.4,39,1123,63.80,37.23,29,40,71,0.0,1.00,1.00,1.00,3.39,3.92,3.97,37.7,2.000,0.762,4.04
222000,2854,119,36.5,0.0,7.4,0.0,10.8,0.0,1.00,0.1,30,965,50.84,34.45,49,20,50,0.0,1.00,1.00,1.00,3.65,4.25,4.28,31.7,2.000,0.667,4.29
222000,2799,109,30.0,0.0,0.6,0.0,14.4,0.0,1.00,0.5,21,1187,74.53,32.17,69,24,16,0.0,1.00,1.00,1.00,3.39,3.87,3.86,21.8,2.000,0.342,4.00
222000,2621,55,31.1,0.0,6.8,0.0,8.7,0.0,1.00,0.4,20,707,38.68,27.03,1,25,29,0.0,1.00,1.00,1.00,3.00,3.95,3.96,41.2,2.000,0.870,4.05
222000,1763,45,34.3,0.1,7.0,0.0,10.0,0.1,1.02,0.2,13,1133,66.93,41.01,24,19,2,0.1,1.04,1.00,1.02,3.71,4.16,4.11,21.8,2.000,0.872,4.18
222000,2864,35,31.0,0.0,6.6,0.0,8.9,0.0,1.00,0.3,8,767,44.93,32.14,25,10,0,0.0,1.00,1.00,1.00,3.34,3.91,3.94,16.6,2.000,0.777,4.00
222000,2837,34,31.1,0.0,6.9,0.0,8.7,0.0,1.00,0.6,10,1129,47.93,39.93,12,16,6,0.0,1.00,1.00,1.00,3.53,3.94,3.88,29.9,2.000,0.578,4.06
222000,2871,26,33.8,0.0,0.0,0.0,16.9,0.0,1.00,0.2,4,732,37.25,24.36,13,13,0,0.0,1.00,1.00,1.00,3.46,4.08,4.15,25.7,2.000,0.320,4.15
222000,2866,21,63.3,0.0,8.9,0.0,22.8,0.0,1.00,1.1,10,857,58.33,32.21,5,9,7,0.0,1.00,1.00,1.00,5.43,5.71,5.52,32.5,2.000,0.660,5.90
222000,2851,13,31.2,0.0,7.5,0.0,8.2,0.0,1.00,0.0,7,1210,47.62,53.63,3,1,9,0.0,1.00,1.00,1.00,3.69,4.00,4.00,36.6,2.000,0.676,4.00
222000,2875,13,51.4,0.0,7.0,0.0,18.7,0.0,1.00,0.3,4,608,57.57,39.36,6,6,1,0.0,1.00,1.00,1.00,4.00,5.15,5.00,27.1,2.000,0.180,5.15
222000,2860,7,34.0,0.0,6.6,0.0,10.4,0.0,1.00,0.0,3,896,38.03,14.02,5,2,0,0.0,1.00,1.00,1.00,3.14,4.14,4.14,20.8,2.000,0.829,4.14
222000,2861,5,32.0,1.0,11.0,0.0,3.0,2.0,1.27,0.0,3,642,12.38,16.20,0,0,5,2.0,1.50,1.10,1.25,3.40,4.00,4.00,44.4,2.000,0.487,4.00
223000,2158,564,34.3,0.0,5.7,0.0,11.4,0.0,1.00,0.2,116,863,50.40,39.54,116,286,162,0.0,1.00,1.00,1.00,3.54,4.12,4.16,34.1,2.000,0.629,4.18
223000,2543,511,44.3,0.0,9.4,0.0,12.8,0.0,1.00,0.4,131,1124,67.06,38.45,229,157,125,0.0,1.00,1.00,1.00,3.87,4.69,4.68,27.7,2.000,0.667,4.78
223000,2650,212,38.8,0.0,9.0,0.0,10.4,0.0,1.00,0.4,68,1028,58.76,41.55,46,97,69,0.0,1.00,1.00,1.00,3.73,4.43,4.40,34.7,2.000,0.623,4.50
223000,2670,129,31.1,0.0,6.0,0.0,9.6,0.0,1.00,0.5,35,1179,66.38,43.48,25,40,64,0.0,1.00,1.00,1.00,3.43,4.00,3.89,37.1,2.000,0.767,4.08
223000,2854,121,35.7,0.0,8.2,0.0,9.6,0.0,1.00,0.2,41,1124,57.68,39.42,54,28,39,0.0,1.00,1.00,1.00,3.69,4.20,4.24,29.8,2.000,0.648,4.28
223000,2799,86,29.7,0.0,0.3,0.0,14.5,0.0,1.00,0.6,16,838,43.54,17.56,56,21,9,0.0,1.00,1.00,1.00,3.28,3.90,3.84,22.3,2.000,0.347,4.00
223000,2621,72,30.4,0.0,6.8,0.0,8.5,0.0,1.00,0.4,26,825,42.51,33.66,1,46,25,0.0,1.00,1.00,1.00,3.49,3.97,3.93,38.9,2.000,0.865,4.04
223000,1763,55,34.4,0.0,6.1,0.0,11.1,0.0,1.02,0.3,11,1042,65.23,42.91,28,26,1,0.0,1.02,1.02,1.02,3.42,4.09,4.18,24.0,2.000,0.877,4.20
223000,2864,40,31.6,0.0,6.7,0.0,9.1,0.0,1.00,0.1,11,942,55.71,34.97,24,15,1,0.0,1.00,1.00,1.00,3.08,4.00,4.00,21.7,2.000,0.760,4.03
223000,2837,30,30.8,0.0,7.5,0.0,7.9,0.0,1.00,0.2,9,1268,57.18,32.50,10,14,6,0.0,1.00,1.00,1.00,3.53,4.03,4.00,30.8,2.000,0.578,4.03
223000,2878,29,32.6,0.0,3.7,0.0,12.6,0.0,1.00,0.3,12,1181,76.74,73.07,13,11,5,0.0,1.00,1.00,1.00,3.41,4.07,4.10,24.1,2.000,0.488,4.17
223000,2860,23,32.6,0.0,6.7,0.0,9.6,0.0,1.00,0.1,5,690,30.98,17.71,14,9,0,0.0,1.00,1.00,1.00,3.43,4.09,4.13,19.0,2.000,0.824,4.13
223000,2871,13,35.1,0.0,0.0,0.0,17.5,0.0,1.00,0.5,3,1232,69.52,58.73,8,5,0,0.0,1.00,1.00,1.00,3.54,4.31,4.08,21.8,2.000,0.280,4.31
223000,2866,11,76.5,0.0,11.5,0.0,26.8,0.0,1.00,1.1,5,1261,95.68,80.61,0,7,4,0.0,1.00,1.00,1.00,5.36,6.45,6.27,41.1,2.000,0.664,6.45
223000,2875,8,50.0,0.0,6.0,0.0,19.0,0.0,1.00,0.0,1,1537,117.60,72.75,3,5,0,0.0,1.00,1.00,1.00,4.00,5.00,5.00,19.8,2.000,0.176,5.00
223000,2861,8,31.0,1.0,10.6,0.0,2.9,2.4,1.25,0.2,5,707,29.52,30.37,0,0,8,2.4,1.50,1.00,1.26,3.88,3.88,4.00,44.1,2.000,0.355,4.00
223000,2793,7,30.3,0.0,3.6,0.0,11.6,0.0,1.00,0.0,3,669,29.56,18.40,0,2,5,0.0,1.00,1.00,1.00,2.57,4.00,4.00,38.2,2.000,0.775,4.00
223000,2884,6,34.0,0.0,0.0,0.0,17.0,0.0,1.00,1.0,3,765,76.28,39.82,0,0,6,0.0,1.00,1.00,1.00,3.67,3.83,4.33,46.7,2.000,0.609,4.33
224000,2158,682,34.6,0.0,5.8,0.0,11.5,0.0,1.00,0.3,151,966,53.06,41.30,151,271,260,0.0,1.00,1.00,1.00,3.46,4.15,4.15,34.6,2.000,0.618,4.23
224000,2543,484,43.7,0.0,8.8,0.0,13.0,0.0,1.00,0.4,132,1154,68.04,37.99,208,141,135,0.0,1.00,1.00,1.00,3.87,4.64,4.67,28.2,2.000,0.670,4.76
224000,2650,195,37.7,0.0,8.2,0.0,10.6,0.0,1.00,0.1,46,1056,55.51,38.91,56,73,66,0.0,1.00,1.00,1.00,3.46,4.33,4.35,32.6,2.000,0.624,4.36
224000,2799,120,30.5,0.0,0.3,0.0,15.0,0.0,1.00,0.4,20,756,41.16,15.94,74,35,11,0.0,1.00,1.00,1.00,3.47,3.94,3.91,22.3,2.000,0.363,4.02
224000,2670,114,31.0,0.0,5.9,0.0,9.6,0.0,1.00,0.4,27,1223,70.08,42.01,15,45,54,0.0,1.00,1.00,1.00,3.43,3.92,3.98,38.6,2.000,0.761,4.04
224000,2854,86,35.5,0.0,8.1,0.0,9.6,0.0,1.00,0.2,29,1332,66.71,47.27,30,33,23,0.0,1.00,1.00,1.00,3.56,4.19,4.20,30.5,2.000,0.644,4.23
224000,1763,74,34.2,0.0,6.1,0.0,11.1,0.0,1.00,0.2,20,1059,55.83,34.61,40,29,5,0.0,1.00,1.00,1.00,3.51,4.20,4.14,23.8,2.000,0.877,4.22
224000,2621,68,30.6,0.0,7.9,0.0,7.4,0.0,1.00,0.5,23,1081,57.55,48.05,1,49,18,0.0,1.00,1.00,1.00,3.50,3.97,3.93,37.3,2.000,0.879,4.07
224000,2864,67,32.7,0.0,6.4,0.0,10.0,0.0,1.00,0.2,20,953,48.95,30.93,50,16,1,0.0,1.00,1.00,1.00,3.33,4.06,4.09,21.2,2.000,0.759,4.12
224000,2887,40,31.6,0.0,6.2,0.0,9.6,0.0,1.00,0.1,8,1226,57.75,32.46,20,14,6,0.0,1.00,1.00,1.00,3.35,3.97,4.00,24.4,2.000,0.843,4.00
224000,2837,37,33.2,0.0,8.5,0.0,8.1,0.0,1.00,0.7,15,882,38.86,25.93,20,13,4,0.0,1.00,1.00,1.00,3.38,4.05,4.14,26.3,2.000,0.553,4.27
224000,2860,28,31.9,0.0,3.2,0.0,12.8,0.0,1.00,1.1,12,646,30.07,17.61,15,13,0,0.0,1.00,1.00,1.00,2.86,4.00,4.04,24.9,2.000,0.854,4.29
224000,2878,18,30.2,0.0,2.9,0.0,12.2,0.0,1.00,1.3,7,1338,89.60,95.08,5,7,6,0.0,1.00,1.00,1.00,3.28,3.89,3.78,30.9,2.000,0.415,4.17
224000,2866,12,61.5,0.0,14.9,0.0,15.8,0.0,1.00,0.0,5,1127,126.55,89.62,0,10,2,0.0,1.00,1.00,1.00,5.25,5.58,5.58,39.7,2.000,0.692,5.58
224000,2871,8,32.0,0.0,1.5,0.0,14.5,0.0,1.00,0.0,2,1069,59.65,46.25,6,1,1,0.0,1.00,1.00,1.00,3.75,4.00,4.00,24.9,2.000,0.294,4.00
224000,2884,7,42.3,0.0,0.0,0.0,21.1,0.0,1.00,0.0,2,847,104.44,51.33,0,0,7,0.0,1.00,1.00,1.00,3.71,4.57,4.57,46.3,2.000,0.609,4.57
224000,2876,7,30.3,0.9,9.4,0.0,4.0,2.0,1.22,0.3,6,697,10.22,37.71,7,0,0,2.0,1.45,1.00,1.21,3.57,4.00,3.86,11.3,2.000,0.954,4.00
224000,2861,6,28.7,1.0,9.7,0.0,2.7,1.8,1.28,0.3,6,1870,72.03,41.55,0,0,6,1.8,1.50,1.08,1.26,3.83,3.83,4.00,44.3,2.000,0.385,4.00
224000,2875,5,50.0,0.0,8.8,0.0,16.2,0.0,1.00,0.0,4,1077,79.07,50.91,1,4,0,0.0,1.00,1.00,1.00,4.20,5.20,5.20,25.1,2.000,0.146,5.20
225000,2158,686,35.6,0.0,6.8,0.0,11.0,0.0,1.00,0.3,152,1002,57.49,43.88,128,288,270,0.0,1.00,1.00,1.00,3.47,4.19,4.23,36.0,2.000,0.680,4.28
225000,2543,460,44.1,0.0,9.1,0.0,12.9,0.0,1.00,0.5,128,1051,63.23,37.07,194,128,138,0.0,1.00,1.00,1.00,3.93,4.66,4.67,29.5,2.000,0.681,4.78
225000,2650,202,36.2,0.0,7.5,0.0,10.6,0.0,1.00,0.3,55,963,51.85,34.20,70,86,46,0.0,1.00,1.00,1.00,3.56,4.26,4.27,29.3,2.000,0.587,4.34
225000,2799,117,31.1,0.0,0.1,0.0,15.5,0.0,1.00,0.3,14,841,44.18,17.65,82,35,0,0.0,1.00,1.00,1.00,3.56,3.95,3.93,19.8,2.000,0.386,4.03
225000,2670,111,29.5,0.0,5.3,0.0,9.5,0.0,1.00,0.9,37,1121,69.89,42.34,15,41,55,0.0,1.00,1.00,1.00,3.32,3.89,3.85,38.2,2.000,0.753,4.10
225000,2854,90,34.6,0.0,6.3,0.0,11.0,0.0,1.00,0.1,32,1002,50.15,30.54,22,35,33,0.0,1.00,1.00,1.00,3.57,4.17,4.19,34.6,2.000,0.565,4.20
225000,1763,62,35.8,0.0,5.9,0.0,12.0,0.0,1.00,0.0,12,1216,63.13,36.92,34,24,4,0.0,1.00,1.00,1.00,3.58,4.23,4.23,24.8,2.000,0.877,4.23
225000,2864,55,39.8,0.0,6.2,0.0,13.7,0.0,1.00,0.0,19,1033,50.38,33.25,26,27,2,0.0,1.00,1.00,1.00,3.89,4.40,4.38,25.5,2.000,0.724,4.40
225000,2893,42,52.0,0.0,9.1,0.8,16.5,0.0,1.00,0.8,25,1005,60.21,29.23,24,7,11,0.0,1.00,1.00,1.00,4.12,5.14,5.10,28.0,2.000,0.204,5.31
225000,2887,39,30.7,0.0,6.3,0.0,9.1,0.0,1.00,0.2,11,1119,52.27,31.12,16,16,7,0.0,1.00,1.00,1.00,3.18,3.97,3.95,28.5,2.000,0.838,4.00
225000,2837,35,35.6,0.0,8.5,0.0,9.3,0.0,1.00,0.0,11,969,44.50,34.93,11,15,9,0.0,1.00,1.00,1.00,3.49,4.20,4.20,31.3,2.000,0.553,4.20
225000,2860,28,31.2,0.0,6.2,0.0,9.4,0.0,1.00,0.4,9,831,39.59,25.68,15,13,0,0.0,1.00,1.00,1.00,3.43,3.96,4.04,23.3,2.000,0.834,4.11
225000,2621,23,31.7,0.0,9.6,0.0,6.3,0.0,1.00,0.0,5,1609,61.17,71.32,2,14,7,0.0,1.00,1.00,1.00,3.35,4.00,4.00,36.5,2.000,0.890,4.00
225000,2869,14,46.3,0.0,13.5,0.0,9.6,0.0,1.00,0.0,6,1388,102.37,63.83,0,4,10,0.0,1.00,1.00,1.00,3.79,4.86,4.86,45.2,2.000,0.718,4.86
225000,2866,14,77.4,0.0,12.6,0.0,26.1,0.0,1.00,0.0,5,1032,75.40,44.93,0,4,10,0.0,1.00,1.00,1.00,5.64,6.14,6.14,41.3,2.000,0.576,6.14
225000,2894,12,32.0,0.0,7.8,0.0,8.2,0.0,1.00,0.0,4,1107,69.06,40.18,3,8,1,0.0,1.00,1.00,1.00,3.33,4.00,4.00,31.7,2.000,0.601,4.00
225000,2878,10,32.0,0.0,4.0,0.0,12.0,0.0,1.00,0.0,3,1682,108.27,78.10,0,6,4,0.0,1.00,1.00,1.00,3.20,4.00,4.00,36.9,2.000,0.455,4.00
225000,2871,7,21.1,0.0,0.4,0.0,10.1,0.0,1.00,2.3,7,520,33.88,55.04,6,1,0,0.0,1.00,1.00,1.00,3.43,3.57,3.71,23.2,2.000,0.373,4.14
226000,2158,729,34.5,0.0,6.4,0.0,10.8,0.0,1.00,0.2,144,1054,58.12,43.19,171,284,274,0.0,1.00,1.00,1.00,3.52,4.16,4.13,34.7,2.000,0.681,4.20
226000,2543,432,45.0,0.0,9.1,0.0,13.5,0.0,1.00,0.4,118,1044,60.98,35.27,160,146,126,0.0,1.00,1.00,1.00,3.96,4.73,4.71,30.5,2.000,0.652,4.81
226000,2650,211,35.5,0.0,7.4,0.0,10.3,0.0,1.00,0.2,51,1070,53.80,33.40,78,76,57,0.0,1.00,1.00,1.00,3.56,4.22,4.23,30.4,2.000,0.596,4.27
226000,2799,158,30.4,0.0,0.3,0.0,14.9,0.0,1.00,0.4,23,922,48.17,19.12,121,37,0,0.0,1.00,1.00,1.00,3.35,3.93,3.91,18.9,2.000,0.385,4.03
226000,2670,95,30.7,0.0,5.8,0.0,9.5,0.0,1.00,0.8,35,1065,62.69,53.87,2,32,61,0.0,1.00,1.00,1.00,3.27,4.01,3.88,41.6,2.000,0.746,4.15
226000,1763,75,32.2,0.0,5.2,0.0,10.9,0.0,1.00,0.9,21,966,48.10,26.15,42,25,8,0.0,1.00,1.00,1.00,3.48,4.07,3.96,25.6,2.000,0.868,4.24
226000,2621,59,30.6,0.0,6.6,0.0,8.7,0.0,1.00,0.3,19,1008,61.03,40.18,5,36,18,0.0,1.00,1.00,1.00,3.49,3.93,3.93,36.1,2.000,0.909,4.02
226000,2837,46,31.0,0.0,7.2,0.0,8.2,0.0,1.00,0.6,14,1101,56.95,35.54,11,29,6,0.0,1.00,1.00,1.00,3.46,3.89,3.91,31.2,2.000,0.585,4.04
226000,2864,41,35.1,0.0,6.8,0.0,10.7,0.0,1.00,0.0,15,1169,55.51,44.79,20,19,2,0.0,1.00,1.00,1.00,3.76,4.17,4.17,21.8,2.000,0.744,4.17
226000,2854,38,36.3,0.0,8.7,0.0,9.4,0.0,1.00,0.1,17,1527,78.66,59.51,10,8,20,0.0,1.00,1.00,1.00,3.53,4.24,4.26,36.3,2.000,0.659,4.26
226000,2904,29,30.6,0.0,1.7,0.0,13.6,0.0,1.00,0.3,8,1139,80.89,47.62,4,19,6,0.0,1.00,1.00,1.00,3.28,3.97,3.90,33.4,2.000,0.897,4.00
226000,2866,25,59.1,0.0,13.9,0.0,15.6,0.0,1.00,0.5,10,1020,72.58,31.26,0,9,16,0.0,1.00,1.00,1.00,5.28,5.40,5.48,41.1,2.000,0.696,5.52
226000,2893,21,46.1,0.0,7.9,1.6,14.3,0.0,1.00,0.1,13,1207,67.00,43.06,5,9,7,0.0,1.00,1.00,1.00,4.00,4.90,4.95,32.6,2.000,0.067,4.95
226000,2894,19,32.9,0.0,7.2,0.0,9.3,0.0,1.00,0.0,4,1121,80.75,48.92,4,14,1,0.0,1.00,1.00,1.00,3.89,4.05,4.05,34.0,2.000,0.611,4.05
226000,2860,18,33.0,0.0,5.7,0.0,10.8,0.0,1.00,0.0,3,1056,51.50,33.32,10,8,0,0.0,1.00,1.00,1.00,3.50,4.06,4.06,23.8,2.000,0.844,4.06
226000,2869,12,50.0,0.0,14.3,0.0,10.7,0.0,1.00,0.0,5,1532,113.01,61.07,0,2,10,0.0,1.00,1.00,1.00,4.00,5.00,5.00,48.1,2.000,0.705,5.00
226000,2909,11,29.3,0.0,3.9,0.0,10.7,0.0,1.00,1.1,6,788,69.22,55.89,0,11,0,0.0,1.00,1.00,1.00,3.73,3.73,3.73,38.9,2.000,0.355,4.00
226000,2878,10,32.0,0.0,2.8,0.0,13.2,0.0,1.00,0.0,3,1537,93.43,56.10,1,3,6,0.0,1.00,1.00,1.00,3.20,4.00,4.00,41.6,2.000,0.487,4.00
226000,2916,8,34.2,0.0,0.0,0.0,17.1,0.0,1.00,0.0,2,1280,69.43,59.15,0,5,3,0.0,1.00,1.00,1.00,3.75,4.12,4.12,36.8,2.000,0.406,4.12
226000,2907,8,50.0,0.0,0.5,0.0,24.5,0.0,1.00,0.0,2,1290,99.75,76.15,1,0,7,0.0,1.00,1.00,1.00,4.00,5.00,5.00,48.5,2.000,0.487,5.00
227000,2158,489,33.7,0.0,4.6,0.0,12.3,0.0,1.00,0.2,114,1088,59.22,41.18,116,206,167,0.0,1.00,1.00,1.00,3.46,4.11,4.11,33.8,2.000,0.689,4.17
227000,2543,435,44.9,0.0,8.9,0.0,13.5,0.0,1.00,0.4,113,1075,63.01,34.42,193,135,107,0.0,1.00,1.00,1.00,3.99,4.71,4.71,28.1,2.000,0.644,4.82
227000,2650,223,36.2,0.0,6.8,0.0,11.3,0.0,1.00,0.2,56,1123,53.62,33.32,94,79,50,0.0,1.00,1.00,1.00,3.51,4.27,4.23,28.7,2.000,0.589,4.30
227000,2799,168,31.2,0.0,0.1,0.0,15.5,0.0,1.00,0.3,22,961,48.83,20.16,114,54,0,0.0,1.00,1.00,1.00,3.36,3.99,3.95,19.7,2.000,0.376,4.05
227000,2670,79,30.0,0.0,6.1,0.0,8.9,0.0,1.00,0.5,26,1171,62.01,48.45,5,35,39,0.0,1.00,1.00,1.00,3.23,3.95,3.90,40.3,2.000,0.754,4.04
227000,1763,72,34.3,0.0,6.2,0.0,10.9,0.0,1.00,0.2,18,1037,55.88,27.15,31,40,1,0.0,1.00,1.00,1.00,3.43,4.17,4.17,26.3,2.000,0.869,4.22
227000,2837,52,32.9,0.0,6.2,0.0,10.2,0.0,1.00,0.5,17,1095,55.67,29.15,16,31,5,0.0,1.00,1.00,1.00,3.38,3.98,4.12,30.8,2.000,0.566,4.17
227000,2621,38,30.2,0.0,6.4,0.0,8.7,0.0,1.00,0.4,15,1336,78.37,59.51,2,15,21,0.0,1.00,1.00,1.00,3.50,3.89,3.89,39.1,2.000,0.912,4.00
227000,2864,36,32.8,0.0,6.9,0.0,9.4,0.0,1.00,0.0,13,1208,58.53,50.22,15,18,3,0.0,1.00,1.00,1.00,3.08,4.06,4.06,25.8,2.000,0.753,4.06
227000,2854,32,36.7,0.0,7.7,0.0,10.7,0.0,1.00,0.4,10,1292,68.96,49.78,4,7,21,0.0,1.00,1.00,1.00,3.53,4.25,4.25,42.2,2.000,0.663,4.34
227000,2893,25,43.2,0.0,8.3,1.2,12.7,0.0,1.00,0.0,8,883,47.00,31.12,1,10,14,0.0,1.00,1.00,1.00,3.60,4.68,4.68,38.8,2.000,0.081,4.68
227000,2894,20,31.3,0.0,5.9,0.0,9.8,0.0,1.00,0.4,10,1060,68.67,42.30,4,13,3,0.0,1.00,1.00,1.00,3.45,3.90,4.10,34.2,2.000,0.700,4.10
227000,2866,13,65.2,0.0,12.7,0.0,19.9,0.0,1.00,1.2,5,1193,76.25,31.42,1,4,8,0.0,1.00,1.00,1.00,6.00,5.69,5.85,38.5,2.000,0.659,6.08
227000,2909,13,32.0,0.0,3.4,0.0,12.6,0.0,1.00,0.0,5,1444,144.49,100.80,0,13,0,0.0,1.00,1.00,1.00,4.00,4.00,4.00,38.9,2.000,0.354,4.00
227000,2860,13,32.5,0.0,5.5,0.0,10.8,0.0,1.00,0.0,5,1441,80.93,53.10,11,1,1,0.0,1.00,1.00,1.00,3.62,4.08,4.08,16.7,2.000,0.833,4.08
227000,2916,13,31.7,0.0,0.0,0.0,15.8,0.0,1.00,0.0,2,584,40.12,31.80,3,9,1,0.0,1.00,1.00,1.00,3.54,4.00,4.00,29.8,2.000,0.440,4.00
227000,2869,12,48.3,0.0,11.3,0.0,12.8,0.0,1.00,0.0,5,607,50.39,29.28,0,1,11,0.0,1.00,1.00,1.00,4.00,4.92,4.92,48.8,2.000,0.595,4.92
227000,2907,11,46.2,0.2,0.5,0.0,22.2,0.0,1.06,0.0,5,1699,135.15,82.30,1,0,10,0.0,1.09,1.00,1.07,3.91,4.82,4.82,50.4,2.000,0.592,4.82
227000,2919,10,32.0,0.0,3.0,0.0,13.0,0.0,1.00,0.0,3,1430,64.56,69.30,0,9,1,0.0,1.00,1.00,1.00,2.60,4.00,4.00,36.7,2.000,0.865,4.00
227000,2921,8,32.0,0.0,10.8,0.0,5.2,0.0,1.00,0.0,2,1504,88.49,65.12,0,0,8,0.0,1.00,1.00,1.00,4.00,4.00,4.00,44.6,2.000,0.764,4.00
227000,2918,7,28.0,0.0,3.6,0.0,10.4,0.0,1.00,1.4,6,1042,67.63,37.27,1,6,0,0.0,1.00,1.00,1.00,3.43,3.57,3.71,25.4,2.000,0.290,4.00
227000,2904,5,32.0,0.0,0.0,0.0,16.0,0.0,1.00,0.0,1,193,7.40,17.42,0,0,5,0.0,1.00,1.00,1.00,2.80,4.00,4.00,42.2,2.000,0.947,4.00
228000,2158,393,32.7,0.0,5.0,0.0,11.3,0.0,1.00,0.3,84,989,53.81,39.49,114,168,111,0.0,1.00,1.00,1.00,3.56,4.05,4.05,32.0,2.000,0.691,4.12
228000,2543,384,44.8,0.0,8.9,0.0,13.5,0.0,1.00,0.3,98,1059,63.18,34.26,156,121,107,0.0,1.00,1.00,1.00,3.96,4.69,4.71,28.6,2.000,0.621,4.79
228000,2799,150,32.2,0.0,0.6,0.0,15.5,0.0,1.00,0.2,23,1008,50.88,21.98,113,37,0,0.0,1.00,1.00,1.00,3.55,4.07,4.05,18.1,2.000,0.398,4.10
228000,2650,147,36.6,0.0,6.9,0.0,11.4,0.0,1.00,0.2,38,1186,59.50,40.49,63,54,30,0.0,1.00,1.00,1.00,3.64,4.32,4.29,29.2,2.000,0.630,4.34
228000,2670,80,30.2,0.1,6.0,0.0,9.0,0.0,1.01,0.6,31,1041,55.34,42.91,9,44,27,0.0,1.02,1.00,1.02,3.28,3.94,3.92,38.2,2.000,0.752,4.09
228000,1763,60,36.8,0.0,6.6,0.0,11.9,0.0,1.00,0.1,15,1108,60.35,34.02,24,28,8,0.0,1.00,1.00,1.00,3.57,4.28,4.28,28.9,2.000,0.867,4.32
228000,2837,49,34.4,0.0,7.3,0.0,9.8,0.0,1.00,0.1,15,1202,56.31,28.27,12,28,9,0.0,1.00,1.00,1.00,3.53,4.12,4.16,34.1,2.000,0.575,4.16
228000,2864,31,32.5,0.0,7.1,0.0,9.2,0.0,1.00,0.3,11,1136,50.46,42.05,7,19,5,0.0,1.00,1.00,1.00,3.26,3.94,4.10,30.5,2.000,0.788,4.10
228000,2930,30,45.7,0.0,14.9,0.1,7.9,0.0,1.00,0.8,15,520,36.38,29.87,2,7,21,0.0,1.00,1.00,1.00,3.77,4.67,4.87,41.3,2.000,0.710,4.97
228000,2621,25,31.7,0.0,5.4,0.0,10.4,0.0,1.00,0.0,9,1637,90.04,58.35,5,6,14,0.0,1.00,1.00,1.00,3.68,4.00,4.00,38.2,2.000,0.906,4.00
228000,2860,21,36.1,0.0,6.4,0.0,11.6,0.0,1.00,0.0,7,745,33.62,18.10,12,0,9,0.0,1.00,1.00,1.00,3.71,4.24,4.24,25.9,2.000,0.854,4.24
228000,2854,18,38.4,0.0,8.9,0.0,10.3,0.0,1.00,0.0,9,1072,55.56,35.53,4,1,13,0.0,1.00,1.00,1.00,3.78,4.39,4.39,39.9,2.000,0.661,4.39
228000,2869,17,45.4,0.0,10.6,0.0,12.1,0.0,1.00,0.6,6,835,70.37,36.33,0,0,17,0.0,1.00,1.00,1.00,3.76,4.82,4.88,48.2,2.000,0.633,5.00
228000,2916,17,30.6,0.0,0.0,0.0,15.3,0.0,1.00,0.1,3,842,59.62,48.32,3,13,1,0.0,1.00,1.00,1.00,3.29,4.00,3.94,31.2,2.000,0.435,4.00
228000,2931,14,30.3,0.0,8.9,0.0,6.2,0.0,1.00,0.4,6,656,24.30,19.19,0,8,6,0.0,1.00,1.00,1.00,3.07,3.79,4.00,41.5,2.000,0.917,4.00
228000,2909,13,32.0,0.0,4.4,0.0,11.6,0.0,1.00,0.0,6,1339,116.01,99.97,0,13,0,0.0,1.00,1.00,1.00,4.00,4.00,4.00,39.0,2.000,0.330,4.00
228000,2893,12,40.2,0.0,9.7,0.0,10.4,0.0,1.00,0.2,6,1526,65.78,55.62,5,5,2,0.0,1.00,1.00,1.00,3.33,4.50,4.58,28.7,2.000,0.101,4.58
228000,2866,11,67.8,0.0,11.3,0.0,22.6,0.0,1.00,0.0,5,1474,79.74,40.15,2,1,8,0.0,1.00,1.00,1.00,5.64,5.82,5.82,35.4,2.000,0.594,5.82
228000,2894,11,31.7,0.0,6.0,0.5,9.6,0.0,1.00,0.4,6,1327,81.02,61.69,3,7,1,0.0,1.00,1.00,1.00,3.64,3.91,4.09,30.4,2.000,0.621,4.09
228000,2921,10,32.0,0.0,10.9,0.0,5.1,0.0,1.00,0.0,2,1434,80.62,69.50,0,0,10,0.0,1.00,1.00,1.00,3.40,4.00,4.00,44.6,2.000,0.766,4.00
228000,2932,8,32.0,0.0,7.1,0.0,8.9,0.0,1.00,0.0,4,2056,83.12,46.75,0,2,6,0.0,1.00,1.00,1.00,3.00,4.00,4.00,44.6,2.000,0.937,4.00
228000,2878,7,34.0,0.0,1.1,0.0,15.9,0.0,1.00,0.0,3,1070,47.38,34.23,0,6,1,0.0,1.00,1.00,1.00,3.00,4.14,4.14,34.7,2.000,0.529,4.14
228000,2919,6,32.0,0.0,3.0,0.0,13.0,0.0,1.00,0.0,3,1400,64.66,67.50,0,5,1,0.0,1.00,1.00,1.00,3.00,4.00,4.00,37.4,2.000,0.886,4.00
229000,2158,602,35.4,0.0,6.4,0.0,11.3,0.0,1.00,0.2,123,1079,58.28,40.13,110,196,296,0.0,1.00,1.00,1.00,3.52,4.19,4.20,36.5,2.000,0.676,4.24
229000,2543,431,44.9,0.0,8.6,0.0,13.9,0.0,1.00,0.4,115,1038,60.19,33.95,159,124,148,0.0,1.00,1.00,1.00,3.97,4.71,4.70,30.6,2.000,0.648,4.80
229000,2799,161,31.0,0.0,0.3,0.0,15.2,0.0,1.00,0.3,21,934,47.26,24.47,106,55,0,0.0,1.00,1.00,1.00,3.35,3.97,3.93,21.2,2.000,0.371,4.02
229000,2650,109,34.4,0.0,7.5,0.0,9.7,0.0,1.00,1.0,35,1310,70.90,53.15,42,48,19,0.0,1.00,1.00,1.00,3.62,4.22,4.16,28.7,2.000,0.652,4.39
229000,2670,75,31.0,0.1,6.1,0.0,9.2,0.0,1.03,0.7,24,1137,67.32,44.79,5,40,30,0.0,1.05,1.00,1.03,3.28,3.96,3.89,39.6,2.000,0.749,4.09
229000,1763,51,35.0,0.0,7.4,0.0,10.1,0.0,1.00,0.2,15,1298,59.85,34.17,23,21,7,0.0,1.00,1.00,1.00,3.57,4.22,4.20,26.2,2.000,0.871,4.25
229000,2869,43,47.2,0.0,8.4,0.0,15.2,0.0,1.00,0.2,14,891,63.15,49.50,2,7,34,0.0,1.00,1.00,1.00,3.91,4.91,4.88,45.6,2.000,0.727,4.95
229000,2930,42,45.2,0.0,15.2,0.0,7.3,0.0,1.00,0.4,21,984,52.28,45.92,5,7,30,0.0,1.00,1.00,1.00,3.90,4.79,4.79,42.1,2.000,0.663,4.88
229000,2864,31,32.0,0.0,6.1,0.1,9.9,0.0,1.00,0.9,13,662,29.26,29.72,4,27,0,0.0,1.00,1.00,1.00,3.65,3.97,3.90,33.4,2.000,0.728,4.16
229000,2837,26,37.8,0.0,6.9,0.0,12.0,0.0,1.00,0.3,13,1128,51.61,43.01,9,12,5,0.0,1.00,1.00,1.00,3.77,4.27,4.42,30.0,2.000,0.588,4.42
229000,2860,23,36.0,0.0,7.3,0.0,10.7,0.0,1.00,1.1,14,926,47.94,20.73,16,2,5,0.0,1.00,1.00,1.00,3.48,4.22,4.35,23.6,2.000,0.850,4.57
229000,2916,19,25.3,0.0,0.0,0.0,12.6,0.0,1.00,1.6,8,1488,95.79,80.59,1,18,0,0.0,1.00,1.00,1.00,2.74,3.63,3.58,33.4,2.000,0.462,4.00
229000,2944,18,50.2,0.0,4.8,0.0,20.3,0.0,1.00,0.0,8,797,52.16,33.86,3,4,11,0.0,1.00,1.00,1.00,4.11,5.06,5.06,39.3,2.000,0.823,5.06
229000,2937,17,37.3,0.0,0.4,0.0,18.3,0.0,1.00,0.0,4,791,44.10,39.56,13,4,0,0.0,1.00,1.00,1.00,3.65,4.29,4.29,19.3,2.000,0.152,4.29
229000,2909,13,32.0,0.0,2.2,0.0,13.8,0.0,1.00,0.0,4,884,57.57,69.44,0,13,0,0.0,1.00,1.00,1.00,3.85,4.00,4.00,39.2,2.000,0.345,4.00
229000,2894,13,39.3,0.0,3.5,7.2,12.6,0.0,1.00,0.2,9,556,32.43,21.72,0,12,1,0.0,1.00,1.00,1.00,3.92,4.69,4.62,38.3,2.000,0.585,4.69
229000,2621,11,30.7,0.0,1.1,0.0,14.3,0.0,1.00,0.0,5,486,25.82,14.14,10,1,0,0.0,1.00,1.00,1.00,3.09,4.00,4.00,17.2,2.000,0.924,4.00
229000,2866,10,62.6,0.0,8.5,0.0,22.8,0.0,1.00,2.2,6,1007,98.13,31.74,0,0,10,0.0,1.00,1.00,1.00,6.20,5.40,5.90,42.5,2.000,0.554,6.20
229000,2921,9,31.3,0.0,9.8,0.0,5.9,0.0,1.00,0.0,3,1631,85.84,49.58,0,0,9,0.0,1.00,1.00,1.00,3.78,4.00,4.00,45.1,2.000,0.773,4.00
229000,2945,8,32.0,0.0,3.5,0.0,12.5,0.0,1.00,0.0,2,1747,74.51,33.36,5,3,0,0.0,1.00,1.00,1.00,3.12,4.00,4.00,24.4,2.000,0.233,4.00
229000,2854,8,31.2,0.0,6.4,0.0,9.2,0.0,1.00,2.2,7,1258,66.02,36.54,1,0,7,0.0,1.00,1.00,1.00,3.00,4.00,3.62,42.1,2.000,0.711,4.38
229000,2948,6,61.0,0.0,0.0,0.0,30.5,0.0,1.00,0.0,2,1377,74.48,15.69,4,0,2,0.0,1.00,1.00,1.00,4.67,5.50,5.50,27.6,2.000,0.429,5.50
230000,2158,553,35.2,0.0,6.0,0.0,11.6,0.0,1.00,0.3,129,1021,50.88,36.81,130,181,242,0.0,1.00,1.00,1.00,3.46,4.17,4.21,35.7,2.000,0.659,4.26
230000,2543,427,44.5,0.0,8.6,0.0,13.7,0.0,1.00,0.7,137,1008,58.98,37.00,168,140,119,0.0,1.00,1.00,1.00,4.05,4.66,4.67,29.9,2.000,0.644,4.83
230000,2799,178,32.0,0.0,0.3,0.0,15.7,0.0,1.00,0.3,29,867,45.20,24.74,119,59,0,0.0,1.00,1.00,1.00,3.39,4.01,3.99,19.8,2.000,0.387,4.07
230000,2650,75,36.0,0.0,7.7,0.0,10.3,0.0,1.00,0.2,29,1228,58.71,46.95,22,34,19,0.0,1.00,1.00,1.00,3.63,4.33,4.27,32.3,2.000,0.651,4.35
230000,2670,71,31.4,0.1,6.7,0.0,8.7,0.0,1.03,0.1,25,1307,69.13,51.17,15,32,24,0.0,1.06,1.00,1.03,3.55,4.01,3.97,35.8,2.000,0.764,4.01
230000,2869,40,45.2,0.0,8.1,0.0,14.5,0.0,1.00,0.9,15,1207,76.81,61.64,2,6,32,0.0,1.00,1.00,1.00,3.55,4.72,4.75,43.9,2.000,0.731,4.95
230000,2930,39,47.8,0.0,15.5,0.1,8.4,0.0,1.00,0.0,15,1114,56.33,42.17,7,9,23,0.0,1.00,1.00,1.00,4.08,4.87,4.87,40.3,2.000,0.666,4.87
230000,2864,37,29.2,0.0,5.5,0.0,9.1,0.0,1.00,0.8,14,578,26.44,35.86,0,27,10,0.0,1.00,1.00,1.00,3.24,3.92,3.73,36.9,2.000,0.733,4.03
230000,1763,32,33.8,0.0,6.8,0.0,10.1,0.0,1.00,0.7,10,1105,55.96,33.33,10,15,7,0.0,1.00,1.00,1.00,3.41,4.09,4.06,29.8,2.000,0.871,4.25
230000,2837,31,35.4,0.0,7.6,0.0,10.1,0.0,1.00,0.1,16,983,46.38,39.98,10,13,8,0.0,1.00,1.00,1.00,3.58,4.23,4.19,32.2,2.000,0.564,4.23
230000,2916,24,34.6,0.0,0.2,0.0,17.1,0.0,1.00,0.2,4,650,45.62,37.33,4,20,0,0.0,1.00,1.00,1.00,3.46,4.08,4.21,28.7,2.000,0.490,4.21
230000,2937,20,33.0,0.0,1.8,0.4,14.5,0.0,1.00,0.6,8,1066,54.00,52.15,16,4,0,0.0,1.00,1.00,1.00,3.65,4.00,4.10,19.8,2.000,0.170,4.20
230000,2944,19,48.9,0.0,4.6,0.0,19.9,0.0,1.00,0.2,11,1145,83.76,48.38,3,3,13,0.0,1.00,1.00,1.00,4.11,4.95,5.05,40.8,2.000,0.855,5.05
230000,2958,18,74.8,0.0,20.7,0.0,16.7,0.0,1.00,0.1,8,1014,74.58,34.33,7,9,2,0.0,1.00,1.00,1.00,5.17,6.06,6.11,27.0,2.000,0.182,6.11
230000,2860,14,37.3,0.0,6.9,0.0,11.8,0.0,1.00,0.0,5,1241,60.97,32.89,7,4,3,0.0,1.00,1.00,1.00,3.43,4.36,4.36,26.0,2.000,0.823,4.36
230000,2956,9,45.9,0.0,12.2,0.1,10.7,0.0,1.00,1.6,6,1087,75.30,59.18,4,4,1,0.0,1.00,1.00,1.00,3.67,4.67,4.56,26.6,2.000,0.237,5.00
230000,2945,8,30.0,0.0,2.5,0.0,12.5,0.0,1.00,0.5,4,1587,73.52,30.04,6,2,0,0.0,1.00,1.00,1.00,3.50,4.00,3.75,18.1,2.000,0.188,4.00
230000,2955,7,49.7,0.0,11.6,0.0,13.3,0.0,1.00,0.0,6,1674,92.01,50.25,1,2,4,0.0,1.00,1.00,1.00,4.00,5.00,5.00,41.4,2.000,0.253,5.00
230000,2909,6,31.5,0.0,1.2,0.5,14.3,0.0,1.00,0.0,2,874,58.10,70.79,0,3,3,0.0,1.00,1.00,1.00,4.00,4.00,4.00,41.2,2.000,0.388,4.00
230000,2921,6,31.0,0.0,9.3,0.0,6.2,0.0,1.00,0.0,2,2092,117.80,54.21,0,0,6,0.0,1.00,1.00,1.00,4.00,4.00,4.00,44.1,2.000,0.778,4.00
230000,2957,6,50.0,0.0,0.0,0.0,25.0,0.0,1.00,0.0,1,1090,104.77,65.74,0,4,2,0.0,1.00,1.00,1.00,4.00,5.00,5.00,39.0,2.000,0.760,5.00
230000,2894,5,30.8,0.0,4.4,0.0,11.0,0.0,1.00,0.0,3,1467,99.97,89.61,0,5,0,0.0,1.00,1.00,1.00,3.60,4.00,4.00,38.3,2.000,0.636,4.00
230000,2932,5,32.4,0.0,1.4,0.0,14.8,0.0,1.00,3.2,5,462,26.64,15.74,0,1,4,0.0,1.00,1.00,1.00,3.00,4.00,4.00,47.8,2.000,0.466,4.80
231000,2158,500,35.6,0.0,6.9,0.0,11.0,0.0,1.00,0.2,113,1005,48.47,40.54,144,171,185,0.0,1.00,1.00,1.00,3.58,4.21,4.22,32.9,2.000,0.641,4.26
231000,2543,362,48.6,0.0,8.9,0.0,15.4,0.0,1.00,0.7,104,1085,63.68,39.02,134,119,109,0.0,1.00,1.00,1.00,4.17,4.86,4.92,30.9,2.000,0.642,5.03
231000,2799,187,30.6,0.0,0.4,0.0,14.9,0.0,1.00,0.4,28,836,45.04,28.83,142,45,0,0.0,1.00,1.00,1.00,3.42,3.96,3.91,19.3,2.000,0.364,4.03
231000,2973,72,32.1,0.0,5.0,0.0,11.1,0.0,1.00,0.1,17,774,38.41,32.80,23,38,11,0.0,1.00,1.00,1.00,3.44,4.01,4.01,27.8,2.000,0.848,4.03
231000,2670,57,29.4,0.2,5.9,0.0,8.4,0.0,1.05,0.6,23,1076,53.68,36.11,8,27,22,0.0,1.10,1.00,1.05,3.16,3.84,3.88,37.6,2.000,0.750,4.00
231000,2937,36,32.5,0.0,1.8,0.2,14.3,0.0,1.00,0.2,12,897,44.67,37.00,22,14,0,0.0,1.00,1.00,1.00,3.22,4.08,4.06,21.6,2.000,0.134,4.11
231000,2864,24,31.5,0.0,7.2,0.0,8.6,0.0,1.00,0.3,9,1064,46.97,67.81,0,22,2,0.0,1.00,1.00,1.00,3.58,4.04,3.96,35.4,2.000,0.740,4.08
231000,2930,23,45.1,0.0,14.8,0.0,7.7,0.0,1.00,0.3,12,1525,68.71,62.52,5,10,8,0.0,1.00,1.00,1.00,3.74,4.83,4.70,33.0,2.000,0.682,4.83
231000,1763,22,36.9,0.0,9.2,0.0,9.2,0.0,1.00,0.1,8,1210,56.73,31.84,12,7,3,0.0,1.00,1.00,1.00,3.45,4.32,4.36,23.3,2.000,0.875,4.36
231000,2869,22,44.3,0.0,6.9,0.0,15.3,0.0,1.00,0.0,9,1288,78.85,67.24,0,10,12,0.0,1.00,1.00,1.00,3.86,4.68,4.68,44.8,2.000,0.814,4.68
231000,2837,20,32.7,0.0,7.9,0.0,8.4,0.0,1.00,0.6,10,1205,76.24,43.57,4,13,3,0.0,1.00,1.00,1.00,3.15,4.10,4.10,34.5,2.000,0.533,4.25
231000,2958,18,79.0,0.0,21.8,0.0,17.7,0.0,1.00,0.2,10,1113,70.88,34.68,5,12,1,0.0,1.00,1.00,1.00,5.50,6.28,6.39,27.0,2.000,0.201,6.39
231000,2650,16,37.6,0.0,10.2,0.0,8.6,0.0,1.00,0.0,2,926,40.67,29.58,10,4,2,0.0,1.00,1.00,1.00,3.88,4.31,4.31,24.9,2.000,0.672,4.31
231000,2956,16,51.3,0.0,13.6,0.1,12.1,0.0,1.00,0.0,7,610,40.22,24.50,7,6,3,0.0,1.00,1.00,1.00,4.12,5.06,5.06,28.4,2.000,0.220,5.06
231000,2977,12,32.0,0.0,0.0,0.0,16.0,0.0,1.00,0.0,1,855,56.74,77.81,0,1,11,0.0,1.00,1.00,1.00,3.83,4.00,4.00,40.8,2.000,0.180,4.00
231000,2860,11,33.6,0.0,5.9,0.0,10.9,0.0,1.00,0.5,7,972,43.17,24.45,11,0,0,0.0,1.00,1.00,1.00,3.64,4.27,4.18,20.4,2.000,0.813,4.36
231000,2944,8,45.8,0.0,5.9,0.0,17.0,0.0,1.00,1.0,5,2321,141.35,82.95,0,4,4,0.0,1.00,1.00,1.00,4.25,4.75,5.00,40.0,2.000,0.822,5.12
231000,2909,7,32.0,0.0,0.0,0.0,16.0,0.0,1.00,0.0,1,1003,60.33,54.13,0,2,5,0.0,1.00,1.00,1.00,2.43,4.00,4.00,44.4,2.000,0.397,4.00
231000,2866,5,72.0,0.0,21.0,0.0,15.0,0.0,1.00,0.0,1,785,47.74,25.92,0,0,5,0.0,1.00,1.00,1.00,4.80,6.00,6.00,43.6,2.000,0.702,6.00
232000,2158,367,34.7,0.0,6.8,0.0,10.6,0.0,1.00,0.2,91,1178,51.95,40.38,136,114,117,0.0,1.00,1.00,1.00,3.52,4.14,4.15,31.0,2.000,0.629,4.20
232000,2543,274,46.9,0.0,9.4,0.0,14.1,0.0,1.00,0.4,74,1134,59.38,37.42,126,74,74,0.0,1.00,1.00,1.00,4.16,4.84,4.88,27.9,2.000,0.623,4.92
232000,2799,149,31.7,0.0,0.5,0.0,15.4,0.0,1.00,0.4,31,968,49.97,29.00,116,30,3,0.0,1.00,1.00,1.00,3.52,3.98,4.00,17.9,2.000,0.371,4.08
232000,2973,62,31.0,0.0,5.4,0.0,10.1,0.0,1.00,0.2,16,1147,49.91,41.40,30,17,15,0.0,1.00,1.00,1.00,3.10,3.95,3.97,26.9,2.000,0.840,4.00
232000,2670,43,31.2,0.2,6.5,0.0,8.6,0.0,1.10,0.8,18,1269,54.39,32.47,6,21,16,0.0,1.15,1.05,1.10,3.33,3.93,3.91,34.4,2.000,0.776,4.12
232000,2937,33,28.2,0.0,2.6,0.4,11.3,0.0,1.00,1.6,23,944,49.78,33.20,19,12,2,0.0,1.00,1.00,1.00,2.88,3.82,3.70,23.3,2.000,0.126,4.15
232000,2930,23,49.0,0.0,14.9,0.0,9.6,0.0,1.00,0.0,11,1124,51.66,33.03,6,7,10,0.0,1.00,1.00,1.00,4.00,4.96,4.96,35.4,2.000,0.698,4.96
232000,2650,21,36.3,0.0,9.5,0.0,8.7,0.0,1.00,0.2,6,1020,47.56,33.56,9,9,3,0.0,1.00,1.00,1.00,3.71,4.29,4.29,27.2,2.000,0.669,4.33
232000,2837,19,32.9,0.0,8.3,0.0,8.2,0.0,1.00,0.0,4,1125,70.58,39.62,6,8,5,0.0,1.00,1.00,1.00,3.16,4.05,4.05,31.4,2.000,0.572,4.05
232000,2956,16,50.1,0.0,13.1,0.1,11.9,0.0,1.00,0.1,7,908,65.75,31.83,13,1,2,0.0,1.00,1.00,1.00,4.19,5.12,5.06,20.3,2.000,0.202,5.12
232000,2977,16,32.0,0.0,0.0,0.0,16.0,0.0,1.00,0.0,1,574,27.80,44.37,0,5,11,0.0,1.00,1.00,1.00,3.62,4.00,4.00,40.1,2.000,0.140,4.00
232000,1763,15,39.6,0.0,9.1,0.0,10.7,0.0,1.00,0.0,5,1422,62.79,32.86,8,5,2,0.0,1.00,1.00,1.00,3.67,4.47,4.47,25.2,2.000,0.877,4.47
232000,2989,15,31.1,0.0,0.0,0.0,15.5,0.0,1.00,0.4,5,1284,64.88,48.28,7,5,3,0.0,1.00,1.00,1.00,3.00,4.07,3.87,25.7,2.000,0.871,4.07
232000,2958,14,78.4,0.0,24.1,0.0,15.1,0.0,1.00,0.0,6,1497,94.71,44.34,4,7,3,0.0,1.00,1.00,1.00,5.93,6.21,6.21,31.3,2.000,0.195,6.21
232000,2864,14,34.4,0.0,8.1,0.0,9.1,0.0,1.00,0.0,4,1157,48.05,53.39,0,14,0,0.0,1.00,1.00,1.00,3.57,4.14,4.14,35.4,2.000,0.751,4.14
232000,2869,13,40.2,0.0,6.5,0.0,13.5,0.0,1.00,2.8,8,1200,65.62,55.65,0,9,4,0.0,1.00,1.00,1.00,3.69,4.31,4.31,37.6,2.000,0.786,5.00
232000,2945,7,31.7,0.0,1.6,0.0,14.3,0.0,1.00,0.0,3,215,12.82,9.58,7,0,0,0.0,1.00,1.00,1.00,4.00,4.00,4.00,20.5,2.000,0.237,4.00
233000,2158,240,34.7,0.0,6.5,0.0,10.9,0.0,1.00,0.1,54,1345,54.17,41.30,107,58,75,0.0,1.00,1.00,1.00,3.60,4.15,4.16,28.4,2.000,0.614,4.18
233000,2543,207,47.4,0.0,9.9,0.0,13.8,0.0,1.00,0.3,66,1203,61.16,33.98,117,50,40,0.0,1.00,1.00,1.00,4.07,4.81,4.83,24.4,2.000,0.622,4.89
233000,2799,101,31.1,0.0,1.6,0.0,14.0,0.0,1.00,0.1,24,769,40.99,24.45,78,23,0,0.0,1.00,1.00,1.00,3.52,3.98,4.01,18.0,2.000,0.323,4.03
233000,2973,73,31.3,0.0,5.9,0.0,9.7,0.0,1.00,0.2,14,1066,42.31,29.17,36,22,15,0.0,1.00,1.00,1.00,3.27,3.93,3.99,26.1,2.000,0.846,4.00
233000,2999,32,30.3,0.0,5.7,0.1,9.4,0.0,1.00,0.3,13,948,39.10,30.30,26,5,1,0.0,1.00,1.00,1.00,3.38,3.88,3.97,18.0,2.000,0.767,4.00
233000,2837,27,30.6,0.0,7.7,0.0,7.6,0.0,1.00,0.7,9,946,36.10,25.82,12,10,5,0.0,1.00,1.00,1.00,3.52,3.89,3.93,29.7,2.000,0.573,4.07
233000,2670,26,33.3,0.2,7.3,0.0,9.0,0.0,1.05,0.1,7,1628,61.65,33.22,9,7,10,0.0,1.10,1.00,1.05,3.62,4.08,4.04,32.3,2.000,0.775,4.08
233000,2650,19,36.6,0.0,9.8,0.0,8.5,0.0,1.00,0.9,8,1329,59.94,45.49,9,7,3,0.0,1.00,1.00,1.00,3.47,4.21,4.47,26.4,2.000,0.671,4.58
233000,2930,19,42.3,0.0,11.7,0.0,9.5,0.0,1.00,1.1,9,974,43.55,24.95,9,6,4,0.0,1.00,1.00,1.00,3.53,4.53,4.53,23.2,2.000,0.766,4.79
233000,2956,14,50.0,0.0,11.6,0.0,13.4,0.0,1.00,0.3,5,924,82.30,43.56,14,0,0,0.0,1.00,1.00,1.00,4.14,5.00,5.00,12.2,2.000,0.207,5.07
233000,1763,9,38.0,0.0,9.4,0.0,9.6,0.0,1.00,0.2,5,1336,69.32,33.20,7,1,1,0.0,1.00,1.00,1.00,2.89,4.33,4.44,18.9,2.000,0.880,4.44
233000,2937,8,32.0,0.0,2.8,0.0,13.2,0.0,1.00,0.0,6,1757,76.03,35.05,5,2,1,0.0,1.00,1.00,1.00,2.50,4.00,4.00,23.3,2.000,0.135,4.00
233000,2864,7,32.0,0.0,7.9,0.0,8.1,0.0,1.00,0.0,2,1956,73.58,77.24,0,4,3,0.0,1.00,1.00,1.00,3.00,4.00,4.00,42.0,2.000,0.728,4.00
233000,2945,6,32.0,0.0,5.3,0.0,10.7,0.0,1.00,0.0,2,643,36.95,12.94,6,0,0,0.0,1.00,1.00,1.00,3.67,4.00,4.00,15.3,2.000,0.249,4.00
233000,2869,5,50.0,0.0,9.8,0.0,15.2,0.0,1.00,0.0,3,1995,87.82,41.79,0,3,2,0.0,1.00,1.00,1.00,4.00,5.00,5.00,38.2,2.000,0.833,5.00
233000,2989,5,26.4,0.0,0.0,0.0,13.2,0.0,1.00,2.0,2,1660,63.88,36.30,2,1,2,0.0,1.00,1.00,1.00,2.80,3.40,3.60,32.7,2.000,0.875,4.00
234000,2543,148,46.9,0.0,8.5,0.0,14.9,0.0,1.00,0.6,56,965,50.25,30.77,117,21,10,0.0,1.00,1.00,1.00,4.09,4.82,4.84,18.3,2.000,0.657,4.98
234000,2158,146,34.8,0.0,7.0,0.0,10.4,0.0,1.00,0.2,43,1299,54.61,35.97,88,33,25,0.0,1.00,1.00,1.00,3.38,4.17,4.16,23.3,2.000,0.614,4.23
234000,2799,72,32.0,0.0,2.4,0.0,13.6,0.0,1.00,0.1,14,873,42.74,23.27,56,13,3,0.0,1.00,1.00,1.00,3.64,3.99,4.01,19.5,2.000,0.318,4.01
234000,2973,59,30.6,0.0,5.4,0.0,9.8,0.0,1.00,0.1,16,1102,42.02,27.86,44,9,6,0.0,1.00,1.00,1.00,3.39,3.98,3.95,19.5,2.000,0.845,4.00
234000,2837,24,35.2,0.0,8.3,0.0,9.2,0.0,1.00,0.0,7,993,34.90,25.22,16,4,4,0.0,1.00,1.00,1.00,4.00,4.17,4.17,23.7,2.000,0.546,4.17
234000,2670,20,31.2,0.2,7.3,0.0,8.0,0.0,1.04,0.2,5,1331,47.41,25.63,13,4,3,0.0,1.08,1.00,1.04,3.45,3.90,4.00,21.2,2.000,0.757,4.00
234000,2999,15,31.7,0.0,6.5,0.3,9.3,0.0,1.00,0.0,7,601,21.52,16.83,11,4,0,0.0,1.00,1.00,1.00,4.00,4.00,4.00,17.1,2.000,0.739,4.00
234000,3016,13,29.8,0.0,0.4,0.0,14.5,0.0,1.00,0.5,3,940,47.51,21.65,9,4,0,0.0,1.00,1.00,1.00,3.23,3.85,3.92,21.1,2.000,0.387,4.00
234000,3010,12,41.8,0.0,9.3,0.0,11.6,0.0,1.00,0.5,5,622,37.34,36.41,9,3,0,0.0,1.00,1.00,1.00,3.67,4.50,4.75,18.2,2.000,0.488,4.75
234000,2930,9,44.2,0.0,14.0,0.0,8.1,0.0,1.00,0.4,6,1547,73.49,39.19,7,1,1,0.0,1.00,1.00,1.00,3.67,4.78,4.56,15.6,2.000,0.760,4.78
234000,2956,9,67.1,0.0,8.1,0.0,25.4,0.0,1.00,1.1,5,847,54.73,28.27,9,0,0,0.0,1.00,1.00,1.00,5.00,6.11,5.56,14.8,2.000,0.192,6.11
234000,2937,5,32.0,0.0,10.4,0.0,5.6,0.0,1.00,0.0,3,725,29.17,16.49,4,1,0,0.0,1.00,1.00,1.00,4.00,4.00,4.00,12.5,2.000,0.202,4.00
235000,2158,86,33.1,0.0,6.4,0.0,10.1,0.0,1.00,0.3,30,1003,46.68,31.22,71,13,2,0.0,1.00,1.00,1.00,3.34,4.08,4.05,16.5,2.000,0.641,4.15
235000,2543,73,50.2,0.0,9.8,0.0,15.2,0.0,1.00,0.4,23,1170,69.09,40.40,59,11,3,0.0,1.00,1.00,1.00,4.34,4.97,4.96,15.8,2.000,0.637,5.05
235000,2799,54,30.0,0.0,2.2,0.0,12.8,0.0,1.00,0.5,14,1246,59.25,25.03,43,8,3,0.0,1.00,1.00,1.00,3.37,3.87,3.87,16.9,2.000,0.345,4.00
235000,2973,46,31.0,0.0,5.5,0.0,9.9,0.0,1.00,0.2,13,1106,53.20,27.56,36,9,1,0.0,1.00,1.00,1.00,3.48,3.96,3.93,17.7,2.000,0.843,4.00
235000,3010,32,46.4,0.0,8.9,0.0,14.3,0.0,1.00,0.4,13,641,46.96,27.08,31,0,1,0.0,1.00,1.00,1.00,3.78,4.84,4.75,12.2,2.000,0.468,4.91
235000,2945,14,32.0,0.0,6.4,0.0,9.6,0.0,1.00,0.0,3,608,25.10,9.32,11,3,0,0.0,1.00,1.00,1.00,3.29,4.00,4.00,17.6,2.000,0.223,4.00
235000,3025,13,50.0,0.0,8.4,0.0,16.6,0.0,1.00,0.0,5,1659,92.21,37.07,11,2,0,0.0,1.00,1.00,1.00,4.00,5.00,5.00,17.2,2.000,0.353,5.00
235000,2999,11,31.9,0.0,8.3,0.1,7.6,0.0,1.00,0.0,4,796,41.38,24.46,11,0,0,0.0,1.00,1.00,1.00,3.55,4.00,4.00,13.6,2.000,0.818,4.00
235000,3027,10,29.0,0.0,2.9,0.0,11.6,0.0,1.00,0.4,5,1219,56.10,41.71,8,2,0,0.0,1.00,1.00,1.00,3.70,3.80,4.00,19.2,2.000,0.565,4.00
235000,3016,9,30.9,0.0,1.1,0.0,14.3,0.0,1.00,0.2,4,1308,53.91,31.98,7,2,0,0.0,1.00,1.00,1.00,3.44,4.00,3.89,19.5,2.000,0.454,4.00
235000,2670,6,32.0,0.0,8.0,0.0,8.0,0.0,1.00,0.0,1,1248,42.62,40.33,6,0,0,0.0,1.00,1.00,1.00,3.33,4.00,4.00,9.0,2.000,0.734,4.00
236000,2158,78,35.1,0.0,7.4,0.0,10.2,0.0,1.00,0.1,22,1004,54.34,24.94,71,5,2,0.0,1.00,1.00,1.00,3.42,4.17,4.21,17.1,2.000,0.644,4.21
236000,2543,66,44.6,0.0,6.2,0.0,16.1,0.0,1.00,0.3,25,1150,65.40,28.35,52,12,2,0.0,1.00,1.00,1.00,3.89,4.77,4.71,18.4,2.000,0.806,4.82
236000,2973,47,30.5,0.0,4.4,0.0,10.8,0.0,1.00,0.2,16,1328,64.55,22.80,33,11,3,0.0,1.00,1.00,1.00,3.47,3.98,3.96,19.4,2.000,0.850,4.02
236000,2799,43,31.2,0.0,3.0,0.0,12.6,0.0,1.00,0.3,10,1324,62.04,26.31,34,7,2,0.0,1.00,1.00,1.00,3.49,3.93,3.93,16.9,2.000,0.372,4.00
236000,3010,35,43.5,0.0,7.1,0.0,14.7,0.0,1.00,0.3,12,917,59.47,17.43,27,4,4,0.0,1.00,1.00,1.00,3.89,4.63,4.60,19.8,2.000,0.463,4.69
236000,3025,21,46.2,0.0,9.0,0.0,14.0,0.0,1.00,0.6,9,960,56.68,18.38,17,4,0,0.0,1.00,1.00,1.00,3.81,4.81,4.71,15.1,2.000,0.347,4.90
236000,2670,20,32.1,0.1,7.1,0.0,8.8,0.1,1.04,0.0,8,683,32.24,14.19,17,1,2,0.1,1.04,1.00,1.05,3.00,4.05,4.05,14.2,2.000,0.727,4.05
236000,3016,14,31.1,0.0,1.0,0.0,14.6,0.0,1.00,0.1,4,564,26.66,6.83,14,0,0,0.0,1.00,1.00,1.00,3.86,3.93,4.00,18.5,2.000,0.508,4.00
236000,2999,7,32.0,0.0,8.0,0.0,8.0,0.0,1.00,0.0,1,1242,64.07,31.00,6,1,0,0.0,1.00,1.00,1.00,3.43,4.00,4.00,19.2,2.000,0.812,4.00
236000,2945,5,30.4,0.0,5.0,0.0,10.2,0.0,1.00,0.0,2,1282,65.32,13.58,5,0,0,0.0,1.00,1.00,1.00,3.40,4.00,4.00,16.1,2.000,0.207,4.00
237000,2158,119,33.2,0.0,6.9,0.0,9.7,0.0,1.00,0.2,34,1032,51.54,19.23,71,27,21,0.0,1.00,1.00,1.00,3.32,4.04,4.09,22.5,2.000,0.625,4.12
237000,3010,76,41.4,0.0,7.3,0.0,13.4,0.0,1.00,0.5,26,915,53.85,16.09,50,11,15,0.0,1.00,1.00,1.00,3.62,4.54,4.58,22.7,2.000,0.467,4.66
237000,2543,71,43.5,0.0,7.6,0.0,14.1,0.0,1.00,0.1,18,829,48.04,14.45,45,17,9,0.0,1.00,1.00,1.00,3.79,4.69,4.63,22.8,2.000,0.849,4.69
237000,3025,66,45.5,0.0,4.7,0.0,18.1,0.0,1.00,0.2,13,621,40.93,15.39,44,16,6,0.0,1.00,1.00,1.00,3.89,4.76,4.76,21.5,2.000,0.387,4.80
237000,2973,56,31.0,0.0,4.2,0.0,11.3,0.0,1.00,0.1,16,1112,54.58,14.44,29,21,6,0.0,1.00,1.00,1.00,3.59,3.98,3.98,25.4,2.000,0.842,4.00
237000,2670,32,32.0,0.0,7.8,0.0,8.2,0.0,1.00,0.1,7,1053,53.30,16.31,21,9,2,0.0,1.00,1.00,1.00,3.34,4.06,4.00,20.1,2.000,0.726,4.06
237000,3004,24,32.0,0.0,8.3,0.0,7.7,0.0,1.00,0.0,4,1068,52.36,14.15,14,3,7,0.0,1.00,1.00,1.00,3.62,4.00,4.00,27.6,2.000,0.579,4.00
237000,2799,21,36.7,0.0,4.6,0.0,13.7,0.0,1.00,0.2,8,1018,50.68,12.22,16,1,4,0.0,1.00,1.00,1.00,3.48,4.24,4.33,18.9,2.000,0.392,4.33
237000,2945,12,28.7,0.0,4.8,0.0,9.5,0.0,1.00,0.8,4,1007,54.67,7.95,9,2,1,0.0,1.00,1.00,1.00,3.67,3.92,3.67,18.1,2.000,0.218,4.00
237000,3016,10,32.0,0.0,0.2,0.0,15.8,0.0,1.00,0.0,2,1120,55.49,12.19,4,3,3,0.0,1.00,1.00,1.00,3.40,4.00,4.00,30.3,2.000,0.554,4.00
237000,2999,9,32.0,0.0,6.1,0.0,9.9,0.0,1.00,0.0,5,666,29.80,6.11,6,2,1,0.0,1.00,1.00,1.00,3.33,4.00,4.00,24.8,2.000,0.752,4.00
237000,3027,6,30.0,0.0,3.3,0.0,11.7,0.0,1.00,0.0,2,1178,59.45,29.00,6,0,0,0.0,1.00,1.00,1.00,3.83,4.00,4.00,9.5,2.000,0.556,4.00
237000,2956,5,48.0,0.0,12.4,0.0,11.6,0.0,1.00,0.4,3,1524,79.24,76.12,4,1,0,0.0,1.00,1.00,1.00,4.00,5.00,4.80,12.5,2.000,0.305,5.00
238000,2543,119,41.0,0.0,5.6,0.0,14.9,0.0,1.00,0.6,41,937,60.49,21.40,79,29,11,0.0,1.00,1.00,1.00,3.76,4.45,4.54,21.7,2.000,0.837,4.66
238000,3010,111,41.6,0.0,6.3,0.0,14.5,0.0,1.00,0.2,30,1020,62.13,17.80,56,38,17,0.0,1.00,1.00,1.00,3.80,4.54,4.52,25.3,2.000,0.455,4.59
238000,2973,95,30.9,0.0,3.4,0.0,12.0,0.0,1.00,0.4,22,955,50.50,12.32,36,32,27,0.0,1.00,1.00,1.00,3.43,3.94,3.91,31.2,2.000,0.835,4.01
238000,2158,92,31.8,0.0,6.3,0.0,9.6,0.0,1.00,0.2,30,1104,53.80,17.71,44,33,15,0.0,1.00,1.00,1.00,3.28,4.03,3.95,26.4,2.000,0.610,4.04
238000,3025,82,46.6,0.0,5.5,0.0,17.7,0.0,1.00,0.2,15,1054,68.94,24.63,39,24,19,0.0,1.00,1.00,1.00,3.85,4.80,4.82,26.5,2.000,0.365,4.85
238000,2670,64,32.8,0.0,6.0,0.1,10.3,0.0,1.00,0.0,20,930,49.64,15.00,41,16,7,0.0,1.00,1.00,1.00,3.58,4.08,4.08,23.1,2.000,0.743,4.08
238000,3004,31,33.0,0.0,8.3,0.0,8.2,0.0,1.00,0.2,9,1184,57.05,14.04,13,8,10,0.0,1.00,1.00,1.00,3.29,4.10,4.00,28.6,2.000,0.579,4.10
238000,3049,28,37.1,0.0,8.9,0.0,9.6,0.0,1.00,1.0,11,837,41.40,16.62,10,2,16,0.0,1.00,1.00,1.00,3.64,4.18,4.25,34.4,2.000,0.786,4.46
238000,2999,22,30.7,0.0,6.0,0.0,9.3,0.0,1.00,0.5,8,825,42.58,15.33,13,2,7,0.0,1.00,1.00,1.00,3.18,3.91,3.86,23.1,2.000,0.749,4.00
238000,2799,17,34.2,0.0,5.9,0.0,11.2,0.0,1.00,0.1,8,1615,89.69,13.74,8,5,4,0.0,1.00,1.00,1.00,3.29,4.12,4.18,28.2,2.000,0.379,4.18
238000,3051,13,31.7,0.0,0.0,0.0,15.8,0.0,1.00,0.0,2,694,37.99,4.61,2,1,10,0.0,1.00,1.00,1.00,3.77,4.00,4.00,37.1,2.000,0.490,4.00
238000,3016,13,30.3,0.0,0.8,0.0,14.4,0.0,1.00,0.5,5,1422,70.15,10.44,2,5,6,0.0,1.00,1.00,1.00,2.46,3.85,3.92,35.8,2.000,0.539,4.00
238000,2945,13,32.0,0.0,5.9,0.0,10.1,0.0,1.00,0.0,2,394,25.25,9.13,12,1,0,0.0,1.00,1.00,1.00,3.08,4.00,4.00,8.2,2.000,0.138,4.00
238000,3027,9,34.0,0.0,4.8,0.0,12.2,0.0,1.00,0.0,3,973,47.51,15.47,8,1,0,0.0,1.00,1.00,1.00,3.11,4.11,4.11,17.0,2.000,0.566,4.11
238000,2930,7,50.0,0.0,15.4,0.0,9.6,0.0,1.00,0.0,4,494,28.35,7.90,0,0,7,0.0,1.00,1.00,1.00,4.00,5.00,5.00,45.3,2.000,0.735,5.00
239000,3010,193,39.3,0.0,6.1,0.0,13.6,0.0,1.00,0.2,59,880,51.82,17.21,88,55,50,0.0,1.00,1.00,1.00,3.54,4.44,4.39,27.8,2.000,0.459,4.48
239000,2973,160,31.3,0.0,3.5,0.0,12.1,0.0,1.00,0.2,33,983,52.44,16.14,43,60,57,0.0,1.00,1.00,1.00,3.47,3.96,3.98,33.1,2.000,0.837,4.01
239000,2543,150,42.6,0.0,6.1,0.0,15.2,0.0,1.00,0.3,40,1021,66.28,26.69,93,41,16,0.0,1.00,1.00,1.00,3.72,4.60,4.60,23.8,2.000,0.826,4.69
239000,3025,126,44.3,0.0,4.5,0.0,17.7,0.0,1.00,0.4,34,1066,69.05,24.18,41,49,36,0.0,1.00,1.00,1.00,3.66,4.72,4.68,30.1,2.000,0.393,4.80
239000,2158,94,32.8,0.0,5.9,0.0,10.5,0.0,1.00,0.0,28,1264,62.64,22.02,41,23,30,0.0,1.00,1.00,1.00,3.46,4.05,4.05,29.5,2.000,0.643,4.05
239000,2670,76,32.5,0.0,6.2,0.1,10.0,0.0,1.00,0.3,22,1118,61.65,22.83,32,28,16,0.0,1.00,1.00,1.00,3.38,4.03,4.12,28.5,2.000,0.714,4.14
239000,3024,64,49.0,0.0,9.4,0.0,15.1,0.0,1.00,0.3,19,861,57.86,15.57,27,18,19,0.0,1.00,1.00,1.00,3.91,4.92,4.91,29.8,2.000,0.577,4.98
239000,3049,50,37.1,0.0,7.0,0.0,11.5,0.0,1.00,0.6,22,631,34.65,12.94,23,11,16,0.0,1.00,1.00,1.00,3.70,4.34,4.32,28.5,2.000,0.779,4.48
239000,3004,49,31.8,0.0,7.0,0.0,8.9,0.0,1.00,0.2,13,936,44.81,16.14,14,13,22,0.0,1.00,1.00,1.00,3.16,3.96,4.06,34.7,2.000,0.571,4.06
239000,2999,29,30.6,0.0,5.3,0.0,10.0,0.0,1.00,0.2,9,1070,51.62,30.90,10,14,5,0.0,1.00,1.00,1.00,3.34,4.00,3.90,28.1,2.000,0.752,4.00
239000,2799,22,30.9,0.0,7.0,0.0,8.5,0.0,1.00,0.3,8,1126,61.46,12.01,5,14,3,0.0,1.00,1.00,1.00,3.36,4.00,3.86,29.4,2.000,0.403,4.00
239000,3027,16,38.6,0.0,2.6,0.0,16.7,0.0,1.00,0.0,6,978,48.42,17.16,14,2,0,0.0,1.00,1.00,1.00,3.88,4.38,4.38,19.2,2.000,0.571,4.38
239000,3051,15,29.7,0.0,0.1,0.0,14.7,0.0,1.00,0.5,4,747,38.21,9.89,0,2,13,0.0,1.00,1.00,1.00,2.93,3.87,3.87,49.7,2.000,0.554,4.00
239000,2945,9,32.0,0.0,6.3,0.0,9.7,0.0,1.00,0.0,2,1332,72.35,33.34,5,4,0,0.0,1.00,1.00,1.00,3.44,4.00,4.00,18.9,2.000,0.150,4.00
239000,2930,8,45.5,0.0,13.5,0.0,9.2,0.0,1.00,0.0,4,737,30.93,10.62,1,2,5,0.0,1.00,1.00,1.00,3.75,4.75,4.75,38.8,2.000,0.744,4.75
240000,2973,224,31.0,0.0,3.5,0.0,12.0,0.0,1.00,0.2,46,996,53.40,23.02,65,72,87,0.0,1.00,1.00,1.00,3.48,3.94,3.97,33.7,2.000,0.821,4.01
240000,3010,220,40.8,0.0,6.0,0.0,14.4,0.0,1.00,0.2,62,918,52.95,20.53,74,61,85,0.0,1.00,1.00,1.00,3.72,4.50,4.48,32.4,2.000,0.477,4.54
240000,2543,216,40.2,0.0,5.8,0.0,14.3,0.0,1.00,0.5,67,910,55.17,27.64,104,83,29,0.0,1.00,1.00,1.00,3.67,4.51,4.49,27.0,2.000,0.821,4.62
240000,3025,173,44.9,0.0,6.5,0.0,16.0,0.0,1.00,0.5,56,761,47.85,23.29,56,69,48,0.0,1.00,1.00,1.00,3.74,4.66,4.70,31.0,2.000,0.375,4.80
240000,3024,122,49.3,0.0,10.7,0.0,13.9,0.0,1.00,0.2,43,787,55.17,24.84,38,50,34,0.0,1.00,1.00,1.00,4.08,4.98,4.94,31.4,2.000,0.566,5.01
240000,2158,84,31.5,0.0,7.2,0.0,8.6,0.0,1.00,0.3,30,1045,47.82,22.02,34,22,28,0.0,1.00,1.00,1.00,3.33,3.95,3.99,30.0,2.000,0.540,4.04
240000,3055,67,57.3,0.0,9.3,0.0,19.3,0.0,1.00,0.5,25,891,65.88,25.41,20,40,7,0.0,1.00,1.00,1.00,5.06,5.37,5.40,28.4,2.000,0.317,5.51
240000,2670,54,30.9,0.0,7.2,0.1,8.2,0.0,1.00,0.3,13,1270,59.57,23.82,29,17,8,0.0,1.00,1.00,1.00,3.17,3.98,3.93,26.4,2.000,0.692,4.02
240000,3004,54,31.0,0.0,7.4,0.0,8.1,0.0,1.00,0.3,10,926,44.25,23.97,20,15,19,0.0,1.00,1.00,1.00,3.28,3.94,3.94,31.9,2.000,0.564,4.02
240000,3049,50,38.4,0.0,8.4,0.0,10.8,0.0,1.00,0.5,19,1011,60.91,29.44,22,9,19,0.0,1.00,1.00,1.00,3.52,4.38,4.40,27.5,2.000,0.773,4.52
240000,2999,28,31.4,0.0,5.2,0.0,10.5,0.0,1.00,0.1,11,1504,72.16,43.13,9,10,9,0.0,1.00,1.00,1.00,3.39,4.00,3.96,32.2,2.000,0.745,4.00
240000,2799,18,31.7,0.0,7.9,0.0,7.9,0.0,1.00,0.0,7,1453,68.43,24.68,5,9,4,0.0,1.00,1.00,1.00,3.06,4.00,4.00,30.0,2.000,0.390,4.00
240000,2956,18,57.8,0.0,11.6,0.0,17.3,0.0,1.00,0.6,7,208,13.08,17.09,0,18,0,0.0,1.00,1.00,1.00,4.94,5.28,5.44,37.3,2.000,0.386,5.50
240000,3027,15,39.2,0.0,2.2,0.0,17.4,0.0,1.00,0.1,6,999,48.48,23.55,4,10,1,0.0,1.00,1.00,1.00,3.33,4.40,4.47,24.0,2.000,0.590,4.47
240000,3051,14,33.1,0.0,0.3,0.0,16.3,0.0,1.00,0.6,6,1017,65.51,34.40,0,4,10,0.0,1.00,1.00,1.00,3.71,4.07,4.07,45.9,2.000,0.555,4.21
240000,2930,12,43.8,0.0,11.7,0.0,10.2,0.0,1.00,0.0,7,1068,48.88,23.77,1,3,8,0.0,1.00,1.00,1.00,4.00,4.67,4.67,36.3,2.000,0.719,4.67
240000,2945,12,31.5,0.0,6.4,0.0,9.3,0.0,1.00,0.0,4,1154,52.40,33.49,5,2,5,0.0,1.00,1.00,1.00,3.75,4.00,4.00,25.0,2.000,0.129,4.00
241000,3010,293,38.9,0.0,5.8,0.0,13.7,0.0,1.00,0.3,91,877,53.10,26.99,84,81,128,0.0,1.00,1.00,1.00,3.66,4.39,4.42,34.2,2.000,0.469,4.48
241000,2973,237,31.0,0.0,3.7,0.0,11.8,0.0,1.00,0.3,60,1154,64.27,29.30,82,75,80,0.0,1.00,1.00,1.00,3.37,3.95,3.96,30.6,2.000,0.842,4.03
241000,3025,219,45.7,0.0,7.7,0.0,15.2,0.0,1.00,0.2,63,799,55.76,37.58,96,69,54,0.0,1.00,1.00,1.00,3.88,4.80,4.77,28.6,2.000,0.384,4.84
241000,2543,213,40.5,0.0,6.8,0.0,13.5,0.0,1.00,0.9,74,998,66.39,37.31,99,98,16,0.0,1.00,1.00,1.00,3.69,4.53,4.52,26.0,2.000,0.797,4.73
241000,3024,151,48.0,0.0,10.6,0.0,13.4,0.0,1.00,0.5,54,982,73.66,37.21,43,65,43,0.0,1.00,1.00,1.00,3.87,4.90,4.91,31.1,2.000,0.575,5.03
241000,2158,145,35.7,0.0,7.9,0.0,9.9,0.0,1.00,0.2,48,972,49.55,30.80,22,42,81,0.0,1.00,1.00,1.00,3.65,4.21,4.26,39.4,2.000,0.533,4.28
241000,3004,57,30.9,0.0,7.2,0.0,8.3,0.0,1.00,0.9,21,1158,54.95,36.76,13,20,24,0.0,1.00,1.00,1.00,3.32,3.84,3.96,35.0,2.000,0.576,4.14
241000,3055,54,58.7,0.0,7.7,0.0,21.6,0.0,1.00,0.3,24,1184,100.93,42.11,25,22,7,0.0,1.00,1.00,1.00,5.04,5.35,5.44,28.0,2.000,0.334,5.46
241000,2670,52,29.5,0.0,5.8,0.0,9.0,0.0,1.00,1.1,22,1094,54.17,26.07,14,26,12,0.0,1.00,1.00,1.00,2.96,3.88,3.85,31.6,2.000,0.742,4.13
241000,3060,46,31.5,0.0,1.8,0.0,14.0,0.0,1.00,0.1,9,881,49.87,24.01,21,21,4,0.0,1.00,1.00,1.00,3.52,4.00,4.04,25.2,2.000,0.391,4.04
241000,3049,31,38.1,0.0,8.6,0.0,10.4,0.0,1.00,0.8,13,1177,81.48,47.15,10,10,11,0.0,1.00,1.00,1.00,3.48,4.19,4.48,29.3,2.000,0.767,4.55
241000,3051,27,32.9,0.0,0.5,0.0,16.0,0.0,1.00,0.4,8,774,51.10,53.22,0,11,16,0.0,1.00,1.00,1.00,3.85,4.04,4.07,45.3,2.000,0.637,4.15
241000,2799,25,31.0,0.0,6.4,0.0,9.1,0.0,1.00,0.2,8,1252,60.61,22.71,9,14,2,0.0,1.00,1.00,1.00,3.40,3.96,3.96,27.3,2.000,0.423,4.00
241000,2999,12,30.7,0.0,5.7,0.0,9.7,0.0,1.00,0.3,6,1528,90.24,44.77,5,3,4,0.0,1.00,1.00,1.00,2.83,3.92,3.92,32.7,2.000,0.801,4.00
241000,2956,11,45.5,0.0,8.7,0.0,14.0,0.0,1.00,0.7,8,756,53.84,48.47,5,6,0,0.0,1.00,1.00,1.00,3.82,4.91,5.09,28.2,2.000,0.350,5.18
241000,2930,8,41.1,0.0,13.9,0.1,6.6,0.0,1.00,0.5,6,1932,100.35,65.72,1,3,4,0.0,1.00,1.00,1.00,3.88,4.62,4.62,37.9,2.000,0.748,4.75
241000,3064,8,32.0,0.0,3.0,0.0,13.0,0.0,1.00,0.0,4,1839,98.09,33.04,0,3,5,0.0,1.00,1.00,1.00,3.50,4.00,4.00,43.2,2.000,0.295,4.00
241000,3065,7,28.0,0.0,7.6,0.0,6.4,0.0,1.00,1.4,3,1497,73.26,39.54,1,1,5,0.0,1.00,1.00,1.00,2.71,3.57,3.71,42.3,2.000,0.644,4.00
241000,2945,5,32.0,0.0,7.2,0.0,8.8,0.0,1.00,0.0,2,1220,61.88,32.22,1,2,2,0.0,1.00,1.00,1.00,3.60,4.00,4.00,31.8,2.000,0.138,4.00
242000,3010,608,41.0,0.0,6.3,0.0,14.2,0.0,1.00,0.3,148,955,61.97,38.62,184,218,206,0.0,1.00,1.00,1.00,3.66,4.52,4.53,32.6,2.000,0.442,4.60
242000,2973,253,30.8,0.0,3.6,0.0,11.8,0.0,1.00,0.3,48,1041,55.98,33.82,101,74,78,0.0,1.00,1.00,1.00,3.27,3.94,3.92,30.1,2.000,0.823,4.01
242000,3024,202,47.3,0.0,9.5,0.0,14.1,0.0,1.00,0.3,64,971,74.10,44.06,51,79,72,0.0,1.00,1.00,1.00,3.89,4.88,4.87,32.0,2.000,0.581,4.96
242000,2543,201,39.1,0.0,7.0,0.0,12.5,0.0,1.00,0.4,55,1145,76.57,44.20,100,88,13,0.0,1.00,1.00,1.00,3.49,4.41,4.48,24.9,2.000,0.844,4.53
242000,2158,124,40.5,0.0,8.5,0.0,11.8,0.0,1.00,0.4,46,796,50.68,34.23,3,26,95,0.0,1.00,1.00,1.00,3.54,4.48,4.51,43.5,2.000,0.510,4.58
242000,3066,93,37.2,0.0,6.2,0.0,12.4,0.0,1.00,0.5,39,748,41.25,31.89,39,33,21,0.0,1.00,1.00,1.00,3.68,4.38,4.33,27.7,2.000,0.548,4.47
242000,3055,82,59.3,0.0,10.3,0.0,19.3,0.0,1.00,0.4,30,926,84.70,37.36,30,45,7,0.0,1.00,1.00,1.00,5.02,5.48,5.50,29.1,2.000,0.287,5.57
242000,2670,58,34.6,0.0,6.2,0.1,11.1,0.0,1.00,0.6,22,1053,49.24,31.54,13,22,23,0.0,1.00,1.00,1.00,3.43,4.19,4.12,34.3,2.000,0.676,4.29
242000,3049,45,35.6,0.0,5.9,0.0,11.9,0.0,1.00,1.3,22,771,45.29,30.18,17,14,14,0.0,1.00,1.00,1.00,3.40,4.36,4.09,28.8,2.000,0.779,4.56
242000,3060,39,25.6,0.0,0.0,0.0,12.8,0.0,1.00,1.9,11,1166,72.95,28.14,9,23,7,0.0,1.00,1.00,1.00,3.00,3.51,3.54,31.3,2.000,0.437,4.00
242000,3004,37,31.5,0.0,7.6,0.0,8.1,0.0,1.00,0.3,11,1375,64.56,50.99,9,10,18,0.0,1.00,1.00,1.00,3.43,3.95,3.97,36.9,2.000,0.564,4.03
242000,3051,23,34.1,0.0,1.0,0.0,16.1,0.0,1.00,0.2,5,1129,67.40,93.08,0,14,9,0.0,1.00,1.00,1.00,4.00,4.17,4.09,43.4,2.000,0.607,4.17
242000,3068,22,31.2,0.0,0.0,0.0,15.6,0.0,1.00,0.6,6,736,42.47,35.50,5,13,4,0.0,1.00,1.00,1.00,3.68,4.00,3.86,32.8,2.000,0.670,4.09
242000,2956,20,45.8,0.0,10.1,0.0,12.8,0.0,1.00,1.0,12,772,57.69,36.19,2,11,7,0.0,1.00,1.00,1.00,3.85,4.85,4.85,34.0,2.000,0.401,5.05
242000,2799,16,28.6,0.0,4.3,0.0,10.0,0.0,1.00,0.6,9,923,60.97,24.78,11,5,0,0.0,1.00,1.00,1.00,3.00,3.75,3.94,22.9,2.000,0.455,4.00
242000,3064,8,29.0,0.0,2.4,0.0,12.1,0.0,1.00,0.5,5,803,51.56,37.61,0,3,5,0.0,1.00,1.00,1.00,2.75,3.88,3.88,44.3,2.000,0.309,4.00
242000,3070,8,32.0,0.0,10.2,0.0,5.8,0.0,1.00,0.0,3,1560,56.55,29.02,5,3,0,0.0,1.00,1.00,1.00,3.50,4.00,4.00,20.2,2.000,0.869,4.00
242000,3025,8,33.7,0.0,0.0,0.0,16.9,0.0,1.00,1.2,4,314,22.96,29.35,0,0,8,0.0,1.00,1.00,1.00,2.50,4.38,3.75,44.2,2.000,0.088,4.38
242000,2945,6,27.3,0.0,3.7,0.0,10.0,0.0,1.00,1.7,4,1208,67.75,30.19,4,1,1,0.0,1.00,1.00,1.00,3.50,3.67,3.50,17.3,2.000,0.159,4.00
242000,2999,6,28.3,0.0,3.7,0.0,10.5,0.0,1.00,1.0,3,1306,101.28,63.80,0,2,4,0.0,1.00,1.00,1.00,3.50,3.67,3.83,41.5,2.000,0.761,4.00
242000,3069,5,50.0,0.0,15.0,0.0,10.0,0.0,1.00,0.0,4,1517,87.51,46.39,1,4,0,0.0,1.00,1.00,1.00,4.00,5.00,5.00,28.5,2.000,0.879,5.00
243000,3010,623,41.9,0.0,6.7,0.0,14.2,0.0,1.00,0.3,142,1053,65.87,44.53,176,243,204,0.0,1.00,1.00,1.00,3.71,4.55,4.56,32.7,2.000,0.426,4.62
243000,2973,275,30.6,0.0,3.9,0.0,11.5,0.0,1.00,0.4,57,1000,52.54,37.67,120,73,82,0.0,1.00,1.00,1.00,3.32,3.91,3.91,29.2,2.000,0.828,4.02
243000,3024,233,49.0,0.0,10.4,0.0,14.1,0.0,1.00,0.2,69,923,71.07,46.45,53,92,88,0.0,1.00,1.00,1.00,3.98,4.97,4.95,34.0,2.000,0.576,5.01
243000,2543,213,38.9,0.0,7.4,0.0,12.1,0.0,1.00,0.6,66,1022,59.91,43.38,108,88,17,0.0,1.00,1.00,1.00,3.61,4.37,4.43,25.1,2.000,0.833,4.54
243000,2158,142,40.7,0.0,8.4,0.0,12.0,0.0,1.00,0.2,49,961,66.56,45.94,9,20,113,0.0,1.00,1.00,1.00,3.65,4.51,4.51,44.2,2.000,0.494,4.56
243000,3066,88,38.4,0.0,7.2,0.0,11.9,0.0,1.00,0.1,25,1069,54.71,44.68,38,27,23,0.0,1.00,1.00,1.00,3.65,4.35,4.35,27.7,2.000,0.545,4.39
243000,2670,60,32.8,0.0,6.8,0.1,9.6,0.0,1.00,0.9,27,956,46.74,29.82,11,23,26,0.0,1.00,1.00,1.00,3.23,4.03,4.13,37.5,2.000,0.701,4.30
243000,3055,53,63.8,0.0,9.8,0.0,22.1,0.0,1.00,0.4,21,1033,80.14,34.90,24,23,6,0.0,1.00,1.00,1.00,5.38,5.64,5.74,26.7,2.000,0.278,5.79
243000,2999,48,30.7,0.0,5.3,0.0,10.0,0.0,1.00,0.6,15,811,42.60,45.15,25,5,18,0.0,1.00,1.00,1.00,2.81,3.92,3.96,28.8,2.000,0.341,4.08
243000,3049,31,36.0,0.0,6.4,0.0,11.6,0.0,1.00,1.0,17,983,60.37,37.96,5,14,12,0.0,1.00,1.00,1.00,3.68,4.29,4.26,36.7,2.000,0.774,4.52
243000,3004,28,30.2,0.0,6.9,0.0,8.2,0.0,1.00,1.1,13,1231,60.71,46.62,2,11,15,0.0,1.00,1.00,1.00,3.25,3.86,3.82,40.6,2.000,0.546,4.11
243000,3051,19,30.1,0.0,0.3,0.0,14.7,0.0,1.00,0.5,6,1022,46.96,59.13,0,8,11,0.0,1.00,1.00,1.00,3.00,3.79,3.95,46.4,2.000,0.602,4.00
243000,3068,17,30.1,0.0,0.0,0.0,15.1,0.0,1.00,0.5,3,805,39.83,23.56,12,5,0,0.0,1.00,1.00,1.00,3.18,3.88,3.88,19.3,2.000,0.672,4.00
243000,3065,16,32.6,0.0,8.4,0.0,7.9,0.0,1.00,1.2,7,623,39.56,33.73,0,0,16,0.0,1.00,1.00,1.00,3.50,4.00,3.88,43.4,2.000,0.687,4.25
243000,3072,11,61.5,0.0,0.6,0.0,30.1,0.0,1.00,0.2,4,992,86.87,31.90,9,1,1,0.0,1.00,1.00,1.00,5.18,5.55,5.45,14.8,2.000,0.774,5.55
243000,2799,11,32.0,0.0,6.5,0.0,9.5,0.0,1.00,0.0,4,949,49.75,27.58,9,2,0,0.0,1.00,1.00,1.00,3.55,4.00,4.00,23.1,2.000,0.370,4.00
243000,3060,9,29.3,0.0,0.0,0.0,14.7,0.0,1.00,0.7,2,1467,137.87,64.72,0,7,2,0.0,1.00,1.00,1.00,3.78,4.00,3.67,38.1,2.000,0.391,4.00
243000,3025,9,37.6,0.0,0.0,0.0,18.8,0.0,1.00,1.1,4,821,47.34,63.34,0,0,9,0.0,1.00,1.00,1.00,2.89,4.56,4.00,43.8,2.000,0.080,4.56
243000,2956,7,44.0,0.0,12.0,0.0,10.0,0.0,1.00,0.0,4,1380,108.89,44.55,0,1,6,0.0,1.00,1.00,1.00,3.86,5.14,5.14,40.6,2.000,0.323,5.14
243000,3069,7,50.0,0.0,12.3,0.0,12.7,0.0,1.00,0.0,4,1125,64.30,37.49,1,4,2,0.0,1.00,1.00,1.00,4.00,5.00,5.00,31.7,2.000,0.898,5.00
243000,3064,6,31.0,0.0,3.0,0.0,12.5,0.0,1.00,0.0,5,1424,107.13,89.38,1,4,1,0.0,1.00,1.00,1.00,3.33,4.00,4.00,34.9,2.000,0.270,4.00
243000,3070,5,28.8,0.0,7.4,0.0,7.0,0.0,1.00,0.8,5,1137,43.49,29.34,3,2,0,0.0,1.00,1.00,1.00,3.00,4.00,3.60,23.3,2.000,0.896,4.00
244000,3010,579,41.9,0.0,6.4,0.0,14.6,0.0,1.00,0.3,140,1074,67.67,43.69,173,235,171,0.0,1.00,1.00,1.00,3.71,4.55,4.58,32.6,2.000,0.424,4.63
244000,2973,316,31.0,0.0,3.6,0.0,11.9,0.0,1.00,0.2,64,1043,54.48,33.88,154,94,68,0.0,1.00,1.00,1.00,3.40,3.94,3.97,27.3,2.000,0.826,4.02
244000,3024,244,47.7,0.0,10.0,0.0,13.9,0.0,1.00,0.5,85,1184,91.58,55.56,53,89,102,0.0,1.00,1.00,1.00,3.92,4.87,4.92,34.6,2.000,0.570,5.01
244000,2158,171,40.4,0.0,7.9,0.0,12.3,0.0,1.00,0.4,56,950,59.65,51.28,6,41,124,0.0,1.00,1.00,1.00,3.54,4.47,4.51,44.0,2.000,0.534,4.58
244000,2543,168,40.7,0.0,8.5,0.0,11.9,0.0,1.00,0.4,51,1200,68.84,40.58,85,74,9,0.0,1.00,1.00,1.00,3.61,4.50,4.54,24.2,2.000,0.831,4.62
244000,3066,82,37.0,0.0,6.0,0.0,12.5,0.0,1.00,0.2,25,1063,55.17,39.13,27,29,26,0.0,1.00,1.00,1.00,3.73,4.28,4.28,29.5,2.000,0.507,4.34
244000,2670,54,38.5,0.0,7.7,0.1,11.5,0.0,1.00,0.0,14,769,43.82,22.57,8,35,11,0.0,1.00,1.00,1.00,3.59,4.37,4.39,34.4,2.000,0.664,4.39
244000,3055,48,60.0,0.0,10.1,0.0,19.9,0.0,1.00,1.0,20,1181,81.54,42.24,18,27,3,0.0,1.00,1.00,1.00,4.92,5.54,5.38,26.9,2.000,0.275,5.71
244000,3049,42,38.5,0.0,5.5,0.0,13.7,0.0,1.00,0.3,17,842,55.60,43.43,16,6,20,0.0,1.00,1.00,1.00,3.62,4.43,4.38,31.0,2.000,0.749,4.48
244000,3004,39,30.7,0.0,5.4,0.0,9.9,0.0,1.00,0.5,19,848,41.66,29.28,11,10,18,0.0,1.00,1.00,1.00,3.41,3.97,3.92,35.3,2.000,0.519,4.08
244000,2999,22,30.6,0.0,4.9,0.0,10.4,0.0,1.00,0.4,10,581,32.12,22.62,0,1,21,0.0,1.00,1.00,1.00,3.27,3.95,3.86,44.0,2.000,0.773,4.00
244000,3065,18,35.6,0.0,8.8,0.0,8.9,0.0,1.00,0.6,9,1097,60.88,57.92,0,5,13,0.0,1.00,1.00,1.00,3.94,4.17,4.11,42.7,2.000,0.705,4.28
244000,3068,17,30.0,0.0,2.2,0.0,12.8,0.0,1.00,0.5,5,969,51.39,29.05,4,9,4,0.0,1.00,1.00,1.00,3.47,4.06,3.82,32.8,2.000,0.718,4.06
244000,2799,15,32.0,0.0,7.8,0.0,8.2,0.0,1.00,0.0,4,995,49.57,23.50,10,5,0,0.0,1.00,1.00,1.00,3.73,4.00,4.00,25.1,2.000,0.376,4.00
244000,3069,13,49.5,0.0,12.5,0.0,12.2,0.0,1.00,0.0,4,833,46.28,36.72,1,6,6,0.0,1.00,1.00,1.00,4.00,5.00,5.00,37.9,2.000,0.914,5.00
244000,3051,11,26.5,0.0,0.3,0.0,13.0,0.0,1.00,1.3,5,1305,92.65,90.31,0,5,6,0.0,1.00,1.00,1.00,3.00,3.45,3.91,45.7,2.000,0.584,4.00
244000,3064,8,30.5,0.0,3.0,0.0,12.2,0.0,1.00,0.0,5,1101,85.46,65.84,1,3,4,0.0,1.00,1.00,1.00,3.00,4.00,4.00,38.2,2.000,0.284,4.00
244000,2956,6,42.7,0.0,11.8,0.0,9.5,0.0,1.00,0.3,4,2133,170.20,63.88,0,0,6,0.0,1.00,1.00,1.00,3.83,5.00,5.17,40.9,2.000,0.330,5.17
244000,3072,6,55.7,0.0,0.7,0.0,27.2,0.0,1.00,1.7,3,1426,80.00,33.98,5,1,0,0.0,1.00,1.00,1.00,4.67,5.17,5.33,17.2,2.000,0.793,5.67
244000,3060,5,32.0,0.0,0.0,0.0,16.0,0.0,1.00,0.0,1,653,36.60,15.61,1,4,0,0.0,1.00,1.00,1.00,3.20,4.00,4.00,26.0,2.000,0.115,4.00
245000,2973,381,31.0,0.0,3.5,0.0,12.0,0.0,1.00,0.4,66,997,51.47,28.36,150,136,95,0.0,1.00,1.00,1.00,3.34,3.93,3.95,29.5,2.000,0.822,4.03
245000,3010,313,43.2,0.0,6.8,0.0,14.9,0.0,1.00,0.5,85,1087,80.60,54.00,126,107,80,0.0,1.00,1.00,1.00,3.77,4.64,4.66,29.9,2.000,0.380,4.78
245000,3024,214,47.3,0.0,10.4,0.0,13.2,0.0,1.00,0.5,72,1149,81.39,44.37,68,65,81,0.0,1.00,1.00,1.00,3.94,4.87,4.88,33.0,2.000,0.563,5.00
245000,2543,173,41.2,0.0,8.0,0.0,12.6,0.0,1.00,0.2,61,1200,68.69,41.19,77,78,18,0.0,1.00,1.00,1.00,3.71,4.57,4.55,26.2,2.000,0.830,4.62
245000,2158,131,41.4,0.0,9.2,0.0,11.5,0.0,1.00,0.5,43,1126,67.92,49.97,13,35,83,0.0,1.00,1.00,1.00,3.58,4.55,4.57,40.8,2.000,0.469,4.67
245000,3066,64,35.1,0.0,6.5,0.0,11.1,0.0,1.00,0.4,26,1082,51.51,34.69,25,32,7,0.0,1.00,1.00,1.00,3.42,4.20,4.25,26.8,2.000,0.494,4.33
245000,2670,56,36.5,0.0,6.8,0.1,11.5,0.0,1.00,0.8,22,1122,61.33,35.16,11,39,6,0.0,1.00,1.00,1.00,3.50,4.23,4.25,32.6,2.000,0.661,4.43
245000,3055,46,63.7,0.0,12.3,0.0,19.5,0.0,1.00,0.2,15,990,73.85,34.29,27,16,3,0.0,1.00,1.00,1.00,5.72,5.76,5.72,22.3,2.000,0.302,5.78
245000,2999,42,31.6,0.0,7.0,0.0,8.9,0.0,1.00,0.1,15,960,42.90,42.25,11,13,18,0.0,1.00,1.00,1.00,3.57,4.00,3.95,34.6,2.000,0.543,4.00
245000,3049,41,42.6,0.0,7.1,0.0,14.2,0.0,1.00,0.0,18,783,55.35,36.68,6,7,28,0.0,1.00,1.00,1.00,3.80,4.68,4.68,38.4,2.000,0.780,4.68
245000,3004,31,29.7,0.0,6.5,0.0,8.3,0.0,1.00,0.6,13,1074,43.17,29.83,7,10,14,0.0,1.00,1.00,1.00,3.32,3.84,3.90,36.6,2.000,0.576,4.03
245000,3065,26,40.8,0.0,7.5,0.0,12.9,0.0,1.00,0.5,14,1171,68.74,63.73,0,4,22,0.0,1.00,1.00,1.00,3.88,4.46,4.38,43.1,2.000,0.709,4.54
245000,3069,24,50.8,0.0,13.4,0.1,12.0,0.0,1.00,0.0,7,657,40.01,32.64,0,12,12,0.0,1.00,1.00,1.00,4.21,5.04,5.04,40.8,2.000,0.887,5.04
245000,3051,17,34.6,0.0,2.0,0.0,15.3,0.0,1.00,0.5,6,593,38.12,28.99,0,2,15,0.0,1.00,1.00,1.00,3.76,4.35,4.35,47.4,2.000,0.556,4.35
245000,3090,16,32.0,0.0,3.9,0.0,12.1,0.0,1.00,0.0,4,1032,51.73,26.44,11,5,0,0.0,1.00,1.00,1.00,3.38,4.00,4.00,18.6,2.000,0.257,4.00
245000,3068,15,32.5,0.0,0.5,0.0,15.7,0.0,1.00,0.1,3,1070,53.84,28.71,3,11,1,0.0,1.00,1.00,1.00,3.53,4.07,4.00,31.0,2.000,0.702,4.07
245000,2799,7,32.0,0.0,6.3,0.0,9.7,0.0,1.00,0.0,3,1505,59.75,32.64,3,4,0,0.0,1.00,1.00,1.00,2.86,4.00,4.00,27.1,2.000,0.425,4.00
245000,2956,7,50.0,0.0,11.0,0.0,14.0,0.0,1.00,0.0,2,676,83.79,51.34,0,0,7,0.0,1.00,1.00,1.00,4.00,5.00,5.00,41.2,2.000,0.271,5.00
245000,3025,5,20.0,0.0,0.0,0.0,10.0,0.0,1.00,3.6,5,1286,85.65,103.64,0,0,5,0.0,1.00,1.00,1.00,1.60,3.40,2.80,43.5,2.000,0.242,4.00
246000,2973,463,31.3,0.0,3.2,0.0,12.5,0.0,1.00,0.2,77,999,51.96,32.56,164,183,116,0.0,1.00,1.00,1.00,3.38,3.97,3.96,29.9,2.000,0.817,4.02
246000,3010,287,42.5,0.0,6.1,0.0,15.1,0.0,1.00,0.3,69,1045,69.55,49.80,110,99,78,0.0,1.00,1.00,1.00,3.74,4.58,4.61,30.1,2.000,0.371,4.67
246000,3024,214,47.8,0.0,10.2,0.0,13.7,0.0,1.00,0.3,76,972,61.91,40.10,73,52,89,0.0,1.00,1.00,1.00,3.94,4.88,4.92,33.1,2.000,0.563,4.99
246000,2543,153,39.3,0.0,7.8,0.0,11.9,0.0,1.00,0.3,47,1014,58.35,41.01,53,52,48,0.0,1.00,1.00,1.00,3.46,4.43,4.43,32.2,2.000,0.821,4.51
246000,2158,145,40.3,0.0,8.1,0.0,12.0,0.0,1.00,0.3,45,1046,63.31,48.95,11,35,99,0.0,1.00,1.00,1.00,3.77,4.49,4.49,41.7,2.000,0.492,4.57
246000,3099,80,32.2,0.0,7.0,0.0,9.1,0.0,1.00,0.1,26,960,54.29,40.59,0,42,38,0.0,1.01,1.01,1.00,3.49,4.05,4.05,40.1,2.000,0.343,4.07
246000,2670,52,36.6,0.0,6.4,0.0,11.9,0.0,1.00,0.1,11,1435,71.20,36.43,9,34,9,0.0,1.00,1.00,1.00,3.54,4.31,4.25,33.6,2.000,0.682,4.31
246000,3066,49,34.5,0.0,7.4,0.0,9.8,0.0,1.00,0.1,14,1429,61.85,43.80,17,24,8,0.0,1.00,1.00,1.00,3.27,4.12,4.16,28.4,2.000,0.486,4.16
246000,3049,43,46.5,0.0,8.7,0.0,14.6,0.0,1.00,0.1,14,1005,79.27,49.66,12,3,28,0.0,1.00,1.00,1.00,3.79,4.86,4.86,36.6,2.000,0.795,4.88
246000,2999,41,30.8,0.0,5.6,0.1,9.7,0.0,1.00,0.3,15,1102,51.69,36.12,14,12,15,0.0,1.00,1.00,1.00,3.49,3.90,3.93,34.4,2.000,0.450,4.00
246000,3055,40,64.9,0.0,11.6,0.0,20.8,0.0,1.00,0.1,13,1217,87.80,39.93,16,20,4,0.0,1.00,1.00,1.00,5.62,5.70,5.70,27.4,2.000,0.302,5.72
246000,3051,21,32.9,0.0,0.0,0.0,16.4,0.0,1.00,0.1,3,530,28.81,22.71,2,13,6,0.0,1.00,1.00,1.00,3.43,4.05,4.10,34.8,2.000,0.508,4.10
246000,3090,20,31.5,0.0,2.4,0.0,13.4,0.0,1.00,0.0,7,923,54.89,44.60,20,0,0,0.0,1.00,1.00,1.00,3.80,4.00,4.00,14.9,2.000,0.278,4.00
246000,3069,16,50.0,0.0,13.6,0.0,11.4,0.0,1.00,0.0,4,1459,72.46,48.89,1,3,12,0.0,1.00,1.00,1.00,4.00,5.00,5.00,42.3,2.000,0.898,5.00
246000,3065,14,34.7,0.0,7.6,0.0,9.8,0.0,1.00,1.4,9,1712,112.70,87.13,0,1,13,0.0,1.00,1.00,1.00,3.79,4.07,4.07,43.3,2.000,0.689,4.43
246000,3068,12,28.0,0.0,0.0,0.0,14.0,0.0,1.00,1.2,3,1133,97.10,52.20,1,11,0,0.0,1.00,1.00,1.00,2.92,3.67,3.75,36.0,2.000,0.720,4.00
246000,3104,11,32.0,0.0,2.6,0.0,13.4,0.0,1.00,0.0,4,1848,76.74,37.86,8,3,0,0.0,1.00,1.00,1.00,3.36,4.00,4.00,17.0,2.000,0.581,4.00
246000,3004,11,31.6,0.0,5.1,0.0,10.7,0.0,1.00,0.2,7,627,31.56,30.71,0,1,10,0.0,1.00,1.00,1.00,3.45,4.09,4.00,43.7,2.000,0.607,4.09
246000,2799,10,32.0,0.0,6.1,0.0,9.9,0.0,1.00,0.0,3,1021,44.46,35.29,4,6,0,0.0,1.00,1.00,1.00,3.60,4.00,4.00,29.5,2.000,0.424,4.00
246000,2956,10,47.6,0.0,10.4,0.0,13.4,0.0,1.00,0.0,4,1012,99.94,106.94,0,0,10,0.0,1.00,1.00,1.00,4.00,4.90,4.90,41.3,2.000,0.249,4.90
246000,3100,8,30.6,0.0,0.9,0.9,14.0,0.0,1.00,0.0,2,681,31.31,19.48,0,0,8,0.0,1.00,1.00,1.00,4.00,4.00,4.00,49.9,2.000,0.366,4.00
246000,3060,5,32.0,0.0,2.2,0.0,13.8,0.0,1.00,0.0,2,1095,55.43,20.66,5,0,0,0.0,1.00,1.00,1.00,4.00,4.00,4.00,9.4,2.000,0.408,4.00
246000,3025,5,32.0,0.0,0.2,0.0,15.8,0.0,1.00,0.0,2,794,83.06,41.41,3,2,0,0.0,1.00,1.00,1.00,4.00,4.00,4.00,24.0,2.000,0.162,4.00
247000,2973,480,31.4,0.0,3.0,0.0,12.7,0.0,1.00,0.2,78,1023,53.60,38.10,167,220,93,0.0,1.00,1.00,1.00,3.45,3.98,3.98,29.7,2.000,0.822,4.03
247000,3010,252,42.4,0.0,6.6,0.0,14.6,0.0,1.00,0.4,63,1161,73.69,50.59,81,98,73,0.0,1.00,1.00,1.00,3.77,4.58,4.60,32.1,2.000,0.360,4.69
247000,3024,179,47.7,0.0,10.3,0.0,13.5,0.0,1.00,0.4,60,1026,64.09,46.23,52,42,85,0.0,1.00,1.00,1.00,3.92,4.89,4.89,34.6,2.000,0.566,4.98
247000,2543,130,39.4,0.0,7.3,0.0,12.4,0.0,1.00,0.3,41,1101,58.61,44.74,39,53,38,0.0,1.00,1.00,1.00,3.65,4.48,4.42,32.3,2.000,0.804,4.52
247000,2158,97,40.1,0.0,8.6,0.0,11.5,0.0,1.00,0.4,28,1390,80.78,53.61,9,28,60,0.0,1.00,1.00,1.00,3.66,4.42,4.46,40.1,2.000,0.487,4.54
247000,3055,75,61.3,0.0,12.7,0.0,17.9,0.0,1.00,0.8,28,828,62.23,30.07,30,34,11,0.0,1.00,1.00,1.00,5.25,5.45,5.53,27.0,2.000,0.296,5.69
247000,3099,67,32.4,0.0,7.0,0.0,9.2,0.0,1.01,0.4,24,1165,62.86,46.37,4,30,33,0.0,1.01,1.00,1.01,3.48,4.00,4.03,39.8,2.000,0.327,4.12
247000,3066,48,35.5,0.0,6.6,0.0,11.1,0.0,1.00,0.4,15,906,39.70,29.07,14,28,6,0.0,1.00,1.00,1.00,3.50,4.19,4.21,29.1,2.000,0.469,4.29
247000,2670,42,37.1,0.0,4.9,0.0,13.6,0.0,1.00,0.2,13,810,41.16,27.44,9,26,7,0.0,1.00,1.00,1.00,3.55,4.24,4.33,32.1,2.000,0.707,4.33
247000,3049,42,45.8,0.0,7.7,0.0,15.2,0.0,1.00,0.6,19,840,60.01,40.41,4,11,27,0.0,1.00,1.00,1.00,4.02,4.83,4.74,40.3,2.000,0.748,4.93
247000,3109,36,41.4,0.0,0.0,0.0,20.7,0.0,1.00,0.1,4,793,44.28,25.07,27,9,0,0.0,1.00,1.00,1.00,3.67,4.50,4.53,15.8,2.000,0.666,4.53
247000,2999,28,31.7,0.0,6.2,0.0,9.7,0.0,1.00,0.0,9,1343,68.53,49.67,6,6,16,0.0,1.00,1.00,1.00,3.50,4.00,4.00,37.8,2.000,0.512,4.00
247000,3051,19,32.9,0.0,0.0,0.0,16.5,0.0,1.00,0.0,2,1267,65.02,27.73,5,12,2,0.0,1.00,1.00,1.00,3.58,4.05,4.05,30.0,2.000,0.548,4.05
247000,3065,19,33.8,0.0,7.1,0.0,9.8,0.0,1.00,0.0,12,1219,91.65,64.94,0,1,18,0.0,1.00,1.00,1.00,3.95,4.16,4.16,42.9,2.000,0.720,4.16
247000,3069,17,45.9,0.0,11.9,0.0,11.0,0.0,1.00,0.1,7,993,56.68,50.87,0,3,14,0.0,1.00,1.00,1.00,3.88,4.88,4.94,44.7,2.000,0.904,4.94
247000,3090,15,32.0,0.0,3.1,0.0,12.9,0.0,1.00,0.0,4,1808,93.76,66.30,14,0,1,0.0,1.00,1.00,1.00,3.47,4.00,4.00,14.1,2.000,0.254,4.00
247000,3111,14,50.0,0.0,2.2,0.0,22.8,0.0,1.00,0.0,3,1086,72.70,44.30,14,0,0,0.0,1.00,1.00,1.00,4.00,5.00,5.00,17.5,2.000,0.442,5.00
247000,3104,12,33.5,0.0,2.7,0.0,14.1,0.0,1.00,0.0,6,1095,52.13,27.73,8,4,0,0.0,1.00,1.00,1.00,3.50,4.08,4.08,17.3,2.000,0.623,4.08
247000,2956,11,53.3,0.0,12.5,0.0,14.2,0.0,1.00,0.0,5,1827,154.43,136.52,0,2,9,0.0,1.00,1.00,1.00,4.00,5.18,5.18,41.1,2.000,0.297,5.18
247000,3068,8,25.8,0.0,0.0,0.0,12.9,0.0,1.00,2.0,3,2136,166.96,111.75,0,8,0,0.0,1.00,1.00,1.00,2.62,3.38,3.62,37.1,2.000,0.727,4.00
247000,3108,8,45.5,0.0,17.1,0.0,5.6,0.0,1.00,0.0,5,1744,101.50,40.42,2,6,0,0.0,1.00,1.00,1.00,3.75,4.75,4.75,31.4,2.000,0.445,4.75
247000,2799,8,32.0,0.0,6.0,0.0,10.0,0.0,1.00,0.0,2,1133,53.27,22.59,4,4,0,0.0,1.00,1.00,1.00,3.25,4.00,4.00,26.2,2.000,0.421,4.00
247000,3004,5,32.0,0.0,4.0,0.0,12.0,0.0,1.00,0.0,3,1950,98.19,71.34,0,2,3,0.0,1.00,1.00,1.00,3.60,4.00,4.00,43.0,2.000,0.599,4.00
248000,2973,499,31.4,0.0,2.8,0.0,12.9,0.0,1.00,0.2,95,998,53.15,37.10,176,237,86,0.0,1.00,1.00,1.00,3.45,3.99,3.97,29.5,2.000,0.822,4.03
248000,3010,246,44.2,0.0,5.6,0.0,16.5,0.0,1.00,0.2,60,1082,69.23,48.46,71,96,79,0.0,1.00,1.00,1.00,3.80,4.67,4.72,33.7,2.000,0.373,4.74
248000,3024,231,49.2,0.0,9.6,0.0,14.9,0.0,1.00,0.5,74,914,54.63,40.78,63,56,112,0.0,1.00,1.00,1.00,3.97,4.98,4.92,35.3,2.000,0.569,5.08
248000,2543,121,41.3,0.0,8.2,0.0,12.5,0.0,1.00,0.2,39,1095,59.15,43.28,42,48,31,0.0,1.00,1.00,1.00,3.77,4.52,4.52,29.6,2.000,0.804,4.58
248000,2158,120,38.8,0.0,7.2,0.0,12.1,0.0,1.00,0.2,36,1084,61.61,39.33,15,41,64,0.0,1.00,1.00,1.00,3.55,4.43,4.39,40.0,2.000,0.518,4.44
248000,3066,68,34.2,0.0,7.4,0.0,9.8,0.0,1.00,0.1,16,778,33.60,29.16,39,19,10,0.0,1.00,1.00,1.00,3.46,4.15,4.15,25.8,2.000,0.468,4.16
248000,3099,67,34.0,0.0,6.0,0.0,11.0,0.0,1.00,0.1,19,1198,68.73,48.52,10,32,25,0.0,1.01,1.00,1.00,3.42,4.09,4.10,37.0,2.000,0.320,4.13
248000,3109,48,46.0,0.0,0.0,0.0,23.0,0.0,1.00,0.0,4,834,52.60,31.33,36,12,0,0.0,1.00,1.00,1.00,3.92,4.77,4.77,15.3,2.000,0.538,4.77
248000,3055,47,65.4,0.0,13.0,0.0,19.8,0.0,1.00,0.9,13,1062,79.40,39.39,20,25,2,0.0,1.00,1.00,1.00,4.87,5.70,5.66,28.2,2.000,0.313,5.91
248000,3049,31,40.9,0.0,7.4,0.0,13.1,0.0,1.00,0.7,12,666,42.64,34.46,2,11,18,0.0,1.00,1.00,1.00,3.55,4.42,4.52,43.0,2.000,0.749,4.65
248000,2670,30,35.0,0.0,4.4,0.0,13.1,0.0,1.00,0.3,9,1140,50.66,29.20,7,19,4,0.0,1.00,1.00,1.00,3.33,4.13,4.17,31.0,2.000,0.743,4.23
248000,3065,23,29.3,0.0,6.6,0.0,8.0,0.0,1.00,1.0,11,893,51.39,58.44,0,3,20,0.0,1.00,1.00,1.00,2.96,3.87,3.78,42.7,2.000,0.681,4.04
248000,3071,17,30.6,0.0,0.0,0.0,15.3,0.0,1.00,0.4,2,992,75.27,103.98,0,17,0,0.0,1.00,1.00,1.00,3.59,4.00,3.82,37.9,2.000,0.626,4.00
248000,3051,17,30.6,0.0,0.8,0.0,14.5,0.0,1.00,0.5,3,1237,57.87,24.53,6,11,0,0.0,1.00,1.00,1.00,3.12,3.88,4.06,28.2,2.000,0.518,4.06
248000,3119,16,29.6,0.0,6.2,0.0,8.6,0.0,1.00,0.4,7,948,63.90,47.32,0,11,5,0.0,1.00,1.00,1.00,3.38,3.88,3.94,33.8,2.000,0.944,4.00
248000,2799,16,28.0,0.0,3.2,0.0,10.8,0.0,1.00,0.6,10,1004,51.83,27.17,4,12,0,0.0,1.00,1.00,1.00,2.88,3.94,3.75,26.0,2.000,0.431,4.00
248000,3126,15,30.3,0.0,0.6,0.0,14.5,0.0,1.00,0.5,3,1219,66.57,83.98,0,0,15,0.0,1.00,1.00,1.00,3.07,3.80,3.93,45.7,2.000,0.787,4.00
248000,2999,14,30.1,0.0,5.5,0.0,9.6,0.0,1.00,0.3,7,1145,50.90,54.19,3,3,8,0.0,1.00,1.00,1.00,3.64,3.86,4.00,36.2,2.000,0.297,4.00
248000,3069,11,49.5,0.0,13.7,0.0,11.0,0.0,1.00,0.0,6,1319,54.94,70.34,1,7,3,0.0,1.00,1.00,1.00,4.00,5.00,5.00,38.8,2.000,0.908,5.00
248000,3090,9,32.0,0.0,2.3,0.0,13.7,0.0,1.00,0.0,3,1755,77.02,41.52,8,1,0,0.0,1.00,1.00,1.00,3.33,4.00,4.00,17.8,2.000,0.285,4.00
248000,2956,7,56.0,0.0,12.7,0.0,15.3,0.0,1.00,0.0,5,1429,104.37,50.47,0,1,6,0.0,1.00,1.00,1.00,4.00,5.29,5.29,40.9,2.000,0.279,5.29
248000,3111,6,47.0,0.0,7.2,0.0,16.3,0.0,1.00,0.0,4,1447,79.53,25.37,5,1,0,0.0,1.00,1.00,1.00,3.83,5.00,5.00,20.1,2.000,0.591,5.00
248000,3104,5,32.0,0.0,4.8,0.0,11.2,0.0,1.00,0.0,4,1754,84.50,67.37,2,2,1,0.0,1.00,1.00,1.00,4.00,4.00,4.00,31.0,2.000,0.622,4.00
249000,2973,482,31.7,0.0,3.2,0.0,12.6,0.0,1.00,0.2,84,1028,57.15,40.42,197,169,116,0.0,1.00,1.00,1.00,3.38,4.00,4.01,28.7,2.000,0.802,4.05
249000,3024,238,48.0,0.0,9.5,0.0,14.5,0.0,1.00,0.3,73,971,59.18,42.63,64,56,118,0.0,1.00,1.00,1.00,3.90,4.91,4.92,35.7,2.000,0.568,4.98
249000,3132,226,40.7,0.0,6.2,0.0,14.1,0.0,1.00,0.4,66,1062,59.45,47.27,77,76,73,0.0,1.00,1.00,1.00,3.61,4.49,4.49,31.3,2.000,0.464,4.58
249000,3010,220,42.1,0.0,6.6,0.0,14.4,0.0,1.00,0.4,54,954,56.74,43.82,67,91,62,0.0,1.00,1.00,1.00,3.75,4.56,4.58,32.3,2.000,0.363,4.66
249000,2543,136,40.0,0.0,6.9,0.0,13.1,0.0,1.00,0.6,52,777,42.57,32.65,64,24,48,0.0,1.00,1.00,1.00,3.55,4.43,4.43,29.9,2.000,0.827,4.59
249000,2158,134,39.2,0.0,7.1,0.0,12.5,0.0,1.00,0.2,46,968,59.19,43.46,14,51,69,0.0,1.00,1.00,1.00,3.63,4.43,4.43,38.9,2.000,0.511,4.46
249000,3099,67,33.7,0.0,5.8,0.0,11.0,0.0,1.00,0.3,28,945,50.70,38.94,5,38,24,0.0,1.00,1.00,1.00,3.36,4.21,4.21,37.2,2.000,0.352,4.25
249000,3066,64,34.9,0.0,7.6,0.0,9.9,0.0,1.00,0.4,17,1034,51.99,39.61,30,14,20,0.0,1.00,1.00,1.00,3.53,4.12,4.16,30.2,2.000,0.485,4.23
249000,3055,43,65.2,0.0,13.0,0.0,19.6,0.0,1.00,0.1,14,1088,85.21,42.24,20,13,10,0.0,1.00,1.00,1.00,5.67,5.67,5.72,28.7,2.000,0.299,5.72
249000,3049,35,43.3,0.0,8.9,0.0,12.8,0.0,1.00,0.4,15,963,66.70,50.66,4,11,20,0.0,1.00,1.00,1.00,3.77,4.71,4.69,39.6,2.000,0.737,4.80
249000,3109,29,49.2,0.0,0.0,0.1,24.6,0.0,1.00,0.2,5,1111,79.59,50.49,28,1,0,0.0,1.00,1.00,1.00,4.07,4.97,4.93,13.1,2.000,0.483,5.00
249000,3126,28,27.7,0.0,3.0,0.0,10.8,0.0,1.00,1.0,14,651,30.19,39.35,0,3,25,0.0,1.00,1.00,1.00,3.18,3.71,3.86,44.1,2.000,0.802,4.04
249000,2670,19,29.8,0.0,7.1,0.0,7.8,0.0,1.00,0.5,8,1146,51.23,31.72,5,9,5,0.0,1.00,1.00,1.00,3.16,3.84,3.89,33.0,2.000,0.760,4.00
249000,3051,15,32.0,0.0,1.0,0.0,15.0,0.0,1.00,1.2,6,986,51.75,28.52,4,11,0,0.0,1.00,1.00,1.00,3.67,3.80,4.00,28.7,2.000,0.515,4.20
249000,3065,14,32.0,0.0,7.5,0.0,8.5,0.0,1.00,0.0,7,1498,88.84,85.49,0,1,13,0.0,1.00,1.00,1.00,3.71,4.00,4.00,42.4,2.000,0.678,4.00
249000,3119,14,28.3,0.0,7.6,0.0,6.5,0.0,1.00,1.1,7,1639,87.02,65.30,0,8,6,0.0,1.00,1.00,1.00,2.79,3.79,3.64,36.6,2.000,0.928,4.00
249000,3071,13,29.1,0.0,0.2,0.0,14.3,0.0,1.00,0.6,4,1929,108.48,135.19,2,9,2,0.0,1.00,1.00,1.00,3.15,4.00,3.69,34.9,2.000,0.647,4.00
249000,3135,12,33.5,0.0,8.3,0.0,8.4,0.0,1.00,0.0,3,1210,86.99,38.20,3,4,5,0.0,1.00,1.00,1.00,4.00,4.08,4.08,31.2,2.000,0.709,4.08
249000,3069,9,51.3,0.0,12.8,0.0,12.9,0.0,1.00,0.0,5,1622,97.41,96.49,2,5,2,0.0,1.00,1.00,1.00,4.56,5.11,5.11,34.5,2.000,0.906,5.11
249000,2999,9,29.1,0.0,4.4,0.0,10.1,0.0,1.00,0.9,5,1567,57.84,54.73,2,4,3,0.0,1.00,1.00,1.00,3.67,3.78,3.78,35.1,2.000,0.256,4.00
249000,3104,8,32.0,0.0,6.2,0.0,9.8,0.0,1.00,0.0,4,1487,64.54,55.92,0,0,8,0.0,1.00,1.00,1.00,3.50,4.00,4.00,48.3,2.000,0.615,4.00
249000,3133,8,32.0,0.0,1.0,0.0,15.0,0.0,1.00,0.0,1,809,48.25,31.72,6,2,0,0.0,1.00,1.00,1.00,3.75,4.00,4.00,21.7,2.000,0.844,4.00
249000,2799,8,29.2,0.0,5.6,0.0,9.0,0.0,1.00,0.5,4,1224,82.54,58.49,2,6,0,0.0,1.00,1.00,1.00,3.25,3.75,4.00,25.0,2.000,0.445,4.00
249000,2956,6,57.7,0.0,9.5,0.0,19.3,0.0,1.00,0.0,3,1111,51.77,51.30,0,1,5,0.0,1.00,1.00,1.00,4.33,5.33,5.33,41.4,2.000,0.277,5.33
249000,3090,6,32.0,0.0,2.5,0.0,13.5,0.0,1.00,0.0,4,619,34.16,21.53,5,1,0,0.0,1.00,1.00,1.00,2.67,4.00,4.00,19.4,2.000,0.283,4.00
249000,3141,6,15.0,0.0,0.0,0.0,7.5,0.0,1.00,5.0,5,792,51.04,54.11,0,0,6,0.0,1.00,1.00,1.00,2.50,3.00,2.50,46.6,2.000,0.795,4.00
250000,2973,427,31.1,0.0,2.8,0.0,12.7,0.0,1.00,0.3,93,943,51.41,32.59,211,142,74,0.0,1.00,1.00,1.00,3.38,3.97,3.98,25.4,2.000,0.809,4.05
250000,3024,221,45.5,0.0,8.7,0.0,14.1,0.0,1.00,0.7,79,1066,69.12,48.80,41,59,121,0.0,1.00,1.00,1.00,3.80,4.81,4.73,37.6,2.000,0.566,4.94
250000,3132,192,40.8,0.0,7.0,0.0,13.4,0.0,1.00,0.4,60,1084,62.44,45.11,61,83,48,0.0,1.00,1.00,1.00,3.60,4.49,4.47,31.9,2.000,0.473,4.57
250000,3010,159,41.8,0.0,8.0,0.0,12.9,0.0,1.00,0.2,50,1002,53.73,49.43,59,65,35,0.0,1.00,1.00,1.00,3.57,4.53,4.58,28.8,2.000,0.369,4.59
250000,2158,122,36.9,0.0,6.5,0.0,11.9,0.0,1.00,0.3,41,1122,64.81,47.04,21,44,57,0.0,1.00,1.00,1.00,3.50,4.29,4.27,37.2,2.000,0.516,4.35
250000,2543,102,42.0,0.0,7.3,0.0,13.7,0.0,1.00,0.0,33,1165,67.38,49.93,33,24,45,0.0,1.00,1.00,1.00,3.77,4.58,4.58,33.7,2.000,0.823,4.59
250000,3066,83,36.6,0.0,7.8,0.0,10.5,0.0,1.00,0.2,21,979,48.64,38.15,32,39,12,0.0,1.00,1.00,1.00,3.65,4.23,4.25,27.9,2.000,0.500,4.30
250000,3099,57,33.2,0.0,6.0,0.0,10.6,0.0,1.00,0.0,16,1193,57.16,51.09,8,28,21,0.0,1.00,1.00,1.00,3.28,4.07,4.07,38.0,2.000,0.300,4.07
250000,3049,38,45.4,0.0,8.8,0.0,13.9,0.0,1.00,0.3,13,1237,84.67,61.80,2,22,14,0.0,1.00,1.00,1.00,3.79,4.74,4.82,38.9,2.000,0.764,4.84
250000,3055,31,60.2,0.0,11.3,0.0,18.8,0.0,1.00,0.5,10,1271,104.26,71.85,13,10,8,0.0,1.00,1.00,1.00,5.03,5.39,5.45,28.2,2.000,0.302,5.55
250000,2670,31,32.3,0.0,6.6,0.0,9.6,0.0,1.00,0.0,7,738,37.17,27.92,7,20,4,0.0,1.00,1.00,1.00,3.42,4.03,4.03,30.1,2.000,0.745,4.03
250000,3135,21,37.1,0.0,9.2,0.0,9.3,0.0,1.00,0.0,9,1024,54.16,36.63,15,4,2,0.0,1.00,1.00,1.00,3.52,4.29,4.29,18.9,2.000,0.737,4.29
250000,3109,18,51.2,0.0,0.0,0.0,25.6,0.0,1.00,0.6,4,1675,120.52,67.94,17,1,0,0.0,1.00,1.00,1.00,4.11,5.06,5.00,14.0,2.000,0.487,5.17
250000,2999,16,29.1,0.0,5.4,0.0,9.2,0.0,1.00,0.2,9,727,27.19,22.41,1,1,14,0.0,1.00,1.00,1.00,3.31,3.88,4.00,49.1,2.000,0.265,4.00
250000,3150,13,36.5,0.0,5.5,0.0,12.7,0.0,1.00,0.6,6,728,34.94,29.63,1,9,3,0.0,1.00,1.00,1.00,3.08,4.23,4.23,36.5,2.000,0.654,4.38
250000,3004,13,33.4,0.0,2.5,0.0,14.2,0.0,1.00,0.0,7,277,23.77,15.18,0,13,0,0.0,1.00,1.00,1.00,4.00,4.08,4.08,31.0,2.000,0.640,4.08
250000,3065,10,33.8,0.0,8.0,0.0,8.9,0.0,1.00,0.0,7,2088,95.07,72.60,0,0,10,0.0,1.00,1.00,1.00,3.20,4.10,4.10,45.3,2.000,0.697,4.10
250000,3126,9,32.0,0.0,2.0,0.0,14.0,0.0,1.00,0.0,2,1294,82.52,97.82,0,3,6,0.0,1.00,1.00,1.00,2.89,4.00,4.00,43.7,2.000,0.792,4.00
250000,3119,9,31.3,0.0,8.3,0.0,7.3,0.0,1.00,0.0,4,1091,55.19,45.07,0,0,9,0.0,1.00,1.00,1.00,3.78,4.00,4.00,45.3,2.000,0.938,4.00
250000,3071,9,32.0,0.0,0.0,0.0,16.0,0.0,1.00,0.0,1,1015,58.56,69.45,0,9,0,0.0,1.00,1.00,1.00,2.67,4.00,4.00,38.3,2.000,0.619,4.00
250000,3151,8,30.2,0.0,1.0,0.0,14.1,0.0,1.00,1.2,4,1311,66.63,73.10,0,8,0,0.0,1.00,1.00,1.00,3.25,3.88,3.75,29.1,2.000,0.308,4.12
250000,3051,7,32.0,0.0,0.0,0.0,16.0,0.0,1.00,0.0,1,1490,71.74,39.97,1,6,0,0.0,1.00,1.00,1.00,3.71,4.00,4.00,29.9,2.000,0.546,4.00
250000,3104,6,32.0,0.0,4.7,0.0,11.3,0.0,1.00,1.0,4,559,32.51,16.39,0,0,6,0.0,1.00,1.00,1.00,3.00,4.17,4.00,49.5,2.000,0.704,4.33
251000,2973,414,30.9,0.0,2.8,0.0,12.6,0.0,1.00,0.3,98,978,50.33,35.25,232,111,71,0.0,1.00,1.00,1.00,3.25,3.95,3.97,24.3,2.000,0.815,4.03
251000,3024,180,47.1,0.0,9.4,0.0,14.1,0.0,1.00,0.6,67,1058,61.50,46.56,37,68,75,0.0,1.00,1.00,1.00,3.94,4.81,4.91,35.4,2.000,0.563,5.01
251000,3010,170,46.7,0.0,8.0,0.0,15.3,0.0,1.00,0.1,47,990,56.83,46.32,73,51,46,0.0,1.00,1.00,1.00,3.91,4.79,4.81,28.2,2.000,0.332,4.84
251000,3132,132,41.8,0.0,7.2,0.0,13.7,0.0,1.00,0.1,35,1136,57.76,41.07,38,50,44,0.0,1.00,1.00,1.00,3.81,4.54,4.53,32.1,2.000,0.473,4.55
251000,2158,107,36.0,0.0,6.6,0.0,11.5,0.0,1.00,0.1,40,1158,64.26,51.13,26,30,51,0.0,1.00,1.00,1.00,3.67,4.25,4.26,34.8,2.000,0.513,4.28
251000,3066,99,36.3,0.0,7.2,0.0,11.0,0.1,1.00,0.1,24,917,43.47,35.57,43,30,26,0.1,1.00,1.00,1.00,3.52,4.23,4.26,28.6,2.000,0.483,4.28
251000,2543,87,42.5,0.0,6.8,0.0,14.4,0.0,1.00,0.3,38,1204,66.89,42.54,38,18,31,0.0,1.00,1.00,1.00,3.91,4.61,4.62,30.0,2.000,0.824,4.68
251000,3099,55,32.7,0.0,6.0,0.0,10.4,0.0,1.00,0.1,10,1107,47.32,47.00,6,24,25,0.0,1.00,1.00,1.00,3.51,4.04,4.04,38.4,2.000,0.298,4.05
251000,2670,27,32.6,0.0,7.2,0.0,9.1,0.0,1.00,0.0,9,1197,56.01,38.70,1,24,2,0.0,1.00,1.00,1.00,3.59,4.07,4.07,33.9,2.000,0.725,4.07
251000,3049,26,49.3,0.0,10.6,0.0,14.0,0.0,1.00,0.0,6,1273,90.17,78.52,5,15,6,0.0,1.00,1.00,1.00,4.00,4.96,4.96,33.7,2.000,0.752,4.96
251000,3055,25,59.4,0.0,11.6,0.0,18.1,0.0,1.00,0.6,9,1469,112.05,61.55,12,9,4,0.0,1.00,1.00,1.00,5.44,5.48,5.32,27.5,2.000,0.303,5.52
251000,3135,19,34.6,0.0,6.5,0.0,10.8,0.0,1.00,0.0,7,784,38.69,43.06,6,5,8,0.0,1.00,1.00,1.00,3.16,4.16,4.16,30.3,2.000,0.721,4.16
251000,3004,12,32.0,0.0,3.2,0.0,12.8,0.0,1.00,0.0,2,928,55.39,29.90,2,8,2,0.0,1.00,1.00,1.00,2.75,4.00,4.00,30.6,2.000,0.589,4.00
251000,3150,8,36.5,0.0,8.5,0.0,9.8,0.0,1.00,0.0,3,1388,55.69,38.15,2,3,3,0.0,1.00,1.00,1.00,4.00,4.25,4.25,36.7,2.000,0.641,4.25
251000,3169,8,47.0,0.0,13.5,0.0,10.0,0.0,1.00,0.0,4,1241,85.31,66.71,7,1,0,0.0,1.00,1.00,1.00,3.75,4.88,4.88,8.6,2.000,0.198,4.88
251000,3109,7,51.1,0.0,0.0,0.0,25.6,0.0,1.00,0.3,2,1890,157.78,86.09,5,2,0,0.0,1.00,1.00,1.00,4.00,5.14,5.00,15.9,2.000,0.508,5.14
251000,3051,7,34.6,0.0,0.0,0.0,17.3,0.0,1.00,0.0,2,995,45.61,20.41,6,1,0,0.0,1.00,1.00,1.00,3.71,4.14,4.14,18.7,2.000,0.589,4.14
251000,3126,5,30.4,0.0,3.6,0.0,11.6,0.0,1.00,0.0,3,1293,90.24,109.65,0,0,5,0.0,1.00,1.00,1.00,4.00,4.00,4.00,44.4,2.000,0.802,4.00
251000,3176,5,50.0,0.0,6.0,0.0,19.0,0.0,1.00,0.0,1,1697,75.65,44.56,2,3,0,0.0,1.00,1.00,1.00,4.00,5.00,5.00,24.1,2.000,0.154,5.00
251000,3119,5,26.0,0.0,0.0,0.0,13.0,0.0,1.00,1.2,3,1339,72.93,75.43,0,0,5,0.0,1.00,1.00,1.00,2.80,3.40,4.00,46.1,2.000,0.879,4.00
251000,3090,5,30.4,0.0,0.8,0.0,14.4,0.0,1.00,0.4,3,1134,52.35,62.43,4,1,0,0.0,1.00,1.00,1.00,4.00,3.80,4.00,14.9,2.000,0.282,4.00
252000,2973,370,30.8,0.0,2.7,0.0,12.7,0.0,1.00,0.4,94,1005,45.79,34.38,217,88,65,0.0,1.00,1.00,1.00,3.22,3.94,3.96,24.0,2.000,0.810,4.05
252000,3010,131,48.5,0.0,9.0,0.0,15.3,0.0,1.00,0.4,49,958,51.35,46.11,68,33,30,0.0,1.00,1.00,1.00,4.03,4.85,4.91,26.5,2.000,0.359,4.98
252000,3024,107,47.8,0.0,10.5,0.0,13.4,0.0,1.00,0.3,46,1071,62.88,49.53,30,38,39,0.0,1.00,1.00,1.00,3.90,4.90,4.93,31.7,2.000,0.556,4.98
252000,2158,92,35.6,0.0,7.2,0.0,10.6,0.0,1.00,0.2,35,1165,58.51,54.43,18,36,38,0.0,1.00,1.00,1.00,3.51,4.21,4.17,35.6,2.000,0.527,4.25
252000,3132,88,38.9,0.0,6.7,0.0,12.7,0.0,1.00,0.2,35,1124,61.06,37.84,34,36,18,0.0,1.00,1.00,1.00,3.59,4.38,4.42,27.8,2.000,0.556,4.45
252000,3066,86,37.7,0.0,7.4,0.0,11.4,0.1,1.00,0.4,29,1056,50.57,37.42,38,20,28,0.1,1.00,1.00,1.00,3.64,4.29,4.40,28.6,2.000,0.493,4.45
252000,3184,52,46.1,0.0,10.7,0.0,12.4,0.0,1.00,0.7,20,912,52.52,48.05,43,9,0,0.0,1.00,1.00,1.00,3.81,4.83,4.83,14.3,2.000,0.581,5.00
252000,3049,45,42.4,0.0,8.4,0.0,12.8,0.0,1.00,0.9,19,855,46.31,36.97,24,14,7,0.0,1.00,1.00,1.00,3.69,4.58,4.56,27.3,2.000,0.764,4.80
252000,3099,37,32.6,0.0,6.3,0.0,10.0,0.0,1.00,0.0,11,1225,47.58,52.69,5,17,15,0.0,1.00,1.00,1.00,3.32,4.05,4.05,38.5,2.000,0.310,4.05
252000,2543,27,33.9,0.0,5.4,0.0,11.5,0.0,1.00,0.2,11,1105,48.77,33.48,10,11,6,0.0,1.00,1.00,1.00,3.63,4.11,4.15,29.7,2.000,0.859,4.19
252000,3135,23,42.8,0.0,7.8,0.0,13.6,0.0,1.00,0.0,12,1011,49.08,63.26,16,2,5,0.0,1.00,1.00,1.00,3.70,4.52,4.52,19.2,2.000,0.704,4.52
252000,3055,22,53.9,0.0,10.7,0.0,16.2,0.0,1.00,0.5,9,919,75.05,36.74,15,4,3,0.0,1.00,1.00,1.00,4.64,5.05,5.27,25.6,2.000,0.305,5.27
252000,2670,15,31.3,0.0,6.3,0.1,9.3,0.0,1.00,0.3,5,1682,63.19,48.22,3,10,2,0.0,1.00,1.00,1.00,3.73,4.07,3.93,32.7,2.000,0.711,4.07
252000,3193,14,37.3,0.0,0.4,0.0,18.2,0.0,1.00,0.7,7,1165,62.03,46.56,0,4,10,0.0,1.00,1.00,1.00,3.29,4.29,4.21,43.9,2.000,0.958,4.43
252000,3169,9,42.2,0.0,10.6,0.0,10.6,0.0,1.00,0.0,4,726,59.07,58.03,9,0,0,0.0,1.00,1.00,1.00,3.89,4.67,4.67,5.8,2.000,0.240,4.67
252000,3004,8,30.7,0.0,3.4,0.0,12.0,0.0,1.00,0.5,4,1345,64.88,36.09,1,2,5,0.0,1.00,1.00,1.00,3.25,3.88,4.12,37.0,2.000,0.628,4.12
252000,2799,7,30.9,0.0,0.6,0.0,14.9,0.0,1.00,0.3,3,920,54.88,38.13,5,1,1,0.0,1.00,1.00,1.00,3.57,3.86,4.00,21.9,2.000,0.705,4.00
252000,2999,6,31.0,0.0,7.7,0.0,7.8,0.0,1.00,0.0,2,1483,53.38,66.02,0,0,6,0.0,1.00,1.00,1.00,3.17,4.00,4.00,48.1,2.000,0.285,4.00
252000,3119,5,32.0,0.0,8.0,0.0,8.0,0.0,1.00,0.0,1,1245,44.85,52.39,0,3,2,0.0,1.00,1.00,1.00,4.00,4.00,4.00,38.3,2.000,0.942,4.00
253000,2973,330,31.4,0.0,2.5,0.0,13.2,0.0,1.00,0.2,61,963,41.96,29.44,179,97,54,0.0,1.00,1.00,1.00,3.46,3.97,3.97,24.7,2.000,0.815,4.01
253000,3010,92,47.6,0.0,9.4,0.0,14.4,0.0,1.00,0.4,35,1337,77.13,68.04,54,18,20,0.0,1.00,1.00,1.00,4.04,4.90,4.84,25.9,2.000,0.361,4.95
253000,3184,66,48.4,0.0,12.0,0.0,12.2,0.0,1.00,0.1,23,837,42.85,46.23,57,7,2,0.0,1.00,1.00,1.00,3.92,4.95,4.95,13.3,2.000,0.568,4.98
253000,3066,53,38.7,0.0,7.3,0.0,12.1,0.0,1.00,0.2,17,1326,59.68,41.00,25,16,12,0.0,1.00,1.00,1.00,3.60,4.36,4.40,28.2,2.000,0.515,4.42
253000,2158,51,35.3,0.0,6.4,0.0,11.2,0.0,1.00,0.2,24,1494,57.92,50.71,13,23,15,0.0,1.00,1.00,1.00,3.63,4.20,4.18,31.8,2.000,0.516,4.24
253000,3024,39,49.6,0.0,12.3,0.0,12.5,0.0,1.00,0.1,17,1506,80.40,54.00,15,17,7,0.0,1.00,1.00,1.00,4.00,5.00,4.97,28.4,2.000,0.565,5.00
253000,3132,39,39.3,0.0,8.9,0.0,10.8,0.0,1.00,0.2,13,1147,57.92,42.93,12,13,14,0.0,1.00,1.00,1.00,3.54,4.46,4.36,32.2,2.000,0.512,4.46
253000,3049,37,46.6,0.0,9.1,0.0,14.2,0.0,1.00,0.0,11,1032,50.28,45.32,22,3,12,0.0,1.00,1.00,1.00,3.95,4.81,4.81,26.1,2.000,0.738,4.81
253000,3055,14,56.6,0.0,13.4,0.0,14.9,0.0,1.00,0.1,6,1676,132.29,70.07,4,10,0,0.0,1.00,1.00,1.00,4.79,5.36,5.29,28.5,2.000,0.289,5.36
253000,2543,13,31.5,0.0,6.7,0.0,9.1,0.0,1.00,0.0,6,1383,58.56,38.25,9,4,0,0.0,1.00,1.00,1.00,3.54,4.00,4.00,21.3,2.000,0.830,4.00
253000,3099,11,32.0,0.0,4.1,0.0,11.9,0.0,1.00,0.0,4,1466,57.66,48.86,1,1,9,0.0,1.00,1.00,1.00,3.55,4.00,4.00,45.1,2.000,0.316,4.00
253000,3135,11,42.9,0.0,4.3,0.0,17.2,0.0,1.00,0.0,5,824,41.92,44.34,11,0,0,0.0,1.00,1.00,1.00,3.91,4.64,4.64,11.7,2.000,0.719,4.64
253000,2799,6,30.3,0.0,2.5,0.0,12.7,0.0,1.00,0.0,4,1079,51.82,28.90,3,3,0,0.0,1.00,1.00,1.00,4.00,4.00,4.00,23.7,2.000,0.670,4.00
253000,2670,6,31.8,0.0,7.3,0.2,8.5,0.0,1.00,0.0,3,1884,59.10,40.38,2,2,2,0.0,1.00,1.00,1.00,3.67,4.00,4.00,33.3,2.000,0.720,4.00
254000,2973,224,31.4,0.0,2.7,0.0,13.0,0.0,1.00,0.2,44,1056,46.26,29.12,152,52,20,0.0,1.00,1.00,1.00,3.33,3.97,3.98,21.0,2.000,0.810,4.02
254000,3184,57,49.2,0.0,10.8,0.0,13.8,0.0,1.00,0.3,21,967,60.45,48.33,48,5,4,0.0,1.00,1.00,1.00,4.02,5.00,4.98,15.2,2.000,0.558,5.07
254000,3010,49,46.1,0.0,10.7,0.0,12.3,0.0,1.00,0.4,20,1348,67.05,50.78,33,11,5,0.0,1.00,1.00,1.00,3.86,4.76,4.71,23.3,2.000,0.354,4.84
254000,3049,27,44.4,0.0,9.1,0.0,13.1,0.0,1.00,0.3,11,1016,42.82,37.25,18,6,3,0.0,1.00,1.00,1.00,3.85,4.67,4.81,21.9,2.000,0.693,4.81
254000,2158,24,36.5,0.0,6.7,0.0,11.6,0.0,1.00,0.5,14,1682,61.49,38.41,12,6,6,0.0,1.00,1.00,1.00,3.54,4.25,4.17,26.5,2.000,0.501,4.33
254000,3066,21,43.1,0.0,8.5,0.0,13.1,0.0,1.00,0.0,6,1462,71.57,53.98,12,3,6,0.0,1.00,1.00,1.00,3.90,4.62,4.62,27.0,2.000,0.478,4.62
254000,3214,17,29.4,0.0,4.7,0.0,10.0,0.0,1.00,0.6,10,553,24.70,11.99,15,2,0,0.0,1.00,1.00,1.00,3.35,3.88,3.82,20.5,2.000,0.857,4.00
254000,2543,16,30.5,0.0,5.8,0.0,9.5,0.0,1.00,0.4,9,1088,45.88,32.95,11,1,4,0.0,1.00,1.00,1.00,3.25,4.00,3.94,21.9,2.000,0.830,4.06
254000,3132,15,40.1,0.0,9.8,0.0,10.3,0.0,1.00,0.4,8,1573,102.63,71.56,10,4,1,0.0,1.00,1.00,1.00,3.87,4.47,4.40,23.3,2.000,0.501,4.53
254000,3169,13,48.3,0.0,13.0,0.0,11.2,0.0,1.00,0.2,4,877,62.32,41.56,12,0,1,0.0,1.00,1.00,1.00,3.77,4.92,5.00,10.0,2.000,0.157,5.00
254000,3024,12,50.0,0.0,15.1,0.0,9.9,0.0,1.00,0.0,2,1120,46.37,44.71,8,2,2,0.0,1.00,1.00,1.00,4.00,5.00,5.00,19.6,2.000,0.699,5.00
254000,3135,9,39.8,0.0,4.4,0.0,15.4,0.0,1.00,0.2,7,1402,76.51,41.82,8,1,0,0.0,1.00,1.00,1.00,3.44,4.44,4.56,13.9,2.000,0.757,4.56
254000,2999,6,32.0,0.0,8.0,0.0,8.0,0.0,1.00,0.0,1,1002,26.21,23.59,4,1,1,0.0,1.00,1.00,1.00,3.33,4.00,4.00,23.0,2.000,0.273,4.00
254000,3055,6,50.0,0.0,13.3,0.0,11.7,0.0,1.00,0.0,3,1376,79.18,19.74,6,0,0,0.0,1.00,1.00,1.00,4.00,5.00,5.00,14.1,2.000,0.312,5.00
254000,3111,5,50.0,0.0,17.4,0.0,7.6,0.0,1.00,0.0,2,1365,103.24,19.93,5,0,0,0.0,1.00,1.00,1.00,4.00,5.00,5.00,12.8,2.000,0.541,5.00
255000,2973,164,30.4,0.0,2.4,0.0,12.8,0.0,1.00,0.5,35,815,40.79,24.70,129,28,7,0.0,1.00,1.00,1.00,3.37,3.90,3.92,16.8,2.000,0.790,4.05
255000,3184,35,55.9,0.0,13.0,0.0,14.9,0.0,1.00,0.1,13,1139,72.44,59.57,28,6,1,0.0,1.00,1.00,1.00,4.29,5.26,5.29,17.1,2.000,0.561,5.29
255000,3066,22,40.8,0.0,4.8,0.0,15.6,0.0,1.00,0.2,9,568,26.35,17.58,20,1,1,0.0,1.00,1.00,1.00,3.73,4.59,4.59,18.1,2.000,0.478,4.64
255000,3010,18,36.4,0.0,10.0,0.0,8.2,0.0,1.00,0.2,9,1342,58.48,48.07,10,7,1,0.0,1.00,1.00,1.00,3.56,4.33,4.22,17.8,2.000,0.386,4.33
255000,3214,17,29.2,0.0,5.5,0.0,9.1,0.0,1.00,0.6,7,1091,47.02,22.07,13,4,0,0.0,1.00,1.00,1.00,3.18,3.82,3.88,19.7,2.000,0.865,4.00
255000,3169,14,48.7,0.0,11.7,0.0,12.6,0.0,1.00,0.0,4,960,59.60,37.86,11,3,0,0.0,1.00,1.00,1.00,4.00,4.93,4.93,14.1,2.000,0.177,4.93
255000,3024,13,50.6,0.0,12.8,0.0,12.5,0.0,1.00,0.0,4,1077,45.86,41.17,10,3,0,0.0,1.00,1.00,1.00,4.00,5.08,5.08,16.7,2.000,0.712,5.08
255000,3132,12,44.2,0.0,8.7,0.0,13.4,0.0,1.00,0.7,7,541,21.16,31.91,12,0,0,0.0,1.00,1.00,1.00,3.83,4.67,4.67,13.6,2.000,0.448,4.83
255000,2543,11,39.6,0.0,5.6,0.0,14.2,0.0,1.00,0.0,5,1147,45.77,31.43,11,0,0,0.0,1.00,1.00,1.00,3.82,4.36,4.36,9.0,2.000,0.820,4.36
255000,3049,9,45.3,0.0,9.8,0.0,12.9,0.0,1.00,0.7,4,1446,67.39,41.77,6,3,0,0.0,1.00,1.00,1.00,3.78,4.89,4.56,18.1,2.000,0.728,4.89
255000,2158,7,35.7,0.0,3.9,0.0,14.0,0.0,1.00,0.6,6,1107,50.34,55.23,6,1,0,0.0,1.00,1.00,1.00,3.57,4.43,4.29,13.9,2.000,0.531,4.43
255000,3055,6,48.7,0.0,13.5,0.0,10.8,0.0,1.00,0.0,3,1474,90.26,50.79,3,3,0,0.0,1.00,1.00,1.00,3.83,5.00,5.00,23.7,2.000,0.403,5.00
256000,2973,157,30.4,0.0,2.6,0.0,12.6,0.0,1.00,0.4,36,989,53.20,25.66,124,30,3,0.0,1.00,1.00,1.00,3.24,3.89,3.94,16.6,2.000,0.788,4.02
256000,3184,45,52.4,0.0,10.7,0.0,15.5,0.0,1.00,0.1,24,846,54.56,39.05,32,9,4,0.0,1.00,1.00,1.00,4.33,5.09,5.13,16.4,2.000,0.572,5.13
256000,3066,32,37.2,0.0,5.0,0.1,13.5,0.0,1.00,0.3,10,591,32.83,23.30,23,7,2,0.0,1.00,1.00,1.00,3.75,4.28,4.44,19.8,2.000,0.437,4.44
256000,3024,23,53.2,0.0,11.3,0.0,15.3,0.0,1.00,0.2,7,528,24.84,39.33,23,0,0,0.0,1.00,1.00,1.00,4.09,5.17,5.09,15.5,2.000,0.676,5.17
256000,3214,18,32.0,0.0,6.3,0.0,9.7,0.0,1.00,0.0,7,908,38.31,21.31,15,2,1,0.0,1.00,1.00,1.00,3.78,4.00,4.00,18.2,2.000,0.863,4.00
256000,2543,18,36.1,0.0,7.3,0.0,10.7,0.0,1.00,0.1,5,875,36.53,39.70,16,2,0,0.0,1.00,1.00,1.00,3.44,4.22,4.28,12.7,2.000,0.806,4.28
256000,3010,15,41.6,0.0,12.7,0.0,8.1,0.0,1.00,0.0,5,1414,68.70,42.53,8,7,0,0.0,1.00,1.00,1.00,3.87,4.53,4.53,19.3,2.000,0.441,4.53
256000,3132,10,46.4,0.0,9.1,0.0,14.1,0.0,1.00,0.0,6,1116,53.23,83.84,4,6,0,0.0,1.00,1.00,1.00,4.00,4.80,4.80,26.0,2.000,0.398,4.80
256000,3169,8,47.8,0.0,14.1,0.0,9.8,0.0,1.00,0.0,2,1659,92.10,57.28,5,2,1,0.0,1.00,1.00,1.00,4.00,4.88,4.88,22.0,2.000,0.175,4.88
256000,3166,8,52.8,0.0,9.9,0.0,16.5,0.0,1.00,0.0,5,1328,79.19,47.02,4,1,3,0.0,1.00,1.00,1.00,4.25,5.12,5.12,30.8,2.000,0.541,5.12
256000,3049,7,50.0,0.0,11.0,0.0,14.0,0.0,1.00,0.0,1,960,54.28,33.23,6,1,0,0.0,1.00,1.00,1.00,4.00,5.00,5.00,12.8,2.000,0.752,5.00
256000,2158,5,46.4,0.0,1.8,0.0,21.4,0.0,1.00,0.0,2,1379,74.40,15.43,4,1,0,0.0,1.00,1.00,1.00,4.00,4.80,4.80,17.9,2.000,0.590,4.80
257000,2973,259,31.0,0.0,2.8,0.0,12.7,0.0,1.00,0.2,49,926,49.23,17.81,148,76,35,0.0,1.00,1.00,1.00,3.39,3.94,3.97,24.1,2.000,0.785,4.00
257000,3214,44,30.4,0.0,6.8,0.0,8.3,0.0,1.00,0.1,16,775,40.16,19.34,29,2,13,0.0,1.00,1.00,1.00,3.11,3.93,4.00,24.3,2.000,0.848,4.00
257000,3169,34,38.2,0.0,10.1,0.0,9.0,0.0,1.00,0.5,14,625,32.91,16.17,28,5,1,0.0,1.00,1.00,1.00,3.38,4.47,4.38,16.0,2.000,0.213,4.53
257000,3066,33,37.6,0.0,5.0,0.0,13.8,0.0,1.00,0.5,11,1136,62.34,23.65,19,13,1,0.0,1.00,1.00,1.00,3.33,4.30,4.30,23.1,2.000,0.483,4.42
257000,3184,31,51.2,0.0,13.0,0.0,12.6,0.0,1.00,0.5,15,1306,85.25,42.66,14,7,10,0.0,1.00,1.00,1.00,4.45,5.06,5.00,25.6,2.000,0.560,5.16
257000,3024,19,48.8,0.0,14.4,0.0,10.1,0.0,1.00,0.2,6,1191,61.72,50.72,6,3,10,0.0,1.00,1.00,1.00,4.00,5.00,4.89,35.4,2.000,0.655,5.00
257000,3010,16,39.9,0.0,10.2,0.0,9.7,0.0,1.00,0.0,6,1212,62.10,33.45,9,4,3,0.0,1.00,1.00,1.00,3.38,4.44,4.44,22.0,2.000,0.409,4.44
257000,2543,15,35.6,0.0,8.0,0.0,9.8,0.0,1.00,0.0,4,1218,55.48,32.83,10,3,2,0.0,1.00,1.00,1.00,3.60,4.20,4.20,24.8,2.000,0.798,4.20
257000,3132,12,43.5,0.0,8.6,0.0,13.2,0.0,1.00,0.2,8,1256,70.72,65.04,9,0,3,0.0,1.00,1.00,1.00,3.75,4.75,4.67,25.3,2.000,0.438,4.75
257000,3166,10,51.0,0.0,10.1,0.0,15.4,0.0,1.00,0.0,6,1236,69.37,24.00,6,4,0,0.0,1.00,1.00,1.00,4.20,5.10,5.10,23.5,2.000,0.552,5.10
257000,3049,6,50.0,0.0,11.3,0.0,13.7,0.0,1.00,0.0,2,1083,70.22,9.97,2,2,2,0.0,1.00,1.00,1.00,4.00,5.00,5.00,31.3,2.000,0.730,5.00
258000,2973,403,30.8,0.0,3.1,0.0,12.3,0.0,1.00,0.2,73,901,47.98,14.45,191,134,78,0.0,1.00,1.00,1.00,3.42,3.94,3.95,26.9,2.000,0.767,4.00
258000,3066,94,39.5,0.0,5.3,0.0,14.4,0.0,1.00,0.3,22,725,42.27,13.15,41,30,23,0.0,1.00,1.00,1.00,3.67,4.45,4.43,27.2,2.000,0.510,4.51
258000,3214,61,30.4,0.0,6.4,0.0,8.8,0.0,1.00,0.3,19,992,50.54,15.69,30,15,16,0.0,1.00,1.00,1.00,3.11,3.92,3.93,28.2,2.000,0.858,4.00
258000,3169,54,41.1,0.0,10.5,0.0,10.1,0.0,1.00,0.0,17,819,45.12,21.11,23,18,13,0.0,1.00,1.00,1.00,3.52,4.50,4.50,25.8,2.000,0.194,4.50
258000,3271,52,30.8,0.0,6.8,0.0,8.6,0.0,1.00,0.2,12,879,42.94,17.87,27,17,8,0.0,1.00,1.00,1.00,3.44,4.00,3.90,26.1,2.000,0.849,4.00
258000,3184,44,51.6,0.0,13.3,0.0,12.5,0.0,1.00,0.1,19,1134,74.12,46.31,33,2,9,0.0,1.00,1.00,1.00,4.05,5.14,5.09,17.0,2.000,0.550,5.14
258000,2543,37,33.1,0.0,6.2,0.0,10.4,0.0,1.00,0.1,10,1314,62.35,23.79,14,16,7,0.0,1.00,1.00,1.00,3.51,4.14,4.16,28.4,2.000,0.819,4.16
258000,3024,36,46.9,0.0,13.6,0.0,9.9,0.0,1.00,0.2,10,1028,54.55,30.56,15,8,13,0.0,1.00,1.00,1.00,3.86,4.92,4.86,29.3,2.000,0.692,4.94
258000,3270,24,32.8,0.0,3.3,0.0,13.0,0.0,1.00,0.0,6,945,55.34,14.29,11,6,7,0.0,1.00,1.00,1.00,3.75,4.04,4.04,29.8,2.000,0.793,4.04
258000,3166,22,54.2,0.0,9.0,0.0,18.1,0.0,1.00,0.6,12,839,53.56,14.82,11,7,4,0.0,1.00,1.00,1.00,4.50,5.32,5.27,29.2,2.000,0.540,5.45
258000,3010,17,41.1,0.0,11.8,0.0,8.8,0.0,1.00,0.5,8,1308,69.40,29.01,9,3,5,0.0,1.00,1.00,1.00,3.88,4.41,4.53,27.3,2.000,0.432,4.59
258000,3272,17,30.8,0.0,1.3,0.0,14.1,0.0,1.00,0.2,4,914,43.80,6.38,3,6,8,0.0,1.00,1.00,1.00,3.29,3.88,4.00,37.5,2.000,0.643,4.00
258000,3049,12,50.0,0.0,11.0,0.0,14.0,0.0,1.00,0.0,3,1233,72.72,14.16,4,2,6,0.0,1.00,1.00,1.00,4.00,5.00,5.00,30.8,2.000,0.758,5.00
258000,3132,6,48.7,0.0,10.3,0.0,14.0,0.0,1.00,0.0,4,1526,95.88,33.02,3,3,0,0.0,1.00,1.00,1.00,3.83,5.00,5.00,24.9,2.000,0.417,5.00
258000,2158,6,47.0,0.0,9.5,0.0,14.0,0.0,1.00,0.0,5,730,44.23,7.51,0,6,0,0.0,1.00,1.00,1.00,4.00,4.83,4.83,35.0,2.000,0.472,4.83
259000,2973,594,31.1,0.0,3.3,0.0,12.3,0.0,1.00,0.3,100,924,48.94,17.21,236,206,152,0.0,1.00,1.00,1.00,3.38,3.95,3.95,29.0,2.000,0.761,4.03
259000,3278,125,31.8,0.0,1.1,0.0,14.8,0.0,1.00,0.1,24,888,52.87,11.45,59,27,39,0.0,1.00,1.00,1.00,3.43,4.03,4.00,28.7,2.000,0.845,4.05
259000,3066,125,42.2,0.0,6.2,0.0,14.9,0.0,1.00,0.6,39,809,51.37,24.24,50,41,34,0.0,1.00,1.00,1.00,3.75,4.51,4.64,30.6,2.000,0.484,4.71
259000,3214,96,31.1,0.0,6.3,0.0,9.3,0.0,1.00,0.1,20,1011,50.33,17.80,35,21,40,0.0,1.00,1.00,1.00,3.40,3.98,3.96,32.9,2.000,0.860,4.00
259000,3169,96,37.0,0.0,9.9,0.0,8.6,0.0,1.00,0.5,30,1041,52.59,25.01,41,23,32,0.0,1.00,1.00,1.00,3.47,4.26,4.30,29.4,2.000,0.212,4.40
259000,3024,63,49.7,0.0,13.2,0.0,11.7,0.0,1.00,0.2,16,574,36.68,25.41,20,34,9,0.0,1.00,1.00,1.00,4.00,5.02,5.00,28.5,2.000,0.707,5.06
259000,3271,60,31.0,0.0,7.3,0.0,8.2,0.0,1.00,0.2,8,1127,51.84,21.58,36,11,13,0.0,1.00,1.00,1.00,3.22,3.92,3.97,24.5,2.000,0.839,4.00
259000,3279,58,31.6,0.0,8.3,0.0,7.5,0.0,1.00,0.1,18,892,36.19,16.85,24,20,14,0.0,1.00,1.00,1.00,3.36,4.00,3.98,28.5,2.000,0.881,4.02
259000,3184,40,45.8,0.0,11.7,0.0,11.2,0.0,1.00,1.4,23,928,59.86,28.79,32,2,6,0.0,1.00,1.00,1.00,4.07,4.68,4.88,19.9,2.000,0.550,5.12
259000,3270,30,31.6,0.0,2.8,0.0,13.0,0.0,1.00,0.0,8,865,45.15,18.94,16,7,7,0.0,1.00,1.00,1.00,3.43,4.03,4.03,28.1,2.000,0.767,4.03
259000,3272,28,31.1,0.0,1.5,0.0,14.0,0.0,1.00,0.2,5,1074,53.93,14.25,1,14,13,0.0,1.00,1.00,1.00,3.46,3.93,3.96,38.0,2.000,0.618,4.00
259000,3010,25,41.9,0.0,10.9,0.0,10.0,0.0,1.00,0.3,8,1116,65.62,31.37,13,7,5,0.0,1.00,1.00,1.00,3.80,4.48,4.64,22.0,2.000,0.398,4.64
259000,3049,20,46.4,0.0,10.1,0.0,13.1,0.0,1.00,0.0,7,954,54.65,23.58,7,9,4,0.0,1.00,1.00,1.00,3.80,4.80,4.80,27.1,2.000,0.724,4.80
259000,2543,18,28.7,0.0,4.8,0.0,9.6,0.0,1.00,1.3,8,1185,53.86,27.54,6,10,2,0.0,1.00,1.00,1.00,3.28,3.67,3.89,26.9,2.000,0.835,4.11
259000,3166,16,45.0,0.0,9.1,0.0,13.4,0.0,1.00,1.6,7,1297,76.58,22.69,8,3,5,0.0,1.00,1.00,1.00,3.75,4.88,4.94,28.8,2.000,0.541,5.31
259000,2158,9,47.3,0.0,7.6,0.0,16.1,0.0,1.00,0.0,6,718,47.79,16.02,0,8,1,0.0,1.00,1.00,1.00,4.00,4.89,4.89,34.9,2.000,0.476,4.89
259000,3280,9,26.9,0.0,3.3,0.0,10.1,0.0,1.00,1.6,4,1811,97.57,22.16,5,1,3,0.0,1.00,1.00,1.00,3.00,3.67,3.56,28.4,2.000,0.488,4.00
259000,3132,5,52.8,0.0,15.2,0.0,11.2,0.0,1.00,0.0,3,1463,81.79,24.80,1,4,0,0.0,1.00,1.00,1.00,4.40,5.20,5.20,26.0,2.000,0.514,5.20
260000,2973,708,31.3,0.0,3.2,0.0,12.5,0.0,1.00,0.1,101,984,52.75,24.75,247,233,228,0.0,1.00,1.00,1.00,3.43,3.98,3.97,30.9,2.000,0.767,4.01
260000,3066,202,41.0,0.0,6.1,0.0,14.3,0.0,1.01,0.6,71,958,63.32,33.26,71,84,47,0.0,1.01,1.00,1.01,3.67,4.53,4.52,29.9,2.000,0.466,4.68
260000,3278,152,30.9,0.0,1.2,0.0,14.3,0.0,1.00,0.3,29,900,55.04,17.37,56,33,63,0.0,1.00,1.00,1.00,3.38,3.95,3.99,31.9,2.000,0.851,4.05
260000,3214,133,30.5,0.0,6.6,0.0,8.7,0.0,1.00,0.2,36,900,45.09,21.34,29,39,65,0.0,1.00,1.00,1.00,3.53,3.98,3.95,37.0,2.000,0.836,4.00
260000,3271,124,29.4,0.0,5.7,0.0,9.0,0.0,1.00,0.5,47,808,38.71,17.40,58,32,34,0.0,1.00,1.00,1.00,3.21,3.87,3.88,28.2,2.000,0.823,4.00
260000,3024,80,47.6,0.0,12.1,0.0,11.8,0.0,1.00,0.7,30,996,61.33,38.55,28,38,14,0.0,1.00,1.00,1.00,3.90,4.90,4.99,29.4,2.000,0.671,5.10
260000,3169,67,37.2,0.0,9.4,0.0,9.1,0.0,1.00,0.1,18,1275,64.22,31.65,30,22,15,0.0,1.00,1.00,1.00,3.63,4.31,4.31,27.5,2.000,0.236,4.34
260000,3279,67,32.5,0.0,7.0,0.0,9.3,0.0,1.00,0.0,14,929,35.84,21.91,40,21,6,0.0,1.00,1.00,1.00,3.34,4.03,4.03,22.0,2.000,0.889,4.03
260000,3272,34,32.5,0.0,0.9,0.0,15.3,0.0,1.00,0.0,5,1025,55.56,45.13,1,18,15,0.0,1.00,1.00,1.00,3.56,4.03,4.03,37.1,2.000,0.610,4.03
260000,3184,33,49.6,0.0,13.2,0.0,11.6,0.0,1.00,0.1,16,1483,88.54,50.44,25,2,6,0.0,1.00,1.00,1.00,3.97,5.03,4.97,19.8,2.000,0.548,5.03
260000,3010,26,42.1,0.0,7.9,0.0,13.2,0.0,1.00,0.4,11,676,55.07,46.88,3,13,10,0.0,1.00,1.00,1.00,3.73,4.54,4.58,34.5,2.000,0.367,4.65
260000,3049,20,47.3,0.0,10.1,0.0,13.5,0.0,1.00,0.0,4,1036,70.22,47.84,16,2,2,0.0,1.00,1.00,1.00,3.90,4.85,4.85,18.0,2.000,0.757,4.85
260000,3270,19,31.5,0.0,2.4,0.0,13.4,0.0,1.00,0.0,7,1143,69.86,29.07,9,6,4,0.0,1.00,1.00,1.00,3.74,4.00,4.00,26.4,2.000,0.776,4.00
260000,3166,11,47.1,0.0,9.7,0.0,13.8,0.0,1.00,1.1,5,1972,118.53,40.12,5,2,4,0.0,1.00,1.00,1.00,3.82,4.82,5.00,29.9,2.000,0.544,5.18
260000,3280,8,29.0,0.0,0.0,0.0,14.5,0.0,1.00,0.8,2,914,57.03,24.22,0,0,8,0.0,1.00,1.00,1.00,2.75,3.62,4.00,46.7,2.000,0.510,4.00
260000,2158,7,46.3,0.0,7.4,0.0,15.7,0.0,1.00,0.3,4,1357,94.26,66.25,1,4,2,0.0,1.00,1.00,1.00,3.86,4.86,5.00,33.5,2.000,0.450,5.00
261000,2973,874,31.0,0.0,3.3,0.0,12.1,0.0,1.00,0.2,128,1076,60.33,35.91,277,325,272,0.0,1.00,1.00,1.00,3.37,3.95,3.95,31.3,2.000,0.763,4.01
261000,3066,191,42.3,0.0,7.0,0.0,14.2,0.0,1.00,0.6,71,995,72.45,38.81,60,70,61,0.0,1.00,1.00,1.00,3.74,4.57,4.59,32.3,2.000,0.475,4.72
261000,3278,168,30.8,0.0,0.9,0.0,14.5,0.0,1.00,0.5,30,955,56.50,21.09,60,42,66,0.0,1.00,1.00,1.00,3.46,3.96,3.92,33.0,2.000,0.855,4.05
261000,3214,148,31.3,0.0,6.3,0.0,9.3,0.0,1.00,0.1,29,1062,53.66,38.25,26,42,80,0.0,1.00,1.00,1.00,3.51,3.97,3.99,37.8,2.000,0.838,4.00
261000,3271,112,30.1,0.0,6.0,0.0,9.0,0.0,1.00,0.4,37,1048,52.54,27.67,35,35,42,0.0,1.00,1.00,1.00,3.46,3.88,3.95,33.4,2.000,0.825,4.01
261000,3024,91,47.9,0.0,10.1,0.0,13.8,0.0,1.00,0.8,39,1035,79.75,41.51,25,35,31,0.0,1.00,1.00,1.00,3.88,4.84,5.01,31.5,2.000,0.701,5.11
261000,3279,89,31.8,0.0,7.5,0.0,8.3,0.0,1.00,0.0,24,1018,47.80,35.54,47,28,14,0.0,1.00,1.00,1.00,3.51,4.04,4.04,24.3,2.000,0.891,4.06
261000,3169,60,37.6,0.0,8.8,0.0,10.1,0.0,1.00,0.2,18,1333,72.12,56.74,19,23,18,0.0,1.00,1.00,1.00,3.47,4.32,4.33,29.3,2.000,0.247,4.37
261000,3010,32,39.9,0.0,8.7,0.0,11.2,0.0,1.00,0.8,13,992,73.92,65.37,13,10,9,0.0,1.00,1.00,1.00,3.47,4.41,4.47,28.5,2.000,0.341,4.62
261000,3184,22,48.9,0.0,11.6,0.0,12.8,0.0,1.00,0.3,9,1156,71.37,63.42,14,4,4,0.0,1.00,1.00,1.00,3.95,5.05,4.91,20.7,2.000,0.555,5.05
261000,3049,22,45.6,0.0,9.3,0.0,13.5,0.0,1.00,0.0,6,973,56.78,40.54,11,9,2,0.0,1.00,1.00,1.00,4.00,4.77,4.77,25.5,2.000,0.758,4.77
261000,3270,15,28.3,0.0,2.9,0.0,11.2,0.0,1.00,0.4,10,1646,77.37,39.59,5,8,2,0.0,1.00,1.00,1.00,3.27,3.93,3.87,27.5,2.000,0.761,4.00
261000,2158,15,47.2,0.0,9.3,0.0,14.3,0.0,1.00,0.4,6,1067,69.52,48.08,4,7,4,0.0,1.00,1.00,1.00,3.80,4.93,4.73,32.3,2.000,0.481,4.93
261000,3287,9,34.0,0.0,9.1,0.0,7.9,0.0,1.00,0.0,2,1474,54.11,52.20,5,3,1,0.0,1.00,1.00,1.00,3.56,4.11,4.11,24.8,2.000,0.353,4.11
261000,3055,5,50.0,0.0,5.0,0.0,20.0,0.0,1.00,0.0,3,687,67.19,20.28,0,0,5,0.0,1.00,1.00,1.00,4.00,5.00,5.00,49.6,2.000,0.378,5.00
262000,2973,1019,30.9,0.0,3.7,0.0,11.8,0.0,1.00,0.3,163,955,51.75,35.84,350,347,322,0.0,1.00,1.00,1.00,3.45,3.94,3.95,30.9,2.000,0.775,4.02
262000,3214,356,30.7,0.0,5.9,0.0,9.4,0.0,1.00,0.2,67,954,48.03,35.62,78,119,159,0.0,1.00,1.00,1.00,3.49,3.94,3.98,35.7,2.000,0.827,4.01
262000,3066,189,42.9,0.0,6.5,0.0,14.9,0.0,1.00,0.6,64,997,67.13,45.19,70,69,50,0.0,1.00,1.00,1.00,3.80,4.66,4.63,30.8,2.000,0.483,4.78
262000,3278,174,30.4,0.0,1.0,0.0,14.2,0.0,1.00,0.4,31,1046,60.31,30.32,45,58,71,0.0,1.00,1.00,1.00,3.29,3.91,3.92,35.2,2.000,0.830,4.02
262000,3024,76,50.9,0.0,11.1,0.0,14.4,0.0,1.00,0.6,32,904,61.52,47.50,22,34,20,0.0,1.00,1.00,1.00,3.96,5.01,5.12,32.0,2.000,0.705,5.22
262000,3279,71,31.4,0.0,6.3,0.0,9.4,0.0,1.00,0.2,16,1194,59.14,49.44,41,20,10,0.0,1.00,1.00,1.00,3.68,3.94,4.00,25.4,2.000,0.888,4.01
262000,3169,70,39.2,0.0,8.5,0.0,11.1,0.0,1.00,0.0,22,959,55.59,44.11,31,30,9,0.0,1.00,1.00,1.00,3.69,4.43,4.43,26.4,2.000,0.239,4.43
262000,3010,46,42.4,0.0,9.2,0.0,12.0,0.0,1.00,0.2,14,791,52.24,42.32,27,11,8,0.0,1.00,1.00,1.00,3.83,4.59,4.57,24.0,2.000,0.319,4.63
262000,3270,16,28.7,0.0,1.2,0.0,13.1,0.0,1.00,0.1,6,773,39.18,28.62,0,15,1,0.0,1.00,1.00,1.00,3.31,4.00,3.94,37.4,2.000,0.811,4.00
262000,2158,15,47.6,0.0,10.9,0.0,12.9,0.0,1.00,0.0,4,652,38.50,25.72,9,1,5,0.0,1.00,1.00,1.00,4.00,4.87,4.87,28.6,2.000,0.537,4.87
262000,3287,12,33.5,0.0,8.7,0.0,8.1,0.0,1.00,0.0,3,1010,37.14,30.44,9,1,2,0.0,1.00,1.00,1.00,3.83,4.08,4.08,24.6,2.000,0.335,4.08
262000,3184,12,50.0,0.0,12.9,0.0,12.1,0.0,1.00,0.0,2,830,60.28,34.12,12,0,0,0.0,1.00,1.00,1.00,4.00,5.00,5.00,8.7,2.000,0.518,5.00
262000,3049,12,47.0,0.0,7.0,0.0,16.5,0.0,1.00,0.0,4,1169,68.62,42.08,9,3,0,0.0,1.00,1.00,1.00,4.00,4.83,4.83,17.7,2.000,0.732,4.83
262000,3132,9,30.7,0.0,6.9,0.0,8.4,0.0,1.00,0.0,5,660,36.70,55.62,0,0,9,0.0,1.00,1.00,1.00,3.78,4.00,4.00,42.6,2.000,0.708,4.00
262000,3271,6,26.7,0.0,0.0,0.0,13.3,0.0,1.00,1.3,3,580,54.39,61.82,0,0,6,0.0,1.00,1.00,1.00,3.67,4.00,3.33,41.0,2.000,0.934,4.00
262000,3055,5,50.0,0.0,5.2,0.0,19.8,0.0,1.00,0.0,2,1069,124.56,31.03,0,0,5,0.0,1.00,1.00,1.00,4.00,5.00,5.00,48.2,2.000,0.311,5.00
263000,2973,1147,30.8,0.0,4.0,0.0,11.4,0.0,1.00,0.3,190,996,51.55,37.04,386,377,384,0.0,1.00,1.00,1.00,3.46,3.93,3.96,31.5,2.000,0.773,4.01
263000,3066,201,41.6,0.0,7.1,0.0,13.8,0.0,1.00,0.7,77,963,60.18,46.01,49,101,51,0.0,1.00,1.00,1.00,3.78,4.61,4.47,32.0,2.000,0.466,4.72
263000,3214,185,29.8,0.0,5.9,0.0,9.0,0.0,1.00,0.5,49,1130,52.71,45.76,27,62,96,0.0,1.00,1.00,1.00,3.38,3.86,3.90,38.2,2.000,0.832,4.00
263000,3278,185,30.6,0.0,1.7,0.0,13.6,0.0,1.00,0.4,40,956,51.47,27.87,76,43,66,0.0,1.00,1.00,1.00,3.27,3.95,3.89,30.9,2.000,0.840,4.03
263000,3024,78,49.9,0.0,13.4,0.0,11.5,0.0,1.00,0.5,21,1154,67.98,57.30,17,44,17,0.0,1.00,1.00,1.00,4.05,5.00,5.05,33.2,2.000,0.681,5.14
263000,3169,62,39.9,0.0,8.9,0.0,11.0,0.0,1.00,0.3,21,1433,82.25,49.06,24,27,11,0.0,1.00,1.00,1.00,3.61,4.48,4.40,27.3,2.000,0.217,4.52
263000,3010,60,41.4,0.0,7.1,0.0,13.6,0.0,1.00,0.3,16,825,47.85,44.88,22,20,18,0.0,1.00,1.00,1.00,3.80,4.53,4.52,31.1,2.000,0.316,4.60
263000,3279,57,31.7,0.0,6.2,0.0,9.6,0.0,1.00,0.1,13,1256,52.16,43.12,26,22,9,0.0,1.00,1.00,1.00,3.37,4.02,3.96,27.1,2.000,0.887,4.02
263000,3049,29,43.2,0.0,5.5,0.0,16.1,0.0,1.00,0.3,11,763,44.23,29.11,26,2,1,0.0,1.00,1.00,1.00,3.55,4.66,4.72,15.9,2.000,0.702,4.76
263000,3294,20,35.6,0.0,5.5,0.0,12.3,0.0,1.00,0.0,5,737,38.05,19.19,17,3,0,0.0,1.00,1.00,1.00,3.40,4.20,4.20,15.7,2.000,0.815,4.20
263000,3132,19,31.2,0.0,6.7,0.0,8.8,0.0,1.00,0.1,8,1011,43.58,58.00,0,0,19,0.0,1.00,1.00,1.00,3.26,4.00,3.95,44.1,2.000,0.657,4.00
263000,2158,15,46.3,0.0,11.1,0.0,12.0,0.0,1.00,0.5,5,1378,82.68,42.62,10,2,3,0.0,1.00,1.00,1.00,3.87,4.73,4.87,19.4,2.000,0.502,4.93
263000,3270,14,29.4,0.0,1.5,0.0,13.2,0.0,1.00,0.3,6,958,59.80,85.65,0,14,0,0.0,1.00,1.00,1.00,3.86,4.00,3.86,37.4,2.000,0.742,4.00
263000,3271,8,32.0,0.0,8.0,0.0,8.0,0.0,1.00,0.0,3,891,49.43,43.16,1,4,3,0.0,1.00,1.00,1.00,3.25,4.00,4.00,35.0,2.000,0.872,4.00
263000,3287,8,34.2,0.0,9.2,0.0,7.9,0.0,1.00,0.0,2,853,40.66,20.99,4,4,0,0.0,1.00,1.00,1.00,3.50,4.12,4.12,22.5,2.000,0.357,4.12
263000,3184,6,50.0,0.0,13.0,0.0,12.0,0.0,1.00,0.0,1,1767,114.58,72.43,6,0,0,0.0,1.00,1.00,1.00,4.00,5.00,5.00,11.5,2.000,0.525,5.00
264000,2973,1171,31.1,0.0,3.9,0.0,11.7,0.0,1.00,0.2,175,1119,57.68,39.86,439,365,367,0.0,1.00,1.00,1.00,3.43,3.96,3.96,30.9,2.000,0.769,4.01
264000,3278,187,31.6,0.0,1.1,0.0,14.7,0.0,1.00,0.3,31,1090,57.77,30.78,69,48,70,0.0,1.00,1.00,1.00,3.48,3.98,3.98,31.4,2.000,0.835,4.06
264000,3214,187,31.0,0.0,6.0,0.0,9.5,0.0,1.00,0.2,36,1205,56.76,49.17,23,76,88,0.0,1.00,1.00,1.00,3.59,3.95,3.97,39.0,2.000,0.824,4.00
264000,3066,155,45.8,0.0,7.0,0.0,15.9,0.0,1.00,0.2,39,1208,75.43,53.03,50,68,37,0.0,1.00,1.00,1.00,3.92,4.76,4.74,30.3,2.000,0.477,4.80
264000,3279,71,32.4,0.0,6.1,0.0,10.1,0.0,1.00,0.1,16,1129,56.07,55.35,23,33,15,0.0,1.00,1.00,1.00,3.59,3.99,4.06,30.4,2.000,0.885,4.06
264000,3169,70,37.3,0.0,7.1,0.0,11.5,0.0,1.00,0.4,25,1111,59.82,34.53,52,12,6,0.0,1.00,1.00,1.00,3.70,4.26,4.31,18.5,2.000,0.216,4.39
264000,3010,64,40.9,0.0,8.2,0.0,12.2,0.0,1.00,0.4,21,987,60.24,44.65,22,28,14,0.0,1.00,1.00,1.00,3.75,4.47,4.52,30.6,2.000,0.329,4.59
264000,3024,57,52.9,0.0,13.4,0.0,13.1,0.0,1.00,0.2,17,1372,84.21,73.55,7,34,16,0.0,1.00,1.00,1.00,4.18,5.11,5.19,35.4,2.000,0.659,5.19
264000,3132,39,33.6,0.0,5.6,0.0,11.2,0.0,1.00,0.0,13,860,42.12,40.01,0,2,37,0.0,1.00,1.00,1.00,3.54,4.10,4.10,43.3,2.000,0.664,4.10
264000,3294,21,33.7,0.0,5.2,0.0,11.7,0.0,1.00,0.0,6,1256,58.56,33.08,17,4,0,0.0,1.00,1.00,1.00,3.24,4.10,4.10,14.8,2.000,0.794,4.10
264000,2158,19,46.3,0.0,11.3,0.0,11.9,0.0,1.00,0.2,7,1156,68.88,32.74,11,2,6,0.0,1.00,1.00,1.00,3.89,4.84,4.74,24.5,2.000,0.503,4.84
264000,3049,17,47.9,0.0,4.2,0.0,19.7,0.0,1.00,0.0,8,1273,74.04,32.53,14,3,0,0.0,1.00,1.00,1.00,3.88,4.88,4.88,16.2,2.000,0.662,4.88
264000,3270,15,31.2,0.0,3.9,0.0,11.7,0.0,1.00,0.4,5,1324,72.46,88.65,0,15,0,0.0,1.00,1.00,1.00,3.60,3.87,4.07,37.8,2.000,0.783,4.07
264000,3297,15,28.7,0.0,4.8,0.0,9.5,0.0,1.00,0.8,6,839,51.96,36.54,9,6,0,0.0,1.00,1.00,1.00,3.53,4.00,3.60,17.0,2.000,0.825,4.00
264000,3302,13,40.3,0.0,8.6,0.0,11.5,0.0,1.00,0.0,8,1334,59.98,53.84,3,10,0,0.0,1.00,1.00,1.00,4.00,4.46,4.46,28.5,2.000,0.724,4.46
264000,3299,11,32.0,0.0,6.4,0.0,9.6,0.0,1.00,0.0,2,1677,110.21,69.36,0,10,1,0.0,1.00,1.00,1.00,3.82,4.00,4.00,38.3,2.000,0.811,4.00
264000,3287,9,29.6,0.0,7.6,0.0,7.2,0.0,1.00,0.4,2,1009,33.99,24.26,1,3,5,0.0,1.00,1.00,1.00,3.33,4.00,3.78,38.7,2.000,0.353,4.00
264000,3184,7,25.1,0.0,3.0,0.0,9.6,0.0,1.00,4.9,7,902,52.41,28.46,0,7,0,0.0,1.00,1.00,1.00,2.86,3.43,3.57,34.5,2.000,0.603,4.71
264000,3271,5,32.0,0.0,7.8,0.0,8.2,0.0,1.00,0.0,2,1464,71.17,44.44,2,3,0,0.0,1.00,1.00,1.00,3.20,4.00,4.00,25.8,2.000,0.871,4.00
264000,3296,5,48.0,0.0,14.0,0.0,10.0,0.0,1.00,0.4,3,1106,69.77,44.53,0,1,4,0.0,1.00,1.00,1.00,4.00,4.80,5.00,45.0,2.000,0.478,5.00
264000,3301,5,32.0,0.0,0.2,0.0,15.8,0.0,1.00,0.4,4,1417,75.72,39.43,3,2,0,0.0,1.00,1.00,1.00,2.80,4.20,4.00,17.7,2.000,0.775,4.20
265000,2973,1211,31.2,0.0,3.9,0.0,11.7,0.0,1.00,0.3,175,1016,51.42,37.17,416,396,399,0.0,1.00,1.00,1.00,3.43,3.96,3.96,31.2,2.000,0.757,4.02
265000,3214,201,30.9,0.0,6.1,0.0,9.3,0.0,1.00,0.2,48,1084,54.76,44.02,26,70,105,0.0,1.00,1.00,1.00,3.43,3.98,3.97,38.9,2.000,0.812,4.02
265000,3066,198,45.4,0.0,6.7,0.0,16.0,0.0,1.00,0.5,64,907,59.54,41.61,54,91,53,0.0,1.00,1.00,1.00,3.80,4.78,4.70,33.1,2.000,0.473,4.86
265000,3278,177,31.1,0.0,1.3,0.0,14.2,0.0,1.00,0.3,29,1058,57.42,39.26,96,41,40,0.0,1.00,1.00,1.00,3.41,3.98,3.94,27.0,2.000,0.816,4.04
265000,3279,104,31.7,0.0,5.8,0.0,10.1,0.0,1.00,0.2,25,888,46.72,48.31,43,36,25,0.0,1.00,1.00,1.00,3.46,3.98,4.01,28.3,2.000,0.884,4.04
265000,3024,67,56.2,0.0,14.1,0.0,14.0,0.0,1.00,0.6,25,1039,71.95,51.58,7,45,15,0.0,1.00,1.00,1.00,4.40,5.30,5.28,35.2,2.000,0.675,5.43
265000,3010,48,42.4,0.0,8.9,0.0,12.2,0.0,1.00,0.0,20,1158,74.63,64.39,15,25,8,0.0,1.00,1.00,1.00,3.88,4.62,4.62,31.6,2.000,0.336,4.62
265000,3132,30,34.8,0.0,5.0,0.0,12.4,0.0,1.00,0.0,12,927,55.28,36.54,0,7,23,0.0,1.00,1.00,1.00,3.37,4.17,4.17,42.2,2.000,0.725,4.17
265000,3049,28,42.5,0.0,4.4,0.0,16.8,0.0,1.00,1.4,14,940,58.55,39.42,25,3,0,0.0,1.00,1.00,1.00,3.46,4.46,4.64,18.1,2.000,0.668,4.89
265000,3169,26,34.4,0.0,7.9,0.0,9.3,0.0,1.00,0.0,10,1046,52.80,38.00,16,9,1,0.0,1.00,1.00,1.00,3.62,4.15,4.15,24.4,2.000,0.286,4.15
265000,2158,23,49.7,0.0,10.1,0.0,14.8,0.0,1.00,0.2,11,1011,60.97,40.47,12,1,10,0.0,1.00,1.00,1.00,4.00,5.04,4.96,27.0,2.000,0.526,5.04
265000,3297,19,30.1,0.0,1.7,0.0,13.4,0.0,1.00,0.4,7,426,23.07,12.73,12,7,0,0.0,1.00,1.00,1.00,3.47,3.89,3.89,22.1,2.000,0.820,4.00
265000,3294,17,35.4,0.0,4.9,0.0,12.8,0.0,1.00,0.0,8,969,39.77,24.43,16,1,0,0.0,1.00,1.00,1.00,3.53,4.24,4.24,17.1,2.000,0.811,4.24
265000,3287,13,31.5,0.0,8.0,0.0,7.8,0.0,1.00,0.5,3,982,38.48,25.96,3,5,5,0.0,1.00,1.00,1.00,3.62,4.15,3.92,32.6,2.000,0.352,4.15
265000,3270,10,32.0,0.0,2.1,0.0,13.9,0.0,1.00,0.0,3,1567,61.20,64.09,2,7,1,0.0,1.00,1.00,1.00,3.40,4.00,4.00,32.7,2.000,0.798,4.00
265000,3302,8,45.5,0.0,10.6,0.0,12.1,0.0,1.00,0.0,5,1400,79.65,73.50,1,7,0,0.0,1.00,1.00,1.00,4.00,4.75,4.75,32.0,2.000,0.890,4.75
266000,2973,1286,30.8,0.0,4.0,0.0,11.4,0.0,1.00,0.3,209,954,47.57,36.84,411,472,403,0.0,1.00,1.00,1.00,3.39,3.94,3.94,31.8,2.000,0.765,4.02
266000,3066,184,45.0,0.0,7.4,0.0,15.1,0.0,1.00,0.5,55,953,64.15,42.49,43,84,57,0.0,1.00,1.00,1.00,3.83,4.70,4.75,34.7,2.000,0.469,4.85
266000,3214,159,31.0,0.0,6.5,0.0,9.0,0.0,1.00,0.2,41,1170,59.85,45.98,26,76,57,0.0,1.00,1.00,1.00,3.45,3.96,3.97,36.1,2.000,0.799,4.02
266000,3278,154,32.6,0.0,1.1,0.1,15.2,0.0,1.00,0.1,25,1006,61.78,44.13,82,29,43,0.0,1.00,1.00,1.00,3.52,4.05,4.03,28.4,2.000,0.818,4.08
266000,3279,109,31.1,0.0,6.4,0.0,9.1,0.0,1.00,0.3,26,916,44.15,42.88,37,53,19,0.0,1.00,1.00,1.00,3.59,3.96,3.97,28.6,2.000,0.864,4.04
266000,3024,59,54.0,0.0,10.5,0.0,16.4,0.0,1.00,0.2,21,1042,72.49,51.24,3,32,24,0.0,1.00,1.00,1.00,4.07,5.12,5.24,38.2,2.000,0.699,5.24
266000,3010,51,42.2,0.0,7.7,0.0,13.4,0.0,1.00,0.4,22,895,58.30,40.12,8,31,12,0.0,1.00,1.00,1.00,3.75,4.63,4.61,34.6,2.000,0.332,4.71
266000,3314,41,32.0,0.0,0.0,0.0,16.0,0.0,1.00,0.0,2,516,35.02,27.25,37,4,0,0.0,1.00,1.00,1.00,3.85,4.00,4.00,9.3,2.000,0.958,4.00
266000,3313,29,31.9,0.0,0.9,0.2,14.9,0.0,1.00,0.1,11,1407,131.20,93.80,0,22,7,0.0,1.00,1.00,1.00,3.17,4.07,4.03,36.9,2.000,0.653,4.07
266000,3132,28,34.4,0.0,6.3,0.0,10.9,0.0,1.00,0.2,10,1129,60.29,33.11,0,6,22,0.0,1.00,1.00,1.00,3.50,4.18,4.07,44.0,2.000,0.673,4.18
266000,3169,23,31.6,0.0,6.6,0.0,9.2,0.0,1.00,0.7,9,1237,52.95,40.53,14,8,1,0.0,1.00,1.00,1.00,3.35,3.96,4.04,21.6,2.000,0.234,4.17
266000,3297,23,31.7,0.0,1.0,0.0,14.8,0.0,1.00,0.1,7,834,45.30,22.97,22,1,0,0.0,1.00,1.00,1.00,3.30,4.00,3.96,13.2,2.000,0.820,4.00
266000,3049,21,48.6,0.0,5.6,0.0,18.7,0.0,1.00,0.0,10,705,40.50,39.52,8,8,5,0.0,1.00,1.00,1.00,3.86,4.90,4.90,27.0,2.000,0.663,4.90
266000,2158,19,45.5,0.0,9.6,0.0,13.1,0.0,1.00,0.5,10,1453,75.57,50.35,8,2,9,0.0,1.00,1.00,1.00,3.68,4.79,4.84,31.1,2.000,0.565,4.95
266000,3287,12,32.0,0.0,7.7,0.0,8.3,0.0,1.00,0.0,3,1004,40.63,26.06,7,2,3,0.0,1.00,1.00,1.00,3.83,4.00,4.00,27.6,2.000,0.349,4.00
266000,3317,7,50.0,0.0,8.6,0.0,16.4,0.0,1.00,0.0,3,802,55.92,25.85,0,0,7,0.0,1.00,1.00,1.00,4.00,5.00,5.00,46.4,2.000,0.623,5.00
266000,3294,6,30.3,0.0,6.2,0.0,9.0,0.0,1.00,0.0,4,842,33.73,19.42,3,2,1,0.0,1.00,1.00,1.00,3.50,4.00,4.00,25.6,2.000,0.763,4.00
267000,2973,1201,31.1,0.0,4.1,0.0,11.4,0.0,1.00,0.3,167,1089,55.32,42.12,387,419,395,0.0,1.00,1.00,1.00,3.41,3.95,3.95,31.7,2.000,0.778,4.02
267000,3066,195,44.4,0.0,7.9,0.0,14.3,0.0,1.00,0.3,54,1065,64.03,46.07,54,79,62,0.0,1.00,1.00,1.00,3.87,4.71,4.72,33.3,2.000,0.474,4.79
267000,3278,167,31.3,0.0,1.3,0.0,14.4,0.0,1.00,0.3,33,1098,57.25,31.90,88,48,31,0.0,1.00,1.00,1.00,3.39,3.98,3.95,26.0,2.000,0.823,4.03
267000,3325,161,31.3,0.0,6.6,0.0,9.0,0.0,1.00,0.1,28,1302,62.46,48.19,41,56,64,0.0,1.00,1.00,1.00,3.48,3.98,3.96,35.4,2.000,0.818,4.01
267000,3214,161,31.5,0.0,6.4,0.0,9.3,0.0,1.00,0.2,37,1199,58.34,41.65,50,56,55,0.0,1.00,1.00,1.00,3.46,3.99,3.96,33.3,2.000,0.796,4.02
267000,3279,93,31.5,0.0,6.7,0.0,9.0,0.0,1.00,0.3,22,1314,66.75,58.63,30,48,15,0.0,1.00,1.00,1.00,3.49,4.02,3.96,30.3,2.000,0.892,4.06
267000,3024,66,52.7,0.0,11.9,0.0,14.5,0.0,1.00,0.3,19,1052,72.41,46.80,16,24,26,0.0,1.00,1.00,1.00,4.27,5.15,5.11,36.4,2.000,0.700,5.20
267000,3010,32,40.2,0.0,8.4,0.0,11.7,0.0,1.00,0.5,24,1174,102.35,54.59,2,19,11,0.0,1.00,1.00,1.00,3.66,4.66,4.59,37.7,2.000,0.323,4.75
267000,2158,25,50.5,0.0,11.8,0.0,13.5,0.0,1.00,0.0,11,912,55.45,34.76,5,12,8,0.0,1.00,1.00,1.00,4.20,5.00,5.00,33.1,2.000,0.533,5.00
267000,3297,22,31.5,0.0,1.0,0.0,14.7,0.0,1.00,0.0,4,1348,72.83,33.31,18,4,0,0.0,1.00,1.00,1.00,3.59,4.00,4.00,15.5,2.000,0.829,4.00
267000,3169,20,33.6,0.0,7.5,0.0,9.3,0.0,1.00,0.1,8,896,40.12,27.57,11,8,1,0.0,1.00,1.00,1.00,3.80,4.10,4.15,24.4,2.000,0.230,4.15
267000,3287,17,32.0,0.0,7.6,0.0,8.4,0.0,1.00,0.0,4,994,41.04,36.36,3,11,3,0.0,1.00,1.00,1.00,2.76,4.00,4.00,30.7,2.000,0.331,4.00
267000,3326,15,26.8,0.0,5.4,0.0,8.0,0.0,1.00,1.6,7,1336,62.51,62.91,1,7,7,0.0,1.00,1.00,1.00,3.00,3.73,3.60,40.2,2.000,0.835,4.00
267000,3132,14,30.4,0.0,8.4,0.0,6.8,0.0,1.00,0.6,7,1484,70.67,35.89,1,7,6,0.0,1.00,1.00,1.00,3.43,4.00,3.86,39.1,2.000,0.664,4.07
267000,3313,13,33.3,0.0,0.2,0.1,16.5,0.0,1.00,0.0,2,921,80.85,46.24,0,7,6,0.0,1.00,1.00,1.00,4.00,4.08,4.08,36.7,2.000,0.614,4.08
267000,3049,12,50.5,0.0,6.6,0.0,18.7,0.0,1.00,0.2,7,1268,82.61,45.56,6,1,5,0.0,1.00,1.00,1.00,4.08,5.00,5.08,31.5,2.000,0.707,5.08
267000,3317,11,46.7,0.0,3.6,0.0,19.7,0.0,1.00,0.0,6,810,75.91,38.52,0,2,9,0.0,1.00,1.00,1.00,4.00,4.82,4.82,43.3,2.000,0.526,4.82
267000,3314,11,32.0,0.0,0.0,0.0,16.0,0.0,1.00,0.0,1,1636,78.85,60.45,10,1,0,0.0,1.00,1.00,1.00,4.00,4.00,4.00,11.4,2.000,0.956,4.00
267000,3294,6,32.0,0.0,8.5,0.0,7.5,0.0,1.00,0.0,2,1343,54.03,32.43,3,0,3,0.0,1.00,1.00,1.00,3.33,4.00,4.00,30.3,2.000,0.748,4.00
268000,2973,1227,31.1,0.0,4.0,0.0,11.5,0.0,1.00,0.2,183,1066,53.17,40.42,367,478,382,0.0,1.00,1.00,1.00,3.46,3.96,3.97,31.9,2.000,0.772,4.02
268000,3278,182,31.5,0.0,1.1,0.0,14.6,0.0,1.00,0.2,24,973,52.49,33.26,106,30,46,0.0,1.00,1.00,1.00,3.48,3.99,3.97,26.4,2.000,0.830,4.03
268000,3066,167,44.4,0.0,8.0,0.0,14.1,0.0,1.00,0.3,58,1037,60.61,39.08,48,58,61,0.0,1.00,1.00,1.00,3.76,4.69,4.74,33.6,2.000,0.487,4.79
268000,3325,159,31.3,0.0,6.8,0.0,8.8,0.0,1.00,0.1,34,1105,54.06,38.68,62,55,42,0.0,1.00,1.00,1.00,3.49,3.96,3.98,30.0,2.000,0.813,4.00
268000,3214,158,30.7,0.0,6.2,0.0,9.1,0.0,1.00,0.3,38,1042,49.30,31.62,43,67,48,0.0,1.00,1.00,1.00,3.44,3.92,3.91,32.9,2.000,0.796,4.00
268000,3279,92,32.9,0.0,6.0,0.0,10.5,0.0,1.00,0.4,29,1082,58.34,55.84,25,54,13,0.0,1.00,1.00,1.00,3.50,4.04,4.09,31.0,2.000,0.891,4.16
268000,3024,44,49.1,0.0,14.7,0.0,9.9,0.0,1.00,0.0,8,1107,54.24,36.42,10,18,16,0.0,1.00,1.00,1.00,3.93,4.98,4.98,34.9,2.000,0.698,4.98
268000,3297,37,27.8,0.0,1.9,0.0,12.0,0.0,1.00,0.9,17,766,44.55,26.80,35,2,0,0.0,1.00,1.00,1.00,3.19,3.78,3.78,15.3,2.000,0.809,4.00
268000,2158,21,47.8,0.0,10.9,0.0,13.0,0.0,1.00,0.0,12,1012,56.61,35.34,9,1,11,0.0,1.00,1.00,1.00,4.10,4.86,4.86,31.6,2.000,0.556,4.86
268000,3169,16,32.0,0.0,5.8,0.0,10.2,0.0,1.00,0.0,4,643,25.20,19.93,13,1,2,0.0,1.00,1.00,1.00,2.88,4.00,4.00,25.5,2.000,0.276,4.00
268000,3317,16,44.4,0.0,4.2,0.0,18.0,0.0,1.00,0.0,9,756,80.76,40.82,0,0,16,0.0,1.00,1.00,1.00,4.00,4.75,4.75,48.8,2.000,0.400,4.75
268000,3132,12,29.8,0.0,9.3,0.0,5.6,0.0,1.00,0.7,5,1287,54.26,53.39,0,8,4,0.0,1.00,1.00,1.00,3.25,3.83,3.83,38.0,2.000,0.623,4.00
268000,3287,10,32.0,0.0,7.7,0.0,8.3,0.0,1.00,0.0,3,1577,71.50,64.15,3,5,2,0.0,1.00,1.00,1.00,3.60,4.00,4.00,28.1,2.000,0.348,4.00
268000,3313,8,32.0,0.0,0.0,0.0,16.0,0.0,1.00,0.0,1,1103,116.89,84.13,1,5,2,0.0,1.00,1.00,1.00,4.00,4.00,4.00,37.4,2.000,0.671,4.00
268000,3294,8,32.8,0.0,8.9,0.0,7.5,0.0,1.00,0.2,4,852,36.97,29.80,2,0,6,0.0,1.00,1.00,1.00,3.25,4.00,4.12,36.8,2.000,0.738,4.12
268000,3010,8,25.2,0.0,2.6,0.0,10.0,0.0,1.00,2.2,8,615,59.32,67.12,0,8,0,0.0,1.00,1.00,1.00,2.62,4.00,3.38,35.8,2.000,0.547,4.25
268000,3326,6,31.7,0.0,6.5,0.0,9.3,0.0,1.00,0.0,3,984,26.57,66.64,1,5,0,0.0,1.00,1.00,1.00,3.67,4.00,4.00,32.9,2.000,0.768,4.00
268000,3049,5,48.4,0.0,8.0,0.0,16.2,0.0,1.00,0.0,3,1595,92.91,43.07,3,1,1,0.0,1.00,1.00,1.00,4.00,5.00,5.00,24.1,2.000,0.755,5.00
269000,2973,1240,31.3,0.0,3.7,0.0,11.9,0.0,1.00,0.2,170,1005,49.64,37.22,371,465,404,0.0,1.00,1.00,1.00,3.45,3.96,3.97,32.6,2.000,0.772,4.02
269000,3214,192,30.3,0.0,6.1,0.0,9.1,0.0,1.00,0.3,50,996,43.69,28.76,51,86,55,0.0,1.00,1.00,1.00,3.43,3.91,3.95,30.9,2.000,0.791,4.00
269000,3325,158,30.7,0.0,6.6,0.0,8.8,0.0,1.00,0.2,36,1181,59.21,43.70,75,52,31,0.0,1.00,1.00,1.00,3.58,3.94,3.94,27.7,2.000,0.826,4.00
269000,3066,143,43.8,0.0,7.6,0.0,14.3,0.0,1.00,0.3,47,1142,63.25,44.94,41,43,59,0.0,1.00,1.00,1.00,3.84,4.73,4.70,33.6,2.000,0.480,4.78
269000,3278,134,30.6,0.0,0.9,0.0,14.4,0.0,1.00,0.3,23,1083,53.67,31.35,83,28,23,0.0,1.00,1.00,1.00,3.28,3.96,3.90,24.1,2.000,0.858,4.01
269000,3279,97,31.5,0.0,6.5,0.0,9.2,0.0,1.00,0.3,28,951,47.40,41.22,34,48,15,0.0,1.00,1.00,1.00,3.52,3.96,4.00,29.1,2.000,0.893,4.06
269000,3024,54,49.0,0.0,14.3,0.0,10.2,0.0,1.00,0.1,18,1083,54.74,39.84,8,28,18,0.0,1.00,1.00,1.00,4.00,5.00,5.06,36.4,2.000,0.698,5.06
269000,3317,16,39.9,0.0,3.5,0.0,16.4,0.0,1.00,1.6,10,878,60.52,39.31,0,5,11,0.0,1.00,1.00,1.00,3.62,4.25,4.44,47.8,2.000,0.439,4.75
269000,3297,10,32.0,0.0,1.0,0.0,15.0,0.0,1.00,0.0,2,1547,82.06,38.71,8,1,1,0.0,1.00,1.00,1.00,3.80,4.00,4.00,21.3,2.000,0.803,4.00
269000,2158,10,45.6,0.0,11.5,0.0,11.3,0.0,1.00,0.2,6,1499,88.51,61.90,1,3,6,0.0,1.00,1.00,1.00,3.40,4.70,4.80,41.5,2.000,0.587,4.80
269000,3169,10,31.8,0.0,4.4,0.0,11.5,0.0,1.00,0.0,4,782,38.17,20.12,8,0,2,0.0,1.00,1.00,1.00,3.80,4.00,4.00,25.4,2.000,0.242,4.00
269000,3287,9,30.2,0.0,7.0,0.0,8.1,0.0,1.00,0.9,3,1122,54.59,45.76,7,2,0,0.0,1.00,1.00,1.00,3.11,4.00,3.78,22.1,2.000,0.324,4.11
269000,3294,8,28.2,0.0,9.9,0.0,4.2,0.0,1.00,0.8,3,1042,33.68,34.07,0,0,8,0.0,1.00,1.00,1.00,3.38,3.62,4.00,44.0,2.000,0.744,4.00
269000,3313,7,29.7,0.0,0.0,0.0,14.9,0.0,1.00,0.6,2,1587,165.47,135.20,0,4,3,0.0,1.00,1.00,1.00,3.43,4.00,3.71,40.7,2.000,0.655,4.00
270000,2973,1025,31.2,0.0,4.1,0.0,11.5,0.0,1.00,0.2,142,1224,60.05,43.55,317,372,336,0.0,1.00,1.00,1.00,3.49,3.97,3.98,32.3,2.000,0.768,4.02
270000,3214,182,31.0,0.0,5.9,0.0,9.6,0.0,1.00,0.2,37,1051,48.45,36.44,41,85,56,0.0,1.00,1.00,1.00,3.45,3.94,3.96,32.6,2.000,0.784,4.00
270000,3325,140,30.8,0.0,6.8,0.0,8.7,0.0,1.00,0.2,33,1280,56.81,41.58,67,49,24,0.0,1.00,1.00,1.00,3.50,3.93,3.96,27.2,2.000,0.832,4.00
270000,3066,103,44.7,0.0,7.6,0.0,14.7,0.0,1.00,0.5,40,1197,68.63,52.60,44,31,28,0.0,1.00,1.00,1.00,3.66,4.71,4.70,29.5,2.000,0.472,4.83
270000,3279,97,31.7,0.0,7.2,0.0,8.7,0.0,1.00,0.0,21,1127,54.32,45.16,41,45,11,0.0,1.00,1.00,1.00,3.66,4.00,3.99,27.7,2.000,0.898,4.00
270000,3278,86,30.4,0.0,1.5,0.0,13.6,0.0,1.00,0.6,22,1272,69.69,44.72,46,30,10,0.0,1.00,1.00,1.00,3.26,3.92,3.88,24.1,2.000,0.862,4.06
270000,3024,50,47.5,0.0,13.0,0.0,10.8,0.0,1.00,0.5,17,974,53.10,47.02,7,18,25,0.0,1.00,1.00,1.00,3.98,4.88,4.98,38.5,2.000,0.699,5.04
270000,3317,21,44.0,0.0,4.1,0.0,17.9,0.0,1.00,0.0,9,1139,83.16,63.85,0,10,11,0.0,1.00,1.00,1.00,3.71,4.67,4.67,41.1,2.000,0.453,4.67
270000,3364,18,30.8,0.0,0.0,0.0,15.4,0.0,1.00,0.2,3,1223,60.31,32.14,6,4,8,0.0,1.00,1.00,1.00,3.44,4.00,3.89,34.1,2.000,0.511,4.00
270000,3360,16,29.8,0.0,4.9,0.0,9.9,0.0,1.00,0.4,7,1235,67.56,47.91,6,7,3,0.0,1.00,1.00,1.00,3.38,3.81,4.00,28.0,2.000,0.882,4.00
270000,3297,13,32.0,0.0,0.3,0.0,15.7,0.0,1.00,0.0,2,1229,62.61,35.42,3,2,8,0.0,1.00,1.00,1.00,3.38,4.00,4.00,36.6,2.000,0.825,4.00
270000,3010,13,50.3,0.0,14.3,0.0,10.8,0.0,1.00,0.0,6,470,21.90,19.36,0,2,11,0.0,1.00,1.00,1.00,4.00,5.00,5.00,51.5,2.000,0.265,5.00
270000,3362,9,32.0,0.0,7.7,0.0,8.3,0.0,1.00,0.0,4,1485,70.98,84.20,0,1,8,0.0,1.00,1.00,1.00,3.78,4.00,4.00,42.1,2.000,0.925,4.00
270000,3287,9,35.3,0.0,8.9,0.0,8.8,0.0,1.00,0.2,4,885,41.83,29.06,4,4,1,0.0,1.00,1.00,1.00,3.78,4.33,4.22,22.9,2.000,0.385,4.33
270000,3326,8,34.2,0.0,8.4,0.0,8.8,0.0,1.00,0.0,5,834,31.50,52.68,0,8,0,0.0,1.00,1.00,1.00,2.75,4.12,4.12,37.9,2.000,0.751,4.12
270000,3313,5,32.0,0.0,0.0,0.0,16.0,0.0,1.00,0.0,1,1379,129.96,115.37,0,3,2,0.0,1.00,1.00,1.00,3.60,4.00,4.00,41.1,2.000,0.670,4.00
270000,3169,5,35.6,0.0,10.0,0.0,7.8,0.0,1.00,0.0,2,627,26.97,21.98,4,1,0,0.0,1.00,1.00,1.00,2.80,4.20,4.20,24.8,2.000,0.298,4.20
270000,3363,5,32.0,0.0,6.8,0.0,9.2,0.0,1.00,0.0,5,998,35.44,26.35,5,0,0,0.0,1.00,1.00,1.00,4.00,4.00,4.00,13.1,2.000,0.306,4.00
271000,2973,858,31.2,0.0,4.3,0.0,11.4,0.0,1.00,0.2,132,1082,50.62,39.85,306,280,272,0.0,1.00,1.00,1.00,3.50,3.97,3.96,31.2,2.000,0.763,4.01
271000,3214,163,31.3,0.0,5.0,0.0,10.7,0.0,1.00,0.1,30,971,42.60,33.41,37,91,35,0.0,1.00,1.00,1.00,3.50,3.98,3.96,32.2,2.000,0.767,4.00
271000,3325,149,31.1,0.0,6.0,0.0,9.5,0.0,1.00,0.2,35,1008,44.77,37.81,68,48,33,0.0,1.00,1.00,1.00,3.60,3.95,3.99,26.5,2.000,0.821,4.02
271000,3279,98,30.4,0.0,6.2,0.0,9.0,0.0,1.00,0.3,29,1136,52.64,51.60,51,39,8,0.0,1.00,1.00,1.00,3.45,3.93,3.94,25.7,2.000,0.892,4.01
271000,3066,89,44.6,0.0,7.7,0.0,14.6,0.0,1.00,0.7,31,1248,70.42,56.98,51,22,16,0.0,1.00,1.00,1.00,3.80,4.72,4.74,25.4,2.000,0.456,4.91
271000,3278,83,32.1,0.0,1.1,0.0,15.0,0.0,1.00,0.2,22,1035,56.30,41.33,45,32,6,0.0,1.00,1.00,1.00,3.52,4.02,4.04,22.6,2.000,0.850,4.07
271000,3024,37,49.4,0.0,14.0,0.0,10.7,0.0,1.00,0.4,11,1417,74.54,60.27,5,12,20,0.0,1.00,1.00,1.00,4.08,4.92,4.92,38.6,2.000,0.712,5.03
271000,3360,23,30.8,0.0,4.9,0.0,10.5,0.0,1.00,0.1,12,981,46.26,34.74,10,4,9,0.0,1.00,1.00,1.00,3.70,4.00,3.96,33.0,2.000,0.855,4.00
271000,3297,23,29.5,0.0,0.8,0.0,13.9,0.0,1.00,0.7,6,764,34.03,20.44,8,1,14,0.0,1.00,1.00,1.00,3.26,3.83,3.91,35.3,2.000,0.814,4.04
271000,3364,21,32.0,0.0,0.0,0.0,16.0,0.0,1.00,0.0,1,855,43.66,28.47,15,5,1,0.0,1.00,1.00,1.00,3.24,4.00,4.00,20.2,2.000,0.566,4.00
271000,3317,12,43.5,0.0,2.3,0.0,19.4,0.0,1.00,0.0,6,961,52.95,44.83,6,4,2,0.0,1.00,1.00,1.00,3.67,4.67,4.67,29.3,2.000,0.542,4.67
271000,3010,10,50.4,0.0,14.9,0.0,10.3,0.0,1.00,0.0,6,1256,53.03,39.01,0,0,10,0.0,1.00,1.00,1.00,4.30,5.00,5.00,52.8,2.000,0.302,5.00
271000,3362,9,31.1,0.0,6.9,0.0,8.7,0.0,1.00,0.0,6,1342,68.85,82.71,0,0,9,0.0,1.00,1.00,1.00,4.00,4.00,4.00,43.2,2.000,0.911,4.00
271000,3287,5,39.2,0.0,6.0,0.0,13.6,0.0,1.00,0.0,2,1416,48.59,83.53,1,2,2,0.0,1.00,1.00,1.00,3.60,4.40,4.40,36.3,2.000,0.262,4.40
272000,2973,678,31.1,0.0,4.3,0.0,11.2,0.0,1.00,0.2,103,1072,46.74,37.25,254,228,196,0.0,1.00,1.00,1.00,3.50,3.96,3.96,30.2,2.000,0.765,4.01
272000,3325,121,30.6,0.0,6.1,0.0,9.2,0.0,1.00,0.3,34,1037,41.24,29.18,69,36,16,0.0,1.00,1.00,1.00,3.40,3.92,3.97,23.4,2.000,0.820,4.01
272000,3214,106,30.6,0.0,5.3,0.0,10.0,0.0,1.00,0.2,26,1250,53.62,47.40,31,44,31,0.0,1.00,1.00,1.00,3.31,3.95,3.95,30.8,2.000,0.766,4.00
272000,3279,105,32.3,0.0,6.8,0.0,9.4,0.0,1.00,0.3,28,969,40.21,40.12,72,18,15,0.0,1.00,1.00,1.00,3.62,4.00,4.02,22.5,2.000,0.893,4.09
272000,3278,61,29.1,0.0,1.2,0.0,13.4,0.0,1.00,0.6,18,1048,53.04,38.24,27,29,5,0.0,1.00,1.00,1.00,3.23,3.89,3.80,25.7,2.000,0.831,4.00
272000,3066,49,46.0,0.0,9.7,0.0,13.3,0.0,1.00,0.1,21,1238,63.97,47.98,19,14,16,0.0,1.00,1.00,1.00,3.84,4.84,4.84,29.6,2.000,0.482,4.84
272000,3364,46,32.7,0.0,0.3,0.0,16.1,0.0,1.00,0.6,9,631,33.82,24.77,36,7,3,0.0,1.00,1.00,1.00,3.72,4.11,4.00,16.7,2.000,0.504,4.20
272000,3389,20,28.7,0.0,6.8,0.0,7.5,0.0,1.00,0.5,7,510,17.76,25.31,0,13,7,0.0,1.00,1.00,1.00,3.50,3.85,3.90,39.4,2.000,0.324,4.00
272000,3024,19,45.2,0.0,13.0,0.0,9.6,0.0,1.00,0.2,8,1398,53.93,54.16,1,7,11,0.0,1.00,1.00,1.00,3.89,4.74,4.84,41.6,2.000,0.707,4.84
272000,3297,13,29.7,0.0,0.2,0.0,14.6,0.0,1.00,0.9,3,1284,50.95,33.58,8,2,3,0.0,1.00,1.00,1.00,3.54,3.77,3.77,27.6,2.000,0.839,4.00
272000,3317,13,34.9,0.0,6.5,0.0,10.9,0.0,1.00,0.3,8,847,46.87,32.91,3,10,0,0.0,1.00,1.00,1.00,3.38,4.23,4.08,30.3,2.000,0.493,4.23
272000,3393,11,29.8,0.0,4.3,0.0,10.6,0.0,1.00,0.0,7,1576,83.62,101.38,10,1,0,0.0,1.00,1.00,1.00,3.91,4.00,4.00,17.5,2.000,0.734,4.00
272000,3362,10,27.0,0.0,5.8,0.0,7.7,0.0,1.00,0.6,6,801,31.21,44.19,0,0,10,0.0,1.00,1.00,1.00,3.00,3.80,3.90,42.6,2.000,0.846,4.00
272000,3010,9,50.0,0.0,13.6,0.0,11.4,0.0,1.00,0.0,4,1840,66.52,41.12,0,1,8,0.0,1.00,1.00,1.00,4.00,5.00,5.00,47.8,2.000,0.296,5.00
272000,3287,7,39.7,0.0,5.4,0.0,14.4,0.0,1.00,0.0,3,1072,42.07,59.12,5,0,2,0.0,1.00,1.00,1.00,3.43,4.43,4.43,21.7,2.000,0.326,4.43
272000,3360,5,32.0,0.0,6.4,0.0,9.6,0.0,1.00,0.0,4,1888,70.78,79.74,2,1,2,0.0,1.00,1.00,1.00,4.00,4.00,4.00,31.6,2.000,0.885,4.00
273000,2973,465,31.4,0.0,4.7,0.0,10.9,0.0,1.00,0.1,68,1359,54.59,41.56,230,111,124,0.0,1.00,1.00,1.00,3.42,3.97,3.98,27.8,2.000,0.771,4.01
273000,3325,94,30.9,0.0,5.4,0.0,10.1,0.0,1.00,0.2,34,1194,49.64,35.29,59,23,12,0.0,1.00,1.00,1.00,3.35,3.96,4.00,22.1,2.000,0.810,4.03
273000,3214,85,31.3,0.0,5.4,0.0,10.3,0.0,1.00,0.1,18,1153,45.75,35.93,43,22,20,0.0,1.00,1.00,1.00,3.46,3.96,3.98,25.1,2.000,0.771,4.00
273000,3279,63,35.9,0.0,7.1,0.0,10.8,0.0,1.00,0.1,15,1095,41.93,42.67,41,19,3,0.0,1.00,1.00,1.00,3.73,4.22,4.22,21.7,2.000,0.904,4.24
273000,3066,56,46.8,0.0,10.1,0.0,13.3,0.0,1.00,0.2,23,1033,44.40,39.97,38,9,9,0.0,1.00,1.00,1.00,3.96,4.86,4.95,23.4,2.000,0.484,4.96
273000,3364,47,33.0,0.0,0.0,0.0,16.5,0.0,1.00,0.0,4,954,50.46,36.07,41,4,2,0.0,1.00,1.00,1.00,3.47,4.09,4.06,14.4,2.000,0.477,4.09
273000,3278,39,30.2,0.0,1.2,0.0,13.9,0.0,1.00,0.4,15,1230,55.62,35.81,23,13,3,0.0,1.00,1.00,1.00,3.28,3.92,3.90,24.2,2.000,0.829,4.00
273000,3297,11,32.0,0.0,1.1,0.0,14.9,0.0,1.00,0.0,3,796,27.55,26.98,2,4,5,0.0,1.00,1.00,1.00,3.36,4.00,4.00,35.0,2.000,0.891,4.00
273000,3393,7,32.0,0.0,3.7,0.0,12.3,0.0,1.00,0.0,4,1342,58.06,78.21,7,0,0,0.0,1.00,1.00,1.00,4.00,4.00,4.00,16.5,2.000,0.737,4.00
273000,3362,6,32.0,0.0,7.0,0.0,9.0,0.0,1.00,0.0,3,1982,76.85,75.61,0,4,2,0.0,1.00,1.00,1.00,3.67,4.00,4.00,37.4,2.000,0.870,4.00
273000,3317,6,38.0,0.0,6.3,0.0,12.7,0.0,1.00,0.0,2,1690,93.85,55.57,3,1,2,0.0,1.00,1.00,1.00,3.67,4.33,4.33,32.6,2.000,0.438,4.33
273000,3389,5,32.0,0.0,7.8,0.0,8.2,0.0,1.00,0.0,2,2145,64.67,85.59,3,1,1,0.0,1.00,1.00,1.00,2.00,4.00,4.00,26.5,2.000,0.334,4.00
274000,2973,271,31.8,0.0,5.4,0.0,10.5,0.0,1.00,0.1,49,1360,51.74,33.74,155,59,57,0.0,1.00,1.00,1.00,3.46,4.00,4.01,25.4,2.000,0.777,4.03
274000,3214,79,30.4,0.0,5.0,0.0,10.1,0.0,1.00,0.3,21,998,40.03,27.63,60,10,9,0.0,1.00,1.00,1.00,3.41,3.89,3.96,19.0,2.000,0.793,4.00
274000,3325,56,31.1,0.0,5.1,0.0,10.5,0.0,1.00,0.2,18,931,41.05,27.67,44,8,4,0.0,1.00,1.00,1.00,3.43,3.98,3.93,16.3,2.000,0.828,4.00
274000,3279,46,31.3,0.0,7.7,0.0,7.9,0.0,1.00,0.2,10,1396,50.96,49.08,32,9,5,0.0,1.00,1.00,1.00,3.57,3.91,4.00,20.3,2.000,0.914,4.00
274000,3066,35,46.7,0.0,9.8,0.0,13.6,0.0,1.00,0.1,11,979,47.76,41.33,26,7,2,0.0,1.00,1.00,1.00,3.91,4.89,4.86,17.6,2.000,0.439,4.89
274000,3364,29,30.5,0.0,0.0,0.0,15.2,0.0,1.00,0.7,8,1395,75.86,46.57,18,8,3,0.0,1.00,1.00,1.00,3.21,4.00,3.90,20.7,2.000,0.432,4.10
274000,3278,15,31.5,0.0,1.2,0.0,14.5,0.0,1.00,0.0,5,1556,58.86,37.40,9,4,2,0.0,1.00,1.00,1.00,3.53,4.00,4.00,24.5,2.000,0.831,4.00
274000,3412,7,25.1,0.0,0.1,0.0,12.4,0.0,1.00,0.6,6,892,39.67,13.89,5,2,0,0.0,1.00,1.00,1.00,3.43,4.00,3.71,16.5,2.000,0.850,4.00
275000,2973,204,31.2,0.0,5.3,0.1,10.3,0.0,1.00,0.1,41,1096,45.79,25.89,151,33,20,0.0,1.00,1.00,1.00,3.46,3.98,3.98,20.2,2.000,0.826,4.01
275000,3214,62,32.0,0.0,5.1,0.0,10.8,0.0,1.00,0.0,16,1186,55.10,29.80,49,11,2,0.0,1.00,1.00,1.00,3.47,4.00,4.00,17.7,2.000,0.763,4.00
275000,3325,46,30.3,0.0,5.2,0.0,9.9,0.0,1.00,0.4,14,1304,57.34,33.26,35,6,5,0.0,1.00,1.00,1.00,3.26,3.89,3.91,18.3,2.000,0.830,4.00
275000,3066,19,44.4,0.0,8.1,0.0,14.1,0.0,1.00,0.2,8,1530,75.53,54.01,14,5,0,0.0,1.00,1.00,1.00,3.89,4.63,4.74,18.4,2.000,0.451,4.74
275000,3364,15,32.5,0.0,0.0,0.0,16.3,0.0,1.00,0.3,5,1123,59.42,39.58,14,1,0,0.0,1.00,1.00,1.00,3.40,4.00,4.13,16.6,2.000,0.362,4.13
275000,3278,14,36.9,0.0,0.6,0.0,17.8,0.0,1.00,0.0,5,1161,57.24,29.48,12,1,1,0.0,1.00,1.00,1.00,3.29,4.29,4.29,16.9,2.000,0.840,4.29
275000,3279,5,19.2,0.0,0.0,0.0,9.6,0.0,1.00,3.6,4,499,29.90,45.57,5,0,0,0.0,1.00,1.00,1.00,2.60,3.00,3.20,5.9,2.000,0.832,4.00
276000,2973,144,29.6,0.0,5.4,0.1,9.4,0.0,1.00,0.5,41,1078,49.48,23.98,101,29,14,0.0,1.00,1.00,1.00,3.39,3.89,3.85,20.9,2.000,0.803,4.00
276000,3214,104,30.7,0.0,3.9,0.0,11.4,0.0,1.00,0.3,27,865,42.09,19.69,82,14,8,0.0,1.00,1.00,1.00,3.39,3.92,3.95,18.4,2.000,0.762,4.01
276000,3325,31,30.6,0.0,5.5,0.0,9.8,0.0,1.00,0.3,12,1263,60.95,32.03,23,5,3,0.0,1.00,1.00,1.00,3.58,3.90,3.94,17.4,2.000,0.856,4.00
276000,3437,25,31.7,0.0,3.8,0.0,12.1,0.0,1.00,0.0,7,960,43.83,15.51,18,7,0,0.0,1.00,1.00,1.00,3.52,4.00,4.00,19.9,2.000,0.793,4.00
276000,3438,17,31.2,0.0,6.6,0.0,8.9,0.0,1.00,0.0,6,983,43.94,16.49,10,4,3,0.0,1.00,1.00,1.00,2.82,4.00,4.00,25.8,2.000,0.756,4.00
276000,3364,14,35.7,0.0,0.0,0.0,17.9,0.0,1.00,1.0,4,1124,74.86,24.84,11,3,0,0.0,1.00,1.00,1.00,3.21,4.07,4.43,19.8,2.000,0.547,4.50
276000,3278,11,35.3,0.0,1.3,0.0,16.4,0.0,1.00,0.0,3,1095,53.52,37.12,8,3,0,0.0,1.00,1.00,1.00,3.64,4.18,4.18,19.8,2.000,0.816,4.18
276000,3066,10,42.8,0.0,7.0,0.0,14.4,0.0,1.00,0.0,4,1578,76.25,37.95,7,2,1,0.0,1.00,1.00,1.00,3.50,4.60,4.60,22.9,2.000,0.536,4.60
276000,3412,9,32.0,0.0,0.0,0.0,16.0,0.0,1.00,0.0,1,782,41.57,12.88,6,1,2,0.0,1.00,1.00,1.00,3.78,4.00,4.00,27.6,2.000,0.871,4.00
276000,3434,7,31.9,0.0,2.3,0.1,13.6,0.0,1.00,0.0,3,1561,70.18,27.18,5,1,1,0.0,1.00,1.00,1.00,3.71,4.00,4.00,18.2,2.000,0.571,4.00
277000,3214,226,30.7,0.0,4.5,0.0,10.9,0.0,1.00,0.3,51,904,47.17,15.02,151,33,42,0.0,1.00,1.00,1.00,3.51,3.93,3.94,22.6,2.000,0.753,4.00
277000,2973,191,30.8,0.0,6.4,0.0,9.0,0.0,1.00,0.3,38,1055,53.42,20.04,94,58,39,0.0,1.00,1.00,1.00,3.46,3.90,3.95,26.6,2.000,0.795,4.01
277000,3437,32,31.6,0.0,3.7,0.0,12.1,0.0,1.00,0.0,8,962,44.97,8.63,17,8,7,0.0,1.00,1.00,1.00,3.62,4.00,4.00,26.3,2.000,0.795,4.00
277000,3364,32,32.2,0.0,0.0,0.0,16.1,0.0,1.00,1.4,9,832,50.14,10.95,26,3,3,0.0,1.00,1.00,1.00,3.28,4.00,3.94,18.2,2.000,0.596,4.31
277000,3448,29,29.2,0.0,4.0,0.0,10.7,0.0,1.00,0.7,12,1052,51.67,8.91,13,8,8,0.0,1.00,1.00,1.00,3.62,3.83,3.97,26.5,2.000,0.883,4.07
277000,3434,18,31.1,0.0,1.1,0.1,14.4,0.0,1.00,0.0,4,645,26.02,17.70,17,1,0,0.0,1.00,1.00,1.00,3.44,4.00,4.00,11.8,2.000,0.540,4.00
277000,3278,16,34.2,0.0,0.0,0.0,17.1,0.0,1.00,0.0,2,1129,61.79,34.16,12,3,1,0.0,1.00,1.00,1.00,3.00,4.12,4.12,21.5,2.000,0.913,4.12
277000,3325,14,32.0,0.0,6.6,0.0,9.4,0.0,1.00,0.0,5,1667,88.67,16.86,10,2,2,0.0,1.00,1.00,1.00,3.29,4.00,4.00,19.3,2.000,0.835,4.00
277000,3438,13,32.0,0.0,8.0,0.0,8.0,0.0,1.00,0.0,1,1741,80.08,24.29,7,2,4,0.0,1.00,1.00,1.00,3.38,4.00,4.00,27.7,2.000,0.750,4.00
277000,3066,11,36.9,0.0,4.7,0.0,13.7,0.0,1.00,0.0,4,805,38.25,8.45,9,1,1,0.0,1.00,1.00,1.00,4.00,4.27,4.27,18.2,2.000,0.594,4.27
277000,3412,9,32.0,0.0,0.0,0.0,16.0,0.0,1.00,0.0,1,1637,86.95,13.21,5,4,0,0.0,1.00,1.00,1.00,3.56,4.00,4.00,23.8,2.000,0.871,4.00
278000,3214,316,30.6,0.0,4.2,0.0,11.1,0.0,1.00,0.3,64,1131,59.48,14.49,129,90,97,0.0,1.00,1.00,1.00,3.48,3.93,3.94,29.2,2.000,0.755,4.00
278000,2973,291,31.3,0.0,6.7,0.0,9.0,0.0,1.00,0.3,43,1011,52.18,15.71,118,100,73,0.0,1.00,1.00,1.00,3.36,3.96,3.97,29.3,2.000,0.779,4.04
278000,3364,68,39.0,0.0,0.2,0.0,19.3,0.0,1.00,0.3,13,827,50.79,10.88,49,16,3,0.0,1.00,1.00,1.00,3.72,4.40,4.38,20.2,2.000,0.682,4.47
278000,3437,37,31.7,0.0,2.9,0.0,12.9,0.0,1.00,0.1,7,1328,62.86,11.95,13,12,12,0.0,1.00,1.00,1.00,3.43,4.00,3.97,32.3,2.000,0.793,4.00
278000,3412,28,27.9,0.0,0.5,0.0,13.5,0.0,1.00,1.1,9,1020,54.60,13.31,18,5,5,0.0,1.00,1.00,1.00,3.18,3.79,3.68,24.5,2.000,0.866,4.00
278000,3448,24,29.8,0.0,4.5,0.0,10.3,0.0,1.00,0.3,7,1352,68.64,12.36,10,9,5,0.0,1.00,1.00,1.00,3.25,3.92,3.92,30.1,2.000,0.891,4.00
278000,3434,19,30.0,0.0,1.9,0.0,13.1,0.0,1.00,0.1,7,648,28.65,25.17,11,8,0,0.0,1.00,1.00,1.00,3.58,3.95,4.00,17.3,2.000,0.622,4.00
278000,3325,17,30.8,0.0,5.9,0.0,9.5,0.0,1.00,0.2,7,1454,74.55,11.12,7,9,1,0.0,1.00,1.00,1.00,3.12,3.94,3.94,27.8,2.000,0.794,4.00
278000,3438,15,30.9,0.0,6.5,0.0,9.0,0.0,1.00,0.1,3,1210,62.98,15.59,4,6,5,0.0,1.00,1.00,1.00,3.60,3.93,4.00,31.3,2.000,0.729,4.00
278000,3278,14,31.7,0.0,0.0,0.0,15.9,0.0,1.00,0.0,2,1051,54.86,11.54,10,3,1,0.0,1.00,1.00,1.00,3.14,4.00,4.00,22.0,2.000,0.950,4.00
278000,3317,13,31.5,0.0,5.4,0.0,10.4,0.0,1.00,0.0,4,724,37.39,10.22,6,7,0,0.0,1.00,1.00,1.00,3.00,4.00,4.00,27.3,2.000,0.281,4.00
278000,3066,10,38.8,0.0,7.3,0.0,12.1,0.0,1.00,0.8,5,1244,60.79,8.78,1,7,2,0.0,1.00,1.00,1.00,3.60,4.20,4.60,30.1,2.000,0.536,4.60
279000,2973,498,31.0,0.0,6.2,0.0,9.3,0.0,1.00,0.2,80,986,47.27,18.26,155,171,172,0.0,1.00,1.00,1.00,3.44,3.95,3.99,32.8,2.000,0.777,4.02
279000,3214,400,30.7,0.0,4.3,0.0,11.1,0.0,1.00,0.2,81,1024,53.10,16.53,146,121,133,0.0,1.00,1.00,1.00,3.49,3.94,3.96,30.8,2.000,0.734,4.01
279000,3364,82,39.0,0.0,0.1,0.0,19.4,0.0,1.00,0.2,11,1001,61.13,23.33,42,33,7,0.0,1.00,1.00,1.00,3.95,4.34,4.38,24.6,2.000,0.616,4.41
279000,3437,39,31.7,0.0,2.4,0.0,13.4,0.0,1.00,0.0,10,1264,60.69,11.74,12,20,7,0.0,1.00,1.00,1.00,3.36,4.00,4.00,31.1,2.000,0.782,4.00
279000,3448,37,31.9,0.0,4.2,0.0,11.7,0.0,1.00,0.0,5,902,50.02,12.77,8,10,19,0.0,1.00,1.00,1.00,3.62,4.00,4.00,37.6,2.000,0.858,4.00
279000,3412,34,30.8,0.0,0.2,0.0,15.2,0.0,1.00,0.3,4,810,43.16,17.18,14,16,4,0.0,1.00,1.00,1.00,3.59,3.91,3.94,26.4,2.000,0.858,4.00
279000,3461,32,29.0,0.0,5.8,0.0,8.7,0.0,1.00,0.4,16,1369,68.69,13.97,11,11,10,0.0,1.00,1.00,1.00,3.44,3.91,3.88,31.3,2.000,0.722,4.00
279000,3066,29,39.9,0.0,4.0,0.0,15.9,0.0,1.00,0.0,10,813,41.62,17.75,20,8,1,0.0,1.00,1.00,1.00,3.86,4.45,4.45,22.3,2.000,0.524,4.45
279000,3438,23,30.8,0.0,6.7,0.0,8.7,0.0,1.00,0.3,6,1062,54.69,20.74,5,4,14,0.0,1.00,1.00,1.00,3.57,3.87,4.00,36.6,2.000,0.765,4.00
279000,3278,23,32.0,0.0,0.0,0.0,16.0,0.0,1.00,0.0,1,1214,62.31,15.42,8,10,5,0.0,1.00,1.00,1.00,3.39,4.00,4.00,29.3,2.000,0.949,4.00
279000,3466,19,29.5,0.0,2.1,0.0,12.6,0.0,1.00,0.6,8,776,33.10,15.64,11,6,2,0.0,1.00,1.00,1.00,2.95,3.84,3.84,24.5,2.000,0.784,4.00
279000,3434,16,32.0,0.0,2.7,0.0,13.3,0.0,1.00,0.0,5,1271,64.17,47.03,11,5,0,0.0,1.00,1.00,1.00,3.12,4.00,4.00,18.0,2.000,0.609,4.00
279000,3317,15,31.7,0.0,5.8,0.0,10.1,0.0,1.00,0.9,7,1052,58.63,18.55,4,8,3,0.0,1.00,1.00,1.00,3.53,4.00,4.07,30.9,2.000,0.340,4.27
279000,3325,12,32.0,0.0,7.2,0.0,8.8,0.0,1.00,0.0,5,1273,66.28,16.95,7,1,4,0.0,1.00,1.00,1.00,2.58,4.00,4.00,24.2,2.000,0.830,4.00
280000,2973,623,31.1,0.0,6.1,0.0,9.4,0.0,1.00,0.3,101,1009,48.83,22.63,193,224,206,0.0,1.00,1.00,1.00,3.46,3.96,3.96,32.4,2.000,0.771,4.02
280000,3214,566,30.5,0.0,4.1,0.0,11.1,0.0,1.00,0.3,100,929,49.37,21.90,152,215,199,0.0,1.00,1.00,1.00,3.47,3.94,3.91,33.0,2.000,0.746,4.00
280000,3468,248,31.0,0.0,6.3,0.0,9.2,0.0,1.00,0.4,43,1055,50.09,28.87,93,77,78,0.0,1.00,1.00,1.00,3.50,3.94,3.96,30.8,2.000,0.903,4.04
280000,3364,94,36.5,0.0,0.5,0.0,17.8,0.0,1.00,0.1,13,1001,61.72,34.59,37,48,9,0.0,1.00,1.00,1.00,3.71,4.27,4.22,25.0,2.000,0.604,4.27
280000,3412,56,29.6,0.0,0.3,0.0,14.5,0.0,1.00,0.6,10,1018,54.29,22.14,33,12,11,0.0,1.00,1.00,1.00,3.30,3.86,3.82,26.2,2.000,0.866,4.00
280000,3437,38,31.8,0.0,2.5,0.0,13.4,0.0,1.00,0.1,7,1023,53.38,15.68,13,11,14,0.0,1.00,1.00,1.00,3.63,4.00,3.97,32.5,2.000,0.777,4.00
280000,3461,33,31.0,0.0,5.0,0.0,10.5,0.0,1.00,0.2,13,1150,58.68,25.98,18,9,6,0.0,1.00,1.00,1.00,3.45,3.97,3.94,25.8,2.000,0.771,4.00
280000,3438,30,29.9,0.0,6.1,0.0,8.9,0.0,1.00,0.5,7,1063,50.14,24.75,13,9,8,0.0,1.00,1.00,1.00,3.23,3.80,3.97,27.8,2.000,0.764,4.00
280000,3317,24,36.2,0.0,5.2,0.0,12.9,0.0,1.00,0.2,9,875,57.93,23.93,4,13,7,0.0,1.00,1.00,1.00,3.50,4.25,4.29,33.3,2.000,0.310,4.33
280000,3066,22,35.5,0.0,5.9,0.0,11.9,0.0,1.00,1.2,12,1000,52.33,32.21,17,5,0,0.0,1.00,1.00,1.00,3.50,4.05,4.32,20.2,2.000,0.522,4.45
280000,3278,21,32.0,0.0,1.0,0.0,15.0,0.0,1.00,0.0,2,1343,56.24,17.11,7,6,8,0.0,1.00,1.00,1.00,3.52,4.00,4.00,33.5,2.000,0.948,4.00
280000,3434,18,31.9,0.0,1.3,0.1,14.7,0.0,1.00,0.0,5,1258,60.73,38.10,10,7,1,0.0,1.00,1.00,1.00,3.50,4.00,4.00,22.1,2.000,0.633,4.00
280000,3325,18,30.4,0.0,6.8,0.0,8.4,0.0,1.00,0.0,8,962,49.36,31.16,6,8,4,0.0,1.00,1.00,1.00,3.61,4.00,4.00,32.0,2.000,0.858,4.00
280000,3466,16,32.0,0.0,1.3,0.0,14.7,0.0,1.00,0.0,3,1136,49.56,38.82,12,4,0,0.0,1.00,1.00,1.00,3.31,4.00,4.00,19.9,2.000,0.726,4.00
281000,2973,786,30.9,0.0,6.4,0.0,9.0,0.0,1.00,0.3,125,987,47.89,30.86,262,265,259,0.0,1.00,1.00,1.00,3.44,3.95,3.96,31.8,2.000,0.771,4.02
281000,3214,433,30.8,0.0,3.6,0.0,11.8,0.0,1.00,0.2,76,1009,56.93,31.71,118,131,184,0.0,1.00,1.00,1.00,3.43,3.95,3.95,33.9,2.000,0.730,4.00
281000,3468,277,31.2,0.0,6.3,0.0,9.3,0.0,1.00,0.2,46,1087,53.52,37.97,101,100,76,0.0,1.00,1.00,1.00,3.60,3.97,3.96,30.8,2.000,0.903,4.01
281000,3364,42,35.4,0.0,0.9,0.0,16.8,0.0,1.00,0.0,6,1183,64.52,33.36,28,11,3,0.0,1.00,1.00,1.00,3.55,4.19,4.19,20.9,2.000,0.647,4.19
281000,3412,40,31.6,0.0,1.1,0.0,14.7,0.0,1.00,0.0,7,1125,55.78,19.17,20,12,8,0.0,1.00,1.00,1.00,3.70,4.00,4.00,26.6,2.000,0.882,4.00
281000,3438,37,31.2,0.0,6.0,0.0,9.6,0.0,1.00,0.1,10,1135,48.40,28.91,21,6,10,0.0,1.00,1.00,1.00,3.49,4.00,3.95,25.7,2.000,0.770,4.00
281000,3437,33,28.8,0.0,3.5,0.0,10.9,0.0,1.00,0.7,14,1174,67.30,42.84,9,6,18,0.0,1.00,1.00,1.00,3.21,3.79,3.85,34.3,2.000,0.801,4.00
281000,3317,24,32.2,0.0,5.1,0.0,11.0,0.0,1.00,0.5,10,765,49.93,39.90,9,11,4,0.0,1.00,1.00,1.00,3.62,4.08,4.17,29.8,2.000,0.338,4.25
281000,3461,23,30.5,0.0,6.3,0.0,9.0,0.0,1.00,0.3,9,1277,60.84,38.37,12,4,7,0.0,1.00,1.00,1.00,3.48,4.00,3.87,28.9,2.000,0.741,4.00
281000,3278,21,32.0,0.0,0.5,0.0,15.5,0.0,1.00,0.0,2,985,43.37,19.36,10,7,4,0.0,1.00,1.00,1.00,3.10,4.00,4.00,26.1,2.000,0.941,4.00
281000,3325,20,30.8,0.0,7.0,0.0,8.4,0.0,1.00,0.2,5,967,53.93,43.09,6,4,10,0.0,1.00,1.00,1.00,3.65,4.00,3.90,32.5,2.000,0.865,4.00
281000,3066,17,39.2,0.0,4.5,0.0,15.1,0.0,1.00,0.0,9,1525,81.95,47.24,14,2,1,0.0,1.00,1.00,1.00,3.65,4.41,4.41,19.9,2.000,0.547,4.41
281000,3466,15,32.0,0.0,0.8,0.0,15.2,0.0,1.00,0.0,2,1482,63.53,55.68,14,1,0,0.0,1.00,1.00,1.00,3.33,4.00,4.00,17.5,2.000,0.729,4.00
281000,3434,8,27.2,0.0,0.1,0.0,13.5,0.0,1.00,1.0,3,404,20.10,8.33,7,1,0,0.0,1.00,1.00,1.00,3.75,3.75,3.75,16.2,2.000,0.489,4.00
281000,3472,7,29.7,0.0,3.0,0.0,11.9,0.0,1.00,0.0,5,1047,63.65,57.21,0,3,4,0.0,1.00,1.00,1.00,3.71,4.00,4.00,37.7,2.000,0.815,4.00
282000,2973,744,31.1,0.0,7.0,0.0,8.5,0.0,1.00,0.3,98,1017,47.74,35.97,193,311,240,0.0,1.00,1.00,1.00,3.37,3.95,3.96,33.0,2.000,0.759,4.02
282000,3214,542,31.1,0.0,3.6,0.0,12.0,0.0,1.00,0.2,76,1069,62.87,36.60,129,209,204,0.0,1.00,1.00,1.00,3.48,3.95,3.98,33.9,2.000,0.749,4.01
282000,3468,319,30.6,0.0,5.8,0.0,9.5,0.0,1.00,0.3,66,1036,52.10,42.09,76,129,114,0.0,1.00,1.00,1.00,3.37,3.95,3.94,33.4,2.000,0.893,4.02
282000,3364,37,33.7,0.1,0.9,0.0,15.9,0.0,1.01,0.5,11,1182,59.36,30.77,22,13,2,0.0,1.03,1.00,1.01,3.46,4.11,4.00,22.4,2.000,0.672,4.19
282000,3412,33,30.4,0.0,1.2,0.0,14.0,0.0,1.00,0.7,8,1338,65.60,27.90,14,14,5,0.0,1.00,1.00,1.00,3.42,3.85,3.94,25.5,2.000,0.849,4.06
282000,3437,24,25.9,0.0,2.9,0.0,10.1,0.0,1.00,1.2,13,1325,85.50,67.35,11,1,12,0.0,1.00,1.00,1.00,3.42,3.62,3.75,31.4,2.000,0.756,4.00
282000,3317,23,32.0,0.0,5.1,0.0,10.9,0.0,1.00,0.0,9,1084,73.10,66.59,7,13,3,0.0,1.00,1.00,1.00,3.43,4.04,4.04,28.8,2.000,0.362,4.04
282000,3461,20,29.7,0.0,6.6,0.0,8.3,0.0,1.00,0.3,7,1516,72.83,39.13,7,3,10,0.0,1.00,1.00,1.00,3.40,3.90,4.00,34.1,2.000,0.674,4.00
282000,3325,16,29.8,0.0,6.5,0.0,8.4,0.0,1.00,0.2,6,1106,66.38,45.05,5,3,8,0.0,1.00,1.00,1.00,3.44,3.88,4.00,29.9,2.000,0.873,4.00
282000,3278,16,32.0,0.0,0.9,0.0,15.1,0.0,1.00,0.0,3,1155,62.29,31.93,12,3,1,0.0,1.00,1.00,1.00,3.75,4.00,4.00,19.1,2.000,0.945,4.00
282000,3474,13,30.9,0.0,0.2,0.0,15.3,0.0,1.00,0.2,3,1327,65.67,40.56,11,1,1,0.0,1.00,1.00,1.00,3.54,4.00,3.92,16.2,2.000,0.845,4.00
282000,3066,13,38.3,0.0,4.3,0.0,14.8,0.0,1.00,0.8,10,1089,56.07,48.93,6,7,0,0.0,1.00,1.00,1.00,3.46,4.38,4.46,24.1,2.000,0.475,4.62
282000,3466,7,32.0,0.0,0.0,0.0,16.0,0.0,1.00,0.0,1,1427,67.18,46.48,5,2,0,0.0,1.00,1.00,1.00,3.29,4.00,4.00,20.0,2.000,0.665,4.00
282000,3434,5,31.6,0.0,1.8,0.0,14.0,0.0,1.00,0.0,3,306,10.78,9.83,0,5,0,0.0,1.00,1.00,1.00,4.00,4.00,4.00,35.8,2.000,0.595,4.00
283000,2973,850,31.2,0.0,6.9,0.0,8.7,0.0,1.00,0.2,94,1128,53.40,38.18,237,339,274,0.0,1.00,1.00,1.00,3.52,3.94,3.98,33.0,2.000,0.763,4.01
283000,3214,611,31.0,0.0,3.5,0.0,12.0,0.0,1.00,0.2,97,1004,56.30,33.34,159,205,247,0.0,1.00,1.00,1.00,3.44,3.95,3.97,34.2,2.000,0.759,4.01
283000,3468,312,31.7,0.0,6.1,0.0,9.8,0.0,1.00,0.2,55,1125,54.87,45.22,84,121,107,0.0,1.00,1.00,1.00,3.48,3.99,4.01,33.6,2.000,0.897,4.05
283000,3437,28,28.9,0.0,2.4,0.0,12.1,0.0,1.00,0.7,7,787,45.90,43.82,14,2,12,0.0,1.00,1.00,1.00,3.54,3.75,3.89,33.5,2.000,0.694,4.00
283000,3412,27,31.0,0.0,1.7,0.0,13.7,0.0,1.00,0.2,7,1113,57.65,23.42,13,5,9,0.0,1.00,1.00,1.00,3.52,3.89,4.00,27.5,2.000,0.856,4.00
283000,3317,23,32.4,0.0,4.4,0.0,11.8,0.0,1.00,0.7,15,935,70.43,55.97,5,5,13,0.0,1.00,1.00,1.00,3.61,4.22,3.96,39.8,2.000,0.351,4.26
283000,3449,22,30.7,0.0,2.8,0.0,12.6,0.0,1.00,0.5,10,986,51.85,63.05,2,3,17,0.0,1.00,1.00,1.00,3.86,4.00,3.86,38.4,2.000,0.829,4.05
283000,3461,16,29.4,0.0,6.6,0.0,8.1,0.0,1.00,0.2,3,1512,70.24,42.44,5,4,7,0.0,1.00,1.00,1.00,3.31,3.88,4.00,32.9,2.000,0.648,4.00
283000,3474,16,30.4,0.0,0.0,0.0,15.2,0.0,1.00,0.5,2,1375,68.44,33.75,12,4,0,0.0,1.00,1.00,1.00,3.31,3.81,3.94,18.5,2.000,0.852,4.00
283000,3477,16,31.5,0.0,7.8,0.0,8.0,0.0,1.00,0.1,9,1298,49.11,22.37,11,5,0,0.0,1.00,1.00,1.00,3.38,4.00,3.94,19.7,2.000,0.666,4.00
283000,3364,15,32.3,0.1,0.7,0.0,15.1,0.0,1.03,0.0,4,1178,59.28,29.27,12,2,1,0.0,1.07,1.00,1.03,3.60,4.00,4.00,17.0,2.000,0.762,4.00
283000,3278,15,32.0,0.0,0.7,0.0,15.3,0.0,1.00,0.0,2,1461,68.81,30.95,11,2,2,0.0,1.00,1.00,1.00,3.60,4.00,4.00,19.5,2.000,0.945,4.00
283000,3466,11,31.3,0.0,0.0,0.0,15.6,0.0,1.00,0.0,3,1142,48.01,42.40,9,2,0,0.0,1.00,1.00,1.00,3.45,4.00,4.00,17.5,2.000,0.749,4.00
283000,3325,11,29.6,0.0,6.4,0.0,8.5,0.0,1.00,0.7,5,1167,58.54,20.26,6,1,4,0.0,1.00,1.00,1.00,3.45,3.82,3.82,26.5,2.000,0.899,4.00
284000,2973,1058,31.4,0.0,6.9,0.0,8.8,0.0,1.00,0.2,126,1053,49.41,36.84,296,397,365,0.0,1.00,1.00,1.00,3.54,3.97,3.98,32.9,2.000,0.760,4.02
284000,3214,556,30.7,0.0,3.8,0.0,11.6,0.0,1.00,0.3,89,1106,57.69,35.80,169,184,203,0.0,1.00,1.00,1.00,3.39,3.92,3.94,33.1,2.000,0.748,4.01
284000,3468,341,30.7,0.0,5.6,0.0,9.7,0.0,1.00,0.2,76,1071,55.88,46.56,92,117,132,0.0,1.00,1.00,1.00,3.55,3.96,3.95,34.3,2.000,0.875,4.01
284000,3278,30,30.5,0.0,0.2,0.0,15.1,0.0,1.00,0.5,4,696,32.64,16.28,16,11,3,0.0,1.00,1.00,1.00,3.50,3.93,3.83,20.4,2.000,0.944,4.00
284000,3474,25,31.4,0.0,0.0,0.0,15.6,0.0,1.00,0.2,3,796,38.86,18.41,12,8,5,0.0,1.00,1.00,1.00,3.40,4.00,3.92,25.9,2.000,0.838,4.00
284000,3437,24,29.8,0.0,3.8,0.0,11.1,0.0,1.00,0.6,7,1172,50.01,40.55,10,11,3,0.0,1.00,1.00,1.00,3.29,3.83,3.88,25.3,2.000,0.745,4.00
284000,3449,17,31.4,0.0,3.9,0.0,11.8,0.0,1.00,0.0,10,1176,72.18,83.55,0,5,12,0.0,1.00,1.00,1.00,3.88,4.00,4.00,39.9,2.000,0.866,4.00
284000,3317,16,40.5,0.0,6.1,0.0,14.1,0.0,1.00,0.0,12,1045,70.46,59.85,4,2,10,0.0,1.00,1.00,1.00,3.94,4.62,4.62,41.9,2.000,0.341,4.62
284000,3412,12,32.0,0.0,0.0,0.0,16.0,0.0,1.00,0.0,1,1488,74.32,39.33,8,3,1,0.0,1.00,1.00,1.00,3.83,4.00,4.00,24.6,2.000,0.866,4.00
284000,3364,10,32.0,0.0,0.4,0.0,15.6,0.0,1.00,0.0,2,800,47.14,19.37,9,1,0,0.0,1.00,1.00,1.00,3.00,4.00,4.00,18.0,2.000,0.780,4.00
284000,3325,10,26.6,0.0,7.1,0.0,6.2,0.0,1.00,1.2,4,1530,74.07,31.86,5,3,2,0.0,1.00,1.00,1.00,2.80,3.70,3.70,25.3,2.000,0.903,4.00
284000,3477,8,32.0,0.0,2.2,0.0,13.8,0.0,1.00,0.0,3,752,33.24,14.17,8,0,0,0.0,1.00,1.00,1.00,3.62,4.00,4.00,15.2,2.000,0.618,4.00
284000,3487,7,28.3,0.0,0.1,0.0,14.0,0.0,1.00,1.1,2,1559,80.67,32.76,1,4,2,0.0,1.00,1.00,1.00,3.00,3.71,3.71,38.9,2.000,0.643,4.00
284000,3461,7,28.9,0.0,6.6,0.0,7.9,0.0,1.00,0.6,2,1757,79.38,58.88,2,2,3,0.0,1.00,1.00,1.00,3.43,3.86,3.86,31.4,2.000,0.649,4.00
284000,3466,6,32.0,0.0,0.0,0.0,16.0,0.0,1.00,0.0,1,1067,38.85,65.93,6,0,0,0.0,1.00,1.00,1.00,4.00,4.00,4.00,14.5,2.000,0.828,4.00
285000,2973,1098,31.7,0.0,6.7,0.0,9.2,0.0,1.00,0.1,118,1121,52.12,37.53,373,370,355,0.0,1.00,1.00,1.00,3.57,3.99,4.01,32.0,2.000,0.761,4.02
285000,3214,493,31.3,0.0,3.5,0.0,12.1,0.0,1.00,0.2,79,1123,57.73,35.71,146,167,180,0.0,1.00,1.00,1.00,3.51,3.97,3.99,33.1,2.000,0.751,4.02
285000,3468,352,31.2,0.0,5.2,0.0,10.4,0.0,1.00,0.2,72,1058,55.71,44.52,88,119,145,0.0,1.00,1.00,1.00,3.53,3.97,3.97,35.2,2.000,0.891,4.03
285000,3494,38,31.9,0.0,8.2,0.0,7.7,0.0,1.00,0.0,9,1279,63.37,40.58,14,12,12,0.0,1.00,1.00,1.00,3.82,4.00,4.00,28.4,2.000,0.732,4.00
285000,3278,33,32.0,0.0,0.0,0.0,16.0,0.0,1.00,0.0,1,737,37.52,20.80,24,7,2,0.0,1.00,1.00,1.00,3.64,4.00,4.00,17.1,2.000,0.943,4.00
285000,3437,32,31.1,0.0,4.3,0.0,11.3,0.0,1.00,0.2,10,1080,42.77,28.72,15,15,2,0.0,1.00,1.00,1.00,3.47,3.97,3.94,26.1,2.000,0.711,4.00
285000,3449,27,31.4,0.0,3.4,0.0,12.3,0.0,1.00,0.0,10,862,41.84,49.87,0,13,14,0.0,1.00,1.00,1.00,3.89,4.00,4.00,39.5,2.000,0.851,4.00
285000,3496,26,52.3,0.0,0.0,0.0,26.2,0.0,1.00,0.0,5,1098,72.97,35.68,8,17,1,0.0,1.00,1.00,1.00,4.08,5.12,5.12,26.5,2.000,0.392,5.12
285000,3474,25,31.4,0.0,0.3,0.0,15.4,0.0,1.00,0.4,5,1209,57.33,26.40,12,9,4,0.0,1.00,1.00,1.00,3.56,3.92,3.96,27.1,2.000,0.843,4.04
285000,3500,15,66.9,0.0,0.0,0.0,33.5,0.0,1.00,2.4,5,958,90.26,48.55,5,5,5,0.0,1.00,1.00,1.00,5.80,5.80,5.80,32.4,2.000,0.167,6.27
285000,3412,14,29.6,0.0,2.0,0.0,12.8,0.0,1.00,0.3,5,605,31.19,12.75,11,2,1,0.0,1.00,1.00,1.00,3.21,3.93,3.93,21.6,2.000,0.846,4.00
285000,3317,12,44.0,0.0,6.2,0.0,15.8,0.0,1.00,0.0,8,1178,71.68,80.58,3,1,8,0.0,1.00,1.00,1.00,4.00,4.67,4.67,42.8,2.000,0.335,4.67
285000,3502,9,32.0,0.0,8.1,0.0,7.9,0.0,1.00,0.0,3,1423,62.97,50.24,1,0,8,0.0,1.00,1.00,1.00,3.78,4.00,4.00,45.7,2.000,0.908,4.00
285000,3501,8,27.7,0.0,0.0,0.0,13.9,0.0,1.00,1.0,3,1524,80.90,38.85,6,2,0,0.0,1.00,1.00,1.00,3.50,4.00,3.50,20.2,2.000,0.206,4.00
285000,3364,8,39.5,0.6,3.1,0.0,15.4,0.0,1.14,0.0,5,471,44.03,53.23,0,4,4,0.0,1.29,1.00,1.14,4.00,4.38,4.38,40.1,2.000,0.776,4.38
285000,3461,6,28.0,0.0,5.7,0.0,8.3,0.0,1.00,1.3,3,756,32.30,21.90,4,2,0,0.0,1.00,1.00,1.00,3.33,3.67,3.67,18.2,2.000,0.704,4.00
285000,3477,6,32.0,0.0,2.5,0.0,13.5,0.0,1.00,0.0,2,891,41.79,17.65,4,0,2,0.0,1.00,1.00,1.00,3.67,4.00,4.00,26.1,2.000,0.653,4.00
286000,2973,1172,31.6,0.0,6.7,0.0,9.1,0.0,1.00,0.1,136,1191,54.97,39.52,350,440,382,0.0,1.00,1.00,1.00,3.57,3.99,3.98,32.3,2.000,0.758,4.02
286000,3214,457,31.0,0.0,3.6,0.0,11.9,0.0,1.00,0.2,80,1065,55.22,36.57,163,155,139,0.0,1.00,1.00,1.00,3.42,3.94,3.97,31.1,2.000,0.767,4.01
286000,3468,361,30.8,0.0,5.2,0.0,10.2,0.0,1.00,0.4,72,1085,54.90,41.54,96,116,149,0.0,1.00,1.00,1.00,3.49,3.94,3.93,34.3,2.000,0.893,4.02
286000,3511,124,31.4,0.0,5.0,0.1,10.7,0.0,1.00,0.0,26,1174,49.81,28.51,56,34,34,0.0,1.00,1.00,1.00,3.50,3.99,4.00,26.7,2.000,0.805,4.01
286000,3494,39,29.9,0.0,7.4,0.0,7.5,0.0,1.00,0.5,12,1130,56.07,37.68,22,10,7,0.0,1.00,1.00,1.00,3.56,3.87,3.87,24.5,2.000,0.735,4.00
286000,3278,37,32.0,0.0,0.0,0.0,16.0,0.0,1.00,0.0,1,1083,60.23,32.11,20,7,10,0.0,1.00,1.00,1.00,3.59,4.00,4.00,25.7,2.000,0.951,4.00
286000,3496,27,47.8,0.0,0.0,0.0,23.9,0.0,1.00,0.0,4,600,44.80,27.88,2,16,9,0.0,1.00,1.00,1.00,3.81,4.89,4.89,32.1,2.000,0.466,4.89
286000,3449,24,31.8,0.0,4.6,0.0,11.2,0.0,1.00,0.0,10,1056,45.49,38.92,0,2,22,0.0,1.00,1.00,1.00,3.29,4.00,4.00,41.1,2.000,0.881,4.00
286000,3437,19,32.0,0.0,4.1,0.0,11.9,0.0,1.00,0.0,4,1427,56.90,26.88,11,8,0,0.0,1.00,1.00,1.00,3.47,4.00,4.00,24.4,2.000,0.751,4.00
286000,3474,17,31.9,0.0,1.1,0.0,14.8,0.0,1.00,0.0,3,1595,83.82,39.22,10,4,3,0.0,1.00,1.00,1.00,3.59,4.00,4.00,26.2,2.000,0.835,4.00
286000,3412,16,31.6,0.0,0.4,0.0,15.4,0.0,1.00,0.0,2,584,28.98,12.81,1,6,9,0.0,1.00,1.00,1.00,3.12,4.00,4.00,37.8,2.000,0.809,4.00
286000,3502,15,32.3,0.0,6.3,0.0,9.9,0.0,1.00,0.0,7,761,36.82,31.58,1,5,9,0.0,1.00,1.00,1.00,3.80,4.13,4.13,42.4,2.000,0.894,4.13
286000,3501,11,27.5,0.0,0.0,0.0,13.7,0.0,1.00,1.1,4,946,44.13,41.72,9,2,0,0.0,1.00,1.00,1.00,3.45,3.91,3.55,22.9,2.000,0.189,4.00
286000,3466,10,29.6,0.0,0.1,0.0,14.7,0.0,1.00,0.6,3,275,18.46,6.25,1,9,0,0.0,1.00,1.00,1.00,3.50,3.90,3.80,27.5,2.000,0.872,4.00
286000,3477,9,32.0,0.0,3.4,0.0,12.6,0.0,1.00,0.0,3,967,43.17,31.10,4,2,3,0.0,1.00,1.00,1.00,3.00,4.00,4.00,32.0,2.000,0.659,4.00
286000,3317,7,43.1,0.0,6.7,0.0,14.9,0.0,1.00,2.3,4,1856,112.32,117.88,0,1,6,0.0,1.00,1.00,1.00,3.57,4.43,4.43,47.3,2.000,0.349,5.00
286000,3512,5,32.0,0.0,2.0,0.0,14.0,0.0,1.00,0.0,1,1067,54.81,32.55,2,3,0,0.0,1.00,1.00,1.00,3.60,4.00,4.00,27.1,2.000,0.631,4.00
287000,2973,1065,31.6,0.0,6.6,0.0,9.2,0.0,1.00,0.2,127,1173,53.30,39.14,318,386,361,0.0,1.00,1.00,1.00,3.54,3.97,4.00,32.5,2.000,0.764,4.03
287000,3214,460,31.2,0.0,3.3,0.0,12.3,0.0,1.00,0.2,75,1087,55.32,38.48,166,163,131,0.0,1.00,1.00,1.00,3.54,3.97,3.97,30.5,2.000,0.775,4.01
287000,3468,309,31.2,0.0,5.1,0.0,10.5,0.0,1.00,0.2,49,1218,61.33,47.81,75,119,115,0.0,1.00,1.00,1.00,3.58,3.94,3.98,34.5,2.000,0.883,4.02
287000,3511,154,30.3,0.0,5.1,0.1,10.0,0.0,1.00,0.4,42,935,40.99,28.47,68,49,37,0.0,1.00,1.00,1.00,3.40,3.90,3.92,27.0,2.000,0.803,4.00
287000,3474,32,30.3,0.0,1.6,0.0,13.6,0.0,1.00,0.4,7,824,43.63,24.79,10,19,3,0.0,1.00,1.00,1.00,3.72,3.94,3.88,26.1,2.000,0.807,4.00
287000,3496,30,46.4,0.0,0.0,0.0,23.2,0.0,1.00,0.7,5,897,55.43,38.55,10,18,2,0.0,1.00,1.00,1.00,3.90,4.70,4.83,27.5,2.000,0.551,4.93
287000,3494,25,31.8,0.0,7.9,0.0,8.0,0.0,1.00,0.0,6,1445,58.64,47.01,13,7,5,0.0,1.00,1.00,1.00,3.84,4.00,4.00,23.3,2.000,0.728,4.00
287000,3278,23,32.0,0.0,0.0,0.0,16.0,0.0,1.00,0.0,1,1558,101.34,63.86,12,3,8,0.0,1.00,1.00,1.00,3.43,4.00,4.00,28.1,2.000,0.948,4.00
287000,3412,19,31.8,0.0,0.4,0.0,15.5,0.0,1.00,0.0,3,1040,50.63,27.73,1,9,9,0.0,1.00,1.00,1.00,3.58,4.00,4.00,39.9,2.000,0.836,4.00
287000,3502,14,32.0,0.0,7.0,0.0,9.0,0.0,1.00,0.0,1,1379,56.50,35.31,1,2,11,0.0,1.00,1.00,1.00,4.00,4.00,4.00,46.8,2.000,0.897,4.00
287000,3437,14,32.0,0.0,3.1,0.0,12.9,0.0,1.00,0.0,3,1238,53.06,29.89,3,9,2,0.0,1.00,1.00,1.00,3.71,4.00,4.00,30.9,2.000,0.763,4.00
287000,3449,14,32.0,0.0,5.4,0.0,10.6,0.0,1.00,0.0,6,1942,92.76,77.60,0,0,14,0.0,1.00,1.00,1.00,3.29,4.00,4.00,44.5,2.000,0.885,4.00
287000,3477,13,32.0,0.0,3.8,0.0,12.2,0.0,1.00,0.0,2,728,35.12,15.57,5,0,8,0.0,1.00,1.00,1.00,3.69,4.00,4.00,36.5,2.000,0.678,4.00
287000,3522,13,23.8,0.0,0.7,0.0,11.2,0.0,1.00,2.3,7,1266,77.39,50.68,7,0,6,0.0,1.00,1.00,1.00,3.08,3.46,3.38,33.1,2.000,0.784,4.00
287000,3530,8,26.2,0.0,3.9,0.0,9.2,0.0,1.00,1.5,4,798,40.31,41.22,0,5,3,0.0,1.00,1.00,1.00,3.50,3.50,3.75,39.8,2.000,0.538,4.00
287000,3501,8,32.0,0.0,0.0,0.0,16.0,0.0,1.00,0.0,1,1189,48.61,55.99,7,1,0,0.0,1.00,1.00,1.00,3.75,4.00,4.00,21.0,2.000,0.187,4.00
287000,3512,7,32.3,0.0,1.7,0.0,14.4,0.0,1.00,0.3,2,1492,77.16,48.22,0,4,3,0.0,1.00,1.00,1.00,2.86,4.14,4.00,35.9,2.000,0.611,4.14
287000,3528,6,32.0,0.0,0.2,0.0,15.8,0.0,1.00,0.0,2,621,41.76,23.53,0,6,0,0.0,1.00,1.00,1.00,4.00,4.00,4.00,30.9,2.000,0.991,4.00
287000,3325,5,30.0,0.0,6.4,0.0,8.6,0.0,1.00,0.4,4,725,61.06,48.64,0,0,5,0.0,1.00,1.00,1.00,3.00,4.00,3.80,47.4,2.000,0.716,4.00
288000,2973,1075,31.4,0.0,6.6,0.0,9.1,0.0,1.00,0.2,125,1142,51.25,37.08,333,379,363,0.0,1.00,1.00,1.00,3.55,3.97,3.97,32.1,2.000,0.752,4.02
288000,3214,333,31.3,0.0,2.9,0.0,12.8,0.0,1.00,0.1,60,1072,56.06,34.59,123,127,83,0.0,1.00,1.00,1.00,3.35,3.97,3.99,30.0,2.000,0.755,4.02
288000,3468,278,31.6,0.0,5.1,0.0,10.7,0.0,1.00,0.2,52,1095,54.10,46.44,71,109,98,0.0,1.00,1.00,1.00,3.64,3.99,3.99,33.7,2.000,0.895,4.05
288000,3511,130,31.7,0.0,5.3,0.1,10.4,0.0,1.00,0.0,26,1285,60.29,36.79,66,34,30,0.0,1.00,1.00,1.00,3.55,4.00,4.00,26.6,2.000,0.808,4.00
288000,3474,36,32.0,0.0,1.7,0.0,14.3,0.0,1.00,0.0,4,1153,54.07,29.17,14,21,1,0.0,1.00,1.00,1.00,3.42,4.00,4.00,27.1,2.000,0.829,4.00
288000,3496,28,48.8,0.0,0.0,0.0,24.4,0.0,1.00,0.1,4,1199,73.81,46.17,10,14,4,0.0,1.00,1.00,1.00,4.18,4.89,4.96,27.6,2.000,0.556,4.96
288000,3278,18,31.8,0.0,0.7,0.0,15.2,0.0,1.00,0.0,3,1167,87.23,61.54,4,5,9,0.0,1.00,1.00,1.00,3.39,4.00,4.00,35.3,2.000,0.931,4.00
288000,3502,18,32.0,0.0,5.8,0.0,10.2,0.0,1.00,0.0,5,1084,51.44,25.34,0,4,14,0.0,1.00,1.00,1.00,3.56,4.00,4.00,47.6,2.000,0.890,4.00
288000,3437,16,30.2,0.0,1.5,0.0,13.6,0.0,1.00,0.6,4,981,47.62,23.69,8,4,4,0.0,1.00,1.00,1.00,3.44,3.88,3.81,27.4,2.000,0.754,4.00
288000,3494,15,32.0,0.0,7.4,0.0,8.6,0.0,1.00,0.0,5,1653,62.72,41.98,13,1,1,0.0,1.00,1.00,1.00,3.40,4.00,4.00,16.0,2.000,0.712,4.00
288000,3477,13,31.5,0.0,3.4,0.0,12.4,0.0,1.00,0.0,3,1162,50.44,21.69,9,0,4,0.0,1.00,1.00,1.00,3.38,4.00,4.00,25.6,2.000,0.675,4.00
288000,3543,11,33.6,0.0,0.9,0.0,15.9,0.0,1.00,0.2,6,946,51.24,35.62,0,9,2,0.0,1.00,1.00,1.00,3.64,4.09,4.18,37.9,2.000,0.335,4.18
288000,3412,11,32.0,0.0,0.0,0.0,16.0,0.0,1.00,0.0,1,1391,62.25,23.28,1,1,9,0.0,1.00,1.00,1.00,3.64,4.00,4.00,45.2,2.000,0.797,4.00
288000,3541,10,29.8,0.0,2.7,0.0,12.2,0.0,1.00,0.0,6,1018,53.13,48.05,5,2,3,0.0,1.00,1.00,1.00,3.50,4.00,4.00,26.4,2.000,0.775,4.00
288000,3449,10,32.0,0.0,8.6,0.0,7.4,0.0,1.00,0.0,2,890,51.42,43.79,0,0,10,0.0,1.00,1.00,1.00,4.00,4.00,4.00,42.8,2.000,0.872,4.00
288000,3540,9,32.0,0.0,0.0,0.0,16.0,0.0,1.00,0.0,1,1331,75.95,35.49,3,3,3,0.0,1.00,1.00,1.00,3.33,4.00,4.00,31.9,2.000,0.282,4.00
288000,3501,7,32.0,0.0,0.0,0.0,16.0,0.0,1.00,0.0,1,1846,101.20,73.68,6,1,0,0.0,1.00,1.00,1.00,3.43,4.00,4.00,18.9,2.000,0.196,4.00
288000,3325,7,32.0,0.0,8.1,0.0,7.9,0.0,1.00,0.0,5,1067,90.30,62.70,0,0,7,0.0,1.00,1.00,1.00,3.43,4.00,4.00,45.5,2.000,0.598,4.00
288000,3461,7,26.3,0.0,5.0,0.0,8.1,0.0,1.00,0.9,3,652,31.46,27.85,7,0,0,0.0,1.00,1.00,1.00,3.14,3.71,3.86,10.4,2.000,0.622,4.00
288000,3528,7,29.7,0.0,0.0,0.0,14.9,0.0,1.00,0.6,2,675,30.42,16.66,4,2,1,0.0,1.00,1.00,1.00,3.71,4.00,3.71,26.2,2.000,0.978,4.00
288000,3522,6,32.0,0.0,3.0,0.0,13.0,0.0,1.00,0.0,2,1171,61.46,19.18,0,0,6,0.0,1.00,1.00,1.00,4.00,4.00,4.00,52.2,2.000,0.711,4.00
288000,3530,5,25.6,0.0,3.8,0.0,9.0,0.0,1.00,2.4,3,1512,83.05,69.90,0,5,0,0.0,1.00,1.00,1.00,3.40,3.40,3.40,39.6,2.000,0.543,4.00
288000,3512,5,32.0,0.0,2.0,0.0,14.0,0.0,1.00,0.0,1,1717,81.57,55.59,0,1,4,0.0,1.00,1.00,1.00,4.00,4.00,4.00,38.7,2.000,0.631,4.00
289000,2973,1011,31.1,0.0,6.3,0.0,9.2,0.0,1.00,0.3,130,1177,52.82,39.51,321,379,311,0.0,1.00,1.00,1.00,3.45,3.94,3.96,31.8,2.000,0.755,4.03
289000,3214,296,30.9,0.0,3.4,0.0,12.0,0.0,1.00,0.3,60,1049,51.54,37.16,122,96,78,0.0,1.00,1.00,1.00,3.36,3.94,3.95,29.9,2.000,0.765,4.01
289000,3468,265,31.1,0.0,4.9,0.0,10.6,0.0,1.00,0.2,43,1073,54.82,52.45,63,103,99,0.0,1.00,1.00,1.00,3.54,3.95,3.97,35.2,2.000,0.888,4.01
289000,3511,122,31.7,0.0,5.5,0.0,10.3,0.0,1.00,0.0,26,1210,55.68,32.63,61,31,30,0.0,1.00,1.00,1.00,3.52,4.00,3.99,26.8,2.000,0.829,4.01
289000,3474,50,32.6,0.0,1.8,0.0,14.5,0.0,1.00,0.0,8,1184,52.00,28.45,16,31,3,0.0,1.00,1.00,1.00,3.20,4.04,4.04,28.1,2.000,0.836,4.04
289000,3548,47,31.4,0.0,4.6,0.1,11.1,0.0,1.00,0.0,15,1015,44.14,26.37,14,20,13,0.0,1.00,1.00,1.00,2.98,4.00,4.00,30.8,2.000,0.833,4.00
289000,3477,39,31.2,0.0,3.9,0.0,11.7,0.0,1.00,0.1,11,509,25.10,18.77,10,18,11,0.0,1.00,1.00,1.00,3.44,3.95,4.00,32.8,2.000,0.649,4.00
289000,3496,37,43.5,0.0,0.0,0.0,21.7,0.0,1.00,0.3,7,900,53.08,29.43,10,26,1,0.0,1.00,1.00,1.00,3.68,4.62,4.65,27.9,2.000,0.505,4.70
289000,3437,20,29.1,0.0,2.2,0.0,12.4,0.0,1.00,0.6,8,788,42.24,28.20,8,8,4,0.0,1.00,1.00,1.00,3.55,3.80,3.90,29.7,2.000,0.753,4.00
289000,3278,16,28.6,0.0,0.6,0.0,13.7,0.0,1.00,1.1,5,817,36.67,21.36,6,4,6,0.0,1.00,1.00,1.00,3.31,3.62,3.81,29.3,2.000,0.941,4.00
289000,3549,15,32.0,0.0,5.4,0.0,10.6,0.0,1.00,0.0,4,1198,52.64,24.99,10,4,1,0.0,1.00,1.00,1.00,3.47,4.00,4.00,18.1,2.000,0.755,4.00
289000,3494,12,32.0,0.0,7.2,0.0,8.8,0.0,1.00,0.0,5,1598,58.72,35.80,10,2,0,0.0,1.00,1.00,1.00,3.83,4.00,4.00,18.7,2.000,0.702,4.00
289000,3541,12,25.8,0.0,1.8,0.0,11.2,0.0,1.00,1.2,8,964,51.73,42.75,5,3,4,0.0,1.00,1.00,1.00,3.50,3.67,3.75,29.9,2.000,0.739,4.00
289000,3449,11,30.7,0.0,8.1,0.0,7.3,0.0,1.00,0.2,4,1434,99.52,74.20,0,0,11,0.0,1.00,1.00,1.00,3.45,4.00,3.91,42.7,2.000,0.882,4.00
289000,3540,10,26.2,0.0,0.0,0.0,13.1,0.0,1.00,1.4,5,442,27.92,20.95,4,0,6,0.0,1.00,1.00,1.00,2.70,3.70,3.60,37.4,2.000,0.333,4.00
289000,3325,9,32.0,0.0,6.9,0.0,9.1,0.0,1.00,0.0,5,785,61.67,33.48,0,0,9,0.0,1.00,1.00,1.00,4.00,4.00,4.00,45.0,2.000,0.629,4.00
289000,3502,8,32.0,0.0,6.1,0.0,9.9,0.0,1.00,0.0,4,1293,62.87,30.41,0,1,7,0.0,1.00,1.00,1.00,3.75,4.00,4.00,48.6,2.000,0.894,4.00
289000,3501,6,32.3,0.0,0.0,0.0,16.2,0.0,1.00,0.7,3,393,26.71,23.49,5,1,0,0.0,1.00,1.00,1.00,4.00,3.83,4.17,22.9,2.000,0.227,4.17
289000,3530,6,21.7,0.0,0.0,0.0,10.8,0.0,1.00,3.0,5,309,22.77,11.59,0,1,5,0.0,1.00,1.00,1.00,3.00,3.00,3.50,41.0,2.000,0.619,4.00
289000,3528,5,31.2,0.0,0.0,0.0,15.6,0.0,1.00,0.0,2,633,29.36,8.61,0,5,0,0.0,1.00,1.00,1.00,4.00,4.00,4.00,26.6,2.000,0.985,4.00
290000,2973,969,31.4,0.0,6.4,0.0,9.3,0.0,1.00,0.2,112,1140,49.65,38.41,334,312,323,0.0,1.00,1.00,1.00,3.50,3.97,3.97,31.5,2.000,0.754,4.03
290000,3214,317,31.1,0.0,3.0,0.0,12.5,0.0,1.00,0.3,53,1117,52.38,37.08,159,102,56,0.0,1.00,1.00,1.00,3.44,3.94,3.96,26.1,2.000,0.791,4.01
290000,3468,244,31.0,0.0,5.0,0.0,10.5,0.0,1.00,0.2,47,1124,51.41,49.77,70,95,79,0.0,1.00,1.00,1.00,3.48,3.96,3.98,33.5,2.000,0.899,4.02
290000,3511,122,31.5,0.0,5.6,0.0,10.1,0.0,1.00,0.1,25,1074,48.88,29.82,58,40,24,0.0,1.00,1.00,1.00,3.52,3.98,3.99,25.4,2.000,0.824,4.00
290000,3548,53,31.0,0.0,4.2,0.0,11.3,0.0,1.00,0.2,18,688,28.45,19.66,25,10,18,0.0,1.00,1.00,1.00,3.40,3.91,3.98,27.6,2.000,0.822,4.00
290000,3474,44,32.1,0.0,1.8,0.0,14.2,0.0,1.00,0.1,10,855,41.42,25.90,23,20,1,0.0,1.00,1.00,1.00,3.57,4.02,4.05,27.3,2.000,0.834,4.07
290000,3496,29,43.1,0.0,0.0,0.0,21.6,0.0,1.00,1.0,9,737,46.68,26.45,9,17,3,0.0,1.00,1.00,1.00,4.00,4.66,4.59,28.0,2.000,0.407,4.86
290000,3477,25,32.0,0.0,5.4,0.0,10.6,0.0,1.00,0.0,6,976,43.85,33.99,10,10,5,0.0,1.00,1.00,1.00,3.68,4.00,4.00,28.4,2.000,0.615,4.00
290000,3437,20,32.0,0.0,1.8,0.0,14.2,0.0,1.00,0.0,6,1170,59.08,49.44,16,1,3,0.0,1.00,1.00,1.00,3.25,4.00,4.00,22.5,2.000,0.767,4.00
290000,3278,19,31.4,0.0,0.3,0.0,15.4,0.0,1.00,0.0,3,678,37.18,21.87,7,11,1,0.0,1.00,1.00,1.00,3.84,4.00,4.00,25.9,2.000,0.964,4.00
290000,3549,13,32.0,0.0,5.1,0.0,10.9,0.0,1.00,0.0,3,887,41.98,30.44,12,1,0,0.0,1.00,1.00,1.00,3.69,4.00,4.00,14.4,2.000,0.772,4.00
290000,3541,13,28.9,0.0,2.0,0.0,12.5,0.0,1.00,0.8,7,1101,63.66,60.45,3,7,3,0.0,1.00,1.00,1.00,3.69,3.77,3.85,31.9,2.000,0.741,4.00
290000,3325,10,32.0,0.0,6.4,0.0,9.6,0.0,1.00,0.0,6,1074,84.02,49.78,0,0,10,0.0,1.00,1.00,1.00,4.00,4.00,4.00,45.1,2.000,0.587,4.00
290000,3461,9,30.9,0.0,6.8,0.0,8.7,0.0,1.00,0.0,3,825,30.66,24.90,7,2,0,0.0,1.00,1.00,1.00,3.78,4.00,4.00,22.4,2.000,0.699,4.00
290000,3502,8,32.0,0.0,6.8,0.0,9.2,0.0,1.00,0.0,4,1545,65.46,26.94,0,2,6,0.0,1.00,1.00,1.00,3.75,4.12,4.12,45.5,2.000,0.876,4.12
290000,3449,8,32.0,0.0,8.5,0.0,7.5,0.0,1.00,0.0,2,2570,170.56,117.29,0,0,8,0.0,1.00,1.00,1.00,3.25,4.00,4.00,43.9,2.000,0.868,4.00
290000,3564,7,34.6,0.0,0.6,0.0,16.7,0.0,1.00,0.0,3,672,32.43,15.66,1,4,2,0.0,1.00,1.00,1.00,3.43,4.14,4.14,33.3,2.000,0.788,4.14
290000,3494,6,32.0,0.0,7.7,0.0,8.3,0.0,1.00,0.0,3,1711,64.66,25.32,5,1,0,0.0,1.00,1.00,1.00,3.67,4.00,4.00,16.7,2.000,0.713,4.00
291000,2973,926,31.4,0.0,6.6,0.0,9.1,0.0,1.00,0.3,115,1101,47.15,35.32,318,331,277,0.0,1.00,1.00,1.00,3.54,3.97,3.97,30.4,2.000,0.754,4.04
291000,3214,311,31.6,0.0,2.8,0.0,13.0,0.0,1.00,0.2,57,959,46.10,33.02,122,130,59,0.0,1.00,1.00,1.00,3.53,3.99,4.00,28.1,2.000,0.812,4.04
291000,3468,189,30.9,0.0,5.3,0.0,10.1,0.0,1.00,0.3,43,1167,49.87,51.82,44,73,72,0.0,1.00,1.00,1.00,3.45,3.92,3.96,34.0,2.000,0.901,4.01
291000,3511,97,30.3,0.0,4.9,0.1,10.2,0.0,1.00,0.3,28,1187,53.65,33.55,38,29,30,0.0,1.00,1.00,1.00,3.45,3.95,3.91,29.3,2.000,0.808,4.00
291000,3548,58,32.6,0.0,5.1,0.1,11.2,0.0,1.00,0.0,15,873,36.77,25.80,26,6,26,0.0,1.00,1.00,1.00,3.62,4.05,4.05,32.2,2.000,0.821,4.05
291000,3571,47,30.9,0.0,6.2,0.0,9.3,0.0,1.00,0.1,14,1096,48.90,35.05,3,11,33,0.0,1.00,1.00,1.00,3.32,3.96,3.98,41.8,2.000,0.737,4.00
291000,3474,34,31.4,0.0,2.1,0.0,13.6,0.0,1.00,0.2,4,1360,60.05,38.83,14,20,0,0.0,1.00,1.00,1.00,3.59,4.00,3.94,27.5,2.000,0.801,4.03
291000,3477,22,32.0,0.0,5.6,0.0,10.4,0.0,1.00,0.0,5,1580,64.75,43.08,8,9,5,0.0,1.00,1.00,1.00,3.50,4.00,4.00,29.5,2.000,0.642,4.00
291000,3278,18,30.9,0.0,0.0,0.0,15.4,0.0,1.00,0.1,3,974,42.77,29.12,11,3,4,0.0,1.00,1.00,1.00,3.17,3.94,4.00,20.4,2.000,0.959,4.00
291000,3549,16,30.5,0.0,4.1,0.0,11.1,0.0,1.00,0.1,7,970,43.55,26.69,14,2,0,0.0,1.00,1.00,1.00,3.06,4.00,3.94,15.2,2.000,0.780,4.00
291000,3541,12,29.5,0.0,2.5,0.0,12.2,0.0,1.00,1.0,5,837,36.93,32.73,2,7,3,0.0,1.00,1.00,1.00,3.25,3.75,3.75,33.1,2.000,0.771,4.00
291000,3437,8,32.0,0.0,4.1,0.0,11.9,0.0,1.00,0.0,4,1392,59.13,41.53,6,2,0,0.0,1.00,1.00,1.00,3.50,4.00,4.00,21.1,2.000,0.704,4.00
291000,3325,7,31.7,0.0,6.7,0.0,9.1,0.0,1.00,0.0,4,1476,90.36,82.05,0,0,7,0.0,1.00,1.00,1.00,3.86,4.00,4.00,45.1,2.000,0.648,4.00
291000,3572,6,32.0,0.0,8.2,0.0,7.8,0.0,1.00,0.0,3,1310,53.02,45.84,4,1,1,0.0,1.00,1.00,1.00,2.67,4.00,4.00,20.5,2.000,0.876,4.00
291000,3494,6,32.0,0.0,9.2,0.0,6.8,0.0,1.00,0.0,4,1292,41.83,23.12,3,3,0,0.0,1.00,1.00,1.00,4.00,4.00,4.00,21.4,2.000,0.679,4.00
291000,3496,5,61.6,0.0,0.0,0.0,30.8,0.0,1.00,0.4,3,1261,105.54,40.74,5,0,0,0.0,1.00,1.00,1.00,4.80,5.40,5.60,12.0,2.000,0.425,5.60
292000,2973,767,31.7,0.0,6.4,0.0,9.4,0.0,1.00,0.2,106,1205,49.41,36.46,309,255,203,0.0,1.00,1.00,1.00,3.49,3.99,3.99,29.2,2.000,0.765,4.04
292000,3214,206,31.2,0.0,2.8,0.0,12.8,0.0,1.00,0.3,38,1231,57.91,40.55,105,80,21,0.0,1.00,1.00,1.00,3.41,3.95,3.95,25.4,2.000,0.832,4.01
292000,3468,141,31.9,0.0,5.5,0.0,10.4,0.0,1.00,0.1,29,1281,48.57,45.73,47,59,35,0.0,1.00,1.00,1.00,3.60,4.00,4.00,31.5,2.000,0.909,4.02
292000,3511,68,31.8,0.0,4.4,0.1,11.5,0.0,1.00,0.2,21,1133,46.56,31.18,39,13,16,0.0,1.00,1.00,1.00,3.51,4.01,3.97,25.9,2.000,0.794,4.04
292000,3474,38,31.1,0.0,1.8,0.0,13.7,0.0,1.00,0.1,7,844,35.93,24.36,19,17,2,0.0,1.00,1.00,1.00,3.63,3.97,3.97,25.7,2.000,0.816,4.00
292000,3548,32,31.7,0.0,6.2,0.2,9.6,0.0,1.00,0.1,16,1265,53.21,24.73,22,9,1,0.0,1.00,1.00,1.00,3.62,4.06,4.06,18.4,2.000,0.796,4.09
292000,3571,24,32.0,0.0,6.2,0.0,9.8,0.0,1.00,0.0,5,1628,66.11,44.67,5,2,17,0.0,1.00,1.00,1.00,3.00,4.00,4.00,39.8,2.000,0.750,4.00
292000,3541,14,31.9,0.0,2.5,0.0,13.4,0.0,1.00,0.0,6,974,42.13,24.82,3,7,4,0.0,1.00,1.00,1.00,3.64,4.00,4.00,33.0,2.000,0.797,4.00
292000,3585,12,31.3,0.0,6.5,0.0,9.2,0.0,1.00,0.7,5,777,37.71,22.38,6,2,4,0.0,1.00,1.00,1.00,3.67,4.00,4.17,25.6,2.000,0.770,4.17
292000,3461,11,32.0,0.0,8.1,0.0,7.9,0.0,1.00,0.0,2,833,31.69,24.83,6,5,0,0.0,1.00,1.00,1.00,3.82,4.00,4.00,20.8,2.000,0.694,4.00
292000,3477,11,30.4,0.0,5.3,0.0,9.9,0.0,1.00,0.2,4,956,40.20,26.08,5,6,0,0.0,1.00,1.00,1.00,3.55,3.91,4.00,19.5,2.000,0.671,4.00
292000,3584,9,31.9,0.0,2.9,0.1,13.0,0.0,1.00,0.0,4,986,46.23,36.75,0,8,1,0.0,1.00,1.00,1.00,3.56,4.00,4.00,38.3,2.000,0.659,4.00
292000,3278,7,32.0,0.0,0.0,0.0,16.0,0.0,1.00,0.0,1,1469,64.17,46.04,5,0,2,0.0,1.00,1.00,1.00,3.71,4.00,4.00,19.3,2.000,0.965,4.00
292000,3549,6,32.0,0.0,5.7,0.0,10.3,0.0,1.00,0.0,2,2062,88.61,40.56,5,1,0,0.0,1.00,1.00,1.00,3.67,4.00,4.00,15.4,2.000,0.764,4.00
292000,3437,6,32.0,0.0,5.0,0.0,11.0,0.0,1.00,0.0,4,1532,67.16,55.48,4,2,0,0.0,1.00,1.00,1.00,3.00,4.00,4.00,21.9,2.000,0.676,4.00
292000,3496,6,57.0,0.0,0.0,0.0,28.5,0.0,1.00,0.0,3,576,31.79,12.90,6,0,0,0.0,1.00,1.00,1.00,4.33,5.33,5.33,10.8,2.000,0.248,5.33
292000,3325,5,31.2,0.0,6.2,0.0,9.4,0.0,1.00,0.0,3,1042,54.41,57.98,0,0,5,0.0,1.00,1.00,1.00,4.00,4.00,4.00,46.2,2.000,0.686,4.00
292000,3502,5,30.0,0.0,3.8,0.0,11.2,0.0,1.00,0.4,5,1138,41.58,19.01,0,3,2,0.0,1.00,1.00,1.00,3.60,4.00,3.80,39.7,2.000,0.877,4.00
292000,3494,5,32.0,0.0,9.2,0.0,6.8,0.0,1.00,0.0,3,1087,40.34,18.12,4,1,0,0.0,1.00,1.00,1.00,4.00,4.00,4.00,20.5,2.000,0.669,4.00
293000,2973,526,32.0,0.0,6.6,0.0,9.4,0.0,1.00,0.1,59,1315,49.68,35.43,242,151,133,0.0,1.00,1.00,1.00,3.58,4.01,4.01,27.6,2.000,0.764,4.02
293000,3468,101,31.7,0.0,6.3,0.0,9.6,0.0,1.00,0.1,29,1404,54.14,43.02,41,33,27,0.0,1.00,1.00,1.00,3.64,4.02,4.00,29.6,2.000,0.905,4.03
293000,3214,84,31.0,0.0,3.3,0.0,12.2,0.0,1.00,0.2,16,1300,57.92,36.61,54,20,10,0.0,1.00,1.00,1.00,3.26,3.96,3.96,21.7,2.000,0.826,4.01
293000,3511,39,30.5,0.0,5.1,0.2,10.1,0.0,1.00,0.3,18,1283,49.93,36.17,26,6,7,0.0,1.00,1.00,1.00,3.26,3.92,3.92,22.8,2.000,0.810,4.00
293000,3474,29,31.7,0.0,0.6,0.0,15.3,0.0,1.00,0.3,4,993,41.91,21.66,17,10,2,0.0,1.00,1.00,1.00,3.66,4.00,3.93,24.4,2.000,0.834,4.03
293000,3461,15,32.0,0.0,7.8,0.0,8.2,0.0,1.00,0.0,3,918,32.55,34.45,8,7,0,0.0,1.00,1.00,1.00,3.20,4.00,4.00,24.0,2.000,0.668,4.00
293000,3548,13,47.5,0.0,9.1,0.7,14.3,0.0,1.00,0.0,7,1087,55.72,22.78,12,1,0,0.0,1.00,1.00,1.00,3.77,4.85,4.85,11.3,2.000,0.687,4.85
293000,3496,13,44.2,0.0,0.0,0.0,22.1,0.0,1.00,0.8,5,667,43.10,40.27,11,2,0,0.0,1.00,1.00,1.00,3.62,4.62,4.69,15.1,2.000,0.530,4.85
293000,3571,11,32.0,0.0,6.5,0.0,9.5,0.0,1.00,0.0,2,1727,65.92,47.81,3,6,2,0.0,1.00,1.00,1.00,3.45,4.00,4.00,31.5,2.000,0.709,4.00
293000,3549,9,28.9,0.0,4.7,0.0,9.8,0.0,1.00,0.7,4,1246,48.47,20.12,3,6,0,0.0,1.00,1.00,1.00,2.89,3.67,4.00,25.9,2.000,0.758,4.00
293000,3541,9,32.0,0.0,3.9,0.0,12.1,0.0,1.00,0.0,3,1643,62.02,30.03,0,4,5,0.0,1.00,1.00,1.00,3.78,4.00,4.00,39.7,2.000,0.792,4.00
293000,3591,9,30.4,0.0,5.4,0.0,9.8,0.0,1.00,0.2,3,577,16.17,13.40,0,3,6,0.0,1.00,1.00,1.00,3.56,4.00,3.89,42.2,2.000,0.780,4.00
293000,3477,6,26.3,0.0,3.0,0.0,10.2,0.0,1.00,1.7,4,661,27.53,21.27,4,1,1,0.0,1.00,1.00,1.00,3.17,3.50,3.67,23.2,2.000,0.650,4.00
293000,3585,6,32.0,0.0,7.8,0.0,8.2,0.0,1.00,0.0,3,984,35.14,27.10,4,1,1,0.0,1.00,1.00,1.00,3.67,4.00,4.00,18.8,2.000,0.784,4.00
294000,2973,436,31.1,0.0,6.0,0.0,9.6,0.0,1.00,0.3,70,1147,43.59,27.93,304,81,51,0.0,1.00,1.00,1.00,3.56,3.94,3.98,21.0,2.000,0.756,4.03
294000,3468,45,31.2,0.0,5.7,0.0,9.8,0.0,1.00,0.2,13,1276,47.02,35.14,29,9,7,0.0,1.00,1.00,1.00,3.71,3.96,3.96,23.1,2.000,0.891,4.00
294000,3214,39,31.4,0.0,3.9,0.0,11.8,0.0,1.00,0.0,10,1245,53.00,23.65,24,6,9,0.0,1.00,1.00,1.00,3.41,4.00,4.00,23.0,2.000,0.793,4.00
294000,3511,29,31.9,0.0,5.2,0.1,10.7,0.0,1.00,0.0,12,1472,59.19,37.50,22,2,5,0.0,1.00,1.00,1.00,3.38,4.00,4.00,22.2,2.000,0.799,4.00
294000,3461,16,30.2,0.0,6.8,0.0,8.4,0.0,1.00,0.6,5,1234,42.87,37.11,10,3,3,0.0,1.00,1.00,1.00,3.62,3.81,3.88,23.0,2.000,0.595,4.00
294000,3548,14,43.6,0.0,9.7,0.6,11.8,0.0,1.00,0.0,7,737,40.28,23.76,12,1,1,0.0,1.00,1.00,1.00,4.00,4.64,4.64,14.0,2.000,0.744,4.64
294000,3602,13,54.4,0.0,9.2,1.9,17.0,0.0,1.00,0.0,6,1110,88.14,31.73,10,1,2,0.0,1.00,1.00,1.00,5.15,5.23,5.23,17.6,2.000,0.340,5.23
294000,3474,9,31.1,0.0,0.0,0.0,15.6,0.0,1.00,0.2,2,2077,102.81,43.42,6,2,1,0.0,1.00,1.00,1.00,3.56,3.89,4.00,18.4,2.000,0.852,4.00
294000,3496,7,42.3,0.0,0.0,0.0,21.1,0.0,1.00,0.0,2,1486,84.01,59.98,7,0,0,0.0,1.00,1.00,1.00,3.71,4.57,4.57,10.8,2.000,0.621,4.57
294000,3571,6,32.0,0.0,8.0,0.0,8.0,0.0,1.00,0.0,1,1455,53.14,27.63,3,2,1,0.0,1.00,1.00,1.00,4.00,4.00,4.00,25.6,2.000,0.739,4.00
295000,2973,307,31.5,0.0,5.6,0.0,10.1,0.0,1.00,0.1,51,1146,49.07,27.24,240,48,19,0.0,1.00,1.00,1.00,3.52,3.98,3.98,17.6,2.000,0.746,4.01
295000,3214,37,31.8,0.0,4.3,0.0,11.6,0.0,1.00,0.0,11,1336,55.89,25.09,28,4,5,0.0,1.00,1.00,1.00,3.62,4.00,4.00,19.9,2.000,0.770,4.00
295000,3548,17,39.6,0.0,6.9,0.3,12.7,0.0,1.00,0.0,8,857,48.59,23.20,17,0,0,0.0,1.00,1.00,1.00,4.18,4.41,4.41,9.6,2.000,0.673,4.41
295000,3468,16,29.1,0.0,6.0,0.0,8.6,0.0,1.00,0.8,6,1320,55.33,32.18,15,1,0,0.0,1.00,1.00,1.00,3.44,3.88,3.75,13.8,2.000,0.925,4.00
295000,3511,16,30.6,0.0,3.8,0.3,11.4,0.0,1.00,0.2,7,1258,57.72,25.66,13,2,1,0.0,1.00,1.00,1.00,3.50,4.00,3.88,19.2,2.000,0.795,4.00
295000,3461,8,32.0,0.0,7.2,0.0,8.8,0.0,1.00,0.0,4,1215,47.17,19.66,8,0,0,0.0,1.00,1.00,1.00,2.75,4.00,4.00,13.7,2.000,0.498,4.00
295000,3602,7,63.0,0.0,14.1,2.7,16.0,0.0,1.00,0.0,4,1814,129.70,32.03,7,0,0,0.0,1.00,1.00,1.00,6.00,5.71,5.71,9.9,2.000,0.279,5.71
295000,3496,7,47.4,0.0,0.0,0.0,23.7,0.0,1.00,0.0,2,683,69.98,68.00,7,0,0,0.0,1.00,1.00,1.00,3.71,4.86,4.86,15.7,2.000,0.367,4.86
295000,3474,6,27.3,0.0,0.0,0.0,13.7,0.0,1.00,1.7,2,1223,54.04,21.55,6,0,0,0.0,1.00,1.00,1.00,3.33,3.67,3.50,12.9,2.000,0.814,4.00
295000,3571,5,32.0,0.0,7.6,0.0,8.4,0.0,1.00,0.0,2,1122,48.80,21.22,5,0,0,0.0,1.00,1.00,1.00,3.60,4.00,4.00,12.1,2.000,0.659,4.00
296000,2973,336,31.0,0.0,5.7,0.0,9.8,0.0,1.00,0.2,50,1143,52.47,21.39,226,73,37,0.0,1.00,1.00,1.00,3.42,3.96,3.95,21.2,2.000,0.760,4.02
296000,3214,25,30.9,0.0,4.1,0.0,11.3,0.0,1.00,0.2,8,1095,51.43,21.77,22,2,1,0.0,1.00,1.00,1.00,3.36,3.96,3.96,16.0,2.000,0.786,4.00
296000,3468,18,31.7,0.0,6.2,0.1,9.6,0.0,1.00,0.2,7,1124,52.80,17.92,15,3,0,0.0,1.00,1.00,1.00,3.50,4.00,4.00,12.8,2.000,0.910,4.06
296000,3511,16,31.9,0.0,5.0,0.1,10.9,0.0,1.00,0.0,10,1197,56.97,16.84,13,3,0,0.0,1.00,1.00,1.00,3.25,4.00,4.00,18.0,2.000,0.782,4.00
296000,3548,14,31.3,0.0,4.7,0.0,10.9,0.0,1.00,0.1,4,1088,56.97,9.77,10,4,0,0.0,1.00,1.00,1.00,3.93,4.00,3.93,16.0,2.000,0.705,4.00
296000,3602,12,71.5,0.0,3.8,7.3,28.2,0.0,1.00,0.2,6,532,40.55,26.93,9,2,1,0.0,1.00,1.00,1.00,5.25,6.17,6.25,15.8,2.000,0.292,6.25
296000,3620,9,32.0,0.0,0.0,0.0,16.0,0.0,1.00,0.0,1,1519,96.36,100.32,5,3,1,0.0,1.00,1.00,1.00,3.11,4.00,4.00,18.7,2.000,0.780,4.00
296000,3496,8,43.7,0.0,0.0,0.0,21.9,0.0,1.00,1.0,6,1060,84.04,79.31,5,2,1,0.0,1.00,1.00,1.00,3.50,4.88,4.62,21.1,2.000,0.326,5.00
296000,3571,8,32.0,0.0,5.8,0.0,10.2,0.0,1.00,0.0,3,474,17.12,13.50,8,0,0,0.0,1.00,1.00,1.00,3.50,4.00,4.00,11.6,2.000,0.609,4.00
296000,3461,5,32.0,0.0,8.6,0.0,7.4,0.0,1.00,0.0,3,1542,68.70,24.30,3,1,1,0.0,1.00,1.00,1.00,3.60,4.00,4.00,23.5,2.000,0.467,4.00
297000,2973,440,31.3,0.0,5.5,0.0,10.2,0.0,1.00,0.2,67,1067,51.42,16.27,254,101,85,0.0,1.00,1.00,1.00,3.53,3.95,3.98,25.4,2.000,0.768,4.02
297000,3214,38,31.5,0.0,4.2,0.1,11.6,0.0,1.00,0.1,9,1146,58.95,16.12,21,8,9,0.0,1.00,1.00,1.00,3.42,3.97,4.00,27.1,2.000,0.758,4.00
297000,3468,28,30.9,0.0,6.6,0.0,8.8,0.0,1.00,0.4,10,800,39.07,8.30,21,6,1,0.0,1.00,1.00,1.00,3.61,3.89,3.96,20.1,2.000,0.908,4.04
297000,3511,21,29.3,0.0,3.3,0.2,11.2,0.0,1.00,0.7,13,1114,58.62,16.25,11,6,4,0.0,1.00,1.00,1.00,3.24,3.81,3.86,25.7,2.000,0.791,4.00
297000,3548,15,32.0,0.0,5.8,0.0,10.2,0.0,1.00,0.0,3,1128,58.21,15.34,10,2,3,0.0,1.00,1.00,1.00,3.47,4.00,4.00,24.5,2.000,0.660,4.00
297000,3602,13,30.2,0.0,0.0,0.1,15.1,0.0,1.00,0.0,4,449,26.04,45.29,11,2,0,0.0,1.00,1.00,1.00,3.62,4.00,4.00,18.8,2.000,0.817,4.00
297000,3496,12,42.2,0.0,0.0,0.0,21.1,0.0,1.00,0.5,4,1465,104.10,61.51,6,2,4,0.0,1.00,1.00,1.00,4.17,4.58,4.50,27.3,2.000,0.392,4.67
297000,3634,10,32.0,0.0,3.8,0.0,12.2,0.0,1.00,0.0,4,1197,56.70,15.09,9,0,1,0.0,1.00,1.00,1.00,4.00,4.00,4.00,17.7,2.000,0.941,4.00
297000,3571,10,30.4,0.0,6.4,0.0,8.8,0.0,1.00,0.4,3,802,41.11,22.62,6,4,0,0.0,1.00,1.00,1.00,3.60,3.80,4.00,22.1,2.000,0.720,4.00
297000,3631,6,32.0,0.0,2.8,0.0,13.2,0.0,1.00,0.0,4,2480,115.96,15.35,2,2,2,0.0,1.00,1.00,1.00,3.17,4.00,4.00,29.3,2.000,0.894,4.00
297000,3620,6,32.0,0.0,0.0,0.0,16.0,0.0,1.00,0.0,1,1922,96.38,28.47,3,2,1,0.0,1.00,1.00,1.00,3.67,4.00,4.00,25.8,2.000,0.782,4.00
298000,2973,532,31.0,0.0,6.2,0.0,9.3,0.0,1.00,0.3,67,1085,53.63,16.68,254,165,113,0.0,1.00,1.00,1.00,3.46,3.93,3.95,27.6,2.000,0.757,4.01
298000,3214,87,31.7,0.0,3.8,0.0,12.0,0.0,1.00,0.0,15,938,50.06,13.63,40,24,23,0.0,1.00,1.00,1.00,3.52,4.00,4.00,29.0,2.000,0.769,4.00
298000,3468,33,32.5,0.0,7.5,0.0,8.7,0.0,1.00,0.0,7,1260,59.88,14.46,20,10,3,0.0,1.00,1.00,1.00,3.45,4.03,4.03,20.7,2.000,0.912,4.03
298000,3511,31,29.7,0.0,3.4,0.1,11.5,0.0,1.00,0.6,16,1071,54.79,15.09,14,7,10,0.0,1.00,1.00,1.00,3.52,3.84,3.87,28.0,2.000,0.764,4.00
298000,3496,24,36.7,0.0,0.0,0.0,18.4,0.0,1.00,1.3,10,1094,57.77,16.46,10,8,6,0.0,1.00,1.00,1.00,3.50,4.42,4.17,28.0,2.000,0.452,4.62
298000,3639,20,30.6,0.0,1.0,0.0,14.2,0.0,1.00,0.5,5,1046,59.04,12.48,14,3,3,0.0,1.00,1.00,1.00,3.40,3.85,3.90,19.1,2.000,0.972,4.00
298000,3571,18,30.7,0.0,7.0,0.0,8.3,0.0,1.00,0.3,7,1105,57.98,19.00,8,8,2,0.0,1.00,1.00,1.00,3.72,4.00,3.83,25.5,2.000,0.733,4.00
298000,3548,17,32.0,0.0,6.8,0.0,9.2,0.0,1.00,0.0,4,1248,61.37,19.42,12,4,1,0.0,1.00,1.00,1.00,3.41,4.00,4.00,19.9,2.000,0.664,4.00
298000,3634,15,32.0,0.0,4.3,0.0,11.7,0.0,1.00,0.0,5,1008,47.92,7.70,10,4,1,0.0,1.00,1.00,1.00,3.73,4.00,4.00,21.2,2.000,0.929,4.00
298000,3602,10,25.9,0.0,0.0,0.1,12.9,0.0,1.00,1.6,6,1239,54.34,49.35,4,2,4,0.0,1.00,1.00,1.00,3.00,3.40,3.80,31.7,2.000,0.731,4.00
298000,3620,8,32.0,0.0,0.0,0.0,16.0,0.0,1.00,0.0,1,1202,65.71,14.39,2,3,3,0.0,1.00,1.00,1.00,4.00,4.00,4.00,31.1,2.000,0.781,4.00
299000,2973,798,30.9,0.0,5.7,0.0,9.7,0.0,1.00,0.3,101,1037,51.86,18.00,300,297,201,0.0,1.00,1.00,1.00,3.45,3.93,3.95,29.7,2.000,0.761,4.02
299000,3214,148,31.5,0.0,3.6,0.0,12.2,0.0,1.00,0.1,21,986,51.31,16.70,45,46,57,0.0,1.00,1.00,1.00,3.50,3.96,4.00,33.9,2.000,0.776,4.00
299000,3468,48,31.5,0.0,7.3,0.0,8.4,0.0,1.00,0.2,10,1032,47.76,18.94,31,6,11,0.0,1.00,1.00,1.00,3.12,4.00,3.98,24.5,2.000,0.901,4.04
299000,3496,41,40.4,0.0,0.0,0.0,20.2,0.0,1.00,1.5,11,973,59.09,21.20,16,21,4,0.0,1.00,1.00,1.00,3.88,4.56,4.37,25.9,2.000,0.438,4.80
299000,3548,34,30.9,0.0,6.1,0.1,9.3,0.0,1.00,0.2,10,908,44.00,16.73,13,18,3,0.0,1.00,1.00,1.00,3.35,3.97,3.91,27.3,2.000,0.636,4.00
299000,3511,32,32.4,0.0,3.9,0.1,12.3,0.0,1.00,0.1,11,1171,61.21,15.69,13,8,11,0.0,1.00,1.00,1.00,3.62,4.06,4.03,33.5,2.000,0.800,4.06
299000,3639,32,30.2,0.0,1.0,0.0,14.1,0.0,1.00,0.4,8,1231,66.07,13.53,14,9,9,0.0,1.00,1.00,1.00,3.53,3.88,3.91,27.6,2.000,0.974,4.00
299000,3571,18,32.0,0.0,7.3,0.0,8.7,0.0,1.00,0.0,8,1473,75.08,19.93,6,9,3,0.0,1.00,1.00,1.00,3.67,4.00,4.00,27.8,2.000,0.735,4.00
299000,3634,14,32.0,0.0,3.9,0.0,12.1,0.0,1.00,0.0,6,1475,70.15,15.13,10,1,3,0.0,1.00,1.00,1.00,3.43,4.00,4.00,25.5,2.000,0.922,4.00
299000,3620,14,29.1,0.0,0.6,0.1,13.9,0.0,1.00,0.7,5,593,34.35,7.93,7,4,3,0.0,1.00,1.00,1.00,3.86,3.86,3.79,28.9,2.000,0.796,4.00
299000,3602,11,30.7,0.0,0.0,0.2,15.3,0.0,1.00,0.2,3,1079,49.40,35.44,2,1,8,0.0,1.00,1.00,1.00,3.73,3.91,4.00,41.4,2.000,0.669,4.00
300000,2973,1092,31.1,0.0,6.0,0.0,9.6,0.0,1.00,0.2,130,1044,52.06,22.84,363,411,318,0.0,1.00,1.00,1.00,3.53,3.95,3.97,31.4,2.000,0.769,4.01
300000,3214,205,31.6,0.0,3.3,0.0,12.5,0.0,1.00,0.0,26,1149,58.71,23.83,73,72,60,0.0,1.00,1.00,1.00,3.54,3.99,4.00,30.7,2.000,0.772,4.00
300000,3640,49,35.2,0.0,1.0,0.0,16.6,0.0,1.00,0.0,13,1000,64.94,30.49,12,23,14,0.0,1.00,1.00,1.00,3.47,4.20,4.22,33.6,2.000,0.887,4.22
300000,3548,47,31.1,0.0,6.4,0.0,9.1,0.0,1.00,0.2,14,893,40.32,16.83,19,19,9,0.0,1.00,1.00,1.00,3.40,3.94,3.96,28.9,2.000,0.666,4.00
300000,3468,44,32.9,0.0,7.8,0.0,8.7,0.0,1.00,0.0,10,1066,47.78,26.76,19,10,15,0.0,1.00,1.00,1.00,3.68,4.07,4.07,30.3,2.000,0.922,4.07
300000,3496,36,47.7,0.0,0.0,0.0,23.8,0.0,1.00,1.3,11,1056,74.83,39.01,8,16,12,0.0,1.00,1.00,1.00,4.14,4.78,4.72,32.9,2.000,0.368,5.08
300000,3639,34,30.8,0.0,0.8,0.0,14.6,0.0,1.00,0.6,11,1195,62.54,17.19,19,7,8,0.0,1.00,1.00,1.00,3.53,3.88,3.97,23.8,2.000,0.967,4.09
300000,3645,34,32.9,0.0,4.1,0.0,12.3,0.0,1.00,0.6,13,920,53.95,30.51,10,11,13,0.0,1.00,1.00,1.00,3.47,4.15,4.06,31.8,2.000,0.668,4.26
300000,3644,23,30.2,0.0,5.1,0.0,10.0,0.0,1.00,0.1,9,801,39.19,15.93,10,7,6,0.0,1.00,1.00,1.00,3.70,4.00,3.96,31.1,2.000,0.838,4.00
300000,3641,23,31.4,0.0,1.2,0.0,14.5,0.0,1.00,0.1,5,1285,75.47,24.59,9,10,4,0.0,1.00,1.00,1.00,3.09,4.00,3.96,27.5,2.000,0.686,4.00
300000,3634,19,30.5,0.0,4.9,0.1,10.3,0.0,1.00,0.0,11,1226,57.91,20.18,14,3,2,0.0,1.00,1.00,1.00,3.42,4.00,4.00,23.0,2.000,0.833,4.00
300000,3511,18,31.3,0.0,5.6,0.0,10.1,0.0,1.00,0.1,5,1188,54.94,14.98,3,6,9,0.0,1.00,1.00,1.00,3.33,4.00,3.94,38.3,2.000,0.752,4.00
300000,3571,13,32.0,0.0,8.0,0.0,8.0,0.0,1.00,0.0,5,1668,81.19,27.16,4,5,4,0.0,1.00,1.00,1.00,3.54,4.00,4.00,31.1,2.000,0.726,4.00
300000,3620,8,26.8,0.0,0.0,0.0,13.4,0.0,1.00,1.5,3,1708,92.09,42.42,0,6,2,0.0,1.00,1.00,1.00,3.25,3.75,3.50,37.3,2.000,0.810,4.00
