step,lat,wood_class,cells,grown,grass,wood,temp,bodies,felt,over,under
1000,-60,0,5237,1179.9930,533.56,88.00,1.83,228,2.52,0.202,14.796
1000,-60,1,2495,1163.1650,351.02,644.03,0.93,320,0.39,0.030,15.750
1000,-60,2,2,1.1900,0.00,2.51,22.54,0,8.66,0.000,7.167
1000,-50,0,7092,1577.6694,666.41,95.54,15.06,441,11.86,2.157,10.123
1000,-50,1,1601,884.3822,307.02,498.83,14.14,264,10.50,1.122,9.720
1000,-50,2,5,4.1572,3.48,7.80,29.42,0,12.29,0.000,4.418
1000,-40,0,6338,1170.9861,455.30,63.06,26.41,340,21.32,6.332,6.765
1000,-40,1,1741,902.3935,224.15,635.55,23.27,353,19.18,3.964,6.058
1000,-40,2,2,1.0541,1.33,2.39,13.17,0,22.79,1.684,1.173
1000,-30,0,4324,970.6601,373.33,88.11,33.46,270,27.91,10.130,5.026
1000,-30,1,3254,1505.9748,578.09,1520.40,29.60,519,27.05,7.468,3.383
1000,-30,2,599,255.1471,76.00,844.86,34.76,107,28.42,4.304,0.550
1000,-20,0,1820,401.5910,126.51,41.41,55.87,45,33.35,13.644,3.898
1000,-20,1,2521,1137.9093,342.69,1071.14,30.03,274,32.54,10.908,2.359
1000,-20,2,3878,1888.0877,406.71,11057.33,33.07,974,31.12,3.901,0.126
1000,-10,0,1808,371.4694,111.94,24.35,65.26,26,36.97,16.186,3.286
1000,-10,1,2073,992.4179,260.16,921.12,35.06,134,36.89,13.578,1.557
1000,-10,2,4343,2300.3611,560.03,15832.27,34.84,1366,33.44,5.031,0.086
1000,0,0,1824,371.5716,184.77,31.11,72.11,16,38.84,17.394,2.895
1000,0,1,1740,835.8111,309.25,841.90,40.70,30,38.68,14.505,1.164
1000,0,2,4803,2528.4687,580.89,15257.60,38.05,1431,34.40,6.103,0.094
1000,10,0,3014,853.0340,292.43,51.73,74.60,122,37.72,16.629,3.118
1000,10,1,2709,1574.2438,426.56,1338.70,44.81,202,37.12,13.455,1.390
1000,10,2,3722,2176.4104,510.54,9755.50,22.85,1450,31.75,4.752,0.166
1000,20,0,3994,725.1401,254.39,62.11,62.26,191,32.28,13.393,4.564
1000,20,1,3278,1825.7171,476.79,1560.84,36.39,615,32.11,10.584,2.494
1000,20,2,1173,749.1920,239.37,2055.87,8.26,337,29.26,4.363,0.451
1000,30,0,6744,1294.4597,479.01,85.09,37.43,396,26.43,9.812,5.985
1000,30,1,2310,1444.5100,452.49,1004.21,42.41,455,28.92,8.538,2.991
1000,30,2,220,186.7628,78.00,242.93,71.00,80,25.12,3.823,1.715
1000,40,0,6695,1101.1185,451.01,63.83,28.38,285,19.87,6.060,7.750
1000,40,1,1252,824.5028,287.35,492.05,49.77,273,23.27,5.409,4.321
1000,40,2,223,151.7178,26.47,262.08,65.79,95,22.37,2.413,2.165
1000,50,0,5138,360.0026,232.60,13.83,19.39,28,11.20,2.299,10.924
1000,50,1,567,244.6847,77.85,138.70,53.69,53,17.29,2.985,6.560
1000,50,2,11,8.9709,4.79,13.68,35.34,2,18.38,0.582,2.558
1000,60,0,3853,69.2827,62.37,0.77,11.91,3,2.35,0.232,15.057
1000,60,1,2,0.8980,0.00,0.32,20.07,0,9.20,0.359,9.645
1000,70,0,4656,4.0632,5.12,0.16,8.42,0,-5.43,0.001,20.728
1000,80,0,3564,0.0237,0.47,0.06,4.84,0,-11.91,0.000,26.914
2000,-60,0,5295,54.3877,315.56,89.88,-15.57,14,-8.96,0.000,24.021
2000,-60,1,2437,26.5880,152.00,609.45,-19.23,3,-11.19,0.000,26.195
2000,-60,2,2,0.0655,0.02,2.43,-6.37,0,0.54,0.000,14.463
2000,-50,0,7119,324.6312,506.69,95.63,-9.01,71,1.00,0.119,15.885
2000,-50,1,1575,136.9556,165.29,487.35,-2.32,29,0.65,0.032,15.540
2000,-50,2,4,1.0713,1.10,6.64,-2.40,1,5.57,0.000,9.497
2000,-40,0,6341,497.1894,449.95,62.58,2.53,187,12.02,2.235,10.073
2000,-40,1,1738,203.9475,203.59,633.48,8.43,56,10.84,1.009,9.368
2000,-40,2,2,0.7464,1.00,2.36,-7.22,1,13.83,0.002,4.156
2000,-30,0,4324,540.6525,406.82,87.66,12.53,215,20.48,5.976,7.066
2000,-30,1,3249,685.4770,583.85,1519.55,19.54,253,20.58,4.125,5.159
2000,-30,2,604,86.8328,65.37,855.85,24.64,43,23.10,1.796,1.361
2000,-20,0,1822,305.6244,266.18,41.63,14.50,49,28.03,10.243,5.036
2000,-20,1,2515,574.1898,445.79,1073.35,22.64,146,27.64,7.939,3.381
2000,-20,2,3882,438.6427,214.80,11119.51,32.19,355,27.26,1.766,0.156
2000,-10,0,1809,244.6454,247.71,24.35,24.66,29,34.54,14.436,3.685
2000,-10,1,2069,450.3619,415.52,920.53,25.98,27,34.34,11.861,1.925
2000,-10,2,4346,530.2825,313.49,15879.11,40.53,399,31.98,3.805,0.003
2000,0,0,1825,285.3998,338.58,30.88,25.89,8,38.82,17.238,2.808
2000,0,1,1744,553.9652,539.05,844.51,30.14,14,38.56,14.392,1.112
2000,0,2,4798,674.8216,528.94,15264.99,44.58,317,35.55,6.603,0.000
2000,10,0,3018,407.6409,461.82,51.56,24.91,5,40.19,18.164,2.563
2000,10,1,2733,685.5874,682.55,1359.34,33.80,16,39.76,15.168,0.962
2000,10,2,3694,524.2653,423.45,9742.50,57.89,153,35.16,6.577,0.010
2000,20,0,3997,303.0798,341.63,61.77,30.00,23,37.77,16.772,3.269
2000,20,1,3278,519.1727,496.79,1555.58,49.18,26,38.13,14.302,1.393
2000,20,2,1170,188.9625,156.14,2059.32,66.05,72,34.61,7.233,0.071
2000,30,0,6747,595.8553,607.49,85.00,43.10,66,35.06,14.880,3.761
2000,30,1,2301,351.1456,296.56,995.48,42.29,55,37.12,13.439,1.357
2000,30,2,226,68.2019,46.98,250.65,19.24,13,34.90,8.835,0.091
2000,40,0,6690,613.0426,523.58,63.38,43.94,91,31.11,12.014,4.368
2000,40,1,1253,328.8967,242.17,495.32,28.54,84,33.84,11.075,1.696
2000,40,2,227,43.1079,31.45,269.99,16.88,19,33.05,7.301,0.132
2000,50,0,5132,409.9891,314.59,13.43,41.77,36,24.99,8.022,5.632
2000,50,1,573,265.0782,178.35,143.41,18.66,57,29.74,8.837,2.674
2000,50,2,11,8.8511,6.36,14.09,26.53,0,28.23,3.802,0.241
2000,60,0,3853,152.5009,134.69,0.77,34.55,1,18.77,3.946,6.703
2000,60,1,2,0.2053,0.19,0.34,35.46,0,21.32,3.989,4.646
2000,70,0,4656,47.6852,41.93,0.15,26.53,0,15.11,1.227,6.291
2000,80,0,3564,7.5413,7.08,0.06,26.15,1,15.33,0.201,3.831
3000,-60,0,5356,1.1617,190.78,91.47,-15.88,2,-15.20,0.000,30.197
3000,-60,1,2376,0.2654,89.38,573.79,-18.05,0,-17.41,0.000,32.408
3000,-60,2,2,0.0060,0.00,2.32,-14.98,0,-4.81,0.000,19.807
3000,-50,0,7155,166.5716,394.48,95.44,-3.48,33,-5.14,0.000,20.536
3000,-50,1,1539,53.0488,110.27,466.58,-20.52,8,-5.89,0.000,21.051
3000,-50,2,4,0.4449,0.38,6.42,-10.77,0,0.44,0.000,14.557
3000,-40,0,6347,429.8742,417.42,62.05,6.34,128,6.32,0.681,12.808
3000,-40,1,1732,224.7116,166.59,625.21,-11.75,47,4.74,0.144,12.752
3000,-40,2,2,1.3180,1.64,2.34,27.50,0,9.57,0.000,6.501
3000,-30,0,4330,486.6871,289.10,87.70,12.09,200,15.52,3.734,8.822
3000,-30,1,3236,738.6843,453.29,1512.70,2.95,326,15.49,2.230,7.043
3000,-30,2,611,140.7679,89.64,867.94,-1.79,90,18.39,0.539,2.615
3000,-20,0,1819,383.1341,135.09,41.44,14.49,161,23.99,8.063,6.190
3000,-20,1,2506,630.4784,268.61,1068.32,19.88,233,23.83,5.942,4.362
3000,-20,2,3894,413.6388,190.49,11158.61,6.93,576,23.61,0.745,0.367
3000,-10,0,1811,373.1798,260.39,24.49,12.59,92,31.50,12.621,4.352
3000,-10,1,2059,597.4141,203.68,917.35,31.37,138,32.02,10.355,2.322
3000,-10,2,4354,542.9133,226.01,15910.42,11.07,612,29.72,2.521,0.011
3000,0,0,1824,395.2365,387.36,30.49,24.15,15,37.41,16.378,3.059
3000,0,1,1746,735.0952,467.61,844.54,37.49,40,37.88,13.888,1.204
3000,0,2,4797,883.2553,445.70,15261.00,16.99,502,34.88,6.099,0.000
3000,10,0,3026,535.0593,556.66,50.06,35.83,9,40.63,18.566,2.489
3000,10,1,2748,934.2641,789.20,1368.75,39.59,25,40.88,15.933,0.833
3000,10,2,3671,617.7011,425.25,9693.05,10.42,271,36.00,7.144,0.006
3000,20,0,4005,419.5863,467.01,61.67,30.01,16,39.71,18.166,2.891
3000,20,1,3295,776.9934,803.69,1559.78,23.74,34,40.43,15.828,1.057
3000,20,2,1145,177.6665,115.65,2023.51,18.17,91,36.86,8.715,0.024
3000,30,0,6759,786.8627,865.66,84.86,23.69,51,38.74,17.301,2.959
3000,30,1,2292,524.3321,576.26,986.60,33.32,26,41.10,16.123,0.802
3000,30,2,223,92.1441,92.82,247.92,36.98,0,39.41,11.825,0.000
3000,40,0,6694,774.0790,791.44,63.15,19.30,94,36.45,15.349,3.089
3000,40,1,1249,401.1018,321.43,498.56,39.83,49,39.61,14.785,0.769
3000,40,2,227,71.2738,60.98,272.95,41.55,2,38.47,10.760,0.000
3000,50,0,5128,389.0821,436.77,13.07,12.37,26,31.96,11.934,3.636
3000,50,1,577,322.0257,205.01,147.86,37.17,34,36.76,13.056,1.197
3000,50,2,11,7.7077,5.38,14.62,40.85,0,34.27,7.045,0.000
3000,60,0,3853,143.6954,185.18,0.78,12.87,4,28.19,8.395,3.505
3000,60,1,2,3.0656,2.61,0.35,1.61,0,27.49,7.077,2.703
3000,70,0,4656,88.9835,94.83,0.15,24.33,0,29.38,6.019,1.140
3000,80,0,3564,38.9214,35.01,0.06,32.21,0,31.98,4.100,0.008
4000,-60,0,5423,0.8743,117.70,93.57,-7.67,4,-14.97,0.000,29.969
4000,-60,1,2309,0.2209,50.73,539.29,-9.62,0,-17.32,0.000,32.322
4000,-60,2,2,0.0005,0.00,2.22,5.87,0,-5.06,0.000,20.062
4000,-50,0,7183,183.2797,346.31,94.51,3.24,27,-4.82,0.000,20.245
4000,-50,1,1511,65.0784,110.61,448.00,15.77,12,-5.46,0.000,20.639
4000,-50,2,4,0.1496,0.34,6.21,12.12,0,0.11,0.000,14.895
4000,-40,0,6354,436.9784,409.78,61.69,17.35,127,6.75,0.722,12.535
4000,-40,1,1725,232.0603,153.27,618.41,29.81,73,5.17,0.150,12.456
4000,-40,2,2,0.9098,0.01,2.32,-2.46,0,8.93,0.000,6.976
4000,-30,0,4332,391.7628,245.46,87.53,27.66,130,15.96,3.849,8.633
4000,-30,1,3221,566.3835,277.78,1506.55,36.69,232,15.83,2.304,6.921
4000,-30,2,624,110.8791,34.13,891.71,45.18,81,18.45,0.539,2.628
4000,-20,0,1814,181.3203,95.24,41.01,42.86,66,24.93,8.462,5.901
4000,-20,1,2491,378.7658,173.31,1056.61,38.95,137,23.96,5.993,4.341
4000,-20,2,3914,343.8230,128.64,11237.69,44.79,364,23.42,0.738,0.388
4000,-10,0,1813,314.7383,224.05,24.64,59.98,16,32.78,13.336,4.101
4000,-10,1,2047,412.2020,253.60,910.22,44.56,81,32.13,10.402,2.293
4000,-10,2,4364,399.7431,153.84,15984.20,51.18,512,29.55,2.471,0.011
4000,0,0,1829,445.0896,476.14,30.68,61.84,8,38.73,17.230,2.880
4000,0,1,1751,703.6211,647.10,847.12,44.96,13,37.98,13.898,1.156
4000,0,2,4787,618.4322,271.88,15277.88,55.34,527,34.82,6.084,0.000
4000,10,0,3037,573.2331,692.30,50.27,57.53,53,41.92,19.450,2.343
4000,10,1,2781,1077.6041,1080.48,1392.77,42.78,50,40.96,15.900,0.805
4000,10,2,3627,491.6956,364.13,9634.27,56.87,273,35.88,7.022,0.005
4000,20,0,4016,508.1261,583.94,61.73,59.35,23,40.87,18.932,2.725
4000,20,1,3307,1075.6066,886.63,1562.30,51.76,65,40.66,16.002,1.044
4000,20,2,1122,157.5972,80.74,1988.48,44.13,99,36.64,8.541,0.024
4000,30,0,6772,970.6552,1019.04,84.73,54.03,58,39.32,17.664,2.873
4000,30,1,2279,714.0425,278.90,975.25,46.05,35,41.39,16.365,0.818
4000,30,2,223,130.4744,12.24,248.16,57.93,0,40.42,12.604,0.000
4000,40,0,6699,767.0301,698.70,62.95,50.95,93,36.92,15.623,3.013
4000,40,1,1239,461.2193,97.23,496.64,45.04,116,40.25,15.245,0.731
4000,40,2,232,128.3691,11.61,280.83,51.67,48,39.43,11.458,0.000
4000,50,0,5125,384.4650,377.61,12.77,48.53,42,32.47,12.198,3.532
4000,50,1,580,378.3501,84.09,152.22,50.19,114,37.91,13.791,1.067
4000,50,2,11,9.0832,4.53,15.14,28.92,3,34.93,7.323,0.000
4000,60,0,3853,118.8360,199.16,0.77,41.02,1,28.63,8.576,3.394
4000,60,1,2,4.1969,4.88,0.37,54.07,0,28.67,7.486,2.342
4000,70,0,4656,51.9633,97.33,0.14,33.90,1,29.68,6.149,1.103
4000,80,0,3564,19.4995,35.84,0.05,30.58,0,32.10,4.159,0.006
5000,-60,0,5472,29.4700,96.50,94.35,-13.64,7,-9.07,0.000,24.140
5000,-60,1,2260,12.2445,39.23,510.42,-15.16,3,-11.55,0.000,26.557
5000,-60,2,2,0.0084,0.01,2.15,-8.91,0,-1.00,0.000,15.999
5000,-50,0,7199,419.5710,473.93,93.63,-7.31,67,0.83,0.129,16.103
5000,-50,1,1495,163.6535,173.01,437.75,-5.90,22,0.31,0.034,15.894
5000,-50,2,4,0.3594,0.50,6.07,-6.09,0,3.92,0.000,11.113
5000,-40,0,6358,609.5639,535.52,61.39,0.99,205,11.80,2.276,10.295
5000,-40,1,1721,315.2525,223.20,615.52,2.50,123,10.38,0.995,9.688
5000,-40,2,2,0.3635,0.31,2.32,25.20,0,12.72,0.000,4.860
5000,-30,0,4325,540.3437,388.27,86.81,11.62,166,20.25,5.950,7.209
5000,-30,1,3215,597.4602,328.49,1506.96,10.38,271,20.14,4.037,5.363
5000,-30,2,637,123.6446,57.33,917.67,11.43,86,22.48,1.592,1.484
5000,-20,0,1809,198.5911,162.70,40.47,11.99,42,27.63,10.084,5.164
5000,-20,1,2469,372.1046,214.87,1037.57,22.04,148,27.33,7.825,3.493
5000,-20,2,3941,406.8002,213.10,11322.01,17.10,424,26.77,1.620,0.181
5000,-10,0,1812,318.6040,369.39,24.36,13.18,14,33.98,14.091,3.771
5000,-10,1,2041,496.9617,390.22,903.08,31.20,73,34.11,11.687,1.955
5000,-10,2,4371,383.6905,191.00,16018.15,22.22,457,31.70,3.640,0.004
5000,0,0,1838,501.7813,656.05,31.19,14.10,3,38.23,16.855,2.881
5000,0,1,1758,798.9404,851.82,853.83,38.51,9,38.47,14.266,1.099
5000,0,2,4771,451.6194,315.85,15247.71,24.80,438,35.46,6.539,0.000
5000,10,0,3097,626.4885,881.65,50.48,12.37,5,39.64,17.830,2.643
5000,10,1,2780,1240.5831,1536.15,1406.36,41.57,17,39.83,15.112,0.913
5000,10,2,3568,444.4288,413.14,9544.48,32.62,281,35.18,6.528,0.009
5000,20,0,4027,605.5428,769.72,61.74,12.41,11,37.22,16.414,3.330
5000,20,1,3304,1290.4174,1395.72,1554.67,35.83,60,38.19,14.289,1.356
5000,20,2,1114,136.1671,62.23,1970.95,41.04,106,34.78,7.305,0.066
5000,30,0,6798,1193.3492,1175.53,84.44,22.91,63,34.75,14.630,3.755
5000,30,1,2251,673.1276,576.56,964.10,28.79,43,37.22,13.482,1.317
5000,30,2,225,66.6455,44.76,251.56,-1.62,28,34.96,8.787,0.059
5000,40,0,6696,941.1763,869.89,62.38,20.98,152,30.83,11.771,4.353
5000,40,1,1233,230.2021,139.48,494.02,14.77,100,33.87,11.020,1.619
5000,40,2,241,20.4296,5.40,293.85,-2.37,26,33.33,7.311,0.082
5000,50,0,5123,379.9244,432.67,12.58,12.58,83,24.64,7.773,5.641
5000,50,1,582,148.8859,81.10,156.34,-0.23,50,29.52,8.580,2.570
5000,50,2,11,4.7890,1.08,15.58,18.16,2,29.65,4.021,0.040
5000,60,0,3853,111.7793,172.10,0.76,4.64,8,18.42,3.766,6.741
5000,60,1,2,2.5412,0.51,0.38,6.62,0,22.06,4.086,4.026
5000,70,0,4656,30.5614,79.38,0.14,-1.63,1,14.79,1.142,6.378
5000,80,0,3564,4.0739,24.62,0.05,-1.84,0,15.07,0.173,3.927
6000,-60,0,5487,276.2620,273.79,94.39,16.72,28,2.49,0.221,14.894
6000,-60,1,2245,152.9149,129.13,501.73,14.59,36,0.08,0.030,16.077
6000,-60,2,2,0.0291,0.02,2.13,26.76,0,7.27,0.000,8.612
6000,-50,0,7203,933.7375,638.93,93.34,29.37,277,11.80,2.212,10.243
6000,-50,1,1491,274.2553,126.45,437.98,15.69,109,10.46,1.181,9.861
6000,-50,2,4,0.8471,0.99,6.04,33.40,0,11.53,0.000,4.992
6000,-40,0,6356,809.4276,417.45,61.02,37.17,332,21.25,6.385,6.852
6000,-40,1,1722,334.5408,118.58,618.36,21.04,199,19.09,4.004,6.166
6000,-40,2,3,1.0808,0.00,3.38,30.49,1,21.67,1.562,1.698
6000,-30,0,4318,679.6972,372.04,86.43,38.63,204,27.83,10.153,5.110
6000,-30,1,3203,691.7145,274.27,1507.81,29.37,335,27.03,7.488,3.400
6000,-30,2,656,110.5852,34.23,952.93,29.48,88,28.71,4.300,0.432
6000,-20,0,1803,273.5290,231.69,39.71,54.13,30,33.13,13.561,3.993
6000,-20,1,2441,472.3281,331.97,1010.20,29.70,99,32.48,10.973,2.417
6000,-20,2,3975,496.4415,234.86,11406.51,30.02,388,31.71,4.077,0.041
6000,-10,0,1811,401.6065,497.23,24.01,55.10,14,36.67,16.022,3.359
6000,-10,1,2038,659.7383,697.79,895.67,31.86,6,36.75,13.524,1.579
6000,-10,2,4375,372.4383,230.71,16010.90,28.55,394,34.31,5.361,0.000
6000,0,0,1844,647.9506,809.86,31.40,61.11,4,38.52,17.194,2.952
6000,0,1,1763,957.9244,1198.09,858.15,36.02,1,38.61,14.430,1.132
6000,0,2,4760,466.7280,378.30,15204.07,28.99,285,35.42,6.520,0.000
6000,10,0,3108,867.3814,1119.22,50.88,63.90,27,37.39,16.411,3.166
6000,10,1,2801,1579.2140,2007.41,1424.91,37.28,38,37.25,13.416,1.272
6000,10,2,3536,441.3492,498.41,9489.50,8.95,195,32.52,4.790,0.030
6000,20,0,4039,826.2614,933.65,62.34,47.11,88,32.00,13.212,4.600
6000,20,1,3299,1727.4399,1667.50,1557.38,22.93,163,32.42,10.693,2.351
6000,20,2,1107,99.6245,73.86,1958.43,-1.52,55,29.68,4.300,0.308
6000,30,0,6805,1160.0590,730.86,84.39,20.90,397,26.29,9.687,5.973
6000,30,1,2237,767.1429,343.29,962.01,30.10,266,29.33,8.675,2.807
6000,30,2,232,49.0446,11.58,262.11,52.56,22,26.45,4.106,1.169
6000,40,0,6695,823.0331,467.62,62.13,9.68,303,19.73,5.947,7.733
6000,40,1,1225,247.8566,68.85,492.91,34.01,100,23.67,5.413,4.046
6000,40,2,250,15.2890,6.98,308.00,48.22,7,23.76,2.519,1.474
6000,50,0,5119,200.6343,150.41,12.14,-1.74,60,11.02,2.221,10.954
6000,50,1,586,124.7357,70.18,159.41,32.41,36,17.56,2.876,6.243
6000,50,2,11,2.0918,0.00,15.79,26.98,4,20.48,0.568,1.288
6000,60,0,3853,64.0310,105.97,0.74,-9.78,18,2.19,0.214,15.122
6000,60,1,2,0.2489,0.00,0.38,-1.86,0,10.71,0.487,8.600
6000,70,0,4656,10.3866,54.18,0.13,-14.81,2,-5.58,0.000,20.846
6000,80,0,3564,0.0497,14.95,0.05,-23.14,0,-12.09,0.000,27.086
7000,-60,0,5472,905.4577,523.27,93.66,24.57,301,17.00,3.767,7.734
7000,-60,1,2260,551.1073,258.47,513.32,17.88,230,14.77,2.192,7.797
7000,-60,2,2,0.6191,0.14,2.16,23.28,0,18.15,0.631,2.951
7000,-50,0,7191,964.5753,492.94,92.40,25.90,322,24.33,7.700,5.681
7000,-50,1,1503,313.9879,146.31,446.57,43.65,131,23.65,6.038,4.723
7000,-50,2,4,0.8903,0.00,6.10,24.40,1,21.27,0.604,1.014
7000,-40,0,6356,612.9818,432.83,60.81,34.56,110,31.46,12.071,4.028
7000,-40,1,1721,242.3560,142.06,622.07,49.38,77,29.91,9.391,3.009
7000,-40,2,4,0.1087,0.00,4.45,15.99,3,29.99,5.407,0.210
7000,-30,0,4308,624.1305,594.99,85.34,39.33,55,35.66,14.959,3.287
7000,-30,1,3196,568.7801,422.13,1502.45,50.72,93,34.82,11.996,1.742
7000,-30,2,673,101.0045,50.50,978.59,55.81,38,35.61,8.386,0.037
7000,-20,0,1804,307.5332,369.40,39.38,33.52,3,38.18,16.839,2.961
7000,-20,1,2437,629.2263,652.23,1008.14,45.28,14,37.46,14.088,1.535
7000,-20,2,3978,435.9647,238.21,11417.54,55.45,251,36.31,7.221,0.003
7000,-10,0,1812,460.1641,582.21,23.84,38.98,6,38.95,17.503,2.936
7000,-10,1,2037,990.0005,1164.74,890.97,38.81,0,38.52,14.676,1.313
7000,-10,2,4375,375.2120,338.78,15985.28,55.00,297,36.00,6.632,0.000
7000,0,0,1860,505.6386,369.64,31.57,31.47,11,37.43,16.367,3.132
7000,0,1,1768,1076.9086,1120.09,872.07,30.08,35,37.18,13.422,1.288
7000,0,2,4739,621.0428,559.07,15195.12,49.46,284,33.98,5.520,0.001
7000,10,0,3117,668.5002,408.22,51.14,22.09,52,32.89,13.348,4.027
7000,10,1,2794,1613.2053,1527.84,1423.87,22.38,187,32.61,10.460,2.034
7000,10,2,3534,485.5806,295.19,9517.94,51.95,248,28.35,2.720,0.116
7000,20,0,4046,485.2947,176.07,62.70,18.98,144,24.87,8.847,6.356
7000,20,1,3277,1090.1832,457.93,1548.43,29.49,350,25.43,6.721,3.997
7000,20,2,1122,119.3100,62.48,1978.89,46.88,85,23.12,1.694,1.188
7000,30,0,6810,502.8672,255.36,84.20,18.67,197,16.75,4.709,8.962
7000,30,1,2225,287.0662,124.80,959.87,17.06,138,19.81,3.896,5.503
7000,30,2,239,29.4815,15.24,270.23,3.66,7,15.89,0.569,4.398
7000,40,0,6700,326.1642,275.89,61.99,9.74,84,8.01,1.437,12.488
7000,40,1,1218,140.5333,96.98,490.39,2.34,30,11.59,1.089,8.610
7000,40,2,252,26.2932,18.19,310.29,-1.07,2,12.10,0.069,5.823
7000,50,0,5122,57.4809,108.54,12.21,-0.64,5,-2.49,0.092,18.851
7000,50,1,583,41.4011,22.73,157.23,-6.64,3,3.91,0.083,12.986
7000,50,2,11,0.1540,0.03,15.65,1.49,0,9.76,0.000,6.232
7000,60,0,3853,7.9454,56.14,0.71,-14.45,1,-13.05,0.000,28.077
7000,60,1,2,0.0045,0.00,0.37,0.51,0,-0.08,0.000,15.415
7000,70,0,4656,0.0213,32.46,0.12,-26.61,0,-22.00,0.000,36.998
7000,80,0,3564,0.0000,9.06,0.05,-30.74,0,-28.65,0.000,43.646
8000,-60,0,5440,908.0517,449.63,91.98,25.52,175,29.30,9.864,3.814
8000,-60,1,2292,631.1710,230.53,534.19,25.03,237,27.55,7.768,3.324
8000,-60,2,2,0.8156,0.67,2.23,4.04,0,27.13,3.744,0.488
8000,-50,0,7184,823.3300,686.71,91.79,33.38,85,34.32,13.496,3.097
8000,-50,1,1510,284.1666,145.11,453.18,5.09,99,33.04,11.209,2.197
8000,-50,2,4,0.0000,0.00,6.24,5.54,1,29.25,3.521,0.020
8000,-40,0,6359,798.2917,792.98,60.41,33.88,92,38.72,16.745,2.481
8000,-40,1,1718,363.1111,316.12,619.04,11.13,15,36.83,13.586,1.500
8000,-40,2,4,0.1223,0.00,4.48,60.62,1,36.34,9.153,0.000
8000,-30,0,4312,932.6443,1062.24,84.94,33.09,59,40.49,18.188,2.321
8000,-30,1,3200,853.5919,870.06,1499.65,21.11,36,39.23,14.817,0.998
8000,-30,2,665,123.2130,105.79,963.89,13.60,11,39.67,11.223,0.001
8000,-20,0,1810,440.7472,573.23,39.48,23.28,1,39.95,18.058,2.562
8000,-20,1,2430,968.7328,1143.02,999.74,35.43,4,39.79,15.586,1.148
8000,-20,2,3979,572.7227,471.82,11360.13,18.38,101,38.85,9.331,0.000
8000,-10,0,1809,594.5569,821.11,23.27,10.14,11,37.60,16.595,3.084
8000,-10,1,2044,1379.7448,1800.48,892.28,39.71,4,38.16,14.347,1.298
8000,-10,2,4371,521.4227,517.79,15934.59,15.41,263,36.00,6.649,0.000
8000,0,0,1858,486.2099,477.06,31.27,10.18,18,33.64,13.939,3.840
8000,0,1,1764,1066.8939,1038.27,867.27,37.18,60,34.41,11.566,1.676
8000,0,2,4745,909.6619,564.02,15217.89,11.92,530,31.27,3.828,0.011
8000,10,0,3118,583.1736,444.56,51.10,7.87,75,26.84,9.830,5.529
8000,10,1,2769,1024.1951,404.30,1407.16,26.63,310,27.50,7.498,3.118
8000,10,2,3558,389.2868,187.08,9556.90,4.22,331,23.45,1.338,0.491
8000,20,0,4053,223.6293,163.90,62.96,-1.23,54,16.79,4.942,9.057
8000,20,1,3268,524.3825,288.58,1549.73,4.36,206,17.92,3.289,6.350
8000,20,2,1124,117.2484,61.98,1980.35,5.21,107,16.41,0.491,3.158
8000,30,0,6822,334.2702,285.60,84.17,-6.35,90,7.20,1.360,13.091
8000,30,1,2221,269.6427,202.34,963.89,-1.93,54,10.80,0.958,9.195
8000,30,2,231,43.6151,40.16,259.78,-13.98,4,5.78,0.009,10.199
8000,40,0,6712,213.5761,277.35,61.68,-14.85,43,-2.75,0.062,19.031
8000,40,1,1216,115.5007,93.68,489.52,-10.10,23,1.11,0.036,15.042
8000,40,2,242,34.4314,27.89,295.29,-13.99,4,1.65,0.000,13.466
8000,50,0,5130,8.3097,69.90,12.52,-24.31,6,-13.99,0.000,29.019
8000,50,1,575,9.7488,19.87,150.09,-19.87,4,-7.37,0.000,22.398
8000,50,2,11,0.1530,0.00,15.19,-5.52,0,0.81,0.000,14.187
8000,60,0,3853,0.0470,32.71,0.67,-30.16,0,-24.30,0.000,39.302
8000,60,1,2,0.0002,0.00,0.35,-17.03,0,-9.27,0.000,24.270
8000,70,0,4656,0.0000,19.51,0.12,-31.61,0,-30.20,0.000,45.202
8000,80,0,3564,0.0000,5.49,0.04,-30.78,0,-30.77,0.000,45.767
9000,-60,0,5409,1188.0949,1027.80,90.09,54.03,39,37.38,14.742,2.016
9000,-60,1,2323,754.3010,311.57,557.19,53.79,207,35.89,12.492,1.409
9000,-60,2,2,2.1454,0.00,2.34,69.17,0,33.45,6.887,0.002
9000,-50,0,7185,1193.1163,1295.53,90.91,56.82,61,40.91,17.787,1.851
9000,-50,1,1509,443.1808,305.74,457.61,72.98,68,39.38,15.166,1.068
9000,-50,2,4,0.0000,0.00,6.44,71.50,2,34.69,6.510,0.000
9000,-40,0,6368,1025.9487,1198.11,60.25,60.22,68,43.61,20.104,1.691
9000,-40,1,1711,634.4164,683.42,614.36,72.42,39,41.40,16.634,0.844
9000,-40,2,2,0.0069,0.00,2.47,21.12,0,39.05,10.623,0.000
9000,-30,0,4323,1133.2619,1338.80,84.37,59.68,86,43.68,20.379,1.822
9000,-30,1,3210,1270.9723,1420.23,1500.09,63.46,83,42.01,16.759,0.692
9000,-30,2,644,191.6095,166.15,929.28,69.39,20,41.82,12.934,0.000
9000,-20,0,1818,574.6515,747.10,39.74,70.37,5,42.00,19.389,2.230
9000,-20,1,2437,1263.7509,1583.55,1003.87,52.26,31,40.94,16.366,1.012
9000,-20,2,3964,868.8735,666.96,11297.83,57.89,359,39.73,10.104,0.000
9000,-10,0,1809,698.2950,733.52,23.04,72.98,12,38.16,16.879,3.003
9000,-10,1,2049,1571.8218,1454.69,895.22,45.98,32,37.63,13.970,1.378
9000,-10,2,4366,676.7294,598.87,15951.29,50.71,409,35.33,6.154,0.000
9000,0,0,1860,562.2793,272.50,31.45,62.23,51,32.78,13.262,4.032
9000,0,1,1754,941.2877,387.34,863.45,38.21,171,32.42,10.269,2.018
9000,0,2,4753,675.4975,198.18,15292.64,42.13,498,29.14,2.800,0.029
9000,10,0,3117,553.8332,145.34,51.01,45.98,281,24.64,8.395,6.087
9000,10,1,2732,451.9401,168.96,1379.41,28.39,304,24.17,5.722,3.968
9000,10,2,3596,292.5926,97.55,9616.12,26.32,346,20.04,0.877,1.179
9000,20,0,4061,314.6430,206.36,63.19,30.26,149,13.24,3.278,10.373
9000,20,1,3257,544.9482,324.31,1546.52,19.74,219,13.50,1.761,8.146
9000,20,2,1127,85.1477,30.37,1978.87,4.91,89,11.94,0.184,5.405
9000,30,0,6834,365.6311,378.97,83.69,9.93,87,2.27,0.381,15.740
9000,30,1,2217,379.2278,278.16,962.39,10.06,93,5.78,0.161,11.860
9000,30,2,223,36.1437,16.09,247.48,15.08,5,0.70,0.001,14.391
9000,40,0,6731,116.8752,226.06,61.36,-3.03,38,-8.25,0.000,23.516
9000,40,1,1212,69.5909,95.03,486.04,0.19,17,-4.24,0.000,19.447
9000,40,2,227,24.4438,8.51,272.11,6.08,12,-3.54,0.000,18.542
9000,50,0,5143,0.4672,41.71,13.18,-16.18,2,-19.54,0.000,34.540
9000,50,1,562,0.3427,9.39,141.59,-7.26,4,-12.62,0.000,27.623
9000,50,2,11,0.0006,0.00,14.53,-5.54,0,-4.10,0.000,19.104
9000,60,0,3853,0.0000,19.61,0.64,-28.41,0,-29.15,0.000,44.150
9000,60,1,2,0.0000,0.00,0.34,-7.94,0,-13.63,0.000,28.628
9000,70,0,4656,0.0000,11.82,0.11,-31.78,0,-31.71,0.000,46.711
9000,80,0,3564,0.0000,3.32,0.04,-30.80,0,-30.79,0.000,45.786
10000,-60,0,5385,1751.4866,1188.38,88.70,17.88,167,36.46,14.118,2.142
10000,-60,1,2347,858.9707,282.55,579.00,15.17,273,34.96,11.882,1.512
10000,-60,2,2,0.1386,0.13,2.43,12.22,0,33.46,6.681,0.000
10000,-50,0,7187,1707.6026,1897.57,90.50,17.81,67,39.88,17.066,1.968
10000,-50,1,1507,712.9462,671.01,460.55,26.08,63,39.22,14.982,1.071
10000,-50,2,4,0.0000,0.00,6.62,12.59,2,34.85,6.462,0.000
10000,-40,0,6376,1232.2780,1666.97,59.92,22.34,23,42.81,19.505,1.759
10000,-40,1,1703,856.7303,1055.91,607.24,29.40,3,41.38,16.590,0.849
10000,-40,2,2,0.0000,0.00,2.48,32.92,0,38.78,10.383,0.000
10000,-30,0,4347,1113.9784,1528.03,85.07,28.63,12,43.19,19.998,1.850
10000,-30,1,3203,1454.5690,1843.47,1491.28,30.97,8,42.01,16.723,0.694
10000,-30,2,627,155.5835,127.63,895.43,31.96,4,42.03,13.126,0.000
10000,-20,0,1832,619.9639,940.12,40.51,21.57,0,41.23,18.771,2.268
10000,-20,1,2447,1408.8960,1956.40,1013.99,32.50,7,40.96,16.379,1.009
10000,-20,2,3940,756.5422,340.43,11213.18,33.37,297,39.83,10.206,0.000
10000,-10,0,1810,622.9320,893.02,22.87,19.63,13,37.65,16.439,3.008
10000,-10,1,2051,1396.5785,1621.55,895.22,30.16,52,37.70,14.045,1.371
10000,-10,2,4363,598.6246,369.52,15981.91,32.28,452,35.45,6.251,0.000
10000,0,0,1861,341.3691,363.35,31.45,14.32,5,32.23,12.851,4.057
10000,0,1,1738,552.7614,461.50,852.80,28.66,57,32.44,10.331,2.026
10000,0,2,4768,384.5106,168.75,15382.92,27.12,471,29.25,2.815,0.029
10000,10,0,3116,178.3741,123.39,50.94,7.35,73,24.08,8.097,6.174
10000,10,1,2702,334.3131,187.04,1359.45,24.79,131,24.21,5.782,3.977
10000,10,2,3627,252.4320,126.12,9688.79,28.48,262,20.29,0.911,1.126
10000,20,0,4069,232.3480,137.33,63.44,2.49,100,13.09,3.247,10.370
10000,20,1,3238,486.9260,291.85,1536.44,19.50,158,13.91,1.855,7.924
10000,20,2,1138,84.0380,43.07,1994.24,26.33,109,12.40,0.199,5.112
10000,30,0,6846,451.9458,400.04,83.39,3.04,143,2.71,0.426,15.434
10000,30,1,2222,372.7058,260.86,969.08,8.12,116,6.02,0.196,11.740
10000,30,2,206,29.7765,26.58,226.15,-12.89,5,0.52,0.001,14.582
10000,40,0,6749,102.1824,168.98,61.04,-5.13,34,-7.72,0.000,23.029
10000,40,1,1204,67.0597,78.51,478.28,-7.12,15,-4.16,0.000,19.410
10000,40,2,217,13.2432,13.43,254.46,-14.93,0,-3.56,0.000,18.562
10000,50,0,5149,0.5241,25.29,13.14,-16.88,1,-19.02,0.000,34.015
10000,50,1,556,0.2225,5.19,134.21,-17.69,1,-12.62,0.000,27.622
10000,50,2,11,0.0000,0.00,13.92,-3.22,1,-4.36,0.000,19.362
10000,60,0,3853,0.0000,11.27,0.61,-27.39,0,-28.79,0.000,43.788
10000,60,1,2,0.0000,0.00,0.32,-13.83,0,-13.67,0.000,28.675
10000,70,0,4656,0.0000,7.16,0.11,-31.42,0,-31.67,0.000,46.674
10000,80,0,3564,0.0000,2.01,0.04,-30.81,0,-30.80,0.000,45.804
11000,-60,0,5356,1898.0088,1307.43,87.16,27.06,390,28.12,9.179,4.115
11000,-60,1,2376,835.5606,385.73,602.94,26.43,287,26.56,7.108,3.487
11000,-60,2,2,0.5578,0.00,2.50,25.88,0,27.76,3.494,0.186
11000,-50,0,7183,2273.7267,2119.01,90.16,39.33,367,33.55,12.999,3.271
11000,-50,1,1511,869.4259,641.92,467.24,12.17,165,32.00,10.532,2.354
11000,-50,2,4,0.0001,0.00,6.77,30.93,2,30.06,3.498,0.000
11000,-40,0,6380,1714.2047,2065.54,59.24,43.06,161,38.22,16.410,2.584
11000,-40,1,1699,1262.9121,1322.96,605.72,16.46,137,36.05,13.140,1.643
11000,-40,2,2,0.0000,0.00,2.47,48.95,0,35.93,8.445,0.000
11000,-30,0,4366,1341.8016,1883.28,85.20,40.85,42,40.14,17.956,2.406
11000,-30,1,3202,1740.0758,2271.68,1478.44,26.80,79,38.82,14.597,1.062
11000,-30,2,609,176.2320,200.79,864.79,22.45,10,39.43,11.104,0.001
11000,-20,0,1837,733.8242,1150.39,40.40,46.45,2,40.02,18.107,2.596
11000,-20,1,2467,1582.0216,2362.58,1027.02,30.48,4,39.63,15.519,1.184
11000,-20,2,3915,576.8833,445.45,11136.59,25.60,190,38.75,9.222,0.000
11000,-10,0,1811,714.2569,1093.70,22.67,39.05,6,37.84,16.778,3.090
11000,-10,1,2055,1387.8667,1688.44,896.12,31.69,7,38.23,14.500,1.340
11000,-10,2,4358,447.9513,353.40,15986.84,22.20,333,35.94,6.601,0.000
11000,0,0,1864,482.7885,566.40,31.58,43.23,29,34.25,14.333,3.767
11000,0,1,1716,536.8009,401.76,836.20,32.14,86,34.66,11.839,1.695
11000,0,2,4787,392.1759,216.23,15457.08,20.75,459,31.30,3.880,0.010
11000,10,0,3115,375.4769,300.04,50.98,46.11,86,27.79,10.343,5.311
11000,10,1,2669,481.6834,319.69,1337.85,29.79,123,27.89,7.799,3.106
11000,10,2,3661,383.4115,205.20,9767.13,1.70,316,23.59,1.470,0.511
11000,20,0,4070,288.9087,255.70,63.14,28.37,65,17.79,5.410,8.763
11000,20,1,3222,670.5221,412.70,1529.01,10.89,223,18.33,3.545,6.305
11000,20,2,1153,106.5431,60.73,2020.16,-2.25,73,16.68,0.580,3.161
11000,30,0,6851,494.6634,381.63,82.87,6.49,178,8.13,1.673,12.735
11000,30,1,2221,436.0044,219.13,972.09,16.34,217,11.40,1.137,8.955
11000,30,2,202,32.4357,7.41,220.81,28.95,22,6.28,0.010,9.911
11000,40,0,6756,222.9649,197.10,60.50,-4.92,107,-1.75,0.110,18.376
11000,40,1,1209,166.4132,144.91,482.32,17.08,32,1.96,0.063,14.431
11000,40,2,205,37.4545,15.82,239.49,26.39,13,2.45,0.000,12.783
11000,50,0,5156,6.0171,18.75,13.36,-15.94,11,-12.92,0.000,27.988
11000,50,1,549,5.9485,7.37,128.57,10.41,7,-6.40,0.000,21.454
11000,50,2,11,0.0001,0.00,13.55,13.91,2,0.34,0.000,14.664
11000,60,0,3853,0.0409,6.76,0.58,-23.00,0,-23.30,0.000,38.304
11000,60,1,2,0.0001,0.00,0.30,-16.54,0,-9.61,0.000,24.613
11000,70,0,4656,0.0000,4.34,0.10,-27.20,0,-29.71,0.000,44.710
11000,80,0,3564,0.0000,1.22,0.04,-30.74,0,-30.82,0.000,45.815
12000,-60,0,5345,671.0693,334.37,86.41,13.51,152,15.22,2.956,8.308
12000,-60,1,2387,514.4949,199.10,614.34,8.41,157,13.25,1.548,8.169
12000,-60,2,2,0.0973,0.00,2.54,19.36,0,18.90,0.456,2.034
12000,-50,0,7175,1171.3359,741.75,89.38,19.30,326,22.86,6.807,6.024
12000,-50,1,1518,505.1645,157.10,474.33,36.14,203,22.33,5.226,4.972
12000,-50,2,5,0.0000,0.00,7.87,22.50,0,22.08,0.758,0.810
12000,-40,0,6381,1594.8948,1534.76,58.81,30.86,234,30.33,11.296,4.227
12000,-40,1,1698,711.9161,168.63,610.65,46.26,271,28.92,8.751,3.196
12000,-40,2,2,0.0001,0.00,2.43,0.56,0,28.67,4.036,0.141
12000,-30,0,4370,1701.1887,2015.65,84.60,37.77,208,34.85,14.380,3.414
12000,-30,1,3202,1533.2748,1109.69,1476.80,50.16,227,34.21,11.589,1.842
12000,-30,2,605,196.8295,93.28,855.68,56.66,92,35.38,8.289,0.047
12000,-20,0,1843,917.0529,1393.02,40.56,38.67,19,37.85,16.599,3.011
12000,-20,1,2477,1847.0117,2370.85,1037.24,48.40,97,37.08,13.756,1.549
12000,-20,2,3899,880.8885,582.41,11128.18,56.29,551,36.20,7.126,0.003
12000,-10,0,1814,808.5091,1282.23,22.71,49.53,9,39.01,17.581,2.950
12000,-10,1,2058,1564.7982,2170.44,897.85,46.05,17,38.46,14.610,1.312
12000,-10,2,4352,582.2841,535.20,16006.69,58.80,359,35.95,6.592,0.000
12000,0,0,1863,560.9528,657.11,31.20,44.68,10,37.93,16.779,3.097
12000,0,1,1713,668.1249,620.24,831.66,38.72,22,37.39,13.607,1.281
12000,0,2,4791,564.6763,337.97,15513.54,56.67,434,34.03,5.559,0.001
12000,10,0,3114,474.2433,329.63,50.90,35.52,46,33.78,14.024,3.930
12000,10,1,2639,662.1127,459.13,1316.50,29.92,104,33.07,10.861,2.020
12000,10,2,3692,449.4334,187.27,9877.04,60.26,372,28.62,2.959,0.109
12000,20,0,4070,330.6307,200.61,63.07,35.49,108,26.01,9.590,6.147
12000,20,1,3203,706.7893,342.95,1525.08,40.65,261,26.06,7.142,3.895
12000,20,2,1172,168.2001,43.82,2064.42,51.87,159,23.56,1.917,1.131
12000,30,0,6846,574.4225,335.28,82.27,34.84,245,18.03,5.394,8.606
12000,30,1,2220,364.1999,163.26,975.72,28.35,155,20.70,4.340,5.290
12000,30,2,208,12.7689,2.21,228.37,22.00,13,16.58,0.785,4.377
12000,40,0,6749,364.9486,247.93,59.66,28.06,136,9.50,1.905,11.881
12000,40,1,1212,347.7386,118.19,481.50,16.39,175,12.80,1.430,8.204
12000,40,2,209,21.3345,6.73,244.68,16.55,21,12.98,0.179,5.686
12000,50,0,5158,36.4513,37.26,13.48,21.05,8,-0.81,0.181,17.698
12000,50,1,547,38.2931,12.50,127.88,10.67,26,5.32,0.207,12.316
12000,50,2,11,0.0003,0.00,13.49,9.03,0,9.12,0.000,7.126
12000,60,0,3853,4.9904,8.29,0.56,8.00,1,-11.29,0.000,26.374
12000,60,1,2,0.0104,0.01,0.30,24.41,0,-0.30,0.000,15.796
12000,70,0,4656,0.0389,2.67,0.10,-7.28,0,-20.32,0.000,35.317
12000,80,0,3564,0.0000,0.74,0.04,-19.03,0,-27.64,0.000,42.637
13000,-60,0,5366,223.4590,204.67,86.65,-12.78,21,0.61,0.089,16.074
13000,-60,1,2366,189.0623,162.62,599.44,-12.05,11,-1.52,0.008,17.242
13000,-60,2,2,0.0001,0.00,2.51,-10.67,0,8.02,0.000,7.653
13000,-50,0,7181,489.4627,268.28,88.89,-3.39,149,9.89,1.617,11.033
13000,-50,1,1513,170.8157,73.44,473.38,-11.37,72,9.33,0.822,10.164
13000,-50,2,4,0.0000,0.00,6.80,-7.96,0,12.56,0.000,3.933
13000,-40,0,6384,944.6940,328.13,58.73,4.55,528,19.61,5.518,7.283
13000,-40,1,1695,190.4619,91.32,612.54,-2.89,127,18.22,3.464,6.275
13000,-40,2,2,0.0000,0.00,2.39,41.52,0,20.64,0.882,1.566
13000,-30,0,4375,1222.1036,518.37,84.43,13.27,509,26.59,9.336,5.320
13000,-30,1,3199,837.7536,237.41,1478.67,7.23,424,26.42,7.023,3.451
13000,-30,2,603,72.3074,19.43,854.54,4.47,60,28.62,4.202,0.436
13000,-20,0,1843,976.6267,868.11,40.27,11.94,106,32.03,12.817,4.143
13000,-20,1,2489,1754.1714,1067.64,1050.60,24.37,295,31.98,10.468,2.401
13000,-20,2,3887,720.5220,285.79,11141.80,11.18,404,31.69,3.997,0.039
13000,-10,0,1817,902.5748,1286.27,22.71,7.85,8,36.05,15.553,3.396
13000,-10,1,2060,1764.3267,2051.90,902.05,36.67,80,36.53,13.269,1.569
13000,-10,2,4347,706.2965,623.35,15994.81,15.13,425,34.37,5.392,0.000
13000,0,0,1864,646.4982,887.76,30.97,11.08,7,38.08,16.882,2.972
13000,0,1,1711,988.6244,1117.32,828.84,43.42,3,38.62,14.405,1.103
13000,0,2,4792,731.5187,601.60,15496.79,18.24,317,35.53,6.585,0.000
13000,10,0,3116,581.9266,619.79,50.84,12.52,3,37.15,16.311,3.185
13000,10,1,2631,966.0685,977.85,1312.08,42.65,11,37.48,13.657,1.275
13000,10,2,3698,453.2881,290.91,9902.24,21.38,276,33.00,5.183,0.026
13000,20,0,4071,297.5172,258.06,62.95,11.14,24,32.39,13.483,4.478
13000,20,1,3195,711.1813,561.86,1522.79,27.29,113,33.28,11.225,2.202
13000,20,2,1179,130.9214,79.44,2086.49,29.80,84,30.45,4.761,0.270
13000,30,0,6842,655.5213,506.15,81.98,17.86,143,27.62,10.447,5.598
13000,30,1,2213,402.0374,229.23,971.96,22.62,136,30.22,9.247,2.643
13000,30,2,219,16.7009,11.59,241.88,-0.37,10,26.66,4.413,1.193
13000,40,0,6743,583.7927,420.14,59.48,14.34,161,21.51,6.828,7.155
13000,40,1,1204,215.5646,110.62,475.65,13.98,104,24.49,6.030,3.958
13000,40,2,223,40.3093,27.27,262.33,2.00,24,23.97,2.896,1.578
13000,50,0,5153,138.4819,110.98,13.16,5.37,15,13.16,2.914,10.016
13000,50,1,552,96.9096,71.67,130.95,2.20,22,18.33,3.495,6.253
13000,50,2,11,0.0812,0.01,13.71,19.20,5,19.71,0.795,2.069
13000,60,0,3853,54.6499,49.93,0.56,0.14,4,4.50,0.411,13.675
13000,60,1,2,0.6246,0.55,0.30,-0.94,0,10.87,0.674,8.838
13000,70,0,4656,6.9302,7.73,0.09,-1.59,1,-3.09,0.003,18.623
13000,80,0,3564,0.0572,0.50,0.03,0.97,0,-8.81,0.000,23.819
14000,-60,0,5427,31.3565,138.83,88.76,-9.88,1,-9.98,0.000,25.013
14000,-60,1,2305,14.1848,96.14,565.82,-10.05,3,-12.28,0.000,27.283
14000,-60,2,2,0.0000,0.00,2.42,12.01,0,-0.36,0.000,15.359
14000,-50,0,7207,231.6329,307.72,88.96,3.20,27,0.14,0.074,16.474
14000,-50,1,1487,68.2797,72.02,460.47,7.81,15,-0.72,0.016,16.626
14000,-50,2,4,0.0000,0.00,6.65,20.12,0,4.71,0.000,10.327
14000,-40,0,6388,312.6378,259.86,58.43,16.47,119,11.22,1.978,10.468
14000,-40,1,1691,150.9649,107.68,609.81,18.57,44,9.46,0.788,10.139
14000,-40,2,2,0.0000,0.00,2.36,4.89,0,13.45,0.000,4.266
14000,-30,0,4372,473.8946,251.86,83.73,26.52,256,19.70,5.641,7.376
14000,-30,1,3199,353.0761,202.42,1480.16,25.57,201,19.52,3.786,5.597
14000,-30,2,606,46.7171,27.43,863.78,32.27,55,22.07,1.492,1.587
14000,-20,0,1837,557.0166,315.58,39.72,50.40,143,27.62,10.057,5.202
14000,-20,1,2491,1048.7296,475.79,1053.63,27.63,396,26.87,7.567,3.593
14000,-20,2,3891,487.1402,205.89,11197.16,31.54,424,26.58,1.560,0.184
14000,-10,0,1817,1022.2070,1427.74,22.65,64.75,54,34.11,14.238,3.826
14000,-10,1,2058,1768.4156,1775.57,903.03,34.70,224,33.86,11.561,2.031
14000,-10,2,4349,747.4755,503.71,16026.84,35.88,529,31.55,3.554,0.004
14000,0,0,1866,811.5845,1182.49,30.89,72.66,5,38.87,17.348,2.855
14000,0,1,1713,1317.5830,1692.33,830.95,41.44,21,38.49,14.292,1.118
14000,0,2,4788,1109.7507,966.04,15490.05,41.25,501,35.37,6.473,0.000
14000,10,0,3124,859.3655,1045.49,51.14,75.89,22,40.85,18.719,2.521
14000,10,1,2650,1449.4586,1698.10,1331.72,46.32,28,40.06,15.318,0.916
14000,10,2,3671,635.7638,460.91,9868.05,30.03,302,35.12,6.519,0.009
14000,20,0,4072,487.2026,521.47,62.56,68.25,6,38.35,17.272,3.227
14000,20,1,3202,998.6705,1019.42,1521.10,43.60,55,38.20,14.353,1.369
14000,20,2,1171,157.7211,93.58,2077.20,15.72,46,34.71,7.297,0.066
14000,30,0,6852,937.1220,910.35,82.42,47.35,31,35.41,15.170,3.708
14000,30,1,2196,442.9692,405.04,962.16,50.72,30,37.70,13.827,1.254
14000,30,2,226,51.3095,34.97,251.29,80.55,11,35.92,9.501,0.047
14000,40,0,6744,528.2786,439.00,59.60,41.37,90,31.57,12.356,4.259
14000,40,1,1199,235.6269,124.90,479.45,60.15,72,35.06,11.838,1.480
14000,40,2,227,58.5393,14.17,271.18,75.70,15,34.24,8.032,0.069
14000,50,0,5149,211.2568,174.02,12.97,35.82,31,25.59,8.420,5.457
14000,50,1,556,192.5950,68.68,135.88,67.51,62,31.35,9.805,2.349
14000,50,2,11,0.0308,0.02,14.18,42.29,0,29.35,4.370,0.147
14000,60,0,3853,144.2840,142.89,0.57,31.04,2,19.83,4.453,6.318
14000,60,1,2,3.1636,2.90,0.31,37.35,0,21.69,4.250,4.539
14000,70,0,4656,68.4507,61.49,0.09,31.87,0,17.20,1.651,5.296
14000,80,0,3564,12.3884,11.37,0.03,31.59,0,18.08,0.384,2.486
15000,-60,0,5475,0.3796,82.31,89.11,-19.30,2,-15.40,0.000,30.397
15000,-60,1,2257,0.0406,55.53,533.56,-22.38,0,-17.76,0.000,32.765
15000,-60,2,2,0.0000,0.00,2.31,-9.60,0,-4.95,0.000,19.948
15000,-50,0,7237,120.6729,248.83,88.40,-12.76,8,-5.36,0.000,20.713
15000,-50,1,1457,50.7334,70.62,441.09,-7.72,9,-5.73,0.000,20.876
15000,-50,2,4,0.0000,0.00,6.42,-5.68,0,0.30,0.000,14.704
15000,-40,0,6395,293.9198,287.40,58.12,-1.98,75,6.23,0.632,12.806
15000,-40,1,1684,173.6547,163.03,602.23,2.77,25,4.96,0.123,12.532
15000,-40,2,2,0.0000,0.00,2.33,-6.53,0,8.89,0.000,6.990
15000,-30,0,4371,385.9935,271.12,83.07,8.09,196,15.50,3.657,8.787
15000,-30,1,3188,469.1917,291.74,1471.40,13.88,240,15.73,2.238,6.931
15000,-30,2,618,98.3896,48.88,882.60,18.66,81,18.52,0.521,2.576
15000,-20,0,1831,345.4257,264.39,39.09,10.54,121,24.21,8.041,6.038
15000,-20,1,2484,567.7053,284.05,1048.38,18.65,305,23.86,5.955,4.389
15000,-20,2,3904,483.6324,229.72,11255.77,26.28,434,23.48,0.701,0.379
15000,-10,0,1818,947.4934,1272.44,22.66,20.41,72,32.17,12.861,4.145
15000,-10,1,2050,1082.6574,478.72,900.06,23.62,152,32.05,10.437,2.348
15000,-10,2,4356,563.3428,251.74,16083.41,35.10,471,29.63,2.481,0.012
15000,0,0,1870,849.4086,1255.55,30.99,22.97,9,38.02,16.634,2.904
15000,0,1,1714,1304.5823,1330.25,833.81,29.84,57,37.89,13.875,1.167
15000,0,2,4783,1049.8755,639.88,15503.22,40.35,416,34.89,6.111,0.000
15000,10,0,3137,920.1879,1292.25,51.70,23.20,10,41.18,18.791,2.347
15000,10,1,2664,1594.3382,2135.91,1344.03,35.54,20,40.81,15.797,0.803
15000,10,2,3644,691.0762,548.27,9832.73,54.92,348,36.07,7.177,0.005
15000,20,0,4094,669.7357,759.01,63.41,28.44,19,40.49,18.545,2.699
15000,20,1,3204,1293.6959,1445.69,1523.67,49.48,31,41.01,16.190,0.995
15000,20,2,1147,194.8072,124.76,2046.28,65.29,73,37.06,8.829,0.022
15000,30,0,6871,1252.6829,1506.49,83.17,42.94,17,39.69,17.862,2.774
15000,30,1,2181,695.5919,782.41,953.59,43.09,8,41.56,16.371,0.756
15000,30,2,222,85.4899,88.67,247.07,17.27,1,40.12,12.295,0.000
15000,40,0,6749,737.7725,819.62,59.51,44.86,37,37.53,15.977,2.881
15000,40,1,1194,321.8122,309.68,481.64,28.83,19,40.15,15.072,0.695
15000,40,2,227,50.1431,45.85,273.53,15.72,7,39.12,11.168,0.000
15000,50,0,5146,282.1017,308.46,12.74,43.03,21,33.29,12.657,3.341
15000,50,1,559,117.7088,73.60,139.77,18.78,12,37.58,13.530,1.054
15000,50,2,11,0.0723,0.00,14.70,29.22,6,34.64,7.227,0.000
15000,60,0,3853,137.0367,190.54,0.57,37.43,5,29.51,9.040,3.168
15000,60,1,2,4.3246,3.95,0.33,35.29,1,28.97,7.793,2.451
15000,70,0,4656,91.2981,107.91,0.09,32.80,0,30.62,6.614,0.914
15000,80,0,3564,40.8977,38.73,0.03,34.01,0,33.05,4.702,0.004
16000,-60,0,5537,0.9927,50.92,90.83,-10.95,0,-14.77,0.000,29.766
16000,-60,1,2195,0.1247,32.83,501.54,-14.81,1,-17.18,0.000,32.178
16000,-60,2,2,0.0000,0.00,2.21,-11.43,0,-5.07,0.000,20.065
16000,-50,0,7265,161.9501,260.35,87.84,1.81,25,-4.69,0.000,20.168
16000,-50,1,1429,61.6017,64.81,423.38,-18.17,23,-5.54,0.000,20.738
16000,-50,2,4,0.0000,0.00,6.20,-6.25,0,0.12,0.000,14.884
16000,-40,0,6401,424.9842,415.82,57.79,11.74,80,6.75,0.785,12.623
16000,-40,1,1678,256.8042,170.92,594.87,-9.52,67,5.00,0.177,12.659
16000,-40,2,2,0.0000,0.00,2.32,28.08,0,9.42,0.000,6.662
16000,-30,0,4368,427.7471,242.00,82.40,16.55,188,15.86,3.918,8.734
16000,-30,1,3184,509.1030,236.72,1470.23,6.15,266,15.76,2.377,7.008
16000,-30,2,625,81.6510,31.06,897.87,1.48,66,18.48,0.561,2.584
16000,-20,0,1826,207.3805,98.06,38.50,21.33,78,24.32,8.258,6.125
16000,-20,1,2464,473.6655,248.01,1031.32,20.46,216,24.02,6.120,4.379
16000,-20,2,3929,433.7216,180.39,11314.02,10.11,487,23.64,0.768,0.369
16000,-10,0,1817,534.4556,447.48,22.46,18.74,20,31.68,12.750,4.343
16000,-10,1,2042,672.8569,597.88,894.71,30.62,93,32.16,10.519,2.348
16000,-10,2,4365,442.4859,221.39,16115.81,13.40,564,29.73,2.537,0.010
16000,0,0,1874,702.0134,1011.84,31.06,30.07,9,37.48,16.441,3.060
16000,0,1,1712,1152.0283,1559.37,832.97,37.33,14,38.00,13.969,1.180
16000,0,2,4781,832.0487,624.79,15490.65,18.39,476,34.86,6.085,0.000
16000,10,0,3148,892.3289,1388.23,51.91,41.86,6,40.66,18.586,2.496
16000,10,1,2691,1593.7346,2468.68,1364.10,39.80,18,40.85,15.864,0.813
16000,10,2,3606,618.6263,637.86,9755.24,7.64,208,35.87,7.009,0.005
16000,20,0,4107,750.2458,976.41,61.23,33.69,29,39.57,18.069,2.928
16000,20,1,3214,1530.5096,1987.77,1524.92,22.72,50,40.30,15.718,1.055
16000,20,2,1124,235.7854,158.37,2007.81,13.46,83,36.69,8.552,0.024
16000,30,0,6889,1495.3939,2063.78,82.82,23.33,14,38.47,17.114,3.006
16000,30,1,2164,1082.6344,1293.53,943.33,32.63,19,40.82,15.874,0.813
16000,30,2,221,167.9202,188.34,246.34,42.30,1,39.29,11.730,0.000
16000,40,0,6748,1090.7802,1315.11,58.80,17.05,57,36.00,15.045,3.172
16000,40,1,1191,693.0628,730.28,481.69,40.87,30,39.30,14.526,0.789
16000,40,2,231,164.5032,161.52,280.60,45.64,4,38.38,10.649,0.000
16000,50,0,5145,370.3111,454.30,12.67,9.14,47,31.35,11.555,3.769
16000,50,1,560,366.6393,283.57,143.73,38.61,68,36.40,12.797,1.235
16000,50,2,11,0.1052,0.09,15.22,40.01,4,34.49,6.970,0.000
16000,60,0,3853,95.2833,161.11,0.57,8.01,4,27.37,7.950,3.721
16000,60,1,2,1.2938,0.00,0.34,0.21,0,27.44,6.954,2.673
16000,70,0,4656,49.9618,103.66,0.08,15.55,0,28.22,5.481,1.411
16000,80,0,3564,17.3073,36.40,0.03,21.94,0,30.74,3.476,0.025
17000,-60,0,5604,31.9399,57.28,93.74,4.39,9,-7.71,0.000,22.854
17000,-60,1,2128,14.1104,29.55,473.77,2.07,7,-10.25,0.000,25.271
17000,-60,2,2,0.0000,0.00,2.15,15.22,0,0.03,0.000,14.967
17000,-50,0,7279,398.5163,353.67,87.26,13.90,130,2.32,0.222,15.102
17000,-50,1,1415,119.5222,84.99,415.75,29.45,35,1.62,0.070,14.954
17000,-50,2,4,0.0000,0.00,6.09,20.10,0,4.85,0.000,10.223
17000,-40,0,6402,687.5866,414.92,57.43,26.71,308,13.22,2.716,9.657
17000,-40,1,1677,261.0017,100.49,594.81,41.95,120,11.55,1.275,9.178
17000,-40,2,2,0.0000,0.00,2.33,-0.38,0,13.56,0.005,4.439
17000,-30,0,4360,542.3456,356.10,81.69,35.20,219,21.43,6.520,6.847
17000,-30,1,3175,563.5933,309.24,1471.46,46.28,255,21.15,4.501,5.088
17000,-30,2,642,108.6874,51.76,931.36,53.89,73,23.22,1.842,1.320
17000,-20,0,1824,202.1198,138.19,38.17,44.59,63,29.07,10.954,4.896
17000,-20,1,2441,563.4331,360.98,1015.51,46.44,176,28.08,8.270,3.334
17000,-20,2,3954,432.9918,167.98,11420.07,52.46,466,27.27,1.822,0.158
17000,-10,0,1818,512.4381,534.24,22.40,59.51,21,35.28,15.037,3.640
17000,-10,1,2033,675.1857,575.84,886.35,48.07,33,34.61,12.050,1.897
17000,-10,2,4373,431.1300,241.32,16170.76,56.54,567,31.94,3.798,0.003
17000,0,0,1908,718.7709,1030.77,30.80,56.77,5,39.36,17.718,2.805
17000,0,1,1692,1102.4351,1399.82,836.28,44.34,6,38.74,14.406,1.054
17000,0,2,4767,783.4676,653.85,15477.18,57.58,405,35.47,6.547,0.000
17000,10,0,3165,945.6330,1564.30,52.64,49.26,4,40.59,18.564,2.595
17000,10,1,2713,1667.2738,2434.86,1384.46,38.07,12,39.72,15.040,0.931
17000,10,2,3567,646.3493,624.06,9697.92,59.47,323,34.81,6.251,0.010
17000,20,0,4115,886.6491,1152.75,60.52,49.74,125,37.62,16.765,3.375
17000,20,1,3214,1903.8281,2453.77,1520.71,46.86,178,37.64,13.984,1.449
17000,20,2,1116,208.7196,107.39,1991.07,46.18,132,33.99,6.767,0.080
17000,30,0,6895,1913.2201,2477.40,82.38,45.00,230,34.19,14.343,3.953
17000,30,1,2154,1506.1975,1515.53,937.38,37.59,169,36.51,13.059,1.455
17000,30,2,225,197.7226,50.64,252.54,41.44,92,34.78,8.745,0.093
17000,40,0,6748,1521.1119,1624.60,58.59,39.66,222,29.83,11.264,4.681
17000,40,1,1180,867.7677,426.35,478.05,30.81,358,33.28,10.682,1.762
17000,40,2,242,180.2995,19.68,296.30,34.82,103,32.97,7.122,0.118
17000,50,0,5144,467.3197,578.81,12.63,34.56,55,23.32,7.165,6.126
17000,50,1,561,293.0082,28.41,147.86,29.94,175,29.13,8.376,2.771
17000,50,2,11,0.4083,0.00,15.64,18.28,4,28.83,3.612,0.070
17000,60,0,3853,93.3454,166.98,0.56,23.61,4,16.76,3.161,7.451
17000,60,1,2,0.8700,0.64,0.35,41.35,0,21.11,3.688,4.474
17000,70,0,4656,29.5907,85.68,0.08,10.37,0,12.57,0.787,7.538
17000,80,0,3564,3.2003,24.31,0.03,2.54,0,12.17,0.072,5.675
18000,-60,0,5617,256.0547,221.49,93.88,-2.04,26,3.94,0.358,14.014
18000,-60,1,2115,188.7094,138.85,467.67,-2.24,41,1.46,0.064,15.106
18000,-60,2,2,0.0075,0.01,2.14,-4.69,0,8.50,0.000,7.790
18000,-50,0,7280,571.9186,409.77,86.83,4.21,140,12.90,2.640,9.787
18000,-50,1,1414,212.5560,117.49,416.89,1.27,69,12.20,1.603,8.989
18000,-50,2,4,0.0007,0.00,6.06,-2.66,0,12.65,0.000,4.353
18000,-40,0,6397,633.7327,406.13,56.84,10.51,219,22.15,6.863,6.558
18000,-40,1,1681,270.6723,161.43,597.79,8.87,96,20.61,4.613,5.588
18000,-40,2,3,0.0791,0.00,3.38,42.27,0,22.12,1.728,1.537
18000,-30,0,4353,611.8253,305.79,81.15,19.43,283,28.60,10.577,4.867
18000,-30,1,3164,650.9327,285.30,1471.46,15.59,326,28.16,8.060,3.107
18000,-30,2,660,147.6978,48.13,964.03,14.77,97,29.80,4.811,0.328
18000,-20,0,1826,220.7573,190.33,38.09,16.50,43,33.41,13.707,3.857
18000,-20,1,2411,635.7476,368.53,992.63,27.94,138,33.17,11.322,2.259
18000,-20,2,3982,385.3014,164.22,11485.75,19.51,379,32.42,4.501,0.032
18000,-10,0,1820,511.4081,696.02,22.33,12.85,8,36.78,16.007,3.250
18000,-10,1,2028,735.1954,862.53,879.23,35.62,3,37.05,13.671,1.516
18000,-10,2,4376,351.5606,223.93,16146.86,21.78,327,34.69,5.646,0.000
18000,0,0,1910,712.3760,1191.35,30.63,13.07,8,38.04,16.796,2.965
18000,0,1,1700,1097.4714,1716.09,840.68,39.50,0,38.48,14.245,1.083
18000,0,2,4757,902.1022,931.60,15427.84,21.32,367,35.43,6.519,0.000
18000,10,0,3172,1109.1736,1746.32,52.54,9.26,13,36.32,15.666,3.308
18000,10,1,2737,1882.0136,2768.05,1404.10,37.91,29,36.69,13.005,1.325
18000,10,2,3536,579.3491,667.07,9650.50,24.54,226,32.30,4.645,0.031
18000,20,0,4119,887.4321,726.08,60.35,5.89,188,30.83,12.419,4.788
18000,20,1,3213,1898.9967,1236.84,1520.50,26.33,517,32.01,10.361,2.396
18000,20,2,1113,140.3282,108.60,1985.94,29.61,97,29.28,4.044,0.339
18000,30,0,6895,1594.7856,1188.22,81.82,11.73,437,25.42,9.090,6.124
18000,30,1,2147,1127.8234,362.46,935.25,16.80,478,28.33,8.061,3.016
18000,30,2,232,46.1210,13.54,262.15,-9.39,24,24.92,3.389,1.453
18000,40,0,6741,826.8529,325.26,57.80,6.69,469,18.66,5.328,8.007
18000,40,1,1180,327.0035,129.76,477.60,2.57,122,22.01,4.666,4.540
18000,40,2,249,27.3312,10.67,307.13,-10.46,10,22.08,1.898,1.858
18000,50,0,5143,208.7448,82.83,12.50,-3.93,69,9.74,1.760,11.425
18000,50,1,562,39.7035,20.41,149.67,-10.10,27,15.40,2.172,7.082
18000,50,2,11,0.0484,0.00,15.80,6.80,0,19.12,0.356,1.687
18000,60,0,3853,51.2802,78.66,0.54,-13.34,3,0.47,0.115,16.249
18000,60,1,2,0.9685,1.09,0.35,-4.66,0,9.65,0.290,8.961
18000,70,0,4656,8.1252,57.34,0.08,-20.96,0,-7.84,0.000,22.965
18000,80,0,3564,0.0117,14.73,0.03,-27.07,0,-15.05,0.000,30.048
19000,-60,0,5589,878.9374,389.87,92.29,36.61,372,18.51,4.435,7.202
19000,-60,1,2143,730.0539,258.54,481.65,35.93,309,16.33,2.692,7.121
19000,-60,2,2,0.0142,0.00,2.18,46.44,0,19.04,0.817,2.591
19000,-50,0,7273,849.0739,468.89,86.57,46.04,356,25.73,8.481,5.311
19000,-50,1,1421,309.5604,144.64,424.66,37.35,101,24.12,6.313,4.544
19000,-50,2,4,0.0085,0.01,6.14,51.72,0,22.09,0.775,0.793
19000,-40,0,6392,772.9555,627.85,56.23,50.44,91,32.43,12.738,3.843
19000,-40,1,1685,294.9515,151.26,601.02,38.41,91,30.09,9.554,2.950
19000,-40,2,4,0.0000,0.00,4.46,33.94,1,31.11,6.002,0.140
19000,-30,0,4352,617.9503,499.14,80.92,48.46,86,36.19,15.383,3.210
19000,-30,1,3152,604.3544,392.11,1466.67,41.01,80,34.96,12.149,1.714
19000,-30,2,673,106.1915,55.46,983.83,41.52,43,35.81,8.493,0.027
19000,-20,0,1829,314.2480,339.63,37.95,63.22,4,38.31,16.974,2.946
19000,-20,1,2408,760.4246,693.29,990.87,35.86,24,37.54,14.188,1.524
19000,-20,2,3982,428.8579,290.92,11475.51,37.70,256,36.61,7.449,0.002
19000,-10,0,1825,652.4308,941.57,22.58,62.20,11,38.32,17.124,3.038
19000,-10,1,2022,1099.9826,1398.78,873.21,34.42,2,38.32,14.586,1.362
19000,-10,2,4377,416.7093,364.17,16098.03,32.92,324,36.00,6.627,0.000
19000,0,0,1915,910.8252,1425.62,30.90,61.87,12,36.73,15.973,3.284
19000,0,1,1712,1391.5346,2042.73,854.50,34.89,12,36.80,13.124,1.327
19000,0,2,4740,1203.4014,1310.68,15397.94,29.81,345,33.61,5.271,0.001
19000,10,0,3178,1367.0400,1763.71,52.77,58.83,119,32.18,12.984,4.239
19000,10,1,2724,1939.0235,1585.53,1396.32,32.64,354,32.02,10.068,2.125
19000,10,2,3543,684.3746,370.97,9660.15,8.45,368,27.63,2.441,0.140
19000,20,0,4123,636.1012,382.27,60.34,39.33,188,23.62,8.324,6.834
19000,20,1,3198,925.4366,366.52,1515.00,17.91,392,24.17,6.112,4.342
19000,20,2,1124,119.1946,58.72,1996.53,-5.84,86,22.09,1.422,1.398
19000,30,0,6897,794.7330,360.57,81.35,12.24,383,15.11,4.129,9.679
19000,30,1,2137,367.1414,160.64,932.85,20.86,212,18.48,3.334,5.940
19000,30,2,240,52.0133,43.01,271.64,38.61,5,14.52,0.382,5.067
19000,40,0,6746,253.6904,234.54,57.65,-0.16,93,6.13,1.075,13.550
19000,40,1,1174,187.7734,117.81,476.14,19.56,50,10.22,0.809,9.297
19000,40,2,250,48.8350,45.63,308.68,31.49,1,10.72,0.029,6.641
19000,50,0,5144,32.4815,55.43,12.36,-12.39,16,-4.52,0.044,20.486
19000,50,1,561,45.9993,42.08,147.52,14.20,8,2.37,0.034,14.066
19000,50,2,11,0.0053,0.00,15.64,12.53,0,8.61,0.000,7.070
19000,60,0,3853,4.4511,47.92,0.52,-22.44,1,-15.00,0.000,30.007
19000,60,1,2,0.3324,0.90,0.34,-9.46,0,-1.86,0.000,17.033
19000,70,0,4656,0.0033,34.74,0.07,-28.72,0,-23.56,0.000,38.564
19000,80,0,3564,0.0000,8.92,0.03,-30.76,0,-29.41,0.000,44.409
20000,-60,0,5544,908.8462,593.17,89.39,32.48,177,31.10,10.878,3.388
20000,-60,1,2188,696.2491,322.47,503.60,25.67,179,29.26,8.710,2.938
20000,-60,2,2,0.0256,0.00,2.25,28.06,0,28.67,4.399,0.312
20000,-50,0,7265,769.1627,671.74,85.84,31.07,38,35.82,14.437,2.803
20000,-50,1,1429,348.2815,190.00,431.87,48.56,55,35.06,12.445,1.882
20000,-50,2,4,0.0521,0.00,6.29,27.81,0,30.53,4.131,0.006
20000,-40,0,6397,904.2620,965.62,56.06,37.23,18,40.04,17.624,2.269
20000,-40,1,1680,335.0025,314.13,598.16,51.79,10,38.49,14.745,1.337
20000,-40,2,4,0.0001,0.00,4.46,19.23,0,36.71,9.423,0.000
20000,-30,0,4355,863.3483,950.76,80.41,40.43,5,41.51,18.883,2.187
20000,-30,1,3158,906.2456,908.57,1465.13,50.82,4,40.36,15.656,0.921
20000,-30,2,664,133.6246,130.91,967.85,54.91,3,40.46,11.863,0.000
20000,-20,0,1834,446.6697,556.94,37.96,30.71,2,40.95,18.677,2.421
20000,-20,1,2404,1159.7208,1312.85,984.70,44.06,1,40.36,16.042,1.125
20000,-20,2,3981,635.2723,558.80,11431.07,53.53,124,39.10,9.545,0.000
20000,-10,0,1831,749.1786,1163.08,22.93,33.85,13,38.65,17.214,2.931
20000,-10,1,2023,1496.0908,1994.49,876.56,34.61,7,38.34,14.544,1.327
20000,-10,2,4370,633.7298,564.53,16075.62,50.79,393,35.95,6.615,0.000
20000,0,0,1914,944.2033,1268.12,30.68,24.84,73,34.26,14.208,3.704
20000,0,1,1707,1555.1589,1670.44,850.34,25.81,330,34.16,11.393,1.715
20000,0,2,4746,1525.0030,1362.73,15452.69,42.87,682,30.99,3.691,0.014
20000,10,0,3177,1044.4569,537.37,52.28,15.04,383,27.02,9.713,5.370
20000,10,1,2702,1187.0930,586.16,1380.99,17.83,565,26.89,7.141,3.252
20000,10,2,3566,511.1992,297.79,9722.09,42.90,413,22.93,1.270,0.572
20000,20,0,4127,378.2704,203.20,60.36,10.17,221,16.69,4.696,8.959
20000,20,1,3188,512.4207,264.98,1513.95,21.33,237,17.46,3.059,6.502
20000,20,2,1130,142.3471,70.05,2006.04,37.43,103,15.67,0.426,3.488
20000,30,0,6902,382.2647,386.18,80.71,8.23,94,6.78,1.172,13.213
20000,30,1,2142,290.0587,237.95,939.14,8.85,97,10.08,0.762,9.483
20000,30,2,230,74.0383,55.46,258.75,-5.77,6,5.21,0.008,10.543
20000,40,0,6759,166.3725,234.67,57.45,-1.86,40,-3.36,0.036,19.434
20000,40,1,1171,140.5403,160.06,474.28,-6.23,11,0.31,0.018,15.577
20000,40,2,240,56.8315,60.32,292.92,-9.83,2,0.97,0.000,14.077
20000,50,0,5149,4.3225,32.37,12.34,-13.57,9,-14.64,0.000,29.661
20000,50,1,556,9.7803,29.08,140.72,-15.35,3,-8.12,0.000,23.127
20000,50,2,11,0.0000,0.00,15.13,-4.55,0,-0.01,0.000,15.010
20000,60,0,3853,0.0048,28.53,0.49,-26.17,2,-25.04,0.000,40.036
20000,60,1,2,0.0026,0.55,0.32,-10.49,0,-9.74,0.000,24.738
20000,70,0,4656,0.0000,20.99,0.07,-31.50,0,-30.57,0.000,45.567
20000,80,0,3564,0.0000,5.39,0.02,-30.78,0,-30.77,0.000,45.769
21000,-60,0,5517,1276.9778,979.45,87.97,31.43,156,37.07,14.524,2.012
21000,-60,1,2215,1077.4686,427.09,523.95,30.64,350,35.64,12.362,1.411
21000,-60,2,2,0.0241,0.00,2.35,10.62,0,33.21,6.780,0.000
21000,-50,0,7269,1202.9810,1316.36,85.75,39.10,41,40.43,17.440,1.871
21000,-50,1,1425,456.5883,418.11,434.17,6.95,18,38.95,14.863,1.060
21000,-50,2,4,0.0208,0.00,6.47,12.26,0,34.56,6.402,0.000
21000,-40,0,6410,1079.4425,1433.96,56.34,38.91,30,43.04,19.672,1.713
21000,-40,1,1669,573.2924,643.61,591.75,11.69,1,41.01,16.360,0.856
21000,-40,2,2,0.0000,0.00,2.48,79.76,0,39.40,10.914,0.000
21000,-30,0,4366,1123.7439,1432.12,80.17,36.37,12,43.20,20.033,1.845
21000,-30,1,3169,1297.9175,1532.28,1464.76,22.32,11,41.69,16.506,0.706
21000,-30,2,642,190.0556,206.31,929.76,14.16,5,41.78,12.847,0.000
21000,-20,0,1844,575.9963,779.74,38.39,28.11,1,40.99,18.741,2.356
21000,-20,1,2414,1412.6920,1850.99,992.47,34.81,1,40.81,16.256,1.015
21000,-20,2,3961,919.5431,680.36,11340.87,18.92,245,39.80,10.159,0.000
21000,-10,0,1833,798.3683,1301.11,22.89,12.60,5,36.93,16.117,3.185
21000,-10,1,2024,1686.1625,2390.32,877.98,38.72,38,37.52,13.909,1.391
21000,-10,2,4367,743.7867,433.02,16065.20,15.09,439,35.35,6.163,0.000
21000,0,0,1916,869.7499,1096.61,30.84,13.42,40,31.54,12.582,4.290
21000,0,1,1695,1185.0140,951.04,845.38,34.92,121,32.26,10.175,2.018
21000,0,2,4756,1185.4592,420.01,15500.70,11.26,776,29.04,2.709,0.031
21000,10,0,3174,515.3051,354.49,51.95,11.16,169,23.41,7.864,6.474
21000,10,1,2668,562.9796,242.90,1354.87,23.70,243,23.95,5.652,4.053
21000,10,2,3603,446.9698,188.50,9766.38,1.18,434,19.97,0.850,1.186
21000,20,0,4139,261.0311,214.11,60.99,-0.24,85,12.20,3.012,10.865
21000,20,1,3174,553.5384,380.96,1510.01,1.52,202,13.32,1.716,8.207
21000,20,2,1132,124.4034,78.25,2003.35,1.08,76,11.93,0.174,5.337
21000,30,0,6913,423.4582,455.82,80.26,-8.06,116,1.82,0.340,16.020
21000,30,1,2142,363.7976,310.28,939.05,-3.69,87,5.38,0.139,12.125
21000,30,2,219,50.3305,30.42,242.83,-11.46,11,-0.09,0.001,15.159
21000,40,0,6777,105.7538,203.62,57.17,-17.20,26,-8.62,0.000,23.857
21000,40,1,1166,94.8925,155.92,468.71,-10.37,7,-4.79,0.000,19.990
21000,40,2,227,33.4996,21.20,271.20,-11.63,12,-4.23,0.000,19.228
21000,50,0,5158,0.0894,18.95,12.62,-26.41,4,-19.87,0.000,34.874
21000,50,1,547,0.1660,15.84,133.04,-19.59,1,-13.32,0.000,28.315
21000,50,2,11,0.0000,0.00,14.47,-6.04,0,-4.46,0.000,19.465
21000,60,0,3853,0.0000,17.21,0.47,-31.61,0,-29.40,0.000,44.404
21000,60,1,2,0.0000,0.33,0.31,-18.52,0,-13.95,0.000,28.946
21000,70,0,4656,0.0000,12.72,0.07,-31.83,0,-31.75,0.000,46.748
21000,80,0,3564,0.0000,3.27,0.02,-30.80,0,-30.79,0.000,45.788
22000,-60,0,5481,1874.1497,1665.49,85.69,46.64,114,36.25,13.997,2.228
22000,-60,1,2251,918.8793,321.95,548.19,46.76,280,34.77,11.751,1.597
22000,-60,2,2,0.0126,0.00,2.45,63.01,0,33.33,6.632,0.000
22000,-50,0,7267,1952.9645,2237.79,85.19,50.49,54,40.02,17.159,1.995
22000,-50,1,1427,839.6122,533.37,439.27,70.94,78,38.70,14.689,1.162
22000,-50,2,4,0.0005,0.00,6.67,65.34,0,34.70,6.358,0.000
22000,-40,0,6418,1369.2651,1950.81,56.11,55.99,6,43.01,19.668,1.780
22000,-40,1,1661,983.8847,1034.29,586.66,72.35,3,40.95,16.355,0.934
22000,-40,2,2,0.0000,0.00,2.48,16.59,0,38.92,10.461,0.000
22000,-30,0,4381,1297.9131,1866.10,80.14,57.45,21,43.33,20.138,1.886
22000,-30,1,3168,1615.4424,2150.33,1456.90,64.21,46,41.78,16.630,0.736
22000,-30,2,628,225.9204,264.09,900.52,71.25,12,41.71,12.872,0.000
22000,-20,0,1853,670.0093,1006.52,38.71,66.16,3,41.93,19.353,2.260
22000,-20,1,2423,1575.1877,2326.08,998.04,54.47,33,40.87,16.317,1.024
22000,-20,2,3943,982.0406,963.65,11277.63,60.54,214,39.67,10.044,0.000
22000,-10,0,1837,842.8263,1441.59,23.05,71.72,11,38.37,17.039,2.985
22000,-10,1,2025,1687.5856,2616.57,880.01,48.49,43,37.78,14.089,1.368
22000,-10,2,4362,639.2645,515.99,16105.65,54.81,360,35.39,6.201,0.000
22000,0,0,1915,917.9583,1178.67,30.68,60.80,94,33.18,13.542,3.973
22000,0,1,1682,1003.3947,980.24,836.08,40.37,226,32.71,10.446,1.949
22000,0,2,4770,705.3142,343.47,15594.54,47.00,624,29.33,2.889,0.027
22000,10,0,3174,526.4880,345.82,52.03,44.82,167,25.20,8.732,5.951
22000,10,1,2640,595.9369,344.64,1338.73,30.21,275,24.61,5.972,3.864
22000,10,2,3631,456.7322,252.95,9829.17,34.50,391,20.37,0.937,1.107
22000,20,0,4145,321.4033,241.11,61.15,32.57,120,13.91,3.577,10.139
22000,20,1,3157,679.2696,340.10,1501.37,24.43,340,14.17,1.984,7.876
22000,20,2,1143,140.8286,55.90,2014.93,14.04,172,12.45,0.221,5.137
22000,30,0,6925,495.1394,495.50,80.08,15.21,111,3.14,0.507,15.254
22000,30,1,2144,343.2947,244.38,945.19,13.82,63,6.44,0.228,11.501
22000,30,2,205,35.5828,30.52,225.34,17.12,7,1.27,0.001,13.876
22000,40,0,6796,145.2682,206.41,57.17,2.94,57,-7.34,0.000,22.716
22000,40,1,1159,139.3065,195.24,464.43,3.43,13,-3.49,0.000,18.793
22000,40,2,215,19.4370,22.39,252.41,8.85,6,-2.84,0.000,17.841
22000,50,0,5170,0.1994,10.96,13.18,-9.66,10,-18.65,0.000,33.647
22000,50,1,535,0.7036,9.42,125.55,-3.61,1,-11.89,0.000,26.891
22000,50,2,11,0.0000,0.00,13.87,-4.03,1,-3.99,0.000,18.988
22000,60,0,3853,0.0000,10.23,0.45,-23.32,0,-28.47,0.000,43.468
22000,60,1,2,0.0000,0.20,0.29,-1.81,0,-13.45,0.000,28.450
22000,70,0,4656,0.0000,7.70,0.06,-30.87,0,-31.61,0.000,46.609
22000,80,0,3564,0.0000,1.98,0.02,-30.81,0,-30.81,0.000,45.806
23000,-60,0,5463,1918.6642,1049.43,85.11,5.67,660,26.69,8.359,4.471
23000,-60,1,2269,759.5027,277.12,568.29,3.83,270,24.93,6.258,3.917
23000,-60,2,2,0.0026,0.00,2.52,4.33,0,27.01,3.038,0.233
23000,-50,0,7268,2496.4353,1847.01,85.34,8.94,635,32.18,12.143,3.544
23000,-50,1,1426,675.1442,203.16,445.44,13.29,231,31.59,10.117,2.411
23000,-50,2,4,0.0023,0.00,6.81,5.73,1,29.42,3.059,0.002
23000,-40,0,6418,1871.7819,2483.45,55.44,14.94,110,37.28,15.758,2.736
23000,-40,1,1661,1231.1602,1142.76,586.27,19.33,78,35.90,12.939,1.679
23000,-40,2,2,0.0000,0.00,2.47,33.90,1,34.61,7.474,0.000
23000,-30,0,4393,1536.1947,2138.02,79.88,23.17,17,39.62,17.564,2.469
23000,-30,1,3172,1853.2207,2625.05,1454.92,23.55,31,38.78,14.537,1.094
23000,-30,2,612,266.6321,254.89,872.01,24.43,21,39.43,11.112,0.001
23000,-20,0,1859,741.8743,1198.04,38.74,19.06,9,39.73,17.798,2.557
23000,-20,1,2445,1691.3639,2719.94,1014.16,29.58,6,39.57,15.438,1.196
23000,-20,2,3915,1031.9948,981.81,11202.17,27.60,316,38.66,9.162,0.000
23000,-10,0,1840,781.7381,1485.20,23.05,17.82,10,38.22,16.891,2.940
23000,-10,1,2025,1611.0677,2736.61,878.28,31.91,3,38.37,14.540,1.311
23000,-10,2,4359,662.9677,559.55,16114.73,28.83,361,36.10,6.738,0.000
23000,0,0,1916,771.9398,1167.64,30.59,15.21,23,34.70,14.522,3.585
23000,0,1,1662,727.0587,644.71,819.23,33.80,33,34.94,11.921,1.605
23000,0,2,4789,595.9900,245.45,15672.51,26.46,556,31.72,4.104,0.009
23000,10,0,3176,486.7926,359.46,52.30,10.05,155,28.30,10.588,5.095
23000,10,1,2601,525.2233,216.23,1313.89,31.60,241,28.35,8.009,2.952
23000,10,2,3668,499.8103,213.84,9929.34,30.45,437,24.30,1.605,0.413
23000,20,0,4147,344.0577,228.46,61.14,6.39,119,18.66,5.767,8.355
23000,20,1,3139,575.2131,302.17,1495.46,25.90,277,19.55,3.953,5.800
23000,20,2,1159,111.6302,50.52,2048.45,31.55,124,17.61,0.659,2.761
23000,30,0,6924,615.6728,404.90,79.36,10.11,228,9.50,2.007,11.997
23000,30,1,2149,425.0428,214.54,949.72,14.67,201,12.52,1.409,8.418
23000,30,2,201,49.5895,22.63,219.99,-9.23,17,7.32,0.014,9.225
23000,40,0,6798,288.7228,243.68,56.40,3.66,131,-0.26,0.181,17.291
23000,40,1,1167,281.9124,185.97,467.95,-1.46,147,3.03,0.108,13.715
23000,40,2,205,43.3591,36.11,239.60,-10.81,21,3.48,0.000,11.923
23000,50,0,5177,4.9261,10.35,13.45,-7.78,18,-11.39,0.000,26.513
23000,50,1,528,12.7612,12.99,120.62,-12.45,7,-5.34,0.000,20.474
23000,50,2,11,0.0003,0.00,13.54,3.10,2,1.18,0.000,13.829
23000,60,0,3853,0.1170,6.22,0.43,-18.79,0,-22.02,0.000,37.022
23000,60,1,2,0.0189,0.14,0.28,-8.46,0,-8.48,0.000,23.476
23000,70,0,4656,0.0000,4.67,0.06,-26.87,0,-29.05,0.000,44.053
23000,80,0,3564,0.0000,1.20,0.02,-30.65,0,-30.80,0.000,45.796
24000,-60,0,5457,847.9706,398.27,84.83,11.25,259,13.16,2.332,9.262
24000,-60,1,2275,490.6181,204.69,576.27,8.34,137,11.16,1.112,9.226
24000,-60,2,2,0.0000,0.00,2.54,18.27,1,17.21,0.245,2.632
24000,-50,0,7264,1339.5564,504.04,85.00,24.35,589,21.15,6.059,6.652
24000,-50,1,1429,213.2439,80.59,450.06,5.71,113,19.86,4.278,5.806
24000,-50,2,5,0.0003,0.00,7.89,24.05,1,20.53,0.472,1.132
24000,-40,0,6417,1842.4904,1126.92,55.08,32.60,648,28.83,10.505,4.659
24000,-40,1,1662,764.5390,216.01,590.21,11.54,305,26.79,7.715,3.728
24000,-40,2,2,0.0000,0.00,2.43,31.70,0,28.25,3.820,0.208
24000,-30,0,4404,1868.0549,1794.25,80.01,34.23,352,33.58,13.643,3.718
24000,-30,1,3167,2027.0126,1430.67,1453.09,23.05,408,32.75,10.764,2.095
24000,-30,2,606,264.4186,142.96,860.48,21.27,105,34.20,7.492,0.068
24000,-20,0,1864,930.1569,1429.84,38.87,46.72,14,36.69,15.889,3.250
24000,-20,1,2453,1968.2352,2393.48,1021.10,26.33,166,36.23,13.293,1.705
24000,-20,2,3902,1074.4004,982.09,11182.83,24.67,519,35.66,6.702,0.005
24000,-10,0,1847,838.4413,1546.05,23.17,45.29,11,37.77,16.778,3.144
24000,-10,1,2026,1685.7506,2843.80,881.80,30.33,5,38.11,14.450,1.388
24000,-10,2,4351,755.8854,752.85,16096.25,24.03,442,35.81,6.470,0.000
24000,0,0,1925,822.4460,1311.57,30.38,52.63,3,37.29,16.388,3.204
24000,0,1,1652,846.8999,1025.54,816.61,34.65,6,37.53,13.693,1.246
24000,0,2,4790,559.1802,392.91,15685.12,25.55,358,34.24,5.691,0.001
24000,10,0,3175,589.6474,559.13,52.16,58.82,19,33.81,14.083,3.922
24000,10,1,2576,600.4988,474.99,1297.06,36.82,68,33.66,11.212,1.912
24000,10,2,3694,477.5406,198.34,9998.53,7.23,420,29.16,3.180,0.094
24000,20,0,4142,387.3607,265.09,60.56,42.77,102,26.23,9.843,6.138
24000,20,1,3129,642.8673,361.83,1493.54,20.95,228,26.71,7.493,3.706
24000,20,2,1174,105.5648,29.47,2083.13,1.72,132,24.39,2.172,0.968
24000,30,0,6923,635.8425,431.39,79.26,19.67,268,18.75,5.834,8.407
24000,30,1,2142,397.4438,225.25,951.33,30.43,171,21.64,4.762,4.938
24000,30,2,209,46.4650,21.73,230.03,50.24,19,17.48,1.006,3.983
24000,40,0,6795,435.4951,320.19,56.09,9.10,134,10.47,2.282,11.501
24000,40,1,1166,190.5717,71.70,468.15,36.84,78,14.04,1.787,7.650
24000,40,2,209,54.0820,11.14,245.54,47.87,31,14.08,0.282,5.123
24000,50,0,5177,40.0056,35.26,13.41,-1.63,7,0.33,0.275,16.979
24000,50,1,528,69.3847,40.29,120.67,33.30,27,6.56,0.334,11.629
24000,50,2,11,0.0077,0.00,13.53,28.50,1,10.36,0.000,6.332
24000,60,0,3853,7.6128,9.99,0.41,-8.48,0,-9.90,0.000,25.043
24000,60,1,2,0.4208,0.44,0.27,-5.58,0,0.37,0.000,15.299
24000,70,0,4656,0.1604,2.98,0.06,-11.58,0,-18.75,0.000,33.745
24000,80,0,3564,0.0000,0.73,0.02,-18.69,0,-26.44,0.000,41.436
25000,-60,0,5475,295.5461,350.20,84.57,-4.20,21,-0.56,0.042,16.840
25000,-60,1,2257,188.9597,190.70,560.50,-9.10,19,-2.84,0.003,18.328
25000,-60,2,2,0.0001,0.00,2.51,3.90,0,7.17,0.000,8.354
25000,-50,0,7267,499.4277,420.63,84.25,3.85,93,8.95,1.283,11.393
25000,-50,1,1427,183.3610,119.88,449.89,14.00,56,8.57,0.668,10.587
25000,-50,2,4,0.0000,0.00,6.82,8.23,0,11.73,0.000,4.479
25000,-40,0,6415,755.7929,356.79,54.61,16.75,480,18.97,5.106,7.448
25000,-40,1,1664,282.9703,166.20,593.93,27.33,177,17.68,3.230,6.565
25000,-40,2,2,0.0000,0.00,2.38,-4.43,0,19.48,0.603,1.874
25000,-30,0,4407,1162.0384,448.43,79.85,26.07,607,26.16,9.048,5.443
25000,-30,1,3164,994.0425,362.57,1457.27,36.69,510,26.04,6.823,3.616
25000,-30,2,606,117.8458,35.92,864.10,43.29,101,28.08,3.959,0.530
25000,-20,0,1864,802.1087,595.26,38.74,27.63,96,32.29,12.923,4.122
25000,-20,1,2463,1620.3344,1123.18,1034.54,39.06,420,31.67,10.313,2.513
25000,-20,2,3892,807.0680,383.59,11227.97,47.21,504,31.08,3.649,0.049
25000,-10,0,1850,891.7794,1233.21,23.30,40.99,10,36.94,16.136,3.313
25000,-10,1,2028,1855.3235,2883.44,886.49,39.66,25,36.51,13.302,1.608
25000,-10,2,4346,817.1572,728.39,16119.75,53.74,424,34.04,5.163,0.000
25000,0,0,1929,820.4314,1312.81,30.47,39.63,1,39.27,17.678,2.838
25000,0,1,1646,1121.5313,1487.11,812.18,36.66,1,38.83,14.524,1.062
25000,0,2,4792,764.2442,663.64,15695.79,55.71,394,35.59,6.638,0.000
25000,10,0,3181,850.7504,938.13,52.40,35.02,20,38.64,17.220,2.937
25000,10,1,2567,1043.4980,1015.73,1294.15,32.30,38,37.90,13.921,1.208
25000,10,2,3697,514.4088,332.46,10039.67,64.76,359,33.30,5.356,0.022
25000,20,0,4142,465.0079,441.00,60.41,39.82,57,34.07,14.462,4.133
25000,20,1,3123,887.2569,751.07,1492.49,48.36,114,34.24,11.819,2.029
25000,20,2,1180,98.1010,54.15,2106.47,62.42,78,30.95,5.017,0.224
25000,30,0,6922,803.2976,630.25,79.32,45.33,163,29.21,11.331,5.192
25000,30,1,2130,544.6342,333.08,945.24,38.71,163,31.42,9.896,2.397
25000,30,2,222,71.5571,49.51,245.86,29.13,21,28.55,5.260,0.889
25000,40,0,6792,645.5734,451.59,56.23,42.87,171,23.30,7.683,6.584
25000,40,1,1155,264.1007,189.69,462.53,27.33,75,26.28,6.804,3.425
25000,40,2,223,43.7187,13.55,263.68,24.59,31,25.87,3.611,1.178
25000,50,0,5175,150.4210,94.00,13.45,39.84,54,15.28,3.609,9.094
25000,50,1,530,209.4477,160.80,123.79,22.49,28,20.71,4.373,5.373
25000,50,2,11,0.4625,0.42,13.78,20.17,0,21.05,1.099,1.671
25000,60,0,3853,67.7899,62.46,0.41,30.12,0,6.84,0.682,12.256
25000,60,1,2,2.0926,1.97,0.28,41.35,0,12.89,1.056,7.928
25000,70,0,4656,12.0743,12.45,0.06,16.93,0,-0.42,0.016,16.362
25000,80,0,3564,0.1790,0.61,0.02,11.47,0,-5.38,0.000,20.440
26000,-60,0,5531,35.6333,233.70,86.14,-18.45,7,-11.20,0.000,26.211
26000,-60,1,2201,11.9696,112.46,528.57,-18.71,4,-13.52,0.000,28.525
26000,-60,2,2,0.0002,0.00,2.41,-14.06,0,-1.28,0.000,16.285
26000,-50,0,7283,303.2715,415.61,83.28,-8.69,30,-1.20,0.036,17.455
26000,-50,1,1411,120.8467,127.14,436.97,-17.62,25,-1.77,0.006,17.439
26000,-50,2,4,0.0000,0.00,6.64,-11.11,0,3.85,0.000,11.161
26000,-40,0,6419,400.6171,354.06,54.32,0.26,115,9.92,1.622,11.060
26000,-40,1,1660,210.9144,157.17,589.76,-9.06,95,8.50,0.595,10.590
26000,-40,2,2,0.0000,0.00,2.36,34.07,0,12.65,0.000,4.742
26000,-30,0,4411,495.3369,305.07,79.75,8.86,224,18.62,5.142,7.719
26000,-30,1,3157,484.0401,271.03,1456.20,2.48,291,18.72,3.409,5.795
26000,-30,2,609,53.9053,28.45,871.83,-0.67,43,21.45,1.238,1.674
26000,-20,0,1858,621.2210,541.86,38.16,9.63,75,26.37,9.411,5.525
26000,-20,1,2464,821.1289,295.64,1036.29,20.42,325,26.27,7.192,3.699
26000,-20,2,3897,441.2016,195.79,11267.07,6.86,420,26.11,1.342,0.203
26000,-10,0,1850,962.7826,1398.89,23.20,5.96,34,32.99,13.543,4.009
26000,-10,1,2024,1840.2128,1838.91,886.36,34.91,349,33.52,11.305,2.050
26000,-10,2,4350,799.1542,515.76,16132.95,11.77,674,31.32,3.390,0.005
26000,0,0,1930,846.8437,1460.38,30.29,12.74,6,37.80,16.662,2.989
26000,0,1,1650,1331.5178,1793.21,815.98,42.62,128,38.41,14.165,1.071
26000,0,2,4787,1032.8561,899.66,15666.81,16.69,424,35.36,6.441,0.000
26000,10,0,3191,1011.3009,1343.79,52.80,17.45,26,39.89,18.095,2.628
26000,10,1,2582,1425.5544,1662.49,1310.74,43.28,9,40.17,15.394,0.887
26000,10,2,3672,607.4593,419.18,9993.66,19.06,271,35.47,6.762,0.008
26000,20,0,4153,641.0113,750.25,60.95,16.13,14,37.89,16.964,3.245
26000,20,1,3121,1239.1645,1359.72,1488.22,28.26,26,38.87,14.756,1.248
26000,20,2,1171,130.6781,83.99,2094.78,29.41,46,35.42,7.719,0.051
26000,30,0,6926,964.7036,986.41,79.04,22.48,10,36.03,15.529,3.526
26000,30,1,2123,578.2908,507.27,937.15,27.00,28,38.27,14.183,1.143
26000,30,2,225,110.1074,102.43,250.10,10.00,13,35.99,9.555,0.025
26000,40,0,6790,699.7009,639.70,55.98,19.98,42,32.61,12.957,3.980
26000,40,1,1153,296.5462,146.54,464.64,23.59,22,35.41,12.101,1.377
26000,40,2,227,59.2298,46.04,271.37,14.39,3,34.46,8.185,0.044
26000,50,0,5169,222.3205,177.05,13.06,12.52,26,26.92,9.101,5.029
26000,50,1,536,275.5286,41.34,128.18,15.64,155,31.51,10.010,2.302
26000,50,2,11,1.0349,0.00,14.24,30.03,1,30.08,4.737,0.089
26000,60,0,3853,142.8641,148.34,0.42,10.74,3,21.42,5.132,5.726
26000,60,1,2,2.5541,3.23,0.28,2.92,0,22.78,4.838,4.179
26000,70,0,4656,78.8575,72.17,0.05,17.75,0,19.28,2.193,4.421
26000,80,0,3564,17.4264,15.67,0.02,25.64,0,20.60,0.660,1.590
27000,-60,0,5604,0.2562,142.54,89.05,-12.11,1,-15.60,0.000,30.596
27000,-60,1,2128,0.0235,64.38,495.68,-12.06,0,-18.03,0.000,33.027
27000,-60,2,2,0.0000,0.00,2.30,8.87,0,-5.19,0.000,20.185
27000,-50,0,7313,185.7396,365.01,82.95,0.59,32,-5.43,0.000,20.765
27000,-50,1,1381,74.5139,114.11,418.32,8.80,14,-6.22,0.000,21.343
27000,-50,2,4,0.0000,0.00,6.41,16.85,0,0.05,0.000,14.955
27000,-40,0,6429,445.1292,434.75,54.41,14.36,142,6.15,0.606,12.850
27000,-40,1,1650,234.2545,203.00,582.19,20.28,40,4.41,0.111,12.942
27000,-40,2,2,0.0001,0.00,2.33,1.58,2,8.96,0.000,6.895
27000,-30,0,4416,519.8276,347.86,79.76,25.26,246,15.37,3.635,8.881
27000,-30,1,3139,503.4569,281.71,1446.71,26.93,263,15.31,2.163,7.165
27000,-30,2,622,77.2456,25.73,892.36,34.52,63,18.04,0.469,2.747
27000,-20,0,1856,548.2778,279.16,37.93,48.55,251,24.40,8.177,6.046
27000,-20,1,2453,562.2508,309.62,1030.75,29.17,252,23.53,5.816,4.498
27000,-20,2,3910,610.3123,313.84,11322.73,33.78,519,23.19,0.692,0.401
27000,-10,0,1857,1037.9138,1199.09,23.10,64.87,228,32.20,12.966,4.211
27000,-10,1,2008,1211.1433,788.28,880.83,36.49,223,31.84,10.272,2.391
27000,-10,2,4359,526.0444,256.90,16183.48,39.06,519,29.42,2.403,0.012
27000,0,0,1931,916.6442,1378.62,30.14,71.53,93,38.33,16.940,2.928
27000,0,1,1651,1308.5817,1536.35,816.58,42.56,155,37.89,13.792,1.146
27000,0,2,4785,1055.7354,779.58,15673.58,44.71,422,34.75,6.025,0.000
27000,10,0,3196,1056.0349,1557.42,52.55,73.52,16,41.88,19.391,2.320
27000,10,1,2605,1562.5540,2113.38,1325.33,46.57,19,40.97,15.867,0.777
27000,10,2,3644,695.1458,582.04,9941.80,36.50,254,35.89,7.028,0.005
27000,20,0,4166,778.9782,984.65,61.52,68.65,15,40.87,18.944,2.728
27000,20,1,3132,1515.4689,1839.38,1492.29,47.50,106,40.77,16.031,1.004
27000,20,2,1147,197.6101,140.69,2058.44,21.29,94,36.79,8.635,0.022
27000,30,0,6940,1259.1140,1574.95,79.17,51.25,21,39.55,17.839,2.825
27000,30,1,2112,852.1716,974.24,929.74,53.37,16,41.62,16.446,0.756
27000,30,2,222,159.7414,183.94,247.56,80.84,2,40.66,12.746,0.000
27000,40,0,6797,968.5179,1126.91,56.13,46.78,41,37.29,15.873,2.925
27000,40,1,1146,476.9717,471.37,467.85,62.11,16,40.73,15.516,0.660
27000,40,2,227,143.1663,142.84,274.54,75.32,1,39.73,11.670,0.000
27000,50,0,5168,258.9811,284.46,13.07,43.09,23,32.98,12.523,3.397
27000,50,1,537,200.4079,165.11,132.20,69.07,12,38.48,14.225,1.014
27000,50,2,11,1.5674,0.40,14.78,41.90,4,35.09,7.539,0.000
27000,60,0,3853,124.8491,181.30,0.43,38.49,0,29.42,9.032,3.169
27000,60,1,2,2.6088,3.95,0.28,45.82,0,28.63,7.705,2.517
27000,70,0,4656,90.7202,113.58,0.05,39.10,0,31.09,6.850,0.818
27000,80,0,3564,40.3795,40.59,0.02,38.32,0,33.69,5.069,0.002
28000,-60,0,5668,2.6382,88.13,90.98,-16.75,2,-14.19,0.000,29.194
28000,-60,1,2064,0.6460,37.04,465.37,-20.06,0,-16.72,0.000,31.715
28000,-60,2,2,0.0000,0.00,2.20,-8.47,0,-4.57,0.000,19.567
28000,-50,0,7333,257.6919,401.25,81.95,-10.55,29,-4.12,0.001,19.695
28000,-50,1,1361,103.4292,118.37,402.94,-5.65,33,-4.62,0.000,19.875
28000,-50,2,4,0.0000,0.00,6.21,-4.95,0,0.58,0.000,14.420
28000,-40,0,6432,562.8636,563.57,53.92,-0.46,129,7.35,0.904,12.292
28000,-40,1,1647,365.0899,295.73,576.39,4.37,90,6.00,0.230,11.987
28000,-40,2,2,0.0000,0.00,2.32,-0.60,1,9.31,0.000,6.793
28000,-30,0,4414,585.7782,388.76,79.23,9.58,228,16.46,4.117,8.483
28000,-30,1,3135,619.8879,372.44,1448.84,14.25,290,16.61,2.591,6.627
28000,-30,2,628,72.3369,27.65,908.34,18.34,77,19.19,0.650,2.349
28000,-20,0,1856,254.1894,123.33,37.81,11.15,104,24.90,8.468,5.869
28000,-20,1,2429,547.2417,239.96,1014.49,19.89,277,24.56,6.362,4.235
28000,-20,2,3934,594.4148,239.87,11397.80,25.12,504,24.01,0.818,0.335
28000,-10,0,1860,743.3180,929.96,23.30,19.27,57,32.54,13.114,4.073
28000,-10,1,1998,787.9155,675.35,875.96,24.96,156,32.49,10.719,2.272
28000,-10,2,4366,476.3076,255.90,16234.65,32.75,524,29.98,2.665,0.010
28000,0,0,1942,832.2193,1406.79,29.84,21.14,10,38.05,16.669,2.910
28000,0,1,1648,1172.2857,1666.84,818.97,31.66,34,38.07,13.939,1.115
28000,0,2,4777,924.5203,756.20,15671.36,37.00,449,35.00,6.195,0.000
28000,10,0,3226,983.9805,1690.36,53.00,21.23,5,40.90,18.607,2.383
28000,10,1,2616,1569.1571,2425.57,1342.52,36.30,7,40.63,15.615,0.804
28000,10,2,3603,759.7533,751.99,9876.97,50.07,245,35.93,7.049,0.005
28000,20,0,4179,810.8206,1199.42,59.98,24.25,27,39.84,18.113,2.813
28000,20,1,3137,1635.6555,2341.15,1490.53,46.04,25,40.55,15.859,1.035
28000,20,2,1129,251.2485,217.70,2029.21,59.70,36,36.65,8.525,0.026
28000,30,0,6954,1587.9488,2172.77,79.35,37.12,15,38.76,17.227,2.938
28000,30,1,2098,1152.7437,1442.76,919.48,38.29,7,40.73,15.779,0.833
28000,30,2,222,195.5600,243.85,247.57,11.21,2,39.21,11.600,0.000
28000,40,0,6796,1383.2007,1709.16,55.55,37.33,39,36.22,15.113,3.132
28000,40,1,1143,815.3686,674.66,467.49,22.57,53,38.92,14.185,0.806
28000,40,2,231,207.8322,162.97,281.13,9.76,6,38.13,10.408,0.000
28000,50,0,5162,397.2360,448.12,12.53,32.73,33,31.55,11.599,3.739
28000,50,1,543,457.8682,178.81,136.26,11.96,158,35.96,12.449,1.292
28000,50,2,11,1.7793,0.00,15.29,25.82,3,34.05,6.652,0.000
28000,60,0,3853,100.0777,185.07,0.43,25.51,1,27.21,7.796,3.795
28000,60,1,2,1.3832,3.49,0.28,24.55,0,27.89,7.247,2.688
28000,70,0,4656,45.7415,104.03,0.05,18.83,0,27.28,5.033,1.668
28000,80,0,3564,14.9326,35.45,0.02,20.05,0,29.46,2.891,0.063
29000,-60,0,5710,78.0331,116.34,91.67,1.51,9,-6.80,0.000,22.028
29000,-60,1,2022,27.0335,42.55,442.46,-3.18,6,-9.35,0.000,24.380
29000,-60,2,2,0.0000,0.00,2.14,-0.26,0,0.54,0.000,14.465
29000,-50,0,7342,611.1564,526.19,81.22,14.43,145,3.16,0.323,14.657
29000,-50,1,1352,205.6961,136.17,396.18,-9.06,91,2.05,0.098,14.734
29000,-50,2,4,0.0000,0.00,6.10,5.60,1,5.35,0.000,9.753
29000,-40,0,6433,821.2838,535.49,53.67,23.29,279,13.81,3.040,9.492
29000,-40,1,1646,433.9230,196.14,575.49,-1.73,192,11.86,1.477,9.148
29000,-40,2,2,0.0035,0.00,2.33,35.23,0,14.65,0.046,3.957
29000,-30,0,4399,644.6829,401.68,77.84,25.96,230,21.83,6.828,6.774
29000,-30,1,3130,803.7513,390.39,1445.76,13.62,368,21.42,4.722,5.031
29000,-30,2,648,124.0666,67.57,942.37,9.39,70,23.64,2.026,1.203
29000,-20,0,1856,261.4399,212.73,37.69,32.35,30,28.82,10.902,4.979
29000,-20,1,2401,588.2506,344.79,994.60,23.83,192,28.42,8.556,3.297
29000,-20,2,3962,621.4426,325.18,11478.97,16.45,482,27.81,2.040,0.135
29000,-10,0,1859,667.7161,907.27,23.00,27.79,13,34.33,14.497,3.810
29000,-10,1,1993,745.3318,685.92,870.02,31.25,33,34.78,12.233,1.910
29000,-10,2,4372,529.7278,300.47,16245.44,17.56,498,32.28,4.000,0.002
29000,0,0,1948,823.4595,1395.80,30.05,36.99,4,38.20,16.992,2.983
29000,0,1,1653,1098.5615,1442.22,824.37,36.45,0,38.72,14.443,1.063
29000,0,2,4766,828.2886,764.43,15621.56,20.25,320,35.50,6.552,0.000
29000,10,0,3233,1050.5034,1829.38,52.80,46.31,9,39.32,17.707,2.782
29000,10,1,2649,1677.3598,2670.15,1365.46,36.86,14,39.42,14.865,0.973
29000,10,2,3563,743.8084,702.83,9792.78,5.33,365,34.62,6.115,0.012
29000,20,0,4193,936.0840,1406.17,60.55,33.99,5,36.04,15.789,3.681
29000,20,1,3137,1923.8276,2689.49,1491.46,19.31,48,36.83,13.417,1.532
29000,20,2,1115,249.3146,140.58,2003.60,7.12,92,33.64,6.498,0.090
29000,30,0,6969,1703.2686,2184.91,78.32,18.53,26,32.76,13.488,4.269
29000,30,1,2080,1499.3572,1532.37,913.39,28.29,153,35.39,12.273,1.561
29000,30,2,225,141.3688,0.41,252.95,40.81,53,33.16,7.723,0.167
29000,40,0,6799,1447.5734,1184.12,55.72,9.68,170,28.14,10.328,5.106
29000,40,1,1127,560.9506,138.54,461.80,34.84,188,31.70,9.701,2.030
29000,40,2,244,75.1142,3.92,299.10,41.91,31,31.33,6.187,0.210
29000,50,0,5157,360.3205,361.07,12.11,-0.09,62,21.27,6.234,6.805
29000,50,1,548,88.7583,16.64,140.51,30.88,42,26.97,7.291,3.308
29000,50,2,11,0.0563,0.00,15.69,32.24,2,27.76,3.065,0.121
29000,60,0,3853,97.0776,186.57,0.42,-4.41,0,14.44,2.432,8.453
29000,60,1,2,1.2462,3.08,0.27,-5.80,0,19.07,3.158,5.293
29000,70,0,4656,28.7019,84.96,0.05,-4.37,0,9.78,0.444,9.101
29000,80,0,3564,2.3230,23.02,0.02,-6.60,0,8.83,0.013,7.954
30000,-60,0,5717,544.8891,410.73,91.72,20.87,156,6.00,0.614,12.786
30000,-60,1,2015,329.1428,250.20,440.37,18.70,59,3.54,0.154,13.683
30000,-60,2,2,0.0000,0.00,2.14,28.27,0,10.08,0.000,6.765
30000,-50,0,7336,1047.2702,662.92,80.45,27.50,367,14.95,3.327,8.903
30000,-50,1,1358,399.4118,195.16,400.29,46.50,159,14.13,2.136,8.151
30000,-50,2,4,0.0023,0.00,6.10,31.02,1,14.04,0.003,3.599
30000,-40,0,6429,862.1853,491.33,53.34,37.78,303,23.97,7.743,5.991
30000,-40,1,1649,324.9488,145.20,580.65,55.87,148,22.26,5.385,5.117
30000,-40,2,3,0.0040,0.00,3.39,3.74,0,23.14,2.118,1.258
30000,-30,0,4388,668.0977,384.49,76.99,43.54,222,30.06,11.432,4.543
30000,-30,1,3125,787.6015,331.56,1451.55,56.10,364,29.41,8.772,2.850
30000,-30,2,664,171.4857,61.15,975.77,62.57,117,30.73,5.320,0.254
30000,-20,0,1856,373.9272,353.69,37.31,45.88,19,34.98,14.738,3.617
30000,-20,1,2377,713.6910,533.19,976.82,53.08,124,34.02,11.869,2.113
30000,-20,2,3986,576.1092,230.64,11559.91,59.35,432,32.97,4.839,0.024
30000,-10,0,1865,694.3399,1080.99,23.35,56.82,12,38.13,16.995,3.125
30000,-10,1,1982,925.5304,1116.93,860.84,49.58,6,37.52,13.988,1.453
30000,-10,2,4377,527.6507,425.63,16246.37,59.95,363,34.88,5.774,0.000
30000,0,0,1952,892.6617,1553.64,30.09,50.26,2,39.04,17.556,2.903
30000,0,1,1661,1210.9377,1827.18,830.55,40.73,1,38.54,14.262,1.073
30000,0,2,4754,956.9997,1024.91,15593.18,56.70,307,35.27,6.410,0.000
30000,10,0,3254,1244.9993,1954.83,51.87,38.27,61,36.94,16.076,3.267
30000,10,1,2652,1871.7454,2655.66,1377.34,31.80,64,36.28,12.730,1.379
30000,10,2,3539,654.9376,670.55,9768.53,57.18,298,31.70,4.318,0.037
30000,20,0,4196,1073.2005,1105.79,60.39,36.67,169,30.89,12.452,4.860
30000,20,1,3135,2005.7319,1241.63,1493.76,37.65,475,31.18,9.929,2.602
30000,20,2,1114,156.5296,51.88,2002.08,43.87,107,28.20,3.543,0.423
30000,30,0,6974,1597.6943,739.43,78.33,31.17,600,24.54,8.634,6.444
30000,30,1,2065,1006.4911,216.66,909.52,25.49,538,27.30,7.519,3.306
30000,30,2,235,4.4479,2.36,266.09,22.99,19,24.30,3.111,1.670
30000,40,0,6795,820.7130,322.72,55.22,22.86,310,17.37,4.777,8.534
30000,40,1,1125,154.7925,67.04,462.23,13.97,60,20.96,4.142,4.851
30000,40,2,250,6.1233,2.74,309.15,16.36,20,21.24,1.600,2.132
30000,50,0,5155,220.4844,141.30,11.89,14.46,96,8.18,1.393,12.249
30000,50,1,550,62.0557,53.61,142.24,8.75,12,14.45,1.842,7.489
30000,50,2,11,0.1135,0.10,15.80,6.41,0,17.92,0.224,2.083
30000,60,0,3853,55.0996,109.26,0.41,0.59,1,-1.36,0.058,17.633
30000,60,1,2,0.9773,1.00,0.27,21.14,0,8.54,0.216,9.727
30000,70,0,4656,6.0068,55.36,0.04,-14.34,0,-9.92,0.000,24.973
30000,80,0,3564,0.0028,13.95,0.01,-25.82,0,-17.67,0.000,32.674
31000,-60,0,5690,1142.3945,579.52,90.30,12.03,447,19.85,5.056,6.724
31000,-60,1,2042,858.8037,291.07,453.73,11.71,363,17.68,3.253,6.592
31000,-60,2,2,0.0001,0.00,2.18,-0.78,0,20.20,1.146,2.190
31000,-50,0,7328,1078.2854,698.26,80.03,17.09,313,26.61,8.990,5.042
31000,-50,1,1366,347.5403,122.52,407.26,7.17,168,25.66,7.063,4.041
31000,-50,2,4,0.0113,0.00,6.16,0.38,2,23.15,1.075,0.574
31000,-40,0,6430,781.9903,670.33,53.07,20.48,111,33.03,13.097,3.671
31000,-40,1,1647,299.5883,149.93,581.71,13.54,121,31.35,10.237,2.626
31000,-40,2,4,0.2190,0.00,4.47,48.30,1,31.68,6.293,0.096
31000,-30,0,4384,761.6159,753.92,76.34,26.04,43,36.67,15.642,3.071
31000,-30,1,3122,688.6098,499.94,1448.70,19.64,74,35.77,12.594,1.549
31000,-30,2,671,113.9204,74.21,986.07,16.80,23,36.65,9.018,0.016
31000,-20,0,1855,463.8820,568.34,36.79,19.64,1,38.16,16.837,2.905
31000,-20,1,2381,927.2452,985.82,978.51,32.04,9,37.98,14.398,1.436
31000,-20,2,3983,489.8250,363.97,11527.60,20.46,215,37.10,7.846,0.001
31000,-10,0,1866,757.4427,1252.30,23.17,11.83,6,37.97,16.805,3.019
31000,-10,1,1982,1293.9413,1684.26,857.65,37.78,0,38.37,14.535,1.310
31000,-10,2,4376,644.1334,648.88,16182.05,20.00,301,36.16,6.765,0.000
31000,0,0,1956,991.1786,1661.91,30.23,10.36,22,35.87,15.357,3.383
31000,0,1,1670,1439.8726,2108.09,841.40,38.61,46,36.46,12.821,1.322
31000,0,2,4741,1113.9453,1240.52,15562.29,16.93,334,33.39,5.114,0.002
31000,10,0,3252,1266.6397,1325.96,51.40,5.88,134,30.82,12.173,4.505
31000,10,1,2640,1837.0052,1383.89,1365.02,31.81,364,31.30,9.607,2.242
31000,10,2,3553,614.2952,336.51,9790.13,16.09,317,27.23,2.282,0.158
31000,20,0,4201,600.3062,192.78,60.58,-0.81,210,22.26,7.576,7.173
31000,20,1,3114,787.9532,207.58,1483.80,16.17,322,23.54,5.712,4.454
31000,20,2,1130,82.9319,44.91,2020.24,17.98,75,21.53,1.260,1.501
31000,30,0,6975,496.3286,329.53,77.87,1.06,184,14.08,3.624,9.979
31000,30,1,2061,293.2458,175.35,910.22,4.78,111,17.39,2.909,6.314
31000,30,2,238,6.3356,1.47,269.22,-15.98,11,12.91,0.212,5.805
31000,40,0,6797,317.1485,344.53,54.79,-6.08,63,5.00,0.802,14.055
31000,40,1,1125,141.1384,109.26,462.00,-8.27,24,8.58,0.582,10.202
31000,40,2,248,8.6043,5.38,306.05,-17.19,5,9.06,0.005,7.639
31000,50,0,5159,50.6057,108.75,12.04,-16.92,6,-5.79,0.019,21.482
31000,50,1,546,58.7630,69.75,139.09,-18.03,3,0.45,0.007,15.529
31000,50,2,11,0.4675,0.30,15.59,-3.70,0,7.33,0.000,8.083
31000,60,0,3853,3.4113,67.74,0.39,-25.54,0,-16.43,0.000,31.438
31000,60,1,2,0.1516,0.71,0.26,-12.87,0,-2.93,0.000,17.995
31000,70,0,4656,0.0000,33.54,0.04,-30.18,0,-24.91,0.000,39.915
31000,80,0,3564,0.0000,8.45,0.01,-30.76,0,-29.96,0.000,44.956
32000,-60,0,5663,1284.1544,766.26,89.49,50.39,228,32.16,11.535,3.151
32000,-60,1,2069,875.5774,433.31,473.97,50.73,224,30.39,9.306,2.640
32000,-60,2,2,0.0791,0.07,2.27,60.56,0,29.25,4.668,0.219
32000,-50,0,7326,1120.0648,1061.45,79.94,56.67,70,36.84,15.131,2.631
32000,-50,1,1368,282.6954,182.99,413.73,54.10,43,35.04,12.409,1.825
32000,-50,2,4,0.0680,0.04,6.34,64.57,0,31.05,4.366,0.002
32000,-40,0,6435,1009.2347,1149.40,52.91,58.54,22,40.68,18.118,2.188
32000,-40,1,1644,350.6782,331.69,580.70,52.32,8,38.23,14.573,1.336
32000,-40,2,2,0.4060,0.18,2.47,33.95,0,36.62,8.978,0.000
32000,-30,0,4393,1171.2164,1303.49,76.46,54.60,63,41.77,19.117,2.161
32000,-30,1,3121,1032.6493,1005.57,1444.55,49.57,64,40.17,15.541,0.920
32000,-30,2,663,149.5508,111.70,970.32,50.90,55,40.33,11.722,0.000
32000,-20,0,1859,630.2250,847.44,36.76,67.95,5,41.05,18.792,2.423
32000,-20,1,2377,1261.9067,1573.56,969.38,40.39,10,40.18,15.933,1.142
32000,-20,2,3983,738.5617,659.46,11475.99,43.44,235,39.14,9.564,0.000
32000,-10,0,1873,898.7591,1394.43,23.61,66.01,13,38.11,16.905,3.031
32000,-10,1,1980,1555.0354,1984.96,858.97,36.19,17,38.03,14.322,1.358
32000,-10,2,4371,760.2852,760.45,16148.37,36.29,359,35.78,6.483,0.000
32000,0,0,1956,1046.4252,1239.25,30.17,61.51,45,33.80,13.981,3.836
32000,0,1,1665,1424.1244,1141.66,838.71,33.41,138,33.79,11.107,1.746
32000,0,2,4746,973.6950,399.39,15595.83,30.56,496,30.59,3.489,0.015
32000,10,0,3248,908.6313,606.72,50.94,53.05,212,26.67,9.588,5.541
32000,10,1,2623,900.5780,315.56,1352.85,29.15,382,26.43,6.852,3.340
32000,10,2,3574,472.2058,204.90,9821.30,9.19,391,22.29,1.161,0.669
32000,20,0,4205,292.2110,250.89,60.58,32.79,82,15.92,4.479,9.371
32000,20,1,3109,523.8626,401.20,1486.10,14.45,156,16.46,2.733,6.900
32000,20,2,1131,99.3330,43.16,2018.12,-7.86,95,14.85,0.375,3.846
32000,30,0,6982,423.2514,439.21,77.43,6.34,58,5.66,0.987,13.896
32000,30,1,2063,389.2468,325.94,915.54,14.49,71,9.19,0.599,9.937
32000,30,2,229,3.8070,1.76,257.65,27.03,4,4.36,0.006,11.221
32000,40,0,6808,202.0116,290.25,54.40,-6.29,30,-4.57,0.020,20.425
32000,40,1,1123,106.0485,101.26,459.24,8.97,18,-0.51,0.008,16.234
32000,40,2,239,10.8129,9.97,291.47,18.24,0,0.15,0.000,14.872
32000,50,0,5170,6.9368,61.25,12.58,-18.69,7,-15.85,0.000,30.852
32000,50,1,535,7.8847,44.84,131.92,0.75,5,-8.92,0.000,23.925
32000,50,2,11,0.2838,0.31,15.06,1.68,0,-0.72,0.000,15.722
32000,60,0,3853,0.0001,40.21,0.37,-28.85,0,-26.00,0.000,41.002
32000,60,1,2,0.0005,0.43,0.24,-13.53,0,-10.76,0.000,25.756
32000,70,0,4656,0.0000,20.32,0.04,-31.64,0,-30.89,0.000,45.894
32000,80,0,3564,0.0000,5.12,0.01,-30.78,0,-30.77,0.000,45.772
33000,-60,0,5629,1461.7292,1187.81,87.39,31.25,138,37.84,15.021,1.902
33000,-60,1,2103,1046.7917,333.90,494.18,24.65,331,36.27,12.780,1.350
33000,-60,2,2,2.2962,0.45,2.36,26.06,1,34.05,7.210,0.000
33000,-50,0,7330,1478.3492,1713.43,78.53,29.38,25,41.05,17.868,1.795
33000,-50,1,1364,475.4637,419.34,416.43,44.56,28,40.27,15.788,0.968
33000,-50,2,4,1.0862,0.67,6.52,25.57,1,35.24,6.849,0.000
33000,-40,0,6439,1207.4544,1555.44,51.69,34.69,11,43.70,20.139,1.644
33000,-40,1,1640,659.6536,730.52,573.88,47.55,9,42.17,17.258,0.814
33000,-40,2,2,0.8089,0.44,2.47,11.34,0,38.97,10.547,0.000
33000,-30,0,4414,1322.1745,1785.91,77.25,38.12,10,43.78,20.445,1.802
33000,-30,1,3117,1270.7639,1567.71,1438.34,46.97,8,42.50,17.123,0.668
33000,-30,2,646,135.2384,149.41,937.07,50.11,8,42.32,13.341,0.000
33000,-20,0,1871,711.8710,1077.04,37.44,27.55,4,41.68,19.129,2.253
33000,-20,1,2385,1464.6993,2081.10,977.40,41.01,4,41.21,16.601,1.011
33000,-20,2,3963,801.7802,848.58,11400.32,49.59,109,39.92,10.263,0.000
33000,-10,0,1875,916.4971,1491.97,23.56,29.72,7,37.91,16.656,3.018
33000,-10,1,1983,1641.0156,2323.23,861.66,31.48,16,37.71,14.091,1.387
33000,-10,2,4366,775.5104,943.79,16168.79,46.69,318,35.36,6.175,0.000
33000,0,0,1958,861.1804,1112.59,30.32,21.44,105,32.26,12.882,4.094
33000,0,1,1652,941.9809,751.62,832.10,23.98,194,32.19,10.120,2.027
33000,0,2,4757,554.6409,408.91,15676.07,38.67,480,29.00,2.703,0.032
33000,10,0,3245,614.6396,546.48,50.63,12.18,188,23.84,7.908,6.216
33000,10,1,2590,432.0356,212.20,1327.23,17.23,239,23.74,5.509,4.083
33000,10,2,3610,406.2912,158.69,9889.42,38.46,399,19.86,0.849,1.222
33000,20,0,4213,349.6756,239.36,60.85,7.01,156,12.60,2.988,10.536
33000,20,1,3096,588.9195,278.35,1481.32,19.33,288,13.38,1.657,8.122
33000,20,2,1136,86.9430,43.94,2023.02,33.70,59,11.79,0.168,5.427
33000,30,0,6995,463.0070,439.63,77.31,5.28,90,2.05,0.322,15.780
33000,30,1,2060,343.9746,196.92,914.72,6.77,86,5.38,0.123,12.059
33000,30,2,219,5.2645,3.16,242.62,-9.15,4,-0.00,0.001,15.071
33000,40,0,6826,107.8251,190.95,54.22,-4.73,45,-8.48,0.000,23.702
33000,40,1,1118,51.2287,81.85,453.87,-8.67,4,-4.92,0.000,20.089
33000,40,2,226,11.5033,14.81,269.61,-12.58,2,-4.22,0.000,19.221
33000,50,0,5178,0.2336,35.05,12.75,-16.70,2,-19.79,0.000,34.786
33000,50,1,527,0.1148,26.51,124.75,-17.55,1,-13.34,0.000,28.342
33000,50,2,11,0.0584,0.24,14.39,-5.54,0,-4.67,0.000,19.666
33000,60,0,3853,0.0000,24.12,0.35,-28.44,0,-29.45,0.000,44.455
33000,60,1,2,0.0000,0.26,0.23,-13.28,0,-13.92,0.000,28.919
33000,70,0,4656,0.0000,12.31,0.04,-31.77,0,-31.77,0.000,46.767
33000,80,0,3564,0.0000,3.10,0.01,-30.80,0,-30.79,0.000,45.791
34000,-60,0,5593,2183.3086,1986.91,85.29,28.09,232,34.85,13.119,2.467
34000,-60,1,2139,1022.4873,512.31,516.33,26.40,311,33.38,10.949,1.841
34000,-60,2,2,2.0926,0.59,2.45,11.57,1,32.27,6.002,0.000
34000,-50,0,7340,2289.7331,2588.93,79.24,37.21,72,38.74,16.319,2.180
34000,-50,1,1354,708.0752,472.63,418.97,4.62,35,37.24,13.726,1.323
34000,-50,2,4,1.9379,1.05,6.69,14.29,0,33.88,5.799,0.000
34000,-40,0,6444,1478.2958,2103.02,51.34,38.83,16,41.88,18.875,1.906
34000,-40,1,1635,976.0925,1165.89,568.36,9.46,10,39.81,15.590,1.041
34000,-40,2,2,0.9056,0.73,2.49,73.99,0,38.89,10.509,0.000
34000,-30,0,4434,1442.5817,2115.45,77.73,36.58,6,42.48,19.548,1.973
34000,-30,1,3118,1521.5251,1986.58,1435.68,21.65,27,41.03,16.062,0.779
34000,-30,2,625,165.4604,179.20,899.38,13.86,10,41.30,12.490,0.000
34000,-20,0,1882,764.0890,1109.65,37.89,31.91,7,40.80,18.631,2.412
34000,-20,1,2393,1537.3582,2102.49,983.00,33.39,85,40.58,16.118,1.060
34000,-20,2,3944,865.7770,446.18,11312.92,19.18,255,39.61,9.988,0.000
34000,-10,0,1880,781.9355,839.19,23.78,16.82,18,37.15,16.298,3.170
34000,-10,1,1983,1481.6652,1098.49,863.93,38.45,158,37.77,14.092,1.374
34000,-10,2,4361,730.7715,264.08,16171.98,16.00,451,35.51,6.280,0.000
34000,0,0,1958,522.9597,353.17,30.08,18.89,38,32.22,13.038,4.170
34000,0,1,1635,568.3887,221.03,820.33,35.75,125,32.86,10.563,1.927
34000,0,2,4774,503.4496,182.95,15739.70,13.42,559,29.55,2.950,0.024
34000,10,0,3247,470.9721,216.78,50.90,19.54,230,24.51,8.472,6.179
34000,10,1,2555,469.9905,184.94,1306.14,25.52,273,24.86,6.137,3.826
34000,10,2,3643,317.9974,121.84,9942.15,1.44,378,20.78,0.984,1.008
34000,20,0,4218,271.7033,188.42,60.89,6.48,96,13.55,3.557,10.344
34000,20,1,3081,507.6983,252.01,1473.10,3.80,291,14.51,2.110,7.734
34000,20,2,1146,123.8527,73.73,2034.20,1.73,147,13.02,0.249,4.768
34000,30,0,7011,474.4849,367.89,77.71,-3.87,174,3.40,0.571,15.142
34000,30,1,2059,278.4072,166.17,920.71,1.45,116,6.76,0.286,11.327
34000,30,2,204,10.8952,6.84,223.77,-1.20,3,1.26,0.002,13.917
34000,40,0,6847,127.5407,158.65,54.63,-13.65,48,-6.93,0.001,22.376
34000,40,1,1113,86.7900,103.21,453.99,-2.67,14,-3.35,0.000,18.702
34000,40,2,210,22.2707,26.04,246.79,-1.39,1,-2.70,0.000,17.703
34000,50,0,5187,0.7731,18.95,13.04,-23.35,4,-18.21,0.000,33.211
34000,50,1,518,0.9938,16.08,117.98,-11.84,2,-11.81,0.000,26.806
34000,50,2,11,0.0979,0.00,13.81,0.16,1,-3.68,0.000,18.685
34000,60,0,3853,0.0000,14.57,0.34,-29.01,0,-28.07,0.000,43.067
34000,60,1,2,0.0000,0.16,0.22,-17.92,0,-13.22,0.000,28.224
34000,70,0,4656,0.0000,7.46,0.04,-31.16,0,-31.52,0.000,46.519
34000,80,0,3564,0.0000,1.88,0.01,-30.82,0,-30.81,0.000,45.808
35000,-60,0,5566,2349.4785,1690.56,84.03,30.04,841,25.67,7.782,4.788
35000,-60,1,2166,977.0003,347.41,537.68,30.02,426,23.87,5.683,4.261
35000,-60,2,2,0.1883,0.00,2.53,46.21,0,26.30,2.732,0.381
35000,-50,0,7336,2687.0655,2355.20,79.09,36.79,606,31.62,11.755,3.707
35000,-50,1,1358,696.3297,158.88,427.40,57.87,277,30.62,9.630,2.713
35000,-50,2,4,1.6730,0.32,6.86,49.31,2,28.76,2.761,0.007
35000,-40,0,6445,1877.6684,2184.62,50.94,45.73,151,36.99,15.554,2.839
35000,-40,1,1634,1090.5449,212.99,570.24,63.90,270,35.17,12.587,1.897
35000,-40,2,2,0.3705,0.01,2.47,9.95,0,34.16,7.164,0.000
35000,-30,0,4444,1679.2267,2225.96,77.42,50.33,60,39.46,17.477,2.552
35000,-30,1,3118,1720.2486,1159.57,1431.59,60.01,219,38.33,14.286,1.180
35000,-30,2,615,235.4219,141.28,879.11,67.71,52,38.91,10.739,0.002
35000,-20,0,1885,774.8402,920.69,37.66,58.59,1,40.34,18.300,2.568
35000,-20,1,2412,1440.4541,1264.19,994.96,53.92,99,39.36,15.308,1.235
35000,-20,2,3922,715.4733,535.60,11264.94,60.07,190,38.33,8.859,0.000
35000,-10,0,1891,674.2729,788.91,24.58,68.66,10,39.09,17.600,2.907
35000,-10,1,1977,916.9336,673.30,861.86,50.03,149,38.51,14.605,1.283
35000,-10,2,4356,328.5123,196.19,16195.82,57.95,325,36.04,6.679,0.000
35000,0,0,1959,422.5669,424.34,30.04,61.04,5,35.96,15.440,3.463
35000,0,1,1619,313.6024,182.12,807.15,42.68,56,35.39,12.177,1.506
35000,0,2,4789,331.0972,121.21,15824.75,53.09,416,31.98,4.282,0.006
35000,10,0,3246,349.6055,217.36,50.92,46.59,100,29.85,11.547,4.813
35000,10,1,2527,399.2784,199.44,1289.83,34.73,199,29.10,8.418,2.771
35000,10,2,3672,298.5965,122.83,10036.33,45.95,306,24.71,1.722,0.358
35000,20,0,4220,321.8351,239.44,60.94,39.93,117,20.14,6.482,7.949
35000,20,1,3062,480.2969,216.22,1467.94,33.81,241,20.25,4.310,5.599
35000,20,2,1163,122.4348,61.44,2067.17,28.12,86,18.09,0.761,2.602
35000,30,0,7013,551.5653,372.52,77.40,26.83,207,10.60,2.391,11.558
35000,30,1,2058,358.9210,218.66,924.95,23.79,119,13.59,1.670,7.933
35000,30,2,203,22.8134,13.17,222.47,26.63,17,8.81,0.028,8.246
35000,40,0,6848,270.3924,229.23,53.96,16.66,100,0.87,0.281,16.590
35000,40,1,1117,219.9058,130.94,454.90,14.02,97,4.45,0.165,12.692
35000,40,2,205,46.0513,13.40,240.14,18.81,22,4.95,0.000,10.711
35000,50,0,5189,9.3068,17.55,12.88,6.29,4,-10.24,0.000,25.439
35000,50,1,516,25.0558,29.21,114.32,8.22,3,-3.70,0.000,18.975
35000,50,2,11,0.1885,0.17,13.53,2.52,0,2.18,0.000,12.847
35000,60,0,3853,0.2246,9.02,0.32,-7.88,0,-20.90,0.000,35.901
35000,60,1,2,0.0314,0.13,0.21,13.37,0,-7.59,0.000,22.588
35000,70,0,4656,0.0000,4.52,0.03,-21.37,0,-28.31,0.000,43.312
35000,80,0,3564,0.0000,1.14,0.01,-29.90,0,-30.74,0.000,45.743
36000,-60,0,5558,834.5457,358.91,83.23,-7.34,311,11.28,1.751,10.061
36000,-60,1,2174,435.9189,256.20,542.66,-8.89,116,9.13,0.701,10.227
36000,-60,2,2,0.0000,0.00,2.54,-3.94,0,16.03,0.103,3.021
36000,-50,0,7329,1401.2482,599.00,78.31,-1.53,723,19.34,5.213,7.223
36000,-50,1,1364,211.9564,112.01,431.39,-0.21,78,18.81,3.643,6.030
36000,-50,2,5,0.1822,0.00,7.90,-2.06,0,19.45,0.268,1.357
36000,-40,0,6445,1697.9829,1273.93,50.72,6.06,551,27.41,9.654,4.975
36000,-40,1,1634,246.6915,108.06,573.90,7.76,120,26.09,7.185,3.842
36000,-40,2,2,0.0977,0.01,2.43,30.81,0,26.74,3.177,0.342
36000,-30,0,4451,1760.1446,1672.89,77.27,16.06,382,32.63,12.982,3.872
36000,-30,1,3115,1157.9032,1072.53,1429.79,14.65,243,32.24,10.346,2.163
36000,-30,2,611,140.7972,88.03,869.95,15.50,61,33.83,7.195,0.087
36000,-20,0,1888,913.8140,1251.27,37.65,15.46,26,35.95,15.293,3.294
36000,-20,1,2427,1379.0703,1366.18,1007.95,24.94,156,35.87,12.973,1.745
36000,-20,2,3904,878.2668,637.07,11244.01,20.49,483,35.30,6.437,0.006
36000,-10,0,1897,651.8880,958.90,24.77,15.24,8,37.73,16.604,3.050
36000,-10,1,1978,790.0846,850.27,864.62,32.50,2,38.03,14.308,1.360
36000,-10,2,4349,370.8979,285.28,16177.37,24.36,336,35.78,6.468,0.000
36000,0,0,1960,470.5808,568.74,29.79,15.34,18,37.41,16.372,3.086
36000,0,1,1617,422.8778,371.56,805.24,38.35,6,37.73,13.744,1.176
36000,0,2,4790,292.9985,179.16,15832.53,25.25,327,34.58,5.916,0.000
36000,10,0,3248,383.2622,309.37,51.02,13.22,22,34.10,14.241,3.784
36000,10,1,2498,473.3321,323.10,1270.81,38.00,78,34.14,11.450,1.774
36000,10,2,3699,302.0463,147.98,10114.54,31.93,307,29.91,3.490,0.074
36000,20,0,4226,339.6690,235.37,61.50,10.87,64,27.14,10.292,5.795
36000,20,1,3038,454.3001,242.48,1462.53,32.56,180,28.01,8.105,3.323
36000,20,2,1181,160.7339,64.63,2109.32,37.30,131,25.50,2.495,0.777
36000,30,0,7010,594.9348,278.07,77.33,18.83,282,20.36,6.524,7.772
36000,30,1,2055,422.5289,170.23,927.99,21.86,213,23.01,5.365,4.471
36000,30,2,209,27.3202,8.74,230.16,-4.43,14,18.70,1.354,3.511
36000,40,0,6845,466.1278,260.79,53.82,14.88,204,12.41,2.862,10.557
36000,40,1,1114,192.2296,76.28,452.85,5.62,88,15.31,2.203,7.126
36000,40,2,211,24.0833,15.46,247.83,-5.75,16,15.34,0.463,4.569
36000,50,0,5189,70.3740,62.36,12.89,4.65,18,2.49,0.462,15.524
36000,50,1,516,107.6987,89.51,114.54,-5.49,6,7.96,0.560,10.949
36000,50,2,11,2.2028,1.85,13.54,11.48,0,11.56,0.007,5.652
36000,60,0,3853,11.5263,15.53,0.31,-4.96,0,-7.75,0.001,23.041
36000,60,1,2,0.5195,0.52,0.21,-0.39,0,2.16,0.000,13.971
36000,70,0,4656,0.2906,3.01,0.03,-13.47,0,-16.79,0.000,31.792
36000,80,0,3564,0.0000,0.69,0.01,-19.53,0,-24.85,0.000,39.853
37000,-60,0,5593,227.6296,267.31,84.45,-3.95,26,-2.22,0.015,18.145
37000,-60,1,2139,156.7001,190.79,523.49,-7.40,12,-4.56,0.000,19.841
37000,-60,2,2,0.0001,0.00,2.50,9.80,2,5.74,0.000,9.536
37000,-50,0,7336,530.8614,465.45,77.97,9.33,106,7.48,0.988,12.204
37000,-50,1,1358,169.8608,111.13,428.86,-0.77,42,6.41,0.423,11.889
37000,-50,2,4,0.0000,0.00,6.82,17.39,1,10.43,0.000,5.377
37000,-40,0,6445,784.3629,382.25,50.47,20.82,388,17.60,4.572,8.018
37000,-40,1,1634,203.7740,123.79,575.57,6.63,69,15.71,2.666,7.413
37000,-40,2,2,0.0122,0.00,2.38,17.57,0,18.98,0.475,2.054
37000,-30,0,4449,1042.9990,417.47,76.65,26.29,431,24.92,8.441,5.850
37000,-30,1,3119,934.8480,298.11,1435.05,18.28,441,24.55,6.175,4.043
37000,-30,2,609,119.6880,41.73,871.06,19.22,78,26.83,3.369,0.663
37000,-20,0,1887,743.5721,585.72,37.48,44.24,62,31.18,12.304,4.408
37000,-20,1,2429,1383.2248,630.69,1011.91,22.05,354,30.69,9.833,2.750
37000,-20,2,3903,735.2412,240.85,11281.25,22.25,428,30.36,3.245,0.063
37000,-10,0,1902,712.0026,753.77,25.14,48.68,12,35.68,15.348,3.544
37000,-10,1,1979,1144.1784,985.95,870.41,28.45,128,35.98,12.991,1.690
37000,-10,2,4343,505.2478,344.78,16171.19,24.49,367,33.67,4.897,0.000
37000,0,0,1964,620.1845,797.84,29.74,58.72,5,38.58,17.247,2.946
37000,0,1,1613,775.7122,814.01,803.04,36.20,4,38.78,14.476,1.063
37000,0,2,4790,549.2968,463.61,15809.11,29.01,309,35.56,6.603,0.000
37000,10,0,3251,666.5753,701.84,50.62,67.41,1,38.66,17.264,2.933
37000,10,1,2500,829.6332,817.91,1275.46,42.00,16,38.28,14.136,1.147
37000,10,2,3694,346.4871,251.54,10112.19,12.55,202,33.56,5.512,0.020
37000,20,0,4228,386.6199,329.19,61.44,54.87,40,34.24,14.642,4.114
37000,20,1,3034,568.6443,417.39,1458.47,29.92,89,34.53,11.989,1.952
37000,20,2,1183,111.1690,39.86,2120.39,5.13,86,31.51,5.336,0.193
37000,30,0,7008,563.6396,421.30,77.19,32.07,104,29.69,11.691,5.095
37000,30,1,2042,334.9701,198.11,919.45,43.29,75,32.19,10.302,2.169
37000,30,2,224,38.0722,24.37,248.45,68.38,11,29.38,5.686,0.703
37000,40,0,6841,544.4446,315.09,53.85,23.74,172,24.04,8.159,6.378
37000,40,1,1104,242.9001,115.40,448.26,54.91,95,27.45,7.403,3.075
37000,40,2,225,48.9908,26.97,266.73,66.79,20,26.93,4.092,0.919
37000,50,0,5186,249.4869,143.37,12.84,15.10,54,16.21,4.090,8.779
37000,50,1,519,265.7195,78.35,118.06,54.96,96,22.04,5.005,4.937
37000,50,2,11,3.7974,0.55,13.84,41.56,2,22.33,1.472,1.299
37000,60,0,3853,76.8265,72.39,0.32,10.43,0,8.24,0.944,11.559
37000,60,1,2,1.7130,1.70,0.21,11.28,0,13.41,1.383,7.879
37000,70,0,4656,17.4513,17.14,0.03,12.29,0,1.72,0.045,14.644
37000,80,0,3564,0.3866,0.78,0.01,13.30,0,-2.14,0.000,17.316
38000,-60,0,5654,19.5836,166.42,86.41,-14.56,2,-11.84,0.000,26.845
38000,-60,1,2078,7.0408,109.39,492.60,-18.36,3,-14.28,0.000,29.279
38000,-60,2,2,0.0000,0.00,2.40,-4.80,0,-1.77,0.000,16.773
38000,-50,0,7345,277.5679,418.69,76.43,-5.93,31,-1.72,0.018,17.778
38000,-50,1,1349,89.5703,87.34,416.98,0.50,11,-2.13,0.003,17.702
38000,-50,2,4,0.0000,0.00,6.63,-0.22,0,3.36,0.000,11.645
38000,-40,0,6450,426.4408,391.45,50.39,7.02,128,9.59,1.431,11.138
38000,-40,1,1629,246.5396,195.86,572.29,14.30,41,8.34,0.519,10.661
38000,-40,2,2,0.1794,0.16,2.35,-7.68,0,11.77,0.000,5.174
38000,-30,0,4447,510.2348,326.34,76.04,17.47,243,18.41,4.975,7.758
38000,-30,1,3112,468.0745,252.12,1431.62,26.20,245,18.58,3.297,5.876
38000,-30,2,618,78.6459,32.64,887.27,32.50,51,21.17,1.142,1.793
38000,-20,0,1884,627.9112,380.13,37.18,19.31,191,26.62,9.442,5.443
38000,-20,1,2429,703.4917,349.21,1016.66,30.67,297,26.12,7.128,3.789
38000,-20,2,3906,450.4350,210.91,11343.42,39.13,395,25.64,1.203,0.226
38000,-10,0,1901,907.4101,979.95,25.02,33.32,91,33.79,13.979,3.889
38000,-10,1,1977,1228.1361,842.61,871.43,33.02,187,33.50,11.313,2.083
38000,-10,2,4346,525.1810,360.20,16220.41,47.96,397,31.00,3.220,0.005
38000,0,0,1964,788.8182,1088.57,29.40,34.78,6,38.79,17.270,2.871
38000,0,1,1618,1108.8098,1114.25,806.50,32.71,5,38.44,14.201,1.075
38000,0,2,4785,827.4304,720.10,15811.84,52.51,254,35.31,6.411,0.000
38000,10,0,3263,878.7139,1106.79,51.20,32.83,10,41.03,18.778,2.455
38000,10,1,2510,1291.8653,1474.27,1288.09,32.88,17,40.30,15.447,0.862
38000,10,2,3672,457.6321,395.89,10091.53,65.19,214,35.55,6.808,0.007
38000,20,0,4231,546.8509,603.15,61.29,40.11,35,39.26,17.802,3.015
38000,20,1,3042,850.6577,877.98,1457.59,52.11,32,39.47,15.166,1.181
38000,20,2,1172,88.1602,60.13,2109.55,67.92,24,35.62,7.824,0.043
38000,30,0,7021,894.6668,885.98,77.85,50.25,37,37.25,16.294,3.297
38000,30,1,2028,380.3701,346.60,912.13,43.92,11,39.10,14.684,1.035
38000,30,2,225,48.6733,23.74,250.57,30.78,5,37.40,10.489,0.012
38000,40,0,6838,640.6014,621.04,53.48,50.95,34,34.01,13.784,3.679
38000,40,1,1105,311.9765,165.13,452.02,32.44,85,36.72,12.825,1.187
38000,40,2,227,56.7747,26.02,272.30,27.37,30,35.89,9.067,0.019
38000,50,0,5182,342.5430,289.56,12.66,50.66,35,28.64,9.993,4.563
38000,50,1,523,176.0147,85.08,122.15,28.35,53,33.41,11.056,1.950
38000,50,2,11,4.6501,1.47,14.31,27.57,2,31.00,5.198,0.052
38000,60,0,3853,146.5485,157.23,0.32,43.95,0,23.38,5.948,5.041
38000,60,1,2,1.7634,2.38,0.21,50.36,0,24.65,5.838,3.868
38000,70,0,4656,87.5124,81.58,0.03,35.24,0,21.72,2.903,3.450
38000,80,0,3564,22.9838,20.33,0.01,33.20,0,23.19,1.103,0.854
39000,-60,0,5702,0.1125,102.20,86.88,-18.25,6,-15.97,0.000,30.967
39000,-60,1,2030,0.0104,63.56,463.91,-19.41,1,-18.38,0.000,33.382
39000,-60,2,2,0.0000,0.00,2.29,-15.31,0,-5.52,0.000,20.516
39000,-50,0,7369,159.0032,331.71,75.76,-7.97,30,-5.92,0.000,21.215
39000,-50,1,1325,47.3211,80.14,399.21,-19.43,6,-6.61,0.000,21.718
39000,-50,2,4,0.0000,0.00,6.40,-12.39,0,-0.26,0.000,15.264
39000,-40,0,6462,444.8654,419.69,50.74,1.32,125,5.58,0.552,13.202
39000,-40,1,1617,273.1365,216.28,563.81,-10.91,69,4.09,0.099,13.169
39000,-40,2,2,0.0634,0.00,2.34,32.88,0,8.80,0.000,7.017
39000,-30,0,4448,508.6730,347.62,75.61,9.01,204,14.88,3.479,9.080
39000,-30,1,3102,489.2830,256.36,1424.60,1.77,240,14.98,2.063,7.263
39000,-30,2,627,78.7522,37.89,901.97,-2.06,68,17.89,0.430,2.737
39000,-20,0,1884,376.3856,180.49,37.15,10.51,129,23.52,7.828,6.332
39000,-20,1,2414,556.8439,306.71,1008.35,20.00,251,23.37,5.726,4.517
39000,-20,2,3921,445.5223,192.94,11381.23,5.87,451,23.11,0.639,0.407
39000,-10,0,1903,702.1947,658.33,25.16,6.40,45,31.18,12.406,4.406
39000,-10,1,1963,959.9048,587.41,863.94,34.94,176,31.77,10.199,2.361
39000,-10,2,4358,498.3318,268.64,16248.64,10.74,406,29.42,2.364,0.013
39000,0,0,1969,762.0788,1008.17,29.66,14.26,2,37.20,16.234,3.089
39000,0,1,1612,979.8139,994.66,804.04,42.92,30,37.88,13.768,1.112
39000,0,2,4786,961.5749,909.18,15797.80,16.00,275,34.77,6.014,0.000
39000,10,0,3275,942.5690,1314.88,51.65,22.17,18,40.70,18.614,2.463
39000,10,1,2528,1371.4928,1672.52,1303.59,42.49,28,40.91,15.828,0.778
39000,10,2,3642,466.8490,401.27,10023.36,15.79,159,36.09,7.173,0.005
39000,20,0,4238,692.3806,869.85,61.22,19.42,5,39.97,18.317,2.816
39000,20,1,3058,1122.6955,1332.49,1459.86,26.37,23,40.93,16.121,0.965
39000,20,2,1149,123.7672,96.25,2072.80,26.32,25,37.18,8.888,0.020
39000,30,0,7033,1199.2843,1436.44,77.79,23.07,7,39.47,17.753,2.795
39000,30,1,2021,636.1665,702.80,905.51,27.24,10,41.53,16.320,0.711
39000,30,2,220,69.7312,68.54,245.32,17.14,0,39.99,12.199,0.000
39000,40,0,6842,909.2498,1002.21,53.33,19.94,16,37.39,15.922,2.876
39000,40,1,1101,309.7543,266.99,454.44,28.09,34,40.18,15.118,0.657
39000,40,2,227,62.1087,54.71,274.71,22.23,5,39.15,11.184,0.000
39000,50,0,5179,357.6012,314.69,12.45,12.74,22,33.12,12.581,3.321
39000,50,1,526,242.6736,164.17,125.71,22.47,30,37.57,13.674,1.075
39000,50,2,11,7.7020,3.41,14.84,33.98,2,35.12,7.523,0.000
39000,60,0,3853,125.1707,162.74,0.32,12.07,6,29.59,9.103,3.086
39000,60,1,2,1.0136,0.00,0.21,2.28,2,28.64,7.909,2.639
39000,70,0,4656,83.8880,113.75,0.03,21.58,0,31.29,6.936,0.763
39000,80,0,3564,37.5732,41.04,0.01,29.90,0,33.99,5.236,0.001
40000,-60,0,5760,3.8854,65.02,88.33,-4.90,3,-13.54,0.000,28.545
40000,-60,1,1972,1.1129,36.01,435.83,-4.26,3,-16.06,0.000,31.055
40000,-60,2,2,0.0000,0.00,2.20,15.24,0,-4.12,0.000,19.118
40000,-50,0,7396,266.2907,388.89,75.85,7.47,35,-3.31,0.003,19.024
40000,-50,1,1298,77.4116,82.90,384.69,19.55,10,-4.18,0.000,19.506
40000,-50,2,4,0.0000,0.00,6.21,22.51,0,0.98,0.000,14.017
40000,-40,0,6468,593.6592,483.66,50.70,20.81,192,8.10,1.056,11.909
40000,-40,1,1611,261.3949,135.83,559.05,30.72,94,6.35,0.293,11.855
40000,-40,2,2,0.0039,0.00,2.32,2.35,1,9.96,0.000,6.318
40000,-30,0,4442,554.6587,362.56,74.82,30.93,229,17.07,4.410,8.289
40000,-30,1,3101,560.7871,276.93,1428.49,35.19,283,16.89,2.743,6.575
40000,-30,2,634,108.0537,62.64,920.90,43.37,55,19.38,0.721,2.294
40000,-20,0,1886,234.3268,163.25,37.24,51.55,88,25.75,8.964,5.704
40000,-20,1,2385,434.5474,197.50,989.33,35.88,201,24.81,6.509,4.186
40000,-20,2,3948,429.0767,249.88,11466.17,41.08,299,24.22,0.899,0.321
40000,-10,0,1903,552.0766,663.32,25.07,67.83,28,33.09,13.555,4.039
40000,-10,1,1956,587.0580,366.00,859.23,40.94,107,32.67,10.787,2.239
40000,-10,2,4365,375.1411,190.89,16301.09,45.36,395,30.08,2.744,0.008
40000,0,0,1971,791.4063,1150.85,29.56,71.42,0,38.67,17.208,2.891
40000,0,1,1617,911.0508,859.20,807.68,43.55,32,38.22,13.994,1.089
40000,0,2,4779,840.1854,729.43,15792.17,49.14,306,34.98,6.189,0.000
40000,10,0,3284,974.6662,1525.76,51.52,68.09,9,41.63,19.246,2.385
40000,10,1,2561,1344.4472,1885.95,1328.20,45.52,16,40.69,15.629,0.786
40000,10,2,3600,392.0524,360.50,9948.95,42.37,228,35.63,6.818,0.006
40000,20,0,4249,817.0606,1110.70,61.11,64.02,14,40.05,18.398,2.890
40000,20,1,3071,1411.7855,1760.25,1465.92,47.52,38,40.00,15.504,1.094
40000,20,2,1125,169.0820,116.70,2034.31,25.57,63,36.06,8.094,0.031
40000,30,0,7040,1488.3464,1968.85,77.28,48.42,25,38.14,16.901,3.102
40000,30,1,2011,1105.5394,1252.75,895.51,50.17,13,40.31,15.513,0.890
40000,30,2,223,164.5390,153.10,249.24,70.49,0,39.20,11.722,0.000
40000,40,0,6848,1188.4774,1426.40,52.99,43.46,19,35.27,14.578,3.359
40000,40,1,1086,550.7726,385.20,450.06,53.44,44,38.76,14.155,0.883
40000,40,2,236,173.6789,116.08,287.37,63.59,18,38.07,10.479,0.000
40000,50,0,5177,358.4757,385.81,12.37,38.74,21,30.29,10.944,4.081
40000,50,1,528,226.1015,63.74,129.67,57.18,70,35.97,12.607,1.432
40000,50,2,11,7.6758,2.82,15.36,32.96,8,33.70,6.465,0.000
40000,60,0,3853,92.4485,171.14,0.32,30.95,0,25.78,7.141,4.245
40000,60,1,2,0.0002,0.00,0.22,43.32,0,26.76,6.769,3.118
40000,70,0,4656,44.4114,103.24,0.03,26.04,0,25.68,4.391,2.134
40000,80,0,3564,12.8489,34.43,0.01,23.31,0,27.80,2.293,0.165
41000,-60,0,5812,77.6306,99.42,90.31,-8.99,15,-5.49,0.000,20.862
41000,-60,1,1920,32.8310,45.55,414.52,-12.32,11,-8.05,0.000,23.120
41000,-60,2,2,0.0001,0.00,2.15,-4.13,0,1.66,0.000,13.370
41000,-50,0,7419,640.7718,533.45,76.84,-3.46,190,4.36,0.475,13.963
41000,-50,1,1275,215.7835,154.73,378.12,1.42,70,3.74,0.175,13.530
41000,-50,2,4,0.0021,0.00,6.11,-1.36,0,6.38,0.000,8.817
41000,-40,0,6467,717.6092,486.45,50.36,5.40,254,14.92,3.474,9.048
41000,-40,1,1612,250.4752,125.50,559.57,10.53,92,13.51,1.869,8.323
41000,-40,2,2,0.0015,0.00,2.33,12.14,0,14.94,0.064,3.835
41000,-30,0,4437,524.4745,280.02,74.44,15.19,222,22.84,7.313,6.444
41000,-30,1,3089,636.2617,337.42,1428.91,18.18,268,22.71,5.237,4.597
41000,-30,2,651,126.1557,53.08,953.25,21.33,65,24.78,2.392,0.995
41000,-20,0,1888,252.2258,177.10,37.27,14.71,97,29.58,11.260,4.712
41000,-20,1,2360,441.5836,286.74,974.12,24.23,125,29.28,9.008,3.091
41000,-20,2,3971,521.8121,228.78,11552.77,26.59,429,28.51,2.326,0.114
41000,-10,0,1910,506.0880,722.22,25.55,19.46,16,35.17,14.873,3.561
41000,-10,1,1943,534.8580,489.78,851.38,28.40,43,35.24,12.486,1.802
41000,-10,2,4371,314.7300,203.51,16322.39,31.70,446,32.71,4.275,0.002
41000,0,0,1973,805.5761,1320.69,29.39,19.40,2,38.57,17.096,2.857
41000,0,1,1628,927.4297,1209.12,815.05,33.72,1,38.73,14.390,1.039
41000,0,2,4766,720.3115,861.43,15751.04,33.29,219,35.63,6.659,0.000
41000,10,0,3295,1027.6392,1740.27,51.81,18.00,7,39.11,17.448,2.732
41000,10,1,2590,1518.1562,2320.38,1351.25,35.54,5,39.04,14.511,0.976
41000,10,2,3560,393.4012,414.99,9881.23,42.73,190,34.52,6.048,0.012
41000,20,0,4258,982.8026,1313.64,61.25,17.70,39,35.78,15.455,3.636
41000,20,1,3068,1787.5617,2279.50,1461.78,38.74,93,36.69,13.265,1.560
41000,20,2,1119,173.8432,114.72,2021.58,49.10,82,33.32,6.298,0.107
41000,30,0,7045,1925.1711,2173.75,77.06,26.70,153,32.43,13.168,4.297
41000,30,1,2004,1444.5929,1131.51,893.06,28.35,299,34.78,11.805,1.647
41000,30,2,225,170.5223,35.84,253.32,2.37,55,32.33,7.127,0.219
41000,40,0,6842,1551.0269,1129.18,52.35,23.45,430,27.59,9.898,5.213
41000,40,1,1083,549.9719,162.13,448.44,12.04,233,30.50,8.927,2.203
41000,40,2,245,116.8625,49.60,300.73,0.71,41,30.30,5.502,0.286
41000,50,0,5177,413.8042,443.69,12.46,14.84,49,20.53,5.744,6.995
41000,50,1,528,86.4593,18.60,132.84,1.15,42,25.55,6.463,3.626
41000,50,2,11,2.9076,1.37,15.72,17.58,1,26.68,2.540,0.199
41000,60,0,3853,99.0961,179.46,0.32,4.74,3,13.18,1.972,8.943
41000,60,1,2,0.2646,0.24,0.22,9.44,0,18.63,2.867,5.511
41000,70,0,4656,25.5785,82.13,0.03,-5.59,2,7.59,0.263,10.430
41000,80,0,3564,1.5826,21.94,0.01,-11.12,0,5.65,0.001,10.425
42000,-60,0,5814,527.9652,411.72,90.26,19.39,111,7.33,0.872,12.127
42000,-60,1,1918,326.0397,202.64,414.26,15.76,95,4.91,0.257,12.839
42000,-60,2,2,0.0028,0.00,2.15,17.37,0,10.84,0.003,6.301
42000,-50,0,7412,923.7215,568.70,76.15,30.96,300,16.10,3.863,8.512
42000,-50,1,1282,370.0322,119.15,381.61,7.23,202,14.67,2.402,7.965
42000,-50,2,4,0.1261,0.00,6.11,22.87,1,14.78,0.006,3.233
42000,-40,0,6464,674.1614,367.09,50.15,37.21,292,24.76,8.263,5.806
42000,-40,1,1614,313.6947,141.45,563.05,10.97,151,22.59,5.679,5.056
42000,-40,2,3,0.1473,0.10,3.40,47.06,0,24.56,2.648,1.005
42000,-30,0,4429,612.2482,408.91,73.75,36.60,164,30.53,11.800,4.449
42000,-30,1,3079,731.9910,334.85,1428.75,23.41,332,29.67,8.997,2.781
42000,-30,2,669,123.8248,41.46,985.43,19.07,102,31.15,5.562,0.206
42000,-20,0,1894,286.3035,291.65,37.60,43.70,15,34.77,14.673,3.658
42000,-20,1,2333,625.2717,496.94,957.29,28.02,57,34.29,12.119,2.084
42000,-20,2,3992,434.3733,222.69,11598.71,23.49,320,33.50,5.176,0.017
42000,-10,0,1918,606.4997,905.52,26.06,36.23,5,37.08,16.330,3.275
42000,-10,1,1932,799.2986,834.79,844.10,32.05,22,37.56,14.082,1.467
42000,-10,2,4374,330.6487,254.96,16282.11,21.52,294,35.10,5.934,0.000
42000,0,0,1973,916.0617,1522.74,29.06,41.98,8,37.80,16.752,3.097
42000,0,1,1642,1186.8148,1617.23,824.17,34.63,59,38.34,14.183,1.112
42000,0,2,4752,880.5909,1040.72,15687.06,21.10,346,35.08,6.265,0.000
42000,10,0,3301,1278.1433,2031.31,51.84,47.16,34,35.60,15.242,3.527
42000,10,1,2608,1870.6779,2626.17,1366.17,32.19,144,35.73,12.380,1.464
42000,10,2,3536,513.8987,528.20,9832.51,2.42,283,31.21,4.017,0.045
42000,20,0,4304,1150.6547,1105.32,61.98,30.61,252,29.18,11.521,5.303
42000,20,1,3022,1717.3099,941.45,1454.22,14.17,413,30.00,9.215,2.812
42000,20,2,1119,150.3969,96.85,2017.66,-0.24,56,27.48,3.169,0.487
42000,30,0,7046,1336.1399,499.52,76.73,10.83,512,22.80,7.795,6.996
42000,30,1,1993,624.0339,156.95,889.42,21.24,282,25.88,6.723,3.591
42000,30,2,235,59.4893,37.50,266.31,34.06,30,22.48,2.454,2.129
42000,40,0,6840,622.7285,233.34,52.04,-0.04,288,15.38,4.026,9.334
42000,40,1,1080,210.7068,115.90,449.06,24.16,94,19.14,3.419,5.491
42000,40,2,250,88.1738,77.41,309.48,32.36,21,19.42,1.136,2.718
42000,50,0,5176,270.0833,254.83,12.33,-10.93,74,5.90,0.973,13.523
42000,50,1,529,101.1963,88.63,134.05,17.74,9,12.26,1.301,8.536
42000,50,2,11,0.5569,0.20,15.81,20.70,1,16.59,0.103,2.574
42000,60,0,3853,45.7156,89.21,0.31,-17.70,8,-3.76,0.021,19.561
42000,60,1,2,0.5439,0.01,0.22,-12.37,0,6.40,0.099,11.082
42000,70,0,4656,4.2980,52.29,0.03,-21.57,1,-12.31,0.000,27.322
42000,80,0,3564,0.0000,13.29,0.01,-28.39,0,-20.25,0.000,35.253
43000,-60,0,5783,1054.1915,409.57,88.75,35.22,450,22.03,6.008,5.961
43000,-60,1,1949,654.4067,193.83,429.77,33.32,287,19.93,4.126,5.770
43000,-60,2,2,0.0375,0.04,2.20,38.83,0,21.93,1.603,1.718
43000,-50,0,7392,842.8190,430.79,74.68,38.35,278,28.64,10.066,4.496
43000,-50,1,1302,254.1923,98.95,391.36,59.43,100,27.72,8.140,3.552
43000,-50,2,4,0.0062,0.00,6.20,39.29,1,24.61,1.491,0.363
43000,-40,0,6461,698.9345,588.25,49.74,45.63,76,34.76,14.144,3.313
43000,-40,1,1616,314.4706,186.03,565.70,65.13,61,33.04,11.302,2.354
43000,-40,2,4,0.9920,0.68,4.47,23.33,0,32.53,6.785,0.050
43000,-30,0,4430,771.3872,728.87,73.70,48.59,45,37.97,16.515,2.854
43000,-30,1,3071,637.5746,456.98,1426.39,61.67,65,36.94,13.374,1.403
43000,-30,2,676,90.9228,55.39,996.81,67.41,15,37.44,9.598,0.010
43000,-20,0,1898,441.6176,517.49,37.57,44.31,5,39.53,17.783,2.734
43000,-20,1,2329,918.9536,850.13,955.78,55.71,60,38.66,14.873,1.355
43000,-20,2,3992,437.6734,310.96,11587.35,62.34,176,37.45,8.113,0.001
43000,-10,0,1922,771.6569,1161.81,26.19,51.80,4,39.16,17.674,2.912
43000,-10,1,1928,1153.3500,1346.49,839.86,47.04,38,38.65,14.716,1.273
43000,-10,2,4374,380.3473,379.21,16250.92,59.62,296,36.13,6.739,0.000
43000,0,0,1979,1057.4765,1738.37,28.55,42.11,5,36.67,15.911,3.322
43000,0,1,1646,1413.2239,2032.22,831.90,34.79,37,36.29,12.717,1.348
43000,0,2,4742,959.1790,1260.52,15692.00,52.54,277,33.06,4.915,0.002
43000,10,0,3304,1430.1831,1543.14,51.89,27.55,148,31.15,12.287,4.456
43000,10,1,2591,1780.0825,2023.42,1353.97,24.17,254,30.75,9.271,2.345
43000,10,2,3550,494.4045,456.40,9873.84,50.92,233,26.51,2.083,0.191
43000,20,0,4303,660.1720,400.00,61.61,23.52,198,22.16,7.418,7.203
43000,20,1,3010,719.9306,532.85,1449.42,27.49,215,22.69,5.325,4.750
43000,20,2,1132,164.1176,158.66,2034.29,38.56,42,20.44,1.059,1.792
43000,30,0,7051,453.0349,369.50,76.66,17.36,114,13.24,3.262,10.336
43000,30,1,1984,218.7807,151.35,889.03,13.90,79,16.43,2.518,6.676
43000,30,2,239,49.9420,33.82,270.57,7.41,17,12.21,0.155,6.143
43000,40,0,6843,241.1517,283.00,51.68,6.99,39,3.89,0.615,14.685
43000,40,1,1080,180.6994,131.80,449.17,0.10,50,7.53,0.410,10.710
43000,40,2,247,58.1826,37.50,305.14,1.17,25,8.20,0.002,8.182
43000,50,0,5177,100.4047,197.30,12.15,-3.75,2,-7.02,0.008,22.526
43000,50,1,528,99.4212,85.88,130.94,-7.06,26,-0.48,0.003,16.221
43000,50,2,11,0.3925,0.00,15.56,-2.99,2,6.23,0.000,9.016
43000,60,0,3853,1.5688,49.99,0.29,-18.10,0,-17.76,0.000,32.756
43000,60,1,2,0.0065,0.01,0.21,0.73,0,-3.76,0.000,18.797
43000,70,0,4656,0.0000,31.62,0.03,-29.12,0,-26.04,0.000,41.040
43000,80,0,3564,0.0000,8.05,0.01,-30.76,0,-30.30,0.000,45.296
44000,-60,0,5747,958.1259,639.06,86.96,22.52,104,32.74,11.872,2.974
44000,-60,1,1985,635.2963,272.70,448.91,21.04,254,31.02,9.665,2.449
44000,-60,2,2,0.3302,0.00,2.28,1.82,1,29.84,4.989,0.143
44000,-50,0,7394,787.9058,759.90,74.85,26.54,39,37.01,15.216,2.534
44000,-50,1,1300,233.9230,139.42,395.77,9.19,32,35.82,12.827,1.613
44000,-50,2,4,0.1246,0.00,6.36,2.45,0,31.61,4.673,0.000
44000,-40,0,6469,925.9859,1036.86,49.85,27.60,15,40.67,18.059,2.127
44000,-40,1,1610,376.7989,386.92,562.75,14.94,4,38.87,14.936,1.201
44000,-40,2,2,1.7306,0.00,2.47,71.43,0,36.83,9.104,0.000
44000,-30,0,4437,975.4157,1164.83,73.55,29.93,20,41.76,19.052,2.118
44000,-30,1,3075,804.3370,846.90,1422.00,21.40,12,40.49,15.679,0.852
44000,-30,2,665,116.2385,94.74,974.93,16.61,9,40.78,12.053,0.000
44000,-20,0,1906,602.4433,733.30,37.94,21.65,2,40.47,18.366,2.455
44000,-20,1,2327,803.7987,794.42,952.44,33.94,3,40.33,15.944,1.094
44000,-20,2,3986,578.9384,530.38,11513.64,19.89,124,39.37,9.775,0.000
44000,-10,0,1934,793.6834,1022.62,27.12,10.37,5,37.46,16.413,3.072
44000,-10,1,1922,886.2846,386.96,842.56,39.18,62,37.94,14.156,1.319
44000,-10,2,4368,526.3355,450.38,16206.32,17.67,289,35.81,6.507,0.000
44000,0,0,1980,971.0234,993.52,28.58,7.92,29,32.81,13.356,3.998
44000,0,1,1640,1044.9956,407.89,830.11,37.69,131,33.48,10.860,1.769
44000,0,2,4747,1006.6350,743.48,15715.40,13.31,378,30.37,3.334,0.019
44000,10,0,3305,998.2694,801.64,51.95,3.63,167,25.39,8.954,5.884
44000,10,1,2563,1140.9441,395.25,1335.83,27.09,367,25.91,6.557,3.448
44000,10,2,3577,432.1236,170.60,9910.41,9.64,251,22.00,1.096,0.719
44000,20,0,4307,384.0378,319.16,61.58,-4.63,69,14.82,4.041,9.764
44000,20,1,3003,509.3504,297.50,1449.39,8.37,139,16.05,2.529,6.988
44000,20,2,1135,177.2138,69.16,2035.52,10.00,104,14.49,0.320,3.963
44000,30,0,7055,389.7967,338.57,76.00,-5.69,85,4.97,0.819,14.196
44000,30,1,1993,265.0975,161.94,896.53,-2.99,92,8.47,0.486,10.310
44000,30,2,226,35.5604,24.38,253.91,-19.83,16,3.20,0.005,12.199
44000,40,0,6862,134.5956,177.25,52.12,-13.62,33,-5.24,0.010,20.929
44000,40,1,1073,94.6914,101.34,447.43,-14.55,17,-1.65,0.004,17.209
44000,40,2,235,24.0983,27.88,286.33,-20.77,9,-0.94,0.000,15.947
44000,50,0,5184,10.8150,93.45,12.29,-23.77,5,-16.56,0.000,31.558
44000,50,1,521,6.8497,30.88,124.31,-22.31,1,-10.12,0.000,25.123
44000,50,2,11,0.0285,0.02,14.99,-9.32,0,-1.51,0.000,16.506
44000,60,0,3854,0.0000,29.90,0.38,-30.77,0,-26.69,0.000,41.694
44000,60,1,1,0.0000,0.00,0.10,-17.18,0,-11.75,0.000,26.753
44000,70,0,4656,0.0000,19.16,0.02,-31.77,0,-31.14,0.000,46.140
44000,80,0,3564,0.0000,4.88,0.01,-30.78,0,-30.77,0.000,45.774
45000,-60,0,5712,1670.9199,1497.93,84.98,52.72,78,38.00,15.164,1.898
45000,-60,1,2020,932.1101,463.66,469.59,53.34,230,36.52,12.929,1.310
45000,-60,2,2,0.0710,0.00,2.38,65.59,0,34.04,7.197,0.000
45000,-50,0,7398,1418.5152,1528.02,74.88,57.80,35,41.38,18.143,1.782
45000,-50,1,1296,498.1496,450.75,399.12,62.55,7,39.62,15.299,0.998
45000,-50,2,4,0.0000,0.00,6.56,69.20,1,35.24,6.796,0.000
45000,-40,0,6478,1196.0379,1554.46,49.86,59.88,14,43.89,20.329,1.650
45000,-40,1,1601,675.5850,774.92,556.34,60.02,3,41.47,16.753,0.857
45000,-40,2,2,0.1748,0.05,2.48,30.44,0,39.70,11.130,0.000
45000,-30,0,4448,1175.5615,1554.97,73.28,56.72,24,43.77,20.486,1.817
45000,-30,1,3081,1194.5522,1375.07,1418.07,54.35,20,42.05,16.818,0.699
45000,-30,2,648,150.1816,124.63,942.05,57.65,31,41.94,13.002,0.000
45000,-20,0,1916,714.6502,995.29,37.57,69.68,2,41.84,19.292,2.262
45000,-20,1,2334,942.6485,1173.37,956.73,43.66,10,40.91,16.386,1.031
45000,-20,2,3969,789.9196,810.37,11440.87,47.96,189,39.80,10.152,0.000
45000,-10,0,1942,872.2071,971.89,27.61,69.40,35,37.70,16.567,3.074
45000,-10,1,1917,798.2669,811.96,842.91,38.33,7,37.51,13.892,1.392
45000,-10,2,4365,583.7288,459.81,16220.75,40.45,258,35.23,6.078,0.000
45000,0,0,1980,705.9673,345.80,28.54,63.36,131,32.27,12.968,4.150
45000,0,1,1626,493.9214,321.51,821.17,34.18,90,32.15,10.053,2.020
45000,0,2,4761,542.8429,206.10,15781.92,33.77,477,28.85,2.667,0.032
45000,10,0,3310,603.6524,244.03,52.49,51.38,243,24.09,8.102,6.229
45000,10,1,2527,495.0790,269.94,1315.05,29.57,248,23.76,5.467,4.034
45000,10,2,3608,391.8711,245.21,9948.96,13.53,293,19.63,0.822,1.280
45000,20,0,4316,366.4368,251.44,61.96,31.79,98,12.57,3.064,10.668
45000,20,1,2991,528.1633,324.08,1445.78,16.47,191,13.02,1.608,8.322
45000,20,2,1138,147.0524,95.09,2032.78,-5.57,86,11.48,0.158,5.652
45000,30,0,7064,379.7858,385.58,75.51,6.98,57,1.72,0.319,16.077
45000,30,1,1994,259.9877,175.01,897.32,14.48,61,5.22,0.114,12.167
45000,30,2,216,33.4322,31.37,239.48,24.03,7,-0.04,0.000,15.106
45000,40,0,6883,68.1736,132.11,52.34,-5.57,20,-8.82,0.000,24.030
45000,40,1,1061,58.3266,88.05,438.51,7.25,12,-4.94,0.000,20.099
45000,40,2,226,15.8291,20.70,268.93,14.51,1,-4.24,0.000,19.235
45000,50,0,5188,0.1879,40.50,12.08,-18.23,2,-20.11,0.000,35.107
45000,50,1,517,0.1372,17.87,117.90,-2.29,3,-13.30,0.000,28.300
45000,50,2,11,0.0091,0.00,14.33,-1.41,0,-4.75,0.000,19.746
45000,60,0,3855,0.0000,18.00,0.46,-29.04,0,-29.62,0.000,44.615
45000,70,0,4656,0.0000,11.60,0.02,-31.75,0,-31.78,0.000,46.781
45000,80,0,3564,0.0000,2.95,0.01,-30.80,0,-30.79,0.000,45.793
46000,-60,0,5685,2504.5139,1941.49,83.76,20.66,500,34.39,12.821,2.588
46000,-60,1,2047,1045.0924,355.74,490.13,14.83,424,32.78,10.584,2.006
46000,-60,2,2,0.0208,0.00,2.47,17.96,0,32.24,5.874,0.001
46000,-50,0,7393,2246.2512,2418.60,74.11,21.03,146,38.37,16.065,2.268
46000,-50,1,1301,950.6609,809.82,403.94,32.46,111,37.67,13.969,1.330
46000,-50,2,4,0.0083,0.00,6.74,18.38,0,33.83,5.699,0.000
46000,-40,0,6480,1497.4648,2109.67,49.26,27.31,2,41.81,18.818,1.941
46000,-40,1,1599,1013.7688,1252.33,552.17,37.70,3,40.37,16.008,1.061
46000,-40,2,2,0.2209,0.00,2.48,13.84,0,37.89,9.705,0.000
46000,-30,0,4464,1315.6695,1932.47,73.43,32.70,5,42.60,19.628,1.988
46000,-30,1,3090,1458.3894,1944.91,1420.94,39.86,13,41.49,16.415,0.777
46000,-30,2,623,165.3599,164.84,900.84,42.60,7,41.60,12.762,0.000
46000,-20,0,1923,750.3115,1160.75,37.68,24.18,4,41.17,18.786,2.337
46000,-20,1,2349,1092.3432,1465.40,966.05,37.07,14,40.84,16.352,1.061
46000,-20,2,3947,870.1738,980.31,11363.17,44.20,224,39.64,10.015,0.000
46000,-10,0,1959,782.1063,1007.17,29.00,27.29,21,38.14,16.810,2.970
46000,-10,1,1907,1008.6784,856.67,845.04,29.91,55,38.00,14.256,1.320
46000,-10,2,4358,583.6716,526.95,16250.13,43.33,289,35.64,6.385,0.000
46000,0,0,1976,429.9413,373.31,28.04,20.77,27,33.13,13.472,3.928
46000,0,1,1614,456.3440,222.17,809.82,26.16,103,33.09,10.713,1.875
46000,0,2,4777,449.9093,202.64,15872.68,37.35,438,29.84,3.093,0.022
46000,10,0,3312,352.3740,254.31,52.77,13.47,99,25.28,8.753,5.840
46000,10,1,2491,466.2985,256.15,1292.52,21.35,201,25.16,6.226,3.690
46000,10,2,3642,432.8749,162.05,10030.96,39.54,372,21.19,1.046,0.909
46000,20,0,4323,345.7274,188.50,62.28,9.80,153,14.54,3.812,9.797
46000,20,1,2973,468.5419,206.97,1438.96,23.53,281,15.27,2.262,7.344
46000,20,2,1149,163.9912,82.33,2051.42,36.94,115,13.51,0.273,4.504
46000,30,0,7072,501.4941,407.11,75.27,9.82,162,4.40,0.686,14.485
46000,30,1,1998,312.6617,201.63,902.59,11.11,91,7.51,0.353,10.849
46000,30,2,204,31.5855,23.26,223.98,-7.14,3,2.12,0.003,13.142
46000,40,0,6892,110.9393,120.90,51.73,0.94,29,-5.94,0.004,21.499
46000,40,1,1069,75.9431,78.35,442.18,-5.40,5,-2.66,0.001,18.076
46000,40,2,209,21.3119,20.12,245.69,-9.95,3,-1.91,0.000,16.912
46000,50,0,5204,1.6472,24.74,13.09,-10.91,3,-17.27,0.000,32.272
46000,50,1,501,1.4921,10.53,110.87,-14.32,0,-11.03,0.000,26.030
46000,50,2,11,0.0078,0.01,13.77,-1.14,0,-3.22,0.000,18.224
46000,60,0,3855,0.0000,10.45,0.44,-23.21,1,-27.40,0.000,42.399
46000,70,0,4656,0.0000,6.98,0.02,-30.50,0,-31.38,0.000,46.381
46000,80,0,3564,0.0000,1.79,0.01,-30.82,0,-30.81,0.000,45.810
47000,-60,0,5659,1558.4870,404.18,82.62,17.31,799,23.57,6.760,5.425
47000,-60,1,2073,667.9824,243.04,508.48,14.10,294,21.75,4.801,4.969
47000,-60,2,2,0.4278,0.35,2.53,7.51,1,24.67,2.136,0.574
47000,-50,0,7389,2089.4209,1218.62,73.99,28.49,654,29.79,10.739,4.154
47000,-50,1,1305,466.0972,96.10,410.47,-1.16,205,28.42,8.458,3.191
47000,-50,2,4,0.0103,0.00,6.87,11.80,1,27.41,2.163,0.024
47000,-40,0,6487,1987.9048,2363.18,49.56,33.44,126,35.41,14.570,3.129
47000,-40,1,1592,903.8040,589.58,552.22,4.69,63,33.40,11.517,2.181
47000,-40,2,2,0.0750,0.06,2.47,59.53,0,33.77,6.958,0.001
47000,-30,0,4478,1646.0144,2223.33,72.57,33.25,95,38.25,16.697,2.752
47000,-30,1,3088,1748.0274,2181.88,1415.78,18.81,65,37.17,13.513,1.306
47000,-30,2,611,236.3562,248.74,877.16,11.98,29,38.11,10.090,0.004
47000,-20,0,1934,876.4917,1389.83,38.30,33.37,3,39.03,17.482,2.778
47000,-20,1,2360,1342.9168,1766.59,976.94,30.38,12,38.81,14.947,1.310
47000,-20,2,3925,886.0247,997.30,11294.61,18.44,263,38.05,8.612,0.000
47000,-10,0,1970,793.1432,1198.37,29.76,21.13,9,37.78,16.768,3.094
47000,-10,1,1901,938.6575,880.98,845.24,38.15,8,38.45,14.563,1.287
47000,-10,2,4353,607.6230,633.64,16235.39,17.13,319,36.11,6.720,0.000
47000,0,0,1974,502.1547,562.02,27.64,26.34,8,35.06,14.939,3.619
47000,0,1,1603,433.4259,368.49,799.39,37.49,31,35.70,12.433,1.496
47000,0,2,4790,453.6188,244.97,15915.43,17.04,419,32.32,4.456,0.005
47000,10,0,3311,429.9011,267.09,52.75,31.67,148,29.45,11.380,4.913
47000,10,1,2463,530.4620,288.44,1276.04,30.88,157,29.67,8.760,2.654
47000,10,2,3671,323.4514,109.22,10102.67,3.45,368,25.37,1.861,0.299
47000,20,0,4326,351.2423,258.90,62.46,18.02,104,20.16,6.598,7.973
47000,20,1,2957,436.5734,236.52,1436.17,10.17,190,20.96,4.627,5.343
47000,20,2,1162,120.8892,34.19,2079.45,4.76,124,19.04,0.884,2.251
47000,30,0,7072,612.2519,458.87,74.92,5.28,178,11.33,2.705,11.284
47000,30,1,2000,374.5288,183.02,907.39,12.77,166,14.37,1.936,7.579
47000,30,2,202,66.4219,37.01,221.51,16.45,35,9.36,0.043,7.931
47000,40,0,6898,261.5446,227.54,51.73,-4.61,58,1.85,0.397,16.022
47000,40,1,1067,234.1953,165.45,442.09,13.23,58,5.16,0.228,12.254
47000,40,2,205,55.3008,44.01,240.11,16.59,14,5.65,0.000,10.178
47000,50,0,5212,18.5527,27.68,13.55,-14.89,3,-9.16,0.001,24.452
47000,50,1,493,25.4427,27.87,107.12,5.10,0,-2.99,0.000,18.376
47000,50,2,11,0.2065,0.16,13.52,12.87,0,3.08,0.000,11.991
47000,60,0,3855,0.4563,6.66,0.42,-20.99,0,-19.76,0.000,34.763
47000,70,0,4656,0.0000,4.23,0.02,-24.39,0,-27.48,0.000,42.482
47000,80,0,3564,0.0000,1.08,0.01,-29.67,0,-30.64,0.000,45.641
48000,-60,0,5657,435.2442,286.25,82.35,10.55,107,9.94,1.349,10.655
48000,-60,1,2075,426.2057,241.76,512.00,8.92,105,7.74,0.478,10.930
48000,-60,2,2,1.2035,0.43,2.55,23.14,1,15.07,0.059,3.500
48000,-50,0,7381,817.7211,405.31,73.17,19.81,373,18.40,4.689,7.525
48000,-50,1,1312,153.4848,53.05,415.51,36.59,72,17.69,3.217,6.548
48000,-50,2,5,0.0000,0.00,7.92,27.39,0,18.52,0.195,1.692
48000,-40,0,6482,1764.6514,1176.41,48.97,31.72,655,26.77,9.222,5.154
48000,-40,1,1597,678.9756,182.40,558.30,48.24,268,25.22,6.796,4.194
48000,-40,2,2,0.0946,0.00,2.42,2.88,1,25.89,2.664,0.414
48000,-30,0,4480,1862.8282,1726.72,72.12,39.29,235,32.17,12.698,4.014
48000,-30,1,3087,1805.3049,1061.94,1415.31,50.54,394,31.64,10.035,2.340
48000,-30,2,610,247.9136,142.99,873.57,58.41,63,33.10,6.786,0.120
48000,-20,0,1939,1030.9495,1189.51,38.53,47.63,41,36.32,15.591,3.320
48000,-20,1,2369,1552.9808,1257.73,987.48,49.05,196,35.45,12.702,1.817
48000,-20,2,3911,839.9460,952.34,11306.52,55.29,300,34.72,6.008,0.009
48000,-10,0,1975,924.0964,1178.22,30.00,62.53,13,38.52,17.239,3.032
48000,-10,1,1904,1138.0002,1071.84,849.00,47.58,104,38.03,14.242,1.324
48000,-10,2,4345,597.7776,762.56,16243.19,57.71,263,35.53,6.260,0.000
48000,0,0,1977,656.3605,838.89,27.70,58.96,5,38.67,17.323,2.988
48000,0,1,1599,616.2052,631.93,796.99,42.88,1,38.08,13.973,1.130
48000,0,2,4791,410.3913,296.53,15938.90,57.02,255,34.73,6.038,0.000
48000,10,0,3315,523.2345,511.09,53.04,47.52,27,35.72,15.322,3.548
48000,10,1,2437,629.2988,537.78,1261.34,38.15,17,34.88,11.876,1.628
48000,10,2,3693,289.1882,169.00,10182.31,56.50,226,30.28,3.681,0.061
48000,20,0,4323,442.5009,293.82,62.20,46.88,104,28.84,11.292,5.424
48000,20,1,2938,579.5793,346.62,1428.19,44.43,153,28.84,8.604,3.142
48000,20,2,1184,104.6673,50.00,2124.18,42.84,74,26.03,2.714,0.695
48000,30,0,7068,623.1856,325.18,74.75,40.24,237,21.74,7.238,7.370
48000,30,1,1994,412.4459,208.46,908.46,35.26,187,24.30,5.975,4.124
48000,30,2,212,62.5137,32.69,234.11,37.34,27,20.58,1.857,2.907
48000,40,0,6894,470.3427,226.31,51.60,33.72,222,13.94,3.441,9.954
48000,40,1,1062,297.2144,86.80,438.99,27.17,156,17.20,2.721,6.329
48000,40,2,214,86.9122,41.67,251.86,30.58,34,17.25,0.766,3.783
48000,50,0,5208,111.4105,82.34,13.24,27.45,36,4.19,0.683,14.511
48000,50,1,497,103.2838,44.90,108.45,23.51,30,10.29,0.924,9.678
48000,50,2,11,0.1140,0.00,13.57,13.04,4,12.94,0.032,4.903
48000,60,0,3855,12.8777,15.05,0.41,15.33,0,-5.88,0.007,21.378
48000,70,0,4656,0.6458,3.16,0.02,1.12,0,-14.79,0.000,29.790
48000,80,0,3564,0.0000,0.66,0.01,-9.42,0,-22.98,0.000,37.984
49000,-60,0,5691,177.4031,256.99,83.09,-16.95,17,-3.84,0.003,19.438
49000,-60,1,2041,113.5805,170.87,491.31,-18.39,15,-6.22,0.000,21.357
49000,-60,2,2,0.4795,0.06,2.49,-10.10,0,4.65,0.000,10.469
49000,-50,0,7388,378.9016,375.63,72.70,-9.99,55,5.84,0.687,13.078
49000,-50,1,1306,95.9445,72.57,411.86,-10.83,23,5.31,0.264,12.388
49000,-50,2,4,0.0000,0.00,6.81,-7.10,0,9.45,0.000,6.073
49000,-40,0,6483,583.8313,285.27,48.80,-1.55,266,16.16,3.947,8.503
49000,-40,1,1596,203.4220,116.35,558.92,-2.04,105,14.88,2.239,7.609
49000,-40,2,2,0.0011,0.00,2.38,26.31,1,17.64,0.283,2.546
49000,-30,0,4486,1062.6148,355.16,72.31,9.35,546,23.84,7.805,6.091
49000,-30,1,3080,834.7738,315.75,1416.10,6.51,446,23.87,5.719,4.154
49000,-30,2,611,160.4198,77.49,877.79,7.25,86,26.26,3.022,0.727
49000,-20,0,1938,920.8584,631.23,38.40,11.47,310,30.20,11.630,4.535
49000,-20,1,2375,913.4348,380.32,995.30,19.90,305,30.11,9.373,2.810
49000,-20,2,3906,782.2115,532.86,11337.36,13.42,501,29.84,2.935,0.076
49000,-10,0,1981,924.4101,1141.17,30.46,11.62,173,35.23,14.908,3.509
49000,-10,1,1902,1088.2437,975.08,852.93,32.29,110,35.71,12.670,1.654
49000,-10,2,4341,646.6165,781.65,16238.42,19.10,379,33.45,4.752,0.001
49000,0,0,1978,777.9647,1104.91,27.53,13.82,10,38.28,16.952,2.918
49000,0,1,1599,917.1837,1001.23,795.07,40.91,11,38.73,14.392,1.035
49000,0,2,4790,667.9756,605.08,15909.46,22.67,255,35.67,6.682,0.000
49000,10,0,3321,802.7401,905.42,53.21,15.25,9,38.47,17.111,2.901
49000,10,1,2439,1124.4530,1149.43,1267.49,41.82,19,38.51,14.203,1.058
49000,10,2,3685,402.3266,308.72,10177.48,30.78,235,34.08,5.827,0.016
49000,20,0,4325,452.7628,391.47,62.25,14.61,47,34.72,14.888,3.919
49000,20,1,2931,712.3069,593.29,1422.63,35.59,82,35.59,12.568,1.735
49000,20,2,1189,142.0460,89.27,2139.60,39.91,50,32.42,5.823,0.153
49000,30,0,7066,671.1414,546.66,74.64,25.40,64,31.03,12.406,4.689
49000,30,1,1985,392.1544,232.33,901.12,26.76,94,33.26,10.932,1.941
49000,30,2,223,69.7353,35.59,247.45,-0.76,22,30.23,6.164,0.536
49000,40,0,6886,471.8835,312.31,51.25,23.69,91,25.83,9.029,5.784
49000,40,1,1059,155.2643,51.83,436.19,12.53,73,28.39,7.939,2.807
49000,40,2,225,77.4641,39.29,266.81,-0.64,32,27.88,4.583,0.723
49000,50,0,5199,280.7983,194.39,12.60,15.23,45,18.35,4.897,7.885
49000,50,1,506,161.5714,66.16,112.21,2.27,71,23.11,5.643,4.656
49000,50,2,11,0.0064,0.00,13.88,20.93,1,23.42,1.856,1.019
49000,60,0,3855,73.9343,68.87,0.42,9.47,2,10.59,1.390,10.304
49000,70,0,4656,22.1638,21.04,0.02,7.06,1,4.32,0.109,12.723
49000,80,0,3564,0.7117,1.06,0.01,11.13,0,1.28,0.000,14.172
50000,-60,0,5746,12.6288,160.70,84.50,-12.57,8,-12.73,0.000,27.727
50000,-60,1,1986,3.4266,97.56,462.30,-14.85,2,-15.16,0.000,30.156
50000,-60,2,2,0.0932,0.10,2.39,5.07,0,-2.61,0.000,17.606
50000,-50,0,7415,262.0940,384.75,73.02,0.46,21,-2.52,0.009,18.408
50000,-50,1,1279,71.0379,76.26,397.34,-2.84,3,-3.48,0.001,18.900
50000,-50,2,4,0.0000,0.00,6.62,13.14,0,2.57,0.000,12.431
50000,-40,0,6485,377.4157,363.45,48.41,13.39,87,8.77,1.247,11.599
50000,-40,1,1594,190.5648,157.81,554.55,5.29,47,6.99,0.398,11.519
50000,-40,2,2,0.0000,0.00,2.36,9.02,0,11.55,0.000,5.300
50000,-30,0,4488,400.7428,239.99,72.13,21.52,173,17.60,4.667,8.123
50000,-30,1,3069,472.5772,265.40,1410.72,16.04,180,17.50,2.998,6.335
50000,-30,2,620,128.0157,72.36,892.97,18.91,50,20.20,0.934,2.045
50000,-20,0,1936,467.0760,369.72,38.24,42.62,67,25.94,9.113,5.674
50000,-20,1,2372,461.0329,215.47,997.04,19.68,198,25.31,6.773,4.022
50000,-20,2,3911,550.2069,240.64,11382.64,21.48,471,25.08,1.073,0.256
50000,-10,0,1980,897.7556,1137.55,30.33,51.11,51,32.75,13.366,4.108
50000,-10,1,1898,935.6171,460.04,851.87,27.52,277,33.08,11.036,2.131
50000,-10,2,4346,530.0255,255.26,16264.61,25.50,385,30.64,3.024,0.006
50000,0,0,1981,866.0426,1225.66,27.60,62.98,15,38.21,16.927,2.972
50000,0,1,1600,1011.6614,1062.45,797.50,36.81,101,38.32,14.103,1.095
50000,0,2,4786,889.6288,696.38,15889.26,31.81,297,35.14,6.290,0.000
50000,10,0,3330,1024.1018,1308.08,53.50,71.61,39,41.03,18.817,2.462
50000,10,1,2449,1411.7628,1673.52,1276.65,44.68,68,40.46,15.499,0.821
50000,10,2,3666,495.4982,442.79,10131.67,17.26,203,35.54,6.786,0.007
50000,20,0,4333,576.1418,640.00,62.55,61.76,31,39.21,17.829,3.035
50000,20,1,2937,928.2123,993.11,1422.27,36.66,79,39.37,15.059,1.159
50000,20,2,1175,192.1599,133.06,2118.25,7.71,91,35.75,7.926,0.043
50000,30,0,7074,944.7720,949.20,74.65,40.44,27,37.23,16.333,3.306
50000,30,1,1976,438.3413,384.17,894.70,51.39,39,39.38,14.834,0.966
50000,30,2,224,83.3590,24.03,250.02,79.81,40,37.84,10.750,0.002
50000,40,0,6889,640.6179,596.68,51.41,34.19,45,34.11,13.899,3.641
50000,40,1,1054,177.6979,123.56,440.15,66.16,30,37.43,13.244,1.031
50000,40,2,227,73.8161,35.21,273.02,77.83,34,36.54,9.469,0.004
50000,50,0,5195,353.3506,345.12,12.44,27.98,29,28.82,10.174,4.509
50000,50,1,510,130.7287,57.37,116.47,68.37,35,34.29,11.631,1.753
50000,50,2,11,0.6323,0.00,14.40,48.51,0,31.86,5.646,0.024
50000,60,0,3855,123.7646,138.86,0.43,25.57,0,23.99,6.332,4.851
50000,70,0,4656,93.8025,88.09,0.02,31.94,0,23.30,3.468,2.879
50000,80,0,3564,28.5513,24.87,0.01,34.48,0,25.25,1.525,0.471
51000,-60,0,5800,0.0379,98.02,85.64,-16.47,4,-15.87,0.000,30.872
51000,-60,1,1932,0.0085,55.54,434.49,-19.71,1,-18.29,0.000,33.290
51000,-60,2,2,0.0270,0.08,2.28,-6.93,0,-5.42,0.000,20.423
51000,-50,0,7454,178.2527,319.43,73.99,-8.10,25,-5.71,0.000,21.016
51000,-50,1,1240,58.6190,71.04,379.13,-2.99,6,-6.20,0.000,21.310
51000,-50,2,4,0.0000,0.00,6.39,-2.59,0,-0.19,0.000,15.194
51000,-40,0,6497,452.2296,443.10,48.86,4.15,89,5.89,0.563,12.974
51000,-40,1,1582,249.7162,184.15,547.41,10.39,45,4.63,0.108,12.766
51000,-40,2,2,0.0000,0.00,2.33,-8.92,0,8.43,0.000,7.316
51000,-30,0,4487,450.5530,330.90,71.61,14.53,150,15.22,3.556,8.913
51000,-30,1,3059,541.9322,266.96,1405.37,22.48,209,15.45,2.145,7.061
51000,-30,2,631,134.8787,62.58,912.63,28.20,58,18.14,0.440,2.676
51000,-20,0,1936,391.6169,218.78,38.21,15.78,167,24.15,8.042,6.105
51000,-20,1,2355,413.8448,197.81,987.76,26.96,196,23.62,5.838,4.473
51000,-20,2,3928,404.7187,182.21,11448.22,35.73,376,23.10,0.633,0.406
51000,-10,0,1981,830.7272,897.88,30.40,29.46,144,32.15,12.879,4.206
51000,-10,1,1885,553.4190,413.65,844.07,28.65,59,32.01,10.353,2.324
51000,-10,2,4358,358.5240,178.86,16328.66,44.69,436,29.39,2.361,0.013
51000,0,0,1984,885.0931,1383.54,27.65,30.95,17,38.19,16.817,2.945
51000,0,1,1598,912.3368,1090.03,796.52,30.49,21,37.92,13.830,1.128
51000,0,2,4785,826.7937,670.37,15903.78,49.44,340,34.80,6.043,0.000
51000,10,0,3336,1007.4833,1578.49,53.31,29.89,12,41.53,19.067,2.323
51000,10,1,2479,1408.0320,2000.65,1297.46,32.64,20,40.88,15.758,0.753
51000,10,2,3630,491.6503,516.44,10080.34,63.45,157,36.07,7.144,0.004
51000,20,0,4343,713.0627,887.95,62.78,37.28,11,40.92,18.871,2.661
51000,20,1,2950,1147.1348,1439.48,1425.66,51.42,35,41.25,16.328,0.938
51000,20,2,1152,187.5673,142.89,2085.54,69.19,66,37.11,8.828,0.022
51000,30,0,7079,1138.7944,1412.63,73.99,48.68,14,40.14,18.178,2.701
51000,30,1,1975,652.9648,737.19,888.15,43.34,9,41.87,16.546,0.699
51000,30,2,220,70.1139,66.55,245.63,26.64,1,40.72,12.748,0.000
51000,40,0,6893,926.3329,1006.32,51.33,49.80,31,38.08,16.350,2.773
51000,40,1,1050,348.6271,283.01,442.33,30.07,15,40.68,15.348,0.615
51000,40,2,227,70.2653,55.19,275.21,23.90,0,39.79,11.648,0.000
51000,50,0,5188,374.1412,392.00,11.81,49.31,15,33.95,13.059,3.185
51000,50,1,517,198.4973,117.55,120.20,25.48,22,38.40,14.156,1.007
51000,50,2,11,0.0192,0.02,14.91,28.65,2,35.29,7.590,0.000
51000,60,0,3855,105.6830,165.65,0.43,42.98,0,30.34,9.478,2.938
51000,70,0,4656,75.8831,111.55,0.02,35.25,0,31.84,7.214,0.697
51000,80,0,3564,34.7315,41.47,0.01,34.06,0,34.33,5.461,0.001
52000,-60,0,5863,5.2407,62.62,87.68,-11.12,5,-13.13,0.000,28.133
52000,-60,1,1869,1.3678,33.79,407.42,-14.08,1,-15.61,0.000,30.610
52000,-60,2,2,0.0735,0.11,2.19,-14.43,0,-3.88,0.000,18.880
52000,-50,0,7486,292.8444,390.48,74.75,-0.24,42,-3.00,0.007,18.826
52000,-50,1,1208,82.6701,77.40,364.96,-17.50,24,-3.87,0.001,19.258
52000,-50,2,4,0.0002,0.00,6.20,-11.09,1,1.23,0.000,13.773
52000,-40,0,6499,565.2843,502.48,48.48,8.70,136,8.26,1.173,11.893
52000,-40,1,1580,294.4714,250.80,542.65,-8.62,47,6.66,0.372,11.745
52000,-40,2,2,0.0000,0.00,2.32,39.65,0,10.48,0.000,6.062
52000,-30,0,4489,576.4783,335.84,71.64,14.52,256,17.18,4.538,8.286
52000,-30,1,3048,604.2647,308.83,1404.89,5.59,273,17.13,2.870,6.469
52000,-30,2,640,146.2710,67.40,931.71,0.26,90,19.74,0.801,2.148
52000,-20,0,1936,319.0730,265.59,38.16,15.90,45,25.35,8.885,5.860
52000,-20,1,2334,413.4406,219.42,974.57,23.22,160,25.06,6.636,4.077
52000,-20,2,3949,382.4133,162.14,11506.42,8.66,353,24.62,0.953,0.287
52000,-10,0,1985,541.9243,685.45,30.65,9.12,21,32.21,13.086,4.206
52000,-10,1,1873,644.3116,422.78,838.24,38.24,169,32.95,10.921,2.123
52000,-10,2,4366,292.3847,202.48,16351.64,12.30,367,30.38,2.875,0.007
52000,0,0,1986,793.9601,1237.53,27.53,17.39,1,37.57,16.537,3.061
52000,0,1,1602,978.5873,1081.50,799.38,43.47,15,38.30,14.076,1.082
52000,0,2,4779,776.5203,673.27,15869.25,16.38,328,35.08,6.243,0.000
52000,10,0,3344,1021.7681,1695.47,53.25,26.27,11,40.31,18.374,2.557
52000,10,1,2510,1459.2265,2169.67,1318.88,40.64,23,40.52,15.530,0.805
52000,10,2,3591,488.4130,474.37,9992.09,11.83,176,35.69,6.861,0.006
52000,20,0,4346,813.7023,1089.04,62.16,20.57,44,38.75,17.528,3.072
52000,20,1,2970,1437.2110,1844.32,1430.50,22.15,114,39.70,15.254,1.100
52000,20,2,1129,211.9667,178.16,2046.85,20.50,79,36.13,8.114,0.032
52000,30,0,7086,1414.4457,1692.22,73.49,19.19,63,37.34,16.362,3.225
52000,30,1,1966,1061.3595,1244.18,878.48,24.06,48,39.58,14.983,0.924
52000,30,2,222,168.6881,172.37,248.19,19.53,7,37.84,10.700,0.001
52000,40,0,6892,1329.9732,1559.40,50.91,13.93,24,34.40,14.021,3.518
52000,40,1,1042,630.5612,483.21,438.09,26.12,63,37.35,13.184,0.991
52000,40,2,236,180.3867,136.44,287.50,23.56,36,36.71,9.498,0.002
52000,50,0,5187,464.9585,547.39,11.82,5.52,23,29.18,10.287,4.327
52000,50,1,518,297.4360,79.33,123.68,20.38,64,34.02,11.433,1.716
52000,50,2,11,0.1974,0.00,15.41,30.32,2,32.97,5.988,0.000
52000,60,0,3855,93.3229,170.79,0.42,2.90,1,24.38,6.440,4.634
52000,70,0,4656,40.7846,99.03,0.02,6.78,0,23.72,3.610,2.709
52000,80,0,3564,10.8413,33.16,0.01,12.62,0,25.76,1.647,0.393
53000,-60,0,5896,103.6280,117.31,88.17,10.44,12,-3.98,0.003,19.574
53000,-60,1,1836,55.2326,66.62,390.87,12.22,5,-6.52,0.000,21.674
53000,-60,2,2,0.6199,0.59,2.15,29.42,0,2.77,0.000,12.338
53000,-50,0,7492,705.8100,489.46,74.36,21.47,250,5.94,0.694,13.037
53000,-50,1,1202,171.5766,98.60,362.01,38.29,53,4.98,0.278,12.783
53000,-50,2,4,0.0001,0.00,6.13,35.07,0,7.38,0.000,7.980
53000,-40,0,6494,682.3184,355.26,47.88,33.07,368,16.35,4.014,8.495
53000,-40,1,1585,302.7479,75.93,545.41,47.21,138,14.53,2.241,7.947
53000,-40,2,2,0.0000,0.00,2.34,5.61,0,16.07,0.158,3.327
53000,-30,0,4478,610.8722,377.30,70.83,40.97,230,23.98,7.923,6.135
53000,-30,1,3041,623.3163,266.18,1407.91,47.77,269,23.51,5.653,4.390
53000,-30,2,658,137.7057,60.86,967.71,55.65,58,25.39,2.661,0.882
53000,-20,0,1944,381.4843,279.70,38.08,56.43,79,30.91,12.106,4.465
53000,-20,1,2298,424.2509,235.54,953.74,45.41,120,29.81,9.299,2.968
53000,-20,2,3977,414.9264,211.20,11610.18,51.06,383,29.02,2.584,0.096
53000,-10,0,1995,538.7000,800.60,31.42,70.86,4,36.02,15.522,3.472
53000,-10,1,1859,431.7307,336.03,831.99,45.26,22,35.62,12.646,1.701
53000,-10,2,4370,319.1923,198.65,16378.95,52.57,354,32.93,4.431,0.001
53000,0,0,1991,833.6598,1345.17,27.69,69.11,7,39.34,17.741,2.829
53000,0,1,1613,869.2846,985.25,809.39,43.85,15,38.85,14.453,1.019
53000,0,2,4763,606.4579,435.97,15829.18,52.65,249,35.56,6.617,0.000
53000,10,0,3355,1106.0692,1824.83,52.68,59.19,6,39.72,17.972,2.755
53000,10,1,2541,1515.5810,2158.11,1344.25,42.22,74,38.89,14.375,0.976
53000,10,2,3549,477.9669,457.55,9920.86,45.77,178,34.02,5.707,0.015
53000,20,0,4355,901.1404,1118.65,62.10,53.54,30,35.74,15.559,3.775
53000,20,1,2971,1720.4768,1745.40,1432.72,43.76,239,35.84,12.755,1.693
53000,20,2,1119,219.9462,165.37,2028.17,27.15,83,32.38,5.749,0.137
53000,30,0,7093,1624.9421,1373.87,73.55,39.53,297,31.39,12.632,4.619
53000,30,1,1955,1381.3950,783.39,876.53,39.86,310,33.92,11.338,1.846
53000,30,2,226,158.0644,33.53,255.25,50.62,46,31.81,6.935,0.337
53000,40,0,6889,1566.5565,1005.88,50.66,32.24,551,26.13,9.182,5.688
53000,40,1,1036,480.1943,145.53,437.56,35.80,151,29.73,8.482,2.456
53000,40,2,245,104.4258,13.14,301.82,42.35,53,29.63,5.230,0.422
53000,50,0,5187,461.9809,282.32,11.95,24.70,226,18.68,5.022,7.742
53000,50,1,518,121.1373,31.54,126.98,33.70,57,24.81,6.146,3.986
53000,50,2,11,0.1574,0.00,15.76,18.30,2,25.71,2.155,0.323
53000,60,0,3855,84.4193,121.85,0.42,12.87,21,11.06,1.479,10.023
53000,70,0,4656,23.5909,77.90,0.02,1.02,1,5.10,0.135,12.133
53000,80,0,3564,1.0952,20.82,0.00,-8.23,0,2.32,0.000,13.274
54000,-60,0,5894,586.7469,400.03,87.91,2.35,164,9.04,1.233,11.260
54000,-60,1,1838,426.9313,210.19,392.43,0.16,158,6.63,0.440,11.831
54000,-60,2,2,0.9024,0.00,2.15,1.45,0,12.32,0.033,5.507
54000,-50,0,7485,772.0510,391.80,73.79,6.59,288,17.50,4.475,7.998
54000,-50,1,1209,212.9362,50.44,366.14,9.61,124,16.70,3.004,7.039
54000,-50,2,4,0.0009,0.00,6.13,3.13,0,16.10,0.036,2.646
54000,-40,0,6491,528.7064,324.62,47.68,13.05,138,25.93,8.909,5.469
54000,-40,1,1587,222.2017,127.91,549.04,17.41,91,24.44,6.475,4.460
54000,-40,2,3,0.0009,0.00,3.41,27.28,0,24.88,2.800,0.895
54000,-30,0,4468,667.7327,512.76,70.06,21.77,122,31.52,12.369,4.194
54000,-30,1,3033,652.1490,355.52,1406.49,22.35,197,31.00,9.690,2.487
54000,-30,2,676,147.5333,72.90,998.66,24.17,74,32.33,6.228,0.151
54000,-20,0,1951,311.2639,361.05,38.23,18.57,5,35.34,14.933,3.456
54000,-20,1,2275,466.8127,365.32,940.39,28.83,39,35.06,12.527,1.935
54000,-20,2,3993,367.0644,179.43,11648.27,27.60,249,34.17,5.638,0.013
54000,-10,0,2002,596.8847,918.71,31.77,18.96,1,37.63,16.526,3.081
54000,-10,1,1850,543.2690,568.36,825.34,31.73,6,37.84,14.146,1.368
54000,-10,2,4372,304.8844,223.37,16340.97,29.58,300,35.41,6.175,0.000
54000,0,0,1995,893.2071,1425.98,27.79,16.54,32,37.77,16.595,3.015
54000,0,1,1621,948.0131,1301.09,816.27,34.32,2,38.09,13.943,1.112
54000,0,2,4751,659.2772,703.18,15779.36,27.92,203,35.01,6.221,0.000
54000,10,0,3355,1251.7432,1449.69,52.18,13.31,155,34.93,14.689,3.561
54000,10,1,2561,1657.5362,2009.32,1357.45,32.22,49,35.11,11.889,1.507
54000,10,2,3529,469.3320,392.09,9894.07,32.75,157,30.85,3.814,0.050
54000,20,0,4357,887.6733,475.44,61.91,9.90,321,28.43,10.927,5.370
54000,20,1,2964,1353.9255,648.76,1430.56,28.07,368,29.51,8.833,2.890
54000,20,2,1124,218.9095,150.76,2033.84,35.19,76,26.91,2.911,0.562
54000,30,0,7094,919.3542,484.50,73.38,13.89,237,22.02,7.250,7.138
54000,30,1,1945,566.1263,184.51,873.36,16.26,228,24.90,6.164,3.823
54000,30,2,235,44.4456,18.48,266.50,-6.83,14,21.21,1.897,2.433
54000,40,0,6888,523.5921,234.22,50.49,7.61,256,14.40,3.492,9.605
54000,40,1,1033,164.9009,94.64,437.55,-0.02,36,17.55,2.744,5.961
54000,40,2,249,34.4721,24.77,308.41,-8.75,4,17.97,0.740,3.154
54000,50,0,5187,149.1512,164.25,11.91,-3.72,40,4.72,0.709,14.071
54000,50,1,518,68.3601,46.98,127.41,-9.77,18,10.45,0.865,9.332
54000,50,2,11,0.0010,0.00,15.79,6.90,0,15.26,0.037,3.112
54000,60,0,3855,25.0582,78.49,0.41,-14.85,1,-5.31,0.008,20.840
54000,70,0,4656,2.4019,48.79,0.02,-23.83,0,-14.26,0.000,29.258
54000,80,0,3564,0.0000,12.61,0.00,-29.63,0,-22.43,0.000,37.433
55000,-60,0,5865,953.7399,417.18,86.91,37.32,332,23.24,6.671,5.612
55000,-60,1,1867,491.9839,108.41,407.57,35.52,205,21.18,4.690,5.342
55000,-60,2,2,0.6301,0.51,2.21,35.94,0,22.55,1.825,1.493
55000,-50,0,7472,725.8188,452.40,73.01,46.14,124,29.63,10.710,4.262
55000,-50,1,1222,185.3023,89.54,374.01,25.85,94,27.87,8.255,3.447
55000,-50,2,4,0.0001,0.00,6.23,40.54,0,25.21,1.694,0.278
55000,-40,0,6492,706.7896,646.46,47.62,49.10,36,35.34,14.591,3.204
55000,-40,1,1585,257.4124,148.57,549.52,24.91,38,32.96,11.328,2.337
55000,-40,2,4,0.0020,0.00,4.47,41.99,1,33.54,7.418,0.021
55000,-30,0,4469,875.8471,782.78,69.96,45.17,41,38.19,16.719,2.823
55000,-30,1,3031,655.7642,509.96,1406.14,32.33,19,36.87,13.364,1.381
55000,-30,2,677,141.7866,91.46,1000.99,28.54,35,37.55,9.636,0.006
55000,-20,0,1958,431.7832,555.57,38.53,52.41,3,39.20,17.597,2.786
55000,-20,1,2273,736.3317,762.20,942.05,30.98,15,38.59,14.868,1.354
55000,-20,2,3988,409.4464,317.93,11606.84,29.31,176,37.70,8.306,0.000
55000,-10,0,2006,783.4540,1180.58,31.82,42.59,13,37.98,16.881,3.072
55000,-10,1,1846,933.9398,1084.42,821.39,31.90,2,38.46,14.605,1.282
55000,-10,2,4372,414.6383,365.05,16281.16,24.35,228,36.11,6.714,0.000
55000,0,0,1995,1033.2053,1559.42,27.60,45.20,75,35.42,15.128,3.552
55000,0,1,1629,1283.1464,1718.65,823.38,31.47,71,35.91,12.514,1.428
55000,0,2,4743,1036.2106,964.62,15756.54,21.07,389,32.68,4.665,0.004
55000,10,0,3358,1109.4981,1067.54,52.28,45.48,218,29.95,11.611,4.757
55000,10,1,2543,1673.6087,1277.28,1345.17,27.32,538,30.10,8.872,2.467
55000,10,2,3544,565.2572,313.12,9908.35,-0.01,321,25.84,1.863,0.235
55000,20,0,4359,530.3679,374.14,61.81,26.09,157,20.63,6.775,7.767
55000,20,1,2954,721.9521,355.00,1428.61,9.17,289,21.45,4.776,5.105
55000,20,2,1132,218.6442,104.11,2040.70,-6.56,173,19.59,0.906,2.006
55000,30,0,7097,620.7665,494.43,73.08,3.47,159,11.66,2.776,11.075
55000,30,1,1939,325.8104,214.34,873.22,14.09,54,15.08,2.083,7.191
55000,30,2,238,51.2036,25.23,269.36,25.76,17,10.65,0.074,7.037
55000,40,0,6895,235.7410,227.83,50.47,-8.28,63,2.19,0.421,15.762
55000,40,1,1030,158.7512,105.80,437.57,13.52,16,6.03,0.260,11.605
55000,40,2,245,55.1599,34.24,302.65,21.53,11,6.67,0.000,9.286
55000,50,0,5187,48.6831,108.20,11.59,-19.37,6,-8.83,0.002,24.148
55000,50,1,518,45.6137,50.74,124.09,5.01,2,-2.11,0.000,17.579
55000,50,2,11,0.0002,0.00,15.50,9.55,0,5.12,0.000,10.002
55000,60,0,3855,1.1229,45.83,0.39,-27.05,0,-19.39,0.000,34.393
55000,70,0,4656,0.0000,29.45,0.02,-30.57,0,-27.17,0.000,42.172
55000,80,0,3564,0.0000,7.64,0.00,-30.77,0,-30.53,0.000,45.530
56000,-60,0,5828,803.9287,426.71,85.09,41.67,110,34.34,12.814,2.636
56000,-60,1,1904,456.5123,214.44,427.06,39.49,119,32.68,10.646,2.128
56000,-60,2,2,1.4347,0.22,2.30,42.05,0,31.20,5.716,0.080
56000,-50,0,7467,831.3076,747.53,72.56,42.52,25,38.48,16.156,2.282
56000,-50,1,1227,290.3089,223.64,379.86,62.64,6,37.51,13.974,1.410
56000,-50,2,4,0.0041,0.00,6.41,41.15,0,32.72,5.337,0.000
56000,-40,0,6493,988.3800,1126.32,46.97,47.66,5,41.96,18.930,1.947
56000,-40,1,1586,368.8837,372.49,548.08,66.89,1,40.25,15.975,1.101
56000,-40,2,2,0.0000,0.00,2.47,4.87,0,37.11,9.245,0.000
56000,-30,0,4477,1119.4873,1305.29,69.96,49.01,16,42.72,19.740,1.999
56000,-30,1,3035,947.4353,1025.81,1402.75,62.20,6,41.41,16.369,0.795
56000,-30,2,665,139.0578,134.57,978.84,66.82,2,41.34,12.518,0.000
56000,-20,0,1965,596.3027,797.56,38.78,40.15,2,41.55,19.123,2.339
56000,-20,1,2274,1096.8603,1253.54,941.49,55.09,2,40.81,16.291,1.053
56000,-20,2,3980,625.0526,596.07,11551.88,61.63,130,39.49,9.871,0.000
56000,-10,0,2010,873.6425,1154.56,31.95,46.25,14,38.57,17.180,2.958
56000,-10,1,1849,1238.9363,956.61,825.95,42.31,12,38.09,14.239,1.285
56000,-10,2,4365,548.3821,490.34,16276.05,57.28,252,35.69,6.418,0.000
56000,0,0,1993,855.0216,745.45,27.36,34.60,64,33.63,13.839,3.887
56000,0,1,1625,1124.9191,604.68,820.82,29.76,222,33.32,10.791,1.807
56000,0,2,4749,770.5347,399.93,15816.85,48.19,411,30.09,3.222,0.019
56000,10,0,3357,756.8256,321.64,52.15,20.08,162,25.79,9.024,5.735
56000,10,1,2513,659.3406,187.73,1323.73,18.72,320,25.53,6.344,3.536
56000,10,2,3575,301.2874,108.59,9970.23,45.60,294,21.49,1.044,0.816
56000,20,0,4366,444.8588,262.22,62.10,15.00,143,14.95,3.944,9.632
56000,20,1,2943,511.9742,258.39,1428.07,21.06,202,15.60,2.352,7.196
56000,20,2,1136,116.7238,64.80,2044.61,34.82,68,13.76,0.282,4.348
56000,30,0,7100,544.0839,456.62,72.32,9.07,117,4.61,0.709,14.350
56000,30,1,1948,428.5086,337.89,879.95,7.18,121,7.95,0.385,10.561
56000,30,2,226,41.8783,33.93,253.70,-1.88,3,2.90,0.004,12.421
56000,40,0,6909,145.6917,213.00,50.39,-2.03,15,-5.74,0.004,21.317
56000,40,1,1028,89.9825,100.57,435.74,-7.32,7,-2.18,0.001,17.617
56000,40,2,233,22.3626,18.77,283.60,-7.09,4,-1.33,0.000,16.330
56000,50,0,5198,4.2664,62.70,12.14,-13.60,3,-17.09,0.000,32.090
56000,50,1,507,3.3061,29.18,117.27,-14.83,1,-10.55,0.000,25.546
56000,50,2,11,0.0000,0.00,14.91,-7.50,0,-2.13,0.000,17.128
56000,60,0,3855,0.0000,27.03,0.37,-26.77,0,-27.23,0.000,42.232
56000,70,0,4656,0.0000,17.84,0.02,-31.68,0,-31.31,0.000,46.313
56000,80,0,3564,0.0000,4.63,0.00,-30.79,0,-30.78,0.000,45.776
57000,-60,0,5791,1251.9509,1140.40,82.94,24.89,41,37.42,14.748,1.934
57000,-60,1,1941,850.6874,331.90,446.07,22.39,233,35.98,12.566,1.354
57000,-60,2,2,0.3756,0.03,2.39,2.81,0,33.77,6.983,0.000
57000,-50,0,7476,1381.1555,1527.30,73.07,29.54,21,40.66,17.594,1.826
57000,-50,1,1218,447.5503,322.24,381.46,6.66,37,39.33,15.026,0.972
57000,-50,2,4,0.0000,0.00,6.58,3.61,0,35.08,6.657,0.000
57000,-40,0,6502,1223.0652,1629.98,47.01,30.41,16,43.21,19.787,1.683
57000,-40,1,1577,610.6166,694.05,540.77,12.76,3,41.33,16.604,0.848
57000,-40,2,2,0.0000,0.00,2.49,75.96,1,39.56,10.996,0.000
57000,-30,0,4490,1244.1826,1673.62,70.00,31.23,24,43.31,20.113,1.848
57000,-30,1,3042,1220.7133,1527.55,1399.65,21.03,15,41.90,16.638,0.681
57000,-30,2,645,167.0838,180.00,941.96,14.64,17,42.02,13.028,0.000
57000,-20,0,1974,726.1618,1056.71,39.17,23.78,3,41.00,18.713,2.353
57000,-20,1,2279,1288.5008,1741.92,942.73,33.96,3,40.88,16.277,1.004
57000,-20,2,3966,783.4269,753.79,11465.23,18.78,141,39.88,10.230,0.000
57000,-10,0,2025,896.2133,1395.45,33.15,9.80,7,36.95,16.059,3.146
57000,-10,1,1838,1218.3243,1469.05,827.09,41.69,76,37.49,13.772,1.325
57000,-10,2,4361,603.6765,652.23,16274.47,16.25,282,35.32,6.138,0.000
57000,0,0,1992,710.8477,882.98,27.23,8.16,12,31.44,12.511,4.308
57000,0,1,1612,750.7893,639.51,812.60,38.19,168,32.11,10.025,2.014
57000,0,2,4763,554.7782,318.60,15867.05,12.24,571,28.89,2.636,0.034
57000,10,0,3359,499.2109,316.42,52.40,5.07,150,23.23,7.770,6.517
57000,10,1,2480,520.5454,314.18,1303.81,26.41,178,23.71,5.446,4.043
57000,10,2,3606,298.0715,164.02,10007.27,7.07,337,19.75,0.817,1.242
57000,20,0,4374,284.5763,238.76,62.38,-4.14,55,12.02,2.932,10.925
57000,20,1,2930,476.7500,275.86,1422.66,5.92,216,13.14,1.620,8.223
57000,20,2,1141,130.9720,65.32,2045.57,7.62,84,11.68,0.157,5.466
57000,30,0,7109,467.0782,450.94,71.98,-6.57,109,1.70,0.314,16.069
57000,30,1,1952,368.1095,288.36,882.63,-4.62,92,5.12,0.114,12.255
57000,30,2,213,37.2920,42.09,235.68,-19.27,0,-0.48,0.000,15.537
57000,40,0,6919,106.3164,187.70,49.62,-14.79,36,-8.75,0.000,23.967
57000,40,1,1027,66.1547,101.75,428.01,-14.99,5,-5.32,0.000,20.473
57000,40,2,224,13.9597,19.87,265.83,-19.63,0,-4.59,0.000,19.590
57000,50,0,5215,0.1064,35.46,13.21,-24.68,2,-20.04,0.000,35.040
57000,50,1,490,0.0300,16.38,109.92,-22.60,0,-13.70,0.000,28.697
57000,50,2,11,0.0000,0.00,14.25,-9.30,0,-4.89,0.000,19.891
57000,60,0,3855,0.0000,15.80,0.35,-31.07,0,-29.61,0.000,44.613
57000,70,0,4656,0.0000,10.81,0.01,-31.81,0,-31.78,0.000,46.785
57000,80,0,3564,0.0000,2.80,0.00,-30.80,0,-30.79,0.000,45.795
58000,-60,0,5759,1954.3800,925.99,81.49,42.64,302,33.59,12.375,2.811
58000,-60,1,1973,774.9790,292.63,467.65,43.71,209,32.02,10.126,2.190
58000,-60,2,2,0.1134,0.04,2.48,60.30,0,31.58,5.540,0.009
58000,-50,0,7472,1867.3260,1510.32,72.62,49.30,92,37.97,15.836,2.395
58000,-50,1,1222,680.1529,509.14,387.33,61.07,155,36.45,13.177,1.488
58000,-50,2,4,0.0000,0.00,6.78,64.50,1,33.26,5.355,0.000
58000,-40,0,6504,1377.4279,1568.33,46.49,54.29,16,41.53,18.681,2.036
58000,-40,1,1575,1037.2277,1150.23,538.10,60.79,29,39.28,15.304,1.196
58000,-40,2,2,0.0000,0.00,2.49,23.22,0,38.05,9.847,0.000
58000,-30,0,4506,1302.0371,1588.95,69.86,54.72,23,42.34,19.490,2.062
58000,-30,1,3051,1563.7419,2062.39,1404.63,55.22,18,40.81,15.972,0.843
58000,-30,2,620,203.5000,214.03,903.27,61.17,16,41.00,12.260,0.000
58000,-20,0,1983,830.8780,1238.06,39.50,68.65,3,41.42,19.020,2.354
58000,-20,1,2296,1431.8021,1974.90,956.28,45.98,4,40.45,16.043,1.083
58000,-20,2,3940,780.9120,814.51,11391.59,51.25,134,39.41,9.789,0.000
58000,-10,0,2037,991.6200,1491.38,34.04,72.91,112,38.24,16.952,2.994
58000,-10,1,1830,1202.3609,1100.05,826.88,40.77,65,37.97,14.148,1.293
58000,-10,2,4357,598.5691,577.79,16301.30,45.65,205,35.60,6.349,0.000
58000,0,0,1993,841.3432,766.75,27.26,67.57,232,33.66,13.889,3.888
58000,0,1,1588,707.2604,313.94,793.87,37.84,145,33.37,10.861,1.833
58000,0,2,4786,415.1419,135.27,15953.75,40.14,423,30.00,3.207,0.019
58000,10,0,3356,498.8691,315.03,52.18,54.78,175,26.21,9.331,5.679
58000,10,1,2446,643.8382,289.85,1279.84,34.03,303,25.71,6.469,3.529
58000,10,2,3643,388.5723,172.78,10075.76,22.59,357,21.40,1.081,0.868
58000,20,0,4376,429.6098,373.88,62.24,38.25,67,15.27,4.199,9.633
58000,20,1,2916,533.8533,346.64,1415.99,24.03,187,15.55,2.431,7.277
58000,20,2,1153,136.8507,69.65,2060.31,2.51,111,13.76,0.306,4.430
58000,30,0,7119,547.8178,454.17,72.07,15.23,100,4.85,0.826,14.343
58000,30,1,1951,457.6339,384.30,887.01,21.69,63,8.12,0.448,10.540
58000,30,2,204,75.4168,85.00,224.00,31.16,2,2.96,0.003,12.425
58000,40,0,6923,167.4425,195.45,48.71,3.32,47,-5.46,0.009,21.153
58000,40,1,1039,144.6089,163.76,432.91,14.95,10,-1.80,0.002,17.321
58000,40,2,208,35.9417,40.14,244.55,21.64,4,-1.06,0.000,16.067
58000,50,0,5224,2.3286,21.61,13.51,-9.18,2,-16.77,0.000,31.776
58000,50,1,481,2.1661,11.57,104.08,6.06,0,-10.12,0.000,25.122
58000,50,2,11,0.0000,0.00,13.73,2.67,0,-2.63,0.000,17.627
58000,60,0,3855,0.0000,9.19,0.34,-21.96,0,-26.90,0.000,41.905
58000,70,0,4656,0.0000,6.55,0.01,-29.82,0,-31.22,0.000,46.223
58000,80,0,3564,0.0000,1.70,0.00,-30.82,0,-30.81,0.000,45.812
59000,-60,0,5738,1025.2230,394.64,80.66,5.07,448,22.19,6.035,5.833
59000,-60,1,1994,501.4767,148.50,483.57,0.45,182,20.25,4.107,5.454
59000,-60,2,2,0.2768,0.00,2.54,7.12,1,23.94,1.734,0.688
59000,-50,0,7462,1503.5712,934.42,71.95,8.69,411,28.61,10.017,4.436
59000,-50,1,1232,465.6641,97.43,394.77,16.23,199,28.01,8.069,3.252
59000,-50,2,4,0.0000,0.00,6.90,8.97,1,26.75,1.801,0.039
59000,-40,0,6503,1543.6417,1636.81,46.07,16.58,203,34.67,14.058,3.278
59000,-40,1,1576,914.6918,249.68,540.04,24.28,214,33.34,11.431,2.254
59000,-40,2,2,0.0000,0.00,2.46,13.28,0,32.32,6.119,0.007
59000,-30,0,4539,1497.1061,1842.66,70.93,24.62,100,37.88,16.420,2.819
59000,-30,1,3028,1699.9644,1731.83,1391.47,29.74,73,37.18,13.491,1.343
59000,-30,2,610,246.8241,179.01,883.33,32.61,58,38.07,10.057,0.006
59000,-20,0,1993,928.9902,1469.87,39.96,19.74,3,39.01,17.337,2.724
59000,-20,1,2308,1583.4349,2336.89,966.41,31.85,26,38.80,14.936,1.316
59000,-20,2,3918,751.3422,747.15,11340.82,36.63,268,37.87,8.466,0.000
59000,-10,0,2045,881.3907,1508.91,34.47,24.72,5,38.56,17.136,2.912
59000,-10,1,1827,1079.9611,1332.81,826.71,29.01,1,38.56,14.613,1.229
59000,-10,2,4352,449.0858,383.98,16307.14,39.00,223,36.19,6.799,0.000
59000,0,0,1990,530.5193,629.51,26.77,20.95,15,35.96,15.379,3.387
59000,0,1,1588,526.3735,498.07,792.43,30.30,5,35.98,12.604,1.431
59000,0,2,4789,231.5270,119.08,16005.40,36.63,272,32.73,4.709,0.003
59000,10,0,3356,448.6227,267.30,52.21,16.70,114,30.36,11.807,4.590
59000,10,1,2424,513.8438,292.36,1269.53,28.20,71,30.22,9.008,2.480
59000,10,2,3665,349.0750,148.99,10167.58,42.81,267,26.05,2.035,0.236
59000,20,0,4374,425.7139,161.05,61.99,15.05,187,21.51,7.137,7.410
59000,20,1,2905,519.8385,203.10,1416.25,31.82,246,22.18,5.087,4.907
59000,20,2,1166,150.5002,62.21,2095.72,44.00,87,19.97,1.024,1.943
59000,30,0,7119,696.6720,375.53,71.92,19.01,316,12.91,3.183,10.507
59000,30,1,1952,432.5014,143.50,891.91,19.47,176,15.68,2.314,6.999
59000,30,2,203,45.4709,11.64,222.74,-1.98,8,10.77,0.093,7.118
59000,40,0,6930,334.3420,223.03,49.01,12.51,128,3.58,0.584,14.905
59000,40,1,1035,206.0496,120.22,432.68,1.78,41,6.49,0.332,11.434
59000,40,2,205,29.9018,5.53,240.31,-4.20,8,7.04,0.000,9.203
59000,50,0,5231,24.6092,28.54,13.92,1.73,15,-7.33,0.006,22.812
59000,50,1,474,31.2158,30.21,101.08,-7.06,2,-1.51,0.001,17.169
59000,50,2,11,0.0015,0.00,13.51,7.43,0,4.11,0.000,11.062
59000,60,0,3855,0.7187,6.21,0.32,-10.37,0,-18.13,0.000,33.135
59000,70,0,4656,0.0000,3.97,0.01,-21.57,0,-26.38,0.000,41.380
59000,80,0,3564,0.0000,1.03,0.00,-29.12,0,-30.44,0.000,45.436
60000,-60,0,5737,476.3008,366.47,80.34,3.34,64,7.80,0.922,11.794
60000,-60,1,1995,334.6576,239.35,484.11,-1.43,44,5.60,0.273,12.254
60000,-60,2,2,0.0232,0.00,2.54,1.38,0,13.34,0.013,4.362
60000,-50,0,7460,1011.4868,491.21,71.66,15.67,380,16.47,3.947,8.291
60000,-50,1,1233,174.6867,82.41,396.78,-8.12,53,15.29,2.483,7.529
60000,-50,2,5,0.0000,0.00,7.92,6.08,0,16.92,0.090,2.229
60000,-40,0,6502,1245.1117,514.59,45.89,24.31,518,25.04,8.353,5.661
60000,-40,1,1577,280.0225,79.13,543.67,-1.30,144,23.17,5.899,4.801
60000,-40,2,2,0.0000,0.00,2.42,39.24,0,25.28,2.459,0.594
60000,-30,0,4543,1739.0214,1595.31,70.76,26.62,255,30.76,11.890,4.351
60000,-30,1,3025,1507.5049,826.04,1390.05,14.06,424,30.14,9.196,2.624
60000,-30,2,609,143.6811,85.62,879.25,9.03,68,31.97,6.027,0.159
60000,-20,0,1996,1168.6411,1744.83,40.03,32.75,27,34.89,14.740,3.609
60000,-20,1,2316,1853.9124,2121.72,974.13,24.42,139,34.57,12.167,1.970
60000,-20,2,3907,788.3927,869.78,11337.18,16.24,244,34.15,5.580,0.011
60000,-10,0,2058,1009.7732,1711.95,35.46,24.52,6,36.98,16.254,3.261
60000,-10,1,1820,1367.0110,1875.99,829.16,35.50,2,37.79,14.088,1.360
60000,-10,2,4346,534.8653,592.90,16280.31,17.25,249,35.37,6.124,0.000
60000,0,0,1992,616.5130,845.55,26.73,34.40,4,37.63,16.669,3.134
60000,0,1,1581,825.1660,946.38,786.30,37.37,9,38.23,14.147,1.147
60000,0,2,4794,406.7158,305.72,15993.33,20.05,252,34.92,6.148,0.000
60000,10,0,3357,515.9842,450.39,52.15,43.92,52,35.32,15.090,3.608
60000,10,1,2404,827.6682,635.22,1257.07,36.31,98,35.37,12.213,1.554
60000,10,2,3684,367.9509,230.18,10211.93,5.88,226,30.84,3.946,0.053
60000,20,0,4376,308.6965,242.81,62.19,31.20,81,28.84,11.370,5.442
60000,20,1,2883,511.2300,308.01,1406.39,17.95,119,29.49,8.970,2.966
60000,20,2,1186,193.1521,89.52,2133.43,7.69,104,26.94,3.062,0.579
60000,30,0,7110,648.3265,465.57,71.28,16.75,173,22.48,7.697,7.165
60000,30,1,1951,285.9596,147.56,892.24,26.58,143,25.16,6.395,3.831
60000,30,2,213,29.2483,9.94,235.28,37.51,26,21.26,2.111,2.644
60000,40,0,6923,447.7016,273.67,48.64,7.83,183,15.02,3.944,9.562
60000,40,1,1032,267.2631,102.21,429.18,33.26,140,18.13,3.089,5.950
60000,40,2,215,26.6225,8.53,253.24,38.36,28,18.13,0.950,3.403
60000,50,0,5227,101.3855,76.26,13.64,-2.06,35,5.48,0.928,13.835
60000,50,1,478,110.9384,27.42,102.54,27.97,54,11.27,1.161,9.226
60000,50,2,11,0.2573,0.23,13.60,28.78,1,14.15,0.072,4.264
60000,60,0,3855,17.6685,17.90,0.32,-7.01,1,-4.29,0.016,20.041
60000,70,0,4656,1.1347,3.42,0.01,-7.65,0,-12.93,0.000,27.942
60000,80,0,3564,0.0000,0.62,0.00,-11.41,0,-20.95,0.000,35.948
