step,lineage,size,hard,muscle,sensor,digestive,attack,bodies
5000,3,2106,38.2,1.5,0.1,23.8,1.4,454
5000,6,302,23.1,23.0,0.0,17.5,20.1,15
5000,2,249,39.6,1.0,2.6,20.8,1.0,40
5000,12,155,40.6,0.0,2.0,18.3,0.0,36
5000,1,87,24.0,20.3,0.0,19.7,18.9,3
5000,4,15,43.5,1.6,0.0,18.9,1.6,6
5000,11,6,38.0,0.3,0.0,25.7,0.3,2
6000,3,2247,41.0,0.5,0.1,22.1,0.5,461
6000,6,246,23.0,23.6,0.1,17.3,20.7,7
6000,2,91,43.0,0.7,0.8,19.5,0.6,16
6000,12,29,46.4,0.0,1.2,15.8,0.0,12
7000,3,2190,41.0,0.4,0.1,22.2,0.4,478
7000,6,251,22.9,23.9,0.1,17.1,20.7,7
7000,2,104,44.3,0.5,0.9,18.3,0.5,15
8000,3,1460,39.2,1.2,0.2,22.8,1.2,361
8000,6,274,23.2,23.6,0.1,17.1,20.7,15
8000,2,81,42.9,0.0,2.0,19.1,0.0,10
9000,3,691,44.2,0.2,0.0,19.6,0.2,133
9000,6,126,23.0,23.8,0.2,17.0,20.7,6
9000,2,5,48.6,0.0,0.0,15.2,0.0,4
10000,45,970,45.1,0.1,0.0,18.3,0.1,139
10000,3,466,44.5,0.2,0.0,19.2,0.2,84
10000,6,94,23.0,24.2,0.0,16.9,21.0,3
10000,46,48,43.9,0.2,0.0,19.9,0.2,14
11000,45,1144,45.2,0.1,0.0,18.3,0.1,152
11000,3,247,44.7,0.3,0.0,19.1,0.3,54
11000,6,113,24.5,22.3,0.0,17.1,20.8,7
11000,46,24,46.6,0.7,0.0,16.6,0.7,12
12000,45,1158,44.9,0.1,0.0,18.5,0.1,151
12000,3,181,44.4,0.3,0.1,19.2,0.3,45
12000,58,166,44.2,0.0,0.0,19.7,0.0,33
12000,55,117,44.3,0.0,0.1,19.5,0.0,25
12000,57,42,45.8,0.1,0.1,18.0,0.1,7
12000,6,22,24.0,22.9,0.0,17.0,20.0,2
12000,46,8,41.0,0.0,0.0,23.0,0.0,3
13000,45,1025,44.7,0.2,0.0,18.8,0.1,145
13000,62,742,26.3,19.9,0.2,17.3,19.6,38
13000,58,430,43.2,0.0,0.1,20.4,0.0,77
13000,3,324,44.2,0.1,0.0,19.6,0.1,59
13000,55,129,44.0,0.0,0.0,20.0,0.0,15
13000,57,80,45.1,0.1,0.0,18.8,0.1,12
13000,63,74,44.1,0.1,0.3,19.5,0.1,25
13000,64,10,42.8,0.0,0.0,21.1,0.0,3
14000,62,1002,31.5,14.1,0.2,18.0,13.9,88
14000,45,764,44.8,0.1,0.0,18.8,0.1,112
14000,58,496,42.2,0.0,0.0,21.7,0.0,97
14000,3,217,44.0,0.1,0.0,19.9,0.1,42
14000,57,180,44.7,0.2,0.0,19.1,0.2,30
14000,66,118,40.6,0.0,0.1,23.1,0.0,21
14000,55,90,44.8,0.0,0.0,19.0,0.0,20
14000,63,53,42.6,0.0,0.0,21.4,0.0,8
14000,68,45,44.3,0.0,0.0,19.7,0.0,8
15000,62,1878,37.5,7.6,0.1,18.5,7.5,219
15000,58,481,42.2,0.0,0.0,21.6,0.0,110
15000,57,217,44.3,0.1,0.1,19.5,0.1,41
15000,3,184,44.2,0.1,0.0,19.6,0.1,34
15000,66,103,40.9,0.0,0.2,22.7,0.0,20
15000,55,45,44.3,0.0,0.0,19.6,0.0,7
15000,68,43,43.9,0.4,0.0,19.6,0.4,8
15000,63,38,42.6,0.0,0.0,21.4,0.0,6
16000,62,664,25.4,20.8,0.2,17.3,20.6,31
16000,58,567,43.0,0.0,0.0,20.7,0.0,126
16000,57,214,44.3,0.1,0.0,19.6,0.1,35
16000,3,166,44.5,0.3,0.0,19.2,0.3,30
16000,77,115,45.1,0.6,0.0,18.2,0.4,25
16000,66,63,41.2,0.0,0.1,22.4,0.0,18
16000,55,24,45.5,0.0,0.0,18.3,0.0,6
16000,63,24,41.8,0.8,0.0,21.5,0.0,5
16000,68,18,44.3,0.0,0.0,19.7,0.0,4
17000,58,610,44.2,0.0,0.0,19.5,0.0,109
17000,62,580,25.6,20.4,0.3,17.2,20.0,32
17000,57,254,44.3,0.5,0.0,19.0,0.5,50
17000,77,186,45.2,0.5,0.0,18.3,0.5,37
17000,3,127,44.9,0.0,0.0,19.0,0.0,19
17000,55,18,44.2,0.8,0.0,18.6,0.8,6
17000,68,17,44.0,0.0,0.0,20.0,0.0,1
17000,66,11,40.9,0.0,0.0,22.7,0.0,5
18000,58,1063,44.3,0.0,0.0,19.5,0.0,150
18000,62,555,26.0,19.8,0.3,17.4,19.6,28
18000,77,280,44.5,0.5,0.0,18.8,0.5,45
18000,57,219,44.8,0.9,0.0,18.2,0.9,46
18000,3,142,44.6,0.2,0.0,19.2,0.2,25
18000,55,34,44.5,0.0,0.0,19.5,0.0,6
18000,78,25,44.5,0.7,0.0,18.1,0.7,4
18000,68,11,44.0,0.0,0.0,20.0,0.0,2
19000,58,1282,44.0,0.0,0.0,19.8,0.0,136
19000,62,463,25.6,19.6,0.5,17.4,19.4,30
19000,77,288,44.6,0.8,0.0,18.5,0.8,58
19000,57,159,44.8,0.2,0.0,18.9,0.2,35
19000,3,146,44.4,0.1,0.0,19.5,0.1,21
19000,78,31,45.2,0.2,0.2,18.4,0.2,11
19000,55,16,44.6,0.0,0.0,19.1,0.0,5
20000,58,1447,44.0,0.0,0.0,19.8,0.0,186
20000,84,466,44.5,0.1,0.0,19.3,0.1,60
20000,62,425,23.8,20.9,0.7,17.6,20.6,21
20000,77,372,44.4,0.6,0.0,19.0,0.6,63
20000,57,159,44.5,0.2,0.0,19.2,0.2,34
20000,3,132,43.8,0.2,0.0,19.9,0.2,29
20000,85,130,44.7,0.0,0.0,17.4,0.0,26
20000,78,26,45.0,0.4,0.0,18.6,0.4,6
20000,55,25,44.6,0.0,0.0,19.3,0.0,7
21000,58,1422,43.9,0.0,0.0,19.9,0.0,207
21000,84,517,42.5,0.2,0.0,20.6,0.2,93
21000,62,411,22.6,20.9,1.0,18.1,20.7,20
21000,77,334,44.2,0.6,0.0,19.2,0.6,61
21000,57,165,44.4,0.1,0.0,19.5,0.1,31
21000,3,139,44.3,0.6,0.0,19.1,0.5,31
21000,85,107,44.5,0.1,0.0,17.1,0.1,24
21000,55,16,44.7,0.0,0.0,19.1,0.0,4
21000,94,9,44.7,0.3,0.0,19.0,0.3,2
22000,58,1494,44.0,0.0,0.0,19.8,0.0,180
22000,62,435,23.3,21.2,0.7,17.6,20.9,19
22000,84,432,44.7,0.1,0.1,19.0,0.1,59
22000,77,305,44.1,0.7,0.0,19.2,0.6,53
22000,3,161,43.4,0.9,0.0,19.7,0.4,32
22000,57,126,44.2,0.3,0.0,19.4,0.3,35
22000,85,112,44.8,0.0,0.0,17.4,0.0,23
22000,55,17,44.2,0.0,0.0,19.8,0.0,3
23000,58,1534,43.8,0.0,0.0,20.1,0.0,171
23000,62,400,23.9,21.2,0.7,17.4,21.2,11
23000,84,392,44.7,0.0,0.0,19.2,0.0,50
23000,77,270,43.4,0.9,0.0,19.7,0.8,54
23000,3,153,44.5,0.1,0.0,19.4,0.1,20
23000,85,151,44.8,0.2,0.0,17.7,0.1,24
23000,57,90,44.6,0.0,0.0,19.3,0.0,15
23000,55,17,44.4,0.0,0.0,19.5,0.0,5
24000,58,1447,43.6,0.0,0.0,20.3,0.0,145
24000,62,434,24.3,21.4,0.4,17.2,21.4,10
24000,84,356,44.6,0.1,0.0,19.0,0.1,55
24000,77,206,43.7,0.7,0.0,19.6,0.7,42
24000,3,177,44.6,0.1,0.0,19.3,0.1,33
24000,104,169,44.7,0.1,0.0,19.0,0.1,30
24000,85,143,45.0,0.1,0.0,17.3,0.1,22
24000,57,48,44.1,0.1,0.0,19.7,0.1,10
24000,55,15,43.7,0.0,0.0,19.7,0.0,3
25000,58,1705,43.8,0.0,0.0,20.0,0.0,204
25000,84,436,44.7,0.1,0.0,19.1,0.1,73
25000,62,376,24.3,21.5,0.4,17.2,21.4,13
25000,77,289,43.4,0.7,0.0,19.9,0.7,54
25000,3,128,44.2,0.1,0.0,19.7,0.1,18
25000,104,110,45.0,0.0,0.0,19.0,0.0,17
25000,85,105,44.3,0.2,0.0,17.7,0.1,17
25000,57,65,44.3,0.1,0.0,19.6,0.1,12
25000,105,17,45.1,0.0,0.0,18.5,0.0,6
26000,58,1863,43.9,0.0,0.0,19.9,0.0,233
26000,62,441,24.1,21.1,0.6,17.4,21.0,18
26000,84,401,44.8,0.1,0.0,19.0,0.1,59
26000,85,121,44.4,0.1,0.0,17.6,0.1,23
26000,77,109,43.3,0.4,0.0,20.2,0.4,25
26000,104,93,44.8,0.4,0.0,18.5,0.3,22
26000,57,77,44.4,0.5,0.0,19.1,0.5,14
26000,3,64,44.0,0.2,0.0,19.7,0.1,16
27000,58,1454,44.0,0.0,0.1,19.9,0.0,174
27000,84,519,44.3,0.1,0.1,19.3,0.1,82
27000,62,384,23.9,21.1,0.6,17.6,21.0,16
27000,85,141,44.6,0.0,0.0,17.4,0.0,25
27000,77,102,43.9,0.5,0.0,19.6,0.3,25
27000,57,88,44.3,0.6,0.0,19.1,0.6,18
27000,3,75,43.7,0.1,0.0,20.1,0.1,16
27000,104,47,45.0,0.1,0.0,18.8,0.1,17
27000,105,6,37.0,0.0,0.0,19.3,0.0,3
28000,58,1561,43.9,0.0,0.1,19.9,0.0,206
28000,84,412,44.5,0.1,0.0,19.3,0.1,64
28000,62,234,25.7,21.5,0.0,16.7,21.3,16
28000,85,177,44.2,0.0,0.0,18.0,0.0,31
28000,77,125,43.9,0.4,0.0,19.7,0.4,30
28000,3,64,44.5,0.1,0.0,19.5,0.1,11
28000,104,44,44.1,0.0,0.0,19.4,0.0,12
28000,57,34,44.7,0.8,0.0,18.4,0.8,7
28000,105,17,41.5,0.0,0.0,21.5,0.0,3
29000,58,1835,43.9,0.0,0.0,19.7,0.0,235
29000,84,387,44.3,0.2,0.1,19.4,0.2,68
29000,62,360,24.1,21.4,0.5,17.3,21.2,13
29000,77,222,44.1,0.3,0.0,19.6,0.3,35
29000,85,70,44.9,0.0,0.0,16.7,0.0,20
29000,104,62,44.7,0.1,0.0,19.1,0.1,12
29000,3,53,44.3,0.1,0.0,19.6,0.1,9
29000,57,32,44.0,0.9,0.0,19.1,0.9,8
29000,105,13,43.9,0.0,0.0,19.5,0.0,3
30000,58,1794,44.1,0.0,0.0,19.4,0.0,250
30000,84,503,44.6,0.1,0.0,19.1,0.1,80
30000,62,328,24.2,21.4,0.5,17.3,21.1,16
30000,77,276,44.3,0.2,0.0,19.5,0.2,60
30000,104,90,44.8,0.1,0.0,19.0,0.1,20
30000,3,74,43.8,0.1,0.0,19.8,0.1,12
30000,118,41,43.5,1.1,0.0,19.3,1.1,14
30000,85,27,44.2,0.0,0.0,17.1,0.0,12
30000,57,21,44.5,1.0,0.0,18.5,1.0,3
31000,58,1398,43.3,0.0,0.0,20.2,0.0,203
31000,84,534,43.8,0.3,0.1,19.4,0.2,94
31000,62,343,24.1,21.3,0.5,17.3,21.2,14
31000,77,133,43.8,0.5,0.0,19.7,0.4,27
31000,104,87,43.5,0.5,0.0,20.0,0.5,18
31000,3,68,44.7,0.5,0.0,18.8,0.5,20
31000,85,29,44.2,0.0,0.0,17.6,0.0,5
31000,57,26,46.3,0.1,0.0,17.6,0.1,8
31000,118,16,42.9,1.9,0.0,18.9,1.9,7
31000,105,13,45.0,0.0,0.0,18.0,0.0,1
32000,58,1749,42.8,0.1,0.0,20.4,0.0,251
32000,84,924,36.6,7.1,0.3,19.0,6.9,154
32000,77,265,44.4,0.3,0.0,19.3,0.3,49
32000,104,90,44.1,0.2,0.0,19.7,0.2,22
32000,3,62,43.5,0.5,0.0,19.8,0.3,15
32000,85,50,44.6,0.0,0.0,17.2,0.0,8
32000,57,28,46.8,0.0,0.0,17.2,0.0,5
32000,118,18,42.5,3.1,0.0,18.3,3.1,8
32000,105,12,43.8,0.0,0.0,16.2,0.0,4
33000,58,1488,43.1,0.0,0.1,20.5,0.0,195
33000,84,561,41.0,0.7,0.5,20.8,0.6,142
33000,77,320,44.7,0.1,0.0,19.2,0.1,53
33000,104,97,45.0,0.1,0.0,18.9,0.1,10
33000,3,66,42.9,0.6,0.0,20.4,0.6,16
33000,118,64,39.1,3.9,0.0,20.9,3.2,19
33000,124,51,42.8,0.0,0.0,21.1,0.0,14
33000,85,34,44.7,0.0,0.0,17.2,0.0,5
33000,57,17,46.2,0.0,0.0,17.8,0.0,5
33000,105,10,44.0,0.0,0.0,18.0,0.0,2
34000,58,1443,43.1,0.0,0.0,20.5,0.0,188
34000,84,522,40.8,0.2,0.3,21.3,0.2,120
34000,77,341,44.3,0.1,0.0,19.5,0.1,62
34000,104,98,44.7,0.2,0.0,19.0,0.2,21
34000,124,83,42.1,0.0,0.0,21.8,0.0,13
34000,57,61,44.1,0.0,0.0,19.9,0.0,10
34000,118,58,41.8,0.6,0.0,21.7,0.6,17
34000,3,48,42.7,0.9,0.0,20.4,0.9,12
34000,105,47,32.3,0.0,0.0,28.0,0.0,16
34000,85,20,43.9,0.6,0.0,18.0,0.6,7
35000,58,1426,43.2,0.0,0.1,20.5,0.0,168
35000,84,600,43.5,0.1,0.0,19.9,0.1,108
35000,77,300,44.1,0.2,0.0,19.7,0.2,52
35000,118,50,41.9,0.6,0.0,21.5,0.4,11
35000,104,18,45.4,0.3,0.0,18.3,0.3,5
35000,3,18,44.0,0.0,0.0,20.0,0.0,2
35000,57,12,46.4,0.0,0.0,17.6,0.0,5
35000,105,8,42.6,0.0,0.0,17.9,0.0,4
36000,58,1422,43.3,0.0,0.1,20.5,0.0,148
36000,84,520,44.2,0.1,0.0,19.5,0.1,93
36000,77,272,44.1,0.1,0.0,19.7,0.1,47
36000,118,34,41.2,0.2,0.2,21.9,0.2,13
36000,104,10,44.6,0.4,0.0,19.0,0.4,3
36000,3,9,42.2,0.3,0.0,21.4,0.3,3
36000,124,5,43.6,0.0,0.0,20.4,0.0,2
37000,58,1656,41.5,0.2,0.1,20.1,0.1,268
37000,84,579,43.6,0.1,0.0,19.9,0.1,88
37000,132,299,23.8,21.3,0.6,17.4,21.0,13
37000,77,275,44.6,0.2,0.0,19.2,0.2,40
37000,133,260,38.1,0.7,0.0,24.6,0.6,92
37000,3,23,44.7,0.2,0.0,19.1,0.2,6
37000,118,10,44.6,0.9,0.0,18.5,0.9,4
38000,58,1589,43.0,0.0,0.0,20.3,0.0,226
38000,84,510,44.2,0.1,0.0,19.5,0.1,96
38000,133,326,38.1,1.4,0.1,24.2,1.3,109
38000,77,291,44.5,0.3,0.0,19.1,0.1,50
38000,132,283,24.4,21.7,0.3,17.2,21.3,13
38000,118,21,46.1,0.1,0.0,17.4,0.1,5
38000,3,8,42.6,0.0,0.0,21.4,0.0,2
39000,58,1442,43.0,0.0,0.0,20.5,0.0,185
39000,84,512,43.5,0.1,0.0,20.2,0.1,65
39000,132,284,24.0,21.7,0.4,17.2,21.1,20
39000,77,282,44.4,0.1,0.1,19.3,0.1,36
39000,133,254,36.4,3.4,0.0,23.8,3.3,80
39000,139,56,39.8,0.0,0.0,21.1,0.0,9
39000,118,11,46.6,0.0,0.0,17.4,0.0,3
39000,3,8,44.0,0.0,0.0,20.0,0.0,1
40000,58,1408,42.7,0.0,0.1,20.9,0.0,175
40000,84,482,41.8,0.2,0.1,21.3,0.2,104
40000,77,389,44.4,0.2,0.0,19.3,0.2,57
40000,132,305,24.6,21.5,0.3,17.1,21.4,15
40000,133,278,36.3,4.0,0.0,23.1,3.9,110
40000,139,20,40.8,0.0,0.2,19.0,0.0,6
41000,58,1597,42.6,0.0,0.1,20.9,0.0,195
41000,77,514,44.5,0.1,0.0,19.4,0.1,53
41000,132,382,25.2,21.9,0.0,16.8,21.8,13
41000,84,222,44.6,0.0,0.0,19.0,0.0,39
41000,133,174,37.3,4.2,0.0,22.3,4.1,70
41000,150,11,29.4,0.0,0.0,28.9,0.0,8
42000,58,1511,43.0,0.0,0.0,20.2,0.0,168
42000,77,602,44.4,0.2,0.0,19.3,0.2,71
42000,132,373,25.4,21.7,0.0,16.9,21.6,17
42000,84,276,43.8,0.2,0.0,19.7,0.2,58
42000,133,92,36.8,0.5,0.0,26.6,0.5,37
42000,150,28,25.0,18.8,2.3,17.0,16.1,8
43000,58,1747,43.1,0.0,0.0,20.2,0.0,231
43000,77,594,44.5,0.1,0.0,19.4,0.1,79
43000,132,343,25.3,21.8,0.0,16.9,21.6,15
43000,84,200,44.7,0.1,0.0,19.0,0.1,37
43000,155,155,43.5,0.0,0.1,20.3,0.0,20
43000,133,25,44.9,1.2,0.0,17.6,1.2,7
43000,150,9,22.0,20.0,4.0,18.0,18.0,1
44000,58,1793,43.4,0.0,0.1,20.1,0.0,220
44000,77,634,44.3,0.2,0.0,19.5,0.1,77
44000,84,314,44.3,0.1,0.0,19.4,0.1,61
44000,132,292,25.4,21.9,0.0,16.7,21.4,14
44000,155,170,44.1,0.1,0.0,19.8,0.1,15
44000,150,9,18.3,20.7,3.6,21.4,18.3,2
45000,58,1856,43.3,0.0,0.1,19.8,0.0,229
45000,77,663,44.0,0.2,0.0,19.8,0.2,91
45000,84,306,44.8,0.1,0.0,19.0,0.1,60
45000,132,302,25.3,21.9,0.0,16.8,21.6,13
45000,155,80,44.0,0.2,0.2,19.4,0.2,13
45000,166,54,43.7,0.0,0.0,20.2,0.0,5
46000,58,1870,36.6,0.1,0.1,19.1,0.0,315
46000,77,625,42.9,0.8,0.0,20.2,0.8,99
46000,132,293,25.8,21.5,0.0,16.6,21.5,16
46000,84,212,44.5,0.1,0.0,19.1,0.1,40
46000,155,62,44.5,0.0,0.1,19.4,0.0,9
46000,166,28,44.5,0.4,0.0,18.8,0.4,5
47000,58,1288,43.8,0.0,0.1,19.9,0.0,149
47000,77,737,42.5,1.4,0.4,19.6,1.4,106
47000,132,330,25.0,22.1,0.0,16.9,21.5,11
47000,84,172,44.6,0.0,0.0,19.0,0.0,30
47000,155,77,40.6,1.0,0.0,22.4,0.7,18
47000,166,11,43.6,0.0,0.7,19.6,0.0,2
48000,58,1429,43.8,0.0,0.0,20.0,0.0,145
48000,77,668,42.4,0.9,0.7,19.9,0.9,97
48000,132,325,25.2,21.8,0.1,17.0,21.7,13
48000,84,168,44.4,0.1,0.0,18.8,0.1,33
48000,155,42,43.2,0.4,0.2,19.7,0.3,11
49000,58,1304,43.9,0.0,0.1,19.9,0.0,133
49000,77,608,44.9,0.5,0.0,18.7,0.5,96
49000,132,430,25.1,21.9,0.0,16.9,21.5,23
49000,84,165,44.4,0.0,0.0,18.9,0.0,31
49000,155,25,43.4,0.1,0.0,20.5,0.1,4
50000,58,1309,44.1,0.0,0.0,19.8,0.0,132
50000,77,627,44.5,0.5,0.0,19.0,0.5,94
50000,132,390,25.0,22.0,0.0,17.0,21.7,12
50000,183,208,0.0,0.0,0.0,9.4,0.0,58
50000,181,153,37.6,3.2,0.6,22.2,3.1,44
50000,84,147,44.8,0.1,0.0,18.5,0.1,29
50000,155,35,39.3,0.2,0.3,22.5,0.2,10
51000,58,1068,43.8,0.0,0.0,20.1,0.0,103
51000,77,698,44.5,0.4,0.0,19.1,0.3,107
51000,132,323,25.5,21.7,0.0,16.8,21.5,13
51000,183,181,0.0,0.0,0.0,8.7,0.0,43
51000,181,118,43.2,0.2,0.0,20.0,0.2,42
51000,84,87,44.1,0.2,0.0,18.6,0.2,17
51000,155,40,38.7,0.1,1.7,23.0,0.1,11
52000,58,1102,44.1,0.0,0.1,19.8,0.0,109
52000,77,593,44.5,0.2,0.0,19.3,0.2,70
52000,132,390,25.1,22.0,0.0,17.0,21.7,14
52000,183,348,0.1,0.0,0.1,6.3,0.0,70
52000,181,183,33.3,1.0,0.0,28.7,0.6,64
52000,84,61,44.3,0.0,0.0,18.8,0.0,10
52000,155,15,39.1,1.5,1.9,21.5,1.5,5
53000,183,1349,0.3,0.2,0.0,7.3,0.1,196
53000,58,984,43.5,0.0,0.0,20.0,0.0,96
53000,77,676,44.1,0.4,0.0,19.5,0.4,91
53000,198,481,42.8,0.0,0.0,19.7,0.0,98
53000,132,380,25.4,21.8,0.0,16.8,21.6,16
53000,181,110,40.0,1.0,0.1,22.7,1.0,33
53000,84,70,44.3,0.3,0.1,18.5,0.3,12
54000,58,1062,44.2,0.0,0.1,19.7,0.0,102
54000,77,713,44.4,0.3,0.0,19.3,0.3,94
54000,132,406,25.2,22.0,0.0,16.9,21.8,8
54000,198,395,42.6,0.0,0.1,19.6,0.0,84
54000,181,229,37.3,0.0,0.0,26.6,0.0,58
54000,183,196,0.1,0.0,0.0,5.0,0.0,40
54000,84,141,44.3,0.0,0.0,19.5,0.0,19
54000,203,18,44.0,0.0,0.0,20.0,0.0,1
55000,58,1022,44.0,0.0,0.0,19.9,0.0,99
55000,77,649,44.5,0.3,0.0,19.2,0.3,92
55000,183,495,0.1,0.0,0.0,7.5,0.0,110
55000,198,408,41.9,0.0,0.0,20.2,0.0,75
55000,132,362,25.4,21.7,0.0,16.8,21.6,11
55000,207,226,44.5,0.0,0.1,19.4,0.0,41
55000,181,222,38.3,0.2,0.0,25.3,0.1,62
55000,203,121,33.6,0.4,0.4,29.4,0.2,23
55000,84,106,44.6,0.0,0.0,19.4,0.0,12
56000,58,1190,44.2,0.0,0.0,19.7,0.0,147
56000,183,761,0.1,0.0,0.1,8.5,0.0,186
56000,77,570,44.3,0.5,0.0,19.2,0.4,86
56000,132,498,25.5,21.7,0.0,16.8,21.6,19
56000,198,390,40.2,0.0,0.1,20.3,0.0,76
56000,181,238,35.6,0.1,0.0,27.6,0.1,65
56000,84,136,44.6,0.0,0.1,19.1,0.0,20
56000,203,7,44.0,0.0,0.0,20.0,0.0,1
57000,58,1133,44.1,0.0,0.1,19.7,0.0,135
57000,77,619,44.9,0.6,0.0,18.5,0.6,93
57000,198,603,44.3,0.0,0.1,18.9,0.0,74
57000,132,502,25.2,21.9,0.0,16.9,21.8,9
57000,183,317,0.0,0.0,0.2,6.1,0.0,70
57000,84,78,44.6,0.0,0.0,19.4,0.0,12
57000,203,20,45.3,0.0,0.0,18.5,0.0,4
57000,221,17,45.1,0.0,0.0,18.9,0.0,4
57000,181,7,44.3,0.0,0.0,19.7,0.0,2
58000,58,1082,44.1,0.0,0.0,19.7,0.0,132
58000,198,647,43.9,0.0,0.1,19.3,0.0,74
58000,77,573,44.7,0.3,0.0,19.0,0.3,78
58000,132,479,25.3,21.9,0.0,16.8,21.6,19
58000,183,128,0.1,0.1,0.0,5.4,0.0,22
58000,84,121,44.5,0.0,0.0,19.5,0.0,13
58000,221,20,44.2,0.0,0.0,19.8,0.0,2
59000,58,929,44.1,0.1,0.1,19.6,0.1,126
59000,198,786,43.9,0.0,0.0,19.1,0.0,85
59000,77,540,44.5,0.4,0.0,19.1,0.4,70
59000,132,467,25.3,21.9,0.0,16.7,21.6,19
59000,84,174,44.7,0.0,0.0,19.1,0.0,21
59000,183,63,0.4,0.6,0.0,11.0,0.0,26
59000,221,16,46.5,0.0,0.0,17.5,0.0,2
60000,58,1197,44.1,0.0,0.1,19.7,0.0,150
60000,198,721,44.0,0.0,0.0,19.3,0.0,78
60000,132,530,25.2,21.9,0.0,16.9,21.7,16
60000,77,504,44.5,0.5,0.0,19.0,0.4,62
60000,84,147,44.6,0.0,0.0,19.2,0.0,24
60000,183,69,1.0,0.2,0.0,14.5,0.0,36
60000,221,17,47.7,0.0,0.4,15.9,0.0,5
61000,198,728,44.0,0.0,0.0,19.2,0.0,95
61000,58,580,43.7,0.1,0.1,20.0,0.1,81
61000,77,540,44.3,0.6,0.0,18.8,0.6,77
61000,132,456,25.2,21.9,0.0,16.9,21.7,17
61000,84,144,44.4,0.2,0.0,19.2,0.2,28
61000,183,73,7.7,1.5,0.0,10.0,1.4,22
62000,198,682,44.2,0.0,0.0,19.4,0.0,69
62000,58,637,44.1,0.0,0.0,19.8,0.0,57
62000,77,557,44.7,0.6,0.0,18.7,0.6,74
62000,132,445,25.2,21.9,0.0,16.9,21.5,21
62000,84,170,44.7,0.1,0.0,18.9,0.1,31
62000,243,103,0.2,0.4,0.4,6.9,0.0,24
63000,58,1025,44.0,0.0,0.0,19.7,0.0,129
63000,198,629,44.2,0.0,0.0,19.1,0.0,70
63000,77,533,44.6,0.6,0.0,18.9,0.6,67
63000,132,445,25.1,22.0,0.0,16.8,21.5,18
63000,84,190,44.7,0.1,0.0,19.0,0.1,30
63000,247,128,0.0,0.0,0.0,5.5,0.0,22
63000,243,26,0.0,0.4,1.3,9.9,0.0,12
63000,248,13,43.3,0.0,0.0,20.7,0.0,4
64000,58,1053,44.6,0.1,0.1,19.1,0.1,147
64000,198,604,43.9,0.0,0.1,19.3,0.0,69
64000,132,558,25.4,22.0,0.0,16.5,21.6,35
64000,77,409,44.5,0.7,0.0,18.6,0.7,67
64000,84,170,45.1,0.1,0.0,18.4,0.1,36
64000,247,126,0.0,0.0,0.0,4.8,0.0,14
65000,58,1067,43.9,0.1,0.0,19.8,0.1,122
65000,198,568,44.1,0.0,0.0,19.3,0.0,65
65000,77,525,45.0,0.5,0.0,18.5,0.4,85
65000,132,492,24.7,22.3,0.0,16.9,21.8,19
65000,247,355,0.0,0.1,0.0,7.8,0.0,78
65000,252,231,45.1,0.0,0.0,18.8,0.0,52
65000,84,202,44.5,0.1,0.0,19.4,0.1,33
65000,248,12,44.1,0.0,0.0,19.9,0.0,2
66000,58,1207,44.5,0.0,0.0,19.3,0.0,163
66000,198,563,44.2,0.0,0.1,19.2,0.0,67
66000,132,480,24.6,22.1,0.0,17.2,21.7,13
66000,77,421,44.8,0.4,0.0,18.8,0.4,70
66000,260,348,0.2,0.1,0.1,8.9,0.0,80
66000,247,272,0.0,0.0,0.1,7.9,0.0,60
66000,252,261,44.4,0.0,0.1,19.2,0.0,41
66000,84,212,44.8,0.0,0.0,19.1,0.0,36
66000,248,7,44.1,0.0,0.0,19.9,0.0,2
67000,58,675,44.1,0.0,0.1,19.7,0.0,56
67000,132,523,24.9,22.2,0.0,16.8,21.8,17
67000,198,513,44.2,0.0,0.0,19.3,0.0,56
67000,77,459,45.0,0.2,0.0,18.7,0.2,58
67000,260,351,0.4,0.0,0.1,10.4,0.0,101
67000,84,263,44.9,0.0,0.0,18.8,0.0,43
67000,252,241,45.0,0.0,0.0,18.9,0.0,47
67000,247,149,0.0,0.0,0.1,7.0,0.0,40
67000,248,16,42.1,0.0,0.0,21.9,0.0,4
68000,58,687,44.4,0.0,0.0,19.6,0.0,66
68000,198,560,44.3,0.0,0.0,19.1,0.0,63
68000,132,505,24.6,22.2,0.0,17.1,21.7,13
68000,77,483,45.1,0.3,0.0,18.5,0.3,80
68000,260,308,0.1,0.0,0.0,7.5,0.0,59
68000,252,252,44.5,0.0,0.0,19.4,0.0,32
68000,84,235,44.5,0.1,0.0,19.0,0.1,37
68000,247,121,0.0,0.1,0.1,5.4,0.0,31
68000,248,26,44.0,0.0,0.0,20.0,0.0,3
69000,198,568,44.3,0.0,0.0,19.1,0.0,73
69000,58,548,44.0,0.0,0.0,19.8,0.0,55
69000,77,505,44.9,0.3,0.0,18.8,0.3,80
69000,132,485,25.4,21.8,0.0,16.8,21.6,20
69000,252,316,44.6,0.0,0.1,19.2,0.0,50
69000,260,300,0.0,0.0,0.0,7.0,0.0,52
69000,84,243,44.5,0.1,0.0,19.1,0.1,43
69000,247,234,0.0,0.0,0.1,7.2,0.0,53
69000,248,27,44.3,0.0,0.0,19.7,0.0,4
70000,198,612,44.3,0.0,0.0,19.1,0.0,70
70000,58,492,44.0,0.0,0.0,19.8,0.0,46
70000,132,453,25.2,21.9,0.0,16.8,21.5,24
70000,260,436,0.1,0.0,0.0,7.2,0.0,77
70000,84,344,45.0,0.1,0.0,18.7,0.1,53
70000,77,337,44.7,0.3,0.0,19.0,0.0,41
70000,252,281,43.9,0.0,0.0,20.0,0.0,47
70000,247,198,0.0,0.0,0.1,4.1,0.0,30
70000,248,19,44.4,0.0,0.0,19.6,0.0,3
71000,198,617,44.2,0.0,0.0,19.2,0.0,74
71000,58,550,43.9,0.0,0.1,19.9,0.0,49
71000,274,458,43.7,0.4,0.1,19.4,0.4,90
71000,132,452,25.2,21.9,0.0,16.8,21.7,15
71000,260,447,0.1,0.0,0.0,7.4,0.0,93
71000,77,264,44.3,0.4,0.0,19.3,0.3,46
71000,252,242,44.5,0.0,0.1,19.4,0.0,36
71000,84,208,45.3,0.2,0.0,18.1,0.2,28
71000,247,191,0.0,0.0,0.1,6.0,0.0,34
71000,248,26,44.0,0.0,0.0,20.0,0.0,1
72000,198,571,44.1,0.0,0.0,19.2,0.0,71
72000,58,494,44.0,0.0,0.0,20.0,0.0,35
72000,260,453,0.1,0.0,0.1,8.1,0.0,82
72000,132,441,25.1,21.8,0.0,17.0,21.1,30
72000,274,414,44.4,0.1,0.1,19.3,0.1,76
72000,84,352,44.4,0.1,0.0,19.3,0.1,51
72000,252,302,44.1,0.0,0.2,19.5,0.0,49
72000,77,285,44.9,0.2,0.0,18.9,0.2,42
72000,247,53,0.0,0.0,0.0,3.8,0.0,12
72000,248,23,44.3,0.0,0.0,19.7,0.0,4
73000,198,569,44.2,0.0,0.0,19.3,0.0,66
73000,260,468,0.3,0.0,0.1,8.1,0.0,95
73000,132,457,25.3,21.9,0.0,16.7,21.6,18
73000,274,446,43.3,0.3,0.2,20.1,0.3,90
73000,58,438,43.1,0.0,0.0,20.4,0.0,46
73000,84,346,43.9,0.0,0.0,19.7,0.0,53
73000,77,297,44.4,0.5,0.0,19.0,0.4,52
73000,252,275,43.6,0.0,0.0,20.4,0.0,38
73000,247,173,0.0,0.0,0.1,6.6,0.0,34
73000,248,37,44.5,0.0,0.0,19.5,0.0,6
74000,198,552,44.3,0.0,0.0,19.1,0.0,67
74000,132,522,25.0,21.9,0.0,17.1,21.5,18
74000,260,505,0.1,0.0,0.1,7.0,0.0,90
74000,58,498,41.3,0.0,0.1,21.0,0.0,76
74000,274,442,44.3,0.0,0.0,19.6,0.0,66
74000,84,374,44.3,0.0,0.0,19.4,0.0,50
74000,252,317,44.4,0.0,0.0,19.5,0.0,44
74000,77,157,45.7,0.1,0.0,18.1,0.1,19
74000,247,90,0.0,0.0,0.1,8.9,0.0,27
74000,282,58,44.6,1.0,0.0,18.4,1.0,10
75000,198,553,44.1,0.0,0.2,19.3,0.0,66
75000,260,549,0.2,0.0,0.2,6.8,0.0,110
75000,132,495,25.5,21.7,0.0,16.7,21.4,24
75000,58,476,42.5,0.0,0.0,21.0,0.0,63
75000,252,380,44.2,0.0,0.0,19.8,0.0,57
75000,274,361,43.6,0.0,0.0,19.8,0.0,74
75000,84,339,44.6,0.1,0.0,19.1,0.1,49
75000,77,293,44.4,0.8,0.0,18.8,0.8,61
75000,247,205,0.0,0.1,0.2,10.6,0.0,53
75000,282,76,44.7,1.0,0.0,18.3,1.0,11
75000,286,56,45.1,0.0,0.0,18.7,0.0,13
76000,132,483,25.4,21.9,0.0,16.7,21.4,20
76000,198,482,44.1,0.0,0.1,19.3,0.0,61
76000,247,476,0.0,0.0,0.2,9.1,0.0,106
76000,252,449,44.5,0.0,0.0,19.5,0.0,57
76000,58,414,43.1,0.0,0.0,20.4,0.0,37
76000,274,361,44.0,0.0,0.1,19.7,0.0,65
76000,84,334,44.3,0.4,0.0,19.3,0.4,44
76000,260,280,0.1,0.1,0.1,6.7,0.0,74
76000,77,174,38.2,3.5,0.0,22.2,2.6,39
76000,282,74,44.9,0.7,0.0,18.2,0.7,12
76000,286,49,45.0,0.0,0.0,18.9,0.0,12
76000,287,48,46.2,0.4,0.0,17.4,0.4,9
77000,198,533,43.9,0.0,0.1,19.5,0.0,73
77000,132,438,25.3,22.0,0.0,16.7,21.5,20
77000,252,397,44.3,0.0,0.0,19.6,0.0,58
77000,58,384,44.0,0.0,0.0,19.9,0.0,50
77000,274,362,44.1,0.1,0.0,19.7,0.1,64
77000,84,338,44.3,0.1,0.0,19.4,0.1,58
77000,260,307,0.8,0.5,0.1,7.5,0.0,76
77000,77,305,44.0,0.7,0.0,19.2,0.6,64
77000,247,183,0.0,0.0,0.1,6.7,0.0,49
77000,286,115,44.1,0.0,0.0,19.5,0.0,25
77000,282,46,45.0,0.7,0.0,18.3,0.7,13
77000,287,45,45.9,0.1,0.0,18.0,0.1,12
78000,58,479,42.7,0.0,0.1,20.5,0.0,71
78000,132,441,24.9,21.8,0.0,17.2,21.0,26
78000,252,426,44.2,0.0,0.0,19.6,0.0,69
78000,198,422,43.4,0.0,0.0,19.6,0.0,66
78000,274,378,44.2,0.1,0.0,19.6,0.1,69
78000,84,323,44.3,0.2,0.0,19.2,0.2,55
78000,260,272,0.4,0.2,0.0,8.1,0.0,69
78000,247,224,0.2,0.0,0.1,13.5,0.0,62
78000,77,187,42.4,2.0,0.0,19.5,1.8,37
78000,286,96,44.0,0.2,0.0,19.5,0.2,12
78000,287,69,44.9,0.1,0.0,19.0,0.1,13
78000,282,66,44.0,1.1,0.0,18.8,1.1,13
79000,260,480,0.2,0.4,0.1,7.4,0.0,86
79000,252,452,44.5,0.0,0.1,19.3,0.0,67
79000,274,428,44.0,0.0,0.0,19.5,0.0,79
79000,198,426,44.0,0.0,0.0,19.4,0.0,76
79000,132,402,25.2,21.6,0.0,17.2,21.2,18
79000,58,367,42.8,0.0,0.0,20.9,0.0,52
79000,84,303,44.5,0.1,0.0,19.1,0.1,50
79000,77,299,43.4,1.1,0.0,19.5,0.9,52
79000,286,105,44.1,0.0,0.0,19.7,0.0,19
79000,287,49,45.5,0.3,0.0,18.2,0.3,12
79000,282,36,45.1,0.9,0.0,18.0,0.9,7
79000,247,6,0.0,0.0,0.0,5.3,0.0,2
80000,77,495,42.7,1.1,0.1,19.5,1.0,98
80000,252,448,44.3,0.0,0.1,19.6,0.0,61
80000,260,390,0.1,0.3,0.1,7.6,0.0,83
80000,198,388,43.7,0.0,0.0,19.3,0.0,84
80000,132,368,25.7,21.7,0.0,16.6,21.5,13
80000,58,365,42.2,0.0,0.0,21.6,0.0,48
80000,84,363,44.4,0.0,0.0,19.4,0.0,50
80000,274,264,43.4,0.1,0.0,20.3,0.1,40
80000,286,42,44.0,0.0,0.0,19.8,0.0,7
80000,282,26,44.7,1.6,0.0,17.7,1.6,5
81000,260,520,0.1,0.2,0.1,8.2,0.0,119
81000,252,487,44.4,0.0,0.1,19.4,0.0,70
81000,58,452,40.6,0.0,0.1,22.2,0.0,80
81000,77,431,42.8,1.5,0.0,19.7,1.3,85
81000,132,422,25.3,21.8,0.0,16.9,21.6,10
81000,198,322,44.1,0.0,0.0,19.4,0.0,59
81000,84,290,45.0,0.1,0.0,18.8,0.1,40
81000,274,269,44.1,0.1,0.0,19.9,0.0,34
81000,307,114,0.9,0.0,0.0,6.4,0.0,30
81000,306,51,42.7,0.4,0.0,20.6,0.4,14
81000,282,33,45.2,1.1,0.0,17.7,1.1,6
81000,309,29,45.1,0.1,0.0,18.8,0.1,4
81000,286,12,45.2,0.0,0.0,18.8,0.0,2
82000,260,584,0.0,0.2,0.1,7.4,0.0,108
82000,252,455,44.7,0.0,0.0,19.2,0.0,69
82000,132,455,24.6,22.5,0.0,16.9,21.6,24
82000,58,416,41.9,0.0,0.1,21.8,0.0,55
82000,274,401,43.8,0.0,0.1,20.0,0.0,49
82000,77,362,44.7,0.5,0.0,18.8,0.5,78
82000,84,344,44.5,0.0,0.0,19.2,0.0,40
82000,198,333,44.0,0.0,0.0,19.6,0.0,54
82000,307,144,1.1,0.1,0.0,8.7,0.1,45
82000,306,72,43.9,0.0,0.2,19.7,0.0,14
82000,282,66,44.7,0.6,0.0,18.6,0.6,13
82000,286,34,44.3,0.0,0.0,19.7,0.0,3
83000,252,409,44.3,0.0,0.0,19.6,0.0,57
83000,132,381,25.3,22.0,0.0,16.6,21.6,20
83000,58,362,43.7,0.0,0.1,20.1,0.0,49
83000,274,347,43.9,0.0,0.0,20.0,0.0,52
83000,77,346,44.4,0.5,0.0,19.1,0.3,61
83000,198,323,44.3,0.0,0.1,19.2,0.0,58
83000,260,312,0.2,0.0,0.1,8.7,0.0,61
83000,307,305,1.0,0.1,0.1,8.3,0.0,81
83000,84,255,44.6,0.0,0.0,19.3,0.0,31
83000,282,225,44.2,1.3,0.0,18.5,1.3,27
83000,306,137,44.1,0.1,0.3,19.0,0.1,31
83000,286,124,44.5,0.2,0.0,19.1,0.2,24
84000,132,713,24.9,22.4,0.0,16.7,21.9,44
84000,260,419,0.2,0.1,0.2,7.8,0.0,88
84000,198,372,44.1,0.0,0.0,19.2,0.0,69
84000,58,327,44.3,0.0,0.1,19.6,0.0,45
84000,274,301,46.1,0.0,0.0,17.9,0.0,45
84000,84,274,45.8,0.2,0.0,18.0,0.1,59
84000,252,260,45.3,0.0,0.1,18.6,0.0,56
84000,77,128,44.1,0.6,0.0,19.3,0.6,23
84000,306,123,46.0,0.2,0.1,17.2,0.2,26
84000,307,112,1.8,0.0,0.0,6.3,0.0,38
84000,282,84,44.5,1.6,0.0,17.9,1.6,17
84000,286,69,44.5,0.0,0.0,19.2,0.0,19
85000,132,593,24.3,22.8,0.0,17.0,22.5,19
85000,58,585,45.4,0.0,0.0,18.5,0.0,73
85000,260,385,0.1,0.0,0.1,6.4,0.0,64
85000,274,274,46.2,0.0,0.0,17.7,0.0,29
85000,252,225,45.1,0.0,0.0,18.8,0.0,57
85000,198,190,43.4,0.0,0.0,19.9,0.0,40
85000,77,152,43.1,1.5,0.1,19.4,1.1,44
85000,286,133,46.6,0.0,0.0,17.4,0.0,16
85000,282,124,45.0,1.1,0.0,17.9,1.1,30
85000,306,96,46.2,0.0,0.1,17.6,0.0,15
85000,84,88,43.4,0.1,0.0,19.8,0.1,30
85000,307,63,0.4,0.5,0.0,12.7,0.1,30
86000,132,541,24.4,22.6,0.0,16.9,22.5,18
86000,260,484,0.0,0.0,0.2,7.8,0.0,83
86000,58,321,44.6,0.0,0.1,19.3,0.0,47
86000,274,246,46.2,0.0,0.1,17.6,0.0,45
86000,198,231,43.3,0.0,0.0,19.7,0.0,49
86000,252,188,44.8,0.0,0.0,19.2,0.0,39
86000,286,125,45.5,0.0,0.0,18.2,0.0,21
86000,282,123,44.4,1.5,0.0,18.0,1.5,17
86000,306,119,46.7,0.1,0.0,17.1,0.1,17
86000,77,119,43.9,0.9,0.0,19.1,0.9,36
86000,330,62,45.5,0.1,0.1,18.4,0.1,11
86000,84,17,46.0,0.0,0.0,18.0,0.0,1
87000,260,635,0.1,0.0,0.2,8.1,0.0,106
87000,132,569,24.3,22.8,0.0,16.8,22.5,19
87000,198,431,44.8,0.0,0.0,18.7,0.0,63
87000,58,330,44.7,0.0,0.1,19.1,0.0,45
87000,274,291,45.7,0.1,0.1,17.8,0.0,39
87000,252,145,44.2,0.0,0.0,19.7,0.0,31
87000,282,121,43.8,1.6,0.0,18.5,1.5,27
87000,330,100,45.0,0.2,0.0,18.8,0.1,19
87000,306,91,46.5,0.1,0.0,17.2,0.1,16
87000,77,74,44.4,1.5,0.0,18.1,1.4,16
87000,286,71,46.8,0.0,0.0,17.2,0.0,10
87000,332,43,43.8,0.0,0.0,20.2,0.0,6
87000,84,6,46.0,0.0,0.0,18.0,0.0,1
88000,132,674,24.3,22.8,0.0,16.9,22.4,17
88000,260,666,0.0,0.0,0.1,5.1,0.0,109
88000,198,580,45.1,0.0,0.0,18.5,0.0,87
88000,274,552,46.2,0.0,0.0,17.7,0.0,64
88000,58,244,44.7,0.0,0.0,19.2,0.0,31
88000,336,228,46.3,0.2,0.0,17.5,0.1,20
88000,282,133,44.3,1.2,0.0,18.5,1.2,24
88000,77,105,44.8,1.0,0.1,18.2,1.0,23
88000,332,102,44.3,0.0,0.0,19.6,0.0,14
88000,306,89,46.0,0.0,0.2,17.7,0.0,15
88000,330,82,45.1,0.2,0.0,18.7,0.2,14
88000,252,39,46.1,0.0,0.0,17.9,0.0,10
88000,286,24,46.2,0.0,0.0,17.6,0.0,6
89000,260,795,0.1,0.0,0.0,5.5,0.0,119
89000,198,720,45.0,0.0,0.0,18.7,0.0,83
89000,132,643,24.2,22.8,0.0,17.0,22.6,12
89000,274,549,46.0,0.0,0.0,17.9,0.0,60
89000,58,246,44.7,0.0,0.0,19.3,0.0,24
89000,336,205,46.5,0.1,0.0,17.4,0.1,34
89000,282,143,44.0,1.2,0.0,18.8,1.2,26
89000,352,117,47.0,0.1,0.0,16.9,0.0,15
89000,330,99,45.3,0.2,0.0,18.5,0.2,24
89000,77,73,45.6,0.9,0.0,17.6,0.9,14
89000,286,43,46.0,0.0,0.1,17.8,0.0,5
89000,344,37,46.5,0.1,0.0,17.4,0.1,6
89000,306,31,45.4,0.0,0.3,18.3,0.0,7
89000,252,14,45.9,0.0,0.0,18.1,0.0,7
89000,345,8,43.4,0.0,0.0,20.2,0.0,3
90000,260,758,0.0,0.0,0.0,5.4,0.0,130
90000,198,656,45.3,0.0,0.0,18.4,0.0,77
90000,132,623,24.3,22.6,0.0,17.0,22.5,17
90000,274,475,45.9,0.0,0.1,17.8,0.0,57
90000,58,243,44.7,0.0,0.1,19.2,0.0,36
90000,336,235,46.5,0.0,0.0,17.5,0.0,25
90000,352,137,47.4,0.0,0.0,16.5,0.0,21
90000,282,135,43.9,1.6,0.0,18.6,1.4,25
90000,77,93,44.3,1.5,0.0,18.2,1.2,18
90000,356,90,45.9,0.0,0.0,18.0,0.0,9
90000,330,68,44.9,0.3,0.0,18.9,0.3,15
90000,344,51,45.9,0.5,0.0,17.6,0.5,13
90000,306,36,45.0,0.0,0.5,18.3,0.0,11
90000,286,26,46.4,0.0,0.0,17.6,0.0,9
90000,252,9,47.2,0.0,0.0,16.8,0.0,5
90000,355,5,44.4,1.0,0.0,18.6,1.0,2
90000,345,5,48.0,0.4,0.0,15.2,0.4,4
91000,260,844,0.0,0.0,0.0,5.2,0.0,121
91000,198,671,45.2,0.0,0.0,18.4,0.0,88
91000,132,569,24.4,22.7,0.0,16.9,22.4,17
91000,274,380,45.6,0.1,0.1,17.9,0.1,54
91000,336,314,46.6,0.1,0.0,17.3,0.1,37
91000,58,237,44.4,0.0,0.2,19.3,0.0,25
91000,352,161,47.1,0.0,0.0,16.8,0.0,20
91000,356,139,46.0,0.0,0.0,18.0,0.0,8
91000,282,138,44.1,1.7,0.0,18.1,1.7,22
91000,77,65,45.0,1.1,0.0,17.8,1.1,18
91000,344,50,45.8,0.0,0.0,18.1,0.0,8
91000,330,36,44.3,0.4,0.0,19.3,0.4,12
91000,306,19,46.6,0.0,0.4,16.8,0.0,6
91000,252,10,46.6,0.0,0.0,17.4,0.0,3
91000,286,9,45.3,0.0,0.0,18.7,0.0,2
92000,198,591,45.4,0.0,0.0,18.4,0.0,72
92000,132,591,24.4,22.6,0.0,17.0,22.4,16
92000,260,468,0.2,0.0,0.1,4.5,0.0,69
92000,274,403,45.8,0.0,0.0,17.8,0.0,60
92000,336,291,46.3,0.2,0.0,17.5,0.2,38
92000,58,276,44.7,0.0,0.1,19.1,0.0,41
92000,352,172,47.1,0.0,0.0,16.8,0.0,33
92000,356,121,45.8,0.0,0.0,18.2,0.0,12
92000,282,120,44.3,1.0,0.0,18.7,1.0,16
92000,77,89,44.8,1.1,0.0,18.1,0.9,21
92000,344,83,47.4,0.2,0.0,16.3,0.2,17
92000,286,46,45.7,0.1,0.0,18.2,0.1,8
92000,330,35,45.7,0.1,0.0,18.2,0.1,6
92000,306,13,46.5,0.0,0.0,17.5,0.0,3
92000,252,8,46.0,0.0,0.0,18.0,0.0,1
93000,132,606,24.5,22.3,0.0,17.1,22.2,16
93000,198,519,45.6,0.0,0.0,18.1,0.0,67
93000,274,507,45.9,0.0,0.1,17.9,0.0,68
93000,260,290,0.2,0.0,0.2,6.9,0.0,65
93000,336,284,46.5,0.2,0.0,17.2,0.2,41
93000,58,278,44.3,0.0,0.0,19.6,0.0,33
93000,352,146,47.2,0.0,0.0,16.5,0.0,34
93000,356,111,45.5,0.1,0.0,18.0,0.1,14
93000,77,109,45.0,1.2,0.0,17.8,1.2,27
93000,344,89,47.5,0.2,0.0,16.3,0.2,22
93000,282,88,44.4,1.1,0.1,18.5,1.1,17
93000,330,75,45.1,0.1,0.0,18.8,0.1,16
93000,286,30,45.4,0.0,0.0,18.5,0.0,6
93000,306,6,47.2,0.0,0.0,16.8,0.0,3
93000,252,5,46.0,0.0,0.0,18.0,0.0,1
94000,132,595,24.5,22.5,0.1,16.9,22.3,19
94000,198,557,45.5,0.0,0.0,18.2,0.0,78
94000,336,325,46.2,0.3,0.0,17.5,0.2,41
94000,58,318,44.8,0.0,0.1,19.0,0.0,41
94000,274,278,46.3,0.0,0.0,17.5,0.0,42
94000,260,170,0.8,0.0,0.2,8.8,0.0,55
94000,356,152,45.7,0.2,0.0,18.1,0.2,15
94000,371,150,44.4,0.0,0.1,19.3,0.0,29
94000,77,145,43.8,1.8,0.0,18.3,1.6,28
94000,352,122,46.7,0.1,0.0,17.2,0.1,25
94000,344,106,47.0,0.2,0.0,16.8,0.2,25
94000,330,74,45.9,0.1,0.0,18.0,0.1,18
94000,282,35,44.3,1.1,0.0,18.6,1.1,6
94000,286,13,45.2,0.0,0.0,18.8,0.0,2
94000,252,9,46.0,0.0,0.0,18.0,0.0,1
95000,198,610,45.6,0.0,0.0,18.1,0.0,85
95000,132,582,24.7,22.6,0.0,16.7,22.5,21
95000,274,436,45.9,0.0,0.0,17.9,0.0,56
95000,58,300,44.9,0.0,0.0,19.0,0.0,34
95000,336,300,46.5,0.2,0.0,17.3,0.2,54
95000,371,174,44.4,0.0,0.0,19.4,0.0,34
95000,356,140,45.5,0.4,0.0,18.0,0.4,16
95000,330,138,45.3,0.2,0.0,18.4,0.1,19
95000,77,120,44.2,1.8,0.0,17.8,1.7,21
95000,352,113,46.6,0.0,0.0,17.4,0.0,23
95000,344,110,46.3,0.2,0.0,17.4,0.2,22
95000,286,29,44.3,0.0,0.0,19.6,0.0,4
95000,282,26,44.0,1.6,0.0,18.3,1.6,6
96000,380,996,0.1,0.0,0.1,7.2,0.0,157
96000,132,535,24.4,22.5,0.0,17.1,22.3,16
96000,198,496,45.0,0.0,0.0,18.6,0.0,65
96000,274,339,45.9,0.0,0.0,17.7,0.0,40
96000,330,301,45.6,0.2,0.0,18.1,0.2,46
96000,58,269,44.5,0.0,0.1,19.3,0.0,32
96000,356,204,45.8,0.3,0.0,17.8,0.3,30
96000,336,182,46.5,0.3,0.0,17.3,0.3,36
96000,371,171,44.8,0.0,0.3,18.5,0.0,49
96000,77,107,44.2,1.3,0.0,18.4,1.3,21
96000,344,77,46.5,0.0,0.0,17.4,0.0,16
96000,352,68,47.0,0.0,0.0,16.8,0.0,14
96000,286,23,46.3,0.0,0.0,17.7,0.0,6
96000,282,19,44.3,1.6,0.0,18.1,1.6,4
97000,380,667,0.1,0.0,0.1,7.2,0.0,121
97000,198,590,45.6,0.0,0.0,18.2,0.0,63
97000,132,583,24.5,22.6,0.0,17.0,22.4,21
97000,58,284,44.3,0.0,0.1,19.5,0.0,32
97000,330,278,45.7,0.2,0.0,18.0,0.2,41
97000,336,262,46.3,0.1,0.0,17.5,0.1,37
97000,274,245,46.4,0.0,0.1,17.4,0.0,31
97000,356,165,45.8,0.3,0.0,17.9,0.3,25
97000,371,153,44.6,0.0,0.0,19.3,0.0,26
97000,344,113,47.0,0.0,0.0,16.9,0.0,23
97000,77,104,44.0,1.7,0.0,18.3,1.2,16
97000,352,73,47.1,0.1,0.0,16.8,0.1,15
97000,282,33,44.1,1.3,0.0,18.6,1.3,9
98000,198,672,45.3,0.0,0.0,18.5,0.0,87
98000,132,593,24.4,22.7,0.0,16.8,22.4,29
98000,380,480,0.0,0.1,0.1,5.0,0.0,59
98000,274,407,46.5,0.1,0.1,17.3,0.1,64
98000,336,291,46.2,0.2,0.0,17.5,0.2,43
98000,330,246,45.5,0.2,0.0,18.3,0.2,39
98000,58,241,44.2,0.0,0.0,19.3,0.0,35
98000,356,206,45.6,0.5,0.0,17.8,0.5,45
98000,371,159,44.4,0.0,0.1,19.5,0.0,32
98000,77,119,44.3,1.5,0.0,18.2,1.1,24
98000,344,47,47.1,0.1,0.3,16.3,0.1,15
98000,282,43,44.0,1.9,0.1,17.9,1.7,7
98000,352,21,43.5,0.0,0.0,20.5,0.0,6
98000,385,12,0.0,0.0,0.0,1.9,0.0,2
99000,198,652,45.2,0.0,0.0,18.6,0.0,61
99000,132,475,24.3,22.6,0.0,17.0,22.4,12
99000,380,431,0.0,0.0,0.1,5.5,0.0,70
99000,336,327,46.3,0.1,0.0,17.5,0.1,42
99000,330,320,45.5,0.4,0.0,18.1,0.2,40
99000,356,283,44.9,0.6,0.0,18.2,0.6,37
99000,274,280,45.7,0.1,0.1,18.0,0.1,49
99000,58,220,44.3,0.0,0.0,19.7,0.0,28
99000,77,123,44.1,1.6,0.0,18.3,1.4,27
99000,371,107,44.3,0.0,0.0,19.4,0.0,19
99000,344,26,48.3,0.0,0.0,15.7,0.0,4
99000,282,21,44.1,1.4,0.0,18.5,1.4,4
99000,352,21,46.1,0.0,0.0,17.1,0.0,7
100000,198,857,44.6,0.0,0.1,18.7,0.0,113
100000,380,548,0.0,0.0,0.0,6.1,0.0,75
100000,132,428,24.5,22.7,0.0,16.8,22.5,10
100000,274,314,41.4,0.2,0.2,21.6,0.2,52
100000,330,313,45.5,0.3,0.0,18.2,0.3,46
100000,336,287,46.3,0.2,0.0,17.5,0.1,31
100000,356,263,45.6,0.6,0.0,17.5,0.6,27
100000,58,212,44.2,0.0,0.1,19.6,0.0,19
100000,371,139,44.2,0.0,0.0,19.5,0.0,22
100000,77,121,44.1,0.9,0.0,19.0,0.9,19
100000,344,42,48.4,0.0,0.0,15.6,0.0,8
100000,282,17,44.0,1.5,0.0,18.5,1.5,4
100000,352,7,46.0,0.0,0.0,18.0,0.0,1
101000,198,652,44.2,0.0,0.1,19.1,0.0,90
101000,132,433,24.5,22.5,0.0,16.9,22.3,20
101000,274,399,44.1,0.1,0.1,19.2,0.1,66
101000,330,317,45.8,0.2,0.0,17.9,0.2,52
101000,356,275,45.9,0.7,0.0,17.4,0.7,39
101000,58,247,44.5,0.0,0.0,19.5,0.0,33
101000,336,243,46.4,0.1,0.0,17.4,0.1,27
101000,380,156,0.0,0.0,0.0,5.7,0.0,33
101000,371,149,44.3,0.0,0.1,19.6,0.0,23
101000,77,118,44.4,1.0,0.0,18.6,1.0,17
101000,344,43,47.3,0.0,0.0,16.5,0.0,12
101000,282,11,44.2,1.8,0.0,18.0,1.8,4
102000,198,734,44.1,0.1,0.1,19.1,0.1,116
102000,274,507,44.3,1.2,0.2,17.8,1.1,85
102000,132,480,24.7,22.4,0.0,16.9,22.2,18
102000,380,365,0.2,0.0,0.0,6.0,0.0,57
102000,330,329,46.0,0.3,0.0,17.8,0.3,53
102000,356,251,45.5,0.7,0.0,17.6,0.7,35
102000,58,240,44.6,0.0,0.0,19.4,0.0,31
102000,336,231,46.3,0.1,0.0,17.6,0.1,25
102000,77,130,44.6,1.0,0.0,18.4,0.9,22
102000,371,91,44.2,0.0,0.0,19.7,0.0,11
102000,399,44,46.3,0.0,0.0,17.3,0.0,9
102000,344,22,47.9,0.0,0.0,16.1,0.0,5
102000,282,17,44.4,1.2,0.0,18.4,1.2,2
103000,198,719,45.6,0.0,0.0,18.1,0.0,86
103000,132,463,24.7,22.4,0.0,16.9,22.3,13
103000,274,436,46.1,0.0,0.0,17.7,0.0,55
103000,330,374,45.6,0.4,0.0,18.0,0.2,63
103000,356,229,45.1,0.8,0.0,18.0,0.7,42
103000,58,215,43.5,0.0,0.1,20.3,0.0,28
103000,336,189,45.9,0.0,0.0,18.0,0.0,24
103000,380,154,0.0,0.0,0.0,5.8,0.0,32
103000,371,96,44.5,0.0,0.0,19.5,0.0,12
103000,77,68,44.4,0.9,0.0,18.7,0.9,9
103000,399,23,46.0,0.0,0.0,17.0,0.0,5
103000,282,16,42.4,3.1,0.0,18.6,1.4,3
104000,198,738,45.6,0.0,0.0,18.1,0.0,81
104000,132,451,24.7,22.4,0.0,16.8,22.3,15
104000,274,341,45.5,0.0,0.1,18.2,0.0,43
104000,380,286,1.4,0.0,0.1,6.8,0.0,59
104000,330,279,45.6,0.2,0.0,18.1,0.1,37
104000,58,188,44.0,0.0,0.0,19.9,0.0,35
104000,356,185,45.5,0.6,0.0,17.8,0.6,31
104000,336,171,45.9,0.0,0.0,18.1,0.0,19
104000,371,149,44.3,0.0,0.1,19.4,0.0,22
104000,77,70,44.3,0.8,0.0,19.0,0.8,12
104000,282,17,44.1,0.9,0.0,18.9,0.9,4
104000,399,12,43.2,0.0,0.0,20.8,0.0,4
105000,198,900,45.6,0.0,0.0,18.1,0.0,105
105000,132,524,24.6,22.5,0.0,16.9,22.3,15
105000,380,323,0.3,0.1,0.0,5.8,0.0,65
105000,58,291,44.2,0.0,0.0,19.5,0.0,34
105000,330,262,45.7,0.2,0.0,18.1,0.2,34
105000,274,239,45.6,0.0,0.0,18.2,0.0,34
105000,356,220,45.6,0.7,0.0,17.7,0.7,33
105000,336,130,46.7,0.0,0.0,17.3,0.0,19
105000,77,101,44.5,0.7,0.0,18.8,0.7,16
105000,371,99,44.0,0.0,0.0,19.8,0.0,13
105000,408,62,44.5,0.0,0.0,19.4,0.0,7
105000,282,9,44.0,0.7,0.0,19.3,0.7,3
106000,198,911,45.6,0.0,0.0,18.1,0.0,109
106000,132,519,24.6,22.5,0.0,16.9,22.4,10
106000,58,291,44.4,0.0,0.1,19.5,0.0,34
106000,356,245,45.5,0.6,0.1,17.8,0.6,37
106000,274,207,45.8,0.0,0.0,18.1,0.0,30
106000,380,204,0.1,0.0,0.0,4.0,0.0,37
106000,330,203,46.1,0.1,0.0,17.6,0.1,30
106000,336,128,45.9,0.1,0.0,18.0,0.1,23
106000,77,121,44.3,1.0,0.0,18.7,1.0,20
106000,371,120,44.2,0.0,0.1,19.7,0.0,11
106000,408,41,43.6,0.0,0.0,20.1,0.0,4
107000,198,817,45.8,0.0,0.0,18.0,0.0,91
107000,132,523,24.6,22.4,0.0,16.9,22.3,13
107000,380,338,0.1,0.0,0.0,5.6,0.0,59
107000,58,287,44.5,0.0,0.0,19.4,0.0,32
107000,356,265,45.1,0.5,0.0,18.1,0.5,28
107000,274,211,45.1,0.0,0.0,18.5,0.0,27
107000,371,204,44.7,0.0,0.0,19.2,0.0,24
107000,330,193,46.6,0.1,0.0,17.3,0.1,34
107000,336,158,45.2,0.0,0.0,18.8,0.0,22
107000,77,132,44.7,0.7,0.0,18.6,0.7,25
107000,412,103,0.3,0.0,0.0,6.3,0.0,20
107000,414,88,45.9,0.5,0.0,17.6,0.4,13
107000,408,47,44.4,0.0,0.0,19.3,0.0,6
108000,198,743,45.6,0.0,0.0,18.3,0.0,68
108000,132,489,24.7,22.4,0.0,16.9,22.4,8
108000,356,321,45.7,0.6,0.1,17.6,0.6,38
108000,380,306,0.0,0.1,0.0,3.9,0.0,33
108000,274,261,45.9,0.0,0.0,17.7,0.0,30
108000,58,252,44.6,0.0,0.0,19.3,0.0,36
108000,330,229,46.0,0.1,0.0,17.9,0.1,26
108000,336,211,45.6,0.2,0.0,18.1,0.1,35
108000,371,199,44.0,0.0,0.1,19.7,0.0,26
108000,417,165,45.2,0.3,0.0,18.5,0.2,33
108000,77,90,44.4,0.5,0.0,19.2,0.5,16
108000,414,76,45.9,0.3,0.0,17.9,0.3,12
108000,408,30,43.9,0.0,0.0,20.0,0.0,3
108000,412,10,1.2,0.0,0.0,5.7,0.0,6
109000,198,679,45.8,0.0,0.0,17.9,0.0,77
109000,132,467,24.9,22.4,0.0,16.7,22.1,19
109000,356,373,45.4,0.6,0.0,17.8,0.6,46
109000,58,267,44.2,0.0,0.1,19.7,0.0,42
109000,371,258,42.9,0.0,0.1,19.6,0.0,38
109000,330,238,46.3,0.2,0.1,17.4,0.2,30
109000,380,231,0.6,0.0,0.0,4.8,0.0,39
109000,274,211,46.0,0.0,0.0,17.6,0.0,35
109000,336,196,43.3,1.2,0.0,19.3,1.1,49
109000,77,118,44.1,0.6,0.0,19.3,0.6,17
109000,417,99,45.0,0.3,0.0,18.5,0.3,20
109000,414,54,46.4,0.0,0.0,17.6,0.0,5
109000,408,22,44.1,0.0,0.0,19.5,0.0,5
109000,420,16,46.1,0.0,0.0,17.9,0.0,3
110000,198,581,45.6,0.0,0.1,18.1,0.0,63
110000,132,448,24.5,22.4,0.0,17.1,22.3,11
110000,274,383,45.4,0.0,0.0,18.4,0.0,52
110000,380,329,0.1,0.1,0.0,5.5,0.0,55
110000,356,307,45.5,0.6,0.0,17.9,0.6,43
110000,58,297,44.5,0.0,0.0,19.4,0.0,40
110000,330,295,46.4,0.1,0.0,17.5,0.1,41
110000,371,284,44.0,0.0,0.0,19.6,0.0,37
110000,336,198,43.9,0.9,0.0,19.1,0.7,47
110000,417,126,44.7,0.4,0.1,18.8,0.4,34
110000,77,111,44.4,0.5,0.0,19.1,0.5,19
110000,414,51,46.2,0.3,0.0,17.5,0.3,6
110000,420,20,44.2,0.0,0.0,19.9,0.0,3
111000,198,589,45.6,0.0,0.0,18.2,0.0,67
111000,132,419,24.7,22.3,0.0,17.0,22.2,15
111000,371,344,44.2,0.0,0.1,19.3,0.0,42
111000,356,315,44.9,0.6,0.1,18.0,0.6,48
111000,330,294,46.1,0.1,0.0,17.8,0.1,34
111000,58,282,44.5,0.0,0.0,19.4,0.0,32
111000,380,278,0.0,0.0,0.0,4.1,0.0,35
111000,274,211,44.5,0.0,0.2,18.9,0.0,43
111000,336,202,44.8,0.1,0.0,19.0,0.1,43
111000,77,143,44.4,0.6,0.0,19.0,0.6,21
111000,417,130,45.1,0.1,0.0,18.7,0.1,25
111000,414,55,46.3,0.3,0.0,17.4,0.3,5
111000,420,15,46.2,0.0,0.0,17.8,0.0,3
112000,198,533,45.5,0.0,0.0,18.3,0.0,53
112000,274,487,45.4,0.0,0.0,18.1,0.0,71
112000,330,461,45.7,0.2,0.0,18.1,0.1,61
112000,132,423,24.5,22.5,0.0,17.0,22.4,11
112000,380,331,0.0,0.1,0.1,4.5,0.0,53
112000,58,312,44.2,0.0,0.0,19.6,0.0,39
112000,371,308,44.1,0.0,0.1,19.5,0.0,40
112000,356,296,45.5,0.5,0.0,18.0,0.5,33
112000,336,141,45.0,0.2,0.0,18.8,0.2,22
112000,77,136,44.3,0.7,0.0,18.9,0.7,22
112000,425,52,46.2,0.7,0.0,17.1,0.7,11
112000,414,41,46.2,0.0,0.0,17.7,0.0,6
112000,420,17,45.9,0.0,0.0,18.1,0.0,2
113000,198,546,45.5,0.0,0.0,18.1,0.0,68
113000,132,415,24.7,22.3,0.0,17.0,22.1,13
113000,371,342,43.9,0.0,0.0,19.6,0.0,54
113000,330,304,45.9,0.1,0.0,18.0,0.1,47
113000,274,275,45.9,0.0,0.0,18.0,0.0,33
113000,356,273,45.3,0.6,0.0,18.1,0.6,45
113000,58,241,44.5,0.0,0.0,19.4,0.0,32
113000,380,239,0.1,0.0,0.2,4.7,0.0,33
113000,336,186,44.3,0.4,0.0,19.3,0.4,33
113000,77,125,43.9,0.8,0.0,19.3,0.6,21
113000,425,61,46.1,0.2,0.0,17.6,0.2,7
113000,414,44,46.4,0.1,0.0,17.5,0.1,6
113000,420,9,46.0,0.0,0.0,18.0,0.0,1
114000,198,662,45.5,0.0,0.0,18.2,0.0,78
114000,330,434,45.9,0.0,0.0,18.0,0.0,58
114000,132,413,25.3,21.9,0.0,16.8,21.8,23
114000,356,323,45.4,0.6,0.0,17.9,0.6,40
114000,380,303,0.0,0.0,0.1,4.1,0.0,40
114000,371,295,43.8,0.0,0.0,19.9,0.0,34
114000,58,241,43.0,0.0,0.1,20.3,0.0,47
114000,274,186,46.2,0.0,0.0,17.7,0.0,24
114000,336,185,44.2,0.4,0.0,19.4,0.2,39
114000,77,124,44.2,0.9,0.0,18.9,0.6,19
114000,425,77,46.2,0.4,0.0,17.4,0.4,11
114000,414,59,45.8,0.4,0.0,17.7,0.2,8
115000,198,551,45.6,0.0,0.0,18.2,0.0,56
115000,380,443,0.1,0.0,0.1,4.0,0.0,47
115000,356,397,45.4,0.6,0.0,17.9,0.6,45
115000,132,397,25.0,22.0,0.0,17.0,21.8,19
115000,330,331,45.9,0.2,0.0,17.9,0.2,39
115000,371,251,44.3,0.0,0.0,19.6,0.0,32
115000,58,238,44.4,0.0,0.0,19.6,0.0,37
115000,274,209,45.7,0.0,0.0,18.0,0.0,28
115000,336,178,44.6,0.1,0.0,19.3,0.1,30
115000,77,137,44.2,0.8,0.0,19.0,0.8,29
115000,425,85,46.0,0.6,0.0,17.5,0.4,9
115000,414,44,46.3,0.1,0.0,17.6,0.1,7
115000,420,11,46.0,0.0,0.0,18.0,0.0,1
116000,198,579,45.6,0.0,0.0,18.1,0.0,66
116000,330,406,46.2,0.1,0.0,17.7,0.1,45
116000,132,402,25.1,21.8,0.0,17.0,21.8,14
116000,380,379,0.0,0.0,0.1,3.9,0.0,42
116000,356,371,45.4,0.7,0.0,17.9,0.7,48
116000,274,281,45.8,0.0,0.0,17.9,0.0,36
116000,58,264,44.7,0.0,0.0,19.3,0.0,33
116000,336,203,44.8,0.4,0.0,18.8,0.3,32
116000,371,168,44.5,0.0,0.0,19.5,0.0,17
116000,77,116,44.5,0.3,0.0,19.0,0.3,27
116000,425,86,46.0,0.5,0.0,17.5,0.5,13
116000,414,32,46.1,0.2,0.0,17.8,0.2,4
117000,198,545,45.6,0.0,0.0,18.2,0.0,60
117000,330,410,46.4,0.1,0.0,17.5,0.1,52
117000,356,392,45.2,0.6,0.1,18.1,0.6,44
117000,132,385,24.8,22.4,0.0,16.8,22.1,19
117000,380,341,0.0,0.0,0.0,4.2,0.0,42
117000,58,316,44.7,0.0,0.0,19.3,0.0,45
117000,274,259,46.4,0.0,0.0,17.5,0.0,33
117000,434,247,43.9,0.0,0.2,19.4,0.0,32
117000,336,210,44.7,0.1,0.0,19.2,0.1,26
117000,371,127,44.2,0.0,0.0,19.7,0.0,16
117000,77,92,44.1,0.4,0.0,19.1,0.4,20
117000,425,86,46.3,0.2,0.0,17.5,0.2,12
117000,414,34,46.1,0.1,0.0,17.8,0.1,7
117000,436,18,46.3,0.0,0.0,17.7,0.0,4
118000,198,427,45.3,0.0,0.0,18.6,0.0,37
118000,330,419,46.4,0.0,0.0,17.5,0.0,46
118000,132,403,24.4,22.6,0.0,17.0,22.5,6
118000,58,358,44.4,0.0,0.1,19.5,0.0,44
118000,356,355,45.3,0.6,0.0,17.9,0.6,39
118000,274,281,46.0,0.0,0.0,17.8,0.0,29
118000,434,274,44.9,0.0,0.1,18.6,0.0,32
118000,380,265,0.1,0.0,0.1,4.0,0.0,39
118000,336,210,44.8,0.2,0.1,18.9,0.2,29
118000,77,114,44.7,0.5,0.0,18.9,0.5,26
118000,425,111,46.0,0.9,0.0,17.1,0.5,18
118000,371,85,43.0,0.0,0.0,20.3,0.0,9
118000,436,20,46.2,0.0,0.0,17.8,0.0,2
118000,414,10,48.4,0.0,0.0,14.5,0.0,4
119000,330,521,46.5,0.1,0.0,17.4,0.1,57
119000,132,470,25.0,22.1,0.0,16.9,22.0,15
119000,198,378,45.4,0.0,0.0,18.4,0.0,50
119000,356,352,45.3,0.7,0.0,18.0,0.7,40
119000,380,349,0.2,0.0,0.0,3.6,0.0,36
119000,434,286,44.8,0.0,0.1,18.8,0.0,42
119000,58,274,44.7,0.0,0.0,19.3,0.0,41
119000,274,270,46.1,0.0,0.0,17.9,0.0,29
119000,336,189,45.3,0.1,0.0,18.6,0.1,31
119000,439,152,44.8,0.3,0.0,18.7,0.1,27
119000,425,111,46.2,0.3,0.0,17.5,0.3,14
119000,371,102,44.5,0.0,0.0,19.5,0.0,14
119000,77,85,44.5,0.5,0.0,18.9,0.5,18
119000,414,9,46.0,0.0,0.0,18.0,0.0,1
120000,330,729,46.0,0.1,0.0,17.9,0.1,93
120000,198,519,45.2,0.0,0.0,18.6,0.0,59
120000,132,400,24.8,22.3,0.0,16.9,22.3,15
120000,274,315,45.8,0.0,0.1,18.0,0.0,41
120000,58,306,44.3,0.0,0.0,19.6,0.0,37
120000,356,292,45.4,0.7,0.0,17.8,0.7,27
120000,380,281,0.1,0.0,0.0,3.4,0.0,34
120000,434,269,44.6,0.1,0.0,19.1,0.1,32
120000,336,173,45.0,0.4,0.0,18.6,0.2,36
120000,77,95,44.6,0.7,0.0,18.7,0.7,20
120000,425,87,46.0,0.3,0.0,17.6,0.3,11
120000,414,9,46.9,0.3,0.0,16.8,0.3,3
121000,330,755,45.9,0.0,0.0,18.0,0.0,93
121000,380,461,0.2,0.0,0.0,3.7,0.0,47
121000,132,411,24.7,22.4,0.0,16.9,22.3,14
121000,198,369,45.4,0.0,0.1,18.2,0.0,56
121000,356,310,45.0,0.7,0.0,18.2,0.7,37
121000,434,286,44.6,0.0,0.0,19.1,0.0,30
121000,274,275,46.2,0.0,0.1,17.7,0.0,33
121000,58,263,44.8,0.0,0.0,19.2,0.0,38
121000,336,204,45.7,0.2,0.0,18.1,0.2,36
121000,77,92,44.5,0.3,0.0,19.2,0.3,16
121000,425,87,46.4,0.4,0.1,17.0,0.4,14
122000,330,676,46.1,0.1,0.0,17.7,0.1,88
122000,132,388,24.3,22.7,0.0,17.1,22.3,20
122000,380,335,0.2,0.0,0.1,4.7,0.0,54
122000,434,298,44.9,0.0,0.1,18.6,0.0,41
122000,356,294,44.6,0.8,0.0,18.3,0.8,47
122000,58,293,44.1,0.0,0.1,19.7,0.0,44
122000,198,292,44.8,0.0,0.0,18.7,0.0,47
122000,274,264,45.8,0.0,0.1,18.1,0.0,37
122000,336,210,45.4,0.3,0.0,18.3,0.2,41
122000,77,102,44.3,0.5,0.0,19.3,0.5,16
122000,425,85,46.4,0.1,0.0,17.5,0.1,10
123000,330,842,46.0,0.1,0.0,17.9,0.1,121
123000,132,432,24.5,22.5,0.0,17.0,22.3,14
123000,380,359,0.1,0.0,0.1,4.1,0.0,46
123000,356,298,44.8,0.7,0.0,18.4,0.7,46
123000,434,295,44.9,0.0,0.1,18.7,0.0,31
123000,274,264,46.0,0.0,0.0,17.9,0.0,30
123000,198,248,45.3,0.0,0.0,18.5,0.0,33
123000,58,218,44.7,0.0,0.0,19.2,0.0,24
123000,336,193,45.1,0.2,0.0,18.8,0.1,30
123000,77,62,44.6,0.3,0.2,18.9,0.3,14
123000,425,57,46.6,0.2,0.0,17.2,0.2,11
124000,330,736,46.0,0.1,0.0,17.9,0.1,91
124000,132,431,24.8,22.3,0.0,16.9,22.2,18
124000,380,348,0.1,0.0,0.1,4.2,0.0,40
124000,356,290,45.0,0.7,0.0,18.3,0.7,52
124000,198,283,44.9,0.0,0.0,18.8,0.0,40
124000,274,282,46.0,0.0,0.1,17.9,0.0,35
124000,434,282,44.2,0.0,0.1,19.2,0.0,40
124000,336,200,45.6,0.0,0.0,18.4,0.0,32
124000,58,146,44.8,0.0,0.0,19.2,0.0,20
124000,425,89,45.8,0.9,0.0,17.3,0.7,18
124000,77,70,44.3,0.4,0.0,19.4,0.4,12
125000,330,748,45.7,0.2,0.1,17.9,0.2,109
125000,132,394,24.6,22.4,0.0,16.9,22.4,10
125000,380,358,0.1,0.0,0.1,4.5,0.0,56
125000,356,314,44.5,0.6,0.2,18.6,0.6,46
125000,274,279,45.7,0.0,0.0,18.1,0.0,30
125000,198,268,45.0,0.0,0.0,18.6,0.0,38
125000,336,246,45.7,0.1,0.1,18.1,0.1,49
125000,447,243,44.0,0.0,0.0,19.9,0.0,22
125000,434,243,45.4,0.0,0.1,18.4,0.0,28
125000,58,204,44.6,0.0,0.0,19.4,0.0,32
125000,425,83,46.3,0.3,0.1,17.3,0.3,10
125000,77,65,44.2,0.6,0.0,19.1,0.6,15
125000,448,12,45.2,0.0,0.0,18.8,0.0,2
126000,330,822,45.8,0.1,0.0,18.0,0.1,114
126000,356,424,44.8,0.8,0.0,18.4,0.8,47
126000,132,364,24.4,22.5,0.0,17.1,22.3,16
126000,274,318,46.0,0.0,0.0,17.9,0.0,40
126000,336,269,45.5,0.1,0.0,18.5,0.1,46
126000,198,248,45.0,0.0,0.0,18.7,0.0,39
126000,434,231,45.1,0.0,0.0,18.6,0.0,26
126000,380,191,0.3,0.0,0.1,4.2,0.0,33
126000,447,170,44.0,0.0,0.1,19.8,0.0,18
126000,58,156,37.1,0.0,0.0,18.8,0.0,40
126000,425,77,46.4,0.5,0.0,17.2,0.5,7
126000,77,56,44.5,0.3,0.0,19.2,0.3,14
126000,450,32,45.7,0.0,0.0,16.3,0.0,9
127000,330,759,45.4,0.2,0.0,18.2,0.2,104
127000,356,491,44.8,0.8,0.0,18.3,0.8,55
127000,132,390,24.7,22.5,0.0,16.8,22.2,16
127000,274,278,45.8,0.0,0.0,18.1,0.0,30
127000,336,246,45.4,0.2,0.0,18.3,0.2,36
127000,434,237,44.8,0.0,0.2,18.6,0.0,40
127000,58,229,43.9,0.0,0.0,20.0,0.0,35
127000,447,194,44.4,0.0,0.0,19.5,0.0,25
127000,198,192,45.7,0.0,0.1,18.0,0.0,27
127000,380,144,0.1,0.0,0.2,4.3,0.0,21
127000,425,88,46.0,0.7,0.0,17.2,0.7,7
127000,77,73,44.2,0.2,0.0,19.6,0.2,11
127000,450,40,45.8,0.0,0.1,18.1,0.0,9
127000,454,10,45.1,0.0,0.0,18.9,0.0,2
128000,330,714,45.9,0.2,0.0,17.8,0.2,98
128000,356,492,44.6,0.8,0.0,18.3,0.8,61
128000,132,416,24.5,22.5,0.0,17.0,22.3,13
128000,434,287,44.2,0.0,0.1,19.3,0.0,46
128000,336,264,45.2,0.2,0.0,18.6,0.1,36
128000,58,253,44.5,0.0,0.0,19.3,0.0,38
128000,274,237,46.1,0.0,0.0,17.7,0.0,28
128000,198,217,45.5,0.0,0.0,18.3,0.0,29
128000,380,180,0.8,0.0,0.0,4.4,0.0,31
128000,447,157,45.3,0.0,0.0,18.7,0.0,23
128000,450,70,45.7,0.0,0.0,18.3,0.0,11
128000,425,52,45.6,2.1,0.0,16.3,1.4,10
128000,77,51,44.2,0.0,0.0,19.8,0.0,6
129000,330,755,45.9,0.2,0.0,17.9,0.2,104
129000,198,468,44.8,0.0,0.1,19.0,0.0,55
129000,356,452,44.9,0.6,0.0,18.4,0.6,42
129000,132,388,24.6,22.4,0.0,17.0,22.2,19
129000,336,328,45.2,0.1,0.0,18.6,0.1,61
129000,380,317,0.2,0.0,0.1,4.2,0.0,46
129000,58,235,44.1,0.0,0.0,19.4,0.0,46
129000,434,221,44.6,0.0,0.1,18.9,0.0,25
129000,274,211,45.9,0.0,0.0,17.9,0.0,22
129000,450,66,46.3,0.0,0.0,17.7,0.0,10
129000,425,43,46.3,0.2,0.0,17.5,0.2,5
129000,77,30,45.0,0.3,0.0,18.7,0.3,9
129000,457,21,46.6,0.2,0.0,17.1,0.2,3
129000,454,8,44.4,0.0,0.0,19.6,0.0,2
130000,330,692,45.8,0.2,0.0,17.9,0.2,81
130000,356,438,44.9,0.7,0.0,18.3,0.7,66
130000,132,434,24.6,22.4,0.0,17.0,22.3,19
130000,380,410,0.3,0.0,0.1,4.9,0.0,58
130000,336,361,44.9,0.2,0.0,18.7,0.1,57
130000,58,247,44.7,0.0,0.0,19.2,0.0,37
130000,434,215,45.3,0.0,0.0,18.4,0.0,32
130000,274,214,45.8,0.0,0.0,18.1,0.0,20
130000,198,213,45.4,0.0,0.0,18.4,0.0,28
130000,450,77,46.4,0.0,0.0,17.6,0.0,12
130000,425,35,45.8,0.1,0.1,17.8,0.1,5
130000,77,15,45.1,0.0,0.0,18.9,0.0,3
130000,457,13,46.1,0.0,0.0,17.9,0.0,2
130000,454,11,44.8,0.0,0.0,19.2,0.0,2
131000,330,738,45.9,0.2,0.0,17.9,0.2,101
131000,356,439,44.5,0.7,0.0,18.4,0.7,49
131000,132,438,24.7,22.4,0.0,16.9,22.4,12
131000,336,331,45.0,0.2,0.0,18.7,0.1,59
131000,58,273,44.1,0.0,0.1,19.6,0.0,40
131000,434,232,45.1,0.0,0.2,18.4,0.0,36
131000,380,211,0.5,0.0,0.1,6.2,0.0,50
131000,198,200,45.9,0.0,0.0,17.7,0.0,26
131000,274,185,46.0,0.0,0.0,17.8,0.0,23
131000,450,89,46.5,0.0,0.0,17.4,0.0,15
131000,77,29,44.4,0.5,0.0,19.1,0.4,5
131000,425,21,47.0,0.0,0.0,17.0,0.0,3
131000,454,9,45.1,0.0,0.0,18.9,0.0,3
131000,457,5,46.0,0.0,0.0,18.0,0.0,1
132000,330,586,46.1,0.1,0.0,17.7,0.1,79
132000,132,429,24.7,22.4,0.0,16.9,22.4,13
132000,356,424,44.4,0.7,0.1,18.5,0.7,61
132000,336,324,44.8,0.2,0.0,19.0,0.1,58
132000,58,252,43.8,0.0,0.0,19.9,0.0,41
132000,434,248,45.2,0.0,0.0,18.6,0.0,30
132000,274,172,45.8,0.0,0.0,18.1,0.0,20
132000,198,169,45.8,0.0,0.0,18.1,0.0,23
132000,380,118,0.7,0.1,0.2,6.5,0.0,34
132000,450,106,45.6,0.0,0.0,18.4,0.0,13
132000,425,50,46.0,0.0,0.0,18.0,0.0,3
132000,77,30,44.3,0.0,0.0,19.7,0.0,3
132000,454,21,44.1,0.0,0.0,19.9,0.0,5
132000,457,16,46.2,0.0,0.0,17.8,0.0,3
133000,330,610,45.8,0.2,0.0,18.0,0.2,78
133000,356,510,43.2,0.7,0.0,18.5,0.7,88
133000,132,401,24.3,22.7,0.0,16.9,22.5,15
133000,336,348,44.6,0.3,0.0,19.0,0.2,66
133000,198,228,44.3,0.0,0.0,19.2,0.0,43
133000,434,227,43.9,0.0,0.1,19.2,0.0,37
133000,58,197,44.5,0.0,0.0,19.4,0.0,35
133000,274,178,46.1,0.0,0.0,17.8,0.0,20
133000,380,138,0.0,0.0,0.0,6.1,0.0,25
133000,450,127,46.2,0.0,0.0,17.7,0.0,24
133000,425,52,45.5,0.8,0.0,17.7,0.8,8
133000,77,45,43.8,0.2,0.1,20.0,0.2,10
133000,464,23,44.0,0.6,0.0,19.4,0.6,4
133000,454,10,42.8,0.0,0.7,20.4,0.0,4
133000,457,10,46.0,0.0,0.0,18.0,0.0,1
134000,330,663,46.0,0.3,0.0,17.7,0.2,105
134000,356,428,44.2,0.9,0.0,18.4,0.8,74
134000,336,409,42.6,0.7,0.0,19.9,0.4,96
134000,132,339,24.4,22.5,0.0,17.1,22.3,13
134000,434,311,42.9,0.0,0.1,20.5,0.0,53
134000,380,309,0.1,0.0,0.2,5.2,0.0,52
134000,58,220,44.2,0.0,0.0,19.7,0.0,35
134000,274,166,45.9,0.0,0.0,17.9,0.0,17
134000,450,151,45.8,0.0,0.0,18.1,0.0,26
134000,198,115,40.6,0.0,0.0,20.5,0.0,19
134000,425,62,46.6,0.3,0.0,17.1,0.3,8
134000,77,60,43.9,0.2,0.0,20.0,0.2,9
134000,464,31,44.3,1.4,0.0,18.4,1.4,10
134000,454,26,44.3,0.0,0.3,19.4,0.0,7
134000,457,6,46.0,0.0,0.0,18.0,0.0,1
135000,330,675,45.7,0.2,0.0,18.0,0.2,92
135000,356,394,44.7,0.6,0.0,18.4,0.6,50
135000,132,390,24.6,22.5,0.0,16.9,22.0,24
135000,336,355,45.1,0.2,0.0,18.7,0.2,80
135000,434,253,44.6,0.0,0.1,19.0,0.0,37
135000,58,214,44.3,0.0,0.0,19.6,0.0,36
135000,380,207,0.0,0.0,0.1,4.2,0.0,25
135000,450,160,45.7,0.0,0.0,17.8,0.0,24
135000,274,139,46.0,0.0,0.0,18.0,0.0,17
135000,198,86,44.3,0.0,0.0,19.5,0.0,12
135000,425,68,45.7,0.4,0.0,17.9,0.4,7
135000,454,45,44.3,0.0,0.0,19.7,0.0,8
135000,77,39,43.7,0.1,0.0,20.1,0.1,6
135000,464,18,44.1,0.4,0.0,19.5,0.4,5
135000,457,16,46.9,0.0,0.0,17.0,0.0,4
136000,330,613,46.0,0.2,0.1,17.7,0.2,87
136000,132,394,24.8,22.6,0.0,16.7,22.3,21
136000,336,387,44.7,0.5,0.0,18.6,0.3,92
136000,356,382,44.7,0.7,0.1,18.1,0.7,65
136000,434,288,38.8,0.0,0.1,20.7,0.0,70
136000,58,196,44.7,0.0,0.1,19.2,0.0,42
136000,380,189,0.0,0.1,0.1,5.0,0.0,28
136000,450,178,46.7,0.0,0.0,17.2,0.0,33
136000,274,164,46.2,0.0,0.0,17.6,0.0,16
136000,425,79,46.4,0.0,0.0,17.5,0.0,5
136000,198,70,43.7,0.0,0.0,20.2,0.0,12
136000,77,27,44.3,0.0,0.0,19.7,0.0,8
136000,454,27,45.3,0.0,0.0,18.7,0.0,10
136000,464,21,44.1,0.3,0.0,19.6,0.3,4
136000,457,11,46.8,0.0,0.0,17.2,0.0,2
137000,330,682,46.0,0.2,0.0,17.7,0.2,91
137000,132,536,24.6,22.6,0.0,16.8,22.4,22
137000,356,433,44.1,0.6,0.0,19.0,0.6,76
137000,380,301,0.0,0.0,0.0,4.4,0.0,39
137000,474,232,45.8,0.0,0.1,18.0,0.0,30
137000,58,217,45.1,0.0,0.0,18.8,0.0,47
137000,336,208,44.5,1.0,0.0,18.3,1.0,38
137000,274,157,45.5,0.0,0.0,18.5,0.0,15
137000,450,111,46.5,0.0,0.0,17.5,0.0,22
137000,434,69,45.6,0.0,0.1,18.0,0.0,10
137000,425,68,46.0,0.1,0.0,17.9,0.1,7
137000,198,60,44.2,0.0,0.0,19.6,0.0,16
137000,454,23,45.6,0.0,0.0,18.4,0.0,5
137000,464,19,43.8,0.7,0.0,19.4,0.7,7
137000,77,18,43.6,0.0,0.0,20.4,0.0,4
138000,132,492,24.0,23.0,0.0,17.0,22.6,15
138000,356,474,45.0,0.4,0.1,18.2,0.4,60
138000,330,421,46.2,0.1,0.0,17.7,0.1,57
138000,274,201,45.8,0.0,0.0,18.0,0.0,20
138000,380,190,0.2,0.1,0.2,4.7,0.0,31
138000,58,189,45.9,0.0,0.0,17.9,0.0,36
138000,336,156,45.3,0.5,0.0,18.2,0.5,30
138000,474,126,46.4,0.0,0.0,17.6,0.0,14
138000,198,107,45.6,0.0,0.0,18.2,0.0,23
138000,434,85,44.8,0.0,0.0,18.9,0.0,12
138000,450,76,46.4,0.0,0.0,17.5,0.0,9
138000,425,55,46.0,0.1,0.0,17.9,0.1,4
138000,464,12,44.0,0.0,0.0,20.0,0.0,1
138000,454,10,46.1,0.0,0.0,17.8,0.0,2
139000,356,461,44.8,0.4,0.0,18.4,0.4,66
139000,330,412,46.6,0.1,0.0,17.2,0.0,48
139000,380,278,0.1,0.0,0.1,4.8,0.0,40
139000,132,276,24.3,22.9,0.0,16.8,22.8,7
139000,274,214,45.7,0.1,0.0,18.1,0.1,22
139000,336,179,45.9,0.5,0.0,17.4,0.5,28
139000,58,137,46.6,0.0,0.0,17.3,0.0,20
139000,198,136,45.3,0.0,0.1,18.1,0.0,23
139000,474,121,45.6,0.0,0.2,18.1,0.0,12
139000,425,86,46.1,0.0,0.0,17.8,0.0,5
139000,434,85,46.0,0.0,0.0,17.9,0.0,5
139000,480,70,47.6,0.0,0.0,16.4,0.0,17
139000,450,69,46.1,0.0,0.0,17.8,0.0,8
139000,454,13,45.4,0.0,0.0,18.6,0.0,4
140000,380,547,0.1,0.0,0.1,4.3,0.0,74
140000,330,492,46.5,0.1,0.0,17.3,0.1,53
140000,274,291,45.4,0.0,0.0,17.9,0.0,35
140000,132,217,24.0,23.0,0.0,17.0,23.0,3
140000,336,210,45.7,0.4,0.0,17.4,0.4,32
140000,356,197,45.7,0.7,0.0,17.6,0.7,19
140000,58,148,45.9,0.0,0.0,18.0,0.0,19
140000,474,139,46.3,0.0,0.0,17.7,0.0,15
140000,425,112,46.2,0.3,0.0,17.5,0.3,12
140000,198,98,46.6,0.0,0.1,17.2,0.0,16
140000,480,90,47.2,0.0,0.0,16.6,0.0,12
140000,450,47,46.1,0.0,0.0,17.9,0.0,10
140000,434,32,44.8,0.0,0.0,19.1,0.0,4
140000,454,30,45.5,0.1,0.3,18.2,0.1,4
141000,356,422,46.0,0.6,0.0,17.3,0.6,55
141000,274,385,45.6,0.0,0.2,17.7,0.0,50
141000,330,351,46.7,0.2,0.0,17.2,0.2,42
141000,380,296,0.1,0.0,0.0,3.9,0.0,36
141000,132,230,24.2,22.9,0.0,16.9,22.7,9
141000,336,206,46.2,0.5,0.0,17.3,0.5,37
141000,488,182,46.1,0.0,0.0,17.9,0.0,23
141000,198,122,46.4,0.0,0.0,17.2,0.0,13
141000,425,110,46.2,0.1,0.0,17.7,0.1,14
141000,480,101,45.1,0.0,0.0,18.0,0.0,22
141000,58,101,45.8,0.0,0.0,17.9,0.0,14
141000,474,93,46.5,0.0,0.0,17.5,0.0,11
141000,492,77,47.0,0.5,0.0,16.5,0.5,14
141000,450,69,46.5,0.0,0.0,17.4,0.0,9
141000,434,29,46.7,0.0,0.0,17.3,0.0,4
141000,454,28,45.9,0.0,0.0,18.0,0.0,3
142000,380,458,0.1,0.0,0.0,4.1,0.0,43
142000,330,440,46.6,0.1,0.0,17.2,0.1,59
142000,356,338,45.9,0.5,0.0,17.4,0.5,39
142000,274,291,46.1,0.0,0.0,17.9,0.0,23
142000,132,194,24.4,22.7,0.1,16.8,22.7,9
142000,336,192,45.5,0.5,0.0,17.7,0.5,26
142000,498,176,46.9,0.0,0.0,16.9,0.0,32
142000,198,170,46.6,0.0,0.0,17.4,0.0,13
142000,488,168,46.5,0.0,0.0,17.5,0.0,25
142000,58,120,46.5,0.0,0.0,17.5,0.0,13
142000,492,115,46.8,0.9,0.0,16.3,0.6,27
142000,480,92,46.9,0.0,0.0,16.9,0.0,16
142000,425,84,45.9,0.4,0.0,17.7,0.4,7
142000,474,71,46.0,0.1,0.0,17.8,0.1,8
142000,450,71,46.3,0.0,0.0,17.7,0.0,8
142000,434,45,45.6,0.0,0.0,18.2,0.0,5
142000,454,32,45.5,0.0,0.1,18.2,0.0,3
142000,497,13,46.5,0.0,0.0,17.3,0.0,6
142000,494,9,44.4,0.0,0.0,18.4,0.0,2
143000,380,809,0.1,0.0,0.1,4.2,0.0,80
143000,132,422,24.1,22.9,0.0,17.0,22.8,10
143000,330,409,46.1,0.1,0.0,17.1,0.1,57
143000,274,368,45.6,0.0,0.0,17.9,0.0,37
143000,356,320,45.5,0.4,0.0,17.9,0.4,44
143000,488,210,46.1,0.0,0.0,17.9,0.0,28
143000,498,193,46.6,0.0,0.0,17.3,0.0,30
143000,198,191,46.1,0.0,0.0,17.7,0.0,23
143000,336,177,45.9,0.4,0.0,17.6,0.4,21
143000,58,119,46.2,0.0,0.0,17.6,0.0,22
143000,492,105,46.6,0.4,0.1,16.9,0.4,17
143000,425,82,46.2,0.1,0.0,17.8,0.1,8
143000,480,56,46.9,0.0,0.0,17.1,0.0,5
143000,474,53,46.1,0.0,0.0,17.9,0.0,5
143000,434,45,45.3,0.0,0.0,18.3,0.0,6
143000,450,44,46.8,0.0,0.0,17.1,0.0,9
143000,454,32,46.2,0.0,0.0,17.8,0.0,4
143000,494,5,46.0,0.0,0.0,18.0,0.0,1
144000,380,540,0.1,0.1,0.1,5.1,0.0,71
144000,274,408,45.3,0.0,0.0,17.7,0.0,51
144000,330,402,46.3,0.2,0.0,17.5,0.2,42
144000,488,321,46.1,0.3,0.0,17.6,0.2,51
144000,356,289,45.5,0.5,0.0,18.0,0.5,30
144000,132,237,24.2,23.0,0.0,16.8,22.8,4
144000,198,177,46.5,0.0,0.0,17.3,0.0,21
144000,498,159,46.4,0.0,0.0,17.4,0.0,30
144000,58,139,45.6,0.0,0.0,18.4,0.0,16
144000,509,123,46.7,0.0,0.0,17.3,0.0,19
144000,425,118,46.3,0.1,0.0,17.6,0.1,17
144000,492,105,46.6,0.7,0.0,16.7,0.7,11
144000,480,82,46.9,0.0,0.0,16.8,0.0,18
144000,434,52,45.3,0.0,0.0,18.0,0.0,8
144000,454,48,46.5,0.0,0.0,17.5,0.0,5
144000,474,36,46.1,0.0,0.0,16.8,0.0,10
144000,450,28,46.4,0.0,0.0,17.6,0.0,5
144000,508,12,46.0,0.0,0.0,18.0,0.0,1
144000,494,7,46.3,0.0,0.0,17.7,0.0,2
145000,274,422,46.1,0.0,0.0,17.8,0.0,44
145000,380,404,0.1,0.0,0.2,4.6,0.0,59
145000,509,317,46.2,0.0,0.0,17.7,0.0,41
145000,330,264,46.3,0.3,0.0,17.5,0.1,27
145000,356,241,46.0,0.5,0.0,17.4,0.5,26
145000,488,195,46.3,0.1,0.0,17.6,0.0,24
145000,198,175,46.0,0.0,0.0,17.7,0.0,17
145000,492,172,46.8,0.6,0.0,16.6,0.6,27
145000,132,145,24.2,23.0,0.0,16.7,22.5,8
145000,498,124,46.9,0.0,0.1,17.0,0.0,22
145000,425,104,46.2,0.3,0.0,17.5,0.2,12
145000,480,104,47.2,0.0,0.0,16.5,0.0,19
145000,454,69,45.8,0.0,0.1,18.1,0.0,11
145000,434,41,45.6,0.0,0.2,17.7,0.0,6
145000,474,34,46.3,0.0,0.0,17.6,0.0,6
145000,508,16,47.9,0.0,0.0,16.1,0.0,3
145000,450,16,47.3,0.0,0.0,16.6,0.0,3
146000,380,535,0.0,0.0,0.1,4.3,0.0,55
146000,330,498,46.3,0.1,0.0,17.5,0.1,56
146000,274,362,45.7,0.0,0.1,17.8,0.0,49
146000,356,221,45.6,0.5,0.0,17.6,0.5,29
146000,492,208,46.4,0.7,0.0,16.9,0.7,29
146000,509,202,46.3,0.0,0.0,17.5,0.0,26
146000,198,167,45.5,0.0,0.0,18.0,0.0,17
146000,488,157,46.3,0.1,0.0,17.6,0.1,23
146000,425,89,46.1,0.2,0.0,17.7,0.2,9
146000,480,88,47.0,0.1,0.0,16.7,0.1,21
146000,498,81,46.5,0.0,0.1,17.4,0.0,16
146000,132,81,24.2,23.0,0.0,16.8,22.6,4
146000,454,59,46.2,0.0,0.0,17.8,0.0,4
146000,474,57,46.3,0.0,0.0,17.6,0.0,10
146000,434,46,45.6,0.1,0.0,17.5,0.1,5
146000,450,9,46.8,0.0,0.0,17.2,0.0,3
146000,508,6,46.0,0.0,0.0,18.0,0.0,1
147000,330,765,46.7,0.1,0.0,17.2,0.1,88
147000,380,475,0.0,0.0,0.1,4.2,0.0,45
147000,509,398,46.4,0.0,0.0,17.6,0.0,50
147000,274,386,45.8,0.0,0.1,17.9,0.0,47
147000,356,238,45.8,0.7,0.0,17.4,0.7,22
147000,492,154,46.1,1.1,0.0,16.8,1.0,19
147000,488,146,46.3,0.1,0.0,17.6,0.1,19
147000,198,131,45.8,0.0,0.2,17.9,0.0,14
147000,480,107,47.1,0.0,0.0,16.7,0.0,22
147000,454,79,46.3,0.0,0.0,17.6,0.0,13
147000,498,72,45.7,0.0,0.0,17.9,0.0,19
147000,474,61,46.7,0.0,0.0,17.3,0.0,9
147000,425,59,45.8,0.3,0.0,17.9,0.3,6
147000,434,45,46.6,0.0,0.0,16.4,0.0,10
147000,132,35,24.0,23.5,0.0,16.5,22.9,2
147000,450,7,46.0,0.0,0.0,18.0,0.0,1
148000,380,491,0.1,0.0,0.1,5.0,0.0,72
148000,274,380,46.0,0.0,0.0,17.8,0.0,41
148000,521,373,24.2,22.8,0.0,17.0,22.4,24
148000,330,286,46.5,0.2,0.0,17.3,0.1,30
148000,509,269,45.9,0.0,0.0,18.0,0.0,38
148000,356,269,45.7,0.8,0.0,17.2,0.8,20
148000,480,134,46.9,0.0,0.0,17.0,0.0,27
148000,488,133,46.3,0.0,0.0,17.6,0.0,16
148000,492,128,46.7,0.8,0.0,16.5,0.8,12
148000,198,78,46.3,0.0,0.0,17.7,0.0,4
148000,498,73,45.2,0.0,0.1,18.5,0.0,18
148000,474,64,46.1,0.0,0.0,17.8,0.0,8
148000,454,63,46.0,0.0,0.0,18.0,0.0,8
148000,425,43,46.8,0.0,0.0,17.0,0.0,9
148000,434,43,45.7,0.0,0.0,18.1,0.0,6
148000,450,13,47.4,0.0,0.0,16.6,0.0,4
148000,132,7,24.0,23.0,0.0,17.0,23.0,1
149000,380,382,0.2,0.0,0.1,5.3,0.0,56
149000,356,345,45.9,0.7,0.0,17.4,0.7,43
149000,521,336,23.9,23.0,0.0,17.0,22.8,7
149000,274,323,46.2,0.0,0.0,17.8,0.0,30
149000,330,303,46.4,0.1,0.0,17.5,0.1,30
149000,509,248,46.3,0.0,0.0,17.6,0.0,40
149000,492,158,46.5,0.9,0.0,16.6,0.9,21
149000,480,146,47.4,0.0,0.0,16.6,0.0,20
149000,488,130,46.2,0.0,0.0,17.8,0.0,15
149000,434,108,45.5,0.0,0.0,17.8,0.0,14
149000,454,107,46.0,0.0,0.1,17.9,0.0,15
149000,198,73,46.7,0.0,0.0,17.2,0.0,10
149000,425,47,46.3,0.2,0.0,17.6,0.2,5
149000,474,45,46.3,0.0,0.0,17.2,0.0,11
149000,527,40,46.3,0.2,0.0,17.4,0.2,4
149000,498,39,46.3,0.0,0.0,17.7,0.0,6
149000,450,15,46.6,0.0,0.0,17.4,0.0,2
150000,380,510,0.1,0.0,0.2,4.7,0.0,60
150000,509,394,46.0,0.0,0.0,18.0,0.0,43
150000,274,359,44.6,0.0,0.0,18.1,0.0,32
150000,521,343,24.0,23.0,0.0,17.0,22.7,8
150000,330,295,46.5,0.1,0.0,17.4,0.1,39
150000,356,260,45.7,0.9,0.0,17.3,0.9,28
150000,492,162,46.7,0.6,0.0,16.8,0.6,13
150000,480,156,46.7,0.0,0.0,17.1,0.0,29
150000,434,122,45.7,0.0,0.0,17.8,0.0,12
150000,454,76,46.1,0.0,0.2,17.2,0.0,14
150000,488,67,46.2,0.0,0.0,17.8,0.0,4
150000,198,63,46.0,0.0,0.3,17.4,0.0,8
150000,425,59,46.5,0.0,0.0,17.5,0.0,9
150000,450,53,45.9,0.0,0.0,17.9,0.0,8
150000,474,41,46.3,0.0,0.0,17.7,0.0,5
150000,498,34,45.9,0.0,0.0,18.1,0.0,4
150000,527,11,46.4,0.0,0.0,17.6,0.0,2
151000,509,427,46.0,0.0,0.0,17.9,0.0,55
151000,274,417,46.0,0.0,0.1,17.7,0.0,43
151000,380,378,0.0,0.0,0.1,4.4,0.0,42
151000,521,355,24.2,23.0,0.0,16.9,22.8,11
151000,356,313,45.9,0.9,0.0,17.1,0.9,28
151000,330,295,46.8,0.1,0.0,17.1,0.1,35
151000,492,107,46.6,0.7,0.0,16.7,0.7,17
151000,480,103,47.7,0.0,0.0,16.1,0.0,19
151000,425,97,46.2,0.1,0.0,17.6,0.1,12
151000,530,94,46.2,0.0,0.0,17.8,0.0,12
151000,488,72,45.9,0.1,0.0,17.9,0.1,10
151000,454,70,45.4,0.0,0.0,18.5,0.0,10
151000,434,69,46.0,0.0,0.0,18.0,0.0,8
151000,198,43,46.0,0.0,0.0,17.9,0.0,9
151000,498,36,46.5,0.0,0.0,17.5,0.0,5
151000,474,26,45.6,0.0,0.0,17.1,0.0,4
151000,450,20,46.3,0.0,0.0,17.6,0.0,3
152000,509,411,46.3,0.0,0.0,17.6,0.0,51
152000,380,408,0.1,0.0,0.2,4.7,0.0,56
152000,330,388,46.4,0.1,0.0,17.5,0.1,42
152000,274,364,45.9,0.0,0.0,17.8,0.0,46
152000,521,360,24.4,22.8,0.0,16.9,22.7,13
152000,356,294,45.8,0.9,0.0,17.2,0.9,27
152000,534,274,46.4,0.0,0.0,17.4,0.0,48
152000,480,171,46.8,0.0,0.0,17.1,0.0,31
152000,530,160,46.2,0.0,0.0,17.8,0.0,19
152000,536,121,46.3,0.1,0.0,17.5,0.1,16
152000,492,106,46.5,0.7,0.0,16.8,0.5,13
152000,434,94,45.8,0.0,0.0,17.6,0.0,15
152000,488,85,46.6,0.0,0.0,17.4,0.0,10
152000,425,78,46.4,0.3,0.0,17.2,0.3,14
152000,454,65,46.2,0.0,0.0,17.6,0.0,9
152000,498,50,45.6,0.0,0.0,18.4,0.0,11
152000,474,43,46.3,0.0,0.0,17.6,0.0,6
152000,198,43,46.1,0.0,0.0,17.6,0.0,9
152000,450,23,46.4,0.0,0.0,17.6,0.0,4
153000,380,447,0.2,0.0,0.1,4.8,0.0,57
153000,509,416,46.2,0.0,0.0,17.7,0.0,53
153000,534,414,46.4,0.1,0.0,17.5,0.1,62
153000,274,375,46.1,0.0,0.0,17.8,0.0,40
153000,521,352,24.1,23.0,0.0,16.8,22.7,8
153000,330,293,46.4,0.2,0.0,17.4,0.2,35
153000,356,277,45.3,0.9,0.1,17.5,0.9,26
153000,480,240,47.0,0.0,0.0,16.9,0.0,39
153000,536,130,46.3,0.3,0.0,17.5,0.3,19
153000,530,124,46.1,0.0,0.0,17.7,0.0,16
153000,425,102,46.2,0.1,0.1,17.5,0.1,14
153000,434,72,45.7,0.0,0.1,17.4,0.0,9
153000,488,71,46.6,0.0,0.0,17.4,0.0,6
153000,474,59,46.3,0.0,0.0,17.6,0.0,8
153000,454,54,46.0,0.0,0.0,18.0,0.0,4
153000,492,53,46.8,0.7,0.0,16.6,0.7,6
153000,450,37,46.9,0.0,0.0,17.1,0.0,8
153000,198,33,45.9,0.0,0.0,17.6,0.0,6
153000,498,31,47.0,0.0,0.0,17.0,0.0,7
154000,534,515,46.4,0.2,0.0,17.4,0.2,73
154000,521,452,24.2,22.7,0.0,17.1,22.7,8
154000,380,402,0.1,0.0,0.2,3.8,0.0,43
154000,274,368,45.8,0.0,0.1,17.8,0.0,44
154000,356,247,46.1,0.9,0.0,17.0,0.9,23
154000,509,217,46.5,0.0,0.0,17.5,0.0,32
154000,330,207,46.5,0.2,0.0,17.3,0.2,27
154000,530,183,46.3,0.0,0.0,17.7,0.0,18
154000,480,149,47.2,0.0,0.0,16.7,0.0,31
154000,434,114,44.3,0.0,0.1,18.4,0.0,14
154000,425,88,46.1,0.2,0.0,17.3,0.2,17
154000,474,84,46.3,0.0,0.0,17.7,0.0,9
154000,454,71,46.5,0.0,0.0,17.3,0.0,11
154000,488,63,46.7,0.1,0.0,17.2,0.1,10
154000,498,47,47.2,0.0,0.0,16.8,0.0,16
154000,539,42,46.3,0.0,0.0,17.7,0.0,4
154000,492,34,46.9,0.2,0.0,16.9,0.2,8
154000,198,13,46.5,0.0,0.0,17.5,0.0,2
154000,450,10,47.0,0.0,0.0,17.0,0.0,1
155000,380,480,0.0,0.0,0.1,4.7,0.0,50
155000,521,369,24.1,22.9,0.0,17.0,22.8,10
155000,274,365,45.8,0.0,0.0,18.0,0.0,36
155000,534,365,46.7,0.1,0.0,17.2,0.1,58
155000,509,310,45.8,0.0,0.0,18.1,0.0,41
155000,530,252,46.6,0.1,0.0,17.3,0.1,26
155000,356,234,45.4,0.9,0.1,17.4,0.9,27
155000,480,221,46.4,0.0,0.0,17.6,0.0,42
155000,330,205,46.0,0.1,0.0,17.8,0.1,31
155000,434,124,45.0,0.0,0.2,17.6,0.0,13
155000,425,85,45.7,0.8,0.0,17.5,0.8,11
155000,474,54,45.9,0.0,0.0,17.6,0.0,12
155000,539,53,46.4,0.0,0.0,17.6,0.0,9
155000,498,52,46.6,0.0,0.0,17.3,0.0,13
155000,488,51,46.5,0.0,0.0,17.5,0.0,6
155000,454,37,46.3,0.0,0.0,17.7,0.0,10
155000,492,20,46.8,0.2,0.0,17.0,0.2,6
156000,534,478,46.3,0.1,0.0,17.6,0.1,80
156000,380,460,0.0,0.0,0.0,4.5,0.0,47
156000,521,397,24.2,22.9,0.0,16.9,22.6,14
156000,274,347,45.8,0.0,0.1,17.9,0.0,39
156000,480,323,46.8,0.0,0.0,17.1,0.0,60
156000,509,315,46.0,0.0,0.1,17.9,0.0,38
156000,330,203,46.3,0.1,0.0,17.6,0.1,23
156000,356,188,45.5,0.9,0.1,17.4,0.9,25
156000,530,163,46.3,0.0,0.0,17.7,0.0,13
156000,425,108,46.3,0.3,0.0,17.4,0.3,18
156000,434,100,45.2,0.1,0.0,18.5,0.1,15
156000,474,54,45.8,0.0,0.0,18.0,0.0,6
156000,454,53,43.4,0.0,0.0,17.8,0.0,11
156000,488,49,46.6,0.0,0.0,17.4,0.0,6
156000,539,38,46.0,0.0,0.0,18.0,0.0,3
156000,498,21,46.6,0.0,0.0,17.4,0.0,5
156000,492,8,46.6,0.6,0.0,16.8,0.6,4
157000,521,470,24.2,22.9,0.0,17.0,22.8,11
157000,534,421,46.7,0.1,0.0,17.2,0.1,65
157000,480,401,46.6,0.1,0.0,17.3,0.1,55
157000,509,383,46.3,0.0,0.0,17.6,0.0,53
157000,380,364,0.0,0.0,0.1,4.5,0.0,45
157000,274,298,45.8,0.0,0.0,17.8,0.0,39
157000,330,201,46.0,0.2,0.0,17.7,0.1,34
157000,530,186,46.5,0.0,0.0,17.5,0.0,19
157000,356,175,45.9,1.0,0.0,17.0,1.0,15
157000,434,101,46.1,0.0,0.0,17.6,0.0,12
157000,425,87,46.2,0.0,0.0,17.8,0.0,11
157000,454,67,46.1,0.0,0.0,17.8,0.0,9
157000,474,48,46.0,0.0,0.0,18.0,0.0,3
157000,488,44,47.0,0.0,0.0,17.0,0.0,10
157000,498,27,46.8,0.0,0.0,17.2,0.0,8
157000,539,24,46.5,0.0,0.0,17.5,0.0,4
158000,380,488,0.0,0.0,0.1,4.0,0.0,52
158000,480,418,46.1,0.0,0.0,17.6,0.0,50
158000,534,417,46.9,0.0,0.0,17.0,0.0,65
158000,521,415,23.9,23.0,0.0,17.0,22.5,18
158000,274,297,46.0,0.0,0.0,17.9,0.0,37
158000,530,259,46.5,0.0,0.0,17.5,0.0,23
158000,509,247,45.7,0.0,0.0,18.2,0.0,38
158000,356,166,45.7,1.0,0.0,17.1,1.0,12
158000,330,147,46.0,0.1,0.0,17.8,0.1,29
158000,547,91,46.4,0.0,0.0,17.6,0.0,13
158000,425,91,45.6,0.8,0.0,17.6,0.6,16
158000,454,89,46.4,0.0,0.0,17.5,0.0,15
158000,434,75,45.6,0.0,0.0,17.9,0.0,8
158000,474,72,46.3,0.0,0.0,17.5,0.0,9
158000,488,44,46.3,0.0,0.0,17.7,0.0,5
158000,498,33,46.8,0.0,0.1,17.0,0.0,10
158000,539,14,46.1,0.0,0.0,17.9,0.0,3
159000,521,419,24.3,22.9,0.0,16.9,22.8,8
159000,480,372,46.4,0.0,0.0,17.5,0.0,48
159000,509,369,45.8,0.0,0.0,18.1,0.0,62
159000,380,353,0.1,0.0,0.0,3.9,0.0,32
159000,534,300,46.5,0.1,0.0,17.3,0.1,47
159000,274,273,45.3,0.0,0.1,18.2,0.0,45
159000,356,261,45.8,1.0,0.0,17.1,1.0,27
159000,530,254,46.3,0.0,0.0,17.7,0.0,24
159000,330,153,46.7,0.1,0.0,17.2,0.1,25
159000,425,113,46.2,0.2,0.0,17.7,0.2,15
159000,547,112,46.0,0.0,0.0,18.0,0.0,14
159000,454,109,46.5,0.0,0.0,17.4,0.0,18
159000,474,76,46.5,0.0,0.0,17.4,0.0,8
159000,498,58,44.9,0.0,0.0,19.1,0.0,9
159000,434,55,47.1,0.0,0.0,16.7,0.0,9
159000,488,47,46.8,0.0,0.0,17.2,0.0,5
159000,539,23,46.4,0.0,0.0,17.6,0.0,4
160000,380,417,0.0,0.0,0.1,4.3,0.0,41
160000,534,369,46.4,0.1,0.0,17.4,0.1,69
160000,521,354,24.3,22.8,0.0,16.9,22.6,9
160000,480,336,46.3,0.0,0.0,17.6,0.0,46
160000,530,278,46.4,0.0,0.0,17.5,0.0,25
160000,274,240,46.1,0.0,0.0,17.8,0.0,25
160000,509,231,46.2,0.0,0.0,17.8,0.0,23
160000,330,214,46.6,0.0,0.0,17.4,0.0,27
160000,356,195,46.4,1.0,0.0,16.5,1.0,24
160000,551,120,46.3,0.0,0.0,17.6,0.0,21
160000,454,118,46.0,0.0,0.0,17.8,0.0,16
160000,547,117,46.3,0.0,0.0,17.7,0.0,11
160000,474,75,46.3,0.0,0.0,17.7,0.0,9
160000,425,62,45.2,0.7,0.0,17.8,0.6,13
160000,434,60,46.2,0.0,0.1,17.6,0.0,7
160000,498,57,47.0,0.0,0.0,17.0,0.0,11
160000,488,34,45.6,0.1,0.0,18.3,0.1,7
160000,539,16,46.0,0.0,0.0,18.0,0.0,1
161000,380,488,0.1,0.0,0.2,5.6,0.0,78
161000,521,401,24.3,22.8,0.0,16.8,22.6,14
161000,480,387,46.3,0.0,0.0,17.6,0.0,43
161000,534,361,46.5,0.1,0.0,17.4,0.1,53
161000,330,258,46.2,0.1,0.0,17.6,0.1,35
161000,274,225,45.6,0.0,0.1,18.2,0.0,29
161000,530,216,46.1,0.0,0.0,17.8,0.0,16
161000,356,216,45.3,1.0,0.0,17.4,1.0,26
161000,509,210,46.1,0.0,0.0,17.8,0.0,31
161000,552,148,46.1,0.4,0.1,17.5,0.4,19
161000,474,129,46.2,0.0,0.0,17.7,0.0,15
161000,547,100,46.3,0.0,0.0,17.6,0.0,11
161000,454,98,45.9,0.0,0.0,18.1,0.0,16
161000,498,63,46.3,0.0,0.0,17.7,0.0,17
161000,434,58,46.1,0.0,0.0,17.9,0.0,2
161000,551,57,45.8,0.0,0.0,18.2,0.0,7
161000,539,39,45.3,0.1,0.0,18.6,0.1,6
161000,488,32,45.5,0.2,0.0,18.3,0.2,6
161000,553,26,46.6,0.0,0.0,17.4,0.0,4
161000,425,21,46.5,0.1,0.0,17.4,0.1,3
162000,380,426,0.1,0.0,0.0,4.5,0.0,50
162000,534,418,46.8,0.1,0.0,17.0,0.1,74
162000,480,390,46.5,0.0,0.0,17.4,0.0,49
162000,521,368,24.1,23.0,0.0,16.9,23.0,3
162000,509,345,45.9,0.0,0.0,17.9,0.0,41
162000,330,246,45.8,0.2,0.0,18.0,0.1,30
162000,530,224,46.4,0.1,0.0,17.6,0.1,20
162000,274,162,45.6,0.0,0.0,17.9,0.0,23
162000,356,161,45.6,1.0,0.0,17.4,1.0,19
162000,552,158,46.3,0.4,0.0,17.4,0.4,22
162000,474,141,45.9,0.0,0.0,18.1,0.0,18
162000,551,119,45.8,0.0,0.0,17.9,0.0,17
162000,454,89,46.4,0.0,0.0,17.4,0.0,18
162000,547,85,46.7,0.0,0.0,17.3,0.0,10
162000,434,84,45.7,0.0,0.0,18.0,0.0,7
162000,498,76,46.0,0.0,0.0,17.8,0.0,11
162000,539,56,45.9,0.0,0.0,18.1,0.0,5
162000,553,32,46.8,0.0,0.0,17.2,0.0,7
162000,488,28,46.3,0.0,0.0,17.7,0.0,3
162000,425,15,46.6,0.4,0.0,17.0,0.4,3
163000,380,518,0.2,0.0,0.1,4.5,0.0,56
163000,521,440,24.2,22.9,0.0,16.9,22.8,9
163000,534,419,46.8,0.0,0.0,17.1,0.0,65
163000,480,350,46.2,0.0,0.0,17.7,0.0,40
163000,330,272,46.1,0.3,0.0,17.6,0.2,35
163000,530,214,46.6,0.0,0.0,17.4,0.0,21
163000,551,181,46.0,0.0,0.1,17.9,0.0,19
163000,509,155,46.6,0.0,0.0,17.3,0.0,26
163000,474,149,46.2,0.0,0.1,17.5,0.0,12
163000,274,139,45.9,0.0,0.0,17.8,0.0,18
163000,356,137,46.3,1.0,0.0,16.6,1.0,15
163000,547,116,46.1,0.0,0.0,17.9,0.0,15
163000,552,115,46.0,0.5,0.0,17.5,0.4,19
163000,454,108,45.7,0.0,0.2,17.8,0.0,17
163000,434,96,45.6,0.0,0.0,18.3,0.0,8
163000,539,90,46.2,0.0,0.0,17.8,0.0,14
163000,498,54,46.6,0.0,0.0,17.4,0.0,10
163000,553,34,47.2,0.0,0.0,16.8,0.0,8
163000,488,29,45.7,0.0,0.0,18.3,0.0,3
163000,425,6,46.0,0.0,0.0,18.0,0.0,1
164000,380,608,0.2,0.0,0.1,4.2,0.0,56
164000,480,424,46.3,0.0,0.0,17.7,0.0,45
164000,521,378,24.0,23.1,0.0,16.9,22.6,14
164000,534,345,46.5,0.1,0.0,17.3,0.1,47
164000,330,297,46.4,0.1,0.0,17.5,0.1,39
164000,530,249,46.3,0.1,0.0,17.6,0.0,23
164000,551,245,46.2,0.0,0.0,17.7,0.0,25
164000,356,174,45.4,1.0,0.0,17.1,1.0,20
164000,509,134,46.0,0.0,0.0,17.8,0.0,17
164000,474,129,46.0,0.0,0.0,17.8,0.0,18
164000,552,117,45.9,0.5,0.0,17.6,0.5,16
164000,434,106,45.1,0.0,0.4,17.6,0.0,13
164000,274,104,46.1,0.0,0.0,17.9,0.0,18
164000,539,101,45.1,0.0,0.0,18.5,0.0,14
164000,547,93,45.5,0.0,0.0,18.5,0.0,16
164000,454,89,46.3,0.0,0.0,17.6,0.0,14
164000,498,53,46.7,0.0,0.0,17.3,0.0,9
164000,488,31,46.1,0.0,0.0,17.9,0.0,5
164000,553,21,46.7,0.0,0.0,17.3,0.0,7
165000,480,429,45.7,0.0,0.0,18.1,0.0,64
165000,330,410,46.5,0.1,0.0,17.4,0.1,50
165000,521,374,23.9,23.1,0.0,17.0,22.8,10
165000,534,373,46.5,0.1,0.0,17.3,0.1,57
165000,380,371,0.2,0.1,0.1,4.8,0.0,54
165000,551,265,45.9,0.0,0.0,17.9,0.0,25
165000,530,216,46.4,0.0,0.0,17.6,0.0,25
165000,356,176,46.0,0.9,0.0,16.9,0.9,25
165000,509,136,46.2,0.0,0.0,17.7,0.0,23
165000,474,129,45.5,0.0,0.0,18.1,0.0,15
165000,274,127,46.1,0.0,0.0,17.9,0.0,17
165000,434,117,45.4,0.0,0.0,18.4,0.0,13
165000,547,87,45.4,0.0,0.0,18.1,0.0,10
165000,454,77,46.2,0.0,0.0,17.8,0.0,13
165000,539,75,46.5,0.0,0.0,17.5,0.0,5
165000,498,31,46.2,0.0,0.0,17.8,0.0,5
165000,488,27,46.0,0.5,0.0,17.6,0.5,5
165000,553,24,46.5,0.0,0.0,17.5,0.0,6
166000,480,462,46.6,0.0,0.0,17.4,0.0,71
166000,521,435,24.2,22.9,0.0,16.9,22.7,11
166000,534,350,46.4,0.1,0.0,17.5,0.1,62
166000,330,319,46.3,0.1,0.0,17.4,0.1,31
166000,380,301,0.0,0.0,0.2,4.3,0.0,39
166000,551,294,46.2,0.0,0.0,17.6,0.0,37
166000,530,263,46.5,0.0,0.0,17.5,0.0,31
166000,356,191,46.3,0.9,0.0,16.8,0.9,19
166000,509,148,46.1,0.0,0.0,17.8,0.0,24
166000,274,136,46.3,0.0,0.0,17.5,0.0,23
166000,547,122,46.6,0.0,0.0,17.4,0.0,15
166000,474,93,46.9,0.0,0.0,16.8,0.0,15
166000,434,84,45.1,0.0,0.0,18.5,0.0,12
166000,539,58,45.1,0.0,0.0,18.3,0.0,8
166000,454,47,46.1,0.0,0.0,17.9,0.0,5
166000,553,23,46.3,0.0,0.0,17.7,0.0,5
166000,488,11,46.0,0.0,0.0,18.0,0.0,2
167000,480,489,46.3,0.0,0.0,17.5,0.0,64
167000,521,405,24.2,22.9,0.0,17.0,22.6,10
167000,534,377,46.4,0.1,0.0,17.3,0.1,54
167000,330,315,46.4,0.1,0.0,17.5,0.1,33
167000,551,301,46.1,0.0,0.0,17.9,0.0,29
167000,380,284,0.1,0.0,0.1,4.9,0.0,41
167000,530,263,46.6,0.0,0.0,17.3,0.0,27
167000,509,193,46.0,0.0,0.0,17.9,0.0,33
167000,356,168,46.2,0.9,0.0,16.7,0.9,17
167000,274,141,45.8,0.0,0.0,18.1,0.0,21
167000,547,104,46.3,0.0,0.0,17.7,0.0,13
167000,474,94,46.4,0.0,0.0,17.3,0.0,18
167000,539,92,46.1,0.0,0.0,17.9,0.0,13
167000,560,77,46.1,0.0,0.0,17.8,0.0,12
167000,434,53,45.4,0.0,0.0,17.5,0.0,11
167000,454,46,46.0,0.0,0.0,18.0,0.0,4
167000,561,35,46.0,0.0,0.3,17.7,0.0,4
167000,553,17,47.1,0.0,0.0,16.9,0.0,4
167000,488,11,45.6,0.0,0.0,18.4,0.0,3
168000,521,456,24.1,22.9,0.0,16.9,22.9,5
168000,480,430,46.5,0.0,0.0,17.5,0.0,48
168000,330,350,46.3,0.1,0.0,17.7,0.1,32
168000,534,321,46.4,0.1,0.0,17.3,0.1,45
168000,530,296,46.3,0.0,0.0,17.5,0.0,36
168000,551,255,46.1,0.0,0.1,17.8,0.0,27
168000,380,203,0.1,0.1,0.2,4.8,0.0,38
168000,509,187,46.4,0.0,0.0,17.6,0.0,28
168000,356,175,46.3,0.9,0.0,16.8,0.9,17
168000,539,152,45.8,0.0,0.0,18.1,0.0,14
168000,274,132,46.4,0.0,0.1,17.4,0.0,15
168000,474,116,45.9,0.1,0.0,17.7,0.1,22
168000,547,112,46.6,0.0,0.0,17.4,0.0,14
168000,560,70,46.6,0.0,0.0,17.4,0.0,8
168000,434,65,45.2,0.1,0.0,18.1,0.1,10
168000,454,36,46.3,0.0,0.0,17.7,0.0,7
168000,553,10,46.1,0.5,0.4,17.0,0.5,4
168000,488,8,46.0,0.0,0.0,18.0,0.0,1
169000,480,431,46.3,0.0,0.0,17.7,0.0,61
169000,330,394,46.2,0.2,0.0,17.5,0.1,49
169000,521,356,24.4,22.7,0.0,16.9,22.5,13
169000,380,355,0.1,0.0,0.2,6.2,0.0,58
169000,534,353,46.5,0.1,0.0,17.3,0.1,44
169000,530,307,46.3,0.0,0.0,17.6,0.0,28
169000,551,278,45.6,0.0,0.0,18.1,0.0,29
169000,509,176,45.3,0.0,0.0,18.7,0.0,29
169000,539,170,46.0,0.0,0.0,17.8,0.0,20
169000,274,152,46.1,0.0,0.2,17.6,0.0,26
169000,474,143,46.4,0.0,0.0,17.6,0.0,15
169000,547,134,46.1,0.0,0.0,17.9,0.0,19
169000,356,107,45.6,0.9,0.0,17.3,0.9,14
169000,560,52,46.2,0.0,0.0,17.8,0.0,8
169000,454,42,45.8,0.0,0.0,18.2,0.0,7
169000,434,34,45.6,0.0,0.0,18.1,0.0,5
169000,553,7,46.0,0.0,0.0,18.0,0.0,2
170000,480,431,46.4,0.0,0.0,17.6,0.0,47
170000,521,399,24.0,23.0,0.0,17.0,22.9,7
170000,534,394,46.3,0.1,0.0,17.6,0.1,44
170000,330,351,46.4,0.2,0.0,17.4,0.2,34
170000,380,343,0.1,0.0,0.1,5.5,0.0,52
170000,530,316,46.4,0.0,0.0,17.5,0.0,30
170000,551,316,45.9,0.0,0.0,17.5,0.0,40
170000,547,151,46.4,0.0,0.0,17.6,0.0,21
170000,509,138,45.7,0.1,0.2,18.0,0.1,20
170000,356,137,45.3,0.9,0.1,17.2,0.9,20
170000,539,132,45.8,0.0,0.0,17.5,0.0,17
170000,274,118,46.0,0.0,0.0,17.9,0.0,17
170000,474,87,45.9,0.0,0.0,18.0,0.0,8
170000,560,67,46.6,0.0,0.0,17.4,0.0,10
170000,563,59,45.6,0.7,0.0,17.6,0.3,12
170000,434,49,45.4,0.0,0.2,18.2,0.0,6
170000,454,45,46.3,0.0,0.3,17.4,0.0,8
170000,488,8,46.0,0.0,0.0,18.0,0.0,1
171000,534,445,46.2,0.1,0.1,17.5,0.1,66
171000,480,406,46.5,0.0,0.0,17.4,0.0,47
171000,521,377,24.2,22.8,0.0,17.0,22.6,16
171000,330,353,46.5,0.1,0.0,17.3,0.1,40
171000,530,294,46.7,0.0,0.0,17.3,0.0,30
171000,551,284,45.9,0.0,0.0,17.9,0.0,32
171000,380,176,0.1,0.0,0.1,4.6,0.0,29
171000,356,174,46.1,0.8,0.0,17.1,0.8,18
171000,509,157,46.1,0.0,0.0,17.8,0.0,32
171000,547,157,46.1,0.0,0.0,17.8,0.0,22
171000,274,112,45.4,0.0,0.0,18.2,0.0,20
171000,539,112,46.0,0.1,0.0,17.9,0.1,11
171000,560,105,46.9,0.0,0.0,17.1,0.0,18
171000,563,77,46.0,0.4,0.0,17.6,0.4,11
171000,474,74,45.7,0.0,0.0,18.2,0.0,6
171000,434,48,46.3,0.0,0.0,17.6,0.0,7
171000,454,48,46.2,0.0,0.0,17.8,0.0,9
171000,488,16,46.2,0.0,0.0,17.8,0.0,2
172000,534,468,46.5,0.1,0.1,17.3,0.1,77
172000,480,424,46.6,0.0,0.0,17.4,0.0,58
172000,330,364,46.5,0.1,0.0,17.2,0.1,51
172000,521,316,24.2,22.9,0.0,16.9,22.7,15
172000,530,295,46.4,0.0,0.0,17.6,0.0,24
172000,509,237,46.2,0.0,0.0,17.8,0.0,35
172000,547,196,45.7,0.0,0.0,18.2,0.0,31
172000,551,179,46.1,0.0,0.0,17.9,0.0,17
172000,356,166,46.0,0.8,0.0,17.2,0.8,24
172000,539,118,46.0,0.0,0.0,17.9,0.0,11
172000,274,99,45.9,0.0,0.0,18.1,0.0,12
172000,560,98,46.5,0.0,0.0,17.4,0.0,11
172000,454,84,46.0,0.0,0.0,17.7,0.0,15
172000,380,62,0.0,0.1,0.1,5.9,0.0,17
172000,563,54,45.7,1.0,0.0,17.4,1.0,14
172000,474,49,46.1,0.0,0.0,17.9,0.0,3
172000,434,22,45.2,0.0,0.0,18.2,0.0,7
172000,488,15,47.6,0.0,0.0,16.4,0.0,3
173000,330,466,46.5,0.2,0.0,17.3,0.2,52
173000,480,452,46.7,0.0,0.0,17.2,0.0,60
173000,534,361,46.1,0.1,0.0,17.6,0.1,63
173000,521,354,23.9,23.1,0.0,17.0,22.6,13
173000,530,248,46.3,0.1,0.0,17.5,0.1,30
173000,509,190,45.9,0.0,0.0,18.0,0.0,24
173000,547,170,46.2,0.0,0.0,17.7,0.0,27
173000,356,170,46.2,0.9,0.1,16.7,0.9,20
173000,551,167,46.3,0.0,0.0,17.7,0.0,14
173000,380,164,0.1,0.0,0.0,5.5,0.0,31
173000,539,99,45.6,0.1,0.1,18.1,0.1,12
173000,454,95,46.2,0.0,0.0,17.7,0.0,16
173000,274,85,46.3,0.0,0.1,17.6,0.0,15
173000,560,83,46.2,0.0,0.0,17.8,0.0,8
173000,563,58,46.1,0.5,0.0,17.4,0.5,8
173000,474,45,46.0,0.0,0.0,17.2,0.0,7
173000,434,41,44.5,0.2,0.0,18.9,0.2,8
173000,488,13,47.4,0.0,0.0,16.6,0.0,2
174000,480,463,46.2,0.1,0.0,17.7,0.1,62
174000,330,402,46.4,0.2,0.0,17.3,0.2,58
174000,521,380,24.1,23.0,0.0,16.9,22.8,9
174000,380,358,0.0,0.1,0.2,5.2,0.0,51
174000,534,332,46.1,0.1,0.0,17.8,0.1,39
174000,530,302,46.4,0.0,0.0,17.6,0.0,33
174000,509,191,46.2,0.0,0.0,17.7,0.0,26
174000,547,184,46.4,0.0,0.0,17.6,0.0,26
174000,356,181,45.6,0.8,0.0,17.4,0.8,17
174000,551,122,46.4,0.0,0.0,17.6,0.0,14
174000,274,120,45.8,0.0,0.1,17.8,0.0,18
174000,539,93,45.9,0.0,0.0,17.9,0.0,6
174000,560,93,46.8,0.0,0.0,17.1,0.0,15
174000,454,59,46.2,0.0,0.0,17.8,0.0,10
174000,434,52,45.6,0.0,0.0,17.9,0.0,10
174000,563,39,45.6,0.9,0.0,17.4,0.9,7
174000,474,34,46.1,0.0,0.0,17.9,0.0,2
174000,488,12,46.0,0.0,0.0,18.0,0.0,1
175000,380,464,0.1,0.0,0.2,6.0,0.0,72
175000,480,430,46.5,0.0,0.0,17.5,0.0,48
175000,330,412,45.4,0.6,0.0,18.0,0.5,57
175000,521,369,24.3,22.8,0.0,16.9,22.8,11
175000,530,305,46.3,0.1,0.0,17.6,0.0,27
175000,356,218,45.8,0.7,0.1,17.3,0.7,28
175000,509,218,44.9,0.0,0.0,18.4,0.0,36
175000,547,217,46.1,0.0,0.0,17.9,0.0,24
175000,534,156,46.2,0.0,0.0,17.8,0.0,24
175000,274,148,45.5,0.0,0.0,18.3,0.0,20
175000,551,122,46.4,0.0,0.0,17.5,0.0,10
175000,454,96,45.4,0.0,0.0,17.9,0.0,22
175000,560,89,46.7,0.0,0.0,17.3,0.0,14
175000,539,59,46.1,0.0,0.1,17.9,0.0,9
175000,434,42,44.1,0.2,0.0,19.3,0.2,10
175000,563,20,45.8,0.4,0.0,17.8,0.4,4
175000,488,16,46.8,0.0,0.0,17.2,0.0,3
175000,474,14,46.1,0.0,0.0,17.2,0.0,2
176000,330,476,44.7,0.5,0.0,18.6,0.3,71
176000,480,409,46.4,0.0,0.0,17.6,0.0,50
176000,521,384,24.0,23.1,0.0,16.9,22.8,10
176000,380,342,0.1,0.0,0.1,5.4,0.0,53
176000,530,325,46.4,0.0,0.0,17.6,0.0,32
176000,547,246,46.3,0.0,0.0,17.7,0.0,22
176000,356,227,46.1,0.7,0.1,17.1,0.7,29
176000,274,182,46.0,0.0,0.0,17.8,0.0,22
176000,551,136,45.8,0.0,0.0,18.1,0.0,19
176000,560,135,46.2,0.0,0.0,17.5,0.0,19
176000,534,119,46.5,0.0,0.0,17.4,0.0,14
176000,509,79,46.2,0.1,0.0,17.7,0.1,14
176000,565,76,46.7,0.0,0.0,17.3,0.0,11
176000,454,63,43.6,0.0,0.0,19.9,0.0,13
176000,539,59,45.6,0.0,0.0,18.4,0.0,7
176000,434,57,45.2,0.0,0.0,18.4,0.0,8
176000,474,22,46.5,0.0,0.0,17.5,0.0,3
176000,488,18,46.6,0.0,0.0,17.4,0.0,3
176000,563,14,46.1,0.3,0.0,17.6,0.3,2
177000,330,556,44.1,1.6,0.0,18.0,1.5,67
177000,480,379,46.7,0.0,0.0,17.3,0.0,44
177000,521,328,24.1,22.9,0.0,17.0,22.9,6
177000,380,323,0.1,0.0,0.0,4.3,0.0,44
177000,530,310,46.7,0.0,0.0,17.2,0.0,32
177000,547,280,46.1,0.0,0.0,17.8,0.0,30
177000,356,247,45.8,0.7,0.0,17.2,0.7,22
177000,274,192,45.5,0.0,0.0,18.2,0.0,29
177000,560,165,46.1,0.0,0.0,17.9,0.0,23
177000,551,120,45.5,0.2,0.0,18.1,0.0,10
177000,565,113,46.8,0.0,0.0,17.2,0.0,15
177000,534,98,46.2,0.1,0.0,17.8,0.1,16
177000,454,91,43.9,0.0,0.0,19.9,0.0,23
177000,509,57,46.3,0.0,0.0,17.4,0.0,11
177000,434,50,45.8,0.0,0.0,17.7,0.0,5
177000,539,29,46.8,0.0,0.0,17.2,0.0,6
177000,563,26,45.5,0.5,0.0,18.0,0.5,3
177000,488,18,46.2,0.0,0.0,17.8,0.0,2
178000,330,515,46.2,0.2,0.0,17.5,0.2,57
178000,480,457,45.8,0.1,0.0,17.8,0.1,58
178000,521,366,24.1,23.0,0.0,16.8,22.6,15
178000,380,286,0.1,0.0,0.0,5.3,0.0,46
178000,530,282,46.4,0.0,0.0,17.6,0.0,27
178000,547,277,46.5,0.0,0.0,17.5,0.0,32
178000,274,219,45.7,0.0,0.1,18.0,0.0,33
178000,356,200,45.8,0.7,0.0,17.5,0.7,23
178000,560,199,46.4,0.0,0.0,17.5,0.0,27
178000,534,104,45.8,0.0,0.0,18.2,0.0,12
178000,551,89,45.6,0.0,0.1,18.2,0.0,16
178000,454,81,40.2,0.0,0.3,20.5,0.0,22
178000,565,75,46.6,0.0,0.0,17.4,0.0,9
178000,509,49,45.7,0.0,0.0,18.3,0.0,11
178000,434,40,45.7,0.2,0.0,17.3,0.1,8
178000,570,36,46.3,0.2,0.0,17.5,0.2,7
178000,539,19,46.2,0.0,0.0,17.8,0.0,3
178000,563,17,45.3,0.6,0.0,18.1,0.6,3
178000,488,11,46.4,0.0,0.0,17.6,0.0,2
179000,330,446,46.2,0.2,0.0,17.5,0.2,52
179000,480,378,46.0,0.0,0.0,17.9,0.0,40
179000,521,361,23.9,23.0,0.0,17.1,22.5,19
179000,274,345,46.1,0.4,0.0,17.4,0.4,42
179000,530,315,46.3,0.1,0.0,17.6,0.0,33
179000,380,307,0.1,0.0,0.0,4.8,0.0,49
179000,547,270,46.4,0.0,0.0,17.5,0.0,29
179000,571,224,46.4,0.1,0.0,17.5,0.1,42
179000,560,211,46.1,0.0,0.0,17.8,0.0,24
179000,534,117,46.6,0.1,0.0,17.1,0.1,20
179000,454,86,43.2,0.0,0.1,20.3,0.0,18
179000,551,79,46.5,0.0,0.0,17.5,0.0,8
179000,509,67,45.9,0.0,0.0,18.0,0.0,9
179000,565,63,46.4,0.0,0.0,17.5,0.0,9
179000,570,51,46.0,0.0,0.0,18.0,0.0,5
179000,434,32,46.0,0.0,0.0,18.0,0.0,2
179000,488,21,45.4,0.0,0.0,18.6,0.0,2
179000,539,12,47.0,0.0,0.0,17.0,0.0,4
179000,563,8,45.1,0.5,0.0,17.5,0.5,5
180000,480,475,45.5,0.0,0.0,18.2,0.0,63
180000,330,412,46.0,0.4,0.0,17.5,0.4,49
180000,521,338,24.1,22.9,0.0,17.0,22.8,7
180000,530,328,46.3,0.0,0.0,17.6,0.0,25
180000,547,281,46.3,0.0,0.0,17.7,0.0,34
180000,380,260,0.1,0.1,0.1,5.2,0.0,45
180000,274,226,45.6,0.0,0.1,18.2,0.0,38
180000,571,225,46.1,0.2,0.0,17.5,0.1,43
180000,560,192,45.0,0.0,0.0,17.7,0.0,29
180000,551,130,46.0,0.0,0.0,18.0,0.0,11
180000,570,99,46.5,0.0,0.0,17.3,0.0,13
180000,454,84,41.5,0.0,0.2,21.8,0.0,29
180000,509,76,46.0,0.0,0.0,17.9,0.0,8
180000,534,68,46.2,0.1,0.0,17.7,0.1,9
180000,434,49,46.4,0.0,0.0,17.2,0.0,10
180000,565,48,45.0,0.0,0.0,18.6,0.0,8
180000,488,20,46.7,0.0,0.0,17.4,0.0,3
180000,539,15,46.5,0.0,0.0,17.5,0.0,2
180000,563,6,46.0,1.0,0.0,17.0,1.0,1
181000,330,492,45.9,0.4,0.0,17.7,0.4,65
181000,480,402,46.0,0.0,0.0,17.9,0.0,46
181000,530,339,46.3,0.1,0.0,17.7,0.1,29
181000,380,330,0.1,0.0,0.1,4.5,0.0,50
181000,274,322,45.8,0.0,0.0,17.8,0.0,40
181000,521,293,24.1,22.9,0.0,16.9,22.5,11
181000,547,231,46.3,0.0,0.0,17.7,0.0,27
181000,571,187,46.1,0.2,0.0,17.7,0.2,43
181000,560,183,46.3,0.0,0.0,17.7,0.0,18
181000,551,118,45.9,0.0,0.0,18.1,0.0,12
181000,565,80,46.4,0.0,0.0,17.3,0.0,9
181000,570,78,46.2,0.0,0.0,17.8,0.0,10
181000,509,58,45.7,0.0,0.0,18.3,0.0,10
181000,534,58,46.1,0.1,0.0,17.8,0.1,9
181000,454,57,41.8,0.0,0.2,22.0,0.0,12
181000,539,26,46.0,0.0,0.0,18.0,0.0,4
181000,434,24,46.1,0.0,0.0,17.9,0.0,3
181000,488,23,46.1,0.0,0.0,17.9,0.0,2
182000,330,490,45.7,0.3,0.0,17.9,0.3,69
182000,521,349,24.1,23.0,0.0,17.0,22.7,13
182000,274,345,46.1,0.0,0.0,17.7,0.0,42
182000,530,345,46.3,0.1,0.0,17.6,0.0,31
182000,480,304,46.2,0.0,0.0,17.8,0.0,30
182000,547,290,46.4,0.0,0.0,17.6,0.0,31
182000,380,253,0.2,0.1,0.1,5.8,0.0,48
182000,571,202,46.4,0.1,0.0,17.4,0.1,30
182000,560,200,45.8,0.0,0.0,17.8,0.0,23
182000,551,110,46.4,0.0,0.0,17.6,0.0,11
182000,570,92,46.9,0.0,0.0,17.0,0.0,15
182000,509,79,46.6,0.0,0.1,17.2,0.0,14
182000,565,74,45.7,0.0,0.0,18.1,0.0,15
182000,534,49,45.8,0.3,0.0,17.9,0.3,15
182000,454,44,40.6,0.0,0.5,22.8,0.0,15
182000,575,27,24.3,16.9,0.0,22.7,16.9,2
182000,539,22,46.2,0.0,0.0,17.6,0.0,4
182000,488,16,45.9,0.0,0.0,18.1,0.0,5
183000,330,513,46.2,0.2,0.0,17.5,0.2,58
183000,380,407,0.2,0.0,0.2,5.0,0.0,63
183000,521,397,24.3,22.9,0.0,16.7,22.6,13
183000,480,371,46.1,0.0,0.0,17.8,0.0,42
183000,547,312,46.1,0.0,0.0,17.9,0.0,38
183000,274,306,46.0,0.0,0.0,17.8,0.0,27
183000,530,277,46.4,0.1,0.0,17.5,0.1,25
183000,571,185,46.4,0.2,0.0,17.4,0.2,31
183000,560,149,46.5,0.0,0.0,17.5,0.0,14
183000,551,91,45.8,0.0,0.0,18.2,0.0,10
183000,565,74,46.4,0.0,0.0,17.4,0.0,16
183000,509,68,46.1,0.0,0.0,17.9,0.0,10
183000,534,52,46.2,0.1,0.0,17.7,0.1,11
183000,570,51,46.5,0.3,0.0,17.3,0.3,9
183000,539,45,46.0,0.0,0.0,18.0,0.0,5
183000,575,41,24.3,17.1,0.0,22.5,17.0,2
183000,454,40,42.5,0.0,0.3,20.6,0.0,11
183000,488,16,46.1,0.0,0.0,17.9,0.0,3
184000,330,573,45.8,0.3,0.0,17.7,0.3,69
184000,480,415,46.1,0.0,0.0,17.9,0.0,49
184000,521,373,24.0,23.0,0.0,17.0,22.9,8
184000,380,361,0.1,0.0,0.1,5.1,0.0,65
184000,530,306,46.3,0.0,0.0,17.7,0.0,22
184000,547,298,46.4,0.0,0.0,17.6,0.0,30
184000,274,262,46.2,0.0,0.0,17.5,0.0,31
184000,560,201,46.1,0.0,0.0,17.8,0.0,25
184000,571,149,46.2,0.0,0.0,17.8,0.0,27
184000,579,137,45.8,0.6,0.1,17.5,0.6,20
184000,565,80,46.5,0.0,0.0,17.5,0.0,15
184000,551,80,45.9,0.0,0.2,17.8,0.0,10
184000,509,77,45.3,0.0,0.0,17.8,0.0,17
184000,570,65,45.9,0.5,0.0,17.5,0.2,11
184000,454,56,42.6,0.0,0.3,21.1,0.0,17
184000,534,41,44.9,1.0,0.0,18.1,1.0,4
184000,580,31,46.1,0.0,0.0,17.9,0.0,7
184000,539,29,45.2,0.0,0.0,18.8,0.0,6
184000,488,29,46.7,0.0,0.0,17.3,0.0,5
184000,575,24,24.0,17.0,0.0,23.0,17.0,1
185000,380,666,0.1,0.0,0.1,4.6,0.0,84
185000,330,561,46.3,0.4,0.0,17.3,0.4,66
185000,521,410,24.0,23.0,0.0,17.0,22.7,11
185000,480,395,46.0,0.1,0.0,17.9,0.1,46
185000,530,311,46.4,0.1,0.0,17.5,0.1,32
185000,547,295,46.2,0.0,0.0,17.8,0.0,38
185000,274,218,45.5,0.0,0.1,17.8,0.0,25
185000,560,178,46.0,0.0,0.0,17.8,0.0,25
185000,579,149,46.1,0.7,0.0,17.1,0.7,22
185000,571,128,43.5,0.5,0.3,19.2,0.5,34
185000,551,117,46.1,0.0,0.1,17.6,0.0,14
185000,580,90,46.2,0.0,0.0,17.7,0.0,16
185000,509,75,45.8,0.0,0.0,17.8,0.0,13
185000,565,71,45.7,0.0,0.0,18.0,0.0,12
185000,534,69,46.3,0.0,0.0,17.7,0.0,13
185000,454,65,46.8,0.0,0.0,17.2,0.0,10
185000,570,34,46.3,0.0,0.0,17.6,0.0,5
185000,488,29,45.8,0.0,0.0,18.2,0.0,2
185000,539,9,44.2,0.0,0.0,17.7,0.0,3
186000,380,609,0.0,0.0,0.0,5.0,0.0,74
186000,330,569,46.4,0.3,0.0,17.1,0.3,82
186000,480,417,45.9,0.0,0.0,17.9,0.0,50
186000,521,372,24.4,22.7,0.0,16.9,22.6,9
186000,547,328,46.4,0.0,0.0,17.6,0.0,35
186000,530,277,46.3,0.1,0.0,17.6,0.0,25
186000,274,227,45.6,0.0,0.0,18.0,0.0,32
186000,579,183,45.8,0.8,0.0,16.8,0.8,21
186000,560,167,46.5,0.0,0.0,17.4,0.0,19
186000,571,122,46.1,0.0,0.0,17.8,0.0,29
186000,551,114,45.2,0.0,0.0,18.5,0.0,11
186000,509,81,45.6,0.0,0.0,18.4,0.0,10
186000,534,80,46.5,0.2,0.0,17.2,0.2,20
186000,580,76,46.2,0.0,0.0,17.8,0.0,14
186000,565,73,46.5,0.0,0.0,17.5,0.0,13
186000,454,65,46.3,0.0,0.0,17.7,0.0,13
186000,488,25,46.2,0.0,0.0,17.8,0.0,4
186000,570,23,45.5,0.3,0.2,17.7,0.3,6
186000,539,5,46.0,0.0,0.0,18.0,0.0,2
187000,380,596,0.0,0.0,0.0,4.4,0.0,62
187000,330,466,46.7,0.2,0.0,17.1,0.2,68
187000,521,456,24.0,23.0,0.0,17.0,22.7,13
187000,480,384,46.1,0.1,0.0,17.8,0.0,38
187000,547,331,46.2,0.0,0.0,17.8,0.0,34
187000,560,238,46.6,0.0,0.0,17.4,0.0,25
187000,530,234,46.4,0.0,0.0,17.6,0.0,20
187000,579,228,46.1,0.7,0.0,17.2,0.7,28
187000,274,195,45.9,0.0,0.0,17.8,0.0,24
187000,571,106,46.1,0.1,0.0,17.8,0.1,14
187000,509,101,46.1,0.0,0.0,17.8,0.0,11
187000,551,99,46.1,0.0,0.1,17.8,0.0,10
187000,454,78,45.7,0.0,0.0,17.6,0.0,10
187000,565,71,46.3,0.0,0.0,17.6,0.0,8
187000,534,62,46.0,0.0,0.0,17.7,0.0,11
187000,580,53,46.3,0.0,0.0,17.4,0.0,13
187000,488,40,44.8,0.8,0.0,18.5,0.0,8
187000,570,16,45.9,0.0,0.0,18.1,0.0,3
188000,480,476,46.3,0.0,0.0,17.6,0.0,56
188000,521,468,25.6,21.7,0.0,16.7,21.5,19
188000,380,399,0.0,0.0,0.0,5.5,0.0,55
188000,547,314,46.0,0.0,0.0,18.0,0.0,30
188000,330,273,46.0,0.3,0.1,17.6,0.3,38
188000,530,264,46.3,0.0,0.0,17.6,0.0,25
188000,579,219,45.6,0.7,0.0,17.7,0.7,16
188000,274,209,46.0,0.0,0.0,18.0,0.0,20
188000,560,205,46.8,0.0,0.0,17.2,0.0,21
188000,551,118,46.3,0.0,0.0,17.7,0.0,10
188000,571,111,46.2,0.0,0.0,17.8,0.0,23
188000,509,88,46.3,0.0,0.0,17.7,0.0,9
188000,454,78,45.2,0.0,0.0,17.5,0.0,17
188000,534,77,46.3,0.0,0.0,17.7,0.0,6
188000,565,61,46.6,0.0,0.0,17.4,0.0,9
188000,488,40,46.5,0.0,0.0,17.5,0.0,4
188000,580,34,45.9,0.0,0.0,17.9,0.0,5
188000,570,19,46.5,0.0,0.0,17.5,0.0,5
189000,480,499,46.5,0.0,0.0,17.5,0.0,53
189000,521,477,26.5,20.8,0.0,16.6,20.7,21
189000,380,320,0.1,0.0,0.1,3.8,0.0,42
189000,547,296,46.2,0.0,0.0,17.8,0.0,27
189000,330,284,46.4,0.2,0.0,17.3,0.2,39
189000,530,268,46.5,0.0,0.0,17.5,0.0,22
189000,560,237,46.1,0.0,0.0,17.6,0.0,26
189000,579,221,45.8,0.6,0.0,17.4,0.6,24
189000,274,183,45.9,0.0,0.1,17.8,0.0,24
189000,571,139,46.3,0.1,0.0,17.6,0.1,27
189000,551,122,44.5,0.0,0.0,19.1,0.0,19
189000,509,95,45.8,0.0,0.0,18.2,0.0,11
189000,534,95,46.5,0.0,0.2,17.3,0.0,14
189000,454,77,45.5,0.0,0.0,18.2,0.0,13
189000,565,75,45.2,0.0,0.0,18.1,0.0,16
189000,488,45,46.4,0.0,0.0,17.6,0.0,4
189000,580,32,45.9,0.0,0.0,17.9,0.0,7
189000,570,14,47.2,0.0,0.0,16.8,0.0,4
190000,480,469,46.2,0.0,0.0,17.7,0.0,56
190000,521,443,25.8,21.4,0.0,16.8,21.4,17
190000,380,382,0.1,0.0,0.0,3.7,0.0,49
190000,330,351,46.3,0.2,0.0,17.4,0.2,49
190000,547,307,46.1,0.0,0.0,17.9,0.0,38
190000,530,280,46.3,0.2,0.0,17.5,0.1,35
190000,579,217,45.5,0.6,0.0,17.8,0.6,23
190000,274,199,45.6,0.0,0.0,18.1,0.0,29
190000,560,169,46.3,0.0,0.0,17.5,0.0,23
190000,571,150,46.8,0.0,0.0,17.2,0.0,23
190000,551,119,46.3,0.0,0.0,17.7,0.0,11
190000,454,119,46.3,0.0,0.0,17.5,0.0,24
190000,534,99,46.1,0.2,0.0,17.7,0.2,14
190000,509,63,45.6,0.0,0.0,18.4,0.0,9
190000,580,46,46.1,0.0,0.2,17.7,0.0,8
190000,565,45,46.9,0.0,0.0,17.1,0.0,10
190000,488,38,45.3,0.7,0.0,18.0,0.1,7
190000,570,14,46.2,0.0,0.0,17.8,0.0,3
190000,539,7,46.0,0.0,0.0,18.0,0.0,1
191000,380,487,0.0,0.0,0.0,4.9,0.0,68
191000,480,453,46.1,0.0,0.0,17.8,0.0,44
191000,521,449,25.3,21.8,0.0,16.9,21.4,19
191000,330,295,46.3,0.2,0.0,17.5,0.2,37
191000,547,293,46.3,0.0,0.0,17.7,0.0,45
191000,530,260,46.3,0.1,0.0,17.5,0.0,27
191000,579,257,45.7,0.7,0.0,17.6,0.7,20
191000,274,220,45.7,0.0,0.0,18.0,0.0,30
191000,571,191,46.2,0.0,0.0,17.7,0.0,30
191000,560,150,46.3,0.0,0.0,17.7,0.0,16
191000,551,143,46.1,0.0,0.0,17.9,0.0,16
191000,454,103,45.9,0.0,0.0,18.0,0.0,12
191000,534,98,46.8,0.2,0.0,17.1,0.2,17
191000,509,64,46.1,0.0,0.0,17.8,0.0,6
191000,580,44,46.4,0.0,0.0,17.6,0.0,7
191000,488,32,47.3,0.2,0.0,16.5,0.2,7
191000,590,21,46.5,0.0,0.0,17.5,0.0,5
191000,565,18,46.6,0.0,0.0,17.3,0.0,4
191000,570,15,46.1,0.3,0.0,17.6,0.3,3
191000,539,8,46.4,0.0,0.0,17.6,0.0,2
192000,380,514,0.0,0.0,0.1,4.8,0.0,67
192000,480,446,46.1,0.0,0.0,17.8,0.0,42
192000,521,434,24.5,22.5,0.0,17.0,22.3,19
192000,547,333,46.2,0.0,0.0,17.8,0.0,35
192000,530,303,46.5,0.0,0.0,17.4,0.0,31
192000,330,293,46.0,0.3,0.0,17.6,0.2,37
192000,571,237,46.4,0.0,0.0,17.4,0.0,35
192000,579,226,46.1,0.8,0.0,17.1,0.8,25
192000,274,209,45.7,0.0,0.0,18.0,0.0,24
192000,551,140,45.7,0.0,0.0,18.0,0.0,15
192000,560,117,46.5,0.0,0.0,17.5,0.0,19
192000,454,100,46.1,0.0,0.0,17.1,0.0,12
192000,592,98,0.0,0.0,0.0,3.8,0.0,13
192000,534,87,46.4,0.1,0.0,17.4,0.1,11
192000,580,56,46.4,0.0,0.0,17.6,0.0,4
192000,509,46,46.2,0.0,0.0,17.8,0.0,4
192000,488,32,46.3,0.0,0.0,17.7,0.0,4
192000,590,28,46.4,0.1,0.0,17.5,0.1,7
192000,539,26,46.2,0.0,0.0,17.7,0.0,3
192000,591,20,46.7,0.0,0.0,17.3,0.0,5
192000,565,16,46.1,0.0,0.0,17.9,0.0,3
192000,570,7,46.4,0.0,0.0,17.6,0.0,2
193000,380,615,0.0,0.0,0.1,4.6,0.0,69
193000,480,478,45.9,0.0,0.0,18.0,0.0,48
193000,521,394,25.0,22.2,0.0,16.8,22.1,17
193000,330,363,46.1,0.2,0.0,17.7,0.2,52
193000,547,318,45.6,0.0,0.0,18.3,0.0,31
193000,530,308,45.7,0.2,0.0,17.9,0.2,45
193000,571,265,45.8,0.2,0.0,17.9,0.1,44
193000,579,209,45.9,0.7,0.0,17.2,0.7,18
193000,274,173,45.7,0.0,0.1,18.0,0.0,18
193000,560,129,45.3,0.0,0.0,18.7,0.0,18
193000,551,128,45.9,0.0,0.0,17.8,0.0,10
193000,534,116,46.5,0.0,0.0,17.5,0.0,16
193000,592,113,0.0,0.0,0.3,4.0,0.0,18
193000,454,98,45.8,0.0,0.0,17.8,0.0,12
193000,580,58,46.2,0.0,0.0,17.6,0.0,7
193000,565,45,46.2,0.0,0.0,17.8,0.0,5
193000,509,38,46.6,0.0,0.0,17.3,0.0,8
193000,488,30,45.6,0.0,0.0,17.9,0.0,3
193000,590,27,45.8,0.5,0.0,17.5,0.5,8
193000,539,22,45.5,0.1,0.0,18.3,0.1,4
193000,591,14,45.4,0.0,0.0,18.6,0.0,3
194000,380,603,0.0,0.0,0.1,4.4,0.0,73
194000,480,458,43.0,0.1,0.0,20.9,0.1,73
194000,521,402,24.3,22.9,0.0,16.8,22.5,21
194000,547,332,46.5,0.0,0.0,17.5,0.0,38
194000,330,324,46.1,0.3,0.0,17.6,0.3,51
194000,530,274,46.3,0.0,0.0,17.6,0.0,34
194000,571,271,46.4,0.1,0.0,17.4,0.1,41
194000,579,236,45.2,0.9,0.0,17.6,0.8,23
194000,274,196,45.4,0.0,0.0,18.4,0.0,15
194000,551,161,45.8,0.0,0.0,18.0,0.0,14
194000,560,130,44.9,0.0,0.0,18.8,0.0,20
194000,454,100,45.4,0.0,0.3,18.0,0.0,16
194000,580,94,45.6,0.0,0.1,18.0,0.0,15
194000,534,87,46.9,0.1,0.0,17.0,0.1,16
194000,488,40,45.7,0.1,0.1,18.1,0.1,9
194000,509,30,46.9,0.0,0.0,17.1,0.0,9
194000,591,22,46.6,0.4,0.0,17.0,0.4,4
194000,590,16,46.0,1.2,0.0,16.8,1.2,2
194000,565,8,48.2,0.0,0.0,15.8,0.0,4
194000,539,6,46.8,0.0,0.0,17.2,0.0,4
195000,380,659,0.5,0.0,0.0,4.5,0.0,78
195000,480,503,43.6,0.3,0.0,19.9,0.3,84
195000,521,370,24.2,22.8,0.0,16.9,22.7,9
195000,530,364,46.1,0.0,0.0,17.9,0.0,33
195000,330,301,45.3,1.0,0.0,17.6,0.8,42
195000,547,300,46.3,0.0,0.0,17.7,0.0,29
195000,571,272,46.5,0.0,0.0,17.5,0.0,38
195000,579,239,45.9,0.7,0.0,17.3,0.7,20
195000,551,194,46.1,0.0,0.0,17.9,0.0,13
195000,274,176,46.1,0.0,0.0,17.8,0.0,20
195000,560,140,46.4,0.0,0.0,17.6,0.0,17
195000,580,87,45.7,0.0,0.0,18.3,0.0,8
195000,454,83,45.4,0.0,0.0,18.0,0.0,13
195000,488,33,46.6,0.3,0.0,17.1,0.3,5
195000,534,27,46.7,0.3,0.0,17.1,0.3,8
195000,509,23,46.6,0.0,0.0,17.4,0.0,3
195000,591,20,46.9,0.0,0.0,17.1,0.0,4
195000,590,14,44.9,0.7,0.0,18.4,0.7,5
196000,380,973,0.1,0.0,0.1,4.4,0.0,111
196000,480,465,46.2,0.0,0.0,17.7,0.0,55
196000,521,396,24.4,22.7,0.0,16.8,22.5,14
196000,330,350,46.2,0.1,0.0,17.6,0.1,36
196000,547,327,46.3,0.0,0.0,17.7,0.0,30
196000,530,309,46.3,0.0,0.0,17.7,0.0,26
196000,579,253,46.0,0.8,0.1,17.2,0.8,28
196000,551,211,45.9,0.0,0.0,17.9,0.0,23
196000,571,204,46.5,0.1,0.0,17.4,0.1,33
196000,274,203,45.7,0.0,0.1,18.0,0.0,21
196000,560,103,46.3,0.0,0.0,17.7,0.0,13
196000,534,91,46.9,0.0,0.0,17.1,0.0,17
196000,454,90,45.8,0.0,0.0,17.8,0.0,13
196000,580,76,46.2,0.0,0.0,17.8,0.0,9
196000,488,44,46.5,0.0,0.0,17.5,0.0,6
196000,591,40,46.5,0.3,0.0,17.2,0.3,8
196000,509,12,46.0,0.0,0.0,18.0,0.0,1
197000,380,672,0.0,0.0,0.1,4.4,0.0,74
197000,480,491,46.2,0.0,0.0,17.7,0.0,57
197000,521,356,24.4,22.9,0.0,16.7,22.4,14
197000,530,333,46.4,0.0,0.0,17.6,0.0,30
197000,330,332,46.2,0.2,0.0,17.6,0.2,37
197000,547,328,46.2,0.0,0.0,17.7,0.0,34
197000,551,304,46.5,0.0,0.0,17.4,0.0,29
197000,579,265,46.0,0.8,0.0,17.2,0.8,26
197000,274,227,45.6,0.0,0.0,17.9,0.0,29
197000,571,211,46.3,0.2,0.0,17.5,0.1,23
197000,454,101,46.0,0.0,0.1,17.7,0.0,10
197000,560,80,46.2,0.0,0.0,17.9,0.0,11
197000,534,54,47.3,0.0,0.0,16.7,0.0,8
197000,580,49,46.0,0.0,0.1,17.8,0.0,10
197000,488,36,46.1,0.0,0.0,17.9,0.0,2
197000,591,16,46.3,0.0,0.0,17.7,0.0,3
197000,509,13,46.0,0.0,0.0,18.0,0.0,1
198000,380,688,0.1,0.0,0.1,4.3,0.0,83
198000,480,477,46.3,0.0,0.0,17.7,0.0,42
198000,521,382,24.3,22.9,0.0,16.8,22.6,16
198000,551,361,46.1,0.0,0.0,17.7,0.0,32
198000,330,358,46.1,0.3,0.0,17.6,0.3,49
198000,547,338,46.3,0.0,0.0,17.6,0.0,44
198000,530,311,46.4,0.0,0.0,17.6,0.0,21
198000,579,269,46.0,0.9,0.0,17.1,0.9,21
198000,274,220,45.9,0.0,0.0,17.9,0.0,27
198000,571,220,46.3,0.0,0.0,17.6,0.0,33
198000,454,86,46.3,0.0,0.0,17.6,0.0,10
198000,560,74,46.4,0.0,0.0,17.6,0.0,12
198000,534,67,47.6,0.1,0.0,16.3,0.1,13
198000,488,28,45.6,0.2,0.0,18.2,0.2,4
198000,580,15,46.2,0.0,0.0,17.8,0.0,5
198000,591,15,46.2,0.0,0.0,17.8,0.0,3
199000,380,605,0.0,0.0,0.0,3.8,0.0,52
199000,480,469,46.2,0.0,0.0,17.7,0.0,46
199000,330,405,46.3,0.1,0.0,17.5,0.1,46
199000,521,355,24.0,23.1,0.0,16.8,22.6,13
199000,547,346,46.4,0.0,0.0,17.5,0.0,41
199000,551,334,46.1,0.0,0.0,17.8,0.0,31
199000,579,301,46.1,0.9,0.1,16.9,0.9,34
199000,571,280,45.6,0.1,0.0,17.9,0.1,58
199000,530,268,46.4,0.0,0.0,17.6,0.0,21
199000,274,184,46.1,0.0,0.0,17.8,0.0,23
199000,560,89,46.2,0.0,0.0,17.4,0.0,12
199000,534,72,47.5,0.0,0.0,16.4,0.0,13
199000,454,67,45.9,0.0,0.0,17.7,0.0,9
199000,488,26,47.9,0.2,0.0,15.9,0.2,9
199000,509,20,46.0,0.0,0.0,18.0,0.0,1
199000,591,6,46.0,0.0,0.0,18.0,0.0,1
200000,480,415,46.2,0.0,0.0,17.8,0.0,53
200000,380,374,0.0,0.0,0.2,3.9,0.0,37
200000,521,369,24.2,22.7,0.0,17.0,22.5,17
200000,547,355,46.3,0.0,0.0,17.7,0.0,44
200000,579,339,46.1,0.9,0.0,16.9,0.9,37
200000,330,336,46.4,0.1,0.0,17.5,0.1,35
200000,551,332,45.4,0.0,0.0,18.2,0.0,37
200000,530,311,46.6,0.0,0.0,17.4,0.0,28
200000,571,274,44.3,0.7,0.0,18.6,0.6,60
200000,274,158,46.0,0.0,0.1,17.9,0.0,20
200000,534,103,46.9,0.0,0.0,16.6,0.0,22
200000,560,84,46.5,0.0,0.0,17.5,0.0,13
200000,454,53,45.2,0.0,0.0,17.8,0.0,9
200000,509,40,46.8,0.0,0.0,17.2,0.0,6
200000,488,25,44.7,1.9,0.0,17.4,0.6,5
201000,330,394,46.5,0.2,0.0,17.3,0.2,55
201000,480,383,46.1,0.1,0.0,17.8,0.1,49
201000,547,369,45.6,0.0,0.0,18.4,0.0,49
201000,380,354,0.1,0.0,0.1,4.1,0.0,42
201000,521,329,24.1,22.9,0.0,17.0,22.6,14
201000,579,328,45.5,1.0,0.0,17.1,1.0,40
201000,530,317,46.5,0.1,0.0,17.4,0.1,40
201000,571,299,43.9,0.8,0.0,18.6,0.8,62
201000,551,275,45.5,0.0,0.1,18.1,0.0,41
201000,274,195,45.3,0.1,0.0,17.7,0.1,22
201000,560,116,46.1,0.0,0.0,17.9,0.0,14
201000,534,83,46.4,0.0,0.2,16.8,0.0,11
201000,454,65,46.1,0.0,0.0,17.2,0.0,14
201000,509,39,46.1,0.0,0.0,17.9,0.0,7
201000,606,18,47.4,0.2,0.0,16.4,0.2,5
202000,480,413,46.3,0.0,0.0,17.6,0.0,46
202000,547,406,46.1,0.0,0.0,17.8,0.0,53
202000,330,401,46.6,0.1,0.0,17.3,0.1,54
202000,579,350,43.3,1.4,0.2,16.8,1.4,40
202000,521,342,24.3,22.8,0.0,16.9,22.7,11
202000,380,337,0.0,0.1,0.0,4.7,0.0,45
202000,571,322,44.9,0.5,0.0,18.5,0.5,60
202000,530,304,46.4,0.0,0.0,17.6,0.0,28
202000,551,216,45.7,0.0,0.0,17.7,0.0,34
202000,274,185,46.0,0.0,0.0,17.8,0.0,25
202000,560,118,46.3,0.0,0.0,17.7,0.0,16
202000,534,83,47.4,0.0,0.0,16.6,0.0,12
202000,454,49,46.3,0.0,0.0,17.7,0.0,6
202000,509,26,46.7,0.0,0.0,17.3,0.0,3
203000,480,412,46.5,0.0,0.0,17.5,0.0,37
203000,380,376,0.0,0.0,0.1,4.1,0.0,24
203000,330,375,46.3,0.1,0.0,17.6,0.1,52
203000,530,368,46.4,0.0,0.0,17.5,0.0,34
203000,521,346,24.4,22.8,0.0,16.8,22.5,14
203000,547,342,46.2,0.0,0.0,17.8,0.0,44
203000,579,279,45.5,1.0,0.0,17.4,1.0,28
203000,571,258,46.1,0.0,0.0,17.8,0.0,41
203000,551,216,46.2,0.0,0.0,17.7,0.0,21
203000,274,201,45.5,0.0,0.2,18.1,0.0,19
203000,560,123,46.4,0.0,0.0,17.6,0.0,16
203000,534,94,46.0,0.0,0.0,17.8,0.0,12
203000,454,68,44.9,0.0,0.5,17.8,0.0,13
203000,509,21,46.1,0.0,0.0,17.8,0.0,4
204000,330,426,46.8,0.1,0.0,17.1,0.1,58
204000,480,396,46.2,0.0,0.0,17.8,0.0,31
204000,521,395,23.9,23.1,0.0,17.0,22.6,13
204000,579,327,46.0,1.0,0.1,17.0,1.0,24
204000,530,325,46.5,0.0,0.0,17.5,0.0,33
204000,380,325,0.1,0.0,0.0,4.2,0.0,29
204000,547,313,46.2,0.0,0.0,17.8,0.0,34
204000,571,252,46.4,0.1,0.0,17.5,0.1,45
204000,551,246,46.5,0.0,0.0,17.3,0.0,29
204000,274,211,45.9,0.0,0.0,17.7,0.0,27
204000,560,95,46.5,0.0,0.0,17.5,0.0,12
204000,534,88,47.0,0.0,0.0,17.0,0.0,19
204000,454,57,46.4,0.0,0.0,17.4,0.0,8
204000,509,5,46.2,0.0,0.0,17.8,0.0,2
205000,380,601,0.0,0.0,0.0,4.6,0.0,50
205000,547,425,46.3,0.0,0.0,17.7,0.0,57
205000,330,423,46.5,0.1,0.0,17.3,0.1,46
205000,480,352,46.1,0.0,0.0,17.8,0.0,39
205000,579,328,45.9,1.0,0.0,17.1,1.0,31
205000,521,315,24.3,22.9,0.0,16.9,22.4,15
205000,530,311,46.4,0.1,0.0,17.5,0.0,27
205000,551,302,45.8,0.0,0.0,17.9,0.0,37
205000,571,260,45.9,0.1,0.0,17.7,0.1,51
205000,274,162,46.1,0.0,0.0,17.8,0.0,22
205000,560,130,46.2,0.0,0.0,17.7,0.0,15
205000,534,112,45.9,0.0,0.1,16.9,0.0,19
205000,454,60,44.2,0.0,0.0,18.8,0.0,13
206000,480,471,46.2,0.0,0.0,17.7,0.0,52
206000,547,383,46.1,0.0,0.0,17.8,0.0,49
206000,380,377,0.0,0.0,0.0,4.4,0.0,39
206000,521,365,24.1,22.9,0.0,16.9,22.5,14
206000,579,352,45.9,1.0,0.0,17.1,1.0,32
206000,330,335,46.7,0.1,0.0,17.2,0.1,41
206000,530,328,46.5,0.0,0.0,17.5,0.0,31
206000,551,286,46.3,0.0,0.0,17.4,0.0,41
206000,571,264,46.4,0.1,0.0,17.4,0.1,41
206000,274,173,46.0,0.0,0.0,18.0,0.0,16
206000,534,107,46.8,0.0,0.0,17.2,0.0,18
206000,560,71,46.6,0.0,0.0,17.4,0.0,10
206000,454,50,46.9,0.0,0.2,16.8,0.0,12
207000,480,431,46.3,0.0,0.0,17.7,0.0,51
207000,530,423,46.4,0.0,0.0,17.6,0.0,31
207000,547,384,46.4,0.0,0.0,17.6,0.0,40
207000,579,376,45.9,1.0,0.0,17.0,1.0,35
207000,380,368,0.0,0.0,0.0,4.1,0.0,35
207000,521,360,24.2,22.8,0.0,17.0,22.6,15
207000,551,321,45.5,0.0,0.1,18.1,0.0,39
207000,330,290,46.4,0.1,0.0,17.5,0.1,34
207000,571,254,46.5,0.1,0.0,17.4,0.1,44
207000,274,136,45.7,0.0,0.0,17.8,0.0,16
207000,534,94,47.2,0.0,0.0,16.8,0.0,11
207000,560,87,45.5,0.0,0.0,18.4,0.0,15
207000,454,29,44.7,0.4,0.2,18.5,0.4,8
208000,480,417,46.1,0.0,0.0,17.8,0.0,42
208000,380,410,0.1,0.0,0.0,5.0,0.0,47
208000,530,396,46.4,0.1,0.0,17.5,0.0,37
208000,547,370,46.1,0.0,0.0,17.9,0.0,46
208000,579,353,45.5,1.0,0.0,17.5,1.0,32
208000,551,329,46.1,0.0,0.1,17.7,0.0,36
208000,521,327,24.4,22.7,0.0,16.8,22.6,13
208000,571,309,46.3,0.0,0.0,17.7,0.0,38
208000,330,170,46.7,0.0,0.0,17.3,0.0,22
208000,560,110,46.2,0.0,0.0,17.8,0.0,12
208000,534,103,46.9,0.0,0.0,17.1,0.0,9
208000,274,80,46.0,0.0,0.0,17.8,0.0,8
208000,454,53,46.2,0.0,0.0,17.5,0.0,9
209000,571,415,46.5,0.1,0.0,17.4,0.1,47
209000,521,381,24.3,22.8,0.0,16.9,22.5,12
209000,480,365,46.4,0.0,0.0,17.5,0.0,31
209000,530,360,46.5,0.0,0.0,17.5,0.0,36
209000,551,313,46.3,0.0,0.0,17.7,0.0,31
209000,547,300,46.4,0.0,0.0,17.6,0.0,43
209000,579,280,46.1,0.9,0.0,17.0,0.9,16
209000,380,239,0.0,0.0,0.0,4.7,0.0,26
209000,330,186,46.3,0.0,0.0,17.7,0.0,25
209000,274,152,46.2,0.0,0.0,17.8,0.0,11
209000,534,107,47.1,0.0,0.0,16.9,0.0,17
209000,560,97,46.5,0.0,0.0,17.5,0.0,10
209000,454,52,45.9,0.0,0.2,17.5,0.0,13
210000,571,429,46.2,0.0,0.0,17.6,0.0,56
210000,480,417,46.0,0.0,0.0,18.0,0.0,41
210000,547,412,46.4,0.0,0.0,17.5,0.0,54
210000,521,344,23.9,23.1,0.0,17.0,22.4,13
210000,530,335,46.2,0.1,0.0,17.6,0.0,32
210000,579,326,45.5,1.0,0.0,17.4,1.0,28
210000,551,319,46.3,0.0,0.0,17.5,0.0,37
210000,620,213,0.0,0.0,0.0,3.8,0.0,23
210000,380,206,0.1,0.0,0.1,4.4,0.0,25
210000,330,161,46.5,0.0,0.0,17.5,0.0,21
210000,274,156,46.2,0.0,0.0,17.8,0.0,13
210000,534,106,46.5,0.0,0.0,17.5,0.0,16
210000,560,75,46.8,0.1,0.0,16.9,0.1,12
210000,454,53,45.6,0.0,0.0,17.2,0.0,12
211000,530,437,46.4,0.0,0.0,17.6,0.0,32
211000,547,419,46.3,0.0,0.0,17.7,0.0,65
211000,571,399,46.0,0.1,0.0,17.7,0.1,53
211000,551,348,46.6,0.0,0.0,17.3,0.0,41
211000,480,342,46.3,0.0,0.0,17.7,0.0,31
211000,579,321,45.5,1.0,0.0,17.5,1.0,28
211000,521,298,24.3,22.5,0.0,17.1,22.3,17
211000,380,257,0.0,0.0,0.0,4.8,0.0,36
211000,620,236,0.1,0.0,0.1,4.7,0.0,36
211000,274,166,45.7,0.0,0.1,17.9,0.0,19
211000,330,163,46.2,0.1,0.0,17.6,0.1,24
211000,534,104,47.3,0.0,0.0,16.7,0.0,14
211000,560,86,46.7,0.0,0.0,17.3,0.0,10
211000,454,62,46.5,0.0,0.0,17.5,0.0,10
212000,571,397,46.2,0.2,0.0,17.5,0.2,60
212000,530,391,46.3,0.0,0.0,17.6,0.0,29
212000,579,356,45.7,1.0,0.0,17.1,1.0,28
212000,521,347,24.2,22.9,0.0,16.9,22.8,7
212000,480,346,46.2,0.0,0.0,17.8,0.0,29
212000,551,303,45.9,0.0,0.0,18.1,0.0,28
212000,547,302,46.3,0.0,0.0,17.7,0.0,44
212000,380,271,0.1,0.0,0.0,4.3,0.0,33
212000,274,231,46.1,0.0,0.1,17.7,0.0,16
212000,330,151,45.8,0.0,0.0,18.1,0.0,16
212000,625,120,45.6,0.2,0.0,18.1,0.2,26
212000,620,89,0.0,0.1,0.0,3.8,0.0,12
212000,454,84,46.1,0.0,0.0,17.9,0.0,8
212000,560,72,46.4,0.0,0.0,17.6,0.0,9
212000,534,69,46.2,0.0,0.0,16.2,0.0,10
213000,530,425,46.0,0.0,0.0,17.9,0.0,45
213000,571,398,46.0,0.1,0.0,17.8,0.1,55
213000,551,348,46.0,0.0,0.0,17.7,0.0,41
213000,547,339,46.3,0.0,0.0,17.7,0.0,60
213000,579,339,44.0,1.4,0.1,17.2,1.1,45
213000,480,311,45.6,0.0,0.0,18.2,0.0,36
213000,521,302,24.5,22.7,0.0,16.8,22.5,15
213000,330,227,46.2,0.0,0.0,17.7,0.0,30
213000,274,195,45.7,0.0,0.1,17.9,0.0,24
213000,380,172,0.1,0.0,0.0,4.1,0.0,25
213000,560,102,44.9,0.1,0.0,19.0,0.1,19
213000,534,94,46.6,0.0,0.0,17.1,0.0,12
213000,625,92,46.3,0.1,0.0,17.6,0.1,17
213000,620,90,0.1,0.0,0.0,4.8,0.0,15
213000,454,62,46.1,0.0,0.0,17.9,0.0,8
214000,547,450,45.4,0.0,0.0,18.5,0.0,69
214000,380,416,0.0,0.0,0.0,4.5,0.0,44
214000,521,404,24.3,22.9,0.0,16.8,22.7,11
214000,571,381,45.7,0.1,0.0,18.1,0.1,64
214000,530,379,46.2,0.1,0.0,17.7,0.0,38
214000,480,349,46.1,0.0,0.0,17.9,0.0,35
214000,551,309,45.6,0.0,0.0,18.2,0.0,35
214000,579,300,44.0,1.3,0.0,17.2,1.1,42
214000,330,192,46.3,0.1,0.0,17.5,0.0,25
214000,274,140,46.0,0.0,0.0,17.9,0.0,15
214000,560,104,46.3,0.0,0.0,17.7,0.0,12
214000,625,100,46.5,0.1,0.0,17.5,0.1,14
214000,534,83,47.2,0.0,0.0,16.7,0.0,11
214000,454,68,46.1,0.0,0.0,17.8,0.0,10
214000,620,17,0.0,0.0,0.0,3.5,0.0,5
215000,380,487,0.0,0.0,0.0,4.0,0.0,42
215000,530,399,46.4,0.1,0.0,17.5,0.0,36
215000,480,392,46.2,0.0,0.0,17.7,0.0,32
215000,571,364,46.2,0.1,0.0,17.6,0.1,59
215000,521,346,23.9,23.1,0.0,16.9,22.6,14
215000,547,328,46.3,0.0,0.0,17.7,0.0,32
215000,551,323,46.1,0.0,0.0,17.8,0.0,25
215000,579,252,45.8,1.0,0.0,17.2,1.0,24
215000,330,184,45.9,0.0,0.0,18.0,0.0,27
215000,274,146,45.8,0.0,0.0,18.1,0.0,14
215000,560,138,45.8,0.0,0.0,18.0,0.0,18
215000,625,94,46.8,0.0,0.0,17.2,0.0,16
215000,534,92,47.2,0.0,0.0,16.8,0.0,15
215000,454,76,46.0,0.0,0.0,18.0,0.0,9
216000,380,493,0.0,0.0,0.1,4.9,0.0,67
216000,480,421,46.2,0.0,0.0,17.8,0.0,38
216000,530,401,46.3,0.0,0.0,17.6,0.0,32
216000,521,366,24.3,23.0,0.0,16.8,22.6,12
216000,571,357,46.2,0.2,0.0,17.5,0.1,48
216000,547,326,46.6,0.0,0.0,17.4,0.0,48
216000,551,288,46.3,0.0,0.0,17.5,0.0,29
216000,579,240,45.7,0.9,0.1,17.2,0.9,17
216000,330,192,46.5,0.0,0.0,17.5,0.0,32
216000,560,162,46.2,0.0,0.0,17.5,0.0,17
216000,274,129,45.7,0.0,0.0,17.7,0.0,16
216000,625,105,46.6,0.0,0.0,17.4,0.0,10
216000,454,77,45.7,0.0,0.0,17.8,0.0,12
216000,534,75,46.9,0.0,0.0,17.1,0.0,9
217000,530,391,46.4,0.0,0.0,17.6,0.0,38
217000,480,365,46.1,0.0,0.0,17.8,0.0,42
217000,521,356,24.2,22.8,0.0,16.9,22.7,11
217000,380,345,0.0,0.0,0.1,5.3,0.0,49
217000,547,319,46.5,0.0,0.0,17.5,0.0,36
217000,571,285,46.0,0.1,0.0,17.8,0.1,54
217000,551,270,46.2,0.0,0.0,17.6,0.0,31
217000,579,263,45.8,1.0,0.0,17.1,1.0,26
217000,330,249,46.0,0.0,0.0,18.0,0.0,32
217000,274,179,45.9,0.0,0.0,17.8,0.0,19
217000,560,177,45.9,0.0,0.0,18.0,0.0,20
217000,534,82,46.7,0.0,0.0,17.3,0.0,11
217000,625,67,46.7,0.0,0.0,17.3,0.0,8
217000,454,58,45.7,0.0,0.0,18.1,0.0,7
218000,380,503,0.0,0.1,0.0,4.1,0.0,44
218000,571,397,46.2,0.0,0.0,17.6,0.0,62
218000,480,367,46.1,0.0,0.0,17.7,0.0,43
218000,521,364,24.1,22.9,0.0,17.0,22.8,8
218000,547,341,46.2,0.0,0.0,17.8,0.0,53
218000,530,326,46.3,0.0,0.0,17.7,0.0,26
218000,560,245,46.1,0.0,0.0,17.8,0.0,31
218000,330,231,46.0,0.1,0.0,18.0,0.0,20
218000,551,219,46.3,0.0,0.0,17.6,0.0,24
218000,579,182,46.0,1.0,0.0,16.9,1.0,18
218000,274,166,46.0,0.0,0.0,17.9,0.0,21
218000,534,93,47.2,0.0,0.0,16.8,0.0,13
218000,625,89,46.4,0.0,0.0,17.6,0.0,10
218000,454,57,46.2,0.0,0.0,17.8,0.0,8
219000,380,615,0.2,0.0,0.0,5.6,0.0,80
219000,571,406,46.0,0.1,0.0,17.8,0.1,56
219000,480,390,46.0,0.1,0.0,17.9,0.1,42
219000,521,328,24.2,22.7,0.0,17.0,22.6,11
219000,530,320,46.4,0.1,0.0,17.5,0.1,28
219000,547,299,46.4,0.0,0.0,17.6,0.0,37
219000,330,278,46.3,0.0,0.0,17.7,0.0,30
219000,579,242,45.3,1.0,0.1,17.2,1.0,29
219000,560,227,46.1,0.0,0.0,17.5,0.0,32
219000,551,183,46.2,0.0,0.0,17.7,0.0,19
219000,632,157,46.0,0.0,0.0,17.9,0.0,19
219000,274,147,46.0,0.0,0.0,17.8,0.0,18
219000,625,117,46.2,0.1,0.0,17.7,0.1,11
219000,534,91,47.6,0.0,0.0,16.2,0.0,12
219000,454,61,46.2,0.0,0.0,17.5,0.0,12
220000,380,440,1.0,0.0,0.0,5.9,0.0,71
220000,571,423,46.2,0.1,0.0,17.7,0.1,64
220000,530,356,46.2,0.1,0.0,17.8,0.0,29
220000,480,351,46.2,0.1,0.0,17.6,0.1,46
220000,547,349,46.3,0.0,0.0,17.7,0.0,52
220000,521,333,24.4,22.7,0.0,16.9,22.5,13
220000,579,280,45.6,1.0,0.0,17.2,1.0,31
220000,330,258,46.2,0.1,0.0,17.7,0.0,29
220000,560,188,46.3,0.0,0.0,17.7,0.0,21
220000,274,166,46.3,0.0,0.0,17.6,0.0,21
220000,551,165,46.3,0.1,0.0,17.6,0.1,21
220000,632,133,46.1,0.0,0.0,17.9,0.0,12
220000,625,112,46.5,0.0,0.0,17.5,0.0,13
220000,534,83,47.2,0.0,0.0,16.8,0.0,11
220000,454,47,45.8,0.0,0.0,18.2,0.0,10
221000,571,445,46.4,0.0,0.0,17.5,0.0,64
221000,480,397,46.2,0.0,0.0,17.7,0.0,46
221000,380,376,0.0,0.0,0.2,5.2,0.0,51
221000,521,344,24.3,22.7,0.0,17.0,22.5,12
221000,579,303,45.7,1.0,0.0,17.1,1.0,24
221000,547,292,46.3,0.0,0.0,17.6,0.0,41
221000,530,281,46.4,0.0,0.0,17.6,0.0,34
221000,330,235,46.3,0.0,0.0,17.7,0.0,26
221000,551,229,46.5,0.0,0.0,17.5,0.0,25
221000,560,171,46.0,0.0,0.0,18.0,0.0,20
221000,274,146,45.5,0.0,0.1,18.3,0.0,19
221000,632,134,45.9,0.0,0.0,18.1,0.0,12
221000,625,120,46.4,0.0,0.0,17.6,0.0,13
221000,534,84,47.5,0.0,0.1,16.2,0.0,14
221000,454,51,46.8,0.0,0.0,17.1,0.0,14
222000,480,359,46.2,0.1,0.0,17.7,0.1,31
222000,521,331,24.0,23.0,0.0,17.0,22.8,8
222000,380,317,0.0,0.0,0.0,4.6,0.0,36
222000,579,299,45.8,1.0,0.0,17.2,1.0,23
222000,571,282,46.3,0.1,0.0,17.6,0.1,40
222000,330,273,46.7,0.0,0.0,17.3,0.0,41
222000,530,271,46.3,0.1,0.0,17.6,0.0,24
222000,551,231,46.1,0.0,0.0,17.9,0.0,24
222000,547,206,46.3,0.0,0.0,17.7,0.0,33
222000,560,160,46.5,0.2,0.0,17.4,0.1,22
222000,274,159,45.7,0.0,0.1,17.7,0.0,19
222000,625,153,46.2,0.2,0.0,17.5,0.0,18
222000,632,141,46.3,0.0,0.0,17.7,0.0,17
222000,534,77,47.3,0.0,0.0,16.7,0.0,11
222000,454,69,46.3,0.0,0.0,17.4,0.0,10
223000,380,547,0.0,0.0,0.0,5.8,0.0,64
223000,571,429,46.1,0.1,0.0,17.7,0.1,69
223000,521,376,24.2,22.9,0.0,16.9,22.5,17
223000,480,371,46.0,0.1,0.0,17.9,0.1,36
223000,632,336,46.3,0.0,0.0,17.7,0.0,39
223000,579,303,45.2,1.0,0.0,17.5,1.0,27
223000,530,271,46.3,0.0,0.0,17.7,0.0,24
223000,551,218,46.4,0.0,0.0,17.6,0.0,18
223000,330,205,46.0,0.1,0.0,17.9,0.1,25
223000,560,177,46.7,0.0,0.0,17.1,0.0,23
223000,625,160,46.2,0.1,0.0,17.7,0.1,17
223000,547,150,46.9,0.0,0.0,17.1,0.0,26
223000,274,130,46.3,0.0,0.0,17.4,0.0,16
223000,534,68,47.0,0.0,0.0,17.0,0.0,8
223000,454,63,46.6,0.0,0.0,17.4,0.0,9
224000,380,458,0.1,0.0,0.0,4.5,0.0,52
224000,571,439,46.1,0.1,0.0,17.7,0.1,68
224000,480,391,46.1,0.0,0.0,17.8,0.0,47
224000,521,362,23.9,22.9,0.0,17.1,22.7,10
224000,530,297,46.3,0.1,0.0,17.6,0.1,29
224000,579,288,45.7,1.0,0.0,17.3,1.0,34
224000,330,222,46.2,0.1,0.0,17.8,0.1,31
224000,625,184,46.5,0.0,0.0,17.5,0.0,19
224000,551,182,46.0,0.0,0.0,17.9,0.0,15
224000,560,180,46.4,0.0,0.0,17.6,0.0,20
224000,547,170,46.9,0.0,0.0,17.1,0.0,27
224000,632,170,46.2,0.0,0.0,17.8,0.0,17
224000,274,145,46.3,0.0,0.0,17.4,0.0,16
224000,454,74,45.9,0.0,0.0,17.7,0.0,11
224000,534,65,47.5,0.0,0.0,16.5,0.0,10
225000,380,441,0.1,0.0,0.1,4.8,0.0,45
225000,480,386,46.1,0.0,0.0,17.8,0.0,37
225000,571,372,46.4,0.0,0.0,17.5,0.0,52
225000,521,361,24.2,22.9,0.0,16.9,22.8,10
225000,579,296,45.7,1.0,0.0,17.2,1.0,29
225000,530,259,46.3,0.1,0.0,17.5,0.1,26
225000,551,228,46.2,0.0,0.0,17.8,0.0,20
225000,330,210,46.2,0.0,0.0,17.8,0.0,18
225000,560,183,46.2,0.0,0.0,17.7,0.0,20
225000,625,174,46.4,0.1,0.0,17.4,0.1,22
225000,632,162,46.1,0.0,0.0,17.8,0.0,15
225000,547,152,46.8,0.0,0.0,17.2,0.0,19
225000,274,122,46.1,0.0,0.0,17.7,0.0,16
225000,534,85,47.2,0.0,0.0,16.7,0.0,10
225000,454,72,46.0,0.0,0.2,17.4,0.0,12
226000,480,442,46.1,0.0,0.0,17.9,0.0,44
226000,380,367,0.1,0.0,0.0,4.0,0.0,34
226000,571,317,45.7,0.1,0.0,18.1,0.1,54
226000,521,307,23.7,23.3,0.0,17.0,22.4,13
226000,330,286,45.9,0.1,0.0,18.0,0.1,40
226000,579,274,45.6,1.0,0.0,17.3,0.9,27
226000,530,265,46.5,0.0,0.0,17.5,0.0,30
226000,551,248,46.2,0.0,0.0,17.8,0.0,25
226000,560,174,45.8,0.0,0.0,18.2,0.0,28
226000,547,170,46.6,0.0,0.0,17.4,0.0,27
226000,625,163,46.4,0.0,0.0,17.6,0.0,18
226000,632,145,46.0,0.0,0.0,18.0,0.0,7
226000,274,86,46.3,0.0,0.0,17.7,0.0,9
226000,534,77,47.4,0.0,0.0,16.6,0.0,10
226000,454,73,46.0,0.0,0.0,17.9,0.0,16
227000,480,416,46.1,0.0,0.0,17.8,0.0,37
227000,380,353,0.1,0.0,0.1,5.3,0.0,44
227000,571,319,46.2,0.0,0.0,17.6,0.0,58
227000,579,310,45.5,0.9,0.0,17.3,0.9,43
227000,330,297,45.5,0.0,0.0,18.4,0.0,43
227000,521,288,24.0,23.2,0.0,16.7,22.3,14
227000,530,270,45.9,0.1,0.0,17.9,0.1,39
227000,551,259,46.3,0.0,0.0,17.6,0.0,28
227000,560,197,45.3,0.0,0.0,18.5,0.0,34
227000,547,191,46.3,0.0,0.0,17.6,0.0,34
227000,632,181,46.2,0.0,0.0,17.8,0.0,19
227000,625,164,46.3,0.2,0.0,17.5,0.2,22
227000,534,96,46.6,0.0,0.0,17.4,0.0,10
227000,274,86,46.4,0.1,0.0,17.5,0.1,10
227000,454,62,46.7,0.0,0.1,17.2,0.0,11
228000,480,462,46.1,0.0,0.0,17.9,0.0,40
228000,380,403,0.0,0.0,0.1,5.5,0.0,51
228000,571,337,45.4,0.1,0.0,18.4,0.1,71
228000,521,327,23.7,23.4,0.0,16.9,22.6,8
228000,330,312,45.6,0.1,0.0,18.3,0.1,48
228000,530,284,46.1,0.1,0.0,17.8,0.1,35
228000,579,242,46.0,1.0,0.0,17.0,1.0,23
228000,625,219,46.3,0.1,0.0,17.6,0.1,28
228000,551,197,46.0,0.0,0.0,17.8,0.0,22
228000,560,169,45.9,0.0,0.0,18.0,0.0,20
228000,547,161,46.1,0.0,0.0,17.9,0.0,29
228000,632,143,45.5,0.0,0.0,18.2,0.0,21
228000,639,128,46.3,0.0,0.0,17.6,0.0,21
228000,454,78,45.2,0.0,0.0,17.3,0.0,15
228000,274,69,46.1,0.0,0.0,17.8,0.0,9
228000,534,59,47.1,0.0,0.1,16.9,0.0,10
229000,480,481,45.7,0.0,0.0,18.2,0.0,52
229000,571,362,45.1,0.1,0.0,18.7,0.1,85
229000,380,338,0.1,0.0,0.1,5.9,0.0,56
229000,625,307,46.2,0.0,0.0,17.7,0.0,36
229000,521,306,23.8,23.3,0.0,16.8,22.3,12
229000,530,283,45.9,0.1,0.0,18.0,0.0,33
229000,579,281,45.8,1.0,0.0,17.2,1.0,25
229000,639,259,46.2,0.0,0.0,17.8,0.0,41
229000,330,232,45.7,0.2,0.0,18.1,0.1,44
229000,551,221,45.6,0.0,0.1,18.3,0.0,36
229000,632,166,46.1,0.0,0.0,17.8,0.0,23
229000,560,109,46.2,0.1,0.0,17.7,0.1,20
229000,534,74,47.7,0.0,0.0,16.3,0.0,15
229000,274,66,46.0,0.0,0.0,17.9,0.0,12
229000,454,63,45.7,0.3,0.0,18.0,0.2,10
230000,480,484,46.0,0.0,0.0,17.9,0.0,41
230000,380,424,0.1,0.0,0.0,5.2,0.0,50
230000,571,334,45.7,0.1,0.0,18.0,0.1,65
230000,632,307,46.0,0.0,0.0,18.0,0.0,33
230000,625,302,46.1,0.2,0.0,17.7,0.1,33
230000,579,287,45.8,1.0,0.1,17.1,1.0,35
230000,521,281,24.2,23.1,0.1,16.6,22.4,17
230000,551,273,46.1,0.0,0.0,17.8,0.0,30
230000,530,248,46.2,0.2,0.0,17.6,0.1,36
230000,639,193,46.3,0.0,0.0,17.7,0.0,20
230000,560,172,46.4,0.0,0.0,17.6,0.0,16
230000,330,131,46.0,0.0,0.0,17.8,0.0,22
230000,274,82,45.0,0.0,0.0,17.7,0.0,8
230000,534,77,46.6,0.0,0.0,17.4,0.0,13
230000,454,68,46.1,0.0,0.0,17.9,0.0,10
231000,480,394,45.8,0.0,0.0,18.0,0.0,35
231000,571,347,46.3,0.0,0.0,17.6,0.0,55
231000,380,289,0.1,0.0,0.0,5.3,0.0,40
231000,521,289,24.2,22.9,0.0,16.9,22.7,10
231000,551,284,46.2,0.0,0.0,17.7,0.0,31
231000,579,283,45.6,1.0,0.1,17.1,1.0,36
231000,625,283,45.9,0.3,0.0,17.7,0.3,34
231000,530,267,46.1,0.2,0.0,17.6,0.1,33
231000,639,206,46.0,0.0,0.0,17.9,0.0,21
231000,632,204,46.0,0.0,0.0,18.0,0.0,17
231000,330,182,46.3,0.0,0.0,17.7,0.0,24
231000,560,142,46.3,0.0,0.0,17.6,0.0,20
231000,534,81,47.4,0.0,0.0,16.6,0.0,13
231000,274,66,45.3,0.0,0.0,18.4,0.0,10
231000,454,66,45.6,0.0,0.0,17.9,0.0,9
232000,480,417,46.0,0.1,0.0,17.7,0.1,43
232000,380,386,0.1,0.0,0.0,5.5,0.0,57
232000,571,380,46.0,0.1,0.0,17.8,0.1,63
232000,521,333,24.0,23.0,0.0,17.0,22.6,13
232000,625,290,46.2,0.1,0.0,17.7,0.1,33
232000,579,289,45.6,1.0,0.1,17.3,1.0,28
232000,551,270,46.1,0.0,0.1,17.8,0.0,31
232000,530,255,46.3,0.1,0.0,17.6,0.1,29
232000,639,254,46.3,0.0,0.0,17.7,0.0,26
232000,330,160,45.7,0.1,0.0,18.1,0.0,27
232000,632,153,46.3,0.0,0.0,17.7,0.0,20
232000,560,121,46.1,0.0,0.1,17.7,0.0,22
232000,534,101,46.5,0.0,0.0,17.2,0.0,18
232000,274,84,45.9,0.0,0.0,18.0,0.0,11
232000,454,62,46.4,0.0,0.0,17.4,0.0,9
233000,480,518,46.0,0.0,0.0,17.8,0.0,52
233000,571,398,46.5,0.1,0.0,17.2,0.1,63
233000,380,373,0.1,0.0,0.0,5.4,0.0,45
233000,639,369,46.2,0.0,0.0,17.8,0.0,50
233000,625,329,46.4,0.0,0.0,17.5,0.0,30
233000,521,307,24.2,22.9,0.0,16.9,22.6,10
233000,579,295,45.9,1.0,0.0,17.0,1.0,27
233000,530,229,46.2,0.0,0.0,17.7,0.0,26
233000,551,217,46.3,0.0,0.1,17.6,0.0,22
233000,560,109,46.0,0.0,0.0,17.7,0.0,14
233000,330,102,45.5,0.1,0.0,18.4,0.1,22
233000,534,84,47.3,0.0,0.0,16.7,0.0,17
233000,274,83,45.2,0.0,0.2,18.3,0.0,16
233000,454,67,45.3,0.0,0.0,18.3,0.0,13
234000,571,490,46.0,0.1,0.0,17.8,0.1,72
234000,480,455,46.0,0.0,0.0,17.9,0.0,42
234000,380,410,0.1,0.1,0.0,6.2,0.0,55
234000,639,354,46.4,0.0,0.0,17.6,0.0,41
234000,521,316,24.3,22.9,0.0,16.8,22.4,16
234000,625,287,46.5,0.1,0.0,17.4,0.1,34
234000,579,257,45.0,1.0,0.0,17.9,1.0,32
234000,530,248,45.8,0.2,0.0,17.9,0.1,36
234000,551,206,46.5,0.0,0.0,17.4,0.0,28
234000,330,109,45.3,0.1,0.0,18.4,0.1,18
234000,560,105,45.9,0.0,0.0,17.9,0.0,17
234000,274,89,44.9,0.1,0.1,18.0,0.1,18
234000,534,78,47.3,0.0,0.0,16.6,0.0,12
234000,454,67,46.1,0.0,0.0,17.9,0.0,11
235000,480,521,45.9,0.0,0.0,17.8,0.0,53
235000,571,436,46.5,0.1,0.0,17.3,0.1,72
235000,625,303,46.2,0.1,0.0,17.7,0.1,33
235000,521,298,24.0,23.0,0.0,17.0,22.6,9
235000,579,239,45.8,0.9,0.0,17.1,0.9,26
235000,551,233,46.4,0.0,0.0,17.6,0.0,24
235000,639,214,46.2,0.0,0.0,17.8,0.0,34
235000,530,213,46.2,0.1,0.0,17.6,0.1,31
235000,330,181,45.7,0.1,0.0,18.1,0.1,34
235000,648,140,45.8,0.0,0.0,18.1,0.0,17
235000,560,136,46.4,0.0,0.0,17.5,0.0,18
235000,380,107,0.0,0.1,0.0,5.9,0.0,22
235000,274,101,46.2,0.0,0.0,17.5,0.0,11
235000,454,77,45.4,0.0,0.0,18.5,0.0,17
235000,534,71,47.3,0.0,0.0,16.7,0.0,9
236000,571,454,46.2,0.2,0.0,17.5,0.2,62
236000,480,446,45.9,0.0,0.0,17.9,0.0,43
236000,625,319,46.0,0.1,0.0,17.8,0.0,28
236000,521,274,24.4,22.7,0.0,16.8,22.5,14
236000,579,249,45.5,0.9,0.0,17.6,0.9,29
236000,530,237,46.2,0.0,0.0,17.7,0.0,31
236000,639,234,45.4,0.0,0.0,18.6,0.0,28
236000,551,206,46.3,0.0,0.0,17.6,0.0,25
236000,330,172,46.1,0.0,0.0,17.8,0.0,22
236000,380,162,0.0,0.0,0.0,5.5,0.0,26
236000,648,149,46.0,0.0,0.0,18.0,0.0,29
236000,560,114,46.4,0.0,0.0,17.6,0.0,16
236000,274,92,46.0,0.0,0.0,17.5,0.0,13
236000,534,86,47.5,0.0,0.0,16.5,0.0,11
236000,454,68,45.8,0.0,0.0,17.8,0.0,13
237000,480,500,46.2,0.0,0.0,17.8,0.0,40
237000,625,353,46.3,0.0,0.0,17.7,0.0,26
237000,380,351,0.0,0.0,0.1,4.6,0.0,43
237000,521,329,24.0,22.8,0.0,17.2,22.5,14
237000,571,291,46.5,0.0,0.0,17.5,0.0,46
237000,579,210,45.9,0.9,0.0,17.2,0.9,22
237000,530,207,46.2,0.1,0.0,17.7,0.1,22
237000,560,157,46.4,0.0,0.0,17.5,0.0,15
237000,639,157,46.3,0.0,0.0,17.7,0.0,20
237000,330,157,46.5,0.0,0.0,17.4,0.0,23
237000,551,156,46.4,0.0,0.1,17.5,0.0,22
237000,648,144,46.2,0.0,0.0,17.8,0.0,20
237000,274,89,45.8,0.0,0.0,18.0,0.0,15
237000,454,87,45.0,0.0,0.1,18.3,0.0,20
237000,534,73,46.4,0.0,0.0,17.6,0.0,8
238000,625,438,46.3,0.0,0.0,17.7,0.0,32
238000,480,436,46.3,0.0,0.0,17.6,0.0,42
238000,380,423,0.0,0.0,0.1,4.8,0.0,46
238000,639,343,46.1,0.0,0.0,17.9,0.0,45
238000,571,315,46.4,0.1,0.0,17.5,0.1,43
238000,521,313,24.4,22.6,0.0,17.0,22.3,16
238000,579,249,45.6,0.9,0.0,17.0,0.9,16
238000,530,209,46.4,0.0,0.0,17.6,0.0,26
238000,551,175,46.2,0.0,0.0,17.7,0.0,22
238000,330,156,45.7,0.0,0.0,18.3,0.0,19
238000,560,134,46.4,0.0,0.0,17.6,0.0,21
238000,648,123,46.0,0.0,0.0,18.0,0.0,18
238000,274,114,45.9,0.0,0.0,18.0,0.0,10
238000,454,76,46.3,0.0,0.0,17.5,0.0,15
238000,534,73,47.1,0.0,0.0,16.9,0.0,10
239000,571,441,45.8,0.1,0.0,18.0,0.1,69
239000,625,420,46.1,0.1,0.0,17.7,0.0,36
239000,480,383,45.8,0.0,0.0,18.1,0.0,36
239000,380,317,0.0,0.0,0.0,4.2,0.0,37
239000,521,302,23.9,23.0,0.0,17.0,22.8,8
239000,579,226,45.9,1.0,0.0,17.1,1.0,19
239000,530,225,46.6,0.0,0.0,17.4,0.0,27
239000,551,196,46.4,0.0,0.0,17.6,0.0,21
239000,639,178,46.4,0.0,0.0,17.6,0.0,22
239000,330,167,46.0,0.1,0.0,17.8,0.1,28
239000,274,156,46.1,0.0,0.0,17.7,0.0,19
239000,648,109,46.3,0.0,0.0,17.7,0.0,14
239000,560,98,46.4,0.0,0.0,17.5,0.0,15
239000,534,84,46.7,0.0,0.0,16.6,0.0,13
239000,454,56,46.6,0.0,0.0,17.1,0.0,13
240000,625,445,46.2,0.1,0.0,17.7,0.1,44
240000,480,413,45.9,0.0,0.0,17.9,0.0,44
240000,571,371,46.3,0.1,0.0,17.5,0.1,57
240000,521,261,24.0,22.9,0.0,17.1,22.5,12
240000,579,236,45.9,0.9,0.1,17.1,0.9,29
240000,551,211,45.0,0.0,0.1,18.9,0.0,20
240000,639,206,46.1,0.0,0.0,17.9,0.0,26
240000,530,201,46.4,0.0,0.0,17.6,0.0,20
240000,274,143,45.2,0.0,0.0,18.6,0.0,21
240000,330,138,46.2,0.0,0.0,17.6,0.0,27
240000,380,130,0.0,0.0,0.1,4.7,0.0,23
240000,648,112,46.2,0.0,0.0,17.7,0.0,13
240000,454,80,46.6,0.0,0.0,17.0,0.0,15
240000,560,76,46.2,0.0,0.0,17.8,0.0,9
240000,534,76,46.2,0.0,0.0,17.1,0.0,10
240000,657,35,46.7,0.0,0.0,17.3,0.0,9
241000,625,454,46.2,0.1,0.0,17.7,0.1,33
241000,480,445,45.8,0.0,0.0,17.8,0.0,47
241000,571,360,45.8,0.1,0.0,17.9,0.1,59
241000,521,289,23.9,23.0,0.0,17.0,22.7,9
241000,380,255,0.0,0.0,0.0,5.3,0.0,41
241000,579,247,45.6,1.0,0.0,17.2,1.0,33
241000,551,214,46.1,0.0,0.0,17.8,0.0,22
241000,530,192,46.3,0.2,0.0,17.5,0.2,30
241000,639,177,45.7,0.0,0.0,18.2,0.0,25
241000,274,129,45.2,0.0,0.1,18.4,0.0,17
241000,648,124,45.8,0.0,0.0,18.2,0.0,18
241000,560,117,45.8,0.0,0.0,18.0,0.0,19
241000,330,104,46.5,0.0,0.0,17.5,0.0,21
241000,454,83,45.9,0.0,0.0,17.4,0.0,13
241000,534,70,47.1,0.0,0.1,16.9,0.0,9
241000,657,34,46.2,0.0,0.0,17.8,0.0,4
242000,625,440,46.2,0.1,0.0,17.6,0.1,35
242000,380,399,0.0,0.0,0.0,4.6,0.0,40
242000,480,395,44.5,0.0,0.0,19.3,0.0,57
242000,571,367,45.9,0.2,0.0,17.8,0.2,64
242000,521,270,24.1,22.9,0.0,16.9,22.5,14
242000,639,246,45.7,0.0,0.0,18.1,0.0,39
242000,579,237,45.8,1.0,0.0,17.1,1.0,23
242000,551,223,46.1,0.0,0.0,17.9,0.0,19
242000,530,195,46.1,0.2,0.0,17.7,0.1,22
242000,648,167,45.9,0.0,0.0,18.1,0.0,17
242000,274,154,45.4,0.0,0.2,18.2,0.0,20
242000,454,86,46.1,0.0,0.0,17.4,0.0,13
242000,330,63,45.1,0.0,0.0,18.3,0.0,17
242000,534,60,47.1,0.0,0.0,16.9,0.0,6
242000,560,59,46.4,0.0,0.0,17.6,0.0,10
242000,657,46,46.6,0.1,0.0,17.3,0.1,11
243000,380,466,0.0,0.0,0.0,4.8,0.0,51
243000,625,431,46.2,0.1,0.0,17.7,0.0,32
243000,480,349,45.6,0.0,0.0,18.0,0.0,34
243000,521,339,24.3,22.7,0.0,17.0,22.6,11
243000,571,302,46.4,0.1,0.0,17.4,0.1,53
243000,648,287,46.3,0.0,0.0,17.7,0.0,35
243000,530,233,46.4,0.0,0.0,17.5,0.0,27
243000,551,232,46.4,0.0,0.0,17.6,0.0,22
243000,579,208,45.9,0.9,0.0,16.9,0.9,22
243000,274,192,45.9,0.0,0.0,17.7,0.0,18
243000,639,182,46.3,0.0,0.0,17.5,0.0,24
243000,560,83,45.9,0.0,0.0,18.1,0.0,9
243000,534,79,47.5,0.0,0.0,16.5,0.0,11
243000,454,70,45.8,0.0,0.0,17.8,0.0,16
243000,330,63,46.6,0.0,0.0,17.4,0.0,12
243000,657,49,46.3,0.0,0.0,17.7,0.0,8
244000,380,512,0.0,0.0,0.1,5.5,0.0,61
244000,625,493,46.3,0.0,0.0,17.6,0.0,39
244000,571,347,46.4,0.0,0.0,17.2,0.0,56
244000,521,347,24.0,22.9,0.0,17.0,22.5,14
244000,480,297,45.5,0.0,0.0,18.0,0.0,36
244000,579,243,46.0,1.0,0.0,17.0,1.0,19
244000,274,214,45.7,0.0,0.0,18.0,0.0,25
244000,530,204,46.5,0.0,0.0,17.4,0.0,17
244000,551,190,46.3,0.0,0.0,17.7,0.0,18
244000,639,180,45.9,0.0,0.0,18.1,0.0,16
244000,648,180,45.9,0.0,0.0,17.9,0.0,23
244000,560,86,46.6,0.0,0.0,17.4,0.0,9
244000,330,81,46.3,0.0,0.0,17.7,0.0,12
244000,454,66,46.8,0.0,0.0,17.2,0.0,11
244000,534,66,46.6,0.0,0.0,17.3,0.0,9
244000,666,42,46.9,0.1,0.0,17.0,0.1,8
244000,657,40,46.2,0.0,0.0,17.8,0.0,6
245000,625,488,46.5,0.1,0.0,17.4,0.0,45
245000,380,406,0.0,0.0,0.1,4.9,0.0,53
245000,571,359,46.2,0.1,0.0,17.5,0.1,62
245000,480,294,45.4,0.0,0.0,18.1,0.0,28
245000,521,267,24.4,22.8,0.0,16.8,22.5,18
245000,551,247,46.1,0.0,0.0,17.9,0.0,26
245000,579,239,45.9,1.0,0.1,17.0,1.0,18
245000,639,233,45.7,0.0,0.0,18.3,0.0,28
245000,274,206,46.2,0.0,0.0,17.5,0.0,21
245000,530,160,46.6,0.1,0.0,17.3,0.1,20
245000,648,157,46.1,0.0,0.0,17.8,0.0,15
245000,560,104,46.1,0.0,0.0,17.9,0.0,16
245000,330,100,45.6,0.1,0.0,18.3,0.1,18
245000,534,86,46.7,0.0,0.0,17.2,0.0,11
245000,454,71,46.3,0.0,0.0,17.7,0.0,9
245000,657,40,45.1,0.4,0.2,18.2,0.3,6
245000,666,36,46.0,0.3,0.0,17.6,0.3,9
246000,380,475,0.0,0.0,0.1,5.0,0.0,60
246000,625,453,46.3,0.1,0.0,17.7,0.1,44
246000,571,377,46.3,0.1,0.0,17.5,0.1,55
246000,521,341,24.4,22.6,0.0,16.9,22.3,17
246000,551,312,46.0,0.0,0.0,17.9,0.0,34
246000,480,275,45.8,0.1,0.0,17.9,0.1,27
246000,579,250,45.8,1.0,0.0,17.1,1.0,23
246000,274,174,46.0,0.0,0.0,17.9,0.0,21
246000,648,142,46.3,0.0,0.0,17.7,0.0,14
246000,639,141,46.5,0.0,0.0,17.5,0.0,16
246000,560,112,45.8,0.0,0.0,18.1,0.0,14
246000,530,98,46.1,0.1,0.0,17.8,0.1,14
246000,330,78,46.2,0.0,0.0,17.8,0.0,11
246000,454,77,44.6,0.0,0.0,19.1,0.0,12
246000,534,72,47.3,0.1,0.0,16.7,0.1,12
246000,666,48,46.3,0.2,0.0,17.4,0.2,11
246000,657,33,47.3,0.0,0.0,16.7,0.0,9
247000,625,485,46.3,0.1,0.0,17.5,0.0,40
247000,380,331,0.1,0.0,0.1,5.6,0.0,53
247000,480,321,45.9,0.0,0.0,17.9,0.0,23
247000,571,316,46.3,0.1,0.0,17.5,0.1,50
247000,521,298,24.1,23.2,0.0,16.7,22.6,14
247000,551,252,46.2,0.0,0.0,17.8,0.0,25
247000,579,221,45.9,1.0,0.0,17.1,1.0,23
247000,274,185,45.7,0.0,0.0,18.1,0.0,19
247000,639,147,46.3,0.0,0.0,17.7,0.0,13
247000,560,146,46.1,0.0,0.0,17.7,0.0,13
247000,530,136,46.5,0.0,0.0,17.5,0.0,20
247000,648,130,46.1,0.0,0.0,17.9,0.0,16
247000,330,107,46.2,0.1,0.0,17.7,0.1,19
247000,534,73,47.1,0.0,0.0,16.7,0.0,9
247000,454,72,46.0,0.0,0.0,17.8,0.0,13
247000,666,53,46.4,0.1,0.0,17.5,0.1,5
247000,657,53,46.9,0.0,0.0,17.1,0.0,10
248000,625,465,46.4,0.0,0.0,17.6,0.0,36
248000,380,348,0.1,0.0,0.1,4.5,0.0,36
248000,521,348,24.2,22.9,0.0,16.9,22.6,13
248000,571,310,46.2,0.0,0.0,17.6,0.0,46
248000,480,297,46.1,0.0,0.0,17.9,0.0,30
248000,579,254,45.6,1.0,0.0,17.2,1.0,18
248000,551,253,46.5,0.0,0.0,17.5,0.0,26
248000,274,189,46.1,0.0,0.0,17.9,0.0,18
248000,560,154,46.5,0.0,0.0,17.4,0.0,13
248000,673,150,46.2,0.0,0.0,17.7,0.0,18
248000,639,138,46.4,0.0,0.0,17.6,0.0,17
248000,530,114,46.5,0.0,0.0,17.5,0.0,16
248000,648,104,46.4,0.0,0.0,17.5,0.0,15
248000,330,91,46.7,0.0,0.0,17.3,0.0,12
248000,534,69,47.2,0.0,0.0,16.8,0.0,11
248000,454,61,46.1,0.0,0.0,17.7,0.0,11
248000,666,59,45.4,0.2,0.0,18.3,0.2,11
248000,657,46,45.5,1.0,0.0,17.5,0.0,10
249000,625,517,46.1,0.1,0.0,17.7,0.1,42
249000,480,376,46.1,0.0,0.0,17.8,0.0,36
249000,571,364,46.3,0.1,0.0,17.4,0.1,70
249000,380,347,0.1,0.1,0.0,4.3,0.0,37
249000,521,280,24.1,23.0,0.0,16.9,22.7,13
249000,551,265,46.3,0.0,0.0,17.5,0.0,23
249000,579,216,45.9,1.0,0.0,17.0,1.0,15
249000,274,215,45.5,0.0,0.0,17.9,0.0,26
249000,639,211,46.2,0.0,0.0,17.8,0.0,21
249000,560,150,46.0,0.0,0.0,17.9,0.0,15
249000,530,139,46.8,0.0,0.0,17.2,0.0,22
249000,673,138,46.1,0.0,0.0,17.9,0.0,14
249000,648,123,46.2,0.0,0.0,17.8,0.0,14
249000,534,82,47.6,0.0,0.0,16.3,0.0,13
249000,330,63,46.3,0.0,0.0,17.7,0.0,9
249000,657,58,46.3,0.0,0.0,17.7,0.0,12
249000,454,54,46.1,0.0,0.0,17.9,0.0,13
250000,380,496,0.0,0.1,0.1,5.7,0.0,59
250000,625,489,46.5,0.1,0.0,17.5,0.1,45
250000,480,401,45.8,0.0,0.0,17.9,0.0,38
250000,521,351,24.1,22.8,0.0,17.0,22.7,10
250000,571,344,46.5,0.0,0.0,17.3,0.0,44
250000,639,219,46.2,0.0,0.0,17.7,0.0,34
250000,551,214,46.1,0.0,0.0,17.9,0.0,26
250000,579,191,46.2,1.0,0.0,16.8,1.0,9
250000,274,186,46.2,0.0,0.1,17.6,0.0,22
250000,530,148,46.6,0.0,0.0,17.3,0.0,22
250000,673,132,46.2,0.0,0.0,17.8,0.0,10
250000,560,111,46.4,0.0,0.0,17.6,0.0,16
250000,648,108,45.9,0.0,0.0,18.0,0.0,13
250000,534,89,46.2,0.0,0.0,17.5,0.0,14
250000,454,73,45.1,0.0,0.1,18.2,0.0,16
250000,330,69,46.9,0.0,0.0,17.1,0.0,15
250000,657,32,46.5,0.0,0.0,17.5,0.0,6
251000,625,537,46.2,0.1,0.0,17.7,0.1,49
251000,480,443,45.8,0.0,0.0,18.2,0.0,44
251000,380,417,0.0,0.0,0.0,4.1,0.0,39
251000,571,324,45.9,0.1,0.0,17.8,0.1,46
251000,521,302,24.2,22.9,0.0,16.9,22.4,15
251000,579,255,45.2,1.0,0.1,17.5,1.0,30
251000,551,191,46.3,0.0,0.1,17.7,0.0,15
251000,530,160,46.3,0.1,0.0,17.5,0.1,20
251000,274,158,45.7,0.0,0.0,18.2,0.0,23
251000,639,151,46.1,0.0,0.0,17.9,0.0,16
251000,648,122,45.9,0.0,0.0,18.0,0.0,10
251000,673,114,45.8,0.0,0.0,18.1,0.0,14
251000,534,87,46.9,0.0,0.0,17.1,0.0,11
251000,560,75,46.5,0.0,0.0,17.5,0.0,7
251000,454,56,46.4,0.0,0.0,17.4,0.0,14
251000,330,46,46.8,0.1,0.0,17.1,0.1,13
251000,657,40,46.0,0.0,0.0,18.0,0.0,5
252000,625,484,46.2,0.1,0.0,17.6,0.1,49
252000,480,474,45.5,0.0,0.0,18.2,0.0,42
252000,380,376,0.0,0.0,0.0,5.0,0.0,44
252000,571,371,46.2,0.1,0.0,17.5,0.1,52
252000,521,362,24.3,22.8,0.0,16.9,22.8,11
252000,579,229,44.9,1.0,0.0,17.1,1.0,21
252000,274,215,44.9,0.0,0.1,18.6,0.0,24
252000,551,188,46.4,0.0,0.0,17.5,0.0,26
252000,673,128,43.4,0.3,0.0,19.1,0.3,18
252000,639,120,43.4,0.0,0.0,19.4,0.0,22
252000,648,120,45.9,0.1,0.0,17.9,0.1,9
252000,530,117,46.7,0.0,0.0,17.3,0.0,20
252000,534,66,47.2,0.0,0.0,16.8,0.0,11
252000,454,65,46.2,0.0,0.0,17.8,0.0,12
252000,560,58,46.7,0.0,0.0,17.3,0.0,7
252000,330,56,46.2,0.0,0.0,17.8,0.0,10
252000,657,26,46.0,0.0,0.0,18.0,0.0,7
253000,480,491,45.9,0.0,0.0,18.0,0.0,48
253000,625,412,46.2,0.0,0.0,17.7,0.0,32
253000,380,400,0.1,0.0,0.1,4.5,0.0,35
253000,571,387,46.3,0.1,0.0,17.4,0.1,58
253000,521,359,23.8,23.2,0.0,16.9,22.5,18
253000,274,239,46.3,0.0,0.0,17.5,0.0,27
253000,579,228,45.9,1.0,0.0,17.0,1.0,19
253000,551,195,46.3,0.0,0.0,17.7,0.0,17
253000,673,151,46.3,0.0,0.0,17.7,0.0,19
253000,648,114,46.1,0.0,0.0,17.8,0.0,13
253000,530,112,46.4,0.0,0.0,17.6,0.0,17
253000,639,75,46.5,0.0,0.0,17.5,0.0,13
253000,534,68,46.6,0.0,0.0,17.4,0.0,12
253000,330,58,46.2,0.0,0.0,17.8,0.0,9
253000,454,58,46.6,0.0,0.0,17.4,0.0,9
253000,560,49,46.2,0.0,0.0,17.6,0.0,7
253000,657,16,46.0,0.0,0.0,18.0,0.0,5
254000,480,559,45.8,0.0,0.0,18.1,0.0,43
254000,380,442,0.1,0.1,0.0,5.4,0.0,54
254000,571,400,45.9,0.2,0.0,17.8,0.2,59
254000,521,347,24.0,23.0,0.0,17.0,22.5,17
254000,625,341,46.3,0.0,0.0,17.7,0.0,26
254000,551,254,46.4,0.0,0.0,17.5,0.0,35
254000,274,206,46.1,0.0,0.0,17.8,0.0,24
254000,579,166,45.4,1.0,0.0,17.6,1.0,10
254000,673,142,45.7,0.0,0.0,18.3,0.0,13
254000,530,123,46.5,0.2,0.0,17.2,0.2,22
254000,648,100,45.7,0.0,0.0,18.3,0.0,15
254000,639,99,46.9,0.0,0.0,17.1,0.0,19
254000,534,86,46.3,0.0,0.0,17.7,0.0,8
254000,682,81,46.6,0.0,0.0,17.2,0.0,12
254000,330,68,46.7,0.2,0.0,17.1,0.2,16
254000,454,63,46.2,0.0,0.0,17.2,0.0,11
254000,560,45,46.3,0.0,0.0,17.7,0.0,7
254000,657,24,43.2,1.9,0.0,19.0,0.0,8
255000,480,575,46.0,0.0,0.0,17.9,0.0,46
255000,625,375,46.1,0.2,0.0,17.7,0.2,38
255000,571,356,46.2,0.0,0.0,17.6,0.0,48
255000,521,340,24.1,22.8,0.0,17.1,22.5,15
255000,380,337,0.0,0.0,0.0,4.0,0.0,31
255000,551,225,46.3,0.0,0.0,17.6,0.0,23
255000,274,211,46.1,0.0,0.0,17.8,0.0,28
255000,579,172,45.8,0.9,0.0,17.2,0.9,12
255000,673,156,46.1,0.0,0.0,17.9,0.0,18
255000,639,102,46.1,0.0,0.0,17.9,0.0,14
255000,682,95,46.3,0.0,0.0,17.6,0.0,13
255000,648,93,45.8,0.0,0.0,18.1,0.0,13
255000,330,93,45.5,0.3,0.0,18.2,0.1,15
255000,534,89,46.5,0.0,0.0,17.5,0.0,9
255000,684,86,46.4,0.0,0.0,17.6,0.0,8
255000,530,75,46.6,0.0,0.0,17.4,0.0,11
255000,454,71,45.2,0.0,0.0,18.6,0.0,12
255000,560,44,45.7,0.0,0.0,17.7,0.0,8
255000,657,19,46.7,0.0,0.0,17.3,0.0,4
256000,480,594,46.1,0.0,0.0,17.8,0.0,51
256000,380,420,0.0,0.0,0.0,4.2,0.0,44
256000,625,408,45.7,0.3,0.0,17.7,0.2,36
256000,521,351,24.0,22.9,0.0,17.1,22.7,8
256000,571,294,46.2,0.1,0.0,17.7,0.1,43
256000,551,278,46.6,0.0,0.0,17.3,0.0,35
256000,274,217,46.1,0.0,0.0,17.8,0.0,23
256000,579,202,45.8,1.0,0.1,17.1,1.0,22
256000,639,126,46.3,0.0,0.0,17.6,0.0,20
256000,673,103,46.1,0.0,0.0,17.9,0.0,15
256000,684,101,46.4,0.0,0.0,17.6,0.0,15
256000,534,95,45.6,0.0,0.0,18.4,0.0,17
256000,330,93,46.6,0.1,0.0,17.4,0.1,17
256000,648,91,46.1,0.0,0.0,17.9,0.0,9
256000,682,78,46.1,0.0,0.0,17.7,0.0,14
256000,530,74,46.6,0.0,0.0,17.4,0.0,10
256000,560,56,46.9,0.0,0.0,17.1,0.0,11
256000,454,42,46.9,0.0,0.0,17.0,0.0,6
256000,657,22,46.5,0.0,0.0,17.5,0.0,6
257000,480,581,45.8,0.0,0.0,18.1,0.0,66
257000,380,443,0.4,0.0,0.1,5.3,0.0,63
257000,625,394,46.4,0.0,0.0,17.6,0.0,39
257000,521,326,24.0,23.1,0.0,16.8,22.6,12
257000,571,303,46.4,0.1,0.0,17.4,0.1,49
257000,551,252,46.5,0.0,0.0,17.5,0.0,38
257000,579,224,45.7,1.0,0.1,17.2,1.0,20
257000,274,209,45.9,0.0,0.0,17.9,0.0,23
257000,639,169,46.4,0.0,0.0,17.6,0.0,26
257000,330,135,47.0,0.0,0.0,17.0,0.0,21
257000,673,133,46.2,0.0,0.0,17.8,0.0,21
257000,648,103,46.1,0.0,0.0,17.7,0.0,14
257000,684,96,45.9,0.0,0.0,18.1,0.0,14
257000,534,81,46.2,0.0,0.1,17.7,0.0,12
257000,530,69,46.7,0.0,0.0,17.3,0.0,12
257000,454,61,46.0,0.0,0.0,17.9,0.0,10
257000,682,53,46.5,0.1,0.0,17.5,0.1,8
257000,560,35,45.9,0.0,0.0,17.9,0.0,6
257000,657,15,47.2,0.0,0.0,16.8,0.0,5
258000,480,667,46.0,0.0,0.0,17.9,0.0,59
258000,380,433,0.1,0.0,0.1,5.0,0.0,50
258000,625,428,46.3,0.1,0.0,17.6,0.1,37
258000,521,332,24.1,23.0,0.0,16.9,22.4,17
258000,571,306,46.0,0.1,0.0,17.9,0.1,60
258000,579,237,45.7,1.0,0.0,17.3,1.0,26
258000,551,223,46.4,0.0,0.0,17.4,0.0,31
258000,274,173,45.7,0.0,0.0,18.1,0.0,25
258000,673,148,46.0,0.0,0.0,18.0,0.0,16
258000,330,122,47.1,0.0,0.0,16.9,0.0,19
258000,639,107,46.3,0.0,0.0,17.7,0.0,23
258000,684,102,46.3,0.0,0.0,17.6,0.0,14
258000,648,98,46.1,0.0,0.0,17.9,0.0,10
258000,534,91,47.0,0.0,0.0,17.0,0.0,16
258000,454,63,46.8,0.0,0.0,17.2,0.0,10
258000,560,54,46.0,0.0,0.0,17.9,0.0,5
258000,530,51,46.4,0.0,0.0,17.6,0.0,6
258000,682,32,46.1,0.0,0.0,17.8,0.0,6
258000,657,16,46.5,0.0,0.0,17.5,0.0,3
259000,480,644,45.5,0.0,0.0,18.0,0.0,62
259000,625,371,46.4,0.0,0.0,17.6,0.0,27
259000,380,341,0.0,0.0,0.0,4.6,0.0,44
259000,521,337,24.0,23.1,0.0,16.9,22.6,12
259000,571,314,46.4,0.1,0.0,17.4,0.1,55
259000,551,256,46.4,0.0,0.0,17.5,0.0,25
259000,579,253,45.5,1.0,0.1,17.3,1.0,28
259000,648,182,46.2,0.0,0.0,17.7,0.0,24
259000,274,172,45.9,0.0,0.0,17.9,0.0,17
259000,673,154,46.1,0.0,0.0,17.9,0.0,19
259000,639,146,46.1,0.0,0.0,17.9,0.0,23
259000,330,110,46.7,0.0,0.0,17.3,0.0,20
259000,534,95,45.8,0.0,0.0,18.2,0.0,23
259000,560,61,45.3,0.0,0.0,18.2,0.0,3
259000,530,56,46.5,0.0,0.0,17.2,0.0,9
259000,454,44,46.2,0.1,0.1,17.2,0.1,9
259000,682,34,46.4,0.0,0.0,17.6,0.0,5
259000,689,24,47.2,0.0,0.0,16.8,0.0,6
260000,480,636,45.4,0.0,0.0,18.1,0.0,59
260000,625,431,46.3,0.1,0.0,17.6,0.1,32
260000,521,328,24.4,22.7,0.0,17.0,22.6,8
260000,571,297,46.1,0.1,0.0,17.8,0.1,43
260000,579,281,45.9,1.0,0.0,17.1,1.0,15
260000,380,250,0.0,0.0,0.0,3.6,0.0,20
260000,551,200,46.3,0.0,0.0,17.7,0.0,26
260000,673,197,46.2,0.0,0.0,17.8,0.0,34
260000,274,179,45.7,0.0,0.1,18.0,0.0,26
260000,330,128,46.8,0.1,0.0,17.1,0.1,20
260000,648,113,46.2,0.0,0.0,17.8,0.0,18
260000,639,101,46.0,0.0,0.0,18.0,0.0,11
260000,534,88,46.8,0.0,0.0,17.1,0.0,15
260000,454,54,46.2,0.0,0.0,17.6,0.0,8
260000,530,51,46.8,0.0,0.0,17.2,0.0,8
260000,682,26,45.3,0.1,0.0,18.7,0.1,3
260000,560,23,46.5,0.0,0.0,17.5,0.0,4
260000,689,11,47.1,0.0,0.0,16.9,0.0,4
261000,480,653,45.2,0.0,0.0,18.2,0.0,66
261000,625,506,46.5,0.1,0.0,17.4,0.1,49
261000,579,309,46.0,1.0,0.0,16.9,1.0,20
261000,571,307,46.1,0.1,0.0,17.7,0.1,47
261000,521,288,24.3,22.9,0.0,16.8,22.6,12
261000,380,275,0.0,0.0,0.1,3.7,0.0,22
261000,551,219,46.6,0.0,0.0,17.4,0.0,23
261000,673,178,45.9,0.0,0.0,18.0,0.0,25
261000,274,148,45.4,0.0,0.2,18.0,0.0,22
261000,330,141,46.6,0.0,0.0,17.3,0.0,22
261000,648,104,45.9,0.0,0.0,18.1,0.0,13
261000,534,81,46.6,0.0,0.0,17.4,0.0,13
261000,639,66,45.4,0.0,0.0,18.6,0.0,8
261000,530,62,46.3,0.2,0.0,17.4,0.2,14
261000,454,55,44.0,0.0,0.4,17.2,0.0,12
261000,682,32,45.9,0.0,0.0,18.0,0.0,8
261000,560,23,46.0,0.0,0.0,18.0,0.0,3
261000,689,19,46.2,0.0,0.0,17.8,0.0,3
262000,480,622,45.7,0.0,0.0,18.0,0.0,75
262000,625,415,46.4,0.0,0.0,17.6,0.0,37
262000,551,324,45.9,0.0,0.0,18.0,0.0,26
262000,571,299,46.2,0.2,0.0,17.5,0.2,60
262000,521,294,24.2,22.9,0.0,16.7,22.4,14
262000,380,271,0.0,0.0,0.1,4.2,0.0,27
262000,579,251,45.7,0.9,0.0,17.3,0.9,29
262000,673,203,46.2,0.1,0.0,17.7,0.1,24
262000,274,178,45.7,0.0,0.0,17.9,0.0,28
262000,330,139,45.5,0.3,0.0,18.3,0.1,25
262000,648,91,45.9,0.0,0.0,18.1,0.0,10
262000,639,87,46.2,0.0,0.0,17.7,0.0,10
262000,454,81,45.1,0.0,0.0,17.0,0.0,13
262000,534,69,47.4,0.0,0.0,16.6,0.0,11
262000,560,39,46.3,0.0,0.0,17.7,0.0,5
262000,530,39,47.3,0.1,0.0,16.6,0.1,12
262000,689,30,45.2,0.0,0.0,18.7,0.0,5
262000,682,17,46.1,0.0,0.0,17.9,0.0,2
263000,480,662,42.5,0.1,0.0,17.7,0.1,110
263000,625,419,46.2,0.1,0.0,17.7,0.1,40
263000,551,330,46.0,0.0,0.0,17.9,0.0,46
263000,571,288,44.6,1.1,0.1,18.2,0.7,55
263000,521,277,24.5,22.8,0.0,16.7,22.5,12
263000,380,276,0.0,0.0,0.1,4.7,0.0,32
263000,579,212,45.7,1.0,0.0,17.3,1.0,20
263000,274,191,44.9,0.0,0.1,18.7,0.0,30
263000,673,153,45.9,0.1,0.0,17.9,0.1,22
263000,330,126,46.6,0.3,0.0,17.2,0.2,17
263000,639,115,46.2,0.0,0.0,17.8,0.0,14
263000,648,88,46.5,0.0,0.0,17.5,0.0,15
263000,534,75,46.7,0.0,0.0,17.3,0.0,19
263000,454,69,45.5,0.0,0.0,18.0,0.0,8
263000,530,46,46.7,0.0,0.0,17.2,0.0,12
263000,689,44,46.7,0.0,0.0,17.3,0.0,6
263000,560,26,46.3,0.0,0.0,17.7,0.0,4
263000,682,24,46.1,0.0,0.0,17.9,0.0,7
264000,480,474,45.9,0.0,0.0,17.8,0.0,41
264000,625,426,46.4,0.1,0.0,17.5,0.1,40
264000,551,411,46.3,0.0,0.0,17.6,0.0,50
264000,571,311,43.9,0.5,0.0,19.0,0.3,66
264000,380,298,0.0,0.0,0.0,4.4,0.0,30
264000,521,297,24.3,22.7,0.0,17.0,22.3,15
264000,579,204,45.6,1.0,0.0,17.1,1.0,21
264000,274,202,45.8,0.0,0.0,18.0,0.0,39
264000,330,166,46.3,0.1,0.1,17.3,0.1,30
264000,694,166,46.2,0.0,0.0,17.8,0.0,19
264000,673,160,46.3,0.0,0.0,17.6,0.0,25
264000,639,124,46.5,0.0,0.0,17.5,0.0,15
264000,534,97,46.1,0.0,0.0,17.9,0.0,15
264000,648,81,46.3,0.0,0.0,17.7,0.0,8
264000,454,53,45.5,0.0,0.0,18.0,0.0,11
264000,689,34,46.3,0.0,0.0,17.7,0.0,6
264000,530,29,47.0,0.0,0.0,17.0,0.0,6
264000,560,22,47.0,0.0,0.0,17.0,0.0,4
265000,480,502,45.6,0.1,0.0,17.9,0.0,45
265000,625,419,46.3,0.2,0.0,17.6,0.1,34
265000,551,387,45.3,0.0,0.0,18.4,0.0,43
265000,380,380,0.0,0.1,0.1,4.7,0.0,40
265000,521,309,24.0,23.1,0.0,16.9,22.7,9
265000,639,254,46.4,0.0,0.0,17.6,0.0,34
265000,579,239,45.7,1.0,0.0,17.3,1.0,25
265000,571,239,45.8,0.2,0.0,17.9,0.2,36
265000,274,220,46.2,0.0,0.0,17.5,0.0,36
265000,673,158,46.1,0.0,0.0,17.8,0.0,18
265000,330,122,46.4,0.0,0.1,17.4,0.0,20
265000,648,88,46.5,0.0,0.0,17.5,0.0,14
265000,534,88,46.5,0.0,0.0,17.4,0.0,13
265000,530,76,46.3,0.0,0.0,17.7,0.0,12
265000,454,54,46.0,0.0,0.0,17.6,0.0,11
265000,560,36,45.9,0.0,0.0,18.1,0.0,6
266000,380,509,0.1,0.0,0.0,3.9,0.0,43
266000,625,439,46.5,0.1,0.0,17.4,0.0,39
266000,480,428,45.8,0.0,0.0,18.0,0.0,37
266000,551,350,46.3,0.0,0.0,17.6,0.0,45
266000,521,305,24.1,22.8,0.0,17.0,22.7,6
266000,579,268,45.4,0.9,0.0,17.4,0.9,32
266000,571,240,46.1,0.0,0.0,17.8,0.0,35
266000,274,219,46.2,0.0,0.0,17.7,0.0,26
266000,639,159,46.1,0.0,0.1,17.8,0.0,14
266000,673,157,46.4,0.0,0.0,17.6,0.0,16
266000,534,119,43.1,0.0,0.7,18.1,0.0,33
266000,530,91,46.4,0.0,0.0,17.6,0.0,10
266000,648,87,46.6,0.0,0.0,17.3,0.0,12
266000,330,56,46.3,0.0,0.0,17.5,0.0,11
266000,560,35,46.1,0.0,0.0,17.9,0.0,6
266000,454,33,43.9,0.0,0.1,18.9,0.0,10
267000,480,525,45.9,0.0,0.0,18.0,0.0,40
267000,625,487,46.7,0.1,0.0,17.2,0.1,45
267000,579,351,40.6,0.9,0.1,19.0,0.9,58
267000,380,324,0.1,0.0,0.1,4.4,0.0,39
267000,551,275,46.1,0.0,0.0,17.7,0.0,26
267000,521,274,23.9,23.2,0.0,16.9,22.4,16
267000,274,255,46.0,0.0,0.0,17.9,0.0,45
267000,571,255,46.1,0.1,0.0,17.7,0.1,39
267000,639,144,46.2,0.0,0.0,17.8,0.0,13
267000,673,138,46.3,0.0,0.0,17.7,0.0,14
267000,534,125,33.7,0.0,0.5,27.5,0.0,44
267000,648,105,46.5,0.0,0.0,17.5,0.0,14
267000,330,78,46.1,0.0,0.0,17.9,0.0,9
267000,530,43,46.4,0.0,0.0,17.6,0.0,6
267000,560,17,46.0,0.0,0.0,18.0,0.0,1
267000,454,9,45.2,0.0,0.0,18.3,0.0,3
268000,480,630,45.7,0.0,0.0,18.0,0.0,57
268000,625,455,46.7,0.1,0.0,17.2,0.1,53
268000,579,397,31.5,1.3,0.1,17.2,1.2,92
268000,521,311,24.1,23.0,0.0,16.9,22.8,8
268000,380,293,0.0,0.0,0.0,4.3,0.0,27
268000,571,282,46.2,0.1,0.0,17.7,0.1,33
268000,551,271,46.2,0.0,0.0,17.6,0.0,31
268000,274,242,46.1,0.0,0.0,17.8,0.0,32
268000,673,185,46.3,0.0,0.0,17.7,0.0,16
268000,648,170,46.0,0.0,0.0,18.0,0.0,22
268000,639,142,46.0,0.0,0.0,18.0,0.0,13
268000,330,47,45.8,0.0,0.0,17.9,0.0,9
268000,534,39,16.3,1.5,1.3,18.6,1.4,16
268000,530,26,45.2,1.0,0.0,17.8,0.5,5
268000,560,8,44.8,0.0,0.0,19.2,0.0,2
269000,480,638,45.9,0.0,0.0,17.9,0.0,52
269000,625,502,46.8,0.0,0.0,17.2,0.0,46
269000,380,476,0.1,0.0,0.0,4.6,0.0,47
269000,521,338,24.3,22.8,0.0,16.9,22.6,10
269000,571,283,46.0,0.1,0.0,17.8,0.1,34
269000,579,262,36.8,0.8,0.1,21.2,0.8,53
269000,551,253,46.1,0.0,0.0,17.8,0.0,29
269000,274,221,46.0,0.0,0.0,17.9,0.0,28
269000,648,201,46.1,0.0,0.0,17.9,0.0,22
269000,673,163,46.2,0.0,0.0,17.8,0.0,9
269000,639,104,46.1,0.0,0.0,17.9,0.0,7
269000,330,73,46.2,0.1,0.0,17.7,0.1,12
269000,530,46,46.3,0.0,0.0,17.7,0.0,6
269000,534,8,20.0,0.0,0.0,24.9,0.0,3
270000,480,585,45.8,0.0,0.0,18.0,0.0,52
270000,625,444,46.6,0.1,0.0,17.3,0.1,48
270000,571,322,46.2,0.1,0.0,17.6,0.1,52
270000,551,291,46.4,0.0,0.0,17.6,0.0,35
270000,521,289,23.8,23.1,0.0,17.1,22.5,13
270000,579,261,35.9,0.7,0.1,20.0,0.7,50
270000,380,259,0.0,0.0,0.0,3.8,0.0,21
270000,648,243,46.4,0.0,0.0,17.6,0.0,32
270000,274,221,44.9,0.0,0.0,18.5,0.0,28
270000,673,167,46.1,0.0,0.0,17.8,0.0,15
270000,639,86,46.2,0.0,0.0,17.8,0.0,11
270000,330,66,46.9,0.1,0.0,17.0,0.1,13
270000,530,61,46.5,0.2,0.0,17.3,0.2,11
270000,534,30,9.3,0.1,0.0,20.9,0.1,13
270000,705,14,46.4,1.6,0.0,15.9,1.4,4
271000,480,678,45.9,0.0,0.0,17.9,0.0,48
271000,625,436,46.5,0.1,0.0,17.4,0.1,47
271000,380,352,0.1,0.0,0.0,3.8,0.0,31
271000,521,311,24.3,22.7,0.0,17.0,22.6,6
271000,551,281,46.2,0.0,0.0,17.7,0.0,24
271000,571,263,46.3,0.0,0.0,17.6,0.0,28
271000,579,228,45.8,1.0,0.1,17.1,1.0,18
271000,274,224,45.7,0.0,0.0,18.0,0.0,29
271000,648,218,46.4,0.0,0.0,17.5,0.0,25
271000,673,147,46.1,0.0,0.0,17.7,0.0,17
271000,639,133,45.9,0.0,0.0,18.1,0.0,13
271000,530,81,46.1,0.0,0.0,17.9,0.0,9
271000,330,62,46.4,0.0,0.0,17.6,0.0,14
271000,708,18,47.1,0.0,0.0,16.9,0.0,3
271000,705,8,47.0,0.0,0.0,17.0,0.0,1
272000,480,587,45.9,0.0,0.0,17.9,0.0,65
272000,625,550,46.5,0.1,0.0,17.4,0.1,56
272000,648,362,46.1,0.0,0.0,17.9,0.0,30
272000,380,287,0.0,0.0,0.1,5.3,0.0,40
272000,521,272,24.0,23.1,0.0,16.9,22.8,10
272000,579,257,45.3,1.0,0.1,17.2,1.0,26
272000,571,246,46.2,0.0,0.0,17.7,0.0,32
272000,274,233,46.0,0.0,0.0,17.8,0.0,38
272000,551,222,46.5,0.0,0.0,17.5,0.0,27
272000,673,171,46.1,0.0,0.0,17.9,0.0,23
272000,709,165,38.1,0.7,0.4,24.4,0.7,53
272000,530,60,46.2,0.0,0.0,17.5,0.0,11
272000,330,37,46.8,0.2,0.0,17.0,0.2,13
272000,705,20,46.9,0.2,0.0,17.0,0.2,3
273000,480,565,45.7,0.0,0.0,17.9,0.0,54
273000,625,565,46.6,0.1,0.0,17.3,0.1,54
273000,521,281,24.1,22.8,0.0,17.1,22.5,13
273000,571,260,46.2,0.0,0.0,17.7,0.0,38
273000,274,255,46.0,0.0,0.1,17.6,0.0,39
273000,579,253,46.0,1.0,0.0,16.9,1.0,18
273000,673,247,46.3,0.0,0.0,17.7,0.0,23
273000,648,209,46.3,0.0,0.0,17.7,0.0,27
273000,551,209,46.2,0.0,0.0,17.7,0.0,24
273000,709,141,27.9,2.1,5.9,26.5,2.0,50
273000,380,122,0.0,0.0,0.0,3.7,0.0,18
273000,530,53,46.0,0.1,0.0,17.9,0.1,9
273000,712,51,28.9,9.1,0.0,18.9,9.1,6
273000,330,38,46.4,0.0,0.0,17.6,0.0,7
273000,705,8,45.0,0.8,0.0,18.2,0.8,5
274000,625,572,46.5,0.1,0.0,17.4,0.0,45
274000,480,455,46.1,0.0,0.0,17.9,0.0,35
274000,521,321,24.0,23.0,0.0,17.0,22.9,7
274000,380,249,0.0,0.0,0.1,4.9,0.0,33
274000,579,239,46.0,1.0,0.0,17.0,1.0,19
274000,551,237,46.4,0.0,0.0,17.5,0.0,26
274000,571,232,46.5,0.0,0.0,17.5,0.0,28
274000,673,228,46.2,0.0,0.0,17.7,0.0,25
274000,274,221,45.7,0.0,0.0,17.9,0.0,27
274000,648,215,46.5,0.0,0.0,17.5,0.0,26
274000,709,78,37.5,2.2,0.2,22.1,2.2,29
274000,530,52,46.0,0.0,0.0,18.0,0.0,6
274000,330,34,46.1,0.1,0.0,17.8,0.1,9
274000,712,21,30.1,9.3,0.0,18.0,9.3,4
275000,480,595,45.1,0.1,0.0,18.3,0.0,76
275000,625,547,46.1,0.2,0.0,17.5,0.2,53
275000,521,286,24.2,22.9,0.0,16.9,22.9,4
275000,579,265,45.9,1.0,0.0,17.0,1.0,25
275000,551,234,46.3,0.0,0.0,17.6,0.0,24
275000,571,212,46.2,0.1,0.0,17.6,0.1,27
275000,648,200,46.1,0.0,0.0,17.9,0.0,21
275000,380,181,0.1,0.0,0.1,4.9,0.0,32
275000,274,178,46.1,0.0,0.0,17.7,0.0,18
275000,673,135,45.9,0.0,0.0,18.1,0.0,18
275000,709,132,39.5,1.8,0.1,22.4,1.8,50
275000,530,48,45.9,0.1,0.0,18.0,0.1,9
275000,712,18,27.2,5.9,0.0,16.7,5.9,11
275000,330,12,46.1,0.0,0.0,17.9,0.0,4
276000,625,543,46.5,0.0,0.0,17.5,0.0,52
276000,480,415,45.9,0.0,0.0,17.9,0.0,40
276000,571,310,46.2,0.0,0.0,17.4,0.0,50
276000,521,298,24.0,23.1,0.0,16.9,22.7,10
276000,380,283,0.0,0.0,0.1,4.4,0.0,30
276000,673,265,46.3,0.0,0.0,17.5,0.0,29
276000,274,229,46.0,0.0,0.1,17.7,0.0,29
276000,579,211,45.9,1.0,0.0,17.0,1.0,17
276000,551,200,46.2,0.0,0.0,17.7,0.0,26
276000,709,186,41.2,0.0,0.0,22.7,0.0,53
276000,648,118,46.4,0.0,0.0,17.6,0.0,16
276000,530,46,46.2,0.0,0.0,17.8,0.0,7
277000,625,537,46.3,0.1,0.0,17.5,0.0,50
277000,480,401,45.7,0.0,0.0,18.1,0.0,42
277000,380,302,0.0,0.0,0.0,4.7,0.0,36
277000,571,287,46.1,0.0,0.0,17.5,0.0,51
277000,521,279,24.1,23.0,0.0,16.8,22.7,9
277000,579,258,45.2,1.1,0.0,16.9,1.1,27
277000,274,247,45.9,0.0,0.1,17.9,0.0,35
277000,709,187,38.1,0.3,0.1,23.2,0.3,57
277000,551,178,46.2,0.0,0.0,17.7,0.0,13
277000,673,143,46.4,0.0,0.0,17.6,0.0,18
277000,718,140,46.2,0.0,0.0,17.8,0.0,17
277000,648,118,46.0,0.0,0.0,17.9,0.0,14
277000,530,71,46.2,0.0,0.0,17.8,0.0,6
278000,625,554,46.3,0.2,0.0,17.5,0.2,56
278000,480,470,44.1,0.3,0.0,19.2,0.2,80
278000,380,455,0.0,0.0,0.0,4.6,0.0,46
278000,571,357,46.0,0.0,0.0,17.8,0.0,46
278000,521,254,24.0,23.1,0.0,16.9,22.7,9
278000,274,253,45.7,0.0,0.1,18.1,0.0,37
278000,579,220,45.4,1.0,0.3,17.2,1.0,24
278000,551,203,46.0,0.0,0.1,17.8,0.0,27
278000,709,203,35.6,0.6,0.3,26.1,0.6,73
278000,718,182,46.1,0.0,0.0,17.9,0.0,14
278000,648,110,45.9,0.0,0.0,17.9,0.0,17
278000,673,102,46.3,0.0,0.0,17.7,0.0,11
278000,530,71,46.3,0.0,0.0,17.6,0.0,11
278000,724,21,47.5,0.0,0.0,16.5,0.0,5
279000,625,557,45.9,0.2,0.0,17.8,0.2,58
279000,480,479,46.0,0.0,0.0,17.8,0.0,55
279000,571,400,46.4,0.1,0.0,17.4,0.1,56
279000,380,388,0.1,0.0,0.1,4.7,0.0,42
279000,274,320,45.7,0.0,0.1,18.0,0.0,37
279000,521,232,24.4,22.8,0.0,16.8,22.3,10
279000,551,193,46.2,0.0,0.0,17.7,0.0,23
279000,579,173,45.7,1.0,0.0,17.3,1.0,15
279000,718,165,46.1,0.0,0.0,17.9,0.0,18
279000,709,128,41.4,0.0,0.1,22.2,0.0,34
279000,673,112,45.9,0.0,0.0,18.1,0.0,14
279000,648,100,46.0,0.0,0.0,18.0,0.0,13
279000,725,95,45.5,0.5,0.0,18.0,0.5,17
279000,530,66,46.3,0.0,0.0,17.7,0.0,6
279000,724,9,48.4,0.0,0.0,15.6,0.0,4
280000,625,516,45.4,0.7,0.0,17.7,0.6,64
280000,571,404,46.1,0.1,0.0,17.7,0.1,64
280000,480,382,46.0,0.0,0.0,17.9,0.0,35
280000,274,321,45.9,0.0,0.1,17.8,0.0,47
280000,521,279,24.6,22.7,0.0,16.7,22.6,8
280000,380,244,0.1,0.0,0.0,4.4,0.0,32
280000,551,186,45.3,0.0,0.1,18.5,0.0,20
280000,718,157,46.0,0.0,0.0,18.0,0.0,17
280000,579,156,45.4,1.0,0.0,17.5,1.0,18
280000,725,142,46.4,0.1,0.0,17.4,0.1,24
280000,673,129,46.1,0.0,0.0,17.9,0.0,10
280000,709,123,41.2,0.2,0.0,22.5,0.2,29
280000,530,62,46.1,0.0,0.0,17.9,0.0,6
280000,648,47,46.4,0.0,0.0,17.6,0.0,8
281000,625,453,44.0,0.4,0.0,18.9,0.3,56
281000,480,387,45.7,0.0,0.0,18.1,0.0,47
281000,571,368,45.9,0.1,0.0,17.8,0.1,59
281000,274,363,45.0,0.0,0.1,18.5,0.0,53
281000,380,346,0.1,0.0,0.1,5.0,0.0,40
281000,521,288,24.2,22.9,0.0,16.9,22.7,9
281000,673,229,46.0,0.0,0.0,17.9,0.0,27
281000,551,226,45.7,0.0,0.0,17.8,0.0,23
281000,718,171,46.0,0.0,0.0,18.0,0.0,15
281000,709,169,41.5,0.3,0.1,22.0,0.3,41
281000,725,156,46.4,0.2,0.0,17.2,0.2,26
281000,579,135,45.3,1.0,0.0,17.3,1.0,8
281000,530,56,46.1,0.0,0.0,17.9,0.0,5
281000,648,50,45.5,0.0,0.0,18.5,0.0,9
282000,625,454,46.3,0.1,0.0,17.6,0.1,44
282000,571,427,44.1,0.2,0.1,19.1,0.2,88
282000,480,408,45.5,0.0,0.0,18.1,0.0,46
282000,274,352,43.2,0.0,0.0,18.0,0.0,59
282000,380,350,0.0,0.0,0.0,5.1,0.0,47
282000,551,297,45.6,0.0,0.1,18.1,0.0,34
282000,521,242,24.1,23.1,0.0,16.8,22.7,8
282000,579,212,40.1,1.1,0.1,16.2,1.1,33
282000,718,140,46.1,0.0,0.0,17.8,0.0,16
282000,673,130,46.0,0.0,0.0,18.0,0.0,22
282000,725,120,46.5,0.0,0.0,17.4,0.0,14
282000,735,73,45.7,0.0,0.0,18.3,0.0,11
282000,648,70,46.4,0.0,0.0,17.6,0.0,10
282000,709,69,40.9,0.0,0.0,22.8,0.0,19
282000,530,67,46.4,0.0,0.0,17.5,0.0,11
283000,571,511,42.3,2.7,0.2,18.2,2.3,117
283000,625,399,45.9,0.4,0.0,17.7,0.4,44
283000,480,345,46.5,0.0,0.0,17.5,0.0,40
283000,274,307,37.4,0.0,0.1,17.3,0.0,80
283000,380,294,0.0,0.0,0.0,5.1,0.0,32
283000,551,268,46.3,0.0,0.0,17.7,0.0,28
283000,521,244,24.0,23.0,0.0,17.0,22.5,10
283000,718,192,45.8,0.0,0.0,18.1,0.0,28
283000,579,178,45.6,1.1,0.0,17.3,1.1,20
283000,709,157,41.2,0.1,0.0,22.3,0.1,43
283000,725,118,46.0,0.4,0.0,17.6,0.4,16
283000,735,105,45.8,0.0,0.0,18.2,0.0,13
283000,673,101,44.4,0.0,0.0,19.0,0.0,23
283000,530,80,46.2,0.0,0.0,17.8,0.0,10
283000,648,78,46.1,0.0,0.0,17.9,0.0,13
283000,737,36,28.9,19.3,0.0,15.8,19.3,3
284000,480,586,43.2,0.3,0.0,18.3,0.3,101
284000,380,457,0.0,0.1,0.1,5.2,0.0,59
284000,625,400,46.0,0.1,0.0,17.9,0.1,45
284000,571,336,45.4,0.1,0.0,18.3,0.1,54
284000,274,293,38.6,0.0,0.1,18.0,0.0,63
284000,551,284,44.5,0.0,0.1,18.1,0.0,43
284000,521,223,24.3,22.9,0.0,16.8,22.3,12
284000,579,198,45.3,1.0,0.0,17.2,1.0,30
284000,718,156,46.0,0.0,0.0,18.0,0.0,13
284000,709,132,41.0,0.1,0.0,22.2,0.1,35
284000,725,111,46.2,0.0,0.0,17.4,0.0,17
284000,530,109,46.2,0.0,0.0,17.8,0.0,11
284000,735,90,45.9,0.0,0.0,18.1,0.0,13
284000,673,77,46.7,0.0,0.0,17.3,0.0,15
284000,737,56,27.2,20.7,0.0,16.0,19.7,4
284000,648,51,46.0,0.0,0.0,17.9,0.0,11
285000,480,610,43.7,0.1,0.0,18.0,0.1,100
285000,380,501,0.0,0.0,0.0,5.2,0.0,59
285000,625,383,45.2,0.6,0.0,18.1,0.5,48
285000,274,305,34.4,0.0,0.1,16.4,0.0,95
285000,521,302,24.3,23.0,0.0,16.7,22.6,12
285000,551,244,46.3,0.1,0.0,17.4,0.1,34
285000,571,239,45.9,0.1,0.0,17.7,0.1,27
285000,579,193,44.0,0.8,0.0,19.2,0.8,24
285000,718,189,46.1,0.0,0.0,17.9,0.0,13
285000,709,120,41.5,0.0,0.1,22.3,0.0,28
285000,725,107,45.9,0.4,0.0,17.7,0.3,18
285000,673,102,46.3,0.0,0.0,17.6,0.0,16
285000,530,93,46.2,0.2,0.0,17.7,0.2,10
285000,735,79,45.8,0.0,0.0,18.2,0.0,15
285000,648,58,46.5,0.0,0.0,17.5,0.0,9
285000,737,50,27.9,19.8,0.0,16.2,19.8,2
286000,480,795,41.1,1.0,0.0,18.3,0.8,161
286000,625,388,45.3,0.3,0.0,18.2,0.2,54
286000,571,273,44.6,1.3,0.0,18.1,1.3,47
286000,521,255,23.7,23.1,0.0,17.1,22.6,11
286000,380,241,0.1,0.0,0.0,5.2,0.0,43
286000,274,228,45.4,0.0,0.2,17.6,0.0,33
286000,579,202,44.3,0.9,0.0,18.7,0.9,29
286000,551,197,46.6,0.0,0.0,17.4,0.0,21
286000,718,178,46.3,0.0,0.0,17.7,0.0,16
286000,673,166,45.8,0.1,0.0,18.0,0.1,27
286000,709,147,41.5,0.0,0.0,22.5,0.0,31
286000,530,111,46.3,0.0,0.0,17.7,0.0,13
286000,725,110,46.7,0.1,0.0,17.1,0.1,15
286000,648,70,46.3,0.0,0.0,17.7,0.0,13
286000,735,67,46.4,0.0,0.0,17.6,0.0,10
286000,737,44,28.5,18.8,0.0,16.5,18.8,4
287000,625,512,43.8,1.7,0.0,18.5,1.5,74
287000,380,487,0.0,0.0,0.0,5.4,0.0,69
287000,718,387,45.8,0.0,0.0,18.1,0.0,40
287000,480,350,38.7,0.6,0.0,19.1,0.6,98
287000,274,261,46.0,0.0,0.1,17.5,0.0,39
287000,521,256,23.9,23.4,0.0,16.7,22.6,12
287000,571,212,45.2,0.1,0.0,18.6,0.1,38
287000,551,204,46.4,0.0,0.0,17.4,0.0,27
287000,579,187,45.2,0.9,0.0,18.0,0.9,19
287000,735,142,46.5,0.0,0.0,17.5,0.0,22
287000,530,138,46.1,0.0,0.0,17.8,0.0,17
287000,709,124,41.0,0.0,0.0,22.7,0.0,34
287000,725,76,46.4,0.2,0.0,17.4,0.2,10
287000,737,29,30.8,17.6,0.0,15.6,17.4,4
288000,480,718,41.8,0.2,0.0,18.8,0.2,137
288000,625,478,43.0,2.3,0.0,18.7,2.1,68
288000,380,428,0.1,0.0,0.0,5.4,0.0,58
288000,274,240,45.8,0.0,0.0,18.1,0.0,30
288000,551,236,46.6,0.0,0.0,17.3,0.0,30
288000,571,223,45.2,0.1,0.0,18.6,0.1,55
288000,521,210,24.0,22.8,0.1,17.0,22.2,13
288000,579,209,45.0,1.1,0.0,17.9,1.1,24
288000,718,202,46.2,0.0,0.0,17.7,0.0,22
288000,709,149,41.2,0.0,0.0,22.7,0.0,36
288000,530,123,46.0,0.1,0.0,17.9,0.1,14
288000,725,102,46.0,0.1,0.0,17.7,0.1,18
288000,735,84,46.3,0.0,0.0,17.7,0.0,9
288000,737,44,29.2,18.8,0.0,16.0,18.8,4
288000,754,24,45.7,0.0,0.0,18.3,0.0,9
289000,480,783,40.3,0.3,0.0,19.7,0.3,209
289000,380,453,0.1,0.0,0.1,5.4,0.0,64
289000,625,420,45.6,0.2,0.0,18.0,0.2,51
289000,274,252,46.1,0.0,0.0,17.8,0.0,32
289000,571,242,44.8,0.1,0.2,18.8,0.1,58
289000,521,233,24.0,23.1,0.0,16.9,22.7,9
289000,718,231,46.0,0.0,0.0,18.0,0.0,27
289000,579,221,45.0,1.0,0.0,17.9,1.0,24
289000,551,175,46.1,0.0,0.0,17.8,0.0,26
289000,709,175,39.4,0.1,0.1,23.0,0.1,55
289000,725,111,45.4,0.4,0.0,18.2,0.2,16
289000,735,104,46.3,0.0,0.0,17.7,0.0,20
289000,530,97,46.1,0.0,0.0,17.7,0.0,10
289000,737,28,27.5,20.8,0.0,15.8,19.8,3
289000,754,8,46.0,0.0,0.0,18.0,0.0,3
290000,480,468,33.5,3.9,0.0,20.4,3.6,175
290000,380,370,0.1,0.1,0.0,5.0,0.0,55
290000,625,355,46.3,0.1,0.0,17.6,0.1,40
290000,521,271,24.2,22.9,0.0,16.8,22.7,9
290000,571,254,44.5,0.1,0.0,19.3,0.1,54
290000,718,244,46.1,0.0,0.0,17.8,0.0,29
290000,274,215,45.7,0.0,0.0,17.7,0.0,26
290000,551,181,46.6,0.0,0.0,17.2,0.0,23
290000,579,171,46.1,1.0,0.0,16.9,1.0,17
290000,709,142,41.0,0.1,0.0,22.7,0.1,32
290000,530,122,46.2,0.0,0.0,17.8,0.0,10
290000,735,102,46.6,0.0,0.0,17.4,0.0,15
290000,725,93,46.3,0.0,0.0,17.7,0.0,12
290000,737,43,28.0,20.0,0.0,16.0,20.0,1
290000,754,8,45.5,0.0,0.0,18.5,0.0,2
291000,625,455,46.0,0.2,0.0,17.8,0.1,51
291000,480,450,34.9,2.7,0.0,21.2,2.7,143
291000,571,363,45.5,0.2,0.0,18.2,0.2,67
291000,380,345,0.1,0.0,0.0,5.2,0.0,47
291000,521,249,24.3,22.9,0.0,16.8,22.7,9
291000,274,247,45.9,0.0,0.0,17.8,0.0,34
291000,718,246,46.5,0.0,0.0,17.5,0.0,36
291000,579,180,45.9,1.0,0.1,17.0,1.0,20
291000,551,158,46.4,0.0,0.0,17.5,0.0,19
291000,709,157,40.6,0.5,0.1,22.4,0.5,30
291000,530,105,46.1,0.0,0.0,17.9,0.0,10
291000,735,102,46.7,0.0,0.0,17.3,0.0,17
291000,737,44,28.2,18.8,0.1,15.9,18.4,5
291000,754,11,46.5,0.0,0.0,17.5,0.0,2
292000,480,518,44.5,0.0,0.0,17.3,0.0,76
292000,380,492,0.2,0.0,0.1,6.1,0.0,62
292000,625,429,46.1,0.2,0.0,17.7,0.1,50
292000,571,239,43.8,0.2,0.0,19.8,0.1,46
292000,521,229,24.1,22.9,0.0,17.0,22.8,8
292000,274,221,46.1,0.0,0.0,17.5,0.0,35
292000,579,202,45.0,0.9,0.0,17.3,0.9,27
292000,718,177,46.2,0.0,0.0,17.8,0.0,19
292000,551,159,46.4,0.0,0.0,17.4,0.0,27
292000,709,147,40.4,0.3,0.0,22.6,0.3,35
292000,530,97,46.2,0.1,0.0,17.7,0.1,11
292000,735,90,46.0,0.0,0.0,18.0,0.0,18
292000,766,87,46.0,0.1,0.0,17.6,0.1,17
292000,765,60,46.1,0.0,0.0,17.8,0.0,8
292000,737,38,29.1,19.4,0.0,15.5,19.4,4
293000,380,511,0.0,0.0,0.1,5.4,0.0,57
293000,625,430,45.8,0.2,0.0,17.8,0.1,48
293000,480,400,46.0,0.0,0.0,17.9,0.0,42
293000,521,267,24.2,23.1,0.0,16.7,22.7,10
293000,571,264,44.3,0.1,0.0,19.3,0.1,55
293000,579,235,45.6,1.0,0.0,17.4,1.0,24
293000,274,223,46.0,0.0,0.1,17.9,0.0,30
293000,551,186,46.5,0.0,0.0,17.5,0.0,15
293000,718,162,46.3,0.0,0.0,17.7,0.0,15
293000,709,133,41.2,0.1,0.0,22.7,0.1,25
293000,530,94,46.3,0.0,0.0,17.6,0.0,10
293000,735,71,46.5,0.0,0.0,17.5,0.0,13
293000,766,68,46.7,0.0,0.0,17.3,0.0,12
293000,765,58,46.1,0.0,0.0,17.9,0.0,9
293000,737,49,28.0,19.0,0.0,16.8,19.0,4
294000,380,561,0.0,0.0,0.0,5.1,0.0,52
294000,625,415,45.7,0.4,0.0,17.7,0.3,55
294000,480,402,46.1,0.0,0.0,17.6,0.0,44
294000,571,352,43.0,0.7,0.0,20.2,0.7,72
294000,274,275,45.5,0.0,0.1,17.8,0.0,47
294000,718,237,46.1,0.0,0.0,17.9,0.0,28
294000,579,211,46.0,0.9,0.0,17.0,0.9,17
294000,521,209,24.5,22.7,0.0,16.8,22.6,10
294000,551,178,45.6,0.1,0.0,18.2,0.1,17
294000,735,139,45.8,0.0,0.0,18.1,0.0,20
294000,709,127,40.6,0.0,0.2,22.9,0.0,25
294000,766,96,45.7,0.0,0.0,17.9,0.0,11
294000,530,80,45.8,0.2,0.0,18.0,0.2,7
294000,765,59,46.3,0.0,0.0,17.7,0.0,8
294000,737,56,28.0,20.3,0.0,15.8,20.0,3
295000,480,590,46.2,0.0,0.0,17.6,0.0,69
295000,380,504,0.1,0.1,0.0,5.6,0.0,59
295000,625,392,46.3,0.1,0.0,17.5,0.1,48
295000,274,305,45.6,0.0,0.0,18.0,0.0,42
295000,521,265,25.0,22.0,0.0,17.0,21.9,13
295000,571,218,45.0,0.1,0.0,18.8,0.1,38
295000,718,217,46.2,0.0,0.0,17.8,0.0,14
295000,579,212,45.5,1.0,0.0,17.4,1.0,23
295000,735,173,46.0,0.0,0.0,18.0,0.0,26
295000,551,151,46.0,0.0,0.1,17.9,0.0,21
295000,766,140,46.0,0.0,0.0,17.9,0.0,17
295000,765,110,46.3,0.1,0.0,17.7,0.1,12
295000,709,106,42.0,0.0,0.0,21.9,0.0,29
295000,776,87,34.4,0.0,0.0,21.3,0.0,38
295000,530,85,46.1,0.1,0.0,17.7,0.1,11
295000,737,66,29.2,18.9,0.0,15.9,18.9,4
296000,480,498,46.2,0.0,0.0,17.7,0.0,54
296000,625,451,46.2,0.1,0.0,17.7,0.1,51
296000,274,373,38.7,0.0,0.0,17.9,0.0,62
296000,380,336,0.3,0.0,0.0,5.2,0.0,50
296000,521,257,26.5,20.3,0.1,17.0,19.7,19
296000,571,241,45.9,0.1,0.0,17.8,0.1,32
296000,718,226,45.8,0.0,0.0,18.1,0.0,28
296000,579,210,45.7,1.0,0.1,17.3,1.0,18
296000,709,198,39.6,0.8,0.2,23.3,0.7,49
296000,551,166,46.0,0.0,0.0,18.0,0.0,19
296000,766,144,46.0,0.0,0.0,17.7,0.0,23
296000,530,101,46.0,0.0,0.0,18.0,0.0,12
296000,735,100,45.1,0.8,0.0,18.1,0.7,19
296000,765,69,46.3,0.0,0.0,17.7,0.0,10
296000,776,47,32.2,0.0,0.0,24.9,0.0,24
296000,737,47,27.4,19.9,0.0,16.7,19.5,3
296000,782,16,28.6,12.6,0.0,19.4,12.6,4
297000,480,494,46.2,0.0,0.0,17.7,0.0,53
297000,625,479,45.4,0.5,0.0,18.0,0.5,64
297000,380,438,0.9,0.1,0.1,7.0,0.0,103
297000,274,290,45.8,0.0,0.1,17.7,0.0,38
297000,718,277,46.1,0.0,0.0,17.9,0.0,27
297000,579,266,43.8,1.3,0.0,18.2,1.3,37
297000,571,257,45.3,0.3,0.0,18.1,0.3,48
297000,521,228,25.2,21.8,0.0,17.0,21.5,20
297000,735,159,45.6,0.0,0.0,18.3,0.0,20
297000,551,153,46.1,0.0,0.1,17.6,0.0,30
297000,709,146,42.7,0.2,0.1,20.7,0.2,44
297000,766,100,45.8,0.0,0.0,18.1,0.0,12
297000,530,90,45.8,0.0,0.0,18.2,0.0,10
297000,765,62,46.1,0.0,0.0,17.9,0.0,5
297000,737,48,29.7,17.9,0.4,15.9,17.9,8
297000,776,34,30.7,0.0,0.0,27.9,0.0,17
298000,480,598,46.2,0.0,0.0,17.7,0.0,58
298000,625,508,46.1,0.2,0.0,17.6,0.2,46
298000,380,456,0.2,0.0,0.1,5.6,0.0,74
298000,274,311,45.6,0.0,0.0,18.2,0.0,31
298000,521,277,24.5,22.7,0.0,16.8,22.2,14
298000,571,248,46.2,0.1,0.0,17.6,0.1,35
298000,579,240,45.3,1.0,0.1,17.4,1.0,32
298000,718,212,46.0,0.0,0.0,18.0,0.0,15
298000,551,119,46.2,0.0,0.0,17.8,0.0,13
298000,709,116,42.4,0.1,0.0,21.4,0.1,39
298000,735,99,46.3,0.0,0.0,17.6,0.0,18
298000,530,94,46.3,0.0,0.0,17.7,0.0,12
298000,766,88,46.2,0.0,0.0,17.8,0.0,7
298000,765,70,45.9,0.0,0.0,18.0,0.0,12
298000,737,57,28.0,20.0,0.0,16.0,19.9,5
299000,380,752,0.1,0.0,0.0,5.7,0.0,100
299000,625,448,46.2,0.1,0.0,17.6,0.1,40
299000,480,398,46.1,0.0,0.0,17.8,0.0,42
299000,521,325,24.7,22.5,0.0,16.7,22.4,16
299000,274,311,45.9,0.0,0.1,17.8,0.0,33
299000,571,260,46.1,0.1,0.0,17.7,0.1,39
299000,579,212,45.3,1.1,0.0,17.3,1.1,26
299000,718,202,46.1,0.0,0.0,17.9,0.0,19
299000,766,139,46.2,0.0,0.0,17.7,0.0,14
299000,551,121,46.0,0.0,0.0,17.9,0.0,13
299000,709,111,42.5,0.1,0.1,21.3,0.1,34
299000,530,107,45.8,0.4,0.0,17.8,0.3,17
299000,735,94,46.6,0.0,0.0,17.4,0.0,15
299000,765,72,46.2,0.0,0.0,17.8,0.0,6
299000,737,50,28.6,19.6,0.0,15.8,19.6,2
299000,785,43,45.0,1.1,0.0,17.7,0.7,11
300000,380,494,0.0,0.1,0.0,6.1,0.0,59
300000,625,428,45.6,0.2,0.0,17.8,0.1,50
300000,480,408,46.2,0.0,0.0,17.8,0.0,43
300000,274,308,45.6,0.0,0.0,17.9,0.0,44
300000,521,305,24.8,22.2,0.0,17.0,21.9,13
300000,571,282,46.7,0.1,0.0,17.2,0.1,42
300000,718,229,45.9,0.0,0.0,18.1,0.0,27
300000,579,211,44.9,1.0,0.0,17.7,1.0,28
300000,735,203,46.6,0.0,0.0,17.4,0.0,34
300000,530,152,46.2,0.1,0.0,17.8,0.1,23
300000,766,138,46.3,0.0,0.0,17.5,0.0,15
300000,709,136,41.4,0.0,0.1,22.4,0.0,34
300000,785,91,46.2,0.1,0.0,17.6,0.1,13
300000,765,79,46.6,0.1,0.0,17.3,0.1,10
300000,551,70,44.8,0.4,0.3,18.2,0.1,14
300000,737,52,28.2,20.1,0.0,15.8,20.0,3
301000,625,448,46.3,0.1,0.0,17.5,0.1,52
301000,480,397,46.2,0.0,0.0,17.8,0.0,31
301000,274,370,44.6,0.0,0.0,18.2,0.0,45
301000,380,317,0.0,0.0,0.1,7.2,0.0,45
301000,521,280,23.7,22.9,0.0,17.3,22.6,10
301000,571,275,46.3,0.0,0.0,17.5,0.0,38
301000,579,223,45.6,1.0,0.0,17.4,1.0,24
301000,735,173,46.3,0.0,0.0,17.7,0.0,23
301000,530,158,46.2,0.0,0.0,17.8,0.0,24
301000,718,156,45.4,0.4,0.0,18.0,0.4,14
301000,766,138,46.2,0.0,0.0,17.7,0.0,18
301000,709,132,40.3,0.0,0.0,23.3,0.0,23
301000,785,108,46.1,0.1,0.0,17.9,0.1,10
301000,765,81,46.2,0.0,0.0,17.8,0.0,8
301000,551,69,46.2,0.0,0.0,17.8,0.0,7
301000,737,46,27.5,21.2,0.1,15.2,20.2,5
302000,380,626,0.0,0.0,0.1,5.5,0.0,74
302000,480,519,46.1,0.0,0.0,17.7,0.0,52
302000,625,379,46.2,0.1,0.0,17.6,0.1,34
302000,521,373,24.1,23.0,0.0,16.9,22.7,13
302000,274,299,45.7,0.1,0.1,17.9,0.0,36
302000,571,284,46.5,0.1,0.0,17.4,0.1,41
302000,579,255,45.6,1.0,0.0,17.4,1.0,26
302000,735,181,46.5,0.0,0.0,17.5,0.0,26
302000,785,145,46.1,0.3,0.0,17.6,0.3,21
302000,766,138,45.6,0.0,0.0,18.0,0.0,19
302000,709,129,40.6,0.0,0.0,22.6,0.0,25
302000,718,128,46.2,0.0,0.0,17.7,0.0,15
302000,530,128,46.1,0.2,0.0,17.6,0.1,18
302000,551,91,45.4,0.0,0.0,18.6,0.0,9
302000,765,72,46.1,0.1,0.0,17.8,0.1,12
302000,737,55,28.2,18.5,0.8,16.5,18.5,4
303000,380,464,0.0,0.0,0.1,4.4,0.0,46
303000,625,415,46.3,0.0,0.0,17.6,0.0,39
303000,480,411,46.0,0.0,0.0,18.0,0.0,41
303000,571,322,46.5,0.0,0.0,17.5,0.0,34
303000,521,309,24.2,22.9,0.0,16.9,22.7,11
303000,579,273,45.9,1.0,0.0,16.8,1.0,28
303000,274,246,46.0,0.0,0.0,17.7,0.0,19
303000,735,196,46.4,0.0,0.0,17.6,0.0,32
303000,766,170,46.2,0.0,0.0,17.7,0.0,23
303000,551,153,45.9,0.0,0.0,17.9,0.0,19
303000,785,127,45.2,0.5,0.1,18.0,0.5,26
303000,718,125,45.7,0.0,0.0,18.2,0.0,17
303000,709,124,40.6,0.0,0.0,23.1,0.0,23
303000,530,115,46.4,0.0,0.0,17.4,0.0,15
303000,765,53,46.3,0.0,0.0,17.7,0.0,7
303000,737,49,28.2,20.2,0.0,15.5,20.0,4
304000,380,629,0.1,0.0,0.1,4.9,0.0,59
304000,480,539,44.9,0.0,0.0,18.9,0.0,78
304000,625,417,46.2,0.1,0.0,17.6,0.1,39
304000,521,285,24.5,22.5,0.0,17.0,22.2,14
304000,571,279,46.3,0.1,0.0,17.5,0.1,35
304000,551,256,45.3,0.0,0.1,18.5,0.0,38
304000,274,238,45.7,0.0,0.1,18.0,0.0,32
304000,579,212,45.5,1.1,0.0,17.4,1.1,21
304000,735,212,44.8,0.1,0.0,18.7,0.1,33
304000,766,186,46.0,0.0,0.0,17.7,0.0,25
304000,718,148,46.2,0.0,0.0,17.8,0.0,13
304000,785,132,45.8,0.1,0.0,18.0,0.1,19
304000,530,125,45.9,0.2,0.0,17.9,0.1,21
304000,709,82,41.7,0.0,0.0,22.2,0.0,14
304000,765,73,45.8,0.0,0.0,18.2,0.0,8
304000,737,39,28.1,19.2,0.2,16.4,19.2,4
305000,480,544,46.3,0.0,0.0,17.5,0.0,56
305000,625,346,45.9,0.3,0.0,17.6,0.3,43
305000,521,345,24.2,22.8,0.0,16.9,22.8,6
305000,571,334,46.2,0.0,0.0,17.7,0.0,40
305000,551,313,45.4,0.0,0.1,18.4,0.0,42
305000,380,292,0.2,0.1,0.2,4.5,0.0,37
305000,274,248,45.9,0.0,0.0,18.0,0.0,30
305000,579,202,45.8,1.0,0.0,17.1,1.0,27
305000,735,193,46.1,0.0,0.0,17.8,0.0,27
305000,766,150,46.1,0.0,0.0,17.7,0.0,19
305000,530,135,46.1,0.0,0.0,17.9,0.0,7
305000,785,133,46.1,0.3,0.0,17.5,0.3,18
305000,718,102,46.3,0.0,0.0,17.6,0.0,16
305000,709,100,39.9,0.0,0.0,23.6,0.0,15
305000,765,76,46.4,0.0,0.0,17.6,0.0,11
305000,737,29,26.3,19.1,0.2,16.2,18.0,6
306000,480,512,46.4,0.0,0.0,17.3,0.0,56
306000,551,415,45.8,0.0,0.1,18.1,0.0,47
306000,571,399,46.1,0.0,0.0,17.8,0.0,48
306000,625,395,46.4,0.1,0.0,17.4,0.1,38
306000,521,320,24.1,22.9,0.0,17.0,22.7,11
306000,274,242,45.7,0.0,0.0,17.9,0.0,30
306000,380,238,0.0,0.0,0.1,3.7,0.0,29
306000,735,187,46.2,0.0,0.0,17.7,0.0,22
306000,766,156,46.4,0.0,0.0,17.5,0.0,18
306000,530,137,46.0,0.0,0.0,18.0,0.0,10
306000,579,136,45.2,1.0,0.1,17.2,1.0,16
306000,718,118,46.0,0.0,0.0,18.0,0.0,14
306000,765,88,46.0,0.0,0.0,17.9,0.0,13
306000,785,81,46.0,0.1,0.1,17.6,0.1,16
306000,737,67,25.4,22.2,0.0,16.4,21.9,4
307000,480,621,46.4,0.0,0.0,17.4,0.0,62
307000,380,447,0.1,0.0,0.1,3.7,0.0,37
307000,551,382,45.5,0.0,0.1,18.4,0.0,38
307000,571,379,46.4,0.1,0.0,17.5,0.1,46
307000,625,360,46.4,0.1,0.0,17.5,0.1,35
307000,521,341,24.6,22.8,0.0,16.6,22.4,15
307000,735,321,46.3,0.0,0.0,17.7,0.0,35
307000,274,199,45.9,0.0,0.0,18.0,0.0,23
307000,766,157,45.9,0.0,0.0,17.9,0.0,20
307000,579,152,46.0,0.9,0.0,17.1,0.9,14
307000,530,119,46.0,0.1,0.0,17.8,0.1,15
307000,785,104,46.0,0.0,0.1,17.7,0.0,18
307000,765,77,46.4,0.0,0.0,17.5,0.0,10
307000,737,38,25.9,20.9,0.0,17.2,20.4,3
308000,380,492,0.0,0.0,0.0,4.1,0.0,41
308000,480,439,45.9,0.0,0.0,18.0,0.0,35
308000,551,422,45.3,0.0,0.2,18.4,0.0,53
308000,625,417,46.4,0.1,0.0,17.5,0.1,45
308000,571,303,46.2,0.0,0.0,17.6,0.0,40
308000,521,300,24.2,23.0,0.0,16.8,22.5,11
308000,735,268,46.1,0.0,0.0,17.8,0.0,36
308000,274,226,46.0,0.0,0.0,18.0,0.0,20
308000,766,148,46.1,0.0,0.0,17.7,0.0,20
308000,579,143,45.7,0.9,0.1,17.2,0.9,25
308000,785,115,46.6,0.1,0.0,17.2,0.1,21
308000,530,92,46.1,0.0,0.0,17.9,0.0,14
308000,765,58,46.5,0.0,0.0,17.5,0.0,9
308000,737,22,24.0,21.6,1.5,16.6,21.0,3
309000,480,455,46.1,0.0,0.0,17.9,0.0,42
309000,625,450,46.4,0.1,0.0,17.5,0.1,45
309000,380,393,0.0,0.0,0.0,3.8,0.0,33
309000,551,362,45.8,0.0,0.0,18.2,0.0,41
309000,521,341,24.0,23.0,0.0,17.0,22.6,15
309000,274,235,46.5,0.0,0.0,17.4,0.0,29
309000,571,206,46.6,0.0,0.0,17.3,0.0,34
309000,579,169,44.9,1.0,0.1,18.0,1.0,25
309000,735,156,45.7,0.0,0.0,18.3,0.0,24
309000,766,141,45.6,0.0,0.0,17.9,0.0,25
309000,530,132,46.3,0.0,0.0,17.7,0.0,24
309000,785,110,46.1,0.0,0.0,17.8,0.0,15
309000,765,57,45.9,0.0,0.0,18.1,0.0,4
309000,737,20,24.2,22.0,0.0,17.8,21.4,2
310000,380,600,0.0,0.0,0.1,4.6,0.0,48
310000,625,459,46.3,0.2,0.0,17.5,0.2,50
310000,551,408,45.3,0.0,0.0,18.5,0.0,58
310000,480,375,45.9,0.0,0.0,18.1,0.0,38
310000,571,362,46.6,0.1,0.0,17.3,0.1,59
310000,521,326,24.6,22.5,0.0,16.9,22.3,16
310000,274,266,45.5,0.0,0.0,18.3,0.0,35
310000,766,148,46.0,0.0,0.0,17.8,0.0,17
310000,735,146,46.3,0.0,0.0,17.7,0.0,20
310000,579,134,45.1,1.0,0.0,17.8,1.0,19
310000,765,102,46.6,0.0,0.0,17.3,0.0,16
310000,530,85,46.1,0.2,0.0,17.7,0.2,13
310000,737,16,25.0,22.0,0.0,17.0,22.0,1
311000,380,697,0.1,0.0,0.1,6.8,0.0,101
311000,625,429,46.4,0.1,0.0,17.5,0.0,36
311000,551,381,45.9,0.0,0.0,18.1,0.0,42
311000,480,374,46.4,0.0,0.0,17.6,0.0,32
311000,521,350,24.0,22.9,0.0,17.1,22.7,12
311000,274,267,45.6,0.0,0.2,17.8,0.0,41
311000,571,197,46.3,0.1,0.0,17.6,0.1,26
311000,735,172,46.0,0.0,0.0,18.0,0.0,26
311000,765,131,46.3,0.1,0.0,17.6,0.1,15
311000,766,130,45.7,0.0,0.0,17.4,0.0,17
311000,530,116,45.6,0.2,0.0,18.2,0.1,15
311000,579,113,46.2,1.0,0.0,16.8,1.0,14
311000,737,30,24.9,22.3,0.0,16.7,21.9,2
312000,380,805,0.0,0.0,0.0,4.9,0.0,80
312000,625,408,46.3,0.1,0.0,17.6,0.1,36
312000,551,399,45.7,0.0,0.0,18.3,0.0,42
312000,480,377,46.1,0.0,0.0,17.8,0.0,39
312000,521,324,24.3,22.8,0.0,16.9,22.4,17
312000,735,280,46.3,0.0,0.0,17.7,0.0,33
312000,274,278,45.4,0.0,0.0,18.1,0.0,39
312000,800,193,46.2,0.1,0.0,16.8,0.1,21
312000,571,181,46.5,0.1,0.0,17.3,0.1,30
312000,766,130,46.2,0.0,0.0,17.8,0.0,9
312000,530,116,45.9,0.1,0.1,17.8,0.1,15
312000,765,114,46.3,0.0,0.0,17.6,0.0,10
312000,579,113,46.1,1.0,0.0,16.9,1.0,12
312000,802,85,47.9,0.0,0.0,16.1,0.0,11
312000,801,58,46.3,0.0,0.0,17.7,0.0,8
312000,737,34,26.3,20.8,0.0,16.9,20.8,2
313000,380,778,0.0,0.0,0.0,5.0,0.0,66
313000,480,407,46.4,0.0,0.0,17.6,0.0,33
313000,521,404,24.5,22.8,0.0,16.7,22.7,13
313000,625,365,46.5,0.0,0.0,17.5,0.0,38
313000,735,334,46.2,0.0,0.0,17.8,0.0,33
313000,274,295,46.0,0.0,0.0,17.7,0.0,37
313000,551,295,44.9,0.0,0.2,18.8,0.0,42
313000,802,178,48.0,0.0,0.0,16.0,0.0,28
313000,579,178,46.0,1.1,0.0,16.9,1.1,23
313000,800,152,46.5,0.1,0.0,16.5,0.1,19
313000,766,135,46.0,0.0,0.0,17.9,0.0,26
313000,571,133,47.1,0.0,0.0,16.7,0.0,32
313000,530,97,45.8,0.4,0.0,17.7,0.1,17
313000,765,82,45.9,0.0,0.0,18.0,0.0,12
313000,737,15,25.3,22.9,0.0,15.8,21.9,2
314000,380,430,0.3,0.1,0.1,6.6,0.1,62
314000,480,403,46.4,0.0,0.0,17.6,0.0,42
314000,625,393,46.2,0.1,0.0,17.6,0.1,38
314000,551,342,45.9,0.0,0.1,17.9,0.0,43
314000,521,334,24.0,22.8,0.0,17.1,22.5,14
314000,274,276,46.4,0.0,0.0,17.4,0.0,27
314000,802,241,47.4,0.0,0.0,16.6,0.0,43
314000,579,180,45.7,1.0,0.0,17.3,1.0,21
314000,735,157,46.6,0.0,0.0,17.2,0.0,27
314000,800,154,46.1,0.1,0.0,16.6,0.1,29
314000,766,146,46.2,0.0,0.0,17.6,0.0,22
314000,571,131,46.1,0.0,0.0,17.5,0.0,22
314000,530,121,44.9,0.4,0.0,18.0,0.4,21
314000,765,63,46.2,0.1,0.0,17.6,0.1,12
314000,737,23,25.0,22.0,0.0,17.0,22.0,1
315000,380,480,2.9,0.6,0.1,7.6,0.5,91
315000,521,372,24.1,22.9,0.0,17.0,22.6,10
315000,625,365,46.3,0.1,0.0,17.6,0.1,41
315000,480,362,46.1,0.0,0.0,17.9,0.0,35
315000,551,311,45.2,0.0,0.0,18.5,0.0,47
315000,274,287,45.9,0.0,0.0,17.9,0.0,31
315000,735,264,46.3,0.0,0.0,17.7,0.0,27
315000,802,235,47.2,0.0,0.0,16.8,0.0,47
315000,766,152,45.7,0.0,0.0,17.7,0.0,28
315000,579,141,45.5,1.0,0.0,17.3,1.0,17
315000,800,130,46.0,0.0,0.0,17.0,0.0,18
315000,571,112,45.8,0.1,0.1,17.4,0.1,22
315000,530,100,46.2,0.1,0.0,17.7,0.1,19
315000,805,98,46.1,0.1,0.0,17.6,0.1,25
315000,765,85,46.1,0.0,0.0,17.9,0.0,10
315000,737,15,25.4,20.6,0.0,16.6,19.9,3
316000,380,793,0.0,0.0,0.0,4.8,0.0,76
316000,625,368,46.2,0.2,0.0,17.6,0.2,44
316000,551,329,45.7,0.0,0.0,18.2,0.0,51
316000,521,323,24.6,22.6,0.0,16.8,22.5,11
316000,274,322,46.0,0.0,0.0,17.8,0.0,42
316000,480,309,46.4,0.0,0.0,17.6,0.0,28
316000,802,236,47.4,0.0,0.1,16.5,0.0,47
316000,735,185,46.3,0.0,0.0,17.6,0.0,28
316000,571,181,44.9,0.0,0.5,17.8,0.0,38
316000,579,151,45.8,1.0,0.0,17.2,1.0,16
316000,766,149,46.1,0.0,0.0,17.6,0.0,23
316000,805,129,46.6,0.3,0.0,17.0,0.3,26
316000,530,123,45.1,0.1,0.0,18.4,0.1,17
316000,800,113,45.6,0.1,0.0,17.1,0.1,22
316000,765,100,46.5,0.0,0.0,17.5,0.0,19
316000,737,14,25.0,22.0,0.0,17.0,22.0,1
317000,625,403,46.5,0.1,0.0,17.4,0.1,48
317000,274,350,45.7,0.0,0.0,17.9,0.0,43
317000,551,346,44.7,0.0,0.1,18.8,0.0,58
317000,521,324,24.1,22.8,0.0,17.1,22.6,11
317000,480,311,46.3,0.0,0.0,17.6,0.0,35
317000,380,243,0.0,0.0,0.0,4.5,0.0,30
317000,579,181,44.9,1.0,0.2,17.5,1.0,29
317000,735,180,46.4,0.0,0.0,17.6,0.0,24
317000,802,169,47.3,0.0,0.0,16.5,0.0,33
317000,530,152,45.2,0.4,0.0,18.3,0.2,19
317000,571,138,43.5,0.1,0.7,19.0,0.1,38
317000,800,134,46.2,0.0,0.0,16.9,0.0,21
317000,766,124,46.3,0.0,0.0,17.5,0.0,17
317000,805,93,46.6,0.1,0.0,17.3,0.1,19
317000,765,69,46.1,0.1,0.0,17.7,0.1,12
317000,737,18,23.6,23.8,0.0,16.6,20.9,3
318000,625,390,46.1,0.2,0.0,17.6,0.2,35
318000,380,362,0.0,0.1,0.0,5.3,0.0,37
318000,480,348,46.5,0.0,0.0,17.5,0.0,42
318000,551,332,45.6,0.0,0.0,18.3,0.0,44
318000,521,325,24.4,22.8,0.0,16.8,22.6,10
318000,274,319,45.6,0.0,0.1,17.9,0.0,47
318000,735,215,46.3,0.0,0.0,17.7,0.0,31
318000,579,185,44.3,1.1,0.1,17.6,1.1,33
318000,800,137,45.8,0.1,0.0,17.0,0.1,20
318000,766,128,46.7,0.0,0.0,17.2,0.0,17
318000,810,126,46.1,0.0,0.0,17.9,0.0,18
318000,805,119,46.3,0.1,0.0,17.6,0.1,27
318000,530,117,45.9,0.2,0.0,17.9,0.1,14
318000,802,117,47.5,0.0,0.0,16.5,0.0,22
318000,571,112,46.5,0.0,0.0,16.9,0.0,18
318000,765,67,46.9,0.0,0.0,17.0,0.0,13
318000,737,36,26.2,21.6,0.0,15.8,21.2,4
318000,812,29,48.1,0.2,0.0,15.7,0.2,7
319000,551,450,45.8,0.0,0.1,18.0,0.0,69
319000,625,407,46.5,0.1,0.0,17.4,0.1,37
319000,380,393,0.0,0.0,0.0,4.4,0.0,48
319000,521,358,24.1,23.0,0.0,16.9,22.7,14
319000,480,351,46.1,0.0,0.0,17.8,0.0,39
319000,274,342,46.0,0.0,0.0,17.5,0.0,53
319000,766,185,45.8,0.0,0.0,17.8,0.0,22
319000,530,148,46.1,0.1,0.0,17.8,0.1,14
319000,735,148,46.2,0.0,0.0,17.8,0.0,23
319000,579,131,45.5,1.1,0.0,16.7,1.1,11
319000,810,121,46.2,0.0,0.0,17.7,0.0,12
319000,571,115,46.7,0.0,0.0,16.6,0.0,22
319000,805,110,46.4,0.1,0.0,17.5,0.1,21
319000,800,107,46.1,0.0,0.0,16.9,0.0,18
319000,802,84,47.9,0.0,0.0,16.0,0.0,21
319000,765,32,46.7,0.2,0.0,17.1,0.2,7
319000,737,19,26.1,21.1,0.0,16.8,21.1,2
319000,812,18,47.0,0.0,0.0,17.0,0.0,2
320000,380,629,0.0,0.1,0.2,5.0,0.0,79
320000,625,389,46.1,0.2,0.0,17.6,0.2,42
320000,551,369,45.3,0.0,0.1,18.5,0.0,57
320000,480,331,46.4,0.0,0.0,17.6,0.0,36
320000,521,331,24.0,23.1,0.0,16.8,22.6,15
320000,274,325,45.8,0.0,0.1,17.8,0.0,29
320000,735,253,46.5,0.0,0.0,17.5,0.0,37
320000,766,250,46.4,0.1,0.0,17.5,0.1,32
320000,530,169,46.1,0.1,0.0,17.7,0.1,21
320000,579,146,45.5,1.0,0.1,17.5,1.0,18
320000,810,128,46.3,0.0,0.0,17.6,0.0,10
320000,571,124,46.5,0.1,0.0,16.8,0.1,24
320000,800,113,45.5,0.1,0.0,16.8,0.0,24
320000,805,102,46.6,0.1,0.0,17.3,0.1,24
320000,802,72,43.6,0.0,0.0,18.0,0.0,26
320000,765,38,46.5,0.1,0.0,17.4,0.1,6
320000,737,27,25.8,21.2,0.0,17.0,21.2,2
320000,812,17,47.1,0.0,0.0,16.9,0.0,2
321000,380,582,1.5,0.4,0.5,5.7,0.4,73
321000,551,416,45.1,0.0,0.0,18.7,0.0,58
321000,625,394,46.2,0.1,0.0,17.6,0.1,41
321000,274,334,46.1,0.0,0.0,17.8,0.0,43
321000,480,333,46.3,0.0,0.0,17.6,0.0,38
321000,521,305,23.9,22.7,0.0,17.3,22.3,16
321000,766,263,45.6,0.1,0.0,17.7,0.1,37
321000,735,254,46.1,0.0,0.0,17.8,0.0,26
321000,530,158,45.9,0.0,0.0,18.0,0.0,19
321000,571,156,45.7,0.0,0.1,17.2,0.0,37
321000,579,140,45.4,1.0,0.0,17.4,1.0,17
321000,800,123,45.0,0.1,0.0,17.0,0.1,22
321000,805,112,46.7,0.0,0.0,17.3,0.0,24
321000,802,83,46.5,0.0,0.1,17.0,0.0,32
321000,816,62,0.1,0.1,0.0,3.6,0.0,13
321000,765,46,46.5,0.0,0.0,17.5,0.0,9
321000,737,28,25.0,22.2,0.0,16.7,22.0,2
321000,812,11,47.3,0.3,0.0,16.5,0.3,3
322000,380,1000,0.0,0.0,0.2,5.5,0.0,117
322000,551,425,45.7,0.0,0.0,18.2,0.0,47
322000,625,362,46.2,0.1,0.0,17.7,0.1,43
322000,274,339,45.6,0.2,0.0,17.8,0.2,49
322000,480,332,42.6,1.7,0.0,19.6,1.6,43
322000,521,327,24.1,22.9,0.0,17.0,22.6,12
322000,735,245,46.5,0.0,0.0,17.5,0.0,34
322000,766,238,45.9,0.0,0.0,18.0,0.0,31
322000,530,164,45.5,0.1,0.0,18.4,0.1,19
322000,579,153,44.6,1.3,0.1,18.0,1.3,23
322000,800,126,45.3,0.6,0.0,17.2,0.6,26
322000,571,125,46.7,0.2,0.0,16.3,0.2,24
322000,805,107,46.4,0.0,0.0,17.6,0.0,17
322000,802,88,45.9,0.1,0.0,17.4,0.1,27
322000,737,27,25.4,22.0,0.1,16.5,20.7,4
322000,765,7,46.6,0.0,0.0,17.4,0.0,3
322000,812,7,48.0,0.3,0.0,15.7,0.3,2
323000,551,453,45.8,0.0,0.0,18.2,0.0,49
323000,380,427,0.0,0.0,0.0,5.9,0.0,69
323000,521,360,24.3,22.8,0.0,16.9,22.7,9
323000,625,340,46.4,0.0,0.0,17.5,0.0,32
323000,274,316,46.0,0.0,0.0,17.9,0.0,32
323000,766,304,46.0,0.0,0.0,17.8,0.0,41
323000,480,295,46.2,0.1,0.0,17.6,0.1,39
323000,735,282,46.2,0.0,0.0,17.8,0.0,34
323000,571,215,46.5,0.0,0.0,16.6,0.0,36
323000,579,202,45.5,1.0,0.0,17.4,1.0,22
323000,530,178,45.9,0.1,0.0,18.1,0.1,25
323000,800,145,46.0,0.1,0.0,16.9,0.1,18
323000,805,65,46.6,0.0,0.0,17.4,0.0,11
323000,802,47,47.2,0.0,0.0,16.7,0.0,13
323000,737,21,25.0,23.0,0.0,16.0,21.0,1
323000,765,5,46.4,0.0,0.0,17.6,0.0,2
323000,822,5,48.0,0.0,0.0,16.0,0.0,3
324000,380,705,0.1,0.0,0.1,5.7,0.0,99
324000,551,480,45.7,0.0,0.0,18.1,0.0,60
324000,625,437,45.5,0.6,0.0,17.7,0.6,56
324000,521,367,23.2,22.3,0.3,16.8,21.4,20
324000,766,268,46.5,0.0,0.0,17.5,0.0,30
324000,274,264,45.7,0.0,0.1,18.0,0.0,29
324000,579,214,45.8,0.9,0.0,17.2,0.9,23
324000,480,213,46.2,0.0,0.0,17.8,0.0,25
324000,571,195,46.2,0.0,0.0,16.9,0.0,27
324000,530,179,45.8,0.0,0.0,18.2,0.0,21
324000,735,166,46.6,0.0,0.0,17.4,0.0,23
324000,800,162,45.3,0.3,0.0,17.2,0.1,29
324000,737,31,25.0,23.0,0.0,16.0,21.0,1
324000,805,21,46.4,0.0,0.0,17.5,0.0,5
324000,765,20,46.1,0.0,0.0,17.9,0.0,5
324000,802,17,48.7,0.0,0.0,15.3,0.0,8
325000,380,551,0.0,0.0,0.1,7.4,0.0,98
325000,625,497,44.5,1.5,0.0,17.7,1.4,68
325000,551,448,45.4,0.0,0.0,18.4,0.0,50
325000,480,297,46.3,0.0,0.0,17.6,0.0,35
325000,766,292,45.7,0.0,0.0,18.1,0.0,42
325000,735,284,46.3,0.0,0.0,17.7,0.0,37
325000,274,267,45.6,0.0,0.1,18.2,0.0,41
325000,579,253,45.5,0.9,0.1,17.1,0.9,28
325000,571,223,45.9,0.1,0.0,17.0,0.1,35
325000,521,207,24.0,23.0,0.0,16.9,22.5,9
325000,530,206,45.7,0.0,0.0,18.3,0.0,29
325000,800,189,45.9,0.0,0.0,17.3,0.0,31
325000,737,43,25.0,23.0,0.0,15.9,21.0,2
325000,805,15,46.9,0.0,0.0,17.1,0.0,4
325000,765,9,45.8,0.0,0.0,18.2,0.0,3
326000,551,439,44.8,0.0,0.0,19.0,0.0,59
326000,380,372,0.1,0.0,0.0,7.1,0.0,72
326000,625,370,45.4,0.6,0.0,17.7,0.6,47
326000,579,325,45.3,1.1,0.0,17.5,1.1,37
326000,766,320,46.0,0.0,0.0,17.8,0.0,44
326000,480,311,45.8,0.0,0.0,18.1,0.0,38
326000,735,297,46.3,0.0,0.0,17.7,0.0,35
326000,521,281,23.7,22.9,0.0,17.2,21.8,20
326000,274,216,45.7,0.0,0.0,18.2,0.0,31
326000,530,209,45.8,0.0,0.0,18.1,0.0,26
326000,571,198,45.1,0.3,0.0,17.5,0.3,27
326000,800,159,45.8,0.1,0.0,17.0,0.1,29
326000,737,29,25.1,22.9,0.0,15.9,21.0,2
326000,802,21,47.4,0.0,0.0,16.6,0.0,3
326000,805,15,46.5,0.0,0.0,17.5,0.0,4
327000,380,621,0.5,0.0,0.0,7.0,0.0,101
327000,551,390,45.0,0.0,0.0,18.8,0.0,57
327000,625,389,45.9,0.3,0.0,17.6,0.2,41
327000,521,329,24.1,22.8,0.0,17.0,22.6,10
327000,766,311,46.3,0.0,0.0,17.6,0.0,26
327000,579,267,45.4,1.1,0.0,17.5,1.1,26
327000,480,265,46.1,0.0,0.0,17.9,0.0,28
327000,735,264,46.5,0.0,0.0,17.5,0.0,30
327000,274,225,45.4,0.0,0.0,18.2,0.0,26
327000,571,195,46.2,0.0,0.0,16.8,0.0,24
327000,530,190,45.9,0.0,0.0,18.1,0.0,27
327000,800,132,46.5,0.0,0.0,16.8,0.0,12
327000,802,77,47.0,0.0,0.0,17.0,0.0,13
327000,737,42,26.7,21.5,0.0,15.8,19.6,3
327000,805,39,45.9,0.0,0.0,18.1,0.0,8
328000,625,428,45.7,0.4,0.0,17.8,0.4,42
328000,480,372,46.3,0.0,0.0,17.6,0.0,51
328000,766,352,46.2,0.0,0.0,17.7,0.0,34
328000,521,350,24.0,22.9,0.0,17.1,22.8,7
328000,380,349,0.6,0.1,0.0,7.3,0.0,80
328000,551,283,44.8,0.0,0.0,18.9,0.0,49
328000,579,276,45.2,1.0,0.0,17.6,1.0,28
328000,274,210,46.1,0.0,0.0,17.5,0.0,36
328000,530,199,45.4,0.3,0.0,18.2,0.3,31
328000,571,175,45.5,0.1,0.0,16.7,0.1,26
328000,735,144,46.3,0.0,0.0,17.7,0.0,18
328000,800,133,44.5,0.1,0.0,17.9,0.1,32
328000,802,109,47.9,0.0,0.0,16.1,0.0,29
328000,805,37,46.2,0.0,0.0,17.8,0.0,5
328000,737,34,25.8,22.1,0.1,16.0,20.2,3
329000,380,581,0.4,0.0,0.1,5.9,0.0,90
329000,480,340,46.1,0.0,0.0,17.9,0.0,45
329000,766,318,46.1,0.0,0.0,17.8,0.0,38
329000,521,296,24.1,22.9,0.0,16.9,22.7,8
329000,551,290,44.7,0.0,0.0,19.0,0.0,32
329000,274,275,46.3,0.0,0.0,17.5,0.0,33
329000,579,261,45.2,1.1,0.0,17.5,1.1,33
329000,571,193,45.9,0.1,0.0,16.8,0.1,28
329000,530,189,45.8,0.0,0.0,18.1,0.0,25
329000,625,178,46.4,0.0,0.0,17.6,0.0,19
329000,735,176,46.1,0.0,0.0,17.9,0.0,14
329000,802,134,47.3,0.0,0.0,16.7,0.0,23
329000,800,106,39.7,0.7,0.0,19.2,0.3,32
329000,805,47,46.4,0.2,0.0,17.4,0.2,18
329000,737,37,24.7,22.5,0.0,16.6,20.6,3
330000,766,371,46.1,0.0,0.0,17.6,0.0,48
330000,625,369,45.8,0.3,0.0,17.9,0.3,39
330000,480,359,46.1,0.0,0.0,17.8,0.0,36
330000,521,294,24.0,22.9,0.0,17.1,22.7,11
330000,380,282,0.6,0.1,0.0,5.7,0.0,46
330000,551,261,43.4,0.0,0.3,20.2,0.0,44
330000,274,261,46.3,0.0,0.0,17.6,0.0,37
330000,579,233,45.1,1.1,0.0,17.5,1.1,26
330000,735,205,46.2,0.0,0.0,17.8,0.0,32
330000,571,186,45.7,0.1,0.0,17.3,0.1,31
330000,800,183,32.2,1.1,0.0,20.8,1.0,74
330000,530,172,45.5,0.1,0.0,18.4,0.1,27
330000,802,160,46.5,0.0,0.0,17.4,0.0,29
330000,841,131,0.0,0.0,0.1,5.0,0.0,26
330000,805,37,45.2,0.3,0.0,18.5,0.3,10
330000,737,31,25.0,23.0,0.0,16.0,21.0,1
331000,625,435,46.1,0.2,0.0,17.6,0.2,43
331000,480,421,46.3,0.0,0.0,17.6,0.0,50
331000,521,330,24.3,22.9,0.0,16.8,22.8,8
331000,766,324,46.0,0.0,0.0,17.7,0.0,32
331000,380,317,0.2,0.0,0.1,5.8,0.0,52
331000,551,249,45.6,0.0,0.0,18.3,0.0,22
331000,579,215,45.0,0.9,0.0,18.0,0.9,32
331000,735,209,46.3,0.0,0.0,17.7,0.0,27
331000,274,206,45.8,0.0,0.0,17.9,0.0,34
331000,571,194,46.3,0.0,0.0,16.8,0.0,33
331000,530,185,45.5,0.4,0.0,18.2,0.3,30
331000,802,152,47.1,0.0,0.0,16.8,0.0,30
331000,800,131,41.4,0.9,0.0,19.1,0.8,31
331000,841,74,0.0,0.1,0.0,4.1,0.0,15
331000,737,34,25.0,23.0,0.0,16.0,21.0,1
331000,805,22,46.4,0.0,0.1,17.5,0.0,6
332000,380,795,0.1,0.0,0.1,5.8,0.0,120
332000,480,354,46.3,0.0,0.0,17.7,0.0,33
332000,521,341,24.3,22.8,0.0,16.8,22.4,24
332000,766,329,46.3,0.0,0.0,17.6,0.0,39
332000,625,302,45.9,0.9,0.0,17.3,0.8,42
332000,579,239,45.8,0.9,0.0,17.3,0.9,33
332000,735,234,45.5,0.0,0.0,18.5,0.0,37
332000,802,229,47.4,0.0,0.0,16.6,0.0,40
332000,274,208,46.0,0.0,0.1,17.9,0.0,24
332000,530,203,45.5,0.2,0.1,18.3,0.1,25
332000,551,201,46.1,0.0,0.0,17.8,0.0,21
332000,571,166,46.1,0.0,0.0,17.0,0.0,35
332000,800,79,45.3,0.0,0.0,17.2,0.0,17
332000,737,40,24.6,23.6,0.1,15.6,20.8,2
332000,805,20,44.8,0.1,0.1,19.0,0.1,8
332000,846,16,46.5,0.0,0.0,17.5,0.0,3
333000,380,746,0.1,0.0,0.1,5.4,0.0,99
333000,480,379,46.0,0.0,0.0,18.0,0.0,55
333000,766,326,46.3,0.0,0.0,17.6,0.0,33
333000,530,265,45.5,0.3,0.0,18.1,0.3,43
333000,521,264,24.0,22.9,0.0,17.0,22.7,8
333000,551,257,45.8,0.0,0.1,17.9,0.0,20
333000,735,246,45.8,0.0,0.0,18.2,0.0,32
333000,579,240,45.9,1.0,0.0,17.1,1.0,31
333000,571,205,45.9,0.0,0.1,17.3,0.0,32
333000,802,165,47.1,0.2,0.1,16.7,0.1,33
333000,625,161,43.9,2.5,0.0,17.7,2.5,26
333000,274,139,45.4,0.0,0.0,18.5,0.0,21
333000,800,86,47.0,0.1,0.0,16.1,0.1,16
333000,850,41,46.8,0.0,0.0,17.2,0.0,8
333000,737,32,25.7,22.3,0.0,16.0,20.4,2
333000,846,27,46.0,0.0,0.0,18.0,0.0,3
333000,805,21,46.0,0.0,0.3,17.6,0.0,3
334000,380,635,0.0,0.0,0.1,5.3,0.0,95
334000,480,423,45.7,0.0,0.0,18.2,0.0,55
334000,766,299,46.4,0.0,0.0,17.6,0.0,23
334000,625,299,46.0,0.5,0.0,17.4,0.4,49
334000,735,283,45.3,0.0,0.0,18.6,0.0,41
334000,579,279,45.4,1.0,0.0,17.4,1.0,32
334000,551,272,46.1,0.0,0.0,17.9,0.0,31
334000,521,255,24.4,22.9,0.0,16.7,22.4,12
334000,530,234,45.8,0.3,0.0,17.9,0.3,38
334000,571,214,45.8,0.0,0.0,17.5,0.0,37
334000,802,153,47.2,0.0,0.0,16.6,0.0,32
334000,274,98,45.7,0.0,0.0,18.2,0.0,14
334000,800,69,46.4,0.0,0.0,16.7,0.0,12
334000,737,35,25.0,23.0,0.0,16.0,21.0,1
334000,850,26,45.6,0.3,0.0,18.1,0.3,9
334000,805,25,47.0,0.0,0.0,16.9,0.0,8
334000,846,16,46.2,0.0,0.0,17.8,0.0,3
335000,480,436,45.7,0.0,0.0,18.2,0.0,45
335000,521,388,24.4,22.7,0.0,16.9,22.3,19
335000,380,378,0.0,0.0,0.0,4.1,0.0,43
335000,551,364,44.2,0.0,0.1,19.0,0.0,60
335000,766,322,46.5,0.0,0.0,17.4,0.0,32
335000,579,247,44.8,1.3,0.0,17.4,1.3,27
335000,571,199,46.4,0.0,0.0,17.0,0.0,40
335000,735,195,45.7,0.0,0.0,18.3,0.0,37
335000,530,188,45.2,0.3,0.0,18.4,0.3,32
335000,625,169,45.4,0.3,0.0,18.0,0.2,17
335000,802,133,47.3,0.0,0.0,16.7,0.0,20
335000,274,98,41.4,0.0,0.0,20.5,0.0,17
335000,800,85,46.1,0.0,0.0,16.8,0.0,14
335000,850,52,45.9,0.0,0.0,17.3,0.0,7
335000,846,38,46.5,0.0,0.0,17.5,0.0,6
335000,737,37,25.7,22.4,0.0,15.9,20.4,2
335000,805,23,45.6,0.0,0.0,18.3,0.0,4
335000,858,22,27.4,0.7,0.0,20.9,0.4,16
336000,480,444,45.9,0.0,0.0,18.0,0.0,42
336000,766,361,46.3,0.0,0.0,17.6,0.0,39
336000,551,345,45.2,0.0,0.0,18.7,0.0,41
336000,380,344,0.0,0.0,0.1,4.1,0.0,40
336000,521,324,23.7,23.3,0.0,17.0,22.5,12
336000,530,239,45.3,0.1,0.0,18.6,0.1,27
336000,579,232,45.8,0.9,0.0,17.2,0.9,23
336000,735,229,46.3,0.0,0.0,17.7,0.0,28
336000,571,211,46.2,0.0,0.0,17.3,0.0,38
336000,800,112,46.3,0.0,0.0,16.6,0.0,20
336000,802,111,47.3,0.0,0.0,16.7,0.0,19
336000,625,93,46.4,0.1,0.0,17.5,0.1,8
336000,274,79,45.7,0.0,0.0,17.9,0.0,14
336000,850,56,46.2,0.1,0.0,17.7,0.1,6
336000,863,50,45.8,0.1,0.0,17.9,0.1,8
336000,737,29,25.7,22.3,0.0,16.0,20.4,2
336000,846,23,45.7,0.0,0.0,18.3,0.0,4
336000,805,21,46.2,0.0,0.0,17.8,0.0,5
336000,858,5,0.0,0.0,0.0,8.6,0.0,3
337000,521,579,24.4,23.0,0.0,16.6,22.8,22
337000,551,469,46.0,0.0,0.0,17.8,0.0,52
337000,480,391,45.5,0.1,0.0,18.3,0.1,71
337000,766,283,46.3,0.0,0.0,17.6,0.0,33
337000,579,273,45.7,0.9,0.0,17.3,0.9,41
337000,380,193,0.0,0.0,0.1,3.9,0.0,30
337000,735,168,46.8,0.0,0.0,17.2,0.0,26
337000,571,152,46.5,0.1,0.0,17.1,0.1,40
337000,800,112,45.6,0.1,0.0,16.5,0.1,22
337000,802,89,47.7,0.0,0.0,16.3,0.0,15
337000,530,87,46.3,0.0,0.0,17.7,0.0,8
337000,850,52,45.5,0.1,0.1,18.1,0.1,9
337000,274,43,46.2,0.0,0.0,17.4,0.0,8
337000,737,32,25.7,22.8,0.0,15.5,20.8,2
337000,805,22,46.1,0.0,0.0,17.9,0.0,2
337000,625,20,45.9,1.0,0.0,17.0,1.0,7
337000,863,14,46.8,0.0,0.0,17.2,0.0,3
337000,846,7,47.3,0.0,0.0,16.7,0.0,3
338000,521,511,24.2,23.2,0.0,16.6,23.1,14
338000,480,492,46.2,0.1,0.0,17.6,0.1,80
338000,551,482,45.2,0.0,0.0,18.6,0.0,61
338000,380,442,0.0,0.0,0.0,4.3,0.0,47
338000,766,290,46.6,0.0,0.0,17.4,0.0,43
338000,579,195,47.1,0.9,0.0,15.9,0.9,29
338000,530,167,45.3,0.2,0.0,18.5,0.2,28
338000,571,140,47.0,0.1,0.0,16.5,0.1,27
338000,735,128,46.9,0.0,0.0,17.0,0.0,26
338000,802,87,47.7,0.0,0.0,16.3,0.0,18
338000,800,81,47.0,0.1,0.0,16.1,0.1,22
338000,850,51,47.0,0.1,0.0,16.9,0.1,10
338000,737,41,24.6,23.0,0.0,16.4,20.7,3
338000,625,20,46.9,0.0,0.0,17.1,0.0,2
338000,274,19,44.3,0.0,0.0,19.7,0.0,4
338000,805,18,45.4,0.9,0.0,17.6,0.8,4
338000,846,7,46.0,0.0,0.0,18.0,0.0,1
339000,480,579,47.0,0.0,0.0,17.0,0.0,94
339000,521,414,24.1,23.1,0.0,16.8,22.7,14
339000,551,372,45.3,0.0,0.0,18.6,0.0,45
339000,766,285,46.5,0.1,0.0,17.4,0.1,36
339000,579,265,46.7,0.9,0.0,16.4,0.9,36
339000,380,262,0.0,0.0,0.0,4.4,0.0,36
339000,530,203,45.6,0.0,0.0,18.4,0.0,28
339000,868,201,0.2,0.0,0.4,6.0,0.0,36
339000,571,176,46.9,0.0,0.0,16.8,0.0,30
339000,869,133,46.3,0.1,0.0,17.5,0.1,14
339000,735,123,46.5,0.0,0.0,17.5,0.0,21
339000,800,76,46.1,0.1,0.0,17.1,0.1,15
339000,802,69,46.9,0.0,0.0,17.1,0.0,12
339000,737,53,24.9,23.0,0.0,16.1,21.0,2
339000,850,50,45.2,0.1,0.0,18.6,0.1,11
339000,274,47,45.9,0.0,0.0,17.9,0.0,5
339000,625,41,45.2,1.1,0.0,17.1,0.6,6
339000,805,9,45.8,2.0,0.0,16.2,2.0,5
340000,551,577,45.5,0.0,0.0,18.3,0.0,73
340000,480,433,46.3,0.0,0.0,17.6,0.0,57
340000,521,408,24.0,23.0,0.0,17.0,22.8,13
340000,766,344,46.5,0.0,0.0,17.5,0.0,40
340000,579,277,46.7,0.8,0.1,16.2,0.8,44
340000,571,269,46.0,0.1,0.1,17.7,0.1,51
340000,380,217,0.0,0.0,0.2,4.0,0.0,33
340000,868,171,0.0,0.1,0.1,5.9,0.0,26
340000,530,157,45.9,0.0,0.0,18.1,0.0,18
340000,735,145,46.4,0.0,0.0,17.6,0.0,18
340000,869,98,46.0,0.1,0.0,17.7,0.1,7
340000,802,77,47.1,0.0,0.1,16.8,0.0,18
340000,800,54,45.0,0.0,0.0,18.1,0.0,12
340000,737,36,24.4,23.2,0.1,16.2,20.3,3
340000,274,35,45.7,0.0,0.0,18.2,0.0,3
340000,850,27,46.6,0.0,0.0,17.4,0.0,5
340000,625,15,47.7,0.0,0.0,16.3,0.0,3
340000,805,12,46.8,0.0,0.2,17.0,0.0,3
341000,480,489,46.2,0.0,0.0,17.8,0.0,59
341000,551,485,44.7,0.0,0.1,19.0,0.0,71
341000,766,392,45.8,0.2,0.0,17.8,0.1,49
341000,380,382,0.1,0.0,0.0,4.5,0.0,47
341000,521,370,24.4,22.8,0.0,16.8,22.5,14
341000,868,358,0.6,0.0,0.1,7.6,0.0,69
341000,571,248,45.6,0.1,0.0,18.0,0.1,43
341000,579,221,47.2,1.1,0.1,15.7,1.1,34
341000,735,213,46.2,0.0,0.0,17.7,0.0,27
341000,530,118,46.3,0.0,0.0,17.7,0.0,14
341000,802,83,47.3,0.0,0.1,16.6,0.0,20
341000,869,74,46.2,0.1,0.0,17.8,0.1,11
341000,800,74,44.2,0.1,0.0,17.8,0.1,16
341000,625,37,46.1,0.8,0.0,16.9,0.2,9
341000,737,36,25.0,23.0,0.0,16.0,21.0,1
341000,274,22,46.0,0.0,0.0,18.0,0.0,3
341000,850,17,45.1,0.0,0.0,18.9,0.0,4
341000,805,14,46.5,0.0,0.0,17.4,0.0,2
341000,880,9,49.0,0.0,0.0,15.0,0.0,1
342000,551,469,44.9,0.0,0.0,18.8,0.0,62
342000,480,451,46.4,0.1,0.0,17.5,0.0,58
342000,766,407,46.3,0.0,0.0,17.5,0.0,43
342000,521,356,23.9,23.0,0.0,17.0,22.9,4
342000,380,348,0.0,0.0,0.0,4.3,0.0,40
342000,571,275,46.3,0.1,0.0,17.5,0.1,37
342000,579,243,46.6,1.0,0.0,16.3,1.0,28
342000,735,239,46.4,0.0,0.0,17.5,0.0,21
342000,800,176,39.8,1.6,0.0,21.2,1.4,45
342000,530,118,46.1,0.0,0.0,17.8,0.0,16
342000,869,105,45.5,0.1,0.0,18.4,0.1,13
342000,868,83,0.0,0.0,0.2,5.7,0.0,13
342000,802,54,47.6,0.0,0.1,16.4,0.0,16
342000,625,51,47.0,0.0,0.0,17.0,0.0,5
342000,737,33,24.2,23.5,0.0,16.3,20.4,2
342000,883,21,49.1,0.0,0.0,14.7,0.0,9
342000,850,20,46.2,0.0,0.0,17.8,0.0,5
342000,274,18,46.1,0.0,0.0,17.9,0.0,3
342000,889,10,45.5,0.0,0.0,18.5,0.0,4
343000,480,515,46.3,0.0,0.0,17.6,0.0,55
343000,766,483,46.2,0.0,0.0,17.6,0.0,52
343000,551,449,45.0,0.0,0.0,18.8,0.0,67
343000,521,334,24.0,23.0,0.0,17.0,22.6,11
343000,380,317,0.0,0.0,0.0,4.9,0.0,43
343000,735,275,46.1,0.0,0.0,17.9,0.0,29
343000,571,244,46.5,0.1,0.0,17.1,0.1,42
343000,579,183,46.7,1.0,0.0,16.2,1.0,26
343000,530,146,45.4,0.1,0.0,17.7,0.1,24
343000,869,144,43.8,0.8,0.0,18.8,0.7,27
343000,800,138,45.6,0.0,0.0,17.2,0.0,28
343000,802,69,47.3,0.0,0.0,16.7,0.0,20
343000,868,45,0.0,0.1,0.0,5.5,0.0,9
343000,737,44,25.0,23.0,0.0,16.0,21.0,1
343000,850,29,46.1,0.0,0.0,17.9,0.0,7
343000,274,11,45.9,0.0,0.0,17.8,0.0,2
343000,881,10,46.2,0.0,0.0,17.8,0.0,2
343000,889,8,40.0,0.0,0.0,24.0,0.0,4
344000,551,548,45.1,0.0,0.1,18.8,0.0,74
344000,380,542,0.0,0.0,0.0,5.0,0.0,47
344000,480,540,45.8,0.0,0.0,17.9,0.0,69
344000,766,492,45.9,0.0,0.0,17.8,0.0,50
344000,521,291,24.2,22.9,0.0,16.9,22.4,15
344000,735,231,46.4,0.0,0.0,17.5,0.0,28
344000,571,219,46.0,0.1,0.0,17.7,0.1,46
344000,579,199,46.9,0.9,0.1,16.1,0.9,29
344000,869,149,43.6,1.0,0.0,18.6,1.0,32
344000,802,145,46.9,0.0,0.0,17.1,0.0,21
344000,530,117,46.4,0.1,0.0,17.5,0.1,17
344000,800,83,46.0,0.2,0.0,17.2,0.2,15
344000,894,44,43.1,0.3,0.0,20.6,0.3,13
344000,737,37,25.0,23.0,0.0,16.0,21.0,1
344000,868,27,0.0,0.0,0.6,6.2,0.0,9
344000,850,10,46.0,0.0,0.0,18.0,0.0,1
345000,380,594,0.0,0.0,0.0,5.4,0.0,69
345000,551,538,44.1,0.0,0.0,19.1,0.0,79
345000,480,527,45.3,0.1,0.0,18.4,0.1,82
345000,766,450,45.7,0.1,0.0,17.9,0.1,41
345000,521,305,24.0,23.0,0.0,17.0,22.5,14
345000,571,224,46.6,0.1,0.0,17.1,0.1,36
345000,735,211,45.7,0.0,0.0,18.2,0.0,26
345000,579,203,46.1,1.0,0.0,16.6,1.0,34
345000,530,136,45.7,0.0,0.0,18.2,0.0,24
345000,802,128,47.2,0.0,0.0,16.7,0.0,30
345000,897,104,45.6,0.0,0.0,18.2,0.0,10
345000,800,94,46.1,0.0,0.0,16.8,0.0,16
345000,869,64,40.5,1.9,0.0,19.8,1.9,18
345000,868,54,0.0,0.0,0.0,5.5,0.0,10
345000,894,49,43.6,0.5,0.0,19.9,0.5,17
345000,737,30,25.1,23.2,0.0,15.7,21.0,2
345000,898,12,43.1,0.0,0.0,20.9,0.0,4
345000,850,11,41.6,1.5,0.0,20.9,0.0,4
346000,551,581,44.2,0.0,0.0,19.6,0.0,84
346000,380,523,0.1,0.0,0.0,5.5,0.0,78
346000,480,503,46.0,0.1,0.0,17.7,0.1,65
346000,766,479,45.8,0.0,0.0,18.0,0.0,49
346000,521,325,24.3,23.0,0.0,16.7,22.8,10
346000,579,254,46.5,0.9,0.0,16.4,0.9,33
346000,735,215,46.2,0.0,0.0,17.8,0.0,22
346000,571,212,46.3,0.1,0.0,17.4,0.1,32
346000,897,133,46.0,0.0,0.0,17.8,0.0,15
346000,530,119,46.3,0.0,0.0,17.7,0.0,15
346000,800,93,46.1,0.0,0.0,17.1,0.0,17
346000,802,83,47.2,0.0,0.0,16.8,0.0,17
346000,894,62,43.3,0.5,0.0,20.1,0.4,11
346000,869,48,41.5,1.1,0.0,18.9,1.1,18
346000,868,33,0.0,0.0,0.0,4.9,0.0,9
346000,737,28,25.0,23.0,0.0,16.0,21.0,1
347000,380,718,0.1,0.0,0.0,5.8,0.0,92
347000,551,613,44.5,0.0,0.0,19.3,0.0,77
347000,766,485,46.3,0.0,0.0,17.6,0.0,52
347000,480,474,46.2,0.1,0.0,17.6,0.1,67
347000,521,319,24.2,22.9,0.0,16.9,22.7,12
347000,579,245,46.8,1.0,0.0,16.2,1.0,32
347000,735,191,46.2,0.0,0.0,17.7,0.0,24
347000,571,181,46.0,0.0,0.0,17.7,0.0,34
347000,530,146,46.1,0.1,0.0,17.8,0.1,17
347000,800,124,46.2,0.0,0.0,17.1,0.0,17
347000,897,107,45.9,0.0,0.0,18.0,0.0,13
347000,802,84,47.1,0.0,0.1,16.5,0.0,18
347000,894,59,41.9,1.2,0.0,20.2,1.2,19
347000,868,59,0.0,0.0,0.0,7.2,0.0,14
347000,869,47,39.4,0.9,0.0,21.4,0.7,17
347000,737,38,25.0,23.0,0.0,16.0,21.0,1
348000,551,644,44.6,0.0,0.1,19.0,0.0,81
348000,480,510,46.2,0.0,0.0,17.7,0.0,69
348000,380,475,0.0,0.0,0.1,5.5,0.0,69
348000,766,397,46.3,0.0,0.0,17.7,0.0,41
348000,521,320,24.1,22.8,0.0,17.1,22.5,15
348000,579,244,46.6,1.0,0.0,16.1,1.0,31
348000,571,233,44.7,0.3,0.0,18.9,0.2,46
348000,735,216,46.3,0.0,0.0,17.6,0.0,24
348000,530,155,46.4,0.0,0.1,17.5,0.0,22
348000,800,116,45.5,0.1,0.0,17.4,0.0,22
348000,897,73,45.7,0.0,0.0,18.2,0.0,9
348000,802,65,46.8,0.0,0.1,17.1,0.0,14
348000,894,57,41.6,1.3,0.0,21.0,1.0,17
348000,869,44,40.7,0.4,0.0,20.6,0.4,10
348000,737,43,24.7,21.8,0.2,16.6,19.7,6
348000,868,6,0.0,0.0,0.0,4.7,0.0,3
349000,551,666,44.9,0.0,0.1,18.8,0.0,94
349000,380,549,0.1,0.0,0.1,5.2,0.0,80
349000,480,513,46.2,0.1,0.0,17.6,0.1,78
349000,766,429,45.6,0.4,0.0,17.9,0.3,55
349000,521,299,24.7,22.7,0.0,16.6,22.5,12
349000,579,224,46.7,1.0,0.1,16.2,1.0,29
349000,571,188,45.1,0.0,0.0,18.2,0.0,41
349000,735,174,46.3,0.0,0.0,17.7,0.0,21
349000,869,167,43.0,0.6,0.0,19.2,0.6,32
349000,800,140,46.4,0.0,0.0,16.8,0.0,20
349000,530,137,46.2,0.0,0.0,17.8,0.0,18
349000,894,81,43.2,0.5,0.0,20.1,0.5,15
349000,802,67,46.8,0.0,0.2,17.0,0.0,13
349000,903,55,46.5,0.2,0.0,16.9,0.2,10
349000,737,40,25.1,23.0,0.0,15.9,21.0,2
350000,551,572,44.2,0.1,0.1,19.5,0.0,80
350000,380,544,0.0,0.0,0.0,4.1,0.0,61
350000,480,522,45.9,0.0,0.0,17.7,0.0,70
350000,766,409,46.0,0.0,0.0,17.7,0.0,51
350000,521,340,24.3,23.0,0.0,16.7,22.6,14
350000,579,285,45.5,1.0,0.2,17.2,1.0,42
350000,530,174,46.0,0.0,0.0,17.9,0.0,19
350000,735,173,46.4,0.0,0.0,17.6,0.0,14
350000,571,156,44.4,0.0,0.1,19.4,0.0,31
350000,800,147,46.3,0.0,0.0,16.9,0.0,18
350000,869,126,45.8,0.2,0.0,17.7,0.1,19
350000,802,66,46.8,0.0,0.6,16.6,0.0,14
350000,894,60,43.1,1.1,0.0,19.7,1.1,18
350000,903,50,47.4,0.0,0.0,16.6,0.0,8
350000,737,40,25.0,23.0,0.0,16.0,21.0,1
351000,380,786,0.0,0.0,0.1,4.8,0.0,91
351000,551,527,43.9,0.0,0.0,19.7,0.0,78
351000,480,491,45.7,0.0,0.0,18.1,0.0,62
351000,766,474,46.0,0.0,0.0,17.9,0.0,56
351000,521,280,24.1,23.1,0.0,16.7,22.6,14
351000,579,262,46.0,1.0,0.0,16.9,1.0,22
351000,735,171,46.2,0.0,0.0,17.8,0.0,17
351000,571,164,46.8,0.0,0.0,17.2,0.0,27
351000,903,164,41.7,1.4,0.0,19.1,1.0,42
351000,530,146,46.3,0.0,0.0,17.6,0.0,19
351000,869,117,46.1,0.0,0.0,17.9,0.0,6
351000,800,115,44.8,0.2,0.0,17.3,0.2,24
351000,894,63,42.4,1.0,0.0,20.6,1.0,17
351000,802,28,46.6,0.0,0.2,17.2,0.0,6
351000,737,26,25.0,22.6,0.0,16.4,20.7,2
352000,380,605,0.0,0.0,0.0,4.4,0.0,66
352000,480,554,46.1,0.0,0.0,17.8,0.0,76
352000,766,486,46.2,0.0,0.0,17.8,0.0,50
352000,551,379,45.6,0.1,0.0,18.2,0.1,54
352000,521,369,23.8,23.1,0.0,17.1,22.8,9
352000,579,243,46.2,1.0,0.0,16.8,1.0,23
352000,735,227,46.6,0.0,0.0,17.4,0.0,24
352000,530,178,46.2,0.3,0.0,17.5,0.1,16
352000,571,151,46.7,0.3,0.0,16.9,0.3,34
352000,800,102,46.3,0.0,0.0,16.8,0.0,19
352000,903,98,46.7,0.2,0.0,17.0,0.2,13
352000,869,76,46.0,0.0,0.0,17.9,0.0,7
352000,802,62,46.8,0.0,0.0,17.2,0.0,10
352000,737,40,25.5,22.5,0.0,16.0,20.5,2
352000,894,27,44.3,0.0,0.0,19.7,0.0,5
353000,551,695,45.7,0.0,0.1,18.0,0.0,65
353000,380,586,0.0,0.0,0.1,4.3,0.0,73
353000,766,526,46.0,0.0,0.0,17.9,0.0,69
353000,480,456,45.4,0.1,0.0,18.4,0.1,74
353000,521,277,24.2,22.9,0.0,17.0,22.7,8
353000,579,221,46.2,1.0,0.0,16.7,1.0,26
353000,735,189,46.3,0.0,0.0,17.6,0.0,19
353000,530,188,46.2,0.0,0.0,17.8,0.0,21
353000,571,139,46.3,0.3,0.1,17.2,0.3,25
353000,869,136,46.1,0.1,0.0,17.8,0.1,11
353000,903,93,46.9,0.2,0.0,16.8,0.2,14
353000,800,86,45.6,0.0,0.0,17.7,0.0,15
353000,894,40,44.4,0.0,0.0,19.5,0.0,7
353000,737,37,25.0,23.0,0.0,16.0,21.0,1
353000,802,31,46.6,0.0,0.0,17.4,0.0,6
353000,910,7,46.1,0.0,0.0,17.9,0.0,2
354000,380,519,0.0,0.1,0.1,4.6,0.0,71
354000,766,476,46.4,0.0,0.0,17.6,0.0,47
354000,521,344,24.1,22.8,0.0,17.0,22.4,22
354000,551,280,46.0,0.0,0.0,17.8,0.0,30
354000,579,262,45.8,1.1,0.0,16.8,1.1,32
354000,735,249,46.3,0.0,0.0,17.7,0.0,29
354000,869,221,46.2,0.4,0.0,17.3,0.4,39
354000,480,213,46.3,0.0,0.0,17.7,0.0,25
354000,530,172,46.3,0.0,0.0,17.7,0.0,22
354000,571,135,46.8,0.2,0.0,17.0,0.2,21
354000,800,106,45.5,0.1,0.0,17.6,0.1,22
354000,802,50,46.2,0.0,0.1,17.7,0.0,9
354000,894,34,44.3,0.0,0.0,19.5,0.0,6
354000,737,24,25.0,23.0,0.0,16.0,21.0,1
354000,910,14,46.9,0.0,0.0,17.1,0.0,4
355000,766,491,45.9,0.0,0.0,17.8,0.0,69
355000,380,472,0.1,0.1,0.0,5.9,0.0,73
355000,480,367,45.9,0.1,0.0,17.9,0.1,51
355000,521,259,24.3,22.9,0.0,16.8,22.5,12
355000,551,241,46.0,0.0,0.0,18.0,0.0,27
355000,579,234,45.7,1.0,0.1,17.0,1.0,23
355000,735,217,46.1,0.0,0.0,17.9,0.0,23
355000,530,184,46.2,0.1,0.0,17.7,0.1,18
355000,571,154,45.9,0.3,0.0,17.5,0.3,28
355000,800,108,45.6,0.2,0.0,17.5,0.1,23
355000,802,107,46.5,0.0,0.1,17.4,0.0,16
355000,869,74,46.3,0.1,0.0,17.5,0.1,10
355000,894,43,42.6,1.3,0.0,19.6,1.3,11
355000,910,9,46.2,0.0,0.0,17.8,0.0,2
355000,737,7,25.0,23.0,0.0,16.0,21.0,1
356000,380,635,0.0,0.0,0.1,5.7,0.0,87
356000,766,431,46.3,0.0,0.0,17.6,0.0,56
356000,521,305,24.2,22.9,0.0,16.8,22.8,10
356000,735,256,46.5,0.1,0.0,17.4,0.1,30
356000,480,240,46.4,0.1,0.0,17.5,0.0,32
356000,551,223,46.1,0.0,0.0,17.7,0.0,33
356000,579,223,45.9,1.0,0.0,17.1,1.0,30
356000,530,187,46.3,0.2,0.0,17.5,0.1,22
356000,571,169,46.2,0.3,0.0,17.5,0.3,32
356000,869,85,47.1,0.0,0.0,16.9,0.0,13
356000,800,82,46.4,0.1,0.0,16.9,0.1,22
356000,802,68,47.1,0.0,0.0,16.9,0.0,13
356000,894,42,43.8,0.0,0.0,20.1,0.0,6
356000,737,23,26.7,21.5,0.0,15.8,19.4,7
357000,380,519,0.0,0.0,0.1,5.3,0.0,89
357000,766,455,46.3,0.0,0.0,17.6,0.0,52
357000,480,356,46.1,0.0,0.0,17.9,0.0,49
357000,521,297,24.1,23.0,0.0,16.9,22.5,14
357000,735,290,46.1,0.0,0.0,17.8,0.0,32
357000,579,230,45.7,1.0,0.0,17.2,1.0,29
357000,571,213,46.5,0.2,0.0,17.3,0.2,33
357000,530,158,46.2,0.1,0.0,17.7,0.1,16
357000,551,153,46.2,0.0,0.1,17.6,0.0,21
357000,869,107,41.1,2.0,0.0,20.5,1.8,28
357000,800,76,45.9,0.0,0.0,17.3,0.0,17
357000,802,64,46.9,0.0,0.0,17.1,0.0,13
357000,894,35,43.6,0.3,0.0,19.9,0.3,11
357000,737,25,23.1,21.9,0.0,19.0,20.0,2
358000,766,489,46.0,0.0,0.0,17.9,0.0,47
358000,919,327,42.4,0.0,0.1,19.1,0.0,62
358000,521,286,24.6,22.6,0.0,16.7,22.6,7
358000,380,286,0.1,0.0,0.1,5.5,0.0,53
358000,735,280,46.0,0.0,0.0,17.9,0.0,34
358000,579,254,46.0,1.0,0.0,17.0,1.0,29
358000,551,249,44.8,0.0,0.1,19.0,0.0,36
358000,571,205,44.9,0.4,0.2,18.4,0.4,32
358000,480,189,46.3,0.0,0.0,17.6,0.0,20
358000,530,161,46.0,0.3,0.0,17.6,0.3,24
358000,869,92,46.6,0.2,0.0,17.0,0.2,15
358000,800,74,46.5,0.0,0.0,17.1,0.0,14
358000,802,71,46.5,0.0,0.0,17.5,0.0,11
358000,923,57,46.4,0.1,0.0,17.4,0.1,13
358000,894,50,43.5,0.3,0.0,19.6,0.2,19
358000,737,25,23.4,22.2,0.0,18.4,20.0,2
359000,766,574,46.2,0.0,0.0,17.8,0.0,50
359000,380,469,0.0,0.0,0.0,4.5,0.0,58
359000,480,382,46.2,0.0,0.0,17.8,0.0,45
359000,521,285,24.0,23.0,0.0,17.1,22.8,7
359000,735,273,46.0,0.0,0.0,18.0,0.0,38
359000,579,251,44.7,1.0,0.0,17.4,1.0,23
359000,919,250,45.7,0.0,0.1,18.1,0.0,24
359000,571,200,46.4,0.3,0.1,16.9,0.3,33
359000,551,146,46.1,0.0,0.0,17.8,0.0,20
359000,530,138,46.1,0.0,0.0,17.8,0.0,12
359000,924,117,46.2,0.3,0.0,17.5,0.0,13
359000,802,109,46.5,0.0,0.3,17.3,0.0,23
359000,869,106,46.2,0.2,0.0,17.5,0.2,21
359000,800,66,45.4,0.3,0.0,17.8,0.3,16
359000,925,64,47.1,0.0,0.0,16.8,0.0,10
359000,894,46,44.4,0.3,0.0,19.4,0.3,13
359000,737,29,23.0,22.0,0.0,19.0,20.0,1
359000,926,21,28.0,20.0,0.0,16.0,20.0,1
360000,380,588,0.0,0.1,0.0,5.2,0.0,81
360000,766,539,45.9,0.0,0.0,17.9,0.0,59
360000,480,411,46.2,0.0,0.0,17.8,0.0,58
360000,919,325,45.5,0.1,0.1,18.0,0.0,39
360000,521,305,24.5,22.8,0.0,16.7,22.5,11
360000,579,244,45.7,1.0,0.0,17.3,1.0,27
360000,735,228,46.2,0.0,0.1,17.7,0.0,27
360000,530,204,46.0,0.1,0.0,17.8,0.1,32
360000,571,193,45.4,0.5,0.0,17.4,0.5,32
360000,924,184,45.5,0.3,0.0,18.0,0.2,38
360000,551,153,45.8,0.0,0.0,18.1,0.0,20
360000,800,67,45.7,0.1,0.0,17.6,0.1,15
360000,802,66,46.6,0.0,0.1,17.3,0.0,10
360000,928,61,46.1,0.1,0.0,17.6,0.1,13
360000,925,54,46.9,0.0,0.0,17.1,0.0,10
360000,894,44,41.6,0.5,0.0,21.7,0.4,12
360000,737,20,23.0,22.0,0.0,19.0,20.0,1
360000,926,18,28.0,20.0,0.0,16.0,20.0,1
361000,380,568,0.1,0.0,0.0,4.2,0.0,59
361000,766,519,46.1,0.0,0.0,17.8,0.0,51
361000,919,485,46.0,0.0,0.1,17.8,0.0,46
361000,480,409,46.1,0.0,0.0,17.9,0.0,53
361000,521,300,24.1,22.8,0.0,17.0,22.4,17
361000,579,248,45.5,0.9,0.0,17.6,0.9,33
361000,735,245,46.2,0.0,0.0,17.8,0.0,27
361000,924,199,45.7,0.3,0.0,17.8,0.2,30
361000,571,196,46.3,0.4,0.0,17.2,0.4,35
361000,530,129,45.9,0.1,0.0,18.0,0.1,14
361000,802,98,46.1,0.2,0.1,17.5,0.2,27
361000,800,80,44.5,0.3,0.0,17.9,0.3,20
361000,928,64,45.0,0.0,0.0,19.0,0.0,14
361000,925,61,46.8,0.0,0.0,17.2,0.0,14
361000,894,25,42.8,1.0,0.0,20.1,1.0,9
361000,926,24,28.5,20.1,0.0,15.3,20.1,2
361000,737,20,23.0,22.0,0.0,19.0,20.0,1
362000,380,651,0.0,0.0,0.0,4.5,0.0,66
362000,766,514,46.2,0.0,0.0,17.7,0.0,48
362000,480,437,45.9,0.0,0.0,18.0,0.0,60
362000,919,361,45.9,0.0,0.0,17.7,0.0,31
362000,521,353,24.5,22.6,0.0,16.9,22.4,14
362000,735,253,46.2,0.0,0.0,17.7,0.0,24
362000,579,218,45.4,1.0,0.0,17.5,1.0,25
362000,924,213,46.1,0.2,0.0,17.7,0.2,35
362000,571,174,46.0,0.5,0.0,17.3,0.4,42
362000,530,133,46.4,0.1,0.0,17.5,0.1,22
362000,802,84,46.7,0.0,0.1,17.1,0.0,13
362000,928,75,45.7,0.0,0.0,18.2,0.0,8
362000,800,59,46.5,0.0,0.0,17.1,0.0,11
362000,925,48,47.0,0.1,0.0,16.8,0.1,9
362000,894,34,42.9,0.1,0.0,21.0,0.1,4
362000,737,18,23.1,21.6,0.0,19.3,19.7,2
363000,766,518,46.2,0.0,0.0,17.7,0.0,44
363000,919,492,46.0,0.0,0.0,17.7,0.0,42
363000,480,456,45.8,0.0,0.0,18.1,0.0,56
363000,380,397,0.1,0.0,0.2,4.6,0.0,40
363000,521,304,24.5,22.6,0.0,16.8,22.4,15
363000,579,270,45.8,1.0,0.0,17.2,1.0,41
363000,924,222,45.8,0.2,0.0,17.9,0.2,38
363000,735,215,46.5,0.0,0.0,17.5,0.0,26
363000,571,192,43.4,0.8,0.0,19.7,0.8,40
363000,530,111,46.0,0.2,0.0,17.8,0.1,18
363000,928,75,44.3,0.4,0.0,17.6,0.2,17
363000,800,75,45.8,0.1,0.0,17.5,0.1,17
363000,931,75,40.5,0.0,0.0,23.4,0.0,13
363000,802,65,47.0,0.0,0.0,16.9,0.0,15
363000,925,52,47.1,0.0,0.0,16.8,0.0,11
363000,894,25,41.2,0.0,0.0,22.8,0.0,6
363000,737,24,23.0,22.0,0.0,19.0,20.0,1
364000,766,526,46.3,0.0,0.0,17.6,0.0,51
364000,919,501,45.9,0.0,0.0,17.9,0.0,60
364000,380,489,0.0,0.0,0.0,4.7,0.0,56
364000,480,468,45.0,0.0,0.0,18.9,0.0,67
364000,521,347,24.2,22.9,0.0,16.9,22.9,4
364000,579,249,43.9,1.1,0.0,18.7,1.1,36
364000,735,225,46.4,0.0,0.0,17.6,0.0,24
364000,924,219,45.2,0.3,0.0,18.1,0.3,45
364000,530,128,46.0,0.2,0.0,17.9,0.1,17
364000,571,121,46.4,0.5,0.0,17.0,0.5,25
364000,802,118,46.4,0.1,0.0,17.5,0.1,24
364000,800,76,45.2,0.1,0.0,17.6,0.0,13
364000,925,75,47.0,0.1,0.1,16.8,0.1,19
364000,931,69,41.3,0.0,0.0,22.6,0.0,12
364000,928,54,46.4,0.0,0.0,17.6,0.0,6
364000,894,32,42.9,0.0,0.0,21.1,0.0,5
364000,737,25,23.3,20.8,0.0,19.3,19.0,3
365000,919,550,45.5,0.0,0.0,18.0,0.0,66
365000,380,480,0.1,0.1,0.0,4.5,0.0,56
365000,766,453,46.2,0.0,0.0,17.7,0.0,40
365000,480,391,45.8,0.0,0.0,18.1,0.0,51
365000,521,306,24.0,23.0,0.1,16.9,22.7,11
365000,735,261,46.0,0.0,0.0,17.9,0.0,24
365000,579,247,45.4,1.0,0.0,17.4,1.0,30
365000,571,143,46.6,0.5,0.0,16.8,0.5,25
365000,924,114,44.6,0.9,0.0,18.4,0.9,26
365000,928,78,46.3,0.0,0.0,17.6,0.0,16
365000,925,73,46.2,0.0,0.0,17.8,0.0,12
365000,934,67,46.5,0.0,0.0,17.5,0.0,7
365000,802,63,46.2,0.0,0.0,17.8,0.0,11
365000,800,58,46.0,0.2,0.0,17.0,0.2,10
365000,931,55,39.8,0.0,0.2,24.0,0.0,10
365000,530,52,46.1,0.0,0.0,17.8,0.0,6
365000,894,32,43.3,0.1,0.0,20.4,0.1,12
365000,737,19,23.0,22.0,0.0,19.0,20.0,1
366000,766,630,46.0,0.0,0.0,17.8,0.0,57
366000,919,469,46.1,0.0,0.0,17.7,0.0,41
366000,480,427,46.1,0.0,0.0,17.9,0.0,54
366000,380,364,0.0,0.0,0.0,4.3,0.0,38
366000,521,322,24.1,23.0,0.0,16.9,22.8,12
366000,735,260,46.5,0.0,0.0,17.5,0.0,31
366000,579,249,45.1,1.1,0.1,17.5,1.1,24
366000,571,155,46.0,0.5,0.0,17.5,0.5,18
366000,802,95,47.2,0.0,0.0,16.8,0.0,16
366000,924,84,45.7,0.2,0.0,17.8,0.1,13
366000,934,81,46.4,0.1,0.0,17.5,0.1,10
366000,530,76,46.1,0.2,0.0,17.5,0.1,16
366000,931,68,41.1,0.0,0.1,22.3,0.0,13
366000,925,59,47.1,0.0,0.0,16.8,0.0,13
366000,928,57,46.3,0.0,0.0,17.7,0.0,2
366000,800,26,45.4,0.0,0.0,18.2,0.0,9
366000,894,22,43.1,0.0,0.0,20.9,0.0,7
366000,737,21,22.9,20.0,0.0,19.7,18.3,3
367000,766,610,46.1,0.0,0.0,17.8,0.0,54
367000,480,440,45.7,0.0,0.0,18.0,0.0,54
367000,380,349,0.0,0.0,0.0,4.8,0.0,45
367000,919,301,44.5,0.0,0.0,19.4,0.0,42
367000,521,290,23.9,23.1,0.1,16.9,22.7,12
367000,735,284,46.0,0.0,0.0,18.0,0.0,35
367000,579,219,46.1,1.0,0.0,16.9,1.0,22
367000,571,198,46.2,0.8,0.0,16.9,0.8,39
367000,924,147,44.1,1.3,0.0,18.5,1.3,33
367000,928,99,44.3,0.3,0.0,18.7,0.3,22
367000,530,97,46.1,0.2,0.0,17.6,0.2,14
367000,925,70,46.9,0.0,0.0,17.1,0.0,15
367000,934,58,46.3,0.0,0.0,17.6,0.0,7
367000,802,44,45.8,0.2,0.2,17.8,0.2,11
367000,737,13,23.0,22.0,0.0,19.0,20.0,1
367000,800,12,46.0,0.0,0.0,18.0,0.0,1
367000,894,6,41.2,0.0,0.0,22.8,0.0,2
367000,931,5,13.0,0.0,0.0,18.0,0.0,1
368000,480,587,43.7,0.1,0.0,20.0,0.1,90
368000,766,501,46.4,0.0,0.0,17.6,0.0,52
368000,380,412,0.0,0.0,0.1,4.9,0.0,59
368000,521,363,24.4,22.9,0.0,16.7,22.9,13
368000,735,300,45.6,0.0,0.0,18.2,0.0,31
368000,919,242,46.1,0.0,0.0,17.6,0.0,33
368000,924,176,43.9,1.3,0.0,18.8,1.2,39
368000,571,172,45.4,0.9,0.0,17.4,0.8,31
368000,579,162,45.9,1.0,0.0,17.1,1.0,19
368000,802,104,46.7,0.0,0.0,17.3,0.0,16
368000,530,91,46.3,0.1,0.0,17.6,0.1,14
368000,934,52,46.2,0.0,0.0,17.8,0.0,5
368000,925,33,47.0,0.0,0.0,16.8,0.0,8
368000,737,25,22.6,22.6,0.0,18.7,19.7,2
368000,800,7,44.6,0.0,0.0,18.6,0.0,2
369000,919,767,47.0,0.0,0.0,16.8,0.0,89
369000,380,623,0.0,0.0,0.0,5.2,0.0,87
369000,521,383,25.7,21.8,0.0,16.4,21.7,20
369000,766,248,46.2,0.0,0.0,17.7,0.0,39
369000,480,247,45.1,0.1,0.0,18.3,0.1,53
369000,735,191,45.6,0.0,0.0,18.2,0.0,25
369000,571,173,45.9,0.7,0.0,17.2,0.7,42
369000,579,143,45.9,0.9,0.0,17.2,0.9,18
369000,924,84,46.1,0.2,0.0,17.8,0.2,11
369000,530,64,46.0,0.5,0.0,17.4,0.4,10
369000,925,54,47.3,0.0,0.0,16.4,0.0,16
369000,802,46,46.8,0.0,0.1,17.1,0.0,7
369000,938,39,46.1,0.1,0.0,17.7,0.1,5
369000,737,15,23.0,22.0,0.0,19.0,20.0,1
369000,800,11,46.8,0.0,0.0,16.6,0.0,4
370000,919,631,46.8,0.0,0.1,17.0,0.0,79
370000,380,544,0.0,0.0,0.0,5.1,0.0,86
370000,766,513,46.2,0.0,0.0,17.5,0.0,63
370000,521,325,24.1,22.9,0.0,17.0,22.8,9
370000,735,219,46.4,0.0,0.0,17.5,0.0,22
370000,571,188,45.9,0.7,0.0,17.0,0.7,34
370000,579,179,44.8,1.0,0.0,17.7,1.0,33
370000,924,162,43.7,1.0,0.0,19.2,0.9,25
370000,480,133,46.4,0.1,0.0,17.4,0.0,22
370000,530,58,45.8,0.8,0.0,17.4,0.3,10
370000,938,54,45.7,0.3,0.0,18.0,0.3,11
370000,802,38,47.0,0.0,0.0,17.0,0.0,8
370000,925,33,46.9,0.0,0.4,16.5,0.0,7
370000,737,25,23.0,22.0,0.0,19.0,20.0,1
370000,800,10,39.8,1.1,0.0,21.0,1.0,6
371000,919,597,46.4,0.0,0.1,17.3,0.0,77
371000,380,579,0.0,0.0,0.0,5.3,0.0,89
371000,766,552,46.2,0.0,0.0,17.7,0.0,63
371000,521,350,24.3,22.8,0.0,16.8,22.8,6
371000,579,204,33.5,0.9,0.1,18.5,0.9,55
371000,480,202,46.5,0.0,0.0,17.5,0.0,20
371000,924,197,43.0,1.6,0.0,19.1,1.5,46
371000,735,145,46.4,0.0,0.0,17.5,0.0,22
371000,571,141,45.6,0.2,0.1,18.1,0.2,23
371000,530,83,45.5,0.8,0.0,17.4,0.7,12
371000,802,43,46.9,0.0,0.2,16.9,0.0,12
371000,938,30,45.1,0.1,0.0,17.8,0.1,9
371000,925,21,46.1,0.0,0.0,17.2,0.0,4
371000,737,21,24.0,21.2,0.0,18.8,19.3,2
372000,380,683,0.1,0.0,0.1,4.9,0.0,88
372000,919,636,46.2,0.0,0.0,17.6,0.0,76
372000,766,522,46.3,0.0,0.0,17.6,0.0,48
372000,521,399,24.3,22.7,0.0,17.0,22.6,14
372000,480,225,45.8,0.0,0.0,18.0,0.0,28
372000,924,200,40.4,3.7,0.0,19.5,3.3,48
372000,579,161,45.6,1.0,0.0,17.3,1.0,17
372000,735,143,46.7,0.0,0.0,17.3,0.0,24
372000,571,111,46.9,0.3,0.0,16.6,0.3,25
372000,925,86,46.2,0.0,0.0,17.7,0.0,16
372000,947,73,40.1,0.0,0.0,23.8,0.0,12
372000,530,58,46.3,0.0,0.0,17.6,0.0,7
372000,802,53,46.7,0.2,0.0,17.1,0.2,12
372000,938,14,46.9,0.0,0.0,17.1,0.0,3
372000,737,10,23.0,22.0,0.0,19.0,20.0,1
373000,919,657,46.4,0.0,0.1,17.3,0.0,79
373000,380,441,0.0,0.0,0.0,6.3,0.0,71
373000,521,365,24.0,23.0,0.0,16.9,22.6,13
373000,766,343,46.0,0.0,0.0,17.9,0.0,35
373000,950,202,46.1,0.1,0.0,17.8,0.1,35
373000,924,201,42.4,2.2,0.0,19.3,2.1,47
373000,735,152,46.3,0.0,0.0,17.7,0.0,16
373000,480,144,45.9,0.0,0.0,18.0,0.0,24
373000,579,144,45.1,1.2,0.0,17.6,1.2,20
373000,530,119,46.2,0.2,0.0,17.6,0.2,20
373000,571,101,46.5,0.5,0.0,17.0,0.5,24
373000,925,99,46.2,0.0,0.0,17.5,0.0,13
373000,953,75,46.5,0.0,0.6,16.9,0.0,16
373000,947,75,41.2,0.0,0.0,22.8,0.0,14
373000,955,66,44.6,0.3,0.0,18.8,0.1,10
373000,802,17,47.4,0.0,0.0,16.6,0.0,5
373000,737,13,26.1,19.8,0.0,18.1,18.2,3
374000,766,715,46.3,0.0,0.0,17.6,0.0,67
374000,380,436,0.0,0.0,0.1,6.4,0.0,66
374000,521,400,24.1,22.9,0.0,17.0,22.6,17
374000,919,357,46.4,0.0,0.0,17.5,0.0,46
374000,579,270,45.1,1.2,0.0,17.5,1.2,35
374000,924,211,41.5,2.7,0.0,19.7,2.7,39
374000,950,195,46.3,0.0,0.0,17.7,0.0,28
374000,735,136,46.6,0.0,0.0,17.4,0.0,19
374000,480,129,45.6,0.0,0.0,18.3,0.0,18
374000,958,113,45.4,0.2,0.0,17.8,0.2,16
374000,530,101,46.3,0.2,0.0,17.5,0.2,17
374000,571,79,46.3,0.1,0.0,17.5,0.1,12
374000,947,66,40.6,0.0,0.0,23.2,0.0,7
374000,925,43,46.2,0.0,0.0,17.8,0.0,7
374000,955,36,46.2,0.0,0.0,17.8,0.0,4
374000,737,30,22.9,22.2,0.0,19.0,18.7,3
374000,953,8,46.8,0.0,0.0,17.2,0.0,4
375000,380,637,0.0,0.0,0.0,5.3,0.0,89
375000,521,381,24.3,22.9,0.0,16.8,22.4,18
375000,919,351,46.1,0.0,0.0,17.8,0.0,38
375000,766,349,46.2,0.0,0.0,17.7,0.0,44
375000,950,240,46.4,0.0,0.0,17.6,0.0,25
375000,579,230,46.1,1.0,0.0,16.8,1.0,30
375000,958,224,45.4,0.1,0.0,18.2,0.1,28
375000,480,194,46.0,0.0,0.0,17.8,0.0,31
375000,735,178,46.1,0.0,0.0,17.8,0.0,19
375000,947,108,42.1,0.0,0.0,21.8,0.0,14
375000,924,101,46.2,0.3,0.0,17.5,0.3,19
375000,530,94,46.1,0.3,0.0,17.5,0.3,17
375000,571,89,46.2,0.2,0.1,17.5,0.2,19
375000,737,54,23.4,22.1,0.0,17.3,19.4,5
375000,925,48,46.3,0.0,0.0,17.7,0.0,3
375000,960,46,46.4,0.1,0.0,17.2,0.1,7
375000,955,17,47.1,0.0,0.0,16.9,0.0,4
376000,766,661,46.1,0.0,0.0,17.8,0.0,57
376000,958,447,45.4,0.1,0.0,18.4,0.0,54
376000,380,441,0.0,0.0,0.0,4.9,0.0,57
376000,521,348,23.9,22.9,0.1,17.0,22.2,21
376000,950,258,46.0,0.0,0.0,18.0,0.0,35
376000,579,236,46.1,1.0,0.0,16.9,1.0,22
376000,919,236,45.9,0.0,0.0,17.9,0.0,31
376000,924,216,45.6,0.4,0.0,17.9,0.4,34
376000,735,182,46.3,0.0,0.0,17.7,0.0,23
376000,530,116,46.3,0.2,0.1,17.4,0.2,22
376000,571,116,46.0,0.1,0.0,17.6,0.1,26
376000,947,66,41.9,0.0,0.2,21.6,0.0,11
376000,960,34,46.6,0.3,0.0,17.0,0.3,9
376000,925,33,46.4,0.0,0.0,17.6,0.0,4
376000,964,24,45.7,0.4,0.0,17.9,0.4,6
376000,737,22,26.6,20.9,0.0,16.5,19.1,3
376000,955,7,47.1,0.0,0.0,16.9,0.0,2
377000,766,697,45.9,0.0,0.0,17.9,0.0,66
377000,380,512,0.0,0.0,0.0,5.2,0.0,61
377000,521,395,24.2,22.9,0.0,16.9,22.8,10
377000,924,261,45.2,0.4,0.0,18.0,0.4,48
377000,579,237,45.2,0.9,0.0,17.8,0.9,31
377000,919,229,46.2,0.0,0.1,17.6,0.0,28
377000,958,209,45.9,0.0,0.0,17.6,0.0,24
377000,950,203,46.2,0.0,0.0,17.7,0.0,25
377000,735,179,46.2,0.0,0.0,17.7,0.0,19
377000,530,128,45.5,0.2,0.0,17.9,0.2,20
377000,947,86,41.6,0.0,0.0,22.0,0.0,18
377000,571,54,45.4,0.4,0.0,17.8,0.4,9
377000,925,25,47.0,0.0,0.0,16.7,0.0,6
377000,960,14,46.6,0.0,0.0,17.1,0.0,4
377000,737,13,25.0,23.0,0.0,16.0,21.0,1
378000,766,629,46.3,0.0,0.0,17.6,0.0,61
378000,380,618,0.1,0.0,0.1,5.1,0.0,87
378000,521,371,24.1,23.0,0.0,16.9,22.7,16
378000,947,236,28.3,0.0,0.5,18.9,0.0,54
378000,924,232,45.4,0.8,0.0,17.8,0.7,36
378000,579,226,44.5,0.9,0.0,18.4,0.9,35
378000,950,204,46.0,0.0,0.0,17.9,0.0,25
378000,968,201,35.0,0.1,0.6,23.3,0.1,48
378000,919,198,45.9,0.0,0.1,17.8,0.0,24
378000,735,191,45.9,0.0,0.0,18.1,0.0,22
378000,530,176,45.2,0.4,0.0,17.9,0.4,29
378000,958,171,45.2,0.2,0.0,18.1,0.2,25
378000,571,119,44.6,1.6,0.1,17.4,1.3,30
378000,960,22,46.0,0.0,0.0,17.8,0.0,2
378000,737,16,25.0,23.0,0.0,16.0,21.0,1
378000,925,15,46.1,0.0,0.0,17.9,0.0,2
378000,961,5,47.4,0.0,0.0,16.6,0.0,2
379000,380,409,0.0,0.0,0.1,5.2,0.0,65
379000,766,389,46.2,0.0,0.0,17.8,0.0,35
379000,521,386,24.1,23.0,0.0,16.9,22.7,11
379000,958,335,45.7,0.2,0.0,18.0,0.1,46
379000,919,267,45.1,0.0,0.0,18.8,0.0,29
379000,924,255,44.6,1.6,0.0,17.6,1.5,46
379000,947,222,31.0,0.2,0.3,19.0,0.1,70
379000,968,203,43.1,0.0,0.1,20.3,0.0,40
379000,735,186,46.1,0.0,0.0,17.8,0.0,25
379000,950,181,46.3,0.0,0.0,17.7,0.0,26
379000,579,158,46.0,1.1,0.0,17.0,1.1,19
379000,530,152,42.7,0.7,0.0,20.1,0.7,41
379000,571,103,46.7,0.0,0.0,17.2,0.0,17
379000,960,27,46.9,0.0,0.0,16.7,0.0,7
379000,737,26,25.0,23.2,0.0,15.7,21.0,2
379000,925,10,46.2,0.0,0.0,17.8,0.0,2
380000,766,760,46.2,0.0,0.0,17.7,0.0,55
380000,958,347,45.5,0.2,0.0,18.0,0.1,49
380000,521,343,24.4,22.8,0.0,16.8,22.7,11
380000,380,341,0.1,0.0,0.0,4.2,0.0,48
380000,919,294,46.3,0.0,0.0,17.6,0.0,32
380000,924,227,45.7,0.4,0.0,17.8,0.4,29
380000,950,211,46.0,0.0,0.0,17.9,0.0,24
380000,735,200,46.1,0.0,0.0,17.9,0.0,21
380000,579,194,46.1,1.0,0.0,16.9,1.0,20
380000,968,192,43.2,0.0,0.0,20.2,0.0,39
380000,530,175,40.2,2.1,0.0,21.6,1.6,41
380000,571,106,45.6,0.2,0.0,17.7,0.1,19
380000,947,97,43.6,0.0,0.0,19.9,0.0,28
380000,737,13,25.0,23.0,0.0,16.0,21.0,1
380000,973,12,46.6,0.0,0.0,17.4,0.0,3
381000,521,387,24.7,22.4,0.0,16.8,22.1,21
381000,958,324,45.3,0.3,0.0,17.4,0.3,52
381000,766,301,46.6,0.0,0.0,17.3,0.0,35
381000,924,289,45.7,0.3,0.0,17.8,0.3,46
381000,968,274,40.5,0.1,0.4,21.3,0.1,71
381000,919,259,46.3,0.0,0.1,17.5,0.0,28
381000,950,242,46.2,0.0,0.0,17.8,0.0,22
381000,579,228,45.6,1.0,0.2,17.2,1.0,33
381000,735,192,45.9,0.0,0.0,18.1,0.0,25
381000,380,184,0.0,0.0,0.0,3.3,0.0,24
381000,530,127,45.9,0.6,0.0,17.4,0.6,32
381000,947,95,42.0,0.0,0.0,21.3,0.0,17
381000,976,71,46.9,0.0,0.0,16.6,0.0,17
381000,571,49,46.3,0.1,0.1,17.4,0.1,10
381000,973,20,47.0,0.0,0.0,17.0,0.0,8
381000,737,13,25.0,23.0,0.0,16.0,21.0,1
382000,766,698,46.2,0.0,0.0,17.7,0.0,63
382000,968,310,43.9,0.0,0.1,19.5,0.0,48
382000,521,307,24.4,22.8,0.0,16.8,22.7,7
382000,958,300,46.2,0.2,0.0,17.1,0.2,40
382000,919,291,46.4,0.1,0.1,17.4,0.0,39
382000,380,264,0.0,0.0,0.0,4.1,0.0,38
382000,950,233,46.4,0.0,0.0,17.6,0.0,25
382000,924,225,45.6,0.4,0.0,17.8,0.4,40
382000,579,195,45.4,1.0,0.0,17.5,1.0,28
382000,735,134,46.2,0.1,0.0,17.7,0.1,24
382000,947,101,42.8,0.0,0.0,20.6,0.0,26
382000,530,100,46.3,0.2,0.0,17.4,0.2,12
382000,571,73,47.3,0.0,0.0,16.4,0.0,17
382000,976,34,47.6,0.0,0.1,16.3,0.0,8
382000,973,23,46.8,0.0,0.0,17.2,0.0,7
382000,737,18,25.0,23.0,0.0,16.0,21.0,1
383000,958,436,46.2,0.1,0.0,17.3,0.1,48
383000,766,415,46.2,0.0,0.0,17.8,0.0,34
383000,919,333,46.6,0.0,0.0,17.3,0.0,36
383000,968,328,42.4,0.0,0.3,20.7,0.0,44
383000,521,314,23.7,23.2,0.0,17.0,22.7,11
383000,380,275,0.0,0.0,0.1,4.6,0.0,36
383000,950,220,46.1,0.0,0.0,17.9,0.0,17
383000,924,213,45.9,0.3,0.0,17.8,0.3,30
383000,579,202,46.0,0.9,0.0,17.1,0.9,22
383000,735,103,46.3,0.0,0.0,17.7,0.0,14
383000,947,91,44.9,0.0,0.0,19.0,0.0,21
383000,571,65,47.2,0.1,0.2,16.4,0.1,13
383000,530,51,46.5,0.0,0.0,17.5,0.0,8
383000,976,29,47.1,0.0,0.0,16.9,0.0,4
383000,737,24,25.0,23.0,0.0,16.0,22.0,1
383000,973,5,46.4,0.0,0.0,17.6,0.0,2
384000,766,762,45.9,0.0,0.0,17.9,0.0,73
384000,958,380,46.1,0.2,0.0,17.5,0.2,54
384000,919,367,46.1,0.0,0.0,17.5,0.0,47
384000,521,324,23.8,23.2,0.0,17.1,22.7,10
384000,924,297,46.0,0.3,0.0,17.5,0.3,51
384000,968,296,45.3,0.0,0.0,18.2,0.0,43
384000,980,216,0.0,0.0,0.1,7.1,0.0,46
384000,579,199,45.6,1.0,0.0,17.2,1.0,20
384000,950,183,46.7,0.0,0.0,17.3,0.0,16
384000,380,163,0.0,0.0,0.0,4.5,0.0,20
384000,735,114,46.4,0.0,0.0,17.6,0.0,17
384000,947,90,45.6,0.0,0.0,18.2,0.0,13
384000,530,73,46.4,0.0,0.0,17.6,0.0,9
384000,571,42,46.9,0.2,0.0,16.9,0.2,9
384000,976,23,47.0,0.0,0.0,17.0,0.0,5
384000,737,18,25.0,23.0,0.0,16.0,22.0,1
385000,766,775,46.2,0.0,0.0,17.7,0.0,85
385000,980,431,0.3,0.0,0.2,6.0,0.0,79
385000,968,341,45.4,0.0,0.0,18.4,0.0,41
385000,919,330,46.0,0.0,0.0,17.9,0.0,35
385000,380,315,0.0,0.0,0.1,4.5,0.0,31
385000,521,286,24.0,23.0,0.0,17.0,22.7,8
385000,924,259,45.4,0.4,0.0,18.0,0.4,38
385000,958,250,46.2,0.2,0.0,17.5,0.2,44
385000,950,201,46.3,0.0,0.0,17.7,0.0,23
385000,579,153,45.8,1.0,0.1,17.1,1.0,11
385000,947,141,44.8,0.0,0.2,18.7,0.0,36
385000,530,134,45.1,1.2,0.0,17.6,0.6,22
385000,735,104,46.1,0.0,0.0,17.9,0.0,24
385000,737,66,25.0,22.8,0.5,15.7,21.7,3
385000,571,32,46.3,0.0,0.0,17.7,0.0,5
385000,983,24,25.8,22.5,0.0,15.8,19.1,5
385000,976,21,46.7,0.0,0.0,17.3,0.0,3
386000,766,726,46.1,0.0,0.0,17.8,0.0,72
386000,968,387,45.7,0.0,0.0,17.9,0.0,54
386000,980,352,0.0,0.0,0.1,7.1,0.0,58
386000,919,288,46.1,0.0,0.0,17.8,0.0,35
386000,924,283,45.6,0.2,0.0,18.1,0.2,35
386000,958,238,45.8,0.2,0.0,17.8,0.2,33
386000,380,237,0.0,0.0,0.1,4.7,0.0,30
386000,521,227,24.1,23.0,0.0,16.9,22.7,6
386000,950,223,46.2,0.0,0.0,17.7,0.0,25
386000,735,150,46.4,0.0,0.0,17.6,0.0,19
386000,947,145,44.4,0.0,0.0,19.5,0.0,20
386000,530,143,46.0,0.3,0.0,17.7,0.3,18
386000,579,139,45.5,1.1,0.0,17.2,1.1,11
386000,737,103,24.3,23.1,0.0,16.4,21.4,5
386000,976,39,46.2,0.0,0.0,17.4,0.0,7
386000,571,33,46.4,0.0,0.0,17.6,0.0,7
386000,983,7,26.0,22.0,0.0,16.0,21.0,1
387000,766,744,46.1,0.0,0.0,17.8,0.0,68
387000,958,350,46.4,0.1,0.0,17.3,0.1,44
387000,968,347,45.2,0.0,0.1,18.3,0.0,50
387000,924,320,43.7,1.4,0.0,18.5,1.1,53
387000,521,251,24.2,22.9,0.0,16.8,22.6,16
387000,950,242,45.9,0.0,0.0,18.1,0.0,25
387000,919,211,46.1,0.0,0.0,17.9,0.0,32
387000,980,186,0.0,0.0,0.1,4.5,0.0,24
387000,579,180,45.8,1.0,0.0,17.2,1.0,14
387000,735,153,46.5,0.0,0.0,17.5,0.0,21
387000,947,131,44.2,0.0,0.1,19.3,0.0,30
387000,737,124,24.7,23.4,0.0,15.6,21.7,6
387000,380,98,0.0,0.0,0.1,4.4,0.0,17
387000,530,77,46.3,0.2,0.0,17.2,0.2,20
387000,571,43,46.9,0.1,0.0,17.0,0.1,9
387000,976,27,46.5,0.0,0.0,17.5,0.0,5
388000,766,681,45.6,0.0,0.0,17.8,0.0,69
388000,980,539,0.4,0.0,0.1,5.4,0.0,95
388000,919,407,45.0,0.0,0.0,18.9,0.0,59
388000,968,393,43.9,0.0,0.1,19.7,0.0,74
388000,924,316,44.9,0.6,0.0,18.1,0.6,57
388000,521,252,24.0,23.0,0.0,17.0,22.9,3
388000,950,251,46.1,0.0,0.0,17.8,0.0,21
388000,958,249,45.8,0.1,0.0,17.8,0.1,38
388000,579,174,45.4,1.0,0.0,16.9,1.0,21
388000,735,170,46.1,0.0,0.0,17.9,0.0,17
388000,737,120,24.6,22.8,0.3,16.2,21.6,6
388000,571,62,46.6,0.0,0.0,17.3,0.0,4
388000,530,48,46.3,0.1,0.0,17.5,0.1,13
388000,976,28,46.9,0.0,0.0,17.1,0.0,8
388000,380,27,0.0,0.0,0.0,3.1,0.0,6
389000,766,691,46.1,0.0,0.0,17.8,0.0,68
389000,980,478,0.0,0.0,0.2,5.9,0.0,76
389000,968,397,42.6,0.0,0.1,20.9,0.0,67
389000,924,309,45.0,0.5,0.0,18.3,0.5,55
389000,919,277,45.2,0.0,0.1,18.7,0.0,28
389000,950,243,46.2,0.0,0.0,17.8,0.0,22
389000,521,243,24.3,23.0,0.0,16.7,22.5,10
389000,958,199,45.9,0.1,0.0,17.7,0.1,37
389000,735,159,46.1,0.0,0.0,17.9,0.0,15
389000,579,146,45.6,1.2,0.2,17.0,1.1,20
389000,737,122,25.0,22.9,0.0,16.1,21.9,3
389000,571,109,47.4,0.2,0.0,16.3,0.2,20
389000,530,78,46.1,0.4,0.0,17.5,0.4,13
389000,976,27,45.0,0.0,0.0,18.9,0.0,5
389000,380,25,0.0,0.0,0.0,4.2,0.0,4
390000,766,426,46.1,0.0,0.0,17.8,0.0,32
390000,968,400,41.8,0.0,0.1,20.7,0.0,66
390000,980,389,0.0,0.0,0.1,4.7,0.0,52
390000,950,306,46.2,0.0,0.0,17.7,0.0,30
390000,924,280,44.9,0.6,0.0,18.4,0.5,43
390000,919,266,45.3,0.0,0.0,18.6,0.0,37
390000,521,258,24.1,23.1,0.0,16.8,22.6,8
390000,958,246,45.2,0.2,0.0,18.3,0.2,31
390000,735,179,46.2,0.0,0.0,17.8,0.0,20
390000,571,131,46.9,0.3,0.0,16.7,0.2,23
390000,579,108,45.7,1.0,0.0,17.3,1.0,12
390000,737,99,25.0,23.0,0.0,16.0,22.0,2
390000,530,97,45.5,0.6,0.0,17.7,0.6,20
390000,976,18,47.3,0.0,0.0,16.7,0.0,3
390000,380,16,0.0,0.0,0.0,3.8,0.0,5
391000,766,590,46.1,0.0,0.0,17.8,0.0,52
391000,980,538,0.0,0.0,0.1,4.9,0.0,76
391000,968,482,41.0,0.0,0.1,21.0,0.0,91
391000,521,277,24.1,23.0,0.0,16.9,22.8,6
391000,950,273,46.4,0.0,0.0,17.6,0.0,28
391000,919,270,45.1,0.0,0.0,18.8,0.0,24
391000,924,231,45.2,0.4,0.0,18.2,0.4,46
391000,958,208,45.0,0.2,0.0,17.9,0.1,36
391000,735,200,46.2,0.0,0.0,17.7,0.0,20
391000,579,124,45.2,1.0,0.0,17.6,1.0,15
391000,737,122,24.6,22.8,0.0,15.9,21.2,9
391000,530,116,46.1,0.3,0.0,17.5,0.3,14
391000,571,93,46.8,0.2,0.0,16.9,0.2,16
391000,976,15,46.4,0.0,0.0,17.6,0.0,4
392000,980,659,1.0,0.0,0.3,5.4,0.0,97
392000,968,591,42.2,0.1,0.2,20.1,0.1,114
392000,766,521,46.3,0.0,0.0,17.6,0.0,54
392000,950,285,46.1,0.0,0.0,17.9,0.0,31
392000,924,276,43.1,0.8,0.0,18.8,0.7,64
392000,521,257,23.9,23.1,0.0,17.0,22.9,5
392000,958,247,46.5,0.0,0.0,17.4,0.0,31
392000,735,204,46.3,0.0,0.0,17.7,0.0,23
392000,530,175,46.3,0.1,0.0,17.4,0.1,30
392000,579,158,45.3,1.0,0.0,17.3,1.0,21
392000,737,120,25.0,23.1,0.1,15.6,21.7,5
392000,919,118,46.1,0.0,0.0,17.8,0.0,11
392000,571,109,46.4,0.4,0.0,17.1,0.3,22
393000,980,579,0.5,0.0,0.1,5.7,0.0,88
393000,766,578,46.3,0.0,0.0,17.7,0.0,55
393000,950,298,46.2,0.0,0.0,17.8,0.0,26
393000,530,278,46.1,0.4,0.0,17.5,0.2,39
393000,924,272,40.4,1.6,0.0,19.1,1.4,78
393000,521,248,24.4,22.8,0.0,16.8,22.8,5
393000,958,239,45.8,0.1,0.0,17.8,0.1,47
393000,735,228,45.6,0.0,0.0,18.3,0.0,34
393000,968,189,41.9,0.1,0.3,20.5,0.1,34
393000,579,160,45.2,1.0,0.2,17.6,1.0,21
393000,571,116,46.9,0.2,0.0,16.7,0.2,23
393000,994,115,43.5,0.0,0.1,20.1,0.0,15
393000,737,106,24.8,22.9,0.0,16.2,21.8,3
393000,919,77,46.1,0.0,0.0,17.9,0.0,6
394000,766,602,46.2,0.0,0.0,17.8,0.0,44
394000,980,544,0.4,0.0,0.0,5.1,0.0,70
394000,968,391,44.1,0.0,0.1,19.4,0.0,68
394000,924,343,40.1,1.0,0.0,19.3,0.8,79
394000,530,335,45.8,0.2,0.0,17.9,0.2,40
394000,950,298,46.0,0.0,0.0,18.0,0.0,31
394000,958,260,45.6,0.2,0.0,18.0,0.1,44
394000,735,220,46.2,0.0,0.0,17.9,0.0,33
394000,994,154,43.0,0.0,0.0,20.2,0.0,26
394000,579,146,45.2,1.0,0.0,17.7,1.0,19
394000,571,134,46.8,0.1,0.0,17.1,0.1,19
394000,521,111,24.1,22.9,0.0,17.1,22.6,5
394000,737,91,25.0,23.0,0.0,16.0,22.0,1
394000,919,73,46.4,0.0,0.0,17.6,0.0,14
395000,766,672,46.0,0.0,0.0,17.9,0.0,54
395000,530,319,45.6,0.5,0.0,17.7,0.4,51
395000,950,296,46.3,0.0,0.0,17.5,0.0,34
395000,968,210,45.5,0.1,0.0,18.4,0.1,24
395000,924,188,46.0,0.4,0.0,17.5,0.4,29
395000,579,184,45.0,1.0,0.0,17.9,1.0,18
395000,735,179,45.5,0.0,0.0,18.5,0.0,28
395000,958,173,46.3,0.1,0.0,17.4,0.1,22
395000,980,167,0.1,0.0,0.1,4.4,0.0,31
395000,994,146,44.0,0.0,0.0,19.6,0.0,25
395000,571,140,46.5,0.2,0.1,17.2,0.2,22
395000,521,121,24.3,23.2,0.0,16.5,22.9,5
395000,737,119,25.0,23.1,0.0,15.9,22.0,3
395000,919,76,46.4,0.0,0.0,17.6,0.0,9
396000,766,788,45.9,0.0,0.0,17.9,0.0,75
396000,968,413,45.8,0.0,0.1,18.1,0.0,59
396000,950,385,46.2,0.0,0.0,17.8,0.0,46
396000,530,349,45.9,0.2,0.0,17.6,0.2,49
396000,980,257,0.0,0.0,0.0,5.1,0.0,42
396000,521,197,24.2,22.7,0.0,17.1,22.7,8
396000,571,190,46.6,0.2,0.0,17.1,0.2,32
396000,735,146,45.8,0.0,0.0,18.1,0.0,21
396000,924,145,45.9,0.0,0.0,18.1,0.0,11
396000,579,143,45.6,0.9,0.0,17.5,0.9,16
396000,737,128,24.9,22.8,0.1,16.2,21.8,2
396000,994,116,44.3,0.0,0.0,19.6,0.0,16
396000,958,115,46.3,0.4,0.0,17.0,0.4,21
396000,919,42,46.3,0.0,0.0,17.7,0.0,7
397000,766,779,46.0,0.0,0.0,17.8,0.0,76
397000,968,417,45.9,0.0,0.0,17.8,0.0,52
397000,950,412,46.4,0.0,0.0,17.6,0.0,38
397000,530,356,45.9,0.3,0.0,17.6,0.3,49
397000,980,280,0.0,0.0,0.1,5.3,0.0,60
397000,521,218,24.1,23.1,0.0,16.8,22.7,9
397000,571,156,46.4,0.2,0.0,17.3,0.2,30
397000,579,144,45.5,0.9,0.0,17.5,0.9,21
397000,735,131,45.7,0.0,0.0,18.3,0.0,20
397000,737,123,24.8,22.9,0.0,16.0,21.4,7
397000,958,109,44.8,0.4,0.0,17.8,0.4,23
397000,924,97,45.7,0.0,0.0,18.3,0.0,14
397000,994,72,43.3,0.0,0.0,20.3,0.0,14
398000,766,718,46.0,0.0,0.0,17.8,0.0,56
398000,980,436,0.0,0.0,0.1,4.4,0.0,62
398000,950,375,46.5,0.0,0.0,17.4,0.0,39
398000,530,346,46.0,0.3,0.0,17.4,0.2,49
398000,924,274,45.4,0.2,0.0,18.3,0.2,40
398000,968,238,45.5,0.0,0.0,18.2,0.0,30
398000,521,208,24.4,22.8,0.0,16.9,22.8,5
398000,579,171,45.3,1.0,0.0,17.6,1.0,19
398000,737,126,25.1,22.5,0.1,16.2,21.5,5
398000,958,108,45.7,0.2,0.0,17.5,0.2,23
398000,735,106,46.0,0.0,0.0,18.0,0.0,16
398000,571,102,46.1,0.2,0.0,17.4,0.2,15
398000,994,69,43.8,0.0,0.1,20.0,0.0,8
399000,766,759,46.0,0.0,0.0,17.7,0.0,77
399000,950,417,46.5,0.0,0.0,17.5,0.0,52
399000,530,414,45.7,0.5,0.0,17.4,0.3,55
399000,980,299,0.1,0.0,0.2,5.2,0.0,53
399000,521,276,23.9,23.1,0.0,16.9,22.5,16
399000,968,257,45.7,0.0,0.0,18.1,0.0,39
399000,958,165,46.0,0.1,0.0,17.6,0.1,26
399000,924,158,45.9,0.3,0.0,17.8,0.1,23
399000,579,139,46.1,1.1,0.0,16.8,1.1,17
399000,735,117,46.1,0.0,0.0,17.9,0.0,15
399000,737,110,25.4,22.5,0.0,16.0,21.4,5
399000,1006,93,44.6,0.0,0.0,19.1,0.0,23
399000,571,85,45.5,0.3,0.1,17.6,0.3,20
399000,1009,82,2.5,0.1,0.0,8.3,0.0,28
399000,994,56,44.5,0.0,0.0,19.3,0.0,7
400000,766,757,46.0,0.0,0.0,17.8,0.0,53
400000,950,440,46.3,0.0,0.0,17.7,0.0,47
400000,980,400,0.0,0.0,0.1,6.0,0.0,78
400000,530,346,46.5,0.1,0.0,17.2,0.1,40
400000,521,239,24.1,23.1,0.0,16.8,22.5,9
400000,924,215,46.4,0.0,0.0,17.6,0.0,28
400000,958,170,45.5,0.0,0.0,17.4,0.0,27
400000,579,144,45.5,1.2,0.0,17.3,1.2,13
400000,968,133,44.8,0.0,0.0,18.2,0.0,21
400000,735,120,45.6,0.0,0.0,18.4,0.0,21
400000,737,117,24.9,23.1,0.0,16.0,21.8,5
400000,1006,72,44.1,0.0,0.0,19.8,0.0,9
400000,571,72,46.2,0.3,0.0,17.4,0.3,12
400000,1009,66,3.5,1.0,0.1,8.0,0.0,22
400000,994,63,44.0,0.1,0.0,19.6,0.1,11
401000,766,745,46.0,0.0,0.0,17.7,0.0,66
401000,950,471,46.2,0.0,0.0,17.7,0.0,64
401000,980,451,0.2,0.0,0.0,5.7,0.0,87
401000,530,358,46.1,0.4,0.0,17.4,0.3,48
401000,521,217,24.1,23.0,0.0,16.9,22.6,11
401000,958,182,45.1,0.1,0.0,18.6,0.1,29
401000,924,162,45.8,0.2,0.0,18.0,0.2,24
401000,968,140,45.8,0.0,0.1,17.8,0.0,12
401000,579,138,46.1,1.0,0.0,16.9,1.0,15
401000,735,137,45.3,0.0,0.0,18.7,0.0,17
401000,571,118,46.5,0.2,0.0,17.0,0.2,26
401000,1006,100,44.0,0.0,0.0,19.8,0.0,15
401000,994,95,43.5,0.0,0.0,20.0,0.0,20
401000,737,91,25.3,22.3,0.1,16.3,21.3,5
402000,766,745,45.9,0.0,0.0,17.8,0.0,63
402000,530,448,45.7,0.5,0.0,17.5,0.4,63
402000,980,428,0.2,0.0,0.0,5.6,0.0,68
402000,950,374,45.7,0.0,0.0,18.2,0.0,50
402000,521,186,23.8,23.0,0.0,16.9,22.8,7
402000,579,161,45.9,1.0,0.0,17.0,1.0,10
402000,968,159,46.4,0.0,0.0,17.4,0.0,17
402000,571,152,46.2,0.4,0.0,17.3,0.4,22
402000,958,135,46.3,0.0,0.0,17.5,0.0,23
402000,924,132,46.0,0.0,0.0,17.9,0.0,12
402000,737,132,24.9,23.1,0.0,15.9,22.0,4
402000,735,129,45.7,0.0,0.0,18.3,0.0,26
402000,1006,103,43.8,0.0,0.0,20.0,0.0,20
402000,994,97,43.4,0.0,0.0,20.1,0.0,17
402000,1013,83,46.0,0.0,0.1,17.9,0.0,10
403000,766,770,45.8,0.0,0.0,17.9,0.0,63
403000,980,485,0.1,0.0,0.1,6.7,0.0,102
403000,950,333,46.2,0.0,0.0,17.8,0.0,35
403000,530,278,46.4,0.1,0.0,17.5,0.1,43
403000,521,249,24.4,22.7,0.0,16.8,22.7,8
403000,579,174,46.2,0.9,0.0,16.8,0.9,18
403000,571,157,45.8,0.8,0.0,17.2,0.8,27
403000,924,156,45.6,0.1,0.0,18.1,0.1,20
403000,968,153,46.4,0.0,0.0,17.5,0.0,17
403000,958,147,46.3,0.2,0.1,17.1,0.2,23
403000,994,133,44.1,0.0,0.0,19.8,0.0,23
403000,737,127,24.8,23.2,0.1,15.5,21.6,8
403000,735,117,45.6,0.0,0.0,18.4,0.0,19
403000,1006,116,44.1,0.0,0.1,19.8,0.0,18
403000,1013,81,46.4,0.0,0.1,17.4,0.0,9
403000,1015,57,44.7,0.6,0.0,18.4,0.6,9
404000,766,792,45.7,0.0,0.0,17.9,0.0,88
404000,950,328,46.3,0.0,0.0,17.6,0.0,38
404000,530,311,46.3,0.1,0.0,17.3,0.1,43
404000,980,303,0.0,0.0,0.0,5.4,0.0,55
404000,968,273,45.6,0.0,0.0,18.2,0.0,40
404000,521,208,24.2,23.0,0.0,16.8,22.7,8
404000,924,182,45.1,0.5,0.0,18.2,0.3,25
404000,958,174,45.4,0.1,0.0,18.0,0.1,29
404000,571,168,46.2,0.4,0.0,17.3,0.4,24
404000,994,138,44.1,0.1,0.0,19.8,0.0,21
404000,579,122,45.6,1.1,0.0,17.2,1.1,12
404000,1006,103,44.4,0.0,0.0,19.3,0.0,15
404000,737,94,24.6,23.0,0.0,15.9,21.6,6
404000,735,88,45.4,0.1,0.0,18.5,0.1,17
404000,1013,77,46.2,0.0,0.0,17.8,0.0,6
404000,1015,59,44.8,0.6,0.0,18.5,0.6,12
404000,1016,47,46.7,0.0,0.0,17.3,0.0,10
405000,766,571,46.1,0.0,0.0,17.9,0.0,51
405000,980,485,0.0,0.0,0.1,5.3,0.0,72
405000,950,298,46.5,0.0,0.0,17.5,0.0,36
405000,530,295,46.1,0.3,0.0,17.4,0.2,45
405000,968,234,45.8,0.1,0.0,17.8,0.0,24
405000,521,213,23.8,23.1,0.0,17.1,22.6,7
405000,924,188,45.4,0.2,0.0,18.1,0.1,24
405000,571,164,46.0,0.5,0.0,17.2,0.5,29
405000,958,160,46.7,0.0,0.0,17.2,0.0,25
405000,994,141,43.9,0.0,0.0,20.1,0.0,19
405000,579,131,45.7,1.1,0.0,17.1,1.1,15
405000,735,130,45.4,0.0,0.0,18.6,0.0,19
405000,737,123,24.7,22.8,0.1,16.0,21.6,7
405000,1013,102,46.2,0.0,0.0,17.8,0.0,12
405000,1015,61,45.2,0.7,0.0,18.1,0.7,7
405000,1006,58,44.5,0.0,0.0,19.0,0.0,15
405000,1020,27,46.1,0.0,0.0,17.9,0.0,2
405000,1016,10,47.4,0.0,0.0,16.6,0.0,3
406000,766,727,45.8,0.0,0.0,17.8,0.0,74
406000,980,559,0.0,0.0,0.2,5.5,0.0,92
406000,530,364,46.3,0.2,0.0,17.5,0.2,48
406000,950,306,46.3,0.0,0.0,17.6,0.0,38
406000,968,257,46.0,0.1,0.2,17.7,0.1,28
406000,924,227,45.8,0.1,0.0,18.0,0.1,22
406000,958,197,45.5,0.1,0.0,18.1,0.1,24
406000,521,171,24.1,23.0,0.0,16.9,22.9,3
406000,735,152,45.0,0.0,0.0,18.9,0.0,25
406000,579,141,45.8,1.0,0.0,17.0,1.0,13
406000,571,140,45.7,0.6,0.0,17.5,0.6,24
406000,994,135,44.0,0.0,0.0,19.8,0.0,19
406000,737,121,25.3,22.6,0.0,16.0,21.7,2
406000,1013,91,46.1,0.0,0.1,17.7,0.0,11
406000,1006,79,44.4,0.0,0.1,19.5,0.0,12
406000,1015,56,44.1,1.1,0.0,18.5,0.9,13
406000,1020,28,46.1,0.0,0.0,17.9,0.0,3
407000,766,711,45.7,0.0,0.0,17.9,0.0,63
407000,980,508,0.0,0.0,0.0,6.5,0.0,101
407000,950,377,45.9,0.0,0.0,18.0,0.0,50
407000,530,333,46.0,0.2,0.0,17.7,0.1,45
407000,968,229,46.1,0.0,0.0,17.8,0.0,21
407000,521,210,24.5,22.7,0.0,16.7,22.7,6
407000,958,194,45.0,0.1,0.0,18.5,0.1,32
407000,735,155,45.2,0.0,0.0,18.8,0.0,20
407000,924,147,46.2,0.1,0.0,17.8,0.1,24
407000,994,141,44.3,0.0,0.0,19.5,0.0,19
407000,737,130,25.1,22.7,0.0,16.1,21.4,6
407000,571,125,46.1,0.7,0.0,17.2,0.7,18
407000,579,123,45.7,1.1,0.0,16.9,1.1,12
407000,1006,97,44.3,0.0,0.0,19.5,0.0,15
407000,1013,94,46.5,0.0,0.0,17.5,0.0,10
407000,1015,48,45.5,0.7,0.0,17.8,0.7,10
407000,1020,25,46.4,0.0,0.0,17.6,0.0,5
408000,766,628,45.6,0.0,0.0,18.0,0.0,65
408000,980,463,0.3,0.1,0.1,6.5,0.0,86
408000,950,455,46.2,0.0,0.0,17.7,0.0,48
408000,530,326,46.1,0.2,0.0,17.6,0.2,51
408000,968,265,45.5,0.0,0.0,18.0,0.0,31
408000,735,210,45.1,0.0,0.0,18.9,0.0,32
408000,521,189,24.6,22.7,0.0,16.7,22.7,7
408000,958,187,45.5,0.1,0.0,17.8,0.1,30
408000,924,169,45.6,0.2,0.0,18.2,0.2,27
408000,579,140,46.1,1.0,0.0,16.9,1.0,14
408000,994,121,44.5,0.0,0.1,19.3,0.0,23
408000,571,119,45.6,0.5,0.0,17.6,0.5,24
408000,737,110,24.5,23.1,0.1,15.9,21.5,7
408000,1006,95,43.8,0.0,0.1,19.8,0.0,19
408000,1013,88,46.5,0.0,0.0,17.5,0.0,9
408000,1015,60,44.8,0.6,0.0,17.8,0.6,10
408000,1020,30,46.7,0.0,0.0,17.3,0.0,3
409000,766,690,45.6,0.0,0.0,18.1,0.0,70
409000,980,442,0.2,0.0,0.0,5.5,0.0,58
409000,950,416,45.8,0.0,0.0,18.0,0.0,51
409000,530,274,46.2,0.1,0.0,17.6,0.0,41
409000,968,243,45.7,0.0,0.1,17.9,0.0,29
409000,924,187,45.9,0.1,0.0,17.9,0.1,25
409000,958,180,45.6,0.1,0.0,18.0,0.1,27
409000,735,173,45.5,0.0,0.0,18.4,0.0,26
409000,521,155,24.2,22.9,0.0,17.0,22.8,5
409000,579,149,45.7,1.0,0.0,17.3,1.0,18
409000,571,135,46.3,0.7,0.0,16.7,0.7,24
409000,737,124,25.1,23.1,0.0,15.8,21.8,3
409000,994,113,43.1,0.0,0.2,19.4,0.0,19
409000,1006,100,44.1,0.0,0.0,19.5,0.0,17
409000,1013,99,46.1,0.0,0.0,17.8,0.0,10
409000,1015,60,44.3,1.4,0.0,18.0,1.2,14
409000,1020,50,45.8,0.2,0.0,18.0,0.2,11
409000,1028,20,43.7,0.0,0.9,19.4,0.0,5
410000,766,555,45.8,0.0,0.0,18.1,0.0,49
410000,950,458,46.0,0.0,0.0,18.0,0.0,52
410000,980,404,0.0,0.0,0.0,5.5,0.0,66
410000,530,381,46.1,0.4,0.0,17.4,0.4,46
410000,968,221,45.9,0.0,0.0,17.9,0.0,27
410000,958,183,45.7,0.1,0.0,17.8,0.1,29
410000,735,182,45.8,0.0,0.1,18.1,0.0,24
410000,579,179,45.3,1.1,0.0,17.6,1.1,19
410000,924,168,45.8,0.2,0.0,17.9,0.2,29
410000,521,154,24.3,23.0,0.0,16.7,22.5,8
410000,1006,150,44.2,0.0,0.0,19.5,0.0,23
410000,571,131,45.9,0.6,0.0,17.3,0.6,21
410000,737,110,24.6,23.2,0.0,15.9,21.5,5
410000,994,107,43.6,0.0,0.0,20.3,0.0,17
410000,1013,75,46.1,0.0,0.0,17.8,0.0,9
410000,1015,49,43.7,1.6,0.2,17.7,1.3,13
410000,1028,14,44.6,0.0,0.0,19.4,0.0,5
410000,1020,12,46.0,0.0,0.0,18.0,0.0,1
411000,950,523,46.0,0.0,0.0,17.8,0.0,53
411000,766,393,45.5,0.0,0.0,17.7,0.0,51
411000,980,330,0.0,0.0,0.0,5.4,0.0,56
411000,530,302,46.0,0.3,0.0,17.7,0.3,32
411000,735,208,45.8,0.0,0.0,18.2,0.0,24
411000,968,192,44.9,0.0,0.0,18.2,0.0,26
411000,958,192,45.2,0.2,0.0,18.1,0.1,28
411000,924,179,46.2,0.0,0.0,17.8,0.0,22
411000,579,159,44.6,1.0,0.0,18.2,1.0,18
411000,521,156,24.5,22.8,0.0,16.6,22.7,6
411000,571,136,46.3,0.6,0.0,16.7,0.6,24
411000,1006,113,43.9,0.0,0.0,19.9,0.0,18
411000,994,108,43.7,0.0,0.0,20.0,0.0,18
411000,737,98,25.3,22.8,0.1,15.8,21.4,6
411000,1013,54,45.8,0.0,0.1,18.1,0.0,11
411000,1015,50,45.2,1.2,0.0,17.1,1.2,18
411000,1020,21,46.5,0.0,0.0,17.5,0.0,3
411000,1028,20,44.0,0.0,0.0,20.0,0.0,5
412000,950,484,46.3,0.0,0.0,17.7,0.0,47
412000,766,440,45.4,0.0,0.0,17.8,0.0,47
412000,530,367,46.1,0.3,0.0,17.5,0.3,51
412000,958,220,44.9,0.1,0.0,18.3,0.1,36
412000,980,198,0.1,0.0,0.2,6.3,0.0,42
412000,924,193,45.7,0.2,0.0,18.0,0.1,23
412000,521,191,24.1,22.9,0.0,17.0,22.2,11
412000,735,178,46.0,0.0,0.0,18.0,0.0,22
412000,571,160,46.2,0.6,0.0,17.1,0.6,27
412000,968,142,45.4,0.0,0.1,17.9,0.0,23
412000,737,133,24.9,22.8,0.2,15.8,21.6,5
412000,579,126,45.5,1.0,0.0,17.5,1.0,14
412000,1006,101,44.1,0.0,0.0,19.7,0.0,21
412000,994,66,44.3,0.0,0.0,19.7,0.0,10
412000,1013,57,46.4,0.0,0.0,17.6,0.0,8
412000,1015,52,45.4,1.2,0.0,17.4,1.2,11
412000,1028,15,44.2,0.0,0.0,19.8,0.0,2
412000,1020,11,46.6,0.0,0.0,17.4,0.0,2
413000,950,482,46.0,0.0,0.0,17.8,0.0,47
413000,766,415,45.3,0.0,0.0,17.8,0.0,49
413000,958,278,45.1,0.1,0.0,18.1,0.0,54
413000,530,269,45.9,0.3,0.0,17.8,0.3,41
413000,980,216,0.0,0.0,0.1,6.7,0.0,45
413000,924,215,46.1,0.1,0.0,17.7,0.1,26
413000,521,198,24.1,22.9,0.0,17.0,22.8,4
413000,571,186,45.5,0.5,0.0,17.8,0.5,35
413000,968,159,45.8,0.0,0.1,17.8,0.0,25
413000,735,157,45.9,0.0,0.0,18.1,0.0,21
413000,579,138,45.2,1.0,0.2,17.6,1.0,16
413000,737,87,25.0,23.2,0.0,15.7,22.0,3
413000,1006,73,44.9,0.0,0.0,18.7,0.0,20
413000,1015,55,45.7,0.9,0.0,17.3,0.9,10
413000,994,49,44.6,0.0,0.0,19.3,0.0,9
413000,1036,47,44.6,0.2,0.0,19.3,0.2,8
413000,1013,23,45.5,0.0,0.6,17.9,0.0,6
413000,1020,7,46.3,0.0,0.0,17.7,0.0,2
414000,980,688,0.0,0.0,0.1,5.3,0.0,94
414000,950,488,46.5,0.0,0.0,17.5,0.0,48
414000,530,277,45.5,0.5,0.0,18.0,0.4,50
414000,958,275,45.7,0.0,0.0,18.0,0.0,37
414000,766,269,46.0,0.0,0.0,17.6,0.0,24
414000,968,266,46.7,0.0,0.0,17.0,0.0,35
414000,521,230,24.2,23.0,0.0,16.7,23.0,7
414000,924,195,45.3,0.2,0.0,18.3,0.1,24
414000,735,148,45.6,0.0,0.0,18.3,0.0,20
414000,579,136,45.6,0.9,0.0,17.4,0.9,17
414000,737,133,25.0,23.0,0.1,15.9,21.7,8
414000,571,114,46.3,0.1,0.0,17.6,0.1,17
414000,1006,76,44.7,0.0,0.0,19.2,0.0,12
414000,994,61,43.9,0.0,0.0,19.9,0.0,14
414000,1015,46,44.5,1.2,0.0,17.9,1.1,7
414000,1013,26,46.7,0.0,0.0,17.3,0.0,5
415000,950,541,46.2,0.0,0.0,17.7,0.0,55
415000,980,489,0.0,0.0,0.1,5.0,0.0,85
415000,766,378,45.9,0.0,0.0,17.8,0.0,28
415000,958,278,45.7,0.0,0.0,18.2,0.0,44
415000,530,277,46.0,0.2,0.0,17.7,0.2,42
415000,1038,263,45.1,0.0,0.0,18.8,0.0,29
415000,521,255,24.2,23.1,0.0,16.6,22.8,11
415000,924,210,46.2,0.1,0.0,17.8,0.1,21
415000,579,150,45.3,1.0,0.0,17.5,1.0,20
415000,968,147,45.7,0.0,0.2,17.8,0.0,20
415000,737,114,24.7,23.1,0.0,15.9,21.8,4
415000,735,99,46.0,0.0,0.0,18.0,0.0,4
415000,571,78,46.5,0.0,0.0,17.5,0.0,14
415000,1006,53,44.2,0.0,0.1,19.7,0.0,6
415000,1015,43,44.5,1.5,0.0,17.9,1.5,9
415000,994,42,44.3,0.0,0.0,19.7,0.0,4
415000,1013,21,45.7,0.0,0.0,18.3,0.0,3
416000,980,551,0.1,0.1,0.0,5.7,0.0,70
416000,950,488,46.3,0.0,0.0,17.7,0.0,52
416000,766,370,46.2,0.0,0.0,17.7,0.0,43
416000,958,321,45.6,0.0,0.0,18.1,0.0,51
416000,521,290,24.6,23.0,0.0,16.4,22.8,15
416000,530,283,45.6,0.5,0.0,17.8,0.4,50
416000,924,277,45.9,0.1,0.0,17.8,0.1,29
416000,1038,211,45.3,0.0,0.0,18.6,0.0,26
416000,571,127,46.7,0.1,0.0,17.1,0.1,22
416000,735,119,46.3,0.0,0.0,17.7,0.0,9
416000,968,101,46.1,0.0,0.0,17.6,0.0,14
416000,579,86,46.0,1.0,0.0,17.0,1.0,7
416000,1006,69,43.7,0.0,0.0,19.8,0.0,15
416000,737,65,24.9,23.0,0.0,16.0,21.9,2
416000,1015,56,43.8,1.5,0.0,18.6,1.1,11
416000,1013,26,45.9,0.0,0.0,18.1,0.0,4
416000,994,11,44.0,0.0,0.0,20.0,0.0,1
417000,980,625,0.0,0.0,0.0,5.2,0.0,72
417000,950,513,46.0,0.0,0.0,17.8,0.0,55
417000,766,403,46.2,0.0,0.0,17.6,0.0,45
417000,521,364,24.4,23.1,0.0,16.5,23.0,15
417000,958,330,46.3,0.0,0.0,17.6,0.0,58
417000,530,308,45.9,0.5,0.0,17.5,0.4,50
417000,924,228,46.0,0.2,0.0,17.7,0.1,19
417000,1038,200,45.5,0.0,0.0,18.4,0.0,28
417000,571,154,44.8,0.1,0.0,17.6,0.1,22
417000,968,141,46.4,0.0,0.0,17.5,0.0,23
417000,735,100,46.3,0.0,0.0,17.6,0.0,9
417000,737,85,25.0,23.0,0.0,16.0,22.0,1
417000,579,67,45.4,1.0,0.1,17.5,1.0,6
417000,1006,59,45.8,0.0,0.1,17.8,0.0,16
417000,1044,23,45.1,0.0,0.0,17.4,0.0,4
417000,1013,21,46.2,0.0,0.0,17.8,0.0,3
418000,980,593,0.0,0.0,0.1,7.3,0.0,107
418000,950,591,46.5,0.0,0.0,17.5,0.0,56
418000,766,406,46.3,0.0,0.0,17.5,0.0,40
418000,521,377,24.5,23.0,0.0,16.5,22.7,20
418000,958,314,46.4,0.0,0.0,17.5,0.0,40
418000,968,272,46.6,0.0,0.1,17.3,0.0,39
418000,530,224,46.1,0.5,0.0,17.3,0.5,38
418000,924,214,46.7,0.1,0.0,17.2,0.1,20
418000,1038,203,45.5,0.0,0.0,18.4,0.0,28
418000,571,139,46.5,0.2,0.0,17.3,0.2,24
418000,737,93,25.5,22.7,0.1,15.5,21.5,4
418000,579,74,44.7,0.9,0.2,17.6,0.9,10
418000,735,74,46.3,0.0,0.0,17.7,0.0,11
418000,1006,71,45.0,0.0,0.0,18.7,0.0,11
418000,1013,17,46.4,0.0,0.0,17.6,0.0,2
419000,950,599,46.1,0.0,0.0,17.7,0.0,70
419000,766,578,46.2,0.0,0.0,17.5,0.0,61
419000,980,569,0.0,0.1,0.1,5.6,0.0,86
419000,958,391,45.7,0.0,0.0,18.2,0.0,60
419000,521,387,24.2,23.3,0.0,16.4,22.8,21
419000,530,204,45.7,0.6,0.0,17.6,0.6,34
419000,924,194,46.4,0.2,0.0,17.5,0.2,18
419000,968,180,47.4,0.0,0.0,16.5,0.0,32
419000,571,160,46.6,0.2,0.0,17.2,0.2,24
419000,737,84,25.4,22.8,0.1,15.7,21.8,3
419000,579,79,45.5,0.9,0.0,17.5,0.9,11
419000,1006,71,43.8,0.0,0.0,20.2,0.0,9
419000,735,52,45.9,0.0,0.0,18.1,0.0,4
419000,1038,52,46.2,0.0,0.0,17.6,0.0,7
419000,1050,50,44.6,0.0,0.0,19.4,0.0,11
419000,1013,15,46.0,0.0,0.0,18.0,0.0,1
420000,980,840,0.0,0.0,0.2,5.8,0.0,100
420000,766,605,46.3,0.0,0.0,17.6,0.0,54
420000,950,576,46.3,0.0,0.0,17.6,0.0,54
420000,958,403,45.9,0.0,0.0,18.0,0.0,56
420000,968,284,47.1,0.0,0.1,16.6,0.0,47
420000,521,283,23.9,23.4,0.0,16.6,23.1,12
420000,530,203,45.5,0.3,0.0,18.1,0.3,29
420000,924,186,46.3,0.0,0.0,17.6,0.0,17
420000,571,185,46.4,0.2,0.0,17.4,0.2,24
420000,579,112,46.0,0.9,0.0,17.1,0.9,5
420000,1006,101,44.3,0.0,0.1,19.4,0.0,21
420000,737,78,24.8,22.6,0.0,15.5,20.9,8
420000,735,46,46.0,0.0,0.0,18.0,0.0,3
420000,1050,42,44.0,0.0,0.0,20.0,0.0,6
420000,1013,12,46.0,0.0,0.0,18.0,0.0,3
421000,521,682,24.5,23.4,0.0,16.0,22.8,35
421000,980,508,0.0,0.0,0.1,6.0,0.0,94
421000,766,383,46.6,0.0,0.0,17.2,0.0,46
421000,958,334,45.9,0.0,0.0,17.9,0.0,52
421000,968,256,47.5,0.0,0.0,16.5,0.0,32
421000,950,252,46.3,0.1,0.0,17.0,0.0,68
421000,530,172,45.6,0.4,0.0,17.9,0.4,28
421000,571,169,46.0,0.5,0.0,17.3,0.4,39
421000,1006,89,44.4,0.0,0.0,19.1,0.0,15
421000,579,73,45.3,0.8,0.0,17.7,0.8,14
421000,1050,73,44.6,0.0,0.0,19.4,0.0,11
421000,737,72,24.9,23.2,0.0,15.8,22.0,2
421000,924,59,47.9,0.0,0.0,16.1,0.0,9
421000,735,11,47.6,0.0,0.0,16.4,0.0,4
421000,1013,9,47.4,0.0,0.0,16.6,0.0,4
422000,980,767,0.1,0.0,0.1,5.8,0.0,107
422000,950,503,48.5,0.0,0.0,15.5,0.0,51
422000,521,481,23.9,24.0,0.0,16.1,23.7,11
422000,958,386,46.7,0.1,0.0,17.0,0.0,62
422000,968,383,48.0,0.0,0.0,15.7,0.0,39
422000,766,326,47.8,0.0,0.0,16.0,0.0,35
422000,1006,126,44.2,0.0,0.0,19.6,0.0,20
422000,571,123,48.4,0.3,0.0,15.1,0.2,22
422000,530,110,45.3,1.0,0.0,17.5,0.9,21
422000,737,106,25.0,22.8,0.4,15.5,21.4,6
422000,735,90,47.9,0.0,0.0,16.1,0.0,7
422000,1050,44,44.4,0.0,0.0,19.6,0.0,6
422000,579,44,49.7,1.1,0.0,13.1,1.1,6
422000,924,42,48.9,0.0,0.0,15.1,0.0,7
422000,1013,35,47.5,0.0,0.0,16.5,0.0,8
423000,980,787,0.0,0.0,0.1,5.6,0.0,99
423000,950,501,48.4,0.0,0.0,15.6,0.0,48
423000,958,487,46.7,0.0,0.0,17.1,0.0,73
423000,521,403,24.3,23.7,0.1,15.9,23.6,15
423000,968,327,48.0,0.0,0.0,15.7,0.0,36
423000,766,292,48.0,0.0,0.0,15.8,0.0,28
423000,530,126,45.6,0.7,0.0,17.5,0.7,27
423000,735,88,48.4,0.0,0.0,15.6,0.0,9
423000,571,86,48.4,0.4,0.0,15.2,0.4,13
423000,737,86,24.7,22.9,0.1,16.1,21.6,4
423000,1006,68,44.5,0.0,0.0,19.3,0.0,12
423000,924,46,47.9,0.3,0.0,15.8,0.3,8
423000,1013,41,48.1,0.0,0.0,15.9,0.0,5
423000,1050,37,43.6,0.0,0.0,20.2,0.0,3
423000,1058,30,47.8,0.2,0.0,16.0,0.2,5
423000,579,23,49.5,1.0,0.0,13.4,1.0,3
424000,980,807,0.1,0.0,0.1,7.1,0.0,154
424000,766,477,47.8,0.0,0.0,16.1,0.0,45
424000,958,444,46.8,0.0,0.0,17.1,0.0,59
424000,950,442,48.2,0.0,0.0,15.8,0.0,43
424000,521,389,24.0,23.9,0.0,16.0,23.5,16
424000,968,263,47.0,0.0,0.0,16.5,0.0,31
424000,530,137,44.1,1.2,0.0,18.3,0.9,28
424000,571,111,48.6,0.1,0.0,15.1,0.1,24
424000,735,86,48.0,0.0,0.0,15.9,0.0,11
424000,737,79,25.0,23.0,0.0,16.0,22.0,1
424000,1006,72,44.5,0.0,0.0,19.4,0.0,13
424000,1058,60,48.1,0.1,0.0,15.9,0.1,6
424000,1013,56,48.1,0.0,0.0,15.9,0.0,5
424000,1050,43,44.2,0.0,0.0,19.8,0.0,3
424000,579,33,49.5,1.0,0.2,13.2,1.0,5
424000,924,30,48.0,0.0,0.0,16.0,0.0,3
425000,980,729,0.1,0.0,0.0,6.5,0.0,124
425000,950,563,48.3,0.0,0.0,15.6,0.0,58
425000,766,507,47.9,0.0,0.0,16.1,0.0,41
425000,958,443,47.2,0.0,0.0,16.8,0.0,73
425000,521,382,24.2,23.8,0.0,16.0,23.5,15
425000,968,230,48.0,0.0,0.0,15.8,0.0,22
425000,571,163,48.3,0.1,0.0,15.6,0.1,24
425000,530,145,45.2,0.8,0.0,17.7,0.8,28
425000,735,96,47.8,0.2,0.0,16.0,0.2,9
425000,737,85,25.2,22.6,0.0,16.1,21.5,5
425000,1058,66,48.2,0.1,0.0,15.7,0.1,6
425000,1063,65,47.8,0.2,0.0,16.0,0.2,6
425000,1062,56,48.2,0.0,0.2,15.7,0.0,10
425000,1006,49,43.6,0.0,0.0,20.2,0.0,6
425000,1050,47,44.1,0.0,0.0,19.9,0.0,5
425000,579,29,48.6,1.0,0.0,14.4,1.0,4
425000,924,29,48.2,0.0,0.0,15.8,0.0,2
425000,1013,18,48.2,0.0,0.0,15.8,0.0,2
425000,1056,6,45.5,0.0,0.0,17.7,0.0,3
426000,950,600,48.3,0.0,0.0,15.6,0.0,54
426000,980,580,0.2,0.0,0.2,6.2,0.0,121
426000,766,537,47.5,0.0,0.0,16.3,0.0,43
426000,521,416,24.6,23.5,0.0,15.9,23.4,16
426000,958,372,46.3,0.0,0.0,17.5,0.0,55
426000,968,244,46.6,0.0,0.0,17.0,0.0,35
426000,571,156,47.6,0.1,0.0,16.3,0.1,25
426000,530,138,44.9,0.9,0.0,18.1,0.9,32
426000,735,82,48.4,0.0,0.0,15.6,0.0,11
426000,1006,79,44.4,0.0,0.1,19.4,0.0,14
426000,737,78,24.9,23.1,0.0,15.9,22.0,3
426000,1063,76,47.9,0.2,0.0,15.9,0.2,10
426000,1058,62,48.0,0.6,0.0,15.4,0.6,10
426000,1062,49,48.7,0.0,0.0,15.2,0.0,9
426000,1064,48,47.5,0.0,0.0,16.5,0.0,8
426000,1066,42,46.4,0.0,0.0,17.2,0.0,11
426000,1065,30,44.0,0.0,0.0,20.0,0.0,1
426000,1050,30,44.2,0.0,0.0,19.8,0.0,3
426000,924,28,48.3,0.1,0.0,15.6,0.1,5
426000,579,24,49.9,1.2,0.0,13.0,1.2,4
426000,1013,9,48.0,0.0,0.0,16.0,0.0,1
427000,766,522,47.7,0.1,0.0,16.1,0.1,43
427000,521,472,24.5,23.7,0.0,15.8,23.3,19
427000,950,454,48.2,0.0,0.0,15.7,0.0,40
427000,980,355,0.0,0.0,0.0,7.2,0.0,58
427000,958,321,46.4,0.0,0.1,17.0,0.0,61
427000,968,200,48.1,0.0,0.0,15.8,0.0,22
427000,571,150,48.2,0.1,0.0,15.7,0.1,28
427000,1006,110,44.2,0.0,0.2,19.4,0.0,23
427000,735,109,48.4,0.0,0.0,15.6,0.0,14
427000,530,91,45.1,1.5,0.0,17.3,1.1,22
427000,1063,88,48.0,0.2,0.0,15.7,0.2,6
427000,1064,75,48.1,0.0,0.0,15.9,0.0,14
427000,737,67,24.4,23.3,0.0,16.3,21.7,4
427000,1058,55,48.2,0.1,0.0,15.7,0.1,5
427000,1062,49,43.6,0.0,0.2,17.8,0.0,11
427000,579,43,47.8,1.7,0.0,14.5,1.6,13
427000,1050,38,44.7,0.0,0.0,19.2,0.0,7
427000,1065,32,44.1,0.0,0.0,19.9,0.0,3
427000,1066,22,47.0,0.1,0.0,16.9,0.1,6
427000,924,19,48.3,0.1,0.0,15.7,0.1,3
427000,1013,7,48.0,0.0,0.0,16.0,0.0,1
428000,766,708,48.2,0.0,0.0,15.5,0.0,62
428000,521,639,24.2,23.9,0.0,15.9,23.8,16
428000,980,526,0.0,0.0,0.1,5.7,0.0,80
428000,950,473,48.2,0.0,0.0,15.7,0.0,39
428000,968,342,48.3,0.0,0.0,15.6,0.0,35
428000,958,162,47.6,0.1,0.1,15.0,0.1,34
428000,571,120,48.4,0.3,0.0,15.3,0.3,23
428000,735,99,48.4,0.1,0.0,15.5,0.1,11
428000,1063,90,48.4,0.0,0.0,15.6,0.0,7
428000,579,71,49.8,1.1,0.0,13.0,1.1,8
428000,1006,70,48.5,0.0,0.0,15.3,0.0,14
428000,1064,69,48.3,0.0,0.0,15.7,0.0,8
428000,1066,64,48.2,0.0,0.0,15.7,0.0,9
428000,1058,53,47.7,0.3,0.0,16.0,0.2,5
428000,1062,32,49.2,0.0,0.0,14.8,0.0,10
428000,1050,20,48.6,0.0,0.0,15.4,0.0,5
428000,924,16,48.1,0.0,0.0,15.9,0.0,2
428000,530,10,45.4,0.2,0.0,17.2,0.2,6
429000,766,737,48.1,0.0,0.0,15.8,0.0,51
429000,980,546,0.0,0.0,0.0,5.2,0.0,78
429000,521,519,24.2,24.0,0.0,15.9,23.6,13
429000,968,434,47.8,0.0,0.1,15.9,0.0,50
429000,950,417,48.4,0.0,0.0,15.6,0.0,41
429000,958,200,48.5,0.0,0.0,15.4,0.0,29
429000,571,170,48.2,0.2,0.0,15.5,0.2,32
429000,1063,119,48.4,0.0,0.0,15.6,0.0,10
429000,1066,119,48.1,0.3,0.0,15.6,0.3,20
429000,735,108,48.2,0.0,0.0,15.8,0.0,8
429000,1006,88,47.8,0.1,0.1,15.6,0.0,20
429000,1076,76,0.9,0.0,0.0,7.5,0.0,29
429000,1064,59,47.4,0.0,0.0,16.2,0.0,8
429000,1058,56,48.2,0.1,0.0,15.7,0.1,6
429000,579,50,49.0,1.2,0.1,13.8,1.2,13
429000,924,27,48.4,0.2,0.0,15.4,0.2,3
429000,530,21,49.0,0.0,0.0,15.0,0.0,4
429000,1062,14,48.1,0.0,0.0,15.9,0.0,3
430000,980,711,0.1,0.0,0.1,5.1,0.0,90
430000,766,697,48.2,0.1,0.0,15.6,0.1,58
430000,521,491,24.5,23.6,0.0,15.9,23.5,17
430000,968,457,47.8,0.0,0.0,16.0,0.0,43
430000,950,442,48.3,0.0,0.0,15.7,0.0,37
430000,958,255,47.9,0.0,0.1,15.7,0.0,37
430000,571,129,48.2,0.1,0.0,15.6,0.1,15
430000,1063,120,48.2,0.1,0.0,15.7,0.1,10
430000,1006,119,48.5,0.0,0.0,15.5,0.0,13
430000,735,105,48.5,0.1,0.0,15.4,0.1,11
430000,1066,96,48.2,0.1,0.0,15.7,0.1,14
430000,1058,66,48.0,0.0,0.0,15.9,0.0,6
430000,579,53,48.0,1.2,0.0,14.5,1.2,10
430000,1076,51,1.7,0.0,0.0,8.7,0.0,18
430000,1064,38,48.2,0.0,0.0,15.8,0.0,5
430000,530,24,48.5,0.1,0.0,15.5,0.1,5
430000,1062,18,48.8,0.1,0.0,15.1,0.1,5
430000,924,18,47.9,0.1,0.0,15.9,0.1,3
431000,980,610,0.1,0.0,0.1,5.7,0.0,90
431000,521,480,24.0,23.9,0.0,16.0,23.7,11
431000,968,477,48.1,0.0,0.0,15.8,0.0,50
431000,950,462,48.0,0.0,0.0,15.9,0.0,45
431000,766,375,47.9,0.1,0.0,15.9,0.1,20
431000,958,274,48.1,0.0,0.0,15.7,0.0,41
431000,1063,121,48.5,0.0,0.0,15.5,0.0,12
431000,571,111,48.2,0.0,0.0,15.7,0.0,15
431000,1006,77,48.7,0.0,0.0,15.1,0.0,15
431000,1066,68,48.0,0.1,0.0,15.9,0.1,5
431000,579,60,49.4,1.0,0.0,13.5,1.0,11
431000,1058,53,48.1,0.0,0.0,15.9,0.0,4
431000,735,41,48.7,0.0,0.0,15.3,0.0,7
431000,924,40,48.5,0.2,0.0,15.4,0.2,5
431000,1064,36,48.5,0.0,0.0,15.4,0.0,9
431000,530,28,48.3,0.0,0.0,15.7,0.0,3
431000,1062,18,47.9,0.0,0.0,16.1,0.0,5
432000,766,754,48.1,0.1,0.0,15.7,0.1,57
432000,980,660,0.2,0.1,0.1,6.0,0.0,100
432000,968,474,48.0,0.0,0.0,15.9,0.0,40
432000,521,467,24.3,23.9,0.0,15.8,23.7,13
432000,958,254,47.3,0.1,0.1,16.4,0.1,31
432000,950,224,48.1,0.1,0.0,15.8,0.0,25
432000,571,113,47.3,0.0,0.0,16.4,0.0,20
432000,1063,112,48.2,0.0,0.0,15.7,0.0,16
432000,1066,90,47.9,0.2,0.1,15.4,0.2,17
432000,1006,67,48.4,0.1,0.0,15.6,0.1,9
432000,1058,55,48.1,0.1,0.0,15.9,0.1,4
432000,735,48,48.0,0.0,0.0,16.0,0.0,6
432000,530,40,46.9,0.2,0.0,15.9,0.2,9
432000,579,37,49.5,1.1,0.0,13.4,1.1,7
432000,924,36,47.7,0.0,0.0,16.1,0.0,6
432000,1062,22,48.2,0.0,0.0,15.8,0.0,5
432000,1064,15,48.1,0.0,0.0,15.9,0.0,3
433000,766,756,47.9,0.1,0.0,15.7,0.1,58
433000,521,515,24.0,23.9,0.0,16.1,23.7,16
433000,980,513,0.0,0.0,0.1,4.8,0.0,62
433000,968,482,48.3,0.0,0.0,15.4,0.0,54
433000,950,358,48.3,0.0,0.0,15.7,0.0,35
433000,958,155,48.0,0.1,0.0,15.8,0.1,18
433000,1063,103,48.2,0.0,0.0,15.7,0.0,11
433000,1066,97,48.0,0.1,0.0,15.8,0.1,17
433000,571,96,48.7,0.1,0.0,15.1,0.1,16
433000,1006,90,48.0,0.0,0.0,15.7,0.0,12
433000,1058,64,48.5,0.0,0.0,15.5,0.0,5
433000,735,45,48.1,0.0,0.0,15.9,0.0,6
433000,530,37,48.2,0.0,0.0,15.8,0.0,4
433000,579,34,49.4,0.9,0.0,13.6,0.9,6
433000,924,27,48.1,0.0,0.0,15.9,0.0,2
433000,1062,19,48.2,0.0,0.0,15.8,0.0,7
433000,1064,7,43.4,2.1,0.0,17.6,1.7,4
434000,766,769,48.0,0.1,0.0,15.7,0.1,58
434000,968,521,48.1,0.0,0.0,15.7,0.0,53
434000,950,472,48.0,0.0,0.0,16.0,0.0,51
434000,980,470,0.0,0.0,0.1,5.5,0.0,62
434000,521,425,24.0,23.9,0.0,16.0,23.8,12
434000,958,127,47.5,0.1,0.0,16.3,0.1,20
434000,1063,117,48.3,0.0,0.0,15.6,0.0,14
434000,1066,106,47.4,0.2,0.0,15.9,0.2,15
434000,1006,75,48.1,0.0,0.2,15.4,0.0,12
434000,1085,74,47.6,0.1,0.0,16.1,0.1,13
434000,571,71,47.2,0.0,0.0,16.8,0.0,16
434000,735,51,47.9,0.0,0.0,16.1,0.0,9
434000,1058,50,48.3,0.0,0.0,15.7,0.0,4
434000,579,50,47.4,0.9,0.0,15.6,0.9,12
434000,530,29,48.5,0.1,0.0,15.3,0.1,5
434000,924,26,45.7,1.5,0.0,16.3,0.3,4
434000,1062,24,48.0,0.0,0.0,16.0,0.0,3
434000,1064,15,48.1,0.0,0.0,15.9,0.0,2
435000,766,751,47.9,0.1,0.0,15.8,0.1,60
435000,980,655,0.1,0.0,0.1,6.4,0.0,115
435000,521,457,24.1,23.8,0.0,16.0,23.6,12
435000,968,434,48.2,0.0,0.0,15.7,0.0,41
435000,950,344,48.0,0.0,0.0,16.0,0.0,34
435000,958,165,47.9,0.0,0.1,16.0,0.0,25
435000,1063,110,47.8,0.1,0.0,16.0,0.1,12
435000,1085,91,49.0,0.0,0.0,15.0,0.0,19
435000,1066,90,48.0,0.2,0.0,15.6,0.2,15
435000,579,80,44.5,0.6,0.1,16.8,0.6,22
435000,1006,77,48.0,0.0,0.0,15.9,0.0,14
435000,735,76,47.5,0.0,0.2,16.3,0.0,14
435000,571,46,47.9,0.2,0.0,15.9,0.2,7
435000,1058,44,47.9,0.2,0.0,15.8,0.2,6
435000,530,33,47.7,0.4,0.0,15.9,0.4,5
435000,1086,32,47.5,0.0,0.0,16.4,0.0,4
435000,924,21,47.0,0.9,0.0,16.1,0.3,3
435000,1062,17,48.4,0.0,0.0,15.6,0.0,4
435000,1064,5,48.6,0.0,0.0,15.4,0.0,2
436000,766,687,47.9,0.0,0.0,15.8,0.0,59
436000,950,519,48.2,0.0,0.0,15.8,0.0,59
436000,980,473,0.0,0.0,0.1,5.0,0.0,58
436000,968,461,48.0,0.0,0.0,15.7,0.0,42
436000,521,407,24.0,24.0,0.0,16.0,23.5,19
436000,1063,114,48.2,0.1,0.0,15.6,0.1,15
436000,1085,114,48.0,0.0,0.0,15.8,0.0,23
436000,958,111,48.6,0.0,0.0,15.4,0.0,14
436000,1066,95,48.4,0.0,0.0,15.5,0.0,19
436000,1006,92,48.1,0.0,0.0,15.8,0.0,8
436000,571,92,47.9,0.1,0.0,15.8,0.1,13
436000,735,58,48.4,0.0,0.0,15.6,0.0,5
436000,1086,49,47.8,0.0,0.0,16.1,0.0,3
436000,1058,48,48.2,0.1,0.0,15.8,0.1,4
436000,579,45,49.2,1.0,0.0,13.7,1.0,10
436000,530,37,48.5,0.0,0.0,15.5,0.0,3
436000,1062,37,47.6,0.0,0.0,16.4,0.0,12
436000,1093,26,48.5,0.0,0.0,15.5,0.0,5
436000,924,26,48.0,0.0,0.0,16.0,0.0,1
436000,1094,14,50.2,0.0,0.0,13.8,0.0,4
437000,766,719,48.0,0.0,0.0,15.8,0.0,49
437000,980,654,0.0,0.0,0.1,5.1,0.0,100
437000,521,461,24.5,23.8,0.0,15.8,23.5,17
437000,968,385,48.2,0.0,0.0,15.7,0.0,40
437000,950,343,47.9,0.0,0.0,16.1,0.0,37
437000,1095,119,0.6,0.6,0.0,5.8,0.0,33
437000,571,111,47.8,0.3,0.0,15.8,0.3,18
437000,1063,96,48.0,0.1,0.0,15.9,0.1,11
437000,1006,91,47.8,0.0,0.0,15.8,0.0,7
437000,958,85,48.0,0.0,0.0,16.0,0.0,12
437000,1086,80,48.1,0.0,0.0,15.9,0.0,9
437000,1066,67,48.3,0.0,0.0,15.6,0.0,9
437000,735,62,47.5,0.0,0.0,16.4,0.0,10
437000,1058,62,48.4,0.0,0.0,15.6,0.0,5
437000,1085,58,47.8,0.0,0.1,16.1,0.0,8
437000,579,56,48.9,0.9,0.1,14.2,0.9,12
437000,530,53,47.7,0.0,0.0,15.6,0.0,7
437000,924,37,46.6,1.2,0.0,16.2,0.5,5
437000,1062,24,47.3,0.0,0.0,16.7,0.0,5
437000,1093,19,48.4,0.0,0.0,15.2,0.0,3
437000,1094,15,48.7,0.0,0.0,15.3,0.0,5
438000,950,750,48.1,0.0,0.0,15.8,0.0,86
438000,766,688,47.3,0.7,0.0,15.9,0.7,54
438000,521,420,24.2,23.9,0.0,15.9,23.9,6
438000,968,397,47.8,0.0,0.0,15.6,0.0,50
438000,980,347,0.0,0.0,0.1,5.2,0.0,56
438000,1066,115,48.1,0.1,0.0,15.8,0.1,14
438000,1095,104,0.1,0.3,0.0,8.9,0.0,29
438000,1086,91,48.5,0.0,0.0,15.5,0.0,9
438000,1006,79,48.3,0.0,0.0,15.5,0.0,6
438000,1063,73,48.1,0.1,0.0,15.8,0.1,12
438000,958,71,47.8,0.0,0.0,15.9,0.0,8
438000,530,67,48.1,0.2,0.0,15.7,0.2,6
438000,571,63,48.0,0.0,0.0,15.8,0.0,11
438000,735,56,48.0,0.0,0.0,16.0,0.0,4
438000,1058,53,48.2,0.0,0.0,15.8,0.0,7
438000,579,33,45.5,1.1,0.1,17.4,1.1,6
438000,924,31,48.2,0.0,0.0,15.8,0.0,3
438000,1062,29,48.2,0.0,0.0,15.8,0.0,4
438000,1094,25,48.2,0.0,0.0,15.8,0.0,2
438000,1085,22,48.0,0.0,0.0,16.0,0.0,1
438000,1093,17,47.8,0.0,0.0,16.2,0.0,2
439000,950,784,47.9,0.0,0.0,15.9,0.0,88
439000,980,676,0.0,0.0,0.1,5.9,0.0,100
439000,766,596,48.1,0.0,0.0,15.8,0.0,38
439000,521,470,24.1,23.8,0.0,16.1,23.6,16
439000,968,373,47.9,0.1,0.0,15.9,0.0,35
439000,1095,129,0.3,1.4,0.0,7.6,0.0,38
439000,1066,101,48.2,0.2,0.0,15.6,0.2,10
439000,530,79,48.3,0.0,0.0,15.7,0.0,7
439000,1086,78,48.7,0.0,0.0,15.3,0.0,12
439000,1006,77,48.3,0.0,0.0,15.5,0.0,9
439000,1058,65,48.0,0.1,0.0,15.9,0.1,8
439000,571,64,48.3,0.1,0.0,15.5,0.1,15
439000,958,59,47.6,0.1,0.0,15.7,0.1,10
439000,579,47,48.8,0.9,0.0,14.2,0.9,11
439000,735,46,48.4,0.0,0.0,15.6,0.0,6
439000,1063,43,48.3,0.0,0.0,15.7,0.0,5
439000,1062,26,48.2,0.0,0.0,15.8,0.0,4
439000,1094,23,47.9,0.0,0.0,16.1,0.0,2
439000,1085,20,47.0,0.2,0.0,16.8,0.2,3
439000,924,10,49.4,0.0,0.3,14.1,0.0,3
440000,766,760,48.0,0.0,0.0,15.9,0.0,67
440000,980,609,0.0,0.0,0.1,5.3,0.0,76
440000,521,469,24.3,23.8,0.0,15.9,23.7,12
440000,968,443,47.7,0.0,0.0,16.0,0.0,43
440000,950,382,47.7,0.0,0.0,16.1,0.0,48
440000,1066,118,47.9,0.1,0.0,15.8,0.1,18
440000,530,107,48.2,0.1,0.0,15.6,0.1,9
440000,1063,86,48.3,0.1,0.0,15.6,0.1,12
440000,1006,71,48.1,0.0,0.0,15.7,0.0,5
440000,1107,62,46.6,0.0,0.3,15.6,0.0,13
440000,1095,58,0.1,1.0,0.0,7.0,0.0,20
440000,571,57,47.3,0.0,0.0,16.4,0.0,20
440000,958,56,48.0,0.0,0.0,15.9,0.0,7
440000,579,44,48.8,1.0,0.1,13.8,1.0,7
440000,1058,40,48.4,0.1,0.0,15.5,0.1,7
440000,1085,34,48.1,0.0,0.0,15.9,0.0,4
440000,735,31,47.9,0.0,0.0,16.1,0.0,5
440000,1062,22,48.0,0.0,0.0,16.0,0.0,2
440000,1094,9,48.0,0.0,0.0,16.0,0.0,1
440000,924,8,48.0,0.0,0.0,16.0,0.0,1
441000,980,679,0.1,0.1,0.1,6.7,0.0,126
441000,766,636,47.6,0.2,0.0,16.0,0.2,49
441000,968,435,47.5,0.0,0.0,16.0,0.0,34
441000,521,427,24.1,24.0,0.0,16.0,23.7,13
441000,950,379,48.0,0.0,0.0,16.0,0.0,39
441000,1066,128,47.9,0.3,0.0,15.4,0.3,23
441000,530,108,48.3,0.0,0.0,15.7,0.0,8
441000,1107,93,48.0,0.0,0.2,15.8,0.0,19
441000,1063,81,48.2,0.0,0.0,15.7,0.0,7
441000,1058,62,47.1,0.2,0.0,16.6,0.2,8
441000,958,56,47.8,0.0,0.0,16.1,0.0,6
441000,1006,45,48.2,0.0,0.0,15.8,0.0,6
441000,579,34,48.0,1.3,0.0,14.6,1.3,9
441000,735,34,47.4,0.0,0.0,16.6,0.0,5
441000,571,23,45.3,0.0,0.0,18.7,0.0,5
441000,1094,18,48.4,0.0,0.0,15.6,0.0,3
441000,1085,16,49.1,0.0,0.0,14.9,0.0,4
441000,924,10,48.0,0.0,0.0,16.0,0.0,1
441000,1095,10,0.1,1.1,0.0,5.3,0.1,5
441000,1062,6,48.0,0.0,0.0,16.0,0.0,1
442000,766,641,47.6,0.1,0.0,16.0,0.1,62
442000,950,603,47.9,0.0,0.0,16.1,0.0,59
442000,980,498,0.0,0.0,0.0,5.5,0.0,73
442000,968,445,47.6,0.0,0.0,16.1,0.0,36
442000,521,422,24.3,23.8,0.0,15.8,23.7,17
442000,1066,168,47.4,0.2,0.0,16.2,0.2,25
442000,958,130,47.9,0.0,0.0,16.0,0.0,19
442000,530,91,47.5,0.5,0.0,16.0,0.0,4
442000,1063,70,48.0,0.2,0.0,15.8,0.2,6
442000,1115,62,48.2,0.0,0.0,15.8,0.0,4
442000,1058,46,48.1,0.0,0.0,15.9,0.0,3
442000,579,37,47.0,1.1,0.0,15.8,1.1,7
442000,1006,36,48.4,0.0,0.0,15.6,0.0,2
442000,735,36,48.1,0.0,0.0,15.9,0.0,3
442000,571,26,48.2,0.0,0.0,15.3,0.0,10
442000,1094,19,48.4,0.0,0.0,15.6,0.0,5
442000,1085,9,49.2,0.0,0.0,14.8,0.0,2
442000,1062,8,43.4,0.0,0.0,17.8,0.0,3
442000,924,8,49.6,0.0,0.0,14.4,0.0,2
443000,766,864,47.9,0.1,0.0,15.9,0.1,67
443000,980,809,0.0,0.0,0.1,6.1,0.0,133
443000,950,586,47.8,0.0,0.0,16.2,0.0,72
443000,968,394,47.8,0.0,0.0,15.9,0.0,35
443000,521,389,24.2,23.8,0.0,15.9,23.7,9
443000,1066,171,48.0,0.1,0.0,15.9,0.1,15
443000,530,92,47.7,0.4,0.0,15.9,0.2,9
443000,1063,59,48.2,0.1,0.0,15.7,0.1,8
443000,1058,49,48.1,0.0,0.0,15.8,0.0,7
443000,1115,48,48.3,0.0,0.1,15.5,0.0,6
443000,735,44,48.2,0.0,0.0,15.8,0.0,7
443000,958,41,48.0,0.0,0.0,16.0,0.0,4
443000,571,33,47.5,0.0,0.0,16.3,0.0,6
443000,1006,32,47.7,0.0,0.0,16.1,0.0,5
443000,1118,28,26.0,20.0,0.0,18.0,20.0,1
443000,579,18,49.3,1.0,0.0,13.7,1.0,5
443000,1085,17,47.6,0.0,0.0,16.0,0.0,4
443000,1094,11,46.9,0.0,0.0,16.4,0.0,3
443000,924,9,48.0,0.0,0.0,16.0,0.0,1
444000,766,732,47.7,0.1,0.0,16.0,0.1,65
444000,980,621,0.1,0.0,0.4,6.1,0.0,108
444000,950,534,47.3,0.0,0.0,16.7,0.0,50
444000,521,383,24.2,23.9,0.0,15.9,23.8,14
444000,968,345,48.0,0.0,0.0,15.7,0.0,42
444000,1066,167,47.9,0.3,0.0,15.8,0.3,21
444000,1121,132,48.1,0.0,0.0,15.9,0.0,26
444000,530,122,47.8,0.3,0.0,15.7,0.2,11
444000,1115,60,48.3,0.0,0.0,15.6,0.0,6
444000,1118,60,26.2,19.8,0.0,18.0,19.6,3
444000,1058,46,48.2,0.3,0.0,15.6,0.3,8
444000,735,38,48.2,0.0,0.0,15.8,0.0,4
444000,1063,37,48.0,0.1,0.0,15.9,0.1,4
444000,958,36,47.6,0.0,0.2,16.1,0.0,7
444000,1006,35,47.3,0.0,0.0,16.6,0.0,6
444000,571,34,46.9,0.0,0.0,16.3,0.0,13
444000,579,30,49.3,1.1,0.0,13.6,1.1,5
444000,924,14,48.1,0.0,0.0,15.9,0.0,2
444000,1094,11,47.7,0.3,0.0,16.0,0.3,3
444000,1085,11,49.0,0.0,0.0,15.0,0.0,1
445000,980,625,0.0,0.1,0.1,6.5,0.0,114
445000,950,537,47.1,0.0,0.0,16.8,0.0,64
445000,766,536,47.8,0.1,0.0,15.9,0.1,43
445000,968,422,47.6,0.0,0.1,16.0,0.0,53
445000,521,322,24.1,24.0,0.0,15.9,23.4,13
445000,1066,213,47.3,0.1,0.0,16.2,0.1,27
445000,530,105,48.0,0.0,0.0,15.9,0.0,7
445000,1121,93,48.8,0.0,0.0,15.2,0.0,15
445000,1006,76,48.6,0.0,0.0,15.3,0.0,11
445000,1063,74,47.9,0.4,0.0,15.7,0.3,14
445000,1118,60,26.3,19.8,0.0,17.9,19.8,2
445000,1115,59,48.1,0.3,0.0,15.6,0.3,13
445000,735,50,47.9,0.0,0.0,16.1,0.0,10
445000,1058,41,47.9,0.0,0.0,15.9,0.0,4
445000,958,37,47.1,0.0,0.2,16.7,0.0,10
445000,571,28,47.6,0.0,0.0,16.0,0.0,10
445000,579,14,49.1,0.9,0.0,14.0,0.9,5
445000,1094,12,47.8,0.0,0.0,16.2,0.0,2
445000,924,7,48.0,0.0,0.0,16.0,0.0,1
446000,766,803,47.5,0.2,0.0,16.2,0.1,64
446000,980,619,0.0,0.0,0.2,6.4,0.0,112
446000,968,456,48.1,0.0,0.0,15.8,0.0,46
446000,950,408,47.8,0.0,0.0,16.1,0.0,35
446000,521,359,24.4,23.7,0.0,15.8,23.5,15
446000,1066,162,48.2,0.1,0.0,15.7,0.1,21
446000,530,106,48.1,0.0,0.0,15.8,0.0,11
446000,1063,101,48.0,0.0,0.0,16.0,0.0,13
446000,1118,91,27.3,18.8,0.0,17.9,18.8,6
446000,1121,88,48.7,0.0,0.0,15.3,0.0,16
446000,1115,88,47.4,0.0,0.0,16.0,0.0,10
446000,735,50,47.4,0.0,0.0,16.6,0.0,10
446000,958,42,47.8,0.0,0.0,16.2,0.0,5
446000,1058,41,47.8,0.0,0.0,16.2,0.0,5
446000,579,38,49.0,1.2,0.0,13.8,1.2,6
446000,924,18,47.2,1.0,0.0,15.8,0.3,4
446000,1006,15,49.6,0.0,0.0,13.9,0.0,7
447000,766,604,47.6,0.2,0.0,16.1,0.2,59
447000,968,396,47.7,0.0,0.0,15.9,0.0,51
447000,521,394,24.1,24.0,0.0,15.9,23.6,12
447000,980,328,0.0,0.0,0.0,6.1,0.0,70
447000,950,324,48.2,0.0,0.0,15.8,0.0,32
447000,1066,147,48.2,0.1,0.0,15.8,0.1,18
447000,1063,129,47.2,0.1,0.0,16.5,0.1,19
447000,530,97,48.3,0.0,0.0,15.7,0.0,10
447000,1118,94,26.2,19.8,0.0,17.8,19.5,5
447000,1115,77,48.1,0.0,0.0,15.9,0.0,7
447000,1121,68,48.2,0.0,0.0,15.8,0.0,10
447000,1006,56,48.4,0.0,0.0,15.6,0.0,9
447000,735,52,47.9,0.0,0.0,16.1,0.0,10
447000,579,44,46.6,1.1,0.0,16.2,1.1,5
447000,1058,37,48.6,0.0,0.0,15.4,0.0,5
447000,958,28,47.7,0.0,0.4,15.9,0.0,9
447000,1130,15,48.0,0.0,0.0,16.0,0.0,1
447000,924,10,49.3,0.0,0.0,14.7,0.0,2
448000,766,510,47.2,0.3,0.0,16.1,0.3,66
448000,980,425,0.0,0.0,0.0,5.6,0.0,71
448000,521,402,24.6,23.7,0.0,15.7,23.4,19
448000,950,400,48.0,0.0,0.0,15.9,0.0,40
448000,968,387,47.8,0.0,0.0,15.9,0.0,45
448000,1132,349,43.2,0.0,0.8,19.9,0.0,41
448000,1066,184,47.9,0.1,0.0,15.8,0.1,22
448000,1063,102,47.5,0.3,0.0,16.1,0.3,19
448000,530,92,48.1,0.1,0.0,15.9,0.1,9
448000,1118,63,26.2,19.6,0.0,18.2,19.6,3
448000,1121,60,48.8,0.0,0.0,15.2,0.0,8
448000,1006,56,48.3,0.0,0.0,15.5,0.0,7
448000,735,48,48.8,0.0,0.0,15.2,0.0,13
448000,958,47,46.0,0.3,0.5,16.9,0.0,12
448000,1115,35,48.3,0.0,0.0,15.6,0.0,4
448000,1058,35,47.9,0.1,0.0,16.0,0.1,7
448000,1130,32,47.4,0.1,0.0,16.4,0.1,7
448000,579,26,45.2,1.5,0.0,16.7,1.5,9
448000,1094,7,48.0,0.0,0.0,16.0,0.0,1
448000,924,7,42.7,3.4,0.0,17.9,1.0,3
449000,521,489,24.1,23.8,0.0,15.7,23.0,27
449000,766,451,46.7,0.3,0.0,16.8,0.3,43
449000,968,419,48.2,0.1,0.1,15.6,0.1,44
449000,950,313,48.1,0.0,0.0,15.8,0.0,35
449000,980,303,0.0,0.1,0.1,5.0,0.0,56
449000,1132,220,44.2,0.0,0.1,19.8,0.0,29
449000,1066,128,48.1,0.2,0.0,15.7,0.2,19
449000,1063,126,47.7,0.0,0.0,16.2,0.0,21
449000,530,104,48.2,0.0,0.0,15.8,0.0,10
449000,1115,73,48.1,0.0,0.1,15.9,0.0,3
449000,735,47,47.9,0.0,0.0,16.0,0.0,13
449000,1058,47,47.4,1.0,0.0,15.7,0.0,7
449000,1121,45,49.6,0.0,0.0,14.4,0.0,7
449000,1006,42,47.1,0.0,0.0,16.4,0.0,12
449000,1118,41,26.0,20.3,0.0,17.7,20.0,2
449000,958,40,48.0,0.0,0.2,15.8,0.0,11
449000,1136,38,48.4,0.1,0.0,15.5,0.1,5
449000,1130,32,47.0,0.0,0.0,15.8,0.0,2
449000,579,27,48.0,0.9,0.1,15.0,0.9,4
449000,924,12,48.1,0.0,0.0,15.9,0.0,2
449000,1094,7,48.1,0.0,0.0,15.9,0.0,2
450000,968,411,48.1,0.0,0.0,15.6,0.0,46
450000,950,403,47.8,0.0,0.0,16.1,0.0,39
450000,521,399,24.2,23.6,0.0,16.1,23.5,17
450000,766,345,47.9,0.0,0.0,16.0,0.0,31
450000,980,258,0.0,0.0,0.1,4.5,0.0,37
450000,1132,217,47.2,0.0,0.0,16.8,0.0,25
450000,1066,158,47.6,0.0,0.0,16.4,0.0,20
450000,1063,151,48.0,0.2,0.0,15.8,0.2,17
450000,530,105,48.0,0.0,0.0,16.0,0.0,7
450000,1118,61,25.9,20.1,0.0,17.8,20.0,2
450000,1115,59,48.1,0.0,0.0,15.8,0.0,10
450000,1121,57,48.9,0.0,0.0,15.1,0.0,5
450000,1058,57,48.1,0.1,0.0,15.8,0.1,6
450000,958,41,47.4,0.3,0.0,16.3,0.3,11
450000,1130,33,48.4,0.0,0.0,15.6,0.0,4
450000,579,27,48.6,0.9,0.0,14.6,0.9,8
450000,735,25,48.5,0.0,0.0,15.5,0.0,5
450000,1006,25,47.9,0.0,0.0,15.8,0.0,3
450000,1094,18,48.0,0.0,0.0,16.0,0.0,4
450000,1136,16,48.2,0.0,0.0,15.8,0.0,2
451000,980,567,0.0,0.0,0.2,5.2,0.0,80
451000,950,496,47.8,0.0,0.0,16.2,0.0,53
451000,766,489,47.7,0.1,0.0,16.1,0.1,47
451000,968,432,46.6,0.0,0.0,16.6,0.0,46
451000,521,359,24.4,23.7,0.0,15.8,23.6,15
451000,1132,243,45.1,0.0,0.0,18.8,0.0,32
451000,1063,212,47.5,0.1,0.0,16.4,0.1,27
451000,1066,140,48.3,0.1,0.0,15.6,0.1,21
451000,1146,131,0.5,0.0,0.1,11.1,0.0,27
451000,1144,118,47.9,0.3,0.0,15.7,0.3,15
451000,1130,87,47.2,0.1,0.0,16.5,0.0,15
451000,1147,85,48.4,0.0,0.0,15.5,0.0,9
451000,1006,82,47.9,0.0,0.0,16.0,0.0,10
451000,1118,78,26.2,19.8,0.0,18.0,19.7,3
451000,530,77,48.3,0.0,0.0,15.6,0.0,9
451000,1115,71,48.1,0.5,0.0,15.5,0.5,8
451000,1058,53,48.3,0.1,0.0,15.5,0.1,7
451000,1121,43,49.0,0.0,0.0,15.0,0.0,2
451000,958,31,48.1,0.0,0.0,15.1,0.0,7
451000,735,29,48.7,0.0,0.0,15.3,0.0,7
451000,579,20,48.1,0.8,0.0,15.1,0.8,3
451000,1094,7,48.0,0.0,0.0,16.0,0.0,1
452000,521,465,24.6,23.7,0.0,15.7,23.5,26
452000,950,461,47.9,0.0,0.0,16.1,0.0,53
452000,766,341,45.7,0.4,0.0,17.5,0.4,35
452000,968,313,48.0,0.0,0.0,15.9,0.0,24
452000,980,294,0.0,0.0,0.1,4.0,0.0,43
452000,1146,288,0.5,0.0,0.0,12.4,0.0,56
452000,1132,266,43.5,0.0,0.0,20.5,0.0,33
452000,1066,182,48.1,0.1,0.0,15.7,0.1,23
452000,1144,171,48.2,0.2,0.0,15.6,0.2,10
452000,1063,139,47.8,0.1,0.0,16.1,0.1,21
452000,1147,92,47.9,0.0,0.0,15.7,0.0,9
452000,530,80,48.0,0.0,0.0,16.0,0.0,4
452000,1118,76,26.1,19.6,0.0,18.3,19.5,6
452000,1006,70,48.3,0.0,0.0,15.7,0.0,8
452000,1115,53,48.3,0.0,0.0,15.7,0.0,9
452000,1058,51,48.5,0.2,0.0,15.3,0.2,8
452000,1130,45,47.8,0.0,0.0,16.2,0.0,8
452000,735,30,47.9,0.0,0.0,16.1,0.0,2
452000,1121,22,48.3,0.0,0.0,15.7,0.0,3
452000,958,13,48.0,0.0,0.0,16.0,0.0,3
452000,579,9,48.7,0.0,0.0,15.3,0.0,2
452000,1094,7,48.4,0.0,0.0,15.6,0.0,2
453000,766,472,47.1,0.2,0.0,16.4,0.2,57
453000,1151,437,0.7,0.2,0.0,10.2,0.0,124
453000,521,413,24.1,23.9,0.0,15.9,23.4,26
453000,1132,355,43.8,0.0,0.0,20.2,0.0,44
453000,950,333,47.8,0.0,0.0,16.2,0.0,30
453000,968,280,47.8,0.0,0.0,16.0,0.0,26
453000,980,180,0.1,0.0,0.1,5.9,0.0,33
453000,1066,174,47.9,0.0,0.0,16.0,0.0,17
453000,1144,159,48.2,0.3,0.0,15.5,0.3,11
453000,1063,125,47.9,0.1,0.0,16.0,0.1,10
453000,1006,78,48.3,0.0,0.0,15.6,0.0,14
453000,1147,74,48.1,0.0,0.0,15.9,0.0,9
453000,1115,73,48.1,0.2,0.0,15.7,0.2,12
453000,530,70,48.0,0.0,0.0,16.0,0.0,5
453000,1118,68,26.4,19.8,0.0,17.8,18.7,5
453000,1058,55,48.1,0.1,0.0,15.7,0.1,5
453000,1130,28,48.5,0.0,0.0,15.5,0.0,6
453000,1121,22,48.8,0.0,0.0,15.0,0.0,4
453000,958,19,44.8,0.0,0.1,18.5,0.0,6
453000,735,16,47.8,0.0,0.0,16.2,0.0,4
453000,1094,5,48.6,0.0,0.0,15.4,0.0,2
453000,1136,5,48.0,0.0,0.0,16.0,0.0,1
454000,1151,572,0.2,0.2,0.1,11.4,0.0,162
454000,521,447,24.4,23.7,0.0,15.9,23.6,20
454000,766,379,46.4,0.3,0.0,17.0,0.3,49
454000,968,370,47.7,0.0,0.0,16.2,0.0,41
454000,950,352,47.9,0.0,0.0,16.1,0.0,35
454000,1132,311,43.9,0.0,0.0,20.0,0.0,40
454000,980,217,0.0,0.0,0.0,5.9,0.0,38
454000,1144,147,48.3,0.4,0.0,15.3,0.4,20
454000,1066,136,48.2,0.0,0.0,15.8,0.0,12
454000,1063,102,47.8,0.1,0.0,16.0,0.1,17
454000,1118,95,25.9,20.1,0.0,18.0,19.6,3
454000,530,90,48.3,0.1,0.0,15.6,0.1,8
454000,1006,72,47.9,0.0,0.0,15.9,0.0,11
454000,1058,62,48.2,0.0,0.0,15.7,0.0,7
454000,1115,60,48.8,0.3,0.0,14.9,0.3,7
454000,1130,40,47.5,0.0,0.0,16.5,0.0,7
454000,1121,18,47.2,0.0,0.0,16.8,0.0,4
454000,735,12,48.0,0.0,0.0,16.0,0.0,1
454000,958,8,48.5,0.0,0.0,15.5,0.0,3
455000,766,462,46.6,0.2,0.0,16.7,0.2,54
455000,521,447,24.0,24.0,0.0,15.9,23.6,20
455000,968,430,48.0,0.0,0.0,15.8,0.0,34
455000,950,350,48.0,0.0,0.0,16.0,0.0,38
455000,980,322,0.0,0.0,0.1,5.3,0.0,58
455000,1151,170,0.5,0.9,0.0,10.2,0.1,66
455000,1144,162,48.2,0.2,0.0,15.6,0.2,16
455000,1063,153,48.0,0.1,0.0,15.9,0.1,21
455000,1066,147,47.2,0.1,0.0,16.5,0.1,15
455000,1132,125,46.6,0.0,0.0,17.4,0.0,18
455000,530,99,48.1,0.1,0.0,15.9,0.1,8
455000,1115,84,48.1,0.2,0.0,15.7,0.2,8
455000,1118,79,26.1,19.8,0.0,18.2,19.7,4
455000,1006,76,48.0,0.0,0.0,16.0,0.0,5
455000,1058,53,48.3,0.0,0.0,15.7,0.0,5
455000,1130,39,47.8,0.0,0.0,16.2,0.0,8
455000,1121,34,48.9,0.0,0.0,15.0,0.0,7
455000,1094,10,48.4,0.0,0.0,15.6,0.0,2
455000,958,8,48.2,0.0,0.0,15.8,0.0,3
456000,521,517,24.0,24.1,0.0,15.9,23.7,14
456000,968,435,47.9,0.0,0.1,15.8,0.0,40
456000,766,359,47.9,0.1,0.0,15.8,0.1,37
456000,950,318,48.0,0.0,0.0,16.0,0.0,36
456000,980,198,0.0,0.0,0.1,5.9,0.0,30
456000,1166,185,0.0,0.0,0.0,3.9,0.0,28
456000,1066,149,47.8,0.1,0.0,15.8,0.1,18
456000,1063,143,47.8,0.2,0.0,15.9,0.2,11
456000,1006,140,48.4,0.0,0.1,15.5,0.0,21
456000,1144,115,48.2,0.5,0.0,15.3,0.5,10
456000,1132,87,43.6,0.0,0.0,20.3,0.0,12
456000,1130,78,48.1,0.0,0.0,15.9,0.0,12
456000,530,73,48.2,0.1,0.0,15.7,0.1,7
456000,1115,73,48.4,0.6,0.0,15.0,0.5,13
456000,1169,46,48.2,0.0,0.0,15.8,0.0,3
456000,1168,46,9.2,0.2,0.1,9.5,0.2,25
456000,1058,43,48.0,0.3,0.0,15.7,0.3,5
456000,1121,42,48.7,0.0,0.0,15.3,0.0,6
456000,1118,39,27.3,18.5,0.0,18.2,18.5,4
456000,1151,22,3.0,9.3,0.4,10.7,1.2,9
456000,958,17,48.2,0.0,1.2,14.6,0.0,6
457000,521,472,24.4,23.7,0.0,15.9,23.6,25
457000,968,387,48.1,0.0,0.0,15.6,0.0,41
457000,766,365,47.1,0.2,0.0,16.2,0.2,51
457000,950,328,48.0,0.0,0.0,16.0,0.0,37
457000,1168,276,1.6,0.1,0.1,12.0,0.0,75
457000,1166,241,0.0,0.0,0.0,6.1,0.0,52
457000,1132,239,42.3,0.0,0.1,21.5,0.0,41
457000,980,206,0.0,0.0,0.1,5.4,0.0,34
457000,1066,141,48.2,0.1,0.0,15.6,0.1,12
457000,1006,141,47.9,0.2,0.0,15.9,0.0,15
457000,1063,116,48.2,0.0,0.0,15.7,0.0,15
457000,1144,96,48.4,0.5,0.0,15.2,0.5,10
457000,1130,91,46.6,0.3,0.0,17.1,0.2,19
457000,530,73,48.4,0.0,0.0,15.6,0.0,8
457000,1115,73,48.6,0.2,0.0,15.2,0.2,6
457000,1118,69,26.2,19.7,0.0,18.0,19.7,2
457000,1121,50,46.3,0.0,0.0,17.6,0.0,7
457000,958,50,46.3,0.0,0.1,17.6,0.0,9
457000,1058,47,48.4,0.0,0.0,15.6,0.0,5
457000,1169,34,48.4,0.0,0.0,15.6,0.0,6
457000,1175,25,48.6,0.0,0.0,15.4,0.0,5
458000,950,621,45.0,0.1,0.0,18.8,0.0,78
458000,521,461,24.2,23.8,0.0,16.0,23.6,20
458000,968,447,48.0,0.0,0.0,15.8,0.0,36
458000,766,396,46.9,0.4,0.0,16.5,0.4,53
458000,980,287,0.0,0.0,0.1,7.6,0.0,61
458000,1168,156,0.8,0.1,0.4,12.6,0.1,45
458000,1066,152,47.7,0.1,0.1,16.1,0.1,11
458000,1006,137,48.3,0.0,0.0,15.5,0.0,14
458000,1177,128,48.0,0.0,0.0,16.0,0.0,10
458000,1130,123,48.1,0.0,0.1,15.5,0.0,21
458000,1166,111,0.0,0.0,0.2,3.4,0.0,20
458000,1063,110,46.4,0.0,0.0,17.1,0.0,19
458000,1178,93,0.0,0.0,0.0,3.8,0.0,13
458000,530,79,48.2,0.1,0.0,15.7,0.1,7
458000,1144,76,48.1,0.6,0.0,15.2,0.6,5
458000,1118,76,26.0,20.0,0.0,18.0,20.0,1
458000,1115,67,49.0,0.4,0.0,14.7,0.4,8
458000,1121,53,46.0,0.0,0.0,17.8,0.0,13
458000,1058,35,48.2,0.1,0.0,15.7,0.1,5
458000,1169,26,48.7,0.1,0.0,15.2,0.1,6
458000,1175,17,48.8,0.0,0.0,15.2,0.0,5
458000,1132,14,47.3,0.0,0.0,16.7,0.0,3
458000,1180,10,48.0,0.0,0.0,16.0,0.0,1
459000,521,490,24.1,24.0,0.0,15.8,23.5,25
459000,1166,465,0.0,0.0,0.0,4.5,0.0,55
459000,968,444,48.0,0.0,0.0,15.9,0.0,41
459000,980,394,0.0,0.0,0.1,3.9,0.0,46
459000,766,369,48.2,0.1,0.0,15.4,0.1,38
459000,1183,324,0.3,0.2,0.2,8.3,0.1,93
459000,950,320,47.9,0.0,0.0,16.0,0.0,47
459000,1177,151,48.0,0.0,0.0,15.9,0.0,10
459000,1006,151,48.2,0.0,0.0,15.8,0.0,14
459000,1066,142,48.0,0.0,0.0,15.8,0.0,11
459000,1063,139,47.6,0.0,0.0,16.2,0.0,17
459000,1130,106,48.4,0.0,0.0,15.5,0.0,16
459000,1185,89,48.0,0.0,0.0,15.9,0.0,4
459000,1118,84,26.6,19.3,0.0,18.1,19.3,4
459000,1144,78,48.0,0.6,0.0,15.4,0.6,9
459000,530,72,47.9,0.4,0.0,15.8,0.2,8
459000,1178,67,0.0,0.0,0.0,4.4,0.0,7
459000,1168,67,0.8,0.0,0.0,14.7,0.0,24
459000,1132,49,47.8,0.0,0.0,16.2,0.0,3
459000,1058,45,47.0,0.7,0.0,16.2,0.7,3
459000,1180,24,47.8,0.0,0.0,16.2,0.0,2
459000,1115,20,49.9,0.1,0.0,14.1,0.1,7
459000,1121,15,48.9,0.0,0.0,14.7,0.0,5
459000,1169,12,47.5,0.0,0.0,15.3,0.0,5
459000,1175,5,48.0,0.0,0.0,16.0,0.0,1
460000,968,509,47.8,0.0,0.0,16.0,0.0,39
460000,521,482,24.0,23.8,0.0,16.1,23.7,18
460000,1183,482,0.0,0.2,0.1,9.1,0.0,118
460000,766,409,48.0,0.1,0.0,15.7,0.1,37
460000,1166,318,0.0,0.0,0.0,3.5,0.0,34
460000,950,317,47.6,0.0,0.0,16.3,0.0,34
460000,1185,255,47.2,0.4,0.0,16.2,0.2,34
460000,980,184,0.0,0.1,0.0,5.5,0.0,31
460000,1066,182,47.8,0.3,0.0,15.7,0.3,33
460000,1130,149,47.8,0.0,0.0,16.2,0.0,17
460000,1063,137,48.0,0.0,0.0,15.9,0.0,17
460000,1006,126,48.2,0.0,0.0,15.5,0.0,21
460000,1144,125,48.1,0.6,0.0,15.3,0.6,9
460000,530,72,48.5,0.0,0.0,15.5,0.0,8
460000,1058,66,47.9,0.2,0.0,15.8,0.2,7
460000,1132,66,47.9,0.0,0.0,16.1,0.0,6
460000,1180,35,48.1,0.0,0.0,15.9,0.0,3
460000,1115,33,48.4,0.1,0.0,15.5,0.1,4
460000,1118,23,26.0,19.9,0.0,18.1,19.6,4
460000,1175,16,48.4,0.0,0.0,15.6,0.0,4
460000,1169,9,48.1,0.0,0.0,15.8,0.0,2
461000,1183,547,0.3,0.3,0.1,9.3,0.1,118
461000,521,482,24.5,23.6,0.0,15.9,23.4,22
461000,766,421,48.0,0.4,0.0,15.5,0.4,49
461000,968,400,46.7,0.0,0.0,16.1,0.0,44
461000,950,325,47.9,0.0,0.0,16.1,0.0,30
461000,1166,293,0.0,0.0,0.0,3.5,0.0,40
461000,980,244,0.0,0.0,0.0,5.0,0.0,38
461000,1185,222,48.3,0.0,0.0,15.5,0.0,21
461000,1130,146,48.1,0.1,0.0,15.8,0.1,13
461000,1132,138,48.1,0.0,0.0,15.9,0.0,14
461000,1006,132,48.4,0.0,0.0,15.6,0.0,15
461000,1066,132,48.2,0.1,0.0,15.6,0.1,14
461000,1063,130,47.8,0.0,0.0,16.2,0.0,18
461000,1115,106,47.8,0.3,0.0,16.0,0.2,20
461000,1144,94,48.0,0.6,0.0,15.4,0.6,5
461000,530,69,48.2,0.2,0.0,15.6,0.2,9
461000,1058,66,47.0,0.8,0.0,16.1,0.8,10
461000,1118,42,26.0,20.0,0.0,18.0,20.0,1
461000,1180,40,48.3,0.0,0.0,15.6,0.0,4
461000,1175,31,47.8,0.0,0.0,16.2,0.0,5
461000,1169,12,48.3,0.0,0.0,15.6,0.0,4
462000,766,545,48.0,0.0,0.0,15.9,0.0,44
462000,968,414,47.9,0.0,0.0,16.0,0.0,44
462000,1166,400,0.0,0.0,0.0,3.7,0.0,50
462000,950,373,47.9,0.0,0.0,16.0,0.0,38
462000,521,370,24.1,23.9,0.0,15.9,23.7,12
462000,1183,368,0.0,0.0,0.1,8.7,0.0,103
462000,980,211,0.0,0.0,0.0,6.2,0.0,35
462000,1115,179,48.0,0.1,0.0,15.9,0.1,24
462000,1132,166,48.0,0.0,0.0,16.0,0.0,24
462000,1066,147,47.7,0.1,0.0,16.2,0.1,14
462000,1144,141,47.8,0.5,0.0,15.7,0.5,8
462000,1006,133,48.0,0.0,0.0,15.9,0.0,19
462000,1130,124,48.2,0.0,0.0,15.8,0.0,22
462000,1063,94,47.6,0.5,0.0,15.9,0.3,14
462000,1058,72,48.2,0.1,0.0,15.8,0.1,9
462000,1118,71,26.0,20.0,0.0,18.0,20.0,1
462000,530,49,48.6,0.1,0.0,15.3,0.1,6
462000,1175,43,47.7,0.0,0.0,16.3,0.0,6
462000,1169,25,39.3,0.4,0.0,17.7,0.4,5
462000,1185,10,49.6,0.0,0.0,14.4,0.0,3
463000,1183,482,0.0,0.2,0.0,8.9,0.0,124
463000,521,456,24.1,23.9,0.0,15.9,23.6,14
463000,950,441,47.9,0.0,0.0,16.1,0.0,48
463000,968,390,48.1,0.0,0.0,15.8,0.0,23
463000,980,378,0.0,0.0,0.0,5.1,0.0,46
463000,766,367,47.9,0.1,0.0,15.7,0.1,47
463000,1166,212,0.0,0.0,0.1,3.5,0.0,27
463000,1115,166,48.3,0.0,0.0,15.7,0.0,18
463000,1066,153,48.1,0.1,0.0,15.8,0.1,17
463000,1132,122,47.9,0.0,0.0,16.1,0.0,15
463000,1063,107,48.0,0.1,0.0,15.9,0.1,11
463000,1144,105,48.1,0.4,0.0,15.5,0.4,7
463000,1130,103,47.6,0.0,0.0,16.3,0.0,17
463000,1006,97,48.2,0.0,0.0,15.8,0.0,15
463000,1194,74,48.5,0.0,0.1,15.4,0.0,11
463000,1058,52,48.2,0.0,0.0,15.8,0.0,4
463000,1118,46,25.9,20.2,0.0,17.9,19.9,2
463000,530,36,47.8,0.0,0.0,16.2,0.0,4
463000,1175,31,46.5,0.0,0.0,17.5,0.0,4
463000,1169,25,47.4,0.0,0.0,15.9,0.0,3
464000,766,491,46.9,0.5,0.0,16.3,0.5,84
464000,521,416,24.0,24.0,0.0,15.9,23.6,15
464000,950,400,47.7,0.0,0.0,16.2,0.0,44
464000,968,395,47.8,0.2,0.0,15.8,0.2,47
464000,1183,384,0.0,0.1,0.2,7.4,0.0,76
464000,980,309,0.0,0.0,0.1,5.2,0.0,52
464000,1066,180,48.0,0.2,0.0,15.8,0.2,21
464000,1132,167,47.4,0.1,0.0,16.4,0.0,31
464000,1115,137,47.7,0.3,0.1,15.9,0.2,24
464000,1063,116,47.3,0.1,0.0,16.6,0.1,19
464000,1006,114,48.3,0.0,0.0,15.7,0.0,15
464000,1144,113,47.8,0.8,0.0,15.3,0.7,10
464000,1130,94,48.2,0.0,0.0,15.7,0.0,17
464000,1166,85,0.0,0.0,0.0,4.3,0.0,12
464000,1058,63,48.1,0.1,0.0,15.8,0.1,6
464000,1194,52,48.6,0.0,0.1,15.4,0.0,6
464000,530,49,48.6,0.0,0.0,15.4,0.0,6
464000,1175,31,48.0,0.0,0.0,16.0,0.0,3
464000,1118,31,26.0,20.0,0.0,18.0,20.0,1
464000,1198,28,0.0,0.0,0.0,3.8,0.0,9
464000,1169,27,48.3,0.1,0.0,15.4,0.1,6
465000,968,485,47.7,0.0,0.0,16.0,0.0,44
465000,950,434,47.2,0.0,0.0,16.7,0.0,54
465000,521,353,24.2,24.0,0.0,15.7,23.4,14
465000,766,331,48.1,0.0,0.0,15.6,0.0,37
465000,980,327,0.0,0.1,0.0,5.3,0.0,51
465000,1183,314,0.0,0.1,0.2,7.4,0.0,67
465000,1132,214,47.4,0.0,0.0,16.6,0.0,25
465000,1066,157,47.9,0.1,0.0,16.0,0.1,20
465000,1115,138,48.3,0.1,0.0,15.6,0.1,19
465000,1166,116,0.0,0.0,0.0,5.2,0.0,30
465000,1063,109,48.0,0.1,0.0,15.9,0.1,13
465000,1144,83,47.7,1.0,0.0,15.3,1.0,7
465000,1006,77,48.1,0.0,0.0,15.9,0.0,10
465000,530,58,47.9,0.1,0.0,16.0,0.1,4
465000,1194,57,47.1,0.0,0.1,15.9,0.0,8
465000,1175,54,48.2,0.0,0.0,15.8,0.0,9
465000,1130,52,48.3,0.0,0.0,15.6,0.0,7
465000,1058,50,48.2,0.0,0.0,15.8,0.0,5
465000,1118,35,26.0,19.9,0.0,18.1,19.9,2
465000,1201,27,48.6,0.0,0.0,14.6,0.0,4
465000,1169,25,46.6,0.0,0.0,15.8,0.0,6
465000,1198,13,0.0,0.0,0.0,2.3,0.0,5
466000,980,510,0.0,0.0,0.0,5.1,0.0,63
466000,968,467,47.6,0.0,0.1,16.2,0.0,51
466000,950,378,47.5,0.0,0.0,16.5,0.0,51
466000,766,356,48.1,0.0,0.0,15.6,0.0,31
466000,521,334,24.0,24.0,0.0,15.9,23.7,15
466000,1183,261,0.0,0.8,0.2,7.1,0.0,61
466000,1132,260,48.1,0.0,0.0,15.8,0.0,25
466000,1115,171,48.3,0.1,0.0,15.5,0.1,24
466000,1066,146,48.2,0.2,0.0,15.6,0.2,18
466000,1063,101,48.2,0.0,0.0,15.8,0.0,10
466000,1166,99,0.0,0.0,0.0,4.5,0.0,19
466000,1175,68,48.1,0.0,0.0,15.9,0.0,8
466000,530,68,47.8,0.3,0.0,16.0,0.3,7
466000,1130,67,48.0,0.1,0.0,15.9,0.1,8
466000,1006,65,47.1,0.0,0.0,16.9,0.0,10
466000,1058,61,48.1,0.1,0.0,15.8,0.1,7
466000,1194,47,46.6,0.0,0.2,16.9,0.0,11
466000,1144,45,48.0,2.0,0.0,14.0,2.0,5
466000,1118,32,26.5,19.4,0.0,17.6,19.4,2
466000,1169,25,46.2,0.0,0.0,17.6,0.0,3
466000,1198,24,0.0,0.0,0.0,2.2,0.0,3
466000,1201,21,46.1,0.0,0.0,15.3,0.0,6
466000,1203,15,48.5,0.0,0.0,14.7,0.0,4
467000,1183,413,0.0,0.1,0.2,7.6,0.0,82
467000,950,394,47.7,0.0,0.0,16.3,0.0,52
467000,968,392,48.1,0.0,0.0,15.8,0.0,32
467000,766,386,47.8,0.1,0.0,15.7,0.1,43
467000,980,385,0.0,0.0,0.0,5.5,0.0,57
467000,521,343,24.0,23.9,0.0,16.0,23.7,12
467000,1132,261,47.8,0.0,0.0,16.2,0.0,22
467000,1115,162,48.2,0.2,0.1,15.5,0.1,29
467000,1166,135,0.0,0.1,0.0,4.7,0.0,23
467000,1144,131,47.9,0.9,0.0,15.2,0.9,10
467000,1066,123,48.1,0.2,0.1,15.5,0.2,21
467000,1063,121,47.8,0.1,0.0,16.1,0.1,13
467000,1205,108,48.0,0.0,0.0,15.8,0.0,9
467000,1130,71,47.9,0.0,0.0,16.0,0.0,11
467000,1175,68,48.2,0.0,0.0,15.8,0.0,9
467000,1058,65,48.3,0.2,0.0,15.5,0.2,9
467000,1118,64,26.8,19.1,0.0,18.2,19.1,3
467000,1194,50,47.1,0.0,0.3,16.6,0.0,11
467000,530,48,48.1,0.1,0.0,15.8,0.1,4
467000,1006,47,48.3,0.0,0.0,15.7,0.0,6
467000,1169,24,48.2,0.0,0.0,15.8,0.0,3
467000,1201,22,48.1,0.2,0.0,14.9,0.2,4
467000,1198,6,0.0,0.0,0.0,3.5,0.0,4
467000,1203,5,48.0,0.0,0.0,16.0,0.0,1
468000,766,476,47.8,0.4,0.0,15.8,0.3,48
468000,968,470,48.1,0.0,0.0,15.8,0.0,43
468000,950,454,48.0,0.0,0.0,16.0,0.0,51
468000,980,439,0.0,0.0,0.0,5.1,0.0,59
468000,521,379,24.6,23.6,0.0,15.8,23.6,14
468000,1132,212,47.4,0.0,0.0,16.5,0.0,31
468000,1183,180,0.0,0.1,0.0,7.5,0.0,35
468000,1115,148,48.2,0.1,0.0,15.6,0.1,16
468000,1066,110,48.3,0.2,0.0,15.5,0.2,15
468000,1205,105,47.1,0.2,0.0,16.4,0.2,11
468000,1063,104,48.2,0.0,0.0,15.8,0.0,7
468000,1130,89,47.8,0.1,0.0,16.1,0.1,15
468000,1006,78,48.1,0.0,0.0,15.8,0.0,7
468000,1058,65,48.4,0.0,0.0,15.5,0.0,7
468000,1175,51,48.2,0.0,0.0,15.8,0.0,7
468000,1194,49,48.4,0.0,0.0,15.5,0.0,8
468000,1144,45,48.1,2.1,0.0,13.8,2.1,6
468000,530,43,48.2,0.0,0.0,15.8,0.0,4
468000,1166,36,0.0,0.0,0.0,4.5,0.0,7
468000,1169,23,48.2,0.0,0.0,15.7,0.0,3
468000,1118,22,26.8,19.1,0.0,18.1,19.1,2
468000,1198,11,0.0,0.0,0.0,3.7,0.0,4
468000,1201,8,48.0,0.0,0.0,15.0,0.0,1
469000,950,478,47.9,0.0,0.0,16.1,0.0,49
469000,968,442,47.9,0.0,0.0,15.8,0.0,40
469000,521,440,24.1,23.8,0.0,16.0,23.6,14
469000,980,378,0.1,0.0,0.0,5.7,0.0,66
469000,766,319,47.7,0.1,0.0,15.9,0.1,26
469000,1132,169,48.0,0.0,0.0,16.0,0.0,18
469000,1115,138,48.4,0.0,0.1,15.5,0.0,18
469000,1183,130,0.0,0.2,0.1,8.5,0.0,42
469000,1066,126,48.2,0.1,0.0,15.7,0.1,17
469000,1063,111,48.0,0.0,0.0,16.0,0.0,7
469000,1166,101,0.0,0.0,0.1,6.1,0.0,19
469000,1130,100,47.7,0.0,0.0,16.3,0.0,11
469000,1006,91,48.5,0.0,0.0,15.4,0.0,15
469000,1205,89,48.3,0.0,0.0,15.7,0.0,10
469000,1175,56,48.3,0.0,0.0,15.7,0.0,9
469000,1058,54,48.5,0.1,0.0,15.4,0.1,10
469000,530,42,48.1,0.0,0.0,15.9,0.0,5
469000,1144,29,48.0,2.2,0.0,13.8,2.2,2
469000,1194,25,47.2,0.0,0.2,15.7,0.0,8
469000,1118,13,26.0,20.0,0.0,18.0,20.0,1
469000,1169,11,45.0,1.0,0.0,17.7,0.5,4
469000,1198,6,0.0,0.0,0.0,3.8,0.0,3
470000,950,474,48.0,0.0,0.0,15.9,0.0,57
470000,968,453,47.5,0.0,0.1,16.0,0.0,41
470000,521,408,24.0,24.0,0.0,16.0,23.8,11
470000,766,289,48.1,0.0,0.0,15.6,0.0,28
470000,980,245,0.0,0.0,0.0,4.8,0.0,41
470000,1132,171,48.2,0.0,0.0,15.8,0.0,21
470000,1006,160,47.9,0.0,0.0,16.0,0.0,18
470000,1115,123,48.0,0.0,0.0,15.8,0.0,15
470000,1063,111,48.3,0.0,0.0,15.6,0.0,10
470000,1130,105,47.7,0.0,0.0,16.3,0.0,10
470000,1066,98,47.0,0.3,0.0,16.5,0.3,15
470000,1205,88,48.2,0.0,0.0,15.8,0.0,7
470000,1166,67,0.0,0.0,0.0,4.5,0.0,11
470000,1058,66,48.3,0.0,0.0,15.7,0.0,7
470000,530,65,48.1,0.0,0.0,15.9,0.0,8
470000,1144,51,48.1,2.0,0.0,13.9,2.0,4
470000,1194,26,46.2,0.0,0.0,17.8,0.0,5
470000,1198,23,0.0,0.0,0.0,1.7,0.0,3
470000,1183,23,0.0,0.0,0.0,7.0,0.0,7
470000,1175,18,48.3,0.0,0.0,15.7,0.0,2
470000,1118,15,26.0,20.0,0.0,18.0,20.0,1
470000,1169,7,48.0,0.0,0.0,16.0,0.0,1
471000,980,521,0.0,0.0,0.1,5.5,0.0,75
471000,521,461,24.2,23.9,0.0,15.9,23.9,9
471000,766,436,48.0,0.0,0.0,15.7,0.0,47
471000,968,425,47.7,0.0,0.0,16.2,0.0,40
471000,950,422,47.9,0.0,0.0,16.0,0.0,45
471000,1115,151,48.4,0.1,0.0,15.5,0.1,18
471000,1006,131,48.1,0.0,0.0,15.8,0.0,13
471000,1063,128,48.3,0.1,0.0,15.5,0.1,11
471000,1132,125,48.0,0.0,0.0,16.0,0.0,12
471000,1130,122,47.4,0.1,0.0,16.5,0.1,16
471000,1205,107,48.1,0.0,0.0,15.9,0.0,7
471000,1066,97,48.2,0.1,0.0,15.6,0.1,12
471000,1166,75,0.0,0.0,0.0,4.4,0.0,10
471000,530,56,48.1,0.0,0.0,15.8,0.0,5
471000,1058,45,48.3,0.0,0.0,15.7,0.0,7
471000,1144,44,47.6,2.6,0.0,13.8,2.2,7
471000,1175,40,48.1,0.0,0.0,15.9,0.0,3
471000,1183,32,0.2,0.0,0.0,8.2,0.0,10
471000,1194,28,47.4,0.0,0.2,16.0,0.0,4
471000,1118,10,26.3,19.6,0.0,18.1,19.6,2
472000,950,484,47.9,0.1,0.0,16.0,0.0,47
472000,980,452,0.0,0.0,0.0,5.4,0.0,69
472000,521,422,24.2,23.9,0.0,15.9,23.8,14
472000,968,421,48.0,0.0,0.1,15.9,0.0,41
472000,766,273,47.6,0.1,0.0,16.0,0.1,26
472000,1183,262,0.0,0.4,0.0,8.7,0.0,60
472000,1115,152,47.7,0.6,0.0,15.7,0.4,17
472000,1130,148,47.9,0.2,0.0,15.9,0.2,22
472000,1063,144,48.2,0.0,0.0,15.8,0.0,12
472000,1066,124,47.9,0.1,0.0,15.7,0.1,15
472000,1006,114,47.7,0.0,0.0,16.2,0.0,20
472000,1227,93,47.8,0.0,0.0,16.0,0.0,8
472000,1205,92,48.0,0.1,0.0,15.9,0.1,5
472000,1132,66,47.6,0.0,0.0,16.4,0.0,6
472000,1058,50,48.3,0.1,0.0,15.5,0.1,8
472000,1175,49,48.1,0.0,0.0,15.9,0.0,7
472000,1144,37,47.7,2.0,0.0,14.3,2.0,8
472000,1194,37,46.7,0.0,0.7,15.8,0.0,9
472000,1166,25,0.4,0.0,0.0,5.2,0.0,7
472000,530,21,48.3,0.0,0.0,15.7,0.0,2
472000,1118,16,26.2,18.9,0.0,18.9,18.9,2
473000,980,552,0.1,0.0,0.0,5.1,0.0,69
473000,950,487,48.2,0.0,0.0,15.8,0.0,48
473000,521,440,24.5,23.6,0.0,15.8,23.6,20
473000,968,413,47.8,0.0,0.0,16.1,0.0,36
473000,766,228,48.3,0.0,0.0,15.5,0.0,21
473000,1183,198,0.0,0.3,0.1,9.5,0.0,62
473000,1115,171,48.0,0.1,0.0,15.9,0.1,17
473000,1006,150,48.2,0.0,0.1,15.7,0.0,17
473000,1130,143,46.9,0.2,0.0,16.9,0.2,21
473000,1063,131,47.8,0.0,0.0,16.2,0.0,14
473000,1066,116,47.2,0.5,0.0,16.2,0.3,19
473000,1205,105,48.0,0.0,0.0,15.6,0.0,9
473000,530,69,48.1,0.0,0.0,15.9,0.0,4
473000,1175,64,48.0,0.0,0.0,16.0,0.0,6
473000,1058,54,48.8,0.1,0.0,15.2,0.1,7
473000,1132,48,47.9,0.0,0.0,16.1,0.0,8
473000,1229,47,47.8,0.3,0.0,15.9,0.3,6
473000,1227,46,48.2,0.0,0.0,15.8,0.0,3
473000,1228,38,0.0,0.0,0.0,4.1,0.0,4
473000,1144,36,48.0,2.0,0.0,14.0,2.0,3
473000,1118,32,26.3,19.9,0.0,17.8,19.9,2
473000,1194,7,49.1,0.0,0.3,14.6,0.0,3
473000,1166,5,0.0,0.0,0.0,7.4,0.0,3
474000,980,656,0.1,0.0,0.1,4.6,0.0,64
474000,950,474,47.7,0.0,0.0,16.2,0.0,53
474000,521,469,24.0,24.0,0.0,16.0,23.7,15
474000,968,390,47.9,0.0,0.1,15.9,0.0,41
474000,1205,264,47.8,0.0,0.0,15.9,0.0,25
474000,766,224,47.9,0.1,0.0,15.8,0.1,17
474000,1115,204,48.0,0.0,0.0,15.9,0.0,16
474000,1006,194,48.3,0.0,0.0,15.6,0.0,26
474000,1183,140,0.1,0.2,0.1,10.9,0.0,47
474000,1130,137,47.8,0.1,0.0,16.1,0.1,13
474000,1227,129,48.2,0.8,0.0,15.0,0.8,21
474000,1066,124,48.3,0.0,0.0,15.7,0.0,17
474000,1230,106,47.9,0.0,0.0,16.1,0.0,9
474000,1229,87,48.1,0.3,0.0,15.6,0.3,8
474000,1063,81,48.1,0.0,0.0,15.9,0.0,5
474000,1058,65,48.0,0.4,0.0,15.6,0.2,11
474000,530,59,47.7,0.2,0.0,16.1,0.2,6
474000,1132,59,48.3,0.0,0.0,15.7,0.0,7
474000,1228,45,0.0,0.0,0.0,4.0,0.0,9
474000,1175,43,47.8,0.0,0.0,16.2,0.0,6
474000,1194,19,48.4,0.0,0.1,15.5,0.0,5
475000,980,684,0.0,0.0,0.0,4.5,0.0,65
475000,521,458,24.7,23.6,0.0,15.7,23.5,23
475000,950,436,48.0,0.0,0.0,16.0,0.0,32
475000,968,360,47.2,0.0,0.0,16.5,0.0,35
475000,1183,295,0.1,0.1,0.0,9.3,0.0,72
475000,1115,247,48.1,0.1,0.0,15.7,0.1,22
475000,766,213,48.4,0.0,0.0,15.6,0.0,19
475000,1006,170,48.3,0.0,0.0,15.6,0.0,23
475000,1130,147,47.6,0.1,0.0,16.2,0.1,17
475000,1066,136,47.6,0.2,0.0,16.2,0.2,16
475000,1230,121,48.0,0.0,0.0,15.8,0.0,14
475000,1205,116,48.6,0.0,0.0,15.3,0.0,12
475000,1229,106,47.8,0.4,0.0,15.5,0.4,12
475000,1132,83,48.4,0.0,0.0,15.6,0.0,5
475000,1227,77,48.1,0.0,0.0,15.8,0.0,9
475000,1063,74,48.2,0.2,0.0,15.6,0.2,12
475000,1175,65,47.9,0.0,0.0,16.1,0.0,11
475000,1058,62,48.0,0.1,0.0,15.9,0.1,4
475000,530,51,47.9,0.0,0.0,16.0,0.0,7
475000,1194,17,47.9,0.0,0.0,16.1,0.0,4
476000,980,732,0.1,0.0,0.1,5.2,0.0,89
476000,950,458,48.0,0.0,0.0,15.9,0.0,48
476000,968,382,47.8,0.0,0.0,16.0,0.0,29
476000,521,373,24.2,24.0,0.0,15.9,23.7,13
476000,1183,281,0.0,0.0,0.0,7.3,0.0,54
476000,766,247,48.1,0.0,0.0,15.7,0.0,21
476000,1115,234,48.2,0.0,0.0,15.8,0.0,16
476000,1006,170,48.0,0.0,0.1,15.9,0.0,20
476000,1066,141,47.6,0.2,0.0,16.1,0.2,18
476000,1130,140,47.8,0.0,0.0,16.2,0.0,16
476000,1229,132,48.3,0.5,0.0,15.2,0.5,16
476000,1205,131,48.0,0.0,0.0,15.9,0.0,10
476000,1230,127,47.8,0.0,0.0,15.7,0.0,17
476000,1132,92,48.1,0.0,0.0,15.9,0.0,4
476000,1058,72,47.9,0.4,0.0,15.7,0.2,7
476000,1063,69,47.9,0.0,0.0,16.1,0.0,6
476000,1227,63,47.6,0.0,0.0,16.4,0.0,7
476000,1175,49,48.2,0.0,0.0,15.8,0.0,4
476000,530,47,48.5,0.0,0.0,15.5,0.0,6
476000,1194,9,46.8,0.0,1.6,15.7,0.0,5
477000,980,564,0.0,0.0,0.2,5.0,0.0,72
477000,521,424,24.3,23.6,0.0,16.0,23.4,23
477000,950,404,47.8,0.0,0.0,16.1,0.0,42
477000,968,308,47.7,0.0,0.0,16.1,0.0,26
477000,766,259,47.9,0.0,0.0,15.9,0.0,20
477000,1115,249,48.0,0.0,0.0,15.9,0.0,20
477000,1183,182,0.2,0.2,0.1,9.0,0.1,47
477000,1006,175,48.1,0.0,0.0,15.7,0.0,15
477000,1229,157,48.0,0.4,0.0,15.3,0.4,26
477000,1230,144,47.9,0.0,0.0,16.0,0.0,11
477000,1132,139,47.9,0.0,0.0,16.1,0.0,12
477000,1205,138,47.9,0.0,0.0,16.1,0.0,12
477000,1130,127,46.5,0.1,0.0,17.0,0.1,25
477000,1066,98,47.8,0.1,0.0,16.1,0.1,12
477000,1063,79,48.2,0.1,0.0,15.8,0.1,8
477000,1227,78,48.1,0.0,0.0,15.9,0.0,6
477000,1058,70,47.9,0.3,0.0,15.8,0.3,9
477000,530,56,48.0,0.5,0.0,15.5,0.1,9
477000,1175,34,47.6,0.0,0.0,16.4,0.0,5
477000,1194,8,50.1,0.0,0.4,13.5,0.0,4
478000,980,768,0.1,0.0,0.0,4.3,0.0,73
478000,521,422,24.0,24.0,0.0,15.9,23.5,13
478000,950,407,48.3,0.0,0.0,15.7,0.0,37
478000,968,392,48.1,0.0,0.0,15.8,0.0,43
478000,766,259,48.2,0.0,0.0,15.7,0.0,25
478000,1115,226,48.2,0.0,0.0,15.7,0.0,18
478000,1132,204,48.1,0.0,0.0,15.9,0.0,13
478000,1006,188,48.2,0.0,0.0,15.8,0.0,16
478000,1230,147,47.8,0.0,0.0,16.0,0.0,15
478000,1205,134,48.1,0.0,0.0,15.8,0.0,17
478000,1229,131,47.9,0.6,0.0,15.4,0.6,18
478000,1130,113,47.6,0.1,0.0,16.3,0.1,18
478000,1058,87,47.8,0.3,0.0,15.9,0.2,12
478000,1066,83,48.2,0.0,0.0,15.8,0.0,8
478000,530,80,48.2,0.1,0.0,15.8,0.1,10
478000,1183,80,0.1,0.4,0.0,7.1,0.0,18
478000,1227,65,48.2,0.1,0.0,15.7,0.1,8
478000,1063,50,48.1,0.0,0.0,15.9,0.0,5
478000,1175,13,48.6,0.0,0.0,15.4,0.0,5
479000,980,618,0.0,0.0,0.1,4.1,0.0,64
479000,521,429,24.3,23.8,0.0,15.9,23.7,15
479000,968,415,48.3,0.0,0.0,15.6,0.0,41
479000,950,392,47.9,0.0,0.0,16.1,0.0,39
479000,766,237,48.0,0.0,0.0,15.7,0.0,23
479000,1132,234,48.3,0.0,0.0,15.7,0.0,27
479000,1006,217,48.1,0.0,0.0,15.8,0.0,28
479000,1115,201,48.0,0.1,0.0,15.9,0.1,12
479000,1130,151,46.9,0.1,0.0,16.9,0.1,23
479000,1205,150,48.2,0.0,0.0,15.5,0.0,17
479000,1230,110,48.2,0.0,0.0,15.8,0.0,10
479000,1183,108,0.0,0.2,0.1,7.5,0.0,18
479000,530,92,48.0,0.0,0.0,15.9,0.0,6
479000,1229,88,47.8,0.6,0.0,15.6,0.6,10
479000,1066,73,48.4,0.1,0.0,15.5,0.1,7
479000,1242,70,48.2,2.0,0.0,13.9,2.0,11
479000,1058,61,48.0,0.1,0.0,15.9,0.1,7
479000,1063,59,47.4,0.8,0.0,15.7,0.2,7
479000,1227,48,48.1,0.0,0.0,15.8,0.0,5
479000,1240,47,48.3,0.0,0.0,15.5,0.0,4
479000,1175,36,48.3,0.0,0.0,15.7,0.0,10
479000,1194,6,48.0,0.0,0.0,16.0,0.0,1
480000,980,631,0.1,0.0,0.1,4.2,0.0,68
480000,968,403,47.6,0.0,0.0,16.1,0.0,45
480000,766,399,47.5,0.4,0.0,15.9,0.4,45
480000,950,395,47.6,0.0,0.0,16.4,0.0,51
480000,521,376,24.2,23.9,0.0,15.9,23.6,14
480000,1132,224,46.7,0.0,0.0,17.3,0.0,21
480000,1183,212,0.1,0.4,0.2,7.5,0.0,53
480000,1006,182,48.1,0.0,0.1,15.8,0.0,11
480000,1205,177,48.0,0.0,0.0,15.9,0.0,13
480000,1115,170,48.1,0.0,0.0,15.8,0.0,17
480000,1130,133,47.9,0.1,0.0,16.0,0.1,23
480000,1066,115,47.5,0.3,0.0,16.2,0.3,16
480000,1242,87,48.0,1.8,0.0,14.2,1.8,9
480000,1230,83,47.7,0.0,0.0,15.9,0.0,7
480000,530,82,48.1,0.1,0.0,15.9,0.1,7
480000,1227,70,48.1,0.2,0.0,15.7,0.2,13
480000,1240,67,47.9,0.0,0.0,16.1,0.0,7
480000,1058,67,48.4,0.0,0.0,15.5,0.0,9
480000,1063,37,48.0,0.1,0.0,15.8,0.1,6
480000,1175,34,48.3,0.0,0.0,15.7,0.0,7
481000,521,421,24.2,23.9,0.0,15.8,23.8,11
481000,968,383,48.0,0.0,0.0,15.8,0.0,46
481000,980,377,0.0,0.0,0.0,3.4,0.0,37
481000,950,350,47.6,0.0,0.0,16.1,0.0,32
481000,766,258,48.0,0.0,0.0,15.8,0.0,27
481000,1132,216,48.1,0.0,0.0,15.9,0.0,12
481000,1183,190,0.1,0.2,0.2,6.6,0.0,34
481000,1115,184,48.3,0.0,0.0,15.7,0.0,20
481000,1006,172,47.6,0.0,0.0,16.0,0.0,21
481000,1205,168,48.2,0.0,0.0,15.7,0.0,19
481000,1130,156,47.4,0.1,0.0,16.4,0.1,21
481000,1066,131,48.3,0.0,0.0,15.7,0.0,13
481000,1230,87,48.0,0.0,0.0,16.0,0.0,7
481000,1242,78,48.5,1.6,0.0,13.9,1.6,9
481000,530,72,48.0,0.0,0.0,16.0,0.0,8
481000,1058,72,48.1,0.2,0.0,15.8,0.2,9
481000,1063,61,48.1,0.1,0.0,15.8,0.1,8
481000,1240,55,48.1,0.0,0.0,15.8,0.0,2
481000,1227,51,47.9,0.3,0.0,15.7,0.3,4
481000,1175,27,47.8,0.0,0.0,16.2,0.0,7
482000,980,580,0.1,0.0,0.1,4.0,0.0,68
482000,521,399,24.0,24.0,0.0,16.0,23.9,7
482000,950,394,47.5,0.0,0.0,16.4,0.0,32
482000,968,383,47.9,0.0,0.0,16.0,0.0,33
482000,766,254,48.0,0.1,0.0,15.8,0.1,24
482000,1006,205,48.0,0.0,0.0,15.9,0.0,23
482000,1115,179,48.4,0.0,0.0,15.4,0.0,19
482000,1132,163,47.6,0.0,0.0,16.4,0.0,12
482000,1130,161,47.7,0.0,0.0,16.3,0.0,24
482000,1205,154,48.1,0.0,0.0,15.7,0.0,13
482000,1066,149,47.9,0.1,0.0,16.0,0.1,17
482000,1230,96,47.4,0.0,0.0,16.1,0.0,14
482000,530,79,48.2,0.0,0.0,15.8,0.0,5
482000,1063,76,48.1,0.2,0.0,15.7,0.2,6
482000,1058,75,48.1,0.1,0.0,15.8,0.1,9
482000,1240,74,48.1,0.0,0.0,15.8,0.0,6
482000,1227,58,48.0,0.5,0.0,15.4,0.5,8
482000,1242,58,48.1,1.8,0.0,14.0,1.8,5
482000,1183,32,0.0,1.1,0.0,7.1,0.0,6
482000,1175,28,48.2,0.0,0.0,15.1,0.0,11
483000,980,631,0.1,0.0,0.1,3.9,0.0,59
483000,968,441,47.6,0.0,0.0,16.2,0.0,34
483000,521,383,24.1,24.0,0.0,15.9,23.7,18
483000,950,311,48.1,0.0,0.0,15.7,0.0,33
483000,766,303,48.2,0.0,0.0,15.7,0.0,19
483000,1130,222,47.5,0.0,0.0,16.4,0.0,28
483000,1006,181,47.7,0.0,0.0,16.0,0.0,18
483000,1183,169,0.2,0.1,0.1,6.5,0.0,28
483000,1115,156,47.7,0.2,0.0,16.1,0.1,14
483000,1066,155,47.6,0.1,0.0,16.2,0.1,21
483000,1205,133,48.2,0.0,0.0,15.8,0.0,10
483000,1058,128,47.8,0.5,0.0,15.6,0.4,15
483000,1230,125,48.4,0.0,0.0,15.6,0.0,13
483000,530,96,47.3,0.2,0.0,16.3,0.2,11
483000,1132,92,48.0,0.0,0.0,16.0,0.0,6
483000,1227,76,48.2,0.6,0.0,15.2,0.6,9
483000,1063,67,48.5,0.0,0.0,15.4,0.0,8
483000,1240,56,47.8,0.0,0.0,15.9,0.0,4
483000,1175,39,47.9,0.0,0.0,16.1,0.0,9
483000,1242,37,48.1,1.9,0.0,14.1,1.9,4
483000,1245,34,47.9,1.0,0.0,15.1,1.0,2
484000,980,661,0.1,0.0,0.0,4.0,0.0,51
484000,968,487,48.1,0.0,0.0,15.8,0.0,37
484000,766,371,47.8,0.1,0.0,15.9,0.1,34
484000,521,364,24.1,23.8,0.0,16.1,23.7,10
484000,1006,288,47.8,0.0,0.0,16.2,0.0,24
484000,950,282,47.4,0.0,0.0,16.4,0.0,34
484000,1115,179,47.9,0.1,0.0,16.0,0.1,20
484000,1130,174,48.2,0.0,0.0,15.8,0.0,16
484000,1066,169,48.1,0.1,0.0,15.8,0.1,11
484000,1058,119,48.2,0.1,0.0,15.6,0.1,9
484000,1230,118,48.5,0.0,0.0,15.5,0.0,8
484000,1205,105,48.1,0.1,0.0,15.8,0.1,9
484000,1132,99,48.2,0.0,0.0,15.8,0.0,14
484000,1183,84,0.1,0.2,0.5,6.8,0.0,18
484000,1227,83,48.0,0.6,0.0,15.4,0.6,10
484000,530,77,48.1,0.0,0.0,15.9,0.0,6
484000,1063,62,48.1,0.0,0.0,15.9,0.0,6
484000,1245,45,48.0,1.3,0.0,14.8,1.3,4
484000,1242,33,48.5,2.1,0.0,13.4,2.1,6
484000,1175,14,48.1,0.0,0.0,15.9,0.0,3
485000,980,658,0.0,0.0,0.0,4.0,0.0,56
485000,968,391,47.8,0.0,0.1,16.1,0.0,42
485000,521,359,24.2,23.8,0.0,16.0,23.5,18
485000,950,292,47.6,0.0,0.0,16.3,0.0,34
485000,766,260,48.0,0.0,0.0,15.7,0.0,23
485000,1006,236,47.2,0.0,0.1,16.4,0.0,26
485000,1066,198,47.2,0.2,0.0,16.6,0.2,26
485000,1130,190,47.7,0.0,0.0,16.3,0.0,29
485000,1115,184,47.8,0.2,0.0,16.0,0.2,23
485000,1205,159,48.3,0.0,0.0,15.6,0.0,18
485000,1230,126,47.9,0.0,0.0,16.0,0.0,9
485000,1058,122,48.4,0.2,0.0,15.4,0.1,15
485000,1132,108,47.5,0.0,0.0,16.5,0.0,12
485000,1227,101,47.8,0.4,0.0,15.8,0.4,12
485000,1183,97,0.0,1.0,0.1,8.3,0.0,27
485000,530,84,48.2,0.2,0.0,15.6,0.2,9
485000,1063,67,48.3,0.0,0.0,15.6,0.0,10
485000,1245,52,47.7,1.0,0.0,15.3,1.0,5
485000,1242,16,48.0,1.9,0.0,14.1,1.9,2
486000,980,804,0.0,0.0,0.1,3.6,0.0,57
486000,766,428,47.9,0.0,0.0,15.8,0.0,39
486000,521,414,24.2,23.9,0.0,15.9,23.7,14
486000,968,358,48.0,0.0,0.0,15.8,0.0,33
486000,1183,276,0.0,0.4,0.4,8.1,0.0,61
486000,950,269,48.0,0.0,0.0,15.9,0.0,32
486000,1130,235,47.7,0.1,0.0,16.2,0.1,33
486000,1006,204,47.8,0.0,0.0,16.0,0.0,18
486000,1115,186,48.2,0.1,0.0,15.7,0.1,17
486000,1066,164,47.8,0.1,0.0,16.0,0.1,29
486000,1205,158,48.1,0.1,0.0,15.7,0.1,17
486000,1227,138,47.8,0.5,0.0,15.7,0.5,16
486000,1058,114,48.3,0.1,0.0,15.6,0.1,13
486000,530,101,48.2,0.0,0.0,15.7,0.0,9
486000,1132,94,47.6,0.0,0.1,16.3,0.0,8
486000,1063,65,48.1,0.0,0.0,15.6,0.0,6
486000,1245,51,48.1,1.1,0.0,14.8,1.1,3
486000,1175,8,39.8,0.0,0.0,24.2,0.0,2
486000,1242,7,48.0,2.0,0.0,14.0,2.0,1
487000,980,834,0.6,0.0,0.0,4.5,0.0,91
487000,521,383,24.3,23.8,0.0,15.9,23.5,15
487000,968,333,48.2,0.1,0.0,15.6,0.1,32
487000,766,296,46.7,0.2,0.0,16.0,0.2,34
487000,1130,277,46.8,0.0,0.0,16.9,0.0,36
487000,950,265,47.9,0.0,0.0,16.1,0.0,34
487000,1006,206,47.9,0.0,0.0,16.0,0.0,26
487000,1115,187,48.1,0.2,0.0,15.7,0.2,20
487000,1227,179,47.9,0.9,0.0,15.2,0.8,25
487000,1066,170,48.5,0.2,0.0,15.3,0.2,19
487000,1205,144,48.1,0.1,0.0,15.7,0.1,14
487000,1132,144,47.9,0.0,0.0,16.1,0.0,18
487000,1255,123,47.8,0.5,0.0,15.5,0.5,15
487000,1058,115,48.0,0.2,0.0,15.8,0.1,13
487000,1183,99,0.1,0.8,0.0,7.3,0.1,30
487000,530,85,48.1,0.2,0.0,15.7,0.2,15
487000,1063,57,48.3,0.1,0.0,15.6,0.1,10
487000,1245,41,48.2,1.1,0.0,14.7,1.1,7
488000,980,720,0.0,0.0,0.1,4.0,0.0,56
488000,521,401,24.1,23.8,0.0,16.0,23.8,10
488000,968,338,48.0,0.0,0.0,15.8,0.0,31
488000,766,320,48.0,0.0,0.0,15.9,0.0,25
488000,950,281,47.8,0.0,0.0,16.1,0.0,33
488000,1130,245,47.7,0.0,0.0,16.2,0.0,26
488000,1115,198,48.1,0.1,0.0,15.8,0.1,19
488000,1006,193,47.5,0.0,0.0,16.1,0.0,26
488000,1132,182,47.9,0.0,0.0,16.0,0.0,21
488000,1205,171,48.0,0.1,0.0,15.7,0.1,18
488000,1227,160,48.2,0.8,0.0,15.0,0.8,17
488000,1066,137,48.4,0.1,0.0,15.5,0.1,15
488000,1255,119,48.1,0.5,0.0,15.4,0.5,9
488000,530,108,48.5,0.1,0.0,15.4,0.1,14
488000,1058,103,48.1,0.3,0.0,15.6,0.2,11
488000,1183,89,0.0,0.3,0.0,7.8,0.0,18
488000,1063,55,48.4,0.0,0.0,15.6,0.0,8
488000,1245,32,47.9,1.4,0.0,14.7,1.4,6
489000,980,708,0.1,0.0,0.0,4.0,0.0,60
489000,766,465,47.8,0.0,0.0,15.9,0.0,42
489000,521,406,24.0,24.0,0.0,16.0,23.7,14
489000,950,313,47.8,0.1,0.0,16.1,0.0,34
489000,968,310,47.8,0.0,0.0,15.9,0.0,39
489000,1132,244,47.2,0.0,0.0,16.7,0.0,34
489000,1006,219,48.1,0.0,0.0,15.7,0.0,19
489000,1130,215,47.9,0.0,0.0,16.1,0.0,26
489000,1227,198,48.1,0.6,0.0,15.4,0.6,18
489000,1205,163,48.2,0.0,0.0,15.6,0.0,11
489000,1115,148,48.1,0.1,0.0,15.8,0.1,18
489000,530,123,48.0,0.2,0.0,15.8,0.1,17
489000,1058,92,48.5,0.2,0.0,15.3,0.2,13
489000,1183,89,0.0,0.1,0.0,8.8,0.0,15
489000,1255,75,47.7,1.1,0.0,14.8,1.1,12
489000,1066,73,48.1,0.0,0.0,15.9,0.0,11
489000,1063,34,48.3,0.4,0.0,15.3,0.4,6
489000,1257,16,47.6,0.6,0.0,15.8,0.6,4
490000,980,876,0.0,0.0,0.1,4.3,0.0,91
490000,766,518,47.9,0.0,0.0,15.8,0.0,45
490000,521,367,24.0,23.9,0.0,16.0,23.7,11
490000,968,351,47.5,0.0,0.0,16.3,0.0,34
490000,950,319,47.0,0.1,0.0,16.4,0.1,38
490000,1130,219,47.6,0.1,0.0,16.1,0.1,33
490000,1132,217,46.6,0.0,0.0,17.4,0.0,21
490000,1006,204,47.8,0.0,0.0,16.1,0.0,21
490000,1227,193,48.1,0.7,0.0,15.2,0.7,22
490000,1205,180,48.2,0.0,0.0,15.7,0.0,13
490000,1115,157,48.3,0.0,0.0,15.6,0.0,17
490000,530,111,47.9,0.1,0.0,16.1,0.1,11
490000,1066,106,48.3,0.0,0.0,15.7,0.0,15
490000,1255,70,47.9,1.1,0.0,14.9,1.1,11
490000,1058,64,48.1,0.0,0.0,15.7,0.0,6
490000,1063,29,48.1,0.0,0.0,15.9,0.0,2
491000,980,760,0.0,0.0,0.1,4.2,0.0,69
491000,521,416,24.0,24.0,0.0,16.1,23.9,7
491000,766,413,47.9,0.1,0.0,15.8,0.1,38
491000,968,339,48.0,0.0,0.0,15.9,0.0,30
491000,950,288,48.0,0.0,0.0,16.0,0.0,35
491000,1132,237,47.2,0.0,0.0,16.8,0.0,30
491000,1227,230,48.3,0.9,0.0,14.8,0.9,18
491000,1130,218,47.7,0.0,0.0,16.2,0.0,36
491000,1205,187,48.0,0.0,0.0,15.7,0.0,19
491000,1006,167,48.0,0.0,0.0,15.9,0.0,13
491000,1115,164,48.2,0.0,0.0,15.8,0.0,13
491000,530,129,48.4,0.0,0.0,15.5,0.0,18
491000,1066,96,47.9,0.0,0.0,16.1,0.0,8
491000,1058,80,48.3,0.0,0.0,15.6,0.0,10
491000,1255,50,48.0,1.1,0.0,14.9,1.1,4
491000,1063,29,48.6,0.1,0.0,15.2,0.1,4
491000,1257,9,48.1,0.0,0.0,15.9,0.0,2
492000,980,636,0.1,0.0,0.1,4.3,0.0,73
492000,521,418,24.0,23.9,0.0,16.0,23.8,10
492000,968,318,48.2,0.0,0.0,15.6,0.0,31
492000,766,313,48.0,0.0,0.0,15.6,0.0,31
492000,950,311,47.7,0.0,0.0,16.2,0.0,35
492000,1227,267,47.9,0.7,0.0,15.4,0.7,25
492000,1130,224,47.7,0.1,0.0,16.2,0.1,30
492000,1132,207,47.8,0.0,0.0,16.2,0.0,17
492000,1115,192,48.0,0.1,0.0,15.9,0.1,21
492000,1006,175,48.0,0.0,0.0,15.9,0.0,16
492000,1205,171,48.2,0.0,0.0,15.8,0.0,10
492000,1066,116,47.9,0.2,0.0,15.7,0.2,19
492000,530,114,48.3,0.0,0.0,15.7,0.0,15
492000,1058,59,48.4,0.1,0.0,15.4,0.1,9
492000,1063,32,48.3,0.0,0.0,15.7,0.0,4
492000,1255,27,48.0,0.9,0.0,15.1,0.9,5
493000,980,549,0.2,0.0,0.1,4.2,0.0,63
493000,766,450,47.5,0.0,0.0,15.7,0.0,54
493000,521,382,24.1,23.7,0.0,16.0,23.4,14
493000,968,353,47.9,0.0,0.0,15.9,0.0,35
493000,950,314,47.9,0.0,0.0,16.0,0.0,30
493000,1132,236,47.9,0.0,0.0,16.1,0.0,20
493000,1227,234,48.0,0.8,0.0,15.2,0.8,21
493000,1130,211,47.6,0.0,0.0,16.4,0.0,28
493000,1205,199,48.1,0.0,0.0,15.8,0.0,21
493000,1115,195,48.3,0.0,0.0,15.7,0.0,28
493000,1006,160,47.3,0.0,0.0,16.2,0.0,14
493000,530,142,48.3,0.1,0.0,15.6,0.1,15
493000,1066,103,47.9,0.0,0.0,16.1,0.0,5
493000,1262,80,47.4,0.1,0.0,15.8,0.1,13
493000,1058,61,48.3,0.2,0.0,15.2,0.2,9
493000,1255,27,47.7,1.1,0.0,15.1,1.1,4
493000,1063,18,48.8,0.0,0.0,15.2,0.0,5
494000,980,767,0.1,0.0,0.1,4.1,0.0,66
494000,766,467,47.8,0.1,0.0,15.7,0.1,50
494000,521,399,24.3,23.8,0.0,15.9,23.6,12
494000,968,380,47.7,0.0,0.0,16.2,0.0,32
494000,950,283,48.0,0.0,0.0,16.0,0.0,26
494000,1227,240,48.1,0.8,0.0,15.1,0.8,19
494000,1115,234,48.0,0.1,0.0,15.9,0.1,30
494000,1132,202,48.1,0.0,0.0,15.9,0.0,18
494000,1130,179,45.2,0.0,0.0,18.7,0.0,30
494000,1205,167,48.1,0.0,0.0,15.9,0.0,18
494000,530,137,48.1,0.1,0.0,15.8,0.1,12
494000,1006,106,47.7,0.0,0.0,16.1,0.0,9
494000,1066,101,48.0,0.1,0.0,16.0,0.1,10
494000,1058,76,48.5,0.1,0.0,15.3,0.1,13
494000,1262,68,48.2,0.0,0.0,15.5,0.0,9
494000,1255,35,48.0,1.1,0.0,14.9,1.1,3
494000,1063,30,48.5,0.1,0.0,15.4,0.1,4
495000,980,740,0.1,0.0,0.1,4.6,0.0,84
495000,521,416,24.1,23.8,0.0,16.1,23.6,10
495000,766,396,48.1,0.0,0.0,15.8,0.0,26
495000,968,364,48.0,0.0,0.0,15.9,0.0,30
495000,950,318,47.9,0.0,0.0,16.0,0.0,42
495000,1227,271,48.3,0.7,0.0,14.9,0.7,27
495000,1115,220,48.3,0.0,0.0,15.6,0.0,25
495000,1132,174,47.9,0.0,0.0,16.1,0.0,13
495000,1262,125,47.8,0.4,0.0,15.5,0.4,18
495000,1205,124,48.0,0.0,0.0,16.0,0.0,10
495000,1006,113,47.5,0.0,0.0,16.2,0.0,10
495000,530,103,48.2,0.2,0.0,15.6,0.2,12
495000,1130,95,48.1,0.0,0.0,15.9,0.0,12
495000,1066,89,48.1,0.0,0.0,15.9,0.0,14
495000,1063,55,48.2,0.0,0.0,15.7,0.0,10
495000,1058,54,48.3,0.1,0.0,15.6,0.1,7
495000,1264,20,48.2,0.0,0.0,15.8,0.0,3
496000,766,548,47.6,0.0,0.0,15.9,0.0,52
496000,980,465,0.0,0.0,0.1,3.9,0.0,54
496000,968,377,48.2,0.0,0.0,15.7,0.0,36
496000,521,372,24.6,23.6,0.0,15.7,23.4,16
496000,950,363,47.7,0.0,0.0,16.2,0.0,40
496000,1227,304,48.0,0.6,0.0,15.4,0.6,31
496000,1115,218,48.2,0.0,0.0,15.8,0.0,28
496000,1205,141,48.1,0.0,0.0,15.6,0.0,15
496000,1132,137,47.5,0.0,0.0,16.5,0.0,25
496000,1130,122,47.6,0.0,0.0,16.3,0.0,13
496000,530,111,48.3,0.1,0.0,15.6,0.1,12
496000,1006,111,45.9,0.1,0.0,17.3,0.1,10
496000,1058,80,48.4,0.2,0.0,15.4,0.2,11
496000,1066,74,47.9,0.1,0.0,16.0,0.1,9
496000,1262,57,47.9,0.3,0.0,15.6,0.3,10
496000,1063,41,48.1,0.0,0.0,15.9,0.0,2
496000,1264,15,47.2,0.0,0.0,16.5,0.0,2
497000,980,497,0.0,0.0,0.1,4.3,0.0,59
497000,766,453,48.0,0.0,0.0,15.7,0.0,45
497000,521,401,23.9,23.9,0.1,16.1,23.9,7
497000,968,369,47.9,0.0,0.0,16.0,0.0,35
497000,950,366,47.9,0.0,0.0,16.0,0.0,41
497000,1227,299,48.1,0.5,0.0,15.4,0.5,33
497000,1115,238,48.2,0.1,0.0,15.7,0.1,33
497000,1130,214,47.9,0.0,0.0,16.1,0.0,24
497000,1006,131,47.3,0.0,0.1,15.6,0.0,15
497000,530,126,47.5,0.2,0.0,16.1,0.2,12
497000,1205,116,48.1,0.1,0.0,15.7,0.1,9
497000,1132,111,48.0,0.0,0.0,16.0,0.0,14
497000,1066,102,48.1,0.0,0.0,15.7,0.0,15
497000,1262,60,48.0,0.0,0.0,16.0,0.0,5
497000,1058,60,48.3,0.0,0.0,15.7,0.0,7
497000,1063,48,48.0,0.0,0.0,16.0,0.0,4
497000,1269,26,48.0,0.0,0.0,15.4,0.0,4
498000,980,619,0.0,0.0,0.1,3.9,0.0,60
498000,766,440,47.8,0.0,0.0,15.8,0.0,49
498000,950,393,47.5,0.0,0.0,16.4,0.0,41
498000,521,372,24.3,23.8,0.0,15.9,23.8,10
498000,1227,331,48.0,0.6,0.0,15.4,0.6,32
498000,968,283,48.1,0.0,0.0,15.8,0.0,27
498000,1115,261,47.7,0.2,0.1,15.9,0.2,35
498000,1130,241,47.8,0.0,0.0,16.1,0.0,33
498000,1132,143,47.7,0.0,0.0,16.3,0.0,15
498000,1205,121,47.7,0.0,0.0,15.8,0.0,9
498000,1006,94,48.0,0.0,0.0,15.5,0.0,8
498000,1066,92,47.9,0.0,0.0,16.0,0.0,7
498000,530,70,48.1,0.0,0.0,15.9,0.0,8
498000,1262,55,46.2,0.5,0.0,15.8,0.1,11
498000,1063,50,48.1,0.2,0.0,15.7,0.2,4
498000,1058,48,48.5,0.0,0.0,15.5,0.0,4
498000,1269,20,48.0,0.0,0.0,16.0,0.0,2
499000,766,484,47.8,0.1,0.0,15.8,0.1,48
499000,980,458,0.1,0.0,0.0,4.8,0.0,63
499000,521,444,24.0,23.9,0.0,16.1,23.7,10
499000,950,365,47.7,0.0,0.0,16.2,0.0,41
499000,968,279,47.8,0.0,0.1,15.9,0.0,30
499000,1227,273,48.1,0.4,0.0,15.5,0.4,30
499000,1132,236,47.6,0.0,0.0,16.4,0.0,22
499000,1115,224,48.4,0.1,0.0,15.5,0.1,30
499000,1130,177,47.6,0.0,0.0,16.4,0.0,23
499000,1066,138,48.0,0.0,0.0,16.0,0.0,18
499000,1205,121,47.5,0.0,0.0,15.8,0.0,11
499000,530,103,48.2,0.0,0.0,15.8,0.0,13
499000,1006,84,47.2,0.0,0.0,16.5,0.0,9
499000,1262,74,47.6,0.0,0.0,16.1,0.0,7
499000,1063,51,48.0,0.1,0.0,15.9,0.1,7
499000,1058,45,48.1,0.0,0.0,15.9,0.0,3
499000,1269,28,48.4,0.0,0.0,14.9,0.0,3
500000,980,460,0.0,0.0,0.1,5.0,0.0,62
500000,766,420,47.2,0.0,0.0,15.7,0.0,40
500000,521,405,23.9,24.0,0.0,16.1,23.9,5
500000,950,331,47.9,0.0,0.0,16.0,0.0,43
500000,968,281,47.6,0.0,0.1,16.0,0.0,32
500000,1132,276,48.1,0.0,0.0,15.8,0.0,25
500000,1227,224,48.1,0.5,0.0,15.4,0.5,24
500000,1115,223,48.3,0.1,0.0,15.5,0.1,31
500000,1130,152,48.1,0.0,0.0,15.9,0.0,21
500000,1066,145,47.8,0.1,0.0,15.8,0.1,17
500000,1205,123,47.8,0.0,0.0,15.7,0.0,16
500000,1006,107,47.7,0.0,0.0,16.1,0.0,8
500000,530,83,48.4,0.1,0.0,15.5,0.1,8
500000,1063,67,48.3,0.1,0.0,15.5,0.1,11
500000,1262,67,48.3,0.0,0.0,15.7,0.0,4
500000,1269,28,48.1,0.0,0.0,15.9,0.0,2
500000,1058,22,48.2,0.1,0.0,15.7,0.1,3
501000,521,434,24.2,23.9,0.0,15.8,23.6,14
501000,980,426,0.1,0.0,0.0,4.1,0.0,50
501000,766,383,47.8,0.1,0.0,15.8,0.1,33
501000,950,355,47.3,0.0,0.0,16.6,0.0,42
501000,968,339,48.6,0.0,0.0,15.3,0.0,34
501000,1227,279,48.2,0.4,0.0,15.4,0.4,30
501000,1115,202,48.2,0.1,0.0,15.7,0.1,27
501000,1132,189,47.8,0.0,0.0,16.0,0.0,20
501000,1130,187,46.3,0.0,0.0,17.6,0.0,29
501000,1066,112,48.4,0.1,0.0,15.5,0.1,10
501000,1006,99,48.2,0.0,0.0,15.7,0.0,5
501000,1276,94,47.8,0.0,0.0,16.1,0.0,11
501000,1063,86,48.1,0.2,0.0,15.7,0.2,14
501000,1205,75,48.1,0.0,0.0,15.7,0.0,10
501000,530,74,48.3,0.0,0.0,15.7,0.0,6
501000,1262,73,47.9,0.0,0.0,16.1,0.0,8
501000,1269,28,47.5,0.0,0.0,16.4,0.0,6
501000,1058,20,48.3,0.1,0.0,15.6,0.1,4
502000,766,425,47.8,0.0,0.0,15.9,0.0,36
502000,521,411,24.1,23.9,0.0,16.0,23.8,9
502000,950,334,48.1,0.1,0.0,15.9,0.1,34
502000,1227,329,48.2,0.4,0.0,15.4,0.4,34
502000,968,317,48.1,0.0,0.0,15.7,0.0,28
502000,980,289,0.0,0.0,0.0,4.4,0.0,48
502000,1132,246,47.5,0.0,0.0,16.4,0.0,28
502000,1130,202,47.8,0.0,0.0,16.1,0.0,26
502000,1115,188,47.8,0.2,0.0,16.0,0.2,25
502000,1066,120,47.7,0.2,0.0,15.8,0.1,16
502000,1276,108,47.5,0.0,0.0,16.1,0.0,13
502000,1006,97,47.9,0.0,0.0,15.9,0.0,8
502000,1262,93,46.0,0.1,0.0,16.1,0.1,16
502000,530,92,48.3,0.0,0.0,15.6,0.0,7
502000,1063,80,47.8,0.0,0.0,16.1,0.0,7
502000,1205,60,48.1,0.0,0.0,15.9,0.0,5
502000,1269,30,47.6,0.0,0.0,15.9,0.0,3
502000,1058,25,47.8,0.2,0.0,15.9,0.2,5
503000,980,571,0.0,0.0,0.0,3.9,0.0,65
503000,766,505,48.0,0.1,0.0,15.6,0.1,61
503000,521,369,24.4,23.7,0.0,15.9,23.4,16
503000,950,362,47.9,0.0,0.0,16.1,0.0,45
503000,1227,301,47.9,0.4,0.0,15.6,0.4,26
503000,968,282,48.3,0.0,0.0,15.5,0.0,32
503000,1130,266,47.8,0.0,0.0,16.1,0.0,34
503000,1132,211,48.5,0.0,0.0,15.4,0.0,22
503000,1115,179,48.4,0.1,0.0,15.5,0.1,20
503000,1066,138,48.3,0.0,0.0,15.7,0.0,16
503000,1006,96,47.8,0.1,0.0,15.8,0.1,7
503000,530,87,48.2,0.0,0.0,15.8,0.0,6
503000,1205,79,47.5,0.0,0.0,15.8,0.0,11
503000,1063,77,48.1,0.0,0.0,15.9,0.0,7
503000,1262,68,47.7,0.1,0.0,16.2,0.1,12
503000,1269,39,48.1,0.0,0.0,15.9,0.0,3
503000,1058,29,47.5,0.7,0.0,15.2,0.4,7
504000,980,597,0.0,0.0,0.0,4.8,0.0,64
504000,766,452,47.8,0.0,0.0,15.8,0.0,41
504000,521,392,24.3,23.9,0.0,15.8,23.8,9
504000,950,319,47.8,0.0,0.0,16.1,0.0,40
504000,968,318,48.0,0.0,0.0,15.8,0.0,25
504000,1130,278,47.6,0.1,0.0,16.2,0.1,32
504000,1227,242,48.0,0.3,0.0,15.7,0.3,33
504000,1115,197,48.3,0.1,0.0,15.6,0.1,18
504000,1132,193,48.2,0.0,0.0,15.7,0.0,29
504000,1066,119,48.1,0.2,0.0,15.7,0.2,20
504000,1006,116,47.9,0.0,0.1,15.8,0.0,10
504000,530,108,48.1,0.0,0.0,15.9,0.0,7
504000,1282,88,48.5,0.6,0.0,14.9,0.6,14
504000,1063,65,48.2,0.1,0.0,15.6,0.1,10
504000,1205,59,48.1,0.0,0.0,15.8,0.0,8
504000,1262,47,47.9,0.1,0.0,16.1,0.1,6
504000,1269,27,48.7,0.0,0.0,15.3,0.0,4
504000,1058,26,48.1,0.1,0.0,15.8,0.1,3
504000,1283,23,48.1,0.0,0.0,15.9,0.0,6
505000,980,716,0.1,0.0,0.1,5.4,0.0,97
505000,766,426,47.9,0.1,0.0,15.9,0.1,45
505000,521,395,24.0,24.0,0.0,16.0,23.7,9
505000,968,314,48.1,0.0,0.0,15.7,0.0,33
505000,1132,273,47.8,0.0,0.1,16.1,0.0,38
505000,1130,265,48.0,0.0,0.0,15.9,0.0,38
505000,950,249,48.2,0.0,0.0,15.8,0.0,23
505000,1227,248,48.1,0.1,0.0,15.8,0.1,24
505000,1115,198,48.1,0.0,0.0,15.9,0.0,19
505000,1006,170,48.1,0.0,0.0,15.9,0.0,9
505000,530,99,48.2,0.1,0.0,15.7,0.1,5
505000,1066,86,48.1,0.1,0.0,15.8,0.1,16
505000,1262,79,47.6,0.0,0.0,15.9,0.0,9
505000,1282,78,48.1,0.8,0.0,15.1,0.8,14
505000,1063,77,48.2,0.0,0.0,15.8,0.0,8
505000,1205,45,48.5,0.0,0.0,15.3,0.0,5
505000,1283,27,48.2,0.0,0.0,15.8,0.0,2
505000,1058,23,48.1,0.4,0.0,15.4,0.4,5
505000,1269,14,48.6,0.0,0.0,15.4,0.0,4
506000,980,931,0.1,0.0,0.0,4.4,0.0,78
506000,766,469,47.5,0.1,0.0,15.8,0.1,53
506000,521,390,23.9,24.0,0.0,16.1,23.8,12
506000,968,364,47.5,0.0,0.0,16.2,0.0,32
506000,1227,301,48.1,0.3,0.0,15.6,0.3,27
506000,1130,272,47.9,0.0,0.0,16.0,0.0,40
506000,1132,226,47.2,0.0,0.2,16.7,0.0,34
506000,950,213,48.2,0.0,0.0,15.7,0.0,27
506000,1115,181,48.2,0.1,0.0,15.7,0.1,20
506000,1006,159,47.6,0.0,0.0,16.2,0.0,12
506000,1066,84,48.1,0.1,0.0,15.7,0.1,12
506000,1063,84,48.0,0.1,0.0,15.8,0.1,11
506000,1262,80,48.1,0.1,0.0,15.6,0.1,10
506000,530,73,48.2,0.0,0.0,15.8,0.0,10
506000,1205,52,48.6,0.0,0.0,15.3,0.0,8
506000,1282,41,47.8,1.3,0.0,14.8,1.3,8
506000,1283,38,47.6,0.0,0.0,16.4,0.0,3
506000,1058,32,47.7,0.5,0.0,15.8,0.5,6
506000,1269,20,47.5,0.0,0.0,16.3,0.0,4
507000,980,701,0.0,0.0,0.0,5.1,0.0,81
507000,766,683,48.0,0.1,0.0,15.6,0.1,70
507000,521,448,24.0,24.0,0.0,16.0,23.8,6
507000,968,375,48.2,0.0,0.0,15.7,0.0,33
507000,1227,264,48.1,0.2,0.0,15.6,0.2,27
507000,1130,202,47.4,0.0,0.0,16.4,0.0,23
507000,1115,182,48.0,0.1,0.0,15.9,0.1,19
507000,950,172,47.7,0.0,0.0,16.2,0.0,26
507000,1006,160,47.8,0.0,0.0,15.8,0.0,12
507000,1132,140,47.9,0.0,0.0,16.0,0.0,20
507000,530,91,48.4,0.0,0.0,15.6,0.0,6
507000,1066,85,47.5,0.2,0.0,16.3,0.1,10
507000,1063,70,48.2,0.0,0.0,15.8,0.0,5
507000,1205,68,48.3,0.0,0.0,15.2,0.0,8
507000,1058,37,47.4,0.0,0.0,16.4,0.0,5
507000,1269,17,47.6,0.0,0.0,16.1,0.0,4
507000,1283,13,46.2,0.0,0.0,17.8,0.0,4
508000,980,791,0.0,0.0,0.0,5.1,0.0,111
508000,766,545,48.0,0.0,0.0,15.7,0.0,46
508000,521,450,24.2,23.9,0.0,15.9,23.8,9
508000,968,353,47.7,0.0,0.0,16.1,0.0,34
508000,1130,309,47.4,0.1,0.0,16.6,0.0,46
508000,1227,265,47.8,0.3,0.0,15.9,0.3,38
508000,1115,193,48.2,0.0,0.0,15.8,0.0,18
508000,950,189,47.7,0.0,0.0,16.2,0.0,29
508000,1006,139,47.9,0.0,0.1,15.8,0.0,12
508000,1066,96,48.2,0.0,0.0,15.8,0.0,16
508000,1132,95,47.7,0.0,0.0,16.3,0.0,10
508000,1063,81,48.1,0.1,0.0,15.8,0.1,11
508000,530,79,47.1,0.6,0.0,16.3,0.1,5
508000,1205,76,47.9,0.2,0.0,15.9,0.2,11
508000,1058,51,48.2,0.0,0.0,15.7,0.0,5
508000,1289,48,48.3,0.0,0.0,15.7,0.0,8
508000,1269,16,48.9,0.1,0.0,15.1,0.1,3
508000,1283,15,47.4,0.0,0.0,16.6,0.0,2
509000,980,779,0.1,0.0,0.1,5.8,0.0,118
509000,766,631,47.9,0.0,0.0,15.7,0.0,56
509000,521,386,24.2,23.8,0.0,16.0,23.7,9
509000,1130,343,48.0,0.0,0.0,16.0,0.0,33
509000,968,334,48.1,0.0,0.0,15.8,0.0,24
509000,1227,240,48.1,0.4,0.0,15.5,0.4,22
509000,1115,192,48.1,0.0,0.0,15.8,0.0,22
509000,950,159,47.9,0.1,0.0,15.7,0.0,23
509000,1006,139,47.8,0.0,0.0,15.9,0.0,8
509000,1132,116,47.7,0.0,0.0,16.3,0.0,18
509000,530,112,48.2,0.0,0.0,15.8,0.0,12
509000,1066,108,47.3,0.2,0.0,16.3,0.2,17
509000,1063,89,48.0,0.0,0.0,15.9,0.0,11
509000,1205,40,48.0,0.0,0.0,15.9,0.0,6
509000,1058,34,48.1,0.1,0.0,15.8,0.1,5
509000,1289,28,48.8,0.0,0.0,15.2,0.0,4
509000,1269,21,49.0,0.0,0.0,14.9,0.0,6
509000,1283,17,48.2,0.0,0.0,15.8,0.0,2
510000,766,649,48.0,0.0,0.0,15.8,0.0,59
510000,980,523,0.1,0.0,0.1,4.9,0.0,64
510000,521,407,24.1,23.9,0.0,16.1,23.7,11
510000,1130,381,47.8,0.1,0.0,16.1,0.0,42
510000,968,316,48.0,0.0,0.0,15.7,0.0,39
510000,1227,235,48.1,0.4,0.0,15.4,0.4,21
510000,950,213,47.4,0.1,0.0,16.0,0.1,35
510000,1115,193,48.5,0.0,0.0,15.4,0.0,16
510000,1006,160,47.2,0.0,0.0,16.3,0.0,14
510000,1132,125,48.3,0.0,0.0,15.7,0.0,9
510000,1066,111,48.2,0.1,0.0,15.6,0.1,16
510000,530,99,48.1,0.1,0.0,15.8,0.1,11
510000,1063,90,48.3,0.0,0.0,15.6,0.0,8
510000,1269,26,48.1,0.0,0.0,15.9,0.0,3
510000,1289,23,47.9,0.0,0.0,16.1,0.0,3
510000,1205,22,47.2,0.0,0.0,16.2,0.0,5
510000,1058,20,48.3,0.0,0.0,15.6,0.0,4
511000,980,702,0.1,0.0,0.0,5.2,0.0,86
511000,766,652,48.0,0.1,0.0,15.7,0.1,59
511000,968,380,48.1,0.0,0.0,15.8,0.0,39
511000,521,367,24.2,23.8,0.0,15.9,23.8,6
511000,1130,274,48.1,0.0,0.0,15.8,0.0,29
511000,1227,250,48.1,0.6,0.0,15.3,0.6,34
511000,1115,224,48.1,0.1,0.0,15.8,0.1,16
511000,950,206,47.9,0.1,0.0,16.0,0.0,22
511000,1006,130,47.5,0.0,0.1,16.0,0.0,9
511000,530,118,47.9,0.1,0.0,15.9,0.1,12
511000,1132,106,47.8,0.0,0.0,16.1,0.0,9
511000,1066,102,48.1,0.0,0.0,15.8,0.0,11
511000,1063,101,48.2,0.0,0.0,15.8,0.0,7
511000,1269,20,48.0,0.0,0.0,15.9,0.0,2
511000,1289,18,48.8,0.0,0.0,15.2,0.0,3
511000,1058,18,48.1,0.1,0.0,15.9,0.1,2
511000,1205,7,46.7,0.0,0.0,15.1,0.0,2
512000,980,801,0.1,0.0,0.1,5.5,0.0,105
512000,766,644,47.8,0.0,0.0,15.9,0.0,51
512000,521,446,24.2,23.8,0.0,16.0,23.7,13
512000,1130,358,48.0,0.0,0.0,15.9,0.0,32
512000,968,355,47.8,0.0,0.1,16.0,0.0,35
512000,1227,216,47.9,0.6,0.0,15.4,0.6,26
512000,950,191,48.0,0.0,0.0,16.0,0.0,25
512000,1132,184,48.3,0.0,0.0,15.7,0.0,11
512000,1006,134,47.4,0.0,0.0,15.9,0.0,12
512000,1115,122,47.7,0.1,0.0,16.1,0.1,11
512000,1066,122,46.2,0.1,0.0,17.6,0.1,21
512000,1294,116,48.2,0.1,0.0,15.6,0.1,13
512000,530,94,48.0,0.0,0.0,15.9,0.0,9
512000,1063,56,48.3,0.0,0.0,15.5,0.0,8
512000,1269,23,48.0,0.0,0.0,16.0,0.0,1
512000,1058,21,48.0,0.0,0.0,16.0,0.0,2
512000,1205,13,48.2,0.0,0.0,15.8,0.0,2
512000,1295,9,47.2,2.6,0.0,14.2,2.6,4
512000,1289,9,47.2,0.0,0.0,15.9,0.0,3
513000,980,764,0.0,0.0,0.0,4.1,0.0,60
513000,766,623,47.9,0.0,0.0,15.8,0.0,46
513000,521,384,24.3,23.8,0.0,15.9,23.7,17
513000,968,353,48.1,0.0,0.0,15.8,0.0,28
513000,1227,234,48.1,0.4,0.0,15.6,0.4,23
513000,1130,210,48.1,0.0,0.0,15.9,0.0,19
513000,1132,207,47.6,0.0,0.0,16.4,0.0,26
513000,950,176,48.1,0.0,0.0,15.8,0.0,30
513000,1115,172,48.3,0.0,0.0,15.6,0.0,10
513000,1006,166,47.8,0.0,0.1,16.0,0.0,12
513000,1294,135,44.9,0.3,0.0,15.7,0.2,15
513000,1066,116,47.6,0.0,0.0,16.3,0.0,10
513000,530,107,48.3,0.0,0.0,15.7,0.0,12
513000,1063,51,48.3,0.1,0.0,15.6,0.1,7
513000,1269,21,48.0,0.0,0.0,16.0,0.0,1
513000,1289,20,48.0,0.0,0.0,15.6,0.0,3
513000,1205,9,47.8,0.0,0.0,16.2,0.0,2
513000,1058,8,48.0,0.0,0.0,16.0,0.0,1
514000,980,699,0.0,0.0,0.1,4.5,0.0,65
514000,766,623,48.1,0.0,0.0,15.7,0.0,49
514000,521,359,24.1,23.8,0.0,16.1,23.6,9
514000,968,352,47.8,0.0,0.0,16.0,0.0,33
514000,1130,242,47.5,0.0,0.0,16.4,0.0,32
514000,1132,235,48.0,0.0,0.1,16.0,0.0,23
514000,1227,210,48.0,0.5,0.0,15.5,0.5,25
514000,950,198,47.8,0.0,0.0,16.2,0.0,27
514000,1115,152,48.0,0.1,0.0,15.9,0.1,12
514000,1006,130,47.7,0.0,0.0,15.9,0.0,12
514000,1294,117,47.4,0.5,0.0,15.8,0.4,17
514000,1066,108,48.1,0.1,0.0,15.7,0.1,12
514000,530,90,47.9,0.2,0.0,15.9,0.2,10
514000,1063,74,48.5,0.0,0.0,15.5,0.0,6
514000,1269,22,47.8,0.5,0.0,15.3,0.5,2
514000,1289,13,48.8,0.0,0.0,15.2,0.0,3
514000,1058,11,48.0,0.0,0.0,16.0,0.0,1
515000,766,650,47.9,0.0,0.0,15.8,0.0,57
515000,980,486,0.0,0.0,0.1,4.1,0.0,44
515000,1130,361,47.9,0.0,0.0,16.0,0.0,27
515000,521,356,24.0,23.9,0.0,16.1,23.5,14
515000,968,335,47.8,0.0,0.0,15.9,0.0,43
515000,1115,256,48.1,0.1,0.0,15.7,0.1,21
515000,950,222,45.9,0.5,0.0,16.6,0.1,30
515000,1132,212,48.1,0.0,0.0,15.9,0.0,19
515000,1227,210,48.2,0.4,0.0,15.4,0.4,25
515000,1294,123,47.9,0.1,0.0,16.0,0.1,15
515000,1066,118,47.9,0.1,0.0,15.6,0.1,15
515000,1006,116,47.9,0.0,0.1,15.9,0.0,7
515000,530,108,48.1,0.3,0.0,15.6,0.0,15
515000,1063,78,48.3,0.1,0.0,15.6,0.1,9
515000,1269,23,48.2,0.0,0.0,15.8,0.0,2
515000,1289,13,48.5,0.0,0.0,15.5,0.0,3
515000,1058,10,47.2,0.8,0.0,16.0,0.8,4
516000,980,649,0.2,0.0,0.0,5.5,0.0,85
516000,766,580,47.9,0.0,0.0,15.8,0.0,47
516000,521,383,24.1,23.9,0.0,16.0,23.8,10
516000,1130,348,47.2,0.0,0.0,16.4,0.0,50
516000,968,311,48.1,0.0,0.0,15.8,0.0,26
516000,1132,296,47.9,0.0,0.0,16.0,0.0,22
516000,1115,237,48.1,0.1,0.0,15.8,0.1,23
516000,950,233,47.8,0.0,0.0,16.2,0.0,30
516000,1227,220,48.0,0.5,0.0,15.5,0.5,28
516000,1066,133,48.2,0.0,0.0,15.6,0.0,19
516000,530,109,48.2,0.0,0.0,15.7,0.0,12
516000,1294,102,48.2,0.0,0.0,15.8,0.0,10
516000,1006,100,47.8,0.0,0.0,15.9,0.0,7
516000,1063,73,48.4,0.0,0.0,15.6,0.0,6
516000,1289,32,47.2,0.6,0.0,16.2,0.6,8
516000,1269,17,48.0,0.0,0.0,16.0,0.0,1
516000,1058,5,48.4,0.4,0.0,15.2,0.4,2
517000,766,552,47.9,0.0,0.0,15.9,0.0,49
517000,980,382,0.0,0.1,0.0,4.4,0.0,39
517000,521,361,24.0,24.0,0.0,16.0,23.8,10
517000,1132,344,47.6,0.0,0.1,16.3,0.0,32
517000,1115,244,47.7,0.2,0.0,16.0,0.1,28
517000,950,238,47.6,0.0,0.0,16.4,0.0,38
517000,1130,218,47.9,0.0,0.0,16.1,0.0,22
517000,968,214,47.6,0.0,0.0,16.0,0.0,31
517000,1227,180,47.9,0.3,0.0,15.8,0.3,13
517000,1294,127,46.8,0.3,0.0,16.2,0.2,20
517000,1066,123,46.4,0.3,0.0,16.2,0.3,16
517000,530,109,48.2,0.0,0.0,15.8,0.0,11
517000,1006,96,47.8,0.0,0.0,15.9,0.0,15
517000,1063,40,48.5,0.1,0.0,15.4,0.1,10
517000,1269,21,48.0,0.0,0.0,16.0,0.0,1
517000,1058,15,48.1,0.1,0.0,15.7,0.1,3
517000,1289,14,48.0,0.0,0.0,16.0,0.0,3
518000,980,834,0.0,0.0,0.1,4.3,0.0,72
518000,766,564,47.7,0.0,0.0,15.8,0.0,61
518000,1132,393,47.9,0.0,0.0,16.1,0.0,39
518000,521,375,24.1,24.0,0.0,15.9,23.7,16
518000,968,325,48.0,0.0,0.0,15.9,0.0,42
518000,950,259,47.8,0.0,0.0,16.2,0.0,26
518000,1115,214,48.0,0.1,0.0,15.9,0.1,22
518000,1130,209,47.7,0.1,0.0,16.2,0.0,27
518000,1227,161,47.7,0.7,0.0,15.6,0.7,17
518000,1066,133,47.4,0.2,0.0,15.9,0.2,22
518000,530,121,48.2,0.1,0.0,15.7,0.1,13
518000,1294,118,47.4,0.0,0.0,16.2,0.0,15
518000,1006,116,47.9,0.0,0.0,15.9,0.0,11
518000,1063,32,48.1,0.0,0.0,15.9,0.0,2
518000,1269,28,47.9,0.0,0.0,15.9,0.0,4
518000,1058,19,48.4,0.3,0.0,15.3,0.3,4
518000,1289,11,46.0,0.0,0.0,16.5,0.0,4
519000,980,781,0.0,0.0,0.0,4.3,0.0,82
519000,766,595,47.7,0.1,0.0,15.8,0.1,54
519000,968,411,47.4,0.0,0.0,16.3,0.0,51
519000,521,352,24.3,23.8,0.0,15.9,23.8,9
519000,1132,314,47.7,0.0,0.0,16.3,0.0,32
519000,950,255,46.6,0.0,0.0,17.3,0.0,33
519000,1115,236,47.8,0.1,0.0,16.1,0.1,28
519000,1130,208,47.6,0.0,0.0,16.4,0.0,31
519000,1227,152,47.9,0.8,0.0,15.4,0.8,17
519000,1066,150,48.1,0.1,0.0,15.8,0.1,13
519000,1294,141,44.9,0.2,0.0,16.9,0.2,27
519000,1006,116,47.3,0.0,0.0,16.6,0.0,6
519000,530,110,47.8,0.2,0.0,15.8,0.2,17
519000,1269,29,46.2,0.2,0.0,14.9,0.2,8
519000,1063,25,48.1,0.0,0.0,15.9,0.0,4
519000,1058,11,48.4,0.4,0.0,15.3,0.4,3
519000,1289,5,48.2,0.0,0.0,15.8,0.0,2
520000,980,824,0.0,0.0,0.0,4.8,0.0,77
520000,766,601,47.5,0.0,0.0,15.6,0.0,72
520000,521,417,24.1,24.0,0.0,15.9,23.9,11
520000,968,321,48.0,0.0,0.0,15.9,0.0,38
520000,950,276,47.6,0.0,0.0,16.2,0.0,42
520000,1130,265,47.8,0.0,0.0,16.2,0.0,24
520000,1227,198,48.3,0.8,0.0,14.9,0.8,17
520000,1132,197,47.7,0.0,0.0,16.3,0.0,22
520000,1115,195,48.1,0.1,0.0,15.8,0.1,22
520000,1066,148,48.2,0.1,0.0,15.6,0.1,20
520000,1006,119,47.4,0.0,0.0,16.5,0.0,12
520000,1294,117,47.9,0.0,0.0,16.0,0.0,15
520000,530,100,47.9,0.0,0.0,16.1,0.0,8
520000,1269,36,47.7,0.1,0.0,16.2,0.1,5
520000,1063,22,48.2,0.0,0.0,15.8,0.0,3
520000,1058,21,48.5,0.0,0.0,15.5,0.0,3
520000,1289,5,49.8,0.0,0.0,14.2,0.0,3
521000,980,593,0.1,0.1,0.1,5.4,0.0,86
521000,766,543,48.1,0.0,0.0,15.7,0.0,55
521000,521,401,24.0,23.7,0.0,16.2,23.3,20
521000,968,376,48.0,0.0,0.0,15.9,0.0,35
521000,1227,243,48.1,0.8,0.0,15.1,0.8,28
521000,950,237,48.0,0.0,0.0,15.9,0.0,33
521000,1115,223,48.2,0.2,0.1,15.5,0.2,34
521000,1130,219,47.7,0.1,0.0,16.1,0.1,28
521000,1307,178,47.8,0.0,0.0,16.2,0.0,26
521000,1294,157,48.0,0.3,0.0,15.4,0.3,23
521000,1006,141,47.7,0.0,0.0,16.0,0.0,18
521000,1066,137,47.9,0.1,0.0,16.1,0.1,14
521000,1132,134,48.2,0.0,0.0,15.8,0.0,14
521000,530,99,47.6,0.5,0.0,16.0,0.0,9
521000,1269,30,48.0,0.0,0.0,16.0,0.0,1
521000,1058,30,48.6,0.4,0.0,15.0,0.4,8
521000,1063,24,48.0,0.0,0.0,16.0,0.0,1
522000,766,558,48.1,0.0,0.0,15.7,0.0,45
522000,521,448,24.2,23.9,0.1,15.9,23.7,14
522000,980,440,0.1,0.0,0.2,4.7,0.0,67
522000,968,394,47.7,0.0,0.0,15.9,0.0,28
522000,1227,267,48.1,0.6,0.0,15.3,0.6,20
522000,1115,225,48.2,0.1,0.0,15.7,0.1,22
522000,950,216,47.8,0.0,0.0,16.1,0.0,26
522000,1130,183,47.7,0.1,0.0,16.2,0.0,24
522000,1307,163,47.6,0.1,0.0,16.3,0.1,17
522000,1294,154,47.0,0.2,0.0,15.7,0.1,20
522000,1066,124,48.2,0.0,0.0,15.7,0.0,10
522000,1132,114,47.7,0.0,0.0,16.3,0.0,10
522000,1006,92,47.2,0.0,0.0,16.7,0.0,7
522000,530,92,48.2,0.1,0.0,15.8,0.1,10
522000,1063,33,48.1,0.0,0.0,15.9,0.0,2
522000,1058,28,48.6,0.2,0.0,15.2,0.2,6
522000,1269,24,48.0,0.0,0.0,16.0,0.0,1
523000,766,615,47.9,0.1,0.0,15.7,0.1,62
523000,521,375,23.9,24.0,0.0,16.0,23.9,6
523000,968,337,47.5,0.0,0.0,16.2,0.0,42
523000,1227,285,48.1,0.7,0.0,15.3,0.7,26
523000,980,281,0.1,0.0,0.1,4.2,0.0,34
523000,950,275,48.3,0.0,0.0,15.7,0.0,28
523000,1130,211,47.6,0.1,0.0,16.3,0.1,33
523000,1115,206,48.3,0.1,0.0,15.6,0.1,20
523000,1307,168,47.8,0.0,0.0,16.0,0.0,17
523000,1066,153,48.1,0.0,0.0,15.7,0.0,18
523000,1294,115,48.1,0.0,0.0,15.9,0.0,12
523000,1132,111,48.2,0.0,0.0,15.8,0.0,9
523000,530,88,48.4,0.0,0.0,15.5,0.0,10
523000,1006,82,47.1,0.0,0.3,16.1,0.0,10
523000,1063,67,48.1,0.1,0.0,15.8,0.1,8
523000,1058,41,48.7,0.1,0.0,15.1,0.1,7
523000,1269,26,48.0,0.2,0.0,15.8,0.2,4
524000,980,641,0.1,0.0,0.2,7.0,0.0,114
524000,766,533,48.0,0.0,0.0,15.8,0.0,52
524000,1130,432,47.8,0.0,0.0,16.2,0.0,66
524000,521,425,24.2,23.9,0.0,15.9,23.8,13
524000,968,300,48.2,0.0,0.0,15.8,0.0,31
524000,1227,266,48.2,0.6,0.0,15.2,0.6,32
524000,950,263,47.7,0.0,0.0,16.3,0.0,34
524000,1115,207,48.1,0.1,0.0,15.8,0.1,17
524000,1066,141,48.1,0.0,0.0,15.9,0.0,16
524000,1294,128,48.1,0.1,0.0,15.3,0.1,19
524000,1132,105,47.3,0.0,0.0,16.7,0.0,8
524000,1006,104,47.2,0.0,0.0,16.5,0.0,6
524000,530,96,48.1,0.0,0.0,15.9,0.0,8
524000,1063,76,48.1,0.0,0.0,15.7,0.0,8
524000,1058,41,47.5,0.6,0.0,15.9,0.2,8
524000,1269,24,47.8,0.0,0.0,16.0,0.0,3
525000,766,539,47.9,0.0,0.0,15.7,0.0,51
525000,521,398,24.3,23.8,0.0,15.9,23.6,15
525000,950,304,48.0,0.0,0.0,16.0,0.0,34
525000,1227,283,48.1,0.6,0.0,15.3,0.6,25
525000,968,278,48.1,0.0,0.0,15.6,0.0,27
525000,1130,226,47.7,0.0,0.0,16.2,0.0,42
525000,980,199,0.0,0.0,0.0,4.1,0.0,27
525000,1115,197,48.2,0.4,0.0,15.4,0.4,35
525000,1066,130,48.1,0.0,0.0,15.8,0.0,14
525000,530,111,48.0,0.2,0.0,15.8,0.2,9
525000,1294,104,48.0,0.3,0.0,15.6,0.3,14
525000,1132,102,47.2,0.0,0.0,16.8,0.0,14
525000,1006,100,46.7,0.0,0.0,17.1,0.0,10
525000,1063,46,48.0,0.0,0.0,16.0,0.0,6
525000,1058,43,47.8,0.5,0.0,15.4,0.5,8
525000,1269,19,48.0,0.0,0.0,16.0,0.0,1
526000,766,555,48.0,0.0,0.0,15.6,0.0,56
526000,521,368,24.1,23.9,0.0,15.9,23.7,11
526000,980,365,0.0,0.0,0.1,3.8,0.0,32
526000,950,325,47.9,0.0,0.0,16.1,0.0,36
526000,968,296,47.9,0.0,0.1,15.8,0.0,28
526000,1115,277,47.9,0.2,0.0,15.9,0.2,30
526000,1227,251,48.5,0.6,0.0,14.9,0.6,25
526000,1130,197,47.3,0.0,0.0,16.7,0.0,31
526000,1132,167,47.7,0.0,0.0,16.3,0.0,19
526000,530,136,48.2,0.1,0.0,15.7,0.1,14
526000,1066,130,47.9,0.0,0.0,16.1,0.0,12
526000,1294,104,46.6,0.3,0.0,16.1,0.3,16
526000,1006,99,48.0,0.0,0.0,16.0,0.0,5
526000,1058,39,48.4,0.1,0.0,15.5,0.1,8
526000,1063,21,48.0,0.0,0.0,16.0,0.0,2
526000,1269,21,47.3,0.4,0.0,15.4,0.4,3
527000,766,560,47.9,0.0,0.0,15.9,0.0,47
527000,521,377,24.3,23.8,0.0,15.9,23.7,11
527000,950,335,47.5,0.0,0.0,16.5,0.0,43
527000,968,273,48.0,0.0,0.0,15.8,0.0,21
527000,1227,272,48.1,0.5,0.0,15.4,0.5,28
527000,980,253,0.0,0.0,0.0,3.7,0.0,18
527000,1115,247,48.3,0.1,0.0,15.6,0.1,29
527000,1132,210,47.1,0.0,0.0,16.8,0.0,24
527000,1130,155,48.3,0.0,0.0,15.7,0.0,18
527000,1066,141,48.4,0.1,0.0,15.5,0.1,21
527000,530,102,47.6,0.6,0.0,15.8,0.2,9
527000,1294,92,47.8,0.3,0.0,15.8,0.3,14
527000,1006,92,47.6,0.0,0.0,16.2,0.0,9
527000,1058,39,48.7,0.4,0.0,15.0,0.4,6
527000,1269,12,48.1,0.0,0.0,15.9,0.0,2
527000,1063,12,48.0,0.0,0.0,16.0,0.0,1
528000,766,570,48.1,0.0,0.0,15.6,0.0,55
528000,980,398,0.1,0.0,0.0,3.3,0.0,38
528000,521,350,24.3,23.8,0.0,15.9,23.7,9
528000,1227,327,47.8,0.5,0.0,15.7,0.5,39
528000,968,315,47.6,0.0,0.0,16.1,0.0,30
528000,1115,279,48.1,0.0,0.0,15.9,0.0,20
528000,950,264,47.7,0.0,0.0,16.3,0.0,31
528000,1132,172,47.7,0.0,0.0,16.3,0.0,20
528000,530,131,48.1,0.1,0.0,15.8,0.1,9
528000,1294,114,48.6,0.3,0.0,15.0,0.3,17
528000,1066,105,48.0,0.0,0.0,16.0,0.0,12
528000,1130,88,47.7,0.0,0.0,16.3,0.0,11
528000,1006,52,47.2,0.0,0.0,16.4,0.0,7
528000,1058,49,48.1,0.1,0.0,15.8,0.1,6
528000,1063,7,48.0,0.0,0.0,16.0,0.0,1
528000,1269,7,47.4,0.0,0.0,16.6,0.0,2
529000,766,617,47.9,0.0,0.0,15.7,0.0,57
529000,521,399,24.1,23.9,0.0,15.9,23.7,15
529000,1320,355,1.4,0.1,0.8,7.3,0.0,72
529000,1227,310,47.7,0.6,0.0,15.7,0.6,24
529000,968,298,48.2,0.0,0.0,15.7,0.0,33
529000,980,292,0.0,0.0,0.0,3.1,0.0,26
529000,950,268,47.6,0.0,0.0,16.3,0.0,32
529000,1132,211,47.5,0.0,0.0,16.5,0.0,21
529000,1319,210,47.6,0.0,0.0,16.3,0.0,26
529000,1321,189,0.2,0.0,0.1,4.9,0.0,42
529000,1115,155,48.1,0.0,0.0,15.9,0.0,15
529000,530,149,48.2,0.0,0.0,15.8,0.0,12
529000,1066,137,48.2,0.0,0.0,15.8,0.0,10
529000,1294,86,48.0,0.2,0.0,15.6,0.2,15
529000,1130,73,48.1,0.0,0.0,15.9,0.0,13
529000,1058,41,48.0,0.1,0.0,15.8,0.1,6
529000,1006,39,48.3,0.0,0.0,15.7,0.0,5
529000,1269,20,47.2,0.2,0.0,15.9,0.2,2
529000,1063,7,48.1,0.0,0.0,15.9,0.0,2
530000,766,638,47.9,0.0,0.0,15.8,0.0,61
530000,968,373,47.6,0.0,0.0,16.2,0.0,34
530000,980,354,0.0,0.0,0.0,3.0,0.0,31
530000,1227,349,47.9,0.6,0.0,15.4,0.6,36
530000,521,343,23.9,24.0,0.0,16.0,23.6,13
530000,950,261,48.1,0.0,0.0,15.8,0.0,36
530000,1132,224,47.7,0.0,0.0,16.2,0.0,36
530000,1319,205,47.9,0.0,0.0,16.0,0.0,27
530000,1320,194,0.6,0.2,0.5,9.4,0.0,42
530000,1066,120,48.1,0.0,0.0,15.8,0.0,14
530000,1115,118,48.0,0.2,0.0,15.7,0.2,17
530000,530,114,48.0,0.1,0.0,15.9,0.1,9
530000,1294,77,48.1,0.2,0.0,15.6,0.2,19
530000,1130,57,47.8,0.0,0.0,16.2,0.0,9
530000,1321,49,0.3,0.3,0.0,4.1,0.0,20
530000,1058,40,48.1,0.0,0.0,15.9,0.0,4
530000,1006,37,48.6,0.0,0.0,15.1,0.0,5
530000,1269,23,48.5,0.2,0.0,15.3,0.2,2
531000,766,575,48.1,0.0,0.0,15.7,0.0,59
531000,1227,502,48.1,0.6,0.0,15.3,0.6,45
531000,521,350,24.3,23.9,0.0,15.8,23.6,10
531000,968,320,47.1,0.0,0.0,16.5,0.0,33
531000,950,234,48.2,0.0,0.0,15.6,0.0,34
531000,1132,203,47.8,0.0,0.0,16.2,0.0,21
531000,980,184,0.0,0.0,0.1,3.1,0.0,19
531000,1115,167,48.1,0.1,0.0,15.8,0.1,14
531000,1319,154,47.0,0.0,0.0,16.8,0.0,18
531000,1130,150,47.9,0.0,0.0,16.1,0.0,23
531000,530,125,48.4,0.1,0.0,15.5,0.1,12
531000,1320,119,0.9,0.0,0.1,7.3,0.0,19
531000,1294,92,48.3,0.0,0.0,15.7,0.0,14
531000,1066,89,48.5,0.0,0.0,15.5,0.0,14
531000,1006,78,48.3,0.0,0.0,15.3,0.0,10
531000,1321,42,0.0,0.3,0.0,4.8,0.0,12
531000,1058,35,48.0,0.3,0.0,15.6,0.3,8
531000,1269,16,48.0,0.0,0.0,16.0,0.0,1
532000,1227,580,48.0,0.6,0.0,15.3,0.6,51
532000,766,535,47.9,0.1,0.0,15.7,0.1,70
532000,521,375,24.3,23.7,0.0,15.9,23.6,15
532000,950,329,47.9,0.0,0.0,16.1,0.0,45
532000,968,301,47.8,0.0,0.0,15.9,0.0,33
532000,1132,195,48.0,0.0,0.0,15.9,0.0,25
532000,1319,188,47.9,0.0,0.0,16.0,0.0,32
532000,1115,145,47.9,0.1,0.0,16.1,0.1,6
532000,530,121,48.1,0.2,0.0,15.7,0.2,11
532000,980,118,0.0,0.0,0.0,2.7,0.0,11
532000,1321,117,0.2,0.0,0.0,5.6,0.0,30
532000,1066,113,48.2,0.0,0.0,15.8,0.0,10
532000,1130,111,48.1,0.0,0.0,15.9,0.0,20
532000,1320,78,0.5,0.0,0.6,8.2,0.0,14
532000,1294,77,48.1,0.0,0.0,15.9,0.0,11
532000,1058,40,48.2,0.1,0.0,15.6,0.1,5
532000,1006,32,46.9,0.0,0.0,16.1,0.0,7
532000,1269,12,48.3,0.0,0.0,15.7,0.0,2
533000,1227,579,48.1,0.6,0.0,15.3,0.6,60
533000,766,551,48.1,0.1,0.0,15.7,0.1,44
533000,521,384,24.3,23.7,0.0,15.9,23.5,16
533000,950,344,47.4,0.0,0.0,16.4,0.0,46
533000,968,281,47.9,0.0,0.0,15.9,0.0,23
533000,1115,235,48.1,0.1,0.0,15.8,0.1,25
533000,1319,202,47.6,0.0,0.0,16.4,0.0,30
533000,1132,161,48.2,0.0,0.0,15.7,0.0,19
533000,1321,143,0.1,0.0,0.0,7.4,0.0,49
533000,530,115,48.3,0.0,0.0,15.7,0.0,12
533000,1130,106,47.2,0.1,0.0,16.7,0.1,17
533000,1320,94,0.7,0.2,0.7,9.6,0.0,26
533000,1066,88,47.5,0.0,0.1,15.6,0.0,8
533000,1294,85,48.1,0.2,0.0,15.6,0.2,18
533000,980,71,0.8,0.0,0.0,2.2,0.0,10
533000,1006,39,48.6,0.0,0.0,15.4,0.0,6
533000,1058,29,48.4,0.1,0.0,15.4,0.1,6
533000,1269,20,48.4,0.0,0.0,15.6,0.0,3
534000,1227,556,48.0,0.6,0.0,15.4,0.6,51
534000,766,530,47.8,0.1,0.0,15.8,0.1,50
534000,968,384,47.8,0.0,0.0,16.0,0.0,44
534000,521,354,24.4,23.7,0.0,15.8,23.7,12
534000,950,331,48.4,0.0,0.0,15.5,0.0,33
534000,1319,192,48.2,0.0,0.0,15.8,0.0,27
534000,1132,186,48.6,0.0,0.0,15.4,0.0,19
534000,530,137,48.4,0.0,0.0,15.6,0.0,13
534000,980,125,0.0,0.0,0.1,3.6,0.0,18
534000,1115,114,48.0,0.0,0.0,16.0,0.0,9
534000,1066,102,48.2,0.0,0.0,15.8,0.0,14
534000,1321,99,0.3,0.0,0.2,6.3,0.0,31
534000,1294,82,48.5,0.0,0.0,15.5,0.0,15
534000,1320,64,0.6,0.0,0.4,5.5,0.0,11
534000,1130,63,47.4,0.2,0.0,16.4,0.1,12
534000,1006,48,48.0,0.0,0.0,16.0,0.0,2
534000,1058,29,48.1,0.3,0.0,15.7,0.3,6
534000,1269,10,47.9,0.0,0.0,16.1,0.0,2
535000,766,586,47.9,0.0,0.0,15.7,0.0,57
535000,1227,575,48.0,0.5,0.0,15.5,0.5,52
535000,968,432,48.1,0.0,0.0,15.8,0.0,41
535000,950,341,47.9,0.0,0.0,16.1,0.0,35
535000,521,339,24.5,23.5,0.0,15.9,23.5,14
535000,1115,240,48.2,0.1,0.0,15.7,0.1,25
535000,1321,183,0.0,0.0,0.1,6.2,0.0,49
535000,530,155,48.1,0.0,0.0,15.8,0.0,16
535000,1319,153,47.6,0.0,0.0,16.3,0.0,29
535000,1333,100,0.0,0.2,0.0,5.3,0.0,33
535000,980,97,0.1,0.0,0.0,3.2,0.0,17
535000,1066,94,48.2,0.0,0.0,15.7,0.0,9
535000,1320,92,0.7,0.0,0.0,5.0,0.0,11
535000,1132,90,47.9,0.0,0.0,16.0,0.0,8
535000,1130,58,48.0,0.1,0.0,15.9,0.1,8
535000,1294,51,47.8,0.3,0.0,15.9,0.3,10
535000,1006,36,48.6,0.0,0.0,15.2,0.0,4
535000,1269,18,48.7,0.0,0.0,15.3,0.0,2
535000,1058,15,48.1,0.0,0.0,15.9,0.0,2
536000,1227,598,48.0,0.5,0.0,15.5,0.5,62
536000,766,587,47.7,0.0,0.0,15.9,0.0,58
536000,968,457,47.9,0.0,0.0,15.9,0.0,39
536000,950,353,48.0,0.0,0.0,15.9,0.0,31
536000,521,310,24.2,24.0,0.0,15.8,23.7,9
536000,1115,253,48.0,0.1,0.1,15.9,0.1,21
536000,1319,156,47.9,0.1,0.0,16.0,0.1,23
536000,530,152,48.3,0.0,0.0,15.7,0.0,15
536000,1130,98,47.5,0.0,0.0,16.5,0.0,11
536000,1066,86,47.7,0.3,0.0,15.8,0.3,15
536000,980,75,0.0,0.0,0.0,2.8,0.0,14
536000,1132,62,48.4,0.0,0.0,15.6,0.0,8
536000,1320,51,0.3,0.0,0.2,6.4,0.0,11
536000,1294,43,46.7,0.0,0.0,16.0,0.0,6
536000,1321,43,0.2,0.0,0.0,7.5,0.0,13
536000,1006,24,48.2,0.0,0.0,15.8,0.0,4
536000,1269,21,47.7,0.0,0.0,15.4,0.0,5
536000,1058,8,48.0,0.0,0.0,16.0,0.0,1
537000,1227,582,48.2,0.4,0.0,15.4,0.4,66
537000,766,547,48.1,0.0,0.0,15.6,0.0,61
537000,950,396,48.1,0.0,0.0,15.9,0.0,42
537000,968,387,47.8,0.0,0.1,16.0,0.0,35
537000,521,376,24.3,23.8,0.0,15.8,23.7,15
537000,1115,262,48.2,0.2,0.0,15.5,0.2,29
537000,1319,185,47.8,0.1,0.0,16.1,0.1,23
537000,980,167,0.0,0.0,0.2,2.7,0.0,18
537000,530,131,48.2,0.0,0.0,15.7,0.0,12
537000,1130,108,47.0,0.1,0.0,16.9,0.1,22
537000,1066,93,48.1,0.0,0.1,15.7,0.0,13
537000,1294,46,47.4,0.0,0.0,16.3,0.0,6
537000,1132,44,47.8,0.0,0.0,16.2,0.0,6
537000,1321,29,0.0,0.0,0.0,6.1,0.0,13
537000,1006,25,48.0,0.0,0.0,16.0,0.0,1
537000,1269,16,47.8,0.0,0.0,15.8,0.0,2
538000,1227,606,48.1,0.3,0.0,15.5,0.3,57
538000,766,580,47.8,0.0,0.0,15.8,0.0,58
538000,950,384,47.7,0.0,0.0,16.3,0.0,49
538000,521,364,24.0,24.0,0.0,16.0,23.8,6
538000,968,337,47.6,0.0,0.0,16.1,0.0,39
538000,1115,275,48.1,0.1,0.0,15.8,0.1,23
538000,980,254,0.0,0.0,0.1,3.4,0.0,25
538000,1319,247,48.0,0.0,0.0,15.9,0.0,24
538000,530,124,48.2,0.1,0.0,15.8,0.1,12
538000,1132,99,46.9,0.0,0.0,17.1,0.0,15
538000,1066,83,47.5,0.3,0.0,16.2,0.3,14
538000,1294,65,48.2,0.1,0.0,15.8,0.1,8
538000,1321,36,0.0,0.0,0.0,4.9,0.0,12
538000,1006,24,47.8,0.0,0.0,15.8,0.0,2
538000,1269,19,48.1,0.0,0.0,15.9,0.0,2
539000,1227,612,48.3,0.3,0.0,15.4,0.3,64
539000,766,564,47.8,0.0,0.0,15.8,0.0,62
539000,968,398,47.8,0.0,0.0,16.0,0.0,38
539000,980,367,0.0,0.0,0.1,4.5,0.0,39
539000,950,345,47.6,0.0,0.0,16.3,0.0,48
539000,521,330,24.1,24.0,0.0,15.9,23.5,12
539000,1115,287,48.2,0.0,0.0,15.8,0.0,23
539000,1319,207,48.0,0.0,0.0,16.0,0.0,33
539000,530,153,47.9,0.1,0.0,16.0,0.1,18
539000,1132,107,47.9,0.0,0.0,16.1,0.0,10
539000,1321,99,0.2,0.0,0.0,7.9,0.0,38
539000,1066,59,48.4,0.1,0.0,15.6,0.1,9
539000,1294,52,47.9,0.0,0.0,16.1,0.0,10
539000,1006,27,48.1,0.0,0.0,15.9,0.0,4
539000,1269,26,48.2,0.0,0.0,15.8,0.0,3
539000,1341,18,47.8,0.0,0.0,15.9,0.0,3
540000,1227,595,47.9,0.6,0.0,15.5,0.5,77
540000,766,580,47.7,0.0,0.0,15.7,0.0,56
540000,968,411,47.8,0.0,0.0,15.8,0.0,41
540000,950,366,47.8,0.0,0.0,16.2,0.0,48
540000,521,308,24.0,23.8,0.1,16.2,23.6,11
540000,1115,281,48.2,0.1,0.0,15.7,0.1,35
540000,980,242,0.0,0.1,0.0,4.7,0.0,32
540000,1319,202,47.9,0.0,0.0,16.1,0.0,28
540000,1321,195,0.4,0.0,0.1,9.2,0.0,58
540000,530,131,47.9,0.2,0.0,15.9,0.2,13
540000,1132,121,47.6,0.0,0.0,16.4,0.0,11
540000,1294,70,47.8,0.0,0.0,15.9,0.0,13
540000,1066,43,48.1,0.0,0.0,15.9,0.0,5
540000,1269,36,47.5,0.0,0.0,16.1,0.0,5
540000,1006,23,48.2,0.0,0.0,15.8,0.0,2
540000,1341,17,48.4,0.0,0.0,15.5,0.0,5
541000,1227,653,48.1,0.5,0.0,15.4,0.5,75
541000,766,607,48.0,0.0,0.0,15.8,0.0,57
541000,968,442,47.7,0.0,0.0,16.1,0.0,35
541000,521,353,24.3,23.7,0.0,15.9,23.6,13
541000,950,338,48.1,0.0,0.0,15.9,0.0,38
541000,1115,239,48.3,0.0,0.0,15.6,0.0,26
541000,980,184,0.0,0.0,0.0,4.6,0.0,26
541000,1319,157,47.7,0.0,0.0,16.3,0.0,16
541000,530,97,48.1,0.1,0.0,15.8,0.1,9
541000,1132,74,48.1,0.0,0.0,15.8,0.0,10
541000,1066,71,47.9,0.0,0.0,15.9,0.0,5
541000,1294,58,48.1,0.0,0.0,15.9,0.0,8
541000,1269,37,47.2,0.7,0.0,15.7,0.6,6
541000,1006,37,47.5,0.0,0.0,16.4,0.0,4
541000,1321,31,0.1,0.0,0.1,6.8,0.0,12
541000,1341,28,47.4,0.0,0.5,15.9,0.0,7
542000,1227,582,48.1,0.4,0.0,15.5,0.4,53
542000,766,578,48.1,0.0,0.0,15.7,0.0,55
542000,521,381,23.9,24.0,0.0,16.1,23.8,10
542000,950,323,47.7,0.0,0.0,16.2,0.0,41
542000,968,236,47.8,0.0,0.0,16.1,0.0,14
542000,1319,210,48.3,0.0,0.0,15.7,0.0,25
542000,980,166,0.0,0.0,0.0,4.6,0.0,22
542000,1115,114,48.2,0.1,0.0,15.7,0.1,11
542000,1066,114,48.0,0.0,0.0,15.8,0.0,12
542000,530,110,48.0,0.1,0.0,15.9,0.1,18
542000,1321,105,0.0,0.0,0.1,8.2,0.0,26
542000,1132,82,47.0,0.0,0.0,17.0,0.0,15
542000,1269,71,47.6,0.0,0.0,16.3,0.0,6
542000,1294,41,48.1,0.0,0.0,15.9,0.0,6
542000,1006,37,47.6,0.0,0.0,16.0,0.0,8
542000,1341,31,48.7,0.0,0.0,15.1,0.0,9
543000,766,603,47.9,0.0,0.0,15.7,0.0,58
543000,1227,534,48.0,0.5,0.0,15.5,0.5,70
543000,968,422,48.1,0.0,0.0,15.7,0.0,41
543000,521,329,24.0,23.9,0.0,16.1,23.6,9
543000,950,322,47.7,0.0,0.0,16.3,0.0,41
543000,1319,178,48.2,0.0,0.0,15.7,0.0,25
543000,1066,136,47.9,0.0,0.0,15.9,0.0,14
543000,1132,107,47.1,0.0,0.0,16.9,0.0,15
543000,980,106,0.1,0.0,0.1,4.8,0.0,18
543000,1115,83,48.3,0.0,0.0,15.7,0.0,10
543000,530,80,47.9,0.2,0.0,15.9,0.1,9
543000,1006,68,47.5,0.1,0.0,15.9,0.1,10
543000,1269,57,47.7,0.2,0.0,16.1,0.2,7
543000,1294,41,47.7,0.1,0.0,16.1,0.1,7
543000,1321,35,0.0,0.0,0.0,7.5,0.0,14
543000,1341,29,48.3,0.0,0.0,15.6,0.0,9
544000,766,554,48.0,0.0,0.0,15.8,0.0,51
544000,1227,518,47.7,0.6,0.0,15.7,0.6,53
544000,968,447,47.7,0.0,0.0,16.0,0.0,36
544000,521,392,24.0,24.0,0.0,16.1,23.8,10
544000,950,283,48.0,0.0,0.0,15.9,0.0,39
544000,1319,255,47.5,0.0,0.0,16.4,0.0,34
544000,1066,150,47.9,0.0,0.0,16.0,0.0,11
544000,1132,116,48.1,0.0,0.0,15.9,0.0,8
544000,1115,81,48.6,0.0,0.0,15.4,0.0,9
544000,530,78,48.1,0.1,0.0,15.8,0.1,11
544000,980,71,0.0,0.0,0.0,5.1,0.0,13
544000,1006,64,48.0,0.0,0.0,15.4,0.0,9
544000,1269,63,47.5,0.2,0.0,16.3,0.2,9
544000,1294,59,48.5,0.0,0.0,15.5,0.0,12
544000,1321,57,0.1,0.0,0.0,9.0,0.0,12
544000,1341,31,48.5,0.0,0.0,15.5,0.0,7
545000,766,560,47.9,0.0,0.0,15.8,0.0,56
545000,1227,560,47.9,0.4,0.0,15.7,0.4,61
545000,968,382,47.8,0.0,0.0,16.0,0.0,36
545000,521,339,24.0,24.0,0.0,16.0,23.6,11
545000,1319,299,47.6,0.0,0.0,16.2,0.0,43
545000,1321,245,0.0,0.0,0.0,7.9,0.0,51
545000,950,214,48.2,0.0,0.0,15.8,0.0,25
545000,1115,174,48.3,0.1,0.0,15.6,0.1,23
545000,1066,155,48.1,0.0,0.0,15.9,0.0,15
545000,1132,153,48.3,0.0,0.0,15.7,0.0,15
545000,980,122,0.2,0.0,0.1,6.5,0.0,28
545000,530,93,48.1,0.0,0.0,15.9,0.0,12
545000,1006,74,46.3,0.0,0.1,16.2,0.0,12
545000,1269,56,48.3,0.0,0.0,15.5,0.0,6
545000,1294,38,48.1,0.0,0.0,15.9,0.0,9
545000,1341,31,47.7,0.0,0.0,16.3,0.0,8
546000,1227,661,48.1,0.3,0.0,15.5,0.3,66
546000,766,495,47.7,0.0,0.0,16.0,0.0,49
546000,521,312,24.3,23.7,0.1,15.9,23.4,15
546000,1319,279,47.6,0.1,0.0,16.3,0.1,42
546000,950,257,47.8,0.0,0.0,16.2,0.0,36
546000,1115,212,48.1,0.1,0.0,15.8,0.1,27
546000,968,198,47.4,0.0,0.0,16.1,0.0,21
546000,1132,189,47.8,0.0,0.0,16.2,0.0,24
546000,1321,147,0.4,0.0,0.1,6.3,0.0,31
546000,1066,126,48.2,0.0,0.0,15.7,0.0,11
546000,980,124,0.1,0.0,0.3,5.6,0.0,30
546000,530,88,48.1,0.1,0.0,15.6,0.1,14
546000,1269,76,47.9,0.2,0.0,15.5,0.2,10
546000,1006,53,48.5,0.0,0.2,14.8,0.0,8
546000,1341,29,47.9,0.0,0.0,15.9,0.0,11
546000,1294,18,47.6,0.0,0.0,16.2,0.0,7
547000,1227,624,47.8,0.3,0.0,15.8,0.3,76
547000,766,499,48.0,0.0,0.0,15.8,0.0,42
547000,968,373,47.8,0.0,0.1,15.9,0.0,31
547000,521,318,24.3,23.7,0.0,16.0,23.7,9
547000,1115,246,48.1,0.1,0.0,15.8,0.1,25
547000,950,245,48.1,0.0,0.0,15.9,0.0,31
547000,1319,220,48.0,0.1,0.0,15.9,0.1,41
547000,1132,183,47.4,0.0,0.0,16.6,0.0,19
547000,980,139,0.0,0.0,0.2,6.6,0.0,37
547000,1321,137,0.1,0.0,0.1,8.2,0.0,40
547000,1066,114,48.0,0.0,0.0,16.0,0.0,14
547000,530,106,48.2,0.1,0.0,15.7,0.1,14
547000,1269,96,47.7,0.0,0.0,16.1,0.0,14
547000,1006,34,48.2,0.0,0.0,15.8,0.0,3
547000,1341,33,48.5,0.0,0.0,15.5,0.0,5
548000,766,616,47.9,0.0,0.0,15.9,0.0,53
548000,1227,596,48.1,0.4,0.0,15.5,0.4,65
548000,968,359,47.6,0.0,0.0,16.2,0.0,34
548000,521,306,24.3,23.8,0.0,15.9,23.7,9
548000,1115,244,48.1,0.1,0.0,15.7,0.1,25
548000,1319,238,47.0,0.0,0.0,16.8,0.0,37
548000,950,237,48.0,0.0,0.0,16.0,0.0,32
548000,980,185,0.0,0.0,0.1,3.6,0.0,18
548000,1132,138,48.2,0.0,0.0,15.8,0.0,19
548000,530,115,48.1,0.0,0.0,15.9,0.0,7
548000,1321,105,0.4,0.0,0.0,8.7,0.0,30
548000,1066,76,47.7,0.1,0.0,16.0,0.1,16
548000,1006,57,48.0,0.1,0.0,15.7,0.1,6
548000,1269,55,48.0,0.1,0.0,15.9,0.1,6
548000,1341,50,48.0,0.1,0.0,15.5,0.1,13
549000,1227,622,48.2,0.3,0.0,15.5,0.3,60
549000,766,594,47.9,0.0,0.0,15.8,0.0,51
549000,521,339,23.9,23.9,0.0,16.2,23.7,11
549000,968,335,47.7,0.0,0.0,16.0,0.0,38
549000,1115,266,48.4,0.2,0.0,15.3,0.2,35
549000,980,234,0.0,0.0,0.2,4.6,0.0,33
549000,950,187,47.4,0.0,0.0,16.5,0.0,28
549000,1319,185,47.8,0.0,0.0,16.0,0.0,25
549000,1132,162,48.1,0.0,0.0,15.9,0.0,18
549000,1066,93,47.9,0.0,0.0,16.1,0.0,13
549000,530,90,48.5,0.0,0.0,15.4,0.0,11
549000,1341,60,47.8,0.0,0.0,15.8,0.0,11
549000,1321,46,0.5,0.0,0.0,7.2,0.0,15
549000,1006,43,48.3,0.0,0.0,15.7,0.0,3
549000,1269,33,48.2,0.0,0.0,15.4,0.0,4
550000,1227,624,48.0,0.3,0.0,15.6,0.3,68
550000,766,578,47.9,0.1,0.0,15.7,0.1,52
550000,521,347,24.2,23.8,0.0,16.0,23.7,11
550000,968,301,47.5,0.0,0.0,16.2,0.0,28
550000,950,206,47.9,0.0,0.0,16.0,0.0,29
550000,980,201,0.0,0.0,0.2,4.1,0.0,31
550000,1319,195,48.2,0.0,0.0,15.8,0.0,22
550000,1132,154,47.0,0.0,0.0,16.9,0.0,23
550000,1115,151,47.9,0.1,0.0,15.9,0.1,18
550000,530,133,48.0,0.1,0.0,15.8,0.1,11
550000,1321,103,0.1,0.0,0.0,7.3,0.0,24
550000,1066,97,47.7,0.0,0.1,16.2,0.0,16
550000,1006,49,48.0,0.0,0.0,16.0,0.0,4
550000,1341,49,48.2,0.3,0.0,15.1,0.3,15
550000,1269,27,47.7,0.0,0.0,16.2,0.0,3
551000,1227,650,48.0,0.3,0.0,15.6,0.3,69
551000,766,537,48.0,0.1,0.0,15.7,0.1,53
551000,521,359,23.8,24.1,0.0,16.1,23.7,10
551000,968,329,47.2,0.0,0.0,16.2,0.0,41
551000,980,255,0.0,0.0,0.2,3.3,0.0,33
551000,1321,227,0.1,0.0,0.1,7.6,0.0,47
551000,1319,161,47.6,0.0,0.0,16.3,0.0,25
551000,950,160,48.2,0.0,0.0,15.8,0.0,25
551000,1357,142,48.0,0.0,0.0,15.9,0.0,9
551000,1132,127,47.2,0.0,0.0,16.8,0.0,16
551000,530,112,47.9,0.0,0.0,16.0,0.0,7
551000,1115,102,48.4,0.2,0.0,15.3,0.2,16
551000,1006,68,48.4,0.0,0.0,15.6,0.0,6
551000,1066,66,48.2,0.0,0.0,15.8,0.0,12
551000,1269,22,47.7,0.0,0.0,16.3,0.0,2
551000,1341,7,48.1,0.0,0.0,15.9,0.0,2
552000,1227,671,48.2,0.2,0.0,15.6,0.2,68
552000,766,510,48.0,0.0,0.0,15.7,0.0,47
552000,521,426,24.3,23.8,0.0,15.9,23.8,12
552000,968,358,47.4,0.0,0.1,15.9,0.0,36
552000,980,268,0.0,0.0,0.1,3.9,0.0,38
552000,950,222,47.7,0.0,0.0,16.2,0.0,19
552000,1319,159,48.0,0.0,0.0,16.0,0.0,21
552000,1321,156,0.3,0.0,0.1,7.6,0.0,42
552000,1357,116,48.0,0.1,0.0,15.9,0.1,6
552000,1132,110,47.7,0.0,0.0,16.3,0.0,11
552000,1066,104,48.3,0.0,0.0,15.6,0.0,14
552000,1115,91,48.6,0.1,0.0,15.4,0.1,9
552000,1006,79,47.6,0.0,0.0,16.2,0.0,8
552000,530,75,47.5,0.5,0.0,15.9,0.2,7
552000,1359,32,48.0,0.0,0.0,16.0,0.0,3
552000,1269,17,47.8,0.0,0.0,16.2,0.0,2
552000,1341,16,47.6,0.0,0.0,16.2,0.0,5
553000,1227,685,48.1,0.2,0.0,15.6,0.2,68
553000,766,602,47.8,0.0,0.0,15.9,0.0,54
553000,521,336,24.0,23.9,0.0,16.1,23.8,9
553000,968,326,47.5,0.0,0.0,16.1,0.0,37
553000,950,282,47.6,0.0,0.0,16.1,0.0,46
553000,980,198,0.0,0.1,0.1,4.4,0.0,31
553000,1319,156,47.1,0.0,0.0,16.9,0.0,25
553000,1360,112,47.7,0.0,0.0,16.3,0.0,7
553000,1357,100,47.1,0.0,0.0,16.9,0.0,7
553000,1115,97,47.9,0.0,0.0,16.0,0.0,11
553000,1321,88,0.1,0.2,0.2,7.7,0.0,21
553000,530,80,48.1,0.2,0.0,15.7,0.2,9
553000,1066,64,48.0,0.0,0.0,15.8,0.0,9
553000,1006,63,47.0,0.0,0.0,16.6,0.0,10
553000,1132,63,46.4,0.0,0.0,16.8,0.0,10
553000,1359,44,47.7,0.0,0.0,15.9,0.0,6
553000,1341,30,48.0,0.0,0.0,15.8,0.0,6
553000,1269,26,48.0,0.0,0.0,16.0,0.0,1
554000,1227,637,48.1,0.3,0.0,15.6,0.3,70
554000,766,565,47.9,0.0,0.0,15.7,0.0,57
554000,968,466,47.8,0.0,0.0,15.9,0.0,53
554000,521,351,24.1,24.0,0.0,15.9,23.8,7
554000,980,238,0.2,0.0,0.1,4.7,0.0,38
554000,1361,194,48.2,0.1,0.0,15.7,0.1,27
554000,950,188,48.4,0.0,0.0,15.6,0.0,17
554000,1360,171,47.6,0.1,0.0,16.4,0.1,25
554000,1319,103,48.0,0.0,0.0,15.9,0.0,10
554000,1357,92,48.1,0.0,0.0,15.8,0.0,7
554000,1321,83,0.3,0.0,0.1,9.1,0.0,26
554000,530,77,48.4,0.0,0.0,15.6,0.0,7
554000,1132,75,48.1,0.0,0.0,15.9,0.0,8
554000,1115,60,48.3,0.1,0.0,15.6,0.1,8
554000,1006,45,46.8,0.4,0.0,16.2,0.4,5
554000,1066,42,48.2,0.0,0.0,15.8,0.0,7
554000,1269,31,48.0,0.0,0.0,16.0,0.0,2
554000,1341,28,47.6,0.0,0.0,16.2,0.0,6
554000,1359,27,48.1,0.0,0.0,15.9,0.0,3
555000,1227,715,48.1,0.2,0.0,15.7,0.2,70
555000,766,574,47.9,0.1,0.0,15.8,0.1,47
555000,968,428,47.7,0.1,0.0,15.9,0.1,40
555000,521,356,24.2,23.9,0.0,15.9,23.8,9
555000,950,264,48.0,0.0,0.0,15.9,0.0,33
555000,1360,175,46.8,0.0,0.0,17.0,0.0,24
555000,980,172,0.1,0.0,0.2,3.9,0.0,27
555000,1361,167,48.0,0.1,0.0,15.8,0.0,19
555000,1132,115,48.1,0.0,0.0,15.9,0.0,9
555000,1319,107,47.8,0.0,0.0,16.1,0.0,14
555000,1321,102,0.2,0.0,0.0,6.5,0.0,26
555000,1115,78,47.9,0.3,0.0,15.8,0.3,11
555000,530,77,48.1,0.0,0.0,15.8,0.0,9
555000,1006,43,47.8,0.0,0.0,16.1,0.0,6
555000,1066,41,48.0,0.0,0.0,15.7,0.0,6
555000,1269,33,46.7,0.6,0.0,16.7,0.6,6
555000,1341,32,47.9,0.0,0.0,15.9,0.0,6
555000,1359,23,48.0,0.0,0.0,15.6,0.0,6
556000,766,630,47.8,0.0,0.0,15.8,0.0,57
556000,1227,496,47.9,0.2,0.0,15.8,0.2,56
556000,968,429,47.2,0.0,0.0,16.3,0.0,40
556000,521,348,24.1,23.8,0.0,16.0,23.7,8
556000,980,279,0.0,0.0,0.1,4.8,0.0,43
556000,950,178,48.1,0.0,0.0,15.9,0.0,22
556000,1361,160,48.2,0.0,0.0,15.7,0.0,25
556000,1319,150,47.6,0.0,0.0,16.4,0.0,22
556000,1360,135,48.2,0.0,0.0,15.8,0.0,13
556000,1132,115,47.9,0.0,0.0,16.1,0.0,16
556000,1321,108,0.0,0.0,0.1,11.1,0.0,31
556000,1115,98,48.4,0.1,0.0,15.5,0.1,17
556000,1066,65,48.1,0.0,0.0,15.8,0.0,12
556000,530,54,48.5,0.0,0.0,15.4,0.0,9
556000,1006,50,47.8,0.0,0.0,16.1,0.0,4
556000,1341,44,47.7,0.1,0.0,16.0,0.1,9
556000,1359,22,48.6,0.0,0.0,15.4,0.0,5
556000,1269,22,47.3,0.1,0.0,16.3,0.1,2
557000,766,611,47.8,0.0,0.0,15.8,0.0,60
557000,1227,500,47.9,0.3,0.0,15.6,0.3,56
557000,521,382,24.2,23.7,0.0,16.1,23.4,16
557000,968,376,45.9,0.0,0.0,16.2,0.0,34
557000,980,340,0.0,0.0,0.1,4.2,0.0,41
557000,950,233,46.5,0.0,0.0,17.4,0.0,33
557000,1319,183,47.2,0.2,0.0,16.6,0.1,30
557000,1360,157,47.6,0.0,0.0,16.4,0.0,19
557000,1361,151,48.1,0.2,0.0,15.7,0.1,21
557000,1115,99,48.1,0.1,0.0,15.8,0.1,14
557000,1132,83,47.9,0.0,0.0,16.1,0.0,13
557000,1066,74,48.4,0.0,0.0,15.5,0.0,12
557000,1321,34,0.7,0.0,0.0,6.9,0.0,13
557000,1341,33,47.6,0.2,0.0,16.3,0.2,5
557000,1359,29,48.0,0.4,0.0,15.5,0.4,5
557000,530,23,48.2,0.0,0.0,15.8,0.0,4
557000,1006,16,48.2,0.0,0.0,15.8,0.0,3
557000,1269,12,47.9,0.0,0.0,16.0,0.0,2
558000,1227,795,48.1,0.2,0.0,15.6,0.2,81
558000,766,612,47.9,0.0,0.0,15.8,0.0,46
558000,521,415,24.0,23.9,0.0,16.1,23.6,14
558000,968,323,47.9,0.0,0.0,15.9,0.0,30
558000,980,194,0.0,0.1,0.2,4.7,0.0,30
558000,1319,186,47.8,0.1,0.0,15.9,0.1,23
558000,1361,161,48.4,0.0,0.0,15.6,0.0,16
558000,1360,152,47.9,0.0,0.0,16.1,0.0,14
558000,950,146,45.4,0.0,0.0,18.5,0.0,24
558000,1115,107,48.2,0.3,0.1,15.3,0.3,19
558000,1132,104,47.4,0.0,0.0,16.6,0.0,19
558000,1066,79,48.2,0.0,0.0,15.7,0.0,12
558000,1341,30,48.5,0.0,0.0,15.5,0.0,5
558000,1359,24,48.2,0.0,0.0,15.8,0.0,4
558000,530,16,48.0,0.0,0.0,16.0,0.0,1
558000,1006,10,48.4,0.0,0.0,15.6,0.0,2
559000,1227,557,48.0,0.2,0.0,15.7,0.2,60
559000,766,551,47.9,0.0,0.0,15.9,0.0,46
559000,521,421,24.1,23.8,0.0,16.0,23.7,15
559000,968,329,47.7,0.0,0.0,16.1,0.0,29
559000,950,221,47.8,0.0,0.0,16.2,0.0,35
559000,1360,191,46.6,0.3,0.0,16.9,0.2,33
559000,1319,182,48.0,0.0,0.0,16.0,0.0,21
559000,1132,146,48.1,0.0,0.0,15.8,0.0,29
559000,1361,126,48.6,0.0,0.0,15.4,0.0,18
559000,980,105,0.2,0.0,0.0,5.9,0.0,20
559000,1066,93,47.9,0.0,0.0,16.0,0.0,8
559000,1115,76,48.1,0.1,0.1,15.8,0.1,10
559000,1341,45,48.1,0.0,0.0,15.9,0.0,3
559000,1359,16,48.1,0.0,0.0,15.9,0.0,3
559000,530,6,48.0,0.0,0.0,16.0,0.0,1
560000,766,555,47.7,0.1,0.0,15.9,0.1,55
560000,1227,493,48.1,0.2,0.0,15.5,0.2,61
560000,521,457,24.1,24.0,0.0,15.8,23.9,11
560000,968,381,47.8,0.0,0.0,16.0,0.0,37
560000,980,239,0.0,0.0,0.2,4.7,0.0,32
560000,950,217,45.2,0.0,0.0,18.7,0.0,34
560000,1360,215,47.4,0.0,0.0,16.5,0.0,27
560000,1132,157,47.5,0.0,0.0,16.4,0.0,30
560000,1319,121,46.8,0.0,0.0,17.2,0.0,17
560000,1361,79,47.9,0.0,0.0,16.1,0.0,13
560000,1115,76,48.3,0.0,0.0,15.7,0.0,10
560000,1066,62,48.4,0.0,0.0,15.5,0.0,6
560000,1341,46,48.3,0.0,0.0,15.6,0.0,7
560000,530,13,48.5,0.0,0.0,15.5,0.0,2
560000,1359,8,48.2,0.0,0.0,15.8,0.0,2
561000,766,532,47.9,0.0,0.0,15.7,0.0,47
561000,1227,531,48.2,0.2,0.0,15.5,0.2,68
561000,521,412,23.9,24.0,0.0,16.0,23.6,15
561000,968,409,47.8,0.0,0.1,15.8,0.0,45
561000,1360,223,47.3,0.0,0.0,16.0,0.0,24
561000,950,190,47.6,0.0,0.0,16.4,0.0,23
561000,1132,187,47.7,0.0,0.0,15.9,0.0,25
561000,980,167,0.1,0.0,0.2,4.8,0.0,23
561000,1319,89,47.9,0.0,0.0,16.1,0.0,11
561000,1115,63,47.7,0.1,0.0,16.2,0.1,10
561000,1341,62,47.8,0.0,0.0,16.2,0.0,9
561000,1066,58,48.5,0.1,0.0,15.4,0.1,8
561000,1361,53,48.1,0.0,0.0,15.9,0.0,5
561000,1375,25,50.0,0.0,0.0,14.0,0.0,3
561000,530,16,47.4,0.1,0.0,16.3,0.1,3
561000,1359,14,47.5,0.0,0.0,16.5,0.0,3
562000,766,558,47.9,0.0,0.0,15.8,0.0,48
562000,1227,467,48.1,0.2,0.0,15.6,0.2,48
562000,968,438,46.8,0.0,0.1,16.5,0.0,44
562000,521,377,24.2,23.8,0.0,15.9,23.6,16
562000,1376,351,0.2,0.0,0.1,5.4,0.0,67
562000,950,230,48.2,0.0,0.0,15.8,0.0,22
562000,1360,222,47.9,0.0,0.0,16.1,0.0,30
562000,1132,203,47.6,0.0,0.0,16.2,0.0,30
562000,980,186,0.0,0.0,0.2,6.1,0.0,38
562000,1319,118,47.8,0.1,0.0,16.0,0.1,22
562000,1361,66,48.5,0.0,0.0,15.5,0.0,9
562000,1341,56,48.5,0.0,0.0,15.5,0.0,7
562000,1066,50,48.5,0.0,0.0,15.5,0.0,7
562000,1115,34,48.1,0.0,0.0,15.9,0.0,3
562000,1375,34,48.7,0.0,0.0,15.3,0.0,4
562000,1359,12,48.0,0.0,0.0,16.0,0.0,1
562000,530,11,48.0,0.0,0.0,16.0,0.0,1
563000,1227,755,48.0,0.2,0.0,15.7,0.2,63
563000,766,545,48.1,0.0,0.0,15.7,0.0,57
563000,968,427,48.0,0.0,0.0,15.9,0.0,39
563000,521,406,24.0,23.8,0.1,16.1,23.7,10
563000,1132,237,47.8,0.0,0.0,16.1,0.0,34
563000,1360,208,48.1,0.0,0.0,15.9,0.0,16
563000,980,202,0.0,0.0,0.1,6.6,0.0,33
563000,1376,181,0.0,0.0,0.3,6.2,0.0,48
563000,1319,122,47.9,0.0,0.0,16.1,0.0,16
563000,950,121,48.2,0.0,0.0,15.8,0.0,15
563000,1375,85,48.1,0.0,0.1,15.6,0.0,17
563000,1361,78,48.2,0.0,0.0,15.8,0.0,5
563000,1066,66,49.7,0.0,0.0,14.3,0.0,11
563000,1115,47,48.4,0.1,0.0,15.5,0.1,9
563000,1341,39,48.0,0.1,0.0,15.9,0.1,8
563000,530,17,49.2,0.0,0.0,14.8,0.0,4
563000,1359,13,48.0,0.0,0.0,16.0,0.0,1
564000,1227,801,48.1,0.3,0.0,15.6,0.3,80
564000,766,571,47.8,0.1,0.0,15.8,0.1,46
564000,1376,435,0.2,0.0,0.2,5.4,0.0,68
564000,968,430,48.1,0.0,0.0,15.7,0.0,34
564000,521,387,24.1,23.9,0.0,16.0,23.7,13
564000,1360,214,47.5,0.0,0.0,16.4,0.0,26
564000,1132,193,47.7,0.0,0.0,16.3,0.0,25
564000,950,143,47.2,0.2,0.0,16.5,0.2,24
564000,1319,106,47.8,0.1,0.0,16.1,0.1,16
564000,1361,89,48.2,0.0,0.0,15.7,0.0,12
564000,1375,85,47.4,0.1,0.0,15.7,0.1,11
564000,1066,56,48.5,0.1,0.0,15.4,0.1,13
564000,1115,45,48.8,0.0,0.0,15.2,0.0,6
564000,1341,35,48.2,0.0,0.0,15.5,0.0,7
564000,1359,23,47.5,0.0,0.0,16.5,0.0,3
564000,1379,14,47.9,0.0,0.0,16.1,0.0,2
564000,530,13,48.3,0.0,0.0,15.7,0.0,2
565000,1227,528,47.9,0.2,0.0,15.8,0.2,57
565000,766,525,48.0,0.0,0.0,15.8,0.0,57
565000,968,489,47.8,0.0,0.1,15.8,0.0,48
565000,1376,458,0.0,0.0,0.2,4.1,0.0,61
565000,521,373,24.2,23.8,0.0,16.0,23.6,14
565000,950,238,47.6,0.0,0.0,16.3,0.0,35
565000,1360,193,47.9,0.1,0.0,16.0,0.1,27
565000,1132,174,47.1,0.0,0.0,16.8,0.0,26
565000,1319,118,47.0,0.1,0.0,16.9,0.1,21
565000,1375,81,47.5,0.0,0.0,16.5,0.0,12
565000,1361,79,47.8,0.1,0.0,16.1,0.1,10
565000,1066,68,48.4,0.0,0.0,15.6,0.0,7
565000,1115,53,46.8,0.2,0.2,16.8,0.2,8
565000,1341,37,48.0,0.0,0.0,16.0,0.0,7
565000,1379,25,48.2,0.0,0.0,15.8,0.0,2
565000,530,11,48.2,0.0,0.0,15.8,0.0,2
565000,1359,9,46.6,0.0,0.0,17.4,0.0,3
566000,1227,740,48.2,0.3,0.0,15.5,0.3,72
566000,766,581,47.9,0.1,0.0,15.7,0.1,56
566000,968,522,47.5,0.0,0.0,16.0,0.0,61
566000,1376,475,0.0,0.0,0.1,4.8,0.0,69
566000,521,340,24.1,23.9,0.0,16.0,23.7,11
566000,950,187,47.8,0.0,0.0,16.2,0.0,22
566000,1360,166,47.6,0.1,0.0,16.0,0.1,22
566000,1361,144,48.1,0.1,0.0,15.6,0.1,18
566000,1132,132,47.6,0.0,0.0,16.4,0.0,21
566000,1319,132,47.5,0.0,0.0,16.5,0.0,17
566000,1341,61,48.1,0.0,0.0,15.9,0.0,6
566000,1066,59,48.7,0.1,0.1,14.9,0.1,11
566000,1375,52,48.3,0.0,0.0,15.7,0.0,8
566000,1379,23,48.4,0.0,0.0,15.6,0.0,2
566000,530,20,47.8,0.1,0.0,16.2,0.1,4
566000,1359,13,48.0,0.0,0.0,16.0,0.0,1
567000,968,561,47.9,0.0,0.0,16.0,0.0,43
567000,1227,560,48.0,0.4,0.0,15.5,0.4,75
567000,766,553,47.8,0.1,0.0,15.9,0.1,49
567000,1376,427,0.1,0.0,0.0,4.5,0.0,62
567000,521,372,24.1,23.8,0.0,16.1,23.7,11
567000,1360,156,47.8,0.1,0.0,16.1,0.1,23
567000,950,128,47.5,0.0,0.0,16.5,0.0,18
567000,1132,124,47.5,0.0,0.0,16.5,0.0,25
567000,1319,117,47.8,0.1,0.0,16.1,0.1,15
567000,1361,87,48.0,0.0,0.0,16.0,0.0,13
567000,1066,58,49.0,0.1,0.0,14.9,0.1,10
567000,1375,50,46.6,0.1,0.0,17.3,0.1,8
567000,1341,37,48.2,0.0,0.0,15.8,0.0,2
567000,1379,32,48.0,0.0,0.0,16.0,0.0,1
567000,530,23,48.3,0.3,0.0,15.4,0.3,2
567000,1359,20,47.9,0.0,0.0,16.1,0.0,2
568000,1227,821,48.1,0.2,0.0,15.7,0.2,76
568000,968,492,47.2,0.0,0.0,16.2,0.0,48
568000,521,410,24.1,24.0,0.0,15.9,23.8,15
568000,766,288,47.9,0.0,0.0,15.9,0.0,32
568000,1376,245,0.1,0.0,0.1,4.0,0.0,24
568000,950,197,47.9,0.0,0.0,16.1,0.0,26
568000,1360,155,47.2,0.0,0.0,16.7,0.0,24
568000,1319,134,47.2,0.1,0.0,16.6,0.1,24
568000,1132,120,47.3,0.0,0.0,16.6,0.0,18
568000,1361,99,48.2,0.0,0.0,15.8,0.0,9
568000,1375,47,48.6,0.1,0.0,15.3,0.1,8
568000,1341,29,47.8,0.0,0.0,16.0,0.0,6
568000,1379,28,47.5,0.4,0.1,16.0,0.2,5
568000,1066,28,48.6,0.1,0.0,15.3,0.1,7
568000,530,22,47.9,0.0,0.0,16.1,0.0,3
568000,1359,17,47.7,0.0,0.0,16.3,0.0,2
569000,1227,904,48.2,0.3,0.0,15.4,0.3,87
569000,968,502,47.3,0.0,0.0,16.1,0.0,56
569000,521,377,24.1,23.9,0.0,15.9,23.8,10
569000,1376,255,0.1,0.0,0.1,4.6,0.0,32
569000,766,252,48.0,0.0,0.0,15.9,0.0,20
569000,1360,159,48.2,0.1,0.0,15.7,0.1,24
569000,950,142,48.0,0.0,0.0,15.9,0.0,24
569000,1319,105,48.0,0.0,0.0,15.9,0.0,15
569000,1361,92,48.3,0.0,0.0,15.7,0.0,18
569000,1132,80,48.2,0.0,0.0,15.8,0.0,17
569000,1375,64,47.1,0.0,0.0,16.6,0.0,11
569000,1066,47,48.6,0.0,0.0,15.4,0.0,8
569000,1379,42,48.3,0.1,0.0,15.6,0.1,5
569000,1341,31,48.4,0.0,0.0,15.5,0.0,6
569000,530,21,48.1,0.0,0.0,15.9,0.0,2
569000,1359,9,48.0,0.0,0.0,16.0,0.0,1
570000,1227,984,48.0,0.3,0.0,15.6,0.3,100
570000,968,406,47.9,0.1,0.0,15.8,0.1,42
570000,521,347,23.9,24.0,0.0,16.1,23.7,17
570000,1376,331,0.0,0.0,0.1,4.0,0.0,32
570000,766,287,48.1,0.0,0.0,15.8,0.0,26
570000,1360,130,48.4,0.0,0.0,15.5,0.0,17
570000,1132,124,48.0,0.0,0.0,15.8,0.0,19
570000,950,112,48.4,0.0,0.0,15.6,0.0,16
570000,1361,102,48.1,0.1,0.0,15.8,0.1,13
570000,1319,96,47.2,0.1,0.0,16.4,0.1,23
570000,1375,59,48.1,0.0,0.1,15.7,0.0,9
570000,1066,49,48.8,0.0,0.0,15.2,0.0,11
570000,530,38,48.2,0.0,0.0,15.8,0.0,4
570000,1341,22,48.5,0.0,0.0,15.5,0.0,3
570000,1379,16,48.1,0.0,0.0,15.9,0.0,2
570000,1359,6,45.0,0.0,0.0,17.3,0.0,3
571000,1227,862,48.0,0.3,0.0,15.7,0.3,88
571000,766,603,47.9,0.1,0.0,15.8,0.1,63
571000,968,470,48.0,0.0,0.0,15.7,0.0,55
571000,521,384,24.3,23.8,0.0,15.9,23.7,9
571000,1376,355,0.1,0.0,0.1,4.7,0.0,56
571000,950,239,47.8,0.0,0.0,16.2,0.0,29
571000,1360,177,46.5,0.1,0.0,17.3,0.1,30
571000,1319,97,47.5,0.0,0.0,16.5,0.0,17
571000,1132,94,47.8,0.0,0.0,16.2,0.0,14
571000,1361,83,48.2,0.0,0.0,15.8,0.0,11
571000,530,49,48.3,0.0,0.0,15.7,0.0,5
571000,1066,42,48.5,0.0,0.0,15.5,0.0,5
571000,1395,33,47.3,0.2,0.0,16.4,0.2,4
571000,1375,30,48.2,0.0,0.0,15.8,0.0,5
571000,1341,21,47.9,0.0,0.0,15.9,0.0,3
571000,1379,9,48.0,0.0,0.0,16.0,0.0,1
572000,1227,786,48.2,0.3,0.0,15.5,0.3,73
572000,968,662,47.3,0.0,0.0,16.1,0.0,55
572000,766,539,48.2,0.0,0.0,15.7,0.0,43
572000,1376,436,0.1,0.0,0.1,4.2,0.0,55
572000,521,358,23.9,23.9,0.0,16.1,23.7,12
572000,950,248,48.0,0.0,0.0,16.0,0.0,33
572000,1360,189,48.3,0.0,0.0,15.6,0.0,30
572000,1132,98,48.1,0.0,0.0,15.9,0.0,14
572000,530,88,48.4,0.1,0.0,15.6,0.1,9
572000,1319,77,47.5,0.0,0.0,16.5,0.0,9
572000,1361,64,48.2,0.1,0.0,15.7,0.1,9
572000,1066,47,48.5,0.1,0.0,15.4,0.1,7
572000,1375,31,48.2,0.0,0.0,15.7,0.0,5
572000,1341,21,48.0,0.0,0.0,16.0,0.0,2
572000,1395,17,48.0,0.0,0.0,16.0,0.0,1
573000,1227,763,48.0,0.2,0.0,15.7,0.2,85
573000,1376,714,0.1,0.0,0.1,5.6,0.0,94
573000,968,582,47.8,0.0,0.0,16.0,0.0,43
573000,521,386,24.1,23.9,0.1,16.0,23.6,12
573000,766,312,48.1,0.0,0.0,15.8,0.0,28
573000,1360,223,47.4,0.2,0.0,16.5,0.2,39
573000,950,185,48.2,0.0,0.0,15.8,0.0,16
573000,530,91,48.0,0.1,0.0,15.8,0.1,8
573000,1132,89,48.2,0.0,0.0,15.8,0.0,15
573000,1375,84,48.2,0.0,0.0,15.1,0.0,11
573000,1361,50,48.2,0.1,0.0,15.7,0.1,5
573000,1066,40,47.9,0.3,0.0,15.8,0.3,7
573000,1395,39,47.5,0.2,0.0,16.3,0.2,3
573000,1319,34,47.0,0.0,0.0,17.0,0.0,10
573000,1341,15,48.3,0.0,0.0,15.7,0.0,3
573000,1379,14,48.1,0.2,0.0,15.5,0.2,2
574000,1227,778,48.0,0.1,0.0,15.8,0.1,68
574000,1376,706,0.0,0.0,0.0,5.2,0.0,86
574000,968,601,47.7,0.0,0.0,15.9,0.0,57
574000,766,576,48.2,0.0,0.0,15.8,0.0,37
574000,521,343,23.9,24.0,0.0,16.1,23.8,10
574000,1360,212,47.5,0.2,0.0,16.3,0.1,32
574000,1375,143,47.5,0.0,0.0,16.2,0.0,26
574000,950,116,47.8,0.0,0.0,16.0,0.0,10
574000,530,116,48.0,0.3,0.0,15.7,0.3,10
574000,1395,54,47.8,0.0,0.0,16.1,0.0,4
574000,1132,54,46.8,0.0,0.0,17.1,0.0,10
574000,1361,49,48.7,0.0,0.0,15.3,0.0,6
574000,1341,45,47.1,0.3,0.0,16.2,0.3,8
574000,1319,37,48.4,0.0,0.0,15.6,0.0,4
574000,1066,21,48.0,0.0,0.0,16.0,0.0,2
574000,1400,18,48.1,0.0,0.0,15.9,0.0,3
575000,1227,790,48.2,0.2,0.0,15.6,0.2,85
575000,1376,668,0.0,0.0,0.1,5.2,0.0,80
575000,968,557,47.4,0.0,0.1,16.0,0.0,57
575000,766,369,48.1,0.0,0.0,15.8,0.0,35
575000,521,345,23.9,23.9,0.1,16.0,23.6,14
575000,1360,217,47.8,0.1,0.0,16.0,0.1,25
575000,950,157,47.8,0.0,0.0,16.1,0.0,28
575000,530,144,47.7,0.3,0.0,15.8,0.3,15
575000,1375,125,47.9,0.0,0.0,16.1,0.0,12
575000,1395,78,47.7,0.1,0.1,16.1,0.1,9
575000,1132,72,47.8,0.0,0.0,16.2,0.0,9
575000,1341,45,47.8,0.0,0.0,16.1,0.0,4
575000,1361,38,48.2,0.0,0.0,15.8,0.0,4
575000,1066,28,48.6,0.1,0.0,15.3,0.1,8
575000,1319,27,47.4,0.0,0.0,16.6,0.0,4
575000,1400,17,47.5,0.0,0.0,16.5,0.0,3
575000,1379,10,48.0,0.0,0.0,16.0,0.0,1
576000,1227,750,48.0,0.2,0.0,15.7,0.2,81
576000,968,563,47.9,0.0,0.0,15.8,0.0,40
576000,1376,441,0.0,0.0,0.1,5.2,0.0,66
576000,521,360,23.9,24.0,0.0,16.0,23.9,7
576000,766,347,47.9,0.1,0.0,15.9,0.1,32
576000,1360,274,47.7,0.1,0.0,16.0,0.1,34
576000,950,123,48.1,0.0,0.0,15.5,0.0,20
576000,1375,121,47.4,0.0,0.0,16.4,0.0,19
576000,530,114,48.1,0.2,0.0,15.7,0.2,18
576000,1132,85,47.1,0.0,0.0,16.9,0.0,14
576000,1361,74,48.4,0.0,0.0,15.6,0.0,7
576000,1395,72,47.7,0.1,0.0,16.2,0.1,10
576000,1341,53,48.0,0.0,0.0,15.8,0.0,5
576000,1319,48,47.2,0.0,0.0,16.8,0.0,10
576000,1066,16,47.5,0.0,0.0,15.9,0.0,3
576000,1379,16,47.2,0.3,0.0,16.5,0.3,5
576000,1400,15,48.3,0.0,0.0,15.7,0.0,2
577000,1227,771,48.1,0.3,0.0,15.6,0.3,88
577000,968,558,47.8,0.0,0.0,15.9,0.0,40
577000,766,556,48.1,0.0,0.0,15.7,0.0,45
577000,1376,530,0.0,0.0,0.1,5.8,0.0,92
577000,521,363,24.0,23.9,0.0,16.0,23.8,11
577000,1360,263,48.1,0.1,0.0,15.9,0.1,23
577000,950,130,47.5,0.0,0.0,16.4,0.0,19
577000,530,127,48.0,0.3,0.0,15.7,0.3,8
577000,1375,98,47.1,0.0,0.0,16.5,0.0,17
577000,1395,97,48.3,0.0,0.0,15.6,0.0,8
577000,1361,71,48.3,0.0,0.0,15.7,0.0,11
577000,1132,71,48.2,0.0,0.0,15.8,0.0,10
577000,1341,61,47.9,0.0,0.0,15.7,0.0,5
577000,1319,43,45.1,0.2,0.0,18.7,0.1,12
577000,1066,30,48.8,0.0,0.0,15.2,0.0,5
577000,1379,13,46.6,0.9,0.0,16.5,0.9,3
578000,1227,745,48.2,0.2,0.0,15.5,0.2,63
578000,1376,623,0.0,0.0,0.1,4.8,0.0,87
578000,968,556,47.5,0.0,0.1,16.1,0.0,55
578000,766,533,47.8,0.1,0.0,15.7,0.1,45
578000,521,367,24.0,23.9,0.1,16.0,23.7,9
578000,1360,252,47.8,0.1,0.0,16.1,0.1,26
578000,950,169,48.1,0.0,0.0,15.9,0.0,23
578000,530,147,48.1,0.2,0.0,15.7,0.2,13
578000,1395,100,48.3,0.1,0.0,15.6,0.1,8
578000,1361,87,48.3,0.0,0.0,15.7,0.0,10
578000,1319,65,47.3,0.0,0.0,16.7,0.0,8
578000,1132,57,46.4,0.0,0.0,17.6,0.0,9
578000,1341,50,47.8,0.1,0.0,15.8,0.1,9
578000,1375,31,48.1,0.0,0.0,15.9,0.0,6
578000,1066,23,48.6,0.0,0.0,15.4,0.0,3
578000,1379,19,48.1,0.0,0.0,15.9,0.0,2
579000,1227,694,48.2,0.3,0.0,15.5,0.3,75
579000,968,592,47.5,0.0,0.0,16.0,0.0,61
579000,766,553,47.9,0.1,0.0,15.7,0.1,59
579000,1376,391,0.1,0.0,0.2,5.2,0.0,75
579000,521,362,24.2,23.6,0.1,16.0,23.3,18
579000,1360,230,47.6,0.1,0.0,16.4,0.1,26
579000,950,171,48.3,0.0,0.0,15.7,0.0,18
579000,530,167,48.3,0.3,0.0,15.5,0.3,14
579000,1395,92,48.1,0.0,0.0,15.9,0.0,6
579000,1361,84,48.3,0.0,0.0,15.7,0.0,10
579000,1341,72,48.1,0.3,0.0,15.4,0.2,13
579000,1375,60,48.7,0.0,0.1,15.1,0.0,9
579000,1132,49,47.7,0.0,0.0,16.3,0.0,9
579000,1319,41,48.9,0.0,0.0,15.1,0.0,8
579000,1379,31,48.8,0.0,0.1,15.1,0.0,7
579000,1066,22,49.4,0.0,0.0,14.6,0.0,5
580000,1227,778,48.0,0.3,0.0,15.7,0.3,66
580000,766,566,48.0,0.0,0.0,15.8,0.0,49
580000,968,561,48.1,0.0,0.0,15.7,0.0,49
580000,1376,516,0.0,0.1,0.2,5.7,0.0,83
580000,521,318,24.1,24.0,0.0,15.9,23.6,15
580000,1360,243,48.0,0.0,0.0,16.0,0.0,27
580000,950,186,47.1,0.0,0.0,16.9,0.0,26
580000,530,178,48.0,0.3,0.0,15.7,0.3,14
580000,1395,85,48.4,0.0,0.0,15.6,0.0,7
580000,1132,76,48.2,0.0,0.0,15.8,0.0,15
580000,1361,73,47.9,0.0,0.0,16.0,0.0,13
580000,1375,65,48.0,0.0,0.0,15.8,0.0,10
580000,1341,62,47.3,0.0,0.0,16.0,0.0,9
580000,1379,38,47.8,0.1,0.0,16.1,0.1,4
580000,1319,24,48.6,0.0,0.1,15.3,0.0,6
580000,1066,16,48.8,0.0,0.0,15.2,0.0,3
581000,1227,781,48.0,0.2,0.0,15.7,0.2,72
581000,968,617,47.5,0.0,0.0,16.1,0.0,57
581000,1376,425,0.1,0.0,0.1,5.2,0.0,72
581000,766,395,48.0,0.1,0.0,15.9,0.1,32
581000,521,320,23.9,23.9,0.0,16.1,23.7,10
581000,1360,225,47.2,0.1,0.0,16.7,0.1,39
581000,530,199,48.1,0.3,0.0,15.6,0.3,16
581000,950,150,48.7,0.0,0.0,15.3,0.0,17
581000,1375,91,48.0,0.0,0.0,15.7,0.0,17
581000,1341,80,47.8,0.1,0.0,15.9,0.1,11
581000,1132,77,47.9,0.0,0.0,16.1,0.0,7
581000,1395,54,48.1,0.0,0.0,15.9,0.0,5
581000,1361,41,48.0,0.0,0.0,16.0,0.0,5
581000,1379,29,47.5,0.1,0.0,16.4,0.1,5
581000,1319,29,47.3,0.2,0.0,16.3,0.2,5
582000,1227,814,47.7,0.2,0.0,16.1,0.2,101
582000,968,614,47.2,0.0,0.0,16.4,0.0,56
582000,766,430,47.5,0.2,0.0,16.2,0.1,40
582000,1376,311,0.0,0.0,0.2,6.6,0.0,78
582000,521,292,23.8,23.9,0.0,16.2,23.6,9
582000,1360,201,47.6,0.1,0.0,16.3,0.1,26
582000,530,200,48.1,0.3,0.0,15.6,0.2,20
582000,950,162,48.1,0.0,0.0,15.9,0.0,16
582000,1132,100,47.6,0.0,0.0,16.4,0.0,14
582000,1375,84,48.2,0.0,0.0,15.4,0.0,17
582000,1341,71,47.6,0.0,0.0,15.9,0.0,11
582000,1395,54,47.9,0.2,0.0,15.9,0.2,8
582000,1361,48,48.0,0.0,0.0,16.0,0.0,6
582000,1319,35,46.1,0.2,0.0,17.7,0.2,8
582000,1379,25,48.4,0.0,0.0,15.6,0.0,2
582000,1066,17,48.1,0.0,0.0,15.9,0.0,5
583000,1227,745,48.2,0.2,0.0,15.6,0.2,86
583000,968,578,47.6,0.0,0.0,15.9,0.0,61
583000,766,430,47.1,0.1,0.0,16.5,0.1,39
583000,521,317,24.2,23.8,0.0,15.9,23.6,12
583000,1376,308,0.0,0.0,0.1,6.1,0.0,62
583000,1360,249,47.7,0.1,0.0,16.1,0.1,34
583000,530,172,48.3,0.2,0.0,15.5,0.2,25
583000,950,130,48.6,0.0,0.0,15.4,0.0,13
583000,1375,128,47.3,0.0,0.0,16.6,0.0,18
583000,1132,104,47.0,0.1,0.0,16.9,0.1,22
583000,1341,68,48.1,0.0,0.0,15.8,0.0,11
583000,1395,46,47.7,0.0,0.1,16.2,0.0,7
583000,1361,44,47.9,0.0,0.0,16.1,0.0,6
583000,1319,43,48.2,0.0,0.0,15.8,0.0,9
583000,1379,27,48.0,0.0,0.0,16.0,0.0,5
583000,1066,8,48.2,0.0,0.0,15.8,0.0,2
584000,1227,685,48.3,0.3,0.0,15.4,0.3,79
584000,766,607,47.4,0.1,0.0,16.3,0.1,56
584000,968,561,46.9,0.0,0.1,16.1,0.0,55
584000,521,299,24.1,23.9,0.0,15.9,23.7,11
584000,1376,281,0.1,0.0,0.3,5.2,0.0,51
584000,1360,262,47.1,0.0,0.0,16.6,0.0,32
584000,530,184,47.7,0.2,0.0,16.1,0.2,26
584000,950,151,48.6,0.0,0.0,15.3,0.0,12
584000,1132,68,48.1,0.0,0.0,15.8,0.0,7
584000,1375,68,48.5,0.0,0.0,15.2,0.0,13
584000,1341,53,44.1,0.1,0.0,15.4,0.1,11
584000,1361,49,47.8,0.0,0.0,16.2,0.0,3
584000,1395,45,48.4,0.0,0.0,15.6,0.0,4
584000,1319,34,47.4,0.0,0.0,16.6,0.0,6
584000,1379,29,48.1,0.0,0.0,15.9,0.0,2
585000,1227,864,48.1,0.2,0.0,15.7,0.2,79
585000,968,566,45.9,0.0,0.0,16.3,0.0,64
585000,766,548,48.0,0.0,0.0,15.7,0.0,36
585000,1376,403,0.0,0.0,0.4,6.3,0.0,82
585000,1360,282,47.8,0.0,0.0,16.1,0.0,35
585000,521,279,23.9,24.0,0.0,16.0,23.8,8
585000,530,179,47.8,0.2,0.0,15.9,0.2,16
585000,950,140,48.1,0.0,0.0,15.9,0.0,15
585000,1361,74,48.1,0.0,0.0,15.9,0.0,2
585000,1395,47,48.1,0.0,0.0,15.9,0.0,3
585000,1379,35,48.2,0.0,0.0,15.8,0.0,3
585000,1341,33,48.5,0.1,0.0,15.1,0.1,8
585000,1132,20,48.0,0.0,0.0,15.9,0.0,2
585000,1375,17,48.0,0.0,0.0,16.0,0.0,3
585000,1319,12,48.0,0.0,0.0,16.0,0.0,1
586000,1227,801,48.2,0.2,0.0,15.6,0.2,78
586000,766,623,48.0,0.0,0.0,15.9,0.0,50
586000,968,606,44.5,0.0,0.0,16.6,0.0,86
586000,1376,515,0.9,0.2,0.1,6.0,0.1,77
586000,521,297,24.1,23.9,0.0,16.0,23.7,11
586000,1360,242,48.1,0.0,0.0,15.8,0.0,29
586000,530,215,47.9,0.2,0.0,15.9,0.2,19
586000,950,146,48.3,0.0,0.0,15.7,0.0,12
586000,1361,78,48.3,0.0,0.0,15.7,0.0,8
586000,1395,65,48.1,0.0,0.0,15.9,0.0,8
586000,1132,35,47.3,0.0,0.0,16.7,0.0,6
586000,1341,32,48.2,0.0,0.0,15.8,0.0,7
586000,1379,31,48.0,0.0,0.0,16.0,0.0,2
586000,1375,25,48.4,0.0,0.0,15.6,0.0,4
586000,1319,23,48.3,0.0,0.0,15.7,0.0,3
587000,1227,918,48.1,0.1,0.0,15.7,0.1,88
587000,968,594,44.5,0.0,0.0,16.5,0.0,81
587000,766,554,47.7,0.0,0.0,15.9,0.0,40
587000,1376,490,0.1,0.0,0.1,5.5,0.0,77
587000,521,294,24.1,23.9,0.0,15.9,23.9,6
587000,1360,233,47.9,0.2,0.0,15.9,0.2,35
587000,530,222,47.9,0.1,0.0,16.1,0.1,17
587000,950,119,48.9,0.0,0.0,15.1,0.0,10
587000,1395,76,48.1,0.0,0.0,15.9,0.0,3
587000,1132,56,48.2,0.0,0.0,15.8,0.0,8
587000,1418,52,32.1,6.6,0.0,25.3,6.4,14
587000,1361,51,48.7,0.0,0.0,15.2,0.0,8
587000,1375,50,47.7,0.0,0.0,16.2,0.0,5
587000,1319,33,48.0,0.0,0.0,16.0,0.0,7
587000,1379,16,48.2,0.0,0.0,15.8,0.0,2
587000,1341,11,48.1,0.0,0.0,15.9,0.0,2
588000,1227,852,48.0,0.2,0.1,15.6,0.2,83
588000,1376,633,0.1,0.0,0.1,5.4,0.0,92
588000,968,588,43.6,0.0,0.0,16.6,0.0,74
588000,766,583,48.1,0.0,0.0,15.7,0.0,47
588000,521,352,24.1,24.0,0.1,15.8,23.4,20
588000,1360,228,47.8,0.0,0.0,16.2,0.0,28
588000,530,198,48.1,0.0,0.0,15.8,0.0,22
588000,950,107,48.0,0.0,0.0,15.9,0.0,12
588000,1418,75,33.2,4.0,0.0,26.8,3.3,27
588000,1395,72,48.1,0.2,0.0,15.7,0.2,9
588000,1132,69,48.1,0.0,0.0,15.9,0.0,6
588000,1361,42,48.5,0.0,0.0,15.2,0.0,6
588000,1375,37,48.2,0.0,0.0,15.8,0.0,6
588000,1319,27,47.7,0.0,0.0,16.3,0.0,5
588000,1379,11,48.0,0.0,0.0,16.0,0.0,1
589000,1227,881,48.1,0.2,0.0,15.6,0.2,96
589000,968,610,46.3,0.0,0.0,16.1,0.0,80
589000,766,578,47.9,0.2,0.0,15.7,0.2,59
589000,1376,501,0.0,0.0,0.1,5.3,0.0,81
589000,521,318,24.1,23.8,0.0,16.0,23.4,15
589000,1360,249,47.5,0.1,0.0,16.3,0.1,35
589000,530,220,47.3,0.0,0.0,16.7,0.0,24
589000,950,86,49.0,0.0,0.0,15.0,0.0,13
589000,1395,81,48.0,0.0,0.0,16.0,0.0,6
589000,1418,51,33.3,8.6,0.1,21.9,8.2,12
589000,1132,49,48.5,0.0,0.0,15.5,0.0,6
589000,1361,36,48.3,0.0,0.0,15.7,0.0,3
589000,1319,30,48.4,0.0,0.0,15.6,0.0,6
589000,1375,24,48.2,0.0,0.0,15.6,0.0,3
589000,1379,12,48.0,0.0,0.0,16.0,0.0,1
590000,1227,851,48.2,0.2,0.0,15.6,0.2,75
590000,968,599,47.9,0.0,0.0,15.8,0.0,67
590000,1376,485,0.0,0.0,0.1,5.1,0.0,79
590000,766,450,46.3,0.6,0.0,16.4,0.6,50
590000,521,368,24.0,23.9,0.0,16.1,23.8,9
590000,1360,254,48.0,0.0,0.0,15.9,0.0,35
590000,530,212,46.9,0.0,0.0,17.1,0.0,19
590000,950,74,48.9,0.0,0.0,15.0,0.0,8
590000,1395,58,48.2,0.0,0.0,15.7,0.0,6
590000,1418,35,34.8,0.0,0.0,29.0,0.0,10
590000,1375,30,48.1,0.0,0.0,15.9,0.0,2
590000,1319,26,48.7,0.0,0.0,15.3,0.0,4
590000,1132,25,48.3,0.0,0.0,15.6,0.0,3
590000,1361,15,48.1,0.1,0.0,15.8,0.1,3
591000,1227,870,48.2,0.2,0.0,15.6,0.2,70
591000,968,522,47.9,0.0,0.0,15.7,0.0,59
591000,766,459,47.2,0.6,0.0,16.0,0.6,49
591000,1376,451,0.1,0.0,0.1,6.2,0.0,78
591000,521,323,24.2,23.9,0.0,15.9,23.5,12
591000,1360,278,47.8,0.1,0.0,16.2,0.1,35
591000,530,239,46.9,0.1,0.0,17.0,0.1,29
591000,950,74,49.4,0.0,0.0,14.6,0.0,8
591000,1395,68,48.1,0.1,0.0,15.8,0.1,7
591000,1418,46,36.2,0.1,0.0,27.7,0.1,9
591000,1132,40,49.1,0.0,0.0,14.9,0.0,7
591000,1375,25,48.1,0.0,0.0,15.3,0.0,3
591000,1361,19,48.2,0.0,0.0,15.8,0.0,2
591000,1319,18,42.8,0.2,0.0,19.6,0.2,8
591000,1379,16,48.0,0.0,0.0,16.0,0.0,1
592000,1227,925,48.1,0.2,0.0,15.6,0.2,78
592000,766,688,46.9,0.6,0.0,15.9,0.6,66
592000,1376,490,0.1,0.0,0.0,6.2,0.0,78
592000,968,469,47.2,0.0,0.0,16.2,0.0,49
592000,521,290,24.2,23.8,0.0,16.0,23.6,12
592000,1360,238,47.5,0.1,0.0,16.3,0.1,29
592000,530,229,46.9,0.0,0.0,17.1,0.0,22
592000,950,91,48.4,0.0,0.0,15.6,0.0,14
592000,1395,61,47.8,0.0,0.0,16.2,0.0,5
592000,1418,37,36.9,0.3,0.0,26.9,0.3,8
592000,1319,33,48.4,0.0,0.0,15.6,0.0,7
592000,1132,21,48.6,0.0,0.0,15.4,0.0,2
592000,1375,18,48.1,0.0,0.0,15.9,0.0,2
592000,1379,15,48.0,0.0,0.0,16.0,0.0,1
592000,1361,7,49.1,0.0,0.0,14.9,0.0,2
593000,1227,889,48.1,0.3,0.0,15.6,0.3,84
593000,766,650,46.8,0.6,0.0,15.9,0.6,76
593000,968,545,47.1,0.0,0.1,16.3,0.0,61
593000,1376,532,0.1,0.0,0.2,5.5,0.0,98
593000,521,268,24.1,23.7,0.1,16.0,23.6,11
593000,530,242,46.6,0.5,0.0,16.9,0.2,34
593000,1360,202,47.8,0.1,0.0,16.1,0.1,27
593000,1395,81,47.5,0.3,0.0,16.2,0.3,10
593000,950,77,48.3,0.0,0.2,15.5,0.0,13
593000,1132,23,48.0,0.0,0.0,16.0,0.0,2
593000,1319,19,48.0,0.0,0.0,16.0,0.0,5
593000,1379,17,48.0,0.0,0.0,16.0,0.0,1
593000,1361,10,48.2,0.0,0.0,15.8,0.0,2
593000,1418,8,36.4,0.0,0.0,27.6,0.0,2
593000,1375,6,48.0,0.0,0.0,16.0,0.0,1
594000,1227,952,48.1,0.3,0.0,15.6,0.3,89
594000,766,627,46.6,1.0,0.0,15.9,1.0,61
594000,1376,597,2.2,0.0,0.1,8.5,0.0,160
594000,968,542,47.4,0.0,0.1,16.2,0.0,54
594000,521,301,24.2,23.9,0.1,15.9,23.5,17
594000,1360,229,47.0,0.0,0.0,16.9,0.0,30
594000,530,211,46.4,0.1,0.0,17.6,0.1,25
594000,950,81,49.1,0.0,0.0,14.9,0.0,7
594000,1395,46,47.5,0.8,0.0,15.6,0.8,10
594000,1319,27,48.6,0.0,0.0,15.4,0.0,2
594000,1132,24,46.8,0.0,0.0,17.2,0.0,5
594000,1379,6,48.0,0.0,0.0,16.0,0.0,1
595000,1376,821,0.3,0.0,0.1,6.1,0.0,137
595000,1227,811,48.1,0.2,0.0,15.6,0.2,76
595000,766,722,46.5,1.1,0.0,16.0,1.1,56
595000,968,497,47.8,0.0,0.0,16.0,0.0,48
595000,521,338,24.1,23.7,0.0,16.0,23.5,14
595000,1360,267,48.1,0.1,0.0,15.9,0.1,30
595000,530,238,47.0,0.2,0.0,16.9,0.2,25
595000,1438,94,33.3,0.0,0.0,16.2,0.0,31
595000,1395,54,48.0,0.1,0.0,15.9,0.1,6
595000,950,39,49.4,0.0,0.0,14.6,0.0,8
595000,1319,22,48.8,0.0,0.0,15.2,0.0,4
595000,1379,12,48.0,0.0,0.0,16.0,0.0,1
595000,1132,10,48.0,0.0,0.0,16.0,0.0,2
596000,1227,893,48.2,0.3,0.0,15.5,0.3,79
596000,766,633,46.7,1.0,0.0,16.0,1.0,45
596000,968,589,44.2,0.0,0.0,16.3,0.0,78
596000,521,314,24.3,23.9,0.0,15.8,23.8,8
596000,1360,292,47.6,0.1,0.0,16.2,0.1,36
596000,1376,218,0.0,0.1,0.2,6.5,0.0,45
596000,530,206,47.9,0.0,0.0,16.1,0.0,14
596000,1395,63,47.9,0.0,0.0,16.0,0.0,3
596000,950,31,47.6,0.0,0.0,16.4,0.0,5
596000,1319,19,46.1,0.0,0.0,17.9,0.0,5
596000,1132,10,48.2,0.0,0.0,15.8,0.0,2
597000,1227,909,48.0,0.4,0.0,15.5,0.4,80
597000,968,629,44.9,0.0,0.0,16.0,0.0,84
597000,766,610,47.1,0.6,0.0,15.9,0.6,45
597000,521,313,24.2,24.0,0.0,15.8,23.6,9
597000,1360,262,47.5,0.1,0.0,16.4,0.1,30
597000,530,212,48.2,0.0,0.0,15.7,0.0,15
597000,1376,139,0.0,0.0,0.0,8.5,0.0,38
597000,1395,116,47.8,0.1,0.0,16.1,0.1,9
597000,950,46,48.3,0.0,0.0,15.7,0.0,8
597000,1319,44,46.9,0.0,0.0,16.7,0.0,10
598000,1227,951,47.9,0.4,0.0,15.6,0.4,90
598000,968,611,45.2,0.0,0.0,16.2,0.0,83
598000,766,459,46.1,1.0,0.0,16.2,1.0,48
598000,521,314,24.1,23.7,0.1,16.1,23.7,8
598000,1360,251,47.6,0.0,0.0,16.3,0.0,28
598000,530,202,45.6,0.6,0.0,17.8,0.6,32
598000,1395,95,48.1,0.1,0.0,15.9,0.1,10
598000,950,53,47.4,0.0,0.0,16.6,0.0,8
598000,1319,52,46.0,0.1,0.0,17.9,0.1,13
598000,1376,45,0.0,0.0,0.0,7.5,0.0,15
598000,1379,8,48.1,0.0,0.0,15.9,0.0,2
599000,1227,954,47.7,0.4,0.0,15.6,0.4,99
599000,766,680,46.4,0.9,0.0,16.0,0.9,68
599000,968,467,46.5,0.0,0.0,16.2,0.0,53
599000,521,292,24.1,23.9,0.0,15.9,23.7,12
599000,530,264,45.8,0.4,0.0,17.8,0.2,35
599000,1360,260,47.7,0.1,0.0,16.2,0.1,28
599000,1319,140,28.2,0.1,0.0,16.9,0.1,30
599000,950,100,47.9,0.0,0.0,16.1,0.0,10
599000,1395,67,48.6,0.0,0.0,15.4,0.0,8
599000,1376,35,0.0,0.0,0.0,3.0,0.0,7
599000,1446,20,49.0,0.0,0.0,15.1,0.0,3
599000,1379,8,48.0,0.0,0.0,16.0,0.0,1
600000,1227,898,48.2,0.4,0.0,15.4,0.4,77
600000,766,649,46.3,0.9,0.0,16.1,0.8,55
600000,968,528,46.5,0.0,0.0,16.0,0.0,66
600000,521,354,24.0,23.9,0.0,16.0,23.6,16
600000,1360,260,47.7,0.1,0.0,16.2,0.1,27
600000,530,203,47.8,0.3,0.0,15.9,0.1,17
600000,950,131,48.3,0.0,0.0,15.6,0.0,13
600000,1395,77,47.9,0.0,0.0,15.9,0.0,5
600000,1319,49,44.3,0.1,0.0,16.0,0.1,14
600000,1376,48,0.0,0.0,0.0,4.9,0.0,11
600000,1448,22,0.0,0.0,0.0,6.9,0.0,9
600000,1446,19,48.6,0.0,0.0,15.4,0.0,6
600000,1451,12,48.5,0.0,0.0,15.5,0.0,3
601000,1227,829,48.0,0.4,0.0,15.5,0.4,76
601000,766,673,46.3,0.6,0.0,16.3,0.6,58
601000,968,555,45.9,0.0,0.0,16.1,0.0,86
601000,1455,297,0.1,0.0,0.2,5.8,0.0,60
601000,521,294,24.1,23.9,0.0,15.9,23.8,9
601000,1360,241,48.0,0.0,0.0,16.0,0.0,21
601000,530,191,47.7,0.2,0.0,16.1,0.1,15
601000,950,184,47.8,0.0,0.0,16.1,0.0,16
601000,1395,91,47.8,0.0,0.0,16.1,0.0,6
601000,1319,42,46.8,0.0,0.0,17.2,0.0,9
601000,1376,32,0.0,0.2,0.0,6.0,0.0,8
601000,1446,29,47.3,0.0,0.0,16.7,0.0,6
601000,1451,20,48.8,0.0,0.0,15.2,0.0,4
601000,1448,7,0.0,0.0,0.0,5.6,0.0,5
602000,1227,882,48.1,0.4,0.0,15.5,0.4,88
602000,766,581,46.9,0.5,0.0,16.3,0.5,52
602000,968,573,44.3,0.0,0.0,16.6,0.0,79
602000,1455,419,0.0,0.0,0.1,5.8,0.0,65
602000,521,304,24.1,23.9,0.0,15.9,23.7,11
602000,1360,245,47.7,0.0,0.0,16.2,0.0,28
602000,950,173,48.1,0.0,0.0,15.8,0.0,14
602000,530,172,47.8,0.3,0.0,16.0,0.2,10
602000,1395,58,48.0,0.0,0.0,16.0,0.0,4
602000,1459,55,0.1,0.0,0.0,5.8,0.0,15
602000,1376,50,0.0,0.0,0.0,7.2,0.0,11
602000,1446,46,48.6,0.0,0.0,15.4,0.0,9
602000,1319,32,45.7,0.0,0.0,18.3,0.0,9
602000,1451,9,48.7,0.0,0.0,15.3,0.0,2
603000,1227,915,48.2,0.3,0.0,15.4,0.3,89
603000,968,550,44.7,0.0,0.0,16.2,0.0,77
603000,766,508,46.1,1.3,0.0,16.1,1.3,40
603000,521,351,24.2,23.9,0.0,15.9,23.8,7
603000,1360,298,47.5,0.0,0.0,16.5,0.0,31
603000,1455,255,0.1,0.0,0.1,6.6,0.0,67
603000,950,213,47.6,0.1,0.0,16.1,0.0,15
603000,530,148,48.4,0.0,0.0,15.6,0.0,12
603000,1459,74,0.0,0.0,0.1,5.8,0.0,21
603000,1319,45,48.3,0.0,0.0,15.7,0.0,5
603000,1395,40,48.5,0.0,0.0,15.4,0.0,4
603000,1446,31,48.6,0.0,0.0,15.4,0.0,7
603000,1376,5,0.2,0.0,0.0,1.4,0.0,2
604000,1227,862,48.2,0.4,0.0,15.4,0.4,78
604000,766,617,47.0,0.8,0.0,15.9,0.8,62
604000,968,553,43.5,0.0,0.1,16.5,0.0,83
604000,521,358,24.2,24.0,0.0,15.8,23.8,14
604000,1360,282,48.0,0.0,0.0,16.0,0.0,27
604000,1455,251,0.0,0.0,0.1,4.5,0.0,34
604000,950,238,47.7,0.0,0.0,16.3,0.0,18
604000,530,157,48.0,0.0,0.0,16.0,0.0,12
604000,1459,116,0.1,0.0,0.0,5.7,0.0,24
604000,1319,61,47.9,0.1,0.0,16.1,0.1,13
604000,1446,39,47.3,0.0,0.0,16.7,0.0,8
604000,1395,35,48.2,0.1,0.0,15.7,0.1,3
604000,1461,35,35.3,0.7,0.0,27.9,0.7,10
605000,1227,880,48.1,0.4,0.0,15.5,0.4,74
605000,766,652,47.3,0.5,0.0,15.9,0.5,61
605000,968,423,46.1,0.0,0.0,16.1,0.0,55
605000,1455,365,0.1,0.0,0.1,5.6,0.0,64
605000,521,326,24.0,23.9,0.0,16.0,23.6,12
605000,950,287,47.9,0.1,0.0,16.1,0.1,30
605000,1360,267,47.3,0.0,0.0,16.5,0.0,34
605000,530,182,48.1,0.0,0.0,15.9,0.0,11
605000,1459,142,0.1,0.0,0.0,5.1,0.0,18
605000,1446,59,48.4,0.0,0.0,15.6,0.0,9
605000,1319,52,45.9,0.0,0.0,18.1,0.0,9
605000,1395,51,48.0,0.0,0.0,16.0,0.0,3
605000,1461,34,42.7,0.0,0.4,21.0,0.0,9
606000,1227,906,48.0,0.4,0.0,15.4,0.4,78
606000,766,626,47.1,0.4,0.0,16.0,0.4,61
606000,968,422,45.3,0.0,0.1,17.3,0.0,75
606000,1455,371,0.1,0.0,0.1,5.9,0.0,61
606000,521,340,24.2,23.6,0.0,16.1,23.6,11
606000,1360,317,47.2,0.1,0.0,16.6,0.1,40
606000,950,272,47.5,0.1,0.0,16.3,0.0,29
606000,530,222,48.0,0.0,0.0,15.9,0.0,16
606000,1459,52,0.1,0.0,0.0,3.9,0.0,11
606000,1446,45,47.9,0.0,0.0,16.1,0.0,11
606000,1319,43,46.9,0.3,0.0,16.7,0.3,9
606000,1395,30,48.2,0.0,0.0,15.8,0.0,2
606000,1461,14,41.9,0.1,0.0,22.1,0.1,4
607000,1227,889,48.0,0.4,0.0,15.5,0.4,77
607000,766,629,47.1,0.7,0.0,15.9,0.7,51
607000,1455,497,0.1,0.0,0.0,6.2,0.0,84
607000,968,445,43.6,0.0,0.1,17.7,0.0,76
607000,521,340,24.2,23.8,0.1,15.9,23.8,10
607000,1360,329,47.8,0.0,0.0,16.2,0.0,32
607000,950,290,48.0,0.0,0.0,16.0,0.0,28
607000,530,182,48.2,0.0,0.0,15.8,0.0,12
607000,1395,56,48.0,0.0,0.0,16.0,0.0,2
607000,1319,52,47.8,0.1,0.0,16.1,0.1,9
607000,1459,16,0.0,0.0,0.0,6.1,0.0,7
607000,1446,12,48.1,0.0,0.0,15.9,0.0,5
607000,1461,7,40.7,0.0,0.0,23.3,0.0,4
608000,1227,879,47.8,0.4,0.0,15.7,0.4,75
608000,1455,567,0.1,0.0,0.2,5.9,0.0,107
608000,968,484,44.5,0.0,0.1,17.5,0.0,76
608000,766,420,46.8,0.8,0.0,15.9,0.8,45
608000,1360,368,47.7,0.0,0.0,16.2,0.0,38
608000,521,334,24.3,23.8,0.0,15.9,23.6,14
608000,950,287,47.7,0.0,0.0,16.3,0.0,30
608000,530,196,48.3,0.0,0.0,15.7,0.0,12
608000,1395,59,47.9,0.0,0.0,16.0,0.0,3
608000,1319,42,47.8,0.0,0.0,16.2,0.0,4
609000,1227,751,47.7,0.4,0.0,15.8,0.4,78
609000,968,484,43.9,0.0,0.0,17.4,0.0,80
609000,1455,476,0.0,0.0,0.1,5.5,0.0,78
609000,1360,407,47.6,0.1,0.0,16.3,0.1,47
609000,766,401,46.5,0.8,0.0,16.1,0.8,43
609000,521,370,24.2,23.8,0.0,15.9,23.8,11
609000,950,296,48.0,0.0,0.0,16.0,0.0,29
609000,530,202,48.3,0.0,0.0,15.7,0.0,13
609000,1395,56,47.7,0.0,0.0,16.0,0.0,4
609000,1319,38,47.7,0.1,0.0,16.2,0.1,11
610000,1227,811,47.5,0.5,0.0,15.8,0.5,84
610000,1455,472,0.1,0.0,0.1,5.9,0.0,73
610000,766,442,47.7,0.1,0.0,15.9,0.1,36
610000,1360,429,47.7,0.2,0.0,16.1,0.2,48
610000,968,393,45.3,0.0,0.0,17.3,0.0,57
610000,521,381,24.1,24.0,0.1,15.8,23.5,22
610000,950,298,47.7,0.0,0.0,16.3,0.0,31
610000,530,168,48.2,0.0,0.0,15.8,0.0,12
610000,1395,83,48.1,0.0,0.1,15.7,0.0,7
610000,1319,48,47.1,0.0,0.0,16.8,0.0,9
611000,1227,791,47.5,0.5,0.0,15.9,0.5,75
611000,766,567,46.3,1.0,0.0,15.9,1.0,53
611000,1360,442,47.4,0.2,0.0,16.4,0.2,60
611000,968,396,44.7,0.0,0.0,17.6,0.0,54
611000,521,344,24.4,23.6,0.1,15.9,23.5,18
611000,1455,343,0.1,0.1,0.2,6.1,0.0,79
611000,950,313,47.8,0.0,0.0,16.1,0.0,27
611000,530,194,48.1,0.0,0.0,15.9,0.0,15
611000,1395,69,48.0,0.0,0.0,16.0,0.0,5
611000,1319,31,47.7,0.0,0.0,16.3,0.0,4
612000,1227,748,48.1,0.4,0.0,15.4,0.4,65
612000,1360,430,47.5,0.1,0.0,16.3,0.1,49
612000,766,409,46.2,0.9,0.0,16.2,0.9,41
612000,968,396,44.5,0.0,0.0,17.6,0.0,61
612000,521,373,24.3,23.7,0.1,15.9,23.4,17
612000,950,338,47.7,0.0,0.0,16.2,0.0,39
612000,530,210,48.2,0.0,0.0,15.8,0.0,20
612000,1455,202,0.1,0.1,0.0,4.2,0.0,20
612000,1395,43,48.3,0.0,0.0,15.7,0.0,3
612000,1473,30,46.9,1.5,0.0,15.3,1.5,4
612000,1319,22,46.6,0.0,0.0,17.4,0.0,3
613000,1227,706,48.1,0.3,0.0,15.6,0.3,61
613000,1360,479,46.8,0.1,0.0,16.9,0.1,62
613000,521,365,23.8,24.0,0.1,16.2,23.6,15
613000,968,363,45.9,0.0,0.0,16.5,0.0,48
613000,766,359,47.9,0.0,0.0,16.0,0.0,35
613000,950,359,47.7,0.0,0.0,16.2,0.0,42
613000,1455,289,0.1,0.0,0.2,5.8,0.0,65
613000,530,226,48.1,0.1,0.0,15.7,0.0,23
613000,1319,43,48.0,0.0,0.0,16.0,0.0,8
613000,1395,30,48.1,0.2,0.0,15.7,0.2,5
614000,1227,752,48.1,0.4,0.0,15.5,0.4,73
614000,766,431,46.0,0.7,0.0,16.7,0.7,59
614000,950,426,47.7,0.0,0.0,16.2,0.0,44
614000,1360,379,47.0,0.1,0.0,16.9,0.1,52
614000,521,350,24.1,23.8,0.1,16.0,23.7,12
614000,968,269,45.9,0.0,0.1,16.6,0.0,30
614000,530,242,48.2,0.0,0.0,15.7,0.0,20
614000,1475,147,0.1,0.0,0.0,4.2,0.0,30
614000,1455,130,0.1,0.0,0.0,4.1,0.0,17
614000,1319,58,47.6,0.0,0.0,16.4,0.0,7
614000,1395,38,48.6,0.1,0.0,15.3,0.1,6
615000,1227,809,48.2,0.4,0.0,15.3,0.4,75
615000,766,602,46.3,0.7,0.0,16.5,0.7,71
615000,1360,400,47.7,0.0,0.0,16.3,0.0,43
615000,950,392,47.9,0.0,0.0,16.1,0.0,34
615000,1455,363,0.1,0.0,0.1,3.9,0.0,37
615000,521,348,24.2,23.8,0.0,15.9,23.6,14
615000,968,342,44.2,0.0,0.0,17.0,0.0,61
615000,530,210,48.3,0.1,0.0,15.6,0.1,17
615000,1475,79,0.3,0.0,0.1,5.8,0.0,27
615000,1319,44,47.5,0.0,0.0,16.5,0.0,14
615000,1395,27,48.3,0.0,0.0,15.7,0.0,4
616000,1227,811,48.0,0.3,0.0,15.6,0.3,82
616000,766,567,46.2,0.8,0.0,16.4,0.8,59
616000,1360,439,47.6,0.1,0.0,16.2,0.1,43
616000,950,413,47.0,0.0,0.0,16.7,0.0,46
616000,521,343,24.4,23.7,0.0,15.9,23.7,10
616000,1455,338,0.1,0.0,0.1,5.2,0.0,51
616000,968,304,45.5,0.0,0.0,16.4,0.0,40
616000,530,192,47.9,0.2,0.0,15.8,0.1,18
616000,1475,89,0.1,0.0,0.0,5.6,0.0,25
616000,1479,69,0.3,0.0,0.4,5.5,0.0,19
616000,1395,42,47.9,0.0,0.0,16.1,0.0,3
616000,1319,33,46.8,0.2,0.0,16.4,0.2,12
616000,1480,33,35.5,0.6,0.0,27.0,0.6,10
617000,1227,765,48.2,0.4,0.0,15.3,0.4,74
617000,766,533,46.1,1.1,0.0,16.3,1.1,46
617000,1360,432,47.9,0.1,0.0,16.1,0.1,48
617000,950,432,48.0,0.0,0.0,16.0,0.0,29
617000,521,382,24.0,24.0,0.0,16.0,23.9,6
617000,968,329,44.2,0.0,0.1,16.8,0.0,54
617000,1455,284,0.1,0.0,0.1,5.5,0.0,44
617000,530,200,48.1,0.0,0.0,15.9,0.0,14
617000,1482,54,34.9,0.1,0.1,24.8,0.1,20
617000,1395,39,47.6,0.3,0.0,16.2,0.3,4
617000,1475,23,0.0,0.0,0.0,4.9,0.0,6
617000,1480,19,35.2,1.0,0.0,26.6,1.0,6
617000,1319,15,45.3,0.0,0.0,18.7,0.0,5
618000,1227,826,48.1,0.3,0.0,15.5,0.3,69
618000,950,475,47.8,0.0,0.0,16.2,0.0,36
618000,766,473,45.9,1.2,0.0,16.3,1.2,48
618000,1360,402,47.3,0.1,0.0,16.6,0.1,47
618000,1455,372,0.1,0.0,0.0,4.9,0.0,52
618000,521,347,24.1,23.8,0.0,16.0,23.7,14
618000,968,311,44.7,0.0,0.1,16.4,0.0,44
618000,530,201,48.2,0.0,0.0,15.8,0.0,17
618000,1482,65,34.9,0.2,0.2,25.5,0.2,18
618000,1480,35,35.1,0.6,0.0,26.5,0.6,11
618000,1475,32,0.0,0.0,0.2,3.3,0.0,4
618000,1395,19,48.1,0.0,0.0,15.9,0.0,2
618000,1319,10,48.0,0.0,0.0,16.0,0.0,2
618000,1487,10,48.3,1.1,0.0,14.6,1.1,3
619000,1227,809,48.2,0.3,0.0,15.5,0.3,66
619000,766,578,47.0,0.4,0.0,16.1,0.4,59
619000,1360,458,47.7,0.0,0.0,16.2,0.0,49
619000,950,405,47.9,0.0,0.0,16.1,0.0,23
619000,1455,385,0.2,0.1,0.2,5.5,0.0,55
619000,521,375,24.3,23.8,0.0,15.8,23.6,14
619000,530,199,48.1,0.1,0.0,15.8,0.1,12
619000,968,196,46.1,0.0,0.1,16.9,0.0,22
619000,1482,39,35.3,0.4,0.0,25.3,0.4,13
619000,1480,33,37.2,4.1,0.0,22.6,4.1,10
619000,1319,31,43.5,0.5,0.0,19.0,0.5,12
619000,1475,22,0.0,0.0,0.0,3.4,0.0,4
619000,1487,21,48.1,1.2,0.0,14.7,1.2,3
619000,1395,20,47.8,0.0,0.0,16.2,0.0,2
620000,1227,902,48.0,0.3,0.0,15.6,0.3,82
620000,766,543,46.9,0.7,0.0,16.0,0.7,48
620000,1360,471,47.2,0.1,0.0,16.5,0.0,50
620000,521,377,24.1,23.8,0.1,16.0,23.5,18
620000,950,328,47.7,0.0,0.0,16.2,0.0,29
620000,1455,276,0.1,0.0,0.0,5.9,0.0,48
620000,968,206,47.7,0.0,0.0,16.1,0.0,21
620000,530,171,48.1,0.0,0.0,15.9,0.0,14
620000,1480,49,34.9,4.7,0.0,24.5,4.7,13
620000,1319,36,47.9,0.0,0.0,16.1,0.0,9
620000,1482,35,34.4,0.0,0.0,25.5,0.0,11
620000,1475,30,0.0,0.0,0.0,3.4,0.0,6
620000,1395,29,48.0,0.1,0.0,15.8,0.1,4
620000,1487,21,48.2,0.8,0.0,15.0,0.8,5
621000,1227,884,48.2,0.4,0.0,15.3,0.4,94
621000,766,520,47.8,0.0,0.0,15.7,0.0,50
621000,1360,438,47.6,0.0,0.0,16.3,0.0,39
621000,521,421,24.0,24.0,0.0,16.0,23.9,9
621000,950,374,48.0,0.0,0.0,16.0,0.0,33
621000,1455,253,0.1,0.0,0.1,6.1,0.0,48
621000,968,209,47.3,0.0,0.1,16.1,0.0,20
621000,530,196,48.3,0.0,0.0,15.7,0.0,17
621000,1480,48,35.6,4.2,0.0,24.2,4.2,9
621000,1395,34,48.5,0.0,0.0,15.5,0.0,8
621000,1319,29,45.4,0.0,0.0,18.3,0.0,9
621000,1475,28,0.0,0.0,0.0,3.4,0.0,5
621000,1482,10,31.4,0.0,0.0,27.6,0.0,2
622000,1227,945,48.1,0.3,0.0,15.5,0.3,72
622000,766,546,46.8,0.8,0.0,16.1,0.8,55
622000,1360,427,48.0,0.0,0.0,16.0,0.0,38
622000,521,368,24.0,23.9,0.0,16.0,23.7,11
622000,950,351,47.7,0.0,0.0,16.2,0.0,32
622000,968,211,47.7,0.0,0.1,15.9,0.0,26
622000,1455,180,1.0,0.0,0.0,6.6,0.0,53
622000,530,149,48.0,0.0,0.0,16.0,0.0,14
622000,1475,53,0.2,0.0,0.2,3.4,0.0,10
622000,1395,46,48.6,0.0,0.0,15.4,0.0,5
622000,1480,30,36.1,4.1,0.0,23.8,4.1,11
622000,1319,23,48.3,0.0,0.0,15.7,0.0,3
623000,1227,897,48.2,0.3,0.0,15.5,0.3,74
623000,766,519,48.0,0.0,0.0,15.7,0.0,46
623000,1360,424,47.9,0.1,0.0,16.1,0.0,33
623000,521,398,24.2,23.9,0.0,15.9,23.7,14
623000,950,339,48.0,0.0,0.0,16.0,0.0,29
623000,1455,230,1.8,0.0,0.1,7.6,0.0,48
623000,968,174,48.1,0.0,0.0,15.9,0.0,10
623000,530,142,47.9,0.1,0.0,15.8,0.1,12
623000,1475,46,0.0,0.0,0.2,4.3,0.0,11
623000,1395,45,48.7,0.0,0.0,15.2,0.0,6
623000,1480,35,35.3,4.3,0.0,24.3,4.3,8
623000,1319,26,47.1,0.2,0.0,16.7,0.2,7
624000,1227,923,48.1,0.3,0.0,15.5,0.3,69
624000,766,514,46.8,0.8,0.0,15.9,0.8,47
624000,1360,428,47.7,0.0,0.0,16.2,0.0,38
624000,521,388,24.2,23.7,0.0,16.0,23.6,12
624000,950,368,48.1,0.0,0.0,15.9,0.0,30
624000,1455,337,1.7,0.0,0.1,8.3,0.0,92
624000,530,194,48.1,0.1,0.0,15.7,0.1,13
624000,1500,133,0.0,0.0,0.0,5.0,0.0,32
624000,1501,94,33.4,0.0,0.0,29.5,0.0,34
624000,968,90,48.0,0.0,0.0,15.8,0.0,11
624000,1395,60,48.3,0.0,0.0,15.6,0.0,11
624000,1480,51,34.9,4.3,0.0,24.3,4.2,13
624000,1319,34,47.5,0.0,0.0,16.5,0.0,10
625000,1227,911,48.0,0.3,0.0,15.6,0.3,69
625000,766,554,47.5,0.5,0.0,15.8,0.5,49
625000,1360,402,48.0,0.0,0.0,16.0,0.0,24
625000,521,387,24.1,23.9,0.0,15.9,23.8,11
625000,950,343,47.8,0.0,0.0,16.1,0.0,33
625000,530,209,48.1,0.1,0.0,15.8,0.1,15
625000,968,144,47.8,0.0,0.0,15.9,0.0,22
625000,1500,111,0.0,0.0,0.0,6.1,0.0,29
625000,1501,103,34.1,0.2,0.1,29.6,0.1,23
625000,1455,78,0.1,0.2,0.0,5.4,0.0,13
625000,1480,59,35.6,3.9,0.0,24.5,3.9,15
625000,1395,56,48.4,0.0,0.0,15.5,0.0,10
625000,1319,45,47.0,0.3,0.0,16.7,0.3,5
626000,1227,877,48.1,0.4,0.0,15.5,0.4,77
626000,766,623,46.4,0.7,0.0,15.7,0.7,53
626000,1360,451,47.4,0.0,0.0,16.5,0.0,54
626000,950,385,48.0,0.0,0.0,15.9,0.0,38
626000,521,359,24.1,23.8,0.0,16.0,23.6,16
626000,1455,190,0.1,0.0,0.1,5.6,0.0,34
626000,530,186,48.1,0.1,0.0,15.8,0.1,19
626000,1500,155,0.1,0.0,0.0,5.4,0.0,21
626000,968,117,47.4,0.0,0.2,16.0,0.0,16
626000,1501,83,32.9,0.2,0.1,29.6,0.2,21
626000,1480,56,35.5,3.4,0.0,25.1,3.4,12
626000,1319,46,46.7,0.1,0.0,17.3,0.1,9
626000,1395,32,48.5,0.0,0.0,15.5,0.0,7
627000,1227,854,48.2,0.3,0.0,15.4,0.3,93
627000,766,609,46.6,0.8,0.0,15.9,0.8,64
627000,1360,436,47.6,0.0,0.0,16.3,0.0,47
627000,950,362,47.8,0.0,0.0,16.1,0.0,37
627000,521,352,24.1,23.9,0.1,15.9,23.7,10
627000,530,206,48.3,0.1,0.0,15.6,0.1,26
627000,1500,169,0.0,0.0,0.1,6.0,0.0,44
627000,968,128,48.0,0.0,0.0,15.7,0.0,24
627000,1455,107,0.0,0.2,0.0,4.9,0.0,18
627000,1501,87,33.0,0.0,0.3,29.4,0.0,28
627000,1395,73,48.5,0.0,0.0,15.5,0.0,12
627000,1480,60,35.5,3.0,0.0,25.4,3.0,16
627000,1319,49,47.3,0.0,0.0,16.7,0.0,11
628000,1227,755,48.1,0.3,0.0,15.6,0.3,66
628000,766,553,46.9,0.7,0.0,15.9,0.7,63
628000,1360,476,47.4,0.1,0.0,16.5,0.1,50
628000,950,384,47.8,0.0,0.0,16.2,0.0,34
628000,1500,356,0.1,0.0,0.2,6.2,0.0,80
628000,521,346,24.1,23.9,0.1,15.9,23.6,14
628000,530,214,48.3,0.1,0.0,15.6,0.1,24
628000,968,182,47.7,0.0,0.0,16.0,0.0,22
628000,1455,166,0.2,0.0,0.2,6.8,0.0,35
628000,1501,103,32.4,0.0,0.0,30.7,0.0,20
628000,1480,64,34.2,3.5,0.0,26.3,3.5,12
628000,1319,54,47.2,0.1,0.0,16.4,0.1,11
628000,1395,53,48.4,0.0,0.0,15.6,0.0,6
629000,1227,771,48.1,0.3,0.0,15.5,0.3,67
629000,766,552,46.7,0.9,0.0,16.0,0.9,58
629000,1360,467,47.5,0.1,0.0,16.4,0.1,48
629000,950,411,47.8,0.0,0.0,16.2,0.0,48
629000,521,398,24.1,23.9,0.0,16.0,23.8,11
629000,1500,242,0.1,0.0,0.1,5.5,0.0,50
629000,968,153,48.1,0.0,0.1,15.8,0.0,17
629000,530,142,48.1,0.2,0.0,15.7,0.2,19
629000,1455,115,0.0,0.0,0.0,6.3,0.0,20
629000,1501,102,34.2,0.2,0.3,29.3,0.1,30
629000,1319,81,48.1,0.1,0.0,15.8,0.1,18
629000,1395,73,48.7,0.0,0.0,15.3,0.0,13
629000,1480,73,34.7,3.3,0.0,26.0,3.3,26
630000,1227,892,48.1,0.3,0.0,15.5,0.3,75
630000,766,520,46.8,0.8,0.0,15.9,0.8,61
630000,950,439,48.0,0.0,0.0,15.9,0.0,33
630000,1360,425,47.6,0.1,0.0,16.3,0.1,45
630000,521,357,24.0,24.0,0.0,16.0,23.7,15
630000,1500,238,0.1,0.0,0.1,5.5,0.0,50
630000,1455,192,0.1,0.0,0.3,6.1,0.0,40
630000,530,176,48.1,0.0,0.0,15.9,0.0,14
630000,968,143,46.3,0.0,0.1,17.0,0.0,22
630000,1501,107,34.7,0.0,0.0,29.0,0.0,34
630000,1395,81,48.2,0.0,0.0,15.8,0.0,10
630000,1480,53,33.6,2.2,0.0,28.1,2.1,16
630000,1319,45,46.9,0.0,0.0,17.0,0.0,7
631000,1227,879,48.2,0.3,0.0,15.4,0.3,74
631000,766,515,46.3,1.1,0.0,16.0,1.1,39
631000,950,480,47.6,0.1,0.0,16.3,0.0,46
631000,1360,470,48.2,0.1,0.0,15.8,0.1,44
631000,521,354,24.0,23.9,0.1,16.0,23.5,15
631000,1500,192,0.1,0.0,0.1,5.5,0.0,47
631000,530,157,48.1,0.1,0.0,15.8,0.1,15
631000,968,150,47.3,0.0,0.0,16.0,0.0,21
631000,1501,90,34.4,0.0,0.0,29.1,0.0,25
631000,1455,82,0.0,0.0,0.1,6.0,0.0,15
631000,1395,65,47.9,0.0,0.0,16.0,0.0,9
631000,1319,56,47.3,0.2,0.0,16.6,0.2,11
631000,1480,46,34.2,1.7,0.0,28.1,1.7,11
632000,1227,845,48.2,0.3,0.0,15.4,0.3,66
632000,766,568,46.5,0.7,0.0,16.0,0.7,58
632000,950,491,47.7,0.0,0.0,16.2,0.0,38
632000,1360,429,47.6,0.0,0.0,16.2,0.0,44
632000,521,364,24.1,23.8,0.1,16.0,23.7,9
632000,1500,227,0.1,0.1,0.2,5.6,0.0,52
632000,530,187,48.3,0.1,0.0,15.6,0.1,17
632000,1501,115,33.9,0.0,0.0,28.9,0.0,35
632000,1455,109,0.0,0.0,0.4,6.4,0.0,24
632000,968,97,48.3,0.0,0.0,15.7,0.0,10
632000,1395,80,48.6,0.0,0.0,15.3,0.0,13
632000,1319,46,47.1,0.2,0.0,16.7,0.2,10
632000,1480,42,37.5,1.4,0.0,25.1,1.4,14
633000,1227,922,48.1,0.3,0.0,15.5,0.3,88
633000,766,512,46.4,1.0,0.0,16.0,1.0,42
633000,1360,464,47.4,0.0,0.0,16.5,0.0,58
633000,1500,450,0.8,0.1,0.1,6.1,0.0,90
633000,950,419,47.5,0.0,0.0,16.4,0.0,44
633000,521,348,24.2,23.8,0.1,15.9,23.6,16
633000,1455,166,0.0,0.0,0.0,5.7,0.0,26
633000,530,102,48.3,0.0,0.0,15.6,0.0,14
633000,1501,98,34.1,0.0,0.1,29.4,0.0,26
633000,968,72,47.5,0.0,0.0,16.2,0.0,6
633000,1395,59,48.2,0.0,0.0,15.8,0.0,13
633000,1319,45,46.9,0.0,0.0,16.7,0.0,11
633000,1480,42,36.0,2.0,0.0,25.9,1.7,17
634000,1227,890,48.1,0.2,0.0,15.5,0.2,86
634000,766,523,46.6,1.0,0.0,16.0,1.0,52
634000,1360,431,47.9,0.0,0.0,16.0,0.0,40
634000,1500,431,0.3,0.1,0.2,5.9,0.0,77
634000,950,419,47.7,0.0,0.0,16.3,0.0,36
634000,521,380,24.5,23.6,0.0,15.8,23.5,17
634000,1455,226,0.1,0.0,0.0,5.1,0.0,30
634000,530,113,48.1,0.1,0.0,15.7,0.1,14
634000,1501,103,35.0,0.0,0.2,28.4,0.0,38
634000,968,86,47.7,0.0,0.0,15.9,0.0,12
634000,1395,48,47.7,0.0,0.0,16.1,0.0,7
634000,1319,39,47.0,0.1,0.0,16.9,0.1,8
634000,1480,38,37.9,0.8,0.0,25.0,0.8,10
635000,1227,899,48.1,0.3,0.0,15.6,0.3,63
635000,766,543,47.3,0.6,0.0,15.8,0.6,61
635000,1360,483,47.8,0.0,0.0,16.2,0.0,49
635000,950,429,47.6,0.0,0.0,16.3,0.0,25
635000,1500,411,0.0,0.0,0.1,6.0,0.0,75
635000,521,379,23.9,24.1,0.0,16.0,23.7,17
635000,1455,200,0.1,0.1,0.0,6.6,0.0,35
635000,1501,108,34.3,0.0,0.0,28.7,0.0,27
635000,530,93,48.1,0.3,0.0,15.6,0.2,14
635000,968,62,47.7,0.0,0.0,16.2,0.0,5
635000,1319,45,47.6,0.0,0.0,16.4,0.0,5
635000,1480,33,37.1,2.5,0.0,24.2,2.5,11
635000,1395,31,48.1,0.0,0.0,15.9,0.0,3
636000,1227,851,48.1,0.3,0.0,15.5,0.3,65
636000,766,532,46.7,1.1,0.0,15.9,1.0,45
636000,1360,476,47.7,0.0,0.0,16.2,0.0,57
636000,950,433,47.8,0.0,0.0,16.1,0.0,36
636000,521,387,24.3,23.9,0.0,15.9,23.7,12
636000,1500,319,0.6,0.1,0.3,5.7,0.0,66
636000,1455,131,0.0,0.0,0.1,6.2,0.0,27
636000,530,119,48.1,0.1,0.0,15.7,0.1,15
636000,968,99,46.4,0.0,0.1,17.2,0.0,13
636000,1501,70,34.7,0.1,0.5,26.9,0.1,20
636000,1395,55,48.4,0.0,0.0,15.6,0.0,8
636000,1480,32,38.2,0.9,0.0,24.8,0.9,11
636000,1319,22,47.0,0.2,0.0,16.4,0.2,6
637000,1227,868,47.9,0.3,0.0,15.7,0.3,65
637000,766,562,46.8,0.9,0.0,15.9,0.9,56
637000,1360,483,48.0,0.0,0.0,16.0,0.0,38
637000,950,455,48.0,0.0,0.0,16.0,0.0,42
637000,521,335,24.1,23.7,0.0,16.1,23.5,13
637000,1500,149,0.1,0.1,0.1,5.1,0.0,41
637000,530,108,47.6,0.4,0.0,15.9,0.2,15
637000,1455,101,0.0,0.1,0.1,5.4,0.0,17
637000,1501,86,34.0,0.0,0.2,28.3,0.0,23
637000,968,81,47.2,0.0,0.0,16.2,0.0,15
637000,1517,75,47.8,0.3,0.0,15.8,0.3,14
637000,1395,70,48.0,0.1,0.0,15.9,0.1,8
637000,1480,45,36.3,0.5,0.0,27.1,0.5,12
637000,1319,33,46.2,0.2,0.0,16.6,0.2,10
638000,1227,855,48.1,0.3,0.0,15.6,0.3,71
638000,766,546,46.8,1.0,0.0,15.8,1.0,59
638000,1500,507,0.1,0.0,0.2,5.2,0.0,92
638000,950,475,47.5,0.0,0.0,16.5,0.0,47
638000,1360,469,47.5,0.1,0.0,16.4,0.0,52
638000,521,342,24.3,23.9,0.1,15.8,23.7,13
638000,1501,121,33.8,0.0,0.1,25.1,0.0,41
638000,530,106,48.2,0.1,0.0,15.8,0.1,12
638000,968,95,46.2,0.0,0.0,15.6,0.0,13
638000,1395,60,48.0,0.0,0.0,16.0,0.0,6
638000,1517,58,48.3,0.0,0.0,15.7,0.0,7
638000,1455,52,0.1,0.1,0.0,5.4,0.0,12
638000,1480,33,37.3,1.1,0.0,25.7,1.1,10
638000,1319,16,47.5,0.0,0.0,16.5,0.0,6
639000,1227,870,48.0,0.3,0.0,15.6,0.3,79
639000,950,567,48.0,0.0,0.0,15.9,0.0,50
639000,766,510,46.6,1.0,0.0,16.0,1.0,42
639000,1360,442,47.9,0.1,0.0,16.0,0.1,41
639000,1500,416,0.1,0.1,0.1,5.4,0.0,79
639000,521,354,24.1,23.9,0.0,15.9,23.7,11
639000,530,166,48.1,0.1,0.0,15.8,0.1,20
639000,1501,101,33.1,0.0,0.0,24.9,0.0,31
639000,968,82,48.0,0.0,0.0,15.7,0.0,9
639000,1395,58,48.2,0.0,0.1,15.7,0.0,9
639000,1480,31,38.5,0.2,0.0,25.3,0.2,9
639000,1455,26,0.0,0.0,0.0,5.7,0.0,5
639000,1319,16,44.2,0.0,0.0,19.8,0.0,6
640000,1227,831,48.0,0.4,0.0,15.5,0.3,71
640000,766,592,46.4,1.0,0.0,15.9,1.0,59
640000,950,486,47.3,0.0,0.0,16.7,0.0,40
640000,1360,456,47.5,0.0,0.0,16.5,0.0,54
640000,1500,402,0.0,0.0,0.1,5.8,0.0,81
640000,521,354,24.1,23.8,0.0,16.0,23.7,11
640000,1501,120,33.7,0.0,0.3,23.9,0.0,38
640000,530,112,48.5,0.0,0.0,15.5,0.0,15
640000,968,89,48.4,0.0,0.0,15.6,0.0,12
640000,1455,72,0.0,0.1,0.0,5.1,0.0,13
640000,1395,56,48.2,0.0,0.0,15.8,0.0,6
640000,1480,17,39.2,0.2,0.0,24.2,0.2,9
640000,1319,13,41.6,0.2,0.0,22.2,0.2,7
640000,1522,8,34.8,0.0,0.0,28.2,0.0,2
641000,1227,859,48.0,0.3,0.0,15.7,0.3,73
641000,766,537,46.9,0.8,0.0,15.9,0.8,51
641000,950,511,47.7,0.1,0.0,16.3,0.1,46
641000,1360,437,47.7,0.0,0.0,16.2,0.0,47
641000,521,376,24.0,24.1,0.0,15.9,23.8,12
641000,1500,237,0.1,0.0,0.1,5.9,0.0,45
641000,530,109,48.0,0.0,0.0,16.0,0.0,15
641000,1501,101,32.8,0.2,0.3,24.3,0.2,40
641000,1455,90,0.0,0.0,0.1,5.8,0.0,20
641000,968,70,47.5,0.0,0.0,16.2,0.0,12
641000,1395,50,47.8,0.0,0.1,16.0,0.0,7
641000,1480,29,37.6,0.4,0.0,26.0,0.4,9
641000,1522,11,35.2,0.0,0.0,26.6,0.0,4
641000,1319,6,48.0,0.0,0.0,16.0,0.0,1
642000,1227,935,48.1,0.3,0.0,15.5,0.3,71
642000,766,554,45.8,1.3,0.0,16.2,1.2,59
642000,1360,481,47.6,0.0,0.0,16.2,0.0,44
642000,950,471,48.0,0.0,0.0,16.0,0.0,40
642000,521,360,23.9,24.0,0.0,16.1,23.5,19
642000,1500,261,0.0,0.0,0.1,5.6,0.0,54
642000,1501,110,34.4,0.1,0.5,22.7,0.1,40
642000,530,92,48.4,0.1,0.0,15.5,0.1,11
642000,968,82,47.6,0.0,0.0,16.3,0.0,9
642000,1455,50,0.0,0.0,0.0,5.5,0.0,15
642000,1395,45,48.4,0.0,0.1,15.4,0.0,5
642000,1319,21,47.1,0.0,0.0,16.9,0.0,4
642000,1480,20,39.5,0.3,0.0,24.1,0.3,11
642000,1522,6,39.2,0.0,0.0,21.3,0.0,3
643000,1227,1006,48.0,0.3,0.0,15.6,0.3,77
643000,1360,544,47.9,0.1,0.0,16.1,0.1,51
643000,766,496,46.4,1.0,0.0,15.9,1.0,52
643000,950,394,47.9,0.0,0.0,16.0,0.0,29
643000,521,371,24.0,23.9,0.1,16.0,23.4,15
643000,1500,276,0.2,0.1,0.1,5.9,0.0,65
643000,530,129,48.1,0.1,0.0,15.8,0.1,15
643000,1501,112,33.1,0.1,0.1,22.5,0.1,35
643000,968,72,44.9,0.0,0.0,16.4,0.0,20
643000,1455,66,0.0,0.0,0.0,4.5,0.0,10
643000,1395,39,47.9,0.0,0.0,15.9,0.0,10
643000,1319,32,47.5,0.0,0.0,16.5,0.0,5
643000,1480,14,40.5,0.9,0.0,22.4,0.9,4
644000,1227,933,48.2,0.3,0.0,15.5,0.3,62
644000,1360,519,48.0,0.0,0.0,16.0,0.0,43
644000,766,491,46.6,0.5,0.0,15.7,0.5,55
644000,950,440,47.8,0.0,0.0,16.2,0.0,31
644000,521,360,24.2,23.9,0.1,15.8,23.7,17
644000,1500,179,0.0,0.1,0.0,5.9,0.0,43
644000,1501,140,33.3,0.2,0.1,23.3,0.2,49
644000,530,104,48.1,0.1,0.0,15.8,0.1,10
644000,1455,56,0.0,0.0,0.0,6.0,0.0,16
644000,968,54,47.1,0.0,0.0,16.4,0.0,12
644000,1395,47,48.7,0.0,0.0,15.3,0.0,7
644000,1319,32,47.1,0.0,0.0,16.9,0.0,5
644000,1480,16,40.6,1.1,0.0,22.2,1.1,5
644000,1529,10,48.3,0.0,0.0,15.7,0.0,4
645000,1227,920,48.1,0.2,0.0,15.6,0.2,66
645000,1360,506,47.6,0.0,0.0,16.3,0.0,42
645000,950,466,47.6,0.0,0.0,16.4,0.0,39
645000,766,464,48.2,0.1,0.0,15.7,0.1,46
645000,521,353,23.8,24.1,0.0,16.0,23.8,9
645000,530,150,48.3,0.1,0.0,15.6,0.1,16
645000,1500,140,0.2,0.0,0.0,5.6,0.0,30
645000,1501,126,33.7,0.3,0.2,23.0,0.3,43
645000,968,91,47.3,0.0,0.0,16.3,0.0,11
645000,1535,54,0.1,0.0,0.1,4.7,0.0,11
645000,1319,47,47.1,0.0,0.0,16.8,0.0,8
645000,1480,43,42.6,1.1,0.0,20.2,1.1,8
645000,1395,30,48.6,0.0,0.0,15.4,0.0,5
645000,1455,25,0.0,0.0,0.0,7.0,0.0,7
645000,1529,10,48.1,0.0,0.0,15.9,0.0,3
646000,1227,982,48.0,0.2,0.0,15.7,0.2,93
646000,1360,479,47.6,0.0,0.0,16.3,0.0,59
646000,766,470,47.9,0.1,0.0,15.7,0.1,51
646000,521,435,24.1,23.8,0.0,16.0,23.7,17
646000,950,369,48.0,0.0,0.0,16.0,0.0,29
646000,530,128,48.1,0.0,0.0,15.9,0.0,14
646000,1500,112,0.0,0.0,0.0,4.6,0.0,23
646000,1501,109,34.2,0.1,0.2,22.6,0.1,42
646000,968,97,47.9,0.0,0.0,16.1,0.0,8
646000,1535,52,0.1,0.0,0.4,3.9,0.0,12
646000,1319,47,47.6,0.0,0.0,16.4,0.0,5
646000,1455,39,0.1,0.0,0.0,5.9,0.0,9
646000,1395,35,48.5,0.0,0.0,15.5,0.0,5
646000,1480,15,40.1,1.9,0.0,22.1,1.9,6
646000,1529,7,48.1,0.0,0.0,15.9,0.0,3
647000,1227,915,48.0,0.3,0.0,15.6,0.3,82
647000,1360,504,47.8,0.0,0.0,16.0,0.0,54
647000,766,488,48.0,0.0,0.0,15.8,0.0,41
647000,521,403,24.2,23.9,0.0,15.8,23.7,15
647000,950,360,47.5,0.0,0.0,16.5,0.0,36
647000,1539,213,0.1,0.0,0.2,4.9,0.0,37
647000,968,129,47.9,0.0,0.0,16.1,0.0,15
647000,1501,129,33.9,0.0,0.1,23.4,0.0,59
647000,1538,74,0.1,0.0,0.2,6.9,0.0,22
647000,530,71,48.4,0.2,0.0,15.4,0.2,8
647000,1319,48,48.1,0.1,0.0,15.8,0.1,8
647000,1455,45,0.0,0.0,0.2,5.3,0.0,12
647000,1535,41,0.0,0.0,0.2,3.3,0.0,9
647000,1395,38,47.3,0.1,0.0,16.5,0.1,8
647000,1480,24,41.3,1.4,0.0,21.3,1.4,7
647000,1529,12,48.8,0.0,0.0,15.2,0.0,5
648000,1227,979,48.0,0.2,0.0,15.7,0.2,82
648000,766,537,46.8,0.3,0.0,16.1,0.3,56
648000,1360,442,47.7,0.0,0.0,16.2,0.0,54
648000,521,367,24.1,23.9,0.0,16.0,23.9,8
648000,950,324,48.0,0.0,0.0,16.0,0.0,27
648000,968,146,47.2,0.0,0.0,15.9,0.0,21
648000,1501,112,33.1,0.0,0.0,23.6,0.0,36
648000,1539,106,0.1,0.0,0.3,4.4,0.0,25
648000,530,92,48.2,0.0,0.0,15.8,0.0,9
648000,1319,64,47.5,0.2,0.0,16.2,0.2,12
648000,1538,54,0.0,0.1,0.3,5.3,0.0,14
648000,1529,38,48.4,0.1,0.0,15.5,0.1,6
648000,1395,32,48.5,0.0,0.0,15.4,0.0,6
648000,1455,32,0.3,0.0,0.0,4.8,0.0,15
648000,1480,11,41.0,1.8,0.0,21.2,1.8,5
648000,1535,8,0.0,0.8,0.0,6.0,0.0,2
649000,1227,964,48.1,0.2,0.0,15.6,0.2,78
649000,766,573,46.8,0.6,0.0,15.8,0.6,59
649000,1360,482,47.7,0.0,0.0,16.2,0.0,43
649000,1539,351,0.0,0.0,0.1,3.9,0.0,47
649000,521,350,24.1,23.9,0.0,15.9,23.8,9
649000,950,340,47.9,0.0,0.0,16.1,0.0,28
649000,968,146,47.8,0.0,0.0,16.0,0.0,15
649000,530,88,48.4,0.0,0.0,15.6,0.0,9
649000,1501,84,32.5,3.1,0.1,22.8,3.1,28
649000,1319,75,47.3,0.2,0.0,16.6,0.2,16
649000,1538,47,0.1,0.0,0.5,5.9,0.0,15
649000,1480,29,39.2,1.9,0.0,22.9,1.8,11
649000,1529,26,48.2,0.0,0.0,15.8,0.0,4
649000,1395,24,47.7,0.0,0.0,16.3,0.0,3
650000,1227,966,48.2,0.2,0.0,15.5,0.2,76
650000,1539,560,0.0,0.0,0.2,4.0,0.0,81
650000,766,555,46.9,0.5,0.0,15.7,0.5,61
650000,521,422,24.0,24.0,0.0,16.0,23.7,13
650000,1360,396,48.0,0.0,0.0,15.9,0.0,32
650000,950,322,47.9,0.0,0.0,16.0,0.0,35
650000,968,137,46.5,0.0,0.1,16.9,0.0,21
650000,530,118,48.0,0.2,0.0,15.8,0.2,21
650000,1501,108,33.1,0.0,0.0,23.6,0.0,36
650000,1319,82,47.1,0.1,0.0,16.7,0.1,15
650000,1538,54,0.0,0.0,0.3,5.3,0.0,14
650000,1529,34,48.1,0.0,0.0,15.9,0.0,4
650000,1395,19,49.2,0.0,0.0,14.8,0.0,5
650000,1480,19,38.6,2.4,0.0,23.1,2.4,10
651000,1227,893,48.1,0.2,0.0,15.6,0.2,66
651000,766,505,47.9,0.0,0.0,15.8,0.0,42
651000,1539,474,0.0,0.0,0.1,3.5,0.0,57
651000,950,429,48.0,0.0,0.0,15.8,0.0,41
651000,1360,389,47.6,0.1,0.0,16.4,0.1,38
651000,521,369,24.1,23.9,0.1,15.8,23.7,17
651000,968,167,40.3,0.0,0.3,21.1,0.0,27
651000,530,111,47.2,0.4,0.0,15.8,0.4,17
651000,1538,108,0.5,0.0,0.0,6.8,0.0,23
651000,1501,88,33.4,0.0,0.0,23.5,0.0,25
651000,1319,80,48.9,0.2,0.0,14.9,0.2,24
651000,1542,62,48.2,0.1,0.0,15.6,0.1,6
651000,1480,48,34.1,9.7,0.0,20.1,9.7,5
651000,1529,33,47.9,0.0,0.0,16.1,0.0,4
651000,1395,24,48.2,0.0,0.0,15.7,0.0,4
652000,1227,820,48.1,0.2,0.0,15.6,0.2,62
652000,766,509,47.2,0.0,0.0,15.9,0.0,40
652000,1539,430,0.1,0.0,0.1,4.6,0.0,75
652000,950,408,47.6,0.0,0.0,16.3,0.0,35
652000,521,376,24.2,23.8,0.0,15.9,23.8,17
652000,1360,374,48.0,0.0,0.0,16.0,0.0,35
652000,530,290,37.7,0.2,0.0,21.7,0.2,69
652000,968,164,35.6,0.0,0.7,24.2,0.0,39
652000,1538,140,0.0,0.0,0.4,5.1,0.0,30
652000,1501,118,32.6,0.0,0.0,23.8,0.0,24
652000,1480,86,35.5,7.0,0.0,21.5,7.0,16
652000,1319,80,46.8,0.2,0.0,17.0,0.2,17
652000,1529,26,47.9,0.0,0.0,16.1,0.0,4
652000,1395,17,48.3,0.0,0.0,15.7,0.0,4
653000,1227,793,48.1,0.2,0.0,15.6,0.2,69
653000,766,514,47.8,0.0,0.0,16.1,0.0,48
653000,950,427,47.9,0.0,0.0,16.1,0.0,34
653000,521,353,24.1,23.8,0.0,16.0,23.8,9
653000,1360,342,47.9,0.1,0.0,16.1,0.1,33
653000,1501,223,32.8,0.0,0.0,22.5,0.0,47
653000,1539,130,0.0,0.0,0.1,4.5,0.0,19
653000,1480,114,34.0,8.8,0.0,21.2,8.7,32
653000,968,106,40.2,0.1,0.5,20.6,0.1,24
653000,1538,76,0.2,0.1,0.5,6.4,0.0,30
653000,530,74,47.6,0.0,0.0,16.4,0.0,12
653000,1319,48,46.0,0.5,0.0,17.5,0.5,12
653000,1529,30,48.1,0.0,0.0,15.9,0.0,2
653000,1395,23,49.0,0.1,0.0,14.8,0.1,7
654000,1227,781,48.1,0.1,0.0,15.7,0.1,75
654000,766,493,46.1,0.0,0.0,16.4,0.0,72
654000,950,427,47.9,0.0,0.0,16.1,0.0,40
654000,1360,383,47.8,0.0,0.0,16.1,0.0,43
654000,521,317,23.9,24.0,0.0,16.1,23.8,5
654000,1538,292,0.1,0.0,0.3,6.0,0.0,63
654000,1501,250,33.2,0.0,0.0,22.8,0.0,60
654000,1480,184,35.1,7.8,0.0,21.1,7.8,40
654000,1539,165,0.0,0.0,0.0,3.8,0.0,17
654000,968,91,42.6,0.0,0.5,19.1,0.0,20
654000,530,69,47.9,0.0,0.0,16.0,0.0,9
654000,1319,61,48.1,0.3,0.0,15.5,0.3,14
654000,1395,46,48.6,0.1,0.0,15.4,0.1,10
654000,1529,18,48.2,0.0,0.0,15.8,0.0,4
655000,1227,710,48.2,0.1,0.0,15.7,0.1,63
655000,766,528,44.2,0.1,0.0,16.9,0.1,84
655000,1360,398,47.4,0.0,0.0,16.2,0.0,36
655000,1501,375,33.4,0.0,0.1,22.1,0.0,96
655000,950,352,48.2,0.0,0.0,15.7,0.0,30
655000,1538,260,0.0,0.0,0.2,5.6,0.0,43
655000,1480,225,35.3,7.3,0.0,21.2,7.2,46
655000,521,201,24.0,24.0,0.0,16.1,23.9,3
655000,530,90,47.4,0.8,0.0,15.8,0.6,17
655000,1539,90,0.3,0.0,0.1,5.3,0.0,19
655000,968,83,31.1,0.2,0.9,26.6,0.2,26
655000,1319,66,47.4,0.3,0.0,16.3,0.3,12
655000,1395,38,48.0,0.0,0.0,16.0,0.0,5
655000,1529,21,48.6,0.0,0.0,15.4,0.0,6
656000,1227,737,48.0,0.1,0.0,15.8,0.1,55
656000,766,479,45.2,0.1,0.0,16.6,0.1,69
656000,1501,439,32.9,0.0,0.0,22.5,0.0,103
656000,1538,400,0.1,0.1,0.2,5.4,0.0,74
656000,1360,359,47.9,0.0,0.0,16.1,0.0,29
656000,950,330,48.1,0.0,0.0,15.8,0.0,28
656000,521,251,23.9,23.9,0.0,16.0,23.9,5
656000,1480,207,34.9,7.1,0.0,22.0,7.1,39
656000,968,73,31.4,0.0,0.0,31.9,0.0,20
656000,530,67,48.0,0.0,0.0,16.0,0.0,8
656000,1319,39,48.7,0.0,0.0,15.2,0.0,9
656000,1395,26,47.9,0.0,0.0,16.1,0.0,3
656000,1529,11,48.0,0.0,0.0,16.0,0.0,2
657000,1227,720,47.9,0.1,0.0,15.9,0.1,63
657000,521,609,24.5,23.6,0.0,15.8,23.4,28
657000,766,509,44.5,0.1,0.0,16.3,0.1,82
657000,1538,447,0.0,0.1,0.3,5.3,0.0,82
657000,950,381,48.0,0.0,0.0,15.9,0.0,33
657000,1360,363,47.9,0.1,0.0,16.0,0.1,32
657000,530,84,48.1,0.0,0.0,15.9,0.0,8
657000,968,69,30.4,0.0,0.2,33.2,0.0,19
657000,1551,44,31.3,0.0,0.0,22.5,0.0,7
657000,1480,40,33.3,12.0,0.0,18.4,11.7,13
657000,1319,37,47.8,0.0,0.0,16.2,0.0,4
657000,1547,35,47.9,0.0,0.0,16.1,0.0,4
657000,1395,33,48.6,0.0,0.0,15.4,0.0,4
657000,1501,14,34.3,0.0,0.0,20.6,0.0,8
658000,1227,796,48.3,0.1,0.0,15.6,0.1,54
658000,766,586,48.0,0.0,0.0,15.9,0.0,37
658000,1360,539,48.3,0.0,0.0,15.6,0.0,50
658000,521,510,24.0,24.0,0.0,16.0,23.8,11
658000,950,391,47.8,0.0,0.0,16.1,0.0,33
658000,1538,320,0.1,0.0,0.2,4.4,0.0,61
658000,530,75,48.3,0.1,0.0,15.6,0.1,9
658000,1395,50,48.6,0.0,0.0,15.4,0.0,5
658000,1319,46,48.3,0.0,0.0,15.7,0.0,9
658000,1547,25,48.0,0.0,0.0,16.0,0.0,2
658000,968,17,30.6,0.1,0.2,32.4,0.1,9
659000,1227,864,48.1,0.2,0.0,15.7,0.2,64
659000,766,510,48.1,0.0,0.0,15.8,0.0,38
659000,1360,504,48.0,0.0,0.0,15.9,0.0,40
659000,950,470,47.9,0.0,0.0,16.0,0.0,33
659000,521,470,24.0,24.1,0.0,15.9,23.8,12
659000,1538,336,0.0,0.0,0.2,5.5,0.0,77
659000,1553,125,24.3,23.7,0.1,16.0,23.6,7
659000,530,94,48.4,0.0,0.0,15.6,0.0,11
659000,1395,59,47.9,0.0,0.0,15.9,0.0,11
659000,1319,28,48.6,0.0,0.0,15.4,0.0,9
659000,1547,26,47.7,0.0,0.0,16.3,0.0,5
660000,1227,855,48.1,0.2,0.0,15.6,0.2,81
660000,950,598,47.9,0.0,0.0,16.1,0.0,35
660000,766,555,48.0,0.0,0.0,15.9,0.0,40
660000,1360,435,47.8,0.0,0.0,16.1,0.0,39
660000,521,372,24.1,23.9,0.0,16.0,23.7,14
660000,1538,156,0.0,0.0,0.1,4.8,0.0,40
660000,1553,135,24.1,23.9,0.1,15.9,23.7,5
660000,530,97,48.2,0.0,0.0,15.8,0.0,6
660000,1555,88,46.9,0.0,0.0,16.9,0.0,10
660000,1395,33,48.0,0.0,0.0,16.0,0.0,1
660000,1547,29,48.0,0.0,0.0,16.0,0.0,1
660000,1319,14,43.5,0.0,0.0,20.5,0.0,7
661000,1227,922,48.1,0.2,0.0,15.7,0.2,75
661000,950,574,48.0,0.0,0.0,16.0,0.0,40
661000,766,536,47.9,0.0,0.0,15.7,0.0,42
661000,1360,400,47.9,0.1,0.0,16.0,0.1,35
661000,521,335,24.0,24.0,0.0,16.0,23.8,11
661000,530,150,48.4,0.0,0.0,15.5,0.0,18
661000,1538,118,0.0,0.0,0.3,4.6,0.0,36
661000,1553,117,24.2,23.9,0.0,15.9,23.9,2
661000,1555,88,46.3,0.0,0.0,16.9,0.0,11
661000,1395,52,48.4,0.0,0.0,15.6,0.0,5
661000,1547,49,48.0,0.0,0.0,16.0,0.0,3
661000,1319,10,49.0,0.0,0.0,15.0,0.0,4
662000,1227,835,48.1,0.2,0.0,15.7,0.2,75
662000,950,578,48.2,0.0,0.0,15.7,0.0,45
662000,766,549,48.0,0.0,0.0,15.9,0.0,26
662000,1360,367,47.6,0.0,0.0,16.3,0.0,34
662000,521,358,24.2,23.8,0.0,15.9,23.7,9
662000,530,163,48.3,0.2,0.0,15.5,0.2,15
662000,1553,98,24.3,23.8,0.0,15.9,23.8,2
662000,1538,96,0.3,0.2,0.1,5.0,0.0,26
662000,1555,79,47.7,0.0,0.0,16.1,0.0,7
662000,1395,53,48.2,0.0,0.0,15.8,0.0,3
662000,1547,44,48.3,0.0,0.0,15.6,0.0,6
662000,1319,21,47.5,0.2,0.0,15.9,0.2,7
663000,1227,781,48.0,0.2,0.0,15.7,0.2,63
663000,766,650,48.0,0.0,0.0,15.7,0.0,55
663000,950,549,48.1,0.0,0.0,15.9,0.0,46
663000,1360,435,48.3,0.0,0.0,15.7,0.0,41
663000,521,366,24.1,23.9,0.0,16.0,23.7,15
663000,530,225,48.1,0.0,0.0,15.8,0.0,23
663000,1553,89,24.3,24.0,0.0,15.7,23.8,4
663000,1555,56,48.0,0.0,0.0,15.9,0.0,6
663000,1395,52,48.2,0.0,0.0,15.8,0.0,3
663000,1538,28,0.0,0.0,0.3,3.4,0.0,7
663000,1319,17,46.9,0.9,0.0,16.2,0.9,3
664000,1227,698,48.2,0.2,0.0,15.6,0.2,56
664000,950,575,48.3,0.0,0.0,15.7,0.0,32
664000,766,547,48.1,0.0,0.0,15.8,0.0,35
664000,521,520,24.1,23.6,0.1,16.1,23.5,21
664000,1360,464,47.9,0.0,0.0,16.0,0.0,44
664000,1557,445,0.1,0.0,0.2,5.0,0.0,58
664000,530,212,48.4,0.1,0.0,15.5,0.1,22
664000,1555,69,48.0,0.0,0.0,15.7,0.0,10
664000,1395,38,48.9,0.0,0.0,15.1,0.0,8
664000,1319,32,46.9,0.9,0.0,16.2,0.9,6
665000,1227,694,48.2,0.1,0.0,15.7,0.1,48
665000,950,646,48.1,0.0,0.0,15.9,0.0,51
665000,766,576,48.1,0.0,0.0,15.8,0.0,33
665000,521,488,24.2,23.9,0.0,15.9,23.8,13
665000,1360,461,47.9,0.1,0.0,16.1,0.1,42
665000,1557,264,0.1,0.0,0.2,5.1,0.0,34
665000,530,206,48.1,0.3,0.0,15.6,0.2,16
665000,1395,58,48.3,0.0,0.0,15.7,0.0,5
665000,1555,36,48.3,0.0,0.0,15.7,0.0,2
665000,1559,17,0.0,0.0,0.3,4.2,0.0,5
665000,1319,15,48.0,1.2,0.0,14.8,1.2,2
666000,950,687,47.8,0.0,0.0,16.2,0.0,68
666000,1227,662,48.0,0.2,0.0,15.7,0.2,49
666000,766,517,48.2,0.0,0.0,15.8,0.0,30
666000,1360,478,47.9,0.0,0.0,16.0,0.0,49
666000,1557,414,0.0,0.1,0.2,4.6,0.0,60
666000,521,409,24.4,23.8,0.0,15.7,23.7,13
666000,530,211,48.3,0.1,0.1,15.6,0.1,19
666000,1395,44,48.3,0.0,0.0,15.7,0.0,3
666000,1559,40,0.0,0.0,0.4,4.4,0.0,8
666000,1319,28,47.8,1.0,0.0,15.2,1.0,6
666000,1555,17,48.3,0.0,0.0,15.7,0.0,3
667000,950,778,47.7,0.0,0.0,16.3,0.0,59
667000,766,652,48.0,0.0,0.0,15.8,0.0,58
667000,1227,593,48.2,0.3,0.0,15.6,0.3,53
667000,1360,444,47.8,0.1,0.0,16.1,0.1,48
667000,521,387,23.9,24.0,0.0,16.0,23.7,9
667000,1557,371,0.1,0.0,0.1,4.8,0.0,51
667000,530,215,47.8,0.3,0.0,15.9,0.2,20
667000,1555,36,48.8,0.0,0.0,15.2,0.0,6
667000,1395,30,48.4,0.0,0.0,15.6,0.0,3
667000,1559,27,0.0,0.0,0.1,3.6,0.0,7
667000,1319,7,48.1,0.9,0.0,14.1,0.9,2
668000,950,770,47.5,0.1,0.0,16.4,0.0,62
668000,1227,660,47.6,0.3,0.1,16.0,0.3,64
668000,766,632,48.2,0.0,0.0,15.6,0.0,45
668000,1557,468,0.1,0.0,0.3,4.2,0.0,52
668000,521,425,24.1,24.0,0.0,15.9,23.7,15
668000,1360,373,47.7,0.1,0.0,15.9,0.0,36
668000,530,222,48.0,0.1,0.0,15.8,0.1,16
668000,1564,45,45.0,1.7,0.0,17.1,1.3,9
668000,1395,26,47.3,0.0,0.0,16.7,0.0,2
668000,1555,10,48.0,0.0,0.0,16.0,0.0,2
668000,1559,9,0.0,0.6,0.0,4.7,0.0,2
668000,1319,8,48.0,1.0,0.0,15.0,1.0,1
669000,950,814,47.8,0.0,0.0,16.1,0.0,72
669000,1227,638,48.1,0.2,0.0,15.7,0.2,55
669000,766,598,48.0,0.0,0.0,15.8,0.0,45
669000,521,423,24.1,23.9,0.0,15.9,23.8,9
669000,1360,399,48.0,0.1,0.0,15.9,0.1,34
669000,1557,286,0.2,0.0,0.1,4.4,0.0,40
669000,530,220,48.0,0.1,0.0,15.9,0.1,20
669000,1564,55,48.3,0.0,0.0,15.7,0.0,9
669000,1395,36,48.5,0.0,0.0,15.4,0.0,9
669000,1559,19,0.0,0.0,0.2,4.9,0.0,8
669000,1555,12,48.3,0.0,0.0,15.7,0.0,2
669000,1319,10,44.0,1.0,0.0,19.0,1.0,5
670000,950,782,47.7,0.0,0.0,16.3,0.0,74
670000,1227,708,48.0,0.2,0.0,15.8,0.2,47
670000,766,612,48.1,0.0,0.0,15.9,0.0,43
670000,1557,453,0.0,0.0,0.1,4.1,0.0,46
670000,1360,436,48.2,0.0,0.0,15.8,0.0,41
670000,521,410,24.2,23.9,0.0,15.9,23.8,7
670000,530,233,48.2,0.0,0.0,15.8,0.0,17
670000,1564,45,48.0,0.0,0.0,16.0,0.0,2
670000,1559,21,0.0,0.0,0.0,4.0,0.0,4
670000,1395,12,48.2,0.0,0.0,15.8,0.0,2
670000,1555,8,48.4,0.0,0.0,15.6,0.0,2
671000,950,780,47.5,0.0,0.0,16.4,0.0,70
671000,1227,700,47.9,0.1,0.0,15.9,0.1,61
671000,766,569,48.0,0.0,0.0,15.8,0.0,49
671000,521,475,24.1,23.9,0.0,16.0,23.7,11
671000,1360,444,48.3,0.0,0.0,15.7,0.0,39
671000,1557,366,0.0,0.0,0.2,4.6,0.0,54
671000,530,206,48.1,0.3,0.0,15.6,0.3,22
671000,1564,34,48.0,0.0,0.0,16.0,0.0,3
671000,1559,23,0.3,0.0,0.3,5.4,0.0,7
671000,1395,21,48.1,0.1,0.0,15.5,0.1,5
671000,1319,5,48.0,1.0,0.0,15.0,1.0,1
672000,1227,768,48.0,0.2,0.0,15.8,0.2,80
672000,950,752,47.7,0.0,0.0,16.2,0.0,67
672000,766,575,47.7,0.0,0.1,15.8,0.0,43
672000,521,457,24.2,23.9,0.0,15.9,23.5,21
672000,1360,438,48.2,0.0,0.0,15.8,0.0,46
672000,1557,302,0.1,0.0,0.1,5.0,0.0,55
672000,530,189,48.0,0.1,0.0,15.9,0.1,22
672000,1395,21,48.6,0.1,0.0,15.2,0.1,5
672000,1319,13,48.3,1.1,0.0,14.6,1.1,3
672000,1564,12,48.0,0.0,0.0,16.0,0.0,1
672000,1555,6,48.0,0.0,0.0,16.0,0.0,1
673000,950,825,48.2,0.0,0.0,15.8,0.0,60
673000,1227,639,48.0,0.1,0.0,15.8,0.1,57
673000,766,580,48.2,0.0,0.0,15.7,0.0,45
673000,521,464,23.8,24.1,0.0,16.1,23.7,14
673000,1360,442,48.0,0.0,0.0,16.0,0.0,46
673000,1557,382,0.0,0.0,0.1,5.1,0.0,52
673000,530,230,48.5,0.1,0.0,15.5,0.1,23
673000,1395,42,48.6,0.0,0.0,15.3,0.0,7
673000,1319,12,48.4,1.3,0.0,14.2,1.3,4
673000,1564,10,48.0,0.0,0.0,16.0,0.0,1
674000,950,802,48.0,0.0,0.0,16.0,0.0,54
674000,1227,725,48.1,0.1,0.0,15.8,0.1,50
674000,766,510,48.1,0.0,0.0,15.7,0.0,43
674000,1360,464,47.9,0.0,0.0,16.0,0.0,42
674000,521,428,24.0,23.8,0.0,16.0,23.6,16
674000,1557,359,0.0,0.0,0.2,3.9,0.0,44
674000,530,243,48.2,0.0,0.0,15.7,0.0,21
674000,1395,57,48.8,0.0,0.0,15.2,0.0,7
675000,950,749,48.0,0.0,0.0,16.0,0.0,58
675000,1227,727,48.1,0.1,0.0,15.7,0.1,70
675000,766,518,47.5,0.0,0.0,15.7,0.0,50
675000,1557,490,0.2,0.0,0.1,4.0,0.0,52
675000,1360,420,48.1,0.0,0.0,15.9,0.0,44
675000,521,419,24.0,24.1,0.0,15.9,23.7,15
675000,530,315,48.2,0.0,0.0,15.7,0.0,29
675000,1395,59,49.0,0.0,0.0,14.6,0.0,11
676000,950,761,48.0,0.0,0.0,16.0,0.0,54
676000,1227,750,48.1,0.1,0.0,15.8,0.1,68
676000,766,542,47.9,0.0,0.0,15.9,0.0,45
676000,1557,479,0.0,0.0,0.2,4.3,0.0,58
676000,1360,413,48.2,0.0,0.0,15.7,0.0,37
676000,521,398,24.2,23.9,0.0,15.9,23.9,7
676000,530,275,48.3,0.1,0.0,15.6,0.1,31
676000,1395,92,48.9,0.0,0.0,15.1,0.0,10
677000,1227,775,48.1,0.1,0.0,15.7,0.1,62
677000,950,758,47.9,0.0,0.0,16.0,0.0,66
677000,766,536,48.1,0.0,0.0,15.8,0.0,34
677000,1360,431,48.2,0.0,0.0,15.8,0.0,38
677000,521,418,24.0,23.9,0.0,16.1,23.5,17
677000,1557,352,0.1,0.0,0.1,4.5,0.0,45
677000,530,234,48.2,0.0,0.0,15.7,0.0,19
677000,1395,68,48.5,0.0,0.0,15.5,0.0,8
678000,1227,863,48.1,0.1,0.0,15.8,0.1,59
678000,950,757,48.0,0.0,0.0,15.9,0.0,59
678000,1557,621,0.1,0.0,0.1,4.7,0.0,63
678000,766,530,48.0,0.0,0.0,15.9,0.0,41
678000,521,446,24.2,23.9,0.0,15.9,23.6,19
678000,1360,386,48.3,0.0,0.0,15.7,0.0,38
678000,530,193,48.1,0.1,0.0,15.8,0.1,19
678000,1395,43,48.2,0.0,0.0,15.8,0.0,3
679000,950,863,48.2,0.0,0.0,15.8,0.0,59
679000,1227,723,48.0,0.1,0.0,15.9,0.1,51
679000,1557,512,0.0,0.0,0.2,5.3,0.0,71
679000,766,500,48.1,0.0,0.0,15.8,0.0,37
679000,521,429,24.1,23.8,0.0,16.0,23.7,16
679000,1360,369,48.2,0.0,0.0,15.8,0.0,37
679000,530,190,48.4,0.1,0.0,15.6,0.1,19
679000,1395,85,47.9,0.2,0.0,15.8,0.2,13
680000,950,806,48.0,0.0,0.0,15.9,0.0,61
680000,1227,755,48.2,0.0,0.0,15.7,0.0,49
680000,766,472,48.1,0.0,0.0,15.8,0.0,34
680000,521,467,24.1,24.0,0.0,15.9,23.7,15
680000,1557,437,0.1,0.0,0.1,5.7,0.0,54
680000,1360,426,48.0,0.0,0.0,16.0,0.0,46
680000,530,238,48.1,0.0,0.0,15.8,0.0,18
680000,1395,41,48.4,0.0,0.0,15.6,0.0,3
681000,1227,799,48.2,0.1,0.0,15.7,0.1,56
681000,950,785,48.0,0.0,0.0,16.0,0.0,48
681000,766,524,48.1,0.0,0.0,15.8,0.0,31
681000,521,443,24.2,23.9,0.1,15.9,23.6,17
681000,1360,426,48.5,0.0,0.0,15.5,0.0,43
681000,1557,397,0.0,0.0,0.1,5.3,0.0,59
681000,530,265,48.2,0.3,0.0,15.5,0.1,24
681000,1395,22,48.2,0.0,0.0,15.8,0.0,6
682000,950,867,48.0,0.0,0.0,16.0,0.0,63
682000,1227,715,48.1,0.1,0.0,15.8,0.1,57
682000,766,533,48.0,0.0,0.0,15.8,0.0,41
682000,521,476,24.0,24.1,0.0,15.9,23.9,10
682000,1360,383,47.4,0.0,0.0,16.5,0.0,51
682000,1557,264,0.0,0.0,0.0,4.5,0.0,25
682000,530,239,48.2,0.0,0.0,15.7,0.0,33
682000,1395,23,48.0,0.0,0.0,16.0,0.0,2
683000,950,939,47.8,0.0,0.0,16.2,0.0,80
683000,1227,639,48.1,0.2,0.0,15.7,0.2,52
683000,766,587,48.0,0.0,0.0,15.9,0.0,43
683000,521,447,23.8,24.1,0.0,16.0,23.7,8
683000,1557,332,0.1,0.0,0.1,4.0,0.0,36
683000,1360,303,48.1,0.0,0.0,15.9,0.0,27
683000,530,270,48.2,0.0,0.0,15.7,0.0,22
683000,1395,26,48.6,0.0,0.0,15.4,0.0,2
684000,950,941,47.9,0.0,0.0,16.0,0.0,64
684000,1227,639,48.0,0.2,0.0,15.8,0.2,49
684000,766,626,48.0,0.0,0.0,16.0,0.0,38
684000,521,416,24.2,23.8,0.0,16.0,23.6,14
684000,1557,318,0.2,0.0,0.1,4.0,0.0,30
684000,1360,297,48.2,0.0,0.0,15.8,0.0,35
684000,530,278,48.2,0.0,0.0,15.8,0.0,23
684000,1395,33,48.8,0.0,0.0,15.2,0.0,4
685000,950,867,47.9,0.0,0.0,16.0,0.0,60
685000,1227,768,48.2,0.2,0.0,15.6,0.2,60
685000,766,565,48.2,0.0,0.0,15.7,0.0,47
685000,521,425,24.0,24.0,0.0,16.0,23.7,13
685000,1557,328,0.0,0.0,0.1,4.1,0.0,36
685000,530,288,48.2,0.1,0.0,15.6,0.1,29
685000,1360,254,48.2,0.0,0.0,15.8,0.0,25
685000,1395,28,48.0,0.0,0.0,16.0,0.0,1
686000,1227,914,47.9,0.2,0.0,15.8,0.2,78
686000,950,864,48.0,0.0,0.0,16.0,0.0,72
686000,766,520,47.9,0.1,0.0,15.8,0.1,50
686000,521,349,24.0,24.0,0.0,15.9,23.9,7
686000,1557,287,0.1,0.0,0.1,5.1,0.0,43
686000,1360,275,47.9,0.0,0.0,16.1,0.0,28
686000,530,233,48.0,0.1,0.0,15.9,0.1,22
686000,1395,28,48.3,0.0,0.0,15.7,0.0,4
686000,1577,16,48.7,0.0,0.0,15.3,0.0,5
687000,1227,931,48.1,0.2,0.0,15.7,0.2,79
687000,950,876,48.1,0.0,0.0,15.9,0.0,76
687000,766,528,48.0,0.0,0.0,15.8,0.0,45
687000,521,400,23.9,23.9,0.0,16.1,23.9,7
687000,1557,252,0.0,0.0,0.2,4.3,0.0,30
687000,530,247,47.9,0.1,0.0,15.9,0.1,26
687000,1360,198,48.3,0.0,0.0,15.6,0.0,16
687000,1395,36,47.4,0.0,0.0,16.6,0.0,2
687000,1577,22,48.8,0.0,0.0,15.2,0.0,5
688000,950,886,48.1,0.0,0.0,15.9,0.0,67
688000,1227,819,48.1,0.2,0.0,15.6,0.2,81
688000,766,586,48.0,0.0,0.0,15.7,0.0,56
688000,521,412,24.0,24.0,0.0,16.0,23.8,11
688000,530,243,48.2,0.1,0.0,15.7,0.1,25
688000,1360,205,48.2,0.1,0.0,15.7,0.1,17
688000,1557,126,0.3,0.2,0.4,6.0,0.0,30
688000,1577,36,48.5,0.0,0.0,15.5,0.0,3
688000,1395,26,48.4,0.0,0.0,15.6,0.0,4
689000,950,896,48.1,0.0,0.0,15.9,0.0,55
689000,1227,805,48.1,0.1,0.0,15.7,0.1,51
689000,766,620,48.1,0.0,0.0,15.8,0.0,50
689000,521,460,23.9,24.1,0.0,16.0,23.8,9
689000,1360,220,48.2,0.0,0.0,15.8,0.0,18
689000,530,220,48.2,0.1,0.0,15.6,0.1,21
689000,1557,153,0.1,0.0,0.1,6.0,0.0,27
689000,1577,42,48.8,0.0,0.0,15.2,0.0,4
689000,1395,6,48.0,0.0,0.0,16.0,0.0,1
690000,950,950,48.0,0.0,0.0,16.0,0.0,73
690000,1227,742,48.1,0.1,0.0,15.7,0.1,59
690000,766,605,48.0,0.0,0.0,15.9,0.0,38
690000,521,473,24.0,24.0,0.0,15.9,23.7,15
690000,1557,216,0.0,0.0,0.1,6.0,0.0,45
690000,1360,207,48.3,0.0,0.0,15.7,0.0,24
690000,530,179,48.3,0.1,0.0,15.7,0.1,26
690000,1577,41,48.8,0.0,0.3,14.9,0.0,8
691000,950,896,48.0,0.0,0.0,16.0,0.0,62
691000,766,632,48.2,0.0,0.0,15.7,0.0,48
691000,1227,507,48.2,0.1,0.0,15.7,0.1,44
691000,521,449,24.1,23.9,0.0,16.0,23.8,11
691000,1557,272,0.3,0.0,0.1,5.5,0.0,42
691000,530,248,48.1,0.0,0.0,15.8,0.0,17
691000,1360,169,48.3,0.0,0.0,15.7,0.0,19
691000,1577,37,48.4,0.0,0.0,15.6,0.0,5
692000,950,896,47.9,0.0,0.0,16.1,0.0,66
692000,766,608,48.2,0.0,0.0,15.7,0.0,49
692000,521,475,24.0,24.0,0.0,16.0,23.8,13
692000,1227,468,48.1,0.2,0.0,15.8,0.2,41
692000,530,249,48.2,0.1,0.0,15.6,0.1,21
692000,1360,183,48.3,0.0,0.0,15.7,0.0,28
692000,1557,169,0.0,0.1,0.0,5.0,0.0,29
692000,1577,53,48.3,0.0,0.0,15.7,0.0,6
693000,950,894,48.1,0.0,0.0,15.9,0.0,62
693000,1227,746,48.1,0.1,0.0,15.8,0.1,46
693000,766,634,48.2,0.0,0.0,15.8,0.0,48
693000,521,498,24.1,24.0,0.0,15.8,23.8,13
693000,530,261,48.2,0.0,0.0,15.7,0.0,30
693000,1360,211,48.3,0.0,0.0,15.7,0.0,25
693000,1557,137,0.1,0.0,0.3,4.6,0.0,24
694000,950,926,47.7,0.0,0.0,16.2,0.0,62
694000,766,664,48.1,0.0,0.0,15.8,0.0,44
694000,1227,656,48.1,0.1,0.0,15.8,0.1,36
694000,521,473,24.0,24.0,0.0,16.0,23.7,19
694000,530,245,48.1,0.3,0.0,15.6,0.1,30
694000,1557,211,0.7,0.0,0.0,4.2,0.0,27
694000,1360,205,48.3,0.0,0.0,15.7,0.0,17
695000,950,919,48.0,0.0,0.0,16.0,0.0,61
695000,766,701,48.2,0.0,0.0,15.7,0.0,64
695000,521,449,24.1,23.9,0.0,15.9,23.8,9
695000,1227,367,48.4,0.1,0.0,15.4,0.1,45
695000,530,254,48.1,0.2,0.0,15.7,0.0,31
695000,1360,182,48.0,0.0,0.0,15.8,0.0,25
695000,1557,176,0.1,0.0,0.2,3.6,0.0,18
696000,950,964,48.0,0.0,0.0,16.0,0.0,69
696000,766,723,48.0,0.0,0.0,15.7,0.0,55
696000,521,408,24.4,23.8,0.0,15.9,23.7,14
696000,1227,358,48.4,0.1,0.0,15.5,0.1,34
696000,530,239,47.9,0.1,0.0,15.9,0.1,32
696000,1360,180,47.9,0.0,0.0,16.0,0.0,22
696000,1557,116,0.2,0.0,0.0,3.0,0.0,14
697000,950,1009,48.1,0.0,0.0,15.9,0.0,64
697000,766,649,48.2,0.0,0.0,15.7,0.0,54
697000,521,475,24.1,23.9,0.0,16.0,23.7,12
697000,1227,287,48.2,0.1,0.0,15.7,0.1,23
697000,530,252,48.0,0.2,0.0,15.9,0.2,25
697000,1360,183,48.0,0.0,0.0,16.0,0.0,18
697000,1557,124,0.0,0.0,0.0,3.0,0.0,15
698000,950,932,48.2,0.0,0.0,15.8,0.0,66
698000,766,680,47.9,0.0,0.0,15.8,0.0,56
698000,1227,612,48.2,0.2,0.0,15.7,0.1,54
698000,521,442,24.2,23.9,0.0,15.9,23.8,11
698000,530,241,48.2,0.0,0.0,15.8,0.0,16
698000,1360,204,48.4,0.0,0.0,15.6,0.0,24
698000,1557,121,0.1,0.0,0.1,3.0,0.0,15
698000,1597,106,0.0,0.0,0.1,7.1,0.0,27
698000,1598,26,48.6,0.0,0.0,15.4,0.0,4
699000,950,982,48.0,0.0,0.0,15.9,0.0,71
699000,766,625,48.1,0.0,0.0,15.8,0.0,48
699000,521,458,24.0,24.0,0.0,16.0,23.8,14
699000,1227,392,48.3,0.1,0.0,15.6,0.1,32
699000,1557,257,0.1,0.0,0.1,4.0,0.0,26
699000,1360,240,47.8,0.0,0.0,16.2,0.0,21
699000,530,234,48.1,0.1,0.0,15.8,0.1,24
699000,1597,140,0.0,0.0,0.1,5.7,0.0,27
699000,1599,129,47.9,0.1,0.0,16.0,0.1,12
699000,1598,29,48.1,0.0,0.0,15.9,0.0,3
700000,950,979,48.0,0.0,0.0,16.0,0.0,75
700000,766,641,47.7,0.0,0.0,15.9,0.0,61
700000,521,419,24.1,24.0,0.0,15.9,23.8,11
700000,1227,305,48.2,0.1,0.0,15.6,0.1,25
700000,1557,290,0.0,0.0,0.1,5.5,0.0,42
700000,530,276,48.0,0.3,0.0,15.7,0.1,30
700000,1360,227,47.9,0.1,0.0,16.0,0.1,24
700000,1599,155,47.9,0.1,0.0,16.0,0.1,10
700000,1597,84,0.4,0.0,0.1,8.5,0.0,27
700000,1598,24,48.4,0.0,0.0,15.6,0.0,5
701000,950,1029,48.1,0.0,0.0,15.8,0.0,65
701000,766,597,48.2,0.0,0.0,15.7,0.0,60
701000,1227,453,48.3,0.1,0.0,15.7,0.1,36
701000,521,446,23.9,24.0,0.0,16.0,23.9,5
701000,1557,348,0.0,0.0,0.0,3.9,0.0,35
701000,530,296,48.3,0.3,0.0,15.4,0.3,30
701000,1360,219,48.2,0.0,0.0,15.8,0.0,20
701000,1599,154,48.1,0.1,0.0,15.8,0.1,11
701000,1597,92,0.0,0.0,0.4,7.2,0.0,31
701000,1598,9,48.1,0.0,0.0,15.9,0.0,2
702000,950,1093,48.0,0.0,0.0,15.9,0.0,81
702000,766,585,48.2,0.0,0.0,15.6,0.0,57
702000,521,438,24.3,23.8,0.0,15.9,23.7,15
702000,1227,416,48.3,0.1,0.0,15.6,0.1,41
702000,530,296,48.3,0.0,0.0,15.5,0.0,26
702000,1557,233,0.0,0.0,0.0,4.5,0.0,31
702000,1599,210,48.0,0.1,0.0,15.9,0.1,10
702000,1360,200,47.9,0.0,0.0,16.1,0.0,19
702000,1604,33,25.1,23.2,0.0,15.8,22.6,5
702000,1598,15,48.6,0.0,0.0,15.4,0.0,4
703000,950,1147,47.8,0.0,0.0,16.0,0.0,91
703000,766,600,47.9,0.0,0.0,15.9,0.0,47
703000,521,380,24.0,23.9,0.0,16.1,23.8,14
703000,530,297,48.0,0.3,0.0,15.6,0.2,30
703000,1599,226,47.9,0.1,0.0,15.9,0.1,14
703000,1360,215,47.8,0.0,0.0,16.2,0.0,19
703000,1227,165,48.2,0.1,0.0,15.7,0.1,18
703000,1557,165,0.0,0.0,0.0,3.4,0.0,19
703000,1604,30,24.0,24.0,0.0,16.0,24.0,1
703000,1598,15,47.5,0.0,0.0,16.5,0.0,2
704000,950,1154,48.0,0.0,0.0,15.9,0.0,80
704000,766,653,48.0,0.0,0.0,15.9,0.0,45
704000,521,405,24.0,24.0,0.0,16.0,23.8,6
704000,530,317,48.3,0.0,0.0,15.7,0.0,28
704000,1599,237,47.9,0.1,0.0,16.0,0.1,15
704000,1360,194,47.8,0.0,0.0,16.1,0.0,13
704000,1557,145,0.0,0.0,0.1,3.4,0.0,16
704000,1227,125,48.4,0.1,0.0,15.5,0.1,16
704000,1604,29,23.7,23.5,0.0,16.1,23.2,3
705000,950,1234,48.0,0.0,0.0,15.9,0.0,93
705000,766,678,48.0,0.0,0.0,15.7,0.0,56
705000,521,406,23.9,24.0,0.0,16.0,23.8,10
705000,530,296,48.2,0.1,0.0,15.7,0.1,30
705000,1599,197,47.9,0.2,0.0,15.9,0.2,12
705000,1557,170,0.1,0.0,0.0,3.6,0.0,15
705000,1227,150,48.2,0.2,0.0,15.6,0.2,16
705000,1360,142,47.2,0.0,0.0,15.9,0.0,21
705000,1604,20,23.7,24.0,0.0,16.3,23.7,2
706000,950,1242,48.0,0.0,0.0,15.9,0.0,97
706000,766,692,48.1,0.0,0.0,15.7,0.0,56
706000,521,394,24.1,23.9,0.0,15.9,23.8,12
706000,530,315,48.4,0.1,0.0,15.5,0.1,37
706000,1557,218,0.0,0.0,0.0,4.8,0.0,29
706000,1599,210,48.0,0.3,0.0,15.7,0.2,14
706000,1227,154,48.2,0.0,0.0,15.8,0.0,13
706000,1360,121,47.5,0.1,0.0,16.2,0.0,17
706000,1604,25,24.0,24.0,0.0,16.0,24.0,1
706000,1608,24,0.0,0.0,0.0,5.4,0.0,10
707000,950,1252,47.8,0.0,0.0,15.9,0.0,96
707000,766,706,48.0,0.0,0.0,15.9,0.0,49
707000,530,330,48.1,0.1,0.0,15.8,0.1,30
707000,1599,235,48.0,0.1,0.0,15.8,0.1,19
707000,521,229,24.1,24.0,0.0,15.9,23.9,7
707000,1557,145,0.1,0.0,0.1,6.0,0.0,26
707000,1227,124,48.0,0.0,0.0,15.8,0.0,15
707000,1360,96,48.4,0.0,0.0,15.6,0.0,11
707000,1609,89,48.1,0.1,0.0,15.9,0.1,10
707000,1604,23,24.0,24.0,0.0,16.0,24.0,1
708000,950,1298,47.9,0.0,0.0,16.0,0.0,91
708000,766,705,48.0,0.0,0.0,15.7,0.0,52
708000,521,459,23.9,24.1,0.0,16.0,23.7,16
708000,530,327,48.2,0.1,0.0,15.7,0.1,38
708000,1599,180,47.9,0.2,0.0,15.8,0.2,18
708000,1609,151,48.3,0.2,0.0,15.5,0.2,17
708000,1557,129,0.0,0.0,0.0,3.6,0.0,13
708000,1227,68,48.3,0.1,0.0,15.4,0.1,9
708000,1360,49,48.2,0.0,0.0,15.7,0.0,6
709000,950,1384,47.8,0.0,0.0,16.0,0.0,96
709000,766,637,48.1,0.0,0.0,15.7,0.0,53
709000,521,411,24.1,23.8,0.0,16.0,23.5,19
709000,530,305,48.2,0.0,0.0,15.8,0.0,28
709000,1599,231,47.9,0.2,0.0,15.9,0.2,17
709000,1609,129,48.2,0.1,0.0,15.7,0.1,10
709000,1557,104,0.0,0.0,0.0,3.7,0.0,11
709000,1360,62,47.8,0.0,0.0,16.2,0.0,7
709000,1227,50,48.1,0.0,0.0,15.9,0.0,4
710000,950,1324,47.7,0.0,0.0,15.9,0.0,91
710000,766,750,47.9,0.1,0.0,15.9,0.1,58
710000,521,330,24.0,24.0,0.0,16.0,23.8,8
710000,530,279,48.1,0.1,0.0,15.8,0.1,36
710000,1599,225,47.9,0.1,0.0,15.9,0.1,15
710000,1609,159,48.1,0.1,0.0,15.8,0.1,16
710000,1557,76,0.0,0.0,0.0,3.0,0.0,10
710000,1360,51,48.3,0.0,0.0,15.7,0.0,6
710000,1227,14,48.5,0.0,0.0,15.5,0.0,3
711000,950,1227,47.9,0.0,0.0,16.0,0.0,83
711000,766,741,48.0,0.0,0.0,15.8,0.0,53
711000,521,457,24.3,23.8,0.0,15.9,23.7,16
711000,530,344,48.2,0.2,0.0,15.5,0.2,37
711000,1599,228,47.8,0.2,0.0,15.9,0.1,13
711000,1609,144,48.2,0.2,0.0,15.5,0.2,11
711000,1360,80,48.2,0.0,0.0,15.8,0.0,11
711000,1557,11,0.0,0.0,0.0,4.1,0.0,4
712000,950,1324,47.9,0.0,0.0,16.0,0.0,77
712000,766,738,48.0,0.0,0.0,15.8,0.0,56
712000,521,477,23.9,24.1,0.0,16.0,23.7,14
712000,530,308,48.0,0.2,0.0,15.7,0.1,23
712000,1599,260,48.0,0.2,0.0,15.8,0.2,19
712000,1609,110,48.0,0.4,0.0,15.6,0.4,11
712000,1360,71,48.1,0.2,0.0,15.7,0.2,10
712000,1557,10,0.0,0.0,0.0,3.4,0.0,3
712000,1619,8,48.0,0.0,0.0,16.0,0.0,1
713000,950,1382,47.9,0.0,0.0,16.0,0.0,74
713000,766,698,48.0,0.1,0.0,15.8,0.1,67
713000,521,440,24.0,24.0,0.0,16.0,23.6,17
713000,530,293,48.1,0.3,0.0,15.7,0.2,30
713000,1599,278,48.0,0.2,0.0,15.8,0.2,15
713000,1620,176,0.0,0.0,0.0,5.4,0.0,31
713000,1609,101,48.1,0.1,0.0,15.6,0.1,12
713000,1360,74,47.1,0.1,0.0,16.8,0.1,12
713000,1619,7,48.0,0.0,0.0,16.0,0.0,1
714000,950,1372,47.7,0.0,0.0,16.0,0.0,81
714000,766,763,48.1,0.0,0.0,15.7,0.0,52
714000,521,423,24.0,24.0,0.0,16.0,23.8,11
714000,1599,289,47.8,0.2,0.0,15.9,0.2,24
714000,530,248,48.0,0.1,0.0,15.9,0.1,22
714000,1620,141,0.2,0.0,0.0,6.0,0.0,31
714000,1609,95,48.2,0.1,0.0,15.7,0.1,10
714000,1360,64,47.2,0.0,0.0,16.7,0.0,8
715000,950,1376,48.0,0.0,0.0,15.9,0.0,82
715000,766,693,47.9,0.1,0.0,15.7,0.1,61
715000,1599,447,48.1,0.1,0.0,15.8,0.1,23
715000,521,444,23.9,24.0,0.0,16.1,23.8,11
715000,530,271,48.4,0.1,0.0,15.5,0.1,32
715000,1620,60,0.1,0.0,0.1,5.7,0.0,13
715000,1360,58,46.8,0.0,0.0,17.0,0.0,7
716000,950,1359,47.9,0.0,0.0,15.9,0.0,82
716000,766,701,48.1,0.1,0.0,15.8,0.1,56
716000,521,436,24.0,24.0,0.0,15.9,23.7,11
716000,1599,278,47.8,0.2,0.0,16.0,0.2,22
716000,530,253,48.3,0.0,0.0,15.7,0.0,24
716000,1620,114,0.3,0.0,0.4,6.2,0.0,23
716000,1360,104,48.0,0.0,0.0,16.0,0.0,10
716000,1624,6,0.0,0.0,0.0,3.3,0.0,5
717000,950,1420,47.9,0.0,0.0,15.9,0.0,85
717000,766,657,48.0,0.0,0.0,15.9,0.0,36
717000,521,485,24.0,23.9,0.0,16.1,23.6,20
717000,530,248,48.3,0.0,0.0,15.7,0.0,23
717000,1599,247,48.0,0.0,0.0,16.0,0.0,9
717000,1620,103,0.0,0.0,0.0,4.7,0.0,15
717000,1360,78,48.2,0.0,0.0,15.8,0.0,13
718000,950,1361,47.9,0.0,0.0,16.0,0.0,78
718000,766,702,48.0,0.1,0.0,15.7,0.1,56
718000,1599,449,48.1,0.2,0.0,15.7,0.2,38
718000,521,402,24.0,24.0,0.0,16.0,23.7,14
718000,530,301,48.1,0.1,0.0,15.8,0.1,30
718000,1360,89,47.0,0.0,0.0,16.7,0.0,13
718000,1620,84,0.0,0.1,0.0,2.6,0.0,10
719000,950,1337,48.0,0.0,0.0,15.9,0.0,77
719000,766,646,48.2,0.0,0.0,15.7,0.0,42
719000,521,428,24.0,24.0,0.0,16.0,23.6,15
719000,1599,270,48.2,0.1,0.0,15.7,0.1,24
719000,530,234,48.1,0.1,0.0,15.8,0.1,21
719000,1360,131,48.1,0.0,0.0,15.9,0.0,12
719000,1620,40,0.0,0.0,0.0,4.6,0.0,11
720000,950,1319,47.9,0.0,0.0,15.9,0.0,72
720000,766,680,45.6,0.0,0.0,15.8,0.0,83
720000,521,471,24.3,23.7,0.0,16.0,23.6,21
720000,530,233,48.2,0.0,0.0,15.8,0.0,21
720000,1599,194,48.1,0.1,0.0,15.8,0.1,15
720000,1360,158,48.0,0.0,0.0,16.0,0.0,16
720000,1620,37,0.1,0.0,0.1,5.1,0.0,11
721000,950,1381,47.9,0.0,0.0,15.9,0.0,84
721000,766,654,48.2,0.0,0.0,15.8,0.0,45
721000,521,426,24.0,24.1,0.0,15.9,23.8,12
721000,530,238,48.0,0.2,0.0,15.8,0.1,20
721000,1599,218,48.1,0.2,0.0,15.6,0.2,19
721000,1360,150,47.9,0.0,0.0,16.1,0.0,13
722000,950,1367,47.9,0.0,0.0,15.9,0.0,82
722000,766,646,48.1,0.0,0.0,15.7,0.0,44
722000,521,381,24.0,24.1,0.0,15.9,23.8,16
722000,1599,306,48.1,0.1,0.0,15.7,0.1,26
722000,530,195,48.3,0.0,0.0,15.7,0.0,20
722000,1360,160,48.0,0.0,0.0,16.0,0.0,14
722000,1627,92,0.1,0.0,0.0,3.6,0.0,16
722000,1628,6,49.0,0.0,0.0,15.0,0.0,1
723000,950,1342,48.0,0.0,0.0,15.9,0.0,68
723000,766,668,47.8,0.0,0.0,15.8,0.0,53
723000,521,393,23.9,24.1,0.0,15.9,23.9,7
723000,1599,242,48.3,0.2,0.0,15.5,0.2,20
723000,1629,242,48.1,0.2,0.0,15.6,0.2,16
723000,530,157,47.9,0.1,0.0,16.0,0.1,14
723000,1360,156,47.9,0.0,0.0,16.1,0.0,16
723000,1627,42,0.0,0.0,0.2,4.6,0.0,13
723000,1628,19,49.3,0.0,0.0,14.7,0.0,3
724000,950,1376,48.3,0.0,0.0,15.6,0.0,80
724000,766,714,48.0,0.0,0.0,15.9,0.0,52
724000,521,420,23.9,24.1,0.0,16.0,23.9,7
724000,1599,208,48.1,0.2,0.0,15.7,0.2,17
724000,1629,203,48.4,0.1,0.0,15.4,0.1,24
724000,1360,147,47.5,0.0,0.0,16.5,0.0,15
724000,530,126,48.3,0.0,0.0,15.7,0.0,12
724000,1627,39,0.0,0.0,0.0,3.8,0.0,9
724000,1630,29,48.0,0.3,0.0,15.5,0.3,4
725000,950,1257,48.1,0.0,0.0,15.8,0.0,71
725000,766,729,47.9,0.0,0.0,15.9,0.0,45
725000,521,449,24.0,23.9,0.0,16.0,23.7,11
725000,1599,231,48.3,0.1,0.0,15.5,0.1,17
725000,530,200,48.3,0.1,0.0,15.6,0.1,16
725000,1629,177,48.1,0.3,0.0,15.6,0.3,20
725000,1360,135,48.1,0.0,0.0,15.9,0.0,16
725000,1627,69,0.0,0.0,0.1,3.6,0.0,11
726000,950,1244,48.0,0.0,0.0,15.8,0.0,81
726000,766,854,47.9,0.0,0.0,15.9,0.0,60
726000,521,391,23.8,24.1,0.0,16.1,23.7,16
726000,1599,278,48.1,0.1,0.0,15.7,0.1,20
726000,1627,198,0.0,0.0,0.1,4.8,0.0,29
726000,530,170,48.1,0.0,0.0,15.8,0.0,12
726000,1629,150,48.0,0.1,0.0,15.8,0.1,12
726000,1360,111,47.9,0.0,0.0,16.0,0.0,9
727000,950,1229,47.8,0.0,0.0,16.0,0.0,65
727000,766,782,48.1,0.0,0.0,15.7,0.0,48
727000,521,409,24.1,24.0,0.0,15.9,23.9,7
727000,1627,254,0.1,0.0,0.2,4.9,0.0,37
727000,1599,235,48.2,0.1,0.0,15.7,0.1,16
727000,530,197,47.8,0.1,0.0,16.1,0.0,19
727000,1629,165,47.9,0.2,0.0,15.9,0.2,12
727000,1360,163,47.9,0.1,0.0,16.0,0.1,19
727000,1631,59,24.4,23.8,0.0,15.7,23.8,3
728000,950,1249,47.9,0.1,0.0,15.8,0.0,78
728000,766,787,48.1,0.0,0.0,15.8,0.0,54
728000,521,420,24.0,24.1,0.0,15.9,23.8,11
728000,1629,226,48.0,0.2,0.0,15.7,0.2,18
728000,1599,211,48.3,0.2,0.0,15.5,0.2,21
728000,530,148,48.3,0.0,0.0,15.7,0.0,10
728000,1627,136,0.5,0.0,0.4,5.6,0.0,34
728000,1360,120,48.1,0.0,0.0,15.9,0.0,12
729000,950,1247,47.9,0.0,0.0,15.8,0.0,86
729000,766,725,48.2,0.0,0.0,15.7,0.0,52
729000,521,434,23.9,24.0,0.0,16.0,23.9,6
729000,1629,236,47.9,0.2,0.0,15.8,0.2,16
729000,530,198,47.8,0.2,0.0,15.8,0.1,21
729000,1599,198,48.1,0.2,0.0,15.7,0.2,17
729000,1360,137,47.9,0.0,0.0,16.0,0.0,17
729000,1627,83,0.3,0.0,0.3,7.8,0.0,26
730000,950,1234,48.0,0.0,0.0,15.8,0.0,74
730000,766,877,48.2,0.0,0.0,15.7,0.0,53
730000,521,451,24.0,23.9,0.0,16.0,23.9,12
730000,1629,212,47.8,0.1,0.0,16.2,0.1,11
730000,1599,172,48.1,0.1,0.0,15.7,0.1,18
730000,530,162,48.2,0.0,0.0,15.8,0.0,14
730000,1360,128,47.9,0.1,0.0,16.0,0.1,17
730000,1627,61,0.0,0.0,0.0,5.7,0.0,12
731000,950,1200,47.7,0.0,0.0,16.0,0.0,72
731000,766,862,48.1,0.0,0.0,15.7,0.0,63
731000,521,435,24.0,24.0,0.0,16.0,23.8,11
731000,1599,253,48.3,0.0,0.0,15.7,0.0,23
731000,1629,184,48.2,0.1,0.0,15.7,0.1,13
731000,1360,139,47.9,0.0,0.0,16.1,0.0,13
731000,530,111,48.3,0.0,0.0,15.7,0.0,17
731000,1627,35,0.2,0.2,0.3,7.2,0.0,15
732000,950,1234,47.7,0.0,0.0,15.9,0.0,91
732000,766,816,48.0,0.0,0.0,15.8,0.0,64
732000,521,400,23.9,24.1,0.0,16.0,23.8,15
732000,1599,275,48.0,0.1,0.0,15.8,0.1,26
732000,1629,221,47.8,0.1,0.0,16.0,0.1,14
732000,530,193,48.3,0.1,0.0,15.6,0.1,17
732000,1360,146,48.3,0.0,0.0,15.7,0.0,11
732000,1627,18,0.0,0.0,0.0,3.8,0.0,8
732000,1635,12,0.0,0.0,0.0,2.7,0.0,2
733000,950,1299,48.0,0.0,0.0,15.9,0.0,97
733000,766,736,48.0,0.0,0.0,15.8,0.0,58
733000,521,366,24.0,24.0,0.0,16.0,23.9,9
733000,1629,252,47.9,0.2,0.0,15.9,0.2,20
733000,530,239,48.1,0.0,0.0,15.9,0.0,25
733000,1599,208,48.2,0.1,0.0,15.7,0.1,19
733000,1635,187,0.2,0.0,0.0,3.4,0.0,19
733000,1360,154,48.2,0.0,0.0,15.7,0.0,12
733000,1627,15,0.0,0.0,0.0,4.1,0.0,6
734000,950,1241,47.7,0.0,0.0,15.9,0.0,92
734000,766,747,48.2,0.0,0.0,15.7,0.0,55
734000,521,367,23.9,23.9,0.0,16.1,23.8,13
734000,1599,232,48.3,0.0,0.0,15.7,0.0,19
734000,530,225,48.2,0.0,0.0,15.7,0.0,17
734000,1629,224,48.0,0.3,0.0,15.6,0.3,18
734000,1638,120,0.3,0.0,0.5,6.2,0.0,23
734000,1635,111,0.1,0.0,0.0,3.4,0.0,14
734000,1360,108,48.0,0.0,0.0,16.0,0.0,12
735000,950,1299,47.9,0.0,0.0,16.0,0.0,69
735000,766,813,47.7,0.0,0.0,15.8,0.0,63
735000,521,408,24.0,24.0,0.0,16.0,23.7,9
735000,1599,232,48.0,0.0,0.0,15.9,0.0,15
735000,1629,206,48.3,0.2,0.0,15.5,0.2,13
735000,530,194,48.3,0.0,0.0,15.6,0.0,24
735000,1360,143,48.0,0.1,0.0,15.9,0.1,18
735000,1638,66,0.0,0.1,0.1,5.0,0.0,13
735000,1635,33,0.0,0.0,0.0,3.2,0.0,4
736000,950,1262,47.6,0.1,0.0,16.1,0.0,98
736000,766,733,48.0,0.0,0.0,15.9,0.0,44
736000,521,439,24.0,24.0,0.0,16.0,23.8,10
736000,530,261,48.2,0.1,0.0,15.7,0.1,25
736000,1599,205,48.3,0.1,0.0,15.5,0.1,22
736000,1629,187,48.0,0.3,0.0,15.6,0.3,15
736000,1360,130,48.0,0.0,0.0,16.0,0.0,16
736000,1638,95,0.0,0.4,0.1,5.7,0.0,16
736000,1635,41,0.2,0.0,0.2,4.7,0.0,9
737000,950,1197,47.8,0.0,0.0,15.9,0.0,88
737000,766,762,48.1,0.0,0.0,15.6,0.0,52
737000,521,440,24.1,24.0,0.0,15.9,23.6,16
737000,1599,271,48.2,0.1,0.0,15.7,0.1,17
737000,530,267,48.2,0.1,0.0,15.6,0.1,29
737000,1629,226,48.0,0.2,0.0,15.8,0.2,18
737000,1360,141,47.6,0.1,0.0,16.3,0.1,16
737000,1638,72,0.2,0.0,0.2,4.8,0.0,16
737000,1635,6,0.2,0.0,0.0,4.3,0.0,4
738000,950,1196,47.8,0.0,0.0,15.9,0.0,77
738000,766,814,48.0,0.0,0.0,15.8,0.0,48
738000,521,448,24.0,23.9,0.0,16.1,23.5,20
738000,530,241,48.1,0.2,0.0,15.6,0.1,22
738000,1599,240,48.4,0.0,0.0,15.6,0.0,17
738000,1629,222,48.0,0.1,0.0,15.9,0.1,14
738000,1360,132,47.5,0.1,0.0,16.2,0.1,15
738000,1638,123,0.5,0.2,0.3,8.0,0.1,36
739000,950,1336,47.9,0.0,0.0,15.9,0.0,87
739000,766,691,48.1,0.0,0.0,15.7,0.0,53
739000,521,447,23.9,24.1,0.0,16.0,23.9,12
739000,1599,271,48.2,0.0,0.0,15.7,0.0,20
739000,530,257,47.9,0.0,0.0,16.0,0.0,22
739000,1629,154,47.7,0.2,0.0,16.1,0.0,4
739000,1360,123,48.1,0.1,0.0,15.8,0.1,11
739000,1638,37,0.0,0.0,0.0,5.0,0.0,6
740000,950,1420,47.6,0.0,0.0,16.0,0.0,96
740000,766,634,48.2,0.0,0.0,15.7,0.0,53
740000,521,361,24.0,24.0,0.0,16.0,23.8,11
740000,530,276,48.2,0.1,0.0,15.7,0.1,25
740000,1599,251,48.0,0.0,0.0,15.9,0.0,12
740000,1360,124,48.4,0.0,0.0,15.6,0.0,15
740000,1629,120,47.8,0.1,0.0,16.1,0.1,5
740000,1638,85,0.1,0.2,0.2,6.0,0.0,23
741000,950,1382,47.9,0.0,0.0,15.9,0.0,83
741000,766,716,48.1,0.0,0.0,15.8,0.0,57
741000,521,340,24.0,24.0,0.0,16.0,23.9,7
741000,530,291,48.1,0.2,0.0,15.7,0.1,20
741000,1599,239,48.0,0.0,0.0,15.9,0.0,19
741000,1360,144,48.4,0.1,0.0,15.6,0.1,12
741000,1629,123,47.9,0.0,0.0,16.0,0.0,7
741000,1638,69,0.0,0.0,0.0,4.4,0.0,9
742000,950,1425,47.9,0.0,0.0,15.9,0.0,93
742000,766,611,48.1,0.0,0.0,15.8,0.0,36
742000,530,331,48.1,0.2,0.0,15.7,0.2,29
742000,521,293,23.9,24.0,0.0,16.1,23.7,9
742000,1599,219,48.4,0.0,0.0,15.6,0.0,18
742000,1360,143,47.9,0.0,0.0,16.1,0.0,14
742000,1638,138,0.2,0.0,0.0,3.6,0.0,16
742000,1629,110,48.3,0.1,0.0,15.5,0.1,10
743000,950,1320,47.1,0.1,0.0,16.0,0.0,91
743000,766,741,48.0,0.1,0.0,15.8,0.1,66
743000,530,358,47.9,0.3,0.0,15.7,0.2,32
743000,521,346,24.1,24.0,0.0,15.9,23.8,9
743000,1599,187,48.2,0.0,0.0,15.7,0.0,13
743000,1360,128,48.3,0.0,0.0,15.6,0.0,16
743000,1638,68,0.1,0.0,0.1,5.2,0.0,18
743000,1629,39,46.8,0.8,0.0,16.4,0.3,5
744000,950,1505,47.7,0.1,0.0,15.9,0.0,108
744000,766,689,48.1,0.0,0.0,15.8,0.0,50
744000,521,397,23.9,23.9,0.0,16.1,23.7,15
744000,530,322,48.2,0.1,0.0,15.7,0.1,27
744000,1599,238,48.1,0.0,0.0,15.8,0.0,14
744000,1360,103,48.2,0.1,0.0,15.7,0.1,12
744000,1638,78,0.0,0.0,0.0,7.4,0.0,14
744000,1629,31,48.1,0.1,0.0,15.8,0.1,4
745000,950,1347,47.9,0.0,0.0,15.9,0.0,90
745000,766,745,48.2,0.0,0.0,15.7,0.0,49
745000,521,419,23.8,24.0,0.0,16.1,23.8,8
745000,1599,260,48.2,0.0,0.0,15.8,0.0,16
745000,1638,211,0.1,0.0,0.3,8.8,0.0,42
745000,530,165,48.0,0.1,0.0,15.9,0.1,10
745000,1360,101,48.0,0.0,0.0,15.5,0.0,19
745000,1629,16,47.9,0.8,0.0,15.4,0.8,2
746000,950,1435,47.7,0.0,0.0,15.9,0.0,87
746000,766,732,48.1,0.0,0.0,15.8,0.0,48
746000,521,362,23.9,24.0,0.0,16.0,23.9,8
746000,530,314,47.9,0.1,0.0,15.8,0.1,29
746000,1599,280,48.2,0.0,0.0,15.7,0.0,19
746000,1360,59,47.9,0.0,0.0,16.1,0.0,5
746000,1629,11,48.0,0.0,0.0,16.0,0.0,1
747000,950,1443,47.7,0.0,0.0,16.0,0.0,89
747000,766,717,47.5,0.0,0.0,15.8,0.0,50
747000,1599,309,48.0,0.1,0.0,15.8,0.1,24
747000,530,299,47.9,0.2,0.0,15.9,0.1,25
747000,521,284,24.2,23.9,0.0,15.9,23.7,11
747000,1360,61,48.0,0.0,0.0,16.0,0.0,7
747000,1629,26,48.1,0.1,0.0,15.8,0.1,2
748000,950,1425,47.6,0.0,0.0,16.1,0.0,93
748000,766,754,47.9,0.0,0.0,15.7,0.0,59
748000,1599,313,48.0,0.1,0.0,15.8,0.1,21
748000,521,306,24.0,24.0,0.0,16.0,23.9,8
748000,530,297,48.2,0.2,0.0,15.7,0.2,31
748000,1360,79,48.1,0.0,0.0,15.9,0.0,15
748000,1629,18,46.0,0.1,0.0,16.8,0.1,5
749000,950,1397,47.7,0.0,0.0,16.0,0.0,92
749000,766,747,48.1,0.0,0.0,15.7,0.0,46
749000,1599,334,48.2,0.1,0.0,15.8,0.1,20
749000,521,291,24.0,23.9,0.0,16.0,23.8,8
749000,530,268,48.1,0.0,0.0,15.8,0.0,26
749000,1360,94,48.2,0.0,0.0,15.8,0.0,8
749000,1654,62,24.0,24.0,0.0,16.0,24.0,1
749000,1629,20,47.9,0.3,0.0,15.6,0.3,5
750000,950,1425,47.9,0.0,0.0,15.9,0.0,86
750000,766,623,48.0,0.0,0.0,15.8,0.0,43
750000,1599,401,48.1,0.1,0.0,15.8,0.1,29
750000,521,299,24.1,24.0,0.0,15.9,23.9,8
750000,530,267,48.1,0.1,0.0,15.7,0.1,29
750000,1360,126,48.4,0.0,0.0,15.6,0.0,17
750000,1654,54,23.8,24.0,0.0,16.1,23.0,4
750000,1629,12,46.8,0.0,0.0,16.5,0.0,3
751000,950,1289,47.9,0.0,0.0,15.9,0.0,75
751000,766,655,48.2,0.0,0.0,15.7,0.0,40
751000,1599,392,48.3,0.0,0.0,15.6,0.0,27
751000,530,327,47.9,0.3,0.0,15.8,0.2,32
751000,521,319,23.9,24.2,0.0,16.0,23.8,10
751000,1360,131,47.9,0.1,0.0,16.0,0.1,16
751000,1654,25,23.2,24.4,0.0,16.4,23.1,4
751000,1629,15,48.0,0.0,0.0,16.0,0.0,3
752000,950,1411,47.7,0.0,0.0,15.9,0.0,115
752000,766,637,48.0,0.0,0.0,15.7,0.0,46
752000,1599,376,48.2,0.1,0.0,15.6,0.1,34
752000,530,296,48.0,0.3,0.0,15.7,0.2,28
752000,521,295,24.2,23.7,0.0,16.0,23.5,13
752000,1360,106,48.3,0.0,0.0,15.7,0.0,12
752000,1654,27,22.6,24.8,0.0,16.5,22.3,6
753000,950,1376,47.9,0.0,0.0,15.8,0.0,85
753000,766,633,48.1,0.0,0.0,15.7,0.0,53
753000,521,418,24.1,24.0,0.0,15.9,23.9,10
753000,1599,369,48.2,0.0,0.0,15.8,0.0,25
753000,530,273,48.3,0.1,0.0,15.6,0.1,23
753000,1360,116,48.1,0.0,0.0,15.9,0.0,18
754000,950,1323,47.6,0.0,0.0,15.8,0.0,86
754000,766,703,48.1,0.0,0.0,15.8,0.0,54
754000,1599,452,48.4,0.1,0.0,15.5,0.1,38
754000,521,360,24.0,24.0,0.0,16.0,23.7,14
754000,530,270,48.4,0.0,0.0,15.6,0.0,20
754000,1360,91,48.3,0.1,0.0,15.7,0.1,13
754000,1661,31,48.3,0.0,0.0,15.6,0.0,5
755000,950,1352,45.1,0.4,0.1,16.4,0.3,142
755000,766,656,48.1,0.1,0.0,15.7,0.1,55
755000,1599,462,48.3,0.0,0.0,15.7,0.0,33
755000,521,382,23.9,24.1,0.0,16.0,23.8,10
755000,530,247,47.7,0.4,0.0,15.8,0.3,33
755000,1360,97,48.3,0.0,0.0,15.7,0.0,14
756000,950,1301,47.4,0.0,0.0,16.0,0.0,94
756000,766,705,47.9,0.0,0.0,15.7,0.0,54
756000,1599,462,48.3,0.1,0.0,15.6,0.1,37
756000,521,292,24.0,23.9,0.0,16.1,23.8,7
756000,530,287,48.1,0.1,0.0,15.8,0.1,22
756000,1360,71,47.6,0.0,0.0,16.4,0.0,9
757000,950,1241,47.8,0.0,0.0,15.9,0.0,82
757000,766,738,48.0,0.0,0.0,15.7,0.0,49
757000,1599,480,48.1,0.1,0.0,15.8,0.1,25
757000,521,370,24.0,24.1,0.0,15.9,23.8,11
757000,530,309,48.2,0.2,0.0,15.6,0.1,31
757000,1360,74,47.2,0.1,0.0,16.7,0.1,9
757000,1664,13,47.6,0.0,0.0,16.4,0.0,2
758000,950,1208,47.2,0.0,0.0,16.0,0.0,84
758000,766,734,48.0,0.1,0.0,15.8,0.0,62
758000,1599,509,48.1,0.0,0.0,15.8,0.0,36
758000,530,321,48.0,0.1,0.0,15.9,0.1,28
758000,521,313,24.1,23.9,0.0,16.0,23.8,9
758000,1360,86,48.2,0.0,0.0,15.8,0.0,9
758000,1667,22,23.8,24.9,0.0,15.3,23.8,2
758000,1664,9,48.1,0.0,0.0,15.9,0.0,2
759000,950,1301,47.8,0.0,0.0,15.9,0.0,80
759000,766,747,48.0,0.0,0.0,15.8,0.0,43
759000,1599,449,48.3,0.0,0.0,15.6,0.0,33
759000,521,372,24.0,24.0,0.0,16.0,23.8,10
759000,530,286,48.1,0.2,0.0,15.7,0.2,26
759000,1360,74,48.1,0.1,0.0,15.8,0.1,6
759000,1667,28,24.0,24.0,0.0,16.0,24.0,1
760000,950,1340,47.6,0.0,0.0,16.0,0.0,89
760000,766,806,48.2,0.0,0.0,15.7,0.0,55
760000,1599,423,48.2,0.0,0.0,15.8,0.0,24
760000,521,400,23.8,24.1,0.0,16.1,23.7,11
760000,530,275,48.1,0.1,0.0,15.7,0.1,25
760000,1360,62,48.1,0.0,0.0,15.9,0.0,4
761000,950,1455,47.8,0.0,0.0,16.0,0.0,83
761000,766,758,48.0,0.0,0.0,15.7,0.0,52
761000,521,415,23.9,24.1,0.0,16.0,23.8,14
761000,1599,307,48.2,0.0,0.0,15.6,0.0,19
761000,530,212,48.2,0.1,0.0,15.7,0.1,16
761000,1360,93,48.1,0.1,0.0,15.9,0.1,9
762000,950,1439,47.9,0.0,0.0,15.8,0.0,84
762000,766,730,48.2,0.0,0.0,15.6,0.0,43
762000,521,423,24.1,23.8,0.0,15.9,23.7,14
762000,1599,336,48.3,0.0,0.0,15.6,0.0,26
762000,530,221,47.9,0.1,0.0,16.1,0.1,22
762000,1360,89,47.7,0.0,0.0,16.3,0.0,7
763000,950,1489,47.6,0.0,0.0,16.0,0.0,102
763000,766,738,48.0,0.0,0.0,15.8,0.0,54
763000,1599,412,48.1,0.1,0.0,15.7,0.1,35
763000,521,395,24.1,23.9,0.0,16.0,23.8,9
763000,530,222,48.1,0.0,0.0,15.8,0.0,23
763000,1360,92,48.0,0.0,0.0,16.0,0.0,10
764000,950,1373,47.7,0.0,0.0,16.0,0.0,90
764000,766,708,48.2,0.0,0.0,15.6,0.0,61
764000,521,395,24.0,24.0,0.0,16.0,23.9,7
764000,1599,320,48.2,0.0,0.0,15.8,0.0,22
764000,530,306,47.7,0.4,0.0,15.8,0.3,35
764000,1360,81,47.9,0.0,0.0,16.1,0.0,9
765000,950,1459,47.7,0.0,0.0,15.9,0.0,84
765000,766,705,48.0,0.0,0.0,15.8,0.0,57
765000,521,387,23.9,24.0,0.0,16.0,23.8,11
765000,1599,329,48.0,0.1,0.0,15.9,0.1,22
765000,530,238,48.0,0.1,0.0,15.8,0.1,21
765000,1360,54,48.2,0.0,0.0,15.8,0.0,4
766000,950,1388,48.0,0.0,0.1,15.8,0.0,70
766000,766,752,48.0,0.0,0.0,15.7,0.0,54
766000,1599,421,48.1,0.0,0.0,15.9,0.0,27
766000,521,387,24.1,23.9,0.0,15.9,23.8,8
766000,530,282,48.3,0.0,0.0,15.6,0.0,20
766000,1360,63,48.0,0.1,0.0,15.9,0.1,9
767000,950,1413,47.6,0.0,0.0,16.0,0.0,84
767000,766,768,48.0,0.0,0.0,15.8,0.0,49
767000,1599,446,47.9,0.1,0.0,16.0,0.1,30
767000,521,374,24.1,23.9,0.0,15.9,23.7,14
767000,530,259,48.0,0.2,0.0,15.8,0.0,19
767000,1360,53,48.1,0.0,0.0,15.9,0.0,6
768000,950,1471,47.8,0.0,0.0,15.9,0.0,110
768000,766,769,48.0,0.0,0.0,15.8,0.0,57
768000,521,405,24.1,23.9,0.0,15.9,23.9,10
768000,1599,291,47.9,0.1,0.0,15.9,0.1,22
768000,530,178,47.9,0.0,0.0,15.8,0.0,18
768000,1360,38,47.1,0.0,0.0,16.0,0.0,4
769000,950,1351,47.8,0.0,0.0,15.9,0.0,82
769000,766,785,48.2,0.0,0.0,15.7,0.0,51
769000,521,406,23.9,24.1,0.0,16.0,23.8,9
769000,1599,370,48.1,0.1,0.0,15.8,0.1,25
769000,530,239,48.1,0.1,0.0,15.9,0.1,23
769000,1360,39,48.1,0.0,0.0,15.9,0.0,2
770000,950,1374,47.7,0.0,0.0,16.0,0.0,86
770000,766,775,48.1,0.0,0.0,15.7,0.0,58
770000,521,406,24.0,24.0,0.0,16.0,23.8,9
770000,1599,401,48.3,0.1,0.0,15.5,0.1,35
770000,530,193,48.1,0.1,0.0,15.7,0.1,19
770000,1360,60,48.3,0.0,0.0,15.7,0.0,7
771000,950,1346,47.8,0.0,0.0,15.9,0.0,81
771000,766,725,48.1,0.0,0.0,15.7,0.0,59
771000,1599,473,48.0,0.1,0.0,15.9,0.1,32
771000,521,364,24.0,24.1,0.0,15.9,23.9,6
771000,530,209,47.8,0.1,0.0,16.1,0.1,19
771000,1360,74,48.0,0.0,0.0,16.0,0.0,9
772000,950,1456,47.6,0.0,0.0,16.1,0.0,91
772000,766,666,48.1,0.0,0.0,15.7,0.0,45
772000,1599,452,48.1,0.0,0.0,15.8,0.0,26
772000,521,389,24.0,24.0,0.0,16.0,23.8,12
772000,530,207,48.2,0.1,0.0,15.7,0.1,24
772000,1360,54,48.1,0.0,0.0,15.9,0.0,6
772000,1684,41,48.0,0.0,0.0,15.9,0.0,4
773000,950,1437,47.1,0.1,0.0,16.5,0.0,136
773000,766,718,48.2,0.0,0.0,15.7,0.0,50
773000,1599,458,47.9,0.0,0.0,16.0,0.0,36
773000,521,414,23.8,24.1,0.0,16.0,23.8,17
773000,530,234,41.2,0.1,0.0,16.1,0.0,44
773000,1360,47,48.2,0.0,0.0,15.8,0.0,5
774000,950,1512,47.8,0.0,0.0,16.0,0.0,108
774000,766,645,48.2,0.0,0.0,15.8,0.0,44
774000,521,428,24.0,24.0,0.0,16.0,23.7,16
774000,1599,395,48.3,0.0,0.0,15.6,0.0,38
774000,530,156,48.0,0.0,0.0,15.9,0.0,21
774000,1360,51,47.9,0.1,0.0,16.0,0.1,7
775000,950,1505,47.4,0.0,0.0,16.1,0.0,103
775000,766,636,48.0,0.0,0.0,15.8,0.0,50
775000,521,399,24.0,24.0,0.0,15.9,23.7,15
775000,1599,375,48.1,0.0,0.0,15.7,0.0,33
775000,530,201,47.6,0.1,0.0,16.2,0.1,24
775000,1360,51,48.2,0.0,0.0,15.8,0.0,8
776000,950,1513,47.6,0.0,0.0,16.1,0.0,106
776000,766,663,47.7,0.0,0.0,15.7,0.0,55
776000,521,372,24.0,24.0,0.0,15.9,23.8,9
776000,1599,370,48.1,0.1,0.0,15.7,0.1,35
776000,530,197,48.0,0.1,0.0,15.9,0.1,23
776000,1360,60,47.0,0.2,0.0,16.9,0.1,7
777000,950,1525,47.7,0.0,0.0,16.1,0.0,100
777000,766,666,48.1,0.0,0.0,15.8,0.0,46
777000,521,417,24.2,23.9,0.0,15.9,23.8,14
777000,1599,337,48.3,0.0,0.0,15.7,0.0,24
777000,530,189,47.3,0.6,0.0,15.9,0.4,22
777000,1360,39,47.3,0.2,0.0,16.6,0.1,7
778000,950,1553,47.3,0.0,0.0,16.1,0.0,115
778000,766,655,48.0,0.0,0.0,15.7,0.0,55
778000,521,378,24.0,23.9,0.0,16.1,23.7,12
778000,1599,361,48.2,0.0,0.0,15.8,0.0,22
778000,530,174,47.9,0.2,0.0,15.9,0.1,19
778000,1690,90,48.3,0.2,0.0,15.5,0.2,11
778000,1360,38,47.7,0.2,0.0,16.1,0.2,6
779000,950,1622,47.3,0.1,0.0,16.3,0.0,132
779000,766,677,47.9,0.0,0.0,15.9,0.0,48
779000,521,339,24.1,23.9,0.0,16.0,23.7,9
779000,1599,333,48.1,0.1,0.0,15.8,0.1,24
779000,530,191,47.5,0.2,0.0,16.2,0.2,27
779000,1690,67,48.3,0.5,0.0,15.2,0.5,11
779000,1360,27,47.1,0.2,0.0,16.7,0.2,3
780000,950,1669,47.0,0.0,0.0,16.4,0.0,136
780000,766,739,47.1,0.0,0.0,15.8,0.0,63
780000,521,360,23.8,24.1,0.0,16.1,23.8,8
780000,1599,285,48.0,0.0,0.0,15.8,0.0,24
780000,530,168,46.8,0.2,0.0,16.9,0.2,17
780000,1690,52,48.2,0.0,0.0,15.8,0.0,4
780000,1360,20,47.8,0.0,0.0,16.1,0.0,5
781000,950,1646,47.1,0.1,0.0,16.3,0.0,130
781000,766,722,47.8,0.0,0.0,16.0,0.0,59
781000,521,383,23.9,24.2,0.0,15.9,23.6,13
781000,1599,272,48.2,0.0,0.0,15.7,0.0,18
781000,530,228,45.4,0.9,0.0,17.2,0.7,32
781000,1690,45,48.4,0.0,0.0,15.5,0.0,8
781000,1360,17,48.1,0.0,0.0,15.9,0.0,3
782000,950,1570,48.0,0.0,0.0,15.9,0.0,89
782000,766,710,48.1,0.0,0.0,15.7,0.0,44
782000,521,468,23.8,24.1,0.0,16.1,23.7,18
782000,530,218,48.2,0.2,0.0,15.5,0.2,21
782000,1599,205,48.2,0.0,0.0,15.7,0.0,13
782000,1690,87,48.3,0.1,0.0,15.6,0.1,7
782000,1360,19,48.7,0.0,0.0,15.3,0.0,4
783000,950,1511,48.0,0.0,0.0,15.8,0.0,90
783000,766,738,48.1,0.0,0.0,15.7,0.0,50
783000,521,423,24.0,24.0,0.0,16.0,23.9,8
783000,1599,273,48.2,0.0,0.0,15.7,0.0,23
783000,530,245,48.2,0.0,0.0,15.8,0.0,20
783000,1690,113,48.3,0.1,0.0,15.6,0.1,7
783000,1360,36,48.4,0.0,0.0,15.6,0.0,3
784000,950,1393,48.0,0.0,0.0,15.9,0.0,81
784000,766,683,48.2,0.0,0.0,15.7,0.0,52
784000,521,446,23.9,24.0,0.0,16.1,23.7,14
784000,1599,296,48.3,0.1,0.0,15.6,0.1,24
784000,530,241,48.1,0.0,0.0,15.8,0.0,20
784000,1690,168,48.1,0.2,0.0,15.7,0.2,18
784000,1360,29,48.0,0.0,0.0,16.0,0.0,2
785000,950,1471,47.9,0.0,0.0,15.9,0.0,84
785000,766,715,48.1,0.0,0.0,15.8,0.0,42
785000,521,401,23.9,24.1,0.0,16.0,23.8,13
785000,1599,261,48.1,0.0,0.0,15.8,0.0,17
785000,530,224,48.1,0.1,0.0,15.8,0.1,21
785000,1690,140,48.2,0.0,0.0,15.7,0.0,13
785000,1360,39,47.9,0.0,0.0,16.1,0.0,5
786000,950,1486,47.7,0.0,0.0,16.0,0.0,106
786000,766,707,48.3,0.0,0.0,15.6,0.0,53
786000,521,441,24.2,23.8,0.0,15.9,23.7,12
786000,1599,241,48.2,0.1,0.0,15.7,0.1,19
786000,530,212,48.2,0.1,0.0,15.7,0.1,22
786000,1690,138,48.3,0.1,0.0,15.6,0.1,16
786000,1360,37,47.5,0.2,0.0,15.9,0.2,6
786000,1698,10,48.0,0.0,0.0,16.0,0.0,1
787000,950,1555,47.9,0.0,0.0,15.9,0.0,111
787000,766,771,48.0,0.0,0.0,15.7,0.0,60
787000,521,427,23.9,24.0,0.0,16.0,23.7,17
787000,1599,261,48.1,0.0,0.0,15.9,0.0,22
787000,530,172,48.2,0.1,0.0,15.7,0.1,21
787000,1690,104,48.3,0.0,0.0,15.6,0.0,12
787000,1360,16,48.8,0.0,0.0,15.2,0.0,4
787000,1698,9,48.2,0.0,0.0,15.8,0.0,2
788000,950,1465,47.9,0.0,0.0,16.0,0.0,86
788000,766,778,48.2,0.0,0.0,15.7,0.0,45
788000,521,422,23.9,24.0,0.0,16.1,23.8,11
788000,1599,290,48.2,0.0,0.0,15.8,0.0,24
788000,530,180,47.9,0.2,0.0,15.9,0.1,19
788000,1690,109,48.1,0.1,0.0,15.8,0.1,11
788000,1360,11,48.5,0.0,0.0,15.5,0.0,2
788000,1698,6,48.0,0.0,0.0,16.0,0.0,1
789000,950,1519,48.0,0.0,0.0,15.8,0.0,93
789000,766,706,48.0,0.0,0.0,15.8,0.0,53
789000,521,432,23.9,24.1,0.0,16.0,23.7,12
789000,1599,338,48.2,0.0,0.0,15.7,0.0,22
789000,530,155,48.1,0.0,0.0,15.8,0.0,12
789000,1690,126,48.0,0.0,0.0,15.8,0.0,13
789000,1360,18,47.5,0.0,0.0,16.5,0.0,4
789000,1698,5,48.0,0.0,0.0,16.0,0.0,1
790000,950,1482,47.9,0.0,0.0,15.8,0.0,102
790000,766,714,48.1,0.0,0.0,15.8,0.0,47
790000,1599,503,48.1,0.1,0.0,15.8,0.1,32
790000,521,407,24.1,24.0,0.0,15.9,23.8,13
790000,530,170,48.0,0.0,0.0,15.9,0.0,11
790000,1360,49,48.0,0.0,0.0,16.0,0.0,6
791000,950,1374,48.0,0.0,0.0,15.9,0.0,76
791000,766,681,48.1,0.0,0.0,15.7,0.0,47
791000,1599,492,48.2,0.1,0.0,15.7,0.1,47
791000,521,403,24.1,24.1,0.0,15.8,23.7,14
791000,530,216,48.1,0.0,0.0,15.7,0.0,20
791000,1360,79,47.7,0.0,0.0,16.3,0.0,5
792000,950,1464,47.9,0.0,0.0,15.9,0.0,84
792000,766,676,48.0,0.0,0.0,15.8,0.0,48
792000,1599,491,48.2,0.0,0.0,15.7,0.0,33
792000,521,368,23.9,24.0,0.0,16.0,23.8,11
792000,530,219,48.0,0.1,0.0,15.9,0.0,20
792000,1360,77,47.9,0.0,0.0,16.1,0.0,5
793000,950,1497,47.8,0.0,0.0,16.0,0.0,99
793000,766,679,48.2,0.0,0.0,15.6,0.0,43
793000,1599,462,48.1,0.0,0.0,15.9,0.0,26
793000,521,404,24.0,24.0,0.0,15.9,23.8,13
793000,530,179,48.1,0.1,0.0,15.7,0.1,20
793000,1360,69,48.3,0.1,0.1,15.6,0.1,9
794000,950,1362,47.8,0.0,0.0,15.8,0.0,94
794000,766,675,47.9,0.0,0.0,15.7,0.0,54
794000,1599,584,48.1,0.1,0.0,15.8,0.1,47
794000,521,377,24.0,24.1,0.0,15.9,23.9,8
794000,530,167,48.2,0.1,0.0,15.6,0.1,18
794000,1360,85,48.0,0.0,0.0,16.0,0.0,7
795000,950,1469,47.7,0.0,0.0,16.0,0.0,104
795000,766,644,48.3,0.0,0.0,15.5,0.0,51
795000,1599,442,48.2,0.0,0.0,15.8,0.0,30
795000,521,339,24.0,24.0,0.0,16.0,23.9,7
795000,530,139,48.1,0.1,0.0,15.8,0.1,12
795000,1360,85,47.9,0.0,0.0,16.1,0.0,13
796000,950,1389,47.7,0.0,0.0,16.0,0.0,105
796000,766,636,48.2,0.0,0.0,15.6,0.0,49
796000,1599,505,48.2,0.0,0.0,15.8,0.0,23
796000,521,320,24.1,24.0,0.0,15.9,23.9,8
796000,530,167,47.9,0.1,0.0,16.0,0.1,21
796000,1360,93,48.0,0.0,0.0,16.0,0.0,10
797000,950,1482,48.0,0.0,0.0,15.8,0.0,115
797000,766,644,48.0,0.0,0.0,15.7,0.0,50
797000,1599,464,48.0,0.0,0.0,15.9,0.0,47
797000,521,328,24.0,23.9,0.0,16.0,23.6,16
797000,530,123,48.0,0.2,0.0,15.8,0.1,14
797000,1360,106,47.9,0.0,0.0,16.1,0.0,13
798000,950,1573,47.8,0.0,0.0,16.0,0.0,107
798000,766,615,48.1,0.0,0.0,15.6,0.0,46
798000,1599,448,48.2,0.0,0.0,15.8,0.0,34
798000,521,333,24.1,23.9,0.0,16.0,23.8,9
798000,530,135,47.7,0.0,0.0,16.1,0.0,17
798000,1360,83,48.0,0.0,0.0,15.9,0.0,6
799000,950,1498,48.0,0.0,0.0,15.9,0.0,83
799000,766,658,48.1,0.0,0.0,15.7,0.0,51
799000,1599,441,48.1,0.0,0.0,15.9,0.0,26
799000,521,341,24.3,23.9,0.0,15.8,23.7,11
799000,530,121,48.4,0.2,0.0,15.5,0.2,13
799000,1360,82,47.5,0.1,0.0,16.1,0.1,12
799000,1705,31,48.2,0.0,0.0,15.8,0.0,3
800000,950,1508,48.0,0.0,0.0,15.9,0.0,90
800000,766,663,48.1,0.0,0.0,15.8,0.0,46
800000,1599,436,48.3,0.0,0.0,15.7,0.0,22
800000,521,415,24.3,23.9,0.0,15.8,23.8,11
800000,530,102,48.4,0.2,0.0,15.5,0.2,17
800000,1360,51,48.6,0.1,0.0,15.2,0.1,10
800000,1705,36,48.3,0.2,0.0,15.4,0.2,4
801000,950,1486,47.7,0.0,0.0,16.0,0.0,100
801000,766,652,48.1,0.0,0.0,15.7,0.0,47
801000,1599,457,48.1,0.0,0.0,15.8,0.0,37
801000,521,331,24.0,23.9,0.0,16.0,23.5,13
801000,530,80,47.8,0.3,0.0,15.8,0.2,13
801000,1360,49,48.0,0.0,0.0,16.0,0.0,3
801000,1705,34,47.7,0.0,0.0,15.8,0.0,2
802000,950,1527,47.8,0.0,0.0,16.0,0.0,104
802000,766,670,48.0,0.0,0.0,15.8,0.0,40
802000,1599,424,48.2,0.1,0.0,15.7,0.1,31
802000,521,307,24.0,23.8,0.0,16.1,23.8,9
802000,530,84,48.2,0.1,0.0,15.6,0.1,13
802000,1705,69,48.8,0.0,0.0,15.2,0.0,11
802000,1360,67,48.4,0.0,0.0,15.5,0.0,9
803000,950,1543,47.8,0.0,0.0,15.8,0.0,115
803000,766,670,48.2,0.0,0.0,15.7,0.0,48
803000,1599,420,48.2,0.0,0.0,15.7,0.0,34
803000,521,328,24.1,23.9,0.0,16.0,23.8,11
803000,530,96,47.9,0.0,0.0,16.0,0.0,16
803000,1360,56,48.0,0.0,0.0,16.0,0.0,2
803000,1705,54,48.2,0.0,0.0,15.8,0.0,5
804000,950,1501,48.0,0.0,0.0,15.8,0.0,95
804000,766,776,48.1,0.0,0.0,15.7,0.0,53
804000,1599,409,48.1,0.1,0.0,15.8,0.1,33
804000,521,294,24.0,24.0,0.0,16.0,23.8,4
804000,530,91,48.2,0.0,0.0,15.8,0.0,7
804000,1360,79,48.0,0.1,0.0,15.8,0.1,8
804000,1705,48,48.3,0.0,0.0,15.7,0.0,5
805000,950,1487,48.0,0.0,0.0,15.8,0.0,93
805000,766,572,48.1,0.0,0.0,15.8,0.0,37
805000,1599,410,48.0,0.1,0.0,15.8,0.1,26
805000,521,279,24.1,24.0,0.0,15.9,23.9,8
805000,1711,132,24.0,24.0,0.0,16.0,24.0,3
805000,530,123,48.3,0.1,0.0,15.6,0.1,11
805000,1360,117,47.9,0.1,0.0,16.0,0.1,10
805000,1705,72,48.4,0.0,0.0,15.5,0.0,9
806000,950,1515,47.7,0.0,0.0,15.9,0.0,120
806000,766,588,48.0,0.0,0.0,15.7,0.0,38
806000,1599,448,48.1,0.0,0.0,15.8,0.0,30
806000,521,250,23.7,24.0,0.0,16.2,23.5,12
806000,530,120,47.8,0.1,0.0,16.0,0.1,10
806000,1711,102,24.1,23.9,0.0,16.0,23.9,4
806000,1360,100,47.7,0.0,0.0,16.3,0.0,12
806000,1705,70,47.8,0.2,0.0,15.9,0.2,8
807000,950,1488,47.8,0.1,0.0,16.0,0.0,108
807000,766,669,48.0,0.0,0.0,15.8,0.0,41
807000,1599,477,48.2,0.1,0.0,15.7,0.1,34
807000,521,307,24.0,24.0,0.0,16.0,23.9,8
807000,530,110,48.1,0.0,0.0,15.9,0.0,8
807000,1705,110,48.2,0.0,0.0,15.8,0.0,11
807000,1711,97,24.0,24.0,0.0,16.0,24.0,1
807000,1360,81,48.1,0.0,0.0,15.9,0.0,4
808000,950,1430,47.9,0.0,0.0,16.0,0.0,102
808000,766,619,48.0,0.0,0.0,15.7,0.0,41
808000,1599,535,48.2,0.1,0.0,15.7,0.1,38
808000,521,310,23.9,23.8,0.0,16.2,23.7,11
808000,1705,137,48.5,0.1,0.0,15.4,0.1,16
808000,1360,90,48.2,0.0,0.0,15.8,0.0,9
808000,530,80,48.0,0.1,0.0,15.9,0.1,12
808000,1711,77,24.2,23.8,0.1,15.9,23.8,2
809000,950,1480,47.7,0.0,0.0,15.8,0.0,104
809000,766,678,48.1,0.0,0.0,15.7,0.0,41
809000,1599,453,48.3,0.1,0.0,15.6,0.1,31
809000,521,406,24.0,23.9,0.0,16.1,23.8,13
809000,1705,91,48.3,0.3,0.0,15.5,0.3,7
809000,530,88,48.4,0.1,0.0,15.4,0.1,10
809000,1360,85,48.1,0.0,0.0,15.9,0.0,3
810000,950,1371,47.8,0.0,0.0,16.0,0.0,93
810000,766,658,48.2,0.0,0.0,15.7,0.0,46
810000,1599,490,48.2,0.0,0.0,15.7,0.0,33
810000,521,387,24.0,24.1,0.0,15.9,23.9,10
810000,1705,99,47.9,0.2,0.0,15.7,0.2,12
810000,1360,79,47.5,0.1,0.0,16.5,0.1,7
810000,530,74,47.6,0.2,0.0,16.2,0.1,12
811000,950,1392,48.0,0.0,0.0,15.9,0.0,89
811000,766,740,48.1,0.0,0.0,15.6,0.0,56
811000,1599,434,48.2,0.0,0.0,15.8,0.0,31
811000,521,415,24.1,24.0,0.0,15.9,23.7,11
811000,530,92,48.2,0.2,0.0,15.6,0.2,11
811000,1360,80,48.4,0.0,0.0,15.6,0.0,7
811000,1705,71,48.1,0.0,0.0,15.9,0.0,8
812000,950,1402,47.9,0.0,0.0,15.8,0.0,89
812000,766,761,48.1,0.0,0.0,15.7,0.0,43
812000,1599,414,48.2,0.0,0.0,15.8,0.0,27
812000,521,391,24.0,23.9,0.0,16.0,23.8,9
812000,530,91,48.2,0.0,0.0,15.8,0.0,10
812000,1360,77,47.9,0.0,0.0,16.1,0.0,5
812000,1705,64,48.4,0.0,0.0,15.2,0.0,9
813000,950,1264,47.9,0.0,0.0,15.8,0.0,100
813000,766,803,48.2,0.0,0.0,15.6,0.0,56
813000,1599,506,48.3,0.0,0.0,15.7,0.0,37
813000,521,451,24.1,24.0,0.0,15.9,23.8,13
813000,530,89,48.2,0.0,0.0,15.8,0.0,7
813000,1360,78,47.8,0.0,0.0,16.2,0.0,8
813000,1705,69,47.7,0.0,0.0,15.9,0.0,6
814000,950,1354,48.1,0.0,0.0,15.8,0.0,78
814000,766,766,48.1,0.0,0.0,15.7,0.0,56
814000,1599,496,48.3,0.0,0.0,15.6,0.0,38
814000,521,440,24.1,23.9,0.0,16.0,23.8,8
814000,1705,104,48.3,0.0,0.0,15.6,0.0,15
814000,530,78,48.3,0.1,0.0,15.6,0.1,8
814000,1360,65,48.0,0.0,0.0,15.9,0.0,8
815000,950,1473,47.9,0.0,0.0,16.0,0.0,97
815000,766,706,48.0,0.0,0.0,15.7,0.0,45
815000,1599,424,48.2,0.1,0.0,15.7,0.1,29
815000,521,396,24.0,24.0,0.0,16.0,23.8,9
815000,1705,85,48.1,0.2,0.0,15.6,0.2,9
815000,1360,84,48.4,0.0,0.0,15.6,0.0,12
815000,530,68,48.4,0.0,0.0,15.5,0.0,7
816000,950,1537,48.0,0.0,0.0,15.9,0.0,98
816000,766,626,48.0,0.0,0.0,15.7,0.0,47
816000,1599,440,48.1,0.0,0.0,15.8,0.0,25
816000,521,350,24.4,23.7,0.0,15.8,23.5,13
816000,1360,92,48.1,0.0,0.0,15.9,0.0,5
816000,530,78,47.8,0.3,0.0,15.8,0.2,11
816000,1705,74,48.5,0.2,0.0,15.2,0.2,12
817000,950,1457,47.6,0.0,0.0,16.1,0.0,96
817000,766,598,48.1,0.0,0.0,15.8,0.0,31
817000,1599,438,48.1,0.0,0.0,15.9,0.0,23
817000,521,432,24.0,23.9,0.0,16.0,23.8,11
817000,530,119,48.0,0.1,0.0,15.9,0.1,10
817000,1360,92,48.4,0.0,0.0,15.5,0.0,16
817000,1705,62,48.0,0.2,0.0,15.5,0.2,10
818000,950,1501,48.1,0.0,0.0,15.8,0.0,91
818000,766,592,48.2,0.0,0.0,15.6,0.0,41
818000,521,439,23.9,24.0,0.0,16.1,23.7,14
818000,1599,424,48.2,0.0,0.0,15.7,0.0,32
818000,530,107,47.9,0.1,0.0,16.0,0.1,9
818000,1360,100,48.2,0.0,0.0,15.8,0.0,8
818000,1705,38,48.7,0.4,0.0,14.9,0.4,7
819000,950,1512,48.0,0.0,0.0,15.9,0.0,97
819000,766,652,48.0,0.0,0.0,15.8,0.0,51
819000,1599,441,48.2,0.0,0.0,15.8,0.0,29
819000,521,419,24.1,24.0,0.0,15.9,23.9,8
819000,530,132,48.1,0.2,0.0,15.7,0.1,18
819000,1360,73,48.0,0.0,0.1,15.9,0.0,8
819000,1705,50,48.8,0.0,0.0,15.1,0.0,9
820000,950,1468,47.9,0.0,0.0,15.9,0.0,97
820000,766,688,48.0,0.0,0.0,15.6,0.0,52
820000,1599,437,48.2,0.0,0.0,15.7,0.0,30
820000,521,412,24.0,24.0,0.0,16.0,23.9,12
820000,530,130,48.0,0.2,0.0,15.8,0.1,13
820000,1705,63,48.1,0.1,0.0,15.7,0.1,8
820000,1360,57,48.1,0.0,0.0,15.9,0.0,5
821000,950,1604,47.7,0.0,0.0,15.9,0.0,116
821000,766,653,47.9,0.0,0.0,15.9,0.0,34
821000,1599,432,48.2,0.0,0.0,15.8,0.0,31
821000,521,384,24.1,24.0,0.0,15.9,23.9,8
821000,530,100,48.4,0.0,0.0,15.6,0.0,12
821000,1705,59,48.2,0.6,0.0,15.2,0.6,10
821000,1360,41,48.1,0.0,0.0,15.9,0.0,3
821000,1725,21,48.1,0.0,0.0,15.9,0.0,5
822000,950,1630,47.6,0.0,0.0,16.0,0.0,115
822000,766,683,48.0,0.0,0.0,15.6,0.0,53
822000,1599,415,48.1,0.0,0.0,15.9,0.0,21
822000,521,366,23.9,24.0,0.0,16.0,23.9,8
822000,530,99,48.1,0.0,0.0,15.9,0.0,9
822000,1360,53,48.1,0.0,0.0,15.9,0.0,4
822000,1705,22,48.8,0.0,0.0,15.1,0.0,6
822000,1725,8,49.2,0.0,0.0,14.8,0.0,3
823000,950,1536,47.9,0.0,0.0,15.9,0.0,84
823000,766,653,48.0,0.0,0.0,15.7,0.0,41
823000,521,425,23.9,23.9,0.0,16.1,23.7,11
823000,1599,393,48.3,0.0,0.0,15.6,0.0,30
823000,530,105,48.1,0.0,0.0,15.8,0.0,6
823000,1360,38,47.4,0.0,0.0,16.6,0.0,8
823000,1705,25,48.2,0.2,0.0,15.6,0.2,6
823000,1725,16,48.6,0.0,0.0,15.4,0.0,5
824000,950,1559,47.9,0.0,0.0,15.9,0.0,93
824000,766,824,48.1,0.0,0.0,15.7,0.0,57
824000,521,428,23.9,24.0,0.0,16.0,23.9,7
824000,1599,354,48.0,0.1,0.0,15.8,0.1,31
824000,530,87,48.5,0.1,0.0,15.4,0.1,11
824000,1360,33,48.4,0.0,0.0,15.6,0.0,8
824000,1725,13,48.8,0.0,0.0,15.2,0.0,6
824000,1705,12,47.3,0.1,0.0,16.3,0.1,4
825000,950,1561,47.9,0.1,0.0,15.9,0.0,93
825000,766,785,48.2,0.0,0.0,15.7,0.0,59
825000,521,451,24.1,23.9,0.0,16.0,23.9,11
825000,1599,377,48.1,0.1,0.0,15.7,0.1,28
825000,530,68,48.1,0.0,0.0,15.9,0.0,5
825000,1725,23,49.0,0.0,0.0,15.0,0.0,7
825000,1360,19,47.9,0.0,0.0,16.1,0.0,4
825000,1705,9,48.0,0.0,0.0,16.0,0.0,2
826000,950,1616,47.8,0.0,0.0,15.9,0.0,106
826000,766,782,48.1,0.0,0.0,15.7,0.0,38
826000,521,450,24.0,23.8,0.0,16.1,23.7,16
826000,1599,315,48.2,0.0,0.0,15.8,0.0,19
826000,530,81,47.0,0.0,0.0,16.3,0.0,10
826000,1725,16,47.6,0.8,0.0,15.6,0.8,5
826000,1360,15,47.7,0.0,0.0,16.3,0.0,6
826000,1705,12,47.8,2.2,0.0,14.0,2.2,5
827000,950,1594,47.8,0.0,0.0,15.9,0.0,105
827000,766,740,48.1,0.0,0.0,15.7,0.0,54
827000,521,447,24.0,24.0,0.0,16.0,23.8,15
827000,1599,371,48.1,0.1,0.0,15.8,0.1,32
827000,530,95,48.2,0.3,0.0,15.5,0.3,14
827000,1705,19,49.3,0.0,0.0,14.7,0.0,4
827000,1725,19,48.7,0.0,0.0,15.3,0.0,7
827000,1360,14,48.1,0.0,0.0,15.9,0.0,3
828000,950,1588,47.9,0.0,0.0,15.9,0.0,97
828000,766,697,48.2,0.0,0.0,15.5,0.0,52
828000,521,438,23.9,24.0,0.0,16.0,23.7,13
828000,1599,399,48.1,0.1,0.0,15.8,0.1,28
828000,530,102,48.4,0.0,0.0,15.6,0.0,12
828000,1360,33,48.3,0.0,0.0,15.7,0.0,3
828000,1705,32,48.4,0.1,0.0,15.5,0.1,5
828000,1725,15,48.6,0.0,0.0,15.4,0.0,3
829000,950,1593,47.9,0.0,0.0,15.9,0.0,104
829000,766,699,48.0,0.0,0.0,15.8,0.0,50
829000,521,436,24.1,24.0,0.0,15.9,23.9,10
829000,1599,424,48.2,0.1,0.0,15.8,0.1,27
829000,530,82,48.5,0.0,0.0,15.5,0.0,10
829000,1360,51,46.4,0.4,0.0,17.2,0.2,7
829000,1705,33,48.2,0.0,0.0,15.8,0.0,9
829000,1725,20,48.3,0.0,0.0,15.7,0.0,4
830000,950,1578,48.0,0.0,0.0,15.9,0.0,88
830000,766,703,48.0,0.0,0.0,15.8,0.0,50
830000,521,420,24.0,24.0,0.0,16.0,23.8,10
830000,1599,340,48.0,0.1,0.0,15.9,0.1,23
830000,530,97,48.3,0.0,0.0,15.7,0.0,13
830000,1360,74,48.5,0.0,0.0,15.5,0.0,9
830000,1705,59,48.0,0.1,0.0,15.9,0.1,14
830000,1725,18,48.7,0.0,0.0,15.2,0.0,3
831000,950,1546,47.9,0.0,0.0,15.9,0.0,99
831000,766,659,48.1,0.0,0.0,15.8,0.0,34
831000,521,428,24.1,24.0,0.0,15.9,23.8,11
831000,1599,315,48.2,0.1,0.0,15.8,0.1,25
831000,530,165,48.1,0.1,0.0,15.9,0.1,20
831000,1705,113,47.8,0.0,0.0,15.8,0.0,14
831000,1360,72,48.3,0.0,0.0,15.7,0.0,9
832000,950,1619,47.6,0.0,0.0,16.1,0.0,104
832000,766,653,48.1,0.0,0.0,15.7,0.0,47
832000,521,404,24.0,24.0,0.0,15.9,23.9,8
832000,1599,334,48.2,0.0,0.0,15.8,0.0,22
832000,530,111,48.3,0.0,0.0,15.7,0.0,10
832000,1705,95,48.5,0.1,0.0,15.4,0.1,16
832000,1360,62,48.2,0.0,0.0,15.8,0.0,5
833000,950,1497,48.0,0.0,0.0,15.9,0.0,79
833000,766,717,47.9,0.0,0.0,15.8,0.0,44
833000,521,458,24.2,23.8,0.0,15.9,23.8,7
833000,1599,383,48.1,0.0,0.0,15.8,0.0,26
833000,530,111,48.2,0.0,0.0,15.8,0.0,13
833000,1705,88,48.1,0.0,0.0,15.9,0.0,15
833000,1360,53,48.6,0.0,0.0,15.4,0.0,8
834000,950,1590,47.9,0.0,0.0,15.9,0.0,98
834000,766,670,48.0,0.0,0.0,15.8,0.0,34
834000,521,412,24.0,24.0,0.0,15.9,23.7,13
834000,1599,390,48.2,0.0,0.0,15.7,0.0,30
834000,1705,111,48.5,0.1,0.0,15.4,0.1,20
834000,530,97,48.2,0.1,0.0,15.6,0.1,10
834000,1360,45,47.9,0.0,0.0,15.9,0.0,7
835000,950,1509,47.9,0.0,0.0,15.9,0.0,105
835000,766,738,48.1,0.0,0.0,15.7,0.0,51
835000,521,415,24.0,24.0,0.0,16.0,23.7,14
835000,1599,406,48.2,0.1,0.0,15.7,0.1,27
835000,530,118,48.2,0.2,0.0,15.6,0.1,17
835000,1705,77,48.3,0.1,0.0,15.6,0.1,8
835000,1360,24,47.9,0.0,0.0,16.1,0.0,7
836000,950,1577,48.0,0.0,0.0,15.9,0.0,107
836000,766,770,47.9,0.0,0.0,15.6,0.0,61
836000,521,410,24.0,24.0,0.0,16.0,23.8,6
836000,1599,346,48.2,0.1,0.0,15.7,0.1,22
836000,530,103,48.2,0.0,0.0,15.8,0.0,9
836000,1705,58,48.4,0.1,0.0,15.4,0.1,9
836000,1360,23,48.3,0.0,0.0,15.7,0.0,2
836000,1729,21,48.1,0.0,0.0,15.9,0.0,6
837000,950,1534,48.1,0.0,0.0,15.9,0.0,78
837000,766,718,47.9,0.0,0.0,15.8,0.0,42
837000,1599,377,48.1,0.1,0.0,15.8,0.1,33
837000,521,368,23.8,24.0,0.0,16.1,23.6,19
837000,530,139,48.2,0.1,0.0,15.7,0.1,13
837000,1705,59,48.5,0.0,0.0,15.5,0.0,8
837000,1729,42,47.9,0.0,0.0,16.1,0.0,6
837000,1360,33,48.5,0.0,0.0,15.5,0.0,4
838000,950,1516,47.5,0.0,0.0,16.0,0.0,115
838000,766,732,48.0,0.0,0.0,15.7,0.0,53
838000,1599,409,47.9,0.1,0.0,15.9,0.1,36
838000,521,374,24.1,23.9,0.0,16.0,23.7,12
838000,530,139,48.3,0.0,0.0,15.6,0.0,16
838000,1705,83,48.1,0.1,0.0,15.7,0.1,7
838000,1360,38,47.2,0.0,0.0,16.8,0.0,6
838000,1729,25,48.2,0.0,0.0,15.8,0.0,4
839000,950,1451,47.9,0.0,0.0,15.9,0.0,100
839000,766,703,48.0,0.0,0.0,15.8,0.0,50
839000,521,400,24.0,24.1,0.0,16.0,23.9,6
839000,1599,383,48.2,0.1,0.0,15.7,0.1,35
839000,530,126,48.3,0.1,0.0,15.7,0.1,16
839000,1705,84,48.2,0.0,0.0,15.7,0.0,9
839000,1360,44,48.2,0.0,0.0,15.8,0.0,6
839000,1729,35,48.7,0.0,0.0,15.3,0.0,10
840000,950,1527,47.9,0.0,0.0,15.9,0.0,106
840000,766,633,48.0,0.0,0.0,15.9,0.0,46
840000,521,426,23.9,24.1,0.0,16.0,23.8,15
840000,1599,364,48.2,0.0,0.0,15.7,0.0,31
840000,530,123,47.9,0.3,0.0,15.8,0.0,11
840000,1705,99,48.5,0.1,0.0,15.4,0.1,13
840000,1360,41,48.3,0.0,0.0,15.7,0.0,4
840000,1729,25,48.3,0.0,0.0,15.7,0.0,4
841000,950,1457,47.7,0.0,0.0,16.0,0.0,92
841000,766,672,47.9,0.0,0.0,15.8,0.0,46
841000,1599,445,48.3,0.1,0.0,15.6,0.1,34
841000,521,391,23.9,23.9,0.1,16.0,23.6,16
841000,1705,133,48.1,0.1,0.0,15.8,0.1,15
841000,530,95,48.1,0.0,0.0,15.9,0.0,3
841000,1360,49,47.4,0.1,0.0,16.5,0.1,10
841000,1729,25,48.3,0.0,0.0,15.7,0.0,3
842000,950,1550,47.9,0.0,0.0,15.9,0.0,104
842000,766,684,48.1,0.0,0.0,15.7,0.0,42
842000,521,390,24.0,24.0,0.0,15.9,23.9,8
842000,1599,329,48.0,0.0,0.0,15.9,0.0,27
842000,1705,146,48.4,0.0,0.0,15.6,0.0,14
842000,530,99,48.1,0.2,0.0,15.7,0.2,10
842000,1360,30,48.2,0.0,0.0,15.8,0.0,3
842000,1729,28,47.7,0.0,0.0,16.3,0.0,11
842000,1731,26,25.0,23.1,0.0,15.9,23.1,3
843000,950,1510,47.9,0.0,0.0,15.9,0.0,93
843000,766,707,48.1,0.1,0.0,15.6,0.1,51
843000,521,378,24.0,24.0,0.0,15.9,23.7,14
843000,1599,351,48.2,0.0,0.0,15.8,0.0,27
843000,1705,114,48.7,0.1,0.0,15.2,0.1,15
843000,530,107,48.1,0.2,0.0,15.7,0.2,10
843000,1360,46,48.2,0.0,0.0,15.8,0.0,5
843000,1729,35,47.5,0.3,0.0,16.2,0.3,8
843000,1731,24,24.0,24.2,0.0,15.8,24.0,2
844000,950,1566,47.9,0.0,0.0,15.9,0.0,101
844000,766,713,48.0,0.0,0.0,15.7,0.0,56
844000,1599,412,48.3,0.0,0.0,15.6,0.0,34
844000,521,356,24.0,24.0,0.0,16.0,23.8,10
844000,530,86,48.3,0.0,0.0,15.7,0.0,7
844000,1705,69,48.3,0.0,0.0,15.7,0.0,7
844000,1729,34,47.7,0.0,0.0,16.3,0.0,6
844000,1731,34,23.6,24.6,0.0,15.7,23.6,3
844000,1360,22,48.0,0.0,0.0,16.0,0.0,1
845000,950,1568,47.9,0.0,0.0,15.9,0.0,101
845000,766,734,48.1,0.0,0.0,15.7,0.0,52
845000,521,380,24.0,23.9,0.0,16.1,23.8,7
845000,1599,354,47.9,0.1,0.0,15.9,0.1,36
845000,530,117,48.2,0.0,0.0,15.8,0.0,14
845000,1705,47,48.4,0.0,0.0,15.6,0.0,6
845000,1360,45,48.2,0.0,0.0,15.8,0.0,3
845000,1731,19,24.0,24.0,0.0,16.0,24.0,1
845000,1729,14,47.4,0.0,0.0,16.6,0.0,3
846000,950,1554,47.1,0.0,0.0,16.0,0.0,125
846000,766,687,48.1,0.0,0.0,15.6,0.0,42
846000,521,366,24.1,23.9,0.0,15.9,23.8,9
846000,1599,359,47.9,0.1,0.0,15.9,0.1,20
846000,530,111,48.0,0.0,0.0,15.9,0.0,10
846000,1360,65,48.1,0.0,0.0,15.9,0.0,3
846000,1705,40,48.5,0.0,0.0,15.5,0.0,6
846000,1731,27,24.9,23.7,0.0,15.4,23.7,2
846000,1729,23,48.0,0.0,0.0,16.0,0.0,1
846000,1732,7,47.0,0.0,0.0,17.0,0.0,3
847000,950,1520,47.6,0.0,0.0,16.1,0.0,114
847000,766,749,48.1,0.0,0.0,15.7,0.0,50
847000,1599,374,48.2,0.0,0.0,15.7,0.0,29
847000,521,342,23.8,24.0,0.0,16.1,23.6,9
847000,530,133,48.2,0.1,0.0,15.7,0.1,13
847000,1360,49,48.2,0.0,0.0,15.8,0.0,6
847000,1705,48,48.6,0.0,0.0,15.4,0.0,9
847000,1729,33,46.9,1.0,0.0,16.1,1.0,4
847000,1731,28,24.0,24.0,0.0,16.0,24.0,1
848000,950,1495,47.8,0.0,0.0,15.9,0.0,102
848000,766,788,48.1,0.1,0.0,15.6,0.1,60
848000,1599,423,48.2,0.0,0.0,15.7,0.0,33
848000,521,376,24.0,24.0,0.0,16.0,23.9,6
848000,530,113,48.2,0.1,0.0,15.7,0.1,14
848000,1360,62,47.8,0.1,0.0,16.1,0.1,8
848000,1705,34,48.3,0.2,0.0,15.5,0.2,7
848000,1731,24,23.8,24.1,0.0,16.1,23.8,2
848000,1729,14,48.5,0.2,0.0,15.3,0.2,4
849000,950,1391,47.8,0.0,0.0,16.1,0.0,87
849000,766,798,47.9,0.0,0.0,15.7,0.0,55
849000,1599,495,48.2,0.0,0.0,15.7,0.0,45
849000,521,371,24.2,23.9,0.0,15.9,23.8,8
849000,530,95,48.2,0.1,0.0,15.7,0.1,9
849000,1360,68,47.9,0.2,0.0,16.0,0.2,12
849000,1731,40,24.0,24.0,0.0,16.0,24.0,1
849000,1729,32,48.0,0.0,0.0,16.0,0.0,5
849000,1705,25,49.1,0.2,0.0,14.7,0.2,6
850000,950,1481,47.6,0.0,0.0,16.1,0.0,104
850000,766,761,48.1,0.0,0.0,15.8,0.0,46
850000,1599,535,48.2,0.0,0.0,15.7,0.0,38
850000,521,289,24.0,24.0,0.0,16.0,23.9,5
850000,530,89,48.1,0.1,0.0,15.8,0.1,7
850000,1360,54,47.7,0.0,0.0,16.3,0.0,5
850000,1731,26,24.1,24.0,0.0,16.0,24.0,2
850000,1729,20,47.8,0.0,0.0,16.2,0.0,2
850000,1705,8,49.5,0.0,0.1,14.4,0.0,3
851000,950,1440,48.1,0.0,0.0,15.8,0.0,90
851000,766,786,47.9,0.0,0.0,15.7,0.0,51
851000,1599,479,48.1,0.1,0.0,15.8,0.0,36
851000,521,386,24.1,24.1,0.0,15.8,23.7,12
851000,530,108,48.1,0.0,0.0,15.8,0.0,12
851000,1360,54,48.1,0.0,0.0,15.9,0.0,4
851000,1729,32,47.9,0.0,0.0,16.1,0.0,6
851000,1731,28,24.0,24.0,0.0,16.0,24.0,2
852000,950,1509,47.8,0.0,0.0,16.0,0.0,93
852000,766,784,48.0,0.0,0.0,15.8,0.0,49
852000,1599,472,48.2,0.0,0.0,15.7,0.0,34
852000,521,373,23.9,24.0,0.0,16.1,23.7,12
852000,530,79,47.0,0.4,0.0,16.6,0.4,12
852000,1360,45,47.8,0.0,0.0,16.2,0.0,9
852000,1729,23,48.7,0.0,0.0,15.3,0.0,4
852000,1731,21,24.7,23.0,0.0,16.3,22.4,4
853000,950,1459,47.7,0.0,0.0,16.0,0.0,88
853000,766,790,48.1,0.0,0.0,15.6,0.0,59
853000,1599,451,47.9,0.1,0.0,15.9,0.1,39
853000,521,413,23.9,24.1,0.0,16.0,23.8,10
853000,530,85,48.3,0.0,0.0,15.7,0.0,10
853000,1360,36,48.1,0.0,0.0,15.9,0.0,3
853000,1731,27,23.3,23.9,0.0,16.3,23.1,4
853000,1729,16,49.1,0.0,0.0,14.9,0.0,3
854000,950,1542,47.8,0.0,0.0,15.9,0.0,96
854000,766,781,48.1,0.0,0.0,15.6,0.0,62
854000,1599,476,48.1,0.0,0.0,15.8,0.0,48
854000,521,380,23.9,24.1,0.0,16.0,23.8,10
854000,530,100,48.0,0.0,0.0,15.9,0.0,8
854000,1360,46,48.1,0.0,0.0,15.9,0.0,5
854000,1731,24,23.9,24.3,0.1,15.6,23.8,3
854000,1729,21,47.9,0.0,0.0,16.1,0.0,4
855000,950,1467,47.8,0.0,0.0,16.0,0.0,81
855000,766,783,48.1,0.0,0.0,15.6,0.0,60
855000,1599,487,48.2,0.0,0.0,15.7,0.0,51
855000,521,377,24.0,24.0,0.0,16.0,24.0,5
855000,530,81,48.2,0.0,0.0,15.8,0.0,9
855000,1731,37,24.4,23.6,0.0,16.0,23.6,3
855000,1729,20,47.7,0.1,0.0,16.2,0.1,3
855000,1360,19,48.1,0.0,0.0,15.9,0.0,5
856000,950,1527,48.1,0.0,0.0,15.8,0.0,101
856000,766,749,48.1,0.0,0.0,15.6,0.0,54
856000,1599,413,48.2,0.0,0.0,15.8,0.0,34
856000,521,365,24.3,23.8,0.0,15.9,23.7,11
856000,530,101,48.2,0.1,0.0,15.7,0.1,12
856000,1731,37,24.0,24.0,0.0,16.0,24.0,1
856000,1729,33,48.2,0.0,0.0,15.8,0.0,7
856000,1360,25,48.3,0.0,0.0,15.7,0.0,4
857000,950,1450,48.0,0.0,0.0,15.9,0.0,88
857000,766,757,48.1,0.0,0.0,15.8,0.0,56
857000,1599,497,48.2,0.0,0.0,15.7,0.0,35
857000,521,386,24.0,24.1,0.0,15.9,23.9,15
857000,530,110,47.8,0.3,0.0,15.8,0.1,17
857000,1729,22,47.5,0.0,0.0,16.5,0.0,3
857000,1360,16,48.4,0.0,0.0,15.6,0.0,4
858000,950,1484,47.9,0.0,0.0,16.0,0.0,82
858000,766,684,47.9,0.0,0.0,15.7,0.0,55
858000,1599,548,48.1,0.1,0.0,15.7,0.1,51
858000,521,361,23.9,24.0,0.0,16.1,23.9,7
858000,530,94,47.5,0.1,0.0,16.4,0.1,10
858000,1729,27,48.2,0.1,0.0,15.7,0.1,4
858000,1360,22,48.2,0.0,0.0,15.8,0.0,2
859000,950,1444,48.0,0.0,0.0,15.8,0.0,87
859000,766,687,48.1,0.0,0.0,15.8,0.0,45
859000,1599,544,48.0,0.0,0.0,15.8,0.0,47
859000,521,421,23.9,24.0,0.0,16.0,23.7,14
859000,530,75,47.8,0.2,0.0,15.9,0.2,6
859000,1736,59,48.2,0.0,0.0,15.7,0.0,5
859000,1360,32,47.9,0.0,0.0,16.1,0.0,3
859000,1729,21,48.0,0.0,0.0,16.0,0.0,1
860000,950,1429,48.0,0.0,0.0,15.8,0.0,85
860000,766,635,47.9,0.0,0.0,15.7,0.0,49
860000,1599,608,48.1,0.0,0.0,15.9,0.0,43
860000,521,446,24.3,23.8,0.0,15.9,23.7,14
860000,530,83,47.8,0.1,0.1,15.8,0.1,9
860000,1736,72,47.9,0.0,0.0,15.7,0.0,5
860000,1360,28,48.4,0.4,0.0,15.2,0.4,5
860000,1729,17,48.0,0.0,0.0,16.0,0.0,2
861000,950,1429,48.0,0.0,0.0,15.9,0.0,88
861000,766,609,48.2,0.0,0.0,15.7,0.0,37
861000,1599,580,48.3,0.0,0.0,15.7,0.0,42
861000,521,426,23.9,24.0,0.0,16.0,23.8,10
861000,530,110,47.9,0.3,0.0,15.8,0.3,13
861000,1736,49,48.1,0.0,0.0,15.8,0.0,5
861000,1360,48,48.2,0.0,0.0,15.8,0.0,7
861000,1729,5,39.4,0.6,0.0,24.0,0.6,3
862000,950,1479,47.8,0.0,0.0,15.9,0.0,88
862000,766,685,48.1,0.0,0.0,15.7,0.0,38
862000,1599,560,48.3,0.0,0.0,15.7,0.0,44
862000,521,388,23.9,24.0,0.0,16.1,23.7,12
862000,530,142,48.2,0.1,0.0,15.7,0.1,13
862000,1360,41,48.6,0.0,0.0,15.4,0.0,7
863000,950,1502,47.7,0.0,0.0,16.0,0.0,100
863000,766,606,48.1,0.0,0.0,15.7,0.0,41
863000,1599,527,48.0,0.0,0.0,15.9,0.0,38
863000,521,377,24.3,23.8,0.0,15.8,23.7,11
863000,530,162,48.1,0.1,0.0,15.8,0.1,14
863000,1360,35,47.5,0.0,0.0,16.0,0.0,5
863000,1729,15,47.5,0.6,0.0,15.8,0.6,3
864000,950,1437,48.0,0.0,0.0,15.8,0.0,86
864000,766,732,48.2,0.0,0.0,15.6,0.0,40
864000,1599,550,48.2,0.0,0.0,15.8,0.0,32
864000,521,390,24.0,24.0,0.0,16.0,23.9,6
864000,530,132,48.4,0.1,0.0,15.6,0.1,13
864000,1360,33,47.7,0.0,0.0,16.3,0.0,5
865000,950,1413,47.9,0.0,0.0,15.9,0.0,75
865000,766,594,48.1,0.0,0.0,15.7,0.0,46
865000,1599,551,48.0,0.1,0.0,15.9,0.1,41
865000,521,381,23.9,24.0,0.0,16.1,23.7,13
865000,530,163,48.0,0.1,0.0,15.9,0.1,12
865000,1738,39,23.9,24.0,0.0,16.1,23.9,2
865000,1360,33,48.3,0.0,0.0,15.7,0.0,6
866000,950,1428,47.9,0.0,0.0,15.9,0.0,83
866000,766,749,48.1,0.0,0.0,15.7,0.0,50
866000,1599,548,48.1,0.0,0.0,15.8,0.0,49
866000,521,340,24.3,23.8,0.0,15.9,23.7,14
866000,530,160,48.1,0.2,0.0,15.7,0.1,14
866000,1360,26,48.2,0.0,0.0,15.8,0.0,4
866000,1738,24,26.5,22.1,0.0,15.4,22.1,2
867000,950,1484,48.1,0.0,0.0,15.8,0.0,77
867000,766,651,48.2,0.0,0.0,15.7,0.0,47
867000,1599,529,48.1,0.0,0.0,15.8,0.0,40
867000,521,416,23.9,24.1,0.0,15.9,23.8,12
867000,530,156,48.0,0.3,0.0,15.7,0.3,23
867000,1360,23,46.8,0.0,0.0,17.2,0.0,7
867000,1738,18,24.0,24.0,0.0,16.0,24.0,1
868000,950,1425,47.9,0.0,0.0,15.8,0.0,89
868000,766,719,48.0,0.0,0.0,15.6,0.0,52
868000,1599,552,48.4,0.0,0.0,15.5,0.0,50
868000,521,423,24.0,23.9,0.0,16.0,23.8,17
868000,530,127,48.2,0.2,0.0,15.6,0.2,16
868000,1360,51,47.9,0.0,0.0,16.1,0.0,2
869000,950,1428,47.8,0.0,0.0,15.9,0.0,97
869000,766,712,48.1,0.0,0.0,15.6,0.0,51
869000,1599,518,48.2,0.0,0.0,15.8,0.0,41
869000,521,403,24.1,23.9,0.0,16.0,23.8,8
869000,530,126,47.8,0.2,0.1,15.8,0.2,21
869000,1360,57,48.2,0.1,0.0,15.8,0.1,6
870000,950,1406,47.8,0.0,0.0,16.0,0.0,92
870000,766,716,48.1,0.0,0.0,15.6,0.0,52
870000,1599,575,48.2,0.0,0.0,15.7,0.0,50
870000,521,407,24.0,24.0,0.0,15.9,23.9,11
870000,530,124,48.2,0.0,0.0,15.8,0.0,8
870000,1360,62,48.2,0.0,0.0,15.8,0.0,5
871000,950,1435,48.1,0.0,0.0,15.8,0.0,79
871000,766,758,48.2,0.0,0.0,15.7,0.0,54
871000,1599,520,48.3,0.0,0.0,15.7,0.0,45
871000,521,386,24.0,24.0,0.0,16.1,23.8,6
871000,530,116,48.2,0.2,0.0,15.6,0.1,13
871000,1360,59,48.1,0.1,0.0,15.7,0.1,8
872000,950,1441,47.9,0.0,0.0,15.9,0.0,80
872000,766,704,48.1,0.0,0.0,15.7,0.0,51
872000,1599,533,48.4,0.0,0.0,15.5,0.0,46
872000,521,375,24.0,24.1,0.0,15.9,23.9,7
872000,530,113,48.0,0.1,0.0,15.9,0.1,10
872000,1360,68,47.9,0.0,0.0,16.1,0.0,7
873000,950,1463,48.1,0.0,0.0,15.8,0.0,89
873000,766,724,48.1,0.1,0.0,15.7,0.1,56
873000,1599,494,48.0,0.1,0.0,15.8,0.1,48
873000,521,381,23.9,24.1,0.0,16.0,23.7,13
873000,530,153,47.8,0.1,0.0,16.1,0.1,14
873000,1360,61,48.2,0.0,0.0,15.8,0.0,6
873000,1741,36,24.8,23.3,0.0,15.9,23.3,2
874000,950,1457,47.8,0.0,0.0,15.9,0.0,95
874000,766,732,48.0,0.1,0.0,15.7,0.1,69
874000,1599,514,48.2,0.0,0.0,15.8,0.0,42
874000,521,355,24.2,23.9,0.0,15.9,23.8,12
874000,530,135,48.3,0.1,0.0,15.6,0.1,14
874000,1360,71,47.6,0.1,0.0,16.3,0.1,11
874000,1741,35,26.2,23.5,0.0,14.3,22.9,7
875000,950,1426,48.1,0.0,0.0,15.8,0.0,82
875000,766,588,48.1,0.0,0.0,15.7,0.0,45
875000,1599,542,48.3,0.0,0.0,15.6,0.0,48
875000,521,403,23.8,23.9,0.0,16.1,23.6,15
875000,530,109,48.1,0.1,0.0,15.8,0.1,9
875000,1360,62,48.6,0.0,0.0,15.4,0.0,11
875000,1741,46,24.3,23.8,0.0,15.8,23.8,3
876000,950,1477,47.8,0.0,0.0,16.0,0.0,94
876000,766,589,48.1,0.0,0.0,15.7,0.0,47
876000,1599,494,48.2,0.0,0.0,15.6,0.0,39
876000,521,396,24.0,24.0,0.0,15.9,23.7,13
876000,530,169,48.0,0.3,0.0,15.7,0.3,21
876000,1360,66,47.8,0.0,0.0,16.2,0.0,10
876000,1741,31,24.0,24.0,0.0,16.0,24.0,1
877000,950,1559,47.9,0.0,0.0,15.9,0.0,93
877000,766,576,48.2,0.0,0.0,15.6,0.0,44
877000,1599,416,48.1,0.0,0.0,15.8,0.0,37
877000,521,334,24.2,23.7,0.0,16.0,23.6,15
877000,1360,117,48.2,0.0,0.0,15.8,0.0,10
877000,530,113,48.2,0.1,0.0,15.7,0.1,12
877000,1741,33,24.9,23.6,0.0,15.5,23.6,2
878000,950,1601,47.8,0.0,0.0,16.1,0.0,94
878000,766,523,48.0,0.0,0.0,15.7,0.0,49
878000,1599,491,48.3,0.0,0.0,15.7,0.0,47
878000,521,327,24.0,24.0,0.0,15.9,23.7,14
878000,1360,138,47.5,0.1,0.0,16.4,0.1,15
878000,530,110,48.1,0.3,0.0,15.6,0.2,13
878000,1741,25,24.3,23.7,0.0,16.0,23.7,2
879000,950,1468,47.7,0.0,0.0,15.9,0.0,96
879000,1599,535,48.1,0.1,0.0,15.8,0.1,45
879000,766,500,48.1,0.0,0.0,15.8,0.0,37
879000,521,383,23.9,23.9,0.0,16.0,23.8,8
879000,1360,154,47.8,0.0,0.0,15.9,0.0,17
879000,530,123,48.2,0.1,0.0,15.7,0.1,9
879000,1742,120,48.1,0.0,0.0,15.9,0.0,6
879000,1741,30,24.9,23.2,0.0,15.9,23.0,4
880000,950,1468,48.0,0.0,0.0,15.8,0.0,105
880000,766,617,48.1,0.0,0.0,15.8,0.0,45
880000,1599,473,48.2,0.0,0.0,15.7,0.0,51
880000,521,350,24.2,24.0,0.0,15.8,23.8,9
880000,1360,174,47.8,0.0,0.0,16.2,0.0,19
880000,530,148,48.2,0.0,0.0,15.8,0.0,18
880000,1741,17,23.9,23.6,0.0,16.2,23.6,2
881000,950,1439,47.7,0.0,0.0,16.0,0.0,98
881000,766,623,48.1,0.0,0.0,15.5,0.0,53
881000,1599,515,48.2,0.0,0.0,15.7,0.0,38
881000,521,349,23.9,24.2,0.0,15.9,23.6,14
881000,530,162,47.9,0.1,0.0,15.9,0.1,20
881000,1360,146,48.1,0.0,0.0,15.9,0.0,13
881000,1741,32,23.7,24.1,0.0,16.2,23.7,2
882000,950,1463,47.8,0.0,0.0,16.1,0.0,97
882000,766,464,47.9,0.0,0.0,15.7,0.0,35
882000,1599,409,48.1,0.0,0.0,15.7,0.0,41
882000,521,379,24.0,24.0,0.0,16.0,23.8,12
882000,1360,155,48.2,0.0,0.0,15.7,0.0,18
882000,530,137,48.2,0.0,0.0,15.8,0.0,13
882000,1741,34,24.2,24.1,0.0,15.7,24.0,2
883000,950,1455,47.9,0.0,0.0,15.9,0.0,81
883000,766,562,48.1,0.0,0.0,15.7,0.0,49
883000,1599,460,48.2,0.0,0.0,15.8,0.0,37
883000,521,429,24.3,23.7,0.0,15.9,23.7,15
883000,1360,184,48.0,0.0,0.0,16.0,0.0,12
883000,530,145,48.4,0.1,0.0,15.5,0.1,12
883000,1741,29,24.0,24.0,0.0,16.0,24.0,1
884000,950,1496,47.8,0.0,0.0,15.9,0.0,98
884000,766,634,48.2,0.0,0.0,15.7,0.0,43
884000,1599,437,48.3,0.0,0.0,15.6,0.0,43
884000,521,389,23.8,24.0,0.0,16.1,23.7,10
884000,1360,194,48.0,0.0,0.0,16.0,0.0,21
884000,530,133,48.0,0.2,0.0,15.8,0.2,8
885000,950,1350,47.9,0.0,0.0,16.0,0.0,80
885000,766,652,48.1,0.0,0.0,15.8,0.0,44
885000,1599,472,48.0,0.1,0.0,15.8,0.0,41
885000,521,420,24.1,23.9,0.0,15.9,23.7,16
885000,1360,187,47.8,0.0,0.0,16.1,0.0,18
885000,530,149,48.2,0.0,0.0,15.8,0.0,9
886000,950,1500,47.7,0.1,0.0,16.0,0.0,102
886000,766,638,48.1,0.0,0.0,15.7,0.0,44
886000,1599,426,48.3,0.0,0.0,15.7,0.0,38
886000,521,370,24.4,23.7,0.0,15.8,23.6,11
886000,1360,190,48.0,0.0,0.0,16.0,0.0,24
886000,530,177,47.3,0.0,0.0,15.7,0.0,18
887000,950,1404,47.8,0.0,0.0,16.0,0.0,77
887000,766,550,47.6,0.0,0.0,15.6,0.0,47
887000,521,441,24.1,23.9,0.0,16.0,23.9,10
887000,1599,406,48.3,0.0,0.0,15.7,0.0,39
887000,1360,222,47.8,0.1,0.0,16.2,0.1,33
887000,530,144,48.4,0.1,0.0,15.5,0.1,14
888000,950,1476,47.7,0.0,0.0,16.1,0.0,74
888000,766,552,48.0,0.0,0.0,15.8,0.0,42
888000,1599,487,48.1,0.0,0.0,15.8,0.0,33
888000,521,417,24.0,24.0,0.0,16.0,23.9,6
888000,1360,180,47.8,0.1,0.0,16.1,0.0,19
888000,530,130,48.3,0.1,0.0,15.6,0.1,14
889000,950,1474,47.6,0.0,0.0,16.0,0.0,99
889000,766,595,47.9,0.0,0.0,15.7,0.0,42
889000,1599,505,48.3,0.0,0.0,15.7,0.0,43
889000,521,421,24.0,23.9,0.0,16.1,23.6,10
889000,1360,168,47.7,0.0,0.0,16.3,0.0,17
889000,530,102,48.1,0.0,0.0,15.8,0.0,11
889000,1747,19,48.1,0.0,0.0,15.9,0.0,2
890000,950,1491,48.0,0.0,0.0,15.9,0.0,77
890000,766,612,48.1,0.0,0.0,15.7,0.0,46
890000,1599,457,48.2,0.0,0.0,15.7,0.0,37
890000,521,395,24.0,23.9,0.0,16.1,23.7,11
890000,1360,139,48.1,0.0,0.0,15.9,0.0,20
890000,530,88,48.1,0.1,0.0,15.8,0.1,10
890000,1747,8,48.0,0.0,0.0,16.0,0.0,1
891000,950,1514,47.7,0.0,0.0,16.0,0.0,99
891000,766,628,48.0,0.0,0.0,15.8,0.0,43
891000,1599,483,48.2,0.0,0.0,15.7,0.0,46
891000,521,400,23.8,24.0,0.0,16.1,23.7,13
891000,1360,127,48.1,0.0,0.0,15.9,0.0,16
891000,530,82,48.4,0.1,0.0,15.5,0.1,10
892000,950,1398,47.7,0.0,0.0,15.8,0.0,86
892000,766,675,48.0,0.0,0.0,15.8,0.0,49
892000,1599,592,48.2,0.0,0.0,15.8,0.0,46
892000,521,420,24.2,23.8,0.0,16.0,23.7,11
892000,1360,118,47.5,0.1,0.0,16.4,0.1,17
892000,530,88,47.6,0.4,0.0,15.9,0.1,14
893000,950,1369,48.1,0.0,0.0,15.8,0.0,78
893000,766,679,48.2,0.0,0.0,15.6,0.0,49
893000,1599,570,48.2,0.1,0.0,15.7,0.1,41
893000,521,397,23.9,24.1,0.0,16.0,23.9,9
893000,1360,161,48.1,0.0,0.0,15.8,0.0,14
893000,530,96,47.8,0.1,0.0,16.1,0.1,12
894000,950,1384,47.7,0.0,0.0,15.8,0.0,90
894000,766,651,48.1,0.0,0.0,15.7,0.0,45
894000,1599,595,48.3,0.0,0.0,15.7,0.0,47
894000,521,444,24.2,23.9,0.0,15.9,23.7,14
894000,1360,124,48.3,0.0,0.0,15.7,0.0,13
894000,530,90,48.2,0.2,0.0,15.6,0.2,9
895000,950,1408,47.9,0.0,0.0,15.8,0.0,75
895000,766,636,48.2,0.0,0.0,15.7,0.0,40
895000,1599,542,48.3,0.0,0.0,15.7,0.0,42
895000,521,443,24.2,23.7,0.0,16.0,23.7,14
895000,1360,136,48.2,0.0,0.0,15.8,0.0,10
895000,530,111,48.0,0.2,0.0,15.7,0.2,14
896000,950,1426,47.8,0.0,0.0,16.0,0.0,90
896000,766,565,48.2,0.0,0.0,15.7,0.0,54
896000,1599,503,48.2,0.0,0.0,15.7,0.0,45
896000,521,435,23.9,24.1,0.0,16.0,23.9,11
896000,1360,138,47.9,0.0,0.0,16.0,0.0,17
896000,530,102,47.8,0.3,0.0,15.8,0.2,16
897000,950,1294,47.9,0.0,0.0,15.9,0.0,67
897000,766,676,48.1,0.0,0.0,15.8,0.0,47
897000,1599,503,48.2,0.0,0.0,15.7,0.0,43
897000,521,439,24.1,24.0,0.0,15.9,23.7,18
897000,1360,193,48.2,0.1,0.0,15.7,0.1,17
897000,530,127,48.2,0.1,0.0,15.6,0.1,12
898000,950,1349,47.9,0.0,0.0,15.9,0.0,87
898000,766,664,48.2,0.0,0.0,15.7,0.0,46
898000,1599,530,48.4,0.0,0.0,15.6,0.0,41
898000,521,453,24.0,24.0,0.0,16.0,23.7,13
898000,1360,187,47.8,0.0,0.0,16.1,0.0,19
898000,530,139,48.5,0.0,0.0,15.5,0.0,11
899000,950,1296,48.1,0.0,0.0,15.8,0.0,78
899000,766,673,48.2,0.0,0.0,15.7,0.0,53
899000,1599,563,48.3,0.0,0.0,15.6,0.0,48
899000,521,420,24.2,23.9,0.0,15.9,23.8,11
899000,1360,179,47.8,0.0,0.0,16.1,0.0,15
899000,530,122,48.2,0.4,0.0,15.4,0.2,17
900000,950,1218,48.0,0.0,0.0,15.9,0.0,67
900000,766,754,48.2,0.0,0.0,15.7,0.0,59
900000,1599,590,48.3,0.0,0.0,15.7,0.0,41
900000,521,443,24.1,23.9,0.0,15.9,23.8,11
900000,1360,184,48.0,0.0,0.0,16.0,0.0,13
900000,530,130,48.4,0.2,0.0,15.4,0.2,16
901000,950,1270,48.0,0.0,0.0,15.8,0.0,78
901000,766,704,48.1,0.0,0.0,15.8,0.0,45
901000,1599,613,48.3,0.0,0.0,15.7,0.0,53
901000,521,400,24.1,23.9,0.0,16.0,23.8,11
901000,1360,172,48.2,0.1,0.0,15.7,0.1,15
901000,530,133,48.4,0.2,0.0,15.4,0.2,19
902000,950,1257,48.0,0.0,0.0,15.9,0.0,79
902000,766,660,48.1,0.0,0.0,15.7,0.0,47
902000,1599,611,48.2,0.1,0.0,15.7,0.0,46
902000,521,409,24.0,24.1,0.0,15.9,23.6,12
902000,1360,161,48.2,0.0,0.0,15.8,0.0,13
902000,530,150,48.1,0.4,0.0,15.5,0.1,17
903000,950,1267,47.8,0.0,0.0,16.0,0.0,90
903000,766,740,48.1,0.0,0.0,15.7,0.0,49
903000,1599,633,48.2,0.0,0.0,15.7,0.0,31
903000,521,369,24.0,24.0,0.0,16.0,23.9,6
903000,530,137,48.4,0.1,0.0,15.5,0.1,20
903000,1360,132,48.2,0.1,0.0,15.7,0.1,13
904000,950,1326,47.7,0.0,0.0,15.9,0.0,79
904000,766,668,48.2,0.0,0.0,15.8,0.0,39
904000,1599,657,48.2,0.0,0.0,15.7,0.0,51
904000,521,409,24.2,23.8,0.0,15.9,23.7,10
904000,530,82,48.2,0.5,0.0,15.3,0.5,11
904000,1360,81,48.1,0.0,0.0,15.9,0.0,9
905000,950,1339,47.9,0.0,0.0,15.9,0.0,63
905000,766,732,48.2,0.0,0.0,15.7,0.0,53
905000,1599,641,48.2,0.0,0.0,15.7,0.0,56
905000,521,401,24.2,23.9,0.0,15.9,23.9,11
905000,530,89,48.0,0.1,0.0,15.8,0.1,11
905000,1360,58,48.3,0.0,0.0,15.7,0.0,8
906000,950,1362,48.0,0.0,0.0,15.8,0.0,67
906000,1599,640,48.2,0.0,0.0,15.7,0.0,53
906000,766,614,47.9,0.0,0.0,15.7,0.0,50
906000,521,429,23.9,23.9,0.0,16.1,23.5,20
906000,530,113,48.5,0.1,0.0,15.4,0.1,16
906000,1360,46,48.2,0.2,0.0,15.7,0.2,6
907000,950,1330,48.1,0.0,0.0,15.8,0.0,69
907000,1599,661,48.3,0.0,0.0,15.6,0.0,51
907000,766,583,48.2,0.0,0.0,15.7,0.0,41
907000,521,447,23.9,24.0,0.0,16.1,23.7,12
907000,530,146,48.2,0.2,0.0,15.5,0.2,21
907000,1360,47,48.3,0.0,0.0,15.7,0.0,9
908000,950,1334,47.8,0.0,0.0,15.9,0.0,81
908000,766,695,48.2,0.0,0.0,15.6,0.0,55
908000,1599,694,48.3,0.0,0.0,15.6,0.0,52
908000,521,404,24.0,24.0,0.0,15.9,23.8,9
908000,530,114,48.4,0.1,0.0,15.5,0.1,18
908000,1360,51,47.8,0.0,0.0,16.0,0.0,7
909000,950,1337,47.9,0.0,0.0,15.9,0.0,83
909000,766,693,48.1,0.0,0.0,15.7,0.0,50
909000,1599,670,48.3,0.0,0.0,15.7,0.0,51
909000,521,405,24.1,23.9,0.0,16.0,23.7,17
909000,530,87,47.8,0.0,0.0,16.1,0.0,10
909000,1360,41,48.4,0.0,0.0,15.6,0.0,6
910000,950,1280,47.8,0.0,0.0,15.9,0.0,68
910000,766,745,48.2,0.0,0.0,15.7,0.0,48
910000,1599,648,48.2,0.0,0.0,15.8,0.0,49
910000,521,409,23.8,24.0,0.0,16.1,23.8,10
910000,530,134,48.3,0.1,0.0,15.6,0.1,19
910000,1360,47,48.4,0.0,0.0,15.6,0.0,8
911000,950,1311,47.9,0.0,0.0,15.8,0.0,72
911000,1599,676,48.3,0.0,0.0,15.6,0.0,61
911000,766,663,48.1,0.0,0.0,15.6,0.0,55
911000,521,428,24.0,24.0,0.0,15.9,23.7,16
911000,530,178,48.0,0.1,0.0,15.9,0.1,18
911000,1360,74,47.7,0.0,0.0,16.3,0.0,8
912000,950,1293,47.9,0.0,0.0,16.0,0.0,71
912000,766,692,48.1,0.0,0.0,15.8,0.0,42
912000,1599,602,48.2,0.0,0.0,15.7,0.0,49
912000,521,420,24.0,24.1,0.0,15.9,23.8,11
912000,530,187,48.4,0.0,0.0,15.6,0.0,23
912000,1360,73,47.9,0.1,0.0,16.0,0.1,9
913000,950,1337,48.0,0.0,0.0,15.8,0.0,69
913000,766,721,48.2,0.0,0.0,15.7,0.0,56
913000,1599,553,48.3,0.0,0.0,15.6,0.0,38
913000,521,420,24.1,23.9,0.0,16.0,23.7,13
913000,530,204,48.2,0.0,0.0,15.8,0.0,21
913000,1360,47,48.1,0.0,0.0,15.9,0.0,6
914000,950,1399,48.0,0.0,0.0,15.9,0.0,73
914000,766,675,48.0,0.0,0.0,15.7,0.0,49
914000,1599,541,48.2,0.0,0.0,15.7,0.0,44
914000,521,433,23.9,24.0,0.0,16.1,23.8,7
914000,530,169,48.0,0.0,0.0,15.9,0.0,17
914000,1360,43,48.7,0.0,0.0,15.3,0.0,7
915000,950,1339,47.8,0.0,0.0,15.9,0.0,77
915000,766,725,48.2,0.0,0.0,15.7,0.0,45
915000,1599,618,48.0,0.0,0.0,15.9,0.0,46
915000,521,356,23.9,24.0,0.0,16.1,23.8,7
915000,530,166,48.0,0.1,0.0,15.9,0.1,19
915000,1360,63,48.0,0.0,0.0,16.0,0.0,8
916000,950,1390,48.0,0.0,0.0,15.7,0.0,66
916000,766,696,48.1,0.0,0.0,15.6,0.0,57
916000,1599,493,48.2,0.0,0.0,15.7,0.0,36
916000,521,438,24.3,23.8,0.0,15.8,23.7,11
916000,530,150,47.8,0.4,0.0,15.8,0.2,15
916000,1360,65,48.1,0.0,0.0,15.9,0.0,6
917000,950,1318,48.0,0.0,0.0,15.9,0.0,68
917000,766,730,48.0,0.0,0.0,15.8,0.0,50
917000,1599,518,48.3,0.0,0.0,15.6,0.0,37
917000,521,493,23.8,24.1,0.0,16.0,23.8,11
917000,530,151,48.0,0.1,0.0,15.9,0.1,18
917000,1360,32,47.4,0.3,0.0,16.2,0.3,5
918000,950,1338,48.0,0.0,0.0,15.8,0.0,69
918000,766,721,48.0,0.0,0.0,15.8,0.0,46
918000,1599,565,48.4,0.0,0.0,15.6,0.0,39
918000,521,434,24.0,24.0,0.0,16.0,23.7,12
918000,530,72,48.1,0.1,0.0,15.8,0.1,5
918000,1360,45,47.5,0.2,0.0,16.3,0.2,6
919000,950,1388,47.9,0.0,0.0,16.0,0.0,75
919000,766,689,48.1,0.0,0.0,15.7,0.0,53
919000,1599,507,48.3,0.0,0.0,15.6,0.0,40
919000,521,459,24.1,24.0,0.0,16.0,23.9,7
919000,1360,61,48.0,0.1,0.0,15.9,0.1,3
919000,530,58,48.3,0.1,0.0,15.7,0.1,8
920000,950,1491,47.9,0.0,0.0,15.9,0.0,89
920000,766,664,48.1,0.0,0.0,15.7,0.0,51
920000,1599,488,48.3,0.0,0.0,15.6,0.0,38
920000,521,374,24.3,23.8,0.0,15.8,23.6,14
920000,530,137,48.3,0.0,0.0,15.7,0.0,11
920000,1360,63,48.4,0.0,0.0,15.6,0.0,7
921000,950,1392,48.0,0.0,0.0,15.8,0.0,82
921000,766,717,48.1,0.0,0.0,15.7,0.0,46
921000,1599,508,48.4,0.0,0.0,15.6,0.0,38
921000,521,393,24.0,23.8,0.0,16.1,23.7,17
921000,530,107,47.6,0.0,0.0,16.4,0.0,9
921000,1360,50,48.4,0.0,0.0,15.6,0.0,6
922000,950,1371,48.0,0.0,0.0,15.9,0.0,96
922000,766,657,48.2,0.0,0.0,15.7,0.0,49
922000,1599,557,48.3,0.1,0.0,15.6,0.1,38
922000,521,437,24.1,23.9,0.0,15.9,23.7,11
922000,530,117,48.1,0.1,0.0,15.7,0.1,17
922000,1360,33,48.8,0.0,0.0,15.1,0.0,8
923000,950,1364,47.8,0.0,0.0,16.0,0.0,84
923000,766,677,48.1,0.0,0.0,15.7,0.0,51
923000,1599,602,48.1,0.0,0.0,15.8,0.0,35
923000,521,399,24.1,23.9,0.0,15.9,23.7,13
923000,530,127,47.8,0.1,0.0,16.1,0.1,16
923000,1360,39,47.9,0.1,0.0,16.0,0.1,7
924000,950,1451,47.8,0.0,0.0,15.9,0.0,82
924000,766,719,48.1,0.0,0.0,15.8,0.0,47
924000,1599,489,48.2,0.0,0.0,15.7,0.0,31
924000,521,397,24.0,24.0,0.1,16.0,23.8,12
924000,530,111,48.0,0.2,0.0,15.9,0.2,15
924000,1360,35,48.1,0.0,0.0,15.9,0.0,3
925000,950,1451,47.9,0.0,0.0,15.8,0.0,90
925000,766,730,48.0,0.0,0.0,15.8,0.0,54
925000,1599,466,48.2,0.1,0.0,15.7,0.1,47
925000,521,396,24.1,23.8,0.0,16.0,23.4,19
925000,530,99,48.1,0.1,0.0,15.8,0.1,11
925000,1775,82,48.2,0.0,0.0,15.8,0.0,5
925000,1360,48,48.0,0.0,0.0,16.0,0.0,6
926000,950,1313,48.0,0.0,0.0,15.8,0.0,72
926000,766,760,48.1,0.0,0.0,15.7,0.0,42
926000,1599,483,48.2,0.0,0.0,15.7,0.0,35
926000,521,452,24.0,24.0,0.0,15.9,23.7,16
926000,1775,118,48.0,0.2,0.0,15.8,0.2,10
926000,530,85,48.2,0.0,0.0,15.7,0.0,9
926000,1360,24,48.2,0.0,0.0,15.8,0.0,4
927000,950,1433,48.0,0.0,0.0,15.9,0.0,78
927000,766,638,48.1,0.0,0.0,15.8,0.0,47
927000,1599,515,48.1,0.0,0.0,15.8,0.0,43
927000,521,392,24.0,24.0,0.0,16.0,23.9,7
927000,1775,222,48.0,0.3,0.0,15.8,0.1,20
927000,1360,23,48.2,0.0,0.0,15.8,0.0,4
928000,950,1400,47.9,0.0,0.0,15.9,0.0,82
928000,766,674,48.0,0.0,0.0,15.9,0.0,38
928000,1599,515,48.2,0.0,0.0,15.8,0.0,33
928000,521,394,23.9,24.0,0.0,16.0,23.8,8
928000,1775,273,47.8,0.1,0.0,16.0,0.1,30
928000,1360,18,46.9,0.0,0.0,17.1,0.0,5
929000,950,1471,47.6,0.0,0.0,16.0,0.0,82
929000,766,673,48.1,0.0,0.0,15.7,0.0,46
929000,1599,504,48.2,0.0,0.0,15.7,0.0,33
929000,521,394,24.2,23.8,0.0,15.9,23.7,13
929000,1775,148,48.0,0.3,0.0,15.7,0.1,16
929000,1360,24,48.1,0.0,0.0,15.9,0.0,4
930000,950,1440,47.8,0.0,0.0,15.9,0.0,86
930000,766,717,48.1,0.0,0.0,15.7,0.0,50
930000,1599,461,48.1,0.0,0.0,15.8,0.0,34
930000,521,367,24.2,23.7,0.0,16.0,23.6,10
930000,1775,294,48.1,0.2,0.0,15.7,0.1,35
930000,1360,34,47.8,0.3,0.0,16.0,0.3,4
931000,950,1359,47.9,0.0,0.0,15.9,0.0,77
931000,766,675,47.9,0.0,0.0,15.9,0.0,35
931000,1599,539,48.1,0.0,0.0,15.8,0.0,40
931000,521,371,23.6,24.2,0.0,16.2,23.5,16
931000,1775,298,48.0,0.1,0.0,15.8,0.1,37
931000,1360,52,47.5,0.2,0.0,16.3,0.1,5
932000,950,1366,47.7,0.0,0.0,16.0,0.0,86
932000,766,688,47.9,0.0,0.0,15.7,0.0,49
932000,1599,553,48.2,0.0,0.0,15.8,0.0,46
932000,521,374,24.5,23.8,0.0,15.7,23.5,17
932000,1775,201,47.8,0.2,0.0,15.8,0.2,26
932000,1360,51,48.3,0.0,0.0,15.7,0.0,5
933000,950,1237,47.8,0.0,0.0,15.9,0.0,77
933000,766,701,48.1,0.0,0.0,15.7,0.0,50
933000,1599,603,48.2,0.0,0.0,15.7,0.0,48
933000,521,410,24.1,23.9,0.0,15.9,23.7,14
933000,1775,220,48.2,0.1,0.0,15.7,0.1,22
933000,1360,54,48.6,0.1,0.0,15.3,0.1,11
934000,950,1378,48.0,0.0,0.0,15.9,0.0,75
934000,766,639,47.9,0.0,0.0,15.8,0.0,39
934000,1599,594,48.2,0.0,0.0,15.7,0.0,43
934000,521,429,24.2,23.8,0.0,15.9,23.6,18
934000,1775,214,48.0,0.0,0.0,15.9,0.0,22
934000,1360,33,48.4,0.0,0.0,15.6,0.0,6
935000,950,1334,47.9,0.0,0.0,15.9,0.0,63
935000,766,679,48.1,0.0,0.0,15.8,0.0,46
935000,1599,582,48.2,0.1,0.0,15.7,0.1,41
935000,521,376,24.2,23.8,0.0,15.9,23.6,18
935000,1775,212,47.9,0.2,0.0,15.9,0.1,25
935000,1360,34,48.3,0.0,0.0,15.7,0.0,6
936000,950,1359,47.8,0.0,0.0,15.9,0.0,83
936000,766,683,48.0,0.0,0.0,15.8,0.0,50
936000,1599,531,48.3,0.0,0.0,15.7,0.0,35
936000,521,388,24.0,24.0,0.0,16.0,23.8,8
936000,1775,314,48.0,0.2,0.0,15.9,0.1,23
936000,1360,20,47.8,0.0,0.0,16.2,0.0,4
937000,950,1357,47.8,0.0,0.0,15.9,0.0,77
937000,766,640,48.0,0.0,0.0,15.8,0.0,43
937000,1599,583,48.1,0.0,0.0,15.9,0.0,33
937000,521,388,24.1,24.0,0.0,15.9,23.9,9
937000,1775,311,48.2,0.0,0.0,15.8,0.0,28
937000,1360,16,48.5,0.0,0.0,15.5,0.0,3
938000,950,1406,47.9,0.0,0.0,15.9,0.0,76
938000,766,688,48.0,0.0,0.0,15.7,0.0,44
938000,1599,560,48.1,0.1,0.0,15.7,0.1,43
938000,521,390,23.8,24.0,0.0,16.1,23.5,18
938000,1775,290,48.0,0.1,0.0,15.9,0.1,20
938000,1360,14,48.0,0.0,0.0,16.0,0.0,1
939000,950,1408,48.0,0.0,0.0,15.8,0.0,82
939000,766,647,48.1,0.0,0.0,15.8,0.0,40
939000,1599,601,48.2,0.0,0.0,15.7,0.0,48
939000,521,335,24.1,23.8,0.0,16.0,23.4,19
939000,1775,310,48.0,0.3,0.0,15.7,0.1,35
939000,1783,6,48.0,0.0,0.0,16.0,0.0,1
939000,1360,5,48.0,0.0,0.0,16.0,0.0,2
940000,950,1412,47.8,0.0,0.0,16.0,0.0,91
940000,766,671,48.1,0.0,0.0,15.8,0.0,46
940000,1599,588,48.1,0.0,0.0,15.8,0.0,37
940000,521,371,24.0,23.9,0.0,16.1,23.9,7
940000,1775,269,48.1,0.1,0.0,15.8,0.1,23
940000,1360,8,48.0,0.0,0.0,16.0,0.0,1
941000,950,1463,48.1,0.0,0.0,15.8,0.0,80
941000,766,671,48.1,0.0,0.0,15.7,0.0,44
941000,1599,468,48.2,0.0,0.0,15.7,0.0,41
941000,521,415,24.1,23.9,0.0,16.0,23.7,12
941000,1775,242,48.1,0.1,0.0,15.8,0.1,21
941000,1360,7,48.0,0.0,0.0,16.0,0.0,1
942000,950,1495,47.9,0.0,0.0,16.0,0.0,91
942000,766,675,48.1,0.0,0.0,15.7,0.0,47
942000,1599,433,48.0,0.0,0.0,15.9,0.0,28
942000,521,387,24.2,23.9,0.0,15.9,23.7,16
942000,1775,253,48.1,0.2,0.0,15.7,0.2,27
942000,1360,7,48.4,0.0,0.0,15.6,0.0,3
943000,950,1474,47.6,0.0,0.0,16.0,0.0,94
943000,766,666,47.9,0.0,0.0,15.9,0.0,43
943000,1599,437,48.0,0.0,0.0,15.9,0.0,31
943000,521,302,23.9,24.1,0.0,16.0,23.8,9
943000,1775,268,48.0,0.1,0.0,15.9,0.1,21
944000,950,1539,47.2,0.0,0.0,16.0,0.0,98
944000,766,611,48.1,0.1,0.0,15.8,0.1,34
944000,1599,520,48.2,0.0,0.0,15.7,0.0,37
944000,521,369,24.3,23.8,0.0,15.9,23.8,10
944000,1775,163,48.0,0.2,0.0,15.8,0.2,20
945000,950,1531,47.9,0.0,0.0,15.9,0.0,93
945000,766,600,48.0,0.1,0.0,15.7,0.1,42
945000,1599,417,48.1,0.0,0.0,15.8,0.0,23
945000,521,392,24.2,23.9,0.0,15.9,23.8,8
945000,1775,295,48.2,0.0,0.0,15.8,0.0,19
946000,950,1525,47.6,0.1,0.0,16.1,0.0,90
946000,766,562,48.1,0.0,0.0,15.8,0.0,34
946000,1599,556,48.1,0.1,0.0,15.8,0.1,31
946000,521,368,24.1,24.0,0.0,15.9,23.8,11
946000,1775,186,47.8,0.2,0.0,16.0,0.1,16
947000,950,1640,47.7,0.0,0.0,16.1,0.0,103
947000,766,572,48.1,0.0,0.0,15.8,0.0,39
947000,1599,514,48.1,0.0,0.0,15.9,0.0,23
947000,521,361,23.9,24.0,0.0,16.0,23.9,7
947000,1775,152,48.1,0.1,0.0,15.8,0.1,17
948000,950,1613,48.1,0.0,0.0,15.8,0.0,79
948000,766,618,48.1,0.0,0.0,15.8,0.0,27
948000,1599,491,48.0,0.0,0.0,15.8,0.0,29
948000,521,423,24.2,23.8,0.0,15.9,23.6,17
948000,1775,103,48.1,0.0,0.0,15.8,0.0,10
949000,950,1567,47.8,0.0,0.0,15.9,0.0,95
949000,766,637,48.0,0.0,0.0,15.9,0.0,38
949000,1599,510,48.1,0.0,0.0,15.9,0.0,27
949000,521,402,24.0,24.0,0.0,16.0,23.8,11
949000,1775,119,48.0,0.1,0.0,15.9,0.1,15
949000,1787,81,48.0,0.0,0.0,16.0,0.0,2
950000,950,1520,47.9,0.0,0.0,15.9,0.0,97
950000,1599,667,48.0,0.0,0.0,15.9,0.0,42
950000,766,573,48.0,0.0,0.0,15.8,0.0,42
950000,521,407,24.3,23.9,0.0,15.8,23.7,14
950000,1775,123,48.2,0.1,0.0,15.7,0.1,12
951000,950,1558,47.7,0.0,0.0,15.9,0.0,99
951000,766,564,48.0,0.0,0.0,15.8,0.0,30
951000,1599,525,48.1,0.0,0.0,15.8,0.0,41
951000,521,405,23.9,24.0,0.0,16.1,23.8,9
951000,1775,86,47.9,0.5,0.0,15.6,0.4,11
952000,950,1560,47.9,0.0,0.0,15.9,0.0,101
952000,1599,596,48.1,0.0,0.0,15.9,0.0,40
952000,766,582,47.9,0.0,0.0,15.8,0.0,42
952000,521,339,24.5,23.7,0.0,15.8,23.5,12
952000,1775,78,48.1,0.0,0.0,15.9,0.0,3
953000,950,1578,47.9,0.0,0.0,16.0,0.0,79
953000,1599,682,48.2,0.0,0.0,15.7,0.0,51
953000,766,505,48.1,0.0,0.0,15.9,0.0,24
953000,521,333,23.9,24.1,0.0,15.9,23.9,6
953000,1775,130,48.4,0.0,0.0,15.6,0.0,14
954000,950,1466,48.1,0.0,0.0,15.9,0.0,66
954000,1599,662,48.2,0.0,0.0,15.8,0.0,53
954000,766,560,48.1,0.0,0.0,15.7,0.0,43
954000,521,384,23.9,24.0,0.0,16.2,23.7,9
954000,1775,121,48.5,0.0,0.0,15.5,0.0,12
955000,950,1469,48.0,0.0,0.0,15.8,0.0,79
955000,1599,699,48.0,0.0,0.0,15.8,0.0,42
955000,766,576,47.9,0.0,0.0,15.9,0.0,38
955000,521,409,24.3,23.8,0.0,15.9,23.8,10
955000,1792,65,48.4,0.0,0.0,15.6,0.0,4
955000,1775,58,48.6,0.0,0.0,15.4,0.0,7
956000,950,1438,47.9,0.0,0.0,15.9,0.0,72
956000,1599,644,48.2,0.0,0.0,15.7,0.0,44
956000,766,588,48.2,0.0,0.0,15.8,0.0,35
956000,521,395,24.0,23.9,0.0,16.1,23.7,13
956000,1775,135,48.2,0.0,0.0,15.8,0.0,9
956000,1792,90,48.1,0.1,0.0,15.8,0.1,7
957000,950,1469,48.1,0.0,0.0,15.8,0.0,77
957000,1599,663,48.1,0.0,0.0,15.8,0.0,42
957000,766,541,48.0,0.0,0.0,15.8,0.0,31
957000,521,396,24.3,23.8,0.0,15.9,23.7,16
957000,1775,138,48.4,0.0,0.0,15.6,0.0,8
957000,1792,81,48.1,0.0,0.0,15.9,0.0,3
958000,950,1421,47.9,0.0,0.0,15.9,0.0,86
958000,1599,669,48.2,0.0,0.0,15.8,0.0,40
958000,766,564,48.1,0.0,0.0,15.8,0.0,36
958000,521,415,23.9,24.2,0.0,15.9,23.8,11
958000,1775,126,47.6,0.2,0.0,16.2,0.2,17
958000,1792,79,47.9,0.0,0.1,16.0,0.0,5
959000,950,1460,48.0,0.0,0.0,15.9,0.0,86
959000,1599,720,48.1,0.0,0.0,15.8,0.0,39
959000,766,566,48.1,0.0,0.0,15.8,0.0,37
959000,521,361,24.4,23.9,0.0,15.7,23.8,11
959000,1775,134,47.9,0.1,0.0,15.9,0.1,13
959000,1792,80,48.0,0.0,0.0,16.0,0.0,11
960000,950,1390,48.0,0.0,0.0,15.9,0.0,74
960000,766,658,48.1,0.0,0.0,15.8,0.0,42
960000,1599,626,48.0,0.0,0.0,15.9,0.0,38
960000,521,395,24.2,23.8,0.0,16.0,23.7,16
960000,1775,170,48.2,0.1,0.0,15.7,0.1,15
960000,1792,45,48.3,0.0,0.0,15.7,0.0,4
961000,950,1466,47.9,0.0,0.0,15.9,0.0,87
961000,1599,647,48.1,0.0,0.0,15.8,0.0,37
961000,766,633,48.1,0.0,0.0,15.7,0.0,32
961000,521,390,23.9,24.0,0.0,16.1,23.8,5
961000,1775,154,48.0,0.1,0.0,15.9,0.1,13
961000,1792,24,47.9,0.0,0.0,16.1,0.0,4
962000,950,1400,47.8,0.0,0.0,16.0,0.0,88
962000,1599,664,48.0,0.0,0.0,15.9,0.0,43
962000,766,609,48.1,0.0,0.0,15.8,0.0,31
962000,521,377,24.2,23.9,0.0,15.9,23.8,11
962000,1775,187,48.2,0.1,0.0,15.8,0.1,16
962000,1792,60,48.1,0.0,0.0,15.9,0.0,3
963000,950,1428,48.0,0.0,0.0,15.9,0.0,89
963000,1599,632,48.3,0.0,0.0,15.7,0.0,44
963000,766,620,47.9,0.0,0.0,15.8,0.0,41
963000,521,410,24.1,24.0,0.0,15.9,23.9,8
963000,1775,196,47.9,0.0,0.0,16.0,0.0,16
963000,1792,38,48.2,0.0,0.0,15.7,0.0,7
964000,950,1406,48.0,0.0,0.0,15.9,0.0,78
964000,1599,668,48.2,0.0,0.0,15.8,0.0,45
964000,766,585,47.8,0.1,0.0,15.8,0.1,38
964000,521,409,24.0,23.9,0.0,16.1,23.8,9
964000,1775,151,48.2,0.1,0.0,15.7,0.1,17
964000,1792,34,47.4,0.0,0.0,16.0,0.0,5
965000,950,1466,47.9,0.0,0.0,15.9,0.0,83
965000,1599,645,48.2,0.1,0.0,15.7,0.1,43
965000,766,589,48.0,0.0,0.0,15.9,0.0,32
965000,521,402,24.0,23.9,0.0,16.1,23.6,12
965000,1775,131,48.1,0.1,0.0,15.8,0.1,11
965000,1792,37,48.0,0.0,0.0,16.0,0.0,2
966000,950,1411,48.1,0.0,0.0,15.8,0.0,75
966000,766,636,48.1,0.0,0.0,15.8,0.0,41
966000,521,394,24.1,24.0,0.0,15.9,23.8,7
966000,1599,351,48.1,0.0,0.0,15.9,0.0,24
966000,1775,112,48.2,0.0,0.0,15.8,0.0,8
966000,1792,35,47.6,0.2,0.0,16.2,0.2,2
967000,950,1550,48.0,0.0,0.0,15.8,0.0,80
967000,766,569,48.0,0.0,0.0,15.8,0.0,35
967000,521,431,24.0,23.9,0.0,16.0,23.8,10
967000,1599,305,48.1,0.0,0.0,15.8,0.0,21
967000,1775,114,47.8,0.1,0.0,16.1,0.1,12
967000,1792,42,48.4,0.0,0.0,15.5,0.0,4
968000,950,1443,47.9,0.0,0.0,16.0,0.0,84
968000,766,639,48.0,0.0,0.0,15.9,0.0,43
968000,521,402,24.1,23.9,0.0,15.9,23.8,6
968000,1599,387,48.2,0.1,0.0,15.7,0.1,27
968000,1775,213,48.1,0.0,0.0,15.8,0.0,19
968000,1792,34,47.5,0.0,0.0,16.0,0.0,6
969000,950,1441,47.8,0.0,0.0,15.9,0.0,104
969000,766,671,48.1,0.0,0.0,15.8,0.0,47
969000,1599,612,48.0,0.1,0.0,15.9,0.1,45
969000,521,324,23.9,24.1,0.0,16.0,23.8,10
969000,1775,197,48.0,0.1,0.0,15.9,0.1,15
969000,1792,31,47.8,0.0,0.0,16.2,0.0,4
970000,950,1533,48.0,0.0,0.0,15.9,0.0,95
970000,766,659,48.1,0.0,0.0,15.7,0.0,49
970000,1599,491,48.2,0.0,0.0,15.8,0.0,38
970000,521,383,23.7,24.1,0.0,16.1,23.6,12
970000,1775,184,48.2,0.0,0.0,15.8,0.0,12
970000,1792,42,48.8,0.0,0.0,15.2,0.0,4
971000,950,1559,47.9,0.0,0.0,15.9,0.0,93
971000,766,663,48.1,0.0,0.0,15.7,0.0,41
971000,521,392,24.2,24.0,0.0,15.8,23.8,9
971000,1599,313,48.0,0.0,0.0,15.8,0.0,23
971000,1775,152,48.2,0.0,0.0,15.8,0.0,14
971000,1792,43,48.2,0.0,0.0,15.8,0.0,3
972000,950,1546,47.9,0.0,0.0,16.0,0.0,79
972000,766,715,47.9,0.0,0.0,15.9,0.0,42
972000,521,409,24.2,23.7,0.0,16.0,23.6,19
972000,1599,271,48.1,0.0,0.0,15.8,0.0,19
972000,1775,165,48.2,0.1,0.0,15.7,0.1,18
972000,1792,38,48.5,0.0,0.0,15.5,0.0,3
973000,950,1488,47.9,0.0,0.0,15.9,0.0,84
973000,766,692,48.0,0.0,0.0,15.9,0.0,41
973000,521,363,24.0,24.0,0.0,15.9,23.8,8
973000,1599,289,48.0,0.1,0.0,15.9,0.1,29
973000,1775,178,47.9,0.2,0.0,15.8,0.2,19
973000,1792,42,47.5,0.4,0.0,16.0,0.2,5
974000,950,1505,47.8,0.0,0.0,15.9,0.0,83
974000,766,636,47.8,0.0,0.0,15.9,0.0,48
974000,521,430,24.0,23.9,0.0,16.0,23.7,13
974000,1599,323,48.2,0.0,0.0,15.7,0.0,26
974000,1775,165,48.3,0.1,0.0,15.7,0.1,15
974000,1792,21,48.1,0.0,0.0,15.9,0.0,2
975000,950,1546,47.8,0.0,0.0,16.0,0.0,96
975000,766,665,48.1,0.0,0.0,15.8,0.0,36
975000,1599,522,48.1,0.1,0.0,15.8,0.1,33
975000,521,399,24.2,23.9,0.0,15.9,23.8,8
975000,1775,157,48.2,0.0,0.0,15.8,0.0,19
975000,1792,26,47.9,0.0,0.0,16.1,0.0,3
976000,950,1552,48.0,0.0,0.0,15.8,0.0,89
976000,766,648,48.0,0.0,0.0,15.9,0.0,31
976000,521,393,23.9,24.0,0.0,16.1,23.9,9
976000,1599,297,48.2,0.1,0.0,15.7,0.1,20
976000,1775,121,48.2,0.2,0.0,15.6,0.1,12
976000,1792,26,47.9,0.0,0.0,16.1,0.0,4
977000,950,1528,47.8,0.0,0.0,16.0,0.0,90
977000,766,660,48.0,0.0,0.0,15.8,0.0,47
977000,1599,533,48.1,0.0,0.0,15.8,0.0,40
977000,521,404,23.9,24.0,0.0,16.1,23.7,12
977000,1775,144,48.2,0.1,0.0,15.7,0.1,16
977000,1792,26,47.5,0.1,0.0,16.4,0.1,3
978000,950,1467,48.1,0.0,0.0,15.8,0.0,78
978000,766,673,47.9,0.0,0.0,15.8,0.0,44
978000,1599,536,48.0,0.0,0.0,15.9,0.0,46
978000,521,407,24.0,24.0,0.0,15.9,23.7,12
978000,1775,130,48.3,0.1,0.0,15.6,0.1,14
978000,1792,33,48.0,0.0,0.0,15.9,0.0,6
979000,950,1470,48.0,0.0,0.0,15.9,0.0,85
979000,766,694,48.1,0.0,0.0,15.8,0.0,43
979000,1599,562,48.1,0.0,0.0,15.8,0.0,36
979000,521,449,24.2,23.9,0.0,15.9,23.8,12
979000,1775,118,48.2,0.1,0.1,15.7,0.1,7
979000,1792,26,48.1,0.0,0.0,15.9,0.0,3
980000,950,1476,48.0,0.0,0.0,15.9,0.0,91
980000,766,683,48.2,0.0,0.0,15.6,0.0,45
980000,1599,567,48.0,0.0,0.0,16.0,0.0,35
980000,521,427,23.9,24.0,0.0,16.1,23.7,16
980000,1775,100,48.0,0.1,0.0,15.9,0.1,10
980000,1792,38,48.3,0.1,0.0,15.6,0.1,5
981000,950,1510,48.0,0.0,0.0,15.9,0.0,73
981000,766,724,48.1,0.0,0.0,15.8,0.0,47
981000,1599,485,48.0,0.0,0.0,16.0,0.0,45
981000,521,405,23.9,24.0,0.0,16.1,23.8,10
981000,1775,139,48.0,0.1,0.0,16.0,0.1,13
981000,1792,32,47.9,0.0,0.0,15.8,0.0,3
982000,950,1559,47.9,0.0,0.0,15.9,0.0,102
982000,766,639,48.0,0.0,0.0,15.9,0.0,30
982000,1599,440,48.1,0.0,0.0,15.9,0.0,28
982000,521,419,24.1,23.8,0.0,16.0,23.6,14
982000,1775,190,47.7,0.4,0.0,15.9,0.3,16
982000,1792,8,49.1,0.0,0.0,14.9,0.0,2
983000,950,1535,47.8,0.0,0.0,16.0,0.0,100
983000,766,671,47.9,0.0,0.0,15.8,0.0,48
983000,1599,443,48.2,0.1,0.0,15.8,0.1,31
983000,521,405,24.1,23.9,0.0,16.0,23.8,11
983000,1775,198,47.5,0.3,0.0,16.1,0.2,18
983000,1792,33,47.6,0.1,0.0,16.2,0.1,3
984000,950,1546,47.2,0.1,0.0,16.2,0.1,110
984000,766,669,48.1,0.0,0.0,15.8,0.0,45
984000,1599,481,48.1,0.0,0.0,15.9,0.0,39
984000,521,355,23.8,24.0,0.0,16.1,23.7,7
984000,1775,229,46.2,0.7,0.0,17.1,0.7,34
984000,1792,37,48.2,0.0,0.0,15.8,0.0,5
985000,950,1591,46.4,0.0,0.0,16.8,0.0,145
985000,766,659,47.9,0.0,0.0,15.8,0.0,45
985000,1599,444,48.1,0.0,0.0,15.8,0.0,37
985000,521,369,24.0,24.0,0.0,16.0,23.8,11
985000,1775,209,48.1,0.1,0.0,15.8,0.1,12
985000,1792,40,48.2,0.0,0.0,15.5,0.0,5
986000,950,1469,48.1,0.0,0.0,15.8,0.0,73
986000,766,656,48.2,0.0,0.0,15.8,0.0,41
986000,1599,479,48.1,0.1,0.0,15.8,0.1,56
986000,521,423,24.0,24.0,0.0,16.0,23.9,8
986000,1775,212,47.8,0.0,0.0,15.9,0.0,21
986000,1792,35,47.7,0.4,0.0,15.9,0.4,3
987000,950,1513,48.1,0.0,0.0,15.8,0.0,82
987000,766,649,48.2,0.0,0.0,15.7,0.0,44
987000,521,439,24.0,24.0,0.0,16.0,23.7,17
987000,1775,240,48.2,0.2,0.0,15.6,0.2,25
987000,1599,237,48.2,0.0,0.0,15.8,0.0,20
987000,1792,22,48.3,0.0,0.0,15.7,0.0,3
988000,950,1452,47.8,0.0,0.0,16.0,0.0,86
988000,766,713,48.0,0.0,0.0,15.8,0.0,46
988000,1599,422,48.2,0.1,0.0,15.7,0.1,38
988000,521,400,24.1,23.9,0.0,16.0,23.8,14
988000,1775,237,48.2,0.1,0.0,15.6,0.1,21
988000,1792,38,46.7,0.4,0.0,16.8,0.4,10
989000,950,1576,47.8,0.0,0.0,16.0,0.0,90
989000,766,645,48.1,0.0,0.0,15.6,0.0,47
989000,521,370,24.0,23.9,0.0,16.0,23.6,12
989000,1775,248,48.3,0.1,0.0,15.7,0.1,23
989000,1599,235,48.2,0.0,0.0,15.8,0.0,23
989000,1792,31,48.2,0.0,0.0,15.8,0.0,3
990000,950,1517,47.7,0.0,0.0,16.1,0.0,103
990000,766,611,48.1,0.0,0.0,15.8,0.0,37
990000,1599,471,48.4,0.0,0.0,15.5,0.0,41
990000,521,425,24.0,24.1,0.0,15.9,23.6,18
990000,1775,253,48.2,0.0,0.0,15.8,0.0,17
990000,1792,39,47.8,0.0,0.0,15.8,0.0,5
991000,950,1427,47.9,0.0,0.0,15.9,0.0,83
991000,766,679,48.1,0.0,0.0,15.8,0.0,45
991000,521,404,24.2,23.9,0.0,15.9,23.8,9
991000,1599,358,48.3,0.1,0.0,15.6,0.1,35
991000,1775,236,48.1,0.0,0.0,15.8,0.0,18
991000,1792,41,47.6,0.0,0.0,15.3,0.0,7
992000,950,1475,47.9,0.0,0.0,16.0,0.0,77
992000,766,650,48.0,0.0,0.0,15.8,0.0,44
992000,521,441,24.1,23.9,0.0,15.9,23.8,11
992000,1599,314,48.2,0.0,0.0,15.8,0.0,23
992000,1775,229,48.3,0.0,0.0,15.6,0.0,19
992000,1792,31,48.3,0.0,0.0,15.7,0.0,3
993000,950,1434,47.9,0.0,0.0,15.9,0.0,83
993000,766,609,48.1,0.0,0.0,15.8,0.0,32
993000,1599,535,48.0,0.0,0.0,15.9,0.0,35
993000,521,465,24.1,24.0,0.0,16.0,23.8,11
993000,1775,208,48.2,0.1,0.0,15.7,0.1,20
993000,1792,38,47.6,0.0,0.0,16.4,0.0,2
994000,950,1454,47.8,0.0,0.0,16.0,0.0,94
994000,1599,605,48.1,0.1,0.0,15.8,0.1,42
994000,766,551,48.1,0.0,0.0,15.7,0.0,35
994000,521,428,24.0,23.9,0.0,16.0,23.9,12
994000,1775,227,48.4,0.1,0.0,15.5,0.1,19
994000,1792,27,48.4,0.0,0.0,15.6,0.0,2
995000,950,1443,48.1,0.0,0.0,15.7,0.0,87
995000,766,683,48.1,0.0,0.0,15.7,0.0,37
995000,1599,541,48.1,0.0,0.0,15.8,0.0,48
995000,521,426,24.0,23.9,0.0,16.1,23.8,9
995000,1775,197,48.4,0.0,0.0,15.6,0.0,17
995000,1792,30,48.2,0.0,0.0,15.8,0.0,2
996000,950,1365,47.9,0.1,0.0,15.8,0.0,94
996000,1599,647,48.2,0.0,0.0,15.7,0.0,46
996000,766,621,48.0,0.0,0.0,15.8,0.0,40
996000,521,370,24.0,24.0,0.0,15.9,23.9,8
996000,1775,203,48.0,0.1,0.0,15.9,0.1,23
996000,1792,22,48.0,0.0,0.0,16.0,0.0,3
997000,950,1297,47.8,0.0,0.0,16.0,0.0,77
997000,1599,750,48.1,0.0,0.0,15.8,0.0,44
997000,766,679,48.1,0.0,0.0,15.8,0.0,49
997000,521,362,24.1,23.9,0.0,16.0,23.9,8
997000,1775,217,47.5,0.2,0.0,16.3,0.2,31
997000,1792,15,48.0,0.0,0.0,16.0,0.0,1
998000,950,1407,47.8,0.0,0.0,16.0,0.0,88
998000,1599,666,48.0,0.1,0.0,15.9,0.1,45
998000,766,609,48.1,0.0,0.0,15.7,0.0,44
998000,521,371,24.2,23.9,0.0,15.9,23.7,13
998000,1775,198,48.1,0.1,0.0,15.8,0.1,16
998000,1792,30,47.9,0.0,0.0,16.1,0.0,2
999000,950,1363,48.0,0.1,0.0,15.8,0.0,86
999000,1599,706,48.3,0.0,0.0,15.7,0.0,54
999000,766,609,48.1,0.0,0.0,15.8,0.0,35
999000,521,404,24.0,24.0,0.0,16.0,23.8,8
999000,1775,199,48.3,0.1,0.0,15.7,0.1,18
999000,1792,21,48.1,0.0,0.0,15.9,0.0,3
1000000,950,1366,47.9,0.0,0.0,15.9,0.0,93
1000000,1599,768,48.2,0.0,0.0,15.8,0.0,53
1000000,766,590,47.9,0.0,0.0,15.8,0.0,40
1000000,521,397,24.0,24.0,0.0,16.0,23.7,12
1000000,1775,165,48.3,0.0,0.0,15.7,0.0,15
1000000,1792,28,48.3,0.0,0.0,15.7,0.0,5
