step,nodes (8 by 8, row by row)
1000,-1.438,0.284,-0.470,1.168,-0.279,0.349,-2.385,-1.243,0.568,0.300,-0.033,-0.563,-1.027,2.223,-1.273,-0.584,-0.466,0.253,0.737,0.713,0.029,-2.210,0.715,1.204,-1.008,1.736,-0.268,0.419,-1.004,-1.612,0.647,-0.323,-0.250,0.150,0.513,0.384,-0.228,0.294,-0.772,1.974,-0.728,-0.184,-0.164,1.595,0.498,-1.717,1.599,0.197,0.550,0.077,-0.379,-0.630,0.701,-0.880,0.871,-1.097,0.744,-0.006,0.364,1.641,-1.516,-0.600,0.488,-0.598
2000,-1.246,0.412,-0.419,-1.564,-1.047,-0.376,-2.636,-0.548,0.723,0.574,0.081,-0.401,-0.890,1.378,-1.353,-0.052,-0.491,-0.257,0.413,1.209,-0.661,-1.816,0.365,1.260,-1.950,1.751,-0.018,1.297,-1.460,-1.951,0.057,-0.090,0.713,0.703,0.232,-0.691,-0.201,0.355,-0.708,1.756,0.258,0.813,0.156,0.037,0.407,-1.456,0.837,-0.069,0.271,0.220,0.602,-1.216,-0.137,-2.039,-0.256,-0.531,-0.257,-0.238,-0.083,1.206,-1.366,-0.931,-0.788,-0.701
3000,-0.443,-1.422,-0.145,-0.616,-1.183,0.300,-1.290,0.914,1.378,2.395,-0.863,-0.555,0.145,0.139,-1.007,1.160,-1.084,0.274,1.035,0.717,-1.247,-1.431,-0.187,0.613,-1.067,0.864,0.280,-0.027,-1.378,-1.566,1.086,-0.873,0.731,0.878,0.258,-0.140,0.787,-0.380,-1.204,1.694,0.469,1.572,-0.397,0.206,-0.030,0.428,0.140,0.107,0.007,-0.561,-0.049,-0.033,-0.151,-2.738,-0.505,0.192,-0.104,-1.174,-0.414,0.358,-1.312,-0.555,-0.815,-2.316
4000,-0.932,-1.195,0.286,1.513,-1.594,-0.251,-1.609,1.218,-0.101,1.293,-1.973,-1.273,0.423,-0.624,-0.211,0.234,0.856,0.374,0.981,0.892,-0.330,-1.243,-0.344,0.812,-0.656,-0.122,0.482,0.267,-1.606,-1.217,0.082,-0.339,1.200,0.363,0.405,0.538,0.345,-1.048,-2.028,0.804,0.530,1.894,-0.356,0.149,0.110,-0.854,0.382,0.955,-0.647,-0.023,0.138,0.598,-0.382,-1.391,-0.485,0.561,0.110,0.140,-0.312,1.186,0.443,-1.625,-1.411,-0.003
5000,0.505,-1.217,1.286,0.819,-0.551,-1.033,-1.762,0.901,0.986,0.734,-0.882,-1.856,-1.101,-0.753,0.408,-0.296,0.707,0.155,1.207,1.196,0.043,-2.045,-1.315,0.056,-0.634,0.173,-0.094,-0.084,-1.420,-1.104,0.003,-1.150,0.377,0.317,0.556,0.104,0.545,-0.822,-0.299,-0.400,0.468,1.597,-0.650,0.266,-1.375,-1.290,0.665,0.748,0.022,-0.489,0.332,1.298,0.925,-0.722,0.237,0.713,-0.324,-0.653,0.702,1.067,0.068,-0.104,-0.279,0.403
6000,-0.049,-0.374,0.532,0.759,-0.198,-0.746,-1.149,0.701,0.446,0.346,0.384,-1.033,-1.293,-1.077,0.342,0.077,1.247,0.546,1.835,1.028,0.051,-1.337,-1.112,0.404,0.074,0.336,0.942,0.763,-1.674,0.182,0.093,-1.154,0.690,-0.635,0.208,0.557,0.652,0.099,-0.795,-0.164,0.065,2.427,-1.676,-0.748,0.213,-0.929,-0.210,0.137,0.396,-0.101,-0.109,-0.315,0.738,-0.475,-0.297,-0.135,-0.340,-0.388,1.453,-0.080,0.868,-0.486,1.118,-0.123
7000,0.713,-0.193,-0.293,0.328,0.331,-0.659,-1.068,0.975,-0.532,0.407,0.757,0.518,0.099,-0.091,-0.322,-0.689,0.126,-0.433,1.170,1.011,-0.485,-2.356,-0.800,0.523,-0.115,-0.943,1.724,0.437,-1.582,0.952,0.459,-1.794,0.901,-0.429,-0.651,0.241,0.314,1.313,-0.044,0.818,-0.151,2.491,-0.446,-0.824,-0.003,-0.850,-0.826,0.409,-0.895,-1.288,-1.135,-1.475,-0.909,-1.707,0.214,-1.851,0.499,-0.093,0.624,-0.154,1.639,1.357,1.716,-1.249
8000,1.013,0.071,-0.730,-0.183,1.579,-0.039,-1.054,2.573,-0.176,0.265,-0.029,1.109,0.989,1.072,0.408,-0.677,-0.051,-0.519,1.693,1.092,0.143,-1.338,-1.389,1.232,0.333,0.539,1.786,0.882,-1.509,-0.428,0.910,-1.015,1.271,0.094,-0.005,0.464,0.417,0.557,0.201,0.790,0.594,2.320,0.831,-1.147,0.767,-1.266,0.774,0.769,-0.540,-1.209,-2.215,-1.237,-0.062,-1.667,0.834,-2.641,0.481,0.279,0.647,-1.057,1.841,0.985,1.507,-0.317
9000,-0.392,1.746,-0.426,-0.982,2.231,-1.601,0.167,0.969,0.450,-1.247,1.375,0.478,-0.038,1.609,-0.388,-0.373,-0.217,0.091,1.177,0.376,-1.387,-1.717,-0.774,1.438,0.341,0.195,1.731,0.749,-1.796,-0.210,-0.751,-0.521,0.204,0.234,-0.477,0.593,0.371,0.566,0.851,-0.335,0.550,2.453,0.725,0.525,0.261,-0.244,0.417,1.541,1.091,-0.167,-1.557,0.027,0.380,-0.808,0.391,-1.455,0.173,-0.649,1.371,0.882,1.097,2.134,1.037,0.319
10000,-1.006,0.755,0.341,0.055,2.343,-2.217,0.833,1.101,0.893,0.750,0.769,-1.086,-0.484,1.949,0.291,0.706,-0.989,0.342,1.279,-0.435,-1.516,0.259,-0.047,-0.274,0.330,-0.067,1.597,0.641,-1.446,-0.429,-0.271,0.614,-0.272,-0.525,-0.148,-0.220,-0.575,1.403,1.317,-0.083,0.783,1.381,0.719,0.033,-1.040,0.323,-0.689,-0.060,1.590,-0.375,-0.884,-0.370,-0.027,-0.637,-0.828,-0.185,0.079,-0.202,0.446,-0.634,1.121,0.272,0.333,0.421
11000,-0.557,0.049,0.127,-0.291,1.453,-2.051,0.176,0.820,1.526,1.312,-0.237,-2.002,-0.732,0.132,-1.646,0.846,-1.749,0.053,-0.103,0.014,-0.970,-0.448,0.124,-0.168,0.191,0.431,-0.205,0.671,-1.815,-0.925,-0.217,1.433,-0.230,0.221,-0.226,0.465,-1.414,1.565,-0.457,0.460,-0.341,2.415,0.959,0.099,-0.669,0.102,-0.760,0.173,1.012,0.237,-0.710,-0.332,-0.578,-0.827,-0.619,-0.484,-0.067,-0.803,-0.895,-0.540,0.574,1.660,0.290,0.678
12000,0.716,0.891,1.234,0.921,2.344,-0.570,-0.128,0.457,2.295,1.941,-0.177,-1.371,0.446,-0.343,-1.621,-0.501,-2.118,0.233,-0.607,0.454,0.127,0.367,-1.158,-0.080,1.260,-0.127,-0.966,0.040,-0.628,-1.876,-0.353,0.793,0.692,-0.072,-0.103,0.277,-1.812,0.863,-1.124,-0.434,0.680,2.151,1.365,0.513,-1.236,-0.365,-0.580,-0.410,1.315,-0.119,-1.410,-1.468,0.264,-1.401,-0.725,-0.795,0.128,0.928,0.002,-0.341,0.008,0.890,-0.275,-0.184
13000,0.214,0.747,2.028,0.955,1.444,-0.920,0.744,-0.633,1.807,0.512,0.303,-1.052,-0.746,0.470,-1.719,-0.632,0.302,-0.165,-0.522,0.203,0.574,-0.840,-0.633,-0.214,1.711,0.497,-0.335,-0.190,0.509,-1.364,-0.539,0.698,1.313,-0.260,0.393,0.062,-1.217,-0.214,-1.957,-1.620,0.193,1.193,0.602,0.075,-0.988,-0.060,0.034,0.081,0.259,1.594,-0.705,-1.996,-1.496,-0.725,0.390,-1.789,-0.485,0.446,0.842,-0.786,-0.265,-0.497,-0.005,-0.216
14000,-0.404,0.219,2.118,0.205,1.057,0.054,-1.070,-0.252,1.712,0.944,0.302,-0.641,-0.351,1.806,-0.280,-0.148,-0.274,-0.954,-0.009,0.235,0.202,-1.374,0.327,-0.935,1.395,0.632,0.214,0.158,0.347,-0.789,-0.579,1.025,1.848,-1.363,1.674,-0.200,-1.353,-0.380,-2.598,-0.742,0.191,1.497,1.002,-0.086,-1.999,0.924,0.133,-0.272,0.927,1.232,0.325,-0.399,-1.445,-0.265,-0.620,-2.893,0.082,0.419,0.365,-1.100,-0.721,-0.048,-0.012,-1.238
15000,-0.610,-0.146,1.394,-0.402,1.838,-0.319,0.822,0.834,0.792,1.742,-0.146,-1.220,0.260,1.710,-0.393,0.018,-1.302,-2.062,1.148,0.669,-1.095,-0.457,-0.604,0.055,1.090,0.424,1.136,0.213,-0.859,-1.103,-0.711,0.183,1.697,-0.805,1.289,-0.202,-0.260,-0.458,-1.360,-1.370,-0.310,0.882,0.297,-0.560,-0.954,1.230,-0.479,0.626,-0.061,0.230,1.498,-1.795,1.660,-0.464,-1.690,-2.387,-0.603,-0.071,0.535,-1.453,0.228,-1.377,0.169,-0.812
16000,-0.714,-0.660,2.126,1.165,0.652,0.482,0.593,-0.375,0.268,0.928,-0.396,-0.920,0.696,1.410,-0.512,1.938,-0.914,-2.393,1.125,0.269,0.294,-0.351,0.328,-1.318,-0.673,0.797,0.497,-0.640,-1.362,-1.654,-1.738,0.065,0.332,-1.587,0.598,-1.044,-2.074,0.476,0.217,-0.398,-0.061,0.448,0.291,-0.259,-1.290,0.747,-0.421,-0.994,-1.604,0.563,2.011,-0.308,2.423,0.074,-0.987,-0.703,-1.399,0.302,0.565,-1.121,-0.356,-0.781,-1.161,-1.263
17000,0.067,-0.596,0.774,1.244,0.489,1.298,1.603,-0.705,-0.560,1.176,-0.002,0.813,0.918,0.654,-2.531,1.422,-1.092,-1.635,0.653,0.401,-0.265,-0.697,-0.531,0.048,-1.111,0.208,-0.052,-0.948,-1.491,-0.517,-0.199,0.539,0.173,-1.389,-0.490,-1.202,-0.815,0.137,-0.428,-0.126,-0.354,1.058,1.689,-0.917,-1.210,1.086,-0.496,-2.618,-1.997,1.495,2.186,1.281,2.562,0.430,-0.513,-0.301,-0.753,0.424,1.338,-1.885,-0.536,0.283,-0.365,-0.993
18000,-0.380,-1.117,0.933,0.839,-0.153,0.667,2.791,-0.020,0.106,-0.717,-0.290,1.360,0.350,1.150,-3.071,2.094,-1.251,0.302,-0.144,0.071,0.101,-0.890,-0.288,-1.476,0.024,0.691,1.001,-0.067,-1.320,-0.276,-0.304,1.492,-0.222,-1.789,-1.099,-1.048,-0.580,0.989,-0.311,0.822,0.630,1.122,2.058,-0.121,-0.964,0.667,-1.389,-1.276,-1.794,0.416,1.213,1.939,2.289,1.038,-0.980,0.906,-1.424,0.097,1.622,-1.130,0.764,0.556,-0.681,-1.184
19000,0.051,-0.256,1.421,0.132,0.176,1.102,2.176,0.925,0.397,-1.170,-1.317,0.381,0.367,2.735,-2.995,3.447,-1.326,1.315,-0.249,-0.790,0.355,-1.529,-0.478,-2.627,-0.312,1.078,1.251,0.105,-1.148,-0.812,0.329,1.406,-0.982,-0.696,0.388,-1.376,-0.324,1.626,-0.670,-0.120,-1.656,0.728,1.589,-0.787,-2.352,0.426,-0.941,-0.770,-0.402,0.704,2.301,0.888,1.691,1.342,-0.099,0.406,-2.106,0.707,0.506,-1.470,0.690,0.959,-1.033,-0.337
20000,1.024,-0.169,1.463,0.209,1.287,0.014,1.569,-0.381,-0.211,-1.026,-0.154,0.337,-0.160,3.054,-2.987,0.847,-1.839,-0.019,-0.325,-0.599,1.086,-0.615,-0.572,-2.403,1.310,2.019,0.398,0.418,-0.541,0.192,0.939,2.383,-2.785,0.019,-0.750,-0.435,0.202,1.879,-0.458,0.025,-1.913,0.787,0.052,-0.948,-1.755,0.984,-0.494,-1.262,-0.860,0.466,1.011,0.747,2.980,1.438,-0.732,0.105,-0.753,0.887,1.343,-0.920,1.160,0.532,-0.632,-0.521
21000,1.417,0.939,1.521,-1.299,0.159,-0.179,1.496,-1.588,0.002,-0.230,0.226,0.155,-0.082,2.065,-2.500,0.855,-1.535,0.135,-0.924,-0.439,0.838,0.744,-1.122,-0.895,-0.048,2.001,1.007,1.360,-1.605,-0.405,1.232,3.010,-2.274,-0.445,-0.644,0.452,-0.404,1.166,-1.280,-2.192,-0.648,0.262,0.294,-1.696,-2.300,0.168,-0.828,-0.847,-1.547,1.528,0.047,0.933,1.622,0.685,-0.686,-0.927,-0.653,0.612,0.552,-0.471,0.360,0.020,-1.034,-0.520
22000,1.196,0.675,0.783,-0.313,0.940,-0.557,1.055,0.240,-0.721,-1.111,0.229,0.270,0.259,1.922,-2.595,0.069,-1.521,-0.449,-1.117,-0.030,0.068,-0.686,-0.356,-1.070,2.166,1.533,0.975,0.986,-0.923,-0.208,1.595,2.620,-1.339,-0.909,0.522,1.246,0.455,1.324,-1.465,-1.270,-0.913,0.054,0.546,-0.667,-1.455,0.953,-0.695,-1.102,-1.455,0.804,0.932,1.356,0.099,0.245,1.027,0.144,0.740,0.159,1.174,-0.887,0.474,-2.195,0.535,-0.315
23000,0.766,-1.213,1.188,-0.479,0.658,-0.714,0.908,-0.274,-1.033,-1.672,-0.034,-0.822,0.426,1.531,-2.290,-0.044,-0.799,-0.934,-1.718,0.502,0.046,-1.577,0.124,-0.939,1.473,1.627,0.503,0.261,-0.471,-0.057,2.019,1.891,0.130,-1.961,1.012,1.558,0.044,0.941,-1.531,-1.148,0.223,-0.948,1.197,-0.324,-1.513,0.131,-0.708,-0.103,-0.524,1.760,0.458,2.246,-0.791,0.492,0.972,0.104,0.730,0.445,0.443,-0.827,0.135,-2.158,1.244,1.209
24000,0.783,-1.037,0.662,0.386,1.663,-0.681,0.950,0.076,0.166,-1.214,0.438,0.243,0.520,1.205,-2.218,-2.415,-0.841,-0.904,-1.624,0.360,0.534,-1.517,-0.874,-1.673,0.909,0.470,1.295,0.277,-0.952,-0.095,-0.005,1.865,-0.673,-0.170,0.104,1.769,0.235,1.536,-1.664,-0.608,-1.012,-0.615,1.436,-1.046,-2.075,0.500,-0.148,-0.160,-0.292,1.038,0.871,2.274,-0.348,-0.978,0.824,0.187,0.866,-0.074,0.687,-1.815,-0.070,-1.056,1.485,0.890
25000,0.348,-2.002,1.079,1.231,0.939,-0.800,0.213,0.431,1.017,-1.057,1.048,0.252,2.086,1.056,-1.324,-1.751,-0.329,-0.993,-2.273,0.055,0.300,-0.678,-1.433,-1.787,0.397,1.160,1.292,-0.437,-0.282,-1.697,-0.644,1.101,-0.339,0.996,0.629,1.260,-0.464,1.379,-1.406,0.637,-1.703,0.952,0.087,-0.726,-0.358,0.480,0.016,-1.466,0.620,1.143,0.884,0.507,-0.733,-0.006,1.104,0.343,1.151,-0.178,-0.713,-1.228,0.245,-1.786,1.004,0.886
26000,0.072,-1.147,0.982,1.182,0.869,-0.467,0.204,1.360,1.718,-0.632,1.266,1.047,1.200,0.752,-1.337,-1.766,-0.888,-2.424,-1.460,-0.934,0.597,-1.271,-2.120,-1.087,-0.140,-0.276,-0.154,0.956,-0.314,-1.136,-0.113,1.144,-1.519,1.196,0.345,2.705,-0.004,0.834,-1.393,0.335,-1.021,0.999,0.080,-0.565,-0.459,0.928,0.079,-0.697,1.826,0.808,0.744,0.124,-0.853,-0.328,1.618,1.474,0.995,1.287,0.133,-0.195,0.384,-0.859,-0.177,1.231
27000,1.046,-1.934,0.557,0.604,1.057,-0.742,0.759,2.065,1.489,-0.628,1.711,-0.289,1.691,-0.820,-1.471,-1.076,0.694,-2.079,-0.545,-1.394,-0.559,-1.046,-1.935,-1.070,-0.994,0.802,-0.736,1.577,-0.389,-0.776,0.235,-0.267,-0.919,0.743,-0.528,1.093,0.047,0.281,-1.551,0.831,-0.713,0.746,1.039,-0.857,-0.266,-0.578,0.908,-0.020,1.744,0.586,-0.565,0.248,0.380,-0.250,1.713,-0.187,0.687,0.898,-0.737,0.489,-0.216,-0.049,0.632,-0.009
28000,1.607,-1.055,-0.180,0.397,0.669,-0.523,0.374,2.232,0.746,-0.091,0.768,0.137,0.853,-0.162,-2.526,-0.780,0.117,-1.123,0.591,-0.783,-0.831,-0.390,-0.002,-1.126,-0.149,0.343,-1.295,1.615,-0.380,-0.457,0.171,0.231,-1.500,-0.002,0.590,0.373,0.384,0.437,-2.086,0.193,-1.367,-0.089,1.144,-0.882,-0.738,-0.947,1.087,-0.555,1.555,1.300,-0.135,2.067,-0.738,1.429,1.183,0.927,1.059,0.547,-0.030,1.187,-0.146,-0.150,0.445,-0.326
29000,0.220,-1.304,-0.757,1.114,0.816,-0.524,0.158,1.680,1.847,-1.056,0.548,0.815,-0.343,-0.551,-2.678,-0.558,-0.639,-0.856,0.185,-0.784,-0.270,-0.681,1.356,-1.589,-0.621,0.996,-1.412,0.496,-0.484,-1.341,-0.120,0.317,-0.838,-1.109,-0.058,0.920,-1.258,0.409,-1.565,-1.450,-0.736,0.836,-0.024,-2.007,0.036,-0.223,-0.663,-0.507,1.957,1.559,-0.133,1.656,0.184,1.742,0.606,-0.165,0.714,-0.365,-0.622,0.199,-0.518,-1.427,0.435,-1.084
30000,-0.287,-0.026,-0.465,1.118,0.869,-0.798,0.121,1.514,2.312,-2.007,-0.246,0.807,-1.304,-0.290,-1.484,0.383,-0.777,-1.706,-0.866,-1.176,0.050,-0.277,0.999,-2.295,-0.638,0.712,-0.195,-0.419,-1.226,-0.924,-0.819,1.156,-0.132,-0.502,-0.079,2.104,0.030,-0.217,-1.506,0.286,-0.134,1.144,-0.513,-0.664,-0.294,-0.848,-0.729,-0.359,0.908,1.287,-0.093,0.657,0.555,1.486,0.525,-0.641,0.699,0.740,-1.117,-0.525,-0.645,-0.313,-0.746,-1.897
31000,-0.840,0.199,0.455,1.717,0.617,0.091,0.316,0.707,1.568,-0.904,-0.410,-1.186,-1.299,-0.372,0.257,-0.136,-2.365,-0.844,-0.349,-1.297,0.063,-0.865,1.982,-1.715,-1.169,1.849,-1.086,1.020,0.221,-1.251,-1.234,0.667,-0.433,-1.232,0.535,1.378,-0.049,-0.448,-0.155,-1.021,-0.795,0.847,-0.655,-0.303,-0.624,-1.922,-1.191,-0.220,-0.789,1.755,-0.074,-0.636,-0.156,0.437,-0.309,-0.456,0.311,1.190,-1.856,-0.036,-1.838,0.223,-0.406,-1.202
32000,-0.662,0.791,-0.058,0.436,2.128,0.010,-0.473,-0.586,0.887,-0.696,0.253,-0.870,-1.003,-0.249,1.353,0.089,-2.608,0.388,-1.117,-0.877,0.298,-0.814,1.821,-0.434,-1.784,1.758,-2.275,2.096,-0.768,-1.008,-0.366,0.928,-0.401,-2.245,1.064,1.560,0.086,0.074,-0.321,-0.455,-0.700,0.362,0.082,-0.188,-0.204,-1.747,-0.772,0.165,-0.862,0.488,1.106,-0.555,-0.453,0.219,-0.501,-0.286,-0.245,1.236,-2.170,-1.215,-2.720,1.362,-0.853,-1.347
33000,-1.160,-0.019,-0.427,1.068,1.737,-0.479,-1.129,-0.279,-0.387,-1.305,0.077,-1.092,-0.690,-0.134,1.035,0.414,-1.723,-0.311,-0.380,-1.419,0.568,0.047,0.536,-1.040,-1.248,1.763,-1.899,1.617,-1.262,-0.664,0.002,-0.003,-0.396,-1.697,1.193,2.027,-0.609,-1.051,-0.181,0.550,-1.053,0.903,0.670,0.555,-0.710,-1.572,-0.218,0.046,-0.487,1.754,0.944,0.308,0.017,0.627,-0.504,-0.931,0.418,1.110,-0.844,0.315,-2.439,1.580,-0.463,-1.433
34000,-0.320,-0.357,0.499,1.004,0.498,-1.997,-1.101,-0.856,-0.094,-0.401,0.105,-0.705,-0.605,1.679,1.224,0.151,-1.171,0.012,-1.742,-0.597,0.615,0.453,0.523,-0.942,-0.594,1.056,-2.294,2.209,-1.424,-0.546,0.021,-0.274,-1.800,0.032,0.981,2.288,-0.524,-0.223,-0.306,1.030,-0.036,0.921,-0.281,0.028,-1.656,-1.638,-0.717,-0.138,-0.374,1.751,0.256,-0.520,1.046,-0.069,0.390,1.036,-0.977,0.616,0.259,-0.528,-1.567,-0.003,0.306,-1.339
35000,-0.493,-1.129,-0.023,1.656,0.563,-1.458,0.130,-0.407,0.980,0.419,-0.153,-0.175,0.236,0.067,0.717,-1.355,0.427,0.482,-2.195,-1.740,-0.029,1.690,0.559,-1.367,-0.294,1.707,-1.614,1.775,-1.444,-1.210,0.905,0.193,-3.116,0.039,0.706,0.830,-1.301,0.117,-0.053,0.965,-0.640,0.978,0.289,0.192,-1.601,-2.178,-0.220,0.865,-2.231,1.844,-0.139,-1.031,0.496,1.485,1.167,-0.526,0.172,-0.410,0.214,-0.810,-1.071,-0.981,0.415,-2.593
36000,0.252,-1.174,-0.416,0.681,0.547,-1.124,0.399,0.194,-0.178,1.472,0.416,-0.377,0.251,-0.661,1.703,-1.525,0.758,0.075,-1.863,-1.786,-0.322,1.854,-0.899,-0.137,-0.439,0.156,-0.230,0.451,-1.676,-0.422,-0.309,0.556,-2.656,0.022,1.538,0.982,-0.907,-0.589,-0.573,-0.445,-0.428,1.130,-0.145,0.475,-1.761,-1.232,-0.295,1.411,-0.673,1.022,-0.197,0.670,-0.403,0.484,0.635,-0.589,-0.854,-0.412,-0.382,0.118,-1.182,-0.442,-0.332,-2.347
37000,1.869,-1.126,-0.254,1.284,1.170,-0.617,-0.567,1.105,0.202,1.299,0.837,-0.598,0.704,-0.567,2.334,-1.180,0.904,0.924,-2.296,-1.497,-2.464,1.978,-0.851,-0.103,0.019,1.181,-0.767,1.751,-2.127,-0.892,0.255,0.494,-1.668,-1.283,0.542,1.328,-0.927,0.157,-0.072,0.747,0.538,0.050,-1.226,1.585,-1.282,-0.855,0.202,1.624,-0.050,-0.906,-0.748,-0.412,-1.545,2.439,-0.169,-0.486,-0.162,-1.556,0.474,0.627,-0.426,-0.619,-0.363,-2.541
38000,0.571,-0.988,-2.083,0.084,-0.195,-0.779,-0.927,-0.025,1.204,0.855,0.631,-1.194,1.904,0.336,0.825,-1.960,0.522,0.012,-0.916,-0.671,-1.317,1.307,1.152,-0.635,0.580,1.548,-1.756,0.529,-1.314,-0.130,-0.714,1.456,-0.936,-1.870,-1.015,2.500,0.139,-0.401,-0.769,0.823,0.285,0.416,-1.459,0.405,-0.896,-0.800,-0.648,1.799,-0.795,-0.753,0.479,-0.284,-2.001,1.515,-0.099,0.039,0.263,-2.433,1.697,1.222,0.529,-0.717,0.632,-1.566
39000,-0.176,0.424,-0.685,0.736,0.171,-0.697,-1.156,0.429,0.089,0.405,1.033,-0.770,1.558,-0.338,0.702,-1.948,0.669,-0.303,-0.488,-0.747,0.396,0.913,1.848,-1.109,0.717,2.190,0.368,1.390,-0.419,0.098,-1.179,-0.361,-1.452,-2.539,-1.319,1.312,-0.595,-2.055,-0.488,1.022,0.222,0.175,-0.252,0.575,-0.377,-0.587,-0.961,1.226,0.050,-1.259,0.990,-0.604,-1.348,0.277,0.650,-0.869,-0.213,-1.926,2.201,0.986,-0.513,-1.416,0.288,-0.607
40000,-0.267,-0.652,-1.020,1.711,0.861,-0.712,0.416,0.194,0.025,1.428,1.276,-0.754,1.754,-0.923,-0.735,-1.415,0.476,0.028,-0.383,0.076,-1.046,1.173,2.142,-0.893,0.141,2.677,0.137,0.325,0.679,-0.365,-1.791,-0.614,0.069,-1.128,-2.734,1.978,-0.529,-1.595,-0.865,0.838,-0.067,0.059,-1.335,0.848,-0.394,-1.442,0.052,1.800,-0.162,-1.354,1.109,-0.988,-0.308,-0.405,1.344,-1.223,-0.194,-1.371,1.307,0.259,-1.111,-0.021,0.197,0.191
41000,-0.068,0.095,-1.208,2.011,-0.627,-1.356,0.225,0.263,0.960,1.051,0.443,-1.550,1.458,-0.176,-0.534,-1.102,-0.014,0.006,-0.348,0.027,-0.040,-0.641,1.288,-1.500,-1.053,1.468,-1.108,1.518,1.361,-0.762,-1.347,-1.129,0.330,-0.069,-1.496,1.680,-0.432,0.028,-0.922,0.669,0.068,1.363,-1.716,0.538,0.474,-0.660,0.846,0.670,-0.275,-0.356,0.793,-0.883,0.086,1.039,-0.585,-1.279,-1.089,0.478,1.448,-0.132,-1.949,-0.189,0.312,0.023
42000,-0.154,-0.024,-1.348,0.337,-0.423,-0.526,0.394,0.608,0.781,-0.416,0.720,-1.714,0.097,0.523,-0.590,-1.212,0.375,-0.451,0.448,-0.221,-1.141,-0.186,0.844,-1.089,-0.956,0.602,-0.504,2.323,0.957,-0.300,-0.680,-1.080,1.053,-0.459,-1.460,-0.254,-0.211,-0.941,-1.142,-0.369,-0.018,1.649,-1.066,0.905,0.467,0.831,0.743,0.478,-1.503,-0.587,1.423,-0.058,-0.551,0.374,-0.530,-1.803,0.152,-0.615,1.561,-1.013,-1.068,-1.186,0.637,0.479
43000,0.239,-0.015,-1.171,0.017,-0.252,-0.039,-0.166,0.625,1.570,-1.040,-0.780,-0.896,0.601,0.652,-1.026,-1.437,1.099,0.038,-0.692,-0.248,-0.126,-0.146,0.583,-0.896,-1.600,-0.519,-0.119,0.640,1.027,0.069,-0.176,-1.028,0.315,0.242,-0.251,0.351,-0.155,0.441,-0.115,-0.617,0.110,2.182,-1.363,-0.552,0.389,-0.383,0.953,-0.087,-0.387,0.063,0.677,-0.357,-1.441,0.332,-0.726,-1.206,-1.549,-1.136,0.607,-0.115,-1.749,-0.472,0.387,0.165
44000,-0.329,0.080,-1.304,0.709,0.181,0.530,0.918,0.957,0.974,-0.637,-0.915,-0.735,1.582,-0.755,-0.545,-0.931,0.957,1.093,-1.004,-0.701,-0.450,0.632,1.014,-0.496,-1.360,-1.628,-0.663,1.473,1.416,0.273,0.839,-0.237,0.475,1.488,0.151,-0.367,-1.134,-0.357,-0.169,-0.720,0.077,1.622,-1.174,-0.605,0.318,0.135,1.503,0.219,1.673,0.377,0.071,-0.589,-0.668,0.242,-0.496,-0.294,-1.974,-1.375,0.520,-0.094,-1.088,-0.672,0.072,-0.163
45000,0.103,0.009,-1.088,0.843,0.759,1.343,1.087,0.969,0.613,-1.381,-1.431,-0.576,0.743,0.515,-0.207,0.252,0.937,-0.108,-1.028,-1.611,-0.924,0.707,-0.093,-0.852,-1.391,-0.240,0.363,-0.496,0.360,-0.677,-1.184,-0.714,1.090,1.391,-0.394,-0.020,-0.999,-0.277,0.540,-1.383,1.221,2.188,-1.198,0.106,-0.893,0.930,0.174,-0.363,1.006,0.187,0.594,0.742,0.326,-0.415,-0.998,-1.278,-2.555,-1.009,0.464,0.386,-1.201,-0.335,0.559,-1.244
46000,1.116,-0.401,-1.338,-0.609,1.592,-0.033,1.052,0.443,0.644,-1.308,-1.377,-0.856,0.794,1.039,-0.289,-0.823,0.241,-0.436,-0.484,-0.021,-1.692,1.033,-0.417,0.176,-0.114,-0.370,0.223,-0.231,-1.035,-1.228,-0.988,-1.151,0.739,1.846,0.772,-0.317,-0.210,-0.359,0.573,-0.656,0.400,2.272,0.316,0.320,-0.746,1.445,-0.485,-0.642,1.595,0.684,0.269,1.071,1.616,0.122,-1.063,0.234,-1.748,-0.729,0.299,0.918,-1.412,0.086,0.623,0.596
47000,1.832,-0.415,0.096,-0.874,0.920,0.226,1.777,0.570,-0.613,-2.185,-0.898,-0.872,0.208,0.361,0.070,0.003,1.161,0.009,-0.641,0.111,0.186,1.023,0.276,0.153,-0.367,-0.424,0.835,-0.688,-0.778,-0.736,0.700,-0.377,-0.537,0.682,0.369,0.337,-0.416,-0.238,0.468,0.807,1.355,1.636,0.863,0.262,-1.373,0.492,-0.475,-0.374,2.077,0.687,0.187,0.937,1.736,-0.452,-0.537,0.039,-0.516,0.294,0.245,0.248,0.479,0.488,-0.429,0.021
48000,1.818,-0.300,0.014,-0.934,0.229,1.116,0.322,-0.385,-0.854,-1.388,-1.162,0.235,-0.963,0.581,0.061,-0.169,1.237,0.580,-0.737,-0.677,0.408,0.477,1.098,1.086,0.045,-1.031,-0.282,-0.169,0.345,-1.588,0.019,-0.182,0.131,0.843,0.877,-0.873,-0.093,-0.372,1.259,0.229,1.617,0.788,-0.967,0.335,-0.654,-0.423,0.426,-0.754,1.024,0.499,0.221,-0.800,2.151,0.356,-0.211,0.232,-0.078,-0.009,0.305,0.978,1.333,0.354,1.044,0.250
49000,0.680,-0.633,-0.745,-1.887,0.560,1.982,0.663,0.295,-0.069,-1.707,-1.101,-0.126,-0.445,-0.326,-0.782,-1.087,0.361,-0.027,0.532,0.072,-1.378,0.973,0.388,0.718,1.234,-0.512,-0.200,0.052,0.453,-0.404,-0.494,-1.564,0.184,1.210,1.161,0.001,-0.049,-0.449,0.910,0.534,1.402,0.030,-0.312,-0.282,0.019,-0.352,0.922,-1.129,1.448,-0.096,0.503,-1.545,1.588,0.942,0.554,0.420,-0.929,-0.198,-0.019,0.681,1.570,-0.625,0.225,-1.031
50000,0.619,0.648,0.288,-3.009,0.254,0.868,0.223,0.851,0.053,-0.997,-0.327,0.605,-0.946,-1.210,-0.445,-1.801,0.039,-0.575,1.458,0.214,-1.592,1.301,0.485,-0.059,0.997,-1.329,0.060,-1.299,1.280,-0.315,0.228,-1.352,0.762,2.535,0.600,0.836,-0.705,-1.104,-0.206,0.077,2.080,-0.810,-0.222,-0.385,0.701,0.425,0.288,-1.700,-0.159,-0.466,0.570,-1.944,0.416,0.917,0.302,0.018,-1.600,-0.402,0.703,0.871,1.071,-0.585,-0.050,-1.116
51000,-0.566,-0.460,0.149,-3.101,-0.200,0.620,0.244,0.038,-1.095,-0.527,-0.984,1.310,-1.409,-0.585,-1.421,-1.361,-1.091,0.165,1.253,0.161,-0.896,1.194,0.458,2.093,0.407,-1.283,0.480,-0.725,0.399,0.267,2.002,-1.638,-0.452,1.653,-0.197,1.178,1.805,-1.452,-0.831,0.506,1.686,0.271,0.356,0.174,-0.462,-0.433,0.534,-1.169,0.261,0.287,0.499,-1.948,0.796,0.491,0.476,-1.204,-0.871,-0.969,-0.433,1.076,1.125,-1.732,0.152,0.420
52000,0.617,-0.109,-0.038,-1.912,-0.791,0.369,1.187,1.094,-1.577,-1.614,-0.833,0.302,-0.487,-1.050,-1.717,-0.931,0.226,-0.153,0.148,-0.920,-1.288,1.774,-0.413,2.184,0.748,-1.958,1.707,-0.980,0.438,-0.852,1.274,-1.279,0.231,0.477,0.440,-0.009,1.679,-1.230,-0.597,-0.355,-0.404,-0.370,0.230,-0.363,0.549,-1.990,0.226,-0.430,-1.402,-0.986,0.130,-1.613,0.772,2.054,0.128,0.251,-0.695,0.182,-0.243,-0.591,0.351,0.207,1.681,0.810
53000,1.690,0.032,0.387,-1.645,-1.503,-0.649,2.105,0.059,-1.829,-1.124,-0.933,0.117,-0.195,-0.122,-1.060,-0.955,-0.916,0.768,-0.528,-0.586,-0.870,1.043,0.073,1.426,-0.657,-2.722,2.000,-0.688,0.409,-0.753,2.186,-1.284,1.205,0.625,0.003,0.645,-0.490,-0.436,-0.959,-0.306,-0.788,-1.235,-1.082,-1.334,0.423,-0.858,-0.130,1.065,-2.035,-1.000,-0.049,-1.642,1.131,2.582,1.052,1.137,-0.492,-0.224,-1.288,0.347,-0.805,0.174,0.194,0.195
54000,1.218,0.199,0.562,-1.425,-0.618,-0.875,1.339,-0.001,-2.094,0.671,-1.101,-0.429,-0.315,0.762,-0.962,-1.049,-1.427,0.230,-1.248,-0.516,-0.514,1.141,0.057,0.060,-0.313,-1.270,2.553,-0.914,-1.104,-1.111,1.835,0.378,-0.113,-0.618,-0.132,1.341,0.089,0.208,-0.589,-0.984,-0.812,0.345,-0.853,-0.621,-1.264,0.048,-0.287,-0.071,-0.335,-0.872,1.002,-0.648,-0.250,1.775,-0.045,0.406,-0.174,0.196,-0.367,-0.352,-1.409,-0.391,-0.649,0.097
55000,-0.453,0.418,0.812,-1.239,0.027,-0.718,0.962,-0.743,-0.819,-0.786,0.065,0.567,-1.018,0.078,-0.056,-1.189,-1.009,1.700,-1.238,-1.077,0.891,0.795,-0.151,0.366,1.362,0.144,1.866,-2.526,-2.039,-0.434,1.723,0.474,-0.081,-0.705,0.492,0.084,0.548,-0.733,-1.508,-1.326,-1.366,-0.799,-0.986,0.218,-0.377,0.054,-1.638,-0.480,-0.093,-0.549,0.160,-0.596,0.289,0.161,0.591,0.023,-1.350,1.652,-1.245,-0.234,-0.892,-0.026,-1.010,0.353
56000,-0.724,0.278,1.269,-0.680,0.473,-1.935,0.962,-1.771,-0.208,0.091,-1.392,-0.743,-1.000,0.125,-0.046,-1.978,-0.031,0.641,-1.412,-0.189,1.213,0.650,-0.778,0.524,0.872,0.522,1.237,-1.698,-1.130,0.201,1.052,0.669,-0.592,-0.239,0.138,0.508,0.916,-1.547,-0.546,-0.885,-0.996,0.291,-0.911,0.454,-0.254,1.342,-0.233,0.787,0.596,-0.611,-0.344,-1.102,-0.091,0.438,0.729,-0.948,-1.468,-0.803,-0.592,0.216,0.582,0.546,-0.542,0.711
57000,-1.116,0.627,1.926,-0.466,0.510,-1.574,0.292,-1.140,-0.532,0.663,-0.502,-1.507,-1.255,0.130,-0.659,-1.450,-1.428,0.585,0.220,0.099,0.375,0.393,-0.951,1.613,1.240,-0.976,0.305,-1.802,-0.686,-0.711,0.847,-0.477,0.230,-0.197,-0.573,0.314,1.325,-1.367,-0.374,-2.389,-0.234,-0.317,0.063,0.934,-0.156,0.645,-1.325,1.099,-0.058,-1.045,-0.247,-1.184,0.261,0.346,-0.390,-0.837,-1.789,-0.580,-0.994,-0.406,-0.476,0.962,-0.340,1.599
58000,-1.183,1.555,2.371,0.862,0.646,-0.749,0.176,-0.642,-0.879,0.963,-0.423,-0.207,-0.679,-0.611,-1.200,-1.552,-1.736,-0.047,0.804,-0.265,-0.241,0.832,-1.142,1.751,1.882,1.553,1.180,-1.886,-0.720,-1.328,0.968,-0.445,0.308,0.671,0.315,1.244,0.962,-0.385,-1.219,-2.133,0.189,-0.681,0.330,0.243,0.655,-0.207,-0.254,1.742,-0.275,0.107,-0.375,-1.149,0.534,-0.717,0.520,0.022,-1.414,-1.442,-0.538,-0.257,-1.457,0.457,0.369,0.735
59000,-0.655,0.410,0.751,0.844,0.558,-0.486,-0.369,-0.466,-1.022,1.786,-0.293,-0.616,-0.362,-0.435,-1.643,-0.010,-1.778,1.422,1.264,0.078,0.769,-0.378,0.122,1.706,0.037,1.194,1.132,-0.301,-1.323,-0.577,2.480,-1.129,-1.000,0.670,-0.254,1.045,1.196,0.132,-1.360,-2.167,-0.780,-0.376,0.257,0.789,-0.018,0.251,-1.267,0.866,0.129,-0.002,0.679,-0.525,-0.001,-1.125,-0.090,1.189,-1.797,-1.739,-1.069,0.475,-1.551,0.798,1.091,0.602
60000,-0.077,-0.430,1.236,1.901,0.193,0.657,0.183,-0.138,-0.455,2.043,0.448,0.978,0.571,0.833,-0.557,1.051,-0.659,1.006,-1.086,0.684,1.606,-1.020,0.077,1.116,-0.711,2.026,-0.028,-0.320,-0.806,0.260,2.707,-0.357,0.433,0.691,0.414,0.015,0.441,0.895,-1.675,-2.088,0.571,0.718,0.169,0.572,-0.726,-0.842,-1.214,-0.583,0.282,-0.263,1.113,-0.876,-0.524,-2.153,-1.137,1.848,-1.619,-0.751,-1.004,-0.950,-1.629,-0.777,1.370,0.601
61000,1.025,-0.542,1.324,0.614,0.153,1.628,0.217,-0.630,-1.290,0.354,1.444,0.530,0.417,-0.586,-0.685,0.538,-0.551,1.362,-1.378,0.620,0.445,-0.270,-0.156,1.229,-1.670,1.631,-0.929,-0.730,-0.351,-0.253,2.567,-0.233,0.114,0.562,-0.735,-0.329,0.897,1.977,-1.051,-1.262,1.060,0.822,1.118,0.888,-0.505,-0.596,-0.980,1.095,0.296,0.604,1.723,-0.807,0.012,-1.763,-0.449,1.652,-0.323,-0.786,-1.473,-0.951,-1.702,-0.438,0.913,1.192
62000,0.568,1.238,1.559,1.155,0.191,1.747,0.213,-0.098,-1.527,-0.327,0.625,-0.408,1.210,-0.117,-0.073,-0.575,-1.102,1.110,0.024,0.725,-0.620,-0.316,0.474,0.524,-1.548,0.524,-0.799,-1.647,0.089,-0.091,2.082,-0.571,0.549,-0.643,-0.659,-0.240,1.308,0.426,-1.181,-0.248,0.477,1.298,1.401,1.312,-0.550,-0.870,-1.411,1.293,1.052,-1.464,1.671,-0.983,0.368,-1.192,-1.304,2.354,-0.727,-0.936,-0.557,-0.411,-1.391,-0.283,0.628,1.077
63000,0.220,0.175,1.379,-0.409,0.611,1.039,-0.453,-0.266,-1.702,0.379,-0.068,0.120,0.305,-0.849,0.151,-0.390,-0.415,0.128,0.604,-0.170,0.835,-0.803,0.852,0.650,-0.576,-0.557,-0.766,0.852,-0.566,0.181,2.321,-0.509,1.489,0.026,-0.699,-0.033,1.017,0.830,-0.844,0.606,-0.295,-0.059,0.837,1.985,-0.596,-0.925,-0.434,0.617,1.609,-0.744,1.749,-0.236,0.441,-1.440,-0.721,2.858,-1.127,-0.750,-0.876,0.516,0.049,-1.253,0.200,1.520
64000,-0.262,-0.120,0.369,-2.000,-0.207,0.531,0.566,0.096,-1.921,-0.299,-0.671,0.042,0.464,-1.074,1.767,-0.189,0.363,-0.040,-0.934,-0.233,-0.509,-0.173,1.455,0.510,0.237,-0.718,-1.939,0.947,1.104,0.549,1.121,0.219,-0.166,1.333,-1.008,0.196,0.667,0.643,-0.754,1.176,-1.747,0.762,1.520,0.933,-1.928,-0.281,0.067,0.793,1.001,-0.298,0.880,0.069,-0.545,-1.157,-0.962,1.227,-0.967,0.205,-0.294,-0.225,0.168,-1.240,-0.555,1.379
65000,-0.473,0.111,0.741,-1.925,0.121,-0.226,0.795,-0.447,-0.362,-0.437,-0.748,-0.079,0.629,-0.935,0.501,-0.004,-0.470,-0.225,-0.619,-1.478,-0.235,-0.449,1.207,0.553,-0.493,-0.508,-0.942,0.862,0.414,0.601,0.085,0.491,-1.191,0.386,-0.477,0.749,0.904,0.367,0.399,0.629,-1.477,0.791,0.385,0.186,-1.304,1.181,-0.078,1.125,0.332,-0.323,1.010,0.068,-1.046,-0.333,0.598,-0.618,-0.748,1.027,-0.120,-0.595,-0.381,-0.732,-0.108,0.746
66000,-1.256,-1.144,0.606,-2.796,-0.879,0.812,0.695,0.081,1.059,-0.396,-1.067,-0.143,-0.032,-0.487,0.801,0.751,-0.040,0.842,-0.335,-1.242,-0.466,-0.361,0.848,0.388,0.034,-0.838,-1.171,0.277,0.108,-0.037,1.217,-0.074,-0.911,-1.601,-1.138,2.170,0.604,0.448,0.644,-0.017,-1.839,0.300,-0.000,-0.190,0.132,-0.176,-0.351,1.734,-0.471,-0.634,0.910,0.550,-1.013,-0.106,1.186,-0.758,-1.322,2.072,-0.234,-0.199,-0.813,-0.177,-0.053,1.346
67000,-2.260,-0.714,1.191,-1.151,-0.414,0.907,0.544,-1.318,0.925,-0.336,-0.673,0.050,-0.368,0.162,1.223,1.100,-0.768,0.537,0.498,-1.454,-0.588,-0.512,1.829,0.592,0.707,-0.425,-1.250,0.705,-0.368,-1.105,-0.062,0.434,-1.955,-1.576,-2.186,1.611,1.129,0.429,2.798,-0.885,-1.485,0.165,-0.222,-0.550,-0.361,0.448,0.599,1.234,-0.757,-2.160,0.784,0.690,-1.544,-0.109,1.445,-2.045,-2.154,1.660,0.313,-0.776,0.089,0.003,-0.228,0.750
68000,-1.775,-0.478,1.215,-1.375,-1.005,0.198,-0.745,-1.502,0.520,-0.253,-0.346,-1.172,0.853,-0.464,1.436,0.572,0.001,0.818,1.087,-1.539,-0.414,0.300,2.484,0.739,1.800,-0.947,-1.023,0.597,-0.513,-1.540,0.648,1.305,-0.561,-0.185,-1.572,0.880,0.526,-0.323,1.699,-0.363,-0.805,1.511,-0.795,-1.504,-0.380,0.592,-0.161,1.072,-0.429,-1.522,1.167,0.448,-1.374,0.409,0.685,-1.848,-2.162,0.643,0.798,-1.923,-0.685,0.446,0.247,2.278
69000,-0.438,-0.773,0.659,-0.376,-1.647,0.120,0.151,-1.383,0.086,-1.511,-0.616,-0.684,0.231,0.463,0.373,1.413,0.896,1.579,0.839,-1.617,-1.029,0.243,2.389,-0.006,1.625,0.009,-0.756,-0.279,0.202,-0.912,0.266,0.226,-1.041,0.330,-0.672,0.649,0.868,-0.445,1.114,0.061,-1.366,0.289,0.736,-0.994,-0.514,0.996,-0.743,1.517,0.182,-0.056,0.093,1.378,-0.497,0.676,0.505,-1.471,-1.010,0.315,-0.321,-1.845,-1.639,1.216,1.347,1.961
70000,0.938,0.489,1.059,0.279,-0.496,0.839,-0.097,-0.914,-0.008,-0.509,-0.253,-0.153,-0.416,0.617,0.213,1.791,-0.526,0.638,0.484,-1.162,-1.135,-0.387,1.855,-0.403,1.328,-0.633,-1.772,-0.306,-0.757,-0.203,0.623,1.281,-0.448,1.138,-0.892,0.790,1.314,-0.793,0.851,1.067,-1.431,0.458,-0.019,-0.488,0.500,0.298,-0.350,2.113,1.128,0.028,-0.280,1.518,-0.820,0.710,0.674,-0.824,-1.068,-0.392,-0.670,-1.583,-2.320,0.966,1.049,0.738
71000,0.583,0.867,0.207,0.248,-0.681,0.812,0.538,-0.547,-1.128,-1.012,-0.513,-0.003,0.604,1.940,0.886,2.000,-1.057,0.841,0.457,-0.880,0.434,0.534,0.718,-0.093,0.588,-0.244,-1.238,-0.331,-0.911,-0.340,1.150,-0.123,-1.263,0.325,-0.844,0.469,0.902,-0.684,1.180,0.401,-0.510,-0.265,-0.788,-1.633,1.012,-0.410,0.148,1.476,0.505,-0.596,-0.930,0.773,0.256,0.400,0.733,-0.203,-0.021,-0.412,-0.043,0.300,-2.147,0.959,0.611,0.394
72000,0.559,0.298,-0.118,0.417,0.074,-0.354,1.271,-0.262,-1.869,-1.053,0.016,0.526,1.105,1.204,-0.065,1.246,-0.852,0.866,0.141,-0.678,-0.503,0.020,0.327,0.147,1.088,-0.631,-0.987,-0.276,0.027,-0.500,0.505,-0.926,-1.256,-0.014,-0.362,0.723,1.094,-1.001,0.769,1.169,-0.094,0.004,-1.230,-1.333,0.663,-1.013,1.171,0.989,1.678,-0.099,-1.574,0.274,0.628,1.603,0.955,0.250,-0.405,-0.756,0.473,1.029,-0.641,-1.111,0.357,0.741
73000,0.188,0.337,-0.002,1.432,1.845,0.112,0.333,-0.451,-1.029,-0.600,0.160,-0.159,0.439,1.295,-1.282,1.042,-0.695,0.741,-0.164,1.017,-0.869,0.260,-0.908,0.124,0.948,-0.326,-0.310,-1.216,0.594,0.181,-0.328,-0.072,-0.109,-0.215,-0.692,-0.641,1.586,-1.055,0.983,0.345,-0.256,-0.060,-2.455,-0.009,-0.248,-1.540,1.178,1.050,1.668,0.435,-1.401,-0.180,0.355,0.360,0.926,1.583,-1.709,-1.215,-0.623,1.176,0.329,-1.532,0.282,0.389
74000,1.057,0.599,1.293,1.460,2.012,-0.793,0.047,1.063,-0.780,-0.168,0.547,-0.854,-0.370,0.640,0.405,1.640,-0.498,1.262,-0.521,1.060,0.085,1.323,-1.001,0.100,0.566,0.843,-1.479,-1.375,0.396,-0.441,-0.302,-0.216,0.044,0.153,-0.322,0.224,1.597,-1.274,0.473,-0.291,-0.641,0.793,-0.757,0.830,-0.743,-1.132,1.188,1.806,1.436,1.047,-0.684,-0.466,0.474,0.890,-0.456,1.233,-2.208,-2.046,0.249,0.554,0.182,-1.854,1.534,-0.301
75000,-0.768,0.351,0.892,2.868,1.635,-0.834,0.148,0.833,-0.031,-0.812,1.336,0.501,-0.168,0.858,-0.283,0.775,-1.227,0.550,0.064,1.702,0.033,0.930,-0.585,-1.011,0.182,1.984,-0.365,-0.378,1.049,0.596,-0.104,-0.743,-0.078,-0.152,0.755,-0.035,1.686,-0.374,-0.005,-0.320,0.082,0.613,0.421,-0.061,-0.420,-1.081,1.165,1.620,-0.264,0.395,-1.175,-0.811,0.033,0.550,0.443,0.939,-1.758,-0.014,-0.056,1.580,-0.884,-1.588,1.978,-0.334
76000,-0.563,0.501,1.180,0.425,1.127,-0.977,-0.239,0.629,0.684,-0.546,1.811,0.919,-0.803,0.344,0.146,1.095,-0.408,0.256,0.333,1.285,0.682,1.865,-1.169,-1.186,-0.165,1.952,-1.636,0.067,1.381,0.014,-1.115,-1.346,0.197,-0.047,1.257,1.089,0.508,0.087,-0.198,-0.742,-0.020,0.253,1.012,0.587,-0.423,0.481,1.664,0.271,0.117,-0.469,-0.437,0.216,-0.319,0.516,0.918,-0.342,0.229,-1.100,-0.016,0.305,0.115,-2.433,2.335,0.070
77000,0.954,0.523,2.145,1.669,1.634,-1.170,-0.815,1.508,0.345,0.817,1.404,0.007,-0.783,0.663,-0.057,1.988,-0.124,0.129,-0.851,0.535,0.045,2.302,-1.430,0.126,0.076,1.824,-2.148,-0.478,0.524,-1.837,-1.976,-1.173,0.225,-0.017,1.041,0.942,-0.953,0.632,-0.618,-1.240,1.115,0.038,-0.176,0.698,0.522,0.118,1.536,-0.388,0.394,0.794,0.526,1.196,-0.576,-0.087,0.359,-0.463,0.368,-0.151,0.947,0.225,-0.584,-1.429,2.149,-0.243
78000,1.162,-0.406,1.321,1.547,1.617,-1.668,-0.405,1.025,0.253,0.886,1.937,0.494,-0.485,0.011,-0.993,1.428,-0.004,-0.463,-0.784,1.380,-1.086,1.744,-2.298,-0.905,0.303,1.849,-1.530,-0.977,1.269,-2.329,0.073,-2.001,0.222,-0.742,-0.867,0.873,-0.080,1.089,0.438,-0.105,1.123,0.112,0.133,0.265,-0.550,0.360,1.322,-0.092,0.733,0.679,1.205,0.095,-1.205,-0.062,-0.939,-0.666,-0.247,-0.427,2.090,0.753,0.694,-0.872,0.939,-0.634
79000,1.204,-2.071,2.095,-0.127,1.741,-2.281,-0.679,-0.539,0.444,0.189,2.179,-0.214,0.022,-0.025,-0.554,2.471,-0.112,-0.606,-1.287,1.381,0.992,0.821,-1.969,0.839,0.920,0.877,-1.208,-1.135,-0.771,-1.484,-0.820,-1.297,-0.249,-0.247,-1.922,-0.174,-0.327,1.028,0.855,0.084,1.143,0.108,-0.386,-0.663,1.250,2.115,1.873,-1.045,2.150,1.160,2.430,-0.044,0.024,-0.769,0.875,0.118,-0.817,-0.583,1.221,1.399,1.143,-1.236,1.223,0.080
80000,1.071,-2.635,1.389,-0.580,0.465,-1.624,-1.106,-0.143,-0.128,1.068,1.084,-0.358,0.701,0.094,-2.427,1.524,-2.092,-0.630,-0.089,0.413,0.109,0.181,-1.147,0.316,-0.484,0.037,-2.380,-1.565,-1.542,-1.183,-0.982,-0.384,-0.471,0.378,-1.005,1.216,0.274,0.352,1.412,0.201,1.201,-0.002,0.697,-0.890,0.158,1.342,0.338,-0.604,1.008,1.597,1.940,-0.510,-0.195,-0.224,-0.256,0.303,0.123,-0.492,0.254,1.715,1.178,-0.693,1.408,0.544
81000,0.760,-2.374,0.537,-0.458,1.599,-0.758,-0.981,-0.182,-0.724,1.309,1.841,0.276,0.774,0.265,-1.482,3.333,-1.829,-0.544,-1.189,0.229,0.170,0.115,-0.797,-0.428,-1.421,-0.255,-2.160,-1.083,-0.651,-0.675,-0.647,-0.924,-1.360,0.000,-1.968,0.981,-0.704,-0.413,1.585,0.903,1.021,-0.159,1.840,-1.580,-0.680,1.668,-0.036,0.586,-1.397,0.650,2.262,0.460,-0.969,0.651,0.812,0.619,-1.317,-0.447,0.317,2.109,0.623,0.896,2.199,-0.112
82000,1.441,-1.554,1.045,0.081,1.671,0.037,-1.052,-1.168,-0.532,0.749,1.647,-0.449,0.357,1.325,-0.787,2.365,-1.199,-1.289,-0.574,-0.105,0.363,-0.929,-0.758,-0.078,-1.772,0.226,-0.655,-0.257,-0.426,-0.954,-1.736,0.017,-0.459,0.068,-1.835,1.750,0.364,-0.312,2.055,0.220,1.784,1.813,1.439,-1.537,-0.050,1.058,0.115,0.975,-0.220,0.633,0.282,-0.135,0.853,0.213,0.698,0.135,-1.388,-0.268,0.206,2.290,-0.540,1.399,1.166,0.563
83000,1.094,-0.897,-0.219,0.224,1.545,0.089,-1.185,-0.083,-0.561,1.137,1.644,0.080,1.828,0.647,0.099,0.910,-1.016,-1.199,0.571,-0.266,1.341,-0.944,-1.397,-1.243,-1.341,-0.420,-0.882,-0.440,-0.499,-1.021,-1.958,-0.351,0.228,-1.723,-1.875,1.643,1.117,0.681,3.185,0.031,2.053,1.933,1.429,-0.534,-0.229,1.749,0.460,0.733,0.400,0.680,0.027,-0.640,-0.694,0.577,0.401,0.179,-0.574,0.454,0.165,1.637,-1.237,0.718,2.322,0.401
84000,0.900,-0.952,-0.565,1.339,0.107,0.590,-1.208,-0.338,0.946,0.635,0.726,-0.665,0.936,-0.458,-0.369,0.658,-1.385,-0.668,1.047,-0.893,1.138,0.371,-1.813,-0.866,-1.258,-0.811,-0.275,0.960,-0.577,-1.575,-2.733,0.509,-0.315,-0.891,-1.329,2.389,0.316,1.311,3.417,-0.518,1.059,0.761,-0.156,-0.303,0.119,1.018,1.154,0.571,0.256,0.050,-0.137,-0.835,-0.081,0.579,1.300,-0.141,-0.770,0.494,0.249,1.869,-0.021,1.304,2.605,1.009
85000,0.196,-0.692,-1.100,1.124,-0.142,0.870,-0.527,-0.343,0.052,0.529,-0.091,-0.504,0.837,-0.785,-0.754,0.436,0.783,-0.294,0.148,-0.538,1.401,-1.100,-1.058,-0.274,-1.726,-1.179,1.099,-0.262,0.139,-1.416,-2.410,-0.890,0.242,-1.052,0.069,1.820,0.237,1.497,3.044,-0.712,0.390,0.704,-0.430,-1.379,0.561,-0.383,1.829,0.428,0.073,0.716,0.344,-0.588,-0.022,1.498,0.555,-0.865,0.289,0.792,-0.447,1.788,-1.595,2.342,2.071,1.211
86000,1.255,0.501,-1.193,0.772,-0.083,-0.310,0.025,-0.598,0.722,0.081,0.153,-0.237,-0.021,-1.468,-1.601,1.324,-1.058,1.117,0.180,-0.674,-0.014,-2.183,-0.879,-0.403,-1.564,-0.167,0.172,-1.188,0.894,-0.803,0.107,-1.061,0.866,-0.627,-1.119,0.694,0.001,0.645,2.725,-0.993,-0.066,1.214,0.267,-2.735,0.281,-0.930,0.621,0.017,-0.595,0.825,0.418,-1.513,0.331,1.040,-0.499,-1.582,1.499,0.582,-0.559,1.488,-1.698,2.412,1.268,0.667
87000,1.069,0.035,-1.381,0.077,-1.039,0.115,-0.839,-0.133,-0.139,0.407,0.040,-0.572,0.373,0.113,-2.399,-0.056,-1.404,2.003,-0.436,0.167,-0.558,-0.055,-0.719,0.207,-1.846,0.164,2.224,0.029,0.897,-0.791,-0.148,-0.776,0.850,-1.483,-1.135,0.831,0.553,0.449,0.292,-0.535,0.247,1.559,0.760,-1.601,-0.338,-0.405,-0.299,0.273,-0.260,0.810,0.618,-1.204,0.309,1.420,-0.536,-1.506,0.929,1.274,-0.913,1.101,-0.606,0.042,1.442,-0.610
88000,1.332,-0.645,-0.219,-0.522,-0.115,0.591,-0.455,0.003,-0.412,1.273,0.820,-0.052,1.342,-0.876,-2.581,0.159,-0.687,1.061,-1.300,-0.331,-0.291,0.302,-2.577,-1.000,-0.605,-0.439,1.657,0.359,0.303,-0.376,-0.009,-0.924,0.383,-1.213,-1.520,1.224,0.398,0.362,0.530,0.394,-0.267,0.859,0.363,-0.987,0.159,-0.224,-1.900,0.986,-0.690,-0.645,-0.041,-2.003,1.156,1.651,-0.303,-1.204,0.154,0.811,-0.713,-0.064,-1.160,0.828,2.046,-0.884
89000,0.748,0.009,-0.047,-0.906,-0.786,-0.245,0.241,1.015,-0.247,0.995,-0.579,0.626,1.684,-0.381,-1.662,0.996,-0.493,0.048,-1.894,0.233,1.056,0.394,-1.829,-0.305,-0.571,0.022,1.123,-0.616,1.033,-0.398,-1.012,-0.839,-0.440,-0.839,-1.120,-0.381,0.281,-0.360,0.663,-0.997,-0.333,0.114,1.117,-0.239,0.356,-0.491,-1.188,0.247,-0.266,-0.878,0.351,-2.897,1.789,0.866,0.458,-0.774,0.307,1.486,0.116,-0.418,0.646,0.765,2.120,-0.192
90000,0.148,0.727,0.254,-0.022,0.126,0.117,-1.259,0.444,-0.770,1.213,0.001,1.529,1.092,-0.703,-1.884,0.636,-0.050,-0.715,-1.075,-0.266,1.732,0.056,-2.466,0.341,-0.071,-0.538,0.670,0.171,-0.001,-1.548,-0.800,-0.407,-0.165,-0.002,-1.739,-1.078,0.435,0.623,0.583,-0.602,0.385,-0.475,0.301,0.395,0.189,-0.369,-0.605,0.617,-0.340,0.477,0.916,-2.721,0.724,0.838,0.988,-0.856,1.604,1.099,-0.981,0.109,1.286,1.398,2.603,-0.634
91000,0.472,0.762,-0.091,0.078,0.690,-0.057,-1.554,0.943,0.461,1.219,1.119,1.646,0.756,-1.158,-2.624,-0.627,-0.473,-0.797,-1.023,0.401,0.349,-0.004,-1.357,-0.111,-0.132,-0.621,-0.315,-0.240,0.615,-0.766,-0.626,-1.367,-1.225,-0.409,-1.513,-1.346,0.326,1.591,0.151,-1.392,-0.123,-0.367,-0.356,0.244,-0.823,-0.086,-1.249,1.329,-0.135,-0.111,0.395,-2.659,1.137,-0.205,-0.020,0.173,0.044,-0.144,-1.284,-0.715,0.705,-0.097,1.878,0.646
92000,-0.357,0.914,-0.328,-0.339,1.308,0.205,0.315,1.574,0.756,0.830,-0.111,1.211,-0.049,-0.998,-1.865,0.283,-0.635,-0.187,0.013,0.254,-0.233,-1.311,-1.372,-0.343,0.147,-0.565,-0.646,-0.473,0.049,-0.851,-0.744,-0.773,-0.855,-1.058,-1.812,-1.738,-0.010,0.851,0.162,-1.510,0.865,-0.867,1.238,0.371,0.040,0.007,-1.514,0.947,0.071,-0.842,0.530,-1.522,-0.062,-1.735,0.226,0.079,-0.190,0.096,0.607,-1.055,0.024,0.229,1.805,1.250
93000,1.165,1.486,-1.245,-1.064,1.225,1.522,-0.200,0.761,0.037,0.230,0.095,1.776,0.931,-1.034,-1.522,0.346,0.817,-0.705,0.589,1.806,-0.621,-1.105,-1.127,-1.119,0.143,-0.471,0.511,0.103,0.918,-0.028,-0.057,-1.229,0.116,0.686,-1.233,-1.642,0.202,0.216,0.355,-0.945,1.397,-1.103,0.007,0.156,0.337,-0.312,-0.885,-0.526,1.065,-2.331,1.097,-1.098,-0.064,-0.818,0.327,0.878,0.117,0.962,1.138,-0.171,-0.039,0.301,1.617,0.391
94000,0.367,1.035,0.158,0.526,1.268,0.839,0.059,0.681,0.225,0.270,-1.320,0.725,0.861,-0.942,0.095,0.771,1.083,0.012,1.249,1.131,-0.227,-0.687,-1.010,-0.563,-0.007,-0.867,1.257,0.102,0.942,0.032,-0.347,-1.859,1.118,1.653,-0.233,-0.909,0.199,0.808,-0.661,0.348,0.751,-1.591,-0.031,0.164,0.973,-0.774,-0.452,-0.500,1.422,-1.401,1.287,-1.165,1.211,-0.612,0.882,0.744,0.391,0.036,-0.146,0.229,-0.020,0.199,1.403,1.147
95000,0.063,0.366,0.348,-0.310,0.865,0.480,0.964,1.243,0.434,1.648,-0.250,0.142,0.648,-0.172,-0.367,-0.060,-0.693,0.811,1.033,0.882,-0.783,-0.527,-0.192,-0.781,-0.195,-0.525,1.773,0.059,0.476,-0.035,-0.089,-0.167,1.194,1.776,0.651,-0.465,0.957,1.243,-2.267,-0.415,1.885,-1.006,-0.643,0.327,1.480,-0.015,-0.100,0.119,1.453,-2.038,0.603,-1.723,0.779,-0.534,1.226,0.172,0.345,0.068,0.320,1.585,0.064,-0.184,0.030,-0.389
96000,-0.288,0.523,0.094,1.304,0.573,-0.490,1.178,0.556,1.265,0.677,-0.290,-0.273,0.845,0.294,-1.685,-0.596,0.573,0.141,0.161,1.723,-1.516,-0.590,-0.306,0.574,-0.107,0.260,1.515,0.910,0.341,0.523,-1.311,-0.581,0.291,-0.750,0.433,-0.262,1.149,0.953,-1.139,0.171,2.826,-0.421,0.089,0.526,0.121,-0.037,0.234,0.141,1.703,-2.060,1.035,-1.587,1.198,-0.219,1.222,-0.520,0.403,-0.867,-0.558,1.552,1.090,1.083,-0.216,-0.148
97000,-1.001,0.658,0.375,-0.339,1.006,-0.231,2.397,0.493,1.139,0.249,0.502,-0.370,0.509,0.074,-1.768,0.487,-0.366,-0.662,-1.031,0.950,-0.879,1.073,-0.748,-0.233,0.266,-0.246,1.378,0.207,0.178,-0.566,-1.038,-0.308,0.508,0.190,1.679,-0.047,1.132,-0.198,-0.432,-0.281,1.091,0.750,-0.625,-1.334,-0.726,0.010,-0.313,0.162,1.378,-0.639,0.501,0.275,0.771,-0.016,1.926,-1.689,-0.057,-0.838,-0.596,1.580,0.624,0.629,-0.524,-0.640
98000,-0.615,0.530,-0.253,0.380,1.210,-0.650,0.616,-0.372,1.096,-0.800,0.520,0.211,0.638,-0.449,0.344,1.629,-0.344,-0.649,0.128,0.803,-1.097,1.077,-0.978,-0.572,0.879,0.181,1.263,0.048,0.207,-0.471,-0.001,0.022,-0.173,-0.333,0.948,-0.123,0.089,-1.227,-0.793,-0.694,1.064,0.424,-1.152,-0.851,-0.549,-0.369,1.670,0.364,0.200,-0.815,0.233,-0.443,0.439,-0.328,1.112,-1.470,0.035,-1.969,-1.090,1.176,-0.304,-0.029,0.220,-0.583
99000,0.240,0.042,-0.938,-0.567,1.706,0.150,1.181,-0.192,0.698,0.153,0.647,0.099,0.243,-1.226,-1.062,0.509,0.184,-1.256,0.005,0.968,-1.047,0.503,-0.856,0.094,0.678,-0.387,1.105,1.036,1.097,0.400,-0.045,0.255,-0.062,0.516,0.814,-0.774,0.010,-1.757,-1.591,-1.010,0.789,0.269,-1.277,-1.749,-1.309,-1.108,1.572,0.283,-0.427,-1.661,1.001,-1.151,1.785,1.365,1.441,-0.145,-0.466,-2.336,0.221,0.446,1.173,-0.207,-0.445,0.371
100000,1.580,0.833,-1.691,-0.679,0.874,0.861,-0.127,0.155,1.093,-0.533,-0.534,0.289,-0.063,-1.389,-1.545,-0.973,0.056,-1.453,0.864,-1.353,-0.051,0.748,-0.602,-0.053,0.308,-0.824,2.351,0.738,1.495,-1.879,0.058,0.437,-1.298,1.069,0.426,-0.490,0.554,-2.147,-1.633,-1.289,1.708,0.175,-2.210,-1.150,-0.155,-0.933,1.114,-0.377,-1.079,-2.289,1.205,-1.200,1.818,0.165,-0.537,-0.371,0.030,-0.892,-0.040,-0.543,0.463,-0.177,-0.851,1.685
101000,0.067,-0.460,-0.907,-2.165,0.186,0.955,-0.830,1.761,1.104,-0.974,-1.217,0.699,-1.150,-1.616,-1.221,-0.167,0.224,0.079,-0.147,-0.771,-0.488,0.981,0.789,0.417,-0.418,-0.328,1.733,0.249,1.882,-0.439,0.914,1.143,-1.147,0.151,0.587,-0.457,0.661,-1.973,-2.028,-1.171,1.059,-0.206,-0.402,-1.457,-0.761,-0.769,1.371,-0.993,-0.423,-1.680,0.457,-1.277,1.787,-0.658,-0.518,-0.173,-0.629,-0.576,0.049,0.525,0.498,-0.231,-0.258,0.305
102000,0.627,-0.606,-1.511,-1.530,0.734,0.336,-1.003,0.959,1.547,0.255,-0.306,-1.816,-0.582,-1.764,-0.799,-0.841,-0.739,0.534,-1.651,-1.126,-1.224,0.195,-0.087,-0.112,-1.311,-0.037,1.215,1.189,2.424,-0.498,0.329,2.287,-0.486,-0.661,1.455,-0.071,1.734,-1.634,-1.841,-0.996,0.845,-0.951,-0.973,-2.489,-0.604,-0.100,0.325,-0.542,-1.595,-2.282,-0.558,-1.045,0.125,-1.467,-0.218,-0.360,-0.189,0.020,0.293,-0.254,-0.394,0.957,-0.891,1.347
103000,0.819,0.512,-1.090,-0.882,0.131,-0.061,0.270,-0.317,0.895,-0.200,0.657,-2.034,-0.960,-1.555,-0.987,0.058,-1.260,1.076,-1.875,0.837,-1.485,1.068,-1.096,-0.270,-0.924,-0.756,-0.039,1.315,0.991,-1.148,0.862,0.603,-0.515,-1.642,1.440,0.468,0.046,-1.610,-1.066,-0.877,-0.330,-1.451,-1.496,-1.635,0.044,0.318,0.659,0.083,-1.526,-1.722,-0.067,-0.607,-1.015,-1.233,0.399,-1.117,0.083,-1.194,1.400,-0.788,-0.726,0.012,-0.995,1.666
104000,1.270,-0.127,-0.598,-1.656,0.898,0.763,0.028,-0.005,1.347,1.058,1.136,-0.875,-1.744,-0.294,-1.183,1.485,-0.573,0.991,-2.136,1.185,-1.014,-0.107,-0.945,1.132,0.294,-2.014,-0.577,2.013,1.299,-1.769,1.037,0.243,0.740,-1.555,1.534,-0.244,-0.846,-1.678,-0.335,-0.952,-1.119,-1.590,-1.336,0.374,-0.205,0.415,1.436,-0.545,0.237,-1.193,-0.417,-0.630,0.018,-0.798,-0.789,-0.620,-0.391,-0.251,2.770,-1.000,-1.268,0.292,-0.002,0.134
105000,2.492,0.365,-1.667,-1.320,2.273,0.888,0.207,0.048,0.959,0.692,0.257,-0.042,-1.168,0.124,0.111,1.054,-1.079,0.533,-2.301,2.273,-1.574,-0.005,-0.896,1.409,0.628,-1.773,0.152,1.438,1.167,-0.108,0.874,0.583,-0.013,-1.860,2.137,0.033,0.061,-1.419,0.039,-0.712,-1.456,-1.053,-1.384,-0.138,-0.003,-0.132,1.444,-1.103,0.405,-0.886,-0.317,-0.867,-0.070,-0.567,0.030,0.889,0.188,-0.071,0.971,0.059,-1.392,0.292,-0.607,-0.463
106000,3.166,-0.383,-2.189,-2.207,2.785,0.403,-0.687,0.293,1.442,-0.426,1.351,0.657,-0.727,0.587,1.084,1.533,-0.088,0.398,-1.867,1.682,-2.165,0.554,-2.068,2.834,0.948,-0.793,0.645,0.843,0.373,-0.687,0.629,1.311,-0.909,-1.189,1.971,0.640,-0.986,-0.736,0.825,-0.068,-0.141,0.068,-0.800,-1.388,0.500,0.279,0.567,0.208,-1.258,-1.254,0.869,0.214,0.476,0.082,-1.130,1.507,-0.081,-0.357,1.638,-0.624,0.050,0.145,-0.545,-0.364
107000,2.647,-0.219,-0.837,-1.903,2.892,-0.534,-1.707,0.634,0.565,-0.285,0.739,0.632,-1.029,-0.934,0.551,1.089,0.969,-0.613,0.153,0.984,-3.413,0.321,-0.877,2.958,0.989,-0.229,0.500,1.688,0.664,-2.309,-0.491,0.537,-0.696,-0.775,0.888,1.088,-0.781,0.269,1.616,-0.013,-0.458,0.248,-0.645,-1.243,0.549,1.236,0.570,0.493,-1.644,-1.697,0.155,0.368,0.954,-0.320,-1.046,0.315,-0.352,0.443,1.662,-0.570,0.241,-0.927,0.435,-0.049
108000,1.503,-0.115,-1.780,-0.999,3.768,-1.426,-0.525,0.687,0.269,0.189,0.110,-0.634,-0.550,-0.817,-0.077,-0.174,1.046,0.057,2.195,0.811,-0.720,0.551,-2.388,1.579,-0.717,-0.127,1.332,0.616,1.242,-1.078,-0.278,0.927,0.082,0.394,1.427,1.431,0.384,-1.437,1.371,0.809,-1.272,0.354,-0.249,-0.127,-0.115,0.611,-0.302,0.856,-1.118,-0.644,0.520,1.070,-0.156,0.896,-1.281,0.211,-0.337,0.139,0.205,-0.240,-0.060,-0.248,0.071,0.007
109000,2.639,0.327,-1.324,-1.206,1.586,-1.059,-1.274,-0.857,-0.360,-0.020,-1.140,-0.129,-0.498,0.037,0.948,-0.089,1.436,0.601,0.559,0.723,0.259,0.573,-1.509,1.191,-0.765,-0.528,1.875,0.931,1.035,-1.196,0.197,-0.357,-0.538,0.177,1.650,2.727,0.725,0.214,-0.220,1.338,0.103,-0.202,0.268,0.368,0.991,1.138,-0.089,-0.202,0.324,-0.686,0.570,1.339,1.105,0.932,-0.600,2.138,-0.287,0.185,1.170,-0.227,-0.523,-0.209,0.152,-0.525
110000,1.535,0.401,-0.746,-0.427,0.721,0.164,-1.994,-1.020,-0.508,-0.863,-1.520,0.087,-0.826,-0.139,0.649,0.872,0.615,1.474,-0.936,0.753,0.238,-0.209,0.167,0.767,-1.849,-1.921,0.944,-0.684,2.119,-0.568,-1.013,0.710,-0.797,0.669,1.062,0.607,1.480,-0.376,0.632,1.436,0.087,-1.912,0.352,-0.354,1.388,1.066,-0.724,-0.818,-0.738,-0.641,-1.145,1.220,-0.193,0.705,0.645,0.818,-0.156,0.519,1.622,-0.457,-0.829,-0.132,-0.732,0.142
111000,-0.053,0.069,0.012,0.442,1.101,1.503,-1.651,0.248,-1.505,-1.278,-1.291,0.476,0.221,0.338,0.295,0.582,0.087,2.225,-0.534,0.162,0.432,-0.274,0.138,0.274,-0.248,-1.602,-0.960,-0.699,1.409,-2.258,-0.440,0.673,0.621,0.447,-0.591,1.734,-0.981,-0.795,0.898,1.287,0.108,-2.245,-0.202,0.288,0.690,0.308,-0.152,0.448,-2.075,-0.494,0.197,1.852,-0.351,0.023,0.016,0.702,-0.273,0.749,0.544,-0.327,-1.255,-0.065,0.762,-0.403
112000,-0.288,-0.121,-0.353,-0.420,0.445,1.267,-0.971,0.826,-0.261,-1.139,-0.862,0.517,0.641,0.701,0.610,0.883,-0.058,1.522,-1.550,-0.615,0.442,-1.168,0.371,-0.223,-0.047,-0.321,-1.339,-0.827,1.052,-2.252,0.577,0.249,1.044,1.357,-2.037,0.557,0.073,-0.002,0.945,0.616,-0.848,-1.360,-0.143,0.515,0.226,0.044,0.118,1.644,-1.157,1.216,1.615,0.630,-0.464,0.858,0.209,1.055,-0.554,0.446,0.086,-0.045,0.039,-0.631,0.948,0.349
113000,-0.473,0.305,-0.371,0.429,0.422,1.977,-0.776,0.140,-0.439,-1.635,-1.473,0.332,0.304,0.022,-0.244,1.395,-0.061,0.665,-0.809,0.332,1.265,-0.226,0.299,-1.139,-0.299,-0.469,-1.486,-0.229,0.346,-0.652,-0.129,1.158,1.175,2.094,-0.672,0.679,-0.564,0.051,1.752,0.635,-1.253,-1.269,-0.763,1.638,1.095,0.570,-0.071,1.770,-1.870,0.865,0.796,0.011,-1.064,0.744,-0.367,1.243,-0.196,0.536,0.515,0.353,-0.728,-0.459,1.418,0.660
114000,0.293,0.232,-0.447,0.044,1.327,0.692,-1.408,0.847,-0.812,-1.914,-1.221,0.905,0.661,0.167,-0.144,0.458,-0.652,0.026,0.996,0.184,1.545,0.083,-1.114,-0.231,-0.362,-1.067,-1.564,-0.331,-0.841,0.731,0.506,1.279,0.545,1.427,-0.285,-0.447,-0.871,0.070,1.263,1.240,-0.300,-0.963,0.028,1.138,0.459,-1.211,0.657,0.724,-1.767,0.703,0.686,-0.739,-0.899,0.698,-0.959,1.629,0.372,1.826,0.733,0.014,-1.357,-0.338,0.447,0.406
115000,1.059,0.091,-0.884,-0.270,0.868,0.473,-1.507,0.866,-1.294,-1.294,-1.801,0.862,1.600,-0.117,-0.245,0.618,0.308,0.232,-0.030,1.252,0.286,0.051,0.152,-1.461,-0.033,-1.207,-0.664,-0.212,-0.580,0.510,-0.053,0.816,0.581,1.885,-0.178,-0.507,-0.259,-0.512,-0.780,1.004,-0.477,-1.191,-0.139,0.970,-0.785,0.739,0.314,0.833,-0.705,0.690,-0.258,-1.302,-1.457,-0.031,-3.014,0.589,-0.579,1.610,0.966,-0.657,-1.286,0.463,0.888,-0.286
116000,0.141,-0.553,-0.387,0.559,-0.445,0.449,-0.852,0.639,-0.878,-1.045,-2.139,0.175,0.538,0.128,-1.818,0.590,1.139,0.930,-0.160,1.133,1.035,-1.029,0.848,0.049,0.548,-0.090,-0.841,-1.064,-1.345,1.902,-0.310,0.431,0.487,1.519,0.042,-0.936,1.139,-0.364,0.321,0.916,-0.150,-1.230,-0.448,0.236,-0.474,-0.311,0.187,0.461,-1.369,2.115,-0.148,-0.742,-1.412,-0.364,-1.905,-0.136,0.602,1.795,0.841,-0.435,-0.332,-0.188,1.627,-0.384
117000,-0.697,-1.820,0.522,0.218,-0.691,-0.450,-0.669,-0.297,-0.681,0.028,-2.488,0.964,1.100,-0.709,-1.270,1.251,0.019,0.190,1.579,1.391,0.912,0.157,0.907,-0.376,0.398,-0.152,-0.770,-0.137,-0.755,2.431,-0.794,-0.463,0.717,1.094,0.363,-1.499,0.407,-0.548,0.023,1.645,-0.592,-0.766,1.435,-0.282,-0.090,0.118,-1.374,0.583,-0.574,1.837,-0.087,-1.435,-1.110,0.563,-0.431,-0.261,-0.389,1.545,-0.103,-0.421,0.871,0.752,1.403,1.758
118000,-0.632,-0.673,1.422,0.687,-1.513,0.138,-0.372,-1.247,-0.669,-0.354,-1.106,0.122,0.504,-1.149,-0.691,0.688,-0.487,0.333,-0.084,1.826,1.643,-0.459,0.299,-0.745,1.113,0.062,0.255,0.355,-0.927,1.275,-0.811,-0.693,0.131,0.495,0.709,-0.443,0.357,-0.021,0.507,1.158,1.215,-1.525,0.262,0.174,-0.450,0.215,-0.551,0.376,-1.890,1.800,0.103,-0.774,-1.750,-0.393,-1.556,-1.582,-0.655,0.620,0.075,0.245,0.829,-0.084,2.307,1.397
119000,-0.255,-0.842,1.667,1.732,-0.933,-0.271,1.124,-0.665,-0.810,-0.937,-0.227,1.008,0.557,0.493,-1.679,0.865,0.430,0.827,-0.684,1.279,0.446,0.362,-0.192,-0.810,-0.178,0.442,1.128,0.774,-0.948,1.359,-0.525,-0.027,-0.189,-0.634,-0.434,-0.713,-1.241,-0.737,0.101,0.966,0.762,-2.318,0.228,-0.582,-0.457,0.277,-1.024,0.423,-1.354,0.264,1.109,-0.466,-1.986,0.067,-0.476,-1.909,0.273,0.137,0.367,0.110,0.950,-0.750,2.468,0.311
120000,0.216,-0.709,1.671,1.445,-0.741,-0.311,1.426,-1.634,-0.040,-0.595,-0.333,0.794,-0.861,1.179,-1.021,0.046,0.613,1.504,-1.110,0.927,-1.759,0.823,-0.918,-1.128,-0.777,0.682,1.134,0.235,-0.606,2.473,-0.306,-1.187,-0.531,-1.603,-0.036,-0.556,-0.525,-0.140,0.117,0.281,0.648,-1.282,1.111,-0.854,-0.089,0.840,-0.992,-1.323,-1.692,0.795,1.175,0.227,-1.732,-0.223,-0.594,-1.580,0.794,-0.384,-0.054,-0.362,0.621,-0.212,1.887,-0.097
121000,1.054,0.897,0.118,1.227,-0.172,0.694,1.315,-1.794,0.547,-2.061,-1.332,0.716,-0.734,1.429,-0.564,1.108,1.026,1.610,-0.148,0.718,-0.613,0.260,-2.056,-1.320,0.167,0.639,0.439,1.476,-0.943,2.595,0.241,-1.329,-0.386,-1.136,-1.071,-0.439,-0.674,-0.380,0.255,0.588,1.339,-1.314,0.189,-0.339,1.094,0.508,-0.859,-0.132,-0.777,0.035,-0.056,0.787,-1.315,1.573,-0.569,-2.356,1.588,0.570,1.718,0.639,-0.043,0.329,1.735,0.237
122000,0.005,0.680,0.174,1.344,-0.078,1.707,2.035,-2.253,-0.363,-2.041,-0.184,1.212,-0.230,1.462,0.151,1.083,0.267,0.986,0.305,0.110,-1.286,-0.885,-0.942,0.089,-0.706,-0.492,0.284,0.793,-0.468,2.820,0.592,-1.915,-0.894,-1.811,-0.855,-0.911,-0.243,-0.275,0.272,1.299,-0.311,-1.998,-0.732,-1.553,0.484,-0.255,-0.628,-1.223,0.231,-1.145,-1.427,-0.162,-0.998,1.070,-0.539,-2.545,1.117,1.235,1.558,1.386,-0.667,-0.403,2.221,0.307
123000,-0.777,0.702,0.845,-0.087,-0.724,0.810,0.775,-2.012,-0.136,-1.170,0.403,-0.121,1.419,0.543,-0.339,0.582,0.052,0.963,0.182,-1.350,-1.029,-0.117,-0.419,0.156,-0.504,-0.640,0.154,0.599,-1.063,1.406,-0.372,-2.461,-0.817,-0.532,-0.626,-1.521,0.674,-1.120,1.271,1.492,0.481,-1.192,0.127,-1.829,0.083,0.600,-0.564,-1.829,1.205,0.176,-1.179,0.664,-1.237,0.379,-0.357,-2.981,1.615,0.592,1.598,0.712,-2.130,-0.650,2.403,-0.202
124000,-0.611,-0.103,0.456,0.805,-1.235,1.577,2.092,-2.932,0.041,-1.071,0.027,-0.241,0.604,-0.551,-0.454,-0.011,-0.319,1.613,0.145,-2.193,-1.354,-0.166,-1.450,-0.300,0.742,-0.578,0.793,-0.442,-0.440,2.008,-0.274,-2.794,-0.781,-0.888,0.051,-0.877,1.638,-1.458,0.258,1.695,0.282,-1.209,0.865,-2.218,0.755,0.251,-1.519,-2.103,1.315,0.426,-0.898,0.671,-0.827,-0.026,0.695,-2.050,0.019,1.499,0.886,0.765,-1.175,-0.451,0.610,-1.442
125000,0.282,-1.377,0.438,0.667,0.510,0.048,1.456,-2.277,0.807,-1.025,-0.099,-0.066,0.957,-0.526,0.077,-0.805,0.292,0.971,-0.355,-1.619,-0.822,-0.530,-1.054,-0.833,-1.410,-0.406,0.873,-0.221,0.485,0.652,0.698,-2.357,-1.759,-1.200,-0.324,0.520,0.966,-2.805,0.733,1.164,-0.375,-2.143,0.648,-1.483,1.503,-0.320,-1.836,-2.842,0.103,0.825,-0.396,0.504,-0.416,0.981,0.856,-0.740,1.089,-0.117,0.527,-0.335,-1.680,-1.009,0.168,-1.496
126000,0.841,-1.034,0.484,0.781,0.751,1.471,1.680,-0.292,-0.048,0.043,0.101,0.738,0.681,-1.270,1.531,-0.263,-0.016,1.029,-1.303,-0.615,-0.291,-0.789,-0.095,-0.304,-0.381,0.332,0.203,-0.215,0.170,0.795,0.568,-2.028,-1.353,-0.433,-0.538,0.779,0.351,-2.419,0.712,0.665,-0.167,-0.851,1.073,-1.644,2.433,-0.054,-0.414,-2.302,-0.327,0.072,0.364,1.170,-1.844,0.717,-0.196,-0.754,1.056,0.473,0.533,0.345,-0.943,-1.691,1.250,-1.821
127000,0.597,-0.612,-0.509,3.238,0.765,1.032,2.405,0.603,0.565,1.014,0.132,0.301,-0.122,-0.737,1.849,-0.207,-0.458,0.293,-1.666,0.221,-0.293,-1.123,-0.019,-0.255,-1.145,-1.282,0.105,-0.036,0.027,1.983,1.049,-1.203,-1.347,-0.539,-1.074,1.383,1.200,-1.237,1.014,-0.307,0.209,0.211,1.189,-2.466,2.133,-0.273,0.126,-1.936,0.320,-0.115,-0.594,2.147,-1.040,1.802,0.567,-1.106,1.012,0.531,0.052,0.110,-1.388,-0.261,1.198,-0.660
128000,0.124,-1.239,-0.332,2.586,-0.121,0.201,0.445,-0.504,1.183,1.726,0.599,-0.793,0.987,0.771,0.720,0.953,-1.050,0.931,-1.265,1.785,0.716,-1.931,0.370,-1.821,-1.268,0.460,-0.270,-0.380,-0.618,1.115,0.633,-0.836,-1.269,0.661,-0.522,1.189,0.536,-1.672,0.441,-1.381,0.237,0.315,0.601,-1.746,1.682,-0.075,-0.475,-1.543,1.108,-0.691,0.186,2.220,-1.663,2.519,0.791,0.214,0.190,0.393,-0.058,-0.118,-1.623,0.006,0.939,-1.131
129000,0.081,-1.924,0.012,1.684,-1.274,-0.261,0.250,0.012,1.454,1.842,0.909,-1.406,0.472,1.147,0.963,0.471,-0.091,0.705,-2.766,1.779,1.678,-1.698,0.575,-1.818,-1.280,1.933,-0.638,0.249,-1.603,1.369,1.150,-0.114,-2.074,0.214,-1.191,1.476,1.175,-1.314,1.038,0.824,-1.447,0.453,-0.329,-0.075,1.009,-0.445,-0.955,-1.952,0.920,-1.722,0.981,1.418,-1.579,1.795,0.697,0.845,1.200,0.977,0.074,-0.180,-0.976,-0.508,0.797,-0.357
130000,-0.730,-1.628,-0.242,1.499,0.468,-1.278,0.345,0.899,2.225,0.789,2.056,-0.497,0.341,0.686,1.207,-0.349,-0.634,0.893,-0.585,1.858,1.255,-2.450,0.918,-1.670,-0.931,1.218,-1.910,-0.327,-0.962,1.259,0.492,-0.860,-1.918,-0.504,-0.708,1.809,1.222,-0.762,1.339,0.572,-1.412,0.962,0.138,0.079,1.147,-0.806,-0.323,-1.485,1.172,-1.143,-0.389,1.070,-0.574,1.598,0.912,0.546,0.416,1.008,1.055,1.126,-1.008,0.356,0.146,-0.271
131000,-0.958,-1.161,0.448,0.497,-0.371,0.273,0.466,1.108,2.273,0.723,1.762,-1.410,-0.479,0.433,1.710,0.458,-1.934,1.646,-0.021,1.527,1.350,-1.049,-0.315,-1.611,-0.410,1.423,-1.028,0.625,-1.087,0.997,1.514,-0.533,-1.398,0.068,1.101,1.404,0.426,-0.806,1.362,0.906,-0.373,0.903,-0.353,-0.976,0.246,-0.019,0.740,-1.149,0.975,-0.425,0.482,0.092,-0.761,1.024,0.666,1.200,0.193,0.750,2.141,1.094,-0.728,1.068,0.135,-1.369
132000,1.707,-0.137,0.611,0.763,-0.142,0.710,0.587,0.599,0.603,1.880,1.223,0.294,-0.767,1.146,1.011,-0.357,-1.329,0.041,-0.003,1.501,0.118,-1.506,-1.171,-0.812,-0.044,0.052,-0.682,0.019,-1.276,1.232,0.957,-0.825,0.198,0.036,1.059,2.073,0.660,-0.124,0.989,-0.319,-1.005,0.278,-0.335,0.125,-0.275,1.235,-0.326,-1.999,0.531,-0.287,1.587,1.073,-1.016,0.704,1.049,-0.156,0.161,-0.530,1.341,0.937,0.792,1.491,-0.272,-0.625
133000,2.298,0.052,1.536,-0.242,-0.804,0.851,0.647,1.202,0.550,3.591,1.512,0.645,-0.490,1.899,-0.049,0.415,-1.170,-0.086,-0.011,1.151,-0.521,-1.268,-1.543,-2.129,0.245,-1.027,-0.124,0.583,-0.987,1.504,1.214,-1.173,0.923,0.995,0.140,1.489,0.848,0.440,0.651,-0.784,0.043,0.853,0.273,0.142,-0.424,1.752,-0.750,-1.668,0.564,0.219,-0.185,-0.065,-1.475,-0.316,1.923,-0.658,0.409,0.246,1.408,0.386,-1.019,1.454,-0.783,0.206
134000,2.025,-0.524,2.142,-0.327,-1.929,1.010,-0.550,0.279,-0.243,2.923,0.865,0.285,-1.238,1.532,-0.652,0.676,-1.658,0.023,0.153,0.406,-0.327,-0.227,-1.218,-1.405,0.309,-1.727,-0.144,2.452,-1.370,1.131,0.426,0.907,-0.352,0.555,0.145,0.930,0.188,0.887,0.141,0.023,0.746,0.964,0.787,-0.239,-1.220,0.949,-1.065,-1.617,0.297,-0.770,-1.183,0.276,-1.567,-0.480,1.367,0.195,0.453,1.645,1.576,-1.234,0.354,0.644,-0.197,0.273
135000,1.384,-1.342,1.075,-0.424,-0.348,-0.263,0.401,-0.663,0.238,1.795,1.119,-0.228,-1.822,0.561,-1.023,-0.101,-1.715,0.372,0.498,-0.132,-0.316,-0.700,-1.714,0.726,0.092,-1.444,0.160,0.208,-1.205,0.794,1.002,0.465,0.372,-0.245,0.819,0.301,1.522,0.064,-0.301,-0.603,-0.456,0.871,1.338,0.359,-2.078,0.312,-0.610,-2.098,1.730,0.228,0.982,-0.901,-1.765,-0.227,0.422,0.744,0.875,1.748,1.162,-0.337,0.405,2.263,0.294,0.364
136000,0.819,-0.721,0.287,-0.493,0.285,0.612,0.390,-1.196,-0.144,1.297,-0.371,-0.118,-2.545,0.657,-0.495,-0.381,-0.506,1.498,0.093,0.067,-0.051,-0.486,-1.012,-0.050,-0.660,-1.074,-0.071,0.084,-1.622,1.275,0.761,0.539,0.362,-0.324,0.986,1.383,1.841,-0.602,1.199,0.950,-1.600,1.073,1.325,0.598,-0.381,-0.086,-1.273,-2.119,1.154,0.381,2.565,-1.088,-1.837,0.084,-1.350,0.246,0.212,1.371,1.326,-0.483,0.111,2.181,1.451,-0.019
137000,0.394,-0.375,1.078,-0.038,0.488,0.117,0.539,-0.490,1.284,1.071,1.303,-0.632,-2.513,0.370,-0.584,-0.548,-0.730,0.640,1.506,-0.143,0.076,0.539,0.188,-0.744,-0.183,-0.403,-0.885,-0.456,-1.438,1.017,1.470,1.252,-1.803,-1.154,1.591,1.856,1.837,-1.488,-0.306,0.377,-1.189,0.615,-0.258,-0.386,-1.417,0.632,-0.996,-2.560,0.962,0.300,2.411,-0.882,-0.536,0.050,-1.551,-0.723,-0.877,0.899,1.740,0.610,-0.284,2.991,0.198,0.731
138000,1.016,0.035,1.520,-0.865,0.714,-0.458,0.974,-0.213,0.967,2.035,1.408,-0.202,-1.101,0.415,-0.909,-0.700,-0.434,0.590,-0.875,0.501,0.651,-0.327,-0.021,-1.342,-0.057,-1.748,-0.581,-0.127,-0.855,1.005,-0.040,2.508,-1.167,-0.662,0.602,1.818,2.822,-0.092,-0.056,0.252,-1.027,-0.709,-0.441,0.456,-1.423,0.728,0.938,-2.893,1.506,1.041,2.603,-0.291,0.495,0.951,-1.323,-0.611,-0.499,-0.182,1.555,0.661,-0.180,1.852,1.536,1.143
139000,1.265,0.955,0.940,-0.314,0.741,-1.102,0.566,-0.257,0.501,-0.099,1.347,0.014,-0.798,0.124,0.487,-0.237,-0.063,-1.555,-1.644,0.564,0.539,1.362,0.379,-1.112,0.213,-1.049,-0.700,-1.016,-0.147,-0.750,-0.503,2.256,-1.804,-0.805,0.216,0.318,1.696,-0.402,-0.523,0.851,-0.701,0.265,0.293,-0.528,-0.371,0.847,-0.080,-2.034,1.239,1.270,2.494,-0.060,0.481,1.369,-0.852,-0.320,0.028,0.446,0.748,0.363,-0.245,1.882,1.290,1.106
140000,1.132,0.961,-0.514,-0.647,1.889,0.331,-0.442,-0.556,-0.519,-0.772,-0.303,-0.710,-0.482,0.638,0.632,0.365,0.014,-1.620,-1.584,1.075,0.989,0.725,0.328,-0.572,-0.338,-1.174,-1.887,-0.786,-0.091,-1.131,-0.024,2.318,-2.693,-1.376,-1.001,1.797,0.911,-0.299,0.110,0.139,-0.191,0.289,0.657,0.623,-0.325,0.467,-0.450,-2.220,0.933,1.570,1.148,-0.407,1.463,0.588,-1.023,0.291,-0.221,-0.523,0.634,0.531,0.621,1.191,1.185,0.617
141000,1.364,0.559,-1.398,0.032,2.599,-1.156,-0.289,0.778,-0.921,-1.345,0.631,-0.513,-1.162,0.399,-0.656,-0.438,-1.235,-1.754,-1.356,1.008,0.641,0.137,1.347,-0.318,-0.024,-0.924,-1.820,0.085,-1.017,-1.339,1.424,0.990,-2.647,-0.513,-1.136,1.759,1.705,0.817,1.129,-0.559,-0.147,-0.216,0.536,1.141,-0.451,0.088,-0.394,-1.534,0.818,1.581,0.615,-0.675,1.170,0.512,-1.801,0.070,0.229,-0.555,1.107,-0.188,1.097,0.292,1.015,0.858
142000,1.123,0.306,-1.780,-0.536,1.480,-0.596,0.028,0.919,-1.197,-0.405,-0.440,-0.036,-1.114,1.517,-0.319,0.123,-1.162,-0.789,-0.148,0.883,-0.121,-0.200,1.566,1.282,0.630,-1.520,-0.530,-0.513,0.384,-0.951,1.569,0.172,-2.147,-0.791,-0.539,2.593,1.288,0.907,0.125,0.516,0.951,-0.081,2.198,0.996,-1.405,0.759,1.594,-1.419,0.793,0.968,0.293,0.793,1.664,0.040,-1.573,-0.244,-0.377,-0.334,-0.293,-0.261,1.413,1.583,-0.624,-0.196
143000,0.750,0.373,-2.089,-0.734,-0.166,-0.526,1.004,0.163,-2.280,-0.713,0.393,0.964,-0.528,0.645,-0.454,-0.523,-0.360,-0.147,0.678,0.886,-0.616,-0.129,2.683,-0.075,-0.657,-1.224,0.156,0.224,0.278,0.895,0.768,-0.577,-1.160,-0.506,0.238,3.796,0.259,1.222,0.211,0.002,0.821,-1.148,3.292,0.723,-1.184,0.042,1.769,0.540,0.731,0.512,-0.575,-0.951,-0.147,1.323,-1.861,0.915,0.075,-0.044,1.091,-0.656,1.040,1.021,-0.533,0.048
144000,0.409,-0.552,-1.656,0.069,-0.080,-0.079,1.047,0.616,-2.267,-0.302,-0.194,0.654,-0.341,-0.819,-0.905,-0.343,-0.156,-1.059,-0.605,1.167,0.343,0.097,1.016,1.008,0.509,0.548,-0.825,-0.082,0.575,1.469,0.744,-0.574,-0.359,-0.352,-0.343,2.373,1.413,1.160,0.015,-1.547,1.327,-0.580,2.172,0.891,-1.451,-0.241,1.070,0.670,0.570,0.490,-0.715,0.025,-0.039,-0.384,-1.889,-0.201,-0.400,0.359,0.893,-1.094,0.965,1.141,-1.417,0.145
145000,-0.842,-0.337,-1.262,-0.456,0.143,-1.572,1.180,0.765,-1.821,-0.908,0.341,0.189,-0.441,-1.022,-1.399,-0.285,-1.819,0.492,-0.730,-0.737,0.528,-0.068,0.695,0.302,1.318,0.257,0.350,0.131,0.555,1.243,-1.213,-1.230,0.349,-1.185,0.328,1.660,2.085,-0.506,1.008,-1.013,0.534,-0.416,1.514,0.004,-0.530,-1.136,1.202,-0.161,-0.607,-0.780,-0.156,-0.477,0.202,-0.160,-1.218,-0.744,-0.647,0.241,0.512,-0.761,1.953,0.883,-0.080,1.121
146000,-1.875,-0.472,-1.452,0.219,1.177,-0.316,0.947,-0.701,-1.763,-1.480,-0.016,-0.091,-0.945,-0.349,-0.138,-0.062,-1.793,1.168,-0.256,-0.497,0.804,-0.955,0.344,0.067,1.052,-0.473,1.546,0.961,1.047,0.870,0.639,-1.286,0.173,-1.176,-0.056,1.220,1.604,-0.333,1.109,-0.757,1.115,-0.609,1.708,0.298,0.015,-0.156,0.879,0.245,-0.270,-0.596,-1.643,0.215,-0.052,-0.021,-1.022,-0.502,-0.882,2.241,0.252,-0.736,1.564,0.177,-0.801,0.424
147000,-1.936,-1.229,-1.223,0.578,0.608,0.159,0.440,0.108,-0.821,-1.401,-1.586,0.095,-0.826,-1.219,0.244,-1.497,-0.872,-0.843,-0.370,0.364,0.605,-1.017,0.143,0.354,-0.121,-0.242,1.439,0.072,1.448,0.780,0.266,-1.548,-0.518,-1.108,1.370,1.664,-0.128,-0.164,-0.116,-0.806,-0.569,0.484,1.074,0.375,-0.501,-1.309,1.285,-0.363,-0.285,-0.179,-0.627,0.265,-0.155,0.692,-0.051,-0.369,-0.735,0.742,-1.190,-0.502,0.561,1.342,1.102,1.763
148000,-0.385,-1.270,-1.261,0.405,0.671,1.127,0.872,0.744,0.065,-1.735,-0.107,0.459,0.144,-0.619,-0.683,-1.159,-0.292,0.935,-0.845,0.306,-0.151,-1.191,-0.010,-0.095,-0.377,-0.024,1.459,-0.890,0.732,0.451,0.767,-1.312,-1.179,0.477,0.802,0.544,0.331,0.484,-0.061,-1.074,-0.414,1.553,1.085,0.266,-0.134,-0.749,1.232,-0.800,-1.916,0.869,0.143,1.021,-0.413,0.950,-1.719,-0.898,-0.748,1.433,-0.210,-0.519,0.498,1.036,-0.112,2.198
149000,-0.334,-0.927,1.137,1.783,0.286,1.242,1.071,-0.291,0.612,-2.516,0.433,0.452,0.170,-0.074,-1.165,-0.874,0.034,1.070,-1.429,0.102,-1.196,-1.246,-0.525,-0.014,-1.664,-0.295,1.928,0.091,1.110,-0.001,0.898,-1.486,0.004,-0.825,-0.064,0.509,0.416,0.944,0.219,-0.853,-0.091,1.814,0.228,-0.159,0.083,0.075,1.993,-0.886,-1.894,1.059,-0.239,1.766,0.054,0.461,-1.376,-0.811,-0.709,2.127,-0.729,0.222,-0.021,0.207,-0.014,2.595
150000,-0.929,-0.060,1.188,1.164,-0.043,1.286,0.554,1.555,2.037,-2.344,0.392,0.103,0.711,0.817,-1.115,0.081,-1.044,1.095,-0.826,0.520,-0.905,-0.444,-1.380,0.024,-0.559,1.226,2.082,0.941,0.750,0.265,1.002,-1.915,-0.670,-0.149,-0.787,1.415,1.256,1.704,-0.067,-0.733,-1.481,1.367,0.243,-0.662,-0.424,-0.598,2.276,-0.452,-1.749,0.813,0.067,1.030,0.396,0.558,-0.874,-1.183,-1.088,2.238,-0.001,-0.102,0.178,0.339,0.285,1.395
151000,0.736,0.063,0.562,1.061,0.453,1.786,-0.453,0.191,0.223,-2.005,-0.069,0.629,1.318,-0.770,-1.391,-0.493,-0.918,1.376,-0.307,1.766,-1.308,0.460,-1.925,0.541,-0.556,0.880,1.788,0.638,0.514,0.129,0.498,-0.718,-0.314,0.304,-1.495,0.453,0.729,-0.323,-0.297,0.325,-0.093,0.973,0.845,-1.578,0.066,-0.970,1.244,-0.928,-2.022,0.801,0.007,0.826,1.283,-0.033,-0.868,-1.276,0.290,1.204,0.061,-2.400,0.563,-0.934,0.718,1.545
152000,0.950,-1.235,-0.145,1.146,-0.649,1.365,-0.394,-0.531,0.224,-1.194,0.415,0.477,1.658,-0.921,0.765,-0.078,-0.483,2.100,-0.685,1.341,-1.177,0.678,-0.138,1.387,-0.513,1.360,2.135,0.501,1.031,-1.283,0.890,-1.935,-0.826,1.116,-2.093,1.526,0.439,-0.327,-0.197,0.816,-0.029,-0.414,-0.057,-1.782,-0.106,-0.827,0.967,-0.664,-2.271,-0.673,0.342,2.001,0.833,0.372,0.115,0.305,0.374,0.229,1.278,-3.661,1.106,-0.372,1.523,0.287
153000,1.760,-0.865,0.586,0.013,0.669,0.565,0.290,-0.621,0.178,-0.071,1.412,0.519,0.872,-0.721,1.375,-0.467,-1.144,2.734,-0.155,1.105,-1.764,-0.229,0.522,1.435,-0.022,0.937,2.392,0.875,0.666,-1.278,0.092,-2.401,-1.185,2.892,-0.573,1.638,0.534,-0.826,-0.109,1.609,0.471,-0.699,0.525,-3.170,1.155,-1.074,1.264,0.190,-1.944,-0.454,-0.761,1.496,-1.205,1.830,-0.323,0.184,-0.246,0.828,1.102,-3.427,0.508,-0.472,-0.130,-0.849
154000,1.416,-1.179,0.229,0.648,1.446,0.744,0.365,-0.510,-0.555,0.635,-0.023,0.590,0.153,-0.342,1.643,-0.635,-1.000,3.079,-0.338,0.495,-2.405,-0.933,0.508,1.633,0.056,0.575,2.074,0.767,0.474,-0.860,0.249,-1.031,-0.307,1.211,-0.775,0.522,0.602,0.667,-0.176,0.664,0.102,-0.213,-0.743,-2.727,0.827,0.001,0.612,0.216,-1.361,0.109,-0.829,1.796,-1.273,1.475,0.117,0.422,0.044,0.589,1.753,-2.013,0.349,-0.488,1.012,0.064
155000,1.701,0.351,0.647,-1.397,1.151,1.169,0.468,-1.460,-0.172,0.644,-1.235,0.279,0.033,0.147,0.533,-0.602,-0.407,2.605,0.636,0.722,-1.393,-0.498,1.326,0.034,0.487,0.477,0.992,0.158,-1.153,-0.738,0.433,-1.230,-0.149,1.159,-1.499,-0.520,0.805,0.173,-0.856,0.562,1.459,0.595,-0.230,-2.106,-0.224,-0.038,-0.251,0.160,-0.780,-0.253,-0.341,1.083,-0.473,1.734,-0.653,0.167,-0.521,-0.288,0.462,-2.175,0.002,-1.042,0.164,0.130
156000,0.943,0.494,1.392,-0.082,0.706,1.275,-1.566,-1.593,-0.288,0.930,-0.688,0.472,0.759,1.012,0.495,-0.865,0.188,2.565,0.161,0.081,-0.862,-0.169,1.121,-0.428,0.367,0.032,1.570,-0.994,0.134,-0.628,-0.095,-0.316,-0.524,0.764,-1.732,-0.444,1.003,1.150,-0.762,0.201,1.058,1.836,-1.595,-1.923,-1.898,0.401,-0.979,1.059,0.847,0.746,0.404,0.332,-0.257,-0.516,0.017,1.062,-0.368,0.693,-0.891,-1.602,0.351,-0.570,0.450,-0.080
157000,0.374,2.427,0.490,0.140,0.308,2.458,-1.054,-2.860,-1.641,0.389,-0.948,1.291,-1.775,0.091,0.567,-2.346,0.124,2.327,0.380,1.408,-1.136,0.018,-0.156,-0.422,-0.703,-1.337,1.377,-0.604,1.734,-1.500,0.387,0.970,-1.340,1.102,-1.702,-0.760,1.120,0.860,-1.529,0.256,1.085,1.157,-1.746,-1.921,-1.354,-0.113,-1.044,1.672,1.727,0.949,0.100,-0.184,0.559,0.380,0.144,0.279,-0.467,1.250,-0.120,-1.495,0.081,-0.349,1.174,-0.405
158000,-0.240,1.186,1.009,0.099,0.069,2.313,-2.234,-1.607,-0.021,-0.826,-0.772,0.982,-2.449,-1.382,-0.113,-1.698,-1.046,2.598,1.130,-0.186,-0.841,-0.941,1.323,-1.575,0.421,-0.662,-0.290,-1.437,1.230,-0.628,-0.143,-0.888,-1.246,0.650,-2.003,-1.076,0.690,0.337,0.270,0.506,0.567,0.625,-1.414,-1.939,-1.115,-1.355,0.173,1.068,2.071,-0.461,-0.479,-0.608,0.551,0.173,0.380,-0.899,-0.264,0.676,0.644,-0.704,-0.550,0.160,1.055,-0.649
159000,-1.436,1.411,0.926,0.208,-0.223,2.417,-2.446,-1.061,0.987,0.033,-0.313,1.188,-1.325,0.156,0.628,-1.944,-1.518,2.690,-0.773,-0.087,-1.732,-0.896,2.089,-0.976,1.702,0.150,0.333,-0.469,0.964,-0.833,0.453,-1.477,-1.463,0.568,-1.480,-0.830,0.677,-0.784,2.094,0.437,-0.051,1.203,-1.323,-1.611,-1.529,-1.017,0.992,0.219,1.573,-0.652,-0.737,0.303,-0.655,-0.562,0.185,-0.626,-0.232,0.054,0.008,-0.694,-0.767,1.142,1.071,-0.944
160000,-1.397,0.981,0.797,0.083,-0.724,1.831,-0.844,-1.010,0.077,-0.606,-0.482,1.301,-0.153,-0.961,0.059,-2.548,-1.028,1.454,0.496,0.254,-1.255,-1.352,1.964,-0.571,1.005,0.821,0.077,-0.831,1.691,-0.005,0.962,-1.220,-2.225,0.330,-1.494,0.075,0.546,-0.861,1.999,-0.314,-0.009,1.539,-0.519,-1.547,-0.599,-0.033,2.125,1.172,2.461,0.097,-1.625,0.548,-0.221,-0.391,0.416,-1.060,0.330,0.003,-0.239,0.354,-0.219,0.085,-0.216,-0.237
161000,-1.135,1.205,0.772,-0.391,-1.055,2.211,1.015,-0.026,1.480,-0.348,-0.391,1.304,-1.031,-0.337,-0.878,-1.468,-1.338,0.887,0.619,0.960,-0.410,-1.702,1.539,-0.364,1.455,0.943,-0.012,-2.504,1.237,-0.067,0.504,0.058,-1.763,1.476,-0.151,-1.050,0.426,-0.642,1.503,-0.153,-0.222,1.387,-0.691,-0.837,-0.623,0.916,0.358,0.207,2.182,0.088,-0.214,-0.485,0.063,-0.508,0.545,-1.296,-0.031,-0.917,-0.163,1.064,1.608,-0.347,-0.287,1.034
162000,-1.371,0.507,1.613,0.103,-1.581,0.770,0.766,0.793,0.743,-0.193,-0.134,2.012,-0.745,-0.360,-0.928,-0.873,-1.080,1.602,0.451,0.081,-1.412,-0.839,1.836,-1.587,-0.989,-0.059,0.936,-1.339,1.579,-0.564,-0.317,0.387,-1.141,0.770,-1.542,-1.920,0.612,0.060,0.476,-1.268,-1.857,0.774,0.895,-1.257,-1.129,0.409,0.731,0.496,2.274,-0.544,-1.166,-0.850,-0.034,-0.353,-0.308,-1.804,-0.357,-0.275,-1.275,2.219,0.920,-0.379,-1.450,0.139
163000,-0.847,-0.690,0.614,1.266,-1.405,-0.821,0.126,1.263,0.814,0.668,-0.429,1.595,-0.054,-1.496,-1.448,-0.455,0.242,1.720,1.237,-0.430,-0.427,-1.558,2.561,-0.322,0.066,1.748,1.192,-1.486,0.947,-0.711,0.044,0.924,-0.878,1.367,-1.032,-0.995,0.063,-1.906,-0.521,-0.960,-1.566,0.711,1.532,-0.318,-1.414,0.329,0.829,0.755,1.310,0.132,-0.383,-0.552,0.967,-0.423,0.282,-1.899,-0.588,-0.126,0.256,1.561,0.788,-2.447,0.070,-0.059
164000,0.199,-0.994,1.218,1.742,-1.551,-0.273,0.022,-0.120,0.277,0.731,-0.718,1.244,0.114,-1.169,-0.247,0.570,1.445,1.134,1.430,-0.012,-0.215,-1.336,1.335,0.953,0.378,1.586,1.152,-2.211,0.826,-1.008,0.539,0.751,-0.905,0.963,-0.857,-0.542,1.339,-2.702,-1.644,-0.895,-2.594,0.130,1.910,-0.580,-1.305,1.198,0.810,0.391,0.315,1.431,-0.218,-1.203,0.715,-1.029,1.593,-1.820,0.002,-0.097,-1.028,0.406,0.591,-2.033,-0.580,0.439
165000,1.863,-0.918,1.580,0.917,-0.057,0.743,1.165,0.941,-0.715,-0.136,-0.882,0.438,0.218,0.446,0.162,1.537,-0.363,0.687,-1.246,0.309,0.467,-2.415,2.204,0.490,0.412,1.551,0.857,-1.541,0.110,-1.386,1.460,1.033,-0.364,0.060,-0.922,-0.907,1.344,-2.198,-1.174,-1.853,-2.835,-0.847,0.768,-0.092,-0.609,1.207,-0.580,0.101,1.697,1.511,-0.368,-1.635,1.240,-1.468,1.404,-0.247,0.114,-0.313,-0.834,-0.081,1.425,-1.703,-0.893,1.010
166000,0.933,-1.468,1.286,2.230,0.151,0.027,-1.058,0.997,-0.435,-0.793,-0.595,0.438,0.655,-0.286,0.288,0.852,-0.191,0.845,-1.544,0.305,0.514,-1.054,2.831,0.952,0.242,1.215,0.229,-0.852,0.317,-0.525,1.566,0.871,0.606,-1.784,0.847,-0.338,0.087,-1.859,-1.283,-1.805,-2.369,-2.018,1.004,0.205,-0.795,1.494,0.874,-0.299,1.572,1.578,-0.883,-1.051,1.385,-1.159,1.683,-0.843,0.749,-0.147,0.191,0.633,1.167,-2.605,-0.195,-0.133
167000,-0.344,-0.543,2.299,2.687,-0.302,0.791,-1.581,-0.286,-0.811,-0.459,0.434,-0.471,0.997,-0.860,0.022,1.558,-0.700,0.175,-1.039,-1.676,-0.500,-0.936,1.489,-0.523,1.201,0.062,0.287,0.658,-0.498,-0.687,3.415,0.499,-0.023,-1.483,1.296,0.545,-0.020,-0.791,-1.517,-1.825,-2.501,-2.091,-0.003,0.175,0.377,1.211,1.427,0.134,0.749,0.680,-1.135,-0.725,0.762,-0.358,1.971,-1.501,2.019,0.797,-1.522,0.847,0.468,-2.666,-0.782,-1.130
168000,-0.255,-1.855,1.397,2.771,-0.647,0.104,-0.478,0.347,-1.528,-0.217,-1.089,-0.617,0.817,-0.771,0.505,1.464,-0.349,0.574,1.268,-0.589,-0.184,-0.386,0.725,-0.308,0.623,-0.369,1.241,0.157,-0.265,-2.654,1.384,1.165,-0.878,-1.375,1.363,0.916,0.315,0.578,-1.608,-1.836,-2.101,-1.686,0.214,0.979,1.162,-0.095,0.705,-0.990,1.045,1.204,-0.315,0.257,0.897,0.824,1.706,-1.898,2.392,1.307,-1.308,1.310,-0.163,-2.218,-0.367,-1.057
169000,0.241,-0.507,1.853,2.758,-0.284,-0.102,-0.942,0.085,-1.470,-0.979,-1.491,-0.396,0.626,-0.403,-0.208,1.511,0.138,-1.106,0.309,-1.053,0.618,0.035,0.922,-0.319,-0.340,0.105,1.656,-0.209,-1.711,-0.759,1.257,0.606,-0.765,-1.080,1.361,1.072,0.674,0.154,-1.072,-2.533,-1.210,-0.563,-0.513,1.196,0.277,-0.385,0.981,-1.550,0.133,1.494,-0.872,-0.462,0.873,0.669,2.752,-1.153,1.648,1.008,-0.989,1.164,0.006,-0.742,0.268,-0.995
170000,0.726,0.199,1.682,2.366,-0.526,-0.471,-0.515,-0.409,0.123,-0.996,-1.153,-1.401,0.429,-0.490,-0.041,1.606,0.545,-0.765,-0.013,-0.574,0.132,-0.212,1.230,0.060,-1.010,0.926,0.979,-1.318,-1.922,-0.560,0.243,0.854,-0.351,-0.528,0.406,0.774,-1.583,0.264,-0.244,-1.149,-0.910,0.670,0.571,0.393,-0.735,-0.491,0.592,-1.036,1.974,1.309,-0.332,0.695,1.163,-0.314,1.518,-0.846,1.428,-0.271,-2.230,1.138,-0.607,-1.284,1.110,-0.227
171000,0.135,0.526,0.290,2.038,-0.059,1.227,-1.569,-1.040,0.300,-1.108,-1.463,-2.133,0.259,0.398,0.505,0.862,0.065,-1.565,-0.304,0.481,0.511,0.527,0.868,1.621,-1.677,1.649,-0.776,-1.561,-1.489,-0.836,-0.396,0.499,0.470,-1.148,0.291,0.632,-0.755,-1.722,0.561,-0.488,-0.018,1.912,0.488,-0.217,-0.187,-1.109,0.200,-0.112,1.743,0.987,-0.611,-0.131,0.491,0.305,0.815,-1.169,-0.005,-0.726,-1.117,0.932,-1.111,-0.270,0.977,0.521
172000,0.635,0.969,0.268,2.148,0.886,-0.180,-0.036,-1.048,0.504,-0.880,-1.878,-2.699,0.248,0.860,0.255,-1.154,-0.643,-0.350,0.091,1.471,0.112,1.508,1.549,0.236,-2.378,1.376,0.085,-0.331,-0.998,-1.951,-0.355,0.633,1.009,-0.184,0.970,0.324,-0.694,-0.849,0.120,-0.971,1.179,1.002,-0.176,0.834,0.624,-0.925,-0.161,-0.592,1.618,0.775,-0.547,0.203,0.257,-0.290,1.394,-2.042,0.335,-0.388,-1.354,2.011,-0.091,-1.166,1.840,0.516
173000,0.070,1.081,0.630,1.975,-0.092,-0.094,-0.442,-0.021,-0.636,0.438,-0.913,-1.547,-0.258,1.890,1.046,-1.741,0.592,0.841,0.494,0.933,-0.288,2.076,0.514,0.224,-0.856,2.074,0.320,-1.246,-0.788,-1.763,-0.318,0.509,1.635,-0.957,-0.709,-0.039,-1.006,-0.685,-0.176,-1.171,1.574,0.401,-0.221,1.950,2.197,-0.819,0.040,-0.870,1.176,-0.230,0.105,-0.176,0.547,0.332,0.516,-2.046,1.140,-0.710,-1.470,1.610,0.421,-0.041,1.900,0.309
174000,-0.726,1.419,1.765,2.253,-0.891,-0.693,-0.145,1.090,0.543,1.157,0.592,-1.735,0.507,-0.304,0.549,-0.441,-0.144,1.033,-0.322,0.208,-0.541,-0.025,0.539,1.791,-0.845,1.264,-0.169,-1.009,-1.583,-1.154,0.546,0.664,1.176,0.298,-0.388,-0.095,-1.466,-0.978,0.060,-1.751,0.381,-1.032,0.326,2.157,1.793,-1.441,-0.009,0.026,1.201,-0.032,-0.154,1.030,0.437,-0.290,0.952,-1.885,0.232,-0.524,0.842,0.129,0.883,-1.677,1.326,0.073
175000,-0.931,1.803,2.363,2.312,-1.961,-0.450,0.991,0.868,0.058,0.823,1.057,0.128,-0.390,-0.222,1.311,-1.095,-0.354,0.679,-0.596,0.220,0.641,-0.075,0.022,2.103,-0.361,0.156,-0.339,-0.184,-1.135,-2.518,0.923,1.269,1.695,0.254,-0.235,-0.045,-0.709,-2.005,-0.588,-1.567,-0.011,-0.787,-0.241,1.041,1.899,-0.328,-0.349,0.242,0.799,-0.584,-0.302,0.327,-0.054,0.705,1.568,-0.797,1.247,-1.428,1.896,0.197,1.543,-0.406,1.324,0.722
176000,-1.495,1.217,1.543,1.402,-1.083,0.555,0.201,0.320,-0.723,0.594,0.977,-0.044,-0.303,-0.679,1.508,-0.460,-0.816,0.156,-0.572,-0.363,0.344,0.274,0.405,1.825,-0.846,0.544,-0.912,-0.223,0.164,-2.782,0.147,0.278,2.690,0.764,0.123,-0.035,-0.320,-0.044,-0.862,-1.037,-0.392,-2.192,-0.144,0.032,0.948,-0.247,-1.433,-0.704,0.854,-0.561,0.422,-0.393,0.674,-0.111,0.809,-0.895,0.310,-0.057,1.426,0.899,1.981,-1.099,1.062,0.328
177000,-1.811,0.498,1.877,0.504,-1.108,-0.130,0.049,0.628,-1.046,1.356,-0.031,0.908,-0.523,-0.731,1.449,0.054,-0.933,-0.633,0.314,-0.828,0.094,0.649,1.123,1.225,-0.548,-0.415,-1.653,-0.227,-0.408,-2.009,0.954,0.454,1.898,0.450,-0.173,-0.112,0.182,-1.689,-2.088,-0.468,0.383,-1.973,0.730,0.809,-0.708,-1.336,-0.775,-0.045,0.909,-0.259,0.157,-0.813,0.325,-0.118,0.544,-0.596,0.721,0.560,0.504,0.460,2.097,-1.323,1.577,-0.391
178000,-0.871,1.220,-0.886,0.372,-0.779,-0.660,-0.904,0.666,0.209,0.839,-0.079,0.660,-0.454,-0.883,1.525,-0.033,-0.894,-1.361,-0.018,-1.472,-0.889,0.092,0.142,2.016,-1.340,0.159,-0.696,0.206,-0.282,-0.702,0.178,-0.408,0.527,1.461,-0.046,-0.645,-0.646,-0.651,-0.916,-1.514,1.535,-1.772,1.932,-0.314,-1.559,-1.853,-1.278,0.666,-0.389,-1.088,-0.469,0.126,0.622,0.343,0.435,-0.257,0.088,-0.085,0.020,0.420,1.481,-1.469,1.800,-0.507
179000,-0.351,2.406,-0.293,1.370,-0.853,-0.524,-0.960,-0.177,1.080,0.143,-0.627,1.321,-0.642,0.237,-0.297,0.283,0.370,-1.510,0.081,-1.592,0.087,-0.521,2.377,0.791,0.004,1.140,-1.287,0.486,-0.611,-0.785,-0.328,-1.076,0.416,0.395,-0.333,0.255,-0.428,-1.388,-0.381,-1.233,0.427,-1.878,1.313,0.228,-1.509,-0.443,0.324,0.633,0.050,-1.448,-0.021,1.253,1.065,-0.398,-0.935,-0.306,-0.592,-0.287,-1.320,-0.551,-0.220,-1.098,1.170,-0.276
180000,-1.511,1.069,0.572,0.842,-0.531,0.189,-1.392,-1.138,1.385,0.595,0.371,0.940,0.457,-0.602,-0.392,-1.093,-0.139,-1.697,0.046,-0.687,0.426,-0.311,1.204,0.592,-0.191,1.640,-1.438,1.080,0.491,-0.185,-0.637,0.221,-0.751,0.326,-1.377,-0.291,0.276,-0.850,2.305,-1.589,0.634,-1.598,-0.065,1.203,-0.255,-0.908,-1.405,0.874,-0.425,-1.593,0.055,0.869,-0.351,-1.833,-0.136,-0.331,0.071,0.111,-1.179,-1.335,0.866,-0.348,1.473,-1.442
181000,-1.532,0.075,0.928,1.298,-1.280,1.037,0.019,-0.882,1.432,0.193,0.143,0.098,0.312,-0.361,1.060,0.333,0.789,-1.456,0.018,-0.197,0.213,0.705,0.964,0.600,-0.275,1.551,-0.066,1.150,0.105,0.248,1.627,-0.031,-0.966,-0.652,-0.895,-1.112,-0.106,-0.040,2.263,-1.218,0.429,-0.846,0.178,1.018,0.091,0.141,1.067,0.050,0.405,-0.345,-0.403,1.211,0.657,-1.278,0.074,0.513,-0.158,0.463,-0.556,-1.375,0.868,-0.518,-0.023,-0.707
182000,-1.139,-0.055,0.455,1.376,-0.374,0.134,-0.049,0.642,0.317,0.826,-0.648,-1.420,0.366,-2.515,0.168,-0.368,1.120,-2.165,0.590,0.073,-0.630,1.527,0.545,-1.034,-0.531,1.681,-0.350,0.454,1.441,1.036,0.770,-1.106,0.120,0.153,-0.587,-1.179,0.427,0.043,1.966,0.209,-0.228,-0.990,-0.569,-0.248,-0.351,0.016,1.008,-0.549,1.673,0.777,-0.770,0.786,0.975,-0.638,-0.544,-0.081,0.034,1.196,-0.616,0.347,-0.197,-0.263,-0.788,-0.193
183000,-2.461,0.073,1.004,0.869,0.530,0.703,0.435,0.605,1.096,0.566,-0.557,-2.713,-0.617,-0.141,-0.804,-1.234,0.842,-1.527,2.832,-0.037,-1.097,1.182,-0.431,-1.007,-0.526,1.402,0.197,-0.198,0.928,0.809,0.057,-1.449,0.922,-0.454,-0.696,-0.176,1.452,0.585,2.823,-0.312,-1.096,-1.178,-0.206,-0.132,0.757,-0.276,1.601,1.073,0.968,1.585,-1.312,0.706,0.252,-0.379,-1.476,-0.275,-0.536,0.227,-0.265,1.070,-0.018,-0.203,-0.639,-1.123
184000,-1.322,-0.043,0.072,-0.279,-0.159,0.484,0.849,-0.665,0.005,-0.613,0.091,-2.811,-0.106,0.280,0.022,-0.745,0.681,-0.706,2.103,-0.851,0.477,0.015,-1.222,-0.065,-0.735,1.787,-1.013,0.385,-0.753,0.596,-0.305,-1.134,-0.121,0.172,-0.813,-1.928,0.802,1.292,1.214,-1.296,-2.168,-0.611,-0.326,-0.036,1.526,-0.817,1.323,-0.897,0.255,0.816,-1.528,-0.591,-0.685,-0.007,-1.856,0.145,-0.570,-0.056,-0.618,0.866,-0.805,-0.850,-0.334,0.156
185000,-2.232,-0.560,-0.107,-0.672,0.800,0.141,-1.363,0.116,-0.375,-1.222,-0.103,-0.891,0.956,0.661,-0.076,-0.351,0.526,-0.153,0.795,-0.407,0.532,-0.298,-0.966,0.832,0.060,1.147,-0.901,0.933,-0.364,0.758,-0.663,-0.084,-0.420,-0.051,-0.568,-2.200,0.429,1.715,1.936,-1.357,-0.537,-0.856,-0.617,0.195,-1.003,0.278,0.490,-0.593,0.939,1.637,-0.554,0.302,-1.106,0.884,-1.843,1.006,-1.181,-0.113,-0.027,0.617,-1.155,-0.402,-0.769,-0.159
186000,-1.290,-0.106,0.066,0.336,-0.734,0.085,-0.809,-1.335,-0.233,-0.499,1.378,-1.772,0.809,-0.200,-0.802,-0.565,0.937,-0.053,0.460,-1.288,-0.403,-0.595,0.175,-0.457,0.626,1.262,-0.811,1.188,0.452,0.362,0.013,-1.572,0.374,-0.443,-0.455,-2.139,-1.715,1.474,1.348,0.393,-1.306,-0.899,-0.979,0.551,-0.506,0.481,-1.174,-1.870,1.783,0.773,0.242,0.111,-0.489,0.276,-0.790,1.183,-0.726,0.287,-0.334,1.026,-1.331,-0.373,-0.568,1.553
187000,-0.772,0.641,-0.522,0.203,-2.049,0.374,-0.576,-0.549,-0.593,-0.446,1.808,-2.074,0.810,-1.491,-0.853,-0.447,1.071,-0.888,0.604,-1.198,0.062,0.183,-0.450,-0.142,0.053,-0.331,-0.517,1.927,1.834,0.441,0.557,-2.019,0.805,-0.696,0.454,-3.114,-0.495,1.972,1.554,0.675,-1.258,0.896,-1.953,0.695,0.571,-0.196,0.826,-1.431,2.467,0.332,-0.825,-0.819,-0.017,-0.113,-0.804,0.861,-0.330,0.749,0.432,0.734,-0.139,0.876,-0.376,0.392
188000,-0.082,0.363,-0.916,-0.386,-0.983,0.704,-0.091,-0.185,0.129,-0.447,2.199,-1.591,-0.066,-1.519,-0.630,-0.107,0.176,0.289,0.825,0.513,0.190,0.524,0.255,-0.081,0.279,-0.732,-0.089,1.087,1.446,0.679,1.296,-2.349,1.718,-0.347,0.359,-4.021,-0.195,1.581,0.197,-0.370,-0.878,0.923,-2.388,-0.605,0.809,-0.039,1.602,-0.398,0.606,-0.724,0.034,1.308,0.887,-0.157,-0.904,0.060,-1.027,-0.364,-0.596,0.956,-1.314,0.230,1.146,0.550
189000,-0.285,0.701,-0.549,-0.794,-1.895,0.251,-0.334,1.197,1.545,-0.297,0.684,-0.320,-0.166,-0.833,0.050,-0.372,-0.200,-0.334,0.359,0.137,0.288,-0.052,1.014,-0.039,0.153,-0.977,0.161,0.568,-0.268,0.231,1.377,-1.579,1.017,0.702,0.513,-3.897,-0.224,1.821,0.387,-0.524,-0.915,1.535,-2.131,-0.887,0.030,-0.723,1.083,-0.304,0.800,-0.862,0.674,1.717,-0.263,0.800,0.126,0.707,-0.673,0.031,-0.201,0.610,-0.888,0.670,0.576,0.355
190000,-1.133,0.465,-0.883,-1.838,-1.628,1.446,-0.010,1.119,2.187,-1.224,-0.017,-0.459,0.557,0.373,-0.776,0.026,0.710,0.638,-0.240,0.458,-0.509,-0.308,0.075,-0.319,-0.466,-1.790,0.650,0.101,0.596,0.094,0.652,-0.828,0.652,0.047,0.006,-3.590,-0.009,0.679,0.469,-0.469,-0.392,0.987,-0.489,0.471,1.336,-0.225,-0.677,-0.546,0.490,-0.192,0.756,2.046,-0.134,0.582,1.257,1.547,0.356,0.491,0.120,1.475,-0.611,1.758,0.737,-2.243
191000,-1.341,0.198,-0.150,-1.696,-1.641,0.445,-0.428,1.375,1.593,-0.896,0.571,-0.750,0.644,-0.063,-1.060,0.251,-0.233,0.580,-1.099,0.271,-0.542,0.201,0.436,-0.461,1.043,-1.382,0.498,-0.133,0.115,0.344,0.918,-0.067,0.072,-0.668,0.986,-2.845,0.049,-0.003,0.073,-1.210,0.429,1.874,-1.250,-0.528,1.318,-0.246,-1.392,0.330,0.598,-0.549,1.638,0.921,-0.204,1.176,0.604,-0.417,-0.430,0.665,0.444,0.667,0.335,0.913,0.711,-1.603
192000,-1.165,0.024,0.562,-0.827,-2.141,-0.257,0.285,1.288,1.206,0.235,0.430,-0.461,-1.024,0.921,-1.330,-0.253,-0.579,0.904,-1.823,0.578,-1.237,-0.574,0.063,-0.564,1.358,-0.856,-0.181,0.933,-0.783,0.221,1.114,-0.165,-0.472,-0.959,1.118,-3.485,0.114,-0.543,0.984,-0.286,1.119,0.537,-0.791,0.635,0.906,-0.977,-2.156,1.414,0.715,0.297,0.825,0.280,0.343,-0.337,0.380,0.176,-1.058,0.510,1.058,1.591,-0.498,1.479,1.446,-2.598
193000,-1.653,-1.152,0.033,-0.986,-1.084,0.080,-0.442,1.339,1.719,0.627,-0.018,-0.368,-1.218,0.084,-1.301,1.093,0.031,0.357,-1.182,1.065,-1.439,-1.980,-0.668,-0.601,1.112,-0.682,1.032,-0.069,-1.777,0.676,1.838,0.162,-0.649,0.734,1.085,-2.108,0.167,-0.809,-0.043,-0.260,0.377,-0.566,-0.932,1.368,0.644,-0.757,-1.695,1.454,1.244,0.154,-0.409,0.008,-1.332,-1.092,0.458,0.402,-1.535,0.010,0.034,1.236,-0.660,0.574,0.655,-2.244
194000,-0.862,0.196,1.150,-0.741,-0.094,0.399,-0.595,0.645,0.430,0.872,-0.279,-1.253,-2.144,0.429,-1.858,0.741,-0.922,0.551,-1.929,2.564,-0.697,-1.685,0.395,-0.672,0.895,0.220,1.073,0.593,-2.259,1.023,2.188,0.890,-0.994,0.113,-0.061,-2.125,0.265,-0.098,-0.726,-1.251,0.527,-0.232,0.392,0.750,1.167,-2.283,-1.336,0.794,0.054,1.154,-0.557,-0.142,-2.354,-0.712,1.276,-0.118,-0.898,-0.251,-0.066,1.858,-0.192,1.297,-0.258,-0.368
195000,0.100,0.088,1.057,0.151,-1.247,-0.120,-0.517,0.868,-0.231,0.070,0.455,-1.482,-0.516,-0.610,-1.370,0.747,-0.856,-0.498,-1.928,1.779,-1.245,-0.700,0.888,-1.623,0.037,-0.328,1.127,1.268,-0.906,1.498,0.248,0.258,-0.602,0.493,0.450,-0.316,0.657,0.239,-0.402,-0.716,0.261,0.318,1.424,0.112,1.763,-1.860,0.284,0.336,0.900,2.174,-0.335,0.300,-1.726,-1.790,0.676,0.145,0.471,-0.522,0.067,2.381,-0.550,1.690,0.538,-0.647
196000,0.494,0.334,0.621,0.554,-1.570,-0.003,-0.817,1.113,0.085,-1.319,-0.832,-0.844,0.413,-0.225,-1.989,1.006,-0.055,-1.097,-0.874,2.431,-1.141,0.106,0.232,-0.509,-0.567,-0.242,0.361,1.549,-1.739,0.790,-0.181,0.011,-0.222,0.173,-0.025,0.328,1.096,0.616,0.141,-0.846,0.378,0.637,1.886,0.610,0.689,-2.299,-0.528,0.909,0.519,1.745,0.607,-1.301,-1.852,-0.841,1.158,0.655,-0.748,0.281,0.018,1.497,0.126,0.782,0.300,-1.013
197000,0.563,0.866,0.342,-1.498,-1.328,-0.680,-1.806,0.094,0.702,-0.044,-1.546,0.777,-0.678,-0.705,-2.265,0.737,-1.185,-1.653,-0.228,2.664,-0.685,-0.410,0.847,0.443,0.442,-0.426,-1.168,0.487,-1.903,-0.516,0.883,0.406,-0.529,1.173,0.343,-0.480,1.437,0.338,-0.185,-0.612,0.901,0.866,1.695,0.428,1.199,-1.644,-0.415,0.640,1.061,1.852,0.267,-1.416,-1.975,0.620,-0.692,1.096,-0.641,-0.212,0.344,1.655,0.124,1.716,1.083,-0.918
198000,1.412,1.266,0.333,-1.390,-1.529,-1.094,-2.452,0.203,0.721,0.679,-1.240,1.833,-0.092,0.025,-1.656,0.465,-1.632,-1.165,0.398,1.520,0.430,-0.696,0.188,1.545,-0.489,-0.648,-1.259,0.323,-0.969,-0.896,1.176,-0.047,-0.637,1.171,0.103,-2.162,0.907,-0.500,1.012,-0.187,1.133,0.826,0.795,0.126,0.146,-0.049,0.220,0.759,0.205,1.362,-0.265,-0.783,-1.413,-0.004,0.204,-0.217,-0.761,0.588,-1.324,2.392,0.918,1.778,2.183,-0.758
199000,1.317,0.482,0.490,-1.212,-1.547,-1.400,-2.054,0.042,1.739,0.568,-0.753,0.595,0.474,-0.231,-1.564,0.461,-0.702,-0.681,1.214,1.736,1.379,-0.616,-1.054,1.559,-1.118,-2.165,-1.313,-0.316,0.101,-1.482,0.800,0.196,0.090,1.157,-0.998,-1.524,0.239,-1.446,0.694,1.164,1.435,1.059,0.626,-0.927,-0.880,0.470,0.394,-0.271,0.326,0.157,-1.431,-1.432,-1.161,-0.845,-0.123,-1.371,0.576,0.703,0.159,1.378,0.512,1.745,2.611,0.157
200000,1.321,0.764,0.979,-0.669,-1.488,-1.159,-1.615,-1.479,2.369,0.449,-0.611,0.895,-0.114,0.120,-1.848,-0.529,-1.119,-0.718,0.605,0.389,0.909,-0.079,-0.501,0.363,0.143,-0.041,0.213,-1.117,-0.137,-0.845,-0.356,-0.286,0.941,2.413,-0.654,-1.176,0.577,-1.324,0.423,1.896,1.364,1.320,-0.239,-0.629,-1.112,-1.257,2.754,0.776,0.388,-0.034,-0.816,-1.831,-0.014,-1.603,-1.140,-1.279,0.271,1.113,-0.485,0.243,-0.116,0.505,2.402,0.753
201000,1.344,1.824,-0.242,0.168,-1.640,-1.155,-1.181,-1.143,1.745,1.810,-0.758,1.209,1.128,-1.582,-0.894,-0.413,-0.211,0.366,0.323,0.441,0.567,1.867,-0.161,0.227,-0.763,0.125,-0.394,0.293,-0.225,-0.608,-1.099,-0.393,0.687,1.320,-0.998,-0.779,0.565,-0.328,1.009,0.902,2.041,0.079,0.047,-0.337,-2.171,-1.141,2.173,-0.479,0.499,-0.001,-0.252,-1.073,-0.083,-0.997,-0.597,-1.253,0.485,1.977,0.050,0.069,-0.034,-0.007,1.923,-0.878
202000,1.165,1.349,0.859,-0.428,0.010,-1.330,-1.087,-1.977,1.480,1.312,0.136,0.834,1.138,-1.295,-0.602,-0.371,-0.379,-0.332,-0.488,0.024,0.754,1.060,0.514,-0.385,0.081,0.274,-1.073,1.008,-0.608,-0.119,-0.887,-0.852,0.411,0.648,-1.976,0.184,1.641,-0.394,1.521,1.264,2.301,-0.224,-0.439,0.495,-2.278,-0.495,1.939,0.686,0.037,-0.021,0.224,0.810,-0.398,0.453,0.839,-0.529,1.414,1.679,-0.603,-1.455,-0.927,0.538,1.237,-1.887
203000,1.002,-0.438,0.799,0.306,0.778,-0.858,-1.727,-1.441,2.162,0.628,-0.037,0.495,0.149,-1.860,1.419,-0.182,0.283,-0.543,-0.931,0.599,0.095,0.958,0.081,1.325,-0.408,-0.852,-1.082,1.697,-0.793,0.247,-0.894,-2.154,-0.146,-0.053,-1.849,-0.078,1.389,-0.146,0.855,1.159,2.762,0.862,-0.082,-0.313,-1.192,-1.913,1.902,0.112,0.343,-0.334,0.791,0.985,0.384,0.623,0.811,-0.537,1.658,1.918,-0.743,-0.820,-1.544,0.369,0.557,-1.397
204000,0.736,-0.361,0.167,-0.569,0.706,-1.093,-1.157,-2.036,1.728,-0.476,-0.498,0.535,0.362,-2.412,1.567,-0.162,1.892,-0.902,-0.835,0.688,1.436,-0.516,-0.440,0.701,-0.457,-0.248,-1.296,1.225,-0.996,0.626,-0.267,-1.307,-0.835,-0.434,-0.959,0.823,1.163,0.829,0.824,-0.433,1.882,1.387,0.098,-0.331,-0.710,-1.558,2.572,-0.175,0.382,0.653,0.633,0.055,0.879,-0.458,0.023,-0.945,1.082,1.792,-0.785,-0.887,-2.099,0.787,1.068,0.017
205000,0.566,-1.003,-0.089,0.691,1.079,-1.513,-1.049,-0.680,1.234,-0.547,-0.362,0.910,0.744,-2.419,0.605,-1.630,0.466,-0.028,-0.982,0.205,0.452,-1.205,0.429,-0.276,-0.402,0.358,-0.483,0.893,-1.664,-0.515,0.258,-1.041,-1.336,-0.651,0.093,1.099,1.029,0.200,-0.646,0.039,0.841,0.861,-0.906,-0.800,-0.729,-0.886,2.827,-0.219,1.255,0.496,0.113,-0.124,2.073,-0.293,-0.323,-1.218,0.786,1.343,-0.569,-1.270,-2.555,1.032,2.502,0.142
206000,-0.578,-0.418,0.179,0.140,1.091,-1.484,-1.691,-0.927,1.191,0.122,-0.803,0.897,1.884,-1.351,-0.081,0.045,0.456,0.205,-2.878,1.247,0.789,-0.318,0.350,-0.825,-1.853,0.565,0.431,0.670,-0.751,-0.181,0.281,-1.668,-0.437,0.274,0.613,0.361,0.137,0.447,-0.762,-0.037,-0.058,0.709,-1.259,0.798,-1.211,-1.356,2.064,0.455,1.103,1.444,1.214,-1.188,1.375,-0.969,-0.500,0.224,1.469,0.008,0.008,-1.368,-1.051,0.728,3.226,-2.226
207000,-0.870,-0.016,-1.130,0.917,1.638,-1.045,-0.886,0.867,1.319,-1.165,-2.282,1.297,1.322,-1.286,0.062,-0.115,0.225,0.271,-1.530,-0.309,-0.190,-0.277,-1.325,-0.863,-1.559,0.010,0.319,0.859,-0.648,-0.875,-0.362,-1.343,-0.518,0.234,0.674,0.175,-0.440,0.332,-1.306,-1.770,-0.304,-0.697,-0.175,1.382,-0.384,0.551,2.870,0.974,1.192,1.621,1.416,-1.027,0.862,0.001,0.068,0.157,2.506,-1.506,-0.308,-0.156,-1.364,-0.219,1.170,-0.966
208000,-0.653,-0.690,0.226,1.714,1.052,-0.493,-1.426,0.485,0.247,0.190,-1.182,1.954,0.285,-1.192,0.643,0.150,0.597,0.323,-1.332,-0.321,-2.137,0.319,-1.993,-1.177,-1.697,-0.374,-0.168,1.392,-1.120,0.774,0.160,0.037,0.348,-0.554,1.973,-0.155,0.099,-0.706,-1.370,-1.858,-1.036,-0.247,0.058,1.751,-0.138,0.931,2.328,1.517,0.024,0.075,-0.033,-1.678,0.833,1.358,0.130,0.392,1.649,-1.172,-0.059,-1.104,-2.069,-1.410,0.315,-0.565
209000,-0.393,-0.340,0.413,1.048,0.504,0.372,-1.269,0.191,-1.154,-0.199,-0.589,1.438,0.446,-0.465,-0.569,0.794,0.673,1.384,-1.418,0.737,-1.308,0.037,-0.660,-1.460,-1.969,-1.429,-1.352,0.849,0.366,-0.919,0.100,-0.356,-1.187,-1.409,-0.284,-1.192,-0.154,0.763,-1.134,-2.093,-0.011,0.523,-0.130,1.620,0.799,1.306,0.841,1.470,0.439,0.469,-0.432,-0.572,-0.470,0.716,0.440,-0.198,1.522,-1.068,-0.688,-0.823,-1.414,-0.707,-0.109,0.224
210000,-0.878,-1.291,0.346,0.602,0.016,0.079,-0.295,-0.044,-0.667,0.863,1.148,-0.045,0.780,0.210,-0.207,0.230,0.657,1.886,-1.160,2.517,-1.194,-0.021,-0.288,-1.312,-1.450,-0.862,-0.287,0.847,1.487,-1.487,0.711,0.556,-1.388,-1.604,-0.924,-2.466,0.012,0.858,-1.265,-0.292,-0.069,1.364,-0.119,0.896,1.349,1.162,-0.485,0.002,0.248,0.418,-0.879,-0.789,-0.757,1.207,-0.784,0.380,1.778,-1.048,-0.742,-0.130,-1.659,0.224,-0.447,-0.282
211000,0.020,-0.671,1.266,0.069,-0.514,1.101,-0.633,-0.989,0.677,1.547,2.526,-0.166,-0.024,1.645,0.607,-0.197,0.787,1.505,-0.684,1.521,-1.361,-1.373,-1.027,-0.296,-0.587,-0.106,-2.016,-0.008,2.021,-0.769,0.979,-0.086,-0.343,-1.260,-0.841,-1.635,0.103,-0.302,-2.200,0.328,-0.434,0.500,-0.322,1.366,2.355,0.137,-1.016,0.499,1.554,1.123,0.248,0.294,-0.821,1.286,-0.203,1.101,1.148,-0.809,-0.529,-0.376,-1.881,0.133,0.959,-0.552
212000,0.503,-0.829,0.541,0.932,-0.039,2.192,0.015,-0.662,-0.183,1.327,1.675,0.770,0.785,1.085,1.177,-0.343,0.143,0.615,-1.450,1.454,-1.331,-2.399,-3.087,0.453,-0.946,-0.483,-1.500,-0.569,0.891,-0.872,0.665,-0.524,-0.865,-1.253,-1.076,-1.526,-0.270,0.260,-3.077,0.861,-1.330,1.306,-0.421,0.762,1.340,1.245,-1.484,0.046,0.438,0.744,-0.230,-0.129,0.128,-0.253,0.289,0.902,1.117,-0.814,-0.563,-0.339,-0.785,0.225,1.273,0.065
213000,0.200,-1.032,1.340,0.709,-0.033,1.437,0.970,-1.067,1.071,0.681,1.198,-0.331,0.415,2.131,0.767,-0.981,-0.167,-1.174,-1.943,1.055,-0.609,-2.858,-1.476,-0.023,-1.944,0.602,-1.410,-0.777,0.921,0.461,-0.288,-0.607,-0.386,-0.920,-0.344,-1.241,-1.315,1.315,-3.374,-0.157,-0.609,1.241,-0.692,-0.149,1.698,0.136,-0.495,-0.600,-1.103,-0.709,-0.368,0.950,0.235,-0.747,0.733,0.911,1.489,0.715,0.454,-0.068,-1.128,0.269,0.836,-0.030
214000,-0.614,0.018,1.212,1.139,-0.426,0.810,1.359,-1.706,-0.415,0.160,0.491,-0.152,0.994,2.398,0.687,0.431,0.489,-1.788,-2.630,-0.523,0.308,-2.476,-0.723,-0.780,0.023,-1.584,-1.546,-2.444,0.458,0.189,-0.598,-1.030,-0.608,-0.692,0.727,-0.168,-1.159,0.625,-0.646,0.122,-0.082,2.127,-0.527,0.163,2.044,0.561,-0.602,-0.241,-0.492,-0.308,-0.637,0.872,-0.372,-1.798,1.155,0.465,1.403,1.119,-0.524,0.102,-0.078,0.535,0.468,0.073
215000,-0.157,0.319,0.780,0.110,-0.631,0.468,1.655,-1.632,-1.607,-1.213,0.246,-0.486,0.528,1.237,-0.394,-0.726,-0.002,-1.408,-1.897,-1.141,0.177,-2.130,-1.198,-0.503,-0.668,-1.668,-2.192,-2.038,0.609,-0.484,-0.513,-0.056,-1.503,-0.303,-1.115,-0.866,-0.977,0.065,-0.777,0.027,0.290,1.951,0.479,-1.120,1.272,1.235,-1.217,-0.579,-1.041,0.924,0.926,1.294,-0.355,-2.543,0.338,-0.250,-0.062,1.368,-0.536,0.838,-0.049,1.894,0.539,0.644
216000,0.738,-0.195,-0.400,-0.280,-0.622,0.501,1.787,-1.302,-1.343,-0.284,-0.932,0.503,0.535,1.193,-0.310,-0.775,0.208,-0.492,-0.950,-1.015,0.990,-1.051,-1.477,-0.591,-0.468,-1.925,-2.521,-1.631,0.052,-0.753,0.093,0.094,-0.922,-0.216,0.381,-0.386,-1.335,-0.549,-1.104,0.947,0.233,0.882,0.977,-0.737,0.392,1.049,-0.502,-1.300,-0.976,0.786,1.162,-0.786,0.085,-1.815,-0.712,0.129,0.277,0.828,-0.530,0.592,0.405,1.004,0.785,0.097
217000,-0.450,-1.007,-0.005,-0.002,-0.745,1.373,1.407,-0.301,-0.563,0.097,-0.528,0.033,1.335,0.558,-0.535,-0.689,-0.300,-0.220,-0.077,-1.456,0.873,-0.794,0.172,-0.759,-0.159,-0.982,-0.764,-0.638,-0.355,-0.257,-0.587,1.403,0.324,0.076,-0.128,-0.804,-0.028,0.322,-0.468,1.078,-0.301,0.135,0.795,-0.431,-1.283,-0.015,-0.013,-1.010,-0.593,1.875,1.765,0.489,-1.165,-3.070,0.642,1.258,0.311,-0.406,0.086,-0.539,0.161,0.628,0.575,-0.160
218000,-0.320,0.304,0.981,0.387,-0.105,2.199,1.789,-0.166,-1.269,0.805,-0.164,0.645,0.612,-0.463,0.460,-1.281,-0.524,0.057,0.569,-1.236,0.106,0.399,0.596,-1.238,0.485,-0.922,0.467,-0.500,-0.516,-0.900,-1.062,0.602,0.300,-0.271,-0.188,0.330,0.216,-0.467,-0.081,1.657,-1.009,0.792,0.642,-1.056,-0.247,0.222,0.705,-0.001,-0.498,0.071,1.510,-0.419,-0.820,-2.197,0.583,0.308,-0.538,-1.106,0.040,-1.162,0.909,0.426,0.038,-0.578
219000,0.774,-0.337,0.780,0.309,0.499,0.179,2.231,0.515,0.769,0.274,0.252,0.782,0.127,-0.049,0.158,-1.824,-0.253,-0.883,1.562,-2.545,-0.050,0.734,0.698,-0.296,0.276,-0.994,-1.055,-0.213,-0.249,-0.808,-0.754,1.367,0.472,-1.276,0.289,0.822,0.343,-0.540,1.827,0.112,0.187,0.547,1.054,-2.266,-0.247,0.263,-0.068,0.113,-0.079,-0.265,1.674,-0.724,-0.521,-2.544,0.693,1.885,0.298,-0.313,0.165,-0.577,-0.147,-0.083,0.040,0.213
220000,1.242,1.005,0.724,-0.479,0.361,-0.763,0.952,0.393,0.493,1.047,0.201,0.554,0.410,0.327,0.210,-1.956,0.202,0.835,1.207,-1.711,-0.468,1.085,-0.575,-0.164,-0.039,-0.133,-2.064,-1.054,-0.543,-0.144,0.403,1.984,0.380,-0.133,0.471,0.203,-0.642,-0.097,2.027,0.007,-0.601,0.083,0.770,-2.254,0.128,0.294,0.314,-0.086,1.001,0.477,0.717,-1.198,-0.078,-2.060,0.304,1.028,1.191,0.449,1.316,0.083,-0.247,-0.456,-0.754,0.167
221000,0.583,0.803,0.640,-0.040,-1.247,-0.142,0.150,-0.258,0.438,1.468,-0.494,1.354,0.705,-0.387,0.346,-1.476,0.009,-0.042,0.924,0.179,0.934,0.887,-1.231,-0.650,-0.010,0.197,-0.065,-0.363,0.151,1.068,-1.764,1.335,1.125,-0.916,-1.213,0.097,0.348,-0.313,2.045,0.609,-0.937,-0.579,0.048,-1.577,-0.276,0.003,-0.533,0.333,1.772,0.311,-1.298,-0.477,1.528,-1.914,-1.300,0.786,0.757,0.045,1.237,0.653,-0.104,-1.006,-0.991,0.481
222000,0.010,1.248,0.868,0.992,-1.498,-0.262,-1.506,-0.218,1.473,-0.301,-1.202,2.092,0.694,-0.941,-0.802,-0.546,0.928,0.190,-0.806,0.881,1.549,1.763,-0.728,0.689,-0.821,-0.014,-0.013,-1.336,0.598,0.898,-1.969,1.750,1.361,-0.352,-0.620,0.233,0.295,0.011,0.552,0.343,0.072,0.188,0.501,-1.682,-0.597,0.117,-0.873,0.134,2.368,0.165,-0.952,-0.224,1.562,-0.981,-0.845,0.718,-0.538,-0.234,0.341,0.498,-0.397,-1.716,0.163,1.045
223000,0.835,0.222,0.179,0.241,-0.670,-1.340,-1.404,-1.163,-0.224,-1.102,-0.273,1.873,-0.071,-0.539,-1.003,0.167,0.999,-0.172,-1.454,0.997,0.772,1.528,-1.225,0.016,-0.631,-0.556,-0.569,0.709,-0.394,-0.599,-0.809,0.471,-0.477,-0.233,-0.417,-1.122,1.035,1.300,0.303,-0.058,0.275,-0.891,0.934,-2.907,1.028,0.310,-0.589,0.051,1.952,-0.247,-1.856,0.230,1.142,-1.459,-0.414,0.605,-0.575,-0.564,-0.384,0.175,-0.857,-2.058,-0.798,1.148
224000,-0.433,-1.020,0.843,0.934,-0.866,-0.471,0.997,-1.798,-0.832,-1.496,0.068,0.244,-0.385,-1.318,-1.030,1.739,1.816,-0.958,-1.443,2.714,-0.083,0.320,-1.657,-0.231,-0.935,-1.721,0.013,0.617,0.100,-1.192,-1.281,0.775,-0.645,0.388,0.909,-1.054,1.722,-0.348,1.533,0.498,0.151,0.454,0.791,-2.608,1.655,-0.670,-0.192,-1.131,0.931,0.641,-2.594,0.840,0.395,-0.918,-0.199,1.186,-0.866,-0.208,-0.695,0.454,-1.380,-1.406,-0.649,1.102
225000,-1.405,-0.536,1.087,-0.305,-0.907,0.367,0.644,-1.207,-0.018,-0.373,-0.098,-0.379,-0.590,-0.589,-1.700,1.664,1.582,-1.333,-1.197,1.789,1.055,-0.148,-1.578,-1.123,0.545,-1.274,0.487,0.227,-0.246,-0.919,-0.843,0.815,0.049,0.215,-0.026,-0.703,0.386,-1.941,0.017,-0.137,0.826,-0.644,-0.136,-2.314,1.368,-0.531,0.565,-0.788,2.232,0.626,-1.319,0.750,0.305,-0.489,-0.295,0.849,-0.646,-0.096,-1.070,0.480,-1.599,-0.028,-1.085,-0.126
226000,-1.597,-0.282,-0.182,-0.863,-0.725,-0.070,0.145,-1.696,-0.672,-1.406,-0.820,0.138,-0.182,-1.126,-1.267,0.266,2.048,-1.012,-0.421,1.136,1.386,0.148,-2.218,-0.581,0.090,-1.374,0.971,0.228,0.839,-1.237,-0.646,1.904,0.527,-0.513,0.429,-1.362,0.179,-2.271,0.702,-1.187,1.177,0.209,-0.022,-2.046,1.302,-0.715,0.833,-0.304,1.357,-0.316,-0.444,0.034,0.405,-0.594,-0.632,0.822,-0.597,-0.353,-0.963,-0.060,-1.814,1.023,-1.549,-0.027
227000,-1.013,-0.536,0.203,-0.647,-1.239,0.611,-0.330,-0.114,-0.800,-0.444,-1.315,0.599,-1.778,-0.792,-0.564,-0.653,0.752,-0.216,-0.184,0.269,1.293,0.586,-1.581,-0.431,-0.730,-0.660,0.165,-0.492,1.152,-0.923,1.272,1.219,-0.164,0.429,-0.317,-1.317,-1.240,-1.802,0.109,-0.082,0.856,0.011,-0.205,-2.461,1.685,-1.518,-0.802,0.236,1.644,0.498,0.380,1.339,0.159,-1.002,0.846,0.840,-0.311,0.243,-0.474,0.833,-0.591,1.982,-0.568,-0.536
228000,-0.808,0.629,0.516,0.408,-1.283,-0.733,0.024,-0.943,-1.145,0.635,-0.212,1.373,-1.511,-0.175,-1.959,-0.056,0.524,0.670,0.370,1.741,1.028,0.632,-0.744,-0.794,-1.163,0.044,-0.716,-0.416,0.649,0.741,0.903,1.024,-0.580,1.081,-0.193,-1.799,-0.174,-1.577,-0.583,-0.850,0.137,-1.331,-0.632,-0.524,1.055,0.759,-0.611,-0.160,0.397,0.269,2.148,0.383,0.968,-0.901,0.364,0.580,-0.910,1.108,-0.645,0.475,0.099,1.233,-0.221,0.320
229000,-0.880,-0.192,0.379,0.169,-1.014,-1.326,1.040,-0.196,-0.313,-2.341,0.520,1.601,-1.005,1.147,-0.674,-0.252,-0.773,1.173,0.272,2.067,0.697,-0.114,-0.647,-0.704,-0.329,0.141,0.013,-0.354,0.153,0.029,0.969,1.043,-1.417,-0.594,0.068,-0.725,0.059,-1.278,-2.782,-1.437,-0.255,-1.367,0.501,-0.263,1.603,0.852,0.129,-0.108,1.009,-0.923,1.983,0.268,0.453,-0.847,-1.015,0.404,-0.092,1.105,0.265,1.203,-0.075,1.449,-1.026,0.536
230000,-1.060,0.034,-0.230,0.575,-0.641,0.022,-0.438,-0.550,-0.334,-0.928,-0.344,0.141,-1.366,1.252,-0.527,-0.028,-0.542,0.919,0.405,1.084,-0.053,-2.123,-1.461,-0.392,-0.075,0.105,0.302,-0.716,-0.280,-1.845,1.310,0.768,-0.382,0.256,-0.060,0.030,-0.264,-0.381,-1.314,-0.723,-0.720,-3.094,0.259,0.304,0.894,-0.517,-0.381,0.038,0.673,-1.097,1.352,1.099,-0.050,-0.440,-0.861,0.404,-0.846,-0.124,-0.691,-0.217,0.287,1.606,-0.425,0.935
231000,-0.158,0.112,-0.289,-0.208,-1.084,0.362,0.380,0.239,-1.726,-1.167,-1.206,0.290,-1.455,-0.563,-1.026,-0.497,0.339,-0.283,-0.352,-0.515,-0.692,-0.534,-1.356,0.058,-0.069,0.316,0.101,-0.907,0.361,-1.438,0.393,0.709,-0.868,-0.177,-0.099,0.591,-0.385,0.433,-1.433,-0.746,-1.115,-1.293,-0.295,1.027,0.255,-1.355,0.346,0.264,0.913,0.068,0.636,0.142,1.064,0.632,-0.308,1.010,-1.014,0.966,-0.817,0.562,-0.489,0.445,0.144,-0.326
232000,-0.067,-0.092,-0.290,-0.680,-1.437,0.477,0.165,-0.202,-1.512,-0.887,-1.060,0.866,-0.764,-0.499,-0.815,-1.568,0.020,0.636,1.288,-0.074,0.609,-1.229,-0.839,0.723,-0.263,1.033,1.194,-0.303,-0.832,-1.743,0.427,-0.253,-0.441,0.416,0.849,-0.771,-0.254,-0.592,-1.290,-0.660,-1.211,-1.005,-0.520,0.118,-0.335,-1.216,-1.005,-0.053,0.367,0.501,0.844,-0.943,1.390,0.350,-0.575,0.840,0.413,1.683,-0.238,-0.557,-1.059,0.518,-0.084,-0.249
233000,0.291,-1.282,0.650,-0.897,-1.492,-1.195,0.560,-0.301,-2.137,-0.918,-2.443,0.679,-0.707,0.295,-1.272,-0.477,1.168,0.102,1.089,0.670,0.841,-1.682,-1.500,0.650,-0.483,1.076,1.244,-1.704,0.056,-2.060,1.691,1.363,0.604,-0.265,1.513,0.920,1.084,0.149,0.882,-1.221,0.111,-0.333,0.099,0.549,-0.017,-2.436,-0.661,0.782,-0.115,0.484,0.312,-1.507,1.822,0.506,-0.258,0.388,-0.287,0.479,0.430,0.729,-1.042,0.023,-1.098,-0.049
234000,0.497,-0.697,-1.291,-0.761,-1.684,-0.740,0.071,-0.211,-1.479,-0.405,-1.538,0.830,0.195,-1.751,-0.794,0.101,0.544,0.266,-0.530,1.265,0.292,-0.636,-0.156,0.242,0.541,1.457,-0.563,-3.063,0.366,-0.844,0.497,1.637,0.231,0.091,2.062,1.708,-0.697,-0.135,1.339,-1.307,0.566,-1.364,0.860,-0.157,0.016,-0.597,0.154,0.625,-0.375,1.878,1.346,-1.898,1.431,0.645,-0.298,-0.119,0.651,0.154,0.428,0.283,0.205,0.677,-0.884,0.568
235000,0.646,-1.600,-1.337,-0.414,-1.494,-0.139,-0.264,-0.810,-1.442,-0.526,-1.435,0.324,-0.372,0.147,-1.720,-0.887,0.780,-0.250,-0.739,1.630,-0.440,-0.935,-1.058,-0.348,1.315,1.762,-0.042,-2.093,0.381,0.258,0.770,1.774,1.287,0.297,1.739,1.479,-0.344,-0.642,0.852,-1.130,-0.387,-0.938,0.598,0.434,0.199,-0.775,0.390,0.818,-0.549,1.103,0.063,-0.794,1.532,0.781,-0.068,-0.187,-0.430,1.490,-1.059,-0.970,0.430,0.755,-0.065,0.323
236000,0.044,-0.560,-1.978,-0.811,-1.785,-1.460,-0.496,-0.968,-0.725,1.989,-1.646,0.220,-0.614,-0.550,-0.807,-0.502,0.373,-1.053,0.185,1.358,-0.412,-1.769,-2.052,-0.324,1.207,0.929,-0.487,-1.417,1.204,0.437,0.989,1.231,1.324,0.871,0.949,0.004,-0.360,-1.205,-0.854,-1.681,0.803,-0.584,0.916,-0.919,0.228,-0.132,0.463,1.364,-0.963,0.764,0.020,-0.520,1.071,0.503,-0.409,1.030,-0.402,1.050,0.247,-0.790,-0.511,0.679,-1.636,2.104
237000,-1.035,-1.134,-0.644,-1.231,-0.465,-0.792,-0.163,-2.028,0.304,2.234,-1.756,0.041,-0.361,0.049,-0.666,-0.033,0.029,0.331,-0.116,0.544,-1.011,-0.213,-0.944,-0.464,1.118,1.315,-0.665,-0.215,0.221,0.518,-1.004,0.508,0.055,1.950,0.915,0.071,-0.598,-0.513,0.155,-0.479,0.652,-0.722,0.514,-0.280,0.363,1.036,0.903,0.933,-0.952,1.013,1.307,-1.873,2.225,0.065,0.944,1.093,-0.688,-0.045,0.920,0.033,1.143,1.609,-1.200,1.742
238000,-0.810,-1.712,-0.571,0.265,0.167,-2.623,1.194,-2.270,-0.057,1.886,-1.597,1.098,1.206,0.023,-0.343,0.714,-1.342,1.308,-0.237,0.753,-1.890,0.318,-2.371,0.435,0.585,0.175,-1.606,-0.333,-0.205,1.158,0.257,0.209,-0.119,0.041,-0.084,0.373,-0.932,-0.280,0.714,-0.178,0.296,-0.082,2.092,-1.220,1.140,1.784,0.361,1.234,-1.169,0.599,0.732,-2.092,1.035,0.934,1.067,0.504,0.384,1.037,2.850,0.172,1.694,0.462,-2.025,0.716
239000,0.158,-1.572,-0.298,0.306,-0.864,-1.036,1.093,-0.509,1.172,0.559,-0.831,1.262,0.352,2.104,-1.571,1.312,0.179,1.947,-0.840,-1.314,-0.725,-0.008,-2.448,0.159,0.214,1.314,-1.114,0.344,0.850,-0.004,-0.143,0.001,0.100,0.863,0.730,0.244,-2.305,-0.146,1.392,-1.411,-0.821,0.167,1.716,-1.342,0.719,0.460,1.615,0.586,-1.056,0.397,0.884,-1.116,0.541,0.342,1.150,-0.361,1.078,0.661,2.445,0.550,1.639,0.380,-1.856,1.762
240000,-0.016,-0.834,-0.104,0.716,-0.524,-0.903,0.482,0.718,-0.013,0.200,-1.017,1.902,1.035,2.848,-1.653,0.948,1.385,1.091,-1.068,-0.354,0.693,-0.070,-1.274,-0.956,0.084,0.802,-0.614,0.449,0.546,-0.906,-0.138,0.924,-0.075,-0.615,1.092,0.729,-2.436,-1.210,1.472,0.441,-1.548,-0.565,1.047,-0.959,-0.174,1.591,0.747,-0.287,-0.905,0.207,0.456,-2.146,0.581,1.617,1.739,-0.958,-0.620,1.014,2.355,0.498,2.017,0.900,-1.003,0.655
241000,0.254,-0.959,0.495,1.108,-0.507,-1.406,0.126,-0.320,-0.550,-0.642,-0.362,2.394,0.864,2.092,-2.376,0.819,1.345,0.073,-1.854,-1.099,0.647,-0.059,-0.459,-1.377,-0.291,1.181,-0.162,0.623,-0.025,-0.961,-0.088,0.188,-0.197,0.159,0.549,0.802,-1.903,-1.082,0.406,0.755,-1.004,1.029,-0.229,-0.875,0.574,0.887,-0.090,0.345,-1.503,1.013,-0.651,-0.892,0.621,2.488,1.572,0.598,-0.533,0.346,1.885,-1.141,0.414,0.596,-0.839,-0.268
242000,1.041,-0.521,0.442,0.390,-0.851,-0.925,-0.000,0.254,-0.501,-0.300,-0.560,2.224,-0.232,2.180,-1.105,1.022,1.092,-0.143,-0.489,-0.746,0.752,-0.321,-0.673,-1.002,0.411,2.145,0.965,0.033,-0.276,-0.789,0.660,0.247,0.563,0.369,0.645,0.839,-2.125,-1.140,1.322,-0.141,-0.148,0.191,1.601,-0.474,-0.065,0.796,1.949,0.300,0.064,0.564,-0.796,-1.578,0.471,1.103,1.537,0.600,-1.306,-0.854,1.519,0.071,-0.698,0.899,0.598,-0.186
243000,1.591,-1.986,1.060,-0.511,-1.555,-2.052,-0.227,-0.010,-0.657,-0.839,-0.036,1.224,-0.503,1.950,-0.815,1.805,1.369,-0.662,0.323,-1.461,-0.706,0.090,-0.495,-0.404,0.400,2.076,0.928,0.574,0.584,1.404,1.262,0.621,0.685,0.728,1.071,-0.252,-0.235,-0.847,1.322,0.791,0.174,-0.938,0.880,-0.429,-0.215,0.826,0.507,0.181,-0.257,0.607,-1.112,-0.444,0.801,0.219,-0.021,0.165,0.452,-0.371,2.497,-0.092,-0.480,0.019,0.212,0.289
244000,1.783,-0.750,0.987,-0.599,-1.287,-1.108,-1.284,-0.617,-0.993,-0.837,-0.010,0.422,0.314,1.029,0.201,1.350,2.064,-0.392,0.402,-0.730,0.973,-0.315,0.506,-0.360,0.607,1.369,1.745,-0.822,1.678,1.192,0.956,0.216,0.656,0.491,-0.949,-0.392,0.345,-0.607,1.355,0.834,-0.322,-1.331,0.958,-0.357,-0.966,0.822,1.147,0.853,0.626,0.470,-0.496,0.869,-0.169,-0.196,0.667,-1.113,1.811,0.737,1.220,-1.072,-0.307,1.161,0.453,1.524
245000,1.504,-0.955,-0.509,0.066,-1.039,-2.106,-0.535,-1.593,-0.832,-0.329,-0.997,0.765,0.566,-0.168,0.865,0.073,1.460,-1.056,0.335,0.102,0.228,-0.319,0.177,-1.072,0.698,2.038,1.663,-1.742,2.056,0.832,-0.206,1.232,0.581,1.077,-0.049,0.350,-0.321,0.394,0.469,-0.154,-1.762,-1.513,1.287,-0.329,-0.812,0.583,1.372,-0.924,0.016,1.234,1.234,-0.112,-1.220,-0.693,-0.278,-0.618,1.897,1.184,0.409,-1.207,-0.665,0.763,0.296,0.060
246000,0.157,-0.949,-0.707,-0.671,-1.638,-1.793,-0.604,-1.595,-1.229,0.505,-0.988,1.431,0.129,0.128,0.562,-0.511,0.721,-1.459,0.610,0.343,-0.466,-0.782,0.144,0.299,0.767,1.474,0.883,0.470,1.575,0.453,0.732,0.089,-1.698,0.774,-1.671,-0.395,0.889,0.067,0.669,-0.081,-0.487,-0.894,0.915,0.111,-0.271,1.181,1.172,-0.649,-0.516,0.321,0.422,0.061,-1.010,-0.272,1.356,-0.445,1.133,1.773,0.587,-1.597,0.467,0.084,-0.588,-0.128
247000,-0.027,-0.964,-1.737,0.458,-1.950,-1.035,-1.382,-0.440,-1.987,-0.221,0.205,0.738,-0.408,0.006,0.079,-1.740,-0.139,0.038,0.515,0.209,-0.880,0.399,-0.011,-0.231,0.016,-0.241,-0.878,0.724,2.360,0.237,1.289,0.383,-1.147,0.546,-0.495,-0.102,0.836,0.158,0.596,-1.488,-0.455,-2.087,1.654,0.613,0.847,0.140,0.029,0.470,-1.097,0.252,2.026,0.467,-0.958,-0.706,-0.137,-0.778,0.588,1.535,0.106,-0.199,0.764,-0.755,0.100,-1.298
248000,-0.216,-0.381,-1.778,0.437,-0.628,-1.485,-1.135,0.588,-1.511,0.226,-0.121,1.205,-0.454,-0.370,-0.905,-0.410,-1.078,0.482,-0.150,-0.215,-0.515,0.623,0.262,-0.168,0.502,0.070,0.235,0.639,1.626,-0.001,2.347,2.632,-0.569,0.667,-0.456,0.082,0.180,-0.361,0.983,-0.745,-0.232,-2.488,0.726,1.266,1.175,-0.165,1.357,0.114,0.663,-0.468,1.115,0.683,0.220,-1.115,-1.028,0.482,0.732,0.271,1.046,-0.598,0.014,-0.458,-0.351,-0.592
249000,-0.034,-1.384,-1.188,0.255,-1.154,-1.080,-1.075,-0.381,-1.505,1.154,0.340,0.952,0.126,-0.903,-0.331,-0.760,-1.484,0.027,0.279,-0.130,-1.156,-0.284,-0.034,-0.218,-0.776,0.418,0.248,-0.323,1.014,0.508,1.681,1.721,0.485,0.868,-0.159,-0.690,-0.592,-0.917,0.196,-0.976,0.261,-0.935,0.206,1.916,0.980,0.205,0.750,-1.198,1.683,1.040,1.356,0.355,0.809,-0.650,-1.291,0.659,0.092,1.117,1.037,-0.745,-1.465,-0.503,-0.174,-0.931
250000,0.751,-0.625,-1.719,-0.129,-0.224,-1.456,-0.168,-0.103,-0.629,1.990,-0.530,-0.204,0.638,-1.781,-0.568,-0.934,-0.972,-0.305,0.351,0.074,-0.875,-1.350,0.926,0.455,-1.406,1.401,1.325,0.046,0.769,1.539,1.618,2.507,-0.781,1.116,0.659,-0.469,0.416,-0.178,-0.583,-1.121,-1.242,-0.153,-0.715,1.082,-0.210,-0.419,1.921,-0.321,0.453,0.599,1.889,0.513,1.266,-0.766,-0.146,0.964,0.006,-0.620,0.034,-1.369,-2.117,-0.604,-0.939,-0.286
251000,0.575,0.401,-1.654,-0.728,-0.243,-0.721,1.234,-0.008,-0.528,1.036,-1.370,-0.116,0.199,-1.837,-0.267,-1.861,-0.672,-0.219,0.571,0.110,-1.287,-1.827,0.527,1.358,-0.407,0.265,0.621,0.976,0.362,0.649,0.814,2.808,-1.347,1.666,0.424,-0.353,-1.046,-0.382,0.489,-1.678,-1.008,-1.156,-0.557,0.721,-0.889,0.166,1.307,0.360,-0.373,0.872,1.165,1.188,-0.254,0.438,-0.632,1.009,-0.502,0.086,0.202,-1.695,-0.511,0.251,-0.727,-0.496
252000,2.001,0.872,-0.923,-0.933,-0.295,-0.898,0.683,-0.578,-2.036,0.753,0.227,-0.183,-0.426,0.009,0.109,-1.145,-0.350,-0.249,0.897,0.041,-0.504,-1.113,-0.418,0.541,-1.378,-0.744,0.465,0.679,0.940,0.686,1.136,2.009,-0.882,0.579,0.909,-0.672,-1.291,-0.666,-0.152,-0.361,-0.938,-0.257,0.533,1.090,-1.078,0.327,0.408,0.702,0.293,0.559,0.494,1.640,-0.470,0.557,0.158,0.675,0.951,0.343,0.867,-0.244,0.056,0.504,-0.106,-0.187
253000,0.465,1.172,-1.059,-0.678,-0.160,-0.149,0.648,-0.648,-1.208,0.972,0.681,-0.126,0.377,0.783,-0.865,0.267,-0.662,0.909,0.294,0.660,-0.105,-1.015,-0.798,1.091,-1.405,-1.228,1.027,0.165,0.241,0.362,0.275,2.824,-0.762,0.809,1.398,0.408,0.126,0.020,-0.491,-0.159,-0.801,1.141,1.339,0.391,-1.996,-0.865,0.687,0.272,-0.212,0.238,0.316,1.869,-0.768,1.429,-0.021,0.286,0.129,0.089,-0.765,-1.446,-0.145,1.289,-0.978,0.145
254000,0.953,0.517,-0.573,-1.137,-0.112,-0.753,-0.072,-0.611,-0.060,-1.053,0.764,-0.690,0.803,-0.639,0.189,-0.352,-0.632,1.269,1.361,1.473,0.304,-0.864,0.219,-0.839,-0.651,-1.103,1.283,-0.054,0.064,0.145,0.449,1.541,-0.078,-0.608,0.445,0.221,0.577,-0.139,-0.848,-0.402,-1.949,0.805,1.809,1.230,-0.831,-1.574,0.415,-0.270,-0.002,-1.642,0.111,0.810,0.491,1.044,-0.197,1.091,-0.843,0.527,0.131,0.061,0.514,1.421,-0.483,0.190
255000,0.347,0.543,-0.745,-1.731,-0.460,-0.594,-0.556,-0.346,0.555,-0.395,-0.613,-1.799,-0.407,0.466,-1.230,-0.510,1.285,1.095,1.237,0.357,-0.325,-0.364,-0.415,0.258,0.569,-0.757,1.492,-0.012,-1.286,-1.209,0.368,1.588,-0.157,0.711,-0.036,0.666,-0.323,0.306,-0.686,-0.191,-1.833,0.600,2.044,0.719,-0.622,-1.544,0.475,-0.515,-0.472,-0.880,-0.235,0.362,0.387,0.751,-0.269,-0.199,-1.872,1.472,0.895,0.019,0.224,0.243,-0.296,0.922
256000,0.060,-1.262,0.132,-1.058,0.321,0.028,-0.787,-0.426,2.008,-0.102,-1.281,-1.216,-0.693,-0.089,-1.465,-0.251,1.607,1.675,1.025,0.650,-2.137,-0.468,-0.118,0.809,0.496,-0.373,0.293,0.275,-0.634,-0.644,-0.313,1.144,-0.528,0.476,-0.200,0.910,1.173,0.854,-2.108,0.639,-2.365,0.056,2.282,1.229,-0.751,-1.696,0.824,-0.445,-0.235,-0.631,0.436,0.987,0.055,0.349,-0.806,-0.132,-2.410,0.402,1.552,0.798,0.302,0.792,-0.753,-0.122
257000,1.029,-1.441,-0.435,-0.532,0.431,1.065,0.164,-0.321,1.525,0.870,-1.304,-0.996,-0.519,1.118,-1.808,-1.029,0.819,1.686,-1.112,0.607,-0.001,0.250,1.553,0.354,-0.356,-0.851,0.013,-1.148,-0.915,-0.829,0.091,0.134,0.571,1.251,-1.116,0.359,1.155,0.640,-1.096,1.208,-1.525,-0.595,0.267,1.397,-1.047,-2.048,0.112,-0.121,0.236,-1.722,0.912,0.679,1.149,0.357,0.612,-0.237,-0.715,-0.380,1.070,2.628,0.039,0.027,-0.640,-0.793
258000,1.585,-1.950,0.592,-0.907,-1.078,0.687,0.202,0.106,0.436,-0.453,-1.576,-2.106,0.130,-0.170,-0.432,-1.800,-0.582,-0.021,-0.240,1.281,-0.291,0.178,0.083,0.303,-0.973,-1.579,-0.589,-0.058,-0.135,0.288,0.977,-1.108,-0.630,0.990,-1.207,0.294,-0.111,0.313,-2.026,0.594,-1.414,-0.882,1.003,0.831,-0.897,-2.314,0.656,-0.619,-0.213,-1.735,0.487,1.420,1.667,-0.080,1.031,-0.745,-0.473,-0.315,0.857,1.475,0.379,-0.243,-0.750,0.296
259000,0.238,0.138,0.422,-1.302,-0.282,-0.710,-1.512,0.344,0.081,-0.213,-0.398,-1.751,0.366,-0.940,-0.305,-1.060,-0.070,-0.378,0.031,0.893,-1.875,0.174,0.373,0.802,-1.500,-0.233,0.108,0.629,0.342,0.927,-0.466,-0.567,-0.743,0.634,-0.514,-0.245,-0.039,-0.267,-0.053,0.560,-1.393,-0.457,0.816,1.138,-0.766,-2.231,0.331,-0.372,-0.250,-1.724,1.189,1.263,-0.233,1.187,0.331,0.298,0.123,-0.221,1.586,1.799,-0.077,-1.297,0.353,0.589
260000,0.587,1.338,0.514,0.439,0.123,-0.571,-1.587,0.010,-0.011,-1.017,0.012,-0.845,-0.266,0.277,0.836,-0.322,0.346,-0.177,-0.282,0.614,-1.736,0.143,0.429,0.276,-1.741,-0.142,0.285,0.225,0.221,2.140,-1.043,-0.006,0.413,0.672,1.414,-0.842,0.700,-0.355,-1.303,0.153,-0.526,-0.355,0.548,1.389,-0.068,-1.875,0.332,-1.166,-0.969,-1.318,1.451,-0.097,0.136,0.326,0.377,0.542,-0.984,-0.166,0.844,1.309,0.839,0.009,-1.120,0.331
261000,0.610,1.578,0.441,-1.189,-0.062,-1.046,-1.622,-0.214,0.231,-1.626,-0.266,-1.561,-1.508,1.243,0.702,0.291,1.858,-0.228,0.456,1.293,-2.103,-0.564,-0.296,-1.320,-1.611,-0.534,0.270,0.980,1.247,1.827,-0.237,-0.082,0.795,0.243,1.498,0.152,-0.107,0.371,-1.561,-0.919,0.080,-0.850,0.331,0.576,0.830,-2.397,-0.513,-1.511,-1.228,-1.876,1.923,-0.192,-1.084,-1.059,-0.371,0.386,-0.716,-0.587,0.173,1.213,1.447,-0.980,-1.724,0.392
262000,0.465,0.356,1.059,-0.504,-0.404,-0.329,-1.749,-1.397,1.043,-0.710,-1.236,-1.622,-2.548,1.956,1.000,0.481,0.580,-1.755,0.994,1.286,-0.962,0.822,-1.425,-1.354,-0.475,-0.912,-0.342,0.159,1.227,1.668,0.742,-0.261,0.620,-0.111,1.768,0.582,0.714,0.757,-1.650,-0.794,1.171,-0.020,0.725,0.649,-0.158,-1.324,0.829,-1.461,-0.368,-1.596,1.297,0.065,-0.946,-1.150,0.543,1.118,0.128,-0.922,0.092,-0.204,0.428,0.128,-1.697,1.058
263000,0.551,1.827,0.691,0.452,-0.278,-0.013,-0.930,-1.041,0.436,-0.016,-1.050,-1.378,-2.179,1.055,1.068,1.363,-0.080,-0.948,1.083,0.116,-0.733,0.596,-1.486,-0.374,0.389,-1.745,0.093,-0.642,1.430,1.303,1.001,1.065,0.716,1.118,2.622,1.276,0.092,0.689,-1.527,-0.658,1.000,0.149,1.498,-0.062,0.304,-1.060,-0.768,-0.168,-1.163,-0.904,0.388,0.589,0.280,-0.796,0.687,0.619,0.050,0.892,0.511,-0.646,0.897,0.790,-1.149,1.483
264000,1.872,0.674,1.101,-0.088,-0.005,1.071,-1.741,-0.297,1.282,-0.503,-1.325,-0.831,-1.027,2.510,0.949,2.378,0.121,0.104,-0.379,-0.661,-0.375,0.560,-1.433,0.304,0.177,-0.227,-0.701,-0.875,0.946,1.032,-0.574,0.989,1.541,1.272,2.417,1.005,0.132,1.128,-1.037,-0.175,-0.469,0.304,2.095,0.806,-1.119,-1.083,-0.174,0.716,-0.221,-0.235,1.541,1.199,1.091,1.162,-0.104,0.965,-0.330,0.816,0.614,-0.396,-0.140,0.881,-1.815,1.085
265000,1.492,-0.777,-0.214,-0.293,0.423,1.577,-1.697,0.066,1.611,0.880,-1.092,-1.068,0.020,1.708,0.377,1.766,0.787,1.084,-1.275,-0.808,-0.178,0.485,-1.477,0.677,-0.425,0.889,-0.399,-0.491,0.219,0.242,-0.511,0.878,1.078,1.477,1.515,0.840,1.227,-0.052,0.105,-0.388,-0.320,1.135,1.365,-0.357,-0.596,-1.732,-0.354,-0.510,0.770,-1.361,1.855,0.003,0.135,1.149,0.161,1.642,-0.486,0.098,1.124,-0.533,-0.760,0.057,-2.629,0.718
266000,-0.091,0.352,0.064,0.294,0.936,-0.706,-1.380,-0.954,0.261,0.309,-2.297,-1.802,0.770,1.283,1.407,2.480,0.669,1.639,0.747,-0.049,-0.219,-0.164,-1.499,0.896,-0.643,0.264,-0.334,-0.177,-0.779,-0.967,-0.539,0.842,1.039,0.042,0.692,0.379,0.961,-0.162,0.012,-0.971,0.089,0.558,1.822,-0.799,-0.538,-1.400,-0.846,0.669,1.723,-0.381,1.145,1.168,-0.081,1.806,-0.029,1.202,-1.330,-0.075,1.629,0.414,0.764,0.859,-3.119,0.378
267000,0.783,-0.002,0.125,0.423,1.575,-0.097,-0.455,-0.267,-0.553,0.588,-0.958,-0.633,0.429,0.479,1.387,1.929,1.778,0.661,-0.416,0.182,-0.780,0.688,-1.276,1.368,-0.215,1.024,0.205,0.704,-0.853,-2.126,-0.193,0.699,-0.108,0.898,0.942,-0.039,0.309,-0.370,0.345,-0.794,-0.271,2.104,0.924,-0.451,-0.446,-1.854,0.298,0.903,0.628,0.019,0.936,0.204,0.401,1.606,-0.164,0.134,-1.591,-0.291,1.063,1.026,0.400,-0.063,-1.516,0.792
268000,-0.322,0.307,1.033,0.589,1.207,-0.904,-0.873,-0.645,-0.411,0.298,0.115,-0.620,0.712,-0.445,1.860,1.174,1.076,1.387,-0.392,1.044,-0.478,2.598,-1.591,0.782,-0.610,1.849,0.633,1.267,0.020,-2.439,-0.005,-0.388,-0.197,1.144,0.145,-0.563,-0.307,-2.242,0.039,-0.476,-0.260,1.304,2.101,-0.448,0.020,0.019,0.066,0.356,0.072,0.298,1.678,-0.329,-0.302,0.712,0.006,0.236,-3.144,0.142,0.221,1.358,0.439,0.521,0.267,1.171
269000,-0.566,0.233,0.767,1.399,0.161,-0.591,-0.445,-1.315,-0.404,-1.091,-0.681,-1.162,-0.670,0.636,1.338,1.304,1.182,1.001,0.339,0.040,-0.510,1.059,-1.937,-0.007,-0.183,1.682,0.874,1.493,0.365,-1.375,0.005,-0.970,-0.284,1.548,-0.449,-1.052,0.644,-2.246,1.071,0.601,0.513,1.112,1.304,-0.714,0.310,-1.133,-0.495,0.184,0.520,-1.018,1.264,-1.312,-1.067,0.223,0.411,-0.084,-2.032,1.024,0.224,1.920,0.612,1.029,0.329,1.291
270000,-0.668,1.086,0.612,1.408,0.722,0.001,-0.598,-1.532,0.396,-1.686,-0.425,-1.729,0.043,-0.753,0.557,0.535,1.014,1.919,-0.523,-0.567,0.358,-0.628,0.353,-0.145,1.010,1.664,1.096,1.574,0.780,-0.338,-0.338,-1.857,1.001,0.405,-0.763,0.348,0.013,-0.677,1.919,-0.936,0.303,1.017,1.496,0.269,-0.326,-0.777,-1.148,-1.352,0.080,-0.898,1.916,-2.124,-1.254,0.199,0.220,-0.563,-0.750,1.224,-0.027,1.447,1.023,-0.446,0.921,1.540
271000,0.266,1.781,0.053,1.375,0.766,0.652,0.286,-0.178,1.015,-2.596,0.005,-1.520,0.106,-0.773,1.021,1.357,1.203,2.143,0.330,-0.900,-0.743,-1.858,-1.044,-0.155,0.086,0.754,0.778,2.040,0.772,-0.524,-0.449,-0.516,-0.143,1.366,-1.319,-0.297,0.578,0.083,0.601,-1.986,0.827,1.201,0.154,0.693,-0.302,-0.011,-1.649,-0.036,-0.191,-0.761,1.991,-1.422,-0.289,-0.143,-0.494,-0.697,-0.002,-0.103,0.410,1.206,1.337,-0.304,0.498,1.444
272000,0.420,0.445,-1.162,2.126,0.124,0.638,-0.195,-0.466,0.539,-2.371,-0.049,-0.788,-0.850,0.438,0.295,0.378,-0.233,1.280,0.684,0.715,-1.798,-0.766,-1.234,0.074,-0.049,0.418,0.582,0.776,-0.276,-1.042,-1.134,-0.465,-1.104,1.373,-0.953,1.304,0.449,-0.084,-0.160,-1.525,1.021,1.267,-0.470,0.795,-0.431,0.656,0.080,-1.444,-0.506,-0.107,1.366,-0.279,-0.359,-0.172,-1.015,-1.326,0.172,1.168,1.224,0.022,1.093,0.354,0.541,1.367
273000,0.490,0.249,-0.695,1.512,-0.577,-1.012,-0.242,-1.195,-0.452,-0.935,0.282,-1.110,-1.402,-0.128,1.190,-0.210,0.575,1.205,0.054,1.430,-0.625,-1.256,-1.692,0.770,-0.748,1.356,-0.190,0.474,0.488,-1.040,0.075,-0.563,-0.627,1.518,-1.605,2.195,1.214,-1.152,-1.527,-2.018,0.896,-0.571,0.700,0.346,-0.130,1.019,0.413,-1.133,-0.213,-0.559,0.441,0.201,-1.409,0.613,-0.726,-0.351,-0.450,2.196,1.232,-0.535,0.549,0.505,1.203,1.087
274000,1.107,1.161,-0.429,0.812,0.690,-0.447,-0.066,0.205,0.608,-0.548,-0.904,-1.156,-0.455,0.375,1.044,-0.083,0.126,0.943,0.673,1.733,-0.464,-0.165,-0.485,0.596,-0.143,1.385,-0.458,0.869,0.555,-1.229,0.073,-0.419,0.459,1.728,-0.832,1.183,-0.374,-1.237,-1.046,-2.475,1.133,-0.139,0.279,0.398,0.001,0.649,0.359,-1.057,0.793,0.073,0.758,0.993,-1.059,0.276,-0.404,-2.787,-0.360,1.440,0.472,0.255,1.209,0.063,0.135,1.703
275000,1.512,0.605,-0.996,1.098,0.085,0.013,0.157,0.514,0.830,-0.669,-1.457,-0.195,-0.861,0.111,0.702,0.343,1.281,1.090,1.333,2.160,-0.676,-1.056,0.283,0.524,0.795,-0.104,-0.440,0.564,1.903,-0.749,-0.659,-1.462,-0.237,0.589,-0.624,1.452,-1.466,-2.326,-2.569,-3.593,0.691,-0.436,0.209,0.028,-0.976,-0.310,0.231,-1.136,-0.038,-1.042,-1.390,-0.061,-1.161,-1.014,0.859,-1.502,0.193,0.013,1.260,-0.121,0.500,0.101,-0.661,1.595
276000,0.656,0.739,1.155,0.635,-0.616,-0.586,0.109,0.644,-1.227,-1.383,-0.987,1.088,-0.414,0.634,0.107,-0.062,2.163,0.496,2.477,2.658,-1.000,-0.269,-0.733,0.309,-0.329,-0.759,-0.099,0.117,1.035,-0.442,-0.817,-1.968,-1.499,0.853,-1.964,1.855,-2.040,-2.863,-3.214,-2.787,1.786,-0.292,-0.531,0.681,-1.188,-1.171,0.051,-0.951,-0.807,-0.199,-0.297,-0.018,0.041,0.442,0.024,-0.320,-0.114,-0.284,1.893,-0.364,0.170,-0.126,-1.078,-0.671
277000,0.925,1.166,1.507,-0.791,0.247,-1.277,0.434,1.457,-1.509,-0.417,-0.932,2.457,0.179,-0.494,-0.458,-0.768,2.191,0.704,3.004,1.804,-0.169,-0.378,-0.086,0.955,0.066,-0.419,-0.535,-0.585,0.721,0.204,-1.104,-1.302,-1.091,0.711,-1.941,1.347,-1.577,-2.019,-2.021,-0.979,1.484,-0.276,0.002,0.882,-1.082,-2.197,0.555,-0.182,0.276,-0.215,0.894,0.375,-0.246,-0.027,0.205,-0.656,1.041,0.676,0.754,-0.429,-1.043,-0.419,-1.622,-0.855
278000,0.948,-0.388,1.557,-1.067,0.773,-0.902,0.717,1.292,-0.788,-0.165,0.007,2.539,-1.192,-0.171,0.199,-0.693,1.519,0.702,3.533,1.881,0.044,-0.411,-1.673,1.107,0.897,-0.619,0.489,-0.718,1.011,0.394,-1.312,-0.169,0.012,1.233,-2.101,0.972,-0.793,-0.584,-2.056,-0.233,1.549,-1.098,0.922,0.537,0.342,-2.017,0.349,0.142,1.469,-0.092,-0.337,1.252,-0.127,0.366,-0.332,-0.481,0.174,1.435,1.224,0.215,-1.132,0.563,-0.616,-0.865
279000,-0.053,-0.868,1.232,-1.250,0.247,-0.064,0.684,0.295,-1.529,0.262,-0.139,2.451,-1.403,-0.714,0.947,0.748,2.438,0.922,2.133,0.174,-0.687,-0.488,-1.356,2.572,-0.806,-0.101,0.519,-1.138,0.966,0.338,-1.088,-0.114,0.604,0.970,-1.193,1.180,-0.177,0.168,-0.482,-0.536,0.714,-1.832,-0.291,-0.471,-0.163,-1.204,-1.094,-0.383,0.630,1.262,0.327,0.670,0.599,0.429,-2.396,-0.641,0.460,1.869,0.052,-0.289,-0.831,0.781,-1.359,-1.181
280000,0.431,-0.278,0.755,-1.812,1.145,-1.253,-0.228,-1.617,-2.319,-0.917,0.273,2.603,-0.813,-0.129,-0.296,0.853,2.530,0.724,2.004,0.488,0.228,-0.063,-2.106,0.658,0.452,-0.035,-0.265,-1.531,0.313,-0.542,-0.725,0.827,1.068,0.789,-0.928,0.254,-0.562,-0.515,-0.401,-0.574,-0.421,-1.450,0.464,0.992,-0.693,-0.142,-0.647,0.595,-0.471,-0.149,0.568,0.755,1.120,-0.192,-2.094,-0.096,-0.806,1.404,0.329,-0.481,-0.065,0.110,-1.180,-0.546
281000,-0.329,0.084,0.250,-1.192,1.083,-0.859,-0.304,-1.022,-2.705,-2.084,0.236,0.617,-0.799,0.303,-1.295,-0.199,2.045,-0.027,1.473,-0.082,-0.069,0.389,-2.155,-0.090,-0.480,-0.946,-0.192,-0.016,-1.198,-0.235,-0.316,0.603,1.044,0.707,0.421,0.672,-1.503,0.441,-1.318,-0.758,0.261,-1.275,0.230,0.597,0.217,-0.905,-0.362,0.135,0.310,0.700,-0.274,0.215,1.574,-0.314,-1.959,-0.305,-0.372,0.538,-0.359,-1.239,0.649,0.398,-1.570,-1.934
282000,0.379,-0.041,1.074,-0.658,2.157,-0.461,-0.930,0.448,-3.836,-2.016,-0.326,-0.197,0.310,0.788,-0.410,-0.066,2.068,-0.493,0.898,0.929,0.678,-1.181,-1.030,-0.297,-0.806,0.154,0.025,-0.154,-1.441,-0.922,-1.440,-0.760,0.841,-0.825,0.532,0.836,-1.024,0.690,-0.645,-1.464,-1.013,0.296,-0.228,-0.231,0.230,0.104,-0.590,-0.303,-0.765,1.581,-0.389,0.493,1.271,-1.301,-1.054,-0.165,-0.543,0.782,-0.679,-0.158,-0.051,0.446,-0.547,-1.595
283000,-0.312,-0.741,1.066,0.012,1.261,-1.148,-0.863,1.450,-2.831,-2.009,-0.312,-1.417,1.203,0.391,-0.013,0.164,1.929,0.432,1.703,1.114,0.391,-0.224,-1.204,-0.478,-0.971,0.663,-0.006,0.058,-1.434,-1.333,-2.206,-0.756,0.553,-0.338,-0.444,1.781,-1.947,0.090,0.322,-1.493,-0.302,-0.704,-0.512,0.206,0.467,-0.358,-0.201,0.695,-0.741,-0.053,0.004,-0.065,1.433,-1.396,-1.899,-0.240,0.587,1.248,-0.456,0.253,-0.777,-0.093,-1.319,-1.645
284000,-0.068,-1.412,0.251,-1.349,0.911,-0.560,-0.593,1.095,-2.676,-1.599,-0.565,-0.134,3.035,-0.591,0.205,-0.409,2.075,-0.131,1.447,1.055,1.029,-0.162,0.068,-0.259,-0.757,1.266,1.164,0.047,-2.934,-0.918,-2.946,0.006,-0.198,-0.039,-0.577,0.933,-1.944,-0.089,-1.019,-1.646,-0.468,0.316,0.109,-0.402,1.339,-1.354,0.495,0.114,0.057,-0.674,0.372,-0.097,0.943,-1.059,-1.172,0.201,0.592,0.505,-0.512,0.492,-1.493,-0.249,-0.699,-1.974
285000,-0.198,-0.609,-0.820,-0.712,1.456,-0.144,-0.137,1.018,-1.673,-1.873,1.027,0.486,1.633,0.272,0.768,1.026,0.874,-1.035,2.226,0.866,-0.090,0.016,-0.057,-0.327,-0.651,1.769,0.541,-0.524,-2.189,0.004,-1.955,-0.339,-0.476,-0.548,-0.503,1.397,-2.036,1.217,-0.772,-2.733,-0.533,0.727,0.320,-1.292,0.317,-1.037,-0.138,0.911,-0.254,0.255,-1.047,-0.051,-0.262,-1.231,-0.632,-0.280,0.743,0.913,0.210,0.429,-0.088,-0.293,0.305,-1.254
286000,0.200,0.058,-1.340,-0.188,1.997,-0.892,-0.869,2.750,-1.737,-0.790,-0.411,0.353,1.189,-2.063,0.644,1.328,0.489,-2.078,0.422,1.413,-0.895,0.682,0.423,0.188,-0.832,2.002,0.372,-0.649,-1.036,2.025,-1.434,-0.228,-0.473,-1.236,-0.514,1.309,-1.014,0.960,-0.602,-3.183,-0.985,0.467,0.455,-0.479,-0.312,-1.326,-1.722,1.070,-1.542,0.173,-0.851,-0.816,0.204,0.057,-0.457,-0.076,0.147,0.660,0.673,-0.611,-0.398,-0.312,1.427,-0.967
287000,0.074,0.043,-1.397,-0.083,-0.089,-1.057,0.325,1.964,0.079,0.450,-0.525,0.331,0.970,-1.812,-0.520,0.099,0.875,-1.681,0.378,0.306,-0.807,-1.112,0.313,0.498,-1.007,2.583,0.558,-0.452,-0.998,1.942,0.471,-1.092,-0.788,0.335,0.431,0.581,-1.061,0.622,-0.484,-2.833,-0.091,0.073,1.061,0.800,-0.705,-1.537,-0.539,0.952,-1.245,-0.061,-1.347,0.475,0.740,0.274,-0.770,0.288,-0.472,0.426,0.952,-0.260,1.156,0.230,0.270,-0.968
288000,-0.069,-0.871,-0.886,0.531,-0.839,-1.713,0.769,1.376,0.918,0.350,-0.874,0.528,0.580,-0.525,-0.811,0.383,-0.155,-1.262,0.138,0.342,-1.296,-0.720,-0.802,0.872,0.483,2.693,0.075,0.019,-0.835,0.740,1.460,-1.391,-0.302,0.197,-0.559,0.370,-0.782,-0.553,-0.380,-2.561,0.173,-0.820,0.016,-0.629,0.126,-1.803,-0.127,0.092,-0.629,0.494,-0.702,0.568,0.995,0.524,-0.391,1.121,-1.731,0.375,1.198,-0.220,-0.360,0.051,0.981,-1.101
289000,0.233,-0.551,-0.499,1.292,-1.175,-2.311,1.774,0.877,-0.535,0.244,-0.767,-1.180,1.676,-0.124,-1.703,0.843,-1.018,-1.198,0.761,0.037,-0.544,0.603,-1.365,0.026,-0.758,2.304,1.321,-1.287,-1.237,0.974,1.106,-2.188,-1.910,-1.265,-1.721,0.609,-0.044,-1.453,0.190,-2.060,-0.294,-0.154,-0.307,-0.531,-0.061,-1.602,-1.286,0.179,-1.029,-1.006,-1.448,0.495,0.405,0.293,-0.315,1.113,-1.821,1.120,0.680,-0.127,0.216,-1.050,0.209,-1.936
290000,0.037,0.471,-1.430,0.470,-0.462,-1.866,0.164,0.593,0.203,0.525,-1.521,-0.829,0.951,0.832,-0.466,1.104,-0.363,-1.370,1.928,0.023,-1.135,0.194,-1.793,0.443,-0.272,1.150,1.778,-1.011,0.480,0.142,1.551,-2.461,-2.462,-2.171,-1.447,-0.145,0.377,-0.773,0.170,-3.031,-1.266,0.671,-0.733,-1.473,0.386,-1.311,-0.827,-0.540,0.376,-0.249,-1.124,-1.173,1.501,-0.179,-1.512,-0.134,-1.997,1.111,-0.355,0.299,0.706,-0.011,0.095,-1.976
291000,1.625,0.346,-1.315,-0.499,-0.376,-1.408,-0.910,0.559,0.462,-0.631,-3.278,-1.114,1.334,0.703,-0.379,1.241,0.240,-0.797,1.800,0.777,-0.887,1.153,-2.442,1.034,0.147,1.330,1.328,-1.510,1.845,0.172,1.402,-2.735,-2.005,-1.933,-0.547,0.311,0.895,-1.157,1.142,-3.247,-1.058,-0.650,-0.833,-0.475,0.695,-0.805,-1.196,-0.528,0.450,0.171,-0.850,-0.995,-0.312,-0.359,-0.995,-0.183,-1.653,1.051,-1.284,0.204,-0.255,-0.173,0.855,-1.849
292000,0.079,0.044,-2.088,-0.518,0.010,-2.354,-0.672,0.371,1.011,-0.478,-2.239,-0.888,0.484,0.966,-0.200,1.069,-0.390,-0.669,1.148,0.080,-1.803,0.087,-2.028,1.017,0.778,2.519,1.272,-1.154,2.495,-0.626,0.433,-1.541,-1.913,-1.340,0.314,0.259,0.295,-1.406,-0.077,-1.743,-0.480,-0.582,-1.063,0.393,0.518,-0.118,-0.618,0.260,0.002,0.116,-0.711,-0.007,0.292,1.126,-0.010,-0.054,-2.514,1.721,-0.982,-0.477,-0.035,-0.991,0.663,-0.317
293000,1.318,-1.184,-2.664,0.737,-0.554,-1.022,-1.699,-0.564,1.597,-0.522,-1.502,-1.508,-0.874,1.062,-0.402,0.821,-0.636,-2.094,0.537,-0.912,-0.091,-0.690,-0.609,1.201,1.348,1.797,0.674,-0.074,1.932,-0.205,0.273,-1.171,-1.772,-1.820,-0.040,1.052,0.776,-0.794,0.374,-1.004,-0.590,-0.034,-1.840,0.786,0.376,1.050,0.443,-0.209,-0.852,0.300,0.596,-0.261,-0.238,2.234,0.453,-1.289,-1.670,0.963,0.248,-0.040,0.332,-0.468,-0.581,-1.330
294000,2.665,-1.237,-1.378,0.023,-0.810,0.212,-0.546,-0.422,1.129,-0.422,-1.755,-1.431,-0.076,0.287,-0.035,1.709,-1.068,-1.342,0.488,-0.744,-0.412,-0.327,-0.808,0.960,1.023,1.272,0.798,0.328,1.838,-0.132,-0.253,-1.072,-1.351,-1.539,-0.325,1.295,0.458,-0.724,-0.489,-1.104,-0.706,-0.223,-0.897,-0.225,-0.290,0.572,1.378,-1.078,-0.872,0.167,-0.153,0.156,-0.340,1.592,-0.279,-1.180,-1.263,1.497,0.507,-0.137,0.310,-0.400,-2.097,-1.076
295000,1.752,-0.469,-2.980,-0.245,-0.627,-0.939,-0.726,-0.803,1.150,-0.348,-1.155,-1.790,-0.392,-0.183,0.344,0.721,-0.564,-0.542,0.749,-1.194,0.632,0.036,-0.085,0.966,1.713,1.497,0.386,0.296,1.281,-0.204,0.050,0.703,0.466,-1.085,-0.748,0.580,1.276,-0.616,-0.999,-1.115,-0.112,-0.139,-0.484,-0.269,-0.452,1.249,0.701,-0.937,-0.242,-1.052,-0.315,0.420,-1.764,1.607,0.422,-1.301,-0.369,2.072,-0.951,-0.486,0.530,-0.362,-0.390,-0.060
296000,0.526,0.416,-2.900,0.316,-0.501,-1.130,0.003,0.141,1.918,0.344,0.024,-0.183,-0.572,-0.201,0.057,1.981,-1.386,-0.542,1.305,-1.497,-0.186,-1.011,-1.152,0.061,0.127,0.699,1.049,-0.147,0.400,-0.266,0.870,0.233,0.895,-0.682,-0.591,-1.452,-0.117,-0.678,-2.592,-0.902,-0.801,-0.723,-0.933,-0.090,1.632,0.125,-0.268,-0.643,-0.271,-0.898,-0.247,-0.102,-1.610,1.081,0.576,-1.087,1.415,0.924,-0.061,-0.257,0.611,0.193,-1.293,-0.413
297000,0.498,0.796,-3.291,0.063,-1.015,-1.184,-0.459,0.794,2.313,-0.194,0.231,1.127,-0.336,0.040,-0.145,2.355,-0.648,-0.785,0.803,-0.837,-0.438,-0.558,-1.387,-0.128,-0.439,1.567,0.107,-0.408,0.204,0.098,-0.286,0.552,2.005,0.444,-0.223,-0.266,-0.797,-0.173,-1.772,-0.316,-0.006,-0.759,-1.629,-1.527,1.629,-0.243,-0.369,-0.197,1.396,-1.572,-0.382,-1.548,-0.628,0.183,0.430,-0.846,1.868,1.095,0.687,0.582,0.304,0.055,-0.762,-0.219
298000,0.808,0.983,-2.394,0.456,-0.767,-0.728,0.069,1.245,2.024,-0.966,0.181,0.423,-1.424,0.545,1.140,1.713,-0.485,-0.835,0.445,-0.706,-1.300,-0.849,-1.751,-0.544,0.930,1.225,1.334,-0.922,0.146,0.221,-0.858,0.249,0.629,0.120,-0.902,0.168,-1.138,1.037,0.447,-1.139,-0.044,-0.025,-2.575,-1.809,1.018,-0.525,-1.013,0.538,0.244,-1.481,-0.991,0.960,0.773,0.315,-0.628,-2.016,1.913,1.004,1.017,-0.158,0.682,-0.010,0.788,0.179
299000,2.091,0.890,-3.198,1.522,-0.002,0.078,-0.814,0.413,1.474,-0.890,0.726,2.219,0.286,-0.456,0.473,0.360,0.210,-0.483,0.672,-0.906,-0.735,0.277,-0.939,-0.852,0.515,0.058,1.006,0.528,0.160,-0.302,-0.492,0.875,-0.087,-0.153,-0.462,-0.917,-0.723,1.556,0.217,-1.027,-0.187,-0.001,-2.710,-1.162,-0.038,0.182,-0.779,-0.191,-0.850,-0.956,-0.394,0.131,-0.524,-1.177,0.632,-1.826,1.438,1.329,1.286,-0.806,0.171,0.079,-0.163,-0.798
300000,1.981,0.325,-1.647,-0.301,1.564,0.999,-0.047,0.260,0.856,-1.009,0.038,1.129,-1.475,-0.826,0.154,0.538,0.525,-0.840,1.403,-0.580,0.236,-0.171,-0.842,0.324,-0.429,-0.319,1.879,0.211,0.075,-0.893,-2.886,0.692,-0.378,0.750,-0.493,-0.726,-1.129,0.736,0.794,-1.266,-0.538,-1.841,-2.310,-1.688,1.031,-0.072,-0.507,0.648,-0.031,-0.121,-0.423,0.108,-0.678,-1.043,-0.593,-1.660,0.583,1.445,-0.188,0.438,-0.217,0.527,0.444,-1.821
301000,2.037,1.156,-0.786,0.173,1.578,-0.339,-0.456,0.458,0.226,-0.406,-0.291,0.190,-0.335,-1.823,-0.290,0.568,-0.195,-0.704,1.393,-0.171,0.116,-0.319,-1.068,1.384,-0.176,-0.448,1.971,-0.481,1.090,-0.660,-0.943,-0.171,0.248,1.384,-0.225,0.537,-0.440,0.372,0.915,-1.882,-1.013,-1.840,-0.282,-2.066,-0.601,1.299,-0.462,0.863,-0.248,0.309,-0.587,-0.239,-0.928,0.140,-0.321,-1.472,0.223,0.182,0.496,-0.790,0.091,0.417,-0.455,-2.371
302000,0.250,1.924,-1.043,0.031,1.369,-0.311,0.090,0.262,0.189,1.145,-0.483,1.363,0.912,-1.144,0.420,-0.869,-1.174,-1.082,1.096,0.007,0.460,-0.817,-0.033,1.475,-0.298,0.637,1.075,0.698,0.919,1.780,-1.103,-1.842,-0.303,0.433,0.020,-0.159,-0.686,0.379,0.940,-1.541,-1.435,-2.551,-0.715,-1.383,-0.748,1.169,0.427,0.434,-1.701,-0.454,-0.975,-0.361,-0.533,-0.979,0.346,-1.567,0.516,0.433,0.886,-1.169,0.542,-0.040,-0.584,-3.646
303000,-0.232,0.877,-1.447,0.658,1.102,-0.195,0.686,-0.320,-0.357,1.145,-0.293,-0.331,-0.256,-1.232,0.231,-0.656,-2.850,-0.553,0.930,-0.581,1.077,0.355,0.342,2.244,-0.543,-0.116,1.009,1.508,0.188,1.126,-1.370,-1.710,0.687,-0.788,0.001,0.133,0.549,0.030,0.469,-0.203,-1.438,-2.307,-0.606,-1.326,-1.652,1.492,1.268,-0.659,-1.035,0.847,-2.574,-0.878,-0.590,-1.046,0.606,-0.750,-0.086,2.168,-0.315,0.150,0.452,0.253,-0.249,-3.760
304000,-0.554,0.737,-1.368,1.140,0.522,1.048,0.402,1.002,-1.800,1.778,0.461,-0.860,0.521,0.213,-0.696,-1.203,-1.231,0.298,1.157,0.004,1.135,-0.117,-0.001,1.269,-0.062,-0.268,0.881,1.643,-0.335,0.579,-0.866,-0.523,0.269,-1.766,0.686,0.094,2.556,0.257,1.092,1.266,-1.729,-1.083,0.485,-1.620,-0.850,1.690,1.140,0.978,-1.004,1.526,-0.728,0.042,-0.517,-0.147,2.020,-0.985,0.627,1.478,-0.076,0.068,-0.000,-1.376,0.747,-2.629
305000,-1.236,0.566,-1.899,1.282,0.130,1.080,0.301,0.303,-1.064,1.124,0.068,-0.326,-0.234,-0.003,-0.154,-1.811,-0.981,0.625,1.582,-0.414,0.567,-0.102,-0.267,0.986,-0.244,-0.625,0.919,1.682,0.801,-0.050,-0.480,-0.788,-0.489,-1.810,0.210,-0.672,2.450,0.197,1.684,1.639,-0.066,-1.576,-0.548,-0.884,0.557,1.288,0.853,0.378,-1.852,2.195,-1.392,0.182,0.081,-0.676,1.759,-1.070,0.922,1.728,0.223,-0.490,0.431,-0.822,0.228,-3.358
306000,-0.298,0.377,0.690,1.094,-0.820,1.343,1.160,0.756,-1.850,0.165,-0.137,0.153,1.323,-0.410,0.465,-1.305,-1.127,-0.187,1.424,0.125,0.433,0.223,0.378,-0.025,-0.028,0.868,-0.936,1.215,1.195,-1.813,-0.295,-0.446,0.119,-1.336,-0.167,-0.530,2.027,-0.492,1.420,0.320,-0.556,-1.471,-0.068,-0.648,0.333,1.532,0.897,0.009,-0.597,1.646,-2.190,1.498,0.251,-0.884,0.573,-1.282,-0.154,1.848,-0.094,-0.026,1.594,-1.862,0.645,-2.585
307000,0.083,0.026,0.019,0.309,-0.703,1.199,0.740,0.581,-1.507,-0.708,-0.280,-1.665,0.539,0.929,-0.198,-1.805,-0.745,-0.727,1.493,0.675,-0.256,0.126,-0.171,0.920,-1.415,0.256,-0.925,0.895,0.431,-0.658,0.402,-0.288,0.594,-1.093,-0.831,-0.608,1.554,-0.211,0.127,1.192,-0.909,-0.427,-0.282,-0.347,0.441,0.422,0.339,0.816,0.225,1.242,-1.581,1.895,-0.085,-1.462,0.597,-1.410,-0.799,-0.689,-0.687,-0.179,2.249,-1.272,0.347,-2.048
308000,0.783,0.000,0.622,-0.076,-0.498,2.769,1.386,0.359,-0.818,-1.595,-1.708,-1.704,1.053,-0.355,0.062,-1.377,-1.650,0.024,-0.256,0.600,-0.003,-0.213,-1.411,0.534,-1.156,-0.440,-0.991,0.780,0.390,-1.607,0.687,0.483,-0.391,-0.371,-0.442,-1.118,0.954,-0.617,0.075,2.225,-1.880,-0.177,0.182,0.520,0.841,-0.630,1.348,1.783,1.497,0.653,-0.614,0.328,-0.758,-1.761,0.148,0.581,-1.870,-0.588,0.739,-0.428,1.302,-2.817,0.809,-1.502
309000,0.506,-0.780,0.707,0.084,-1.178,0.794,-0.513,0.350,-1.519,-1.668,-2.401,-1.068,0.403,-0.469,-0.370,-0.598,-1.044,0.637,0.115,0.377,0.662,0.375,-1.603,0.118,-0.255,-0.381,-0.036,-0.558,0.731,-0.891,0.200,-0.918,-0.279,0.214,-0.897,-1.185,-0.551,-0.648,-1.653,3.019,-0.860,0.192,0.965,-0.207,2.128,-0.442,0.670,1.157,1.226,0.754,0.423,-1.488,0.085,-0.059,0.058,-0.440,-1.433,-0.561,0.432,1.138,0.444,-2.271,-0.605,0.047
310000,0.215,0.840,-0.627,1.707,-1.936,-0.246,0.715,-0.266,-1.477,-1.587,-1.488,0.298,1.148,0.310,-0.397,-0.447,-1.801,0.665,0.590,0.862,1.499,0.438,-1.454,-0.673,-1.346,-2.055,0.328,-0.442,1.881,-1.028,0.858,-1.709,-0.818,0.806,0.066,-1.856,0.107,-1.553,-1.249,1.879,-1.316,-0.115,-0.576,-0.921,2.094,-0.600,0.270,0.848,1.773,0.587,0.126,-0.827,-1.047,-0.165,0.232,-1.723,-1.666,-0.578,-0.639,2.218,-0.783,-1.831,0.687,0.557
311000,1.392,1.464,0.116,0.299,-2.212,0.090,1.514,-0.475,-1.297,-1.611,-1.794,0.612,0.598,0.984,-1.169,-0.200,-1.677,-0.292,0.446,1.056,2.076,0.874,-1.444,-0.148,-0.616,-1.126,-0.220,-0.532,2.377,0.319,0.013,-1.475,0.557,-0.049,-0.488,-1.001,-0.403,-1.000,-1.250,0.956,-0.889,0.474,-1.737,-0.222,2.254,-1.156,-0.339,0.121,0.915,0.054,-0.285,-0.216,-1.082,-0.008,0.796,-1.097,-1.634,0.374,-0.598,1.625,-0.099,-0.781,-0.823,1.124
312000,1.751,1.696,-1.007,0.695,-2.432,0.808,2.206,0.909,-1.678,-0.948,-0.854,0.426,1.033,1.686,-1.097,0.076,-0.709,-1.308,0.906,0.803,2.333,0.566,-0.984,-0.682,-0.701,-0.654,0.564,-1.295,2.334,-1.182,0.010,-0.765,-1.058,1.309,-0.969,-1.670,-1.098,0.057,-0.866,1.440,-0.684,0.709,-1.175,-0.659,1.870,-0.670,-0.551,-1.111,1.574,0.127,-0.837,1.081,-1.412,0.179,1.578,-0.728,-1.613,-0.152,-0.220,0.759,0.980,-0.087,-0.702,-0.330
313000,2.082,2.532,-1.413,0.736,-1.990,-0.409,0.921,0.376,-0.540,-0.614,-1.059,0.461,0.945,0.775,-1.861,-1.220,-0.281,-0.955,1.182,1.139,1.399,0.598,-0.422,-0.328,0.259,0.213,0.882,0.140,-0.284,-1.250,0.366,-1.110,-1.131,-0.563,-0.325,-0.879,-1.187,0.663,-1.318,0.661,-0.599,1.445,-2.100,-0.182,1.139,-0.374,-1.016,-0.343,0.986,-0.585,-0.153,0.151,-0.037,-0.069,1.042,-1.506,-1.129,0.352,-0.240,0.919,0.932,-0.297,-0.547,-0.926
314000,1.869,2.016,-0.362,0.238,-0.760,-0.129,-0.776,0.692,-0.905,-0.988,-0.314,-0.553,1.195,-0.404,-1.307,-0.849,0.472,-1.235,0.949,0.845,1.495,0.011,-0.695,-0.329,0.029,1.211,0.332,0.713,-1.086,-1.973,1.020,-1.487,-1.012,-1.288,-0.743,-0.477,-0.177,0.616,-0.804,1.766,-0.567,2.878,-0.756,0.705,1.330,-1.654,-0.752,-1.068,0.102,0.443,0.650,0.739,-0.945,-2.687,0.402,-1.513,-2.315,0.655,-0.337,1.161,0.393,-0.502,-0.840,-0.199
315000,0.955,1.313,-0.279,0.273,0.066,-0.389,0.768,-0.049,-0.767,-0.037,0.876,-0.772,-0.163,0.304,-0.210,-0.826,0.283,-1.968,0.353,1.148,0.187,0.624,0.896,0.721,-0.331,1.171,0.404,0.508,-0.877,-1.689,0.420,-1.257,0.488,-0.670,-0.354,0.317,-0.976,0.769,-0.131,1.880,-0.564,2.423,0.325,2.079,0.049,0.747,-1.685,-1.205,-0.421,0.177,1.238,1.205,-0.366,-0.867,-0.555,0.092,-1.676,-1.232,0.250,1.229,0.477,-0.356,-0.560,0.416
316000,-0.230,0.940,0.108,1.299,0.663,0.510,1.418,0.461,-1.214,1.479,1.597,-1.430,-0.697,1.236,-0.674,-0.217,1.018,-1.357,0.669,1.045,1.499,0.900,1.981,-0.084,0.235,0.328,-0.374,0.247,-1.083,-2.584,0.111,-0.239,-0.214,-0.426,-0.644,-0.421,-1.126,1.207,-0.253,0.750,0.808,2.128,-0.682,1.446,-0.947,0.802,-1.149,-1.357,-1.073,-0.689,1.111,1.489,0.114,-0.095,-0.614,-0.759,-1.293,-1.530,-0.322,0.211,1.254,0.226,-0.363,0.780
317000,0.261,0.492,0.254,0.535,0.157,-0.124,0.734,-0.928,-0.250,2.311,0.488,-1.074,-0.065,0.966,-0.313,-0.657,-0.220,-0.636,1.831,0.646,1.126,-0.954,2.415,-1.286,-0.298,0.603,-0.761,-0.670,-0.187,-2.175,0.152,0.177,-0.748,0.064,-0.276,0.330,-0.550,1.658,-2.730,0.161,1.108,2.983,-0.367,0.588,-1.122,0.740,0.116,-0.832,-1.221,0.516,0.475,0.813,-0.018,-0.431,-0.624,-0.185,0.510,-1.731,-0.056,0.377,0.746,-0.044,-0.738,0.071
318000,-0.201,0.704,0.963,0.071,0.736,-0.103,1.022,-0.181,-0.357,0.866,0.581,-0.065,0.524,0.341,-0.820,0.212,-0.079,-0.494,1.256,0.474,0.407,-0.927,2.080,-0.216,-0.555,-0.422,-0.625,0.695,-0.051,-2.520,0.123,0.180,-0.133,1.520,-0.151,0.736,-0.043,1.068,-1.968,-1.104,-0.349,2.552,-0.327,0.346,-1.345,0.740,1.098,-0.098,0.581,-1.042,0.957,-0.173,0.829,1.198,-0.533,-0.777,0.407,-0.869,-0.075,0.590,-0.663,0.305,-1.063,1.184
319000,-0.691,1.684,1.952,0.859,-0.275,-0.740,1.249,-0.449,-0.395,1.603,-1.018,-1.414,0.207,-0.364,-0.698,0.512,-0.157,-0.481,1.149,1.067,0.759,-0.191,1.307,0.690,-0.367,0.426,-0.689,-0.300,0.472,-0.921,-0.342,-0.238,0.101,0.328,-1.125,0.849,1.028,0.525,-0.875,-1.024,-0.451,2.074,-0.832,1.276,-0.800,1.461,0.577,0.277,-0.147,0.006,0.422,0.419,0.617,0.987,0.545,-0.885,-0.045,-1.265,0.557,1.140,-0.044,0.554,-1.923,0.489
320000,0.957,2.426,2.109,0.194,-0.174,-1.810,0.589,0.077,-0.334,1.381,-2.127,-0.521,-0.286,-0.847,-0.942,-0.736,0.075,-0.068,1.829,0.997,1.353,-1.470,0.123,-0.130,0.654,0.272,-0.043,-1.189,1.976,-0.411,0.419,-0.553,-0.118,0.106,-1.235,1.069,1.933,0.536,-0.046,-0.697,-0.389,2.253,-0.478,0.551,-1.886,0.951,0.683,-0.296,-0.449,-0.507,0.528,-0.449,1.089,-0.827,-0.209,-1.415,0.085,-1.074,0.103,0.329,-0.535,1.194,-2.787,0.094
321000,-0.494,0.533,1.858,-0.050,-0.033,-1.854,-0.441,-0.783,0.417,1.628,-1.046,-0.645,0.052,0.403,-0.561,-0.928,-1.838,-0.552,3.022,1.127,0.828,-1.983,0.439,-0.281,0.199,0.838,0.747,-0.852,2.452,-0.221,0.586,-0.785,0.455,0.528,-0.931,1.646,1.486,0.688,-0.184,-1.074,0.496,1.926,-0.797,1.067,-1.659,-0.056,-0.040,-1.000,-0.781,0.229,0.926,-0.467,0.804,-0.659,-0.039,-0.330,-0.560,-0.277,-0.106,-0.275,0.547,1.333,-3.186,-0.011
322000,-0.021,1.921,2.522,0.689,-0.007,-2.118,-0.251,-1.526,0.390,1.883,0.030,-1.221,0.010,-0.017,-1.039,0.244,-1.147,-0.300,3.068,2.115,0.897,-1.730,1.901,-0.593,0.049,0.747,0.654,0.314,2.726,-0.665,0.999,-1.478,0.452,0.493,-0.931,1.311,1.344,-0.272,-2.099,-1.685,0.197,1.723,0.713,1.526,-1.724,-0.306,-0.448,-1.136,0.203,-0.144,3.798,0.568,1.177,-1.695,0.680,0.522,0.626,-0.286,0.618,-0.207,1.849,1.049,-2.401,-0.082
323000,0.369,1.658,1.574,1.168,-0.993,-1.758,0.330,-0.384,-0.994,1.221,0.160,0.224,-0.742,-1.052,-0.742,0.505,-0.287,-0.503,1.022,1.568,-0.535,-1.015,1.128,-0.469,0.946,0.510,0.771,0.945,2.267,0.554,0.237,-0.879,-0.112,0.398,-0.256,0.034,2.143,-0.846,-0.992,-0.281,0.310,1.413,0.884,0.227,-1.597,0.706,-1.031,-1.603,-0.973,-0.074,2.695,-0.826,0.309,-1.834,0.447,0.737,0.040,-0.633,0.413,0.098,0.753,0.637,-1.147,-0.201
324000,0.495,0.234,0.953,1.249,-1.319,-1.849,0.136,-0.256,-0.955,0.538,0.947,-0.290,-0.465,0.515,-0.722,1.156,-0.354,-1.208,0.880,0.956,-1.015,-0.266,0.415,-0.507,1.707,0.619,2.071,0.271,1.359,0.496,-1.127,-1.072,0.590,1.301,-0.299,-0.005,1.465,-0.122,-1.160,-0.132,0.761,-0.542,0.382,0.923,-1.370,0.959,-0.997,-1.059,0.222,-0.581,3.317,-0.900,0.435,-1.249,0.480,0.168,-0.069,-0.406,1.683,0.049,0.253,0.306,-1.225,0.597
325000,1.077,0.528,0.396,0.445,-0.767,-2.072,0.524,-0.305,-2.118,0.693,0.778,-0.335,0.065,-0.268,-1.951,1.174,0.228,-0.851,0.475,1.584,-0.717,-0.705,-0.816,0.108,0.174,0.941,-0.324,-0.571,-0.385,-0.797,-0.631,-0.910,0.741,0.260,-1.001,-0.382,2.293,-0.694,0.469,0.307,0.178,-0.440,-0.643,0.035,-2.306,1.863,-0.380,-0.832,0.338,-0.495,2.766,-0.642,-0.391,-1.258,-0.450,-0.158,0.111,-1.279,-0.249,-0.581,-0.435,-0.952,-0.595,-1.702
326000,0.283,1.486,-0.273,0.941,-0.006,-0.323,-0.687,0.411,-1.181,0.283,2.011,0.024,-0.573,0.946,-2.353,1.645,0.374,-0.598,0.516,0.329,-0.158,-0.169,-1.208,-0.653,0.059,1.295,0.175,0.711,0.132,-0.706,0.107,-1.241,0.803,-0.321,-1.559,-0.578,1.663,-0.068,-0.563,0.848,-1.268,1.032,-1.234,-0.571,-2.173,2.251,-0.211,-1.147,-0.155,-0.704,1.783,-0.920,-0.257,-0.989,0.304,-0.022,0.282,-1.561,-1.279,0.736,-0.394,-1.229,-0.422,-1.413
327000,-0.687,1.013,1.009,1.132,0.580,-0.666,-1.151,0.141,-1.225,0.285,2.215,0.243,-0.978,0.550,-1.885,0.946,0.711,-0.702,0.384,0.023,0.558,-0.281,-0.053,-0.947,-0.625,0.311,0.251,0.426,0.629,-0.058,-0.471,-0.920,0.023,0.513,0.854,1.586,1.316,-0.489,-0.783,0.442,-0.205,0.854,-0.904,-2.157,-1.036,1.933,-0.898,-1.565,-0.680,-0.592,2.678,1.211,-0.069,-1.867,-0.100,0.824,0.191,-0.864,-1.065,1.664,0.156,-1.626,0.054,-0.667
328000,-0.408,1.195,0.186,0.402,0.068,0.807,0.114,0.785,0.026,-0.763,3.176,1.416,-0.141,-0.212,-0.835,0.529,0.308,0.173,-0.282,0.567,1.059,0.054,-0.003,0.237,-0.202,0.208,0.783,1.641,0.659,0.666,-0.944,-0.170,0.111,0.633,-0.551,1.879,0.807,0.290,-1.808,-0.153,-0.719,0.228,-0.640,-0.946,-0.701,2.310,-0.960,-0.578,0.884,-1.510,0.933,0.304,0.469,-1.697,0.080,-0.053,0.856,1.089,0.482,2.254,0.190,-1.476,0.805,-0.342
329000,0.275,0.641,0.374,0.785,0.162,0.390,-0.724,-0.447,0.828,-0.378,2.725,2.369,-0.662,-0.396,-0.398,0.793,1.031,1.097,-0.080,1.449,0.607,-1.880,-1.430,0.038,0.674,0.067,1.215,2.816,1.590,0.462,-0.605,0.822,0.889,1.916,-1.131,3.161,1.051,0.885,-1.451,-0.333,0.556,0.712,-0.230,-0.925,-0.451,0.861,-1.143,1.651,0.733,-1.208,0.609,1.536,0.108,-1.857,-0.066,-0.655,0.511,1.624,0.721,1.023,-1.270,-1.015,-0.010,0.039
330000,-0.398,1.267,1.339,0.021,0.306,0.161,0.447,-0.617,0.144,-0.291,1.785,0.577,-0.851,0.931,0.877,0.182,1.478,1.377,0.777,1.081,1.557,-0.690,-0.066,-0.297,0.173,1.069,1.033,1.767,-0.066,0.023,-0.824,1.535,0.316,1.700,-0.826,1.607,0.649,0.843,-0.786,0.223,0.978,1.118,0.680,-2.502,0.286,0.299,-0.130,0.803,0.331,-2.183,-0.676,0.144,0.658,-1.656,0.763,0.330,0.813,1.989,1.499,0.727,-1.703,-0.112,0.338,0.135
331000,-0.371,0.681,1.508,-0.481,0.768,1.806,0.350,-0.042,-0.592,0.556,0.971,0.419,0.960,1.013,1.673,0.165,1.818,3.272,-0.264,1.224,0.925,-0.948,-0.912,-0.383,0.806,0.453,0.099,1.500,0.268,-0.251,-0.661,0.516,0.533,1.798,0.101,1.281,0.707,2.058,0.158,0.244,0.884,0.333,-0.157,-0.499,0.787,-0.609,-0.575,0.576,0.257,-2.057,-1.039,1.133,1.002,-1.441,0.755,0.496,-0.852,2.725,0.472,-0.350,-0.201,-0.269,0.009,1.012
332000,-0.082,0.935,1.367,-1.095,0.186,1.272,-0.605,-0.248,-1.191,1.351,0.670,0.592,0.657,0.953,0.676,0.988,1.754,2.451,-0.643,0.785,1.892,-0.581,1.127,-0.689,1.005,-0.460,0.486,1.015,-0.391,0.933,0.022,0.634,0.247,1.708,-0.116,0.075,-0.054,1.939,1.703,0.245,1.132,1.067,0.566,-0.014,-0.094,-0.102,-0.919,-0.042,-0.214,-2.150,-0.380,1.394,1.287,-1.029,1.142,1.267,-0.985,1.204,-0.248,-0.851,-0.869,0.005,0.302,0.605
333000,-0.608,0.798,0.453,-0.139,0.049,0.687,-0.855,0.274,0.781,1.039,1.324,0.216,0.259,1.123,0.244,1.822,0.194,2.848,0.245,-0.689,0.811,-0.974,1.412,-0.201,1.244,-1.507,0.854,0.658,-0.387,-0.193,-0.318,0.502,0.258,0.244,0.489,0.465,0.330,1.680,0.529,-0.029,0.994,1.164,0.314,0.351,0.049,-1.258,0.375,-0.462,-0.117,-2.360,-0.431,0.316,1.184,-0.982,1.725,1.106,-0.341,0.983,0.818,-1.226,1.159,-0.374,0.263,0.160
334000,-0.840,1.120,0.180,0.453,-0.103,2.298,-1.164,0.167,-0.337,0.837,1.179,0.147,-0.301,0.982,-0.256,1.295,-0.540,1.949,0.883,-0.995,0.755,-1.628,0.728,-0.216,-0.001,-2.072,0.762,1.326,0.497,0.902,0.272,0.650,0.537,0.031,1.077,-0.161,0.523,1.242,0.304,-0.836,0.289,0.878,0.710,1.065,0.313,-0.373,-0.465,-0.693,-0.776,-1.285,-0.108,0.594,1.720,-1.487,0.680,1.289,-0.369,0.472,0.489,-1.633,0.126,-0.472,-0.004,0.257
335000,-1.235,0.771,0.383,-0.992,0.148,2.604,-0.685,0.356,-0.632,-0.177,0.795,0.993,0.032,0.032,0.460,1.045,0.016,1.516,-0.189,-1.273,0.948,-1.369,2.306,-1.206,0.682,-0.307,0.865,0.925,-0.626,0.496,0.931,-0.858,-0.433,1.498,0.425,0.465,-0.042,0.946,0.549,-0.674,0.237,0.093,0.130,0.540,-0.514,-0.060,-0.453,-0.392,-0.796,-1.422,-1.340,-0.211,1.759,-2.273,0.649,1.410,-1.535,0.503,0.497,-0.508,0.976,-1.768,1.379,0.846
336000,0.592,0.648,0.153,0.017,-0.930,1.813,-0.793,-0.084,-0.587,0.299,1.170,0.287,-0.028,-0.918,0.615,0.553,0.199,1.001,-0.897,-0.727,1.868,-1.121,2.764,-0.611,1.421,-0.066,-0.235,3.188,-0.728,1.466,1.313,-0.759,-1.004,-0.264,0.862,-0.475,0.018,1.368,0.331,-1.231,-0.244,-0.192,-0.607,0.140,-0.109,-0.323,-0.577,0.009,0.260,0.473,-0.609,-1.340,0.928,-0.656,0.534,0.758,-2.268,-0.007,-0.270,-1.460,1.047,-1.299,1.842,-0.357
337000,0.087,0.977,-0.864,-0.012,-2.001,1.714,0.290,0.579,-0.360,0.289,0.643,-0.249,-0.647,-0.423,0.420,-0.289,-0.743,1.239,-0.805,0.533,1.226,-0.625,2.263,-0.432,-0.831,-0.113,0.300,1.756,-1.189,0.587,0.446,-0.570,-0.421,-0.772,1.840,-0.864,1.055,-0.463,0.683,-1.708,0.062,-0.177,-2.594,-0.172,-0.115,-1.503,-0.511,1.864,-0.104,0.312,-0.240,-1.368,0.238,-0.412,1.295,1.847,-1.543,-0.864,-0.289,-1.538,0.872,-1.023,2.368,0.559
338000,0.725,2.483,-0.177,0.190,-0.526,0.197,0.171,2.097,-0.298,-0.128,0.291,-0.892,0.074,0.265,-0.458,0.698,-0.816,1.237,-0.026,0.234,1.595,-0.307,2.291,-0.582,-1.407,0.278,0.374,0.378,-0.959,-0.920,0.665,-1.777,-0.861,-0.714,1.938,-1.105,0.370,-1.581,0.318,-1.925,0.244,0.154,-1.457,0.532,-0.719,-0.527,-0.168,1.565,0.184,0.569,0.298,-0.968,-0.463,-0.282,0.995,0.856,-0.832,-1.670,-0.542,0.091,1.390,-1.124,1.922,0.401
339000,0.447,1.451,-0.364,0.822,-0.615,-0.302,0.129,2.596,-1.166,-0.392,2.182,-1.189,-0.389,-0.072,0.442,0.630,-1.469,2.349,-0.817,0.019,0.642,0.998,1.479,0.123,-0.618,-0.060,0.408,1.485,0.246,-0.298,0.220,-0.746,-0.550,-0.436,0.086,-0.027,0.353,-1.998,-0.660,-2.067,0.388,-0.754,-1.123,1.143,-1.241,-1.177,-1.128,1.013,-0.583,1.648,-1.190,-0.697,-0.220,-0.257,1.500,0.592,0.159,0.226,0.816,0.394,1.332,-1.210,1.856,0.754
340000,0.297,0.877,1.601,0.376,-1.302,0.077,0.673,1.972,-0.246,0.575,2.308,-0.857,0.391,-0.934,1.046,1.121,-0.694,1.645,0.779,-0.472,1.045,1.342,0.034,-0.046,0.409,-0.474,-0.254,1.255,0.383,0.673,-0.295,-0.621,-0.283,-1.026,1.107,-0.114,-0.673,-0.944,-0.541,0.024,0.934,-0.313,0.049,0.732,-0.250,-1.093,-0.034,-0.101,-0.421,0.960,-1.542,-0.515,-0.119,-1.691,0.601,0.115,1.342,-0.698,0.747,2.191,0.475,0.133,2.037,1.046
341000,0.036,0.693,1.272,0.208,-1.212,0.348,1.211,2.266,-0.707,-0.164,2.766,-1.313,-0.248,-0.974,-0.138,0.635,-1.807,0.890,0.763,0.009,-0.005,0.789,-0.701,0.783,-1.232,-0.883,0.495,1.458,1.152,1.879,-0.139,0.231,-0.300,-1.063,0.406,-0.737,0.231,0.589,-1.806,0.033,0.993,-0.365,-0.050,0.878,-0.316,-0.287,-1.599,-0.994,1.568,0.372,-0.703,-0.346,-0.125,-1.872,0.468,-0.728,0.760,-0.687,0.612,2.685,0.511,0.277,1.292,1.090
342000,0.100,-0.208,0.776,-1.071,-0.507,0.632,1.362,1.519,-0.696,-0.438,1.675,-0.719,1.186,-1.482,-0.469,-0.113,-1.258,0.054,1.311,-1.068,0.133,0.412,1.129,-0.241,-0.764,-2.754,0.813,1.125,0.634,1.881,0.540,0.989,-0.880,-0.417,0.722,-0.396,0.896,-0.426,-0.527,-0.684,1.982,-0.976,-0.212,1.238,1.210,-0.393,-0.299,-0.533,1.816,1.098,0.670,-0.861,-0.242,-1.904,0.221,0.296,0.102,-1.591,-0.873,2.596,0.360,-1.026,1.717,1.105
343000,-0.082,0.398,0.809,-0.453,0.712,-0.095,1.414,2.421,-0.594,-1.644,2.274,-1.414,1.816,-1.003,-0.722,1.147,-1.829,-0.749,2.244,-1.624,0.275,1.265,0.319,0.291,0.689,-1.100,0.148,1.086,0.274,1.472,0.196,-0.039,-0.632,-0.067,0.533,0.504,1.701,-1.063,1.104,0.731,1.197,-0.904,-0.883,0.901,2.026,0.014,0.004,0.244,1.014,0.381,-0.055,0.604,-0.282,-0.553,-0.173,1.957,0.494,-0.618,0.011,2.769,1.037,0.347,1.638,0.892
344000,-0.276,0.934,0.740,0.505,0.040,0.954,1.128,2.355,0.138,-0.275,2.924,-0.739,-0.139,-0.157,-0.375,0.931,-2.470,0.375,1.919,-0.898,-0.417,1.268,1.103,0.162,1.301,-1.449,0.372,-0.134,-0.814,1.140,0.942,-1.127,-0.857,-0.615,-0.240,0.824,0.837,-1.233,0.881,0.407,1.611,-0.788,-0.122,-0.747,1.401,-0.833,0.398,0.938,-0.484,-0.054,0.418,0.980,0.346,-0.050,-0.281,1.525,1.089,0.257,0.383,1.237,1.442,0.430,0.792,1.315
345000,-1.383,1.334,1.105,0.463,-0.095,1.978,1.396,2.562,-0.242,0.630,1.685,-1.177,0.832,0.279,-0.687,0.912,-2.504,1.274,1.769,-2.018,0.605,0.797,1.225,0.557,1.115,-0.767,1.165,1.236,-1.112,0.486,0.193,-0.733,-0.539,-0.935,0.573,0.879,-0.878,0.085,1.171,0.077,1.528,0.209,0.470,-0.648,0.916,-0.593,-0.298,-0.468,-0.064,0.521,0.364,-0.076,-1.054,-0.306,-0.582,0.252,0.906,1.193,-0.229,0.740,2.144,-1.110,0.097,1.407
346000,-1.456,0.092,0.545,0.784,0.244,0.522,2.074,2.457,0.610,1.088,1.443,-2.574,0.691,0.345,0.291,-1.132,-0.651,0.728,1.513,-1.665,-0.499,0.198,1.280,0.203,0.673,-0.291,1.261,1.175,-0.851,-0.403,-0.070,-2.024,-0.931,-1.489,-1.191,-0.339,-0.087,0.686,2.282,0.423,0.545,0.022,1.713,1.022,-0.554,-0.828,-0.077,-0.029,-1.118,0.607,-0.221,0.790,-0.351,-0.314,-2.016,1.065,0.418,2.237,0.496,0.162,0.435,-0.189,-0.216,0.903
347000,-0.742,0.986,0.568,0.789,-0.662,0.651,2.216,1.856,1.134,0.708,1.587,-1.660,0.554,0.395,1.260,-0.656,-1.189,1.354,-0.266,-1.781,-1.049,0.274,1.118,-0.887,1.556,0.228,-0.126,1.286,-1.178,-0.021,0.010,-1.192,0.042,-0.338,-0.940,-0.701,0.215,-0.400,1.724,0.211,-0.417,-0.905,1.050,0.437,0.679,-0.108,-1.687,-0.064,-1.473,-0.266,-0.141,0.479,0.565,-0.531,-0.636,0.458,1.253,1.235,0.940,1.402,1.079,-0.194,0.372,0.923
348000,-0.435,0.369,0.772,-0.953,-1.084,-0.183,2.161,0.375,1.620,-0.538,1.872,-1.348,-0.447,0.256,1.802,0.602,-1.178,1.911,-0.845,-1.666,0.209,0.874,2.640,-1.386,2.283,-0.153,-0.088,0.903,-1.918,-0.288,0.138,0.022,0.182,0.273,-0.902,-1.376,-0.452,0.618,1.196,-0.370,-0.510,-0.534,-0.341,0.555,0.813,1.385,-0.218,-0.137,-1.975,1.292,-0.082,1.321,0.733,-0.318,-1.348,0.691,1.345,2.733,0.606,1.082,0.112,-0.591,0.409,0.012
349000,-0.433,-0.010,1.865,-0.404,-0.248,-0.378,2.706,0.946,1.096,-0.162,0.366,-1.075,0.437,0.200,1.417,0.426,-0.838,1.083,-1.954,-0.935,1.028,-0.776,1.483,-0.951,1.046,-0.082,-0.056,1.643,-1.155,0.192,0.429,-0.307,0.324,-0.094,0.116,0.460,-0.079,-1.381,0.284,-0.923,-1.881,0.146,0.163,-0.378,0.493,1.559,-0.424,0.955,-0.175,2.124,0.663,0.871,1.302,0.088,-0.242,1.402,1.558,2.564,0.128,1.303,-0.213,0.901,0.805,0.090
350000,-0.790,-0.226,1.885,0.358,0.127,-1.592,1.634,0.607,0.356,0.311,0.537,-0.249,0.114,0.861,1.234,0.900,-0.324,0.395,-1.220,-1.886,0.252,-0.565,0.590,-1.048,2.202,0.338,0.433,0.393,-1.282,0.014,0.324,-0.413,-0.384,0.351,-0.006,0.014,-0.402,-0.788,0.792,-0.805,-2.117,0.997,1.788,-0.880,-0.360,1.117,-0.551,0.679,0.542,1.404,1.620,1.426,0.524,-0.548,0.308,1.224,0.087,2.387,-0.832,-0.002,-1.503,0.923,0.338,-0.443
351000,-0.807,0.539,0.462,0.745,1.082,-0.584,0.886,2.302,-1.439,1.075,-1.100,0.015,-0.957,0.364,-0.343,1.889,-0.711,1.049,-1.292,-2.412,-0.255,0.798,0.066,-0.265,1.174,0.189,2.184,0.410,0.764,0.345,1.244,-0.296,-0.562,0.993,1.491,0.579,-0.249,-1.176,0.317,-0.462,-0.836,1.156,1.115,0.328,0.453,0.129,-0.788,1.110,0.566,1.010,2.073,2.267,0.205,-0.625,0.126,1.494,-0.772,1.146,-0.569,0.006,-1.802,0.943,0.042,-0.410
352000,-1.410,0.131,0.784,-0.077,0.900,-0.158,0.608,2.420,-0.691,1.151,0.518,0.784,-0.850,2.388,-0.509,1.948,0.503,0.470,0.180,-1.225,-0.616,0.649,-1.034,0.188,0.735,-0.142,1.575,0.143,0.393,1.057,1.667,-0.191,-0.567,1.410,1.487,-0.057,1.122,-0.380,1.100,-1.806,-1.187,1.128,1.007,0.425,0.573,-0.261,0.287,-0.434,-0.447,0.210,2.752,2.091,0.672,-1.101,2.344,1.453,-0.062,1.571,-1.425,-0.665,-1.829,1.132,-0.215,-0.114
353000,-1.965,1.024,1.729,0.543,0.074,-0.325,0.899,2.149,-0.329,0.107,1.029,0.701,-0.586,2.000,-0.660,0.339,0.750,-0.609,0.060,-0.426,-2.579,0.221,0.615,0.018,-0.669,0.455,1.221,-1.425,-0.005,0.432,0.168,0.468,0.859,1.110,0.300,-1.413,0.083,-0.730,0.188,-0.128,0.063,0.885,0.011,0.386,0.213,-0.270,-0.186,-1.085,0.563,-1.108,2.002,1.105,0.807,-0.746,2.227,0.747,0.273,1.207,-2.704,-0.119,-1.961,0.340,0.110,-0.013
354000,-1.783,0.573,1.177,-0.021,-0.353,0.291,1.355,1.369,0.374,0.463,1.032,-0.479,-1.335,0.482,-1.665,0.594,1.481,0.027,0.538,0.355,-1.472,0.133,0.786,-0.682,-0.889,0.041,1.917,-0.228,0.348,0.026,0.710,0.776,0.441,1.375,1.248,-1.870,-1.449,-1.603,-0.294,0.029,0.706,1.307,-1.370,0.731,-0.852,0.591,-0.405,-1.444,1.591,-1.229,1.613,1.887,1.981,-0.488,2.304,0.451,-0.109,-0.296,-1.958,0.387,-1.606,1.015,-0.086,-0.310
355000,-1.859,0.037,-0.009,0.130,0.553,1.076,0.390,1.496,0.485,0.588,-0.155,-0.624,-0.441,0.275,-1.177,0.001,-0.493,-0.984,-0.484,0.796,-0.434,-0.347,1.068,-0.860,-0.042,1.494,1.532,0.647,0.982,0.761,0.909,-0.099,0.172,1.997,2.084,-0.424,-0.998,0.584,0.197,-0.634,1.011,0.740,-0.401,2.559,0.207,0.496,-0.432,-1.090,1.633,-0.708,1.620,1.887,1.010,0.030,2.334,-0.180,-0.311,-1.742,-2.587,-0.294,-0.843,0.828,0.091,-0.116
356000,-0.794,0.992,0.538,0.168,1.540,0.289,1.698,1.404,-0.961,0.146,-0.469,-0.232,-0.134,1.155,-1.080,0.538,-0.462,-0.878,0.557,0.760,-0.947,1.047,1.224,-1.468,0.402,0.424,1.214,0.813,0.151,0.363,0.531,-0.260,-0.674,2.792,1.950,-0.590,-0.003,0.603,-0.332,-0.451,0.231,2.995,-0.214,1.825,0.044,1.892,0.066,-0.233,0.897,-0.193,0.793,0.992,1.402,-0.714,1.533,0.481,0.848,-2.264,-2.101,-0.859,-0.362,-0.675,-0.503,-0.460
357000,-1.310,0.181,-0.041,0.100,2.643,0.995,1.017,1.055,-0.879,1.253,0.140,-0.851,0.319,1.173,0.385,0.530,-2.445,0.051,0.102,0.651,-0.960,1.258,1.423,-1.748,1.151,-0.503,0.566,0.663,0.639,1.640,-0.797,-0.731,-0.263,1.889,0.908,-0.739,-1.296,0.803,0.785,-0.210,-0.245,1.936,0.085,1.678,-1.222,2.308,-0.892,-0.072,1.119,0.564,0.234,0.754,1.542,-0.173,1.427,0.777,0.925,-3.197,-1.730,-1.295,-0.432,0.842,-0.853,-0.381
358000,-0.344,0.365,0.924,2.325,1.813,0.422,1.468,-0.568,0.080,0.887,0.584,-1.335,0.134,1.525,-0.763,0.420,-1.411,0.217,0.899,0.350,-0.515,1.221,0.318,-1.069,1.911,0.318,0.557,1.397,-0.586,0.210,-1.042,-0.804,0.071,2.228,-0.199,-1.446,-0.667,1.316,0.509,-1.121,-0.052,1.826,0.919,2.346,-0.994,1.094,-0.371,0.290,0.224,0.686,-0.025,-0.013,2.044,-0.652,1.922,-0.793,0.274,-2.221,-0.768,-1.377,-0.193,-0.245,-1.550,-0.273
359000,-0.005,-0.053,0.732,1.099,1.445,0.842,1.086,-0.196,0.146,1.257,0.376,-0.905,-0.047,0.325,-0.308,0.049,-0.150,-0.365,2.122,0.336,-0.973,1.303,0.172,-0.676,1.185,0.596,0.362,0.145,-0.847,-0.186,-2.342,-1.477,1.477,1.704,-0.490,-1.765,-0.479,-0.501,-0.860,-1.000,0.890,1.634,0.156,2.479,-2.492,-0.011,-0.247,-0.605,0.892,1.024,-0.077,0.622,1.526,-0.515,0.173,-0.510,0.521,-1.314,0.141,-0.408,-1.541,0.411,-0.922,0.137
360000,0.634,0.960,1.586,0.729,1.252,0.519,1.693,-0.400,0.176,1.917,0.550,0.121,-0.649,0.747,-0.665,0.548,-0.513,0.984,1.735,0.312,-0.306,0.679,0.144,-0.519,0.317,0.861,-0.233,0.152,0.600,-0.930,-1.758,-1.273,0.081,1.705,-0.508,-0.515,1.034,0.141,-0.952,-0.174,-0.158,-0.013,-0.633,1.867,-0.211,-0.772,0.974,-0.729,-0.052,1.246,-0.238,0.353,0.408,0.062,0.602,0.230,-0.094,-0.169,0.875,0.294,-1.237,0.857,-1.072,0.943
361000,-0.686,0.489,0.877,0.100,1.148,1.248,2.317,0.700,0.803,0.474,0.516,-0.303,-0.848,-0.100,-1.021,0.888,-0.382,0.157,0.528,-0.293,-0.847,0.239,0.514,0.083,0.123,1.005,-0.370,-0.497,0.887,-1.268,-0.555,-0.581,0.576,1.969,-0.092,-1.120,0.207,0.459,0.203,-0.590,0.214,0.346,-0.530,1.539,0.557,-0.518,0.888,0.116,-0.940,0.026,-0.009,-0.020,-0.203,1.401,0.525,0.651,-0.742,-0.329,0.189,-0.676,-1.884,-0.422,-0.482,0.763
362000,-0.153,0.798,1.519,-2.295,1.305,-0.638,1.724,0.903,0.601,0.154,1.795,1.708,0.239,0.363,-0.629,0.474,-1.194,-0.208,0.929,0.218,-0.663,-0.285,0.167,0.770,-0.426,0.768,-0.272,-0.950,0.129,0.431,-0.660,-1.186,0.767,1.378,-0.045,-1.736,-0.795,0.850,0.156,0.805,1.077,0.260,0.248,0.205,1.568,-0.358,0.226,-0.153,-0.280,0.150,0.491,0.108,0.175,0.143,0.859,1.341,-0.530,-0.888,-0.560,-0.363,-0.548,-0.333,1.461,1.171
363000,-0.094,-0.536,2.096,-0.489,-0.090,-1.935,1.282,0.565,0.859,1.737,1.216,0.849,-0.154,-0.174,-0.937,-0.416,-0.994,-0.437,2.165,0.425,-0.773,0.669,0.875,0.445,-0.031,0.722,0.481,-0.039,-0.255,1.200,-0.276,-1.568,0.390,1.711,-0.856,-0.924,0.165,-0.026,-0.137,-0.920,0.417,0.368,-1.374,0.207,0.864,0.136,0.210,0.123,0.281,0.339,1.127,-0.190,-0.330,-0.124,1.083,0.540,0.231,0.090,-1.444,-0.508,0.227,0.125,0.473,0.647
364000,0.272,0.286,2.320,0.126,-0.781,-1.205,1.873,-0.565,0.049,2.298,-0.073,0.016,-0.779,-0.697,-0.087,-1.104,-0.530,-0.116,1.804,0.309,-0.885,0.959,1.117,1.496,-0.678,0.312,-0.867,-0.261,-1.321,1.255,-0.368,-1.125,0.187,2.495,-0.347,-0.811,-0.383,-0.652,0.175,-2.102,0.816,0.148,-0.644,-0.656,1.065,0.733,0.310,-0.034,1.401,2.182,0.775,1.000,-0.686,0.708,0.596,-0.129,0.337,0.736,-0.937,-0.257,0.575,-0.734,-0.901,0.575
365000,-0.409,1.079,1.031,0.746,-0.788,-0.801,0.897,0.877,-0.942,0.412,-0.485,-0.093,1.047,-0.183,0.245,-0.954,1.060,-0.399,0.982,0.962,-1.018,0.088,0.649,0.902,-0.883,0.598,-1.044,0.854,-1.483,1.229,0.452,-0.742,0.106,2.654,-0.148,-0.601,0.222,-1.610,1.308,-2.459,-0.162,0.781,-1.799,-0.497,1.012,0.375,-0.459,-1.102,1.101,2.176,0.997,-0.078,-0.390,1.329,1.310,-0.770,-0.253,0.174,-0.669,1.407,-1.384,-0.266,0.008,0.678
366000,-2.048,0.187,1.309,0.883,-0.807,-0.226,1.974,-0.299,-1.606,0.047,-0.642,0.388,0.790,-0.027,0.971,-0.979,2.067,-0.443,0.879,0.553,0.490,0.076,0.758,1.059,-0.428,-0.442,-0.590,0.112,-1.188,1.427,-0.808,0.297,1.076,1.311,-0.535,0.521,0.630,-1.770,0.420,-0.311,-0.045,1.223,-0.426,-0.593,1.059,-0.800,0.799,-1.062,0.528,1.945,-0.080,1.798,-0.947,1.267,1.165,-0.333,0.203,0.129,-0.384,0.769,-1.160,-0.948,0.113,1.022
367000,-0.764,0.692,1.661,-0.739,0.155,0.089,2.676,0.708,-1.327,0.330,-0.465,0.698,-0.260,-0.240,1.002,-1.116,1.510,-0.099,2.001,0.427,0.165,-0.956,-0.457,0.625,-0.974,0.833,-0.760,-0.561,-2.044,0.218,-1.525,0.317,0.576,1.603,-0.427,1.023,0.441,-1.208,0.589,0.964,0.552,0.125,0.088,0.224,-0.389,0.010,1.127,-0.672,0.054,0.141,-0.597,1.628,-1.435,1.397,1.029,-0.700,0.467,0.290,1.164,0.687,-0.233,-0.511,0.182,0.904
368000,-0.190,-0.215,0.500,-0.627,-0.002,0.131,2.269,1.007,0.077,-1.263,-0.761,-0.497,0.296,-0.585,0.572,0.532,0.536,-0.293,1.653,0.255,-0.624,-0.335,0.590,0.609,-0.532,0.464,-0.578,0.184,-2.214,-0.941,-0.579,-0.249,1.302,0.856,-0.080,0.976,-0.467,-0.842,0.016,0.836,0.631,0.358,0.680,0.066,-1.681,0.799,0.675,0.391,0.481,-0.335,-0.357,1.288,-1.141,1.170,0.982,-1.681,0.129,1.129,1.236,1.164,-0.600,-0.536,-0.953,0.444
369000,0.277,0.359,-0.004,0.814,-0.420,-1.074,0.827,-0.087,-0.704,-1.125,-0.669,-0.313,0.199,-0.625,0.631,-0.104,1.460,0.033,1.794,-1.003,0.630,-0.045,-0.021,0.303,-0.899,1.532,-1.332,0.770,-0.853,-0.812,-0.619,0.252,2.130,0.380,0.586,-0.061,-0.560,-0.440,-0.014,0.581,1.301,1.006,0.428,0.875,-1.061,0.123,0.589,-0.085,0.425,0.437,0.550,2.151,0.131,0.403,0.335,-1.128,-0.770,1.024,0.879,0.846,-1.675,0.009,0.087,0.150
370000,1.218,0.819,1.036,0.680,-0.911,-0.051,1.400,0.282,-1.172,0.155,-0.695,-0.967,0.260,0.848,0.109,-1.588,0.527,0.313,1.321,-1.521,-0.036,0.419,-0.204,0.147,-0.227,0.552,-0.456,0.034,-0.608,-0.730,-1.389,0.571,1.389,0.035,0.439,0.010,-0.023,0.860,-0.728,-0.163,1.125,0.188,0.651,1.466,-0.099,0.749,0.227,0.443,-0.472,-0.564,-1.264,1.852,-0.799,-0.592,-0.383,-1.168,0.229,1.260,1.362,0.888,-1.264,-0.269,0.166,-0.327
371000,1.426,0.151,-0.172,-0.049,-2.049,-0.431,1.642,-1.003,-2.055,0.513,0.146,-0.485,0.119,0.457,0.573,-0.312,0.301,1.288,-0.214,-0.525,0.077,-0.492,-0.681,-0.326,-0.516,2.054,0.605,-0.456,-0.559,-1.142,-1.540,0.587,1.071,0.499,-0.529,0.081,-0.413,0.688,-0.560,-0.732,-0.412,0.031,0.208,1.014,0.197,0.889,-0.067,-0.049,-0.003,-1.589,-0.014,0.995,-1.137,-0.048,0.543,0.516,-0.466,1.659,2.210,0.695,-0.573,-0.179,-0.364,0.431
372000,1.500,0.767,0.492,0.129,-0.456,0.435,1.421,-0.375,-0.478,0.714,0.736,-0.511,1.089,2.151,0.984,0.311,1.467,0.584,-0.016,0.430,-0.530,-1.221,-0.149,-1.188,-0.997,1.523,-0.389,-0.660,1.611,-2.055,-1.796,1.561,-0.166,1.162,0.181,-0.534,-0.258,0.914,-0.177,-0.982,-2.073,-0.457,0.066,1.717,0.472,0.487,-0.368,-1.161,-0.635,-1.179,0.626,0.705,-0.576,0.441,-0.681,1.328,0.205,2.044,1.738,-0.165,0.564,-0.033,-1.181,1.140
373000,1.701,-0.139,-0.703,-0.425,0.975,-0.594,2.093,-1.029,-0.491,0.506,0.601,0.139,0.581,2.434,-0.064,0.281,0.712,0.193,0.010,0.982,-1.154,-0.982,0.002,-2.804,-0.921,1.308,0.422,0.725,0.251,-2.177,-0.908,1.421,-2.012,1.248,0.197,-0.017,-0.785,0.057,-0.440,-0.869,-1.787,0.249,0.559,0.767,1.184,-0.185,0.265,-0.621,-0.897,-0.657,0.742,1.099,-1.284,1.181,-0.953,1.763,0.839,1.126,1.988,-0.495,-0.639,-0.426,-1.539,-0.275
374000,0.851,0.077,0.051,-0.144,1.461,-0.677,2.165,-1.201,-0.973,0.756,0.776,-0.785,2.494,0.724,0.403,0.008,0.262,-0.463,-0.151,1.606,-2.431,-1.044,-0.463,-1.807,-1.045,0.200,-0.739,0.766,-0.762,-2.198,-1.574,1.535,-0.126,0.959,0.158,0.401,-1.319,-0.680,0.434,0.690,-0.937,0.813,0.431,0.161,0.597,0.581,-0.033,-0.872,-1.882,-0.344,0.975,1.984,-1.634,-0.186,-0.897,-0.315,1.858,0.541,1.209,-0.464,-0.469,-0.754,-1.238,1.911
375000,2.319,0.847,1.008,-1.155,0.825,0.189,0.487,-0.268,-0.557,0.578,0.853,-0.831,1.578,-0.980,0.859,-0.603,-0.328,-1.151,1.164,0.320,-2.419,-1.733,-0.401,-1.103,-1.659,-0.572,-0.118,0.865,0.509,-0.459,0.182,0.515,0.633,1.444,-0.075,-0.309,-0.196,-0.477,0.683,0.551,-0.190,-0.973,0.219,0.161,0.794,0.787,1.374,-1.253,-1.069,-1.411,-0.147,2.200,-1.213,-0.084,1.451,-0.711,1.691,0.044,1.397,-0.036,-0.622,-0.515,-1.222,1.740
376000,1.183,0.813,-0.492,-0.155,-0.856,0.181,-0.010,-0.919,-0.521,-0.531,-0.303,-0.885,0.508,-0.386,0.388,-0.035,-1.058,-0.413,1.696,-1.362,-2.781,-1.093,-1.085,1.206,-1.690,0.500,-0.099,2.345,0.134,0.757,-0.764,0.432,0.746,-0.229,-0.069,0.258,-0.326,-0.242,1.153,-0.335,0.526,-0.271,-1.049,1.350,0.006,-0.076,1.039,-0.455,0.588,-1.296,0.688,1.066,0.043,0.013,0.491,-0.615,1.325,0.730,1.077,0.128,-0.933,0.024,-0.772,2.326
377000,0.374,-0.358,0.214,0.102,-1.176,-0.300,-0.160,-0.246,-0.569,-1.442,-0.127,-0.861,-0.497,0.107,-0.302,1.048,-1.395,0.522,1.910,-0.847,-1.761,-0.960,-0.476,0.610,-1.815,-0.151,-1.105,3.302,0.909,1.537,-1.357,0.419,1.047,-0.548,-0.314,-0.442,0.292,0.445,0.970,-1.173,0.147,-0.547,-2.018,2.209,0.172,1.184,1.418,-0.550,0.380,-1.048,1.340,2.646,0.560,0.004,0.776,-0.538,2.314,-0.090,0.841,-0.805,-0.330,-0.682,0.001,1.828
378000,0.687,-0.849,-0.154,1.240,-0.446,-0.874,0.712,-0.366,0.213,-1.193,-1.132,-1.313,0.768,0.103,0.068,0.764,-0.411,0.566,3.224,-0.414,-1.029,-2.475,-1.024,0.391,-1.327,0.517,-1.204,1.605,-0.262,1.619,-1.317,1.645,0.577,-0.356,-1.139,0.192,-0.587,-0.456,-0.256,-1.004,0.007,-0.359,-1.769,2.835,0.138,0.079,1.222,-0.172,0.879,-0.272,1.207,3.222,1.375,-0.524,0.806,-0.623,1.877,0.395,-0.350,-0.644,0.015,0.728,-0.084,0.956
379000,0.475,-0.621,1.382,0.850,-1.173,-0.183,1.537,-0.636,-0.771,-1.626,-0.573,-1.950,0.721,0.061,0.276,-0.537,-0.353,-0.072,3.799,-1.537,-0.522,-0.420,-1.391,-0.024,-0.679,0.277,0.122,1.007,-1.187,2.291,-0.424,2.150,1.268,0.073,-1.501,0.490,-1.062,1.432,-1.279,-0.773,0.603,-0.884,-1.821,2.549,-0.154,-0.485,1.287,-0.392,1.241,-0.639,-0.367,2.489,0.921,0.195,-0.507,-0.256,0.629,-0.590,0.713,0.040,0.497,0.057,1.454,0.834
380000,-0.506,0.038,0.177,1.013,-0.320,0.768,0.900,-0.642,0.112,-0.861,-0.613,-1.579,1.506,0.203,-0.213,-1.216,1.115,-0.072,2.522,-0.435,0.943,0.274,-1.394,-0.523,-0.103,-0.832,-0.396,1.292,-0.639,1.614,-0.169,0.963,2.237,0.551,-2.304,-0.126,0.085,0.259,-1.598,0.194,-0.088,-0.275,-0.786,2.309,1.028,0.924,1.088,0.913,0.910,-0.269,0.518,0.824,0.090,0.968,-0.089,-0.464,0.264,-0.019,1.495,-0.377,-0.976,0.845,0.421,1.474
381000,0.791,0.296,0.085,0.363,0.128,0.456,-0.104,-0.649,0.029,-0.720,0.237,-1.282,1.319,-0.818,-1.371,-0.451,0.674,-1.639,2.531,-1.312,-0.179,0.360,-0.852,-0.335,1.134,-0.968,-0.474,2.163,-1.165,2.584,-0.894,1.287,0.494,-0.215,-0.271,0.294,0.009,-0.130,-1.173,0.685,0.275,-0.020,-0.278,1.560,1.210,-1.305,0.388,-0.004,0.868,-0.402,-0.361,0.366,0.625,0.021,-0.783,-0.922,0.168,0.217,1.647,0.231,-1.562,1.079,0.771,0.383
382000,0.221,-0.396,-0.126,0.314,0.528,0.403,0.676,-0.541,-0.182,0.007,0.439,-0.434,1.083,-0.707,-1.388,-0.721,0.665,-0.645,2.445,-0.132,-1.397,-0.259,1.159,0.260,1.518,-1.254,-0.927,0.562,-1.781,3.580,-1.551,1.143,0.796,-0.780,0.675,-0.272,0.444,-0.595,-0.825,0.221,0.591,-0.683,0.993,1.960,0.377,-1.831,0.229,-0.327,0.010,0.176,-0.651,0.069,-0.009,0.417,-0.317,-1.214,-1.029,0.644,-0.019,-0.427,-0.907,1.731,0.097,0.680
383000,1.255,-0.555,0.132,0.577,1.203,1.125,1.595,-1.142,-0.971,-0.135,-1.697,-0.625,2.523,-0.225,-1.943,0.541,0.507,-0.963,1.435,-0.604,-1.158,-0.972,-0.565,0.080,0.311,-0.525,-1.095,0.787,-1.318,3.288,-0.046,0.802,1.435,-1.201,0.488,0.043,-0.497,-0.911,-1.522,-0.135,1.131,-1.109,1.841,1.497,0.325,-2.740,-0.276,0.177,-1.616,0.424,-0.954,-0.107,-0.449,-0.150,0.992,-0.455,0.045,-0.410,-1.516,-0.578,0.185,1.130,-0.374,0.314
384000,-0.257,0.064,-0.249,-0.221,1.780,1.178,1.308,-1.065,-0.445,-0.842,-1.565,-0.069,2.369,-1.260,-1.235,0.143,-0.506,-1.880,1.297,0.349,-0.241,0.459,-0.275,0.104,1.813,-1.098,-2.273,0.512,-1.090,2.088,0.236,1.450,0.867,-0.644,-0.579,-1.025,-0.253,-0.647,-0.588,0.394,-0.149,-1.329,0.850,1.608,0.301,-1.610,0.014,0.145,-0.856,0.743,-1.209,1.085,0.488,-0.300,0.735,-1.307,-0.417,0.913,-0.756,-0.807,0.275,2.330,-1.338,0.538
385000,-0.672,0.932,-0.668,-0.621,2.267,-0.158,1.268,-0.495,-0.360,-1.154,-0.947,0.084,2.948,-1.674,-1.951,0.720,-0.116,-2.305,0.392,1.187,-0.324,0.956,0.318,1.069,1.065,-1.975,-1.738,-0.205,-0.362,1.789,0.058,0.557,-0.664,-0.792,-0.448,-0.193,0.010,-1.045,0.296,1.046,1.391,-1.600,1.646,0.601,0.162,-1.284,-0.532,0.534,-1.260,0.626,-0.953,1.115,0.727,-1.347,-0.212,-0.493,-0.870,-1.524,-1.634,-0.921,0.897,2.978,-0.924,0.629
386000,-0.764,1.422,0.268,-1.287,0.558,0.069,0.382,-0.608,0.108,-0.370,-1.651,-0.801,1.371,-0.693,-1.703,-0.576,0.034,-1.357,0.304,0.823,0.914,0.802,1.881,0.855,1.423,-2.301,-2.090,-0.080,0.093,-0.472,-0.767,-0.379,-1.232,-0.847,-0.614,-0.354,-0.023,-1.703,0.444,0.304,1.017,-0.500,-0.869,1.453,1.969,-0.209,-0.174,0.381,0.167,0.841,-0.581,0.350,-0.291,-0.876,-1.455,0.159,-1.297,-1.254,-1.976,-0.760,0.346,2.538,-0.249,0.598
387000,-0.727,0.702,-0.708,0.180,0.341,0.726,0.428,-0.958,0.279,-0.294,-0.332,-1.513,0.149,-0.750,-1.763,0.527,0.296,-2.176,0.156,0.682,0.155,0.276,2.379,0.521,0.156,-1.848,-1.268,0.677,-0.690,-1.209,-0.146,-1.032,-1.136,-0.237,-0.006,0.462,-0.073,-1.630,-0.074,0.515,0.308,-0.102,-0.697,0.623,1.211,-1.577,0.060,0.424,-0.623,-0.266,-0.137,1.454,0.892,-1.253,-0.897,0.209,-1.830,-1.304,-1.122,-0.276,-0.325,2.178,-1.251,1.208
388000,-1.746,0.494,-1.605,-1.128,1.419,1.013,-0.254,0.471,-0.815,-0.715,-0.950,-2.597,-0.800,-0.301,-1.446,0.470,0.461,-1.002,-0.411,-1.563,0.271,-0.455,2.501,-0.358,-0.652,-1.881,-0.756,-0.493,0.592,0.088,-0.552,-0.395,-2.001,-0.864,-0.498,-0.084,-0.604,-0.950,1.191,0.420,-1.292,-0.848,0.823,1.127,-0.257,-1.222,0.580,-0.208,-0.648,-0.122,0.159,1.246,0.655,-1.787,-1.336,0.694,-1.851,0.477,-0.758,0.311,-0.206,1.975,-1.228,0.691
389000,-1.155,0.099,-1.344,-0.447,1.045,-0.431,-0.315,1.880,-0.176,0.428,-0.510,-1.142,-0.886,0.145,-0.560,0.476,-0.435,-0.257,-0.245,-0.246,-0.778,0.727,1.886,-0.926,-1.318,-0.376,0.029,0.782,-0.788,-0.616,0.261,-0.969,-1.196,-0.316,0.638,0.834,-0.371,0.037,1.062,-0.211,-0.752,-1.123,-0.250,0.121,-0.134,-1.388,-0.013,-1.035,-1.571,-0.732,-0.095,-0.204,0.031,-1.919,-0.962,0.591,-2.169,1.319,0.727,-0.313,0.650,1.230,-2.577,-0.066
390000,-0.098,-0.261,0.570,0.658,0.051,-0.518,-0.068,1.238,0.740,-1.263,-0.503,-0.088,-0.960,-0.183,-0.733,0.366,-0.392,-1.597,-1.476,0.086,-0.591,0.402,0.455,0.724,-0.605,0.696,-0.831,1.047,-1.391,-0.345,-0.311,-1.214,-0.557,0.547,0.088,0.773,0.129,-1.393,1.559,0.025,-0.624,-1.881,-2.423,-0.592,0.513,-1.126,-1.498,-0.910,-1.562,-0.629,0.182,0.506,-0.846,-1.501,-0.563,1.279,-0.707,0.645,0.951,-0.555,2.075,-0.006,-2.511,-1.076
391000,-1.034,0.613,1.086,0.110,-0.282,-1.143,-0.413,0.335,1.010,-1.078,0.194,0.657,0.141,0.698,0.096,-0.007,0.561,-0.620,-1.369,-0.765,-1.441,0.259,0.717,0.782,-1.705,0.562,-0.809,0.575,-1.408,0.836,-0.321,-0.370,0.511,-0.117,0.739,1.012,-0.440,-0.548,2.478,-0.252,-0.567,-2.755,-1.143,0.103,0.830,-0.336,-1.428,-0.868,0.661,0.610,0.748,1.806,-0.167,-1.531,0.392,0.781,-0.365,0.028,0.165,-0.976,1.409,0.368,-1.578,-0.634
392000,-1.477,0.318,0.491,-0.961,0.403,-1.920,-1.484,-0.241,0.905,-1.259,0.282,0.595,-0.836,1.033,-0.213,-1.331,0.143,-1.858,-0.692,-0.515,0.087,-0.733,0.751,-0.318,-1.527,1.268,-0.312,-0.571,-1.718,1.051,0.573,1.128,0.121,0.749,0.968,-0.484,-0.392,-1.927,2.856,0.430,1.395,-2.194,0.145,0.895,0.232,1.503,-1.311,-1.606,-0.837,0.424,0.703,1.155,1.253,-0.510,-0.656,0.502,-0.420,0.199,-0.097,-0.906,3.287,0.436,-1.058,-0.207
393000,-3.202,-0.383,1.553,-0.372,0.809,-2.205,-0.674,-0.920,1.509,-0.717,-0.792,0.485,0.252,1.296,-0.378,-0.940,0.367,-0.438,-1.129,0.318,0.921,-0.150,0.606,-0.234,-1.456,0.685,-1.038,-0.733,0.212,0.523,0.509,0.833,1.218,0.849,2.130,-0.443,-0.554,-2.530,3.256,0.857,1.649,-2.081,0.239,0.017,0.277,1.512,-2.176,-0.321,-0.145,0.623,0.169,-0.236,0.061,-0.820,-0.054,0.011,-1.654,0.999,0.038,-0.265,2.177,1.398,-1.800,-0.808
394000,-1.524,-1.329,1.142,-0.248,0.717,-1.454,-0.892,-1.917,1.633,-0.426,-0.123,0.366,0.075,1.068,-0.266,-1.150,-0.114,0.264,-0.633,1.364,0.764,-0.117,0.934,0.399,-0.396,1.368,-1.265,-2.001,-0.169,1.131,1.557,0.878,1.778,1.569,1.996,0.481,-1.030,-1.818,2.506,0.251,1.421,-1.391,-0.283,0.266,1.188,0.755,-1.489,-0.276,-0.260,0.135,-0.157,-0.689,1.361,-0.977,-1.734,0.032,-3.305,1.384,0.951,-0.016,1.587,1.826,-1.066,0.577
395000,0.203,-0.817,1.516,0.655,-0.679,-1.221,-0.204,-1.973,1.439,0.624,-0.028,0.656,0.507,1.425,0.132,-0.901,0.219,0.513,-0.343,0.032,0.778,0.719,1.077,0.058,-0.966,0.726,0.259,-1.104,-0.168,1.637,1.688,1.050,1.642,2.626,1.633,0.383,-0.909,-0.455,2.133,0.790,1.015,-0.581,-1.200,-0.243,0.205,-0.713,-0.661,-0.116,-0.127,0.008,-0.299,-0.900,0.476,-0.083,-1.639,-0.658,-3.402,0.878,1.897,-0.615,0.359,1.469,-0.152,0.697
396000,0.078,-1.855,0.993,1.149,-1.050,-0.695,-1.199,-0.691,0.381,0.516,-0.330,0.093,-0.238,1.295,-0.289,-1.197,-0.401,1.453,0.334,-0.250,1.795,-0.038,-0.538,-0.174,-0.841,0.738,-0.576,-0.889,-0.319,1.749,0.640,2.030,1.471,1.476,2.260,0.286,-0.794,-0.912,1.646,1.002,0.188,-0.593,-1.042,-0.138,-0.388,-1.234,-0.167,0.016,-0.289,-0.199,-1.135,-0.749,-1.170,0.164,-1.253,-2.397,-2.240,0.595,1.318,-0.731,0.183,1.807,-0.363,0.357
397000,0.354,-0.060,-0.611,2.322,-0.907,-0.891,-1.387,-0.438,0.272,0.755,0.654,0.275,-0.530,0.054,-0.169,-0.490,-0.919,0.899,0.988,-0.400,2.555,-0.828,-0.483,0.442,-0.052,-0.487,-0.348,-0.775,2.016,1.506,0.923,1.466,0.890,1.127,2.704,-2.660,-0.072,-1.114,0.791,0.913,-1.048,-1.728,-1.556,-0.754,0.320,-0.276,-0.976,0.111,0.763,-0.165,-0.580,-0.791,-0.322,0.677,-1.461,-1.119,-1.457,-0.082,0.848,-1.103,0.177,0.161,-1.037,-0.011
398000,1.199,0.538,-0.607,2.166,-2.450,-2.216,-0.815,-0.509,0.103,0.135,0.152,0.495,-0.108,-0.085,-0.714,1.131,-0.041,-0.191,0.225,-0.283,1.035,-0.681,0.049,0.898,-0.992,-0.465,0.156,-0.411,2.076,0.592,1.180,0.769,1.746,1.232,1.016,-1.787,0.555,-0.042,1.645,-0.557,-1.522,-3.843,-0.016,-2.063,-0.196,-1.298,-1.469,-1.149,0.475,-1.048,-0.989,-0.113,-0.509,0.396,-2.056,-0.740,-0.444,-1.146,0.987,-0.018,0.427,-0.181,0.717,0.235
399000,0.588,1.625,0.807,0.536,-1.625,-1.225,-0.093,-1.190,0.409,-0.010,-0.205,0.534,0.234,-0.519,-0.600,0.885,0.279,0.140,0.336,0.029,1.426,0.018,-0.381,1.375,-0.873,-0.594,0.035,0.550,1.857,-0.193,0.154,1.170,1.679,1.776,1.850,-1.009,0.965,0.930,1.655,-0.989,-2.541,-3.682,-0.594,-1.090,-0.037,-1.662,-1.306,-0.966,0.159,0.279,-0.430,-0.127,0.368,0.526,-0.961,-0.707,-1.367,-0.759,0.120,0.565,0.117,-0.984,-0.031,1.281
400000,0.251,1.770,-0.209,1.114,-1.807,-0.184,-0.733,-0.501,-0.095,-0.251,0.759,0.816,-0.548,0.027,-0.000,0.945,-0.163,0.539,0.420,0.166,0.456,-0.869,1.396,0.379,-0.145,0.729,1.041,0.759,0.793,-0.204,0.129,-0.543,1.593,-0.423,1.203,-0.508,1.175,2.049,2.362,-0.840,-1.084,-2.034,-0.650,-0.831,0.359,-2.361,-0.132,-0.613,0.910,-0.952,0.753,0.557,0.151,0.832,-0.747,-0.623,-1.461,-0.179,-0.338,0.063,0.116,-1.272,0.353,0.284
401000,1.178,0.171,0.669,0.314,-1.119,-0.672,-1.019,0.718,-0.108,-0.745,-0.016,0.317,-1.061,0.823,0.182,1.894,-0.763,1.675,-0.844,0.407,-0.787,-1.959,1.336,-0.374,0.085,2.104,2.254,1.493,0.396,0.491,0.130,-1.577,0.731,-1.137,1.560,-0.333,1.576,1.505,1.967,-0.044,-1.198,-2.423,-0.175,-0.578,0.827,-2.593,-0.466,0.002,-0.017,-0.088,0.239,-0.525,0.652,0.947,-0.985,-0.207,-1.162,-0.779,-0.880,-0.001,-0.845,-0.852,-0.629,-0.312
402000,1.080,1.270,-0.617,-1.423,-2.527,1.699,-0.626,0.353,-0.190,-1.025,0.994,0.181,-1.173,1.442,-0.818,2.577,-0.838,0.972,-0.476,0.854,0.327,-2.169,0.438,-1.228,1.128,1.944,0.798,1.327,1.566,-0.229,0.465,-0.945,-0.522,-1.950,1.316,-0.752,0.877,0.293,0.665,0.195,0.033,-1.305,-1.055,-1.521,0.642,-2.082,-1.632,0.619,-0.549,-0.503,-0.227,0.218,0.262,0.341,-1.129,0.018,-1.198,0.080,-0.328,-0.679,-0.282,-0.846,-1.606,-0.308
403000,0.563,0.394,-0.543,-0.743,-3.062,1.702,-0.248,0.263,0.585,-0.895,0.598,1.054,-0.822,-0.102,-0.582,1.579,-0.205,0.815,0.644,1.036,-0.129,-1.610,-0.110,-1.586,0.994,2.252,0.028,0.165,2.176,-0.852,-0.644,-0.117,-1.306,-1.422,1.890,-0.566,1.512,1.414,0.676,-0.020,0.718,-1.649,-1.259,-1.815,-0.108,-2.202,-0.512,2.064,-0.104,0.113,-0.073,-0.154,-0.651,-1.367,-0.789,0.471,-1.649,0.540,-0.309,-0.233,-0.298,-0.820,-1.752,-0.833
404000,1.927,-0.558,-0.878,-1.236,-3.068,1.595,-0.877,-0.248,2.044,-0.404,0.801,1.078,-0.530,-0.435,0.135,0.764,-1.276,-0.395,0.865,2.061,-0.643,-1.921,-0.621,-1.175,0.294,3.162,0.478,0.583,1.453,-0.373,0.103,0.307,-1.337,-1.302,2.553,-0.431,0.048,0.918,0.789,0.304,0.414,-0.324,-0.636,-1.747,1.311,-1.277,-0.351,1.625,-0.160,-1.050,-0.217,0.580,-0.760,-1.469,-0.466,0.102,-1.610,1.091,-0.564,-0.187,-0.185,0.339,-2.577,-2.105
405000,1.668,-0.423,0.227,-1.896,-0.843,1.795,1.035,-0.621,0.734,-1.132,1.052,1.112,-1.123,-0.220,-0.326,0.756,-1.120,-0.218,0.150,1.148,-1.279,-1.081,-1.611,-2.064,0.660,3.088,0.685,0.549,-0.072,0.624,0.265,0.274,-0.842,-0.053,2.238,0.266,1.221,1.256,0.431,0.619,0.810,0.740,0.229,-1.707,1.677,-0.132,0.889,1.343,-0.603,-1.062,-0.143,1.272,-0.013,0.589,-0.262,0.316,-0.553,0.498,-0.903,-0.719,0.658,0.375,-1.285,-1.311
406000,0.811,-0.457,-0.754,-1.345,-0.801,1.418,-0.251,-0.142,1.000,-0.582,1.473,-0.057,-1.640,-1.687,-1.759,1.418,-0.031,-1.825,-0.647,1.870,-1.592,-0.600,-0.706,-1.241,1.219,2.255,0.838,0.656,0.012,0.971,-1.416,-0.021,-0.439,-0.244,2.095,-0.891,0.447,0.693,0.532,-0.445,1.458,0.750,0.718,-1.880,0.603,-0.040,0.267,1.547,0.523,-1.412,0.144,1.899,-0.736,1.388,0.567,0.369,-1.156,-0.181,0.237,-1.029,0.883,0.710,-1.625,-0.957
407000,-0.043,-0.476,-0.880,-1.027,-1.696,1.364,0.238,-0.396,-0.491,0.567,1.169,-0.210,-2.046,-1.378,0.417,1.162,0.792,-1.685,-0.757,0.923,-1.715,-1.077,0.085,-1.155,1.298,2.248,0.527,-0.300,-0.423,2.155,-1.953,0.059,0.446,-1.461,1.789,-0.607,-0.786,0.869,-1.248,-0.907,2.345,0.638,0.804,-0.133,0.454,0.460,0.041,2.129,-0.423,-0.655,0.191,1.858,-0.930,2.473,0.171,1.038,0.230,-0.091,0.500,-1.065,1.471,0.761,-1.671,-0.754
408000,0.111,1.080,0.203,-1.036,-1.489,2.366,0.601,0.439,-1.501,1.851,0.561,0.814,-2.084,-1.582,0.162,1.191,0.211,-1.415,-0.537,1.508,-1.979,-1.322,-0.167,-0.642,1.821,1.868,0.034,0.751,-1.353,1.533,-2.221,1.004,0.400,-0.733,1.164,-0.709,-0.086,0.053,-0.865,-0.482,1.671,1.343,0.676,1.121,0.219,0.766,1.296,1.859,-0.450,-0.250,-0.260,1.993,-0.588,1.297,0.522,0.655,-0.543,-0.920,0.180,-0.245,1.863,1.122,-1.742,-0.497
409000,0.172,1.292,-0.539,-0.467,-0.767,2.238,1.696,1.006,-0.639,0.951,-0.937,0.155,-2.027,-0.745,-0.656,1.020,-0.084,-1.343,0.317,0.146,-1.152,-0.679,-1.058,-0.707,1.543,1.059,-0.256,-0.519,-1.214,0.265,-1.810,0.320,-0.852,0.529,1.210,-0.052,-0.548,0.681,0.035,-1.844,1.515,0.860,2.120,1.979,-0.127,1.489,-0.656,2.316,-0.508,0.511,-0.734,1.174,-0.041,1.722,1.134,0.221,-0.080,-2.214,0.383,-1.078,0.937,-0.589,-2.361,-0.276
410000,-1.102,1.849,0.168,0.637,-0.577,1.489,0.202,0.852,1.120,0.498,-0.691,0.124,-1.877,0.477,-0.158,0.689,-0.685,-1.811,-0.075,-0.614,-0.070,-0.162,-0.657,0.085,0.223,1.567,-0.487,-0.572,-0.265,1.017,-0.963,-0.402,-0.708,1.123,0.322,-0.499,-0.041,0.775,0.788,-1.457,1.561,0.774,0.471,1.325,-0.128,1.090,-0.694,1.736,0.336,1.144,-1.104,-0.180,-0.179,0.450,2.019,-0.161,0.298,-1.765,0.445,-2.090,-0.174,0.349,-2.105,0.708
411000,-1.013,1.528,-0.606,0.025,1.098,2.149,-0.210,0.255,0.846,-1.577,-0.115,-0.481,-1.643,1.157,-0.074,0.369,-0.853,-1.506,-0.304,-0.385,-0.031,0.175,-1.242,0.412,1.130,1.487,-0.396,-1.191,-1.395,1.535,-0.153,-0.252,-0.441,0.420,0.853,-0.526,-0.713,0.592,1.264,-0.774,1.767,-0.157,0.462,1.119,0.380,0.004,-0.674,1.780,0.293,0.070,-0.139,1.365,0.716,0.544,0.871,-1.143,0.502,-0.724,-0.428,-0.881,-0.187,0.128,-1.057,0.960
412000,-1.733,-0.088,-0.384,-0.180,0.493,1.040,0.912,1.429,-0.157,-0.801,-0.060,1.016,0.090,0.669,-0.061,-0.173,-0.153,-0.695,0.236,-0.499,0.260,0.581,-0.183,0.309,0.413,0.724,0.137,-0.612,-0.931,1.035,0.342,0.303,0.788,1.629,1.156,-0.429,-0.694,0.485,0.575,-0.398,1.675,1.690,1.961,1.070,0.505,2.273,-0.703,1.499,1.084,0.683,1.159,1.197,0.688,-0.239,0.478,-0.969,1.111,0.406,-0.175,-1.049,-0.976,0.424,-0.742,0.606
413000,-1.317,-0.593,-0.284,-2.162,0.459,2.038,0.314,0.909,-0.579,-1.039,-1.387,0.094,1.460,1.034,-0.798,1.032,0.964,-0.272,1.002,-0.180,0.264,1.128,0.334,0.872,1.392,0.645,-1.027,0.843,-0.800,1.369,-0.317,0.970,-0.533,1.408,2.090,-0.460,-0.017,1.824,-0.070,-0.634,2.356,2.228,0.132,1.194,1.544,0.482,-1.719,0.932,1.419,0.030,0.950,-0.296,-0.171,0.709,0.518,-0.347,0.583,1.244,0.314,-0.451,-0.245,0.347,-1.269,-0.090
414000,-0.857,-0.551,-0.465,-0.947,0.848,1.313,0.650,1.190,0.184,-0.265,-0.401,-0.361,1.228,1.049,0.034,0.920,0.725,-1.577,-0.012,0.064,0.739,0.324,0.207,0.840,0.681,0.751,0.470,0.001,-1.289,1.274,-1.976,0.569,-0.863,1.694,1.951,-1.747,0.434,1.197,-1.137,-1.109,0.049,2.293,0.500,0.331,0.306,0.991,-1.645,0.711,1.061,0.583,-0.279,-0.367,-1.449,0.917,1.229,-0.927,1.418,0.356,-0.492,-0.130,-0.954,0.183,-0.336,-2.087
415000,-1.366,-0.189,-0.464,-1.507,1.336,0.459,0.744,1.247,-0.686,-0.562,-0.219,-0.874,1.676,1.184,-0.440,2.004,1.930,-0.506,-0.384,0.096,1.322,-1.712,-0.663,0.553,1.183,0.756,0.466,0.141,-1.744,0.447,-3.003,0.310,0.354,1.284,1.625,-1.463,-0.123,1.547,-0.941,-1.088,0.363,0.201,0.431,0.748,1.599,1.761,-2.853,0.957,0.063,0.732,0.636,1.248,-0.695,-0.462,1.501,-0.869,-0.124,0.550,-0.421,-0.788,-1.031,0.060,-0.973,-1.366
416000,-1.250,0.458,0.060,-1.265,1.533,0.709,1.021,2.401,-0.795,-1.148,-0.419,-0.333,0.263,0.687,-0.215,1.599,1.184,-1.867,-0.874,0.120,0.495,-1.144,-0.585,1.775,0.215,0.112,-0.672,-0.795,-0.618,-0.010,-1.645,0.995,0.789,-0.423,0.004,-1.113,-0.765,1.349,-0.642,-0.326,-0.300,-0.682,0.422,-0.186,1.117,1.811,-2.669,1.103,0.535,-0.853,0.800,0.632,-1.589,-0.442,1.086,-1.134,-1.345,0.953,-0.785,0.056,0.141,-0.514,-0.639,-1.290
417000,-1.707,0.239,-0.068,0.039,1.359,1.118,1.186,1.121,0.590,-1.485,-1.074,-1.093,1.229,-0.105,0.134,1.199,1.015,-0.629,-0.518,1.049,0.275,-1.162,-0.266,0.187,-0.071,1.702,-0.188,-0.564,-0.239,0.423,-1.309,0.705,-0.274,0.099,-0.264,0.422,0.079,0.308,0.314,-1.301,0.240,-1.017,-0.449,-0.315,0.676,2.743,-1.853,1.665,-0.410,-0.979,0.766,0.346,-0.899,-1.116,0.623,-0.384,-1.490,-0.112,-1.233,0.071,0.726,-1.314,-0.749,-1.563
418000,-1.103,-0.347,0.872,-0.126,0.201,1.372,0.302,0.927,0.696,-1.467,-0.197,-1.344,1.876,-1.503,-0.463,1.183,2.096,-0.909,-0.994,1.107,0.702,-2.354,-0.710,0.886,0.798,1.662,-1.742,-0.498,0.539,0.800,-0.766,-0.443,-1.246,-1.303,-0.054,1.127,0.313,-0.993,-0.510,-0.657,0.025,0.459,-1.138,-0.145,1.150,2.704,-1.789,0.414,0.499,-0.584,-0.531,0.342,0.607,-1.287,0.905,-1.032,-0.623,0.592,-0.705,-0.259,0.900,-1.512,-1.057,-1.893
419000,-0.833,-0.880,0.653,0.007,-0.649,1.834,0.841,-0.344,-0.027,-1.278,0.703,0.924,2.130,-0.598,0.286,0.039,1.710,-0.585,-0.926,0.216,1.073,-2.184,-0.734,0.640,1.202,0.907,-0.595,0.406,1.565,0.545,-0.184,-0.166,-1.500,-0.904,0.195,1.082,0.328,-1.290,0.709,-2.198,-1.073,-0.369,-1.898,-0.119,1.676,1.499,-1.008,-0.012,1.372,0.106,0.130,-0.487,1.173,0.070,0.628,-0.899,-0.825,-0.075,-0.083,0.211,2.371,-2.346,0.075,-1.459
420000,-1.603,0.067,0.995,-0.113,-0.295,0.364,-0.057,-0.114,1.217,-1.397,-0.006,-0.493,1.039,-0.985,0.569,-0.269,1.326,-1.265,-0.657,0.442,1.725,-1.780,-0.898,1.134,1.152,0.791,-0.791,-0.515,0.596,-0.050,0.284,-0.899,-1.444,-0.519,0.187,0.724,-0.752,-0.674,0.761,-0.894,-1.346,-0.908,-1.147,-0.760,2.203,0.424,0.250,0.866,0.405,-0.596,0.528,-1.442,-0.225,-0.183,0.980,-0.571,-1.080,-1.464,0.507,-0.175,0.927,-1.359,-0.503,-1.201
421000,-0.513,0.767,0.426,0.332,-0.890,-0.493,0.600,-0.081,0.861,-0.542,1.733,-0.119,0.036,-0.791,0.356,-0.084,0.177,-1.408,-1.426,1.184,1.955,-1.161,-0.517,1.262,1.420,-0.612,-0.502,-0.343,0.797,0.058,-0.914,0.256,-1.681,-0.339,0.193,0.604,-0.174,0.649,0.741,0.262,-0.744,-1.376,-0.605,-0.495,1.267,1.607,0.408,0.331,0.760,-2.151,-0.699,-1.021,-0.163,2.012,-0.880,-0.276,-0.740,-1.461,0.390,0.097,1.181,-0.552,-1.775,-1.169
422000,-0.947,1.419,-0.640,0.457,-0.220,0.509,0.550,-0.136,1.429,-1.026,1.127,-0.069,0.816,-0.020,0.225,-1.037,0.160,-0.747,-0.746,0.084,0.690,-1.424,-1.144,-0.230,0.344,-1.425,-0.142,-0.050,0.410,1.777,-0.391,-0.066,-1.055,-0.386,-0.494,1.387,0.053,0.410,1.334,0.695,-0.082,-1.235,-1.018,0.191,2.261,2.183,0.554,-0.686,0.372,-2.207,0.654,-1.866,0.988,0.772,-0.285,0.167,-0.105,-0.743,-0.257,1.069,-0.273,0.032,-1.236,-1.747
423000,0.073,0.634,-0.637,0.787,0.180,0.516,-0.172,-0.135,0.448,0.078,0.682,0.420,0.062,-0.392,0.407,-2.092,-0.582,-0.006,1.545,-1.737,0.035,-1.905,-0.470,0.317,-0.578,-0.586,-0.688,-0.397,1.095,1.055,-2.208,0.632,-0.881,-2.058,-0.016,0.636,0.649,0.857,0.695,-0.268,0.322,-0.663,-1.237,0.226,1.446,1.601,1.034,-1.721,-0.073,-2.090,2.283,-1.834,0.180,0.235,0.701,-0.853,0.147,-0.625,0.417,0.940,0.002,0.861,-0.154,-1.365
424000,-1.246,-0.746,-0.042,1.379,-0.835,0.277,0.117,-0.480,2.280,-0.432,-1.278,-0.166,0.045,-1.675,-0.328,-1.201,-0.672,-0.109,1.660,-1.412,1.613,-1.544,0.025,-0.845,-0.941,-1.172,0.212,-0.537,0.973,-0.144,-1.964,1.163,-0.725,-1.561,0.600,1.539,1.104,1.171,1.929,-0.509,0.549,-0.636,-0.018,0.253,1.902,0.966,-0.067,-2.931,0.682,-1.944,1.531,-2.582,-0.287,0.172,0.383,-1.131,0.380,-1.209,-0.087,-0.035,0.014,0.986,0.115,-0.535
425000,-1.303,-1.353,0.464,1.462,-1.789,0.889,1.390,-0.043,2.775,-1.080,-0.317,-0.811,-0.401,0.119,-0.662,-0.875,0.072,-0.801,1.402,-0.886,2.492,-0.875,0.509,-1.361,-0.541,-0.327,-0.696,-0.080,1.044,0.913,-1.180,1.611,-0.830,-0.649,-0.168,0.190,0.502,1.639,1.283,-0.140,1.400,-1.086,0.514,-0.433,0.700,1.869,1.404,-2.232,0.184,-1.687,2.093,-2.230,-0.392,-0.318,0.355,-0.963,0.237,-1.242,1.089,0.010,0.046,1.755,-0.560,-1.167
426000,-1.391,-0.109,0.069,0.752,-1.015,0.919,1.367,1.035,2.709,-0.047,-0.501,-0.993,-2.105,1.052,-1.201,-0.347,0.739,-1.375,0.601,0.281,0.549,0.115,-0.708,-1.410,-0.446,0.253,-0.694,-1.037,0.341,0.309,-1.014,0.983,-0.889,-0.535,-0.655,-0.285,1.225,1.332,-0.000,0.609,1.244,-0.311,0.517,0.202,1.042,1.262,1.605,-0.965,-0.114,-1.695,2.386,-1.386,-0.076,0.381,-0.526,0.132,1.104,-0.564,-0.044,0.107,-0.100,1.189,-0.450,-0.374
427000,-1.800,-0.688,-0.099,1.420,-0.854,1.371,-0.263,1.039,2.232,-1.328,-0.504,-1.105,-1.968,-0.213,-1.650,-0.143,0.360,-0.263,0.439,-1.248,0.738,0.764,0.063,-1.218,0.049,0.428,-0.315,-0.792,0.931,0.718,-0.239,0.040,-0.874,-1.211,0.867,-0.716,1.307,1.912,-0.871,1.102,1.308,-0.666,0.333,0.016,0.806,1.261,1.485,-1.259,0.146,-0.855,0.291,-0.874,-0.646,1.151,-0.732,0.710,1.970,-0.475,0.611,0.643,0.183,0.445,0.143,-0.057
428000,-2.055,-0.381,-0.139,1.696,0.161,0.634,-0.660,0.843,2.062,-0.258,-0.101,-0.811,-0.764,-0.437,-1.069,-0.389,-1.492,0.051,1.020,-0.293,1.136,1.276,0.200,-0.213,0.307,-0.640,-1.149,-0.962,0.002,1.602,-0.939,-0.345,-0.867,-1.373,-0.773,-0.552,0.749,0.948,-0.301,0.144,0.354,-0.460,1.049,0.601,0.340,1.030,0.085,-1.015,-0.346,0.553,-0.168,-0.703,-0.219,1.234,0.522,0.655,1.722,-0.457,0.348,-0.565,-0.306,0.364,0.290,-1.249
429000,-0.848,1.018,1.350,1.197,0.399,1.080,-0.738,1.583,2.264,0.219,-0.801,-1.647,0.499,0.233,-0.792,-0.408,0.341,-0.667,0.335,-0.143,0.946,0.551,-0.369,-1.542,-0.025,-0.219,-2.621,-1.261,0.689,0.881,-0.634,0.814,-0.732,-1.470,-0.180,-0.413,0.127,-0.317,-0.153,1.089,0.436,-0.394,1.927,-1.138,0.115,1.279,0.499,-0.557,0.062,-0.132,0.756,-0.958,0.274,0.740,-0.909,0.911,0.705,0.591,0.256,-0.970,-1.009,-0.918,0.679,-1.876
430000,-1.499,1.069,0.797,1.682,1.544,0.868,-1.335,1.130,1.681,-0.786,-0.007,-1.681,-0.282,-0.296,-0.684,0.049,0.556,0.223,-0.393,0.346,-0.443,1.139,-0.542,-2.199,1.039,-0.827,-2.144,-1.380,1.232,0.860,-0.570,-0.124,0.191,-0.246,1.324,0.532,-0.315,0.625,-1.030,1.235,0.298,-0.160,2.430,-0.070,0.667,0.760,0.089,-0.794,0.931,-0.863,0.079,-0.736,0.361,0.144,-1.400,1.086,0.889,0.618,-0.780,-1.153,-0.438,-0.878,-0.448,-0.310
431000,-1.253,1.461,0.507,2.126,1.400,0.620,-1.474,1.769,1.651,-0.680,0.012,0.364,-1.282,-1.486,-0.456,0.817,1.297,1.116,-0.773,0.365,0.382,0.246,-1.247,-1.692,0.769,-0.828,-0.301,-1.072,1.115,0.695,-0.649,0.165,-0.406,0.093,0.722,0.613,-0.986,1.398,-0.110,0.825,0.089,0.242,1.614,-1.967,0.369,-0.527,0.293,-0.137,0.240,-2.940,0.540,-0.470,0.600,-0.147,-1.218,2.151,-0.285,0.572,0.285,-1.778,-0.300,0.757,-0.508,1.916
432000,-1.205,1.622,-0.301,1.151,0.286,0.650,-1.059,1.467,0.236,-0.804,0.889,0.539,-1.410,-1.979,0.854,0.611,1.166,-0.065,-1.917,-0.210,0.230,0.203,-0.333,-0.130,-0.451,0.016,-0.338,-1.465,1.294,1.069,0.151,1.462,-0.369,-0.549,0.184,0.093,-0.472,1.607,-0.010,0.404,0.517,1.501,0.317,-1.146,-0.324,-0.637,-0.136,-0.228,0.115,-1.366,-0.731,1.351,0.420,0.080,-0.375,2.551,0.749,0.234,0.528,-0.857,-0.546,0.152,-0.780,0.006
433000,-0.939,1.026,0.446,0.546,0.852,1.081,-1.039,2.571,0.527,-0.175,1.227,0.882,-1.026,-2.308,1.892,0.730,0.207,-0.445,-1.073,0.042,-0.217,-1.281,2.309,-0.306,-0.409,-0.205,-0.451,-0.869,-0.372,1.655,0.224,1.123,-0.013,0.472,1.563,1.035,-0.511,1.745,-0.144,0.084,1.163,2.387,0.376,-0.941,0.427,-1.597,0.489,-0.531,0.674,-0.243,-0.369,0.834,0.383,-0.301,-0.515,1.546,0.129,-0.111,0.136,0.283,-0.461,0.629,-0.138,0.567
434000,-1.601,-1.468,0.350,-0.964,0.850,1.538,0.256,2.232,-0.262,-0.909,1.364,-0.596,-0.507,-2.066,1.928,0.767,1.124,0.399,-2.389,-0.024,-0.474,-0.960,2.439,-1.145,-0.967,0.017,-0.390,-0.184,-0.392,2.215,0.976,0.441,-0.339,-0.371,0.674,0.976,0.002,1.483,1.151,0.395,1.181,1.795,0.796,0.309,0.729,-0.421,1.013,1.157,-0.074,0.521,-0.348,-0.979,0.092,-0.674,-0.479,0.768,0.342,-1.393,-0.220,-0.367,0.237,1.306,-0.682,0.295
435000,-1.955,-0.986,0.315,0.385,2.235,0.957,-0.091,2.166,-1.079,-1.518,1.599,0.333,-0.707,-2.604,1.973,-0.200,0.514,0.062,-2.683,-0.405,0.230,-2.072,1.130,-1.905,-0.075,0.421,0.235,0.979,-0.366,1.282,0.769,0.617,-1.199,-1.241,-0.080,0.774,1.099,0.464,0.054,1.185,0.145,1.596,-0.058,0.048,-0.940,-0.665,-0.107,0.888,-0.341,0.672,-0.965,-0.693,-0.355,0.180,0.374,0.951,-0.221,-0.465,-0.251,0.910,-0.052,1.405,-0.834,0.046
436000,-1.034,-0.757,0.865,-0.567,1.291,0.719,-0.921,2.016,0.052,0.061,0.364,-0.762,-0.753,-3.665,2.020,-0.114,0.130,-1.012,-1.670,-0.937,1.386,-1.127,0.801,-1.628,-0.588,0.105,-0.754,1.486,-0.004,2.252,1.349,0.406,-1.226,-1.768,0.265,0.894,0.546,0.000,-0.201,0.358,-0.427,0.791,-1.563,-0.679,-1.132,-0.413,-0.291,1.822,0.426,0.166,-1.846,-1.149,-0.467,0.277,0.785,0.572,-0.604,-0.081,0.269,-0.306,0.346,-0.200,-1.096,-0.030
437000,0.468,-1.838,0.419,-0.014,0.377,1.242,-0.799,1.360,0.350,0.633,0.371,0.006,-0.380,-3.766,1.341,-0.115,-0.686,0.295,-1.374,-0.740,0.935,-0.263,-1.459,-1.348,-1.942,-0.358,-0.979,2.042,1.264,0.942,2.010,-0.273,-0.878,-1.096,0.238,1.868,0.330,0.328,-0.908,-0.296,0.634,0.548,-1.161,-0.093,-1.141,-0.725,-0.163,1.494,0.547,0.914,-1.427,-1.549,-0.368,0.349,-0.019,1.464,-0.819,-0.841,-0.703,-0.392,0.755,-0.832,-0.006,-0.210
438000,-0.081,-1.185,-1.004,0.538,0.737,1.261,0.055,-0.172,0.153,0.703,0.873,-0.303,0.124,-3.442,1.026,-0.625,-0.608,-0.068,-1.952,-1.997,2.155,0.639,-1.834,-0.635,-1.756,-1.235,-0.445,2.173,1.894,0.411,0.473,-1.220,-0.324,-0.532,0.098,0.950,0.660,0.355,-1.761,-0.281,0.706,0.630,-0.421,-0.234,-0.103,-0.990,-0.865,1.350,-0.450,-0.089,-1.807,-2.003,-0.003,-0.498,-0.510,1.952,-1.150,-1.176,0.565,-1.297,1.965,-0.934,0.819,-0.609
439000,0.811,-1.520,-0.512,0.883,0.531,0.852,0.529,-0.307,-0.222,0.836,0.270,-1.312,-0.600,-2.104,-0.102,-0.687,-0.714,-1.511,-0.551,-1.443,1.809,0.036,-2.334,-0.703,-1.546,-1.561,-2.388,1.541,1.369,0.680,-0.279,-0.237,-1.161,0.163,-0.391,-0.285,0.146,0.916,-0.696,-0.027,0.300,-0.551,-0.036,0.353,-0.774,-1.634,-0.309,-0.845,-1.185,-1.162,-0.982,-1.951,0.567,-0.208,-0.441,2.324,-0.707,-0.366,0.029,-1.058,2.017,-0.433,0.847,-0.622
440000,0.241,-0.280,0.583,0.225,0.075,0.114,-0.503,1.843,0.660,1.627,0.123,-0.233,0.972,-1.273,-0.288,-0.200,-1.207,-0.934,-0.450,-0.541,1.519,0.067,-1.117,0.146,-0.523,-1.873,-1.305,0.804,1.534,0.869,-0.893,-0.896,-0.706,-0.544,-0.280,0.704,1.210,0.676,-0.815,0.149,0.276,-0.618,-0.614,1.174,-0.329,-1.009,-0.081,-0.154,-1.363,-0.217,-0.930,-2.302,0.846,-0.132,-0.610,0.577,-0.551,0.464,0.783,0.073,0.503,0.868,1.064,-0.352
441000,0.603,-0.240,0.067,-0.533,-0.388,-1.299,-0.831,0.082,-0.056,-0.069,-0.204,0.028,0.927,-1.447,0.133,0.445,-2.067,-1.308,-1.326,0.308,0.499,0.721,-0.139,0.478,-0.999,-2.359,-2.247,1.014,1.526,0.197,-1.113,-0.313,-0.941,-0.032,-0.811,1.004,0.150,0.386,-1.893,-1.214,1.428,-1.075,-1.268,-0.010,0.376,-1.711,0.639,-0.956,0.003,0.189,-1.237,-1.519,1.736,-0.822,-0.849,-0.231,-0.362,0.728,1.153,-0.525,-0.139,-0.479,1.514,-0.350
442000,1.977,0.350,0.737,-1.090,0.693,0.245,-0.064,-0.201,0.247,-1.335,0.841,0.699,0.800,-1.500,-0.255,1.055,-2.010,-0.021,-1.991,0.713,-0.496,-0.895,0.274,-0.116,-0.112,-1.498,-2.140,0.593,1.010,-0.097,-1.187,1.308,-0.124,-0.525,-0.418,1.324,-0.854,-0.050,-2.349,0.652,1.196,-1.314,-1.585,-0.003,-0.396,-1.702,-0.203,-0.769,-0.033,-0.452,-0.448,-0.007,1.466,-1.084,-0.231,0.550,-0.836,-0.845,-0.210,-0.445,-0.026,-0.886,0.273,-0.216
443000,2.566,0.117,1.481,-0.755,0.668,0.747,-1.581,-0.281,0.481,-2.629,0.107,0.039,-0.784,-1.605,-0.834,0.597,-0.220,-0.765,-0.912,1.035,0.144,-1.774,-0.191,-0.282,-0.365,-1.129,-2.974,0.376,1.051,-0.758,-2.031,1.209,0.050,-1.232,-0.745,1.807,-0.412,-0.272,-2.615,1.069,0.973,-0.898,-0.966,0.596,-0.209,-1.616,0.295,-2.673,-0.586,-0.227,-0.759,0.037,1.024,-2.375,-0.805,-0.110,0.320,-0.513,0.028,0.113,-0.484,0.591,-0.360,0.816
444000,2.531,0.160,1.852,-0.808,0.234,0.261,-1.001,-0.819,0.168,-1.328,-0.425,-0.160,-0.722,-1.262,0.532,0.629,-1.633,-1.300,-0.443,-0.283,-1.297,-2.213,0.364,0.218,-1.245,-1.814,-1.225,0.487,2.644,0.389,-0.792,0.334,0.622,-0.549,-0.504,2.532,-0.969,0.291,-1.901,0.386,0.770,-0.765,-1.065,-0.303,0.944,-1.860,-0.081,-2.871,-0.606,-1.290,-0.123,-0.465,-0.399,-2.314,-1.620,0.309,-1.105,-0.346,-0.785,0.348,0.458,1.505,-0.753,1.974
445000,2.639,-0.111,1.934,-1.005,-0.299,0.139,-0.665,0.026,-0.086,-1.387,-0.340,-0.872,-0.424,-1.272,0.514,1.701,-0.951,1.125,0.128,0.007,-0.487,-1.114,0.490,-0.468,-0.070,-0.684,-1.171,0.494,1.581,0.482,-0.559,0.251,0.029,0.129,-1.453,2.544,-0.342,-0.168,-1.054,0.019,-0.312,-0.570,-0.944,0.454,1.216,-1.947,-0.103,-1.535,-0.956,-1.113,1.160,-0.558,-1.354,-2.178,-1.463,0.601,-1.263,-0.829,0.279,-0.378,0.232,2.416,-0.538,0.406
446000,0.823,-0.212,0.988,-0.034,-1.307,0.426,-0.649,0.790,-0.271,-0.774,0.558,-0.793,0.761,-0.320,0.525,1.690,-2.074,-0.410,0.223,1.392,-0.174,0.194,0.423,0.950,0.641,-1.095,-0.032,1.141,1.292,0.748,-0.564,0.297,0.017,0.708,-0.714,2.928,-1.639,-1.052,-0.863,0.113,0.353,-1.209,-1.090,0.737,0.511,-1.531,-0.435,-1.101,-0.949,0.201,-0.828,-1.459,-2.087,-1.485,-1.434,0.069,-1.512,-1.671,0.003,-0.713,-0.402,1.138,-0.865,1.283
447000,1.790,-0.867,-0.844,-0.335,-1.231,0.933,-0.989,0.732,-0.284,-0.125,1.709,-0.839,0.549,-1.219,-0.237,2.393,-1.399,-0.173,-0.970,1.835,0.072,-1.193,0.737,-0.488,-1.137,-2.164,-0.420,0.278,1.768,0.285,-1.894,1.042,-0.347,0.287,-0.652,1.447,-1.160,-1.515,-1.532,0.034,0.278,-0.941,0.164,0.401,0.077,-1.473,-0.191,-1.980,-1.456,-0.364,-1.296,-0.358,-1.306,-1.565,-1.552,0.339,-0.467,-1.737,0.486,-1.623,0.270,1.297,-0.523,0.476
448000,1.703,-0.946,-0.055,0.705,0.291,1.048,-0.164,0.447,0.066,-0.846,1.255,-1.250,0.692,-1.296,-1.295,2.299,-1.542,0.181,-1.373,1.204,0.360,-2.195,-0.640,0.582,-1.117,-0.819,-0.044,-0.194,0.794,0.348,-2.631,0.034,-0.512,-0.863,-1.291,0.024,-1.706,-1.347,-1.931,0.023,0.973,-1.293,-0.822,1.061,-1.558,-0.461,0.121,-1.180,-0.049,0.995,-2.207,0.707,-1.698,-0.424,-2.971,-0.371,-1.021,0.110,0.053,0.146,0.258,-0.108,-0.048,1.221
449000,2.079,-0.712,-0.004,1.959,0.052,0.066,-0.398,0.192,-0.413,-1.095,0.504,-0.516,0.325,0.103,-1.339,2.772,-1.320,0.084,-1.343,0.376,-0.035,-0.586,-0.882,-0.018,-0.613,-1.606,0.484,-1.016,-0.227,0.604,-1.922,0.034,-0.309,-0.922,-1.224,1.219,-0.695,-0.725,-1.140,-0.324,0.166,-0.095,-1.364,2.412,-1.501,0.548,-0.395,-1.816,0.869,0.524,-1.224,0.491,-2.037,-0.189,-1.906,-1.105,-2.145,0.121,0.032,0.297,-0.103,0.831,1.032,0.207
450000,1.227,-0.044,-0.628,1.376,0.670,0.143,-0.789,0.714,-0.779,-0.865,0.674,-0.722,0.371,-0.083,-0.446,1.696,0.031,1.197,-1.025,-0.103,-0.547,0.576,-1.302,-1.045,-0.490,-1.933,1.129,-0.553,0.915,1.240,-1.330,-0.704,-0.222,-0.034,-1.685,0.745,0.048,0.313,-0.364,0.028,0.101,-1.172,-0.311,1.118,-1.906,1.316,-0.974,-0.947,0.851,0.019,-0.063,1.767,-1.318,-0.540,-2.693,-1.166,-1.881,0.243,0.572,1.820,-1.584,1.118,0.919,0.149
451000,0.331,0.280,-0.000,0.812,0.909,-1.141,-0.678,0.705,-0.165,0.403,0.002,-1.131,0.551,-0.352,-0.242,0.754,-0.406,-0.051,-1.821,0.088,-0.901,-0.187,-0.420,-0.451,0.117,-1.592,0.557,-1.465,0.253,0.715,-0.745,-0.175,2.203,-0.594,-0.345,0.841,0.024,-0.723,1.019,-0.903,0.944,-0.009,-0.312,1.490,-0.739,-0.392,0.036,-1.197,-0.205,0.961,-1.229,-0.190,-0.906,-0.390,-1.044,-1.291,-1.933,0.086,0.672,1.472,-1.238,-0.047,1.608,-0.203
452000,-0.616,0.011,0.662,0.193,0.615,0.106,-0.747,1.168,-0.772,0.337,0.220,-1.584,1.098,0.021,0.126,0.012,0.543,-0.135,-0.897,-0.411,-0.906,-0.724,-0.897,-0.855,0.442,-1.650,0.069,-1.283,-0.834,-0.137,-0.957,-0.236,1.716,-0.807,1.048,-0.598,0.598,0.173,0.653,0.542,1.144,0.451,0.217,-0.182,0.446,0.599,0.099,-0.565,0.320,0.933,-1.456,0.062,-0.916,-0.598,0.443,-0.761,-1.611,-0.264,0.261,1.607,-0.300,0.123,0.580,0.043
453000,-0.180,0.251,1.542,-0.579,0.748,0.830,-0.577,2.038,-1.584,0.977,0.519,-1.303,0.391,0.010,0.053,-0.670,1.734,1.007,0.057,-0.928,0.000,-0.804,-0.202,0.332,0.922,-1.526,0.676,-1.634,-0.146,-1.170,-1.261,-0.916,2.183,-1.375,2.082,0.066,0.148,0.046,1.208,-0.248,1.023,0.941,0.405,0.461,-0.112,0.430,-1.159,0.823,0.951,1.950,0.004,-1.172,-0.484,0.858,0.752,-0.320,-1.024,0.105,-0.480,1.292,0.288,-0.161,1.492,-0.630
454000,0.410,1.017,1.407,-0.997,-0.300,0.299,-1.825,2.057,-0.753,0.477,0.670,-0.803,0.521,0.351,1.708,-0.665,0.155,2.135,-0.629,-0.952,1.045,-0.059,-1.102,-0.093,0.451,-1.245,-0.144,-0.464,0.270,-0.202,-1.208,-1.255,1.853,-1.458,1.025,0.747,-0.190,0.015,1.036,-0.541,1.353,0.740,0.869,0.680,-1.357,-0.150,-1.520,0.863,0.508,0.923,0.129,-0.650,-0.272,0.633,-0.570,-0.722,-1.622,-0.505,-0.295,1.735,-0.797,-0.102,0.873,-0.379
455000,0.505,0.353,0.347,-1.395,-0.175,1.387,-1.166,1.141,-0.780,0.605,0.386,-1.419,-0.253,1.121,0.953,-0.274,0.095,0.812,-0.622,-0.417,1.023,1.505,-0.990,-0.124,0.181,0.237,-0.169,0.092,-0.114,-0.208,-0.564,-0.901,-0.450,-0.114,1.625,1.100,1.202,-0.375,1.368,-0.280,0.619,0.251,2.369,-0.094,0.702,-0.066,-1.571,0.686,1.122,0.946,-0.735,-0.362,-0.468,0.537,-0.793,-0.700,-0.465,-0.383,-0.543,-0.753,-1.204,0.325,-0.527,-0.291
456000,0.723,0.105,0.033,-0.291,1.871,1.258,0.050,0.347,-0.071,-0.103,-0.042,-0.744,-0.730,-0.171,0.407,0.585,-0.493,-0.063,0.270,0.455,-0.037,2.104,-0.147,1.248,-0.032,0.395,1.101,-1.603,2.427,-0.292,-0.490,-1.484,-0.958,0.057,0.884,0.486,-0.860,-0.759,1.094,-1.846,0.759,-0.661,0.857,-0.564,1.005,-0.363,-1.891,-0.736,1.850,0.084,0.249,-0.275,-1.113,-0.632,-0.420,1.054,0.661,-0.182,0.580,-1.334,-0.513,-0.642,-0.680,-0.200
457000,0.774,0.861,1.088,-0.272,1.333,1.931,0.296,0.127,0.726,-2.823,0.633,-0.504,-0.498,-0.432,-0.079,1.472,0.563,0.577,0.197,-0.735,-0.464,1.826,-0.999,0.680,0.281,0.286,0.221,-1.963,1.951,0.784,-0.986,-1.623,-1.278,0.212,1.708,0.150,-0.870,0.854,1.335,-1.572,0.468,-0.691,0.924,-0.860,-1.161,-0.393,-1.744,-0.360,0.559,0.329,0.253,-0.404,0.135,-1.011,0.431,1.528,0.681,-1.426,1.225,0.880,0.143,-0.783,-0.306,0.398
458000,1.250,0.670,0.221,0.151,0.175,0.550,-0.278,-0.540,0.923,-1.670,-1.049,0.072,-1.197,0.091,-1.811,1.447,0.229,0.183,0.698,-0.757,0.063,1.117,-0.171,1.439,0.973,1.367,1.734,-1.852,1.233,0.374,-1.124,-1.065,-0.147,1.439,0.868,-0.924,-0.461,0.884,1.605,-1.922,-0.679,-0.222,1.117,-1.401,-0.074,-0.926,-0.809,-0.398,-0.895,0.738,0.419,-0.180,0.115,-1.351,-0.100,1.030,-0.204,-1.851,0.503,1.278,-0.626,-1.358,-0.265,-1.017
459000,0.971,0.615,0.491,0.935,0.287,0.641,-1.027,-0.720,2.096,-0.871,-0.688,0.474,-2.141,-0.614,-1.315,0.811,0.578,-0.857,0.464,0.116,0.226,0.988,-1.378,1.348,0.510,0.754,1.942,-2.364,-0.201,0.523,-2.225,-1.155,0.190,2.730,2.186,-1.667,0.837,-0.236,1.592,-1.813,0.370,2.198,0.475,-1.716,-0.429,0.058,0.291,-0.803,-0.557,0.949,-0.182,-0.947,-0.228,-1.609,-0.680,1.442,-0.319,-1.051,0.370,0.643,1.031,-1.391,-0.287,-1.333
460000,1.041,-0.804,-0.234,0.332,0.538,-0.562,-0.488,-0.397,1.479,0.341,-1.377,-0.131,-1.462,0.570,-0.650,0.112,1.276,-1.736,0.371,-0.645,-0.378,0.859,-2.063,1.451,0.401,1.113,1.457,-1.843,-1.722,0.423,-2.212,-0.805,0.403,1.787,2.966,-0.989,1.151,0.102,0.258,-0.755,-0.816,0.553,0.896,-0.682,-0.586,0.502,0.207,0.859,-1.091,1.335,0.043,-0.885,0.846,-1.072,0.463,0.308,-0.250,-1.346,-0.625,0.414,0.020,-1.827,0.762,-0.809
461000,-0.644,0.268,-0.301,0.178,0.597,-1.355,-0.530,0.165,1.095,-1.436,-0.723,-0.390,-0.956,-0.770,-0.058,0.552,1.899,-2.819,0.172,-1.060,-0.357,0.736,-1.609,0.966,-0.470,1.411,0.808,-0.967,-0.317,0.044,-2.690,-1.019,0.863,0.927,1.599,0.362,1.360,-0.360,0.423,0.901,0.969,-0.691,0.553,0.173,0.008,0.308,-0.985,1.801,-0.225,1.140,0.114,-1.855,1.936,-0.309,0.372,0.776,0.513,-0.597,-1.482,1.316,-0.221,-1.083,0.781,-0.755
462000,0.606,-0.028,1.206,0.502,0.785,-0.269,-0.580,0.713,0.508,-1.500,0.913,-0.500,-0.696,-1.179,-0.847,0.029,1.418,-2.495,0.707,-1.814,0.004,0.118,-1.761,0.249,0.436,1.646,0.523,-1.510,-0.351,-0.226,-1.423,0.214,0.639,1.104,-0.298,0.072,0.823,0.296,-0.414,0.075,0.587,0.111,0.511,-0.359,0.817,0.531,-1.362,1.387,-1.014,1.269,-0.915,-1.749,1.541,-0.031,-0.686,0.420,1.004,-0.140,-2.654,1.985,-0.576,0.109,1.436,1.649
463000,-0.328,0.803,1.897,0.579,0.208,-0.256,-1.776,-0.521,-0.559,-0.862,-0.290,-0.842,-1.124,-1.795,-1.131,-0.998,1.284,-3.309,1.049,-1.059,0.225,0.531,-0.468,0.700,0.847,-0.035,1.203,-1.027,0.786,-1.071,-1.060,-0.426,0.016,0.601,1.589,1.088,0.117,0.891,-0.468,-0.003,-0.553,0.692,-0.177,-0.747,0.156,-0.142,-2.105,1.534,-0.445,1.050,-0.329,-2.466,1.545,-0.749,-2.155,0.090,2.022,-0.460,-2.936,1.075,-1.396,-0.836,1.869,0.122
464000,-0.993,1.491,0.620,0.826,0.855,-1.217,-1.212,-1.023,-1.065,0.048,-1.189,-1.118,-0.643,-1.528,-0.760,-1.413,1.358,-2.329,0.717,-1.816,0.149,-0.031,0.101,-0.032,1.828,0.375,1.300,-0.907,1.395,0.923,-0.687,-0.458,-1.309,-0.931,1.010,0.480,0.711,0.336,-0.341,-0.709,-0.377,0.290,-0.070,-0.875,1.137,0.770,-1.298,0.904,1.688,1.076,-0.901,-1.601,1.028,-1.051,-1.331,1.517,1.042,-0.461,-2.722,0.805,-1.307,-0.977,1.303,-2.206
465000,-0.149,-0.166,1.388,0.608,0.074,-0.663,-0.437,-0.599,-0.492,-1.156,-1.727,-1.563,0.007,-0.706,0.347,-1.852,1.866,-1.058,0.977,-1.119,-0.169,0.115,0.214,0.298,1.024,0.343,0.121,-0.282,1.476,1.328,-1.048,0.756,-0.217,-1.072,1.932,-0.247,1.147,0.739,1.003,-0.735,-0.318,-0.570,-0.626,-0.709,-0.035,0.498,-2.243,1.345,1.300,0.382,0.369,-2.527,0.795,-0.563,-1.461,1.678,0.942,0.131,-1.621,-0.366,-0.622,-1.408,0.655,-0.783
466000,-0.096,-1.015,1.649,0.774,0.422,-0.956,0.304,-0.858,-1.030,-0.798,-1.053,-0.937,0.107,-0.668,1.703,-0.454,1.712,-0.370,0.001,-1.907,-0.548,0.019,-0.135,0.236,1.048,1.109,0.118,0.416,1.223,1.609,0.099,-0.703,-0.528,-2.076,1.420,0.320,0.624,0.569,1.430,0.590,-0.063,0.287,-1.820,-0.553,-0.574,-0.974,-1.751,1.381,0.055,0.873,0.034,-0.742,-0.325,-0.695,-0.931,1.478,0.083,0.536,-1.983,-1.041,0.776,-1.697,0.380,-0.554
467000,-0.495,-1.335,0.021,0.406,0.937,-0.028,-0.768,-0.933,-2.055,0.138,-1.110,-0.900,0.332,-0.525,0.910,0.553,1.245,0.021,0.747,-2.683,-0.763,0.731,-0.484,-0.134,0.977,0.323,-0.565,0.283,0.731,1.407,-0.182,-1.238,-0.343,-1.171,1.794,-0.536,-0.793,0.516,2.117,0.021,-0.433,0.557,-1.376,0.515,-0.993,-0.708,-1.479,1.132,0.558,1.071,-0.547,-1.798,-0.373,-0.192,-0.828,1.627,0.185,0.158,-1.886,-0.370,0.037,-1.348,0.904,-0.420
468000,-0.602,-2.031,-0.779,-0.170,1.836,-0.212,-1.660,0.124,-1.466,1.135,-1.303,-0.975,1.639,-0.176,-0.431,-0.911,1.091,0.210,0.965,-1.569,-0.097,-0.496,-0.738,0.087,0.587,-0.529,0.355,-0.008,0.595,0.924,-0.519,0.088,-0.913,-0.095,0.314,0.166,-0.929,0.040,1.276,1.007,-0.538,-0.420,-0.048,0.436,-0.336,-2.765,-1.489,1.211,0.490,0.338,0.960,-2.170,0.487,-0.483,-0.925,1.895,0.158,0.232,-2.653,0.375,-0.285,-1.028,-0.003,-0.906
469000,-1.767,-2.554,-1.492,-0.086,2.089,0.248,-2.966,-0.518,-1.543,0.584,0.094,-0.621,0.798,-0.517,0.602,0.450,1.147,0.045,0.771,-0.852,-0.759,-1.362,-0.842,-1.273,0.099,-0.996,-1.195,0.601,0.253,0.617,0.002,-0.663,-0.514,0.242,2.240,1.976,-0.114,-0.178,0.510,0.615,-0.751,0.432,-0.611,-0.143,-0.519,-2.697,-1.008,0.202,0.383,-0.706,0.962,-3.194,1.068,-0.568,-1.321,2.200,0.558,0.630,-2.345,2.446,-0.426,-0.639,0.467,-0.407
470000,-0.818,-2.457,0.096,-0.983,1.407,-0.559,-2.510,-0.620,-2.829,0.853,-0.288,-1.195,1.079,-0.447,0.826,-0.057,0.225,0.089,0.257,-0.184,-0.456,-1.434,-0.588,-0.700,0.056,0.534,-1.761,0.273,-0.675,0.756,0.560,-0.694,-0.874,0.309,1.855,0.578,-0.516,-0.252,0.417,1.408,0.338,1.024,0.443,-0.260,-1.223,-2.863,-0.097,-0.885,-0.509,-0.828,1.175,-1.850,1.384,-0.252,-0.552,1.809,1.103,-0.138,-2.670,2.361,-0.288,0.687,0.030,1.301
471000,-0.101,-0.471,0.688,0.105,0.537,-1.830,-1.036,-1.010,-2.089,1.218,1.147,-0.217,0.245,-0.007,0.369,0.933,0.835,1.178,0.887,0.105,1.044,-2.133,0.779,0.050,1.361,0.865,-1.809,0.897,0.132,1.369,0.813,-0.474,-0.723,0.793,0.351,-0.313,-0.706,0.067,1.646,1.125,1.459,1.949,-0.689,-0.090,-1.160,-1.741,1.085,-0.398,0.148,-0.773,1.793,-2.134,0.906,-0.588,-1.531,0.999,1.276,-0.504,-2.421,1.555,-0.998,0.059,-1.358,0.573
472000,-0.124,0.362,0.378,-1.424,1.056,-0.634,-1.190,0.041,-1.967,0.295,2.429,-0.047,-1.050,-0.698,-0.535,0.807,0.381,0.549,0.742,0.554,1.141,-1.995,1.271,0.183,1.538,-1.024,-0.136,1.306,-0.119,1.733,1.249,-0.295,-0.861,0.199,1.497,-0.873,0.207,1.767,1.632,1.707,0.612,2.087,-0.739,-0.100,-0.385,-1.392,-0.220,-0.515,0.572,0.302,3.051,-2.068,-0.101,-0.895,-1.208,1.041,0.640,0.087,-0.025,0.598,-0.980,1.216,0.424,-1.110
473000,0.284,0.816,1.061,-0.467,1.182,0.517,-0.399,0.940,-2.428,-0.176,1.592,0.280,-0.231,-1.381,-0.563,0.293,0.720,-0.321,1.646,0.200,-0.241,-1.751,-0.137,-0.158,1.551,-0.447,-0.557,1.701,-0.324,1.274,1.083,-0.484,-0.128,-0.842,-0.315,0.899,-0.036,0.797,0.836,1.290,-0.263,0.931,-0.403,-0.590,-1.360,-0.525,0.268,0.259,-0.953,1.256,2.291,-2.064,-0.135,-1.877,0.097,0.314,1.271,0.215,0.838,-0.511,-0.400,1.842,-0.223,-0.109
474000,1.552,-0.190,1.167,-0.588,0.974,0.083,0.111,0.054,-1.805,-0.855,0.014,-0.871,0.036,-0.988,-1.172,-0.641,1.510,-0.661,-0.045,-0.015,-0.149,-0.707,0.485,-0.440,1.850,-0.258,-0.137,0.301,-0.819,0.746,1.130,0.011,0.533,-1.234,0.468,0.321,-0.217,1.607,1.344,0.834,-0.566,0.341,0.173,-1.365,-1.686,-0.914,0.115,0.879,-1.484,0.668,2.848,-1.306,-0.251,-1.291,1.269,1.106,1.137,1.118,1.640,-0.883,0.557,0.684,-1.218,0.909
475000,1.268,-0.845,1.495,-0.185,0.809,-0.803,-0.268,0.130,-2.578,-0.913,-0.314,-0.532,-0.214,-0.921,-0.707,-0.979,0.954,0.960,2.415,0.012,-0.435,-1.430,-0.355,-0.390,1.599,0.724,0.397,0.570,0.280,-0.123,1.530,1.019,-0.135,-1.993,0.640,0.573,-0.589,1.263,1.336,0.365,-0.858,0.145,0.676,0.100,-0.825,-0.104,0.447,0.292,-1.043,1.128,1.274,-2.302,0.302,-0.407,1.056,0.791,0.307,1.733,1.160,-0.285,0.567,0.341,0.178,1.424
476000,0.765,-0.819,0.232,-1.069,1.880,-0.532,-0.470,-2.290,-1.796,-0.370,-1.666,0.230,0.786,-1.361,0.939,0.644,0.547,1.503,2.619,0.322,0.525,0.209,-0.215,-0.728,1.226,0.536,0.945,0.930,0.127,0.039,2.133,1.244,0.227,-0.893,1.345,-0.207,-0.873,1.275,0.465,0.800,-1.643,-0.057,0.323,0.572,-0.519,-0.693,1.567,0.088,-1.307,0.710,0.751,-1.827,0.490,-1.125,1.542,0.723,0.405,1.267,1.391,0.301,0.615,0.198,0.489,1.215
477000,0.383,-1.171,1.085,-1.825,1.736,-0.636,-0.838,-0.475,-0.309,-0.331,-1.421,1.001,1.061,-1.985,1.415,0.079,0.501,0.632,1.302,0.174,-0.621,-1.021,-0.599,-1.085,0.514,-0.633,-0.057,0.517,0.504,0.482,0.889,-0.110,1.003,-0.675,0.174,1.475,-2.825,2.405,0.263,1.313,-1.085,0.039,-0.410,0.650,0.808,0.493,2.227,-0.396,-1.471,0.503,0.115,-0.491,0.835,-1.641,1.685,1.130,0.701,0.336,2.520,0.438,0.481,-0.197,0.692,1.610
478000,1.296,-0.386,-0.403,-1.935,0.650,-1.002,-0.114,0.020,-1.464,0.522,-1.154,-0.734,0.807,-0.633,0.863,1.262,-0.753,0.664,0.675,-0.374,-0.615,-1.028,-0.830,-0.330,0.247,-0.342,-0.477,-0.701,1.865,0.060,0.461,0.587,0.167,-1.034,1.280,0.260,-1.628,0.875,1.307,0.615,-1.345,-0.070,-0.264,1.086,-0.025,0.482,1.106,0.104,-1.629,0.204,-0.787,0.566,-0.782,-0.699,0.850,0.476,0.498,-0.015,1.754,0.510,0.075,-0.130,-0.141,0.641
479000,-0.451,0.456,-0.347,-2.298,1.651,-1.577,-0.997,-0.400,-1.203,-0.774,-1.095,-0.325,1.090,-1.904,1.454,0.743,-0.500,1.221,-0.037,-0.174,0.919,-1.490,-1.545,-0.311,0.422,0.167,0.141,-0.497,1.015,1.369,-0.167,1.054,0.197,-0.607,1.115,-1.483,-1.516,0.276,0.938,-0.645,-1.815,-0.064,-0.788,1.138,-0.316,-0.538,0.877,-0.076,-0.953,-0.876,-1.116,-0.593,-1.235,-0.907,0.655,0.791,-0.331,0.178,1.085,0.585,-0.590,0.789,-0.149,1.014
480000,-1.656,-0.235,1.648,-2.686,1.185,-1.246,-1.258,1.056,-1.136,-0.954,-1.087,0.448,1.069,-0.660,1.710,0.292,-2.496,0.558,-0.191,0.046,0.559,-1.876,-1.775,-0.009,0.276,1.005,0.454,-0.778,-0.199,1.153,-0.620,0.956,-0.424,-1.688,1.891,-2.275,-1.986,-0.270,-0.198,0.486,-0.907,-1.089,-1.433,0.405,-0.053,0.151,1.086,0.665,-1.888,-0.294,-1.284,0.070,-1.340,-1.299,-0.157,0.608,0.116,0.846,1.629,-0.022,-1.230,0.860,-0.662,1.317
481000,-0.915,-0.151,0.600,-2.264,0.133,-0.395,-1.277,0.878,-0.317,-0.692,0.259,-0.869,1.405,-1.220,0.564,0.760,-2.142,0.730,0.006,-0.913,1.028,-1.169,-0.914,0.237,0.946,1.494,-0.475,0.122,0.810,0.299,-0.986,0.332,0.346,-1.796,2.315,-1.811,-1.423,-0.973,-1.015,0.611,0.599,-1.801,-1.361,0.197,-0.821,0.929,0.242,0.958,-2.377,0.156,-1.251,0.117,-0.615,-1.283,-0.730,0.212,0.508,-0.470,1.065,1.690,-0.411,1.285,-0.217,1.363
482000,0.123,-0.482,-0.759,-1.235,0.247,-1.210,-1.005,-0.050,-1.302,-2.021,0.648,-0.406,1.137,-1.077,-0.139,0.036,-2.140,0.438,-1.359,-0.518,0.467,-1.070,-0.146,0.552,0.023,2.286,-0.314,1.353,-0.209,1.040,-1.553,-0.227,-0.262,0.242,3.106,-1.461,-0.084,-0.253,-0.816,-0.141,0.212,-2.191,-0.268,0.146,-0.534,0.836,0.546,0.773,-1.186,0.504,-1.009,-0.310,-0.236,-1.240,-1.071,0.464,0.894,-0.165,1.473,0.780,0.016,-0.098,0.506,2.127
483000,-0.266,-0.421,-0.935,-1.894,-0.880,-1.474,0.461,0.489,-0.464,-2.088,1.436,1.292,0.718,-0.563,-1.544,1.342,-1.605,-0.343,-0.275,0.038,1.582,0.627,0.715,-1.139,0.382,1.877,1.150,0.468,-0.682,0.426,-1.730,-1.322,0.249,-1.094,2.753,-1.125,-0.301,-0.432,-1.386,0.470,1.394,-2.711,-0.434,0.429,-0.373,-0.092,-0.375,1.070,-0.905,0.207,-1.775,0.076,-0.440,-0.698,-0.647,0.209,-0.032,2.170,1.013,0.579,0.057,0.277,0.956,2.396
484000,0.273,0.054,-0.258,-0.624,0.818,-0.650,0.359,0.614,0.615,-1.298,-0.280,0.849,1.032,-0.192,-2.775,2.144,-0.863,0.683,0.690,-0.282,1.051,1.014,0.577,-1.014,0.140,1.955,-0.018,-0.058,-1.193,-0.806,-1.024,0.074,0.500,0.163,2.096,-0.653,-0.553,-0.898,-0.316,0.265,1.041,-2.599,0.101,0.660,-0.915,0.012,0.028,1.418,-1.611,0.194,-1.608,-0.489,0.204,0.975,-1.254,1.553,-1.030,1.993,-0.007,0.693,0.263,0.647,-0.493,2.589
485000,0.358,-0.382,-1.035,-0.268,1.293,-0.251,-0.501,0.832,1.077,-0.323,0.014,-0.610,-0.717,-0.036,-2.522,1.474,-1.956,-0.304,1.019,-0.898,0.877,1.064,-1.254,-1.114,-0.019,2.038,1.168,0.086,0.308,0.089,-1.165,-1.266,-0.590,1.334,1.667,-0.770,0.112,-0.529,0.355,0.389,0.805,-1.896,-1.026,0.636,-1.876,0.902,-0.736,0.529,-1.425,-0.866,-1.631,0.358,-0.111,0.865,-0.733,1.223,-0.889,0.403,-0.365,0.079,0.854,1.137,0.260,1.248
486000,0.408,1.471,-0.100,-0.808,0.935,0.674,-1.021,1.479,0.691,-0.676,0.130,-0.353,-0.095,1.288,-1.883,0.285,-0.607,-1.034,0.215,-1.072,2.050,2.055,0.516,-1.652,1.018,0.949,0.308,-0.418,1.580,-0.423,-0.571,-0.737,-1.172,1.854,1.209,0.383,-1.053,0.250,1.137,-0.066,-0.143,-0.966,-0.298,1.325,-2.912,1.092,0.796,0.862,-1.095,-1.022,-2.769,0.463,-0.046,-0.794,-0.375,0.610,-0.026,0.888,-0.669,0.156,1.201,2.192,-0.243,1.355
487000,-0.103,-0.489,0.052,0.033,0.512,0.692,-1.421,1.843,0.889,-1.721,0.132,-1.066,1.462,-0.138,-0.479,0.103,-1.521,-0.826,0.724,-0.263,3.213,1.629,0.996,-1.267,0.722,0.954,-0.035,0.123,1.074,-0.689,-0.061,0.029,-0.470,1.210,1.029,0.084,-0.502,0.272,1.054,0.326,0.340,-0.840,-0.334,0.851,-3.107,0.892,-0.659,0.673,-0.856,-2.511,-2.285,1.156,-1.288,-0.149,-0.818,-0.195,0.837,1.756,-0.578,-0.399,0.795,1.784,-0.531,1.399
488000,0.378,-0.129,0.579,-1.030,0.125,0.381,-1.679,1.303,1.661,-1.228,-0.129,-0.686,1.302,-0.090,-1.045,0.146,-1.890,0.909,0.774,0.560,2.810,0.452,0.163,-0.586,0.866,-0.650,-0.937,0.222,-0.135,0.071,0.683,0.444,-0.007,0.306,0.049,-1.596,-0.434,0.596,1.894,0.042,0.087,1.023,-1.805,0.075,-2.477,-0.305,0.099,1.388,0.908,-2.272,-2.548,0.355,-2.023,-0.078,-0.987,0.638,1.120,0.719,-1.044,1.132,1.328,1.403,0.259,1.491
489000,0.104,0.231,0.379,0.825,0.735,-0.618,-0.689,0.751,1.380,-0.482,0.586,-0.665,0.805,-0.822,0.148,0.466,-0.773,1.101,0.483,1.769,1.948,-0.405,0.792,-1.132,1.227,-0.891,-0.800,0.812,-0.679,-1.520,1.279,0.463,0.193,0.753,0.191,-1.479,-1.099,0.943,1.398,0.713,0.022,0.942,-0.573,0.527,-1.829,-0.116,-0.183,1.445,1.179,-1.508,-1.489,1.270,-1.153,0.185,0.505,0.382,0.188,0.551,0.062,1.777,1.565,0.444,0.547,1.692
490000,0.038,0.646,0.528,0.322,0.252,0.523,-0.621,-1.170,0.989,-0.932,0.149,0.331,-0.490,-0.283,-0.404,1.037,0.735,1.488,0.394,0.373,1.983,-0.390,-0.789,-2.911,0.484,-0.228,-0.894,0.474,-1.516,-1.294,0.206,0.269,-0.023,1.560,-0.401,-1.306,-2.023,0.026,0.712,0.615,-0.607,0.674,-1.121,0.638,-0.050,0.298,0.071,2.031,1.256,-1.577,-1.639,0.954,-0.315,0.787,0.380,-0.030,0.088,0.873,-0.478,2.153,0.730,-0.636,0.690,0.617
491000,-0.587,0.583,0.945,-0.371,0.018,-0.189,-0.380,-1.727,1.398,0.102,1.813,1.422,-0.820,-0.163,0.459,0.268,1.163,1.364,-0.567,-0.042,1.722,-0.516,-0.756,-2.927,1.775,-0.121,-0.419,0.996,-2.123,-2.234,0.438,1.173,0.016,0.865,-1.196,-1.278,-2.085,0.151,0.051,1.621,-1.117,0.392,-1.477,0.638,1.194,0.796,-0.191,1.177,1.604,-0.724,-1.142,0.495,-0.907,-0.136,1.122,0.711,0.063,0.677,-0.150,1.008,-0.278,-1.051,0.381,0.212
492000,0.034,-0.607,-0.442,1.455,1.230,-0.893,-0.677,-1.593,0.269,0.443,2.337,-0.144,-0.021,-0.269,-0.157,0.963,1.416,1.727,-1.462,0.722,1.259,-0.070,-0.070,-1.698,0.722,-1.061,-0.494,1.163,-1.626,-0.516,-0.487,2.081,-0.296,0.387,-1.258,-0.816,-2.092,-1.271,-0.911,1.294,-1.293,-0.358,-0.889,0.726,0.392,0.004,0.642,1.572,2.177,-0.353,0.760,-0.064,-0.150,0.756,-0.115,1.546,0.894,0.591,1.709,0.599,-1.338,-0.207,1.483,0.209
493000,-0.392,0.080,-0.577,-0.264,1.150,-0.670,-1.367,-2.426,-0.228,0.233,2.383,-0.877,-0.384,-0.789,-0.537,0.877,-0.521,1.017,-1.799,-0.152,0.239,0.000,0.940,-1.380,1.066,-0.045,-0.566,-0.749,-2.208,1.100,0.326,2.259,0.438,0.670,-0.123,-0.334,-0.346,0.615,-1.042,0.993,-0.117,-0.528,0.511,0.395,-0.302,0.325,-0.137,1.563,1.317,-0.143,0.085,0.705,-0.998,0.652,0.560,1.787,0.510,1.468,1.488,0.288,-0.128,0.982,1.696,0.008
494000,0.742,0.467,-1.258,-0.277,0.651,-0.393,-1.063,-0.952,1.005,-0.279,1.900,-1.670,-0.155,-0.071,0.369,0.293,-1.628,0.483,-2.785,-0.975,-0.339,-0.681,1.273,-0.794,1.693,-0.454,0.158,-0.882,-0.957,1.356,0.975,1.992,-0.633,0.323,-0.278,0.093,0.226,-0.004,-0.486,-0.640,-0.778,0.586,-0.961,0.355,-1.819,0.358,-0.509,1.539,1.233,2.469,0.323,0.291,-1.276,0.446,0.443,1.806,1.898,0.107,1.345,1.937,0.022,0.784,0.274,1.078
495000,-0.286,2.182,0.279,0.704,1.081,1.018,-0.382,0.271,0.725,-0.507,1.129,-1.223,-0.889,-0.430,0.610,-0.435,-0.761,0.460,-2.115,2.101,0.212,-0.444,0.610,0.304,1.654,0.507,-0.177,0.444,0.391,1.861,0.668,1.370,-0.830,0.473,0.072,0.799,-1.086,0.163,-0.398,0.585,1.131,1.197,-2.047,-0.458,-0.290,1.245,-0.741,1.088,-0.386,2.369,0.899,-0.186,-1.822,-0.058,0.755,0.492,0.130,0.484,0.335,1.228,0.365,0.143,-0.220,1.033
496000,0.473,0.834,-0.255,0.170,0.210,0.622,0.116,0.520,0.394,-2.061,0.351,-1.789,0.302,-0.817,1.520,-0.027,-0.135,-0.242,-1.689,1.578,-0.276,-0.899,0.499,1.138,1.516,1.564,-0.060,0.513,0.298,1.436,0.452,2.126,-1.199,0.691,-0.396,0.988,0.425,0.816,-1.184,1.434,1.657,1.236,-0.469,0.896,0.620,0.876,-0.621,0.825,-0.850,1.901,0.262,0.617,-1.277,0.129,0.056,0.687,0.053,0.622,1.374,0.084,-0.364,0.696,-0.889,1.139
497000,0.377,0.603,1.270,1.125,0.303,0.057,-0.758,0.410,-1.611,-3.042,-0.234,-1.348,0.219,0.320,0.971,-0.526,1.049,-1.010,-0.022,0.982,0.062,-0.966,0.626,-0.827,1.444,0.277,1.058,0.820,0.167,1.062,0.957,1.188,-0.890,0.428,0.479,1.051,1.050,0.901,-1.924,1.963,1.145,0.104,0.451,-0.831,-0.776,0.691,0.055,1.394,0.218,2.346,1.643,1.362,-1.693,1.079,-0.470,0.260,-0.037,1.079,0.766,0.485,-0.251,0.454,-1.024,0.935
498000,0.888,0.566,1.918,1.176,-0.611,1.285,-1.884,-0.525,-0.673,-2.104,0.145,-1.128,-0.634,-0.149,1.095,-0.083,-0.007,-0.276,0.762,1.142,1.028,-0.655,0.309,-1.144,2.418,0.444,0.334,0.446,-0.104,0.668,0.196,1.491,-0.615,0.569,0.639,0.269,0.916,1.117,-1.303,0.343,0.412,-0.629,0.578,-2.282,0.215,-0.043,0.353,1.960,1.187,2.363,1.802,1.833,-1.710,0.452,-1.159,-0.099,-0.499,-0.397,0.030,0.278,0.802,0.367,-2.208,-0.677
499000,0.655,-0.054,1.787,1.344,-0.634,1.975,-2.055,-0.203,-0.864,-1.431,-0.725,-2.300,-0.364,-1.185,1.319,0.841,-0.544,0.212,2.057,0.564,0.780,-0.712,-0.258,-1.525,2.016,0.432,1.361,0.219,-0.478,0.547,0.946,0.031,0.302,1.339,-1.232,-0.146,-0.515,0.491,0.367,0.558,0.230,-0.060,1.136,-3.360,-0.476,-0.129,1.687,1.942,-0.154,0.993,0.965,0.846,-0.651,0.878,0.593,-0.351,0.408,-1.147,0.027,-0.492,-0.150,0.293,-2.201,-1.226
500000,-0.150,1.094,0.806,1.364,-1.005,1.819,-1.691,0.899,-0.061,-0.098,-1.918,-1.981,0.096,-0.468,1.291,1.592,-0.678,0.215,1.626,0.103,1.066,-0.176,-0.705,-1.493,0.729,1.413,0.390,0.569,0.130,0.684,0.995,0.851,0.233,0.647,-1.020,0.206,0.217,0.925,0.700,0.492,-0.237,-0.125,-0.062,-1.866,-0.907,-0.520,0.034,1.336,-0.138,0.863,0.620,0.757,-0.540,1.506,0.788,0.113,1.777,-1.719,0.004,-1.003,-1.179,0.198,-0.935,0.226
