step,measure,value,count
50000,hamming,0,177
50000,hamming,1,446
50000,hamming,2,650
50000,hamming,3,833
50000,hamming,4,910
50000,hamming,5,1012
50000,hamming,6,1080
50000,hamming,7,1050
50000,hamming,8,1109
50000,hamming,9,1004
50000,hamming,10,1018
50000,hamming,11,1032
50000,hamming,12,1041
50000,hamming,13,1005
50000,hamming,14,1022
50000,hamming,15,946
50000,hamming,16,1031
50000,hamming,17,1044
50000,hamming,18,973
50000,hamming,19,1048
50000,hamming,20,1076
50000,hamming,21,1077
50000,hamming,22,1041
50000,hamming,23,1111
50000,hamming,24,1068
50000,hamming,25,1112
50000,hamming,26,1161
50000,hamming,27,1214
50000,hamming,28,1186
50000,hamming,29,1184
50000,hamming,30,1206
50000,hamming,31,1265
50000,hamming,32,1375
50000,hamming,33,1298
50000,hamming,34,1347
50000,hamming,35,1570
50000,hamming,36,1477
50000,hamming,37,1508
50000,hamming,38,1524
50000,hamming,39,1643
50000,hamming,40,1716
50000,hamming,41,1923
50000,hamming,42,2190
50000,hamming,43,2384
50000,hamming,44,2681
50000,hamming,45,3078
50000,hamming,46,3043
50000,hamming,47,3270
50000,hamming,48,3252
50000,hamming,49,3270
50000,hamming,50,2967
50000,hamming,51,2918
50000,hamming,52,2924
50000,hamming,53,2579
50000,hamming,54,2483
50000,hamming,55,2166
50000,hamming,56,2236
50000,hamming,57,1968
50000,hamming,58,1855
50000,hamming,59,1724
50000,hamming,60,1603
50000,hamming,61,1566
50000,hamming,62,1451
50000,hamming,63,1353
50000,hamming,64,1300
50000,hamming,65,1270
50000,hamming,66,1228
50000,hamming,67,1123
50000,hamming,68,1108
50000,hamming,69,1097
50000,hamming,70,1090
50000,hamming,71,1072
50000,hamming,72,1107
50000,hamming,73,1062
50000,hamming,74,1122
50000,hamming,75,1107
50000,hamming,76,1080
50000,hamming,77,1037
50000,hamming,78,1050
50000,hamming,79,1082
50000,hamming,80,975
50000,hamming,81,1041
50000,hamming,82,1076
50000,hamming,83,1160
50000,hamming,84,1260
50000,hamming,85,1394
50000,hamming,86,1596
50000,hamming,87,1876
50000,hamming,88,2135
50000,hamming,89,2477
50000,hamming,90,2780
50000,hamming,91,3152
50000,hamming,92,3449
50000,hamming,93,3691
50000,hamming,94,3845
50000,hamming,95,4205
50000,hamming,96,4176
50000,hamming,97,4330
50000,hamming,98,4295
50000,hamming,99,4206
50000,hamming,100,4039
50000,hamming,101,3777
50000,hamming,102,3450
50000,hamming,103,3202
50000,hamming,104,2826
50000,hamming,105,2589
50000,hamming,106,2318
50000,hamming,107,2143
50000,hamming,108,1951
50000,hamming,109,1780
50000,hamming,110,1719
50000,hamming,111,1640
50000,hamming,112,1638
50000,hamming,113,1618
50000,hamming,114,1502
50000,hamming,115,1427
50000,hamming,116,1452
50000,hamming,117,1402
50000,hamming,118,1382
50000,hamming,119,1312
50000,hamming,120,1341
50000,hamming,121,1394
50000,hamming,122,1446
50000,hamming,123,1502
50000,hamming,124,1551
50000,hamming,125,1571
50000,hamming,126,1603
50000,hamming,127,1614
50000,hamming,128,1713
50000,hamming,129,1783
50000,hamming,130,1800
50000,hamming,131,1895
50000,hamming,132,2100
50000,hamming,133,2109
50000,hamming,134,2113
50000,hamming,135,2136
50000,hamming,136,2119
50000,hamming,137,1966
50000,hamming,138,2052
50000,hamming,139,2093
50000,hamming,140,2058
50000,hamming,141,2221
50000,hamming,142,2181
50000,hamming,143,2136
50000,hamming,144,2233
50000,hamming,145,2201
50000,hamming,146,2218
50000,hamming,147,2132
50000,hamming,148,2083
50000,hamming,149,2075
50000,hamming,150,2103
50000,hamming,151,2153
50000,hamming,152,2144
50000,hamming,153,2133
50000,hamming,154,2003
50000,hamming,155,2021
50000,hamming,156,2075
50000,hamming,157,2103
50000,hamming,158,2328
50000,hamming,159,2370
50000,hamming,160,2240
50000,hamming,161,2319
50000,hamming,162,2370
50000,hamming,163,2422
50000,hamming,164,2503
50000,hamming,165,2483
50000,hamming,166,2614
50000,hamming,167,2462
50000,hamming,168,2380
50000,hamming,169,2320
50000,hamming,170,2286
50000,hamming,171,2224
50000,hamming,172,2120
50000,hamming,173,1974
50000,hamming,174,1952
50000,hamming,175,1906
50000,hamming,176,1918
50000,hamming,177,1831
50000,hamming,178,1803
50000,hamming,179,1812
50000,hamming,180,1759
50000,hamming,181,1623
50000,hamming,182,1517
50000,hamming,183,1489
50000,hamming,184,1336
50000,hamming,185,1339
50000,hamming,186,1223
50000,hamming,187,1186
50000,hamming,188,1228
50000,hamming,189,1191
50000,hamming,190,1222
50000,hamming,191,1260
50000,hamming,192,1203
50000,hamming,193,1229
50000,hamming,194,1147
50000,hamming,195,1234
50000,hamming,196,1341
50000,hamming,197,1407
50000,hamming,198,1463
50000,hamming,199,1557
50000,hamming,200,1663
50000,hamming,201,1894
50000,hamming,202,1902
50000,hamming,203,2017
50000,hamming,204,2069
50000,hamming,205,2068
50000,hamming,206,1983
50000,hamming,207,2136
50000,hamming,208,2303
50000,hamming,209,2333
50000,hamming,210,2503
50000,hamming,211,2627
50000,hamming,212,2794
50000,hamming,213,2903
50000,hamming,214,2944
50000,hamming,215,3046
50000,hamming,216,3079
50000,hamming,217,3062
50000,hamming,218,3276
50000,hamming,219,3144
50000,hamming,220,3100
50000,hamming,221,3021
50000,hamming,222,2980
50000,hamming,223,2906
50000,hamming,224,2884
50000,hamming,225,2752
50000,hamming,226,2860
50000,hamming,227,2863
50000,hamming,228,2768
50000,hamming,229,2808
50000,hamming,230,2810
50000,hamming,231,2840
50000,hamming,232,2766
50000,hamming,233,2782
50000,hamming,234,2827
50000,hamming,235,2885
50000,hamming,236,2848
50000,hamming,237,2893
50000,hamming,238,2882
50000,hamming,239,3017
50000,hamming,240,3121
50000,hamming,241,3162
50000,hamming,242,3117
50000,hamming,243,3239
50000,hamming,244,3426
50000,hamming,245,3848
50000,hamming,246,4026
50000,hamming,247,3935
50000,hamming,248,4028
50000,hamming,249,3747
50000,hamming,250,3575
50000,hamming,251,3450
50000,hamming,252,3348
50000,hamming,253,3336
50000,hamming,254,3428
50000,hamming,255,3620
50000,hamming,256,3605
50000,hamming,257,3733
50000,hamming,258,3856
50000,hamming,259,3965
50000,hamming,260,4250
50000,hamming,261,4492
50000,hamming,262,4859
50000,hamming,263,5174
50000,hamming,264,5434
50000,hamming,265,5534
50000,hamming,266,5804
50000,hamming,267,6122
50000,hamming,268,6766
50000,hamming,269,7295
50000,hamming,270,7930
50000,hamming,271,8492
50000,hamming,272,9102
50000,hamming,273,9665
50000,hamming,274,10204
50000,hamming,275,10593
50000,hamming,276,11147
50000,hamming,277,11867
50000,hamming,278,12365
50000,hamming,279,12654
50000,hamming,280,13344
50000,hamming,281,13163
50000,hamming,282,13593
50000,hamming,283,13904
50000,hamming,284,14112
50000,hamming,285,14521
50000,hamming,286,15035
50000,hamming,287,15671
50000,hamming,288,16119
50000,hamming,289,16040
50000,hamming,290,16204
50000,hamming,291,15742
50000,hamming,292,15513
50000,hamming,293,15258
50000,hamming,294,15195
50000,hamming,295,14916
50000,hamming,296,14583
50000,hamming,297,14281
50000,hamming,298,14541
50000,hamming,299,14385
50000,hamming,300,14621
50000,hamming,301,14774
50000,hamming,302,15321
50000,hamming,303,16440
50000,hamming,304,17521
50000,hamming,305,18623
50000,hamming,306,19837
50000,hamming,307,21072
50000,hamming,308,21343
50000,hamming,309,21811
50000,hamming,310,22519
50000,hamming,311,23279
50000,hamming,312,24668
50000,hamming,313,25539
50000,hamming,314,26972
50000,hamming,315,27601
50000,hamming,316,29144
50000,hamming,317,30651
50000,hamming,318,32459
50000,hamming,319,34723
50000,hamming,320,35485
50000,hamming,321,36531
50000,hamming,322,38155
50000,hamming,323,39495
50000,hamming,324,41346
50000,hamming,325,42571
50000,hamming,326,44190
50000,hamming,327,45343
50000,hamming,328,45714
50000,hamming,329,44694
50000,hamming,330,45003
50000,hamming,331,45342
50000,hamming,332,44032
50000,hamming,333,42520
50000,hamming,334,41408
50000,hamming,335,39284
50000,hamming,336,36796
50000,hamming,337,34683
50000,hamming,338,32184
50000,hamming,339,29436
50000,hamming,340,26440
50000,hamming,341,23625
50000,hamming,342,20696
50000,hamming,343,17482
50000,hamming,344,14967
50000,hamming,345,12486
50000,hamming,346,10443
50000,hamming,347,8444
50000,hamming,348,6691
50000,hamming,349,5229
50000,hamming,350,3863
50000,hamming,351,2834
50000,hamming,352,2034
50000,hamming,353,1272
50000,hamming,354,871
50000,hamming,355,528
50000,hamming,356,336
50000,hamming,357,218
50000,hamming,358,141
50000,hamming,359,99
50000,hamming,360,79
50000,hamming,361,130
50000,hamming,362,189
50000,hamming,363,399
50000,hamming,364,572
50000,hamming,365,942
50000,hamming,366,1593
50000,hamming,367,2369
50000,hamming,368,3087
50000,hamming,369,4310
50000,hamming,370,5632
50000,hamming,371,7399
50000,hamming,372,9115
50000,hamming,373,11818
50000,hamming,374,14853
50000,hamming,375,18090
50000,hamming,376,21407
50000,hamming,377,25168
50000,hamming,378,29160
50000,hamming,379,33496
50000,hamming,380,37358
50000,hamming,381,40189
50000,hamming,382,42100
50000,hamming,383,43363
50000,hamming,384,45349
50000,hamming,385,46244
50000,hamming,386,46709
50000,hamming,387,47218
50000,hamming,388,45874
50000,hamming,389,44299
50000,hamming,390,41468
50000,hamming,391,38275
50000,hamming,392,35458
50000,hamming,393,32716
50000,hamming,394,30460
50000,hamming,395,27984
50000,hamming,396,25462
50000,hamming,397,23056
50000,hamming,398,20678
50000,hamming,399,17613
50000,hamming,400,15574
50000,hamming,401,13347
50000,hamming,402,11211
50000,hamming,403,9206
50000,hamming,404,7209
50000,hamming,405,5319
50000,hamming,406,3957
50000,hamming,407,2758
50000,hamming,408,1757
50000,hamming,409,1050
50000,hamming,410,577
50000,hamming,411,314
50000,hamming,412,161
50000,hamming,413,62
50000,hamming,414,32
50000,hamming,415,11
50000,hamming,416,4
50000,genes,0,8235
50000,genes,1,7637
50000,genes,2,21672
50000,genes,3,27595
50000,genes,4,64968
50000,genes,5,103767
50000,genes,6,222197
50000,genes,7,355196
50000,genes,8,467875
50000,genes,9,401130
50000,genes,10,255117
50000,genes,11,148696
50000,genes,12,107080
50000,genes,13,91626
50000,genes,14,49759
50000,genes,15,21697
50000,genes,16,10674
50000,genes,17,6951
50000,genes,18,6444
50000,genes,19,5803
50000,genes,20,5901
50000,genes,21,4656
50000,genes,22,4252
50000,genes,23,3557
50000,genes,24,3157
50000,genes,25,2581
50000,genes,26,2218
50000,genes,27,1725
50000,genes,28,1555
50000,genes,29,1302
50000,genes,30,1343
50000,genes,31,1338
50000,genes,32,2404
50000,genes,33,3940
50000,genes,34,10245
50000,genes,35,31697
50000,genes,36,103312
50000,genes,37,227569
50000,genes,38,310362
50000,genes,39,204302
50000,genes,40,79075
50000,genes,41,20427
50000,genes,42,3628
50000,genes,43,440
50000,genes,44,53
50000,genes,45,13
50000,genes,46,6
50000,genes,47,6
50000,genes,48,4
50000,genes,49,1
50000,genes,50,2
50000,genes,51,1
50000,body,0,31803
50000,body,1,71426
50000,body,2,119437
50000,body,3,149816
50000,body,4,150251
50000,body,5,164236
50000,body,6,161844
50000,body,7,155715
50000,body,8,148246
50000,body,9,139240
50000,body,10,133826
50000,body,11,116859
50000,body,12,109096
50000,body,13,95618
50000,body,14,80319
50000,body,15,71559
50000,body,16,61148
50000,body,17,58579
50000,body,18,51901
50000,body,19,46332
50000,body,20,40898
50000,body,21,35035
50000,body,22,33097
50000,body,23,28225
50000,body,24,24475
50000,body,25,22470
50000,body,26,19047
50000,body,27,20474
50000,body,28,18304
50000,body,29,17017
50000,body,30,17242
50000,body,31,15627
50000,body,32,14241
50000,body,33,14022
50000,body,34,15053
50000,body,35,14223
50000,body,36,13825
50000,body,37,17028
50000,body,38,18845
50000,body,39,19226
50000,body,40,20326
50000,body,41,17971
50000,body,42,18571
50000,body,43,20843
50000,body,44,19550
50000,body,45,22483
50000,body,46,22680
50000,body,47,26588
50000,body,48,29628
50000,body,49,29553
50000,body,50,45404
50000,body,51,55238
50000,body,52,61141
50000,body,53,65459
50000,body,54,61343
50000,body,55,61533
50000,body,56,52913
50000,body,57,48691
50000,body,58,44761
50000,body,59,35019
50000,body,60,29491
50000,body,61,24998
50000,body,62,21042
50000,body,63,16063
50000,body,64,28277
100000,hamming,0,163
100000,hamming,1,455
100000,hamming,2,632
100000,hamming,3,773
100000,hamming,4,883
100000,hamming,5,945
100000,hamming,6,990
100000,hamming,7,1002
100000,hamming,8,1027
100000,hamming,9,979
100000,hamming,10,978
100000,hamming,11,939
100000,hamming,12,962
100000,hamming,13,882
100000,hamming,14,962
100000,hamming,15,1036
100000,hamming,16,1009
100000,hamming,17,1119
100000,hamming,18,1160
100000,hamming,19,1284
100000,hamming,20,1215
100000,hamming,21,1250
100000,hamming,22,1231
100000,hamming,23,1255
100000,hamming,24,1345
100000,hamming,25,1255
100000,hamming,26,1314
100000,hamming,27,1269
100000,hamming,28,1253
100000,hamming,29,1238
100000,hamming,30,1249
100000,hamming,31,1227
100000,hamming,32,1124
100000,hamming,33,1108
100000,hamming,34,1095
100000,hamming,35,1037
100000,hamming,36,1031
100000,hamming,37,1068
100000,hamming,38,1056
100000,hamming,39,1163
100000,hamming,40,1111
100000,hamming,41,1215
100000,hamming,42,1199
100000,hamming,43,1325
100000,hamming,44,1389
100000,hamming,45,1393
100000,hamming,46,1508
100000,hamming,47,1487
100000,hamming,48,1525
100000,hamming,49,1582
100000,hamming,50,1537
100000,hamming,51,1501
100000,hamming,52,1509
100000,hamming,53,1409
100000,hamming,54,1471
100000,hamming,55,1494
100000,hamming,56,1555
100000,hamming,57,1615
100000,hamming,58,1771
100000,hamming,59,1910
100000,hamming,60,2091
100000,hamming,61,2315
100000,hamming,62,2473
100000,hamming,63,2467
100000,hamming,64,2430
100000,hamming,65,2523
100000,hamming,66,2289
100000,hamming,67,2175
100000,hamming,68,1993
100000,hamming,69,1935
100000,hamming,70,1679
100000,hamming,71,1688
100000,hamming,72,1508
100000,hamming,73,1535
100000,hamming,74,1457
100000,hamming,75,1454
100000,hamming,76,1470
100000,hamming,77,1409
100000,hamming,78,1536
100000,hamming,79,1675
100000,hamming,80,1722
100000,hamming,81,1784
100000,hamming,82,1777
100000,hamming,83,1814
100000,hamming,84,1764
100000,hamming,85,1756
100000,hamming,86,1698
100000,hamming,87,1572
100000,hamming,88,1545
100000,hamming,89,1526
100000,hamming,90,1427
100000,hamming,91,1406
100000,hamming,92,1376
100000,hamming,93,1419
100000,hamming,94,1312
100000,hamming,95,1326
100000,hamming,96,1228
100000,hamming,97,1157
100000,hamming,98,1165
100000,hamming,99,1162
100000,hamming,100,1120
100000,hamming,101,1018
100000,hamming,102,1098
100000,hamming,103,1139
100000,hamming,104,1085
100000,hamming,105,1086
100000,hamming,106,1011
100000,hamming,107,956
100000,hamming,108,945
100000,hamming,109,832
100000,hamming,110,739
100000,hamming,111,738
100000,hamming,112,732
100000,hamming,113,732
100000,hamming,114,770
100000,hamming,115,772
100000,hamming,116,730
100000,hamming,117,754
100000,hamming,118,743
100000,hamming,119,687
100000,hamming,120,696
100000,hamming,121,654
100000,hamming,122,676
100000,hamming,123,625
100000,hamming,124,572
100000,hamming,125,561
100000,hamming,126,590
100000,hamming,127,626
100000,hamming,128,662
100000,hamming,129,665
100000,hamming,130,730
100000,hamming,131,844
100000,hamming,132,931
100000,hamming,133,1073
100000,hamming,134,1248
100000,hamming,135,1400
100000,hamming,136,1634
100000,hamming,137,1808
100000,hamming,138,2037
100000,hamming,139,2447
100000,hamming,140,2770
100000,hamming,141,3090
100000,hamming,142,3450
100000,hamming,143,3802
100000,hamming,144,4160
100000,hamming,145,4593
100000,hamming,146,4960
100000,hamming,147,5369
100000,hamming,148,5731
100000,hamming,149,6103
100000,hamming,150,6222
100000,hamming,151,6219
100000,hamming,152,6332
100000,hamming,153,6730
100000,hamming,154,7091
100000,hamming,155,7292
100000,hamming,156,7274
100000,hamming,157,7432
100000,hamming,158,7207
100000,hamming,159,6653
100000,hamming,160,6073
100000,hamming,161,5459
100000,hamming,162,4889
100000,hamming,163,4240
100000,hamming,164,3591
100000,hamming,165,2977
100000,hamming,166,2571
100000,hamming,167,2153
100000,hamming,168,1807
100000,hamming,169,1634
100000,hamming,170,1360
100000,hamming,171,1276
100000,hamming,172,1096
100000,hamming,173,995
100000,hamming,174,939
100000,hamming,175,822
100000,hamming,176,765
100000,hamming,177,645
100000,hamming,178,618
100000,hamming,179,575
100000,hamming,180,550
100000,hamming,181,506
100000,hamming,182,503
100000,hamming,183,446
100000,hamming,184,478
100000,hamming,185,412
100000,hamming,186,415
100000,hamming,187,459
100000,hamming,188,484
100000,hamming,189,558
100000,hamming,190,635
100000,hamming,191,697
100000,hamming,192,801
100000,hamming,193,1041
100000,hamming,194,1170
100000,hamming,195,1180
100000,hamming,196,1232
100000,hamming,197,1413
100000,hamming,198,1478
100000,hamming,199,1714
100000,hamming,200,1805
100000,hamming,201,2078
100000,hamming,202,2240
100000,hamming,203,2514
100000,hamming,204,2679
100000,hamming,205,2965
100000,hamming,206,3172
100000,hamming,207,3410
100000,hamming,208,3640
100000,hamming,209,3957
100000,hamming,210,4142
100000,hamming,211,4441
100000,hamming,212,4779
100000,hamming,213,5078
100000,hamming,214,5268
100000,hamming,215,5492
100000,hamming,216,5713
100000,hamming,217,5980
100000,hamming,218,6201
100000,hamming,219,6552
100000,hamming,220,6849
100000,hamming,221,7315
100000,hamming,222,7467
100000,hamming,223,7778
100000,hamming,224,7944
100000,hamming,225,8329
100000,hamming,226,8885
100000,hamming,227,9312
100000,hamming,228,9649
100000,hamming,229,10193
100000,hamming,230,10398
100000,hamming,231,10712
100000,hamming,232,10997
100000,hamming,233,11114
100000,hamming,234,11409
100000,hamming,235,11340
100000,hamming,236,11329
100000,hamming,237,11195
100000,hamming,238,11337
100000,hamming,239,11174
100000,hamming,240,10804
100000,hamming,241,10624
100000,hamming,242,10063
100000,hamming,243,9414
100000,hamming,244,8886
100000,hamming,245,8481
100000,hamming,246,7820
100000,hamming,247,6930
100000,hamming,248,6255
100000,hamming,249,5672
100000,hamming,250,4891
100000,hamming,251,4030
100000,hamming,252,3464
100000,hamming,253,3138
100000,hamming,254,2774
100000,hamming,255,2390
100000,hamming,256,2097
100000,hamming,257,1805
100000,hamming,258,1605
100000,hamming,259,1321
100000,hamming,260,999
100000,hamming,261,907
100000,hamming,262,810
100000,hamming,263,697
100000,hamming,264,570
100000,hamming,265,459
100000,hamming,266,345
100000,hamming,267,213
100000,hamming,268,168
100000,hamming,269,107
100000,hamming,270,66
100000,hamming,271,60
100000,hamming,272,54
100000,hamming,273,40
100000,hamming,274,19
100000,hamming,275,14
100000,hamming,276,8
100000,hamming,277,6
100000,hamming,278,25
100000,hamming,279,62
100000,hamming,280,159
100000,hamming,281,332
100000,hamming,282,487
100000,hamming,283,626
100000,hamming,284,807
100000,hamming,285,976
100000,hamming,286,1251
100000,hamming,287,1483
100000,hamming,288,1765
100000,hamming,289,1862
100000,hamming,290,1958
100000,hamming,291,2215
100000,hamming,292,2475
100000,hamming,293,2977
100000,hamming,294,3360
100000,hamming,295,3764
100000,hamming,296,3929
100000,hamming,297,4168
100000,hamming,298,4375
100000,hamming,299,4808
100000,hamming,300,4972
100000,hamming,301,5658
100000,hamming,302,5916
100000,hamming,303,6465
100000,hamming,304,6537
100000,hamming,305,6606
100000,hamming,306,6833
100000,hamming,307,6766
100000,hamming,308,6415
100000,hamming,309,6321
100000,hamming,310,6106
100000,hamming,311,5745
100000,hamming,312,5450
100000,hamming,313,4955
100000,hamming,314,4548
100000,hamming,315,3902
100000,hamming,316,3476
100000,hamming,317,3080
100000,hamming,318,2636
100000,hamming,319,2221
100000,hamming,320,1895
100000,hamming,321,1669
100000,hamming,322,1555
100000,hamming,323,1280
100000,hamming,324,1270
100000,hamming,325,1090
100000,hamming,326,950
100000,hamming,327,937
100000,hamming,328,823
100000,hamming,329,867
100000,hamming,330,985
100000,hamming,331,1049
100000,hamming,332,1064
100000,hamming,333,1094
100000,hamming,334,1166
100000,hamming,335,1539
100000,hamming,336,2164
100000,hamming,337,2758
100000,hamming,338,3189
100000,hamming,339,3720
100000,hamming,340,4506
100000,hamming,341,5236
100000,hamming,342,6088
100000,hamming,343,7137
100000,hamming,344,8041
100000,hamming,345,9259
100000,hamming,346,10906
100000,hamming,347,12266
100000,hamming,348,13774
100000,hamming,349,14812
100000,hamming,350,15919
100000,hamming,351,16801
100000,hamming,352,17490
100000,hamming,353,17684
100000,hamming,354,17646
100000,hamming,355,17404
100000,hamming,356,17091
100000,hamming,357,17482
100000,hamming,358,18061
100000,hamming,359,18725
100000,hamming,360,18776
100000,hamming,361,18521
100000,hamming,362,18293
100000,hamming,363,18751
100000,hamming,364,18709
100000,hamming,365,19574
100000,hamming,366,20713
100000,hamming,367,20875
100000,hamming,368,21757
100000,hamming,369,22150
100000,hamming,370,21977
100000,hamming,371,23132
100000,hamming,372,24490
100000,hamming,373,26189
100000,hamming,374,29249
100000,hamming,375,32269
100000,hamming,376,35359
100000,hamming,377,37266
100000,hamming,378,38643
100000,hamming,379,40481
100000,hamming,380,42383
100000,hamming,381,41787
100000,hamming,382,40220
100000,hamming,383,37850
100000,hamming,384,35944
100000,hamming,385,33200
100000,hamming,386,30353
100000,hamming,387,26574
100000,hamming,388,23240
100000,hamming,389,20507
100000,hamming,390,17924
100000,hamming,391,16463
100000,hamming,392,14628
100000,hamming,393,13195
100000,hamming,394,11641
100000,hamming,395,9249
100000,hamming,396,7195
100000,hamming,397,5082
100000,hamming,398,3149
100000,hamming,399,1980
100000,hamming,400,1337
100000,hamming,401,1102
100000,hamming,402,919
100000,hamming,403,873
100000,hamming,404,746
100000,hamming,405,792
100000,hamming,406,736
100000,hamming,407,641
100000,hamming,408,673
100000,hamming,409,586
100000,hamming,410,474
100000,hamming,411,477
100000,hamming,412,356
100000,hamming,413,259
100000,hamming,414,142
100000,hamming,415,41
100000,hamming,416,10
100000,hamming,417,1
100000,genes,0,5813
100000,genes,1,4532
100000,genes,2,10013
100000,genes,3,13607
100000,genes,4,23815
100000,genes,5,42267
100000,genes,6,66255
100000,genes,7,97523
100000,genes,8,140341
100000,genes,9,161895
100000,genes,10,162104
100000,genes,11,148449
100000,genes,12,109388
100000,genes,13,70837
100000,genes,14,46507
100000,genes,15,27876
100000,genes,16,18009
100000,genes,17,9190
100000,genes,18,8688
100000,genes,19,7628
100000,genes,20,9339
100000,genes,21,9028
100000,genes,22,9834
100000,genes,23,8524
100000,genes,24,8684
100000,genes,25,8599
100000,genes,26,7550
100000,genes,27,6948
100000,genes,28,6396
100000,genes,29,6222
100000,genes,30,4777
100000,genes,31,4629
100000,genes,32,3660
100000,genes,33,3409
100000,genes,34,3276
100000,genes,35,5631
100000,genes,36,15439
100000,genes,37,52282
100000,genes,38,116936
100000,genes,39,162885
100000,genes,40,177754
100000,genes,41,144615
100000,genes,42,98750
100000,genes,43,55614
100000,genes,44,25032
100000,genes,45,7694
100000,genes,46,2280
100000,genes,47,683
100000,genes,48,138
100000,genes,49,40
100000,genes,50,18
100000,genes,51,8
100000,genes,52,1
100000,genes,54,1
100000,genes,56,1
100000,genes,59,1
100000,body,0,16111
100000,body,1,40360
100000,body,2,67376
100000,body,3,82123
100000,body,4,89496
100000,body,5,87095
100000,body,6,86526
100000,body,7,83754
100000,body,8,79493
100000,body,9,70787
100000,body,10,63070
100000,body,11,53744
100000,body,12,48102
100000,body,13,43179
100000,body,14,40690
100000,body,15,35999
100000,body,16,35348
100000,body,17,32559
100000,body,18,27525
100000,body,19,26810
100000,body,20,19652
100000,body,21,18967
100000,body,22,16734
100000,body,23,14888
100000,body,24,14390
100000,body,25,13176
100000,body,26,12426
100000,body,27,11534
100000,body,28,10426
100000,body,29,12416
100000,body,30,10647
100000,body,31,9447
100000,body,32,9343
100000,body,33,9659
100000,body,34,9261
100000,body,35,9591
100000,body,36,12318
100000,body,37,10621
100000,body,38,9297
100000,body,39,10633
100000,body,40,12265
100000,body,41,11797
100000,body,42,11242
100000,body,43,15037
100000,body,44,15214
100000,body,45,18000
100000,body,46,23148
100000,body,47,30570
100000,body,48,25872
100000,body,49,41922
100000,body,50,44837
100000,body,51,64511
100000,body,52,75667
100000,body,53,70548
100000,body,54,61860
100000,body,55,50644
100000,body,56,40887
100000,body,57,33397
100000,body,58,31005
100000,body,59,25691
100000,body,60,19398
100000,body,61,18086
100000,body,62,15415
100000,body,63,9781
100000,body,64,19048
150000,hamming,0,143
150000,hamming,1,406
150000,hamming,2,533
150000,hamming,3,640
150000,hamming,4,734
150000,hamming,5,748
150000,hamming,6,809
150000,hamming,7,851
150000,hamming,8,918
150000,hamming,9,868
150000,hamming,10,939
150000,hamming,11,854
150000,hamming,12,919
150000,hamming,13,862
150000,hamming,14,841
150000,hamming,15,882
150000,hamming,16,920
150000,hamming,17,912
150000,hamming,18,943
150000,hamming,19,916
150000,hamming,20,957
150000,hamming,21,936
150000,hamming,22,949
150000,hamming,23,911
150000,hamming,24,924
150000,hamming,25,858
150000,hamming,26,790
150000,hamming,27,791
150000,hamming,28,734
150000,hamming,29,685
150000,hamming,30,726
150000,hamming,31,773
150000,hamming,32,764
150000,hamming,33,818
150000,hamming,34,836
150000,hamming,35,848
150000,hamming,36,904
150000,hamming,37,954
150000,hamming,38,844
150000,hamming,39,760
150000,hamming,40,772
150000,hamming,41,680
150000,hamming,42,679
150000,hamming,43,639
150000,hamming,44,621
150000,hamming,45,647
150000,hamming,46,718
150000,hamming,47,685
150000,hamming,48,723
150000,hamming,49,762
150000,hamming,50,896
150000,hamming,51,880
150000,hamming,52,1046
150000,hamming,53,1079
150000,hamming,54,1247
150000,hamming,55,1328
150000,hamming,56,1434
150000,hamming,57,1525
150000,hamming,58,1546
150000,hamming,59,1526
150000,hamming,60,1539
150000,hamming,61,1426
150000,hamming,62,1376
150000,hamming,63,1264
150000,hamming,64,1147
150000,hamming,65,1056
150000,hamming,66,987
150000,hamming,67,882
150000,hamming,68,793
150000,hamming,69,688
150000,hamming,70,675
150000,hamming,71,629
150000,hamming,72,670
150000,hamming,73,645
150000,hamming,74,738
150000,hamming,75,799
150000,hamming,76,825
150000,hamming,77,940
150000,hamming,78,1002
150000,hamming,79,1067
150000,hamming,80,1137
150000,hamming,81,1194
150000,hamming,82,1343
150000,hamming,83,1383
150000,hamming,84,1373
150000,hamming,85,1433
150000,hamming,86,1388
150000,hamming,87,1341
150000,hamming,88,1222
150000,hamming,89,1191
150000,hamming,90,1026
150000,hamming,91,968
150000,hamming,92,927
150000,hamming,93,869
150000,hamming,94,768
150000,hamming,95,802
150000,hamming,96,787
150000,hamming,97,826
150000,hamming,98,974
150000,hamming,99,1094
150000,hamming,100,1329
150000,hamming,101,1495
150000,hamming,102,1665
150000,hamming,103,1846
150000,hamming,104,2042
150000,hamming,105,2141
150000,hamming,106,2416
150000,hamming,107,2651
150000,hamming,108,2791
150000,hamming,109,3019
150000,hamming,110,3082
150000,hamming,111,3153
150000,hamming,112,3193
150000,hamming,113,3220
150000,hamming,114,3340
150000,hamming,115,3320
150000,hamming,116,3247
150000,hamming,117,3227
150000,hamming,118,3118
150000,hamming,119,2826
150000,hamming,120,2769
150000,hamming,121,2541
150000,hamming,122,2322
150000,hamming,123,2241
150000,hamming,124,2053
150000,hamming,125,1886
150000,hamming,126,1782
150000,hamming,127,1593
150000,hamming,128,1562
150000,hamming,129,1482
150000,hamming,130,1368
150000,hamming,131,1247
150000,hamming,132,1093
150000,hamming,133,982
150000,hamming,134,867
150000,hamming,135,893
150000,hamming,136,770
150000,hamming,137,742
150000,hamming,138,702
150000,hamming,139,699
150000,hamming,140,608
150000,hamming,141,615
150000,hamming,142,591
150000,hamming,143,577
150000,hamming,144,531
150000,hamming,145,547
150000,hamming,146,556
150000,hamming,147,606
150000,hamming,148,557
150000,hamming,149,622
150000,hamming,150,592
150000,hamming,151,564
150000,hamming,152,602
150000,hamming,153,636
150000,hamming,154,580
150000,hamming,155,596
150000,hamming,156,582
150000,hamming,157,585
150000,hamming,158,556
150000,hamming,159,591
150000,hamming,160,570
150000,hamming,161,606
150000,hamming,162,609
150000,hamming,163,618
150000,hamming,164,670
150000,hamming,165,597
150000,hamming,166,622
150000,hamming,167,654
150000,hamming,168,657
150000,hamming,169,767
150000,hamming,170,827
150000,hamming,171,969
150000,hamming,172,1113
150000,hamming,173,1404
150000,hamming,174,1571
150000,hamming,175,1778
150000,hamming,176,1934
150000,hamming,177,1890
150000,hamming,178,2045
150000,hamming,179,2051
150000,hamming,180,2207
150000,hamming,181,2516
150000,hamming,182,2756
150000,hamming,183,3259
150000,hamming,184,3481
150000,hamming,185,3560
150000,hamming,186,3491
150000,hamming,187,3276
150000,hamming,188,2986
150000,hamming,189,2805
150000,hamming,190,2550
150000,hamming,191,2183
150000,hamming,192,1851
150000,hamming,193,1608
150000,hamming,194,1392
150000,hamming,195,1224
150000,hamming,196,1275
150000,hamming,197,1148
150000,hamming,198,1030
150000,hamming,199,1064
150000,hamming,200,892
150000,hamming,201,889
150000,hamming,202,793
150000,hamming,203,775
150000,hamming,204,759
150000,hamming,205,746
150000,hamming,206,751
150000,hamming,207,823
150000,hamming,208,845
150000,hamming,209,822
150000,hamming,210,831
150000,hamming,211,873
150000,hamming,212,960
150000,hamming,213,1031
150000,hamming,214,1064
150000,hamming,215,1129
150000,hamming,216,1137
150000,hamming,217,1161
150000,hamming,218,1259
150000,hamming,219,1306
150000,hamming,220,1473
150000,hamming,221,1402
150000,hamming,222,1507
150000,hamming,223,1581
150000,hamming,224,1578
150000,hamming,225,1619
150000,hamming,226,1615
150000,hamming,227,1659
150000,hamming,228,1677
150000,hamming,229,1679
150000,hamming,230,1603
150000,hamming,231,1707
150000,hamming,232,1704
150000,hamming,233,1839
150000,hamming,234,1792
150000,hamming,235,1923
150000,hamming,236,2000
150000,hamming,237,2092
150000,hamming,238,2223
150000,hamming,239,2409
150000,hamming,240,2468
150000,hamming,241,2374
150000,hamming,242,2388
150000,hamming,243,2440
150000,hamming,244,2471
150000,hamming,245,2399
150000,hamming,246,2322
150000,hamming,247,2153
150000,hamming,248,2187
150000,hamming,249,2138
150000,hamming,250,2197
150000,hamming,251,2018
150000,hamming,252,2163
150000,hamming,253,2284
150000,hamming,254,2518
150000,hamming,255,2615
150000,hamming,256,2742
150000,hamming,257,2829
150000,hamming,258,2991
150000,hamming,259,2992
150000,hamming,260,3046
150000,hamming,261,3166
150000,hamming,262,3340
150000,hamming,263,3411
150000,hamming,264,3383
150000,hamming,265,3271
150000,hamming,266,3259
150000,hamming,267,3443
150000,hamming,268,3560
150000,hamming,269,3431
150000,hamming,270,3315
150000,hamming,271,3311
150000,hamming,272,3140
150000,hamming,273,3264
150000,hamming,274,3200
150000,hamming,275,3235
150000,hamming,276,3404
150000,hamming,277,3508
150000,hamming,278,3640
150000,hamming,279,3675
150000,hamming,280,3867
150000,hamming,281,4012
150000,hamming,282,4265
150000,hamming,283,4385
150000,hamming,284,4703
150000,hamming,285,4977
150000,hamming,286,4912
150000,hamming,287,4997
150000,hamming,288,5120
150000,hamming,289,5390
150000,hamming,290,5443
150000,hamming,291,5528
150000,hamming,292,5755
150000,hamming,293,5935
150000,hamming,294,5870
150000,hamming,295,5830
150000,hamming,296,5957
150000,hamming,297,6035
150000,hamming,298,6259
150000,hamming,299,6462
150000,hamming,300,6751
150000,hamming,301,6999
150000,hamming,302,7578
150000,hamming,303,8074
150000,hamming,304,8438
150000,hamming,305,8939
150000,hamming,306,9243
150000,hamming,307,9545
150000,hamming,308,10099
150000,hamming,309,10068
150000,hamming,310,10050
150000,hamming,311,10206
150000,hamming,312,10455
150000,hamming,313,11077
150000,hamming,314,11163
150000,hamming,315,11393
150000,hamming,316,11878
150000,hamming,317,12449
150000,hamming,318,12579
150000,hamming,319,13264
150000,hamming,320,13761
150000,hamming,321,14086
150000,hamming,322,14533
150000,hamming,323,14865
150000,hamming,324,15352
150000,hamming,325,15346
150000,hamming,326,15157
150000,hamming,327,14792
150000,hamming,328,14800
150000,hamming,329,14840
150000,hamming,330,14398
150000,hamming,331,14308
150000,hamming,332,14197
150000,hamming,333,13768
150000,hamming,334,13830
150000,hamming,335,13373
150000,hamming,336,13044
150000,hamming,337,12913
150000,hamming,338,12649
150000,hamming,339,12486
150000,hamming,340,11767
150000,hamming,341,11204
150000,hamming,342,10876
150000,hamming,343,10617
150000,hamming,344,10326
150000,hamming,345,10408
150000,hamming,346,10560
150000,hamming,347,10301
150000,hamming,348,9788
150000,hamming,349,9109
150000,hamming,350,8746
150000,hamming,351,8290
150000,hamming,352,7788
150000,hamming,353,7485
150000,hamming,354,6992
150000,hamming,355,6568
150000,hamming,356,6645
150000,hamming,357,6728
150000,hamming,358,7149
150000,hamming,359,7355
150000,hamming,360,8299
150000,hamming,361,9128
150000,hamming,362,10101
150000,hamming,363,11164
150000,hamming,364,12452
150000,hamming,365,13517
150000,hamming,366,14617
150000,hamming,367,16112
150000,hamming,368,16931
150000,hamming,369,17949
150000,hamming,370,19233
150000,hamming,371,20465
150000,hamming,372,21996
150000,hamming,373,24772
150000,hamming,374,27096
150000,hamming,375,29124
150000,hamming,376,30392
150000,hamming,377,30788
150000,hamming,378,30786
150000,hamming,379,31501
150000,hamming,380,32683
150000,hamming,381,33258
150000,hamming,382,33603
150000,hamming,383,32453
150000,hamming,384,31777
150000,hamming,385,30743
150000,hamming,386,29348
150000,hamming,387,28287
150000,hamming,388,27001
150000,hamming,389,24504
150000,hamming,390,21502
150000,hamming,391,19123
150000,hamming,392,16444
150000,hamming,393,15112
150000,hamming,394,12663
150000,hamming,395,11104
150000,hamming,396,8889
150000,hamming,397,7429
150000,hamming,398,6361
150000,hamming,399,4976
150000,hamming,400,3974
150000,hamming,401,2835
150000,hamming,402,2016
150000,hamming,403,1212
150000,hamming,404,670
150000,hamming,405,430
150000,hamming,406,240
150000,hamming,407,103
150000,hamming,408,54
150000,hamming,409,28
150000,hamming,410,22
150000,hamming,411,4
150000,hamming,413,1
150000,genes,0,7404
150000,genes,1,7928
150000,genes,2,21198
150000,genes,3,59465
150000,genes,4,137943
150000,genes,5,230868
150000,genes,6,252227
150000,genes,7,177236
150000,genes,8,78208
150000,genes,9,30735
150000,genes,10,15272
150000,genes,11,11168
150000,genes,12,9310
150000,genes,13,7443
150000,genes,14,6497
150000,genes,15,6161
150000,genes,16,6989
150000,genes,17,7414
150000,genes,18,7943
150000,genes,19,8080
150000,genes,20,8600
150000,genes,21,8293
150000,genes,22,7859
150000,genes,23,6994
150000,genes,24,6471
150000,genes,25,6421
150000,genes,26,6105
150000,genes,27,5609
150000,genes,28,4988
150000,genes,29,4915
150000,genes,30,4346
150000,genes,31,4478
150000,genes,32,4331
150000,genes,33,4255
150000,genes,34,4789
150000,genes,35,8312
150000,genes,36,22335
150000,genes,37,65985
150000,genes,38,143229
150000,genes,39,194353
150000,genes,40,180249
150000,genes,41,129450
150000,genes,42,69662
150000,genes,43,25684
150000,genes,44,6923
150000,genes,45,1583
150000,genes,46,406
150000,genes,47,281
150000,genes,48,233
150000,genes,49,152
150000,genes,50,104
150000,genes,51,51
150000,genes,52,24
150000,genes,53,18
150000,genes,54,2
150000,genes,55,50
150000,genes,56,16
150000,genes,57,28
150000,genes,58,4
150000,genes,59,13
150000,genes,61,1
150000,body,0,40064
150000,body,1,28095
150000,body,2,43557
150000,body,3,68509
150000,body,4,71700
150000,body,5,70587
150000,body,6,91201
150000,body,7,74933
150000,body,8,61606
150000,body,9,64321
150000,body,10,59186
150000,body,11,54065
150000,body,12,51493
150000,body,13,44679
150000,body,14,40104
150000,body,15,38007
150000,body,16,33140
150000,body,17,31391
150000,body,18,24996
150000,body,19,21122
150000,body,20,19737
150000,body,21,18370
150000,body,22,17702
150000,body,23,19244
150000,body,24,16702
150000,body,25,17484
150000,body,26,15502
150000,body,27,13190
150000,body,28,14076
150000,body,29,13059
150000,body,30,11275
150000,body,31,12490
150000,body,32,10926
150000,body,33,11771
150000,body,34,11632
150000,body,35,12034
150000,body,36,11217
150000,body,37,13721
150000,body,38,12791
150000,body,39,14517
150000,body,40,13797
150000,body,41,14719
150000,body,42,13298
150000,body,43,28964
150000,body,44,24102
150000,body,45,34887
150000,body,46,37063
150000,body,47,38423
150000,body,48,34124
150000,body,49,98762
150000,body,50,39083
150000,body,51,28447
150000,body,52,42064
150000,body,53,44232
150000,body,54,38420
150000,body,55,40991
150000,body,56,30507
150000,body,57,16791
150000,body,58,25664
150000,body,59,21609
150000,body,60,17438
150000,body,61,18643
150000,body,62,8480
150000,body,63,5393
150000,body,64,10994
200000,hamming,0,116
200000,hamming,1,375
200000,hamming,2,574
200000,hamming,3,700
200000,hamming,4,834
200000,hamming,5,891
200000,hamming,6,861
200000,hamming,7,992
200000,hamming,8,896
200000,hamming,9,922
200000,hamming,10,925
200000,hamming,11,940
200000,hamming,12,866
200000,hamming,13,899
200000,hamming,14,873
200000,hamming,15,780
200000,hamming,16,724
200000,hamming,17,641
200000,hamming,18,556
200000,hamming,19,494
200000,hamming,20,484
200000,hamming,21,530
200000,hamming,22,547
200000,hamming,23,578
200000,hamming,24,627
200000,hamming,25,635
200000,hamming,26,611
200000,hamming,27,642
200000,hamming,28,618
200000,hamming,29,608
200000,hamming,30,673
200000,hamming,31,626
200000,hamming,32,614
200000,hamming,33,620
200000,hamming,34,561
200000,hamming,35,535
200000,hamming,36,575
200000,hamming,37,554
200000,hamming,38,565
200000,hamming,39,534
200000,hamming,40,538
200000,hamming,41,560
200000,hamming,42,515
200000,hamming,43,555
200000,hamming,44,559
200000,hamming,45,590
200000,hamming,46,666
200000,hamming,47,656
200000,hamming,48,725
200000,hamming,49,779
200000,hamming,50,797
200000,hamming,51,789
200000,hamming,52,784
200000,hamming,53,820
200000,hamming,54,834
200000,hamming,55,837
200000,hamming,56,830
200000,hamming,57,961
200000,hamming,58,934
200000,hamming,59,972
200000,hamming,60,973
200000,hamming,61,992
200000,hamming,62,1058
200000,hamming,63,1146
200000,hamming,64,1381
200000,hamming,65,1431
200000,hamming,66,1458
200000,hamming,67,1740
200000,hamming,68,1652
200000,hamming,69,1694
200000,hamming,70,1707
200000,hamming,71,1680
200000,hamming,72,1676
200000,hamming,73,1588
200000,hamming,74,1559
200000,hamming,75,1448
200000,hamming,76,1358
200000,hamming,77,1442
200000,hamming,78,1408
200000,hamming,79,1400
200000,hamming,80,1585
200000,hamming,81,1688
200000,hamming,82,1803
200000,hamming,83,1959
200000,hamming,84,2025
200000,hamming,85,2394
200000,hamming,86,2503
200000,hamming,87,2696
200000,hamming,88,2761
200000,hamming,89,2717
200000,hamming,90,2687
200000,hamming,91,2510
200000,hamming,92,2302
200000,hamming,93,2100
200000,hamming,94,1998
200000,hamming,95,1761
200000,hamming,96,1483
200000,hamming,97,1238
200000,hamming,98,1023
200000,hamming,99,958
200000,hamming,100,794
200000,hamming,101,661
200000,hamming,102,566
200000,hamming,103,497
200000,hamming,104,419
200000,hamming,105,399
200000,hamming,106,351
200000,hamming,107,338
200000,hamming,108,295
200000,hamming,109,303
200000,hamming,110,297
200000,hamming,111,294
200000,hamming,112,275
200000,hamming,113,239
200000,hamming,114,281
200000,hamming,115,266
200000,hamming,116,277
200000,hamming,117,281
200000,hamming,118,287
200000,hamming,119,258
200000,hamming,120,281
200000,hamming,121,279
200000,hamming,122,316
200000,hamming,123,279
200000,hamming,124,240
200000,hamming,125,233
200000,hamming,126,228
200000,hamming,127,218
200000,hamming,128,232
200000,hamming,129,236
200000,hamming,130,213
200000,hamming,131,222
200000,hamming,132,285
200000,hamming,133,310
200000,hamming,134,261
200000,hamming,135,320
200000,hamming,136,321
200000,hamming,137,331
200000,hamming,138,315
200000,hamming,139,317
200000,hamming,140,331
200000,hamming,141,314
200000,hamming,142,327
200000,hamming,143,307
200000,hamming,144,279
200000,hamming,145,299
200000,hamming,146,329
200000,hamming,147,345
200000,hamming,148,362
200000,hamming,149,385
200000,hamming,150,334
200000,hamming,151,329
200000,hamming,152,386
200000,hamming,153,377
200000,hamming,154,372
200000,hamming,155,428
200000,hamming,156,421
200000,hamming,157,460
200000,hamming,158,440
200000,hamming,159,419
200000,hamming,160,453
200000,hamming,161,526
200000,hamming,162,531
200000,hamming,163,497
200000,hamming,164,511
200000,hamming,165,547
200000,hamming,166,562
200000,hamming,167,554
200000,hamming,168,603
200000,hamming,169,596
200000,hamming,170,596
200000,hamming,171,577
200000,hamming,172,565
200000,hamming,173,520
200000,hamming,174,478
200000,hamming,175,561
200000,hamming,176,577
200000,hamming,177,592
200000,hamming,178,666
200000,hamming,179,600
200000,hamming,180,665
200000,hamming,181,730
200000,hamming,182,673
200000,hamming,183,725
200000,hamming,184,786
200000,hamming,185,687
200000,hamming,186,684
200000,hamming,187,732
200000,hamming,188,811
200000,hamming,189,808
200000,hamming,190,813
200000,hamming,191,857
200000,hamming,192,811
200000,hamming,193,815
200000,hamming,194,806
200000,hamming,195,841
200000,hamming,196,877
200000,hamming,197,967
200000,hamming,198,1011
200000,hamming,199,1060
200000,hamming,200,1077
200000,hamming,201,1105
200000,hamming,202,1159
200000,hamming,203,1216
200000,hamming,204,1105
200000,hamming,205,1178
200000,hamming,206,1157
200000,hamming,207,1274
200000,hamming,208,1336
200000,hamming,209,1534
200000,hamming,210,1757
200000,hamming,211,2057
200000,hamming,212,2185
200000,hamming,213,2563
200000,hamming,214,2775
200000,hamming,215,3034
200000,hamming,216,3121
200000,hamming,217,3437
200000,hamming,218,3555
200000,hamming,219,3578
200000,hamming,220,3890
200000,hamming,221,3748
200000,hamming,222,3788
200000,hamming,223,3726
200000,hamming,224,3574
200000,hamming,225,3816
200000,hamming,226,3931
200000,hamming,227,3838
200000,hamming,228,3720
200000,hamming,229,3536
200000,hamming,230,3233
200000,hamming,231,3145
200000,hamming,232,2932
200000,hamming,233,2661
200000,hamming,234,2279
200000,hamming,235,2298
200000,hamming,236,2181
200000,hamming,237,2197
200000,hamming,238,2214
200000,hamming,239,2300
200000,hamming,240,2228
200000,hamming,241,2321
200000,hamming,242,2467
200000,hamming,243,2538
200000,hamming,244,2702
200000,hamming,245,2840
200000,hamming,246,2933
200000,hamming,247,2867
200000,hamming,248,2876
200000,hamming,249,2859
200000,hamming,250,3030
200000,hamming,251,3210
200000,hamming,252,3257
200000,hamming,253,3236
200000,hamming,254,3161
200000,hamming,255,3227
200000,hamming,256,3353
200000,hamming,257,3648
200000,hamming,258,3684
200000,hamming,259,3926
200000,hamming,260,4121
200000,hamming,261,4151
200000,hamming,262,4350
200000,hamming,263,4805
200000,hamming,264,5084
200000,hamming,265,5334
200000,hamming,266,5529
200000,hamming,267,5532
200000,hamming,268,5868
200000,hamming,269,6185
200000,hamming,270,6401
200000,hamming,271,6900
200000,hamming,272,7307
200000,hamming,273,7573
200000,hamming,274,7748
200000,hamming,275,8191
200000,hamming,276,8273
200000,hamming,277,8748
200000,hamming,278,9089
200000,hamming,279,9259
200000,hamming,280,9432
200000,hamming,281,9923
200000,hamming,282,9802
200000,hamming,283,10101
200000,hamming,284,10271
200000,hamming,285,10523
200000,hamming,286,11003
200000,hamming,287,11560
200000,hamming,288,12005
200000,hamming,289,12343
200000,hamming,290,12580
200000,hamming,291,12860
200000,hamming,292,13120
200000,hamming,293,12756
200000,hamming,294,12890
200000,hamming,295,12945
200000,hamming,296,13456
200000,hamming,297,13521
200000,hamming,298,14311
200000,hamming,299,14715
200000,hamming,300,14725
200000,hamming,301,15701
200000,hamming,302,15863
200000,hamming,303,16520
200000,hamming,304,17078
200000,hamming,305,17014
200000,hamming,306,17321
200000,hamming,307,17622
200000,hamming,308,17787
200000,hamming,309,18151
200000,hamming,310,18432
200000,hamming,311,18707
200000,hamming,312,18873
200000,hamming,313,19204
200000,hamming,314,19376
200000,hamming,315,19662
200000,hamming,316,19339
200000,hamming,317,19505
200000,hamming,318,19870
200000,hamming,319,20114
200000,hamming,320,20047
200000,hamming,321,19735
200000,hamming,322,19524
200000,hamming,323,19291
200000,hamming,324,18589
200000,hamming,325,18471
200000,hamming,326,18218
200000,hamming,327,17689
200000,hamming,328,16860
200000,hamming,329,16507
200000,hamming,330,15316
200000,hamming,331,14672
200000,hamming,332,13912
200000,hamming,333,12919
200000,hamming,334,12087
200000,hamming,335,11078
200000,hamming,336,10189
200000,hamming,337,9473
200000,hamming,338,8579
200000,hamming,339,7880
200000,hamming,340,6995
200000,hamming,341,6484
200000,hamming,342,5597
200000,hamming,343,4849
200000,hamming,344,4287
200000,hamming,345,3536
200000,hamming,346,3095
200000,hamming,347,2637
200000,hamming,348,2375
200000,hamming,349,2186
200000,hamming,350,2005
200000,hamming,351,1857
200000,hamming,352,1721
200000,hamming,353,1711
200000,hamming,354,1519
200000,hamming,355,1648
200000,hamming,356,1716
200000,hamming,357,1944
200000,hamming,358,2164
200000,hamming,359,2528
200000,hamming,360,2474
200000,hamming,361,2772
200000,hamming,362,2953
200000,hamming,363,3173
200000,hamming,364,3871
200000,hamming,365,4839
200000,hamming,366,5365
200000,hamming,367,6212
200000,hamming,368,7356
200000,hamming,369,8752
200000,hamming,370,10601
200000,hamming,371,12254
200000,hamming,372,14528
200000,hamming,373,16858
200000,hamming,374,19348
200000,hamming,375,21562
200000,hamming,376,24232
200000,hamming,377,26412
200000,hamming,378,28434
200000,hamming,379,30600
200000,hamming,380,33495
200000,hamming,381,35060
200000,hamming,382,37182
200000,hamming,383,37944
200000,hamming,384,38234
200000,hamming,385,37613
200000,hamming,386,37464
200000,hamming,387,36391
200000,hamming,388,35029
200000,hamming,389,32820
200000,hamming,390,30632
200000,hamming,391,27603
200000,hamming,392,23983
200000,hamming,393,20830
200000,hamming,394,17623
200000,hamming,395,14791
200000,hamming,396,11869
200000,hamming,397,9351
200000,hamming,398,7330
200000,hamming,399,5878
200000,hamming,400,4914
200000,hamming,401,4004
200000,hamming,402,3032
200000,hamming,403,2249
200000,hamming,404,1533
200000,hamming,405,1037
200000,hamming,406,681
200000,hamming,407,432
200000,hamming,408,262
200000,hamming,409,119
200000,hamming,410,51
200000,hamming,411,14
200000,hamming,412,10
200000,hamming,413,7
200000,hamming,414,1
200000,genes,0,12188
200000,genes,1,12953
200000,genes,2,42747
200000,genes,3,93099
200000,genes,4,256461
200000,genes,5,382021
200000,genes,6,254402
200000,genes,7,105702
200000,genes,8,43830
200000,genes,9,24428
200000,genes,10,27286
200000,genes,11,31843
200000,genes,12,27241
200000,genes,13,14052
200000,genes,14,10221
200000,genes,15,6270
200000,genes,16,4426
200000,genes,17,2834
200000,genes,18,2785
200000,genes,19,1846
200000,genes,20,1669
200000,genes,21,1372
200000,genes,22,1495
200000,genes,23,1589
200000,genes,24,1750
200000,genes,25,1667
200000,genes,26,2838
200000,genes,27,3254
200000,genes,28,3706
200000,genes,29,2699
200000,genes,30,2225
200000,genes,31,2491
200000,genes,32,1809
200000,genes,33,2430
200000,genes,34,5437
200000,genes,35,21302
200000,genes,36,52648
200000,genes,37,111995
200000,genes,38,211474
200000,genes,39,229635
200000,genes,40,128378
200000,genes,41,49404
200000,genes,42,14014
200000,genes,43,3363
200000,genes,44,786
200000,genes,45,230
200000,genes,46,58
200000,genes,47,65
200000,genes,48,11
200000,genes,49,43
200000,genes,50,58
200000,genes,51,13
200000,genes,52,16
200000,genes,54,6
200000,body,0,87893
200000,body,1,27132
200000,body,2,58724
200000,body,3,79383
200000,body,4,67027
200000,body,5,81874
200000,body,6,98330
200000,body,7,64179
200000,body,8,69376
200000,body,9,82116
200000,body,10,67568
200000,body,11,64200
200000,body,12,60698
200000,body,13,55301
200000,body,14,43267
200000,body,15,40438
200000,body,16,35780
200000,body,17,27803
200000,body,18,29705
200000,body,19,26599
200000,body,20,22826
200000,body,21,20696
200000,body,22,21684
200000,body,23,15938
200000,body,24,17751
200000,body,25,16092
200000,body,26,13186
200000,body,27,14369
200000,body,28,12847
200000,body,29,16861
200000,body,30,13001
200000,body,31,14108
200000,body,32,14038
200000,body,33,14935
200000,body,34,12585
200000,body,35,12466
200000,body,36,12323
200000,body,37,15753
200000,body,38,16038
200000,body,39,13887
200000,body,40,13079
200000,body,41,14752
200000,body,42,15940
200000,body,43,24831
200000,body,44,22269
200000,body,45,21535
200000,body,46,36570
200000,body,47,33362
200000,body,48,26366
200000,body,49,144200
200000,body,50,41993
200000,body,51,33556
200000,body,52,39461
200000,body,53,32056
200000,body,54,36588
200000,body,55,34309
200000,body,56,18872
200000,body,57,23069
200000,body,58,26983
200000,body,59,22193
200000,body,60,16614
200000,body,61,20782
200000,body,62,14628
200000,body,63,6602
200000,body,64,17178
250000,hamming,0,111
250000,hamming,1,357
250000,hamming,2,529
250000,hamming,3,606
250000,hamming,4,667
250000,hamming,5,695
250000,hamming,6,648
250000,hamming,7,697
250000,hamming,8,769
250000,hamming,9,750
250000,hamming,10,754
250000,hamming,11,743
250000,hamming,12,803
250000,hamming,13,799
250000,hamming,14,761
250000,hamming,15,897
250000,hamming,16,946
250000,hamming,17,871
250000,hamming,18,817
250000,hamming,19,778
250000,hamming,20,804
250000,hamming,21,793
250000,hamming,22,786
250000,hamming,23,813
250000,hamming,24,767
250000,hamming,25,709
250000,hamming,26,781
250000,hamming,27,834
250000,hamming,28,825
250000,hamming,29,898
250000,hamming,30,975
250000,hamming,31,975
250000,hamming,32,1001
250000,hamming,33,1020
250000,hamming,34,1096
250000,hamming,35,1275
250000,hamming,36,1315
250000,hamming,37,1493
250000,hamming,38,1625
250000,hamming,39,1659
250000,hamming,40,1684
250000,hamming,41,1813
250000,hamming,42,1751
250000,hamming,43,1647
250000,hamming,44,1504
250000,hamming,45,1381
250000,hamming,46,1294
250000,hamming,47,1175
250000,hamming,48,1020
250000,hamming,49,908
250000,hamming,50,877
250000,hamming,51,841
250000,hamming,52,745
250000,hamming,53,702
250000,hamming,54,724
250000,hamming,55,663
250000,hamming,56,680
250000,hamming,57,720
250000,hamming,58,721
250000,hamming,59,771
250000,hamming,60,876
250000,hamming,61,885
250000,hamming,62,911
250000,hamming,63,933
250000,hamming,64,930
250000,hamming,65,963
250000,hamming,66,998
250000,hamming,67,955
250000,hamming,68,923
250000,hamming,69,890
250000,hamming,70,784
250000,hamming,71,763
250000,hamming,72,676
250000,hamming,73,585
250000,hamming,74,574
250000,hamming,75,582
250000,hamming,76,537
250000,hamming,77,530
250000,hamming,78,522
250000,hamming,79,538
250000,hamming,80,523
250000,hamming,81,545
250000,hamming,82,576
250000,hamming,83,731
250000,hamming,84,727
250000,hamming,85,879
250000,hamming,86,919
250000,hamming,87,1044
250000,hamming,88,1223
250000,hamming,89,1347
250000,hamming,90,1488
250000,hamming,91,1636
250000,hamming,92,1670
250000,hamming,93,1792
250000,hamming,94,1771
250000,hamming,95,2003
250000,hamming,96,2105
250000,hamming,97,2239
250000,hamming,98,2148
250000,hamming,99,2266
250000,hamming,100,2212
250000,hamming,101,2276
250000,hamming,102,2339
250000,hamming,103,2254
250000,hamming,104,2224
250000,hamming,105,2202
250000,hamming,106,1922
250000,hamming,107,1982
250000,hamming,108,1716
250000,hamming,109,1419
250000,hamming,110,1194
250000,hamming,111,1015
250000,hamming,112,998
250000,hamming,113,781
250000,hamming,114,812
250000,hamming,115,784
250000,hamming,116,850
250000,hamming,117,988
250000,hamming,118,1059
250000,hamming,119,1055
250000,hamming,120,1271
250000,hamming,121,1428
250000,hamming,122,1674
250000,hamming,123,1634
250000,hamming,124,1757
250000,hamming,125,1930
250000,hamming,126,2067
250000,hamming,127,2243
250000,hamming,128,2345
250000,hamming,129,2410
250000,hamming,130,2455
250000,hamming,131,2465
250000,hamming,132,2432
250000,hamming,133,2284
250000,hamming,134,2083
250000,hamming,135,1835
250000,hamming,136,1511
250000,hamming,137,1394
250000,hamming,138,1052
250000,hamming,139,928
250000,hamming,140,761
250000,hamming,141,644
250000,hamming,142,546
250000,hamming,143,491
250000,hamming,144,437
250000,hamming,145,389
250000,hamming,146,373
250000,hamming,147,395
250000,hamming,148,367
250000,hamming,149,363
250000,hamming,150,353
250000,hamming,151,379
250000,hamming,152,394
250000,hamming,153,390
250000,hamming,154,391
250000,hamming,155,383
250000,hamming,156,370
250000,hamming,157,355
250000,hamming,158,340
250000,hamming,159,335
250000,hamming,160,297
250000,hamming,161,253
250000,hamming,162,264
250000,hamming,163,283
250000,hamming,164,326
250000,hamming,165,346
250000,hamming,166,378
250000,hamming,167,391
250000,hamming,168,418
250000,hamming,169,449
250000,hamming,170,418
250000,hamming,171,373
250000,hamming,172,346
250000,hamming,173,361
250000,hamming,174,344
250000,hamming,175,359
250000,hamming,176,393
250000,hamming,177,431
250000,hamming,178,456
250000,hamming,179,453
250000,hamming,180,452
250000,hamming,181,483
250000,hamming,182,472
250000,hamming,183,491
250000,hamming,184,462
250000,hamming,185,452
250000,hamming,186,507
250000,hamming,187,491
250000,hamming,188,463
250000,hamming,189,474
250000,hamming,190,504
250000,hamming,191,474
250000,hamming,192,454
250000,hamming,193,434
250000,hamming,194,453
250000,hamming,195,537
250000,hamming,196,525
250000,hamming,197,647
250000,hamming,198,681
250000,hamming,199,616
250000,hamming,200,669
250000,hamming,201,610
250000,hamming,202,631
250000,hamming,203,648
250000,hamming,204,689
250000,hamming,205,590
250000,hamming,206,635
250000,hamming,207,668
250000,hamming,208,682
250000,hamming,209,696
250000,hamming,210,695
250000,hamming,211,740
250000,hamming,212,700
250000,hamming,213,717
250000,hamming,214,707
250000,hamming,215,663
250000,hamming,216,735
250000,hamming,217,708
250000,hamming,218,643
250000,hamming,219,656
250000,hamming,220,701
250000,hamming,221,695
250000,hamming,222,704
250000,hamming,223,684
250000,hamming,224,683
250000,hamming,225,656
250000,hamming,226,642
250000,hamming,227,713
250000,hamming,228,660
250000,hamming,229,677
250000,hamming,230,670
250000,hamming,231,691
250000,hamming,232,773
250000,hamming,233,828
250000,hamming,234,879
250000,hamming,235,887
250000,hamming,236,932
250000,hamming,237,1005
250000,hamming,238,1088
250000,hamming,239,1130
250000,hamming,240,1279
250000,hamming,241,1372
250000,hamming,242,1421
250000,hamming,243,1481
250000,hamming,244,1462
250000,hamming,245,1396
250000,hamming,246,1359
250000,hamming,247,1479
250000,hamming,248,1470
250000,hamming,249,1565
250000,hamming,250,1664
250000,hamming,251,1699
250000,hamming,252,1806
250000,hamming,253,1940
250000,hamming,254,2121
250000,hamming,255,2162
250000,hamming,256,2300
250000,hamming,257,2343
250000,hamming,258,2610
250000,hamming,259,2649
250000,hamming,260,2724
250000,hamming,261,2787
250000,hamming,262,2996
250000,hamming,263,3091
250000,hamming,264,3003
250000,hamming,265,3157
250000,hamming,266,3044
250000,hamming,267,2818
250000,hamming,268,2707
250000,hamming,269,2697
250000,hamming,270,2839
250000,hamming,271,3059
250000,hamming,272,3164
250000,hamming,273,3627
250000,hamming,274,3833
250000,hamming,275,4240
250000,hamming,276,4340
250000,hamming,277,4603
250000,hamming,278,4733
250000,hamming,279,4731
250000,hamming,280,4805
250000,hamming,281,4830
250000,hamming,282,5054
250000,hamming,283,5202
250000,hamming,284,5292
250000,hamming,285,5304
250000,hamming,286,5541
250000,hamming,287,5553
250000,hamming,288,5522
250000,hamming,289,5725
250000,hamming,290,5881
250000,hamming,291,6104
250000,hamming,292,6380
250000,hamming,293,6667
250000,hamming,294,6865
250000,hamming,295,7034
250000,hamming,296,7238
250000,hamming,297,7366
250000,hamming,298,7355
250000,hamming,299,7395
250000,hamming,300,7898
250000,hamming,301,8499
250000,hamming,302,8800
250000,hamming,303,9055
250000,hamming,304,9249
250000,hamming,305,9336
250000,hamming,306,9793
250000,hamming,307,9779
250000,hamming,308,10355
250000,hamming,309,10706
250000,hamming,310,11356
250000,hamming,311,11868
250000,hamming,312,12257
250000,hamming,313,12332
250000,hamming,314,12407
250000,hamming,315,12548
250000,hamming,316,12250
250000,hamming,317,12235
250000,hamming,318,12118
250000,hamming,319,12123
250000,hamming,320,12400
250000,hamming,321,12781
250000,hamming,322,13249
250000,hamming,323,13619
250000,hamming,324,13945
250000,hamming,325,14010
250000,hamming,326,13603
250000,hamming,327,13151
250000,hamming,328,12493
250000,hamming,329,11914
250000,hamming,330,11796
250000,hamming,331,11658
250000,hamming,332,11297
250000,hamming,333,10957
250000,hamming,334,10691
250000,hamming,335,10058
250000,hamming,336,9743
250000,hamming,337,9256
250000,hamming,338,8411
250000,hamming,339,7901
250000,hamming,340,7149
250000,hamming,341,6768
250000,hamming,342,6216
250000,hamming,343,6125
250000,hamming,344,5841
250000,hamming,345,5202
250000,hamming,346,5088
250000,hamming,347,4568
250000,hamming,348,3837
250000,hamming,349,3283
250000,hamming,350,2680
250000,hamming,351,2329
250000,hamming,352,2142
250000,hamming,353,1771
250000,hamming,354,1634
250000,hamming,355,1376
250000,hamming,356,1124
250000,hamming,357,1022
250000,hamming,358,1018
250000,hamming,359,1060
250000,hamming,360,1350
250000,hamming,361,1574
250000,hamming,362,1840
250000,hamming,363,1960
250000,hamming,364,2275
250000,hamming,365,3090
250000,hamming,366,3823
250000,hamming,367,4731
250000,hamming,368,5435
250000,hamming,369,6363
250000,hamming,370,7400
250000,hamming,371,8906
250000,hamming,372,10384
250000,hamming,373,12310
250000,hamming,374,13821
250000,hamming,375,15360
250000,hamming,376,16964
250000,hamming,377,18389
250000,hamming,378,18911
250000,hamming,379,19961
250000,hamming,380,20664
250000,hamming,381,21142
250000,hamming,382,21895
250000,hamming,383,22247
250000,hamming,384,22229
250000,hamming,385,22503
250000,hamming,386,22983
250000,hamming,387,23497
250000,hamming,388,25147
250000,hamming,389,26654
250000,hamming,390,27008
250000,hamming,391,27398
250000,hamming,392,26691
250000,hamming,393,24643
250000,hamming,394,23511
250000,hamming,395,22680
250000,hamming,396,20674
250000,hamming,397,18331
250000,hamming,398,16211
250000,hamming,399,14103
250000,hamming,400,12283
250000,hamming,401,10572
250000,hamming,402,8766
250000,hamming,403,7353
250000,hamming,404,5745
250000,hamming,405,4622
250000,hamming,406,3250
250000,hamming,407,2278
250000,hamming,408,1459
250000,hamming,409,980
250000,hamming,410,532
250000,hamming,411,339
250000,hamming,412,190
250000,hamming,413,115
250000,hamming,414,54
250000,hamming,415,25
250000,hamming,416,2
250000,hamming,417,4
250000,hamming,418,2
250000,genes,0,24362
250000,genes,1,42824
250000,genes,2,135208
250000,genes,3,93085
250000,genes,4,109754
250000,genes,5,108101
250000,genes,6,150864
250000,genes,7,90494
250000,genes,8,51168
250000,genes,9,19990
250000,genes,10,16245
250000,genes,11,11934
250000,genes,12,8719
250000,genes,13,7911
250000,genes,14,6143
250000,genes,15,5952
250000,genes,16,6490
250000,genes,17,5749
250000,genes,18,6794
250000,genes,19,6519
250000,genes,20,7412
250000,genes,21,6596
250000,genes,22,6590
250000,genes,23,5868
250000,genes,24,5379
250000,genes,25,4759
250000,genes,26,3707
250000,genes,27,3453
250000,genes,28,2735
250000,genes,29,2243
250000,genes,30,1897
250000,genes,31,1596
250000,genes,32,1085
250000,genes,33,909
250000,genes,34,2204
250000,genes,35,10404
250000,genes,36,31185
250000,genes,37,71188
250000,genes,38,169743
250000,genes,39,179003
250000,genes,40,132748
250000,genes,41,55258
250000,genes,42,26456
250000,genes,43,5829
250000,genes,44,1293
250000,genes,45,116
250000,genes,46,56
250000,genes,47,2
250000,body,0,42871
250000,body,1,43809
250000,body,2,43827
250000,body,3,64770
250000,body,4,55470
250000,body,5,55809
250000,body,6,63430
250000,body,7,61433
250000,body,8,49641
250000,body,9,50551
250000,body,10,45295
250000,body,11,41836
250000,body,12,38002
250000,body,13,35891
250000,body,14,28802
250000,body,15,23847
250000,body,16,22760
250000,body,17,19954
250000,body,18,18985
250000,body,19,15923
250000,body,20,14069
250000,body,21,14226
250000,body,22,11964
250000,body,23,11773
250000,body,24,10854
250000,body,25,9663
250000,body,26,9013
250000,body,27,9945
250000,body,28,10484
250000,body,29,8910
250000,body,30,9258
250000,body,31,8571
250000,body,32,9585
250000,body,33,9647
250000,body,34,8238
250000,body,35,8983
250000,body,36,10359
250000,body,37,9174
250000,body,38,10071
250000,body,39,10036
250000,body,40,9206
250000,body,41,8609
250000,body,42,12922
250000,body,43,15942
250000,body,44,18277
250000,body,45,18950
250000,body,46,19165
250000,body,47,19663
250000,body,48,45276
250000,body,49,104583
250000,body,50,56845
250000,body,51,29265
250000,body,52,34158
250000,body,53,27009
250000,body,54,26799
250000,body,55,30132
250000,body,56,19567
250000,body,57,17014
250000,body,58,23494
250000,body,59,16931
250000,body,60,16556
250000,body,61,13838
250000,body,62,14395
250000,body,63,10919
250000,body,64,10776
300000,hamming,0,146
300000,hamming,1,397
300000,hamming,2,564
300000,hamming,3,656
300000,hamming,4,614
300000,hamming,5,715
300000,hamming,6,708
300000,hamming,7,711
300000,hamming,8,724
300000,hamming,9,693
300000,hamming,10,654
300000,hamming,11,666
300000,hamming,12,696
300000,hamming,13,681
300000,hamming,14,714
300000,hamming,15,683
300000,hamming,16,704
300000,hamming,17,717
300000,hamming,18,740
300000,hamming,19,712
300000,hamming,20,690
300000,hamming,21,791
300000,hamming,22,759
300000,hamming,23,752
300000,hamming,24,756
300000,hamming,25,737
300000,hamming,26,745
300000,hamming,27,728
300000,hamming,28,751
300000,hamming,29,669
300000,hamming,30,704
300000,hamming,31,695
300000,hamming,32,784
300000,hamming,33,772
300000,hamming,34,772
300000,hamming,35,794
300000,hamming,36,804
300000,hamming,37,811
300000,hamming,38,794
300000,hamming,39,820
300000,hamming,40,791
300000,hamming,41,841
300000,hamming,42,922
300000,hamming,43,1039
300000,hamming,44,1147
300000,hamming,45,1232
300000,hamming,46,1363
300000,hamming,47,1506
300000,hamming,48,1620
300000,hamming,49,1694
300000,hamming,50,1789
300000,hamming,51,1815
300000,hamming,52,1844
300000,hamming,53,1806
300000,hamming,54,1915
300000,hamming,55,1854
300000,hamming,56,1901
300000,hamming,57,2000
300000,hamming,58,1974
300000,hamming,59,2135
300000,hamming,60,2219
300000,hamming,61,2234
300000,hamming,62,2308
300000,hamming,63,2439
300000,hamming,64,2410
300000,hamming,65,2293
300000,hamming,66,2365
300000,hamming,67,2271
300000,hamming,68,2279
300000,hamming,69,2316
300000,hamming,70,2250
300000,hamming,71,2289
300000,hamming,72,2239
300000,hamming,73,2186
300000,hamming,74,2102
300000,hamming,75,2024
300000,hamming,76,2005
300000,hamming,77,1832
300000,hamming,78,1760
300000,hamming,79,1626
300000,hamming,80,1443
300000,hamming,81,1364
300000,hamming,82,1110
300000,hamming,83,1029
300000,hamming,84,944
300000,hamming,85,848
300000,hamming,86,837
300000,hamming,87,742
300000,hamming,88,788
300000,hamming,89,866
300000,hamming,90,896
300000,hamming,91,919
300000,hamming,92,942
300000,hamming,93,1110
300000,hamming,94,1250
300000,hamming,95,1419
300000,hamming,96,1639
300000,hamming,97,1956
300000,hamming,98,2200
300000,hamming,99,2346
300000,hamming,100,2628
300000,hamming,101,2875
300000,hamming,102,2921
300000,hamming,103,3126
300000,hamming,104,3061
300000,hamming,105,3124
300000,hamming,106,3258
300000,hamming,107,3116
300000,hamming,108,3017
300000,hamming,109,2941
300000,hamming,110,2735
300000,hamming,111,2709
300000,hamming,112,2461
300000,hamming,113,2247
300000,hamming,114,1971
300000,hamming,115,1583
300000,hamming,116,1384
300000,hamming,117,1142
300000,hamming,118,880
300000,hamming,119,720
300000,hamming,120,603
300000,hamming,121,567
300000,hamming,122,559
300000,hamming,123,495
300000,hamming,124,468
300000,hamming,125,449
300000,hamming,126,469
300000,hamming,127,471
300000,hamming,128,464
300000,hamming,129,466
300000,hamming,130,495
300000,hamming,131,492
300000,hamming,132,505
300000,hamming,133,594
300000,hamming,134,640
300000,hamming,135,691
300000,hamming,136,671
300000,hamming,137,701
300000,hamming,138,679
300000,hamming,139,645
300000,hamming,140,579
300000,hamming,141,571
300000,hamming,142,545
300000,hamming,143,452
300000,hamming,144,425
300000,hamming,145,409
300000,hamming,146,425
300000,hamming,147,407
300000,hamming,148,380
300000,hamming,149,377
300000,hamming,150,376
300000,hamming,151,404
300000,hamming,152,423
300000,hamming,153,409
300000,hamming,154,414
300000,hamming,155,419
300000,hamming,156,445
300000,hamming,157,473
300000,hamming,158,471
300000,hamming,159,464
300000,hamming,160,462
300000,hamming,161,557
300000,hamming,162,597
300000,hamming,163,637
300000,hamming,164,638
300000,hamming,165,593
300000,hamming,166,581
300000,hamming,167,539
300000,hamming,168,550
300000,hamming,169,549
300000,hamming,170,602
300000,hamming,171,645
300000,hamming,172,664
300000,hamming,173,761
300000,hamming,174,855
300000,hamming,175,913
300000,hamming,176,983
300000,hamming,177,1058
300000,hamming,178,1037
300000,hamming,179,1204
300000,hamming,180,1134
300000,hamming,181,1133
300000,hamming,182,1159
300000,hamming,183,1142
300000,hamming,184,1085
300000,hamming,185,1015
300000,hamming,186,1052
300000,hamming,187,900
300000,hamming,188,850
300000,hamming,189,908
300000,hamming,190,852
300000,hamming,191,833
300000,hamming,192,851
300000,hamming,193,867
300000,hamming,194,847
300000,hamming,195,834
300000,hamming,196,780
300000,hamming,197,772
300000,hamming,198,791
300000,hamming,199,733
300000,hamming,200,807
300000,hamming,201,742
300000,hamming,202,688
300000,hamming,203,659
300000,hamming,204,657
300000,hamming,205,636
300000,hamming,206,667
300000,hamming,207,719
300000,hamming,208,717
300000,hamming,209,785
300000,hamming,210,842
300000,hamming,211,878
300000,hamming,212,940
300000,hamming,213,1064
300000,hamming,214,1028
300000,hamming,215,1044
300000,hamming,216,1011
300000,hamming,217,1025
300000,hamming,218,981
300000,hamming,219,980
300000,hamming,220,918
300000,hamming,221,793
300000,hamming,222,771
300000,hamming,223,746
300000,hamming,224,887
300000,hamming,225,854
300000,hamming,226,998
300000,hamming,227,1149
300000,hamming,228,1187
300000,hamming,229,1371
300000,hamming,230,1439
300000,hamming,231,1570
300000,hamming,232,1605
300000,hamming,233,1651
300000,hamming,234,1762
300000,hamming,235,1791
300000,hamming,236,1723
300000,hamming,237,1725
300000,hamming,238,1704
300000,hamming,239,1745
300000,hamming,240,1774
300000,hamming,241,1610
300000,hamming,242,1744
300000,hamming,243,1797
300000,hamming,244,1922
300000,hamming,245,1817
300000,hamming,246,1959
300000,hamming,247,1993
300000,hamming,248,2055
300000,hamming,249,2070
300000,hamming,250,2033
300000,hamming,251,2101
300000,hamming,252,2087
300000,hamming,253,2078
300000,hamming,254,2124
300000,hamming,255,2241
300000,hamming,256,2142
300000,hamming,257,2323
300000,hamming,258,2508
300000,hamming,259,2459
300000,hamming,260,2615
300000,hamming,261,2769
300000,hamming,262,2771
300000,hamming,263,2873
300000,hamming,264,2834
300000,hamming,265,2909
300000,hamming,266,2815
300000,hamming,267,2973
300000,hamming,268,3036
300000,hamming,269,3137
300000,hamming,270,3140
300000,hamming,271,3268
300000,hamming,272,3103
300000,hamming,273,3078
300000,hamming,274,3069
300000,hamming,275,3118
300000,hamming,276,3041
300000,hamming,277,2968
300000,hamming,278,3175
300000,hamming,279,3214
300000,hamming,280,3374
300000,hamming,281,3440
300000,hamming,282,3535
300000,hamming,283,3821
300000,hamming,284,4128
300000,hamming,285,4420
300000,hamming,286,4561
300000,hamming,287,4802
300000,hamming,288,5148
300000,hamming,289,5331
300000,hamming,290,5474
300000,hamming,291,5725
300000,hamming,292,6161
300000,hamming,293,6342
300000,hamming,294,6567
300000,hamming,295,6794
300000,hamming,296,7052
300000,hamming,297,7446
300000,hamming,298,8048
300000,hamming,299,8284
300000,hamming,300,8755
300000,hamming,301,8876
300000,hamming,302,9166
300000,hamming,303,9416
300000,hamming,304,9931
300000,hamming,305,10264
300000,hamming,306,10590
300000,hamming,307,11413
300000,hamming,308,11813
300000,hamming,309,11842
300000,hamming,310,12317
300000,hamming,311,13246
300000,hamming,312,13243
300000,hamming,313,14108
300000,hamming,314,14773
300000,hamming,315,14758
300000,hamming,316,15337
300000,hamming,317,15850
300000,hamming,318,16243
300000,hamming,319,16706
300000,hamming,320,16785
300000,hamming,321,17218
300000,hamming,322,18029
300000,hamming,323,18737
300000,hamming,324,19389
300000,hamming,325,19430
300000,hamming,326,19623
300000,hamming,327,19475
300000,hamming,328,19596
300000,hamming,329,19334
300000,hamming,330,19256
300000,hamming,331,19614
300000,hamming,332,19380
300000,hamming,333,18641
300000,hamming,334,18186
300000,hamming,335,17840
300000,hamming,336,16865
300000,hamming,337,15666
300000,hamming,338,14978
300000,hamming,339,13923
300000,hamming,340,13248
300000,hamming,341,12487
300000,hamming,342,11909
300000,hamming,343,11469
300000,hamming,344,10185
300000,hamming,345,9473
300000,hamming,346,8749
300000,hamming,347,8071
300000,hamming,348,7160
300000,hamming,349,6297
300000,hamming,350,5687
300000,hamming,351,5128
300000,hamming,352,4495
300000,hamming,353,3695
300000,hamming,354,3101
300000,hamming,355,2523
300000,hamming,356,2071
300000,hamming,357,1622
300000,hamming,358,1318
300000,hamming,359,952
300000,hamming,360,830
300000,hamming,361,721
300000,hamming,362,673
300000,hamming,363,899
300000,hamming,364,1089
300000,hamming,365,1468
300000,hamming,366,2030
300000,hamming,367,2595
300000,hamming,368,3368
300000,hamming,369,4128
300000,hamming,370,5329
300000,hamming,371,6754
300000,hamming,372,8393
300000,hamming,373,10244
300000,hamming,374,12551
300000,hamming,375,14791
300000,hamming,376,17168
300000,hamming,377,19695
300000,hamming,378,22085
300000,hamming,379,24963
300000,hamming,380,28969
300000,hamming,381,32020
300000,hamming,382,35575
300000,hamming,383,39403
300000,hamming,384,41808
300000,hamming,385,43802
300000,hamming,386,45682
300000,hamming,387,46309
300000,hamming,388,44869
300000,hamming,389,43463
300000,hamming,390,41309
300000,hamming,391,37644
300000,hamming,392,33758
300000,hamming,393,30800
300000,hamming,394,26066
300000,hamming,395,21898
300000,hamming,396,18578
300000,hamming,397,15481
300000,hamming,398,12427
300000,hamming,399,9994
300000,hamming,400,8122
300000,hamming,401,6620
300000,hamming,402,4960
300000,hamming,403,3933
300000,hamming,404,2832
300000,hamming,405,1893
300000,hamming,406,1146
300000,hamming,407,703
300000,hamming,408,407
300000,hamming,409,185
300000,hamming,410,114
300000,hamming,411,40
300000,hamming,412,26
300000,hamming,413,10
300000,hamming,414,3
300000,hamming,415,6
300000,genes,0,19705
300000,genes,1,34390
300000,genes,2,158560
300000,genes,3,191315
300000,genes,4,168669
300000,genes,5,153287
300000,genes,6,150860
300000,genes,7,82981
300000,genes,8,50844
300000,genes,9,36083
300000,genes,10,27324
300000,genes,11,18431
300000,genes,12,21098
300000,genes,13,18092
300000,genes,14,11557
300000,genes,15,9018
300000,genes,16,7976
300000,genes,17,7786
300000,genes,18,6366
300000,genes,19,6415
300000,genes,20,6274
300000,genes,21,5093
300000,genes,22,4643
300000,genes,23,3934
300000,genes,24,3167
300000,genes,25,2786
300000,genes,26,1998
300000,genes,27,1581
300000,genes,28,1233
300000,genes,29,1042
300000,genes,30,880
300000,genes,31,2248
300000,genes,32,1116
300000,genes,33,2168
300000,genes,34,2250
300000,genes,35,5315
300000,genes,36,18096
300000,genes,37,49859
300000,genes,38,144623
300000,genes,39,292203
300000,genes,40,206273
300000,genes,41,94686
300000,genes,42,26017
300000,genes,43,4643
300000,genes,44,508
300000,genes,45,35
300000,genes,46,34
300000,genes,47,14
300000,genes,48,3
300000,genes,49,13
300000,genes,51,2
300000,genes,52,2
300000,body,0,65073
300000,body,1,24969
300000,body,2,60589
300000,body,3,66126
300000,body,4,67501
300000,body,5,82974
300000,body,6,75235
300000,body,7,75984
300000,body,8,63876
300000,body,9,61989
300000,body,10,59920
300000,body,11,55734
300000,body,12,49320
300000,body,13,47725
300000,body,14,39375
300000,body,15,34950
300000,body,16,31547
300000,body,17,29591
300000,body,18,27941
300000,body,19,23153
300000,body,20,19404
300000,body,21,18883
300000,body,22,18217
300000,body,23,16084
300000,body,24,12297
300000,body,25,10948
300000,body,26,11376
300000,body,27,12017
300000,body,28,11245
300000,body,29,11370
300000,body,30,9419
300000,body,31,9838
300000,body,32,8444
300000,body,33,10361
300000,body,34,10916
300000,body,35,10211
300000,body,36,9973
300000,body,37,10881
300000,body,38,10089
300000,body,39,11885
300000,body,40,11032
300000,body,41,10638
300000,body,42,15350
300000,body,43,20870
300000,body,44,19929
300000,body,45,17672
300000,body,46,23171
300000,body,47,40031
300000,body,48,26193
300000,body,49,153028
300000,body,50,44273
300000,body,51,38560
300000,body,52,57178
300000,body,53,34944
300000,body,54,37686
300000,body,55,42605
300000,body,56,27015
300000,body,57,22568
300000,body,58,33449
300000,body,59,18125
300000,body,60,21991
300000,body,61,18563
300000,body,62,13405
300000,body,63,10332
300000,body,64,17458
350000,hamming,0,167
350000,hamming,1,371
350000,hamming,2,572
350000,hamming,3,698
350000,hamming,4,746
350000,hamming,5,801
350000,hamming,6,795
350000,hamming,7,819
350000,hamming,8,792
350000,hamming,9,864
350000,hamming,10,928
350000,hamming,11,877
350000,hamming,12,901
350000,hamming,13,983
350000,hamming,14,927
350000,hamming,15,947
350000,hamming,16,913
350000,hamming,17,870
350000,hamming,18,856
350000,hamming,19,772
350000,hamming,20,786
350000,hamming,21,737
350000,hamming,22,748
350000,hamming,23,764
350000,hamming,24,715
350000,hamming,25,743
350000,hamming,26,751
350000,hamming,27,711
350000,hamming,28,700
350000,hamming,29,704
350000,hamming,30,679
350000,hamming,31,701
350000,hamming,32,662
350000,hamming,33,645
350000,hamming,34,616
350000,hamming,35,645
350000,hamming,36,681
350000,hamming,37,638
350000,hamming,38,611
350000,hamming,39,643
350000,hamming,40,600
350000,hamming,41,651
350000,hamming,42,533
350000,hamming,43,582
350000,hamming,44,570
350000,hamming,45,536
350000,hamming,46,646
350000,hamming,47,620
350000,hamming,48,658
350000,hamming,49,667
350000,hamming,50,712
350000,hamming,51,758
350000,hamming,52,801
350000,hamming,53,874
350000,hamming,54,914
350000,hamming,55,998
350000,hamming,56,1045
350000,hamming,57,1093
350000,hamming,58,1161
350000,hamming,59,1246
350000,hamming,60,1356
350000,hamming,61,1452
350000,hamming,62,1534
350000,hamming,63,1446
350000,hamming,64,1548
350000,hamming,65,1629
350000,hamming,66,1605
350000,hamming,67,1585
350000,hamming,68,1613
350000,hamming,69,1726
350000,hamming,70,1717
350000,hamming,71,1754
350000,hamming,72,1700
350000,hamming,73,1722
350000,hamming,74,1679
350000,hamming,75,1643
350000,hamming,76,1660
350000,hamming,77,1549
350000,hamming,78,1624
350000,hamming,79,1696
350000,hamming,80,1771
350000,hamming,81,1894
350000,hamming,82,1760
350000,hamming,83,1851
350000,hamming,84,1742
350000,hamming,85,1806
350000,hamming,86,1900
350000,hamming,87,1851
350000,hamming,88,2029
350000,hamming,89,1957
350000,hamming,90,1991
350000,hamming,91,2057
350000,hamming,92,2180
350000,hamming,93,2091
350000,hamming,94,2098
350000,hamming,95,2039
350000,hamming,96,2120
350000,hamming,97,2058
350000,hamming,98,2151
350000,hamming,99,2302
350000,hamming,100,2325
350000,hamming,101,2371
350000,hamming,102,2420
350000,hamming,103,2530
350000,hamming,104,2523
350000,hamming,105,2459
350000,hamming,106,2578
350000,hamming,107,2552
350000,hamming,108,2557
350000,hamming,109,2508
350000,hamming,110,2448
350000,hamming,111,2431
350000,hamming,112,2321
350000,hamming,113,2297
350000,hamming,114,2210
350000,hamming,115,2259
350000,hamming,116,2327
350000,hamming,117,2478
350000,hamming,118,2400
350000,hamming,119,2383
350000,hamming,120,2247
350000,hamming,121,2184
350000,hamming,122,2035
350000,hamming,123,2109
350000,hamming,124,2010
350000,hamming,125,1911
350000,hamming,126,1968
350000,hamming,127,1908
350000,hamming,128,1730
350000,hamming,129,1693
350000,hamming,130,1486
350000,hamming,131,1299
350000,hamming,132,1137
350000,hamming,133,957
350000,hamming,134,845
350000,hamming,135,686
350000,hamming,136,523
350000,hamming,137,524
350000,hamming,138,451
350000,hamming,139,417
350000,hamming,140,436
350000,hamming,141,409
350000,hamming,142,437
350000,hamming,143,417
350000,hamming,144,438
350000,hamming,145,407
350000,hamming,146,426
350000,hamming,147,423
350000,hamming,148,431
350000,hamming,149,366
350000,hamming,150,386
350000,hamming,151,349
350000,hamming,152,350
350000,hamming,153,330
350000,hamming,154,300
350000,hamming,155,302
350000,hamming,156,287
350000,hamming,157,260
350000,hamming,158,248
350000,hamming,159,268
350000,hamming,160,239
350000,hamming,161,275
350000,hamming,162,304
350000,hamming,163,327
350000,hamming,164,397
350000,hamming,165,481
350000,hamming,166,491
350000,hamming,167,482
350000,hamming,168,529
350000,hamming,169,542
350000,hamming,170,573
350000,hamming,171,609
350000,hamming,172,613
350000,hamming,173,623
350000,hamming,174,609
350000,hamming,175,569
350000,hamming,176,559
350000,hamming,177,529
350000,hamming,178,580
350000,hamming,179,528
350000,hamming,180,541
350000,hamming,181,508
350000,hamming,182,521
350000,hamming,183,511
350000,hamming,184,552
350000,hamming,185,509
350000,hamming,186,590
350000,hamming,187,640
350000,hamming,188,709
350000,hamming,189,693
350000,hamming,190,714
350000,hamming,191,699
350000,hamming,192,704
350000,hamming,193,673
350000,hamming,194,671
350000,hamming,195,612
350000,hamming,196,670
350000,hamming,197,691
350000,hamming,198,685
350000,hamming,199,734
350000,hamming,200,771
350000,hamming,201,800
350000,hamming,202,907
350000,hamming,203,822
350000,hamming,204,906
350000,hamming,205,937
350000,hamming,206,861
350000,hamming,207,921
350000,hamming,208,922
350000,hamming,209,914
350000,hamming,210,905
350000,hamming,211,886
350000,hamming,212,916
350000,hamming,213,812
350000,hamming,214,947
350000,hamming,215,1018
350000,hamming,216,945
350000,hamming,217,1042
350000,hamming,218,1057
350000,hamming,219,1041
350000,hamming,220,1109
350000,hamming,221,1126
350000,hamming,222,1131
350000,hamming,223,1290
350000,hamming,224,1317
350000,hamming,225,1390
350000,hamming,226,1392
350000,hamming,227,1423
350000,hamming,228,1396
350000,hamming,229,1536
350000,hamming,230,1541
350000,hamming,231,1508
350000,hamming,232,1456
350000,hamming,233,1312
350000,hamming,234,1282
350000,hamming,235,1359
350000,hamming,236,1453
350000,hamming,237,1438
350000,hamming,238,1565
350000,hamming,239,1720
350000,hamming,240,1792
350000,hamming,241,1831
350000,hamming,242,1991
350000,hamming,243,1938
350000,hamming,244,2135
350000,hamming,245,2107
350000,hamming,246,2140
350000,hamming,247,2278
350000,hamming,248,2464
350000,hamming,249,2425
350000,hamming,250,2618
350000,hamming,251,2507
350000,hamming,252,2563
350000,hamming,253,2602
350000,hamming,254,2654
350000,hamming,255,2701
350000,hamming,256,2724
350000,hamming,257,2693
350000,hamming,258,2766
350000,hamming,259,2776
350000,hamming,260,2901
350000,hamming,261,2878
350000,hamming,262,2916
350000,hamming,263,3053
350000,hamming,264,3124
350000,hamming,265,3128
350000,hamming,266,3239
350000,hamming,267,3498
350000,hamming,268,3622
350000,hamming,269,3673
350000,hamming,270,3850
350000,hamming,271,3991
350000,hamming,272,4120
350000,hamming,273,4078
350000,hamming,274,4158
350000,hamming,275,4267
350000,hamming,276,4511
350000,hamming,277,4486
350000,hamming,278,4555
350000,hamming,279,4633
350000,hamming,280,4649
350000,hamming,281,4522
350000,hamming,282,4557
350000,hamming,283,4641
350000,hamming,284,4952
350000,hamming,285,5401
350000,hamming,286,5561
350000,hamming,287,6107
350000,hamming,288,6534
350000,hamming,289,6600
350000,hamming,290,7015
350000,hamming,291,7202
350000,hamming,292,7334
350000,hamming,293,7752
350000,hamming,294,7824
350000,hamming,295,7978
350000,hamming,296,8032
350000,hamming,297,8229
350000,hamming,298,8326
350000,hamming,299,8415
350000,hamming,300,9140
350000,hamming,301,9142
350000,hamming,302,10126
350000,hamming,303,10637
350000,hamming,304,11425
350000,hamming,305,12003
350000,hamming,306,12713
350000,hamming,307,13080
350000,hamming,308,13470
350000,hamming,309,13608
350000,hamming,310,13999
350000,hamming,311,14628
350000,hamming,312,15485
350000,hamming,313,16017
350000,hamming,314,16791
350000,hamming,315,16935
350000,hamming,316,16893
350000,hamming,317,17238
350000,hamming,318,18563
350000,hamming,319,19810
350000,hamming,320,21111
350000,hamming,321,22764
350000,hamming,322,23507
350000,hamming,323,23724
350000,hamming,324,23405
350000,hamming,325,23398
350000,hamming,326,23334
350000,hamming,327,23068
350000,hamming,328,22157
350000,hamming,329,21273
350000,hamming,330,20635
350000,hamming,331,19630
350000,hamming,332,19051
350000,hamming,333,18627
350000,hamming,334,17545
350000,hamming,335,16840
350000,hamming,336,15648
350000,hamming,337,14905
350000,hamming,338,14202
350000,hamming,339,13255
350000,hamming,340,12751
350000,hamming,341,12183
350000,hamming,342,11479
350000,hamming,343,10038
350000,hamming,344,8937
350000,hamming,345,7683
350000,hamming,346,6470
350000,hamming,347,5385
350000,hamming,348,4535
350000,hamming,349,3775
350000,hamming,350,3060
350000,hamming,351,2524
350000,hamming,352,2301
350000,hamming,353,2029
350000,hamming,354,1815
350000,hamming,355,1447
350000,hamming,356,1351
350000,hamming,357,1268
350000,hamming,358,1249
350000,hamming,359,1111
350000,hamming,360,1057
350000,hamming,361,1178
350000,hamming,362,1164
350000,hamming,363,1421
350000,hamming,364,1597
350000,hamming,365,1802
350000,hamming,366,2072
350000,hamming,367,2496
350000,hamming,368,3181
350000,hamming,369,3849
350000,hamming,370,4922
350000,hamming,371,6700
350000,hamming,372,8345
350000,hamming,373,10613
350000,hamming,374,13090
350000,hamming,375,15971
350000,hamming,376,19959
350000,hamming,377,23641
350000,hamming,378,27633
350000,hamming,379,31131
350000,hamming,380,34642
350000,hamming,381,36704
350000,hamming,382,38317
350000,hamming,383,39178
350000,hamming,384,40107
350000,hamming,385,40134
350000,hamming,386,39799
350000,hamming,387,38765
350000,hamming,388,37292
350000,hamming,389,36653
350000,hamming,390,35366
350000,hamming,391,33661
350000,hamming,392,30992
350000,hamming,393,28147
350000,hamming,394,24489
350000,hamming,395,21100
350000,hamming,396,18447
350000,hamming,397,15269
350000,hamming,398,12700
350000,hamming,399,10254
350000,hamming,400,8298
350000,hamming,401,6679
350000,hamming,402,5347
350000,hamming,403,4284
350000,hamming,404,3245
350000,hamming,405,2558
350000,hamming,406,2062
350000,hamming,407,1826
350000,hamming,408,1391
350000,hamming,409,1133
350000,hamming,410,933
350000,hamming,411,540
350000,hamming,412,301
350000,hamming,413,151
350000,hamming,414,55
350000,hamming,415,66
350000,hamming,416,16
350000,hamming,417,4
350000,hamming,418,4
350000,genes,0,19599
350000,genes,1,29172
350000,genes,2,56369
350000,genes,3,60763
350000,genes,4,96220
350000,genes,5,157799
350000,genes,6,214151
350000,genes,7,201335
350000,genes,8,135784
350000,genes,9,84621
350000,genes,10,48701
350000,genes,11,32595
350000,genes,12,27827
350000,genes,13,30119
350000,genes,14,29378
350000,genes,15,19317
350000,genes,16,13402
350000,genes,17,10093
350000,genes,18,8022
350000,genes,19,6173
350000,genes,20,5440
350000,genes,21,4250
350000,genes,22,3566
350000,genes,23,2499
350000,genes,24,2146
350000,genes,25,1553
350000,genes,26,1312
350000,genes,27,1007
350000,genes,28,638
350000,genes,29,518
350000,genes,30,359
350000,genes,31,179
350000,genes,32,131
350000,genes,33,104
350000,genes,34,194
350000,genes,35,1288
350000,genes,36,7040
350000,genes,37,28407
350000,genes,38,89147
350000,genes,39,198820
350000,genes,40,221625
350000,genes,41,153729
350000,genes,42,76854
350000,genes,43,34102
350000,genes,44,14622
350000,genes,45,4786
350000,genes,46,1132
350000,genes,47,302
350000,genes,48,88
350000,body,0,32318
350000,body,1,26961
350000,body,2,54914
350000,body,3,62207
350000,body,4,69317
350000,body,5,72549
350000,body,6,83703
350000,body,7,80175
350000,body,8,68434
350000,body,9,71199
350000,body,10,65152
350000,body,11,56802
350000,body,12,56629
350000,body,13,50912
350000,body,14,48785
350000,body,15,39952
350000,body,16,37410
350000,body,17,34899
350000,body,18,29360
350000,body,19,26406
350000,body,20,23467
350000,body,21,20430
350000,body,22,19533
350000,body,23,18147
350000,body,24,18115
350000,body,25,22681
350000,body,26,17288
350000,body,27,16864
350000,body,28,15629
350000,body,29,14178
350000,body,30,11998
350000,body,31,12403
350000,body,32,11019
350000,body,33,13285
350000,body,34,10326
350000,body,35,12336
350000,body,36,13852
350000,body,37,12581
350000,body,38,10872
350000,body,39,16941
350000,body,40,16806
350000,body,41,14531
350000,body,42,18584
350000,body,43,34147
350000,body,44,21167
350000,body,45,23033
350000,body,46,22764
350000,body,47,25389
350000,body,48,24100
350000,body,49,105685
350000,body,50,45490
350000,body,51,36405
350000,body,52,55570
350000,body,53,49294
350000,body,54,30996
350000,body,55,42130
350000,body,56,39732
350000,body,57,25518
350000,body,58,25638
350000,body,59,21979
350000,body,60,14504
350000,body,61,21106
350000,body,62,13193
350000,body,63,10148
350000,body,64,19340
400000,hamming,0,142
400000,hamming,1,313
400000,hamming,2,452
400000,hamming,3,624
400000,hamming,4,702
400000,hamming,5,772
400000,hamming,6,813
400000,hamming,7,825
400000,hamming,8,847
400000,hamming,9,833
400000,hamming,10,814
400000,hamming,11,824
400000,hamming,12,709
400000,hamming,13,724
400000,hamming,14,719
400000,hamming,15,707
400000,hamming,16,750
400000,hamming,17,655
400000,hamming,18,605
400000,hamming,19,588
400000,hamming,20,626
400000,hamming,21,576
400000,hamming,22,606
400000,hamming,23,576
400000,hamming,24,653
400000,hamming,25,693
400000,hamming,26,738
400000,hamming,27,738
400000,hamming,28,780
400000,hamming,29,722
400000,hamming,30,690
400000,hamming,31,694
400000,hamming,32,696
400000,hamming,33,691
400000,hamming,34,676
400000,hamming,35,655
400000,hamming,36,638
400000,hamming,37,687
400000,hamming,38,632
400000,hamming,39,673
400000,hamming,40,656
400000,hamming,41,625
400000,hamming,42,605
400000,hamming,43,525
400000,hamming,44,546
400000,hamming,45,490
400000,hamming,46,523
400000,hamming,47,522
400000,hamming,48,525
400000,hamming,49,579
400000,hamming,50,516
400000,hamming,51,555
400000,hamming,52,527
400000,hamming,53,549
400000,hamming,54,495
400000,hamming,55,529
400000,hamming,56,593
400000,hamming,57,575
400000,hamming,58,578
400000,hamming,59,518
400000,hamming,60,561
400000,hamming,61,543
400000,hamming,62,498
400000,hamming,63,487
400000,hamming,64,449
400000,hamming,65,452
400000,hamming,66,544
400000,hamming,67,522
400000,hamming,68,521
400000,hamming,69,490
400000,hamming,70,533
400000,hamming,71,617
400000,hamming,72,822
400000,hamming,73,930
400000,hamming,74,1175
400000,hamming,75,1424
400000,hamming,76,1579
400000,hamming,77,1885
400000,hamming,78,1914
400000,hamming,79,2157
400000,hamming,80,2332
400000,hamming,81,2517
400000,hamming,82,2676
400000,hamming,83,2682
400000,hamming,84,2770
400000,hamming,85,2701
400000,hamming,86,2741
400000,hamming,87,2838
400000,hamming,88,2586
400000,hamming,89,2521
400000,hamming,90,2192
400000,hamming,91,2030
400000,hamming,92,1877
400000,hamming,93,1645
400000,hamming,94,1468
400000,hamming,95,1337
400000,hamming,96,1117
400000,hamming,97,1154
400000,hamming,98,1045
400000,hamming,99,1022
400000,hamming,100,933
400000,hamming,101,841
400000,hamming,102,792
400000,hamming,103,693
400000,hamming,104,542
400000,hamming,105,511
400000,hamming,106,432
400000,hamming,107,377
400000,hamming,108,335
400000,hamming,109,287
400000,hamming,110,259
400000,hamming,111,259
400000,hamming,112,295
400000,hamming,113,329
400000,hamming,114,403
400000,hamming,115,487
400000,hamming,116,537
400000,hamming,117,612
400000,hamming,118,661
400000,hamming,119,712
400000,hamming,120,768
400000,hamming,121,833
400000,hamming,122,867
400000,hamming,123,929
400000,hamming,124,932
400000,hamming,125,924
400000,hamming,126,910
400000,hamming,127,820
400000,hamming,128,870
400000,hamming,129,712
400000,hamming,130,687
400000,hamming,131,612
400000,hamming,132,570
400000,hamming,133,509
400000,hamming,134,441
400000,hamming,135,458
400000,hamming,136,398
400000,hamming,137,356
400000,hamming,138,326
400000,hamming,139,306
400000,hamming,140,272
400000,hamming,141,318
400000,hamming,142,272
400000,hamming,143,395
400000,hamming,144,510
400000,hamming,145,794
400000,hamming,146,1277
400000,hamming,147,2050
400000,hamming,148,2964
400000,hamming,149,3563
400000,hamming,150,3838
400000,hamming,151,4450
400000,hamming,152,4814
400000,hamming,153,5015
400000,hamming,154,5290
400000,hamming,155,5532
400000,hamming,156,5336
400000,hamming,157,5279
400000,hamming,158,4949
400000,hamming,159,4569
400000,hamming,160,3930
400000,hamming,161,3495
400000,hamming,162,2847
400000,hamming,163,2308
400000,hamming,164,1797
400000,hamming,165,1450
400000,hamming,166,1112
400000,hamming,167,945
400000,hamming,168,747
400000,hamming,169,616
400000,hamming,170,488
400000,hamming,171,474
400000,hamming,172,501
400000,hamming,173,484
400000,hamming,174,513
400000,hamming,175,539
400000,hamming,176,595
400000,hamming,177,643
400000,hamming,178,594
400000,hamming,179,538
400000,hamming,180,512
400000,hamming,181,444
400000,hamming,182,468
400000,hamming,183,547
400000,hamming,184,578
400000,hamming,185,545
400000,hamming,186,525
400000,hamming,187,451
400000,hamming,188,497
400000,hamming,189,478
400000,hamming,190,516
400000,hamming,191,465
400000,hamming,192,421
400000,hamming,193,403
400000,hamming,194,451
400000,hamming,195,445
400000,hamming,196,524
400000,hamming,197,487
400000,hamming,198,605
400000,hamming,199,697
400000,hamming,200,676
400000,hamming,201,740
400000,hamming,202,839
400000,hamming,203,801
400000,hamming,204,830
400000,hamming,205,837
400000,hamming,206,802
400000,hamming,207,810
400000,hamming,208,799
400000,hamming,209,836
400000,hamming,210,755
400000,hamming,211,853
400000,hamming,212,825
400000,hamming,213,864
400000,hamming,214,884
400000,hamming,215,945
400000,hamming,216,1030
400000,hamming,217,1185
400000,hamming,218,1253
400000,hamming,219,1236
400000,hamming,220,1226
400000,hamming,221,1300
400000,hamming,222,1424
400000,hamming,223,1394
400000,hamming,224,1547
400000,hamming,225,1597
400000,hamming,226,1627
400000,hamming,227,1620
400000,hamming,228,1748
400000,hamming,229,1710
400000,hamming,230,1776
400000,hamming,231,1762
400000,hamming,232,1732
400000,hamming,233,1806
400000,hamming,234,1836
400000,hamming,235,2036
400000,hamming,236,2009
400000,hamming,237,1930
400000,hamming,238,2183
400000,hamming,239,2098
400000,hamming,240,2159
400000,hamming,241,2164
400000,hamming,242,2355
400000,hamming,243,2246
400000,hamming,244,2240
400000,hamming,245,2373
400000,hamming,246,2303
400000,hamming,247,2494
400000,hamming,248,2285
400000,hamming,249,2509
400000,hamming,250,2495
400000,hamming,251,2553
400000,hamming,252,2612
400000,hamming,253,2789
400000,hamming,254,2910
400000,hamming,255,3074
400000,hamming,256,3243
400000,hamming,257,3460
400000,hamming,258,3478
400000,hamming,259,3567
400000,hamming,260,3785
400000,hamming,261,3983
400000,hamming,262,4207
400000,hamming,263,4128
400000,hamming,264,4246
400000,hamming,265,4442
400000,hamming,266,4679
400000,hamming,267,5090
400000,hamming,268,5268
400000,hamming,269,5191
400000,hamming,270,5286
400000,hamming,271,5553
400000,hamming,272,5632
400000,hamming,273,5481
400000,hamming,274,5614
400000,hamming,275,5794
400000,hamming,276,5768
400000,hamming,277,6283
400000,hamming,278,6524
400000,hamming,279,6736
400000,hamming,280,6506
400000,hamming,281,6626
400000,hamming,282,6645
400000,hamming,283,6597
400000,hamming,284,6838
400000,hamming,285,7027
400000,hamming,286,7341
400000,hamming,287,7644
400000,hamming,288,8021
400000,hamming,289,8261
400000,hamming,290,8644
400000,hamming,291,8847
400000,hamming,292,9510
400000,hamming,293,10070
400000,hamming,294,10434
400000,hamming,295,10382
400000,hamming,296,10495
400000,hamming,297,10416
400000,hamming,298,10588
400000,hamming,299,10968
400000,hamming,300,11246
400000,hamming,301,11198
400000,hamming,302,11672
400000,hamming,303,11808
400000,hamming,304,11912
400000,hamming,305,12145
400000,hamming,306,12447
400000,hamming,307,12493
400000,hamming,308,12643
400000,hamming,309,13007
400000,hamming,310,12517
400000,hamming,311,12523
400000,hamming,312,12828
400000,hamming,313,13082
400000,hamming,314,12647
400000,hamming,315,12538
400000,hamming,316,11977
400000,hamming,317,11940
400000,hamming,318,11351
400000,hamming,319,11007
400000,hamming,320,10631
400000,hamming,321,10303
400000,hamming,322,10163
400000,hamming,323,9664
400000,hamming,324,8922
400000,hamming,325,8775
400000,hamming,326,7910
400000,hamming,327,7557
400000,hamming,328,6956
400000,hamming,329,6394
400000,hamming,330,5935
400000,hamming,331,5626
400000,hamming,332,5141
400000,hamming,333,4718
400000,hamming,334,4339
400000,hamming,335,3720
400000,hamming,336,3218
400000,hamming,337,2823
400000,hamming,338,2405
400000,hamming,339,2217
400000,hamming,340,1924
400000,hamming,341,1734
400000,hamming,342,1610
400000,hamming,343,1423
400000,hamming,344,1239
400000,hamming,345,1026
400000,hamming,346,895
400000,hamming,347,734
400000,hamming,348,646
400000,hamming,349,558
400000,hamming,350,508
400000,hamming,351,412
400000,hamming,352,335
400000,hamming,353,301
400000,hamming,354,218
400000,hamming,355,170
400000,hamming,356,146
400000,hamming,357,82
400000,hamming,358,45
400000,hamming,359,31
400000,hamming,360,18
400000,hamming,361,25
400000,hamming,362,44
400000,hamming,363,110
400000,hamming,364,182
400000,hamming,365,288
400000,hamming,366,416
400000,hamming,367,622
400000,hamming,368,958
400000,hamming,369,1362
400000,hamming,370,2060
400000,hamming,371,2538
400000,hamming,372,3337
400000,hamming,373,4210
400000,hamming,374,5773
400000,hamming,375,7190
400000,hamming,376,8991
400000,hamming,377,11056
400000,hamming,378,13858
400000,hamming,379,17042
400000,hamming,380,19483
400000,hamming,381,22219
400000,hamming,382,24776
400000,hamming,383,26832
400000,hamming,384,28983
400000,hamming,385,31024
400000,hamming,386,32328
400000,hamming,387,33483
400000,hamming,388,34648
400000,hamming,389,34862
400000,hamming,390,33840
400000,hamming,391,33038
400000,hamming,392,31490
400000,hamming,393,30390
400000,hamming,394,28943
400000,hamming,395,27074
400000,hamming,396,25063
400000,hamming,397,24118
400000,hamming,398,22220
400000,hamming,399,20455
400000,hamming,400,18366
400000,hamming,401,15964
400000,hamming,402,13415
400000,hamming,403,11312
400000,hamming,404,9167
400000,hamming,405,7542
400000,hamming,406,5913
400000,hamming,407,4627
400000,hamming,408,3630
400000,hamming,409,2579
400000,hamming,410,1930
400000,hamming,411,1483
400000,hamming,412,979
400000,hamming,413,746
400000,hamming,414,574
400000,hamming,415,367
400000,hamming,416,289
400000,hamming,417,166
400000,hamming,418,118
400000,hamming,419,63
400000,hamming,420,36
400000,hamming,421,11
400000,genes,0,17122
400000,genes,1,29932
400000,genes,2,133808
400000,genes,3,108942
400000,genes,4,85296
400000,genes,5,103060
400000,genes,6,117985
400000,genes,7,96745
400000,genes,8,49734
400000,genes,9,25957
400000,genes,10,22271
400000,genes,11,11353
400000,genes,12,8922
400000,genes,13,6019
400000,genes,14,4396
400000,genes,15,3565
400000,genes,16,1962
400000,genes,17,1787
400000,genes,18,1679
400000,genes,19,1764
400000,genes,20,1918
400000,genes,21,1976
400000,genes,22,2272
400000,genes,23,2750
400000,genes,24,2982
400000,genes,25,2686
400000,genes,26,3083
400000,genes,27,3297
400000,genes,28,3378
400000,genes,29,3837
400000,genes,30,5512
400000,genes,31,5451
400000,genes,32,5166
400000,genes,33,5049
400000,genes,34,5525
400000,genes,35,7052
400000,genes,36,8694
400000,genes,37,15324
400000,genes,38,29087
400000,genes,39,59596
400000,genes,40,64230
400000,genes,41,89984
400000,genes,42,97088
400000,genes,43,129832
400000,genes,44,145576
400000,genes,45,88826
400000,genes,46,45600
400000,genes,47,27847
400000,genes,48,12392
400000,genes,49,5189
400000,genes,50,3043
400000,genes,51,2105
400000,genes,52,2168
400000,genes,53,1528
400000,genes,54,1349
400000,genes,55,805
400000,genes,56,705
400000,genes,57,587
400000,genes,58,394
400000,genes,59,391
400000,genes,60,184
400000,genes,61,121
400000,genes,62,66
400000,genes,63,19
400000,genes,64,33
400000,genes,65,1
400000,genes,66,10
400000,genes,67,1
400000,genes,68,3
400000,body,0,66415
400000,body,1,21841
400000,body,2,58188
400000,body,3,49807
400000,body,4,63917
400000,body,5,49684
400000,body,6,63827
400000,body,7,63392
400000,body,8,45573
400000,body,9,50841
400000,body,10,42976
400000,body,11,38011
400000,body,12,37270
400000,body,13,31087
400000,body,14,27669
400000,body,15,25420
400000,body,16,23253
400000,body,17,20388
400000,body,18,21714
400000,body,19,17967
400000,body,20,17108
400000,body,21,15505
400000,body,22,13888
400000,body,23,14327
400000,body,24,13281
400000,body,25,13438
400000,body,26,10583
400000,body,27,9370
400000,body,28,7844
400000,body,29,8928
400000,body,30,8102
400000,body,31,7188
400000,body,32,8248
400000,body,33,7317
400000,body,34,8860
400000,body,35,7824
400000,body,36,8859
400000,body,37,7599
400000,body,38,7035
400000,body,39,8533
400000,body,40,8354
400000,body,41,8624
400000,body,42,10406
400000,body,43,14894
400000,body,44,13218
400000,body,45,14512
400000,body,46,13466
400000,body,47,17660
400000,body,48,20854
400000,body,49,87902
400000,body,50,62024
400000,body,51,33438
400000,body,52,38840
400000,body,53,39218
400000,body,54,41316
400000,body,55,40254
400000,body,56,32220
400000,body,57,31413
400000,body,58,36424
400000,body,59,28685
400000,body,60,24177
400000,body,61,23602
400000,body,62,17358
400000,body,63,13420
400000,body,64,31655
450000,hamming,0,140
450000,hamming,1,384
450000,hamming,2,528
450000,hamming,3,648
450000,hamming,4,710
450000,hamming,5,719
450000,hamming,6,832
450000,hamming,7,819
450000,hamming,8,846
450000,hamming,9,799
450000,hamming,10,849
450000,hamming,11,777
450000,hamming,12,790
450000,hamming,13,797
450000,hamming,14,735
450000,hamming,15,753
450000,hamming,16,710
450000,hamming,17,629
450000,hamming,18,729
450000,hamming,19,677
450000,hamming,20,732
450000,hamming,21,769
450000,hamming,22,832
450000,hamming,23,853
450000,hamming,24,998
450000,hamming,25,1046
450000,hamming,26,1114
450000,hamming,27,1199
450000,hamming,28,1401
450000,hamming,29,1406
450000,hamming,30,1405
450000,hamming,31,1455
450000,hamming,32,1472
450000,hamming,33,1531
450000,hamming,34,1526
450000,hamming,35,1472
450000,hamming,36,1476
450000,hamming,37,1282
450000,hamming,38,1283
450000,hamming,39,1157
450000,hamming,40,1036
450000,hamming,41,918
450000,hamming,42,874
450000,hamming,43,816
450000,hamming,44,778
450000,hamming,45,701
450000,hamming,46,733
450000,hamming,47,726
450000,hamming,48,670
450000,hamming,49,662
450000,hamming,50,713
450000,hamming,51,638
450000,hamming,52,603
450000,hamming,53,616
450000,hamming,54,594
450000,hamming,55,541
450000,hamming,56,554
450000,hamming,57,468
450000,hamming,58,465
450000,hamming,59,456
450000,hamming,60,403
450000,hamming,61,396
450000,hamming,62,395
450000,hamming,63,372
450000,hamming,64,414
450000,hamming,65,434
450000,hamming,66,493
450000,hamming,67,557
450000,hamming,68,614
450000,hamming,69,681
450000,hamming,70,731
450000,hamming,71,777
450000,hamming,72,859
450000,hamming,73,929
450000,hamming,74,1044
450000,hamming,75,1024
450000,hamming,76,1126
450000,hamming,77,1149
450000,hamming,78,1147
450000,hamming,79,1157
450000,hamming,80,1130
450000,hamming,81,1081
450000,hamming,82,1066
450000,hamming,83,1059
450000,hamming,84,1153
450000,hamming,85,1309
450000,hamming,86,1399
450000,hamming,87,1564
450000,hamming,88,1688
450000,hamming,89,1734
450000,hamming,90,1878
450000,hamming,91,1956
450000,hamming,92,1901
450000,hamming,93,1781
450000,hamming,94,1726
450000,hamming,95,1544
450000,hamming,96,1411
450000,hamming,97,1319
450000,hamming,98,1150
450000,hamming,99,1016
450000,hamming,100,858
450000,hamming,101,841
450000,hamming,102,669
450000,hamming,103,617
450000,hamming,104,540
450000,hamming,105,496
450000,hamming,106,420
450000,hamming,107,420
450000,hamming,108,469
450000,hamming,109,490
450000,hamming,110,522
450000,hamming,111,598
450000,hamming,112,640
450000,hamming,113,715
450000,hamming,114,822
450000,hamming,115,930
450000,hamming,116,940
450000,hamming,117,1041
450000,hamming,118,1097
450000,hamming,119,1130
450000,hamming,120,1189
450000,hamming,121,1231
450000,hamming,122,1334
450000,hamming,123,1330
450000,hamming,124,1355
450000,hamming,125,1206
450000,hamming,126,1132
450000,hamming,127,1072
450000,hamming,128,937
450000,hamming,129,820
450000,hamming,130,856
450000,hamming,131,707
450000,hamming,132,649
450000,hamming,133,654
450000,hamming,134,555
450000,hamming,135,563
450000,hamming,136,561
450000,hamming,137,540
450000,hamming,138,518
450000,hamming,139,527
450000,hamming,140,539
450000,hamming,141,506
450000,hamming,142,514
450000,hamming,143,509
450000,hamming,144,500
450000,hamming,145,500
450000,hamming,146,560
450000,hamming,147,509
450000,hamming,148,518
450000,hamming,149,531
450000,hamming,150,520
450000,hamming,151,567
450000,hamming,152,558
450000,hamming,153,636
450000,hamming,154,664
450000,hamming,155,706
450000,hamming,156,682
450000,hamming,157,707
450000,hamming,158,701
450000,hamming,159,690
450000,hamming,160,656
450000,hamming,161,593
450000,hamming,162,531
450000,hamming,163,575
450000,hamming,164,532
450000,hamming,165,539
450000,hamming,166,569
450000,hamming,167,585
450000,hamming,168,570
450000,hamming,169,651
450000,hamming,170,770
450000,hamming,171,957
450000,hamming,172,1192
450000,hamming,173,1431
450000,hamming,174,1849
450000,hamming,175,2124
450000,hamming,176,2430
450000,hamming,177,2784
450000,hamming,178,3257
450000,hamming,179,3728
450000,hamming,180,4382
450000,hamming,181,4819
450000,hamming,182,5285
450000,hamming,183,5148
450000,hamming,184,5142
450000,hamming,185,4925
450000,hamming,186,4845
450000,hamming,187,4673
450000,hamming,188,4330
450000,hamming,189,4248
450000,hamming,190,4126
450000,hamming,191,3930
450000,hamming,192,3787
450000,hamming,193,3465
450000,hamming,194,3136
450000,hamming,195,2877
450000,hamming,196,2628
450000,hamming,197,2474
450000,hamming,198,2193
450000,hamming,199,2125
450000,hamming,200,1916
450000,hamming,201,1771
450000,hamming,202,1729
450000,hamming,203,1679
450000,hamming,204,1576
450000,hamming,205,1544
450000,hamming,206,1433
450000,hamming,207,1470
450000,hamming,208,1592
450000,hamming,209,1657
450000,hamming,210,1909
450000,hamming,211,1895
450000,hamming,212,2256
450000,hamming,213,2197
450000,hamming,214,2257
450000,hamming,215,2155
450000,hamming,216,2125
450000,hamming,217,2101
450000,hamming,218,1981
450000,hamming,219,1951
450000,hamming,220,1905
450000,hamming,221,1731
450000,hamming,222,1782
450000,hamming,223,1659
450000,hamming,224,1603
450000,hamming,225,1659
450000,hamming,226,1768
450000,hamming,227,1877
450000,hamming,228,1996
450000,hamming,229,2128
450000,hamming,230,2085
450000,hamming,231,2060
450000,hamming,232,2184
450000,hamming,233,2192
450000,hamming,234,2060
450000,hamming,235,2119
450000,hamming,236,2203
450000,hamming,237,2276
450000,hamming,238,2299
450000,hamming,239,2241
450000,hamming,240,2185
450000,hamming,241,2197
450000,hamming,242,2321
450000,hamming,243,2294
450000,hamming,244,2625
450000,hamming,245,2716
450000,hamming,246,2760
450000,hamming,247,2788
450000,hamming,248,2913
450000,hamming,249,2911
450000,hamming,250,3057
450000,hamming,251,3314
450000,hamming,252,3549
450000,hamming,253,3789
450000,hamming,254,4047
450000,hamming,255,4143
450000,hamming,256,4521
450000,hamming,257,4531
450000,hamming,258,4830
450000,hamming,259,4878
450000,hamming,260,5111
450000,hamming,261,5053
450000,hamming,262,5092
450000,hamming,263,5199
450000,hamming,264,5221
450000,hamming,265,5378
450000,hamming,266,5452
450000,hamming,267,5586
450000,hamming,268,5554
450000,hamming,269,5714
450000,hamming,270,5734
450000,hamming,271,5953
450000,hamming,272,6086
450000,hamming,273,6403
450000,hamming,274,6501
450000,hamming,275,6705
450000,hamming,276,7072
450000,hamming,277,7375
450000,hamming,278,7532
450000,hamming,279,7673
450000,hamming,280,7534
450000,hamming,281,7771
450000,hamming,282,7692
450000,hamming,283,7872
450000,hamming,284,7912
450000,hamming,285,8116
450000,hamming,286,8292
450000,hamming,287,8184
450000,hamming,288,8637
450000,hamming,289,8497
450000,hamming,290,8508
450000,hamming,291,8655
450000,hamming,292,9165
450000,hamming,293,9279
450000,hamming,294,9639
450000,hamming,295,9716
450000,hamming,296,10212
450000,hamming,297,10607
450000,hamming,298,11096
450000,hamming,299,11691
450000,hamming,300,12262
450000,hamming,301,13192
450000,hamming,302,13667
450000,hamming,303,13947
450000,hamming,304,14063
450000,hamming,305,13924
450000,hamming,306,14077
450000,hamming,307,14144
450000,hamming,308,13838
450000,hamming,309,13809
450000,hamming,310,13733
450000,hamming,311,13789
450000,hamming,312,13730
450000,hamming,313,13361
450000,hamming,314,13198
450000,hamming,315,13180
450000,hamming,316,13586
450000,hamming,317,14134
450000,hamming,318,13983
450000,hamming,319,14300
450000,hamming,320,14402
450000,hamming,321,14587
450000,hamming,322,14747
450000,hamming,323,14376
450000,hamming,324,14606
450000,hamming,325,14406
450000,hamming,326,14214
450000,hamming,327,13657
450000,hamming,328,13238
450000,hamming,329,12580
450000,hamming,330,12101
450000,hamming,331,11289
450000,hamming,332,10753
450000,hamming,333,9968
450000,hamming,334,9178
450000,hamming,335,8635
450000,hamming,336,7601
450000,hamming,337,7242
450000,hamming,338,6558
450000,hamming,339,5979
450000,hamming,340,5655
450000,hamming,341,5108
450000,hamming,342,4370
450000,hamming,343,3621
450000,hamming,344,2939
450000,hamming,345,2139
450000,hamming,346,1697
450000,hamming,347,1247
450000,hamming,348,936
450000,hamming,349,734
450000,hamming,350,628
450000,hamming,351,441
450000,hamming,352,341
450000,hamming,353,269
450000,hamming,354,186
450000,hamming,355,164
450000,hamming,356,94
450000,hamming,357,97
450000,hamming,358,81
450000,hamming,359,121
450000,hamming,360,154
450000,hamming,361,252
450000,hamming,362,416
450000,hamming,363,600
450000,hamming,364,961
450000,hamming,365,1559
450000,hamming,366,2264
450000,hamming,367,3032
450000,hamming,368,3744
450000,hamming,369,4493
450000,hamming,370,4827
450000,hamming,371,5229
450000,hamming,372,5978
450000,hamming,373,7024
450000,hamming,374,8406
450000,hamming,375,10261
450000,hamming,376,12993
450000,hamming,377,15784
450000,hamming,378,18800
450000,hamming,379,21950
450000,hamming,380,24948
450000,hamming,381,27925
450000,hamming,382,31466
450000,hamming,383,33802
450000,hamming,384,37031
450000,hamming,385,38787
450000,hamming,386,40046
450000,hamming,387,40011
450000,hamming,388,39476
450000,hamming,389,38195
450000,hamming,390,36823
450000,hamming,391,35555
450000,hamming,392,34225
450000,hamming,393,32506
450000,hamming,394,30545
450000,hamming,395,27704
450000,hamming,396,25063
450000,hamming,397,22501
450000,hamming,398,19523
450000,hamming,399,16824
450000,hamming,400,14102
450000,hamming,401,11892
450000,hamming,402,9472
450000,hamming,403,7663
450000,hamming,404,5952
450000,hamming,405,4384
450000,hamming,406,2893
450000,hamming,407,1934
450000,hamming,408,1209
450000,hamming,409,848
450000,hamming,410,609
450000,hamming,411,343
450000,hamming,412,232
450000,hamming,413,162
450000,hamming,414,114
450000,hamming,415,62
450000,hamming,416,30
450000,hamming,417,20
450000,hamming,418,6
450000,hamming,419,4
450000,genes,0,14454
450000,genes,1,21646
450000,genes,2,66416
450000,genes,3,104133
450000,genes,4,212623
450000,genes,5,125620
450000,genes,6,164269
450000,genes,7,190827
450000,genes,8,87216
450000,genes,9,43152
450000,genes,10,20384
450000,genes,11,11455
450000,genes,12,9528
450000,genes,13,6713
450000,genes,14,3691
450000,genes,15,1932
450000,genes,16,1772
450000,genes,17,1687
450000,genes,18,1441
450000,genes,19,1453
450000,genes,20,1512
450000,genes,21,1520
450000,genes,22,1662
450000,genes,23,1965
450000,genes,24,2188
450000,genes,25,2252
450000,genes,26,2574
450000,genes,27,2754
450000,genes,28,2934
450000,genes,29,3211
450000,genes,30,3223
450000,genes,31,3144
450000,genes,32,2896
450000,genes,33,3009
450000,genes,34,2788
450000,genes,35,2153
450000,genes,36,2149
450000,genes,37,3016
450000,genes,38,5951
450000,genes,39,17555
450000,genes,40,45698
450000,genes,41,74157
450000,genes,42,118752
450000,genes,43,146059
450000,genes,44,141349
450000,genes,45,122701
450000,genes,46,94152
450000,genes,47,77170
450000,genes,48,28794
450000,genes,49,13498
450000,genes,50,6722
450000,genes,51,4035
450000,genes,52,3075
450000,genes,53,2848
450000,genes,54,2149
450000,genes,55,1524
450000,genes,56,1043
450000,genes,57,743
450000,genes,58,631
450000,genes,59,382
450000,genes,60,234
450000,genes,61,180
450000,genes,62,152
450000,genes,63,103
450000,genes,64,122
450000,genes,65,63
450000,genes,66,19
450000,genes,67,18
450000,genes,68,7
450000,genes,69,3
450000,genes,70,1
450000,genes,73,1
450000,body,0,32542
450000,body,1,30953
450000,body,2,61746
450000,body,3,113388
450000,body,4,112304
450000,body,5,102120
450000,body,6,95719
450000,body,7,72448
450000,body,8,66692
450000,body,9,61607
450000,body,10,52018
450000,body,11,48393
450000,body,12,43613
450000,body,13,35855
450000,body,14,30787
450000,body,15,25760
450000,body,16,23842
450000,body,17,19341
450000,body,18,16719
450000,body,19,16905
450000,body,20,16645
450000,body,21,15106
450000,body,22,12633
450000,body,23,12400
450000,body,24,12106
450000,body,25,11342
450000,body,26,10768
450000,body,27,12440
450000,body,28,9725
450000,body,29,9223
450000,body,30,8854
450000,body,31,8136
450000,body,32,8642
450000,body,33,8561
450000,body,34,8811
450000,body,35,9937
450000,body,36,9638
450000,body,37,9189
450000,body,38,8717
450000,body,39,8736
450000,body,40,8738
450000,body,41,8482
450000,body,42,8960
450000,body,43,11810
450000,body,44,14384
450000,body,45,17000
450000,body,46,17523
450000,body,47,25193
450000,body,48,25075
450000,body,49,65735
450000,body,50,62142
450000,body,51,55968
450000,body,52,76416
450000,body,53,89956
450000,body,54,53206
450000,body,55,44425
450000,body,56,35054
450000,body,57,28217
450000,body,58,26110
450000,body,59,22229
450000,body,60,20861
450000,body,61,19278
450000,body,62,12019
450000,body,63,9384
450000,body,64,12727
500000,hamming,0,127
500000,hamming,1,375
500000,hamming,2,535
500000,hamming,3,609
500000,hamming,4,740
500000,hamming,5,671
500000,hamming,6,777
500000,hamming,7,779
500000,hamming,8,767
500000,hamming,9,789
500000,hamming,10,714
500000,hamming,11,764
500000,hamming,12,698
500000,hamming,13,682
500000,hamming,14,632
500000,hamming,15,652
500000,hamming,16,651
500000,hamming,17,626
500000,hamming,18,612
500000,hamming,19,663
500000,hamming,20,665
500000,hamming,21,659
500000,hamming,22,626
500000,hamming,23,640
500000,hamming,24,611
500000,hamming,25,617
500000,hamming,26,620
500000,hamming,27,647
500000,hamming,28,691
500000,hamming,29,655
500000,hamming,30,736
500000,hamming,31,763
500000,hamming,32,851
500000,hamming,33,854
500000,hamming,34,964
500000,hamming,35,1026
500000,hamming,36,1100
500000,hamming,37,1210
500000,hamming,38,1169
500000,hamming,39,1179
500000,hamming,40,1204
500000,hamming,41,1123
500000,hamming,42,1117
500000,hamming,43,1047
500000,hamming,44,1014
500000,hamming,45,997
500000,hamming,46,980
500000,hamming,47,954
500000,hamming,48,852
500000,hamming,49,794
500000,hamming,50,736
500000,hamming,51,831
500000,hamming,52,860
500000,hamming,53,894
500000,hamming,54,992
500000,hamming,55,1055
500000,hamming,56,1037
500000,hamming,57,958
500000,hamming,58,942
500000,hamming,59,862
500000,hamming,60,842
500000,hamming,61,824
500000,hamming,62,809
500000,hamming,63,767
500000,hamming,64,785
500000,hamming,65,816
500000,hamming,66,725
500000,hamming,67,703
500000,hamming,68,718
500000,hamming,69,814
500000,hamming,70,783
500000,hamming,71,811
500000,hamming,72,761
500000,hamming,73,645
500000,hamming,74,677
500000,hamming,75,565
500000,hamming,76,562
500000,hamming,77,530
500000,hamming,78,443
500000,hamming,79,441
500000,hamming,80,437
500000,hamming,81,396
500000,hamming,82,364
500000,hamming,83,358
500000,hamming,84,359
500000,hamming,85,283
500000,hamming,86,295
500000,hamming,87,266
500000,hamming,88,287
500000,hamming,89,309
500000,hamming,90,298
500000,hamming,91,308
500000,hamming,92,368
500000,hamming,93,415
500000,hamming,94,467
500000,hamming,95,502
500000,hamming,96,517
500000,hamming,97,587
500000,hamming,98,562
500000,hamming,99,518
500000,hamming,100,535
500000,hamming,101,503
500000,hamming,102,448
500000,hamming,103,474
500000,hamming,104,432
500000,hamming,105,432
500000,hamming,106,420
500000,hamming,107,401
500000,hamming,108,430
500000,hamming,109,496
500000,hamming,110,618
500000,hamming,111,816
500000,hamming,112,991
500000,hamming,113,1179
500000,hamming,114,1388
500000,hamming,115,1446
500000,hamming,116,1669
500000,hamming,117,1828
500000,hamming,118,1837
500000,hamming,119,1950
500000,hamming,120,1952
500000,hamming,121,2050
500000,hamming,122,1954
500000,hamming,123,1959
500000,hamming,124,1848
500000,hamming,125,1784
500000,hamming,126,1632
500000,hamming,127,1427
500000,hamming,128,1308
500000,hamming,129,1206
500000,hamming,130,1173
500000,hamming,131,1084
500000,hamming,132,986
500000,hamming,133,996
500000,hamming,134,869
500000,hamming,135,753
500000,hamming,136,705
500000,hamming,137,668
500000,hamming,138,644
500000,hamming,139,638
500000,hamming,140,692
500000,hamming,141,844
500000,hamming,142,1000
500000,hamming,143,1017
500000,hamming,144,1143
500000,hamming,145,1151
500000,hamming,146,1253
500000,hamming,147,1205
500000,hamming,148,1166
500000,hamming,149,1105
500000,hamming,150,1095
500000,hamming,151,954
500000,hamming,152,848
500000,hamming,153,771
500000,hamming,154,641
500000,hamming,155,604
500000,hamming,156,523
500000,hamming,157,450
500000,hamming,158,484
500000,hamming,159,524
500000,hamming,160,522
500000,hamming,161,548
500000,hamming,162,595
500000,hamming,163,649
500000,hamming,164,624
500000,hamming,165,675
500000,hamming,166,700
500000,hamming,167,779
500000,hamming,168,714
500000,hamming,169,746
500000,hamming,170,685
500000,hamming,171,688
500000,hamming,172,632
500000,hamming,173,583
500000,hamming,174,618
500000,hamming,175,585
500000,hamming,176,658
500000,hamming,177,606
500000,hamming,178,650
500000,hamming,179,684
500000,hamming,180,631
500000,hamming,181,727
500000,hamming,182,670
500000,hamming,183,683
500000,hamming,184,675
500000,hamming,185,643
500000,hamming,186,634
500000,hamming,187,616
500000,hamming,188,598
500000,hamming,189,599
500000,hamming,190,612
500000,hamming,191,682
500000,hamming,192,656
500000,hamming,193,732
500000,hamming,194,767
500000,hamming,195,870
500000,hamming,196,903
500000,hamming,197,1030
500000,hamming,198,1056
500000,hamming,199,1024
500000,hamming,200,1039
500000,hamming,201,1054
500000,hamming,202,980
500000,hamming,203,959
500000,hamming,204,1011
500000,hamming,205,1156
500000,hamming,206,1197
500000,hamming,207,1335
500000,hamming,208,1378
500000,hamming,209,1412
500000,hamming,210,1466
500000,hamming,211,1440
500000,hamming,212,1505
500000,hamming,213,1605
500000,hamming,214,1579
500000,hamming,215,1404
500000,hamming,216,1440
500000,hamming,217,1325
500000,hamming,218,1356
500000,hamming,219,1418
500000,hamming,220,1427
500000,hamming,221,1608
500000,hamming,222,1724
500000,hamming,223,1714
500000,hamming,224,1792
500000,hamming,225,2012
500000,hamming,226,2112
500000,hamming,227,2094
500000,hamming,228,2142
500000,hamming,229,2130
500000,hamming,230,2270
500000,hamming,231,2253
500000,hamming,232,2338
500000,hamming,233,2533
500000,hamming,234,2934
500000,hamming,235,3272
500000,hamming,236,3387
500000,hamming,237,3492
500000,hamming,238,3718
500000,hamming,239,3735
500000,hamming,240,3696
500000,hamming,241,3751
500000,hamming,242,4024
500000,hamming,243,4405
500000,hamming,244,4592
500000,hamming,245,4814
500000,hamming,246,5022
500000,hamming,247,5200
500000,hamming,248,5418
500000,hamming,249,5557
500000,hamming,250,5510
500000,hamming,251,5600
500000,hamming,252,5643
500000,hamming,253,5722
500000,hamming,254,5580
500000,hamming,255,5545
500000,hamming,256,5153
500000,hamming,257,4668
500000,hamming,258,4595
500000,hamming,259,4218
500000,hamming,260,4106
500000,hamming,261,4078
500000,hamming,262,3728
500000,hamming,263,3589
500000,hamming,264,3420
500000,hamming,265,3272
500000,hamming,266,3009
500000,hamming,267,2976
500000,hamming,268,3079
500000,hamming,269,3180
500000,hamming,270,3394
500000,hamming,271,3572
500000,hamming,272,3689
500000,hamming,273,3842
500000,hamming,274,3976
500000,hamming,275,4120
500000,hamming,276,4339
500000,hamming,277,4553
500000,hamming,278,4879
500000,hamming,279,5001
500000,hamming,280,5438
500000,hamming,281,5527
500000,hamming,282,5812
500000,hamming,283,5886
500000,hamming,284,5953
500000,hamming,285,6058
500000,hamming,286,6174
500000,hamming,287,6302
500000,hamming,288,6327
500000,hamming,289,6274
500000,hamming,290,6277
500000,hamming,291,6711
500000,hamming,292,6748
500000,hamming,293,7288
500000,hamming,294,7238
500000,hamming,295,7262
500000,hamming,296,7319
500000,hamming,297,7294
500000,hamming,298,7371
500000,hamming,299,7542
500000,hamming,300,7829
500000,hamming,301,8096
500000,hamming,302,8168
500000,hamming,303,8656
500000,hamming,304,9111
500000,hamming,305,9391
500000,hamming,306,9816
500000,hamming,307,10449
500000,hamming,308,10468
500000,hamming,309,10539
500000,hamming,310,11054
500000,hamming,311,11454
500000,hamming,312,11315
500000,hamming,313,11485
500000,hamming,314,11591
500000,hamming,315,11346
500000,hamming,316,11146
500000,hamming,317,10921
500000,hamming,318,11149
500000,hamming,319,11142
500000,hamming,320,11408
500000,hamming,321,10938
500000,hamming,322,10721
500000,hamming,323,10388
500000,hamming,324,10106
500000,hamming,325,9596
500000,hamming,326,9265
500000,hamming,327,8924
500000,hamming,328,8864
500000,hamming,329,8771
500000,hamming,330,8632
500000,hamming,331,8799
500000,hamming,332,8699
500000,hamming,333,8515
500000,hamming,334,8090
500000,hamming,335,7505
500000,hamming,336,7507
500000,hamming,337,7036
500000,hamming,338,6569
500000,hamming,339,5851
500000,hamming,340,5091
500000,hamming,341,4172
500000,hamming,342,3591
500000,hamming,343,3079
500000,hamming,344,2792
500000,hamming,345,2741
500000,hamming,346,2846
500000,hamming,347,2748
500000,hamming,348,2555
500000,hamming,349,2526
500000,hamming,350,2531
500000,hamming,351,2495
500000,hamming,352,2240
500000,hamming,353,1979
500000,hamming,354,2089
500000,hamming,355,2086
500000,hamming,356,1976
500000,hamming,357,1857
500000,hamming,358,1888
500000,hamming,359,1794
500000,hamming,360,1844
500000,hamming,361,1910
500000,hamming,362,1715
500000,hamming,363,1464
500000,hamming,364,1371
500000,hamming,365,1464
500000,hamming,366,1718
500000,hamming,367,2165
500000,hamming,368,2563
500000,hamming,369,2984
500000,hamming,370,3243
500000,hamming,371,3663
500000,hamming,372,4756
500000,hamming,373,6142
500000,hamming,374,7794
500000,hamming,375,9565
500000,hamming,376,11516
500000,hamming,377,14003
500000,hamming,378,16848
500000,hamming,379,19849
500000,hamming,380,21901
500000,hamming,381,24193
500000,hamming,382,26938
500000,hamming,383,29216
500000,hamming,384,31167
500000,hamming,385,32572
500000,hamming,386,34179
500000,hamming,387,35179
500000,hamming,388,35516
500000,hamming,389,34558
500000,hamming,390,33618
500000,hamming,391,32675
500000,hamming,392,31143
500000,hamming,393,28859
500000,hamming,394,26060
500000,hamming,395,23267
500000,hamming,396,21098
500000,hamming,397,19056
500000,hamming,398,16158
500000,hamming,399,13401
500000,hamming,400,11362
500000,hamming,401,9738
500000,hamming,402,7779
500000,hamming,403,5766
500000,hamming,404,4312
500000,hamming,405,2890
500000,hamming,406,2175
500000,hamming,407,1619
500000,hamming,408,1121
500000,hamming,409,782
500000,hamming,410,516
500000,hamming,411,338
500000,hamming,412,223
500000,hamming,413,107
500000,hamming,414,33
500000,hamming,415,23
500000,hamming,416,16
500000,hamming,417,2
500000,genes,0,7603
500000,genes,1,5903
500000,genes,2,19221
500000,genes,3,38988
500000,genes,4,53912
500000,genes,5,64182
500000,genes,6,111153
500000,genes,7,144815
500000,genes,8,160822
500000,genes,9,91802
500000,genes,10,57053
500000,genes,11,36978
500000,genes,12,25542
500000,genes,13,23807
500000,genes,14,12986
500000,genes,15,5544
500000,genes,16,3285
500000,genes,17,2810
500000,genes,18,1768
500000,genes,19,1513
500000,genes,20,1633
500000,genes,21,1473
500000,genes,22,1717
500000,genes,23,1630
500000,genes,24,1806
500000,genes,25,1688
500000,genes,26,1887
500000,genes,27,1600
500000,genes,28,1522
500000,genes,29,1343
500000,genes,30,1497
500000,genes,31,1360
500000,genes,32,1207
500000,genes,33,1149
500000,genes,34,1178
500000,genes,35,1440
500000,genes,36,1727
500000,genes,37,2103
500000,genes,38,5154
500000,genes,39,13659
500000,genes,40,32199
500000,genes,41,55165
500000,genes,42,77100
500000,genes,43,99083
500000,genes,44,134493
500000,genes,45,108812
500000,genes,46,76309
500000,genes,47,57020
500000,genes,48,43262
500000,genes,49,15994
500000,genes,50,6396
500000,genes,51,3813
500000,genes,52,1305
500000,genes,53,1283
500000,genes,54,1125
500000,genes,55,1222
500000,genes,56,2240
500000,genes,57,2639
500000,genes,58,4368
500000,genes,59,7615
500000,genes,60,7836
500000,genes,61,8024
500000,genes,62,7030
500000,genes,63,5157
500000,genes,64,4131
500000,genes,65,3115
500000,genes,66,2679
500000,genes,67,1727
500000,genes,68,1077
500000,genes,69,693
500000,genes,70,348
500000,genes,71,190
500000,genes,72,66
500000,genes,73,30
500000,genes,74,22
500000,genes,75,9
500000,genes,76,4
500000,body,0,21445
500000,body,1,35741
500000,body,2,57026
500000,body,3,81532
500000,body,4,82658
500000,body,5,75418
500000,body,6,62412
500000,body,7,58570
500000,body,8,55780
500000,body,9,47498
500000,body,10,39886
500000,body,11,36978
500000,body,12,31877
500000,body,13,28681
500000,body,14,24822
500000,body,15,21269
500000,body,16,21089
500000,body,17,18721
500000,body,18,16126
500000,body,19,14398
500000,body,20,13769
500000,body,21,13861
500000,body,22,14147
500000,body,23,12330
500000,body,24,11197
500000,body,25,12742
500000,body,26,11740
500000,body,27,9110
500000,body,28,9255
500000,body,29,8512
500000,body,30,7685
500000,body,31,7630
500000,body,32,7746
500000,body,33,7167
500000,body,34,7247
500000,body,35,7039
500000,body,36,7620
500000,body,37,7605
500000,body,38,7556
500000,body,39,7756
500000,body,40,9776
500000,body,41,13354
500000,body,42,11384
500000,body,43,13398
500000,body,44,13208
500000,body,45,13707
500000,body,46,17300
500000,body,47,24348
500000,body,48,24561
500000,body,49,57418
500000,body,50,43100
500000,body,51,45292
500000,body,52,64476
500000,body,53,61429
500000,body,54,46367
500000,body,55,36154
500000,body,56,36694
500000,body,57,34402
500000,body,58,31726
500000,body,59,18486
500000,body,60,13301
500000,body,61,10155
500000,body,62,8213
500000,body,63,6473
500000,body,64,11678
