step,lat,wood_class,cells,grown,grass,wood,temp,bodies,felt,over,under,fill,rain,seed,sprouted
1000,-60,0,5237,897.5033,188.19,88.00,1.83,40,2.52,0.215,14.848,0.5008,28.032,0.00,0.0000
1000,-60,1,2495,999.5805,204.98,644.03,0.93,51,0.37,0.101,16.332,0.9432,38.508,0.00,0.0000
1000,-60,2,2,0.8244,0.00,2.51,22.54,0,9.05,0.490,9.940,0.9826,61.702,0.00,0.0000
1000,-50,0,7092,1082.3659,158.87,95.54,15.06,123,11.86,2.200,10.184,0.3831,52.782,0.00,0.0000
1000,-50,1,1601,693.5494,100.20,498.83,14.14,32,10.58,1.967,10.966,0.7454,91.245,0.00,0.0000
1000,-50,2,5,2.0151,0.00,7.80,29.42,0,12.87,1.481,8.306,0.9488,86.788,0.00,0.0000
1000,-40,0,6338,769.2920,119.31,63.06,26.41,266,21.32,6.386,6.819,0.3172,111.036,0.00,0.0000
1000,-40,1,1741,703.4173,88.78,635.55,23.27,91,19.29,5.709,7.777,0.6257,185.623,0.00,0.0000
1000,-40,2,2,1.0013,0.47,2.39,13.17,0,21.68,5.175,5.171,0.4576,120.834,0.00,0.0000
1000,-30,0,4324,618.7828,94.14,88.12,33.46,301,27.92,10.260,5.138,0.3251,219.603,0.00,0.0000
1000,-30,1,3254,1064.3886,139.39,1520.41,29.60,336,27.20,10.103,5.560,0.4805,310.830,0.00,0.0000
1000,-30,2,599,183.4598,15.15,844.86,34.76,62,28.97,11.020,4.986,0.5966,435.377,0.00,0.0000
1000,-20,0,1820,267.4263,20.71,41.42,55.87,72,33.35,13.796,4.023,0.2970,341.886,0.00,0.0000
1000,-20,1,2521,802.8773,65.37,1071.22,30.03,203,32.56,13.429,4.305,0.4403,492.341,0.00,0.0000
1000,-20,2,3878,1359.2555,124.29,11057.47,33.07,873,31.74,13.095,4.630,0.7286,739.804,0.00,0.0000
1000,-10,0,1808,237.2514,38.06,24.36,65.26,50,36.98,16.284,3.358,0.2791,453.839,0.00,0.0000
1000,-10,1,2073,723.2647,108.72,921.15,35.06,36,36.81,16.186,3.393,0.3882,669.096,0.00,0.0000
1000,-10,2,4343,1672.9399,199.62,15834.40,34.84,1144,34.16,14.829,4.250,0.7502,991.709,0.00,0.0000
1000,0,0,1825,261.0933,54.76,31.22,72.11,15,38.85,17.518,2.984,0.2176,429.821,0.00,0.0000
1000,0,1,1739,628.8559,75.82,841.82,40.68,46,38.58,17.318,3.015,0.3683,748.718,0.00,0.0000
1000,0,2,4803,1928.6120,219.82,15262.01,38.05,899,35.21,15.594,4.113,0.6876,1022.555,0.00,0.0000
1000,10,0,3014,578.2172,63.76,51.75,74.60,109,37.73,16.756,3.207,0.2426,419.276,0.00,0.0000
1000,10,1,2709,1255.3393,185.88,1338.73,44.81,195,37.15,16.386,3.346,0.4104,699.023,0.00,0.0000
1000,10,2,3722,1652.5424,195.61,9757.34,22.85,647,32.18,13.944,5.047,0.6875,819.885,0.00,0.0000
1000,20,0,3994,485.9890,51.96,62.13,62.26,112,32.28,13.502,4.650,0.1906,197.678,0.00,0.0000
1000,20,1,3278,1334.7739,131.48,1560.85,36.39,293,32.29,13.454,4.575,0.4621,499.613,0.00,0.0000
1000,20,2,1173,569.3695,63.80,2055.87,8.26,188,29.29,12.121,5.726,0.6682,583.073,0.00,0.0000
1000,30,0,6744,825.5631,139.19,85.11,37.43,245,26.43,9.892,6.055,0.2481,156.504,0.00,0.0000
1000,30,1,2310,978.7735,95.94,1004.22,42.41,255,29.31,11.117,4.844,0.5376,357.032,0.00,0.0000
1000,30,2,220,122.2434,33.56,242.93,71.00,19,26.62,9.556,5.569,0.7052,335.901,0.00,0.0000
1000,40,0,6695,628.3349,138.50,63.83,28.38,119,19.87,6.114,7.799,0.2641,86.650,0.00,0.0000
1000,40,1,1252,494.6207,61.04,492.05,49.77,133,23.75,7.459,5.916,0.6896,224.322,0.00,0.0000
1000,40,2,223,94.7423,8.36,262.08,65.79,41,23.86,7.756,6.108,0.8089,275.454,0.00,0.0000
1000,50,0,5138,236.9011,129.38,13.83,19.39,22,11.20,2.312,10.936,0.1882,26.657,0.00,0.0000
1000,50,1,567,167.3741,32.80,138.70,53.69,64,17.61,4.010,7.475,0.8436,135.741,0.00,0.0000
1000,50,2,11,3.8699,1.35,13.68,35.34,0,19.14,4.263,6.382,0.9458,172.595,0.00,0.0000
1000,60,0,3853,70.6273,68.16,0.77,11.91,0,2.35,0.233,15.057,0.1138,5.121,0.00,0.0000
1000,60,1,2,1.1379,0.83,0.32,20.07,0,9.32,0.587,10.123,0.9626,63.711,0.00,0.0000
1000,70,0,4656,3.7675,4.75,0.16,8.42,1,-5.43,0.001,20.728,0.0813,0.899,0.00,0.0000
1000,80,0,3564,0.0236,0.45,0.06,4.84,0,-11.91,0.000,26.913,0.0684,0.200,0.00,0.0000
2000,-60,0,5295,32.3108,134.72,89.88,-15.57,3,-8.97,0.000,24.032,0.5271,9.971,0.00,0.0000
2000,-60,1,2437,29.6615,136.59,609.45,-19.23,0,-11.27,0.000,26.300,0.9589,11.700,0.00,0.0000
2000,-60,2,2,0.0000,0.00,2.43,-6.37,0,0.29,0.000,15.175,0.9955,29.038,0.00,0.0000
2000,-50,0,7119,145.4159,205.39,95.63,-9.01,3,1.00,0.124,15.923,0.4167,21.527,0.00,0.0000
2000,-50,1,1575,146.4572,169.76,487.35,-2.32,1,0.59,0.108,16.275,0.7846,34.525,0.00,0.0000
2000,-50,2,4,0.0141,0.01,6.64,-2.40,0,5.28,0.039,11.713,0.9537,43.806,0.00,0.0000
2000,-40,0,6341,206.9263,222.89,62.59,2.53,54,12.02,2.270,10.121,0.3732,56.161,0.00,0.0000
2000,-40,1,1738,261.5536,255.26,633.48,8.43,14,10.81,2.025,10.923,0.6895,84.957,0.00,0.0000
2000,-40,2,2,0.1604,0.00,2.36,-7.22,1,13.35,1.702,8.058,0.6994,123.154,0.00,0.0000
2000,-30,0,4324,224.8282,215.58,87.67,12.53,73,20.48,6.083,7.177,0.3974,130.377,0.00,0.0000
2000,-30,1,3249,372.7138,347.37,1519.56,19.54,92,20.56,6.309,7.379,0.5848,188.784,0.00,0.0000
2000,-30,2,604,74.3453,68.19,855.85,24.64,19,23.13,7.485,6.428,0.7661,291.371,0.00,0.0000
2000,-20,0,1822,76.1636,62.97,41.64,14.50,31,28.03,10.382,5.166,0.3601,243.855,0.00,0.0000
2000,-20,1,2515,262.3586,236.81,1073.43,22.64,29,27.62,10.312,5.438,0.5302,345.839,0.00,0.0000
2000,-20,2,3882,301.5511,255.76,11119.65,32.19,118,27.38,10.248,5.605,0.8377,507.170,0.00,0.0000
2000,-10,0,1809,137.7708,137.27,24.36,24.66,10,34.54,14.528,3.760,0.3146,388.075,0.00,0.0000
2000,-10,1,2069,450.0815,431.30,920.56,25.98,12,34.29,14.499,3.881,0.4454,571.740,0.00,0.0000
2000,-10,2,4346,310.4388,237.95,15881.24,40.53,280,32.26,13.425,4.589,0.8056,796.656,0.00,0.0000
2000,0,0,1824,144.9855,152.82,30.79,25.90,5,38.82,17.356,2.898,0.2200,435.045,0.00,0.0000
2000,0,1,1745,291.1389,278.64,844.63,30.13,0,38.52,17.282,3.001,0.3734,742.278,0.00,0.0000
2000,0,2,4798,326.3947,266.34,15269.39,44.58,213,35.94,15.900,3.877,0.6743,982.112,0.00,0.0000
2000,10,0,3018,139.9007,148.10,51.58,24.91,4,40.19,18.284,2.651,0.1967,456.697,0.00,0.0000
2000,10,1,2733,383.2576,375.96,1359.37,33.80,4,39.78,18.152,2.804,0.3477,781.156,0.00,0.0000
2000,10,2,3694,266.0851,241.23,9744.45,57.89,240,35.83,16.131,4.175,0.6058,886.586,0.00,0.0000
2000,20,0,3997,90.7785,91.49,61.79,30.00,3,37.77,16.883,3.354,0.1467,259.228,0.00,0.0000
2000,20,1,3278,242.7814,233.86,1555.60,49.18,16,38.29,17.244,3.245,0.3499,635.806,0.00,0.0000
2000,20,2,1170,85.6420,63.56,2059.36,66.05,62,35.24,15.639,4.219,0.5306,711.008,0.00,0.0000
2000,30,0,6747,258.8062,246.96,85.03,43.10,30,35.06,14.968,3.826,0.1900,255.760,0.00,0.0000
2000,30,1,2301,175.2194,176.22,995.48,42.29,33,37.24,16.027,3.027,0.3659,522.109,0.00,0.0000
2000,30,2,226,68.4677,73.23,250.65,19.24,1,35.14,14.587,3.405,0.5481,628.225,0.00,0.0000
2000,40,0,6690,316.9908,293.77,63.39,43.94,105,31.11,12.075,4.414,0.1967,165.607,0.00,0.0000
2000,40,1,1253,180.4313,139.28,495.32,28.54,27,33.94,13.298,3.231,0.5218,457.785,0.00,0.0000
2000,40,2,227,36.9320,31.70,269.99,16.88,3,33.30,13.140,3.566,0.6600,588.430,0.00,0.0000
2000,50,0,5132,362.2339,350.33,13.43,41.77,21,24.99,8.038,5.644,0.1461,61.269,0.00,0.0000
2000,50,1,573,188.7514,160.63,143.41,18.66,28,29.84,10.179,3.702,0.7086,360.496,0.00,0.0000
2000,50,2,11,2.2220,2.47,14.09,26.53,2,28.47,9.094,3.678,0.9209,429.064,0.00,0.0000
2000,60,0,3853,181.1447,186.16,0.77,34.55,0,18.77,3.947,6.704,0.0913,14.815,0.00,0.0000
2000,60,1,2,2.5684,2.62,0.34,35.46,0,21.43,4.747,5.302,0.9202,167.863,0.00,0.0000
2000,70,0,4656,46.6854,42.27,0.15,26.53,0,15.11,1.227,6.292,0.0639,2.573,0.00,0.0000
2000,80,0,3564,7.3045,6.86,0.06,26.15,0,15.33,0.201,3.831,0.0540,0.033,0.00,0.0000
3000,-60,0,5356,0.8885,80.96,91.47,-15.88,3,-15.20,0.000,30.200,0.5392,5.360,0.00,0.0000
3000,-60,1,2376,0.2874,81.73,573.79,-18.05,0,-17.45,0.000,32.452,0.9640,5.559,0.00,0.0000
3000,-60,2,2,0.0000,0.00,2.32,-14.98,0,-5.04,0.000,20.042,0.9997,24.251,0.00,0.0000
3000,-50,0,7155,103.0798,158.04,95.44,-3.48,43,-5.14,0.000,20.550,0.4313,12.157,0.00,0.0000
3000,-50,1,1539,104.0105,43.21,466.58,-20.52,48,-5.99,0.000,21.346,0.7984,20.298,0.00,0.0000
3000,-50,2,4,0.0681,0.00,6.42,-10.77,0,0.12,0.000,15.318,0.9771,36.415,0.00,0.0000
3000,-40,0,6347,300.2723,222.97,62.06,6.34,199,6.31,0.701,12.848,0.3986,35.303,0.00,0.0000
3000,-40,1,1732,375.4708,33.83,625.21,-11.75,151,4.62,0.542,14.067,0.7092,52.773,0.00,0.0000
3000,-40,2,2,0.0009,0.00,2.34,27.50,0,9.71,0.359,9.391,0.9836,121.028,0.00,0.0000
3000,-30,0,4330,435.4218,194.69,87.71,12.09,350,15.51,3.827,8.928,0.4353,89.003,0.00,0.0000
3000,-30,1,3236,711.4586,170.56,1512.71,2.95,394,15.36,3.991,9.236,0.6489,136.244,0.00,0.0000
3000,-30,2,611,184.4333,70.31,867.94,-1.79,108,17.99,5.007,8.091,0.8656,225.533,0.00,0.0000
3000,-20,0,1819,148.2445,39.39,41.45,14.49,83,23.99,8.197,6.318,0.3886,182.238,0.00,0.0000
3000,-20,1,2506,570.7294,130.02,1068.37,19.88,256,23.76,8.119,6.455,0.5745,258.737,0.00,0.0000
3000,-20,2,3894,784.3330,257.02,11158.74,6.93,880,23.12,7.914,6.771,0.9007,391.719,0.00,0.0000
3000,-10,0,1811,274.9969,33.30,24.50,12.59,75,31.50,12.709,4.431,0.3388,340.548,0.00,0.0000
3000,-10,1,2058,710.3821,79.89,916.37,31.37,267,32.02,12.959,4.303,0.4773,483.458,0.00,0.0000
3000,-10,2,4355,548.9792,143.95,15913.53,11.08,858,29.23,11.571,5.250,0.8614,694.958,0.00,0.0000
3000,0,0,1825,291.9924,115.00,30.60,24.16,21,37.41,16.495,3.150,0.2302,425.363,0.00,0.0000
3000,0,1,1745,595.2641,121.35,844.46,37.49,112,37.90,16.780,3.076,0.3812,693.182,0.00,0.0000
3000,0,2,4797,535.7023,135.62,15265.32,16.99,576,34.46,14.927,4.116,0.6949,948.455,0.00,0.0000
3000,10,0,3026,291.4213,173.01,50.09,35.83,127,40.63,18.682,2.575,0.1709,432.692,0.00,0.0000
3000,10,1,2748,708.5551,347.70,1368.79,39.59,106,40.90,18.911,2.604,0.3071,755.170,0.00,0.0000
3000,10,2,3671,449.5854,229.77,9695.11,10.42,254,35.66,15.945,4.091,0.5751,933.279,0.00,0.0000
3000,20,0,4005,195.6842,176.37,61.69,30.01,8,39.70,18.275,2.973,0.1202,280.053,0.00,0.0000
3000,20,1,3295,523.2085,449.47,1559.79,23.74,27,40.39,18.650,2.791,0.2855,685.372,0.00,0.0000
3000,20,2,1145,150.8800,117.28,2023.57,18.17,41,36.78,16.550,3.783,0.4529,778.895,0.00,0.0000
3000,30,0,6759,438.8690,457.90,84.89,23.69,39,38.74,17.388,3.021,0.1427,299.248,0.00,0.0000
3000,30,1,2292,399.4520,415.24,986.61,33.32,35,41.06,18.618,2.288,0.2722,598.955,0.00,0.0000
3000,30,2,223,127.1405,144.51,247.92,36.98,0,39.23,17.346,2.607,0.4455,813.709,0.00,0.0000
3000,40,0,6694,480.8978,469.83,63.17,19.30,64,36.45,15.410,3.132,0.1375,209.555,0.00,0.0000
3000,40,1,1249,373.3784,333.97,498.56,39.83,20,39.59,16.999,2.119,0.4010,626.107,0.00,0.0000
3000,40,2,227,110.7930,106.86,272.95,41.55,3,38.35,16.455,2.533,0.5485,815.007,0.00,0.0000
3000,50,0,5128,406.8850,406.57,13.07,12.37,7,31.96,11.949,3.647,0.1006,88.177,0.00,0.0000
3000,50,1,577,247.3217,163.30,147.86,37.17,4,36.75,14.451,2.160,0.5784,575.612,0.00,0.0000
3000,50,2,11,4.0217,0.45,14.62,40.85,2,34.40,12.649,2.345,0.8754,666.790,0.00,0.0000
3000,60,0,3853,176.0320,215.74,0.78,12.87,1,28.19,8.396,3.506,0.0598,24.032,0.00,0.0000
3000,60,1,2,4.0545,4.79,0.35,1.61,0,27.47,7.910,3.407,0.8878,312.177,0.00,0.0000
3000,70,0,4656,89.9322,95.78,0.15,24.33,0,29.38,6.019,1.140,0.0303,3.781,0.00,0.0000
3000,80,0,3564,37.6916,33.92,0.06,32.21,0,31.98,4.100,0.008,0.0216,0.008,0.00,0.0000
4000,-60,0,5423,0.5928,51.41,93.57,-7.67,0,-14.97,0.000,29.966,0.5455,4.710,0.00,0.0000
4000,-60,1,2309,0.2723,47.76,539.29,-9.62,0,-17.28,0.000,32.281,0.9660,4.930,0.00,0.0000
4000,-60,2,2,0.0000,0.00,2.22,5.87,0,-4.86,0.000,19.856,0.9995,20.502,0.00,0.0000
4000,-50,0,7183,98.8460,172.53,94.51,3.24,13,-4.82,0.000,20.255,0.4362,10.990,0.00,0.0000
4000,-50,1,1511,27.4822,46.24,448.00,15.77,0,-5.38,0.000,20.784,0.7976,18.233,0.00,0.0000
4000,-50,2,4,0.0000,0.00,6.21,12.12,0,0.40,0.000,15.037,0.9853,31.408,0.00,0.0000
4000,-40,0,6354,316.5437,353.20,61.69,17.35,38,6.76,0.742,12.573,0.4062,33.092,0.00,0.0000
4000,-40,1,1725,79.3579,75.46,618.41,29.81,8,5.27,0.584,13.641,0.7063,48.126,0.00,0.0000
4000,-40,2,2,0.0000,0.00,2.32,-2.46,0,8.90,0.334,9.875,0.9999,118.919,0.00,0.0000
4000,-30,0,4331,345.7644,301.67,87.45,27.66,85,15.97,3.945,8.735,0.4468,86.388,0.00,0.0000
4000,-30,1,3222,248.3260,153.68,1506.66,36.69,81,15.94,4.156,9.002,0.6758,133.916,0.00,0.0000
4000,-30,2,624,111.7187,32.13,891.71,45.18,71,18.77,5.294,7.818,0.9041,219.027,0.00,0.0000
4000,-20,0,1814,67.8085,59.41,41.02,42.86,9,24.94,8.596,6.025,0.3762,166.930,0.00,0.0000
4000,-20,1,2490,212.4201,158.42,1055.66,38.94,30,24.01,8.214,6.375,0.5699,247.354,0.00,0.0000
4000,-20,2,3915,297.4257,102.52,11238.83,44.80,332,23.74,8.219,6.634,0.9108,377.842,0.00,0.0000
4000,-10,0,1813,75.2727,70.46,24.65,59.98,9,32.79,13.429,4.176,0.3281,313.816,0.00,0.0000
4000,-10,1,2047,160.0601,133.21,910.23,44.56,7,32.15,13.002,4.259,0.4615,461.812,0.00,0.0000
4000,-10,2,4364,164.4649,74.97,15986.36,51.18,372,29.83,11.936,5.171,0.8682,676.697,0.00,0.0000
4000,0,0,1828,204.6008,215.58,30.60,61.86,6,38.74,17.349,2.968,0.2232,398.687,0.00,0.0000
4000,0,1,1752,198.9777,157.94,847.22,44.94,0,37.99,16.778,3.018,0.3680,668.033,0.00,0.0000
4000,0,2,4787,179.3024,67.27,15282.13,55.34,263,35.04,15.324,4.064,0.6924,911.505,0.00,0.0000
4000,10,0,3037,249.2537,269.97,50.30,57.53,14,41.92,19.570,2.427,0.1496,375.460,0.00,0.0000
4000,10,1,2781,466.1901,396.78,1393.17,42.78,2,40.97,18.882,2.549,0.2821,703.810,0.00,0.0000
4000,10,2,3627,364.2551,227.23,9636.31,56.87,240,35.87,16.129,4.107,0.5666,886.727,0.00,0.0000
4000,20,0,4016,285.6266,249.96,61.75,59.35,77,40.88,19.042,2.807,0.1099,256.917,0.00,0.0000
4000,20,1,3307,835.5661,692.31,1562.31,51.76,82,40.68,18.850,2.764,0.2747,656.123,0.00,0.0000
4000,20,2,1122,200.7544,129.59,1988.50,44.13,72,36.37,16.377,3.949,0.4368,743.432,0.00,0.0000
4000,30,0,6772,638.7309,624.27,84.76,54.03,116,39.31,17.749,2.937,0.1290,271.178,0.00,0.0000
4000,30,1,2279,686.5601,700.06,975.27,46.05,53,41.46,18.914,2.256,0.2683,595.314,0.00,0.0000
4000,30,2,223,188.5190,236.74,248.16,57.93,0,40.79,18.424,2.403,0.4304,785.170,0.00,0.0000
4000,40,0,6699,554.4662,444.20,62.97,50.95,187,36.92,15.683,3.056,0.1252,194.688,0.00,0.0000
4000,40,1,1239,593.0576,558.32,496.64,45.04,32,40.34,17.526,2.016,0.3933,624.395,0.00,0.0000
4000,40,2,232,198.6211,221.53,280.83,51.67,4,39.76,17.382,2.348,0.5348,797.460,0.00,0.0000
4000,50,0,5125,387.8302,350.21,12.77,48.53,52,32.47,12.213,3.543,0.0884,82.012,0.00,0.0000
4000,50,1,580,442.0574,371.53,152.22,50.19,3,37.97,15.254,2.003,0.5597,563.770,0.00,0.0000
4000,50,2,11,1.5186,0.35,15.14,28.92,0,34.94,12.997,2.245,0.8672,678.220,0.00,0.0000
4000,60,0,3853,139.5732,174.23,0.77,41.02,12,28.63,8.577,3.395,0.0486,23.206,0.00,0.0000
4000,60,1,2,4.3180,3.24,0.37,54.07,1,28.69,8.388,3.080,0.8564,294.860,0.00,0.0000
4000,70,0,4656,51.9900,98.02,0.14,33.90,0,29.68,6.149,1.103,0.0156,4.520,0.00,0.0000
4000,80,0,3564,19.0268,34.82,0.05,30.58,0,32.10,4.159,0.006,0.0051,0.002,0.00,0.0000
5000,-60,0,5472,19.7624,48.58,94.35,-13.64,1,-9.07,0.000,24.141,0.5461,8.148,0.00,0.0000
5000,-60,1,2260,16.9642,43.56,510.42,-15.16,0,-11.49,0.000,26.517,0.9629,9.779,0.00,0.0000
5000,-60,2,2,0.0002,0.00,2.15,-8.91,0,-0.86,0.000,16.250,0.9951,23.525,0.00,0.0000
5000,-50,0,7199,284.6897,321.72,93.63,-7.31,49,0.84,0.134,16.133,0.4324,18.729,0.00,0.0000
5000,-50,1,1495,123.5965,126.28,437.75,-5.90,3,0.39,0.113,16.502,0.7854,30.681,0.00,0.0000
5000,-50,2,4,0.0015,0.00,6.07,-6.09,0,4.05,0.026,12.724,0.9750,36.644,0.00,0.0000
5000,-40,0,6358,591.3290,485.77,61.40,0.99,413,11.80,2.312,10.340,0.3991,53.561,0.00,0.0000
5000,-40,1,1721,246.8184,202.08,615.52,2.50,52,10.46,2.011,11.138,0.6822,76.921,0.00,0.0000
5000,-40,2,2,0.0000,0.00,2.32,25.20,0,12.83,1.548,8.366,0.9941,124.314,0.00,0.0000
5000,-30,0,4324,492.1662,285.63,86.71,11.62,351,20.25,6.058,7.317,0.4344,131.989,0.00,0.0000
5000,-30,1,3216,524.4539,325.57,1507.08,10.39,298,20.23,6.243,7.538,0.6636,204.382,0.00,0.0000
5000,-30,2,637,118.9725,56.21,917.67,11.43,101,22.70,7.318,6.563,0.8838,320.516,0.00,0.0000
5000,-20,0,1808,122.5092,101.93,40.40,12.00,50,27.63,10.224,5.288,0.3351,217.946,0.00,0.0000
5000,-20,1,2471,413.2380,301.14,1038.66,22.02,106,27.40,10.191,5.498,0.5263,327.134,0.00,0.0000
5000,-20,2,3940,315.0097,134.29,11321.14,17.10,477,27.08,10.123,5.693,0.8731,516.455,0.00,0.0000
5000,-10,0,1811,176.1761,173.44,24.27,13.17,28,33.98,14.182,3.846,0.2938,363.486,0.00,0.0000
5000,-10,1,2042,401.8141,406.53,903.20,31.20,3,34.12,14.331,3.889,0.4115,522.321,0.00,0.0000
5000,-10,2,4371,208.0654,130.81,16020.29,22.22,371,31.95,13.245,4.643,0.8218,817.700,0.00,0.0000
5000,0,0,1837,336.5453,401.98,31.11,14.08,2,38.23,16.973,2.971,0.2117,423.871,0.00,0.0000
5000,0,1,1759,456.2042,467.16,854.10,38.52,8,38.46,17.161,2.971,0.3439,684.200,0.00,0.0000
5000,0,2,4771,188.8630,129.14,15251.84,24.80,295,35.59,15.664,3.925,0.6611,955.279,0.00,0.0000
5000,10,0,3097,362.0408,444.63,50.56,12.37,28,39.64,17.947,2.732,0.1488,356.425,0.00,0.0000
5000,10,1,2778,736.7904,777.63,1406.86,41.58,39,39.78,18.105,2.775,0.2834,654.710,0.00,0.0000
5000,10,2,3570,396.1773,269.99,9548.55,32.62,169,35.45,15.842,4.229,0.5638,831.500,0.00,0.0000
5000,20,0,4027,370.6635,373.04,61.76,12.41,46,37.22,16.520,3.415,0.1220,230.161,0.00,0.0000
5000,20,1,3304,1155.5838,1164.95,1554.70,35.83,82,38.16,17.090,3.209,0.3108,594.253,0.00,0.0000
5000,20,2,1114,212.5903,163.48,1970.96,41.04,13,35.06,15.526,4.286,0.4630,641.902,0.00,0.0000
5000,30,0,6782,848.5791,965.57,84.47,22.94,113,34.75,14.714,3.827,0.1514,215.615,0.00,0.0000
5000,30,1,2267,1030.0948,838.02,967.92,28.68,265,37.09,15.901,3.023,0.3473,532.802,0.00,0.0000
5000,30,2,225,228.4190,117.63,251.56,-1.62,76,34.39,14.151,3.532,0.5429,670.122,0.00,0.0000
5000,40,0,6695,646.4010,691.05,62.29,20.98,115,30.82,11.827,4.400,0.1561,144.443,0.00,0.0000
5000,40,1,1234,752.2303,275.22,494.13,14.76,375,33.65,13.107,3.269,0.5067,490.495,0.00,0.0000
5000,40,2,241,254.9062,79.42,293.85,-2.37,94,32.69,12.808,3.684,0.6617,637.680,0.00,0.0000
5000,50,0,5123,356.9150,366.12,12.58,12.58,59,24.64,7.787,5.653,0.1092,55.464,0.00,0.0000
5000,50,1,582,632.2777,302.44,156.34,-0.23,193,29.35,9.895,3.768,0.6790,394.675,0.00,0.0000
5000,50,2,11,2.9807,0.00,15.58,18.16,3,29.23,9.427,3.407,0.9224,469.157,0.00,0.0000
5000,60,0,3853,111.5670,169.47,0.76,4.64,0,18.42,3.766,6.742,0.0636,16.341,0.00,0.0000
5000,60,1,2,0.4953,0.00,0.38,6.62,0,22.00,4.855,4.841,0.8637,180.559,0.00,0.0000
5000,70,0,4656,30.8397,83.20,0.14,-1.63,0,14.79,1.142,6.379,0.0303,7.277,0.00,0.0000
5000,80,0,3564,3.9793,23.94,0.05,-1.84,0,15.07,0.173,3.927,0.0086,3.471,0.00,0.0000
6000,-60,0,5487,196.9457,147.25,94.39,16.72,95,2.50,0.235,14.938,0.5345,23.350,0.00,0.0000
6000,-60,1,2245,209.9572,81.23,501.73,14.59,101,0.20,0.095,16.479,0.9454,31.745,0.00,0.0000
6000,-60,2,2,0.0355,0.00,2.13,26.76,0,7.56,0.345,10.995,0.9636,50.540,0.00,0.0000
6000,-50,0,7203,777.7873,403.51,93.34,29.37,512,11.81,2.256,10.297,0.4119,47.344,0.00,0.0000
6000,-50,1,1491,474.8481,77.38,437.98,15.69,351,10.54,1.990,11.042,0.7494,81.123,0.00,0.0000
6000,-50,2,4,0.1012,0.00,6.04,33.40,0,11.88,1.260,8.861,0.9190,71.919,0.00,0.0000
6000,-40,0,6356,604.4204,269.91,61.03,37.17,457,21.25,6.439,6.901,0.3674,114.554,0.00,0.0000
6000,-40,1,1722,549.8393,112.64,618.36,21.04,399,19.15,5.706,7.893,0.6226,168.364,0.00,0.0000
6000,-40,2,3,0.0000,0.00,3.38,30.49,0,22.22,5.703,5.333,0.9457,215.934,0.00,0.0000
6000,-30,0,4318,478.6582,216.77,86.44,38.62,295,27.84,10.281,5.221,0.3868,240.588,0.00,0.0000
6000,-30,1,3203,765.7991,184.47,1507.83,29.37,432,27.09,10.103,5.630,0.5979,370.639,0.00,0.0000
6000,-30,2,656,155.1317,43.74,952.93,29.48,134,28.78,10.956,5.037,0.7926,544.018,0.00,0.0000
6000,-20,0,1804,175.0719,144.82,39.75,54.12,16,33.14,13.713,4.115,0.2766,305.507,0.00,0.0000
6000,-20,1,2441,461.9367,199.14,1011.02,29.71,71,32.53,13.477,4.350,0.4542,486.701,0.00,0.0000
6000,-20,2,3974,312.3937,132.09,11405.61,30.02,282,31.69,13.075,4.649,0.7791,772.093,0.00,0.0000
6000,-10,0,1811,247.6815,210.46,24.02,55.10,10,36.67,16.116,3.433,0.2609,422.314,0.00,0.0000
6000,-10,1,2038,542.4288,415.88,895.68,31.86,34,36.81,16.245,3.419,0.3606,619.639,0.00,0.0000
6000,-10,2,4375,229.9038,142.45,16013.02,28.55,280,34.08,14.781,4.263,0.7471,997.374,0.00,0.0000
6000,0,0,1857,402.6592,268.61,32.09,60.83,6,38.52,17.313,3.044,0.2147,428.634,0.00,0.0000
6000,0,1,1750,595.7815,497.17,851.46,36.13,1,38.63,17.373,3.012,0.3380,692.681,0.00,0.0000
6000,0,2,4760,258.4684,177.22,15208.16,28.99,267,35.05,15.486,4.133,0.6489,959.089,0.00,0.0000
6000,10,0,3108,469.2410,281.11,50.97,63.90,43,37.39,16.524,3.256,0.1739,313.518,0.00,0.0000
6000,10,1,2799,937.9750,799.14,1425.43,37.26,70,37.20,16.412,3.321,0.3283,582.602,0.00,0.0000
6000,10,2,3538,291.7284,149.62,9493.48,8.98,232,31.79,13.712,5.135,0.6152,738.002,0.00,0.0000
6000,20,0,4039,460.0446,331.05,62.15,47.11,142,32.00,13.314,4.690,0.1594,178.438,0.00,0.0000
6000,20,1,3299,1038.0309,402.26,1557.41,22.93,229,32.23,13.376,4.538,0.4036,465.628,0.00,0.0000
6000,20,2,1107,162.3930,17.12,1958.44,-1.52,126,28.98,11.897,5.782,0.5537,509.050,0.00,0.0000
6000,30,0,6791,846.5144,319.51,84.56,20.84,321,26.27,9.758,6.049,0.2068,144.377,0.00,0.0000
6000,30,1,2251,603.8872,202.04,965.58,30.25,269,29.20,10.983,4.800,0.4876,360.365,0.00,0.0000
6000,30,2,232,49.8331,6.73,262.11,52.56,43,26.23,9.310,5.679,0.7115,370.432,0.00,0.0000
6000,40,0,6695,628.9809,265.55,62.14,9.68,412,19.72,5.995,7.784,0.2120,81.791,0.00,0.0000
6000,40,1,1225,178.0571,47.94,492.92,34.01,99,23.55,7.266,5.892,0.6587,245.109,0.00,0.0000
6000,40,2,250,39.3183,6.53,308.00,48.22,26,23.52,7.523,6.193,0.8244,308.587,0.00,0.0000
6000,50,0,5119,230.9822,84.87,12.14,-1.74,141,11.02,2.231,10.966,0.1432,27.515,0.00,0.0000
6000,50,1,586,168.4689,37.00,159.41,32.41,68,17.46,3.871,7.466,0.8060,153.044,0.00,0.0000
6000,50,2,11,0.0007,0.00,15.79,26.98,2,20.16,4.457,5.758,0.9610,196.701,0.00,0.0000
6000,60,0,3853,65.3950,63.56,0.74,-9.78,2,2.19,0.214,15.122,0.0856,7.804,0.00,0.0000
6000,60,1,2,0.0002,0.00,0.38,-1.86,0,10.59,0.797,9.345,0.8728,67.760,0.00,0.0000
6000,70,0,4656,11.4232,58.37,0.13,-14.81,0,-5.58,0.000,20.846,0.0544,3.800,0.00,0.0000
6000,80,0,3564,0.0495,14.54,0.05,-23.14,0,-12.09,0.000,27.086,0.0400,4.137,0.00,0.0000
7000,-60,0,5472,645.5784,448.00,93.66,24.57,166,17.01,3.843,7.810,0.4899,79.207,0.00,0.0000
7000,-60,1,2260,609.4860,438.03,513.32,17.88,119,14.92,3.043,8.715,0.8889,116.747,0.00,0.0000
7000,-60,2,2,0.0128,0.01,2.16,23.28,0,18.71,3.857,6.399,0.9257,153.787,0.00,0.0000
7000,-50,0,7191,618.0619,461.53,92.40,25.90,134,24.33,7.773,5.746,0.3534,127.831,0.00,0.0000
7000,-50,1,1503,138.0702,67.62,446.57,43.65,37,23.88,7.650,6.075,0.6581,213.468,0.00,0.0000
7000,-50,2,4,0.0001,0.00,6.10,24.40,0,21.95,5.456,5.326,0.8513,189.750,0.00,0.0000
7000,-40,0,6356,451.2885,415.79,60.86,34.56,110,31.46,12.134,4.078,0.2941,234.997,0.00,0.0000
7000,-40,1,1721,114.4640,57.64,622.07,49.38,39,30.16,11.615,4.672,0.4993,333.448,0.00,0.0000
7000,-40,2,4,0.0000,0.00,4.45,15.99,1,30.10,10.426,3.444,0.7927,437.896,0.00,0.0000
7000,-30,0,4309,425.6771,308.92,85.40,39.33,78,35.67,15.097,3.392,0.3030,397.150,0.00,0.0000
7000,-30,1,3195,401.7258,214.36,1502.34,50.73,55,35.06,14.917,3.716,0.4681,577.034,0.00,0.0000
7000,-30,2,673,131.2673,61.30,978.59,55.81,54,36.25,15.601,3.379,0.5990,776.544,0.00,0.0000
7000,-20,0,1804,211.9400,187.09,39.33,33.54,21,38.18,16.994,3.078,0.2190,397.549,0.00,0.0000
7000,-20,1,2439,424.8344,313.68,1010.06,45.26,8,37.59,16.704,3.269,0.3768,655.381,0.00,0.0000
7000,-20,2,3976,366.6904,234.47,11415.56,55.46,207,37.00,16.418,3.497,0.6477,997.220,0.00,0.0000
7000,-10,0,1812,269.2530,299.35,23.86,38.98,21,38.96,17.599,3.006,0.2454,460.093,0.00,0.0000
7000,-10,1,2037,507.9221,234.37,890.99,38.81,49,38.53,17.362,3.080,0.3411,691.141,0.00,0.0000
7000,-10,2,4375,283.9705,209.33,15987.35,55.00,286,36.54,16.293,3.739,0.6851,1058.968,0.00,0.0000
7000,0,0,1860,356.1046,328.57,32.05,31.54,30,37.43,16.493,3.231,0.2378,401.496,0.00,0.0000
7000,0,1,1773,602.9191,244.29,870.04,30.12,105,37.12,16.346,3.282,0.3763,660.196,0.00,0.0000
7000,0,2,4734,300.9366,170.21,15193.22,49.44,283,34.29,14.878,4.276,0.6830,850.596,0.00,0.0000
7000,10,0,3115,372.9657,327.93,51.19,22.08,49,32.88,13.457,4.120,0.2243,256.058,0.00,0.0000
7000,10,1,2795,818.8776,317.46,1425.04,22.42,252,32.52,13.372,4.295,0.4235,474.162,0.00,0.0000
7000,10,2,3535,245.5917,123.77,9520.86,51.92,146,28.57,11.640,5.962,0.7102,542.071,0.00,0.0000
7000,20,0,4046,213.1285,135.58,62.51,18.98,46,24.87,8.940,6.446,0.2078,115.310,0.00,0.0000
7000,20,1,3277,357.4703,154.94,1548.46,29.49,143,25.37,9.227,6.285,0.5190,292.500,0.00,0.0000
7000,20,2,1122,45.3242,26.77,1978.89,46.88,51,23.05,8.417,7.430,0.6779,318.781,0.00,0.0000
7000,30,0,6795,217.4763,158.91,84.27,18.73,172,16.73,4.770,9.036,0.2638,72.746,0.00,0.0000
7000,30,1,2240,184.1331,112.31,963.56,16.91,94,19.70,5.773,7.536,0.6279,189.100,0.00,0.0000
7000,30,2,239,16.0886,15.50,270.23,3.66,1,15.60,3.897,9.021,0.8284,160.629,0.00,0.0000
7000,40,0,6700,153.0885,127.41,62.00,9.74,70,8.00,1.466,12.532,0.2608,34.313,0.00,0.0000
7000,40,1,1218,75.1590,50.86,490.40,2.34,19,11.43,1.992,10.261,0.7646,96.626,0.00,0.0000
7000,40,2,252,25.0750,24.01,310.29,-1.07,2,11.70,2.175,10.342,0.9220,116.955,0.00,0.0000
7000,50,0,5122,56.1735,79.05,12.21,-0.64,22,-2.49,0.094,18.859,0.1714,10.554,0.00,0.0000
7000,50,1,583,41.4354,38.18,157.23,-6.64,6,3.79,0.228,13.798,0.8728,48.791,0.00,0.0000
7000,50,2,11,0.0000,0.00,15.65,1.49,0,9.27,0.577,9.943,0.9765,72.018,0.00,0.0000
7000,60,0,3853,4.2066,41.10,0.71,-14.45,0,-13.05,0.000,28.077,0.1004,2.944,0.00,0.0000
7000,60,1,2,0.0014,0.00,0.37,0.51,0,-0.12,0.000,15.652,0.8745,24.176,0.00,0.0000
7000,70,0,4656,0.0266,35.38,0.12,-26.61,0,-22.00,0.000,36.998,0.0661,1.464,0.00,0.0000
7000,80,0,3564,0.0000,8.80,0.05,-30.74,0,-28.65,0.000,43.646,0.0529,0.987,0.00,0.0000
8000,-60,0,5440,1081.8262,395.51,91.98,25.52,506,29.31,9.962,3.895,0.3960,205.124,0.00,0.0000
8000,-60,1,2292,958.9955,76.49,534.19,25.03,532,27.60,9.007,4.358,0.7704,333.879,0.00,0.0000
8000,-60,2,2,0.3287,0.01,2.23,4.04,0,27.10,8.339,3.934,0.9381,411.768,0.00,0.0000
8000,-50,0,7184,902.0177,801.76,91.67,33.38,174,34.32,13.578,3.160,0.2604,252.860,0.00,0.0000
8000,-50,1,1510,215.8950,117.15,453.17,5.09,70,33.04,12.957,3.555,0.5147,461.224,0.00,0.0000
8000,-50,2,4,0.0003,0.00,6.24,5.54,1,29.14,9.580,3.447,0.8566,446.154,0.00,0.0000
8000,-40,0,6359,550.8526,555.13,60.46,33.88,145,38.72,16.809,2.528,0.2050,359.719,0.00,0.0000
8000,-40,1,1718,177.6285,167.81,619.04,11.13,11,36.80,15.773,3.071,0.3526,528.457,0.00,0.0000
8000,-40,2,4,0.0000,0.00,4.48,60.62,0,36.65,14.500,2.112,0.5148,487.172,0.00,0.0000
8000,-30,0,4312,506.8439,508.70,84.82,33.09,58,40.50,18.325,2.420,0.2280,526.580,0.00,0.0000
8000,-30,1,3200,460.0239,381.67,1498.38,21.11,75,39.18,17.604,2.803,0.3356,703.586,0.00,0.0000
8000,-30,2,665,132.9428,107.84,963.89,13.60,15,39.46,17.697,2.660,0.4203,905.467,0.00,0.0000
8000,-20,0,1811,273.0899,323.59,39.54,23.27,7,39.95,18.211,2.675,0.1958,477.825,0.00,0.0000
8000,-20,1,2431,628.3822,615.31,1001.60,35.41,46,39.77,18.096,2.762,0.3197,739.598,0.00,0.0000
8000,-20,2,3977,406.1122,154.18,11358.11,18.39,193,38.58,17.414,3.080,0.5696,1157.228,0.00,0.0000
8000,-10,0,1809,380.6664,479.40,23.19,10.14,12,37.59,16.684,3.155,0.2572,486.850,0.00,0.0000
8000,-10,1,2044,583.1158,585.80,892.28,39.71,12,38.15,16.986,3.046,0.3557,696.895,0.00,0.0000
8000,-10,2,4371,324.7503,144.35,15936.60,15.41,340,35.62,15.622,3.814,0.6950,1075.915,0.00,0.0000
8000,0,0,1860,499.1192,577.45,31.97,10.17,16,33.62,14.039,3.937,0.2791,359.421,0.00,0.0000
8000,0,1,1766,498.7350,440.50,864.74,37.15,49,34.40,14.450,3.750,0.4422,571.949,0.00,0.0000
8000,0,2,4741,352.8401,212.87,15217.21,11.92,351,30.82,12.636,4.966,0.7642,738.071,0.00,0.0000
8000,10,0,3116,604.0602,669.19,51.15,7.88,32,26.84,9.931,5.624,0.2858,199.686,0.00,0.0000
8000,10,1,2770,637.6112,544.58,1408.33,26.56,144,27.42,10.234,5.495,0.5259,348.232,0.00,0.0000
8000,10,2,3559,288.4984,197.86,9559.81,4.25,264,23.03,8.425,7.397,0.8155,400.776,0.00,0.0000
8000,20,0,4053,275.7230,259.51,62.76,-1.23,34,16.79,5.019,9.144,0.2478,69.772,0.00,0.0000
8000,20,1,3268,510.2291,397.26,1549.76,4.36,144,17.78,5.315,8.646,0.6088,172.615,0.00,0.0000
8000,20,2,1124,103.9082,84.96,1980.32,5.21,69,16.13,4.852,9.622,0.7899,203.773,0.00,0.0000
8000,30,0,6807,254.5183,279.53,84.22,-6.42,35,7.19,1.398,13.157,0.2988,35.106,0.00,0.0000
8000,30,1,2236,332.0078,320.69,967.63,-1.74,55,10.63,2.031,11.048,0.7123,96.255,0.00,0.0000
8000,30,2,231,46.1115,46.32,259.78,-13.98,0,5.25,0.661,13.878,0.8792,67.879,0.00,0.0000
8000,40,0,6712,95.7838,146.76,61.69,-14.85,49,-2.76,0.066,19.058,0.2906,15.579,0.00,0.0000
8000,40,1,1216,87.0113,93.64,489.52,-10.10,6,0.93,0.111,15.997,0.8176,41.726,0.00,0.0000
8000,40,2,242,53.9902,55.01,295.29,-13.99,4,1.13,0.086,16.017,0.9583,46.008,0.00,0.0000
8000,50,0,5130,10.5076,50.45,12.52,-24.31,7,-13.99,0.000,29.021,0.1912,5.251,0.00,0.0000
8000,50,1,575,12.8179,30.56,150.09,-19.87,1,-7.49,0.000,22.580,0.9088,21.090,0.00,0.0000
8000,50,2,11,0.0000,0.00,15.19,-5.52,0,0.47,0.000,15.197,0.9949,44.074,0.00,0.0000
8000,60,0,3853,0.0265,24.79,0.67,-30.16,0,-24.30,0.000,39.302,0.1100,1.601,0.00,0.0000
8000,60,1,2,0.0000,0.00,0.35,-17.03,0,-9.33,0.000,24.334,0.9546,24.845,0.00,0.0000
8000,70,0,4656,0.0000,21.43,0.12,-31.61,0,-30.20,0.000,45.202,0.0725,0.838,0.00,0.0000
8000,80,0,3564,0.0000,5.33,0.04,-30.78,0,-30.77,0.000,45.767,0.0575,0.603,0.00,0.0000
9000,-60,0,5409,836.5693,805.11,89.93,54.03,9,37.38,14.844,2.086,0.3078,303.631,0.00,0.0000
9000,-60,1,2323,549.6019,355.94,557.19,53.79,100,35.98,13.852,2.320,0.6527,534.859,0.00,0.0000
9000,-60,2,2,0.0694,0.00,2.34,69.17,0,33.89,12.108,2.348,0.9120,618.924,0.00,0.0000
9000,-50,0,7185,1211.4819,1416.22,90.69,56.82,33,40.91,17.871,1.908,0.1899,315.524,0.00,0.0000
9000,-50,1,1509,345.6623,334.83,457.61,72.98,20,39.48,17.008,2.222,0.4071,597.151,0.00,0.0000
9000,-50,2,4,0.0000,0.00,6.44,71.50,3,35.26,13.132,2.160,0.8372,625.573,0.00,0.0000
9000,-40,0,6368,705.4846,875.10,60.10,60.22,88,43.61,20.169,1.735,0.1463,380.794,0.00,0.0000
9000,-40,1,1711,375.0055,402.82,614.36,72.42,21,41.49,18.878,2.215,0.2725,588.086,0.00,0.0000
9000,-40,2,2,0.0000,0.00,2.47,21.12,4,39.11,15.993,1.620,0.4991,666.348,0.00,0.0000
9000,-30,0,4327,646.2290,660.38,84.14,59.69,120,43.69,20.516,1.914,0.1789,526.513,0.00,0.0000
9000,-30,1,3206,753.0245,728.78,1498.16,63.45,102,42.08,19.597,2.323,0.2654,681.005,0.00,0.0000
9000,-30,2,644,180.1513,135.91,929.28,69.39,47,42.02,19.471,2.256,0.3162,807.212,0.00,0.0000
9000,-20,0,1819,443.8995,537.40,39.82,70.38,10,42.01,19.542,2.337,0.1879,485.358,0.00,0.0000
9000,-20,1,2437,977.9038,1127.03,1004.70,52.26,21,40.95,18.889,2.568,0.2915,723.990,0.00,0.0000
9000,-20,2,3963,436.3539,292.80,11296.77,57.88,376,39.84,18.292,2.888,0.5460,1148.550,0.00,0.0000
9000,-10,0,1809,475.6819,477.97,22.97,72.98,9,38.16,16.970,3.071,0.2670,446.986,0.00,0.0000
9000,-10,1,2049,884.2177,798.62,895.25,45.98,8,37.63,16.589,3.140,0.3720,662.853,0.00,0.0000
9000,-10,2,4366,265.4557,186.18,15953.35,50.71,330,35.34,15.466,3.926,0.7385,1020.029,0.00,0.0000
9000,0,0,1861,362.6133,80.36,32.06,62.21,33,32.76,13.359,4.130,0.2993,292.330,0.00,0.0000
9000,0,1,1757,447.0211,276.89,860.97,38.25,108,32.43,13.100,4.142,0.4876,499.574,0.00,0.0000
9000,0,2,4749,188.8286,56.70,15291.87,42.12,411,29.09,11.609,5.453,0.8304,632.442,0.00,0.0000
9000,10,0,3116,466.1536,46.10,51.17,45.95,176,24.64,8.492,6.178,0.3282,155.575,0.00,0.0000
9000,10,1,2732,441.5701,132.63,1380.48,28.43,315,24.15,8.283,6.333,0.5845,272.325,0.00,0.0000
9000,10,2,3597,235.6296,117.49,9618.96,26.32,277,19.74,6.795,8.541,0.8783,311.654,0.00,0.0000
9000,20,0,4060,283.9893,125.62,62.91,30.27,80,13.24,3.342,10.453,0.2692,47.263,0.00,0.0000
9000,20,1,3258,507.8092,213.42,1546.66,19.73,164,13.46,3.410,10.282,0.6477,116.243,0.00,0.0000
9000,20,2,1127,144.0325,63.44,1978.85,4.91,105,11.55,3.078,11.581,0.8528,151.073,0.00,0.0000
9000,30,0,6819,307.5904,270.17,83.73,9.95,111,2.26,0.400,15.797,0.3140,21.372,0.00,0.0000
9000,30,1,2232,391.9493,138.54,966.14,10.02,113,5.80,0.647,13.307,0.7392,60.565,0.00,0.0000
9000,30,2,223,39.5720,0.60,247.48,15.08,0,0.85,0.038,16.119,0.8911,36.417,0.00,0.0000
9000,40,0,6731,63.5037,109.94,61.37,-3.03,38,-8.25,0.000,23.528,0.3059,9.783,0.00,0.0000
9000,40,1,1212,58.2813,47.46,486.05,0.19,5,-4.22,0.000,19.676,0.8355,25.162,0.00,0.0000
9000,40,2,227,34.1951,4.89,272.11,6.08,5,-3.43,0.000,18.932,0.9667,25.173,0.00,0.0000
9000,50,0,5143,0.3600,30.26,13.18,-16.18,1,-19.54,0.000,34.540,0.2022,3.633,0.00,0.0000
9000,50,1,562,0.2542,18.28,141.59,-7.26,0,-12.62,0.000,27.619,0.9262,13.995,0.00,0.0000
9000,50,2,11,0.0000,0.00,14.53,-5.54,1,-4.15,0.000,19.150,0.9999,39.956,0.00,0.0000
9000,60,0,3853,0.0000,14.52,0.64,-28.41,0,-29.15,0.000,44.150,0.1163,1.142,0.00,0.0000
9000,60,1,2,0.0000,0.00,0.34,-7.94,0,-13.64,0.000,28.643,1.0000,26.795,0.00,0.0000
9000,70,0,4656,0.0000,12.98,0.11,-31.78,0,-31.71,0.000,46.711,0.0768,0.622,0.00,0.0000
9000,80,0,3564,0.0000,3.23,0.04,-30.80,0,-30.79,0.000,45.786,0.0609,0.519,0.00,0.0000
10000,-60,0,5385,1664.6085,1803.81,88.36,17.88,4,36.45,14.213,2.216,0.3068,311.026,0.00,0.0000
10000,-60,1,2347,1821.4484,1689.35,578.98,15.17,6,34.90,13.198,2.492,0.6672,555.825,0.00,0.0000
10000,-60,2,2,0.0000,0.00,2.43,12.22,0,33.28,11.630,2.338,0.9141,653.305,0.00,0.0000
10000,-50,0,7187,1743.9951,2202.10,90.01,17.81,22,39.87,17.145,2.028,0.1878,319.283,0.00,0.0000
10000,-50,1,1507,769.5601,809.38,460.55,26.08,13,39.20,16.758,2.252,0.4055,602.099,0.00,0.0000
10000,-50,2,4,0.0000,0.00,6.62,12.59,2,34.61,12.626,2.149,0.8318,659.303,0.00,0.0000
10000,-40,0,6376,850.8741,1143.26,59.77,22.34,13,42.81,19.567,1.803,0.1344,356.161,0.00,0.0000
10000,-40,1,1703,661.1736,769.80,607.24,29.40,3,41.38,18.753,2.215,0.2787,610.023,0.00,0.0000
10000,-40,2,2,0.0000,0.00,2.48,32.92,0,38.43,15.579,1.719,0.5284,695.103,0.00,0.0000
10000,-30,0,4364,626.0261,786.45,84.17,28.58,15,43.18,20.131,1.945,0.1599,481.023,0.00,0.0000
10000,-30,1,3190,986.8120,1147.47,1483.74,31.03,3,42.02,19.505,2.310,0.2500,650.214,0.00,0.0000
10000,-30,2,623,119.9717,135.95,890.71,32.05,0,42.11,19.475,2.222,0.2893,762.116,0.00,0.0000
10000,-20,0,1832,522.3373,712.65,40.49,21.56,2,41.23,18.922,2.381,0.1843,486.823,0.00,0.0000
10000,-20,1,2447,1121.1562,1340.41,1013.93,32.51,0,40.99,18.922,2.560,0.2815,706.337,0.00,0.0000
10000,-20,2,3940,435.3136,345.44,11213.11,33.37,100,40.05,18.371,2.827,0.5354,1134.664,0.00,0.0000
10000,-10,0,1810,487.2108,616.62,22.79,19.63,9,37.65,16.527,3.076,0.2615,452.011,0.00,0.0000
10000,-10,1,2051,903.9141,815.19,895.23,30.16,21,37.69,16.672,3.158,0.3663,658.837,0.00,0.0000
10000,-10,2,4363,379.3220,319.91,15983.90,32.28,277,35.75,15.654,3.802,0.7542,1049.315,0.00,0.0000
10000,0,0,1861,176.1775,161.14,31.98,14.32,8,32.21,12.948,4.154,0.2892,291.305,0.00,0.0000
10000,0,1,1742,300.5515,145.91,850.42,28.68,61,32.45,13.171,4.170,0.4854,502.352,0.00,0.0000
10000,0,2,4764,132.2871,67.89,15382.04,27.11,405,29.56,11.797,5.274,0.8456,654.877,0.00,0.0000
10000,10,0,3115,120.4717,108.28,51.11,7.36,39,24.07,8.193,6.266,0.3442,168.213,0.00,0.0000
10000,10,1,2702,282.5994,200.93,1360.49,24.80,104,24.22,8.357,6.324,0.5924,278.685,0.00,0.0000
10000,10,2,3628,266.9336,93.45,9691.53,28.46,394,20.82,7.185,8.111,0.8913,314.953,0.00,0.0000
10000,20,0,4069,169.4268,123.82,63.27,2.49,93,13.09,3.314,10.448,0.2756,48.729,0.00,0.0000
10000,20,1,3238,400.5952,227.59,1536.47,19.50,168,13.99,3.561,9.999,0.6511,115.190,0.00,0.0000
10000,20,2,1138,105.3886,49.27,1994.21,26.33,50,12.89,3.395,10.890,0.8740,150.053,0.00,0.0000
10000,30,0,6831,271.3414,238.91,83.42,3.08,106,2.71,0.447,15.486,0.3183,20.829,0.00,0.0000
10000,30,1,2237,111.7350,53.78,972.85,7.97,44,6.05,0.724,13.185,0.7408,59.481,0.00,0.0000
10000,30,2,206,1.2451,1.15,226.15,-12.89,0,0.50,0.046,16.497,0.8874,37.479,0.00,0.0000
10000,40,0,6748,65.6005,107.54,60.95,-5.13,29,-7.72,0.000,23.039,0.3130,9.254,0.00,0.0000
10000,40,1,1205,26.3715,33.22,478.39,-7.13,12,-4.15,0.000,19.684,0.8378,24.673,0.00,0.0000
10000,40,2,217,6.3532,8.22,254.46,-14.93,2,-3.58,0.000,19.157,0.9623,25.992,0.00,0.0000
10000,50,0,5149,0.4522,18.44,13.14,-16.88,2,-19.01,0.000,34.015,0.2076,3.203,0.00,0.0000
10000,50,1,556,0.2388,11.22,134.21,-17.69,3,-12.61,0.000,27.612,0.9308,13.410,0.00,0.0000
10000,50,2,11,0.0000,0.00,13.92,-3.22,0,-4.31,0.000,19.318,0.9999,36.566,0.00,0.0000
10000,60,0,3853,0.0000,8.76,0.61,-27.39,0,-28.79,0.000,43.788,0.1199,0.936,0.00,0.0000
10000,60,1,2,0.0000,0.00,0.32,-13.83,0,-13.66,0.000,28.658,1.0000,23.396,0.00,0.0000
10000,70,0,4656,0.0000,7.86,0.11,-31.42,0,-31.67,0.000,46.674,0.0802,0.545,0.00,0.0000
10000,80,0,3564,0.0000,1.96,0.04,-30.81,0,-30.80,0.000,45.804,0.0639,0.470,0.00,0.0000
11000,-60,0,5356,2993.7862,2971.85,86.81,27.06,661,28.12,9.268,4.197,0.3841,197.993,0.00,0.0000
11000,-60,1,2376,3216.5846,2546.41,602.90,26.43,799,26.44,8.341,4.672,0.8044,335.259,0.00,0.0000
11000,-60,2,2,0.0008,0.00,2.50,25.88,2,27.29,8.210,3.749,0.9502,416.250,0.00,0.0000
11000,-50,0,7183,2811.6207,3058.83,89.67,39.33,590,33.55,13.076,3.336,0.2486,234.668,0.00,0.0000
11000,-50,1,1511,1339.1499,595.17,467.24,12.17,952,31.81,12.211,3.832,0.5276,457.756,0.00,0.0000
11000,-50,2,4,0.0000,0.00,6.77,30.93,3,29.53,9.515,3.181,0.8989,462.254,0.00,0.0000
11000,-40,0,6380,1339.5982,1362.90,59.29,43.06,292,38.22,16.472,2.632,0.1701,288.521,0.00,0.0000
11000,-40,1,1699,1154.8191,928.02,605.73,16.46,479,35.86,15.214,3.277,0.3799,551.392,0.00,0.0000
11000,-40,2,2,0.0000,0.00,2.47,48.95,0,36.16,14.051,2.163,0.4505,412.436,0.00,0.0000
11000,-30,0,4379,854.1297,723.67,84.15,40.89,64,40.14,18.091,2.507,0.1812,412.687,0.00,0.0000
11000,-30,1,3193,1387.3693,1332.52,1482.55,26.70,262,38.65,17.307,2.929,0.2898,587.919,0.00,0.0000
11000,-30,2,605,165.1796,126.34,860.14,22.34,15,38.94,17.417,2.781,0.3434,730.831,0.00,0.0000
11000,-20,0,1837,619.5714,764.22,40.39,46.45,12,40.02,18.263,2.710,0.1970,466.513,0.00,0.0000
11000,-20,1,2466,1267.2885,1316.22,1025.94,30.48,19,39.55,18.047,2.855,0.2981,683.778,0.00,0.0000
11000,-20,2,3916,576.0557,195.26,11138.36,25.60,293,38.22,17.239,3.182,0.5595,1092.807,0.00,0.0000
11000,-10,0,1812,553.6990,755.28,22.34,39.02,8,37.83,16.866,3.160,0.2531,474.011,0.00,0.0000
11000,-10,1,2054,826.7648,568.75,895.97,31.71,5,38.27,17.191,3.099,0.3496,691.368,0.00,0.0000
11000,-10,2,4358,469.7694,244.10,15988.79,22.20,358,35.52,15.646,3.892,0.7432,1129.553,0.00,0.0000
11000,0,0,1863,331.6381,299.73,32.01,43.21,95,34.23,14.440,3.864,0.2611,333.832,0.00,0.0000
11000,0,1,1721,299.0550,152.13,833.98,32.09,79,34.76,14.784,3.749,0.4420,581.324,0.00,0.0000
11000,0,2,4783,192.8748,77.97,15456.02,20.77,359,31.06,12.902,4.989,0.8116,799.046,0.00,0.0000
11000,10,0,3113,281.2012,162.11,51.05,46.11,158,27.79,10.447,5.403,0.3328,228.709,0.00,0.0000
11000,10,1,2670,570.4180,236.79,1338.99,29.77,391,27.98,10.599,5.409,0.5566,372.952,0.00,0.0000
11000,10,2,3662,254.6811,144.79,9770.06,1.73,283,23.40,8.784,7.404,0.8646,442.189,0.00,0.0000
11000,20,0,4070,212.8936,184.11,63.07,28.37,63,17.79,5.491,8.848,0.2659,73.588,0.00,0.0000
11000,20,1,3222,599.2714,427.36,1529.04,10.89,257,18.36,5.681,8.542,0.6247,176.070,0.00,0.0000
11000,20,2,1153,141.4406,83.29,2020.12,-2.25,90,16.70,5.296,9.552,0.8608,225.407,0.00,0.0000
11000,30,0,6836,384.7619,381.00,82.99,6.39,117,8.12,1.715,12.798,0.3122,35.197,0.00,0.0000
11000,30,1,2236,220.3223,196.20,975.93,16.57,72,11.49,2.358,10.710,0.7204,93.217,0.00,0.0000
11000,30,2,202,8.7370,8.09,220.81,28.95,1,6.51,0.877,13.158,0.8653,64.185,0.00,0.0000
11000,40,0,6755,162.4630,189.32,60.41,-4.93,45,-1.75,0.116,18.401,0.3127,14.877,0.00,0.0000
11000,40,1,1210,94.1253,90.99,482.42,17.10,15,2.08,0.184,15.263,0.8266,38.567,0.00,0.0000
11000,40,2,205,29.6717,27.31,239.49,26.39,3,2.74,0.176,14.985,0.9449,44.466,0.00,0.0000
11000,50,0,5156,7.8495,17.03,13.36,-15.94,3,-12.92,0.000,27.989,0.2098,4.285,0.00,0.0000
11000,50,1,549,11.2559,16.46,128.57,10.41,0,-6.33,0.000,21.482,0.9275,18.379,0.00,0.0000
11000,50,2,11,0.0000,0.00,13.55,13.91,0,0.62,0.000,15.171,0.9976,36.038,0.00,0.0000
11000,60,0,3853,0.0407,5.34,0.58,-23.00,0,-23.30,0.000,38.304,0.1215,0.954,0.00,0.0000
11000,60,1,2,0.0000,0.00,0.30,-16.54,0,-9.59,0.000,24.593,0.9999,18.501,0.00,0.0000
11000,70,0,4656,0.0000,4.76,0.10,-27.20,0,-29.71,0.000,44.710,0.0829,0.479,0.00,0.0000
11000,80,0,3564,0.0000,1.19,0.04,-30.74,0,-30.82,0.000,45.815,0.0666,0.444,0.00,0.0000
12000,-60,0,5345,809.6281,193.28,86.06,13.51,151,15.21,3.016,8.387,0.4649,78.776,0.00,0.0000
12000,-60,1,2387,957.8084,160.90,614.31,8.41,259,13.15,2.292,9.298,0.9125,120.745,0.00,0.0000
12000,-60,2,2,0.0000,0.00,2.54,19.36,0,18.79,3.678,6.075,0.9733,164.959,0.00,0.0000
12000,-50,0,7175,952.2315,367.43,88.87,19.30,280,22.86,6.870,6.090,0.3313,121.156,0.00,0.0000
12000,-50,1,1518,215.5780,26.00,474.33,36.14,84,22.30,6.736,6.479,0.6691,215.586,0.00,0.0000
12000,-50,2,5,0.0000,0.00,7.87,22.50,3,22.01,5.288,5.118,0.9424,212.196,0.00,0.0000
12000,-40,0,6380,646.0370,403.17,58.92,30.87,63,30.33,11.353,4.278,0.2451,192.459,0.00,0.0000
12000,-40,1,1699,277.0798,27.83,610.85,46.23,33,28.93,10.804,4.933,0.5204,341.365,0.00,0.0000
12000,-40,2,2,0.0000,0.00,2.43,0.56,0,28.09,8.829,3.570,0.4264,218.726,0.00,0.0000
12000,-30,0,4384,587.3329,397.76,83.66,37.76,51,34.85,14.513,3.518,0.2459,318.632,0.00,0.0000
12000,-30,1,3192,498.7428,243.83,1481.11,50.21,37,34.23,14.324,3.858,0.3765,443.000,0.00,0.0000
12000,-30,2,601,66.4064,29.71,851.01,56.75,9,35.55,15.107,3.508,0.4455,573.012,0.00,0.0000
12000,-20,0,1842,238.0896,158.69,40.48,38.68,1,37.85,16.750,3.130,0.2356,418.674,0.00,0.0000
12000,-20,1,2477,554.7517,350.63,1036.38,48.39,18,37.09,16.313,3.324,0.3544,603.389,0.00,0.0000
12000,-20,2,3900,315.3264,214.18,11130.15,56.29,261,36.44,16.042,3.607,0.6248,924.861,0.00,0.0000
12000,-10,0,1814,175.4967,84.10,22.30,49.53,4,39.01,17.672,3.018,0.2523,470.286,0.00,0.0000
12000,-10,1,2059,474.0990,434.04,898.83,46.04,0,38.46,17.263,3.054,0.3524,706.843,0.00,0.0000
12000,-10,2,4351,221.1054,149.74,16007.57,58.81,245,36.34,16.180,3.787,0.7243,1087.566,0.00,0.0000
12000,0,0,1863,83.3702,26.39,31.73,44.70,2,37.93,16.896,3.187,0.2279,388.404,0.00,0.0000
12000,0,1,1717,172.3809,125.97,829.43,38.81,2,37.43,16.544,3.219,0.3925,697.059,0.00,0.0000
12000,0,2,4787,163.4843,101.88,15512.45,56.65,265,34.55,15.082,4.240,0.7352,940.027,0.00,0.0000
12000,10,0,3113,213.7271,168.22,51.07,35.50,14,33.79,14.138,4.019,0.2895,332.177,0.00,0.0000
12000,10,1,2639,371.3024,243.25,1317.56,29.96,31,33.17,13.836,4.189,0.4857,554.787,0.00,0.0000
12000,10,2,3693,320.3371,158.24,9879.92,60.24,347,29.22,12.059,5.785,0.7838,629.982,0.00,0.0000
12000,20,0,4070,279.8373,156.18,63.01,35.49,98,26.02,9.689,6.234,0.2341,129.058,0.00,0.0000
12000,20,1,3203,437.2843,132.87,1525.12,40.65,195,26.26,9.831,6.120,0.5586,317.960,0.00,0.0000
12000,20,2,1172,125.3464,30.88,2064.35,51.87,124,23.99,8.959,7.154,0.7898,383.034,0.00,0.0000
12000,30,0,6831,432.6126,164.90,82.38,34.91,290,18.03,5.459,8.674,0.2895,78.275,0.00,0.0000
12000,30,1,2235,276.4550,62.92,979.69,28.20,197,20.92,6.472,7.251,0.6587,193.637,0.00,0.0000
12000,30,2,208,14.8875,3.95,228.37,22.00,14,17.17,4.674,8.568,0.8050,154.442,0.00,0.0000
12000,40,0,6749,285.0623,124.13,59.67,28.06,221,9.50,1.939,11.920,0.2996,36.448,0.00,0.0000
12000,40,1,1212,257.3334,108.67,481.50,16.39,163,13.03,2.596,9.709,0.7846,94.529,0.00,0.0000
12000,40,2,209,46.8290,9.29,244.68,16.55,7,13.57,2.952,9.680,0.8955,114.798,0.00,0.0000
12000,50,0,5158,45.0534,37.99,13.48,21.05,24,-0.81,0.185,17.707,0.2059,9.805,0.00,0.0000
12000,50,1,547,92.1170,28.14,127.88,10.67,44,5.47,0.440,12.946,0.9049,46.222,0.00,0.0000
12000,50,2,11,0.0007,0.00,13.49,9.03,1,9.51,0.763,10.145,0.9767,67.013,0.00,0.0000
12000,60,0,3853,3.3386,6.10,0.56,8.00,0,-11.29,0.000,26.374,0.1204,1.712,0.00,0.0000
12000,60,1,2,0.0021,0.00,0.30,24.41,0,-0.21,0.000,15.902,0.9925,22.781,0.00,0.0000
12000,70,0,4656,0.0468,2.93,0.10,-7.28,0,-20.32,0.000,35.317,0.0841,0.464,0.00,0.0000
12000,80,0,3564,0.0000,0.72,0.04,-19.03,0,-27.64,0.000,42.637,0.0689,0.353,0.00,0.0000
13000,-60,0,5366,209.3059,248.52,86.31,-12.78,5,0.60,0.096,16.123,0.5122,25.403,0.00,0.0000
13000,-60,1,2366,158.9619,184.77,599.41,-12.05,2,-1.68,0.036,17.810,0.9531,33.906,0.00,0.0000
13000,-60,2,2,0.0000,0.00,2.51,-10.67,0,7.43,0.264,10.828,0.9851,58.150,0.00,0.0000
13000,-50,0,7181,335.0483,275.36,88.39,-3.39,47,9.89,1.648,11.090,0.3922,48.694,0.00,0.0000
13000,-50,1,1513,80.1634,73.48,473.38,-11.37,16,9.14,1.477,11.506,0.7568,83.575,0.00,0.0000
13000,-50,2,4,0.0000,0.00,6.80,-7.96,0,11.84,1.117,8.574,0.9552,84.902,0.00,0.0000
13000,-40,0,6383,502.3957,373.89,58.83,4.54,260,19.60,5.564,7.333,0.3272,104.851,0.00,0.0000
13000,-40,1,1696,134.3244,120.62,612.74,-2.87,70,18.03,4.996,8.089,0.6394,173.190,0.00,0.0000
13000,-40,2,2,0.0000,0.00,2.39,41.52,0,20.43,4.536,5.522,0.4721,117.404,0.00,0.0000
13000,-30,0,4388,755.8461,646.23,83.51,13.21,186,26.59,9.454,5.430,0.3354,209.542,0.00,0.0000
13000,-30,1,3190,530.2204,453.10,1483.26,7.28,238,26.21,9.428,5.710,0.4976,299.957,0.00,0.0000
13000,-30,2,599,68.8963,55.66,849.80,4.54,62,28.13,10.405,5.056,0.6184,425.885,0.00,0.0000
13000,-20,0,1842,331.3534,346.15,40.36,11.94,42,32.03,12.961,4.268,0.3048,338.973,0.00,0.0000
13000,-20,1,2489,778.2778,724.03,1049.78,24.38,143,31.87,12.889,4.369,0.4531,478.288,0.00,0.0000
13000,-20,2,3888,433.6154,379.85,11143.89,11.17,243,31.18,12.598,4.650,0.7439,722.809,0.00,0.0000
13000,-10,0,1817,209.8239,209.33,22.43,7.85,11,36.05,15.638,3.466,0.2824,461.906,0.00,0.0000
13000,-10,1,2060,740.4123,569.40,902.05,36.67,130,36.48,15.877,3.398,0.3955,663.583,0.00,0.0000
13000,-10,2,4347,295.8741,240.85,15996.47,15.13,300,34.03,14.594,4.178,0.7525,982.118,0.00,0.0000
13000,0,0,1862,74.7124,70.50,31.31,11.03,4,38.09,17.004,3.059,0.2181,450.654,0.00,0.0000
13000,0,1,1717,287.0549,209.40,826.90,43.38,56,38.62,17.306,2.975,0.3713,761.060,0.00,0.0000
13000,0,2,4788,224.4720,87.02,15495.64,18.24,345,35.40,15.584,3.976,0.6808,1034.679,0.00,0.0000
13000,10,0,3116,324.9169,316.98,50.94,12.54,8,37.15,16.426,3.274,0.2381,447.742,0.00,0.0000
13000,10,1,2630,570.6079,383.93,1313.02,42.61,38,37.53,16.669,3.260,0.4075,728.547,0.00,0.0000
13000,10,2,3699,334.3523,189.68,9905.06,21.40,304,33.23,14.446,4.725,0.6712,829.755,0.00,0.0000
13000,20,0,4070,279.0826,218.80,62.79,11.12,38,32.39,13.590,4.565,0.1873,214.296,0.00,0.0000
13000,20,1,3196,325.6710,213.65,1522.93,27.30,116,33.38,14.095,4.285,0.4486,524.776,0.00,0.0000
13000,20,2,1179,86.4668,55.57,2086.36,29.80,62,30.94,12.918,5.219,0.6464,591.592,0.00,0.0000
13000,30,0,6827,282.5163,216.01,82.10,17.81,122,27.62,10.525,5.667,0.2435,169.523,0.00,0.0000
13000,30,1,2228,125.3589,41.89,976.03,22.75,108,30.29,11.745,4.618,0.5197,387.122,0.00,0.0000
13000,30,2,219,14.4806,5.50,241.88,-0.37,15,26.66,9.741,5.625,0.6884,387.660,0.00,0.0000
13000,40,0,6743,237.1529,180.46,59.49,14.34,153,21.51,6.880,7.200,0.2595,95.514,0.00,0.0000
13000,40,1,1204,122.1289,40.66,475.65,13.98,74,24.56,8.017,5.745,0.6757,258.519,0.00,0.0000
13000,40,2,223,15.8754,2.04,262.33,2.00,12,24.04,8.021,6.150,0.7936,324.027,0.00,0.0000
13000,50,0,5153,97.2016,63.85,13.16,5.37,31,13.16,2.927,10.027,0.1860,29.643,0.00,0.0000
13000,50,1,552,75.1170,35.06,130.95,2.20,31,18.39,4.494,7.290,0.8339,164.480,0.00,0.0000
13000,50,2,11,0.0048,0.00,13.71,19.20,0,20.04,4.730,6.149,0.9437,199.628,0.00,0.0000
13000,60,0,3853,41.6688,38.67,0.56,0.14,1,4.50,0.411,13.675,0.1121,5.764,0.00,0.0000
13000,60,1,2,0.3412,0.31,0.30,-0.94,0,10.93,0.982,9.353,0.9562,73.271,0.00,0.0000
13000,70,0,4656,7.5605,8.44,0.09,-1.59,0,-3.09,0.003,18.623,0.0803,1.055,0.00,0.0000
13000,80,0,3564,0.0568,0.49,0.03,0.97,0,-8.81,0.000,23.819,0.0678,0.177,0.00,0.0000
14000,-60,0,5427,46.4639,184.71,88.43,-9.88,0,-9.99,0.000,25.020,0.5366,8.984,0.00,0.0000
14000,-60,1,2305,19.5177,118.50,565.79,-10.05,4,-12.35,0.000,27.359,0.9657,10.144,0.00,0.0000
14000,-60,2,2,0.0000,0.00,2.42,12.01,1,-0.53,0.000,15.854,0.9969,27.677,0.00,0.0000
14000,-50,0,7207,281.9261,370.29,88.49,3.20,10,0.14,0.078,16.504,0.4226,19.424,0.00,0.0000
14000,-50,1,1487,105.9375,120.76,460.47,7.81,22,-0.81,0.058,17.304,0.7923,32.035,0.00,0.0000
14000,-50,2,4,0.0000,0.00,6.65,20.12,1,4.55,0.024,12.189,0.9581,41.612,0.00,0.0000
14000,-40,0,6387,311.7855,263.68,58.54,16.47,85,11.22,2.009,10.512,0.3789,51.706,0.00,0.0000
14000,-40,1,1692,224.3889,183.42,610.01,18.56,25,9.36,1.671,11.675,0.6981,79.442,0.00,0.0000
14000,-40,2,2,0.0000,0.00,2.36,4.89,0,13.29,1.410,7.884,0.7454,119.874,0.00,0.0000
14000,-30,0,4387,392.2296,152.29,83.03,26.62,188,19.71,5.745,7.478,0.4033,121.079,0.00,0.0000
14000,-30,1,3188,334.8127,163.33,1484.55,25.46,193,19.40,5.854,7.844,0.6012,181.706,0.00,0.0000
14000,-30,2,602,49.1296,18.70,858.98,32.13,47,21.82,6.919,6.910,0.7853,281.714,0.00,0.0000
14000,-20,0,1836,276.7211,144.14,39.80,50.43,63,27.62,10.192,5.322,0.3625,227.505,0.00,0.0000
14000,-20,1,2491,428.2118,115.61,1052.84,27.61,164,26.79,9.855,5.670,0.5418,332.640,0.00,0.0000
14000,-20,2,3892,299.2867,82.85,11199.28,31.55,250,26.22,9.713,5.982,0.8514,489.363,0.00,0.0000
14000,-10,0,1817,230.2586,123.31,22.38,64.75,13,34.11,14.323,3.896,0.3205,377.234,0.00,0.0000
14000,-10,1,2058,464.7278,148.52,903.05,34.70,98,33.83,14.143,3.952,0.4523,557.746,0.00,0.0000
14000,-10,2,4349,208.9140,73.19,16028.50,35.88,314,31.23,12.898,4.872,0.8172,784.497,0.00,0.0000
14000,0,0,1865,146.9078,128.00,31.01,72.69,2,38.89,17.478,2.937,0.2255,433.627,0.00,0.0000
14000,0,1,1718,355.9255,313.72,828.92,41.43,1,38.48,17.164,2.980,0.3769,738.387,0.00,0.0000
14000,0,2,4784,222.8374,161.82,15488.82,41.25,302,35.19,15.516,4.071,0.6819,983.206,0.00,0.0000
14000,10,0,3125,449.1304,531.41,51.33,75.87,1,40.86,18.837,2.604,0.1963,454.184,0.00,0.0000
14000,10,1,2648,718.7449,757.71,1332.60,46.31,10,40.11,18.322,2.745,0.3451,785.392,0.00,0.0000
14000,10,2,3672,321.5056,243.00,9870.75,30.04,133,34.78,15.524,4.387,0.6069,917.990,0.00,0.0000
14000,20,0,4079,342.4578,363.11,62.85,68.15,5,38.36,17.382,3.308,0.1463,270.491,0.00,0.0000
14000,20,1,3195,474.2831,441.41,1516.09,43.67,20,38.22,17.225,3.250,0.3422,655.922,0.00,0.0000
14000,20,2,1171,127.3548,77.35,2076.98,15.72,28,34.42,15.225,4.414,0.5202,746.888,0.00,0.0000
14000,30,0,6837,442.3113,419.39,82.54,47.34,25,35.40,15.248,3.776,0.1850,271.875,0.00,0.0000
14000,30,1,2211,170.4344,145.81,966.14,50.74,31,37.87,16.487,2.909,0.3525,538.200,0.00,0.0000
14000,30,2,226,26.0365,24.61,251.29,80.55,2,36.53,15.546,3.200,0.5339,639.025,0.00,0.0000
14000,40,0,6744,427.7241,400.92,59.60,41.37,93,31.58,12.413,4.302,0.1900,179.021,0.00,0.0000
14000,40,1,1199,177.7333,153.59,479.46,60.15,13,35.30,14.197,2.994,0.5079,480.778,0.00,0.0000
14000,40,2,227,13.4724,11.74,271.18,75.70,0,34.92,14.203,3.310,0.6442,601.947,0.00,0.0000
14000,50,0,5149,167.7025,133.67,12.97,35.82,58,25.59,8.435,5.468,0.1417,68.953,0.00,0.0000
14000,50,1,556,254.9793,166.66,135.88,67.51,117,31.51,11.190,3.338,0.6943,382.374,0.00,0.0000
14000,50,2,11,0.7340,0.49,14.18,42.29,1,29.83,9.891,3.421,0.9161,458.457,0.00,0.0000
14000,60,0,3853,121.5594,120.56,0.56,31.04,0,19.83,4.454,6.319,0.0875,16.740,0.00,0.0000
14000,60,1,2,2.3763,2.15,0.31,37.35,0,21.73,4.923,5.189,0.9189,192.062,0.00,0.0000
14000,70,0,4656,70.4003,63.54,0.09,31.87,0,17.20,1.651,5.296,0.0603,2.763,0.00,0.0000
14000,80,0,3564,12.1897,11.18,0.03,31.59,0,18.08,0.384,2.486,0.0506,0.027,0.00,0.0000
15000,-60,0,5475,0.4515,114.11,88.81,-19.30,1,-15.40,0.000,30.399,0.5466,5.078,0.00,0.0000
15000,-60,1,2257,0.0731,68.20,533.53,-22.38,1,-17.79,0.000,32.789,0.9697,5.169,0.00,0.0000
15000,-60,2,2,0.0000,0.00,2.31,-9.60,0,-5.04,0.000,20.037,0.9998,22.955,0.00,0.0000
15000,-50,0,7237,173.7424,348.64,87.95,-12.76,12,-5.36,0.000,20.725,0.4354,11.657,0.00,0.0000
15000,-50,1,1457,57.2657,81.39,441.09,-7.72,11,-5.74,0.000,21.069,0.8031,18.851,0.00,0.0000
15000,-50,2,4,0.0000,0.00,6.42,-5.68,0,0.18,0.000,15.186,0.9790,34.688,0.00,0.0000
15000,-40,0,6394,291.9032,344.81,58.22,-1.98,73,6.23,0.649,12.842,0.4014,33.946,0.00,0.0000
15000,-40,1,1685,233.0969,84.06,602.43,2.77,110,4.97,0.514,13.740,0.7133,49.332,0.00,0.0000
15000,-40,2,2,0.0000,0.00,2.33,-6.53,0,8.60,0.284,10.102,0.9927,126.968,0.00,0.0000
15000,-30,0,4385,224.6823,143.36,82.29,8.08,85,15.51,3.747,8.881,0.4370,85.832,0.00,0.0000
15000,-30,1,3178,266.6484,99.18,1475.82,13.92,189,15.75,4.030,9.015,0.6592,131.960,0.00,0.0000
15000,-30,2,614,58.2189,32.38,877.77,18.73,51,18.65,5.157,7.786,0.8736,214.690,0.00,0.0000
15000,-20,0,1829,164.3953,71.86,39.07,10.55,39,24.20,8.164,6.159,0.3811,172.388,0.00,0.0000
15000,-20,1,2485,203.0411,140.61,1047.79,18.64,121,23.88,8.155,6.430,0.5802,253.536,0.00,0.0000
15000,-20,2,3905,258.0677,102.84,11257.89,26.27,453,23.71,8.122,6.579,0.9041,374.933,0.00,0.0000
15000,-10,0,1818,253.4794,229.08,22.43,20.41,10,32.17,12.944,4.215,0.3362,324.617,0.00,0.0000
15000,-10,1,2050,432.0933,405.51,900.12,23.62,21,32.03,12.998,4.337,0.4786,476.585,0.00,0.0000
15000,-10,2,4356,202.3260,93.70,16085.06,35.10,431,29.96,11.938,5.085,0.8623,670.121,0.00,0.0000
15000,0,0,1869,258.2751,286.53,31.12,23.03,1,38.05,16.767,2.985,0.2297,416.264,0.00,0.0000
15000,0,1,1719,528.1360,599.67,831.86,29.82,8,37.82,16.733,3.084,0.3823,691.211,0.00,0.0000
15000,0,2,4779,284.2502,193.43,15502.14,40.34,326,35.24,15.382,3.978,0.6935,921.793,0.00,0.0000
15000,10,0,3137,522.7436,691.71,51.74,23.19,5,41.18,18.907,2.431,0.1683,429.559,0.00,0.0000
15000,10,1,2663,1061.9564,1231.05,1345.06,35.60,7,40.80,18.781,2.572,0.3057,756.032,0.00,0.0000
15000,10,2,3645,476.6753,409.36,9835.17,54.88,177,36.68,16.627,3.954,0.5728,896.261,0.00,0.0000
15000,20,0,4096,465.7317,578.28,63.76,28.46,24,40.51,18.663,2.776,0.1202,281.834,0.00,0.0000
15000,20,1,3202,868.7632,930.82,1519.67,49.46,25,41.09,19.078,2.675,0.2809,672.447,0.00,0.0000
15000,20,2,1147,191.5542,157.94,2045.91,65.29,43,37.61,17.156,3.703,0.4485,753.849,0.00,0.0000
15000,30,0,6856,707.3497,806.53,83.29,43.03,56,39.69,17.945,2.836,0.1403,296.977,0.00,0.0000
15000,30,1,2196,400.8697,400.29,957.43,42.81,29,41.60,18.920,2.184,0.2676,600.781,0.00,0.0000
15000,30,2,222,58.8485,62.40,247.07,17.27,0,40.10,17.799,2.366,0.4309,824.916,0.00,0.0000
15000,40,0,6749,636.2439,707.70,59.46,44.86,124,37.53,16.034,2.920,0.1346,208.210,0.00,0.0000
15000,40,1,1194,409.1765,382.20,481.65,28.83,25,40.15,17.298,1.967,0.3953,645.623,0.00,0.0000
15000,40,2,227,53.9893,51.30,273.53,15.72,3,39.08,16.799,2.322,0.5345,836.358,0.00,0.0000
15000,50,0,5146,173.5929,129.35,12.74,43.03,33,33.29,12.672,3.351,0.0984,88.215,0.00,0.0000
15000,50,1,559,176.7156,104.24,139.77,18.78,9,37.59,14.893,1.951,0.5672,591.469,0.00,0.0000
15000,50,2,11,1.3565,0.00,14.70,29.22,1,34.66,12.768,2.270,0.8701,689.217,0.00,0.0000
15000,60,0,3853,119.7033,164.65,0.57,37.43,0,29.51,9.041,3.168,0.0569,23.984,0.00,0.0000
15000,60,1,2,4.2238,4.66,0.33,35.29,0,29.04,8.622,3.099,0.8816,301.310,0.00,0.0000
15000,70,0,4656,92.8405,110.34,0.09,32.80,0,30.62,6.614,0.914,0.0269,3.895,0.00,0.0000
15000,80,0,3564,40.3868,38.23,0.03,34.01,0,33.05,4.702,0.004,0.0183,0.006,0.00,0.0000
16000,-60,0,5537,1.4246,72.47,90.54,-10.95,1,-14.76,0.000,29.764,0.5522,5.009,0.00,0.0000
16000,-60,1,2195,0.2252,39.09,501.51,-14.81,0,-17.16,0.000,32.160,0.9709,5.340,0.00,0.0000
16000,-60,2,2,0.0000,0.00,2.21,-11.43,0,-5.10,0.000,20.102,0.9994,21.495,0.00,0.0000
16000,-50,0,7265,224.8201,370.63,87.42,1.81,30,-4.69,0.000,20.179,0.4393,11.731,0.00,0.0000
16000,-50,1,1429,41.2075,60.94,423.39,-18.17,7,-5.55,0.000,20.991,0.8017,19.854,0.00,0.0000
16000,-50,2,4,0.0000,0.00,6.20,-6.25,1,0.04,0.000,15.409,0.9858,32.880,0.00,0.0000
16000,-40,0,6400,391.1370,465.78,57.89,11.74,88,6.75,0.805,12.659,0.4075,35.127,0.00,0.0000
16000,-40,1,1679,86.5750,63.78,595.07,-9.49,17,4.97,0.627,13.928,0.7082,52.080,0.00,0.0000
16000,-40,2,2,0.0000,0.00,2.32,28.08,0,9.75,0.409,9.473,0.9998,113.477,0.00,0.0000
16000,-30,0,4382,306.0052,264.56,81.63,16.52,127,15.87,4.010,8.828,0.4466,90.337,0.00,0.0000
16000,-30,1,3174,240.0286,156.86,1474.54,6.13,118,15.71,4.179,9.150,0.6833,144.237,0.00,0.0000
16000,-30,2,621,71.1260,27.83,893.04,1.47,68,18.29,5.190,8.021,0.9060,234.480,0.00,0.0000
16000,-20,0,1824,160.6126,156.15,38.53,21.28,25,24.32,8.384,6.243,0.3658,171.639,0.00,0.0000
16000,-20,1,2465,268.4318,124.79,1030.78,20.50,113,24.02,8.306,6.418,0.5720,258.390,0.00,0.0000
16000,-20,2,3930,183.1663,61.17,11316.13,10.11,336,23.37,8.090,6.725,0.9102,398.071,0.00,0.0000
16000,-10,0,1817,352.4426,184.67,22.24,18.74,53,31.68,12.832,4.415,0.3249,327.930,0.00,0.0000
16000,-10,1,2042,549.5627,81.72,894.81,30.62,235,32.21,13.120,4.292,0.4585,470.769,0.00,0.0000
16000,-10,2,4365,122.8725,41.14,16117.55,13.40,303,29.38,11.697,5.236,0.8665,706.138,0.00,0.0000
16000,0,0,1874,353.0214,207.94,31.30,30.07,3,37.51,16.574,3.144,0.2259,417.662,0.00,0.0000
16000,0,1,1716,603.2249,241.09,830.96,37.24,38,38.02,16.883,3.072,0.3672,673.183,0.00,0.0000
16000,0,2,4777,303.5879,194.89,15489.65,18.40,224,34.47,14.962,4.137,0.6916,939.805,0.00,0.0000
16000,10,0,3148,604.3477,767.24,51.95,41.90,7,40.66,18.703,2.582,0.1536,389.391,0.00,0.0000
16000,10,1,2690,1157.8455,1046.48,1365.14,39.71,41,40.85,18.890,2.612,0.2823,698.395,0.00,0.0000
16000,10,2,3607,619.3999,466.03,9757.53,7.68,126,35.41,15.819,4.162,0.5637,908.764,0.00,0.0000
16000,20,0,4108,581.7467,691.97,63.96,33.76,12,39.58,18.184,3.007,0.1138,266.517,0.00,0.0000
16000,20,1,3213,1279.4002,1364.42,1521.11,22.63,25,40.18,18.501,2.820,0.2768,663.197,0.00,0.0000
16000,20,2,1124,291.2301,250.99,2007.43,13.46,42,36.42,16.338,3.869,0.4328,745.391,0.00,0.0000
16000,30,0,6868,1002.5685,1247.83,83.09,23.16,23,38.45,17.190,3.070,0.1305,271.388,0.00,0.0000
16000,30,1,2185,807.4039,891.63,946.11,33.07,13,40.72,18.364,2.339,0.2777,604.527,0.00,0.0000
16000,30,2,221,119.1830,134.28,246.33,42.30,0,38.98,17.184,2.636,0.4460,800.486,0.00,0.0000
16000,40,0,6748,931.0610,1154.71,58.74,17.05,87,36.00,15.100,3.212,0.1275,193.831,0.00,0.0000
16000,40,1,1191,756.7493,831.56,481.70,40.87,5,39.20,16.713,2.176,0.4102,631.313,0.00,0.0000
16000,40,2,231,143.3889,149.04,280.58,45.64,5,38.09,16.273,2.577,0.5520,807.182,0.00,0.0000
16000,50,0,5145,210.6329,239.50,12.67,9.14,47,31.35,11.569,3.781,0.0906,82.181,0.00,0.0000
16000,50,1,560,399.0808,371.82,143.72,38.61,16,36.32,14.152,2.220,0.5775,568.151,0.00,0.0000
16000,50,2,11,1.7329,1.49,15.22,40.01,0,34.37,12.542,2.295,0.8737,663.634,0.00,0.0000
16000,60,0,3853,89.0254,167.47,0.57,8.01,0,27.37,7.951,3.722,0.0492,22.873,0.00,0.0000
16000,60,1,2,4.0053,5.95,0.34,0.21,0,27.36,7.733,3.382,0.8535,302.687,0.00,0.0000
16000,70,0,4656,51.1155,106.11,0.08,15.55,0,28.22,5.481,1.412,0.0158,4.882,0.00,0.0000
16000,80,0,3564,17.1548,35.99,0.03,21.94,0,30.74,3.476,0.025,0.0044,0.024,0.00,0.0000
17000,-60,0,5604,51.0306,86.64,93.46,4.39,11,-7.71,0.000,22.855,0.5531,8.790,0.00,0.0000
17000,-60,1,2128,19.4107,38.98,473.75,2.07,4,-10.15,0.000,25.206,0.9673,10.647,0.00,0.0000
17000,-60,2,2,0.0000,0.00,2.15,15.22,0,0.45,0.000,15.173,0.9935,23.723,0.00,0.0000
17000,-50,0,7279,489.2987,473.40,86.86,13.90,111,2.33,0.230,15.132,0.4340,20.007,0.00,0.0000
17000,-50,1,1415,165.1753,173.83,415.77,29.45,11,1.79,0.203,15.597,0.7876,33.178,0.00,0.0000
17000,-50,2,4,0.0000,0.00,6.09,20.10,0,5.41,0.064,11.851,0.9712,36.715,0.00,0.0000
17000,-40,0,6401,516.7082,324.79,57.53,26.72,388,13.22,2.753,9.698,0.3981,56.536,0.00,0.0000
17000,-40,1,1678,205.6609,160.93,595.01,41.93,39,11.74,2.430,10.619,0.6806,82.077,0.00,0.0000
17000,-40,2,2,0.0000,0.00,2.33,-0.38,1,13.65,1.826,8.015,0.9913,129.425,0.00,0.0000
17000,-30,0,4375,451.9891,240.59,81.02,35.24,328,21.45,6.630,6.943,0.4305,138.004,0.00,0.0000
17000,-30,1,3165,497.9010,243.67,1476.61,46.29,353,21.33,6.795,7.218,0.6643,216.818,0.00,0.0000
17000,-30,2,637,82.9492,38.74,925.47,53.93,66,23.76,7.930,6.337,0.8790,332.631,0.00,0.0000
17000,-20,0,1823,285.8371,284.94,38.21,44.61,32,29.08,11.090,5.012,0.3214,216.311,0.00,0.0000
17000,-20,1,2440,374.5646,246.75,1013.85,46.42,134,28.19,10.660,5.294,0.5240,343.076,0.00,0.0000
17000,-20,2,3956,226.3868,82.73,11423.15,52.46,348,27.83,10.608,5.558,0.8665,531.613,0.00,0.0000
17000,-10,0,1817,260.5943,316.91,22.09,59.54,8,35.29,15.124,3.708,0.2876,355.785,0.00,0.0000
17000,-10,1,2034,211.5227,201.49,886.60,48.04,9,34.66,14.678,3.762,0.4060,534.679,0.00,0.0000
17000,-10,2,4373,86.4802,38.86,16172.65,56.54,325,32.40,13.590,4.613,0.8157,824.906,0.00,0.0000
17000,0,0,1877,297.3074,364.31,31.23,57.62,4,39.41,17.875,2.892,0.2115,414.415,0.00,0.0000
17000,0,1,1727,437.5756,484.59,839.44,43.74,4,38.71,17.339,2.928,0.3424,690.683,0.00,0.0000
17000,0,2,4763,348.9975,322.45,15475.89,57.56,331,35.76,15.856,3.960,0.6604,943.628,0.00,0.0000
17000,10,0,3164,654.1382,958.40,52.63,49.21,6,40.59,18.683,2.682,0.1509,346.453,0.00,0.0000
17000,10,1,2713,1073.9745,1369.38,1385.70,38.15,12,39.71,18.074,2.813,0.2865,651.189,0.00,0.0000
17000,10,2,3568,665.9022,436.89,9699.99,59.46,344,34.84,15.531,4.398,0.5723,820.192,0.00,0.0000
17000,20,0,4114,716.9039,831.00,63.70,49.65,58,37.63,16.874,3.452,0.1281,226.577,0.00,0.0000
17000,20,1,3215,1661.8461,1870.22,1517.09,46.98,177,37.61,16.820,3.384,0.3216,581.758,0.00,0.0000
17000,20,2,1116,445.9872,337.82,1990.47,46.18,92,33.68,14.704,4.591,0.4754,636.589,0.00,0.0000
17000,30,0,6875,1466.5647,1807.31,82.77,45.06,215,34.18,14.417,4.023,0.1590,210.999,0.00,0.0000
17000,30,1,2174,1343.5198,1224.17,937.57,37.47,427,36.53,15.607,3.193,0.3648,512.531,0.00,0.0000
17000,30,2,225,157.7165,29.70,252.50,41.44,117,34.91,14.496,3.565,0.5582,602.884,0.00,0.0000
17000,40,0,6748,1302.9454,1457.32,58.54,39.66,204,29.83,11.316,4.726,0.1644,139.860,0.00,0.0000
17000,40,1,1180,803.4515,252.66,478.05,30.81,496,33.26,12.884,3.412,0.5295,453.271,0.00,0.0000
17000,40,2,242,152.6653,7.38,296.27,34.82,113,33.01,12.933,3.710,0.6775,566.910,0.00,0.0000
17000,50,0,5144,309.9514,287.71,12.63,34.56,108,23.32,7.179,6.139,0.1153,53.482,0.00,0.0000
17000,50,1,561,438.5516,74.63,147.83,29.94,245,29.10,9.711,3.905,0.6995,345.992,0.00,0.0000
17000,50,2,11,1.9590,0.00,15.64,18.28,4,28.57,9.023,3.558,0.9272,425.976,0.00,0.0000
17000,60,0,3853,92.8806,168.50,0.56,23.61,10,16.76,3.161,7.451,0.0664,15.286,0.00,0.0000
17000,60,1,2,3.5534,4.57,0.35,41.35,2,21.09,4.395,5.210,0.8675,158.809,0.00,0.0000
17000,70,0,4656,30.6990,88.03,0.08,10.37,0,12.57,0.788,7.538,0.0336,7.055,0.00,0.0000
17000,80,0,3564,3.1769,24.04,0.03,2.54,0,12.17,0.072,5.675,0.0114,4.223,0.00,0.0000
18000,-60,0,5617,348.7596,288.59,93.60,-2.04,63,3.95,0.377,14.064,0.5389,27.837,0.00,0.0000
18000,-60,1,2115,217.8977,129.57,467.65,-2.24,75,1.55,0.181,15.609,0.9469,37.737,0.00,0.0000
18000,-60,2,2,0.0000,0.00,2.14,-4.69,1,8.70,0.563,10.496,0.9566,58.639,0.00,0.0000
18000,-50,0,7280,786.5916,399.34,86.43,4.21,402,12.91,2.683,9.840,0.4100,55.049,0.00,0.0000
18000,-50,1,1414,325.2165,45.06,416.91,1.27,218,12.30,2.549,10.199,0.7458,91.642,0.00,0.0000
18000,-50,2,4,0.0000,0.00,6.06,-2.66,2,12.85,1.644,8.487,0.9084,82.773,0.00,0.0000
18000,-40,0,6396,391.0615,259.00,56.94,10.50,290,22.15,6.913,6.605,0.3616,128.037,0.00,0.0000
18000,-40,1,1682,186.0855,69.00,598.00,8.89,78,20.71,6.371,7.276,0.6124,184.309,0.00,0.0000
18000,-40,2,3,0.6558,0.54,3.38,42.27,0,22.33,5.816,5.275,0.9357,239.127,0.00,0.0000
18000,-30,0,4371,395.9928,298.66,80.78,19.37,125,28.61,10.698,4.968,0.3773,259.739,0.00,0.0000
18000,-30,1,3151,364.3196,152.06,1476.25,15.63,194,28.25,10.677,5.255,0.5887,400.803,0.00,0.0000
18000,-30,2,655,71.8056,19.38,958.04,14.86,64,30.01,11.572,4.660,0.7708,577.360,0.00,0.0000
18000,-20,0,1825,332.8613,348.78,38.13,16.48,6,33.41,13.848,3.971,0.2632,318.384,0.00,0.0000
18000,-20,1,2412,388.7535,266.07,993.02,27.95,44,33.24,13.817,4.126,0.4482,514.234,0.00,0.0000
18000,-20,2,3982,164.6504,72.44,11486.87,19.51,305,32.67,13.582,4.359,0.7604,804.732,0.00,0.0000
18000,-10,0,1817,365.2186,480.80,21.84,12.75,5,36.78,16.091,3.319,0.2551,433.705,0.00,0.0000
18000,-10,1,2031,499.7138,514.45,880.13,35.67,8,37.06,16.309,3.317,0.3573,634.047,0.00,0.0000
18000,-10,2,4376,112.4450,88.48,16148.91,21.78,341,34.83,15.140,4.036,0.7326,1012.116,0.00,0.0000
18000,0,0,1880,457.0012,587.59,31.17,12.20,2,38.04,16.907,3.049,0.2152,437.066,0.00,0.0000
18000,0,1,1734,698.7489,840.55,843.66,39.95,11,38.44,17.182,2.996,0.3422,698.073,0.00,0.0000
18000,0,2,4753,424.4945,292.01,15426.28,21.32,393,35.38,15.576,3.991,0.6457,950.399,0.00,0.0000
18000,10,0,3171,841.6786,1071.73,52.63,9.28,56,36.32,15.780,3.399,0.1798,318.501,0.00,0.0000
18000,10,1,2738,1463.5421,1615.45,1406.43,37.89,50,36.61,16.002,3.410,0.3401,577.367,0.00,0.0000
18000,10,2,3536,488.7060,325.73,9651.42,24.53,355,32.33,13.892,4.955,0.6196,702.386,0.00,0.0000
18000,20,0,4119,665.3565,582.69,63.66,5.99,115,30.84,12.522,4.868,0.1681,177.084,0.00,0.0000
18000,20,1,3213,1298.3887,614.56,1518.35,26.20,189,31.90,13.063,4.554,0.4176,446.330,0.00,0.0000
18000,20,2,1113,203.9243,37.04,1985.21,29.61,175,29.34,11.963,5.656,0.5641,468.428,0.00,0.0000
18000,30,0,6876,931.2284,411.53,82.29,11.75,466,25.40,9.159,6.196,0.2162,134.966,0.00,0.0000
18000,30,1,2166,559.2860,63.79,935.29,16.70,327,28.14,10.345,5.067,0.5093,343.827,0.00,0.0000
18000,30,2,232,31.4970,17.29,262.11,-9.39,2,24.23,8.256,6.197,0.7294,358.874,0.00,0.0000
18000,40,0,6741,605.1255,120.66,57.74,6.69,437,18.66,5.372,8.053,0.2206,73.860,0.00,0.0000
18000,40,1,1180,206.4607,81.41,477.60,2.57,128,21.75,6.418,6.475,0.6802,230.365,0.00,0.0000
18000,40,2,249,20.9741,13.42,307.10,-10.46,12,21.33,6.485,6.823,0.8407,294.221,0.00,0.0000
18000,50,0,5143,106.4831,60.58,12.50,-3.93,51,9.74,1.769,11.437,0.1495,24.384,0.00,0.0000
18000,50,1,562,70.4643,42.74,149.61,-10.10,15,15.21,3.032,8.308,0.8227,142.318,0.00,0.0000
18000,50,2,11,0.0002,0.00,15.80,6.80,3,18.58,3.830,6.374,0.9637,178.253,0.00,0.0000
18000,60,0,3853,51.8572,109.00,0.55,-13.34,1,0.47,0.115,16.250,0.0877,6.774,0.00,0.0000
18000,60,1,2,0.3842,0.00,0.35,-4.66,0,9.56,0.502,9.592,0.8714,58.145,0.00,0.0000
18000,70,0,4656,8.5420,58.80,0.08,-20.96,0,-7.84,0.000,22.965,0.0563,3.372,0.00,0.0000
18000,80,0,3564,0.0118,14.57,0.03,-27.07,0,-15.05,0.000,30.048,0.0428,3.530,0.00,0.0000
19000,-60,0,5589,1107.7922,615.18,92.02,36.61,617,18.53,4.514,7.277,0.4881,91.863,0.00,0.0000
19000,-60,1,2143,729.3603,200.58,481.62,35.93,526,16.46,3.602,8.065,0.8843,135.591,0.00,0.0000
19000,-60,2,2,0.0001,0.00,2.18,46.44,0,19.41,4.260,6.176,0.9299,178.354,0.00,0.0000
19000,-50,0,7273,773.9293,417.53,86.18,46.04,408,25.74,8.551,5.372,0.3465,142.162,0.00,0.0000
19000,-50,1,1421,99.0501,61.61,424.68,37.35,45,24.21,7.899,5.965,0.6497,248.617,0.00,0.0000
19000,-50,2,4,0.0000,0.00,6.14,51.72,1,22.54,5.803,5.192,0.8508,214.318,0.00,0.0000
19000,-40,0,6391,539.7741,533.90,56.33,50.44,121,32.44,12.797,3.890,0.2849,253.097,0.00,0.0000
19000,-40,1,1686,168.8152,161.71,601.23,38.41,38,30.15,11.670,4.666,0.4853,368.763,0.00,0.0000
19000,-40,2,4,1.0257,1.12,4.46,33.94,2,31.51,11.148,3.120,0.7626,442.522,0.00,0.0000
19000,-30,0,4369,553.8298,601.26,80.46,48.52,15,36.20,15.512,3.308,0.2950,418.861,0.00,0.0000
19000,-30,1,3141,410.0067,388.46,1472.42,40.94,10,35.00,14.953,3.734,0.4569,612.535,0.00,0.0000
19000,-30,2,667,65.6656,55.67,976.74,41.23,2,35.85,15.393,3.434,0.5805,819.162,0.00,0.0000
19000,-20,0,1828,370.6602,505.85,37.99,63.26,1,38.32,17.122,3.057,0.2149,406.328,0.00,0.0000
19000,-20,1,2407,541.2307,586.30,990.55,35.81,4,37.56,16.741,3.282,0.3718,677.777,0.00,0.0000
19000,-20,2,3984,264.7182,203.48,11478.71,37.72,75,36.53,16.190,3.590,0.6409,1041.073,0.00,0.0000
19000,-10,0,1821,534.1523,691.74,22.01,62.28,16,38.32,17.211,3.108,0.2486,469.339,0.00,0.0000
19000,-10,1,2026,849.1018,883.79,874.22,34.41,24,38.35,17.245,3.109,0.3424,694.046,0.00,0.0000
19000,-10,2,4377,183.5649,185.79,16100.10,32.92,200,35.71,15.835,3.915,0.6880,1083.226,0.00,0.0000
19000,0,0,1885,695.3082,757.04,31.46,62.29,125,36.71,16.071,3.375,0.2454,399.536,0.00,0.0000
19000,0,1,1746,979.1609,819.37,857.38,34.86,46,36.81,16.096,3.336,0.3852,649.372,0.00,0.0000
19000,0,2,4736,431.1635,306.23,15395.94,29.82,246,33.18,14.272,4.543,0.6953,852.166,0.00,0.0000
19000,10,0,3177,1010.6945,599.09,52.88,58.84,544,32.17,13.094,4.332,0.2347,249.798,0.00,0.0000
19000,10,1,2725,1426.0132,644.18,1398.70,32.63,438,31.94,12.975,4.408,0.4388,457.912,0.00,0.0000
19000,10,2,3543,493.4942,246.88,9660.97,8.46,327,26.86,10.760,6.434,0.7254,540.172,0.00,0.0000
19000,20,0,4122,488.3732,180.63,63.64,39.36,292,23.63,8.415,6.913,0.2174,109.977,0.00,0.0000
19000,20,1,3199,701.4856,121.72,1512.87,17.89,467,23.96,8.508,6.706,0.5359,279.942,0.00,0.0000
19000,20,2,1124,82.0528,42.43,1995.74,-5.84,97,21.34,7.641,8.016,0.6933,312.341,0.00,0.0000
19000,30,0,6878,407.5058,304.88,81.75,12.17,168,15.09,4.182,9.753,0.2721,68.395,0.00,0.0000
19000,30,1,2156,263.4011,197.26,932.95,21.00,81,18.37,5.166,8.002,0.6479,175.738,0.00,0.0000
19000,30,2,240,66.1525,59.86,271.60,38.61,13,14.32,3.429,9.615,0.8387,141.056,0.00,0.0000
19000,40,0,6746,151.8737,168.56,57.60,-0.16,28,6.13,1.098,13.589,0.2680,31.776,0.00,0.0000
19000,40,1,1174,231.8641,134.05,476.15,19.56,78,10.11,1.597,10.900,0.7793,85.441,0.00,0.0000
19000,40,2,250,62.7517,18.01,308.65,31.49,66,10.50,1.786,10.930,0.9293,101.006,0.00,0.0000
19000,50,0,5144,29.0260,53.38,12.36,-12.39,23,-4.52,0.045,20.494,0.1767,9.982,0.00,0.0000
19000,50,1,561,68.6097,67.47,147.45,14.20,8,2.29,0.120,14.763,0.8834,42.048,0.00,0.0000
19000,50,2,11,0.0000,0.00,15.64,12.53,0,8.29,0.387,10.437,0.9785,64.352,0.00,0.0000
19000,60,0,3853,5.8800,68.90,0.52,-22.44,0,-15.00,0.000,30.007,0.1017,2.776,0.00,0.0000
19000,60,1,2,0.0000,0.00,0.34,-9.46,0,-1.95,0.000,17.243,0.8801,24.252,0.00,0.0000
19000,70,0,4656,0.0034,35.62,0.07,-28.72,0,-23.56,0.000,38.564,0.0670,1.366,0.00,0.0000
19000,80,0,3564,0.0000,8.83,0.03,-30.76,0,-29.41,0.000,44.409,0.0536,0.900,0.00,0.0000
20000,-60,0,5544,660.4303,325.17,89.09,32.48,130,31.11,10.974,3.464,0.3873,220.329,0.00,0.0000
20000,-60,1,2188,583.9886,303.70,503.60,25.67,198,29.38,9.989,3.918,0.7564,356.851,0.00,0.0000
20000,-60,2,2,0.0171,0.00,2.25,28.06,0,29.13,9.275,3.473,0.9329,428.156,0.00,0.0000
20000,-50,0,7265,628.8831,582.88,85.42,31.07,63,35.83,14.515,2.861,0.2499,264.570,0.00,0.0000
20000,-50,1,1429,152.5722,76.75,431.90,48.56,47,35.26,14.313,3.159,0.4998,463.507,0.00,0.0000
20000,-50,2,4,0.0009,0.00,6.29,27.81,3,31.06,10.517,3.055,0.8536,458.992,0.00,0.0000
20000,-40,0,6396,778.0119,893.69,56.16,37.24,79,40.05,17.685,2.312,0.1944,363.632,0.00,0.0000
20000,-40,1,1681,248.1955,283.79,598.38,51.76,5,38.69,17.044,2.808,0.3374,518.299,0.00,0.0000
20000,-40,2,4,0.5906,1.14,4.47,19.23,0,36.69,14.623,2.123,0.4811,497.875,0.00,0.0000
20000,-30,0,4371,816.5674,995.46,79.87,40.43,24,41.52,19.013,2.278,0.2197,526.125,0.00,0.0000
20000,-30,1,3147,745.8060,767.38,1469.80,50.85,13,40.54,18.552,2.626,0.3221,688.283,0.00,0.0000
20000,-30,2,659,146.5505,132.44,961.73,55.03,11,40.98,18.771,2.479,0.3985,865.322,0.00,0.0000
20000,-20,0,1833,473.6655,680.14,37.98,30.67,2,40.95,18.821,2.528,0.1927,473.274,0.00,0.0000
20000,-20,1,2403,909.5090,1063.22,984.51,44.12,1,40.46,18.621,2.704,0.3135,731.206,0.00,0.0000
20000,-20,2,3983,612.6437,499.89,11434.02,53.50,246,39.67,18.164,2.943,0.5615,1128.825,0.00,0.0000
20000,-10,0,1828,624.2686,701.03,22.47,33.84,6,38.65,17.304,2.998,0.2562,464.293,0.00,0.0000
20000,-10,1,2026,1211.0143,1396.27,877.48,34.61,30,38.32,17.175,3.086,0.3584,694.621,0.00,0.0000
20000,-10,2,4370,319.0165,324.38,16077.68,50.79,312,36.41,16.134,3.715,0.6965,1038.676,0.00,0.0000
20000,0,0,1883,587.5984,385.12,31.18,25.25,47,34.26,14.310,3.791,0.2805,338.444,0.00,0.0000
20000,0,1,1742,956.2754,553.31,853.30,25.44,110,34.10,14.289,3.855,0.4516,564.954,0.00,0.0000
20000,0,2,4742,583.5659,353.25,15450.42,42.86,460,31.26,12.880,4.907,0.7717,702.757,0.00,0.0000
20000,10,0,3176,406.7031,132.21,52.62,15.03,208,27.01,9.813,5.464,0.2923,188.145,0.00,0.0000
20000,10,1,2703,673.9693,302.70,1383.37,17.87,266,26.81,9.858,5.652,0.5395,338.278,0.00,0.0000
20000,10,2,3566,446.4507,174.94,9722.81,42.88,476,23.18,8.494,7.427,0.8256,373.311,0.00,0.0000
20000,20,0,4125,224.8786,154.51,63.53,10.15,88,16.70,4.771,9.032,0.2543,65.077,0.00,0.0000
20000,20,1,3190,369.3976,260.48,1511.89,21.36,189,17.41,5.059,8.746,0.6196,160.985,0.00,0.0000
20000,20,2,1130,145.6508,100.07,2005.20,37.43,84,15.71,4.692,9.854,0.8003,190.632,0.00,0.0000
20000,30,0,6883,411.2749,376.24,81.11,8.28,223,6.76,1.205,13.276,0.3042,32.333,0.00,0.0000
20000,30,1,2161,287.0704,167.81,939.34,8.70,161,10.00,1.766,11.252,0.7233,89.186,0.00,0.0000
20000,30,2,230,8.6844,2.20,258.71,-5.77,1,4.96,0.459,13.794,0.8813,59.941,0.00,0.0000
20000,40,0,6759,136.1384,163.96,57.39,-1.86,80,-3.37,0.039,19.457,0.2956,14.432,0.00,0.0000
20000,40,1,1171,122.5487,115.24,474.29,-6.23,30,0.19,0.061,16.382,0.8259,38.194,0.00,0.0000
20000,40,2,240,2.9464,1.04,292.89,-9.83,1,0.65,0.027,16.113,0.9600,40.900,0.00,0.0000
20000,50,0,5149,5.2142,32.50,12.34,-13.57,9,-14.65,0.000,29.663,0.1950,4.933,0.00,0.0000
20000,50,1,556,8.8198,33.72,140.64,-15.35,0,-8.20,0.000,23.236,0.9153,19.255,0.00,0.0000
20000,50,2,11,0.0002,0.00,15.13,-4.55,0,-0.35,0.000,15.756,0.9962,43.309,0.00,0.0000
20000,60,0,3853,0.0098,41.54,0.50,-26.17,0,-25.04,0.000,40.036,0.1109,1.501,0.00,0.0000
20000,60,1,2,0.0000,0.00,0.32,-10.49,0,-9.76,0.000,24.761,0.9663,24.402,0.00,0.0000
20000,70,0,4656,0.0000,21.58,0.07,-31.50,0,-30.57,0.000,45.567,0.0731,0.791,0.00,0.0000
20000,80,0,3564,0.0000,5.35,0.02,-30.78,0,-30.77,0.000,45.769,0.0579,0.590,0.00,0.0000
21000,-60,0,5517,740.0184,688.60,87.67,31.43,8,37.07,14.620,2.081,0.3082,322.941,0.00,0.0000
21000,-60,1,2215,553.2789,242.91,523.96,30.64,48,35.62,13.662,2.346,0.6534,569.884,0.00,0.0000
21000,-60,2,2,0.0000,0.00,2.35,10.62,0,32.96,11.687,2.483,0.9120,670.373,0.00,0.0000
21000,-50,0,7269,945.0965,1059.54,85.35,39.10,19,40.43,17.516,1.925,0.1889,329.840,0.00,0.0000
21000,-50,1,1425,192.2808,170.07,434.20,6.95,13,38.86,16.628,2.297,0.4042,641.351,0.00,0.0000
21000,-50,2,4,0.0001,0.00,6.47,12.26,2,34.22,12.612,2.280,0.8369,676.670,0.00,0.0000
21000,-40,0,6409,990.2403,1311.48,56.43,38.90,57,43.04,19.731,1.753,0.1440,389.683,0.00,0.0000
21000,-40,1,1670,395.5323,485.84,591.99,11.73,12,40.90,18.479,2.264,0.2693,621.945,0.00,0.0000
21000,-40,2,2,0.0000,0.00,2.48,79.76,0,39.85,16.556,1.600,0.5033,662.471,0.00,0.0000
21000,-30,0,4381,943.0738,1277.46,79.57,36.29,6,43.20,20.157,1.934,0.1764,534.913,0.00,0.0000
21000,-30,1,3159,993.9709,1208.62,1469.31,22.34,11,41.59,19.206,2.342,0.2619,700.790,0.00,0.0000
21000,-30,2,637,177.3134,200.58,923.69,14.21,8,41.42,19.015,2.281,0.3088,830.276,0.00,0.0000
21000,-20,0,1841,601.3185,882.76,38.29,28.11,1,40.99,18.888,2.463,0.1896,503.803,0.00,0.0000
21000,-20,1,2413,1222.4786,1554.53,990.73,34.80,2,40.77,18.734,2.553,0.2887,732.146,0.00,0.0000
21000,-20,2,3965,811.9841,760.75,11345.69,18.94,142,39.40,17.925,2.889,0.5446,1183.569,0.00,0.0000
21000,-10,0,1830,681.3666,895.10,22.44,12.53,18,36.92,16.202,3.256,0.2682,466.471,0.00,0.0000
21000,-10,1,2027,1442.6120,1594.76,878.90,38.74,24,37.53,16.526,3.136,0.3737,666.960,0.00,0.0000
21000,-10,2,4367,388.5070,300.59,16067.46,15.09,225,34.94,15.140,3.924,0.7422,1045.889,0.00,0.0000
21000,0,0,1885,494.4033,565.67,31.36,12.46,30,31.49,12.658,4.390,0.3005,302.244,0.00,0.0000
21000,0,1,1730,625.4357,384.42,848.38,35.51,51,32.31,13.078,4.178,0.4929,499.060,0.00,0.0000
21000,0,2,4752,435.6248,135.76,15498.08,11.26,410,28.65,11.299,5.479,0.8355,643.218,0.00,0.0000
21000,10,0,3172,263.1051,217.41,52.18,11.17,95,23.41,7.959,6.567,0.3331,160.591,0.00,0.0000
21000,10,1,2669,603.2030,458.62,1356.36,23.64,109,23.93,8.235,6.447,0.5924,271.346,0.00,0.0000
21000,10,2,3604,347.8629,161.58,9767.98,1.21,355,19.67,6.673,8.463,0.8811,311.712,0.00,0.0000
21000,20,0,4137,247.1957,227.25,64.12,-0.19,72,12.21,3.077,10.931,0.2744,47.991,0.00,0.0000
21000,20,1,3176,503.9577,335.66,1507.93,1.46,125,13.23,3.330,10.366,0.6537,115.302,0.00,0.0000
21000,20,2,1132,160.2567,59.75,2002.47,1.08,131,11.80,3.031,11.310,0.8561,147.420,0.00,0.0000
21000,30,0,6895,352.3975,382.86,80.74,-8.14,64,1.81,0.357,16.075,0.3179,20.959,0.00,0.0000
21000,30,1,2160,250.4119,207.56,939.24,-3.47,49,5.30,0.587,13.613,0.7459,60.213,0.00,0.0000
21000,30,2,219,6.9728,6.39,242.79,-11.46,3,-0.36,0.031,17.105,0.8920,37.116,0.00,0.0000
21000,40,0,6777,75.9672,136.96,57.12,-17.20,30,-8.63,0.000,23.867,0.3096,9.531,0.00,0.0000
21000,40,1,1166,57.4915,73.19,468.72,-10.37,13,-4.88,0.000,20.295,0.8413,25.111,0.00,0.0000
21000,40,2,227,1.8223,1.99,271.17,-11.63,0,-4.48,0.000,19.879,0.9670,25.507,0.00,0.0000
21000,50,0,5158,0.1576,17.92,12.62,-26.41,4,-19.87,0.000,34.875,0.2047,3.526,0.00,0.0000
21000,50,1,547,0.0392,19.00,132.96,-19.59,1,-13.36,0.000,28.361,0.9300,14.232,0.00,0.0000
21000,50,2,11,0.0000,0.00,14.47,-6.04,0,-4.58,0.000,19.584,0.9999,39.742,0.00,0.0000
21000,60,0,3853,0.0000,24.49,0.47,-31.61,1,-29.40,0.000,44.404,0.1169,1.101,0.00,0.0000
21000,60,1,2,0.0000,0.00,0.31,-18.52,0,-13.97,0.000,28.968,1.0000,27.257,0.00,0.0000
21000,70,0,4656,0.0000,12.96,0.07,-31.83,0,-31.75,0.000,46.748,0.0773,0.610,0.00,0.0000
21000,80,0,3564,0.0000,3.24,0.02,-30.80,0,-30.79,0.000,45.788,0.0613,0.512,0.00,0.0000
22000,-60,0,5481,1696.3239,1068.38,85.39,46.64,327,36.25,14.090,2.297,0.3173,296.573,0.00,0.0000
22000,-60,1,2251,1300.5173,698.73,548.20,46.76,200,34.78,13.080,2.560,0.6858,525.663,0.00,0.0000
22000,-60,2,2,0.0001,0.00,2.45,63.01,0,33.58,11.850,2.379,0.9178,606.457,0.00,0.0000
22000,-50,0,7267,1566.7244,1542.63,84.76,50.49,119,40.02,17.234,2.049,0.1933,304.852,0.00,0.0000
22000,-50,1,1427,465.1804,458.43,439.31,70.94,13,38.75,16.522,2.374,0.4234,586.779,0.00,0.0000
22000,-50,2,4,0.0120,0.01,6.67,65.34,2,35.07,12.960,2.162,0.8371,615.356,0.00,0.0000
22000,-40,0,6416,1065.7142,1344.54,55.78,55.99,45,43.01,19.728,1.821,0.1366,341.588,0.00,0.0000
22000,-40,1,1663,717.9644,820.20,587.09,72.31,1,41.00,18.544,2.305,0.2921,602.855,0.00,0.0000
22000,-40,2,2,0.0000,0.00,2.49,16.59,1,38.74,15.693,1.632,0.5161,672.669,0.00,0.0000
22000,-30,0,4404,819.7827,978.32,78.01,57.49,70,43.34,20.267,1.973,0.1606,466.011,0.00,0.0000
22000,-30,1,3151,1349.4545,1618.43,1460.64,64.23,35,41.82,19.410,2.366,0.2557,637.877,0.00,0.0000
22000,-30,2,622,236.6155,263.78,893.49,71.11,33,41.89,19.386,2.296,0.2971,749.883,0.00,0.0000
22000,-20,0,1850,533.0341,636.24,38.61,66.18,3,41.93,19.499,2.364,0.1853,476.545,0.00,0.0000
22000,-20,1,2424,1245.1537,1448.87,998.10,54.49,5,40.88,18.833,2.575,0.2839,699.790,0.00,0.0000
22000,-20,2,3945,924.5277,813.46,11279.93,60.53,324,39.82,18.278,2.904,0.5419,1119.816,0.00,0.0000
22000,-10,0,1835,639.1377,740.10,22.72,71.79,17,38.37,17.129,3.052,0.2612,443.820,0.00,0.0000
22000,-10,1,2027,1177.8774,1262.96,880.86,48.45,1,37.79,16.703,3.106,0.3663,661.817,0.00,0.0000
22000,-10,2,4362,379.1339,310.44,16108.31,54.81,432,35.54,15.599,3.894,0.7580,1049.367,0.00,0.0000
22000,0,0,1884,482.9331,461.36,31.22,61.56,103,33.17,13.643,4.064,0.2868,287.220,0.00,0.0000
22000,0,1,1717,411.5826,349.75,839.13,39.96,18,32.76,13.338,4.077,0.4844,510.256,0.00,0.0000
22000,0,2,4766,299.9740,157.86,15591.93,46.99,445,29.51,11.866,5.350,0.8458,660.858,0.00,0.0000
22000,10,0,3174,368.8755,215.78,52.47,44.79,164,25.20,8.830,6.042,0.3449,167.557,0.00,0.0000
22000,10,1,2639,598.3730,244.69,1340.01,30.24,274,24.67,8.615,6.214,0.5949,286.822,0.00,0.0000
22000,10,2,3632,363.3284,138.19,9830.83,34.50,433,20.38,7.113,8.326,0.8921,327.084,0.00,0.0000
22000,20,0,4144,308.1079,210.09,64.34,32.54,87,13.92,3.647,10.206,0.2787,49.889,0.00,0.0000
22000,20,1,3158,568.5698,278.62,1499.20,24.47,221,14.21,3.736,10.001,0.6543,120.970,0.00,0.0000
22000,20,2,1143,130.3059,66.30,2014.10,14.04,96,12.35,3.373,11.230,0.8750,158.555,0.00,0.0000
22000,30,0,6907,427.9682,361.03,80.55,15.23,79,3.13,0.528,15.310,0.3212,22.121,0.00,0.0000
22000,30,1,2162,374.3729,267.41,945.46,13.78,64,6.58,0.836,12.945,0.7448,61.734,0.00,0.0000
22000,30,2,205,19.6030,19.55,225.30,17.12,0,1.66,0.073,15.653,0.8858,37.389,0.00,0.0000
22000,40,0,6796,92.4000,107.66,57.12,2.94,34,-7.34,0.000,22.727,0.3162,9.736,0.00,0.0000
22000,40,1,1160,66.9715,56.96,465.43,3.44,8,-3.37,0.001,19.004,0.8423,24.904,0.00,0.0000
22000,40,2,214,5.9357,6.17,251.38,8.83,0,-2.48,0.000,18.233,0.9610,25.844,0.00,0.0000
22000,50,0,5170,0.3121,10.85,13.18,-9.66,2,-18.65,0.000,33.647,0.2105,3.321,0.00,0.0000
22000,50,1,535,0.2380,11.46,125.48,-3.61,3,-11.83,0.000,26.827,0.9339,13.242,0.00,0.0000
22000,50,2,11,0.0000,0.00,13.87,-4.03,0,-3.82,0.000,18.832,0.9998,35.598,0.00,0.0000
22000,60,0,3853,0.0000,14.26,0.45,-23.32,0,-28.47,0.000,43.468,0.1202,0.934,0.00,0.0000
22000,60,1,2,0.0000,0.00,0.29,-1.81,0,-13.43,0.000,28.433,1.0000,22.679,0.00,0.0000
22000,70,0,4656,0.0000,7.85,0.06,-30.87,0,-31.61,0.000,46.609,0.0806,0.537,0.00,0.0000
22000,80,0,3564,0.0000,1.96,0.02,-30.81,0,-30.81,0.000,45.806,0.0642,0.466,0.00,0.0000
23000,-60,0,5463,891.6360,194.70,84.82,5.67,646,26.68,8.440,4.552,0.4001,187.315,0.00,0.0000
23000,-60,1,2269,695.8219,63.10,568.39,3.83,379,24.79,7.431,5.100,0.8279,310.409,0.00,0.0000
23000,-60,2,2,0.0004,0.00,2.52,4.33,0,26.56,7.619,3.798,0.9521,388.698,0.00,0.0000
23000,-50,0,7268,1207.9765,578.25,84.91,8.94,592,32.17,12.212,3.607,0.2603,228.134,0.00,0.0000
23000,-50,1,1426,605.0065,32.26,445.49,13.29,446,31.48,11.817,3.849,0.5475,425.673,0.00,0.0000
23000,-50,2,4,0.0998,0.00,6.81,5.73,4,28.88,9.044,3.277,0.9039,438.480,0.00,0.0000
23000,-40,0,6416,1016.9269,652.80,55.10,14.93,350,37.28,15.814,2.782,0.1775,283.283,0.00,0.0000
23000,-40,1,1663,912.8440,119.93,586.69,19.35,322,35.83,15.019,3.244,0.3933,523.147,0.00,0.0000
23000,-40,2,2,0.0000,0.00,2.47,33.90,2,34.18,12.678,2.388,0.4490,395.016,0.00,0.0000
23000,-30,0,4418,715.2829,456.80,78.02,23.10,205,39.62,17.686,2.563,0.1862,405.884,0.00,0.0000
23000,-30,1,3153,1367.0175,510.37,1458.67,23.63,197,38.72,17.257,2.899,0.2951,568.880,0.00,0.0000
23000,-30,2,606,162.6003,54.04,865.15,24.52,44,39.33,17.554,2.699,0.3482,708.957,0.00,0.0000
23000,-20,0,1858,546.7057,314.60,38.83,19.08,15,39.73,17.940,2.668,0.1993,469.094,0.00,0.0000
23000,-20,1,2445,1349.2934,831.29,1015.18,29.57,40,39.56,17.972,2.842,0.3004,671.826,0.00,0.0000
23000,-20,2,3916,712.5149,762.73,11203.76,27.60,249,38.70,17.498,3.098,0.5598,1070.654,0.00,0.0000
23000,-10,0,1838,504.1924,273.20,22.73,17.75,5,38.21,16.978,3.008,0.2494,474.398,0.00,0.0000
23000,-10,1,2027,1336.6722,1140.25,879.16,31.97,12,38.35,17.163,3.068,0.3488,694.251,0.00,0.0000
23000,-10,2,4359,417.0305,447.42,16117.76,28.83,253,36.32,16.089,3.721,0.7346,1118.472,0.00,0.0000
23000,0,0,1885,260.7501,145.93,31.13,14.73,31,34.69,14.618,3.673,0.2547,341.620,0.00,0.0000
23000,0,1,1697,515.4073,255.02,822.36,34.00,101,34.97,14.851,3.678,0.4386,598.585,0.00,0.0000
23000,0,2,4785,400.3054,135.38,15670.06,26.45,437,32.06,13.411,4.724,0.8002,810.158,0.00,0.0000
23000,10,0,3176,378.9167,344.65,52.73,10.05,75,28.30,10.692,5.188,0.3284,243.683,0.00,0.0000
23000,10,1,2600,478.6139,289.83,1315.12,31.63,144,28.42,10.827,5.250,0.5544,396.246,0.00,0.0000
23000,10,2,3669,461.4083,204.61,9930.51,30.43,573,24.95,9.473,6.899,0.8560,448.920,0.00,0.0000
23000,20,0,4147,349.1047,313.39,64.40,6.46,57,18.68,5.852,8.428,0.2660,79.079,0.00,0.0000
23000,20,1,3139,565.0339,346.51,1493.22,25.82,290,19.68,6.198,8.006,0.6235,187.945,0.00,0.0000
23000,20,2,1159,194.5835,110.26,2047.69,31.55,119,18.30,5.875,8.937,0.8549,231.181,0.00,0.0000
23000,30,0,6906,527.6671,408.45,79.82,10.16,298,9.50,2.051,12.056,0.3132,38.075,0.00,0.0000
23000,30,1,2167,593.4659,383.63,950.09,14.49,331,12.62,2.776,10.222,0.7201,101.431,0.00,0.0000
23000,30,2,201,58.9645,58.92,219.95,-9.23,4,7.45,1.180,12.728,0.8602,72.098,0.00,0.0000
23000,40,0,6798,183.6117,154.03,56.36,3.66,73,-0.26,0.190,17.315,0.3144,16.147,0.00,0.0000
23000,40,1,1167,155.5474,150.97,467.96,-1.46,24,3.11,0.295,14.692,0.8282,43.000,0.00,0.0000
23000,40,2,205,29.0707,28.19,239.58,-10.81,0,3.63,0.321,14.540,0.9409,50.641,0.00,0.0000
23000,50,0,5177,3.6177,8.61,13.45,-7.78,2,-11.39,0.000,26.515,0.2123,4.546,0.00,0.0000
23000,50,1,528,10.7358,16.06,120.55,-12.45,0,-5.28,0.000,20.573,0.9291,20.213,0.00,0.0000
23000,50,2,11,0.0000,0.00,13.54,3.10,0,1.41,0.000,14.674,0.9966,37.765,0.00,0.0000
23000,60,0,3853,0.1483,8.76,0.43,-18.79,0,-22.02,0.000,37.021,0.1216,0.975,0.00,0.0000
23000,60,1,2,0.0000,0.00,0.28,-8.46,0,-8.43,0.000,23.432,0.9997,17.478,0.00,0.0000
23000,70,0,4656,0.0000,4.75,0.06,-26.87,0,-29.05,0.000,44.053,0.0832,0.473,0.00,0.0000
23000,80,0,3564,0.0000,1.19,0.02,-30.65,0,-30.80,0.000,45.796,0.0669,0.440,0.00,0.0000
24000,-60,0,5457,478.7968,425.46,84.54,11.25,48,13.15,2.384,9.336,0.4791,70.217,0.00,0.0000
24000,-60,1,2275,303.5946,269.92,576.41,8.34,4,11.02,1.730,10.331,0.9277,104.560,0.00,0.0000
24000,-60,2,2,0.0000,0.00,2.54,18.27,0,16.70,2.904,6.885,0.9768,148.674,0.00,0.0000
24000,-50,0,7264,863.2287,912.47,84.55,24.35,145,21.14,6.116,6.715,0.3439,110.468,0.00,0.0000
24000,-50,1,1429,64.0928,47.18,450.13,5.71,16,19.65,5.646,7.405,0.6906,203.012,0.00,0.0000
24000,-50,2,5,0.0000,0.00,7.89,24.05,2,19.98,4.459,5.828,0.9480,193.464,0.00,0.0000
24000,-40,0,6415,886.1647,1026.56,54.62,32.60,39,28.82,10.557,4.707,0.2573,182.606,0.00,0.0000
24000,-40,1,1664,255.2470,211.52,590.64,11.54,14,26.58,9.605,5.560,0.5413,330.343,0.00,0.0000
24000,-40,2,2,0.0000,0.00,2.43,31.70,0,28.30,8.945,3.626,0.4248,187.628,0.00,0.0000
24000,-30,0,4425,583.4373,616.94,77.88,34.30,21,33.58,13.764,3.819,0.2573,307.665,0.00,0.0000
24000,-30,1,3152,602.9953,634.38,1458.35,22.90,18,32.55,13.374,4.235,0.3937,439.025,0.00,0.0000
24000,-30,2,600,65.5413,60.99,853.63,21.13,25,33.65,13.977,3.879,0.4662,573.865,0.00,0.0000
24000,-20,0,1861,490.4432,566.46,38.78,46.71,4,36.69,16.033,3.364,0.2454,414.367,0.00,0.0000
24000,-20,1,2452,1194.1359,1324.73,1019.55,26.35,5,36.14,15.794,3.541,0.3658,599.207,0.00,0.0000
24000,-20,2,3906,722.8979,892.73,11187.40,24.68,249,35.05,15.196,3.864,0.6423,929.089,0.00,0.0000
24000,-10,0,1843,443.7814,519.90,22.98,45.31,2,37.77,16.864,3.216,0.2579,482.845,0.00,0.0000
24000,-10,1,2030,1416.9169,1776.52,882.96,30.34,1,38.13,17.132,3.156,0.3569,710.696,0.00,0.0000
24000,-10,2,4351,589.5954,686.96,16099.41,24.03,244,35.32,15.571,3.976,0.7291,1109.133,0.00,0.0000
24000,0,0,1888,267.6088,280.36,31.16,52.73,8,37.26,16.481,3.294,0.2286,405.098,0.00,0.0000
24000,0,1,1693,517.0659,555.58,820.53,34.86,1,37.63,16.722,3.207,0.3899,708.926,0.00,0.0000
24000,0,2,4786,387.9083,279.25,15682.31,25.57,362,33.98,14.794,4.361,0.7298,978.543,0.00,0.0000
24000,10,0,3176,470.2450,399.05,52.69,58.83,31,33.81,14.196,4.013,0.2858,351.371,0.00,0.0000
24000,10,1,2574,799.5683,692.67,1298.19,36.77,70,33.76,14.217,4.076,0.4812,579.845,0.00,0.0000
24000,10,2,3695,470.9806,293.66,9998.87,7.26,334,28.93,11.980,5.864,0.7710,677.577,0.00,0.0000
24000,20,0,4143,347.9629,187.44,63.90,42.82,69,26.25,9.943,6.214,0.2321,141.355,0.00,0.0000
24000,20,1,3128,602.8323,420.90,1491.26,20.89,162,26.74,10.138,5.984,0.5518,349.471,0.00,0.0000
24000,20,2,1174,181.5636,71.55,2082.32,1.72,140,24.40,9.272,7.062,0.7745,416.719,0.00,0.0000
24000,30,0,6903,407.1006,246.72,79.51,19.54,137,18.74,5.894,8.476,0.2878,88.756,0.00,0.0000
24000,30,1,2162,372.0380,109.19,952.04,30.74,211,21.79,6.937,6.964,0.6510,216.360,0.00,0.0000
24000,30,2,209,42.3604,1.23,230.00,50.24,13,17.88,5.074,8.356,0.7962,175.834,0.00,0.0000
24000,40,0,6795,273.7498,183.33,56.04,9.10,146,10.47,2.315,11.539,0.2992,41.999,0.00,0.0000
24000,40,1,1166,288.7198,59.18,468.15,36.84,242,14.23,3.098,9.246,0.7809,108.568,0.00,0.0000
24000,40,2,209,49.7882,4.87,245.51,47.87,34,14.55,3.399,9.336,0.8877,131.604,0.00,0.0000
24000,50,0,5177,34.3044,31.17,13.41,-1.63,27,0.33,0.280,16.988,0.2069,11.571,0.00,0.0000
24000,50,1,528,121.4061,88.86,120.59,33.30,34,6.67,0.644,12.319,0.9033,54.830,0.00,0.0000
24000,50,2,11,0.0056,0.00,13.53,28.50,3,10.81,1.089,9.550,0.9727,75.849,0.00,0.0000
24000,60,0,3853,10.4253,14.13,0.42,-8.48,3,-9.90,0.000,25.043,0.1199,1.975,0.00,0.0000
24000,60,1,2,0.0000,0.00,0.27,-5.58,0,0.40,0.000,15.483,0.9899,27.295,0.00,0.0000
24000,70,0,4656,0.1633,3.04,0.06,-11.58,0,-18.75,0.000,33.745,0.0840,0.492,0.00,0.0000
24000,80,0,3564,0.0000,0.72,0.02,-18.69,0,-26.44,0.000,41.436,0.0691,0.340,0.00,0.0000
25000,-60,0,5475,282.9445,361.35,84.29,-4.20,9,-0.57,0.045,16.879,0.5221,21.634,0.00,0.0000
25000,-60,1,2257,189.5006,250.40,560.64,-9.10,3,-2.94,0.018,18.754,0.9607,28.135,0.00,0.0000
25000,-60,2,2,0.0004,0.00,2.51,3.90,0,6.98,0.182,10.939,0.9850,48.500,0.00,0.0000
25000,-50,0,7267,666.8888,631.00,83.81,3.85,37,8.94,1.309,11.444,0.4002,42.478,0.00,0.0000
25000,-50,1,1427,220.7948,201.98,449.96,14.00,10,8.52,1.264,11.819,0.7682,70.447,0.00,0.0000
25000,-50,2,4,0.0021,0.00,6.82,8.23,1,11.55,0.964,8.616,0.9514,71.607,0.00,0.0000
25000,-40,0,6413,635.3008,438.40,54.15,16.75,97,18.97,5.147,7.494,0.3358,94.116,0.00,0.0000
25000,-40,1,1666,551.0996,454.28,594.37,27.33,43,17.67,4.784,8.271,0.6518,151.425,0.00,0.0000
25000,-40,2,2,0.0000,0.00,2.39,-4.43,0,18.92,3.982,6.027,0.4918,120.396,0.00,0.0000
25000,-30,0,4429,645.7447,333.05,77.87,26.05,278,26.16,9.158,5.544,0.3440,192.901,0.00,0.0000
25000,-30,1,3148,1083.6401,658.22,1462.59,36.79,341,26.04,9.288,5.810,0.5149,277.286,0.00,0.0000
25000,-30,2,600,113.8189,65.99,857.27,43.38,77,28.17,10.415,5.142,0.6431,391.666,0.00,0.0000
25000,-20,0,1859,803.3948,750.46,38.44,27.56,88,32.28,13.057,4.240,0.3108,316.073,0.00,0.0000
25000,-20,1,2465,1827.1471,1355.43,1034.23,39.06,418,31.66,12.767,4.463,0.4654,456.030,0.00,0.0000
25000,-20,2,3895,772.1995,195.28,11231.45,47.21,691,31.23,12.645,4.713,0.7591,671.685,0.00,0.0000
25000,-10,0,1848,708.4670,876.22,23.32,41.03,11,36.94,16.225,3.383,0.2858,435.595,0.00,0.0000
25000,-10,1,2030,1756.8720,2250.86,887.51,39.63,133,36.48,15.921,3.433,0.4032,654.455,0.00,0.0000
25000,-10,2,4346,634.4959,296.69,16122.98,53.74,478,34.35,14.835,4.182,0.7584,931.175,0.00,0.0000
25000,0,0,1891,444.7533,527.68,31.15,40.46,8,39.32,17.818,2.914,0.2173,435.559,0.00,0.0000
25000,0,1,1688,849.7124,999.98,816.29,35.91,2,38.79,17.464,2.965,0.3718,768.779,0.00,0.0000
25000,0,2,4788,591.9096,331.65,15693.05,55.68,261,36.04,16.035,3.909,0.6775,1007.911,0.00,0.0000
25000,10,0,3181,603.8556,677.87,52.84,35.01,11,38.65,17.337,3.024,0.2301,439.091,0.00,0.0000
25000,10,1,2566,1098.0589,1165.14,1295.34,32.34,23,37.97,16.979,3.193,0.4015,750.013,0.00,0.0000
25000,10,2,3698,563.4961,398.73,10039.75,64.73,263,33.90,14.938,4.637,0.6635,828.192,0.00,0.0000
25000,20,0,4143,346.8898,325.83,63.70,39.73,56,34.09,14.570,4.210,0.1840,220.810,0.00,0.0000
25000,20,1,3122,938.5565,805.61,1490.33,48.48,129,34.41,14.763,4.086,0.4372,544.056,0.00,0.0000
25000,20,2,1180,200.6067,118.98,2105.43,62.42,152,31.40,13.271,5.142,0.6322,612.302,0.00,0.0000
25000,30,0,6900,616.4680,487.76,79.37,45.43,219,29.21,11.404,5.259,0.2391,184.614,0.00,0.0000
25000,30,1,2152,306.0730,238.29,946.20,38.46,76,31.63,12.512,4.294,0.5000,403.612,0.00,0.0000
25000,30,2,222,16.5408,14.67,245.83,29.13,2,29.10,10.923,4.932,0.6661,403.202,0.00,0.0000
25000,40,0,6792,496.0194,360.45,56.18,42.87,213,23.30,7.732,6.626,0.2548,106.372,0.00,0.0000
25000,40,1,1155,183.3332,118.96,462.54,27.33,56,26.50,8.915,5.134,0.6596,278.230,0.00,0.0000
25000,40,2,223,33.0173,26.37,263.65,24.59,11,26.43,9.107,5.383,0.7739,343.131,0.00,0.0000
25000,50,0,5175,131.9222,98.31,13.45,39.84,23,15.28,3.623,9.106,0.1845,34.250,0.00,0.0000
25000,50,1,530,125.9577,47.18,123.68,22.49,18,20.86,5.444,6.350,0.8219,178.033,0.00,0.0000
25000,50,2,11,0.0129,0.01,13.78,20.17,1,21.43,5.324,5.641,0.9405,223.456,0.00,0.0000
25000,60,0,3853,69.8413,60.32,0.42,30.12,1,6.84,0.682,12.256,0.1101,6.707,0.00,0.0000
25000,60,1,2,0.0000,0.00,0.28,41.35,0,13.00,1.419,8.409,0.9512,80.191,0.00,0.0000
25000,70,0,4656,12.1399,12.45,0.06,16.93,1,-0.42,0.016,16.362,0.0790,1.151,0.00,0.0000
25000,80,0,3564,0.1798,0.61,0.02,11.47,0,-5.38,0.000,20.440,0.0670,0.143,0.00,0.0000
26000,-60,0,5530,31.2282,190.24,85.77,-18.45,4,-11.21,0.000,26.218,0.5442,8.418,0.00,0.0000
26000,-60,1,2202,7.5180,152.07,528.79,-18.72,1,-13.62,0.000,28.623,0.9707,9.329,0.00,0.0000
26000,-60,2,2,0.0007,0.00,2.41,-14.06,0,-1.67,0.000,16.843,0.9978,27.791,0.00,0.0000
26000,-50,0,7282,328.7980,403.10,82.76,-8.69,48,-1.21,0.037,17.481,0.4276,18.428,0.00,0.0000
26000,-50,1,1412,118.9427,103.35,437.13,-17.62,9,-1.91,0.027,18.076,0.7985,30.273,0.00,0.0000
26000,-50,2,4,0.0012,0.00,6.64,-11.11,0,3.35,0.008,13.016,0.9595,42.087,0.00,0.0000
26000,-40,0,6417,325.9379,242.25,53.86,0.26,147,9.92,1.648,11.100,0.3836,49.372,0.00,0.0000
26000,-40,1,1662,182.1844,52.03,590.20,-9.03,8,8.35,1.362,12.089,0.7041,75.837,0.00,0.0000
26000,-40,2,2,0.0000,0.00,2.36,34.07,0,12.57,1.265,8.216,0.7890,120.326,0.00,0.0000
26000,-30,0,4434,387.8673,222.80,77.82,8.81,142,18.61,5.233,7.818,0.4080,115.819,0.00,0.0000
26000,-30,1,3140,323.9780,106.68,1461.44,2.48,96,18.55,5.390,8.033,0.6153,177.767,0.00,0.0000
26000,-30,2,603,63.8334,22.78,864.99,-0.58,64,21.00,6.444,7.043,0.7998,277.105,0.00,0.0000
26000,-20,0,1856,416.2226,244.86,38.14,9.69,24,26.37,9.537,5.642,0.3649,224.923,0.00,0.0000
26000,-20,1,2465,649.2056,229.38,1037.65,20.37,107,26.17,9.426,5.750,0.5517,323.373,0.00,0.0000
26000,-20,2,3898,333.0495,158.93,11268.70,6.86,350,25.61,9.254,6.035,0.8614,478.982,0.00,0.0000
26000,-10,0,1845,522.2891,425.21,22.96,5.81,12,32.98,13.622,4.083,0.3242,384.741,0.00,0.0000
26000,-10,1,2029,1153.0502,553.56,887.77,34.98,54,33.48,13.866,3.968,0.4595,550.365,0.00,0.0000
26000,-10,2,4350,391.6668,241.85,16136.53,11.77,325,30.90,12.570,4.840,0.8229,778.884,0.00,0.0000
26000,0,0,1891,518.6633,585.67,30.87,11.34,9,37.81,16.776,3.070,0.2279,451.030,0.00,0.0000
26000,0,1,1693,924.0961,866.91,820.30,43.42,0,38.38,17.093,2.975,0.3796,738.297,0.00,0.0000
26000,0,2,4783,652.3324,549.37,15664.49,16.69,274,35.09,15.323,3.993,0.6811,990.641,0.00,0.0000
26000,10,0,3190,763.9429,1010.24,53.15,17.45,2,39.89,18.212,2.715,0.1942,473.958,0.00,0.0000
26000,10,1,2582,1396.1382,1765.79,1311.97,43.25,6,40.20,18.433,2.725,0.3424,793.811,0.00,0.0000
26000,10,2,3673,640.0490,586.14,9994.34,19.08,174,35.48,15.823,4.158,0.5954,920.467,0.00,0.0000
26000,20,0,4154,512.9384,570.00,64.27,16.24,7,37.90,17.078,3.321,0.1452,285.138,0.00,0.0000
26000,20,1,3120,1199.8918,1329.22,1486.15,28.13,12,38.88,17.634,3.089,0.3302,667.915,0.00,0.0000
26000,20,2,1171,185.2621,141.67,2093.49,29.41,18,35.71,15.871,4.059,0.5035,741.794,0.00,0.0000
26000,30,0,6905,816.5572,849.36,79.25,22.41,19,36.02,15.605,3.587,0.1785,279.423,0.00,0.0000
26000,30,1,2144,507.2352,490.38,937.92,27.18,15,38.27,16.788,2.833,0.3388,561.926,0.00,0.0000
26000,30,2,225,64.0994,28.47,250.07,10.00,8,35.82,15.216,3.283,0.5197,704.097,0.00,0.0000
26000,40,0,6790,606.1220,494.34,55.94,19.98,87,32.61,13.011,4.019,0.1822,186.111,0.00,0.0000
26000,40,1,1153,249.4772,131.19,464.65,23.59,72,35.41,14.351,2.955,0.4943,526.495,0.00,0.0000
26000,40,2,227,74.6058,5.52,271.34,14.39,48,34.36,13.973,3.353,0.6301,670.731,0.00,0.0000
26000,50,0,5169,222.9142,147.59,13.06,12.52,74,26.92,9.116,5.041,0.1369,72.857,0.00,0.0000
26000,50,1,536,196.9871,85.34,128.01,15.64,95,31.52,11.302,3.310,0.6801,434.934,0.00,0.0000
26000,50,2,11,0.1162,0.00,14.24,30.03,3,30.29,10.231,3.284,0.9113,497.533,0.00,0.0000
26000,60,0,3853,134.0101,136.67,0.42,10.74,4,21.42,5.133,5.726,0.0835,17.712,0.00,0.0000
26000,60,1,2,0.0000,0.00,0.29,2.92,0,22.81,5.475,4.757,0.9132,213.334,0.00,0.0000
26000,70,0,4656,78.8438,72.15,0.05,17.75,0,19.28,2.193,4.421,0.0564,3.070,0.00,0.0000
26000,80,0,3564,17.3927,15.63,0.02,25.64,0,20.60,0.660,1.590,0.0468,0.026,0.00,0.0000
27000,-60,0,5604,0.1712,115.34,88.80,-12.11,2,-15.60,0.000,30.596,0.5547,4.876,0.00,0.0000
27000,-60,1,2128,0.0033,86.35,495.80,-12.06,0,-18.03,0.000,33.033,0.9754,4.887,0.00,0.0000
27000,-60,2,2,0.0000,0.00,2.30,8.87,0,-5.16,0.000,20.162,0.9998,22.536,0.00,0.0000
27000,-50,0,7313,162.6555,349.74,82.55,0.59,13,-5.43,0.000,20.774,0.4391,11.258,0.00,0.0000
27000,-50,1,1381,52.8884,102.34,418.38,8.80,1,-6.23,0.000,21.526,0.8076,18.368,0.00,0.0000
27000,-50,2,4,0.0000,0.00,6.41,16.85,0,0.11,0.000,15.261,0.9803,33.841,0.00,0.0000
27000,-40,0,6427,343.0378,386.58,53.96,14.37,73,6.15,0.622,12.884,0.4036,32.798,0.00,0.0000
27000,-40,1,1652,147.6925,148.29,582.63,20.25,3,4.40,0.466,14.135,0.7170,48.721,0.00,0.0000
27000,-40,2,2,0.0000,0.00,2.34,1.58,0,8.91,0.225,9.785,0.9976,122.753,0.00,0.0000
27000,-30,0,4438,422.4417,360.20,77.77,25.33,89,15.38,3.719,8.971,0.4384,82.680,0.00,0.0000
27000,-30,1,3123,436.8616,379.03,1452.02,26.89,90,15.29,3.911,9.267,0.6704,131.870,0.00,0.0000
27000,-30,2,616,80.5785,52.59,885.51,34.37,28,18.02,4.962,8.090,0.8818,212.717,0.00,0.0000
27000,-20,0,1856,411.3198,372.71,38.10,48.55,59,24.40,8.298,6.158,0.3794,165.529,0.00,0.0000
27000,-20,1,2452,768.7465,697.52,1031.99,29.20,73,23.51,7.961,6.545,0.5853,249.883,0.00,0.0000
27000,-20,2,3911,381.0508,145.67,11324.53,33.76,440,23.09,7.915,6.838,0.9085,370.756,0.00,0.0000
27000,-10,0,1844,681.5539,799.13,22.84,65.20,10,32.20,13.048,4.283,0.3381,317.555,0.00,0.0000
27000,-10,1,2021,1253.2299,1302.36,883.32,36.38,22,31.85,12.820,4.343,0.4805,471.382,0.00,0.0000
27000,-10,2,4359,424.4736,213.28,16187.93,39.06,481,29.29,11.655,5.307,0.8680,667.929,0.00,0.0000
27000,0,0,1894,703.3116,910.07,30.87,72.52,5,38.38,17.080,3.002,0.2323,409.940,0.00,0.0000
27000,0,1,1692,1159.6325,1427.93,820.77,42.10,0,37.86,16.690,3.053,0.3832,686.341,0.00,0.0000
27000,0,2,4781,869.5323,663.14,15670.93,44.71,505,34.66,15.113,4.148,0.6988,921.937,0.00,0.0000
27000,10,0,3194,859.5367,1189.60,52.78,73.55,6,41.89,19.509,2.402,0.1675,420.012,0.00,0.0000
27000,10,1,2606,1512.9561,2154.41,1326.58,46.54,25,40.99,18.881,2.543,0.3035,748.455,0.00,0.0000
27000,10,2,3645,784.8414,643.45,9942.44,36.51,343,35.56,15.960,4.172,0.5770,918.151,0.00,0.0000
27000,20,0,4197,659.4558,737.14,65.70,68.13,7,40.89,19.057,2.799,0.1226,289.417,0.00,0.0000
27000,20,1,3101,1451.3800,1805.17,1481.30,48.00,47,40.74,18.869,2.730,0.2804,679.818,0.00,0.0000
27000,20,2,1147,271.4573,198.84,2056.92,21.29,47,36.39,16.432,3.930,0.4469,779.027,0.00,0.0000
27000,30,0,6921,1089.3195,1346.72,79.59,51.23,29,39.54,17.911,2.885,0.1384,302.390,0.00,0.0000
27000,30,1,2131,817.1769,941.79,930.18,53.40,19,41.75,19.081,2.188,0.2674,603.338,0.00,0.0000
27000,30,2,222,83.7516,85.30,247.53,80.84,0,41.15,18.646,2.323,0.4280,798.206,0.00,0.0000
27000,40,0,6797,726.4758,818.33,56.10,46.78,87,37.29,15.926,2.962,0.1328,214.877,0.00,0.0000
27000,40,1,1146,366.1226,352.04,467.86,62.11,35,40.90,17.885,1.926,0.3948,642.174,0.00,0.0000
27000,40,2,227,34.8985,31.21,274.51,75.32,9,40.25,17.728,2.263,0.5303,811.784,0.00,0.0000
27000,50,0,5168,171.7667,187.12,13.07,43.09,16,32.98,12.538,3.407,0.0973,93.366,0.00,0.0000
27000,50,1,537,111.1653,52.48,131.99,69.07,8,38.59,15.637,1.874,0.5653,583.759,0.00,0.0000
27000,50,2,11,0.0116,0.00,14.78,41.90,2,35.36,13.283,2.196,0.8646,689.485,0.00,0.0000
27000,60,0,3853,110.2204,160.06,0.43,38.49,1,29.42,9.032,3.170,0.0544,24.909,0.00,0.0000
27000,60,1,2,0.0003,0.00,0.31,45.82,0,28.64,8.412,3.102,0.8785,313.559,0.00,0.0000
27000,70,0,4656,90.4950,113.38,0.05,39.10,0,31.09,6.851,0.818,0.0240,3.812,0.00,0.0000
27000,80,0,3564,40.2766,40.49,0.02,38.32,0,33.69,5.069,0.002,0.0154,0.003,0.00,0.0000
28000,-60,0,5668,2.1045,72.23,90.74,-16.75,0,-14.19,0.000,29.192,0.5599,5.161,0.00,0.0000
28000,-60,1,2064,0.1969,51.04,465.48,-20.06,0,-16.68,0.000,31.682,0.9759,5.485,0.00,0.0000
28000,-60,2,2,0.0000,0.00,2.20,-8.47,0,-4.48,0.000,19.480,0.9991,20.676,0.00,0.0000
28000,-50,0,7333,228.7203,365.54,81.57,-10.55,32,-4.12,0.001,19.707,0.4418,12.210,0.00,0.0000
28000,-50,1,1361,90.6393,125.27,403.00,-5.65,7,-4.55,0.001,20.094,0.8041,19.534,0.00,0.0000
28000,-50,2,4,0.0000,0.00,6.21,-4.95,1,0.67,0.000,14.881,0.9854,31.976,0.00,0.0000
28000,-40,0,6430,505.6428,463.14,53.48,-0.47,262,7.35,0.923,12.326,0.4079,36.141,0.00,0.0000
28000,-40,1,1649,222.0849,88.42,576.82,4.37,101,6.09,0.749,13.192,0.7084,52.030,0.00,0.0000
28000,-40,2,2,0.0000,0.00,2.32,-0.60,1,9.21,0.476,9.861,0.9996,118.676,0.00,0.0000
28000,-30,0,4435,505.6613,196.64,77.18,9.54,399,16.46,4.204,8.574,0.4456,92.630,0.00,0.0000
28000,-30,1,3121,577.8735,186.92,1455.21,14.33,231,16.72,4.502,8.700,0.6884,147.789,0.00,0.0000
28000,-30,2,621,139.7911,71.06,900.52,18.42,64,19.49,5.600,7.539,0.9048,234.096,0.00,0.0000
28000,-20,0,1855,353.0933,206.16,37.87,11.12,174,24.90,8.589,5.984,0.3597,172.387,0.00,0.0000
28000,-20,1,2429,610.0026,187.29,1015.97,19.89,171,24.63,8.599,6.241,0.5705,263.251,0.00,0.0000
28000,-20,2,3935,342.8064,123.67,11400.07,25.13,401,24.43,8.554,6.397,0.9067,399.130,0.00,0.0000
28000,-10,0,1844,690.9436,740.83,22.72,19.20,109,32.54,13.197,4.143,0.3196,322.403,0.00,0.0000
28000,-10,1,2014,1055.3731,765.34,878.82,24.97,106,32.50,13.306,4.240,0.4542,475.037,0.00,0.0000
28000,-10,2,4366,333.2125,188.04,16239.98,32.75,409,30.42,12.243,4.994,0.8601,701.499,0.00,0.0000
28000,0,0,1899,751.1117,1064.95,31.03,21.03,57,38.10,16.814,2.982,0.2223,411.432,0.00,0.0000
28000,0,1,1695,1192.2573,1469.94,825.03,31.55,79,37.99,16.843,3.058,0.3658,677.280,0.00,0.0000
28000,0,2,4773,706.8529,543.15,15668.50,36.99,366,35.37,15.478,3.961,0.6845,922.117,0.00,0.0000
28000,10,0,3205,838.2361,1335.45,52.96,20.84,11,40.89,18.719,2.472,0.1516,385.897,0.00,0.0000
28000,10,1,2637,1509.6134,2353.09,1350.35,36.69,7,40.61,18.644,2.614,0.2825,697.095,0.00,0.0000
28000,10,2,3603,718.2463,740.46,9876.31,50.05,268,36.47,16.500,4.013,0.5602,866.941,0.00,0.0000
28000,20,0,4205,688.5288,897.52,65.51,24.70,60,39.87,18.232,2.883,0.1157,264.899,0.00,0.0000
28000,20,1,3111,1630.0841,2168.78,1480.40,45.62,137,40.57,18.702,2.763,0.2798,649.923,0.00,0.0000
28000,20,2,1129,371.0001,300.95,2027.31,59.70,147,37.11,16.855,3.837,0.4343,709.567,0.00,0.0000
28000,30,0,6944,1379.3137,1672.92,78.92,37.22,288,38.76,17.306,2.996,0.1324,262.615,0.00,0.0000
28000,30,1,2108,1156.6530,1460.16,918.14,37.95,59,40.68,18.276,2.330,0.2851,602.226,0.00,0.0000
28000,30,2,222,154.5640,174.65,247.54,11.21,0,38.92,16.976,2.576,0.4481,796.761,0.00,0.0000
28000,40,0,6797,1066.5132,1305.41,55.58,37.32,133,36.22,15.165,3.168,0.1312,187.282,0.00,0.0000
28000,40,1,1142,700.5630,592.80,467.15,22.58,83,38.79,16.366,2.189,0.4214,631.094,0.00,0.0000
28000,40,2,231,110.5680,76.02,281.10,9.76,9,37.78,15.919,2.551,0.5560,802.009,0.00,0.0000
28000,50,0,5162,263.0395,306.25,12.45,32.73,58,31.55,11.613,3.750,0.0934,78.580,0.00,0.0000
28000,50,1,543,221.9175,66.63,136.03,11.96,139,35.88,13.757,2.258,0.5876,558.510,0.00,0.0000
28000,50,2,11,0.1185,0.07,15.29,25.82,1,33.79,12.185,2.392,0.8796,656.159,0.00,0.0000
28000,60,0,3853,93.7294,167.83,0.43,25.51,2,27.20,7.796,3.796,0.0502,21.729,0.00,0.0000
28000,60,1,2,0.6886,0.63,0.32,24.55,0,27.89,7.941,3.279,0.8525,274.367,0.00,0.0000
28000,70,0,4656,45.2461,103.51,0.05,18.83,1,27.28,5.033,1.668,0.0164,5.292,0.00,0.0000
28000,80,0,3564,14.8948,35.66,0.02,20.05,0,29.46,2.891,0.063,0.0038,0.111,0.00,0.0000
29000,-60,0,5710,60.2769,79.81,91.44,1.51,34,-6.79,0.000,22.032,0.5586,10.225,0.00,0.0000
29000,-60,1,2022,24.0460,52.03,442.57,-3.18,0,-9.28,0.000,24.371,0.9700,12.593,0.00,0.0000
29000,-60,2,2,0.0000,0.00,2.14,-0.26,0,0.65,0.000,15.125,0.9916,26.595,0.00,0.0000
29000,-50,0,7342,559.2328,441.52,80.87,14.43,202,3.16,0.332,14.689,0.4349,22.977,0.00,0.0000
29000,-50,1,1352,210.6359,114.99,396.24,-9.06,51,2.09,0.268,15.529,0.7881,38.814,0.00,0.0000
29000,-50,2,4,0.0004,0.00,6.10,5.60,0,5.47,0.097,11.933,0.9669,40.863,0.00,0.0000
29000,-40,0,6431,501.3478,338.96,53.24,23.29,200,13.81,3.075,9.532,0.3964,63.416,0.00,0.0000
29000,-40,1,1648,143.7918,99.73,575.93,-1.71,11,11.88,2.643,10.689,0.6779,94.049,0.00,0.0000
29000,-40,2,2,0.0000,0.00,2.33,35.23,0,15.19,2.297,7.439,0.9886,127.913,0.00,0.0000
29000,-30,0,4421,308.5004,188.66,75.91,25.98,142,21.84,6.928,6.870,0.4260,150.912,0.00,0.0000
29000,-30,1,3115,401.2255,234.82,1452.03,13.49,158,21.44,6.990,7.250,0.6639,241.486,0.00,0.0000
29000,-30,2,641,113.6832,30.61,934.45,9.37,55,23.58,7.967,6.404,0.8719,368.306,0.00,0.0000
29000,-20,0,1855,162.0914,126.72,37.72,32.39,16,28.83,11.038,5.092,0.3157,231.566,0.00,0.0000
29000,-20,1,2399,354.9673,262.61,994.26,23.81,58,28.46,10.932,5.290,0.5186,367.100,0.00,0.0000
29000,-20,2,3965,291.4313,123.90,11483.40,16.45,392,27.69,10.606,5.578,0.8583,575.478,0.00,0.0000
29000,-10,0,1844,454.5870,439.35,22.53,27.57,5,34.31,14.574,3.883,0.2852,377.661,0.00,0.0000
29000,-10,1,2008,624.4413,372.26,872.81,31.43,10,34.86,14.913,3.783,0.4010,552.797,0.00,0.0000
29000,-10,2,4372,256.0266,121.21,16251.53,17.56,422,32.01,13.394,4.664,0.8081,871.338,0.00,0.0000
29000,0,0,1906,688.5550,622.32,31.34,36.76,7,38.21,17.103,3.064,0.2139,430.652,0.00,0.0000
29000,0,1,1699,925.8324,649.04,830.32,36.64,5,38.76,17.457,2.974,0.3422,697.462,0.00,0.0000
29000,0,2,4762,555.6553,447.86,15618.38,20.26,379,35.09,15.447,4.060,0.6584,972.968,0.00,0.0000
29000,10,0,3218,902.4059,1220.44,53.13,46.44,9,39.31,17.817,2.871,0.1560,353.039,0.00,0.0000
29000,10,1,2668,1533.3085,1858.96,1358.55,36.75,14,39.41,17.942,2.910,0.2911,643.312,0.00,0.0000
29000,10,2,3559,614.0289,446.74,9787.47,5.30,219,34.01,15.017,4.540,0.5739,836.654,0.00,0.0000
29000,20,0,4222,777.7403,954.18,66.29,33.92,27,36.07,15.901,3.753,0.1349,229.940,0.00,0.0000
29000,20,1,3110,1670.4440,1824.32,1481.94,19.27,27,36.64,16.175,3.538,0.3342,584.302,0.00,0.0000
29000,20,2,1113,163.4012,85.09,1999.54,7.09,28,33.15,14.323,4.656,0.4810,632.199,0.00,0.0000
29000,30,0,6948,1302.9957,1440.00,78.39,18.39,85,32.74,13.556,4.336,0.1657,207.116,0.00,0.0000
29000,30,1,2101,1232.9381,570.82,914.12,28.65,368,35.24,14.741,3.413,0.3856,505.802,0.00,0.0000
29000,30,2,225,122.7401,1.75,252.92,40.81,62,32.75,13.206,3.991,0.5844,587.656,0.00,0.0000
29000,40,0,6800,1034.2849,557.38,55.75,9.68,445,28.14,10.377,5.148,0.1725,135.107,0.00,0.0000
29000,40,1,1126,421.6291,24.04,461.46,34.82,213,31.53,11.827,3.784,0.5568,432.598,0.00,0.0000
29000,40,2,244,73.9141,0.65,299.08,41.91,31,30.92,11.765,4.175,0.7042,541.467,0.00,0.0000
29000,50,0,5157,347.8157,278.84,12.03,-0.09,205,21.27,6.247,6.817,0.1205,51.271,0.00,0.0000
29000,50,1,548,80.7080,36.60,140.22,30.88,33,26.85,8.517,4.476,0.7228,322.490,0.00,0.0000
29000,50,2,11,0.6378,0.00,15.69,32.24,0,27.44,8.300,3.767,0.9345,388.820,0.00,0.0000
29000,60,0,3853,101.2787,176.43,0.42,-4.41,13,14.44,2.432,8.453,0.0691,14.458,0.00,0.0000
29000,60,1,2,2.6203,1.64,0.33,-5.80,0,18.98,3.666,5.922,0.8700,154.238,0.00,0.0000
29000,70,0,4656,28.1009,84.27,0.05,-4.37,0,9.78,0.444,9.101,0.0369,6.943,0.00,0.0000
29000,80,0,3564,2.3368,23.22,0.02,-6.60,0,8.83,0.013,7.954,0.0149,5.074,0.00,0.0000
30000,-60,0,5717,397.2367,347.72,91.49,20.87,36,6.01,0.640,12.836,0.5412,31.387,0.00,0.0000
30000,-60,1,2015,321.2858,250.47,440.48,18.70,54,3.69,0.356,14.232,0.9461,42.853,0.00,0.0000
30000,-60,2,2,0.0014,0.00,2.14,28.27,0,10.68,0.907,9.470,0.9504,63.246,0.00,0.0000
30000,-50,0,7336,708.1165,600.86,80.10,27.50,94,14.95,3.372,8.952,0.4066,60.568,0.00,0.0000
30000,-50,1,1358,337.8010,220.58,400.35,46.50,124,14.36,3.243,9.361,0.7413,100.787,0.00,0.0000
30000,-50,2,4,0.0636,0.01,6.10,31.02,1,14.81,2.169,7.692,0.8988,87.271,0.00,0.0000
30000,-40,0,6427,513.0005,381.28,52.91,37.78,143,23.97,7.791,6.034,0.3550,137.029,0.00,0.0000
30000,-40,1,1651,386.6500,274.39,581.11,55.85,89,22.50,7.279,6.760,0.6033,197.792,0.00,0.0000
30000,-40,2,3,1.0234,0.85,3.39,3.74,1,23.24,6.371,4.997,0.9201,261.936,0.00,0.0000
30000,-30,0,4411,480.6429,367.01,75.19,43.53,141,30.07,11.550,4.637,0.3678,272.578,0.00,0.0000
30000,-30,1,3110,649.1255,478.60,1458.71,56.22,138,29.65,11.513,4.943,0.5794,421.234,0.00,0.0000
30000,-30,2,656,129.4429,88.83,966.63,62.59,64,31.38,12.466,4.421,0.7525,592.824,0.00,0.0000
30000,-20,0,1856,270.2717,212.98,37.52,45.84,60,34.98,14.878,3.728,0.2555,321.713,0.00,0.0000
30000,-20,1,2374,677.4690,587.67,976.52,53.12,59,34.15,14.410,3.937,0.4406,534.415,0.00,0.0000
30000,-20,2,3989,304.2543,155.95,11564.47,59.34,337,33.63,14.233,4.212,0.7467,818.849,0.00,0.0000
30000,-10,0,1851,357.5306,289.79,22.99,57.17,61,38.14,17.092,3.193,0.2525,425.301,0.00,0.0000
30000,-10,1,1996,728.8605,796.73,863.60,49.30,4,37.56,16.644,3.219,0.3543,645.877,0.00,0.0000
30000,-10,2,4377,314.4964,211.25,16252.77,59.95,368,35.37,15.554,3.993,0.7258,1005.849,0.00,0.0000
30000,0,0,1909,617.5969,631.51,31.31,50.91,50,39.08,17.686,2.980,0.2168,421.075,0.00,0.0000
30000,0,1,1708,926.9125,1041.60,836.61,40.36,4,38.50,17.231,2.998,0.3463,700.085,0.00,0.0000
30000,0,2,4750,536.3858,526.50,15589.90,56.68,276,35.54,15.742,4.034,0.6496,924.155,0.00,0.0000
30000,10,0,3228,1050.4733,1235.78,53.48,38.30,127,36.94,16.191,3.361,0.1861,306.215,0.00,0.0000
30000,10,1,2682,1638.9116,1704.77,1372.54,31.79,211,36.24,15.788,3.506,0.3506,568.548,0.00,0.0000
30000,10,2,3535,628.0810,485.38,9762.96,57.24,391,31.71,13.593,5.175,0.6341,676.830,0.00,0.0000
30000,20,0,4228,922.8879,599.71,66.36,36.50,312,30.90,12.553,4.936,0.1771,169.017,0.00,0.0000
30000,20,1,3105,1724.6083,730.11,1483.94,37.87,725,31.11,12.665,4.824,0.4367,426.952,0.00,0.0000
30000,20,2,1112,166.5246,53.29,1998.01,43.92,170,27.85,11.186,6.086,0.5822,450.231,0.00,0.0000
30000,30,0,6950,1096.2319,453.61,78.11,31.26,579,24.52,8.695,6.516,0.2256,126.515,0.00,0.0000
30000,30,1,2089,545.7851,98.14,910.51,25.27,395,27.26,9.859,5.346,0.5319,317.783,0.00,0.0000
30000,30,2,235,15.1396,11.61,266.06,22.99,4,24.23,8.120,6.220,0.7439,308.252,0.00,0.0000
30000,40,0,6795,427.7436,200.81,55.15,22.86,145,17.37,4.817,8.578,0.2300,68.165,0.00,0.0000
30000,40,1,1125,53.7958,31.61,461.99,13.97,32,20.87,5.897,6.722,0.7004,201.736,0.00,0.0000
30000,40,2,250,4.2912,3.42,309.12,16.36,4,21.06,6.176,6.908,0.8534,249.678,0.00,0.0000
30000,50,0,5155,149.4546,76.56,11.81,14.46,33,8.18,1.401,12.260,0.1546,22.081,0.00,0.0000
30000,50,1,550,93.0560,29.67,141.93,8.75,32,14.37,2.622,8.600,0.8345,117.254,0.00,0.0000
30000,50,2,11,0.0157,0.00,15.80,6.41,0,17.49,3.291,6.656,0.9652,155.002,0.00,0.0000
30000,60,0,3853,52.4664,65.39,0.41,0.59,6,-1.36,0.058,17.634,0.0899,5.986,0.00,0.0000
30000,60,1,2,0.6383,0.21,0.33,21.14,0,8.51,0.352,10.182,0.8699,47.937,0.00,0.0000
30000,70,0,4656,5.8839,54.98,0.05,-14.34,1,-9.92,0.000,24.973,0.0581,2.879,0.00,0.0000
30000,80,0,3564,0.0029,14.07,0.02,-25.82,0,-17.67,0.000,32.674,0.0451,2.741,0.00,0.0000
31000,-60,0,5690,843.4652,238.91,90.07,12.03,594,19.85,5.133,6.799,0.4840,107.965,0.00,0.0000
31000,-60,1,2042,401.1863,85.44,453.84,11.71,162,17.76,4.199,7.557,0.8762,160.092,0.00,0.0000
31000,-60,2,2,0.0036,0.00,2.18,-0.78,0,20.33,4.792,5.885,0.9306,211.826,0.00,0.0000
31000,-50,0,7328,828.0671,475.41,79.68,17.09,315,26.61,9.054,5.098,0.3374,161.205,0.00,0.0000
31000,-50,1,1366,299.6347,137.45,407.33,7.17,69,25.73,8.673,5.444,0.6341,277.455,0.00,0.0000
31000,-50,2,4,0.0077,0.00,6.16,0.38,1,23.24,6.264,4.950,0.8487,250.503,0.00,0.0000
31000,-40,0,6428,509.2876,308.77,52.86,20.46,204,33.03,13.151,3.714,0.2739,274.645,0.00,0.0000
31000,-40,1,1649,232.6686,84.76,582.18,13.60,31,31.42,12.342,4.267,0.4658,394.944,0.00,0.0000
31000,-40,2,4,0.7209,0.00,4.47,48.30,0,31.89,11.439,3.039,0.7349,462.287,0.00,0.0000
31000,-30,0,4406,449.9315,243.81,74.46,26.00,98,36.67,15.761,3.163,0.2843,441.661,0.00,0.0000
31000,-30,1,3108,441.5444,191.41,1455.93,19.62,73,35.81,15.379,3.489,0.4382,638.179,0.00,0.0000
31000,-30,2,663,94.9835,41.06,976.78,16.92,20,36.71,15.840,3.200,0.5516,847.257,0.00,0.0000
31000,-20,0,1856,258.8152,187.30,37.08,19.66,25,38.16,16.976,3.010,0.2111,428.081,0.00,0.0000
31000,-20,1,2375,565.8009,214.05,976.16,32.07,7,38.01,16.925,3.128,0.3629,692.938,0.00,0.0000
31000,-20,2,3988,312.8973,128.82,11534.30,20.45,195,37.16,16.480,3.395,0.6235,1067.335,0.00,0.0000
31000,-10,0,1853,318.7594,345.34,22.90,11.40,7,37.97,16.888,3.087,0.2475,482.280,0.00,0.0000
31000,-10,1,1995,842.2256,437.50,860.42,38.02,31,38.35,17.153,3.047,0.3453,702.469,0.00,0.0000
31000,-10,2,4376,315.7458,96.61,16188.49,20.00,328,36.09,15.941,3.752,0.6812,1087.998,0.00,0.0000
31000,0,0,1912,587.3516,455.80,30.97,9.27,46,35.84,15.444,3.469,0.2494,405.198,0.00,0.0000
31000,0,1,1718,957.4461,630.29,847.63,39.06,105,36.41,15.784,3.364,0.3959,645.748,0.00,0.0000
31000,0,2,4737,668.3072,315.19,15558.71,16.93,547,33.17,14.123,4.449,0.7003,838.989,0.00,0.0000
31000,10,0,3225,821.7270,262.46,52.88,5.67,341,30.80,12.265,4.599,0.2438,251.074,0.00,0.0000
31000,10,1,2672,1244.3097,370.47,1361.35,31.87,560,31.22,12.515,4.561,0.4540,445.120,0.00,0.0000
31000,10,2,3548,518.8762,176.99,9783.48,16.02,336,27.06,10.679,6.265,0.7351,511.021,0.00,0.0000
31000,20,0,4233,311.8851,125.05,66.54,-0.49,101,22.29,7.670,7.243,0.2273,107.670,0.00,0.0000
31000,20,1,3084,569.8168,112.71,1473.95,15.93,388,23.39,8.093,6.792,0.5533,264.267,0.00,0.0000
31000,20,2,1128,83.3989,28.14,2016.15,17.93,113,21.43,7.467,7.864,0.7062,285.136,0.00,0.0000
31000,30,0,6952,381.0225,239.58,77.74,1.00,156,14.06,3.671,10.048,0.2795,62.321,0.00,0.0000
31000,30,1,2084,229.7820,158.35,911.17,4.93,125,17.21,4.633,8.409,0.6667,165.109,0.00,0.0000
31000,30,2,238,43.3560,34.91,269.19,-15.98,6,12.26,2.762,10.505,0.8471,133.763,0.00,0.0000
31000,40,0,6797,229.2383,238.91,54.73,-6.08,46,4.99,0.822,14.091,0.2752,28.510,0.00,0.0000
31000,40,1,1125,97.1516,77.33,461.76,-8.27,17,8.34,1.198,11.811,0.7927,79.261,0.00,0.0000
31000,40,2,248,19.6403,16.30,306.02,-17.19,2,8.38,1.314,12.036,0.9355,94.774,0.00,0.0000
31000,50,0,5159,37.1911,68.27,11.95,-16.92,23,-5.79,0.020,21.489,0.1810,8.893,0.00,0.0000
31000,50,1,546,31.9319,22.39,138.80,-18.03,3,0.29,0.046,16.170,0.8917,39.469,0.00,0.0000
31000,50,2,11,0.0040,0.00,15.59,-3.70,0,6.86,0.234,11.218,0.9813,60.524,0.00,0.0000
31000,60,0,3853,2.8850,38.72,0.39,-25.54,0,-16.43,0.000,31.438,0.1030,2.490,0.00,0.0000
31000,60,1,2,0.1420,0.23,0.31,-12.87,0,-2.99,0.000,18.101,0.8854,23.349,0.00,0.0000
31000,70,0,4656,0.0000,33.27,0.04,-30.18,0,-24.91,0.000,39.915,0.0679,1.273,0.00,0.0000
31000,80,0,3564,0.0000,8.52,0.01,-30.76,0,-29.96,0.000,44.956,0.0543,0.827,0.00,0.0000
32000,-60,0,5663,625.0493,431.02,89.26,50.39,30,32.17,11.632,3.224,0.3813,237.372,0.00,0.0000
32000,-60,1,2069,433.8701,231.01,474.11,50.73,107,30.50,10.586,3.611,0.7479,385.817,0.00,0.0000
32000,-60,2,2,0.0000,0.00,2.27,60.56,0,29.59,9.556,3.267,0.9327,459.887,0.00,0.0000
32000,-50,0,7326,713.6336,739.37,79.60,56.67,54,36.84,15.203,2.683,0.2415,274.479,0.00,0.0000
32000,-50,1,1368,393.1802,211.62,413.81,54.10,111,35.11,14.220,3.124,0.4924,504.970,0.00,0.0000
32000,-50,2,4,0.0003,0.00,6.34,64.57,2,31.48,10.821,2.905,0.8580,489.395,0.00,0.0000
32000,-40,0,6434,517.3504,562.00,52.80,58.55,48,40.68,18.175,2.228,0.1873,369.997,0.00,0.0000
32000,-40,1,1645,245.2690,212.86,581.07,52.29,13,38.27,16.758,2.831,0.3308,547.052,0.00,0.0000
32000,-40,2,2,0.0000,0.00,2.47,33.95,2,37.04,14.681,2.082,0.6180,595.867,0.00,0.0000
32000,-30,0,4413,508.5656,505.84,74.40,54.67,44,41.77,19.240,2.246,0.2151,533.505,0.00,0.0000
32000,-30,1,3109,522.2892,490.73,1451.89,49.49,32,40.18,18.341,2.673,0.3158,700.547,0.00,0.0000
32000,-30,2,655,112.7224,92.12,960.88,50.63,20,40.30,18.332,2.567,0.3905,875.907,0.00,0.0000
32000,-20,0,1860,280.5226,331.36,37.05,67.97,4,41.06,18.933,2.524,0.1948,477.788,0.00,0.0000
32000,-20,1,2369,540.9990,537.71,966.35,40.28,11,40.17,18.437,2.745,0.3105,734.857,0.00,0.0000
32000,-20,2,3990,414.0628,285.14,11485.70,43.48,295,39.00,17.784,3.061,0.5641,1153.249,0.00,0.0000
32000,-10,0,1860,507.0858,612.51,23.36,66.27,9,38.11,16.993,3.101,0.2614,467.057,0.00,0.0000
32000,-10,1,1993,822.8361,909.02,861.88,36.15,3,38.04,16.949,3.111,0.3630,691.481,0.00,0.0000
32000,-10,2,4371,232.1777,154.80,16155.06,36.29,336,35.49,15.628,3.919,0.7067,1050.943,0.00,0.0000
32000,0,0,1913,543.8887,576.71,31.03,62.19,7,33.77,14.063,3.927,0.2872,332.502,0.00,0.0000
32000,0,1,1712,584.4456,502.54,844.94,33.33,13,33.81,14.047,3.886,0.4612,553.806,0.00,0.0000
32000,0,2,4742,283.3470,166.72,15591.97,30.56,413,30.22,12.361,5.198,0.7843,699.258,0.00,0.0000
32000,10,0,3223,245.6639,191.68,52.61,53.25,41,26.65,9.678,5.633,0.3013,181.706,0.00,0.0000
32000,10,1,2653,268.1084,139.45,1348.90,29.09,62,26.39,9.582,5.740,0.5511,326.785,0.00,0.0000
32000,10,2,3569,240.2001,95.47,9814.82,9.19,345,21.63,7.828,7.964,0.8365,371.602,0.00,0.0000
32000,20,0,4235,149.2173,124.36,66.30,32.49,24,15.94,4.551,9.436,0.2632,62.796,0.00,0.0000
32000,20,1,3082,329.4450,272.96,1477.45,14.65,42,16.30,4.649,9.200,0.6320,155.327,0.00,0.0000
32000,20,2,1128,100.5860,79.03,2012.96,-7.87,35,14.22,4.215,10.528,0.8103,188.279,0.00,0.0000
32000,30,0,6959,295.4658,316.04,77.30,6.31,55,5.63,1.013,13.961,0.3094,30.832,0.00,0.0000
32000,30,1,2086,320.6259,223.19,916.57,14.48,79,9.15,1.515,11.673,0.7341,84.402,0.00,0.0000
32000,30,2,229,45.4094,39.39,257.62,27.03,1,4.30,0.364,14.204,0.8840,53.928,0.00,0.0000
32000,40,0,6808,179.0455,258.07,54.34,-6.29,30,-4.57,0.022,20.445,0.3008,13.814,0.00,0.0000
32000,40,1,1123,108.4223,118.75,459.00,8.97,6,-0.56,0.032,16.899,0.8332,34.785,0.00,0.0000
32000,40,2,239,29.9973,30.11,291.44,18.24,1,0.08,0.017,16.506,0.9617,36.531,0.00,0.0000
32000,50,0,5170,6.2796,45.70,12.51,-18.69,2,-15.85,0.000,30.853,0.1989,4.812,0.00,0.0000
32000,50,1,535,4.8597,14.80,131.64,0.75,1,-8.96,0.000,23.983,0.9221,17.935,0.00,0.0000
32000,50,2,11,0.0000,0.00,15.06,1.68,0,-0.90,0.000,16.201,0.9972,42.052,0.00,0.0000
32000,60,0,3853,0.0010,23.24,0.38,-28.85,1,-26.00,0.000,41.002,0.1118,1.457,0.00,0.0000
32000,60,1,2,0.0004,0.14,0.30,-13.53,0,-10.79,0.000,25.791,0.9761,25.666,0.00,0.0000
32000,70,0,4656,0.0000,20.15,0.04,-31.64,0,-30.89,0.000,45.894,0.0737,0.756,0.00,0.0000
32000,80,0,3564,0.0000,5.16,0.01,-30.78,0,-30.77,0.000,45.772,0.0584,0.579,0.00,0.0000
33000,-60,0,5629,1331.4172,887.24,87.16,31.25,178,37.84,15.113,1.969,0.3073,328.844,0.00,0.0000
33000,-60,1,2103,1010.9320,456.63,494.38,24.65,201,36.31,14.093,2.252,0.6519,574.642,0.00,0.0000
33000,-60,2,2,0.0027,0.00,2.36,26.06,0,34.27,12.303,2.250,0.9053,657.478,0.00,0.0000
33000,-50,0,7327,1017.5496,966.70,79.23,29.36,92,41.05,17.938,1.844,0.1852,331.701,0.00,0.0000
33000,-50,1,1367,467.9114,358.49,416.83,44.62,13,40.39,17.646,2.116,0.3988,616.646,0.00,0.0000
33000,-50,2,4,0.0287,0.00,6.52,25.57,1,35.49,13.227,2.077,0.8263,660.928,0.00,0.0000
33000,-40,0,6438,712.0581,842.71,52.23,34.69,63,43.70,20.194,1.681,0.1393,383.854,0.00,0.0000
33000,-40,1,1641,434.7073,439.78,574.24,47.55,11,42.30,19.470,2.123,0.2647,596.157,0.00,0.0000
33000,-40,2,2,0.0000,0.00,2.48,11.34,0,38.61,15.798,1.672,0.5081,719.588,0.00,0.0000
33000,-30,0,4433,623.3636,669.83,75.13,38.07,45,43.78,20.567,1.885,0.1714,523.572,0.00,0.0000
33000,-30,1,3107,828.1145,875.95,1447.12,47.07,37,42.62,19.952,2.233,0.2564,676.053,0.00,0.0000
33000,-30,2,637,117.6591,98.70,926.74,50.27,27,42.70,19.922,2.161,0.2981,789.274,0.00,0.0000
33000,-20,0,1872,407.4722,510.23,37.74,27.47,0,41.67,19.265,2.356,0.1875,497.200,0.00,0.0000
33000,-20,1,2376,900.8962,963.87,973.50,41.16,19,41.29,19.154,2.527,0.2855,718.118,0.00,0.0000
33000,-20,2,3971,624.0668,510.20,11411.00,49.53,198,40.38,18.604,2.782,0.5389,1146.314,0.00,0.0000
33000,-10,0,1861,648.5152,879.17,23.22,29.84,9,37.92,16.751,3.084,0.2659,447.428,0.00,0.0000
33000,-10,1,1997,1240.7478,1298.55,864.80,31.36,11,37.69,16.713,3.168,0.3751,665.769,0.00,0.0000
33000,-10,2,4366,381.4005,299.51,16175.74,46.69,270,35.81,15.691,3.801,0.7424,1015.413,0.00,0.0000
33000,0,0,1914,717.3679,864.61,31.10,21.66,5,32.25,12.966,4.181,0.2989,289.676,0.00,0.0000
33000,0,1,1700,824.5148,606.49,838.46,23.74,30,32.17,13.023,4.239,0.4973,499.572,0.00,0.0000
33000,0,2,4753,355.6901,121.33,15671.74,38.66,337,29.36,11.668,5.326,0.8374,624.007,0.00,0.0000
33000,10,0,3221,471.4438,468.07,52.38,11.98,38,23.82,7.989,6.309,0.3368,156.089,0.00,0.0000
33000,10,1,2617,470.0252,375.15,1321.09,17.47,104,23.74,8.101,6.488,0.5980,270.854,0.00,0.0000
33000,10,2,3607,207.6499,115.17,9885.06,38.45,222,20.29,6.932,8.296,0.8840,298.376,0.00,0.0000
33000,20,0,4244,236.2979,209.47,66.63,7.27,35,12.62,3.052,10.595,0.2812,47.153,0.00,0.0000
33000,20,1,3067,601.2270,487.00,1471.56,19.10,84,13.39,3.292,10.233,0.6606,112.603,0.00,0.0000
33000,20,2,1134,127.7477,62.12,2018.80,33.71,70,12.06,3.096,11.250,0.8602,143.087,0.00,0.0000
33000,30,0,6973,342.0549,352.75,77.28,5.32,46,2.04,0.337,15.834,0.3219,20.434,0.00,0.0000
33000,30,1,2082,370.0459,354.36,915.71,6.64,32,5.39,0.564,13.490,0.7521,58.912,0.00,0.0000
33000,30,2,219,47.8395,61.44,242.58,-9.15,0,-0.08,0.029,16.760,0.8916,35.223,0.00,0.0000
33000,40,0,6827,101.5162,202.55,54.26,-4.73,35,-8.48,0.000,23.710,0.3138,9.380,0.00,0.0000
33000,40,1,1117,77.6087,123.77,453.54,-8.67,5,-4.96,0.000,20.330,0.8461,24.207,0.00,0.0000
33000,40,2,226,25.2369,35.20,269.58,-12.58,0,-4.33,0.000,19.687,0.9666,24.503,0.00,0.0000
33000,50,0,5178,0.1011,26.68,12.68,-16.70,2,-19.79,0.000,34.786,0.2079,3.453,0.00,0.0000
33000,50,1,527,0.0791,7.89,124.49,-17.55,0,-13.36,0.000,28.363,0.9339,13.786,0.00,0.0000
33000,50,2,11,0.0000,0.00,14.39,-5.54,0,-4.77,0.000,19.773,0.9999,39.566,0.00,0.0000
33000,60,0,3853,0.0000,14.06,0.36,-28.44,1,-29.45,0.000,44.455,0.1174,1.065,0.00,0.0000
33000,60,1,2,0.0000,0.08,0.28,-13.28,0,-13.92,0.000,28.917,1.0000,26.245,0.00,0.0000
33000,70,0,4656,0.0000,12.21,0.04,-31.77,0,-31.77,0.000,46.767,0.0777,0.599,0.00,0.0000
33000,80,0,3564,0.0000,3.13,0.01,-30.80,0,-30.79,0.000,45.791,0.0617,0.505,0.00,0.0000
34000,-60,0,5592,1516.5301,467.62,84.96,28.09,586,34.84,13.207,2.537,0.3311,298.004,0.00,0.0000
34000,-60,1,2140,795.5313,169.61,516.75,26.39,395,33.28,12.218,2.856,0.7090,523.896,0.00,0.0000
34000,-60,2,2,0.0431,0.00,2.45,11.57,0,31.78,10.931,2.706,0.9244,619.093,0.00,0.0000
34000,-50,0,7338,1248.0181,851.32,80.05,37.22,214,38.74,16.387,2.232,0.2013,307.445,0.00,0.0000
34000,-50,1,1356,583.9018,266.00,419.27,4.62,160,37.07,15.471,2.644,0.4398,612.347,0.00,0.0000
34000,-50,2,4,0.0074,0.00,6.69,14.29,0,33.30,11.955,2.416,0.8462,631.013,0.00,0.0000
34000,-40,0,6442,902.4137,1050.69,51.75,38.82,20,41.88,18.927,1.944,0.1406,344.297,0.00,0.0000
34000,-40,1,1637,704.3391,477.35,568.80,9.51,37,39.64,17.641,2.497,0.3013,629.673,0.00,0.0000
34000,-40,2,2,0.0000,0.00,2.49,73.99,0,39.23,16.093,1.657,0.5108,615.539,0.00,0.0000
34000,-30,0,4456,670.2582,681.40,75.98,36.59,36,42.48,19.667,2.060,0.1627,468.815,0.00,0.0000
34000,-30,1,3104,1056.7594,1057.28,1443.17,21.50,91,40.87,18.734,2.476,0.2593,655.440,0.00,0.0000
34000,-30,2,617,106.3152,97.24,890.22,13.91,20,40.83,18.627,2.390,0.3012,779.299,0.00,0.0000
34000,-20,0,1881,513.8156,330.93,38.09,31.95,146,40.80,18.774,2.514,0.1885,491.049,0.00,0.0000
34000,-20,1,2386,1145.8510,1174.52,979.57,33.29,137,40.52,18.593,2.622,0.2841,709.623,0.00,0.0000
34000,-20,2,3952,772.9642,634.22,11323.75,19.25,283,39.13,17.774,2.952,0.5430,1150.137,0.00,0.0000
34000,-10,0,1865,682.3767,384.37,23.35,16.43,260,37.14,16.382,3.241,0.2614,466.534,0.00,0.0000
34000,-10,1,1998,1309.1834,1032.98,867.22,38.64,169,37.80,16.741,3.117,0.3661,672.208,0.00,0.0000
34000,-10,2,4361,527.1650,422.43,16179.74,16.00,408,35.11,15.288,3.911,0.7572,1086.839,0.00,0.0000
34000,0,0,1914,648.5556,234.66,31.02,18.06,292,32.16,13.106,4.267,0.2855,304.255,0.00,0.0000
34000,0,1,1683,735.3623,271.35,826.79,36.17,296,32.98,13.540,4.072,0.4835,519.513,0.00,0.0000
34000,0,2,4770,359.5170,175.03,15734.86,13.43,452,29.28,11.718,5.354,0.8438,690.086,0.00,0.0000
34000,10,0,3221,474.6604,161.42,52.45,19.56,143,24.49,8.558,6.274,0.3468,179.425,0.00,0.0000
34000,10,1,2586,519.9804,125.03,1302.08,25.43,330,24.94,8.836,6.199,0.5954,296.686,0.00,0.0000
34000,10,2,3638,274.4413,124.50,9935.14,1.41,330,20.64,7.219,8.186,0.8893,342.420,0.00,0.0000
34000,20,0,4249,275.8324,165.87,66.63,6.55,142,13.58,3.627,10.400,0.2839,54.245,0.00,0.0000
34000,20,1,3052,527.5023,201.86,1463.30,3.68,247,14.49,3.893,9.916,0.6573,127.054,0.00,0.0000
34000,20,2,1144,121.3051,60.37,2029.98,1.70,112,13.09,3.597,10.828,0.8742,163.075,0.00,0.0000
34000,30,0,6988,429.4094,354.23,77.57,-3.98,215,3.39,0.593,15.199,0.3241,23.354,0.00,0.0000
34000,30,1,2082,458.1119,263.15,921.89,1.77,211,6.79,0.936,12.878,0.7490,65.471,0.00,0.0000
34000,30,2,204,71.6171,43.76,223.74,-1.20,40,1.23,0.089,16.103,0.8845,40.970,0.00,0.0000
34000,40,0,6848,153.8609,224.40,54.66,-13.64,51,-6.93,0.001,22.387,0.3196,10.181,0.00,0.0000
34000,40,1,1112,128.4594,166.97,453.67,-2.69,29,-3.34,0.002,19.052,0.8465,26.123,0.00,0.0000
34000,40,2,210,43.7546,45.63,246.76,-1.39,19,-2.69,0.000,18.517,0.9597,28.303,0.00,0.0000
34000,50,0,5187,1.1062,17.31,12.97,-23.35,3,-18.21,0.000,33.210,0.2129,3.369,0.00,0.0000
34000,50,1,518,0.5810,4.94,117.73,-11.84,0,-11.79,0.000,26.791,0.9368,13.952,0.00,0.0000
34000,50,2,11,0.0001,0.00,13.81,0.16,0,-3.58,0.000,18.605,0.9998,35.373,0.00,0.0000
34000,60,0,3853,0.0000,8.19,0.34,-29.01,1,-28.07,0.000,43.067,0.1205,0.916,0.00,0.0000
34000,60,1,2,0.0000,0.05,0.27,-17.92,0,-13.22,0.000,28.219,1.0000,22.487,0.00,0.0000
34000,70,0,4656,0.0000,7.40,0.04,-31.16,0,-31.52,0.000,46.519,0.0810,0.531,0.00,0.0000
34000,80,0,3564,0.0000,1.89,0.01,-30.82,0,-30.81,0.000,45.808,0.0646,0.462,0.00,0.0000
35000,-60,0,5566,760.5256,413.10,83.80,30.04,479,25.67,7.861,4.864,0.4164,166.782,0.00,0.0000
35000,-60,1,2166,532.0368,275.87,538.04,30.02,209,23.80,6.851,5.402,0.8510,271.460,0.00,0.0000
35000,-60,2,2,0.0010,0.00,2.53,46.21,0,26.35,7.521,3.983,0.9561,338.751,0.00,0.0000
35000,-50,0,7333,1257.2276,1018.93,79.79,36.78,442,31.62,11.819,3.764,0.2718,207.905,0.00,0.0000
35000,-50,1,1361,453.8119,153.03,427.80,57.86,297,30.61,11.394,4.166,0.5735,388.562,0.00,0.0000
35000,-50,2,4,0.0631,0.00,6.86,49.31,2,28.89,9.025,3.359,0.9136,389.704,0.00,0.0000
35000,-40,0,6443,1052.9127,1040.05,51.09,45.73,128,36.99,15.606,2.880,0.1857,265.424,0.00,0.0000
35000,-40,1,1636,676.1438,167.77,570.74,63.87,173,35.19,14.700,3.460,0.4145,494.224,0.00,0.0000
35000,-40,2,2,0.0000,0.00,2.47,9.95,0,33.77,12.334,2.444,0.4399,369.535,0.00,0.0000
35000,-30,0,4465,824.1324,927.15,75.64,50.37,31,39.46,17.597,2.642,0.1926,389.665,0.00,0.0000
35000,-30,1,3105,935.3191,644.57,1439.53,60.06,36,38.35,17.058,3.022,0.3074,547.768,0.00,0.0000
35000,-30,2,607,114.5731,92.47,870.13,67.60,7,39.04,17.464,2.839,0.3620,681.832,0.00,0.0000
35000,-20,0,1884,357.2177,418.59,37.86,58.56,0,40.34,18.439,2.672,0.2033,455.383,0.00,0.0000
35000,-20,1,2407,888.6166,857.42,993.77,53.96,3,39.35,17.826,2.876,0.3070,661.065,0.00,0.0000
35000,-20,2,3928,747.0827,789.62,11273.82,60.05,184,38.47,17.407,3.198,0.5690,1040.684,0.00,0.0000
35000,-10,0,1875,210.1323,198.59,24.08,69.12,5,39.10,17.702,2.977,0.2501,465.004,0.00,0.0000
35000,-10,1,1990,724.9086,620.49,864.13,49.78,1,38.51,17.240,3.009,0.3501,700.386,0.00,0.0000
35000,-10,2,4359,505.2857,544.09,16207.90,57.93,301,36.27,16.129,3.789,0.7352,1108.375,0.00,0.0000
35000,0,0,1913,166.6851,171.20,30.77,61.86,1,35.97,15.549,3.546,0.2514,340.253,0.00,0.0000
35000,0,1,1669,217.7565,140.65,813.90,42.33,13,35.45,15.153,3.560,0.4344,616.558,0.00,0.0000
35000,0,2,4785,320.3490,190.36,15819.63,53.07,326,32.32,13.654,4.726,0.7942,822.097,0.00,0.0000
35000,10,0,3221,257.6500,227.18,52.52,46.74,61,29.85,11.647,4.901,0.3251,247.335,0.00,0.0000
35000,10,1,2558,250.6794,129.35,1286.51,34.56,131,29.22,11.327,5.068,0.5501,417.483,0.00,0.0000
35000,10,2,3666,235.5569,104.13,10027.55,46.03,350,24.95,9.594,6.945,0.8513,474.916,0.00,0.0000
35000,20,0,4250,263.9218,175.41,66.57,39.62,98,20.16,6.566,8.018,0.2687,85.263,0.00,0.0000
35000,20,1,3034,397.4449,175.13,1458.15,34.17,286,20.38,6.640,7.852,0.6221,204.349,0.00,0.0000
35000,20,2,1161,124.7527,44.39,2062.89,28.14,151,18.21,5.991,9.024,0.8505,252.755,0.00,0.0000
35000,30,0,6991,493.2331,346.19,77.36,26.89,336,10.59,2.433,11.621,0.3147,42.808,0.00,0.0000
35000,30,1,2080,359.3917,171.37,926.14,23.61,209,13.82,3.217,9.763,0.7200,110.418,0.00,0.0000
35000,30,2,203,20.5422,4.66,222.44,26.63,3,9.43,1.592,11.700,0.8546,75.300,0.00,0.0000
35000,40,0,6849,349.4481,263.50,54.00,16.66,233,0.87,0.292,16.615,0.3166,18.273,0.00,0.0000
35000,40,1,1116,200.9089,73.68,454.58,14.01,87,4.67,0.444,13.708,0.8297,46.017,0.00,0.0000
35000,40,2,205,45.6509,13.19,240.11,18.81,20,5.55,0.543,13.352,0.9366,52.834,0.00,0.0000
35000,50,0,5189,14.1191,16.69,12.81,6.29,15,-10.24,0.000,25.442,0.2135,5.076,0.00,0.0000
35000,50,1,516,12.0841,12.49,114.09,8.22,5,-3.58,0.000,19.081,0.9294,21.193,0.00,0.0000
35000,50,2,11,0.0005,0.00,13.53,2.52,0,2.53,0.003,13.887,0.9953,38.836,0.00,0.0000
35000,60,0,3853,0.1679,4.85,0.32,-7.88,0,-20.90,0.000,35.901,0.1216,1.028,0.00,0.0000
35000,60,1,2,0.0137,0.04,0.26,13.37,0,-7.55,0.000,22.550,0.9995,17.304,0.00,0.0000
35000,70,0,4656,0.0000,4.48,0.04,-21.37,0,-28.31,0.000,43.312,0.0834,0.460,0.00,0.0000
35000,80,0,3564,0.0000,1.15,0.01,-29.90,0,-30.74,0.000,45.743,0.0672,0.435,0.00,0.0000
36000,-60,0,5558,440.3997,274.42,83.01,-7.34,74,11.27,1.794,10.132,0.4916,63.255,0.00,0.0000
36000,-60,1,2174,509.0710,278.35,543.04,-8.89,137,8.96,1.184,11.278,0.9401,91.737,0.00,0.0000
36000,-60,2,2,0.0000,0.00,2.54,-3.94,0,15.46,2.315,7.152,0.9775,132.740,0.00,0.0000
36000,-50,0,7325,861.6348,299.49,78.91,-1.53,468,19.34,5.262,7.280,0.3543,102.359,0.00,0.0000
36000,-50,1,1368,227.4576,133.26,431.88,-0.19,90,18.64,4.954,7.579,0.7069,180.912,0.00,0.0000
36000,-50,2,5,0.0000,0.00,7.90,-2.06,0,18.79,3.760,6.032,0.9500,176.293,0.00,0.0000
36000,-40,0,6443,824.2290,321.14,50.86,6.05,376,27.40,9.700,5.020,0.2681,173.667,0.00,0.0000
36000,-40,1,1636,242.7074,120.41,574.41,7.78,77,25.96,9.028,5.602,0.5570,303.578,0.00,0.0000
36000,-40,2,2,0.0000,0.00,2.43,30.81,0,26.30,7.772,4.024,0.4264,176.288,0.00,0.0000
36000,-30,0,4470,817.5319,369.45,75.35,16.01,371,32.62,13.093,3.969,0.2675,296.459,0.00,0.0000
36000,-30,1,3104,844.0957,552.86,1437.04,14.70,224,32.12,12.961,4.256,0.4074,419.141,0.00,0.0000
36000,-30,2,603,101.8997,41.01,860.99,15.60,61,33.54,13.724,3.814,0.4791,547.600,0.00,0.0000
36000,-20,0,1886,438.7068,344.74,37.75,15.44,42,35.94,15.425,3.406,0.2527,412.623,0.00,0.0000
36000,-20,1,2424,975.7272,664.82,1007.96,24.98,147,35.81,15.459,3.564,0.3751,583.054,0.00,0.0000
36000,-20,2,3909,795.8917,424.88,11251.84,20.47,603,35.12,15.124,3.810,0.6517,899.924,0.00,0.0000
36000,-10,0,1881,282.9043,252.68,24.42,14.92,6,37.73,16.693,3.122,0.2587,485.116,0.00,0.0000
36000,-10,1,1991,757.7911,464.41,867.02,32.69,29,37.98,16.936,3.145,0.3620,710.381,0.00,0.0000
36000,-10,2,4352,541.6414,411.05,16189.95,24.35,545,35.82,15.785,3.831,0.7244,1087.168,0.00,0.0000
36000,0,0,1915,226.8239,266.03,30.69,14.56,10,37.41,16.473,3.166,0.2251,417.256,0.00,0.0000
36000,0,1,1666,315.6138,172.24,811.92,38.61,8,37.73,16.728,3.151,0.3887,726.161,0.00,0.0000
36000,0,2,4786,469.0782,407.43,15827.22,25.25,467,34.79,15.204,4.139,0.7165,984.561,0.00,0.0000
36000,10,0,3220,372.8183,375.66,52.35,12.86,32,34.09,14.341,3.873,0.2785,373.927,0.00,0.0000
36000,10,1,2534,403.9830,257.88,1269.67,38.36,101,34.23,14.482,3.928,0.4745,612.251,0.00,0.0000
36000,10,2,3691,278.7783,174.39,10103.04,31.80,316,30.50,12.774,5.435,0.7543,683.996,0.00,0.0000
36000,20,0,4256,267.6981,198.20,67.15,11.30,60,27.17,10.402,5.866,0.2322,156.073,0.00,0.0000
36000,20,1,3010,408.8071,221.55,1452.54,32.18,163,28.15,10.855,5.546,0.5418,371.732,0.00,0.0000
36000,20,2,1179,83.4546,33.22,2104.81,37.27,125,26.23,10.148,6.504,0.7579,427.466,0.00,0.0000
36000,30,0,6990,425.7592,283.60,77.48,18.84,164,20.36,6.586,7.836,0.2863,97.712,0.00,0.0000
36000,30,1,2075,266.0044,166.49,929.12,21.81,124,23.13,7.638,6.538,0.6409,238.818,0.00,0.0000
36000,30,2,209,41.5289,19.50,230.13,-4.43,26,18.83,5.625,8.029,0.7832,203.757,0.00,0.0000
36000,40,0,6846,387.0509,238.18,53.86,14.88,156,12.42,2.897,10.593,0.2985,47.117,0.00,0.0000
36000,40,1,1113,232.4474,182.19,452.53,5.63,65,15.41,3.649,8.832,0.7754,126.004,0.00,0.0000
36000,40,2,211,33.9374,25.59,247.80,-5.75,5,15.52,3.915,9.020,0.8766,155.636,0.00,0.0000
36000,50,0,5189,41.0685,32.68,12.82,4.65,16,2.49,0.468,15.534,0.2068,12.915,0.00,0.0000
36000,50,1,516,85.2070,69.30,114.33,-5.49,12,8.03,0.953,11.703,0.8988,65.659,0.00,0.0000
36000,50,2,11,0.0064,0.01,13.54,11.48,0,11.89,1.460,9.152,0.9676,87.884,0.00,0.0000
36000,60,0,3853,10.1337,11.52,0.32,-4.96,0,-7.75,0.001,23.041,0.1194,2.213,0.00,0.0000
36000,60,1,2,0.3289,0.31,0.25,-0.39,0,2.21,0.000,14.145,0.9863,29.264,0.00,0.0000
36000,70,0,4656,0.2909,2.99,0.03,-13.47,0,-16.79,0.000,31.792,0.0839,0.533,0.00,0.0000
36000,80,0,3564,0.0000,0.70,0.01,-19.53,0,-24.85,0.000,39.853,0.0692,0.322,0.00,0.0000
37000,-60,0,5591,220.2301,307.69,84.04,-3.95,9,-2.22,0.017,18.176,0.5325,19.190,0.00,0.0000
37000,-60,1,2141,154.3065,172.06,524.06,-7.40,6,-4.68,0.004,20.202,0.9679,24.199,0.00,0.0000
37000,-60,2,2,0.0000,0.00,2.50,9.80,0,5.34,0.076,11.968,0.9873,44.320,0.00,0.0000
37000,-50,0,7333,354.3769,353.75,78.66,9.34,21,7.48,1.008,12.249,0.4075,38.221,0.00,0.0000
37000,-50,1,1361,225.3061,176.54,429.25,-0.80,18,6.23,0.877,13.125,0.7786,64.679,0.00,0.0000
37000,-50,2,4,0.0000,0.00,6.82,17.39,0,9.98,0.644,9.403,0.9521,65.670,0.00,0.0000
37000,-40,0,6443,296.1956,185.05,50.60,20.82,76,17.59,4.608,8.060,0.3448,87.191,0.00,0.0000
37000,-40,1,1636,247.8722,90.74,576.08,6.63,105,15.53,4.045,9.158,0.6642,142.806,0.00,0.0000
37000,-40,2,2,0.0000,0.00,2.39,17.57,1,18.93,3.769,5.931,0.5141,112.336,0.00,0.0000
37000,-30,0,4468,350.4901,164.56,74.77,26.36,168,24.92,8.542,5.947,0.3539,181.612,0.00,0.0000
37000,-30,1,3108,635.5667,121.59,1442.52,18.18,447,24.36,8.517,6.336,0.5331,268.620,0.00,0.0000
37000,-30,2,601,64.5832,17.77,861.98,19.03,76,26.31,9.490,5.655,0.6671,386.297,0.00,0.0000
37000,-20,0,1883,402.5614,158.43,37.39,44.28,239,31.18,12.433,4.521,0.3209,304.062,0.00,0.0000
37000,-20,1,2429,783.1047,157.94,1013.26,21.99,337,30.58,12.216,4.753,0.4785,442.545,0.00,0.0000
37000,-20,2,3907,388.2878,147.04,11288.07,22.29,340,29.74,11.836,5.080,0.7762,658.209,0.00,0.0000
37000,-10,0,1886,418.5732,248.54,24.71,48.80,122,35.67,15.431,3.621,0.2946,437.777,0.00,0.0000
37000,-10,1,1993,679.9978,180.76,873.88,28.47,234,35.98,15.653,3.552,0.4127,646.480,0.00,0.0000
37000,-10,2,4345,272.8420,78.94,16182.81,24.51,297,33.13,14.137,4.447,0.7694,932.458,0.00,0.0000
37000,0,0,1920,350.5373,320.82,30.90,59.22,100,38.59,17.357,3.025,0.2229,447.195,0.00,0.0000
37000,0,1,1661,305.8255,79.07,809.68,36.17,116,38.80,17.479,2.971,0.3726,766.295,0.00,0.0000
37000,0,2,4786,461.6918,211.96,15803.83,29.02,341,35.22,15.581,4.080,0.6797,1028.989,0.00,0.0000
37000,10,0,3222,493.2042,537.54,52.22,67.70,17,38.66,17.374,3.017,0.2278,448.753,0.00,0.0000
37000,10,1,2538,560.4689,510.00,1275.32,41.85,54,38.36,17.221,3.120,0.3952,759.036,0.00,0.0000
37000,10,2,3685,277.7706,167.69,10099.38,12.53,253,33.17,14.554,4.785,0.6552,872.411,0.00,0.0000
37000,20,0,4255,322.9611,263.89,66.84,54.59,27,34.26,14.753,4.186,0.1854,241.806,0.00,0.0000
37000,20,1,3009,483.0677,368.62,1451.98,30.07,117,34.52,14.855,4.052,0.4240,572.745,0.00,0.0000
37000,20,2,1181,73.8038,37.81,2115.67,5.12,85,31.36,13.335,5.166,0.6132,651.219,0.00,0.0000
37000,30,0,6988,569.8106,475.06,77.33,31.97,93,29.68,11.758,5.160,0.2344,203.118,0.00,0.0000
37000,30,1,2062,366.1741,203.31,920.63,43.53,108,32.34,12.944,4.097,0.4817,432.183,0.00,0.0000
37000,30,2,224,56.9146,4.46,248.42,68.38,39,29.82,11.396,4.744,0.6520,439.000,0.00,0.0000
37000,40,0,6842,462.4252,268.17,53.89,23.75,198,24.05,8.207,6.417,0.2490,119.421,0.00,0.0000
37000,40,1,1103,283.6780,91.65,447.92,54.89,141,27.66,9.601,4.810,0.6467,308.061,0.00,0.0000
37000,40,2,225,40.5943,5.07,266.70,66.79,13,27.47,9.736,5.108,0.7608,378.382,0.00,0.0000
37000,50,0,5186,118.6002,97.87,12.77,15.10,38,16.21,4.103,8.791,0.1811,39.870,0.00,0.0000
37000,50,1,519,73.7639,13.42,117.88,54.96,15,22.17,6.096,5.909,0.8116,204.072,0.00,0.0000
37000,50,2,11,0.0016,0.00,13.84,41.56,3,22.82,6.035,5.237,0.9389,249.460,0.00,0.0000
37000,60,0,3853,79.5963,72.55,0.32,10.43,1,8.24,0.944,11.559,0.1079,8.010,0.00,0.0000
37000,60,1,2,1.5691,1.49,0.26,11.28,0,13.43,1.698,8.281,0.9465,96.590,0.00,0.0000
37000,70,0,4656,17.5075,17.17,0.03,12.29,0,1.72,0.045,14.644,0.0775,1.360,0.00,0.0000
37000,80,0,3564,0.3895,0.79,0.01,13.30,0,-2.14,0.000,17.316,0.0659,0.118,0.00,0.0000
38000,-60,0,5654,21.4297,193.26,86.22,-14.56,0,-11.85,0.000,26.850,0.5528,7.506,0.00,0.0000
38000,-60,1,2078,6.7688,96.16,492.95,-18.36,1,-14.33,0.000,29.331,0.9765,8.108,0.00,0.0000
38000,-60,2,2,0.0000,0.00,2.40,-4.80,0,-1.89,0.000,17.010,0.9984,25.593,0.00,0.0000
38000,-50,0,7343,235.1457,320.38,77.21,-5.93,7,-1.73,0.019,17.798,0.4319,16.682,0.00,0.0000
38000,-50,1,1351,141.4166,150.37,417.26,0.53,22,-2.14,0.015,18.180,0.8034,26.395,0.00,0.0000
38000,-50,2,4,0.0000,0.00,6.63,-0.22,0,3.24,0.004,12.974,0.9633,38.563,0.00,0.0000
38000,-40,0,6449,265.7901,267.36,50.60,7.02,63,9.58,1.454,11.173,0.3880,45.149,0.00,0.0000
38000,-40,1,1630,199.3028,162.75,572.70,14.31,19,8.35,1.256,12.043,0.7090,67.969,0.00,0.0000
38000,-40,2,2,0.0000,0.00,2.36,-7.68,0,11.36,0.954,8.816,0.8341,127.137,0.00,0.0000
38000,-30,0,4466,296.7963,245.81,74.20,17.45,63,18.41,5.062,7.849,0.4121,107.527,0.00,0.0000
38000,-30,1,3099,281.3370,191.08,1437.20,26.29,114,18.60,5.318,8.020,0.6267,165.424,0.00,0.0000
38000,-30,2,612,63.6691,43.92,880.08,32.56,28,21.30,6.496,6.984,0.8135,255.473,0.00,0.0000
38000,-20,0,1883,165.9259,133.07,37.38,19.25,48,26.61,9.560,5.556,0.3683,209.367,0.00,0.0000
38000,-20,1,2426,347.7074,205.00,1017.87,30.74,115,26.11,9.389,5.806,0.5584,308.538,0.00,0.0000
38000,-20,2,3910,377.1836,199.91,11350.31,39.11,402,25.84,9.351,6.017,0.8691,445.473,0.00,0.0000
38000,-10,0,1885,372.1417,407.91,24.58,33.56,45,33.79,14.070,3.963,0.3267,359.423,0.00,0.0000
38000,-10,1,1990,462.8113,337.94,873.92,32.84,113,33.47,13.898,4.019,0.4659,541.272,0.00,0.0000
38000,-10,2,4349,303.3163,227.32,16232.89,47.93,429,31.32,12.827,4.806,0.8288,738.116,0.00,0.0000
38000,0,0,1920,349.1467,424.99,30.65,35.26,8,38.85,17.409,2.939,0.2285,431.658,0.00,0.0000
38000,0,1,1666,273.1495,257.53,813.32,32.32,40,38.36,17.122,3.007,0.3808,736.878,0.00,0.0000
38000,0,2,4781,598.6000,550.23,15806.12,52.49,367,35.71,15.737,3.924,0.6819,956.359,0.00,0.0000
38000,10,0,3238,632.8177,825.96,53.19,32.74,7,41.03,18.890,2.535,0.1882,457.460,0.00,0.0000
38000,10,1,2542,933.7808,1037.50,1285.71,32.99,23,40.33,18.520,2.712,0.3381,795.469,0.00,0.0000
38000,10,2,3665,433.0086,402.26,10080.39,65.26,118,36.11,16.301,4.103,0.5942,898.244,0.00,0.0000
38000,20,0,4258,483.9778,530.72,66.64,40.26,19,39.28,17.914,3.085,0.1455,292.295,0.00,0.0000
38000,20,1,3017,706.9945,732.22,1451.04,52.01,32,39.59,18.123,2.993,0.3208,659.589,0.00,0.0000
38000,20,2,1170,92.8336,78.63,2104.81,67.95,25,36.04,16.152,4.028,0.4974,741.777,0.00,0.0000
38000,30,0,7001,853.9908,889.35,77.98,50.34,15,37.24,16.369,3.356,0.1741,287.928,0.00,0.0000
38000,30,1,2048,456.7001,442.01,913.22,43.64,17,39.25,17.383,2.655,0.3248,561.148,0.00,0.0000
38000,30,2,225,28.8320,26.43,250.54,30.78,0,37.76,16.316,2.923,0.4983,704.663,0.00,0.0000
38000,40,0,6839,491.0702,451.81,53.52,50.95,49,34.01,13.836,3.716,0.1757,193.265,0.00,0.0000
38000,40,1,1104,225.9088,185.64,451.68,32.45,34,36.85,15.170,2.659,0.4792,542.631,0.00,0.0000
38000,40,2,227,39.3510,35.20,272.27,27.37,4,36.25,15.003,2.982,0.6072,680.952,0.00,0.0000
38000,50,0,5182,168.7760,136.56,12.59,50.66,9,28.64,10.008,4.574,0.1323,77.230,0.00,0.0000
38000,50,1,523,90.8145,71.57,121.95,28.35,9,33.51,12.367,2.871,0.6605,449.155,0.00,0.0000
38000,50,2,11,0.0003,0.00,14.31,27.57,0,31.23,10.680,3.040,0.9042,530.155,0.00,0.0000
38000,60,0,3853,142.9191,155.11,0.33,43.95,1,23.38,5.949,5.041,0.0796,18.934,0.00,0.0000
38000,60,1,2,3.4848,3.63,0.27,50.36,0,24.73,6.359,4.298,0.9088,219.018,0.00,0.0000
38000,70,0,4656,87.5337,81.64,0.03,35.24,0,21.72,2.903,3.450,0.0522,3.136,0.00,0.0000
38000,80,0,3564,23.1207,20.46,0.01,33.20,0,23.19,1.103,0.854,0.0428,0.021,0.00,0.0000
39000,-60,0,5702,0.0879,118.80,86.69,-18.25,0,-15.97,0.000,30.969,0.5610,4.875,0.00,0.0000
39000,-60,1,2030,0.0038,55.39,464.24,-19.41,2,-18.41,0.000,33.408,0.9791,4.904,0.00,0.0000
39000,-60,2,2,0.0000,0.00,2.29,-15.31,0,-5.68,0.000,20.681,0.9998,23.241,0.00,0.0000
39000,-50,0,7367,140.3399,265.81,76.51,-7.96,21,-5.92,0.000,21.224,0.4419,11.369,0.00,0.0000
39000,-50,1,1327,66.7996,109.34,399.48,-19.42,13,-6.67,0.000,21.932,0.8106,18.479,0.00,0.0000
39000,-50,2,4,0.0000,0.00,6.40,-12.39,0,-0.51,0.000,15.819,0.9814,35.173,0.00,0.0000
39000,-40,0,6460,322.6280,333.58,50.85,1.31,97,5.58,0.566,13.233,0.4059,33.071,0.00,0.0000
39000,-40,1,1619,307.7361,271.22,564.32,-10.88,76,4.01,0.433,14.373,0.7192,49.436,0.00,0.0000
39000,-40,2,2,0.0000,0.00,2.34,32.88,0,8.91,0.253,9.835,0.9996,120.134,0.00,0.0000
39000,-30,0,4468,438.0400,193.24,73.91,8.98,250,14.88,3.555,9.168,0.4396,83.268,0.00,0.0000
39000,-30,1,3088,443.9205,254.16,1430.07,1.75,195,14.89,3.758,9.379,0.6779,134.464,0.00,0.0000
39000,-30,2,621,64.3882,27.87,894.70,-1.99,47,17.60,4.784,8.179,0.8869,217.365,0.00,0.0000
39000,-20,0,1884,259.6036,102.48,37.44,10.52,130,23.52,7.944,6.442,0.3795,169.711,0.00,0.0000
39000,-20,1,2408,499.2150,132.86,1007.51,20.01,270,23.32,7.835,6.552,0.5860,250.414,0.00,0.0000
39000,-20,2,3927,304.0300,128.66,11390.09,5.88,398,22.78,7.690,6.846,0.9107,375.754,0.00,0.0000
39000,-10,0,1887,480.2805,374.93,24.71,5.87,165,31.16,12.482,4.487,0.3389,329.694,0.00,0.0000
39000,-10,1,1976,664.7998,199.45,866.53,35.17,131,31.78,12.762,4.321,0.4819,472.960,0.00,0.0000
39000,-10,2,4361,358.3366,88.06,16260.89,10.78,580,29.08,11.442,5.263,0.8694,678.828,0.00,0.0000
39000,0,0,1921,444.5769,559.82,30.49,13.10,33,37.22,16.348,3.166,0.2342,427.432,0.00,0.0000
39000,0,1,1665,506.8938,299.16,812.35,43.35,5,37.87,16.710,3.038,0.3831,688.497,0.00,0.0000
39000,0,2,4781,580.1023,194.39,15790.54,16.00,388,34.46,14.891,4.095,0.6974,936.213,0.00,0.0000
39000,10,0,3249,750.9808,956.93,53.51,22.07,2,40.69,18.721,2.544,0.1674,434.432,0.00,0.0000
39000,10,1,2559,1218.8116,1255.64,1299.53,42.44,3,40.92,18.895,2.575,0.3018,747.623,0.00,0.0000
39000,10,2,3637,615.9515,422.11,10013.37,15.73,289,35.92,16.072,4.022,0.5697,921.888,0.00,0.0000
39000,20,0,4267,640.3598,769.00,66.65,19.64,9,40.00,18.440,2.883,0.1227,297.526,0.00,0.0000
39000,20,1,3031,1032.1979,1223.31,1453.31,26.15,8,40.86,18.932,2.686,0.2767,687.730,0.00,0.0000
39000,20,2,1147,199.8501,194.01,2067.81,26.29,14,37.26,16.840,3.693,0.4379,766.261,0.00,0.0000
39000,30,0,7013,1145.0920,1425.02,77.63,22.93,14,39.46,17.824,2.852,0.1359,301.502,0.00,0.0000
39000,30,1,2041,755.7375,867.02,906.48,27.67,6,41.46,18.902,2.211,0.2676,623.255,0.00,0.0000
39000,30,2,220,90.5498,88.55,245.29,17.14,0,39.64,17.648,2.466,0.4288,846.817,0.00,0.0000
39000,40,0,6843,721.5583,828.49,53.37,19.94,33,37.39,15.973,2.910,0.1303,214.738,0.00,0.0000
39000,40,1,1100,514.1231,522.32,454.09,28.08,25,40.08,17.363,2.004,0.3984,675.651,0.00,0.0000
39000,40,2,227,122.4417,120.67,274.69,22.23,0,38.84,16.778,2.393,0.5307,856.922,0.00,0.0000
39000,50,0,5179,209.4697,210.33,12.39,12.74,29,33.12,12.595,3.332,0.0951,93.142,0.00,0.0000
39000,50,1,526,280.0740,180.49,125.46,22.47,65,37.51,14.959,1.967,0.5643,620.149,0.00,0.0000
39000,50,2,11,0.2969,0.28,14.84,33.98,0,35.11,13.111,2.226,0.8651,704.143,0.00,0.0000
39000,60,0,3853,107.1901,174.92,0.33,12.07,0,29.59,9.103,3.086,0.0522,24.423,0.00,0.0000
39000,60,1,2,2.6919,4.33,0.27,2.28,0,28.62,8.420,3.075,0.8732,328.712,0.00,0.0000
39000,70,0,4656,83.7467,113.66,0.03,21.58,0,31.29,6.936,0.763,0.0215,3.994,0.00,0.0000
39000,80,0,3564,37.8330,41.31,0.01,29.90,0,33.99,5.236,0.001,0.0129,0.002,0.00,0.0000
40000,-60,0,5760,3.9870,72.26,88.15,-4.90,5,-13.54,0.000,28.541,0.5654,5.336,0.00,0.0000
40000,-60,1,1972,1.0543,32.73,436.14,-4.26,1,-16.00,0.000,30.999,0.9787,5.741,0.00,0.0000
40000,-60,2,2,0.0000,0.00,2.20,15.24,0,-3.88,0.000,18.883,0.9989,20.284,0.00,0.0000
40000,-50,0,7395,171.7241,224.02,76.68,7.47,19,-3.31,0.003,19.036,0.4440,12.611,0.00,0.0000
40000,-50,1,1299,84.3680,66.99,384.86,19.54,53,-4.09,0.002,19.755,0.8064,20.592,0.00,0.0000
40000,-50,2,4,0.0000,0.00,6.21,22.51,1,1.33,0.000,14.395,0.9850,31.248,0.00,0.0000
40000,-40,0,6466,378.7919,379.52,50.80,20.82,65,8.10,1.076,11.941,0.4085,37.148,0.00,0.0000
40000,-40,1,1613,215.7680,128.69,559.56,30.69,48,6.44,0.869,13.085,0.7096,55.135,0.00,0.0000
40000,-40,2,2,0.0000,0.00,2.32,2.35,0,10.06,0.579,9.369,0.9993,116.522,0.00,0.0000
40000,-30,0,4460,316.5779,224.14,72.95,30.98,139,17.08,4.495,8.374,0.4438,94.681,0.00,0.0000
40000,-30,1,3090,376.1662,203.64,1435.18,35.19,135,16.99,4.677,8.667,0.6924,154.407,0.00,0.0000
40000,-30,2,627,95.4660,59.07,912.51,43.22,65,19.63,5.762,7.579,0.9052,242.959,0.00,0.0000
40000,-20,0,1886,125.4063,71.14,37.56,51.55,25,25.75,9.085,5.813,0.3569,173.407,0.00,0.0000
40000,-20,1,2380,199.2750,87.91,989.51,35.87,69,24.85,8.722,6.186,0.5668,270.084,0.00,0.0000
40000,-20,2,3953,308.5783,129.63,11474.14,41.08,397,24.44,8.661,6.462,0.9050,410.615,0.00,0.0000
40000,-10,0,1887,150.4958,70.12,24.62,68.26,6,33.08,13.643,4.114,0.3180,321.541,0.00,0.0000
40000,-10,1,1969,194.5098,122.56,861.92,40.76,20,32.70,13.379,4.164,0.4514,482.341,0.00,0.0000
40000,-10,2,4368,191.3224,91.99,16313.62,45.35,409,30.20,12.219,5.100,0.8591,714.701,0.00,0.0000
40000,0,0,1924,305.7044,289.88,30.49,72.39,16,38.73,17.348,2.961,0.2235,405.969,0.00,0.0000
40000,0,1,1669,193.3779,115.88,815.96,43.26,1,38.20,16.932,3.000,0.3631,679.473,0.00,0.0000
40000,0,2,4774,310.5209,237.68,15785.13,49.14,315,35.01,15.358,4.087,0.6856,925.933,0.00,0.0000
40000,10,0,3259,682.1127,973.74,53.63,68.31,19,41.64,19.362,2.463,0.1523,378.753,0.00,0.0000
40000,10,1,2589,882.9541,1014.08,1322.34,45.43,9,40.70,18.704,2.602,0.2817,690.108,0.00,0.0000
40000,10,2,3597,536.2651,436.44,9940.41,42.39,262,35.33,15.838,4.244,0.5666,881.252,0.00,0.0000
40000,20,0,4277,709.0315,903.66,66.58,63.58,32,40.07,18.507,2.960,0.1193,265.542,0.00,0.0000
40000,20,1,3044,1336.0960,1517.63,1458.72,47.98,55,39.93,18.335,2.886,0.2863,650.081,0.00,0.0000
40000,20,2,1124,312.2454,198.79,2030.07,25.58,69,35.58,15.925,4.130,0.4411,725.320,0.00,0.0000
40000,30,0,7021,1426.7475,1758.96,76.74,48.48,21,38.13,16.968,3.163,0.1363,263.416,0.00,0.0000
40000,30,1,2030,1129.0543,1214.72,896.30,49.97,22,40.38,18.151,2.441,0.2956,592.636,0.00,0.0000
40000,30,2,223,165.6561,80.55,249.21,70.49,0,39.52,17.566,2.640,0.4594,746.712,0.00,0.0000
40000,40,0,6849,1101.7344,1180.13,53.58,43.47,84,35.27,14.628,3.395,0.1361,187.924,0.00,0.0000
40000,40,1,1085,765.6917,422.79,449.68,53.44,115,38.84,16.503,2.304,0.4386,603.119,0.00,0.0000
40000,40,2,236,209.3187,55.50,287.33,63.59,15,38.35,16.466,2.624,0.5684,748.070,0.00,0.0000
40000,50,0,5177,287.6070,319.54,12.29,38.74,21,30.29,10.959,4.091,0.0970,78.926,0.00,0.0000
40000,50,1,528,201.9459,16.19,129.48,57.18,95,36.01,13.965,2.368,0.6031,518.054,0.00,0.0000
40000,50,2,11,1.1635,0.00,15.36,32.96,4,33.69,12.169,2.476,0.8836,621.556,0.00,0.0000
40000,60,0,3853,86.2068,172.87,0.33,30.95,1,25.78,7.142,4.245,0.0517,21.731,0.00,0.0000
40000,60,1,2,2.5988,4.65,0.27,43.32,0,26.74,7.284,3.576,0.8549,262.155,0.00,0.0000
40000,70,0,4656,44.1412,102.97,0.03,26.04,0,25.68,4.391,2.134,0.0175,5.547,0.00,0.0000
40000,80,0,3564,12.9281,34.65,0.01,23.31,0,27.80,2.293,0.165,0.0035,0.200,0.00,0.0000
