step,lat,wood_class,cells,grown,grass,wood,temp,bodies,felt,over,under,fill,rain,seed,sprouted
1000,-60,0,5237,1257.2956,531.53,88.00,1.83,312,2.52,0.215,14.848,0.5008,28.032,0.00,0.0000
1000,-60,1,2495,1250.5506,613.04,644.03,0.93,364,0.37,0.101,16.332,0.9432,38.508,0.00,0.0000
1000,-60,2,2,0.7520,0.00,2.51,22.54,0,9.05,0.490,9.940,0.9826,61.702,0.00,0.0000
1000,-50,0,7092,1585.5723,576.38,95.54,15.06,444,11.86,2.200,10.184,0.3831,52.782,0.00,0.0000
1000,-50,1,1601,956.0348,308.56,498.83,14.14,247,10.58,1.967,10.966,0.7454,91.245,0.00,0.0000
1000,-50,2,5,2.9926,1.05,7.80,29.42,0,12.87,1.481,8.306,0.9488,86.788,0.00,0.0000
1000,-40,0,6338,1303.7308,463.66,63.05,26.41,492,21.32,6.386,6.819,0.3172,111.036,0.00,0.0000
1000,-40,1,1741,1059.6959,414.47,635.55,23.27,288,19.29,5.709,7.777,0.6257,185.623,0.00,0.0000
1000,-40,2,2,0.4513,0.00,2.39,13.17,0,21.68,5.175,5.171,0.4576,120.834,0.00,0.0000
1000,-30,0,4324,1030.2220,324.51,88.11,33.46,321,27.92,10.260,5.138,0.3251,219.603,0.00,0.0000
1000,-30,1,3254,1581.2317,560.35,1520.39,29.60,507,27.20,10.103,5.560,0.4805,310.830,0.00,0.0000
1000,-30,2,599,276.0118,60.24,844.86,34.76,109,28.97,11.020,4.986,0.5966,435.377,0.00,0.0000
1000,-20,0,1820,497.8668,209.73,41.41,55.87,47,33.35,13.796,4.023,0.2970,341.886,0.00,0.0000
1000,-20,1,2521,1266.4766,435.69,1071.09,30.03,283,32.56,13.429,4.305,0.4403,492.341,0.00,0.0000
1000,-20,2,3878,2269.6741,782.32,11057.03,33.07,888,31.74,13.095,4.630,0.7286,739.804,0.00,0.0000
1000,-10,0,1808,409.5019,190.60,24.35,65.26,12,36.98,16.284,3.358,0.2791,453.839,0.00,0.0000
1000,-10,1,2073,1126.1010,503.34,921.12,35.06,39,36.81,16.186,3.393,0.3882,669.096,0.00,0.0000
1000,-10,2,4343,2597.6126,1078.43,15831.14,34.84,899,34.16,14.829,4.250,0.7502,991.709,0.00,0.0000
1000,0,0,1824,420.4383,246.03,31.10,72.11,8,38.85,17.518,2.984,0.2175,429.498,0.00,0.0000
1000,0,1,1740,978.6325,509.96,841.89,40.70,9,38.58,17.318,3.014,0.3685,748.874,0.00,0.0000
1000,0,2,4803,2982.2798,1153.76,15254.13,38.05,866,35.21,15.594,4.113,0.6876,1022.555,0.00,0.0000
1000,10,0,3014,867.9650,312.30,51.73,74.60,68,37.73,16.756,3.207,0.2426,419.276,0.00,0.0000
1000,10,1,2709,1704.1827,591.09,1338.74,44.81,152,37.15,16.386,3.346,0.4104,699.023,0.00,0.0000
1000,10,2,3722,2403.6691,842.05,9754.55,22.85,735,32.18,13.944,5.047,0.6875,819.885,0.00,0.0000
1000,20,0,3994,716.2003,243.59,62.11,62.26,121,32.28,13.502,4.650,0.1906,197.678,0.00,0.0000
1000,20,1,3278,2080.1091,741.20,1560.85,36.39,459,32.29,13.454,4.575,0.4621,499.613,0.00,0.0000
1000,20,2,1173,836.9980,304.99,2055.87,8.26,286,29.29,12.121,5.726,0.6682,583.073,0.00,0.0000
1000,30,0,6744,1452.0794,569.44,85.09,37.43,353,26.43,9.892,6.055,0.2481,156.504,0.00,0.0000
1000,30,1,2310,1485.2334,438.50,1004.21,42.41,442,29.31,11.117,4.844,0.5376,357.032,0.00,0.0000
1000,30,2,220,171.0585,67.96,242.93,71.00,58,26.62,9.556,5.569,0.7052,335.901,0.00,0.0000
1000,40,0,6695,1098.9849,439.90,63.83,28.38,280,19.87,6.114,7.799,0.2641,86.650,0.00,0.0000
1000,40,1,1252,875.7011,320.62,492.05,49.77,236,23.75,7.459,5.916,0.6896,224.322,0.00,0.0000
1000,40,2,223,169.3255,61.62,262.08,65.79,53,23.86,7.756,6.108,0.8089,275.454,0.00,0.0000
1000,50,0,5138,423.3902,287.54,13.83,19.39,41,11.20,2.312,10.936,0.1882,26.657,0.00,0.0000
1000,50,1,567,316.1707,117.74,138.70,53.69,62,17.61,4.010,7.475,0.8436,135.741,0.00,0.0000
1000,50,2,11,6.7901,3.29,13.68,35.34,1,19.14,4.263,6.382,0.9458,172.595,0.00,0.0000
1000,60,0,3853,79.0707,77.14,0.77,11.91,1,2.35,0.233,15.057,0.1138,5.121,0.00,0.0000
1000,60,1,2,2.1517,2.27,0.32,20.07,0,9.32,0.587,10.123,0.9626,63.711,0.00,0.0000
1000,70,0,4656,5.4167,6.63,0.16,8.42,0,-5.43,0.001,20.728,0.0813,0.899,0.00,0.0000
1000,80,0,3564,0.0227,0.41,0.06,4.84,0,-11.91,0.000,26.913,0.0684,0.200,0.00,0.0000
2000,-60,0,5295,54.3856,295.89,89.88,-15.57,11,-8.97,0.000,24.032,0.5271,9.971,0.00,0.0000
2000,-60,1,2437,28.9373,276.28,609.45,-19.23,9,-11.27,0.000,26.300,0.9589,11.700,0.00,0.0000
2000,-60,2,2,0.0000,0.00,2.43,-6.37,0,0.29,0.000,15.175,0.9955,29.038,0.00,0.0000
2000,-50,0,7119,282.5241,440.15,95.63,-9.01,33,1.00,0.124,15.923,0.4167,21.527,0.00,0.0000
2000,-50,1,1575,164.0011,182.28,487.35,-2.32,29,0.59,0.108,16.275,0.7846,34.525,0.00,0.0000
2000,-50,2,4,0.6528,1.05,6.64,-2.40,0,5.28,0.039,11.713,0.9537,43.806,0.00,0.0000
2000,-40,0,6341,473.1426,433.62,62.57,2.53,145,12.02,2.270,10.121,0.3732,56.161,0.00,0.0000
2000,-40,1,1738,326.5891,293.60,633.48,8.43,100,10.81,2.025,10.923,0.6895,84.957,0.00,0.0000
2000,-40,2,2,0.0000,0.00,2.36,-7.22,0,13.35,1.702,8.058,0.6994,123.154,0.00,0.0000
2000,-30,0,4324,463.9479,385.27,87.65,12.53,152,20.48,6.083,7.177,0.3974,130.377,0.00,0.0000
2000,-30,1,3249,627.5114,460.17,1519.53,19.54,258,20.56,6.309,7.379,0.5848,188.784,0.00,0.0000
2000,-30,2,604,96.8584,62.33,855.85,24.64,38,23.13,7.485,6.428,0.7661,291.371,0.00,0.0000
2000,-20,0,1822,361.7003,315.06,41.62,14.50,84,28.03,10.382,5.166,0.3601,243.855,0.00,0.0000
2000,-20,1,2515,637.0830,399.72,1073.30,22.64,213,27.62,10.312,5.438,0.5302,345.839,0.00,0.0000
2000,-20,2,3882,790.0565,459.67,11119.17,32.19,472,27.38,10.248,5.605,0.8377,507.170,0.00,0.0000
2000,-10,0,1809,377.1884,381.28,24.35,24.66,33,34.54,14.528,3.760,0.3146,388.075,0.00,0.0000
2000,-10,1,2069,971.7302,673.80,920.53,25.98,155,34.29,14.499,3.881,0.4454,571.740,0.00,0.0000
2000,-10,2,4346,1046.8408,682.08,15877.61,40.53,524,32.26,13.425,4.589,0.8056,796.656,0.00,0.0000
2000,0,0,1824,350.4367,340.39,30.77,25.90,7,38.82,17.356,2.898,0.2200,435.045,0.00,0.0000
2000,0,1,1745,797.3245,460.89,844.60,30.13,74,38.52,17.282,3.001,0.3734,742.278,0.00,0.0000
2000,0,2,4798,1171.1560,860.46,15259.65,44.58,412,35.94,15.900,3.877,0.6743,982.112,0.00,0.0000
2000,10,0,3018,400.5646,411.55,51.56,24.91,15,40.19,18.284,2.651,0.1967,456.697,0.00,0.0000
2000,10,1,2733,771.4884,579.94,1359.39,33.80,45,39.78,18.152,2.804,0.3477,781.156,0.00,0.0000
2000,10,2,3694,791.8001,689.60,9740.37,57.89,221,35.83,16.131,4.175,0.6058,886.586,0.00,0.0000
2000,20,0,3997,310.5868,325.86,61.77,30.00,20,37.77,16.883,3.354,0.1467,259.228,0.00,0.0000
2000,20,1,3278,779.7915,749.32,1555.60,49.18,83,38.29,17.244,3.245,0.3499,635.806,0.00,0.0000
2000,20,2,1170,264.3452,190.28,2059.35,66.05,104,35.24,15.639,4.219,0.5306,711.008,0.00,0.0000
2000,30,0,6747,681.9052,583.61,85.01,43.10,113,35.06,14.968,3.826,0.1900,255.760,0.00,0.0000
2000,30,1,2301,363.1324,329.28,995.48,42.29,68,37.24,16.027,3.027,0.3659,522.109,0.00,0.0000
2000,30,2,226,63.1700,60.38,250.65,19.24,16,35.14,14.587,3.405,0.5481,628.225,0.00,0.0000
2000,40,0,6690,605.1693,569.11,63.38,43.94,128,31.11,12.075,4.414,0.1967,165.607,0.00,0.0000
2000,40,1,1253,380.7606,330.97,495.32,28.54,96,33.94,13.298,3.231,0.5218,457.785,0.00,0.0000
2000,40,2,227,67.0748,57.94,269.99,16.88,32,33.30,13.140,3.566,0.6600,588.430,0.00,0.0000
2000,50,0,5132,513.4436,455.18,13.43,41.77,48,24.99,8.038,5.644,0.1461,61.269,0.00,0.0000
2000,50,1,573,277.0724,243.21,143.41,18.66,28,29.84,10.179,3.702,0.7086,360.496,0.00,0.0000
2000,50,2,11,7.0112,6.54,14.09,26.53,1,28.47,9.094,3.678,0.9209,429.064,0.00,0.0000
2000,60,0,3853,186.1790,180.44,0.77,34.55,5,18.77,3.947,6.704,0.0913,14.815,0.00,0.0000
2000,60,1,2,3.6530,4.30,0.34,35.46,0,21.43,4.747,5.302,0.9202,167.863,0.00,0.0000
2000,70,0,4656,55.2747,50.33,0.15,26.53,0,15.11,1.227,6.292,0.0639,2.573,0.00,0.0000
2000,80,0,3564,6.6449,6.23,0.06,26.15,0,15.33,0.201,3.831,0.0540,0.033,0.00,0.0000
3000,-60,0,5356,1.0421,175.99,91.47,-15.88,2,-15.20,0.000,30.200,0.5392,5.360,0.00,0.0000
3000,-60,1,2376,0.2744,161.96,573.79,-18.05,0,-17.45,0.000,32.452,0.9640,5.559,0.00,0.0000
3000,-60,2,2,0.0000,0.00,2.32,-14.98,0,-5.04,0.000,20.042,0.9997,24.251,0.00,0.0000
3000,-50,0,7155,161.7763,360.25,95.44,-3.48,17,-5.14,0.000,20.550,0.4313,12.157,0.00,0.0000
3000,-50,1,1539,88.5758,151.75,466.58,-20.52,16,-5.99,0.000,21.346,0.7984,20.298,0.00,0.0000
3000,-50,2,4,0.3483,0.88,6.42,-10.77,0,0.12,0.000,15.318,0.9771,36.415,0.00,0.0000
3000,-40,0,6347,467.8419,494.49,62.04,6.34,63,6.31,0.701,12.848,0.3986,35.303,0.00,0.0000
3000,-40,1,1732,332.9455,351.44,625.21,-11.75,84,4.62,0.542,14.067,0.7092,52.773,0.00,0.0000
3000,-40,2,2,0.0026,0.00,2.34,27.50,0,9.71,0.359,9.391,0.9836,121.028,0.00,0.0000
3000,-30,0,4330,492.8934,346.40,87.70,12.09,143,15.51,3.827,8.928,0.4353,89.003,0.00,0.0000
3000,-30,1,3236,624.8083,436.27,1512.68,2.95,221,15.36,3.991,9.236,0.6489,136.244,0.00,0.0000
3000,-30,2,611,124.1972,76.84,867.94,-1.79,40,17.99,5.007,8.091,0.8656,225.533,0.00,0.0000
3000,-20,0,1820,297.5954,169.18,41.54,14.50,65,23.99,8.197,6.318,0.3889,182.402,0.00,0.0000
3000,-20,1,2505,576.7634,261.64,1068.16,19.87,183,23.76,8.119,6.455,0.5743,258.649,0.00,0.0000
3000,-20,2,3894,650.2019,354.99,11158.28,6.93,408,23.12,7.914,6.771,0.9007,391.719,0.00,0.0000
3000,-10,0,1811,471.0728,338.34,24.49,12.59,30,31.50,12.709,4.431,0.3388,340.548,0.00,0.0000
3000,-10,1,2058,765.5635,246.06,916.34,31.37,208,32.02,12.959,4.303,0.4773,483.458,0.00,0.0000
3000,-10,2,4355,844.4859,515.03,15909.91,11.08,581,29.23,11.571,5.250,0.8614,694.958,0.00,0.0000
3000,0,0,1824,447.3504,497.24,30.49,24.15,9,37.41,16.494,3.151,0.2301,425.221,0.00,0.0000
3000,0,1,1746,631.8264,401.99,844.53,37.49,38,37.91,16.781,3.075,0.3812,693.176,0.00,0.0000
3000,0,2,4797,1095.8238,620.47,15255.42,16.99,504,34.46,14.927,4.116,0.6949,948.455,0.00,0.0000
3000,10,0,3026,546.9220,631.04,50.82,35.83,10,40.63,18.682,2.575,0.1709,432.692,0.00,0.0000
3000,10,1,2748,895.5375,908.61,1368.82,39.59,18,40.90,18.911,2.604,0.3071,755.170,0.00,0.0000
3000,10,2,3671,820.0225,603.81,9690.73,10.42,279,35.66,15.945,4.091,0.5751,933.279,0.00,0.0000
3000,20,0,4006,464.5309,548.80,61.73,30.00,15,39.71,18.275,2.973,0.1202,280.210,0.00,0.0000
3000,20,1,3294,978.2272,1161.00,1559.69,23.75,35,40.39,18.650,2.792,0.2855,685.304,0.00,0.0000
3000,20,2,1145,193.2616,147.24,2023.54,18.17,34,36.78,16.550,3.783,0.4529,778.895,0.00,0.0000
3000,30,0,6759,794.9865,929.90,84.89,23.69,28,38.74,17.388,3.021,0.1427,299.256,0.00,0.0000
3000,30,1,2292,505.4004,575.89,986.30,33.32,21,41.06,18.618,2.288,0.2722,598.930,0.00,0.0000
3000,30,2,223,84.9618,93.58,247.92,36.98,1,39.23,17.346,2.607,0.4455,813.709,0.00,0.0000
3000,40,0,6694,771.0661,837.26,63.15,19.30,91,36.45,15.410,3.132,0.1375,209.555,0.00,0.0000
3000,40,1,1249,427.7702,366.63,498.56,39.83,61,39.59,16.999,2.119,0.4010,626.107,0.00,0.0000
3000,40,2,227,84.5702,84.40,272.95,41.55,2,38.35,16.455,2.533,0.5485,815.007,0.00,0.0000
3000,50,0,5128,421.5050,422.33,13.07,12.37,35,31.96,11.949,3.647,0.1006,88.177,0.00,0.0000
3000,50,1,577,274.5481,156.91,147.86,37.17,47,36.75,14.451,2.160,0.5784,575.612,0.00,0.0000
3000,50,2,11,12.0411,8.65,14.62,40.85,3,34.40,12.649,2.345,0.8754,666.790,0.00,0.0000
3000,60,0,3853,164.5530,172.77,0.78,12.87,11,28.19,8.396,3.506,0.0598,24.032,0.00,0.0000
3000,60,1,2,3.0395,0.19,0.35,1.61,0,27.47,7.910,3.407,0.8878,312.177,0.00,0.0000
3000,70,0,4656,94.1559,103.58,0.15,24.33,1,29.38,6.019,1.140,0.0303,3.781,0.00,0.0000
3000,80,0,3564,36.0082,32.30,0.06,32.21,0,31.98,4.100,0.008,0.0216,0.008,0.00,0.0000
4000,-60,0,5423,0.8010,106.92,93.57,-7.67,2,-14.97,0.000,29.966,0.5455,4.710,0.00,0.0000
4000,-60,1,2309,0.1336,96.74,539.29,-9.62,0,-17.28,0.000,32.281,0.9660,4.930,0.00,0.0000
4000,-60,2,2,0.0000,0.00,2.22,5.87,0,-4.86,0.000,19.856,0.9995,20.502,0.00,0.0000
4000,-50,0,7183,188.0728,327.36,94.51,3.24,39,-4.82,0.000,20.255,0.4362,10.990,0.00,0.0000
4000,-50,1,1511,105.3829,147.40,448.00,15.77,11,-5.38,0.000,20.784,0.7976,18.233,0.00,0.0000
4000,-50,2,4,0.3369,0.59,6.21,12.12,0,0.40,0.000,15.037,0.9853,31.408,0.00,0.0000
4000,-40,0,6354,611.1373,548.35,61.68,17.35,172,6.76,0.742,12.573,0.4062,33.092,0.00,0.0000
4000,-40,1,1725,358.1484,272.62,618.41,29.81,83,5.27,0.584,13.641,0.7063,48.126,0.00,0.0000
4000,-40,2,2,0.1339,0.00,2.32,-2.46,0,8.90,0.334,9.875,0.9999,118.919,0.00,0.0000
4000,-30,0,4331,499.6488,343.10,87.43,27.66,154,15.97,3.945,8.735,0.4468,86.388,0.00,0.0000
4000,-30,1,3222,685.0658,439.99,1506.61,36.69,270,15.94,4.156,9.002,0.6758,133.916,0.00,0.0000
4000,-30,2,624,193.0424,99.36,891.71,45.18,71,18.77,5.294,7.818,0.9041,219.027,0.00,0.0000
4000,-20,0,1814,286.2827,239.91,41.01,42.86,46,24.94,8.596,6.025,0.3762,166.930,0.00,0.0000
4000,-20,1,2490,519.4002,302.40,1055.54,38.94,179,24.01,8.214,6.375,0.5699,247.354,0.00,0.0000
4000,-20,2,3915,823.4772,444.40,11238.35,44.80,520,23.74,8.219,6.634,0.9108,377.842,0.00,0.0000
4000,-10,0,1813,515.4366,591.41,24.64,59.98,21,32.79,13.429,4.176,0.3281,313.816,0.00,0.0000
4000,-10,1,2047,480.5709,354.48,910.20,44.56,74,32.15,13.002,4.259,0.4615,461.812,0.00,0.0000
4000,-10,2,4364,771.9411,382.99,15982.74,51.18,630,29.83,11.936,5.171,0.8682,676.697,0.00,0.0000
4000,0,0,1828,599.8438,775.37,30.58,61.86,7,38.74,17.349,2.968,0.2232,398.687,0.00,0.0000
4000,0,1,1752,758.4381,815.70,846.96,44.94,26,37.99,16.778,3.018,0.3680,668.033,0.00,0.0000
4000,0,2,4787,911.9792,550.71,15272.15,55.34,504,35.04,15.324,4.064,0.6924,911.505,0.00,0.0000
4000,10,0,3050,647.5490,851.61,51.12,57.64,9,41.92,19.570,2.427,0.1500,376.520,0.00,0.0000
4000,10,1,2766,1208.6399,1434.08,1389.69,42.55,15,40.97,18.877,2.550,0.2821,703.914,0.00,0.0000
4000,10,2,3629,809.7639,617.86,9634.59,56.89,327,35.87,16.131,4.106,0.5665,886.832,0.00,0.0000
4000,20,0,4018,623.2066,788.25,61.98,59.36,20,40.88,19.043,2.806,0.1100,257.288,0.00,0.0000
4000,20,1,3305,1421.1064,1752.90,1562.10,51.74,42,40.68,18.849,2.765,0.2747,655.913,0.00,0.0000
4000,20,2,1122,282.4918,229.79,1988.44,44.13,102,36.37,16.377,3.949,0.4368,743.432,0.00,0.0000
4000,30,0,6772,1160.4751,1464.92,84.77,54.03,32,39.31,17.749,2.937,0.1290,271.187,0.00,0.0000
4000,30,1,2279,898.6211,1026.81,974.97,46.05,30,41.46,18.914,2.256,0.2683,595.286,0.00,0.0000
4000,30,2,223,160.6684,185.64,248.16,57.93,4,40.79,18.424,2.403,0.4304,785.170,0.00,0.0000
4000,40,0,6699,1020.9016,1211.81,61.48,50.95,48,36.92,15.683,3.056,0.1252,194.688,0.00,0.0000
4000,40,1,1239,481.8660,383.83,496.64,45.04,50,40.34,17.526,2.016,0.3933,624.395,0.00,0.0000
4000,40,2,232,136.6182,138.60,280.83,51.67,6,39.76,17.382,2.348,0.5348,797.460,0.00,0.0000
4000,50,0,5125,383.1479,489.46,12.77,48.53,24,32.47,12.213,3.543,0.0884,82.012,0.00,0.0000
4000,50,1,580,174.9541,106.34,152.22,50.19,22,37.97,15.254,2.003,0.5597,563.770,0.00,0.0000
4000,50,2,11,9.9734,3.18,15.14,28.92,3,34.94,12.997,2.245,0.8672,678.220,0.00,0.0000
4000,60,0,3853,115.2018,192.25,0.77,41.02,1,28.63,8.577,3.395,0.0486,23.206,0.00,0.0000
4000,60,1,2,0.0785,0.00,0.37,54.07,0,28.69,8.388,3.080,0.8564,294.860,0.00,0.0000
4000,70,0,4656,52.5894,99.11,0.14,33.90,0,29.68,6.149,1.103,0.0156,4.520,0.00,0.0000
4000,80,0,3564,19.0462,31.95,0.05,30.58,0,32.10,4.159,0.006,0.0051,0.002,0.00,0.0000
5000,-60,0,5472,28.7032,88.81,94.35,-13.64,7,-9.07,0.000,24.141,0.5461,8.148,0.00,0.0000
5000,-60,1,2260,12.8253,68.31,510.42,-15.16,1,-11.49,0.000,26.517,0.9629,9.779,0.00,0.0000
5000,-60,2,2,0.0000,0.00,2.15,-8.91,0,-0.86,0.000,16.250,0.9951,23.525,0.00,0.0000
5000,-50,0,7199,385.8198,426.92,93.63,-7.31,89,0.84,0.134,16.133,0.4324,18.729,0.00,0.0000
5000,-50,1,1495,236.3793,183.43,437.75,-5.90,74,0.39,0.113,16.502,0.7854,30.681,0.00,0.0000
5000,-50,2,4,0.6250,0.87,6.07,-6.09,1,4.05,0.026,12.724,0.9750,36.644,0.00,0.0000
5000,-40,0,6358,681.5686,421.75,61.38,0.99,311,11.80,2.312,10.340,0.3991,53.561,0.00,0.0000
5000,-40,1,1721,346.1242,187.26,615.52,2.50,125,10.46,2.011,11.138,0.6822,76.921,0.00,0.0000
5000,-40,2,2,0.0000,0.00,2.32,25.20,0,12.83,1.548,8.366,0.9941,124.314,0.00,0.0000
5000,-30,0,4324,572.4677,332.25,86.70,11.62,271,20.25,6.058,7.317,0.4344,131.989,0.00,0.0000
5000,-30,1,3216,632.0493,319.46,1507.04,10.39,305,20.23,6.243,7.538,0.6636,204.382,0.00,0.0000
5000,-30,2,637,137.4991,50.10,917.67,11.43,70,22.70,7.318,6.563,0.8838,320.516,0.00,0.0000
5000,-20,0,1819,333.2104,293.74,40.54,12.02,81,27.64,10.230,5.287,0.3356,218.514,0.00,0.0000
5000,-20,1,2459,467.1280,243.86,1035.91,22.06,192,27.39,10.186,5.500,0.5266,327.138,0.00,0.0000
5000,-20,2,3941,731.7483,313.38,11321.67,17.10,612,27.08,10.123,5.693,0.8731,516.446,0.00,0.0000
5000,-10,0,1812,441.2784,437.80,24.36,13.18,21,33.98,14.182,3.846,0.2938,363.575,0.00,0.0000
5000,-10,1,2041,602.2318,372.18,903.06,31.20,53,34.12,14.331,3.889,0.4115,522.319,0.00,0.0000
5000,-10,2,4371,574.0356,230.73,16016.71,22.22,634,31.95,13.245,4.643,0.8218,817.700,0.00,0.0000
5000,0,0,1837,621.8722,868.20,31.09,14.08,6,38.23,16.973,2.971,0.2117,423.871,0.00,0.0000
5000,0,1,1755,985.7732,1074.01,852.93,38.52,4,38.46,17.159,2.972,0.3440,684.112,0.00,0.0000
5000,0,2,4775,830.0661,567.43,15246.23,24.82,370,35.59,15.666,3.924,0.6608,955.084,0.00,0.0000
5000,10,0,3058,731.8603,1073.14,51.00,12.39,0,39.63,17.944,2.734,0.1474,352.832,0.00,0.0000
5000,10,1,2796,1475.2550,1946.81,1409.14,41.19,17,39.78,18.104,2.774,0.2829,653.898,0.00,0.0000
5000,10,2,3591,758.6476,732.49,9568.47,32.64,236,35.47,15.856,4.220,0.5622,830.919,0.00,0.0000
5000,20,0,4027,748.0415,893.15,61.93,12.41,12,37.22,16.520,3.415,0.1221,230.336,0.00,0.0000
5000,20,1,3304,1885.4897,2109.98,1554.94,35.83,91,38.16,17.089,3.209,0.3107,594.039,0.00,0.0000
5000,20,2,1114,376.1920,353.67,1970.91,41.04,23,35.06,15.526,4.286,0.4630,641.902,0.00,0.0000
5000,30,0,6781,1473.2254,1689.29,84.55,22.94,34,34.75,14.714,3.827,0.1515,215.665,0.00,0.0000
5000,30,1,2268,1269.0062,859.24,968.02,28.67,235,37.09,15.901,3.023,0.3471,532.514,0.00,0.0000
5000,30,2,225,192.6891,65.93,251.56,-1.62,90,34.39,14.151,3.532,0.5429,670.122,0.00,0.0000
5000,40,0,6695,1184.3154,1255.29,60.80,20.98,72,30.82,11.827,4.400,0.1561,144.443,0.00,0.0000
5000,40,1,1234,550.9870,244.07,494.13,14.76,190,33.65,13.107,3.269,0.5067,490.495,0.00,0.0000
5000,40,2,241,182.2272,67.83,293.85,-2.37,96,32.69,12.808,3.684,0.6617,637.680,0.00,0.0000
5000,50,0,5123,427.2176,525.49,12.58,12.58,32,24.64,7.787,5.653,0.1092,55.464,0.00,0.0000
5000,50,1,582,136.0160,32.61,156.34,-0.23,61,29.35,9.895,3.768,0.6790,394.675,0.00,0.0000
5000,50,2,11,2.4392,0.03,15.58,18.16,2,29.23,9.427,3.407,0.9224,469.157,0.00,0.0000
5000,60,0,3853,118.2477,208.16,0.76,4.64,5,18.42,3.766,6.742,0.0636,16.341,0.00,0.0000
5000,60,1,2,0.0000,0.00,0.38,6.62,0,22.00,4.855,4.841,0.8637,180.559,0.00,0.0000
5000,70,0,4656,29.6899,82.05,0.13,-1.63,0,14.79,1.142,6.379,0.0303,7.277,0.00,0.0000
5000,80,0,3564,3.8824,22.13,0.05,-1.84,0,15.07,0.173,3.927,0.0086,3.471,0.00,0.0000
6000,-60,0,5487,277.9853,278.74,94.39,16.72,19,2.50,0.235,14.938,0.5345,23.350,0.00,0.0000
6000,-60,1,2245,232.1524,212.93,501.73,14.59,30,0.20,0.095,16.479,0.9454,31.745,0.00,0.0000
6000,-60,2,2,0.0025,0.00,2.13,26.76,0,7.56,0.345,10.995,0.9636,50.540,0.00,0.0000
6000,-50,0,7203,944.4385,835.66,93.34,29.37,172,11.81,2.256,10.297,0.4119,47.344,0.00,0.0000
6000,-50,1,1491,312.1618,126.01,437.98,15.69,136,10.54,1.990,11.042,0.7494,81.123,0.00,0.0000
6000,-50,2,4,0.7786,0.43,6.04,33.40,1,11.88,1.260,8.861,0.9190,71.919,0.00,0.0000
6000,-40,0,6357,643.2371,397.36,61.11,37.17,300,21.25,6.438,6.902,0.3674,114.559,0.00,0.0000
6000,-40,1,1721,312.1252,155.43,618.25,21.03,149,19.15,5.706,7.893,0.6226,168.374,0.00,0.0000
6000,-40,2,3,0.0001,0.00,3.38,30.49,0,22.22,5.703,5.333,0.9457,215.934,0.00,0.0000
6000,-30,0,4317,572.8985,400.74,86.28,38.62,207,27.84,10.281,5.221,0.3867,240.508,0.00,0.0000
6000,-30,1,3204,658.9778,336.17,1507.90,29.38,275,27.09,10.103,5.629,0.5979,370.705,0.00,0.0000
6000,-30,2,656,137.0350,52.84,952.93,29.48,93,28.78,10.956,5.037,0.7926,544.018,0.00,0.0000
6000,-20,0,1813,339.6933,357.72,39.78,53.95,12,33.14,13.714,4.116,0.2769,306.068,0.00,0.0000
6000,-20,1,2430,500.4387,379.50,1007.58,29.72,87,32.53,13.477,4.350,0.4544,486.759,0.00,0.0000
6000,-20,2,3976,654.2678,294.07,11407.11,30.03,504,31.69,13.075,4.649,0.7791,772.069,0.00,0.0000
6000,-10,0,1812,484.3321,637.92,24.11,55.10,7,36.67,16.116,3.433,0.2610,422.401,0.00,0.0000
6000,-10,1,2037,715.2638,726.01,895.55,31.86,12,36.81,16.245,3.419,0.3606,619.660,0.00,0.0000
6000,-10,2,4375,539.5667,350.16,16009.42,28.55,418,34.08,14.781,4.263,0.7471,997.374,0.00,0.0000
6000,0,0,1843,713.8599,1094.39,31.30,61.12,3,38.52,17.314,3.045,0.2136,425.885,0.00,0.0000
6000,0,1,1760,1133.4758,1531.51,857.27,35.98,2,38.63,17.369,3.013,0.3382,693.467,0.00,0.0000
6000,0,2,4764,910.8700,845.90,15202.44,29.01,334,35.05,15.488,4.131,0.6486,958.863,0.00,0.0000
6000,10,0,3070,957.8137,1339.48,51.46,64.05,17,37.40,16.529,3.255,0.1721,310.360,0.00,0.0000
6000,10,1,2816,1813.6312,2438.98,1427.55,37.36,31,37.17,16.396,3.325,0.3281,581.669,0.00,0.0000
6000,10,2,3559,924.4643,848.91,9513.02,9.23,358,31.84,13.738,5.122,0.6135,737.675,0.00,0.0000
6000,20,0,4037,881.2934,752.98,62.31,47.11,164,32.00,13.313,4.691,0.1593,178.250,0.00,0.0000
6000,20,1,3301,2192.3614,1745.87,1557.84,22.95,386,32.24,13.377,4.537,0.4035,465.684,0.00,0.0000
6000,20,2,1107,429.8388,171.84,1958.38,-1.52,197,28.98,11.897,5.782,0.5537,509.050,0.00,0.0000
6000,30,0,6788,1476.0762,721.37,84.48,20.83,593,26.27,9.757,6.050,0.2067,144.282,0.00,0.0000
6000,30,1,2254,949.7780,359.80,965.88,30.27,294,29.21,10.984,4.799,0.4876,360.363,0.00,0.0000
6000,30,2,232,57.6095,22.78,262.11,52.56,6,26.23,9.310,5.679,0.7115,370.432,0.00,0.0000
6000,40,0,6695,1090.2821,462.43,60.64,9.68,480,19.72,5.995,7.784,0.2120,81.791,0.00,0.0000
6000,40,1,1225,300.1881,62.01,492.92,34.01,114,23.55,7.266,5.892,0.6587,245.109,0.00,0.0000
6000,40,2,250,85.4711,42.75,308.00,48.22,9,23.52,7.523,6.193,0.8244,308.587,0.00,0.0000
6000,50,0,5119,334.3050,171.71,12.14,-1.74,254,11.02,2.231,10.966,0.1432,27.515,0.00,0.0000
6000,50,1,586,111.6377,57.10,159.41,32.41,65,17.46,3.871,7.466,0.8060,153.044,0.00,0.0000
6000,50,2,11,0.9157,0.58,15.79,26.98,0,20.16,4.457,5.758,0.9610,196.701,0.00,0.0000
6000,60,0,3853,81.7138,143.32,0.74,-9.78,55,2.19,0.214,15.122,0.0856,7.804,0.00,0.0000
6000,60,1,2,0.0006,0.00,0.38,-1.86,0,10.59,0.797,9.345,0.8728,67.760,0.00,0.0000
6000,70,0,4656,11.1455,57.32,0.13,-14.81,0,-5.58,0.000,20.846,0.0544,3.800,0.00,0.0000
6000,80,0,3564,0.0464,13.44,0.05,-23.14,0,-12.09,0.000,27.086,0.0400,4.137,0.00,0.0000
7000,-60,0,5472,987.5076,543.28,93.66,24.57,365,17.01,3.843,7.810,0.4899,79.207,0.00,0.0000
7000,-60,1,2260,868.4440,282.49,513.32,17.88,424,14.92,3.043,8.715,0.8889,116.747,0.00,0.0000
7000,-60,2,2,0.3972,0.34,2.16,23.28,0,18.71,3.857,6.399,0.9257,153.787,0.00,0.0000
7000,-50,0,7191,1308.1556,801.96,92.40,25.90,390,24.33,7.773,5.746,0.3534,127.831,0.00,0.0000
7000,-50,1,1503,352.8465,169.45,446.57,43.65,155,23.88,7.650,6.075,0.6581,213.468,0.00,0.0000
7000,-50,2,4,1.1679,0.53,6.10,24.40,0,21.95,5.456,5.326,0.8513,189.750,0.00,0.0000
7000,-40,0,6356,685.6158,478.81,60.84,34.56,203,31.46,12.134,4.078,0.2941,234.997,0.00,0.0000
7000,-40,1,1721,344.6655,193.19,622.07,49.38,102,30.16,11.615,4.672,0.4993,333.448,0.00,0.0000
7000,-40,2,4,0.0037,0.00,4.45,15.99,0,30.10,10.426,3.444,0.7927,437.896,0.00,0.0000
7000,-30,0,4308,632.3093,494.40,85.29,39.33,88,35.67,15.097,3.392,0.3029,397.038,0.00,0.0000
7000,-30,1,3196,704.8577,441.61,1502.45,50.72,151,35.06,14.918,3.716,0.4682,577.128,0.00,0.0000
7000,-30,2,673,125.5156,87.50,978.59,55.81,53,36.25,15.601,3.379,0.5990,776.544,0.00,0.0000
7000,-20,0,1813,417.1984,532.91,39.36,33.70,12,38.19,16.996,3.078,0.2194,398.253,0.00,0.0000
7000,-20,1,2427,690.1510,630.98,1005.65,45.19,30,37.58,16.702,3.269,0.3767,655.387,0.00,0.0000
7000,-20,2,3979,557.1928,320.63,11418.07,55.45,243,37.00,16.418,3.497,0.6477,997.221,0.00,0.0000
7000,-10,0,1813,614.8104,868.61,23.87,38.96,9,38.96,17.598,3.006,0.2455,460.198,0.00,0.0000
7000,-10,1,2036,1083.3513,1266.84,890.86,38.83,1,38.53,17.363,3.080,0.3411,691.160,0.00,0.0000
7000,-10,2,4375,715.8029,492.96,15983.77,55.00,469,36.54,16.293,3.739,0.6851,1058.968,0.00,0.0000
7000,0,0,1846,833.0864,1316.27,31.31,31.30,11,37.43,16.492,3.232,0.2363,399.244,0.00,0.0000
7000,0,1,1778,1417.4865,2012.29,874.52,30.33,8,37.13,16.349,3.282,0.3767,660.489,0.00,0.0000
7000,0,2,4743,1256.9519,1251.41,15193.40,49.42,422,34.30,14.880,4.274,0.6825,850.238,0.00,0.0000
7000,10,0,3085,1076.3284,1101.61,51.66,21.88,94,32.88,13.452,4.122,0.2224,254.137,0.00,0.0000
7000,10,1,2803,1984.9158,2080.09,1424.23,22.76,139,32.51,13.368,4.298,0.4234,472.554,0.00,0.0000
7000,10,2,3557,938.2844,704.83,9541.25,51.63,372,28.61,11.659,5.947,0.7085,542.744,0.00,0.0000
7000,20,0,4045,594.6920,293.17,62.68,18.97,230,24.86,8.939,6.446,0.2078,115.236,0.00,0.0000
7000,20,1,3278,1054.1898,444.18,1548.61,29.50,313,25.38,9.228,6.284,0.5190,292.537,0.00,0.0000
7000,20,2,1122,202.8108,112.64,1978.84,46.88,108,23.05,8.417,7.430,0.6779,318.781,0.00,0.0000
7000,30,0,6793,580.5257,391.12,84.25,18.73,221,16.73,4.770,9.037,0.2637,72.703,0.00,0.0000
7000,30,1,2242,364.6487,129.64,963.77,16.91,150,19.70,5.774,7.535,0.6279,189.127,0.00,0.0000
7000,30,2,239,60.6481,52.51,270.23,3.66,12,15.60,3.897,9.021,0.8284,160.629,0.00,0.0000
7000,40,0,6700,334.3517,273.08,60.51,9.74,104,8.00,1.466,12.532,0.2608,34.313,0.00,0.0000
7000,40,1,1218,139.6301,77.22,490.40,2.34,49,11.43,1.992,10.261,0.7646,96.626,0.00,0.0000
7000,40,2,252,100.0486,59.53,310.29,-1.07,44,11.70,2.175,10.342,0.9220,116.955,0.00,0.0000
7000,50,0,5122,58.0484,88.43,12.21,-0.64,22,-2.49,0.094,18.859,0.1714,10.554,0.00,0.0000
7000,50,1,583,71.6431,53.18,157.23,-6.64,13,3.79,0.228,13.798,0.8728,48.791,0.00,0.0000
7000,50,2,11,0.5756,0.10,15.65,1.49,1,9.27,0.577,9.943,0.9765,72.018,0.00,0.0000
7000,60,0,3853,6.6005,47.26,0.71,-14.45,1,-13.05,0.000,28.077,0.1004,2.944,0.00,0.0000
7000,60,1,2,0.0029,0.00,0.37,0.51,0,-0.12,0.000,15.652,0.8745,24.176,0.00,0.0000
7000,70,0,4656,0.0267,34.56,0.12,-26.61,0,-22.00,0.000,36.998,0.0661,1.464,0.00,0.0000
7000,80,0,3564,0.0000,8.14,0.04,-30.74,0,-28.65,0.000,43.646,0.0529,0.987,0.00,0.0000
8000,-60,0,5440,792.4674,466.27,91.98,25.52,126,29.31,9.962,3.895,0.3960,205.124,0.00,0.0000
8000,-60,1,2292,573.5280,260.54,534.19,25.03,192,27.60,9.007,4.358,0.7704,333.879,0.00,0.0000
8000,-60,2,2,0.1659,0.00,2.23,4.04,0,27.10,8.339,3.934,0.9381,411.768,0.00,0.0000
8000,-50,0,7184,1034.4291,798.29,91.72,33.38,91,34.32,13.578,3.160,0.2604,252.860,0.00,0.0000
8000,-50,1,1510,311.7064,154.28,453.17,5.09,84,33.04,12.957,3.555,0.5147,461.224,0.00,0.0000
8000,-50,2,4,0.5383,0.31,6.24,5.54,0,29.14,9.580,3.447,0.8566,446.154,0.00,0.0000
8000,-40,0,6359,851.2215,835.52,59.81,33.88,52,38.72,16.809,2.528,0.2050,359.719,0.00,0.0000
8000,-40,1,1718,298.1483,191.46,619.03,11.13,11,36.80,15.773,3.071,0.3526,528.457,0.00,0.0000
8000,-40,2,4,0.0148,0.00,4.48,60.62,2,36.65,14.500,2.112,0.5148,487.172,0.00,0.0000
8000,-30,0,4315,863.5235,919.68,84.44,33.07,26,40.49,18.323,2.419,0.2279,526.269,0.00,0.0000
8000,-30,1,3197,860.1131,868.52,1498.95,21.13,20,39.18,17.606,2.804,0.3358,704.171,0.00,0.0000
8000,-30,2,665,165.7858,167.49,963.89,13.60,8,39.46,17.697,2.660,0.4203,905.467,0.00,0.0000
8000,-20,0,1820,547.1700,749.71,39.57,23.18,1,39.94,18.207,2.677,0.1963,478.813,0.00,0.0000
8000,-20,1,2419,1030.5905,1194.34,997.20,35.57,6,39.78,18.099,2.761,0.3195,739.199,0.00,0.0000
8000,-20,2,3980,730.5977,601.82,11360.69,18.38,160,38.58,17.414,3.080,0.5696,1157.296,0.00,0.0000
8000,-10,0,1809,760.3831,1122.84,23.20,10.14,8,37.59,16.684,3.155,0.2572,486.850,0.00,0.0000
8000,-10,1,2044,1462.1263,1926.54,892.27,39.71,12,38.15,16.986,3.046,0.3557,696.895,0.00,0.0000
8000,-10,2,4371,781.7830,697.73,15932.98,15.41,390,35.62,15.622,3.814,0.6950,1075.915,0.00,0.0000
8000,0,0,1847,967.7842,1458.11,31.25,10.31,16,33.62,14.045,3.937,0.2774,357.663,0.00,0.0000
8000,0,1,1770,1677.0428,2338.15,869.13,36.81,81,34.39,14.445,3.750,0.4425,572.258,0.00,0.0000
8000,0,2,4750,1578.0313,1550.04,15217.46,11.96,544,30.82,12.638,4.964,0.7637,737.743,0.00,0.0000
8000,10,0,3088,1036.9113,1052.06,51.78,8.22,119,26.84,9.934,5.622,0.2838,198.431,0.00,0.0000
8000,10,1,2776,1849.9171,1580.17,1407.17,25.73,424,27.38,10.209,5.508,0.5249,346.505,0.00,0.0000
8000,10,2,3581,840.7528,547.02,9580.41,4.59,437,23.08,8.450,7.379,0.8143,401.712,0.00,0.0000
8000,20,0,4052,351.2688,277.52,62.93,-1.22,96,16.78,5.018,9.144,0.2477,69.723,0.00,0.0000
8000,20,1,3269,707.5616,476.40,1549.91,4.34,207,17.79,5.315,8.646,0.6088,172.645,0.00,0.0000
8000,20,2,1124,220.2867,132.59,1980.29,5.21,120,16.13,4.852,9.622,0.7899,203.773,0.00,0.0000
8000,30,0,6806,368.6777,410.96,84.31,-6.42,102,7.18,1.398,13.158,0.2987,35.079,0.00,0.0000
8000,30,1,2237,304.2562,258.20,967.74,-1.74,81,10.63,2.032,11.046,0.7123,96.309,0.00,0.0000
8000,30,2,231,51.6029,32.63,259.78,-13.98,4,5.25,0.661,13.878,0.8792,67.879,0.00,0.0000
8000,40,0,6712,185.7880,287.71,60.22,-14.85,40,-2.76,0.066,19.058,0.2906,15.579,0.00,0.0000
8000,40,1,1216,83.8995,78.91,489.52,-10.10,17,0.93,0.111,15.997,0.8176,41.726,0.00,0.0000
8000,40,2,242,31.8940,18.96,295.29,-13.99,3,1.13,0.086,16.017,0.9583,46.008,0.00,0.0000
8000,50,0,5130,11.0670,59.79,12.51,-24.31,5,-13.99,0.000,29.021,0.1912,5.251,0.00,0.0000
8000,50,1,575,14.6404,31.51,150.09,-19.87,1,-7.49,0.000,22.580,0.9088,21.090,0.00,0.0000
8000,50,2,11,0.2624,0.14,15.19,-5.52,0,0.47,0.000,15.197,0.9949,44.074,0.00,0.0000
8000,60,0,3853,0.0559,27.97,0.67,-30.16,0,-24.30,0.000,39.302,0.1100,1.601,0.00,0.0000
8000,60,1,2,0.0000,0.00,0.35,-17.03,0,-9.33,0.000,24.334,0.9546,24.845,0.00,0.0000
8000,70,0,4656,0.0000,20.94,0.11,-31.61,0,-30.20,0.000,45.202,0.0725,0.838,0.00,0.0000
8000,80,0,3564,0.0000,4.93,0.04,-30.78,0,-30.77,0.000,45.767,0.0575,0.603,0.00,0.0000
9000,-60,0,5409,1243.4839,1095.27,89.72,54.03,54,37.38,14.844,2.086,0.3078,303.631,0.00,0.0000
9000,-60,1,2323,1035.2755,592.35,557.19,53.79,208,35.98,13.852,2.320,0.6527,534.859,0.00,0.0000
9000,-60,2,2,0.0088,0.01,2.34,69.17,0,33.89,12.108,2.348,0.9120,618.924,0.00,0.0000
9000,-50,0,7186,1327.7877,1482.38,91.32,56.82,51,40.91,17.871,1.908,0.1899,315.533,0.00,0.0000
9000,-50,1,1508,470.4493,375.98,457.46,72.99,19,39.48,17.008,2.222,0.4072,597.295,0.00,0.0000
9000,-50,2,4,0.2594,0.00,6.44,71.50,0,35.26,13.132,2.160,0.8372,625.573,0.00,0.0000
9000,-40,0,6378,1050.7735,1307.48,59.64,60.21,39,43.60,20.166,1.735,0.1463,380.764,0.00,0.0000
9000,-40,1,1701,478.6503,495.98,612.91,72.53,9,41.49,18.881,2.215,0.2731,589.416,0.00,0.0000
9000,-40,2,2,0.0000,0.00,2.47,21.12,0,39.11,15.993,1.620,0.4991,666.348,0.00,0.0000
9000,-30,0,4325,1133.5395,1417.07,84.15,59.69,4,43.68,20.516,1.914,0.1789,526.459,0.00,0.0000
9000,-30,1,3208,1274.6363,1502.18,1499.64,63.45,4,42.08,19.598,2.323,0.2654,680.982,0.00,0.0000
9000,-30,2,644,233.3464,267.81,929.28,69.39,5,42.02,19.471,2.256,0.3162,807.212,0.00,0.0000
9000,-20,0,1828,702.2099,983.33,39.82,70.40,2,42.00,19.535,2.339,0.1884,486.202,0.00,0.0000
9000,-20,1,2426,1379.4910,1798.78,1001.30,52.15,0,40.95,18.892,2.567,0.2913,723.777,0.00,0.0000
9000,-20,2,3965,1011.4877,937.43,11298.40,57.90,143,39.84,18.292,2.888,0.5460,1148.619,0.00,0.0000
9000,-10,0,1823,884.3421,1009.89,23.75,72.83,28,38.16,16.968,3.070,0.2682,449.430,0.00,0.0000
9000,-10,1,2035,1655.7875,2204.88,887.62,45.92,22,37.63,16.588,3.141,0.3717,662.148,0.00,0.0000
9000,-10,2,4366,931.2855,894.65,15949.54,50.71,409,35.34,15.466,3.926,0.7385,1020.029,0.00,0.0000
9000,0,0,1847,894.9725,733.30,31.20,62.18,155,32.78,13.370,4.126,0.2973,291.098,0.00,0.0000
9000,0,1,1762,1329.9803,793.10,865.46,38.48,222,32.42,13.096,4.144,0.4876,499.130,0.00,0.0000
9000,0,2,4758,1654.3249,1417.65,15292.15,42.11,630,29.09,11.610,5.451,0.8300,632.224,0.00,0.0000
9000,10,0,3086,1011.7187,646.86,51.58,45.61,453,24.64,8.491,6.178,0.3262,154.828,0.00,0.0000
9000,10,1,2740,1032.3789,552.09,1379.34,29.07,402,24.12,8.268,6.342,0.5824,269.953,0.00,0.0000
9000,10,2,3619,724.0114,363.59,9640.12,26.28,529,19.79,6.818,8.519,0.8777,312.881,0.00,0.0000
9000,20,0,4061,346.2381,286.10,63.28,30.24,129,13.24,3.343,10.452,0.2693,47.314,0.00,0.0000
9000,20,1,3257,699.2528,397.86,1546.61,19.77,341,13.46,3.410,10.283,0.6477,116.200,0.00,0.0000
9000,20,2,1127,209.0928,109.88,1978.82,4.91,117,11.55,3.078,11.581,0.8528,151.073,0.00,0.0000
9000,30,0,6817,380.8521,410.52,83.72,9.94,103,2.26,0.399,15.798,0.3139,21.352,0.00,0.0000
9000,30,1,2234,427.9741,298.59,966.34,10.03,154,5.80,0.647,13.305,0.7391,60.591,0.00,0.0000
9000,30,2,223,40.1132,32.19,247.48,15.08,7,0.85,0.038,16.119,0.8911,36.417,0.00,0.0000
9000,40,0,6731,118.2397,244.90,59.93,-3.03,32,-8.25,0.000,23.528,0.3059,9.783,0.00,0.0000
9000,40,1,1212,55.8114,81.22,486.05,0.19,13,-4.22,0.000,19.676,0.8355,25.162,0.00,0.0000
9000,40,2,227,17.9495,24.73,272.11,6.08,0,-3.43,0.000,18.932,0.9667,25.173,0.00,0.0000
9000,50,0,5143,0.4358,36.63,13.17,-16.18,2,-19.54,0.000,34.540,0.2022,3.633,0.00,0.0000
9000,50,1,562,0.5226,17.45,141.59,-7.26,1,-12.62,0.000,27.619,0.9262,13.995,0.00,0.0000
9000,50,2,11,0.1003,0.13,14.53,-5.54,0,-4.15,0.000,19.150,0.9999,39.956,0.00,0.0000
9000,60,0,3853,0.0000,16.83,0.64,-28.41,0,-29.15,0.000,44.150,0.1163,1.142,0.00,0.0000
9000,60,1,2,0.0000,0.00,0.34,-7.94,0,-13.64,0.000,28.643,1.0000,26.795,0.00,0.0000
9000,70,0,4656,0.0000,12.68,0.11,-31.78,0,-31.71,0.000,46.711,0.0768,0.622,0.00,0.0000
9000,80,0,3564,0.0000,2.99,0.04,-30.80,0,-30.79,0.000,45.786,0.0609,0.519,0.00,0.0000
10000,-60,0,5385,1945.8976,1820.72,88.33,17.88,76,36.45,14.213,2.216,0.3068,311.026,0.00,0.0000
10000,-60,1,2347,1683.3576,1041.19,579.00,15.17,321,34.90,13.198,2.492,0.6672,555.825,0.00,0.0000
10000,-60,2,2,0.3019,0.24,2.43,12.22,0,33.28,11.630,2.338,0.9141,653.305,0.00,0.0000
10000,-50,0,7188,2012.6351,2421.05,90.77,17.81,49,39.87,17.145,2.028,0.1878,319.294,0.00,0.0000
10000,-50,1,1506,919.0893,910.51,460.40,26.07,46,39.20,16.756,2.252,0.4057,602.231,0.00,0.0000
10000,-50,2,4,0.0015,0.00,6.62,12.59,1,34.61,12.626,2.149,0.8318,659.303,0.00,0.0000
10000,-40,0,6386,1235.4246,1756.05,59.24,22.38,26,42.81,19.566,1.804,0.1345,356.315,0.00,0.0000
10000,-40,1,1693,811.7791,910.37,605.81,29.29,14,41.38,18.751,2.216,0.2791,610.940,0.00,0.0000
10000,-40,2,2,0.0000,0.00,2.48,32.92,2,38.43,15.579,1.719,0.5284,695.103,0.00,0.0000
10000,-30,0,4352,1255.5357,1794.45,85.09,28.62,16,43.19,20.132,1.944,0.1600,481.302,0.00,0.0000
10000,-30,1,3198,1529.9868,2013.84,1490.31,30.98,34,42.03,19.506,2.309,0.2495,649.025,0.00,0.0000
10000,-30,2,627,247.1993,288.28,895.42,31.96,24,42.11,19.476,2.221,0.2892,762.286,0.00,0.0000
10000,-20,0,1841,738.5470,1183.15,40.50,21.62,4,41.22,18.920,2.383,0.1847,487.439,0.00,0.0000
10000,-20,1,2440,1521.4241,2240.99,1011.93,32.53,15,40.99,18.925,2.560,0.2814,706.418,0.00,0.0000
10000,-20,2,3938,1179.0029,978.75,11205.55,33.36,337,40.04,18.370,2.827,0.5356,1135.045,0.00,0.0000
10000,-10,0,1832,763.4629,1158.28,23.83,19.93,14,37.67,16.544,3.073,0.2626,454.930,0.00,0.0000
10000,-10,1,2029,1667.6274,2486.30,883.97,30.01,4,37.67,16.659,3.162,0.3665,658.443,0.00,0.0000
10000,-10,2,4363,949.5628,703.34,15980.02,32.28,404,35.75,15.654,3.802,0.7542,1049.315,0.00,0.0000
10000,0,0,1846,463.4527,501.07,30.99,14.23,9,32.22,12.954,4.152,0.2873,290.196,0.00,0.0000
10000,0,1,1748,994.7902,950.19,854.90,28.68,60,32.45,13.167,4.171,0.4847,501.291,0.00,0.0000
10000,0,2,4773,1275.3578,656.63,15382.58,27.10,529,29.56,11.798,5.273,0.8452,654.744,0.00,0.0000
10000,10,0,3085,463.7811,296.15,51.46,7.45,88,24.07,8.193,6.267,0.3427,167.600,0.00,0.0000
10000,10,1,2710,639.7212,452.70,1359.10,24.60,134,24.19,8.338,6.331,0.5895,275.919,0.00,0.0000
10000,10,2,3650,581.8242,302.40,9713.41,28.36,388,20.86,7.205,8.093,0.8909,316.399,0.00,0.0000
10000,20,0,4069,349.7296,246.67,63.54,2.51,154,13.09,3.315,10.448,0.2757,48.739,0.00,0.0000
10000,20,1,3239,634.7901,395.21,1537.52,19.48,273,13.99,3.561,10.000,0.6511,115.177,0.00,0.0000
10000,20,2,1137,206.0089,127.20,1993.18,26.34,113,12.89,3.395,10.889,0.8742,150.085,0.00,0.0000
10000,30,0,6829,418.5775,443.13,83.41,3.08,110,2.71,0.447,15.487,0.3181,20.808,0.00,0.0000
10000,30,1,2239,330.3913,215.89,973.05,7.96,104,6.06,0.725,13.183,0.7408,59.511,0.00,0.0000
10000,30,2,206,43.4060,36.38,226.15,-12.89,9,0.50,0.046,16.497,0.8874,37.479,0.00,0.0000
10000,40,0,6748,138.3284,239.31,59.55,-5.13,29,-7.72,0.000,23.039,0.3130,9.254,0.00,0.0000
10000,40,1,1205,69.9946,94.75,478.39,-7.13,9,-4.15,0.000,19.684,0.8378,24.673,0.00,0.0000
10000,40,2,217,28.5206,36.65,254.46,-14.93,1,-3.58,0.000,19.157,0.9623,25.992,0.00,0.0000
10000,50,0,5149,0.3440,20.38,13.14,-16.88,0,-19.01,0.000,34.015,0.2076,3.203,0.00,0.0000
10000,50,1,556,0.5329,10.62,134.21,-17.69,0,-12.61,0.000,27.612,0.9308,13.410,0.00,0.0000
10000,50,2,11,0.0900,0.15,13.92,-3.22,0,-4.31,0.000,19.318,0.9999,36.566,0.00,0.0000
10000,60,0,3853,0.0000,10.04,0.61,-27.39,0,-28.79,0.000,43.788,0.1199,0.936,0.00,0.0000
10000,60,1,2,0.0000,0.00,0.32,-13.83,0,-13.66,0.000,28.658,1.0000,23.396,0.00,0.0000
10000,70,0,4656,0.0000,7.68,0.10,-31.42,0,-31.67,0.000,46.674,0.0802,0.545,0.00,0.0000
10000,80,0,3564,0.0000,1.81,0.04,-30.81,0,-30.80,0.000,45.804,0.0639,0.470,0.00,0.0000
11000,-60,0,5356,2546.6324,1183.33,86.79,27.06,951,28.12,9.268,4.197,0.3841,197.993,0.00,0.0000
11000,-60,1,2376,2132.2633,896.79,602.92,26.43,753,26.44,8.341,4.672,0.8044,335.259,0.00,0.0000
11000,-60,2,2,1.6457,0.35,2.50,25.88,0,27.29,8.210,3.749,0.9502,416.250,0.00,0.0000
11000,-50,0,7184,2503.7366,1234.06,90.28,39.32,840,33.55,13.076,3.336,0.2486,234.701,0.00,0.0000
11000,-50,1,1510,1296.8444,633.13,467.10,12.18,532,31.81,12.209,3.833,0.5277,457.748,0.00,0.0000
11000,-50,2,4,0.0651,0.00,6.77,30.93,1,29.53,9.515,3.181,0.8989,462.254,0.00,0.0000
11000,-40,0,6390,1533.9178,1297.60,58.63,42.98,192,38.21,16.468,2.633,0.1705,288.901,0.00,0.0000
11000,-40,1,1689,1235.0132,755.86,604.30,16.58,398,35.87,15.219,3.277,0.3798,551.509,0.00,0.0000
11000,-40,2,2,0.0000,0.00,2.47,48.95,0,36.16,14.051,2.163,0.4505,412.436,0.00,0.0000
11000,-30,0,4365,1494.3553,1902.39,84.82,40.86,36,40.14,18.092,2.507,0.1812,412.832,0.00,0.0000
11000,-30,1,3203,1875.2582,2255.86,1489.17,26.79,263,38.65,17.308,2.929,0.2892,586.790,0.00,0.0000
11000,-30,2,609,262.7300,294.18,864.79,22.45,27,38.94,17.419,2.781,0.3432,730.761,0.00,0.0000
11000,-20,0,1846,836.7942,1363.96,40.41,46.25,15,40.01,18.258,2.712,0.1973,467.211,0.00,0.0000
11000,-20,1,2461,1672.6810,2618.62,1025.96,30.51,66,39.56,18.048,2.855,0.2983,684.241,0.00,0.0000
11000,-20,2,3912,1080.4935,1057.08,11129.00,25.63,195,38.22,17.239,3.182,0.5597,1093.105,0.00,0.0000
11000,-10,0,1834,815.4775,1321.69,23.74,38.61,21,37.84,16.871,3.157,0.2543,477.763,0.00,0.0000
11000,-10,1,2031,1644.0543,2384.91,883.80,31.97,141,38.27,17.189,3.102,0.3494,690.110,0.00,0.0000
11000,-10,2,4359,786.1555,535.55,15985.86,22.21,440,35.52,15.647,3.892,0.7431,1129.557,0.00,0.0000
11000,0,0,1853,584.1556,622.58,30.99,43.48,48,34.25,14.445,3.860,0.2600,332.548,0.00,0.0000
11000,0,1,1722,970.9982,628.56,837.62,31.89,192,34.74,14.780,3.754,0.4409,580.191,0.00,0.0000
11000,0,2,4792,1057.6463,522.18,15456.76,20.78,707,31.07,12.904,4.987,0.8114,799.024,0.00,0.0000
11000,10,0,3084,516.7616,393.68,51.49,46.34,152,27.80,10.452,5.400,0.3319,228.194,0.00,0.0000
11000,10,1,2677,783.9980,331.04,1337.19,29.47,323,27.93,10.571,5.422,0.5533,369.318,0.00,0.0000
11000,10,2,3684,716.6796,311.94,9792.65,2.05,576,23.45,8.810,7.385,0.8641,443.712,0.00,0.0000
11000,20,0,4069,410.8947,307.90,63.22,28.37,145,17.79,5.491,8.848,0.2658,73.559,0.00,0.0000
11000,20,1,3223,732.5537,314.74,1529.19,10.90,450,18.36,5.682,8.542,0.6247,176.075,0.00,0.0000
11000,20,2,1153,234.5658,100.34,2020.10,-2.25,148,16.70,5.296,9.552,0.8608,225.407,0.00,0.0000
11000,30,0,6834,609.8344,488.91,82.97,6.39,273,8.12,1.714,12.799,0.3121,35.171,0.00,0.0000
11000,30,1,2238,513.7108,348.06,976.14,16.58,226,11.49,2.359,10.709,0.7204,93.247,0.00,0.0000
11000,30,2,202,52.9357,16.62,220.81,28.95,29,6.51,0.877,13.158,0.8653,64.185,0.00,0.0000
11000,40,0,6755,318.0012,316.34,59.03,-4.93,92,-1.75,0.116,18.401,0.3127,14.877,0.00,0.0000
11000,40,1,1210,199.2859,174.50,482.42,17.10,51,2.08,0.184,15.263,0.8266,38.567,0.00,0.0000
11000,40,2,205,55.3665,14.79,239.49,26.39,22,2.74,0.176,14.985,0.9449,44.466,0.00,0.0000
11000,50,0,5156,7.3403,18.02,13.36,-15.94,6,-12.92,0.000,27.989,0.2098,4.285,0.00,0.0000
11000,50,1,549,10.9543,15.19,128.57,10.41,1,-6.33,0.000,21.482,0.9275,18.379,0.00,0.0000
11000,50,2,11,0.6162,0.62,13.55,13.91,0,0.62,0.000,15.171,0.9976,36.038,0.00,0.0000
11000,60,0,3853,0.0553,6.09,0.58,-23.00,0,-23.30,0.000,38.304,0.1215,0.954,0.00,0.0000
11000,60,1,2,0.0000,0.00,0.30,-16.54,0,-9.59,0.000,24.593,0.9999,18.501,0.00,0.0000
11000,70,0,4656,0.0000,4.65,0.10,-27.20,0,-29.71,0.000,44.710,0.0829,0.479,0.00,0.0000
11000,80,0,3564,0.0000,1.10,0.04,-30.74,0,-30.82,0.000,45.815,0.0666,0.444,0.00,0.0000
12000,-60,0,5345,910.6093,536.75,86.04,13.51,157,15.21,3.016,8.387,0.4649,78.776,0.00,0.0000
12000,-60,1,2387,1012.9339,509.91,614.33,8.41,164,13.15,2.292,9.298,0.9125,120.745,0.00,0.0000
12000,-60,2,2,0.8396,0.02,2.54,19.36,0,18.79,3.678,6.075,0.9733,164.959,0.00,0.0000
12000,-50,0,7176,807.8525,475.68,89.49,19.30,247,22.86,6.871,6.090,0.3313,121.177,0.00,0.0000
12000,-50,1,1517,634.5542,285.30,474.18,36.12,133,22.30,6.735,6.479,0.6692,215.544,0.00,0.0000
12000,-50,2,5,0.0101,0.00,7.87,22.50,3,22.01,5.288,5.118,0.9424,212.196,0.00,0.0000
12000,-40,0,6390,774.5596,609.83,58.28,30.91,69,30.33,11.350,4.279,0.2456,192.634,0.00,0.0000
12000,-40,1,1689,531.8559,264.72,609.39,46.16,41,28.94,10.812,4.931,0.5200,341.585,0.00,0.0000
12000,-40,2,2,0.0000,0.00,2.43,0.56,0,28.09,8.829,3.570,0.4264,218.726,0.00,0.0000
12000,-30,0,4368,1457.0126,1486.88,84.10,37.75,37,34.85,14.511,3.517,0.2459,318.608,0.00,0.0000
12000,-30,1,3204,1124.2763,722.73,1487.76,50.17,68,34.23,14.326,3.857,0.3757,442.125,0.00,0.0000
12000,-30,2,605,201.2738,98.01,855.68,56.66,31,35.56,15.108,3.508,0.4460,573.675,0.00,0.0000
12000,-20,0,1852,821.6520,1079.57,40.59,38.85,9,37.85,16.751,3.130,0.2360,419.280,0.00,0.0000
12000,-20,1,2470,1424.3995,1527.10,1035.33,48.34,58,37.08,16.309,3.325,0.3547,603.625,0.00,0.0000
12000,-20,2,3897,1073.4030,452.07,11121.90,56.27,553,36.44,16.043,3.607,0.6250,925.145,0.00,0.0000
12000,-10,0,1837,797.3171,1116.05,23.80,49.90,10,39.02,17.674,3.015,0.2539,474.197,0.00,0.0000
12000,-10,1,2035,1491.1169,1893.11,886.51,45.69,20,38.45,17.256,3.057,0.3520,705.737,0.00,0.0000
12000,-10,2,4352,658.4702,422.48,16004.68,58.80,491,36.34,16.180,3.786,0.7243,1087.595,0.00,0.0000
12000,0,0,1853,578.4755,708.50,30.66,44.39,10,37.93,16.894,3.185,0.2271,387.068,0.00,0.0000
12000,0,1,1718,745.3348,809.73,832.92,39.11,21,37.44,16.549,3.221,0.3911,694.944,0.00,0.0000
12000,0,2,4796,786.8814,515.43,15513.43,56.64,431,34.55,15.084,4.238,0.7350,940.202,0.00,0.0000
12000,10,0,3085,485.2022,389.73,51.61,35.17,40,33.78,14.133,4.020,0.2892,332.115,0.00,0.0000
12000,10,1,2645,631.8960,514.23,1315.38,30.53,63,33.17,13.833,4.193,0.4825,549.318,0.00,0.0000
12000,10,2,3715,643.8407,298.20,9902.86,59.97,427,29.26,12.078,5.771,0.7830,631.804,0.00,0.0000
12000,20,0,4069,424.4413,241.33,63.15,35.48,153,26.01,9.688,6.235,0.2340,129.051,0.00,0.0000
12000,20,1,3204,638.6495,350.81,1525.26,40.66,229,26.26,9.832,6.120,0.5586,317.911,0.00,0.0000
12000,20,2,1172,254.6500,108.53,2064.34,51.87,177,23.99,8.959,7.154,0.7898,383.034,0.00,0.0000
12000,30,0,6829,661.8624,331.25,82.36,34.91,318,18.03,5.458,8.675,0.2893,78.236,0.00,0.0000
12000,30,1,2237,510.6259,299.12,979.90,28.20,189,20.92,6.473,7.250,0.6587,193.653,0.00,0.0000
12000,30,2,208,45.4462,33.86,228.37,22.00,15,17.17,4.674,8.568,0.8050,154.442,0.00,0.0000
12000,40,0,6749,376.4332,195.31,58.29,28.06,141,9.50,1.939,11.920,0.2996,36.448,0.00,0.0000
12000,40,1,1212,310.7289,148.39,481.50,16.39,126,13.03,2.596,9.709,0.7846,94.529,0.00,0.0000
12000,40,2,209,49.8218,26.31,244.68,16.55,46,13.57,2.952,9.680,0.8955,114.798,0.00,0.0000
12000,50,0,5158,44.2647,33.97,13.48,21.05,14,-0.81,0.185,17.707,0.2059,9.805,0.00,0.0000
12000,50,1,547,87.8789,67.88,127.88,10.67,16,5.47,0.440,12.946,0.9049,46.222,0.00,0.0000
12000,50,2,11,0.6632,0.00,13.49,9.03,1,9.51,0.763,10.145,0.9767,67.013,0.00,0.0000
12000,60,0,3853,4.7727,7.77,0.56,8.00,0,-11.29,0.000,26.374,0.1204,1.712,0.00,0.0000
12000,60,1,2,0.0034,0.00,0.30,24.41,0,-0.21,0.000,15.902,0.9925,22.781,0.00,0.0000
12000,70,0,4656,0.0484,2.87,0.09,-7.28,0,-20.32,0.000,35.317,0.0841,0.464,0.00,0.0000
12000,80,0,3564,0.0000,0.66,0.03,-19.03,0,-27.64,0.000,42.637,0.0689,0.353,0.00,0.0000
13000,-60,0,5366,444.5447,539.97,86.29,-12.78,30,0.60,0.096,16.123,0.5122,25.403,0.00,0.0000
13000,-60,1,2366,447.2372,519.09,599.42,-12.05,40,-1.68,0.036,17.810,0.9531,33.906,0.00,0.0000
13000,-60,2,2,0.3558,0.28,2.51,-10.67,0,7.43,0.264,10.828,0.9851,58.150,0.00,0.0000
13000,-50,0,7182,592.0195,572.86,89.01,-3.39,66,9.89,1.648,11.090,0.3922,48.704,0.00,0.0000
13000,-50,1,1512,432.4682,318.65,473.23,-11.38,62,9.13,1.476,11.508,0.7568,83.553,0.00,0.0000
13000,-50,2,4,0.0116,0.00,6.80,-7.96,0,11.84,1.117,8.574,0.9552,84.902,0.00,0.0000
13000,-40,0,6393,674.2943,459.79,58.20,4.53,190,19.59,5.561,7.336,0.3278,104.884,0.00,0.0000
13000,-40,1,1686,467.1500,211.42,611.27,-2.88,153,18.04,5.005,8.084,0.6392,173.469,0.00,0.0000
13000,-40,2,2,0.0000,0.00,2.39,41.52,0,20.43,4.536,5.522,0.4721,117.404,0.00,0.0000
13000,-30,0,4373,1075.8988,566.72,84.02,13.27,302,26.59,9.453,5.429,0.3351,209.293,0.00,0.0000
13000,-30,1,3201,1012.8095,613.14,1489.77,7.23,292,26.21,9.428,5.710,0.4969,299.620,0.00,0.0000
13000,-30,2,603,151.0913,94.23,854.54,4.47,49,28.12,10.403,5.058,0.6193,426.403,0.00,0.0000
13000,-20,0,1851,999.6191,1230.13,40.38,11.91,73,32.03,12.964,4.267,0.3051,339.528,0.00,0.0000
13000,-20,1,2483,1624.9999,1494.25,1048.85,24.43,146,31.86,12.884,4.371,0.4536,478.329,0.00,0.0000
13000,-20,2,3885,511.3911,209.19,11135.67,11.17,446,31.18,12.600,4.650,0.7440,723.030,0.00,0.0000
13000,-10,0,1839,913.4941,1354.94,23.83,7.97,54,36.06,15.645,3.462,0.2839,465.082,0.00,0.0000
13000,-10,1,2038,1708.6453,2325.40,890.78,36.87,61,36.47,15.873,3.401,0.3953,662.895,0.00,0.0000
13000,-10,2,4347,434.1544,350.32,15992.84,15.13,370,34.03,14.594,4.178,0.7525,982.118,0.00,0.0000
13000,0,0,1854,652.3054,917.72,30.43,11.22,9,38.09,17.001,3.058,0.2177,449.129,0.00,0.0000
13000,0,1,1716,984.6705,1242.35,830.05,43.04,0,38.61,17.306,2.977,0.3703,759.477,0.00,0.0000
13000,0,2,4797,799.0869,736.27,15497.01,18.28,386,35.40,15.588,3.974,0.6806,1034.803,0.00,0.0000
13000,10,0,3087,624.3150,682.93,51.53,12.89,7,37.16,16.430,3.274,0.2381,447.426,0.00,0.0000
13000,10,1,2637,992.9602,946.61,1310.71,41.70,14,37.51,16.654,3.264,0.4052,724.157,0.00,0.0000
13000,10,2,3721,615.4526,416.92,9928.01,21.65,313,33.26,14.465,4.714,0.6700,830.341,0.00,0.0000
13000,20,0,4069,425.8548,395.09,62.93,11.15,41,32.39,13.590,4.565,0.1873,214.304,0.00,0.0000
13000,20,1,3197,811.5331,663.22,1523.05,27.27,105,33.38,14.095,4.285,0.4485,524.669,0.00,0.0000
13000,20,2,1179,206.0673,115.86,2086.41,29.80,99,30.94,12.918,5.219,0.6464,591.592,0.00,0.0000
13000,30,0,6825,553.5123,411.73,82.07,17.81,126,27.62,10.525,5.667,0.2434,169.474,0.00,0.0000
13000,30,1,2230,606.4774,345.36,976.25,22.74,137,30.29,11.745,4.617,0.5196,387.077,0.00,0.0000
13000,30,2,219,85.4932,61.45,241.88,-0.37,27,26.66,9.741,5.625,0.6884,387.660,0.00,0.0000
13000,40,0,6743,548.1046,393.05,58.11,14.34,228,21.51,6.880,7.200,0.2595,95.514,0.00,0.0000
13000,40,1,1204,302.8554,129.71,475.65,13.98,124,24.56,8.017,5.745,0.6757,258.519,0.00,0.0000
13000,40,2,223,39.2561,20.45,262.33,2.00,13,24.04,8.021,6.150,0.7936,324.027,0.00,0.0000
13000,50,0,5153,186.8184,154.86,13.16,5.37,42,13.16,2.927,10.027,0.1860,29.643,0.00,0.0000
13000,50,1,552,291.8513,136.33,130.95,2.20,179,18.39,4.494,7.290,0.8339,164.480,0.00,0.0000
13000,50,2,11,0.0293,0.00,13.71,19.20,0,20.04,4.730,6.149,0.9437,199.628,0.00,0.0000
13000,60,0,3853,50.9244,46.69,0.56,0.14,0,4.50,0.411,13.675,0.1121,5.764,0.00,0.0000
13000,60,1,2,0.3781,0.34,0.30,-0.94,0,10.93,0.982,9.353,0.9562,73.271,0.00,0.0000
13000,70,0,4656,7.6912,8.51,0.09,-1.59,0,-3.09,0.003,18.623,0.0803,1.055,0.00,0.0000
13000,80,0,3564,0.0504,0.45,0.03,0.97,0,-8.81,0.000,23.819,0.0678,0.177,0.00,0.0000
14000,-60,0,5427,77.4787,336.06,88.42,-9.88,8,-9.99,0.000,25.020,0.5366,8.984,0.00,0.0000
14000,-60,1,2305,38.1727,263.87,565.80,-10.05,16,-12.35,0.000,27.359,0.9657,10.144,0.00,0.0000
14000,-60,2,2,0.2767,0.37,2.42,12.01,0,-0.53,0.000,15.854,0.9969,27.677,0.00,0.0000
14000,-50,0,7208,425.1107,495.19,89.08,3.20,94,0.14,0.078,16.504,0.4226,19.428,0.00,0.0000
14000,-50,1,1486,282.4005,291.54,460.32,7.82,41,-0.81,0.058,17.306,0.7924,32.026,0.00,0.0000
14000,-50,2,4,0.0133,0.01,6.65,20.12,2,4.55,0.024,12.189,0.9581,41.612,0.00,0.0000
14000,-40,0,6397,441.2654,370.10,57.92,16.44,109,11.21,2.007,10.517,0.3794,51.704,0.00,0.0000
14000,-40,1,1682,359.1868,244.01,608.56,18.70,69,9.38,1.678,11.664,0.6980,79.613,0.00,0.0000
14000,-40,2,2,0.0000,0.00,2.36,4.89,1,13.29,1.410,7.884,0.7454,119.874,0.00,0.0000
14000,-30,0,4373,641.8543,408.27,83.61,26.53,276,19.71,5.744,7.478,0.4027,120.848,0.00,0.0000
14000,-30,1,3198,801.9517,373.27,1491.01,25.55,254,19.41,5.854,7.844,0.6011,181.666,0.00,0.0000
14000,-30,2,606,183.4903,69.44,863.78,32.27,71,21.81,6.917,6.911,0.7855,281.528,0.00,0.0000
14000,-20,0,1844,961.4198,735.96,39.70,50.39,208,27.63,10.195,5.322,0.3626,227.832,0.00,0.0000
14000,-20,1,2487,1485.5150,784.71,1053.06,27.55,309,26.78,9.848,5.673,0.5428,332.732,0.00,0.0000
14000,-20,2,3888,610.2250,342.65,11190.09,31.56,431,26.23,9.715,5.981,0.8515,489.526,0.00,0.0000
14000,-10,0,1839,954.6775,1046.24,23.78,64.27,91,34.10,14.318,3.896,0.3223,379.727,0.00,0.0000
14000,-10,1,2036,1715.6229,1359.23,891.68,34.82,174,33.83,14.146,3.952,0.4521,557.445,0.00,0.0000
14000,-10,2,4349,618.7838,442.48,16025.11,35.88,401,31.23,12.898,4.872,0.8172,784.497,0.00,0.0000
14000,0,0,1856,792.3016,1077.79,30.34,72.69,13,38.89,17.475,2.936,0.2250,431.986,0.00,0.0000
14000,0,1,1718,1196.3441,1067.61,832.10,41.60,29,38.47,17.165,2.982,0.3762,737.413,0.00,0.0000
14000,0,2,4793,1060.5445,835.33,15490.48,41.25,343,35.20,15.521,4.068,0.6814,983.158,0.00,0.0000
14000,10,0,3095,886.0942,990.06,51.82,75.61,14,40.86,18.839,2.603,0.1961,453.669,0.00,0.0000
14000,10,1,2656,1354.7577,1268.33,1330.26,47.00,7,40.10,18.321,2.747,0.3437,781.968,0.00,0.0000
14000,10,2,3694,766.0344,567.58,9893.43,30.10,158,34.82,15.546,4.375,0.6053,917.403,0.00,0.0000
14000,20,0,4074,610.1138,636.46,62.74,68.23,7,38.36,17.381,3.309,0.1463,270.349,0.00,0.0000
14000,20,1,3200,1160.7613,1117.96,1518.54,43.60,36,38.23,17.226,3.248,0.3420,655.501,0.00,0.0000
14000,20,2,1171,224.6463,174.48,2077.12,15.72,44,34.42,15.225,4.414,0.5202,746.888,0.00,0.0000
14000,30,0,6839,815.0071,802.19,82.55,47.35,16,35.40,15.249,3.775,0.1850,271.924,0.00,0.0000
14000,30,1,2209,678.5572,605.66,963.66,50.71,23,37.87,16.485,2.909,0.3527,538.288,0.00,0.0000
14000,30,2,226,100.0128,49.68,251.29,80.55,5,36.53,15.546,3.200,0.5339,639.025,0.00,0.0000
14000,40,0,6744,727.3038,670.51,58.23,41.37,93,31.58,12.413,4.302,0.1900,179.021,0.00,0.0000
14000,40,1,1199,341.6935,165.46,479.46,60.15,62,35.30,14.197,2.994,0.5079,480.778,0.00,0.0000
14000,40,2,227,64.6816,13.17,271.18,75.70,22,34.92,14.203,3.310,0.6442,601.947,0.00,0.0000
14000,50,0,5149,297.5705,222.90,12.97,35.82,34,25.59,8.435,5.468,0.1417,68.953,0.00,0.0000
14000,50,1,556,153.9975,35.08,135.88,67.51,64,31.51,11.190,3.338,0.6943,382.374,0.00,0.0000
14000,50,2,11,0.0631,0.00,14.18,42.29,3,29.83,9.891,3.421,0.9161,458.457,0.00,0.0000
14000,60,0,3853,121.7680,124.67,0.57,31.04,0,19.83,4.454,6.319,0.0875,16.740,0.00,0.0000
14000,60,1,2,2.8477,2.53,0.31,37.35,0,21.73,4.923,5.189,0.9189,192.062,0.00,0.0000
14000,70,0,4656,68.2659,61.69,0.09,31.87,0,17.20,1.651,5.296,0.0603,2.763,0.00,0.0000
14000,80,0,3564,11.2814,10.36,0.03,31.59,0,18.08,0.384,2.486,0.0506,0.027,0.00,0.0000
15000,-60,0,5475,0.7257,187.19,88.79,-19.30,3,-15.40,0.000,30.399,0.5466,5.078,0.00,0.0000
15000,-60,1,2257,0.2388,139.79,533.54,-22.38,6,-17.79,0.000,32.789,0.9697,5.169,0.00,0.0000
15000,-60,2,2,0.0621,0.01,2.31,-9.60,1,-5.04,0.000,20.037,0.9998,22.955,0.00,0.0000
15000,-50,0,7238,182.1228,372.68,88.51,-12.76,33,-5.36,0.000,20.724,0.4354,11.659,0.00,0.0000
15000,-50,1,1456,129.8259,219.80,440.95,-7.73,29,-5.74,0.000,21.073,0.8031,18.847,0.00,0.0000
15000,-50,2,4,0.0024,0.00,6.42,-5.68,1,0.18,0.000,15.186,0.9790,34.688,0.00,0.0000
15000,-40,0,6404,416.0716,425.82,57.61,-1.96,131,6.22,0.648,12.847,0.4018,33.936,0.00,0.0000
15000,-40,1,1675,335.6470,262.43,601.00,2.72,78,5.00,0.517,13.728,0.7133,49.464,0.00,0.0000
15000,-40,2,2,0.0000,0.00,2.33,-6.53,0,8.60,0.284,10.102,0.9927,126.968,0.00,0.0000
15000,-30,0,4372,465.2801,289.83,82.94,8.10,151,15.51,3.746,8.882,0.4362,85.642,0.00,0.0000
15000,-30,1,3187,712.5134,474.17,1482.23,13.88,194,15.75,4.029,9.015,0.6593,131.986,0.00,0.0000
15000,-30,2,618,141.3483,77.08,882.60,18.66,59,18.65,5.153,7.789,0.8732,214.397,0.00,0.0000
15000,-20,0,1838,522.0560,388.54,39.07,10.64,77,24.22,8.171,6.157,0.3814,172.717,0.00,0.0000
15000,-20,1,2480,895.8524,459.56,1047.94,18.62,322,23.86,8.147,6.435,0.5812,253.562,0.00,0.0000
15000,-20,2,3901,667.4646,248.35,11248.65,26.27,508,23.71,8.123,6.578,0.9041,375.074,0.00,0.0000
15000,-10,0,1839,694.3300,630.89,23.75,20.75,82,32.18,12.951,4.213,0.3377,326.019,0.00,0.0000
15000,-10,1,2029,1298.4040,1149.10,888.78,23.35,161,32.01,12.993,4.340,0.4787,476.888,0.00,0.0000
15000,-10,2,4356,567.9300,227.14,16081.47,35.10,460,29.96,11.938,5.085,0.8623,670.121,0.00,0.0000
15000,0,0,1860,738.9914,1029.20,30.44,22.88,42,38.04,16.755,2.987,0.2293,414.900,0.00,0.0000
15000,0,1,1719,1179.6466,1392.96,834.94,29.94,72,37.83,16.740,3.085,0.3817,690.492,0.00,0.0000
15000,0,2,4788,1187.0659,1067.30,15503.98,40.32,459,35.25,15.387,3.976,0.6930,921.630,0.00,0.0000
15000,10,0,3106,876.9929,1266.41,52.17,23.19,9,41.17,18.902,2.432,0.1676,427.727,0.00,0.0000
15000,10,1,2672,1431.2379,1819.97,1342.71,35.65,18,40.82,18.791,2.571,0.3049,754.263,0.00,0.0000
15000,10,2,3667,846.4218,690.09,9857.49,54.62,222,36.70,16.638,3.945,0.5712,895.500,0.00,0.0000
15000,20,0,4090,745.8452,960.39,63.55,28.40,0,40.50,18.662,2.777,0.1201,281.502,0.00,0.0000
15000,20,1,3208,1419.1793,1752.30,1522.15,49.50,12,41.09,19.079,2.675,0.2807,672.140,0.00,0.0000
15000,20,2,1147,308.9202,273.52,2046.25,65.29,20,37.61,17.156,3.703,0.4485,753.849,0.00,0.0000
15000,30,0,6858,1163.1225,1333.18,83.19,43.03,24,39.69,17.946,2.835,0.1403,297.112,0.00,0.0000
15000,30,1,2194,931.1190,1078.63,955.01,42.80,47,41.60,18.917,2.184,0.2676,600.638,0.00,0.0000
15000,30,2,222,114.3553,121.37,247.07,17.27,2,40.10,17.799,2.366,0.4309,824.916,0.00,0.0000
15000,40,0,6750,928.8017,1023.23,58.29,44.85,53,37.53,16.035,2.920,0.1346,208.289,0.00,0.0000
15000,40,1,1193,461.2522,413.65,481.55,28.84,39,40.14,17.297,1.968,0.3953,645.540,0.00,0.0000
15000,40,2,227,74.6479,65.85,273.53,15.72,4,39.08,16.799,2.322,0.5345,836.358,0.00,0.0000
15000,50,0,5146,331.3520,353.27,12.74,43.03,21,33.29,12.672,3.351,0.0984,88.215,0.00,0.0000
15000,50,1,559,220.6544,191.05,139.77,18.78,7,37.59,14.893,1.951,0.5672,591.469,0.00,0.0000
15000,50,2,11,0.3645,0.29,14.70,29.22,0,34.66,12.768,2.270,0.8701,689.217,0.00,0.0000
15000,60,0,3853,112.7093,162.77,0.57,37.43,0,29.51,9.041,3.168,0.0569,23.984,0.00,0.0000
15000,60,1,2,4.2938,4.94,0.33,35.29,0,29.04,8.622,3.099,0.8816,301.310,0.00,0.0000
15000,70,0,4656,87.5796,105.15,0.08,32.80,0,30.62,6.614,0.914,0.0269,3.895,0.00,0.0000
15000,80,0,3564,38.6952,36.46,0.03,34.01,0,33.05,4.702,0.004,0.0183,0.006,0.00,0.0000
16000,-60,0,5537,1.9721,114.59,90.53,-10.95,2,-14.76,0.000,29.764,0.5522,5.009,0.00,0.0000
16000,-60,1,2195,0.2965,82.48,501.52,-14.81,3,-17.16,0.000,32.160,0.9709,5.340,0.00,0.0000
16000,-60,2,2,0.0052,0.01,2.21,-11.43,0,-5.10,0.000,20.102,0.9994,21.495,0.00,0.0000
16000,-50,0,7266,216.3476,365.30,87.95,1.80,29,-4.69,0.000,20.178,0.4393,11.733,0.00,0.0000
16000,-50,1,1428,128.1911,206.75,423.25,-18.17,7,-5.56,0.000,20.994,0.8018,19.850,0.00,0.0000
16000,-50,2,4,0.0000,0.00,6.20,-6.25,1,0.04,0.000,15.409,0.9858,32.880,0.00,0.0000
16000,-40,0,6410,523.3561,454.29,57.29,11.70,214,6.74,0.803,12.664,0.4080,35.118,0.00,0.0000
16000,-40,1,1669,370.3571,310.21,593.66,-9.46,82,4.99,0.631,13.916,0.7082,52.216,0.00,0.0000
16000,-40,2,2,0.0000,0.00,2.32,28.08,0,9.75,0.409,9.473,0.9998,113.477,0.00,0.0000
16000,-30,0,4370,563.9448,428.08,82.37,16.54,207,15.87,4.009,8.828,0.4457,90.132,0.00,0.0000
16000,-30,1,3182,805.5009,431.23,1480.92,6.15,348,15.71,4.179,9.150,0.6835,144.267,0.00,0.0000
16000,-30,2,625,155.4516,95.80,897.89,1.48,71,18.29,5.187,8.024,0.9053,234.151,0.00,0.0000
16000,-20,0,1834,487.1569,461.31,38.63,21.12,70,24.32,8.388,6.243,0.3664,172.098,0.00,0.0000
16000,-20,1,2459,616.8866,264.29,1030.80,20.57,338,24.01,8.299,6.421,0.5729,258.416,0.00,0.0000
16000,-20,2,3926,446.3325,188.72,11306.96,10.12,397,23.38,8.092,6.724,0.9102,398.203,0.00,0.0000
16000,-10,0,1838,662.6846,758.39,23.56,18.53,37,31.68,12.831,4.412,0.3262,329.364,0.00,0.0000
16000,-10,1,2021,1115.4392,950.22,883.46,30.93,94,32.22,13.124,4.294,0.4588,470.950,0.00,0.0000
16000,-10,2,4365,472.1760,228.37,16113.72,13.40,442,29.38,11.697,5.236,0.8665,706.138,0.00,0.0000
16000,0,0,1865,708.7416,941.92,30.58,30.36,13,37.51,16.570,3.144,0.2255,415.968,0.00,0.0000
16000,0,1,1716,1088.5206,947.44,833.96,36.88,47,38.01,16.880,3.074,0.3669,673.160,0.00,0.0000
16000,0,2,4786,1089.8326,773.51,15491.66,18.44,379,34.48,14.968,4.134,0.6910,939.492,0.00,0.0000
16000,10,0,3116,860.0036,1188.71,52.27,42.28,19,40.67,18.710,2.581,0.1525,386.328,0.00,0.0000
16000,10,1,2701,1415.9098,1366.44,1363.45,38.99,30,40.83,18.876,2.615,0.2820,698.323,0.00,0.0000
16000,10,2,3628,770.6906,579.19,9777.82,8.10,185,35.45,15.840,4.152,0.5621,907.505,0.00,0.0000
16000,20,0,4102,783.8402,1083.96,63.75,33.74,8,39.57,18.181,3.008,0.1136,265.897,0.00,0.0000
16000,20,1,3219,1652.0220,2140.65,1523.53,22.69,20,40.18,18.504,2.818,0.2767,663.247,0.00,0.0000
16000,20,2,1124,385.7113,342.30,2007.86,13.46,22,36.42,16.338,3.869,0.4328,745.391,0.00,0.0000
16000,30,0,6870,1369.6014,1743.95,82.88,23.15,32,38.46,17.190,3.070,0.1306,271.719,0.00,0.0000
16000,30,1,2183,1192.0942,1535.33,945.31,33.12,12,40.72,18.362,2.339,0.2775,603.788,0.00,0.0000
16000,30,2,221,184.7119,219.96,246.34,42.30,2,38.98,17.184,2.636,0.4460,800.486,0.00,0.0000
16000,40,0,6749,1193.9577,1516.48,57.60,17.06,50,36.00,15.100,3.212,0.1276,193.911,0.00,0.0000
16000,40,1,1190,782.5520,727.19,481.59,40.85,17,39.20,16.712,2.176,0.4102,631.230,0.00,0.0000
16000,40,2,231,192.1549,189.27,280.60,45.64,3,38.09,16.273,2.577,0.5520,807.182,0.00,0.0000
16000,50,0,5145,397.9501,454.06,12.67,9.14,46,31.35,11.569,3.781,0.0906,82.181,0.00,0.0000
16000,50,1,560,416.3826,133.37,143.73,38.61,54,36.32,14.152,2.220,0.5775,568.151,0.00,0.0000
16000,50,2,11,2.4873,0.00,15.22,40.01,2,34.37,12.542,2.295,0.8737,663.634,0.00,0.0000
16000,60,0,3853,81.9055,129.61,0.57,8.01,9,27.37,7.951,3.722,0.0492,22.873,0.00,0.0000
16000,60,1,2,3.9605,1.02,0.34,0.21,1,27.36,7.733,3.382,0.8535,302.687,0.00,0.0000
16000,70,0,4656,49.1804,101.52,0.08,15.55,0,28.22,5.481,1.412,0.0158,4.882,0.00,0.0000
16000,80,0,3564,16.8533,34.69,0.03,21.94,0,30.74,3.476,0.025,0.0044,0.024,0.00,0.0000
17000,-60,0,5604,68.1845,124.54,93.44,4.39,7,-7.71,0.000,22.855,0.5531,8.790,0.00,0.0000
17000,-60,1,2128,33.1247,73.43,473.76,2.07,8,-10.15,0.000,25.206,0.9673,10.647,0.00,0.0000
17000,-60,2,2,0.0623,0.04,2.15,15.22,0,0.45,0.000,15.173,0.9935,23.723,0.00,0.0000
17000,-50,0,7280,525.3630,529.46,87.37,13.90,92,2.33,0.230,15.132,0.4340,20.011,0.00,0.0000
17000,-50,1,1414,351.9160,284.67,415.63,29.45,81,1.78,0.202,15.599,0.7876,33.167,0.00,0.0000
17000,-50,2,4,0.0001,0.00,6.09,20.10,2,5.41,0.064,11.851,0.9712,36.715,0.00,0.0000
17000,-40,0,6411,675.5107,472.44,56.88,26.74,291,13.21,2.750,9.702,0.3985,56.529,0.00,0.0000
17000,-40,1,1668,523.0627,258.33,593.61,41.94,233,11.76,2.439,10.609,0.6806,82.260,0.00,0.0000
17000,-40,2,2,0.0000,0.00,2.33,-0.38,0,13.65,1.826,8.015,0.9913,129.425,0.00,0.0000
17000,-30,0,4361,683.3712,371.77,81.55,35.20,358,21.44,6.627,6.944,0.4293,137.596,0.00,0.0000
17000,-30,1,3174,876.5933,448.79,1482.29,46.28,404,21.33,6.796,7.217,0.6646,216.928,0.00,0.0000
17000,-30,2,642,218.1295,83.88,931.38,53.89,144,23.76,7.929,6.338,0.8783,332.235,0.00,0.0000
17000,-20,0,1831,453.7007,336.27,38.21,44.79,81,29.08,11.094,5.012,0.3216,216.641,0.00,0.0000
17000,-20,1,2433,471.3158,279.27,1011.05,46.30,159,28.18,10.654,5.296,0.5246,343.220,0.00,0.0000
17000,-20,2,3955,531.5735,235.56,11416.97,52.46,491,27.84,10.609,5.558,0.8665,531.675,0.00,0.0000
17000,-10,0,1841,688.5135,626.96,23.43,59.65,80,35.28,15.120,3.707,0.2888,357.603,0.00,0.0000
17000,-10,1,2010,916.5883,932.75,874.86,47.81,43,34.66,14.677,3.763,0.4064,535.150,0.00,0.0000
17000,-10,2,4373,429.7080,233.79,16168.63,56.54,372,32.40,13.590,4.613,0.8157,824.906,0.00,0.0000
17000,0,0,1868,726.6837,1079.74,30.51,57.31,24,39.40,17.869,2.893,0.2110,412.946,0.00,0.0000
17000,0,1,1727,1020.3204,1271.52,842.35,44.10,6,38.72,17.344,2.929,0.3423,690.595,0.00,0.0000
17000,0,2,4772,970.2323,962.68,15477.98,57.55,346,35.77,15.860,3.957,0.6598,943.237,0.00,0.0000
17000,10,0,3133,827.0164,1371.63,53.03,48.76,9,40.58,18.677,2.682,0.1497,343.918,0.00,0.0000
17000,10,1,2723,1368.5063,1874.29,1383.86,38.94,17,39.72,18.085,2.813,0.2863,650.129,0.00,0.0000
17000,10,2,3589,815.9642,696.28,9719.80,59.22,362,34.87,15.548,4.386,0.5706,819.588,0.00,0.0000
17000,20,0,4110,926.5636,1368.04,63.31,49.73,22,37.63,16.874,3.452,0.1277,225.662,0.00,0.0000
17000,20,1,3220,2079.2729,2804.02,1514.48,46.87,97,37.61,16.819,3.383,0.3218,582.422,0.00,0.0000
17000,20,2,1115,547.0191,440.06,1990.11,46.19,169,33.68,14.704,4.594,0.4756,636.818,0.00,0.0000
17000,30,0,6878,1795.9008,2364.30,82.65,45.08,30,34.18,14.419,4.022,0.1592,211.387,0.00,0.0000
17000,30,1,2171,1518.9343,1487.02,939.03,37.40,48,36.52,15.603,3.193,0.3644,511.720,0.00,0.0000
17000,30,2,225,199.4296,17.70,252.53,41.44,30,34.91,14.496,3.565,0.5582,602.884,0.00,0.0000
17000,40,0,6749,1524.3902,1721.99,57.41,39.66,113,29.83,11.317,4.726,0.1644,139.918,0.00,0.0000
17000,40,1,1179,757.7042,129.85,477.94,30.81,190,33.26,12.883,3.413,0.5295,453.201,0.00,0.0000
17000,40,2,242,189.6688,8.52,296.30,34.82,39,33.01,12.933,3.710,0.6775,566.910,0.00,0.0000
17000,50,0,5144,361.8786,310.49,12.63,34.56,42,23.32,7.179,6.139,0.1153,53.482,0.00,0.0000
17000,50,1,561,219.3251,58.00,147.87,29.94,56,29.10,9.711,3.905,0.6995,345.992,0.00,0.0000
17000,50,2,11,0.0156,0.00,15.64,18.28,2,28.57,9.023,3.558,0.9272,425.976,0.00,0.0000
17000,60,0,3853,63.9580,121.75,0.56,23.61,3,16.76,3.161,7.451,0.0664,15.286,0.00,0.0000
17000,60,1,2,0.1662,0.00,0.35,41.35,0,21.09,4.395,5.210,0.8675,158.809,0.00,0.0000
17000,70,0,4656,29.7672,84.53,0.08,10.37,0,12.57,0.788,7.538,0.0336,7.055,0.00,0.0000
17000,80,0,3564,3.1406,23.23,0.03,2.54,0,12.17,0.072,5.675,0.0114,4.223,0.00,0.0000
18000,-60,0,5617,470.3669,354.46,93.59,-2.04,68,3.95,0.377,14.064,0.5389,27.837,0.00,0.0000
18000,-60,1,2115,398.2221,273.30,467.66,-2.24,123,1.55,0.181,15.609,0.9469,37.737,0.00,0.0000
18000,-60,2,2,0.3839,0.28,2.14,-4.69,1,8.70,0.563,10.496,0.9566,58.639,0.00,0.0000
18000,-50,0,7281,855.4357,520.41,86.94,4.21,252,12.91,2.683,9.840,0.4100,55.058,0.00,0.0000
18000,-50,1,1413,376.6385,174.23,416.76,1.26,105,12.30,2.548,10.200,0.7459,91.621,0.00,0.0000
18000,-50,2,4,0.0000,0.00,6.06,-2.66,0,12.85,1.644,8.487,0.9084,82.773,0.00,0.0000
18000,-40,0,6406,773.4532,493.60,56.30,10.51,272,22.14,6.910,6.607,0.3620,128.033,0.00,0.0000
18000,-40,1,1672,397.0129,164.42,596.59,8.85,180,20.72,6.379,7.273,0.6124,184.661,0.00,0.0000
18000,-40,2,3,0.7416,0.56,3.38,42.27,0,22.33,5.816,5.275,0.9357,239.127,0.00,0.0000
18000,-30,0,4357,638.4297,378.43,81.25,19.43,273,28.61,10.697,4.969,0.3761,258.860,0.00,0.0000
18000,-30,1,3160,932.0223,534.07,1482.04,15.60,328,28.25,10.677,5.253,0.5893,401.137,0.00,0.0000
18000,-30,2,660,178.8086,91.72,964.01,14.77,91,30.00,11.570,4.662,0.7705,577.232,0.00,0.0000
18000,-20,0,1833,384.7796,421.75,38.13,16.46,8,33.42,13.851,3.971,0.2634,318.829,0.00,0.0000
18000,-20,1,2405,588.8423,476.02,990.15,28.01,47,33.23,13.814,4.127,0.4487,514.509,0.00,0.0000
18000,-20,2,3981,457.4413,208.88,11480.71,19.50,400,32.67,13.583,4.358,0.7604,804.828,0.00,0.0000
18000,-10,0,1841,555.2032,760.21,23.18,13.02,11,36.80,16.101,3.316,0.2563,436.463,0.00,0.0000
18000,-10,1,2007,949.7368,868.91,868.44,35.70,14,37.04,16.302,3.320,0.3574,633.914,0.00,0.0000
18000,-10,2,4376,500.3450,340.15,16144.54,21.78,405,34.83,15.140,4.036,0.7326,1012.116,0.00,0.0000
18000,0,0,1870,714.9866,1147.89,30.32,12.25,4,38.04,16.903,3.049,0.2145,435.171,0.00,0.0000
18000,0,1,1735,1100.3175,1150.81,846.58,39.77,0,38.44,17.183,2.997,0.3423,698.515,0.00,0.0000
18000,0,2,4762,1011.5316,1151.30,15428.26,21.34,313,35.39,15.580,3.989,0.6451,949.958,0.00,0.0000
18000,10,0,3140,987.3406,1535.23,53.01,9.50,14,36.32,15.782,3.399,0.1782,315.756,0.00,0.0000
18000,10,1,2747,1628.4038,2031.43,1403.55,37.26,7,36.59,15.988,3.413,0.3401,576.709,0.00,0.0000
18000,10,2,3558,593.4573,477.74,9671.82,24.66,248,32.37,13.911,4.943,0.6178,702.288,0.00,0.0000
18000,20,0,4115,984.5481,1028.07,63.25,5.91,168,30.84,12.520,4.869,0.1676,176.531,0.00,0.0000
18000,20,1,3217,1989.9017,1367.08,1514.84,26.28,354,31.90,13.065,4.553,0.4180,446.703,0.00,0.0000
18000,20,2,1113,306.4404,114.60,1985.99,29.61,165,29.34,11.963,5.656,0.5641,468.428,0.00,0.0000
18000,30,0,6879,1446.1262,678.74,82.16,11.74,497,25.41,9.161,6.195,0.2164,135.216,0.00,0.0000
18000,30,1,2163,878.9794,226.45,936.72,16.72,274,28.14,10.341,5.068,0.5089,343.318,0.00,0.0000
18000,30,2,232,8.1172,1.76,262.15,-9.39,3,24.23,8.256,6.197,0.7294,358.874,0.00,0.0000
18000,40,0,6741,902.1802,313.96,56.52,6.69,360,18.66,5.372,8.053,0.2206,73.860,0.00,0.0000
18000,40,1,1180,142.7655,60.65,477.59,2.57,72,21.75,6.418,6.475,0.6802,230.365,0.00,0.0000
18000,40,2,249,5.9621,1.64,307.13,-10.46,6,21.33,6.485,6.823,0.8407,294.221,0.00,0.0000
18000,50,0,5143,187.9306,147.62,12.50,-3.93,70,9.74,1.769,11.437,0.1495,24.384,0.00,0.0000
18000,50,1,562,90.8870,24.50,149.68,-10.10,35,15.21,3.032,8.308,0.8227,142.318,0.00,0.0000
18000,50,2,11,0.0001,0.00,15.80,6.80,2,18.58,3.830,6.374,0.9637,178.253,0.00,0.0000
18000,60,0,3853,45.7413,102.08,0.54,-13.34,3,0.47,0.115,16.250,0.0877,6.774,0.00,0.0000
18000,60,1,2,0.0000,0.00,0.35,-4.66,0,9.56,0.502,9.592,0.8714,58.145,0.00,0.0000
18000,70,0,4656,8.3460,57.06,0.08,-20.96,0,-7.84,0.000,22.965,0.0563,3.372,0.00,0.0000
18000,80,0,3564,0.0110,14.08,0.03,-27.07,0,-15.05,0.000,30.048,0.0428,3.530,0.00,0.0000
19000,-60,0,5589,1328.8740,686.71,92.01,36.61,515,18.53,4.514,7.277,0.4881,91.863,0.00,0.0000
19000,-60,1,2143,854.3388,204.94,481.63,35.93,462,16.46,3.602,8.065,0.8843,135.591,0.00,0.0000
19000,-60,2,2,0.0695,0.00,2.18,46.44,0,19.41,4.260,6.176,0.9299,178.354,0.00,0.0000
19000,-50,0,7274,1085.4515,677.44,86.69,46.04,405,25.74,8.551,5.372,0.3465,142.183,0.00,0.0000
19000,-50,1,1420,350.1715,190.40,424.53,37.37,147,24.21,7.897,5.966,0.6498,248.580,0.00,0.0000
19000,-50,2,4,0.0091,0.01,6.14,51.72,0,22.54,5.803,5.192,0.8508,214.318,0.00,0.0000
19000,-40,0,6401,823.2531,615.17,55.70,50.38,132,32.43,12.793,3.892,0.2852,253.147,0.00,0.0000
19000,-40,1,1676,375.1050,289.16,599.82,38.59,36,30.16,11.677,4.664,0.4855,369.261,0.00,0.0000
19000,-40,2,4,0.1356,0.00,4.46,33.94,2,31.51,11.148,3.120,0.7626,442.522,0.00,0.0000
19000,-30,0,4353,739.2057,658.27,80.72,48.44,39,36.20,15.512,3.308,0.2940,417.557,0.00,0.0000
19000,-30,1,3151,965.3139,695.70,1477.55,41.03,52,35.01,14.953,3.733,0.4572,612.781,0.00,0.0000
19000,-30,2,673,181.4709,109.43,983.78,41.52,26,35.85,15.399,3.433,0.5809,819.997,0.00,0.0000
19000,-20,0,1837,453.7043,535.84,38.09,63.09,2,38.31,17.117,3.059,0.2155,407.463,0.00,0.0000
19000,-20,1,2399,814.0777,675.81,987.53,35.79,5,37.56,16.742,3.281,0.3720,677.917,0.00,0.0000
19000,-20,2,3983,520.8672,407.80,11472.91,37.74,144,36.53,16.191,3.590,0.6409,1041.170,0.00,0.0000
19000,-10,0,1845,663.7989,950.91,23.36,61.66,10,38.32,17.213,3.105,0.2504,474.429,0.00,0.0000
19000,-10,1,2002,1026.7712,1281.71,862.51,34.64,0,38.35,17.244,3.111,0.3418,692.049,0.00,0.0000
19000,-10,2,4377,611.7363,528.60,16095.64,32.92,345,35.71,15.835,3.915,0.6880,1083.226,0.00,0.0000
19000,0,0,1876,905.1885,1303.68,30.65,62.43,22,36.72,16.074,3.372,0.2443,397.795,0.00,0.0000
19000,0,1,1746,1232.1124,1677.47,860.14,34.88,2,36.80,16.095,3.339,0.3855,649.958,0.00,0.0000
19000,0,2,4745,1154.1635,1409.40,15397.86,29.82,305,33.18,14.275,4.541,0.6947,851.780,0.00,0.0000
19000,10,0,3146,1237.7755,1107.17,53.23,58.81,219,32.18,13.098,4.330,0.2327,247.885,0.00,0.0000
19000,10,1,2734,1883.5462,1926.47,1395.75,32.91,206,31.90,12.953,4.417,0.4388,456.566,0.00,0.0000
19000,10,2,3565,680.9612,507.62,9681.49,8.65,399,26.91,10.788,6.416,0.7237,540.576,0.00,0.0000
19000,20,0,4119,718.0565,390.82,63.31,39.38,191,23.63,8.414,6.914,0.2171,109.783,0.00,0.0000
19000,20,1,3203,1164.0502,530.07,1510.27,17.88,372,23.96,8.510,6.704,0.5361,280.082,0.00,0.0000
19000,20,2,1123,151.2376,75.16,1995.56,-5.85,87,21.34,7.641,8.019,0.6932,312.229,0.00,0.0000
19000,30,0,6879,579.5059,454.80,81.47,12.17,151,15.09,4.182,9.752,0.2722,68.440,0.00,0.0000
19000,30,1,2155,298.1780,164.00,934.55,21.00,125,18.37,5.165,8.002,0.6478,175.644,0.00,0.0000
19000,30,2,240,7.1727,6.44,271.63,38.61,2,14.32,3.429,9.615,0.8387,141.056,0.00,0.0000
19000,40,0,6746,222.7071,192.73,56.37,-0.16,103,6.13,1.098,13.589,0.2680,31.776,0.00,0.0000
19000,40,1,1174,90.1338,60.87,476.13,19.56,25,10.11,1.597,10.900,0.7793,85.441,0.00,0.0000
19000,40,2,250,9.5467,8.19,308.68,31.49,1,10.50,1.786,10.930,0.9293,101.006,0.00,0.0000
19000,50,0,5144,38.4865,79.70,12.36,-12.39,12,-4.52,0.045,20.494,0.1767,9.982,0.00,0.0000
19000,50,1,561,43.3582,43.56,147.53,14.20,4,2.29,0.120,14.763,0.8834,42.048,0.00,0.0000
19000,50,2,11,0.0001,0.00,15.64,12.53,1,8.29,0.387,10.437,0.9785,64.352,0.00,0.0000
19000,60,0,3853,5.8937,63.89,0.52,-22.44,1,-15.00,0.000,30.007,0.1017,2.776,0.00,0.0000
19000,60,1,2,0.0000,0.00,0.34,-9.46,0,-1.95,0.000,17.243,0.8801,24.252,0.00,0.0000
19000,70,0,4656,0.0034,34.57,0.07,-28.72,0,-23.56,0.000,38.564,0.0670,1.366,0.00,0.0000
19000,80,0,3564,0.0000,8.53,0.02,-30.76,0,-29.41,0.000,44.409,0.0536,0.900,0.00,0.0000
20000,-60,0,5544,889.6023,513.81,89.11,32.48,122,31.11,10.974,3.464,0.3873,220.329,0.00,0.0000
20000,-60,1,2188,767.4319,394.56,503.60,25.67,315,29.38,9.989,3.918,0.7564,356.851,0.00,0.0000
20000,-60,2,2,0.0001,0.00,2.25,28.06,0,29.13,9.275,3.473,0.9329,428.156,0.00,0.0000
20000,-50,0,7266,887.5557,812.36,85.97,31.08,31,35.83,14.515,2.861,0.2499,264.589,0.00,0.0000
20000,-50,1,1428,350.9166,179.62,431.75,48.53,77,35.25,14.311,3.159,0.5000,463.552,0.00,0.0000
20000,-50,2,4,0.0405,0.00,6.29,27.81,2,31.06,10.517,3.055,0.8536,458.992,0.00,0.0000
20000,-40,0,6406,926.8889,1006.28,55.55,37.30,13,40.04,17.683,2.312,0.1945,363.612,0.00,0.0000
20000,-40,1,1671,610.3353,572.71,596.98,51.60,6,38.69,17.047,2.808,0.3378,519.302,0.00,0.0000
20000,-40,2,4,0.0000,0.00,4.47,19.23,1,36.69,14.623,2.123,0.4811,497.875,0.00,0.0000
20000,-30,0,4358,1076.8535,1164.81,80.41,40.45,4,41.52,19.013,2.278,0.2192,525.152,0.00,0.0000
20000,-30,1,3155,1303.0231,1413.31,1475.71,50.80,10,40.54,18.552,2.625,0.3221,688.231,0.00,0.0000
20000,-30,2,664,195.7610,199.43,967.78,54.91,7,40.98,18.773,2.479,0.3993,867.450,0.00,0.0000
20000,-20,0,1841,564.2512,774.78,37.99,30.82,3,40.94,18.821,2.529,0.1932,473.994,0.00,0.0000
20000,-20,1,2397,1154.0997,1300.48,982.48,44.09,5,40.46,18.621,2.703,0.3135,731.349,0.00,0.0000
20000,-20,2,3981,799.2009,667.98,11427.91,53.48,134,39.67,18.163,2.943,0.5616,1129.125,0.00,0.0000
20000,-10,0,1851,737.4371,1120.08,23.73,34.28,5,38.67,17.317,2.995,0.2581,468.871,0.00,0.0000
20000,-10,1,2003,1380.4255,1839.85,865.76,34.22,1,38.30,17.162,3.090,0.3578,693.036,0.00,0.0000
20000,-10,2,4370,736.1332,640.29,16073.31,50.79,356,36.41,16.134,3.715,0.6965,1038.676,0.00,0.0000
20000,0,0,1877,886.0133,1113.01,30.25,25.04,19,34.26,14.307,3.790,0.2796,337.600,0.00,0.0000
20000,0,1,1739,1326.4021,1471.72,855.65,25.63,80,34.10,14.295,3.855,0.4518,565.142,0.00,0.0000
20000,0,2,4751,1445.6058,1623.73,15452.59,42.84,513,31.27,12.882,4.905,0.7712,702.475,0.00,0.0000
20000,10,0,3147,834.8335,642.76,53.15,14.93,154,27.01,9.812,5.465,0.2904,187.301,0.00,0.0000
20000,10,1,2710,1177.0551,555.78,1380.10,18.11,307,26.79,9.843,5.658,0.5383,335.681,0.00,0.0000
20000,10,2,3588,572.7380,303.85,9743.46,42.61,321,23.22,8.514,7.409,0.8244,374.584,0.00,0.0000
20000,20,0,4123,321.8678,227.65,63.29,10.15,91,16.70,4.771,9.032,0.2542,65.063,0.00,0.0000
20000,20,1,3193,582.0811,364.23,1509.10,21.35,174,17.41,5.059,8.745,0.6196,161.001,0.00,0.0000
20000,20,2,1129,173.3077,101.88,2005.03,37.43,89,15.70,4.692,9.859,0.8001,190.495,0.00,0.0000
20000,30,0,6882,424.9159,369.34,80.63,8.28,99,6.76,1.206,13.277,0.3041,32.323,0.00,0.0000
20000,30,1,2162,328.9542,279.93,941.08,8.68,59,10.00,1.764,11.252,0.7234,89.193,0.00,0.0000
20000,30,2,230,8.5020,2.85,258.75,-5.77,0,4.96,0.459,13.794,0.8813,59.941,0.00,0.0000
20000,40,0,6759,119.8045,168.25,56.19,-1.86,35,-3.37,0.039,19.457,0.2956,14.432,0.00,0.0000
20000,40,1,1171,68.5326,75.04,474.28,-6.23,11,0.19,0.061,16.382,0.8259,38.194,0.00,0.0000
20000,40,2,240,5.4330,0.44,292.92,-9.83,0,0.65,0.027,16.113,0.9600,40.900,0.00,0.0000
20000,50,0,5149,4.0564,48.56,12.34,-13.57,16,-14.65,0.000,29.663,0.1950,4.933,0.00,0.0000
20000,50,1,556,8.2944,27.47,140.72,-15.35,4,-8.20,0.000,23.236,0.9153,19.255,0.00,0.0000
20000,50,2,11,0.0000,0.00,15.13,-4.55,1,-0.35,0.000,15.756,0.9962,43.309,0.00,0.0000
20000,60,0,3853,0.0071,38.02,0.50,-26.17,0,-25.04,0.000,40.036,0.1109,1.501,0.00,0.0000
20000,60,1,2,0.0000,0.00,0.32,-10.49,0,-9.76,0.000,24.761,0.9663,24.402,0.00,0.0000
20000,70,0,4656,0.0000,20.94,0.07,-31.50,0,-30.57,0.000,45.567,0.0731,0.791,0.00,0.0000
20000,80,0,3564,0.0000,5.17,0.02,-30.78,0,-30.77,0.000,45.769,0.0579,0.590,0.00,0.0000
21000,-60,0,5517,1285.2876,1116.93,87.69,31.43,74,37.07,14.620,2.081,0.3082,322.941,0.00,0.0000
21000,-60,1,2215,1089.5836,393.47,523.97,30.64,360,35.62,13.662,2.346,0.6534,569.884,0.00,0.0000
21000,-60,2,2,0.0002,0.00,2.35,10.62,2,32.96,11.687,2.483,0.9120,670.373,0.00,0.0000
21000,-50,0,7273,1372.5641,1554.51,85.78,39.08,30,40.43,17.516,1.925,0.1889,329.972,0.00,0.0000
21000,-50,1,1421,485.8978,461.96,433.69,6.95,23,38.86,16.624,2.298,0.4046,641.553,0.00,0.0000
21000,-50,2,4,0.0024,0.00,6.47,12.26,2,34.22,12.612,2.280,0.8369,676.670,0.00,0.0000
21000,-40,0,6418,1078.7647,1427.82,55.41,38.87,6,43.04,19.729,1.754,0.1440,389.657,0.00,0.0000
21000,-40,1,1661,788.9115,969.72,590.73,11.73,3,40.90,18.479,2.265,0.2699,623.305,0.00,0.0000
21000,-40,2,2,0.0000,0.00,2.48,79.76,0,39.85,16.556,1.600,0.5033,662.471,0.00,0.0000
21000,-30,0,4373,1252.1653,1617.13,79.46,36.44,4,43.20,20.161,1.933,0.1762,534.468,0.00,0.0000
21000,-30,1,3164,1539.8211,1985.98,1474.04,22.23,4,41.58,19.202,2.342,0.2618,700.380,0.00,0.0000
21000,-30,2,640,222.8085,265.11,927.11,13.95,1,41.42,19.020,2.284,0.3094,832.664,0.00,0.0000
21000,-20,0,1849,709.3329,1023.35,38.28,27.95,0,40.98,18.881,2.465,0.1900,504.586,0.00,0.0000
21000,-20,1,2407,1405.3837,1843.07,988.60,34.93,0,40.78,18.738,2.552,0.2886,732.137,0.00,0.0000
21000,-20,2,3963,981.1782,900.35,11340.08,18.94,139,39.40,17.925,2.889,0.5448,1183.898,0.00,0.0000
21000,-10,0,1863,844.2515,1088.08,23.93,12.94,53,36.95,16.216,3.249,0.2698,470.490,0.00,0.0000
21000,-10,1,1994,1631.5261,2140.41,865.56,38.79,22,37.52,16.518,3.140,0.3739,666.524,0.00,0.0000
21000,-10,2,4367,718.1443,700.65,16062.90,15.09,314,34.94,15.140,3.924,0.7422,1045.889,0.00,0.0000
21000,0,0,1880,841.2292,609.56,30.41,12.70,263,31.50,12.666,4.386,0.2996,301.700,0.00,0.0000
21000,0,1,1726,1201.8044,908.18,850.29,35.19,144,32.30,13.074,4.182,0.4927,498.948,0.00,0.0000
21000,0,2,4761,1248.9279,628.53,15500.67,11.31,666,28.66,11.300,5.477,0.8351,642.993,0.00,0.0000
21000,10,0,3144,619.0880,270.25,52.80,11.52,321,23.42,7.965,6.563,0.3315,160.063,0.00,0.0000
21000,10,1,2676,636.5481,263.77,1353.71,22.78,324,23.87,8.206,6.465,0.5899,268.912,0.00,0.0000
21000,10,2,3625,467.1417,193.54,9788.17,1.58,420,19.72,6.697,8.442,0.8806,312.877,0.00,0.0000
21000,20,0,4135,294.1534,234.44,63.87,-0.21,102,12.21,3.077,10.932,0.2743,47.997,0.00,0.0000
21000,20,1,3179,616.5130,415.51,1505.08,1.48,214,13.23,3.330,10.364,0.6537,115.306,0.00,0.0000
21000,20,2,1131,207.1276,140.60,2002.27,1.07,91,11.79,3.031,11.315,0.8560,147.295,0.00,0.0000
21000,30,0,6894,372.8744,408.53,80.27,-8.15,83,1.81,0.358,16.075,0.3178,20.950,0.00,0.0000
21000,30,1,2161,476.6101,465.33,940.89,-3.46,68,5.30,0.587,13.614,0.7459,60.225,0.00,0.0000
21000,30,2,219,11.9149,10.36,242.82,-11.46,1,-0.36,0.031,17.105,0.8920,37.116,0.00,0.0000
21000,40,0,6778,75.9644,141.75,56.04,-17.20,34,-8.62,0.000,23.866,0.3097,9.532,0.00,0.0000
21000,40,1,1165,51.9770,80.95,468.60,-10.38,8,-4.88,0.000,20.295,0.8413,25.116,0.00,0.0000
21000,40,2,227,1.3173,1.31,271.20,-11.63,0,-4.48,0.000,19.879,0.9670,25.507,0.00,0.0000
21000,50,0,5158,0.1028,30.06,12.62,-26.41,7,-19.87,0.000,34.875,0.2047,3.526,0.00,0.0000
21000,50,1,547,0.0723,15.44,133.04,-19.59,2,-13.36,0.000,28.361,0.9300,14.232,0.00,0.0000
21000,50,2,11,0.0000,0.00,14.47,-6.04,1,-4.58,0.000,19.584,0.9999,39.742,0.00,0.0000
21000,60,0,3853,0.0000,22.90,0.47,-31.61,0,-29.40,0.000,44.404,0.1169,1.101,0.00,0.0000
21000,60,1,2,0.0000,0.00,0.31,-18.52,0,-13.97,0.000,28.968,1.0000,27.257,0.00,0.0000
21000,70,0,4656,0.0000,12.68,0.06,-31.83,0,-31.75,0.000,46.748,0.0773,0.610,0.00,0.0000
21000,80,0,3564,0.0000,3.13,0.02,-30.80,0,-30.79,0.000,45.788,0.0613,0.512,0.00,0.0000
22000,-60,0,5481,2161.9639,1659.42,85.41,46.64,203,36.25,14.090,2.297,0.3173,296.573,0.00,0.0000
22000,-60,1,2251,1261.8117,824.56,548.23,46.76,297,34.78,13.080,2.560,0.6858,525.663,0.00,0.0000
22000,-60,2,2,0.0052,0.00,2.45,63.01,1,33.58,11.850,2.379,0.9178,606.457,0.00,0.0000
22000,-50,0,7271,2012.0349,2406.43,85.22,50.50,5,40.02,17.235,2.049,0.1934,304.992,0.00,0.0000
22000,-50,1,1423,1070.7409,1089.43,438.79,70.94,70,38.74,16.518,2.374,0.4237,586.857,0.00,0.0000
22000,-50,2,4,0.0000,0.00,6.67,65.34,1,35.07,12.960,2.162,0.8371,615.356,0.00,0.0000
22000,-40,0,6425,1308.5503,1879.44,55.14,56.00,8,43.01,19.725,1.821,0.1367,341.786,0.00,0.0000
22000,-40,1,1654,1112.4233,1472.28,585.84,72.38,5,41.00,18.547,2.305,0.2924,603.509,0.00,0.0000
22000,-40,2,2,0.0000,0.00,2.49,16.59,0,38.74,15.693,1.632,0.5161,672.669,0.00,0.0000
22000,-30,0,4389,1402.9152,2060.19,79.55,57.40,9,43.34,20.265,1.973,0.1607,466.548,0.00,0.0000
22000,-30,1,3162,1769.7471,2545.69,1465.96,64.26,6,41.83,19.414,2.364,0.2551,636.245,0.00,0.0000
22000,-30,2,626,273.4088,338.95,897.83,71.42,35,41.90,19.401,2.298,0.2965,749.526,0.00,0.0000
22000,-20,0,1858,787.8566,1224.88,38.60,66.28,0,41.92,19.493,2.366,0.1857,477.086,0.00,0.0000
22000,-20,1,2417,1580.4257,2328.85,995.04,54.36,10,40.88,18.834,2.575,0.2839,700.101,0.00,0.0000
22000,-20,2,3944,1075.6343,1089.85,11276.25,60.54,142,39.82,18.279,2.904,0.5419,1119.930,0.00,0.0000
22000,-10,0,1867,796.0347,1160.27,24.09,71.33,10,38.37,17.127,3.050,0.2626,447.655,0.00,0.0000
22000,-10,1,1995,1587.2373,2217.55,867.65,48.50,6,37.78,16.698,3.108,0.3667,661.725,0.00,0.0000
22000,-10,2,4362,819.6046,905.70,16103.46,54.81,358,35.54,15.599,3.894,0.7580,1049.367,0.00,0.0000
22000,0,0,1879,423.7995,332.16,30.25,61.34,28,33.18,13.649,4.060,0.2860,287.053,0.00,0.0000
22000,0,1,1713,702.8901,475.13,840.92,40.25,98,32.76,13.337,4.080,0.4837,509.320,0.00,0.0000
22000,0,2,4775,704.6459,390.11,15594.70,46.98,521,29.52,11.867,5.348,0.8455,660.742,0.00,0.0000
22000,10,0,3144,381.7994,225.56,52.89,44.39,154,25.21,8.831,6.041,0.3436,167.254,0.00,0.0000
22000,10,1,2648,444.5096,197.22,1337.30,30.98,206,24.64,8.598,6.224,0.5918,283.587,0.00,0.0000
22000,10,2,3653,388.2537,170.46,9851.79,34.40,326,20.43,7.135,8.306,0.8917,328.479,0.00,0.0000
22000,20,0,4142,302.9112,204.16,64.07,32.56,120,13.93,3.647,10.206,0.2787,49.929,0.00,0.0000
22000,20,1,3161,635.2771,303.32,1496.26,24.44,269,14.21,3.736,10.001,0.6542,120.927,0.00,0.0000
22000,20,2,1142,193.6297,77.90,2013.84,14.05,124,12.34,3.372,11.235,0.8749,158.438,0.00,0.0000
22000,30,0,6906,431.8725,384.35,80.08,15.23,137,3.13,0.528,15.310,0.3211,22.110,0.00,0.0000
22000,30,1,2163,449.9337,191.38,947.05,13.77,164,6.57,0.835,12.946,0.7449,61.750,0.00,0.0000
22000,30,2,205,15.7074,10.78,225.34,17.12,3,1.66,0.073,15.653,0.8858,37.389,0.00,0.0000
22000,40,0,6797,90.0993,130.63,56.07,2.94,32,-7.34,0.000,22.726,0.3162,9.737,0.00,0.0000
22000,40,1,1158,76.0905,82.96,464.32,3.43,23,-3.37,0.001,19.006,0.8423,24.909,0.00,0.0000
22000,40,2,215,4.1951,4.20,252.41,8.85,0,-2.48,0.000,18.231,0.9608,25.840,0.00,0.0000
22000,50,0,5170,0.2867,18.10,13.18,-9.66,5,-18.65,0.000,33.647,0.2105,3.321,0.00,0.0000
22000,50,1,535,0.4478,9.19,125.55,-3.61,2,-11.83,0.000,26.827,0.9339,13.242,0.00,0.0000
22000,50,2,11,0.0000,0.00,13.87,-4.03,1,-3.82,0.000,18.832,0.9998,35.598,0.00,0.0000
22000,60,0,3853,0.0000,13.74,0.45,-23.32,0,-28.47,0.000,43.468,0.1202,0.934,0.00,0.0000
22000,60,1,2,0.0000,0.00,0.29,-1.81,0,-13.43,0.000,28.433,1.0000,22.679,0.00,0.0000
22000,70,0,4656,0.0000,7.68,0.06,-30.87,0,-31.61,0.000,46.609,0.0806,0.537,0.00,0.0000
22000,80,0,3564,0.0000,1.90,0.02,-30.81,0,-30.81,0.000,45.806,0.0642,0.466,0.00,0.0000
23000,-60,0,5463,1681.0482,775.79,84.84,5.67,737,26.68,8.440,4.552,0.4001,187.315,0.00,0.0000
23000,-60,1,2269,1133.5959,279.39,568.40,3.83,584,24.79,7.431,5.100,0.8279,310.409,0.00,0.0000
23000,-60,2,2,0.0093,0.00,2.52,4.33,0,26.56,7.619,3.798,0.9521,388.698,0.00,0.0000
23000,-50,0,7272,2489.8991,1947.22,85.32,8.95,465,32.18,12.213,3.607,0.2604,228.250,0.00,0.0000
23000,-50,1,1422,1031.0249,575.72,444.96,13.27,360,31.47,11.812,3.850,0.5479,425.636,0.00,0.0000
23000,-50,2,4,0.0001,0.00,6.81,5.73,0,28.88,9.044,3.277,0.9039,438.480,0.00,0.0000
23000,-40,0,6425,1786.5127,2444.79,54.48,14.96,42,37.27,15.813,2.782,0.1778,283.570,0.00,0.0000
23000,-40,1,1654,1398.4792,1616.10,585.43,19.28,155,35.83,15.020,3.244,0.3931,523.335,0.00,0.0000
23000,-40,2,2,0.0003,0.00,2.47,33.90,0,34.18,12.678,2.388,0.4490,395.016,0.00,0.0000
23000,-30,0,4401,1613.2293,2325.14,79.21,23.20,8,39.62,17.688,2.563,0.1864,406.315,0.00,0.0000
23000,-30,1,3166,1948.3666,2954.77,1463.73,23.52,46,38.72,17.255,2.898,0.2943,567.253,0.00,0.0000
23000,-30,2,610,240.1712,288.23,869.24,24.35,14,39.33,17.560,2.701,0.3476,708.832,0.00,0.0000
23000,-20,0,1866,841.8638,1408.94,38.80,19.10,8,39.72,17.940,2.669,0.1996,469.559,0.00,0.0000
23000,-20,1,2438,1690.3103,2713.46,1010.66,29.60,9,39.56,17.972,2.842,0.3006,672.105,0.00,0.0000
23000,-20,2,3915,1160.5789,1193.08,11200.08,27.59,407,38.70,17.498,3.098,0.5599,1070.775,0.00,0.0000
23000,-10,0,1870,778.0923,1289.56,24.09,18.17,5,38.23,16.992,3.006,0.2508,478.224,0.00,0.0000
23000,-10,1,1995,1547.2244,2521.35,865.97,31.80,11,38.33,17.153,3.071,0.3491,694.191,0.00,0.0000
23000,-10,2,4359,796.7995,919.97,16112.85,28.83,397,36.32,16.089,3.721,0.7346,1118.472,0.00,0.0000
23000,0,0,1881,408.9110,441.23,30.27,14.80,14,34.69,14.620,3.671,0.2543,341.573,0.00,0.0000
23000,0,1,1692,613.4519,609.01,823.86,33.91,95,34.97,14.851,3.680,0.4373,596.885,0.00,0.0000
23000,0,2,4794,587.5538,415.45,15672.76,26.45,463,32.06,13.413,4.722,0.8000,810.164,0.00,0.0000
23000,10,0,3143,357.5616,245.82,52.85,10.20,77,28.29,10.692,5.188,0.3272,242.829,0.00,0.0000
23000,10,1,2612,504.9535,324.73,1312.43,31.24,144,28.39,10.810,5.256,0.5512,392.445,0.00,0.0000
23000,10,2,3690,519.8636,262.69,9952.41,30.39,424,24.99,9.492,6.884,0.8555,450.674,0.00,0.0000
23000,20,0,4145,310.9915,269.27,64.12,6.42,68,18.68,5.852,8.428,0.2662,79.141,0.00,0.0000
23000,20,1,3142,560.1207,316.88,1490.12,25.86,289,19.68,6.199,8.005,0.6231,187.836,0.00,0.0000
23000,20,2,1158,188.0445,85.61,2047.39,31.53,153,18.29,5.875,8.941,0.8548,231.104,0.00,0.0000
23000,30,0,6907,554.6199,494.27,79.56,10.16,160,9.50,2.052,12.056,0.3132,38.079,0.00,0.0000
23000,30,1,2166,352.1850,176.91,951.45,14.49,172,12.62,2.774,10.223,0.7202,101.450,0.00,0.0000
23000,30,2,201,35.5261,30.19,219.99,-9.23,5,7.45,1.180,12.728,0.8602,72.098,0.00,0.0000
23000,40,0,6799,180.3891,154.55,55.32,3.66,106,-0.26,0.190,17.315,0.3145,16.151,0.00,0.0000
23000,40,1,1166,136.7594,78.53,467.85,-1.45,44,3.10,0.295,14.693,0.8282,43.001,0.00,0.0000
23000,40,2,205,10.9588,5.26,239.60,-10.81,1,3.63,0.321,14.540,0.9409,50.641,0.00,0.0000
23000,50,0,5177,6.3362,15.96,13.45,-7.78,3,-11.39,0.000,26.515,0.2123,4.546,0.00,0.0000
23000,50,1,528,13.0119,16.56,120.62,-12.45,1,-5.28,0.000,20.573,0.9291,20.213,0.00,0.0000
23000,50,2,11,0.0000,0.00,13.54,3.10,0,1.41,0.000,14.674,0.9966,37.765,0.00,0.0000
23000,60,0,3853,0.1157,8.31,0.43,-18.79,0,-22.02,0.000,37.021,0.1216,0.975,0.00,0.0000
23000,60,1,2,0.0000,0.00,0.28,-8.46,0,-8.43,0.000,23.432,0.9997,17.478,0.00,0.0000
23000,70,0,4656,0.0000,4.65,0.06,-26.87,0,-29.05,0.000,44.053,0.0832,0.473,0.00,0.0000
23000,80,0,3564,0.0000,1.15,0.02,-30.65,0,-30.80,0.000,45.796,0.0669,0.440,0.00,0.0000
24000,-60,0,5457,661.8488,449.97,84.56,11.25,249,13.15,2.384,9.336,0.4791,70.217,0.00,0.0000
24000,-60,1,2275,534.6134,316.35,576.40,8.34,101,11.02,1.730,10.331,0.9277,104.560,0.00,0.0000
24000,-60,2,2,0.0000,0.00,2.54,18.27,0,16.70,2.904,6.885,0.9768,148.674,0.00,0.0000
24000,-50,0,7268,1530.5258,1038.45,84.99,24.34,591,21.15,6.117,6.715,0.3440,110.540,0.00,0.0000
24000,-50,1,1425,449.5179,171.44,449.58,5.73,233,19.64,5.641,7.409,0.6910,202.901,0.00,0.0000
24000,-50,2,5,0.0000,0.00,7.89,24.05,0,19.98,4.459,5.828,0.9480,193.464,0.00,0.0000
24000,-40,0,6424,2109.4702,1759.47,54.12,32.54,618,28.82,10.553,4.709,0.2578,182.767,0.00,0.0000
24000,-40,1,1655,964.3338,281.63,589.35,11.66,442,26.60,9.613,5.557,0.5409,330.525,0.00,0.0000
24000,-40,2,2,0.0017,0.00,2.43,31.70,0,28.30,8.945,3.626,0.4248,187.628,0.00,0.0000
24000,-30,0,4411,2024.4877,2477.23,79.32,34.22,217,33.58,13.765,3.818,0.2574,307.872,0.00,0.0000
24000,-30,1,3162,2126.6712,1583.11,1462.81,23.06,428,32.55,13.373,4.233,0.3928,437.787,0.00,0.0000
24000,-30,2,604,252.4489,124.26,857.54,21.22,98,33.65,13.980,3.885,0.4666,574.893,0.00,0.0000
24000,-20,0,1869,1029.6669,1616.22,38.74,46.53,6,36.68,16.030,3.366,0.2456,414.968,0.00,0.0000
24000,-20,1,2447,1938.4828,2185.31,1016.95,26.39,114,36.14,15.792,3.542,0.3661,599.389,0.00,0.0000
24000,-20,2,3903,1118.7147,1031.84,11181.83,24.70,495,35.05,15.197,3.863,0.6424,929.320,0.00,0.0000
24000,-10,0,1873,865.0036,1441.48,24.12,44.86,9,37.78,16.871,3.213,0.2593,486.898,0.00,0.0000
24000,-10,1,2000,1644.8557,2440.90,869.99,30.54,0,38.12,17.130,3.158,0.3570,710.317,0.00,0.0000
24000,-10,2,4351,731.9596,941.06,16094.26,24.03,342,35.32,15.571,3.976,0.7291,1109.133,0.00,0.0000
24000,0,0,1885,545.2741,697.03,30.39,52.94,4,37.27,16.485,3.292,0.2285,404.805,0.00,0.0000
24000,0,1,1687,803.3356,919.25,821.71,34.69,1,37.62,16.718,3.209,0.3885,706.828,0.00,0.0000
24000,0,2,4795,716.9834,628.70,15685.48,25.58,358,33.98,14.797,4.359,0.7296,978.701,0.00,0.0000
24000,10,0,3142,480.7581,415.02,52.47,58.96,48,33.82,14.201,4.010,0.2851,350.522,0.00,0.0000
24000,10,1,2587,793.6953,621.44,1295.31,36.73,86,33.72,14.192,4.085,0.4784,575.175,0.00,0.0000
24000,10,2,3716,434.8856,169.65,10021.64,7.55,362,28.98,12.005,5.849,0.7702,678.903,0.00,0.0000
24000,20,0,4142,438.2646,269.24,63.72,42.82,169,26.25,9.943,6.214,0.2324,141.636,0.00,0.0000
24000,20,1,3131,567.9192,284.22,1488.88,20.89,201,26.74,10.137,5.983,0.5514,349.106,0.00,0.0000
24000,20,2,1172,162.8821,57.93,2081.07,1.70,126,24.39,9.270,7.068,0.7744,416.640,0.00,0.0000
24000,30,0,6905,719.3103,382.54,79.35,19.54,375,18.74,5.894,8.475,0.2879,88.798,0.00,0.0000
24000,30,1,2160,389.3940,160.09,953.31,30.74,192,21.79,6.935,6.964,0.6512,216.346,0.00,0.0000
24000,30,2,209,59.6176,19.10,230.03,50.24,11,17.88,5.074,8.356,0.7962,175.834,0.00,0.0000
24000,40,0,6795,316.0092,185.79,54.91,9.10,200,10.47,2.315,11.539,0.2992,41.999,0.00,0.0000
24000,40,1,1166,224.5815,92.56,468.14,36.84,106,14.23,3.098,9.246,0.7809,108.568,0.00,0.0000
24000,40,2,209,16.6506,2.63,245.54,47.87,17,14.55,3.399,9.336,0.8877,131.604,0.00,0.0000
24000,50,0,5177,43.2092,38.01,13.41,-1.63,20,0.33,0.280,16.988,0.2069,11.571,0.00,0.0000
24000,50,1,528,96.2666,28.28,120.67,33.30,35,6.67,0.644,12.319,0.9033,54.830,0.00,0.0000
24000,50,2,11,0.0010,0.00,13.53,28.50,0,10.81,1.089,9.550,0.9727,75.849,0.00,0.0000
24000,60,0,3853,9.2533,12.65,0.41,-8.48,2,-9.90,0.000,25.043,0.1199,1.975,0.00,0.0000
24000,60,1,2,0.0000,0.00,0.27,-5.58,0,0.40,0.000,15.483,0.9899,27.295,0.00,0.0000
24000,70,0,4656,0.1658,2.98,0.06,-11.58,0,-18.75,0.000,33.745,0.0840,0.492,0.00,0.0000
24000,80,0,3564,0.0000,0.70,0.02,-18.69,0,-26.44,0.000,41.436,0.0691,0.340,0.00,0.0000
25000,-60,0,5475,319.3434,391.37,84.32,-4.20,32,-0.57,0.045,16.879,0.5221,21.634,0.00,0.0000
25000,-60,1,2257,282.1202,343.08,560.63,-9.10,24,-2.94,0.018,18.754,0.9607,28.135,0.00,0.0000
25000,-60,2,2,0.0000,0.00,2.51,3.90,0,6.98,0.182,10.939,0.9850,48.500,0.00,0.0000
25000,-50,0,7271,681.9532,515.48,84.25,3.87,164,8.95,1.310,11.443,0.4004,42.503,0.00,0.0000
25000,-50,1,1423,290.0288,219.68,449.41,13.96,76,8.51,1.260,11.825,0.7686,70.396,0.00,0.0000
25000,-50,2,4,0.0000,0.00,6.82,8.23,0,11.55,0.964,8.616,0.9514,71.607,0.00,0.0000
25000,-40,0,6424,884.0480,340.19,53.84,16.78,514,18.96,5.144,7.497,0.3364,94.146,0.00,0.0000
25000,-40,1,1655,300.2832,181.18,592.87,27.26,138,17.69,4.794,8.265,0.6516,151.690,0.00,0.0000
25000,-40,2,2,0.0005,0.00,2.39,-4.43,0,18.92,3.982,6.027,0.4918,120.396,0.00,0.0000
25000,-30,0,4413,1481.3142,617.41,78.92,26.06,661,26.16,9.159,5.543,0.3436,192.770,0.00,0.0000
25000,-30,1,3161,1064.7544,410.44,1468.23,36.72,535,26.03,9.284,5.809,0.5143,276.831,0.00,0.0000
25000,-30,2,603,119.1223,49.96,860.27,43.41,76,28.17,10.421,5.147,0.6438,392.200,0.00,0.0000
25000,-20,0,1867,1130.2199,844.34,38.42,27.74,215,32.28,13.062,4.240,0.3110,316.495,0.00,0.0000
25000,-20,1,2459,1700.3706,1122.26,1030.52,38.97,341,31.65,12.762,4.464,0.4658,456.148,0.00,0.0000
25000,-20,2,3893,886.8241,519.04,11227.09,47.21,547,31.23,12.646,4.713,0.7592,671.806,0.00,0.0000
25000,-10,0,1877,989.9271,1575.40,24.37,41.19,44,36.94,16.223,3.382,0.2874,438.694,0.00,0.0000
25000,-10,1,2002,1830.2852,2357.74,875.57,39.47,144,36.48,15.919,3.434,0.4035,654.836,0.00,0.0000
25000,-10,2,4345,740.8558,881.65,16116.40,53.73,454,34.35,14.834,4.182,0.7585,931.185,0.00,0.0000
25000,0,0,1888,677.7554,956.09,30.36,40.13,3,39.31,17.810,2.914,0.2173,435.280,0.00,0.0000
25000,0,1,1682,1099.7543,1351.97,817.25,36.22,26,38.80,17.471,2.966,0.3708,766.836,0.00,0.0000
25000,0,2,4797,930.7910,990.56,15696.42,55.67,290,36.05,16.039,3.906,0.6772,1008.045,0.00,0.0000
25000,10,0,3147,692.0611,753.49,52.61,34.72,12,38.64,17.331,3.025,0.2298,438.756,0.00,0.0000
25000,10,1,2580,1180.7435,1098.69,1293.09,32.89,27,37.98,16.987,3.194,0.3992,744.791,0.00,0.0000
25000,10,2,3718,407.8270,306.64,10061.77,64.44,181,33.93,14.952,4.626,0.6622,828.835,0.00,0.0000
25000,20,0,4142,368.2592,309.89,63.54,39.75,33,34.09,14.571,4.209,0.1843,221.205,0.00,0.0000
25000,20,1,3124,631.0263,433.42,1486.90,48.44,63,34.40,14.761,4.086,0.4368,543.387,0.00,0.0000
25000,20,2,1179,115.8440,61.08,2105.21,62.43,72,31.40,13.271,5.144,0.6323,612.475,0.00,0.0000
25000,30,0,6900,558.1998,386.24,79.01,45.44,116,29.21,11.405,5.259,0.2391,184.612,0.00,0.0000
25000,30,1,2152,401.8420,297.84,947.72,38.44,73,31.63,12.510,4.294,0.5001,403.617,0.00,0.0000
25000,30,2,222,89.5024,76.88,245.86,29.13,6,29.10,10.923,4.932,0.6661,403.202,0.00,0.0000
25000,40,0,6792,389.4461,232.00,55.05,42.87,122,23.30,7.732,6.626,0.2548,106.372,0.00,0.0000
25000,40,1,1155,185.7056,91.02,462.53,27.33,66,26.50,8.915,5.134,0.6596,278.230,0.00,0.0000
25000,40,2,223,21.9815,16.26,263.68,24.59,6,26.43,9.107,5.383,0.7739,343.131,0.00,0.0000
25000,50,0,5175,117.0095,86.86,13.45,39.84,30,15.28,3.623,9.106,0.1845,34.250,0.00,0.0000
25000,50,1,530,109.8948,40.89,123.80,22.49,52,20.86,5.444,6.350,0.8219,178.033,0.00,0.0000
25000,50,2,11,0.1825,0.17,13.78,20.17,1,21.43,5.324,5.641,0.9405,223.456,0.00,0.0000
25000,60,0,3853,71.0196,65.69,0.42,30.12,1,6.84,0.682,12.256,0.1101,6.707,0.00,0.0000
25000,60,1,2,0.0074,0.01,0.28,41.35,0,13.00,1.419,8.409,0.9512,80.191,0.00,0.0000
25000,70,0,4656,12.1220,12.49,0.05,16.93,0,-0.42,0.016,16.362,0.0790,1.151,0.00,0.0000
25000,80,0,3564,0.1643,0.58,0.02,11.47,0,-5.38,0.000,20.440,0.0670,0.143,0.00,0.0000
26000,-60,0,5530,39.6488,258.17,85.79,-18.45,3,-11.21,0.000,26.218,0.5442,8.418,0.00,0.0000
26000,-60,1,2202,13.6595,200.21,528.78,-18.72,1,-13.62,0.000,28.623,0.9707,9.329,0.00,0.0000
26000,-60,2,2,0.0000,0.00,2.41,-14.06,0,-1.67,0.000,16.843,0.9978,27.791,0.00,0.0000
26000,-50,0,7286,346.0364,530.06,83.18,-8.69,32,-1.21,0.037,17.479,0.4278,18.438,0.00,0.0000
26000,-50,1,1408,167.9490,198.77,436.60,-17.63,8,-1.92,0.026,18.085,0.7989,30.254,0.00,0.0000
26000,-50,2,4,0.0000,0.00,6.64,-11.11,0,3.35,0.008,13.016,0.9595,42.087,0.00,0.0000
26000,-40,0,6427,359.6572,314.12,53.47,0.24,150,9.91,1.646,11.104,0.3841,49.370,0.00,0.0000
26000,-40,1,1652,335.5514,321.29,588.82,-9.03,50,8.37,1.368,12.081,0.7041,76.005,0.00,0.0000
26000,-40,2,2,0.0000,0.00,2.36,34.07,0,12.57,1.265,8.216,0.7890,120.326,0.00,0.0000
26000,-30,0,4416,497.0645,286.04,78.71,8.91,277,18.62,5.235,7.816,0.4070,115.555,0.00,0.0000
26000,-30,1,3155,650.6633,453.33,1467.30,2.43,263,18.54,5.385,8.033,0.6153,177.702,0.00,0.0000
26000,-30,2,606,97.6768,55.77,868.02,-0.85,58,20.99,6.443,7.053,0.7998,277.035,0.00,0.0000
26000,-20,0,1863,596.2488,437.75,38.02,9.58,119,26.37,9.539,5.642,0.3651,225.171,0.00,0.0000
26000,-20,1,2461,1051.1152,486.27,1035.04,20.45,389,26.16,9.422,5.752,0.5523,323.489,0.00,0.0000
26000,-20,2,3895,515.8879,193.12,11263.36,6.87,454,25.61,9.255,6.035,0.8615,479.087,0.00,0.0000
26000,-10,0,1877,975.2236,1424.78,24.29,6.32,22,32.99,13.628,4.078,0.3261,387.049,0.00,0.0000
26000,-10,1,1998,1539.6423,1192.91,875.43,34.95,168,33.48,13.865,3.970,0.4600,550.982,0.00,0.0000
26000,-10,2,4349,647.2708,489.58,16129.36,11.77,403,30.90,12.569,4.840,0.8230,778.875,0.00,0.0000
26000,0,0,1889,710.1572,1013.74,30.18,11.64,1,37.81,16.774,3.070,0.2280,450.535,0.00,0.0000
26000,0,1,1686,1088.7781,1068.63,820.92,43.06,11,38.38,17.091,2.976,0.3790,737.378,0.00,0.0000
26000,0,2,4792,1080.0337,1038.53,15668.17,16.74,259,35.09,15.328,3.991,0.6807,990.565,0.00,0.0000
26000,10,0,3155,878.3818,1114.79,52.82,17.83,1,39.90,18.217,2.714,0.1937,472.344,0.00,0.0000
26000,10,1,2596,1385.0926,1443.46,1308.77,42.20,5,40.18,18.421,2.727,0.3412,791.471,0.00,0.0000
26000,10,2,3694,551.8228,415.39,10016.98,19.39,198,35.51,15.840,4.148,0.5939,919.740,0.00,0.0000
26000,20,0,4157,514.2592,583.74,64.35,16.23,15,37.91,17.080,3.319,0.1454,285.682,0.00,0.0000
26000,20,1,3118,954.1584,973.65,1482.20,28.15,32,38.88,17.631,3.090,0.3300,667.443,0.00,0.0000
26000,20,2,1170,143.4124,91.22,2093.43,29.40,31,35.71,15.870,4.061,0.5038,742.163,0.00,0.0000
26000,30,0,6905,800.7271,841.67,78.90,22.40,32,36.02,15.606,3.587,0.1785,279.432,0.00,0.0000
26000,30,1,2144,640.8731,640.88,939.48,27.21,17,38.27,16.787,2.833,0.3388,561.897,0.00,0.0000
26000,30,2,225,101.3527,58.63,250.10,10.00,0,35.82,15.216,3.283,0.5197,704.097,0.00,0.0000
26000,40,0,6790,601.4750,578.21,54.82,19.98,50,32.61,13.011,4.019,0.1822,186.111,0.00,0.0000
26000,40,1,1153,218.3852,145.78,464.64,23.59,42,35.41,14.351,2.955,0.4943,526.495,0.00,0.0000
26000,40,2,227,24.9481,8.18,271.37,14.39,10,34.36,13.973,3.353,0.6301,670.731,0.00,0.0000
26000,50,0,5169,219.1206,198.09,13.06,12.52,19,26.92,9.116,5.041,0.1369,72.857,0.00,0.0000
26000,50,1,536,121.7068,36.78,128.19,15.64,43,31.52,11.302,3.310,0.6801,434.934,0.00,0.0000
26000,50,2,11,2.9110,0.84,14.24,30.03,3,30.29,10.231,3.284,0.9113,497.533,0.00,0.0000
26000,60,0,3853,149.2398,148.81,0.42,10.74,5,21.42,5.133,5.726,0.0835,17.712,0.00,0.0000
26000,60,1,2,1.7319,1.51,0.29,2.92,0,22.81,5.475,4.757,0.9132,213.334,0.00,0.0000
26000,70,0,4656,78.0191,71.50,0.05,17.75,0,19.28,2.193,4.421,0.0564,3.070,0.00,0.0000
26000,80,0,3564,16.4100,14.77,0.02,25.64,0,20.60,0.660,1.590,0.0468,0.026,0.00,0.0000
27000,-60,0,5604,0.3959,158.56,88.83,-12.11,0,-15.60,0.000,30.596,0.5547,4.876,0.00,0.0000
27000,-60,1,2128,0.0286,116.28,495.79,-12.06,0,-18.03,0.000,33.033,0.9754,4.887,0.00,0.0000
27000,-60,2,2,0.0000,0.00,2.30,8.87,0,-5.16,0.000,20.162,0.9998,22.536,0.00,0.0000
27000,-50,0,7317,218.1091,457.53,82.95,0.59,28,-5.43,0.000,20.772,0.4393,11.264,0.00,0.0000
27000,-50,1,1377,100.4091,182.61,417.86,8.79,12,-6.24,0.000,21.538,0.8080,18.358,0.00,0.0000
27000,-50,2,4,0.0000,0.00,6.41,16.85,1,0.11,0.000,15.261,0.9803,33.841,0.00,0.0000
27000,-40,0,6438,399.5200,387.93,53.68,14.35,94,6.14,0.620,12.890,0.4042,32.792,0.00,0.0000
27000,-40,1,1641,390.7850,286.71,581.17,20.38,107,4.43,0.470,14.120,0.7171,48.853,0.00,0.0000
27000,-40,2,2,0.0000,0.00,2.34,1.58,1,8.91,0.225,9.785,0.9976,122.753,0.00,0.0000
27000,-30,0,4422,466.0774,357.97,78.82,25.24,178,15.38,3.720,8.971,0.4374,82.545,0.00,0.0000
27000,-30,1,3136,823.7321,519.33,1457.70,26.95,319,15.29,3.907,9.266,0.6705,131.805,0.00,0.0000
27000,-30,2,619,142.5073,86.40,888.57,34.63,61,18.01,4.962,8.099,0.8814,212.350,0.00,0.0000
27000,-20,0,1863,531.6210,514.22,37.98,48.58,129,24.40,8.301,6.158,0.3796,165.734,0.00,0.0000
27000,-20,1,2448,838.9460,494.77,1029.34,29.12,321,23.50,7.957,6.547,0.5860,249.973,0.00,0.0000
27000,-20,2,3908,474.8916,241.01,11318.90,33.76,444,23.09,7.916,6.837,0.9086,370.845,0.00,0.0000
27000,-10,0,1878,1013.1281,1507.57,24.34,64.51,52,32.19,13.042,4.283,0.3401,319.823,0.00,0.0000
27000,-10,1,1988,1123.7976,914.83,870.72,36.54,205,31.85,12.823,4.344,0.4811,471.973,0.00,0.0000
27000,-10,2,4358,545.7629,340.27,16179.88,39.06,526,29.29,11.654,5.308,0.8681,667.926,0.00,0.0000
27000,0,0,1892,798.4415,1227.10,30.20,72.33,8,38.37,17.076,3.001,0.2325,409.642,0.00,0.0000
27000,0,1,1685,1132.0974,1302.79,821.30,42.35,68,37.86,16.689,3.055,0.3827,685.592,0.00,0.0000
27000,0,2,4790,1108.7672,1047.72,15674.85,44.70,321,34.67,15.118,4.145,0.6982,921.760,0.00,0.0000
27000,10,0,3162,971.0861,1426.92,52.75,73.20,2,41.89,19.508,2.402,0.1667,418.006,0.00,0.0000
27000,10,1,2617,1482.9907,1978.49,1323.13,47.40,5,40.99,18.887,2.543,0.3030,747.090,0.00,0.0000
27000,10,2,3666,671.8518,630.77,9964.92,36.50,123,35.59,15.978,4.162,0.5753,917.017,0.00,0.0000
27000,20,0,4168,730.6449,902.46,64.66,68.63,29,40.89,19.057,2.801,0.1217,286.848,0.00,0.0000
27000,20,1,3131,1349.1805,1592.62,1486.67,47.51,28,40.74,18.870,2.727,0.2800,679.507,0.00,0.0000
27000,20,2,1146,230.2446,220.09,2056.98,21.31,17,36.38,16.431,3.932,0.4472,779.428,0.00,0.0000
27000,30,0,6923,1169.1387,1392.74,79.42,51.23,17,39.54,17.912,2.885,0.1384,302.562,0.00,0.0000
27000,30,1,2129,968.4758,1105.14,931.35,53.39,36,41.74,19.080,2.188,0.2673,603.061,0.00,0.0000
27000,30,2,222,141.4815,149.04,247.56,80.84,0,41.15,18.646,2.323,0.4280,798.206,0.00,0.0000
27000,40,0,6813,927.0714,1030.48,55.69,46.68,65,37.30,15.931,2.960,0.1331,215.792,0.00,0.0000
27000,40,1,1130,444.2601,397.45,464.03,62.93,36,40.90,17.882,1.925,0.3963,642.707,0.00,0.0000
27000,40,2,227,80.4008,72.44,274.54,75.32,6,40.25,17.728,2.263,0.5303,811.784,0.00,0.0000
27000,50,0,5168,297.2920,298.89,13.07,43.09,47,32.98,12.538,3.407,0.0973,93.366,0.00,0.0000
27000,50,1,537,206.2111,168.25,132.20,69.07,11,38.59,15.637,1.874,0.5653,583.759,0.00,0.0000
27000,50,2,11,2.1669,1.16,14.78,41.90,1,35.36,13.283,2.196,0.8646,689.485,0.00,0.0000
27000,60,0,3853,130.9928,180.96,0.43,38.49,0,29.42,9.032,3.170,0.0544,24.909,0.00,0.0000
27000,60,1,2,4.0228,4.07,0.30,45.82,0,28.64,8.412,3.102,0.8785,313.559,0.00,0.0000
27000,70,0,4656,90.2809,112.86,0.05,39.10,0,31.09,6.851,0.818,0.0240,3.812,0.00,0.0000
27000,80,0,3564,39.6769,39.56,0.02,38.32,0,33.69,5.069,0.002,0.0154,0.003,0.00,0.0000
28000,-60,0,5668,3.2973,98.57,90.77,-16.75,1,-14.19,0.000,29.192,0.5599,5.161,0.00,0.0000
28000,-60,1,2064,0.4693,67.81,465.47,-20.06,1,-16.68,0.000,31.682,0.9759,5.485,0.00,0.0000
28000,-60,2,2,0.0000,0.00,2.20,-8.47,0,-4.48,0.000,19.480,0.9991,20.676,0.00,0.0000
28000,-50,0,7337,293.1451,457.13,81.95,-10.54,58,-4.11,0.001,19.705,0.4419,12.216,0.00,0.0000
28000,-50,1,1357,118.5191,136.84,402.48,-5.68,21,-4.57,0.001,20.106,0.8046,19.524,0.00,0.0000
28000,-50,2,4,0.0000,0.00,6.21,-4.95,0,0.67,0.000,14.881,0.9854,31.976,0.00,0.0000
28000,-40,0,6440,519.9325,472.18,53.11,-0.45,230,7.35,0.922,12.330,0.4084,36.132,0.00,0.0000
28000,-40,1,1639,347.9301,262.83,575.48,4.33,89,6.11,0.753,13.182,0.7084,52.161,0.00,0.0000
28000,-40,2,2,0.0000,0.00,2.32,-0.60,0,9.21,0.476,9.861,0.9996,118.676,0.00,0.0000
28000,-30,0,4421,632.5506,322.01,78.41,9.60,395,16.47,4.206,8.573,0.4447,92.506,0.00,0.0000
28000,-30,1,3131,752.4261,336.85,1459.66,14.25,348,16.71,4.496,8.701,0.6883,147.640,0.00,0.0000
28000,-30,2,625,165.7629,67.76,904.59,18.33,91,19.48,5.602,7.546,0.9044,233.935,0.00,0.0000
28000,-20,0,1862,424.7231,213.98,37.76,11.20,134,24.91,8.595,5.983,0.3599,172.547,0.00,0.0000
28000,-20,1,2422,702.1179,266.62,1010.23,19.87,436,24.63,8.595,6.243,0.5709,263.361,0.00,0.0000
28000,-20,2,3935,502.3878,231.93,11397.19,25.12,441,24.43,8.554,6.397,0.9068,399.148,0.00,0.0000
28000,-10,0,1880,763.3294,627.51,24.45,19.50,77,32.54,13.202,4.142,0.3215,324.598,0.00,0.0000
28000,-10,1,1979,1034.2171,766.56,865.98,24.80,219,32.49,13.304,4.241,0.4548,475.798,0.00,0.0000
28000,-10,2,4365,471.7823,155.11,16231.52,32.75,494,30.42,12.242,4.994,0.8602,701.520,0.00,0.0000
28000,0,0,1896,794.7445,1228.60,30.25,20.97,38,38.09,16.803,2.983,0.2226,411.205,0.00,0.0000
28000,0,1,1689,1210.1246,1278.54,825.56,31.60,100,37.99,16.848,3.059,0.3653,676.633,0.00,0.0000
28000,0,2,4782,1113.9955,1007.35,15672.39,36.98,365,35.37,15.483,3.959,0.6839,921.808,0.00,0.0000
28000,10,0,3173,921.7512,1544.37,52.74,20.92,10,40.88,18.715,2.472,0.1506,383.138,0.00,0.0000
28000,10,1,2647,1537.4998,2257.44,1345.94,36.59,47,40.62,18.652,2.612,0.2821,696.377,0.00,0.0000
28000,10,2,3625,720.9233,745.83,9899.80,49.83,225,36.49,16.511,4.004,0.5585,866.102,0.00,0.0000
28000,20,0,4176,809.0296,1125.23,64.50,24.24,13,39.85,18.223,2.887,0.1154,263.745,0.00,0.0000
28000,20,1,3141,1631.2644,2148.68,1485.65,46.05,14,40.58,18.709,2.759,0.2787,647.800,0.00,0.0000
28000,20,2,1128,351.1125,295.44,2027.62,59.68,45,37.11,16.854,3.839,0.4345,709.909,0.00,0.0000
28000,30,0,6939,1500.0689,1958.88,79.78,37.21,24,38.76,17.304,2.997,0.1325,262.881,0.00,0.0000
28000,30,1,2113,1229.4774,1585.81,920.77,37.98,58,40.68,18.280,2.328,0.2843,600.550,0.00,0.0000
28000,30,2,222,191.6543,170.39,247.57,11.21,53,38.92,16.976,2.576,0.4481,796.761,0.00,0.0000
28000,40,0,6812,1259.5061,1526.78,55.15,37.41,64,36.23,15.170,3.166,0.1317,188.239,0.00,0.0000
28000,40,1,1127,732.1225,430.62,463.65,21.85,205,38.77,16.348,2.189,0.4224,631.217,0.00,0.0000
28000,40,2,231,178.3490,53.98,281.13,9.76,105,37.78,15.919,2.551,0.5560,802.009,0.00,0.0000
28000,50,0,5162,354.2804,401.66,12.53,32.73,41,31.55,11.613,3.750,0.0934,78.580,0.00,0.0000
28000,50,1,543,344.8766,39.48,136.28,11.96,213,35.88,13.757,2.258,0.5876,558.510,0.00,0.0000
28000,50,2,11,1.8172,1.92,15.29,25.82,1,33.79,12.185,2.392,0.8796,656.159,0.00,0.0000
28000,60,0,3853,109.6495,193.92,0.43,25.51,0,27.20,7.796,3.796,0.0502,21.729,0.00,0.0000
28000,60,1,2,2.5545,4.44,0.31,24.55,0,27.89,7.941,3.279,0.8525,274.367,0.00,0.0000
28000,70,0,4656,45.9533,103.77,0.05,18.83,0,27.28,5.033,1.668,0.0164,5.292,0.00,0.0000
28000,80,0,3564,14.3362,32.77,0.02,20.05,0,29.46,2.891,0.063,0.0038,0.111,0.00,0.0000
29000,-60,0,5710,78.6056,116.00,91.46,1.51,18,-6.79,0.000,22.032,0.5586,10.225,0.00,0.0000
29000,-60,1,2022,37.3509,66.68,442.56,-3.18,5,-9.28,0.000,24.371,0.9700,12.593,0.00,0.0000
29000,-60,2,2,0.0000,0.00,2.14,-0.26,0,0.65,0.000,15.125,0.9916,26.595,0.00,0.0000
29000,-50,0,7346,611.8562,524.62,81.24,14.42,144,3.16,0.333,14.688,0.4350,22.991,0.00,0.0000
29000,-50,1,1348,287.9665,302.12,395.73,-9.04,12,2.07,0.267,15.537,0.7886,38.784,0.00,0.0000
29000,-50,2,4,0.0002,0.00,6.10,5.60,0,5.47,0.097,11.933,0.9669,40.863,0.00,0.0000
29000,-40,0,6441,637.4447,360.52,52.88,23.24,334,13.80,3.073,9.536,0.3968,63.415,0.00,0.0000
29000,-40,1,1638,378.1039,168.43,574.59,-1.65,175,11.90,2.650,10.681,0.6779,94.242,0.00,0.0000
29000,-40,2,2,0.0000,0.00,2.33,35.23,0,15.19,2.297,7.439,0.9886,127.913,0.00,0.0000
29000,-30,0,4408,511.4702,360.78,77.22,25.95,170,21.84,6.931,6.868,0.4250,150.616,0.00,0.0000
29000,-30,1,3124,708.9615,372.69,1456.39,13.60,303,21.43,6.985,7.250,0.6641,241.296,0.00,0.0000
29000,-30,2,645,133.4536,48.13,938.61,9.31,75,23.58,7.968,6.410,0.8718,368.638,0.00,0.0000
29000,-20,0,1862,295.8464,235.84,37.62,32.19,30,28.83,11.039,5.093,0.3158,231.885,0.00,0.0000
29000,-20,1,2394,453.3223,294.80,990.46,23.92,114,28.45,10.930,5.290,0.5193,367.339,0.00,0.0000
29000,-20,2,3963,469.9896,229.35,11478.40,16.46,364,27.70,10.606,5.578,0.8584,575.529,0.00,0.0000
29000,-10,0,1880,543.8412,641.06,24.27,27.47,12,34.33,14.580,3.878,0.2871,380.563,0.00,0.0000
29000,-10,1,1973,854.7564,833.79,860.03,31.58,59,34.86,14.913,3.786,0.4014,553.293,0.00,0.0000
29000,-10,2,4371,325.5560,196.23,16242.67,17.57,384,32.01,13.393,4.664,0.8082,871.381,0.00,0.0000
29000,0,0,1903,742.7956,1292.87,30.57,37.06,4,38.21,17.103,3.062,0.2140,430.011,0.00,0.0000
29000,0,1,1693,944.6240,1387.23,830.25,36.31,20,38.75,17.453,2.977,0.3421,697.489,0.00,0.0000
29000,0,2,4771,979.6619,1111.18,15622.18,20.29,267,35.10,15.452,4.058,0.6577,972.527,0.00,0.0000
29000,10,0,3179,953.6857,1561.08,52.42,46.75,4,39.31,17.820,2.872,0.1545,349.451,0.00,0.0000
29000,10,1,2681,1482.2100,2228.58,1368.82,36.20,17,39.38,17.928,2.914,0.2909,643.081,0.00,0.0000
29000,10,2,3585,610.2171,605.57,9815.39,5.77,235,34.07,15.046,4.524,0.5719,835.448,0.00,0.0000
29000,20,0,4191,786.8128,798.81,65.11,34.03,96,36.05,15.894,3.760,0.1343,228.585,0.00,0.0000
29000,20,1,3140,1796.9271,1750.42,1486.53,19.26,193,36.66,16.181,3.532,0.3329,582.466,0.00,0.0000
29000,20,2,1114,369.8411,154.86,2001.99,7.11,158,33.16,14.327,4.656,0.4810,632.566,0.00,0.0000
29000,30,0,6941,1765.7211,1632.99,79.03,18.36,165,32.74,13.553,4.338,0.1658,207.193,0.00,0.0000
29000,30,1,2108,1080.1960,387.78,916.88,28.73,185,35.26,14.749,3.410,0.3845,504.556,0.00,0.0000
29000,30,2,225,107.6868,39.08,252.95,40.81,31,32.75,13.206,3.991,0.5844,587.656,0.00,0.0000
29000,40,0,6815,1421.9135,980.45,55.34,9.70,486,28.15,10.384,5.145,0.1732,135.887,0.00,0.0000
29000,40,1,1111,392.0631,145.92,457.92,35.05,118,31.50,11.805,3.788,0.5577,431.829,0.00,0.0000
29000,40,2,244,60.8008,33.35,299.10,41.91,24,30.92,11.765,4.175,0.7042,541.467,0.00,0.0000
29000,50,0,5157,420.7849,473.21,12.11,-0.09,61,21.27,6.247,6.817,0.1205,51.271,0.00,0.0000
29000,50,1,548,91.2071,55.82,140.54,30.88,43,26.85,8.517,4.476,0.7228,322.490,0.00,0.0000
29000,50,2,11,0.8172,0.00,15.69,32.24,2,27.44,8.300,3.767,0.9345,388.820,0.00,0.0000
29000,60,0,3853,109.2902,200.93,0.42,-4.41,1,14.44,2.432,8.453,0.0691,14.458,0.00,0.0000
29000,60,1,2,2.0140,4.24,0.31,-5.80,0,18.98,3.666,5.922,0.8700,154.238,0.00,0.0000
29000,70,0,4656,28.9754,85.10,0.05,-4.37,0,9.78,0.444,9.101,0.0369,6.943,0.00,0.0000
29000,80,0,3564,2.1747,21.36,0.02,-6.60,0,8.83,0.013,7.954,0.0149,5.074,0.00,0.0000
30000,-60,0,5717,516.6936,354.04,91.52,20.87,175,6.01,0.640,12.836,0.5412,31.387,0.00,0.0000
30000,-60,1,2015,385.3677,225.28,440.46,18.70,132,3.69,0.356,14.232,0.9461,42.853,0.00,0.0000
30000,-60,2,2,0.0010,0.00,2.14,28.27,0,10.68,0.907,9.470,0.9504,63.246,0.00,0.0000
30000,-50,0,7340,1041.5770,690.27,80.47,27.52,381,14.95,3.373,8.952,0.4067,60.601,0.00,0.0000
30000,-50,1,1354,447.5077,130.98,399.84,46.46,169,14.35,3.237,9.365,0.7418,100.731,0.00,0.0000
30000,-50,2,4,0.0208,0.00,6.10,31.02,0,14.81,2.169,7.692,0.8988,87.271,0.00,0.0000
30000,-40,0,6438,665.0337,480.83,52.66,37.82,221,23.97,7.788,6.036,0.3554,137.057,0.00,0.0000
30000,-40,1,1640,308.8498,156.34,579.65,55.81,104,22.52,7.288,6.755,0.6033,198.089,0.00,0.0000
30000,-40,2,3,0.0042,0.00,3.39,3.74,1,23.24,6.371,4.997,0.9201,261.936,0.00,0.0000
30000,-30,0,4398,764.7479,567.43,76.49,43.52,191,30.07,11.550,4.637,0.3666,271.740,0.00,0.0000
30000,-30,1,3118,958.7781,620.68,1462.15,56.14,253,29.64,11.509,4.942,0.5799,421.303,0.00,0.0000
30000,-30,2,661,182.9761,100.26,971.97,62.73,65,31.39,12.478,4.424,0.7528,593.856,0.00,0.0000
30000,-20,0,1863,411.7859,417.93,37.42,46.06,13,34.99,14.880,3.728,0.2557,322.051,0.00,0.0000
30000,-20,1,2369,754.0587,617.92,972.58,52.99,117,34.15,14.407,3.938,0.4412,534.892,0.00,0.0000
30000,-20,2,3987,512.0281,253.50,11559.22,59.33,331,33.63,14.233,4.211,0.7467,818.924,0.00,0.0000
30000,-10,0,1887,657.3710,901.44,24.74,57.14,11,38.13,17.086,3.191,0.2545,429.923,0.00,0.0000
30000,-10,1,1961,950.0260,1120.80,850.82,49.21,9,37.55,16.642,3.222,0.3542,645.509,0.00,0.0000
30000,-10,2,4376,455.1929,326.38,16243.71,59.94,338,35.37,15.554,3.994,0.7259,1005.917,0.00,0.0000
30000,0,0,1906,810.3603,1397.36,30.50,50.55,4,39.07,17.681,2.979,0.2165,420.533,0.00,0.0000
30000,0,1,1702,984.0787,1419.79,836.50,40.72,0,38.50,17.236,2.999,0.3464,700.153,0.00,0.0000
30000,0,2,4759,1010.4446,1214.88,15593.58,56.67,253,35.55,15.745,4.031,0.6491,923.748,0.00,0.0000
30000,10,0,3190,1119.6752,1694.85,52.84,38.04,5,36.93,16.188,3.361,0.1842,303.323,0.00,0.0000
30000,10,1,2694,1643.6041,1925.88,1382.34,32.39,37,36.24,15.790,3.509,0.3506,567.208,0.00,0.0000
30000,10,2,3561,523.7672,544.32,9790.74,56.91,175,31.75,13.614,5.159,0.6321,676.846,0.00,0.0000
30000,20,0,4196,797.2336,682.13,64.82,36.65,119,30.90,12.552,4.938,0.1761,167.751,0.00,0.0000
30000,20,1,3135,1516.2322,1022.17,1487.64,37.67,257,31.11,12.664,4.822,0.4355,425.934,0.00,0.0000
30000,20,2,1114,185.7187,61.76,2001.47,43.87,120,27.86,11.191,6.082,0.5820,450.414,0.00,0.0000
30000,30,0,6944,1307.8097,885.67,78.83,31.30,408,24.52,8.693,6.518,0.2257,126.481,0.00,0.0000
30000,30,1,2095,558.8483,266.15,913.12,25.16,218,27.27,9.863,5.342,0.5308,317.349,0.00,0.0000
30000,30,2,235,101.1619,47.59,266.09,22.99,51,24.23,8.120,6.220,0.7439,308.252,0.00,0.0000
30000,40,0,6811,573.9700,336.36,54.85,22.80,252,17.38,4.823,8.573,0.2309,68.593,0.00,0.0000
30000,40,1,1109,388.6101,243.40,458.31,14.21,123,20.84,5.881,6.724,0.7013,201.034,0.00,0.0000
30000,40,2,250,91.1397,72.12,309.15,16.36,21,21.06,6.176,6.908,0.8534,249.678,0.00,0.0000
30000,50,0,5155,219.3955,190.43,11.89,14.46,66,8.18,1.401,12.260,0.1546,22.081,0.00,0.0000
30000,50,1,550,125.6778,68.76,142.29,8.75,54,14.37,2.622,8.600,0.8345,117.254,0.00,0.0000
30000,50,2,11,0.0686,0.01,15.80,6.41,1,17.49,3.291,6.656,0.9652,155.002,0.00,0.0000
30000,60,0,3853,61.4135,138.13,0.41,0.59,0,-1.36,0.058,17.634,0.0899,5.986,0.00,0.0000
30000,60,1,2,0.9652,3.31,0.30,21.14,0,8.51,0.352,10.182,0.8699,47.937,0.00,0.0000
30000,70,0,4656,6.1180,55.63,0.05,-14.34,0,-9.92,0.000,24.973,0.0581,2.879,0.00,0.0000
30000,80,0,3564,0.0021,12.94,0.01,-25.82,0,-17.67,0.000,32.674,0.0451,2.741,0.00,0.0000
31000,-60,0,5690,888.2510,419.41,90.10,12.03,340,19.85,5.133,6.799,0.4840,107.965,0.00,0.0000
31000,-60,1,2042,663.5817,180.60,453.80,11.71,310,17.76,4.199,7.557,0.8762,160.092,0.00,0.0000
31000,-60,2,2,0.0004,0.00,2.18,-0.78,0,20.33,4.792,5.885,0.9306,211.826,0.00,0.0000
31000,-50,0,7332,1007.6690,641.12,80.05,17.09,259,26.61,9.055,5.098,0.3374,161.274,0.00,0.0000
31000,-50,1,1362,264.1890,118.55,406.82,7.15,134,25.72,8.667,5.446,0.6347,277.423,0.00,0.0000
31000,-50,2,4,0.0000,0.00,6.16,0.38,1,23.24,6.264,4.950,0.8487,250.503,0.00,0.0000
31000,-40,0,6439,863.9148,697.54,52.59,20.46,107,33.03,13.148,3.715,0.2742,274.716,0.00,0.0000
31000,-40,1,1638,362.4021,189.35,580.71,13.55,108,31.42,12.347,4.266,0.4660,395.473,0.00,0.0000
31000,-40,2,4,0.0138,0.01,4.47,48.30,0,31.89,11.439,3.039,0.7349,462.287,0.00,0.0000
31000,-30,0,4393,902.7197,912.14,75.75,26.10,19,36.67,15.763,3.163,0.2831,439.943,0.00,0.0000
31000,-30,1,3116,1021.9903,793.31,1459.44,19.57,40,35.81,15.375,3.488,0.4388,638.628,0.00,0.0000
31000,-30,2,668,134.8839,70.23,982.27,16.62,8,36.71,15.847,3.203,0.5529,851.073,0.00,0.0000
31000,-20,0,1863,522.5776,651.62,37.00,19.59,4,38.16,16.975,3.011,0.2114,428.719,0.00,0.0000
31000,-20,1,2371,1007.1129,1029.70,973.02,32.14,12,38.01,16.925,3.128,0.3633,693.507,0.00,0.0000
31000,-20,2,3985,505.0174,409.52,11527.77,20.45,113,37.16,16.480,3.395,0.6236,1067.445,0.00,0.0000
31000,-10,0,1889,735.8916,1128.91,24.69,11.98,2,37.99,16.901,3.083,0.2500,488.201,0.00,0.0000
31000,-10,1,1960,1182.6015,1617.64,847.55,37.93,0,38.34,17.145,3.050,0.3448,700.845,0.00,0.0000
31000,-10,2,4375,554.8553,535.29,16179.37,20.00,276,36.09,15.941,3.752,0.6812,1088.069,0.00,0.0000
31000,0,0,1911,911.9919,1563.68,30.76,9.52,7,35.85,15.448,3.468,0.2490,404.586,0.00,0.0000
31000,0,1,1710,1162.2737,1669.08,847.24,38.79,13,36.40,15.781,3.365,0.3962,646.320,0.00,0.0000
31000,0,2,4746,1183.1897,1486.89,15562.30,16.96,295,33.17,14.125,4.447,0.6998,838.612,0.00,0.0000
31000,10,0,3189,1270.2112,1296.85,52.40,5.76,219,30.81,12.270,4.599,0.2414,249.021,0.00,0.0000
31000,10,1,2681,1605.3308,1294.24,1369.76,31.22,362,31.18,12.491,4.570,0.4535,443.264,0.00,0.0000
31000,10,2,3575,542.5007,406.31,9811.79,16.28,284,27.11,10.704,6.246,0.7335,511.791,0.00,0.0000
31000,20,0,4200,547.1792,253.24,64.90,-0.79,202,22.26,7.662,7.252,0.2257,106.878,0.00,0.0000
31000,20,1,3116,887.3187,257.35,1478.70,16.14,442,23.40,8.098,6.785,0.5521,263.626,0.00,0.0000
31000,20,2,1129,97.7636,46.56,2018.59,17.97,63,21.44,7.472,7.863,0.7059,285.257,0.00,0.0000
31000,30,0,6947,590.8008,425.17,78.53,0.96,203,14.06,3.669,10.051,0.2794,62.252,0.00,0.0000
31000,30,1,2089,356.2656,197.75,913.63,5.05,113,17.22,4.638,8.403,0.6661,165.095,0.00,0.0000
31000,30,2,238,40.5197,11.50,269.22,-15.98,10,12.26,2.762,10.505,0.8471,133.763,0.00,0.0000
31000,40,0,6813,273.6190,267.75,54.44,-6.00,48,5.01,0.825,14.081,0.2762,28.648,0.00,0.0000
31000,40,1,1109,215.7212,111.48,458.07,-8.75,36,8.28,1.184,11.836,0.7939,79.144,0.00,0.0000
31000,40,2,248,47.9881,25.50,306.05,-17.19,8,8.38,1.314,12.036,0.9355,94.774,0.00,0.0000
31000,50,0,5159,52.1910,108.25,12.04,-16.92,12,-5.79,0.020,21.489,0.1810,8.893,0.00,0.0000
31000,50,1,546,55.3857,37.21,139.16,-18.03,13,0.29,0.046,16.170,0.8917,39.469,0.00,0.0000
31000,50,2,11,0.0421,0.00,15.59,-3.70,0,6.86,0.234,11.218,0.9813,60.524,0.00,0.0000
31000,60,0,3853,5.8886,65.36,0.39,-25.54,0,-16.43,0.000,31.438,0.1030,2.490,0.00,0.0000
31000,60,1,2,0.2575,0.00,0.29,-12.87,0,-2.99,0.000,18.101,0.8854,23.349,0.00,0.0000
31000,70,0,4656,0.0000,33.49,0.04,-30.18,0,-24.91,0.000,39.915,0.0679,1.273,0.00,0.0000
31000,80,0,3564,0.0000,7.84,0.01,-30.76,0,-29.96,0.000,44.956,0.0543,0.827,0.00,0.0000
32000,-60,0,5663,1212.3017,760.90,89.29,50.39,263,32.17,11.632,3.224,0.3813,237.372,0.00,0.0000
32000,-60,1,2069,804.5549,292.48,474.03,50.73,405,30.50,10.586,3.611,0.7479,385.817,0.00,0.0000
32000,-60,2,2,0.0020,0.00,2.27,60.56,1,29.59,9.556,3.267,0.9327,459.887,0.00,0.0000
32000,-50,0,7330,1198.0197,1145.12,79.97,56.66,48,36.84,15.203,2.683,0.2416,274.587,0.00,0.0000
32000,-50,1,1364,405.6547,220.65,413.29,54.14,138,35.10,14.215,3.125,0.4929,505.065,0.00,0.0000
32000,-50,2,4,0.0000,0.00,6.34,64.57,1,31.48,10.821,2.905,0.8580,489.395,0.00,0.0000
32000,-40,0,6445,1082.2038,1205.84,52.55,58.51,24,40.68,18.171,2.229,0.1875,370.123,0.00,0.0000
32000,-40,1,1634,428.3664,416.22,579.61,52.41,7,38.27,16.762,2.831,0.3311,547.748,0.00,0.0000
32000,-40,2,2,0.0001,0.00,2.47,33.95,0,37.04,14.681,2.082,0.6180,595.867,0.00,0.0000
32000,-30,0,4402,1176.5908,1443.98,75.88,54.55,6,41.77,19.239,2.246,0.2145,532.231,0.00,0.0000
32000,-30,1,3114,1307.8219,1452.92,1454.16,49.61,3,40.19,18.343,2.671,0.3158,700.362,0.00,0.0000
32000,-30,2,661,183.1824,172.85,967.60,50.96,10,40.31,18.344,2.568,0.3922,880.893,0.00,0.0000
32000,-20,0,1867,671.6836,923.30,36.94,67.88,0,41.05,18.927,2.526,0.1952,478.556,0.00,0.0000
32000,-20,1,2369,1224.7708,1571.15,966.93,40.29,4,40.17,18.439,2.744,0.3108,735.613,0.00,0.0000
32000,-20,2,3983,799.1757,810.37,11474.76,43.47,139,39.00,17.783,3.062,0.5644,1153.626,0.00,0.0000
32000,-10,0,1896,878.9240,1355.25,25.11,65.51,13,38.12,16.996,3.096,0.2636,472.677,0.00,0.0000
32000,-10,1,1959,1511.3472,2170.22,846.79,36.31,1,38.03,16.944,3.115,0.3629,690.246,0.00,0.0000
32000,-10,2,4369,733.4903,850.03,16144.54,36.30,199,35.49,15.628,3.920,0.7068,1051.072,0.00,0.0000
32000,0,0,1912,1031.4026,1217.44,30.77,62.16,35,33.79,14.070,3.922,0.2866,332.261,0.00,0.0000
32000,0,1,1704,1416.4925,1452.60,844.37,33.41,117,33.80,14.044,3.890,0.4615,553.993,0.00,0.0000
32000,0,2,4751,1467.5117,1651.85,15595.49,30.56,399,30.23,12.362,5.196,0.7838,698.966,0.00,0.0000
32000,10,0,3186,890.4062,608.15,51.99,53.24,203,26.67,9.685,5.630,0.2985,180.551,0.00,0.0000
32000,10,1,2663,996.0916,504.23,1357.37,29.45,285,26.34,9.554,5.755,0.5495,323.980,0.00,0.0000
32000,10,2,3596,494.1199,286.75,9843.24,9.34,327,21.69,7.857,7.937,0.8354,372.874,0.00,0.0000
32000,20,0,4203,306.6155,249.87,64.76,32.80,74,15.93,4.549,9.444,0.2613,62.257,0.00,0.0000
32000,20,1,3112,502.2646,319.15,1480.99,14.43,113,16.31,4.650,9.192,0.6307,155.065,0.00,0.0000
32000,20,2,1130,121.2593,70.00,2016.40,-7.87,64,14.23,4.217,10.528,0.8099,188.328,0.00,0.0000
32000,30,0,6954,390.5961,367.87,78.06,6.32,69,5.63,1.012,13.965,0.3092,30.769,0.00,0.0000
32000,30,1,2091,384.7719,360.56,918.95,14.44,33,9.16,1.517,11.666,0.7339,84.484,0.00,0.0000
32000,30,2,229,27.8427,26.26,257.65,27.03,0,4.30,0.364,14.204,0.8840,53.928,0.00,0.0000
32000,40,0,6824,194.1890,269.23,54.06,-6.31,31,-4.56,0.022,20.432,0.3018,13.867,0.00,0.0000
32000,40,1,1107,101.4116,94.86,455.36,9.31,20,-0.60,0.032,16.924,0.8346,34.760,0.00,0.0000
32000,40,2,239,32.7747,27.01,291.47,18.24,2,0.08,0.017,16.506,0.9617,36.531,0.00,0.0000
32000,50,0,5170,4.8189,65.74,12.58,-18.69,2,-15.85,0.000,30.853,0.1989,4.812,0.00,0.0000
32000,50,1,535,4.7353,23.27,131.98,0.75,1,-8.96,0.000,23.983,0.9221,17.935,0.00,0.0000
32000,50,2,11,0.0053,0.00,15.06,1.68,0,-0.90,0.000,16.201,0.9972,42.052,0.00,0.0000
32000,60,0,3853,0.0011,38.90,0.37,-28.85,0,-26.00,0.000,41.002,0.1118,1.457,0.00,0.0000
32000,60,1,2,0.0000,0.00,0.27,-13.53,0,-10.79,0.000,25.791,0.9761,25.666,0.00,0.0000
32000,70,0,4656,0.0000,20.28,0.04,-31.64,0,-30.89,0.000,45.894,0.0737,0.756,0.00,0.0000
32000,80,0,3564,0.0000,4.75,0.01,-30.78,0,-30.77,0.000,45.772,0.0584,0.579,0.00,0.0000
33000,-60,0,5629,1584.5497,1463.23,87.19,31.25,44,37.84,15.113,1.969,0.3073,328.844,0.00,0.0000
33000,-60,1,2103,847.1876,437.59,494.24,24.65,157,36.31,14.093,2.252,0.6519,574.642,0.00,0.0000
33000,-60,2,2,0.0238,0.00,2.36,26.06,0,34.27,12.303,2.250,0.9053,657.478,0.00,0.0000
33000,-50,0,7332,1643.6551,1935.76,79.70,29.39,38,41.05,17.939,1.844,0.1852,331.820,0.00,0.0000
33000,-50,1,1362,576.4632,562.57,416.20,44.55,3,40.38,17.639,2.116,0.3993,617.051,0.00,0.0000
33000,-50,2,4,0.0030,0.00,6.52,25.57,0,35.49,13.227,2.077,0.8263,660.928,0.00,0.0000
33000,-40,0,6450,1272.2846,1735.74,52.09,34.74,5,43.70,20.193,1.682,0.1394,384.002,0.00,0.0000
33000,-40,1,1629,713.7610,821.44,572.68,47.41,3,42.30,19.469,2.124,0.2651,597.133,0.00,0.0000
33000,-40,2,2,0.0000,0.00,2.48,11.34,0,38.61,15.798,1.672,0.5081,719.588,0.00,0.0000
33000,-30,0,4423,1276.4503,1792.04,76.64,38.13,13,43.78,20.567,1.885,0.1714,523.566,0.00,0.0000
33000,-30,1,3111,1512.8554,1942.82,1445.69,46.98,24,42.62,19.951,2.232,0.2559,674.790,0.00,0.0000
33000,-30,2,643,212.2593,206.21,933.33,50.19,16,42.71,19.937,2.161,0.2986,792.003,0.00,0.0000
33000,-20,0,1878,744.3096,1149.73,37.50,27.61,5,41.67,19.264,2.358,0.1878,497.579,0.00,0.0000
33000,-20,1,2376,1432.8308,2026.24,972.95,41.11,7,41.29,19.156,2.526,0.2857,718.851,0.00,0.0000
33000,-20,2,3965,858.0875,807.11,11399.73,49.52,163,40.38,18.603,2.782,0.5391,1146.677,0.00,0.0000
33000,-10,0,1898,886.0275,1447.50,25.06,30.10,24,37.94,16.759,3.081,0.2677,451.683,0.00,0.0000
33000,-10,1,1962,1653.1757,2258.14,849.44,31.16,95,37.67,16.703,3.174,0.3755,665.748,0.00,0.0000
33000,-10,2,4364,725.2627,796.06,16165.26,46.69,350,35.81,15.691,3.801,0.7425,1015.583,0.00,0.0000
33000,0,0,1912,868.7447,926.77,30.70,21.53,81,32.25,12.968,4.178,0.2984,289.767,0.00,0.0000
33000,0,1,1693,1179.5564,953.47,837.80,23.86,155,32.18,13.025,4.241,0.4971,499.098,0.00,0.0000
33000,0,2,4762,1167.5557,505.14,15675.10,38.64,552,29.37,11.669,5.325,0.8370,623.816,0.00,0.0000
33000,10,0,3184,525.1401,212.90,51.73,11.90,162,23.83,7.992,6.308,0.3342,155.412,0.00,0.0000
33000,10,1,2631,552.0919,260.78,1333.45,17.62,226,23.71,8.083,6.497,0.5953,267.861,0.00,0.0000
33000,10,2,3630,332.1038,155.87,9910.30,38.22,234,20.33,6.949,8.278,0.8837,299.795,0.00,0.0000
33000,20,0,4213,305.4886,235.92,65.19,7.01,62,12.61,3.048,10.602,0.2791,46.774,0.00,0.0000
33000,20,1,3097,634.0533,415.30,1475.93,19.34,186,13.40,3.293,10.225,0.6596,112.431,0.00,0.0000
33000,20,2,1135,136.5169,90.64,2021.28,33.69,27,12.06,3.098,11.251,0.8601,143.149,0.00,0.0000
33000,30,0,6968,412.6764,454.14,78.01,5.32,64,2.03,0.336,15.837,0.3215,20.381,0.00,0.0000
33000,30,1,2087,479.3250,471.45,917.98,6.63,93,5.40,0.564,13.483,0.7521,58.998,0.00,0.0000
33000,30,2,219,39.1139,42.83,242.61,-9.15,0,-0.08,0.029,16.760,0.8916,35.223,0.00,0.0000
33000,40,0,6842,125.4127,220.82,53.89,-4.69,25,-8.47,0.000,23.697,0.3147,9.408,0.00,0.0000
33000,40,1,1102,45.5504,84.45,450.08,-8.96,8,-5.00,0.000,20.363,0.8476,24.237,0.00,0.0000
33000,40,2,226,24.8131,32.34,269.61,-12.58,2,-4.33,0.000,19.687,0.9666,24.503,0.00,0.0000
33000,50,0,5178,0.1297,37.29,12.75,-16.70,11,-19.79,0.000,34.786,0.2079,3.453,0.00,0.0000
33000,50,1,527,0.0929,13.72,124.82,-17.55,0,-13.36,0.000,28.363,0.9339,13.786,0.00,0.0000
33000,50,2,11,0.0020,0.00,14.39,-5.54,0,-4.77,0.000,19.773,0.9999,39.566,0.00,0.0000
33000,60,0,3853,0.0000,23.50,0.35,-28.44,0,-29.45,0.000,44.455,0.1174,1.065,0.00,0.0000
33000,60,1,2,0.0000,0.00,0.26,-13.28,0,-13.92,0.000,28.917,1.0000,26.245,0.00,0.0000
33000,70,0,4656,0.0000,12.28,0.04,-31.77,0,-31.77,0.000,46.767,0.0777,0.599,0.00,0.0000
33000,80,0,3564,0.0000,2.88,0.01,-30.80,0,-30.79,0.000,45.791,0.0617,0.505,0.00,0.0000
34000,-60,0,5592,2614.7668,2113.87,84.99,28.09,470,34.84,13.207,2.537,0.3311,298.004,0.00,0.0000
34000,-60,1,2140,1383.0166,612.26,516.48,26.39,383,33.28,12.218,2.856,0.7090,523.896,0.00,0.0000
34000,-60,2,2,0.0242,0.00,2.45,11.57,1,31.78,10.931,2.706,0.9244,619.093,0.00,0.0000
34000,-50,0,7342,2442.4266,2951.91,79.95,37.20,118,38.74,16.387,2.232,0.2014,307.592,0.00,0.0000
34000,-50,1,1352,1079.1207,927.16,418.72,4.64,161,37.07,15.467,2.644,0.4402,612.450,0.00,0.0000
34000,-50,2,4,0.0200,0.00,6.69,14.29,1,33.30,11.955,2.416,0.8462,631.013,0.00,0.0000
34000,-40,0,6454,1642.8250,2358.19,51.62,38.76,4,41.88,18.925,1.945,0.1409,344.710,0.00,0.0000
34000,-40,1,1625,1029.9124,1312.58,567.24,9.55,8,39.64,17.642,2.497,0.3015,630.141,0.00,0.0000
34000,-40,2,2,0.0000,0.00,2.49,73.99,0,39.23,16.093,1.657,0.5108,615.539,0.00,0.0000
34000,-30,0,4469,1384.8812,2117.86,77.90,36.39,6,42.46,19.658,2.065,0.1634,470.108,0.00,0.0000
34000,-30,1,3087,1624.4248,2382.83,1430.28,21.78,24,40.89,18.742,2.471,0.2587,654.150,0.00,0.0000
34000,-30,2,621,218.3706,246.98,894.48,13.70,18,40.83,18.636,2.391,0.3007,779.517,0.00,0.0000
34000,-20,0,1888,803.3478,1329.24,37.94,31.71,1,40.79,18.767,2.516,0.1887,491.497,0.00,0.0000
34000,-20,1,2384,1534.4832,2368.90,977.87,33.45,14,40.52,18.596,2.621,0.2845,710.607,0.00,0.0000
34000,-20,2,3947,753.6908,956.70,11313.77,19.26,164,39.13,17.773,2.952,0.5431,1150.274,0.00,0.0000
34000,-10,0,1902,890.4447,1489.93,25.20,16.77,13,37.17,16.396,3.235,0.2629,470.441,0.00,0.0000
34000,-10,1,1963,1523.2880,2016.62,851.88,38.69,34,37.79,16.732,3.121,0.3666,672.306,0.00,0.0000
34000,-10,2,4359,638.6333,797.47,16169.13,16.01,296,35.11,15.289,3.912,0.7573,1087.026,0.00,0.0000
34000,0,0,1911,702.1775,817.89,30.53,18.34,28,32.18,13.116,4.262,0.2850,304.221,0.00,0.0000
34000,0,1,1677,799.3034,382.28,826.06,35.83,147,32.96,13.534,4.077,0.4826,518.606,0.00,0.0000
34000,0,2,4779,442.1548,208.10,15738.30,13.47,424,29.29,11.719,5.352,0.8435,689.961,0.00,0.0000
34000,10,0,3184,320.3568,255.40,51.78,19.86,75,24.50,8.563,6.270,0.3446,178.666,0.00,0.0000
34000,10,1,2595,475.6242,225.60,1309.33,24.61,215,24.88,8.804,6.220,0.5917,293.322,0.00,0.0000
34000,10,2,3666,324.5958,135.55,9966.72,1.85,392,20.71,7.246,8.159,0.8889,343.927,0.00,0.0000
34000,20,0,4217,350.4356,269.16,65.09,6.50,110,13.56,3.623,10.413,0.2816,53.778,0.00,0.0000
34000,20,1,3083,548.8945,258.05,1467.73,3.78,239,14.51,3.897,9.903,0.6565,126.906,0.00,0.0000
34000,20,2,1145,171.9143,67.97,2032.43,1.72,107,13.09,3.599,10.829,0.8740,163.126,0.00,0.0000
34000,30,0,6984,436.8303,340.08,78.38,-4.01,154,3.38,0.592,15.203,0.3238,23.308,0.00,0.0000
34000,30,1,2086,374.4513,185.30,924.00,1.85,104,6.80,0.937,12.871,0.7492,65.546,0.00,0.0000
34000,30,2,204,51.0640,50.24,223.77,-1.20,9,1.23,0.089,16.103,0.8845,40.970,0.00,0.0000
34000,40,0,6863,154.9310,186.52,54.31,-13.61,48,-6.91,0.001,22.373,0.3205,10.212,0.00,0.0000
34000,40,1,1097,63.6154,56.25,450.27,-2.75,12,-3.39,0.002,19.091,0.8481,26.149,0.00,0.0000
34000,40,2,210,41.1765,48.10,246.79,-1.39,1,-2.69,0.000,18.517,0.9597,28.303,0.00,0.0000
34000,50,0,5187,0.6251,21.85,13.04,-23.35,3,-18.21,0.000,33.210,0.2129,3.369,0.00,0.0000
34000,50,1,518,0.5105,8.57,118.04,-11.84,1,-11.79,0.000,26.791,0.9368,13.952,0.00,0.0000
34000,50,2,11,0.0028,0.00,13.81,0.16,2,-3.58,0.000,18.605,0.9998,35.373,0.00,0.0000
34000,60,0,3853,0.0000,14.24,0.34,-29.01,0,-28.07,0.000,43.067,0.1205,0.916,0.00,0.0000
34000,60,1,2,0.0000,0.00,0.25,-17.92,0,-13.22,0.000,28.219,1.0000,22.487,0.00,0.0000
34000,70,0,4656,0.0000,7.44,0.04,-31.16,1,-31.52,0.000,46.519,0.0810,0.531,0.00,0.0000
34000,80,0,3564,0.0000,1.74,0.01,-30.82,0,-30.81,0.000,45.808,0.0646,0.462,0.00,0.0000
35000,-60,0,5565,1514.5286,421.13,83.73,30.04,646,25.67,7.861,4.864,0.4163,166.771,0.00,0.0000
35000,-60,1,2167,659.9279,181.37,537.84,30.03,291,23.80,6.851,5.402,0.8510,271.439,0.00,0.0000
35000,-60,2,2,0.0000,0.00,2.53,46.21,0,26.35,7.521,3.983,0.9561,338.751,0.00,0.0000
35000,-50,0,7337,2573.3632,1523.14,79.69,36.80,585,31.62,11.820,3.764,0.2719,208.017,0.00,0.0000
35000,-50,1,1357,894.8379,306.36,427.24,57.85,280,30.61,11.389,4.167,0.5739,388.490,0.00,0.0000
35000,-50,2,4,0.0339,0.01,6.86,49.31,0,28.89,9.025,3.359,0.9136,389.704,0.00,0.0000
35000,-40,0,6454,2089.7542,2364.13,51.11,45.76,205,36.98,15.603,2.881,0.1862,265.794,0.00,0.0000
35000,-40,1,1625,1488.5477,1690.48,569.22,63.90,113,35.20,14.706,3.459,0.4143,494.304,0.00,0.0000
35000,-40,2,2,0.0019,0.00,2.47,9.95,0,33.77,12.334,2.444,0.4399,369.535,0.00,0.0000
35000,-30,0,4479,1650.9398,2312.98,77.60,50.48,126,39.45,17.591,2.646,0.1935,391.031,0.00,0.0000
35000,-30,1,3086,1983.0551,2851.17,1425.21,59.88,74,38.35,17.059,3.018,0.3066,546.328,0.00,0.0000
35000,-30,2,612,287.0577,311.40,874.89,67.88,30,39.06,17.481,2.841,0.3613,681.620,0.00,0.0000
35000,-20,0,1892,885.5702,1501.45,37.79,58.76,3,40.34,18.437,2.673,0.2034,455.486,0.00,0.0000
35000,-20,1,2404,1685.5577,2706.61,991.53,53.81,25,39.35,17.824,2.877,0.3075,662.028,0.00,0.0000
35000,-20,2,3923,746.8752,1000.10,11263.89,60.04,171,38.47,17.407,3.198,0.5692,1040.947,0.00,0.0000
35000,-10,0,1912,909.7093,1611.91,25.93,68.75,3,39.10,17.697,2.975,0.2518,469.756,0.00,0.0000
35000,-10,1,1955,1495.6416,2222.37,848.70,49.80,5,38.50,17.235,3.012,0.3505,700.252,0.00,0.0000
35000,-10,2,4357,594.7932,811.91,16196.94,57.92,209,36.27,16.129,3.790,0.7353,1108.536,0.00,0.0000
35000,0,0,1912,716.1780,993.32,30.48,61.51,5,35.97,15.550,3.543,0.2516,340.897,0.00,0.0000
35000,0,1,1662,601.6806,526.80,813.81,42.72,12,35.45,15.155,3.562,0.4328,614.458,0.00,0.0000
35000,0,2,4793,398.7893,288.35,15822.22,53.06,271,32.32,13.656,4.724,0.7941,822.167,0.00,0.0000
35000,10,0,3185,442.5467,371.61,51.99,46.43,96,29.86,11.648,4.902,0.3234,246.338,0.00,0.0000
35000,10,1,2566,480.8627,243.77,1293.61,35.30,148,29.20,11.315,5.077,0.5465,412.808,0.00,0.0000
35000,10,2,3694,308.3935,149.43,10060.19,45.80,275,25.01,9.618,6.923,0.8508,476.930,0.00,0.0000
35000,20,0,4218,336.4505,229.45,65.01,39.95,90,20.15,6.565,8.023,0.2663,84.279,0.00,0.0000
35000,20,1,3066,524.0413,333.05,1463.51,33.76,139,20.38,6.641,7.847,0.6218,204.395,0.00,0.0000
35000,20,2,1161,132.0968,67.53,2064.41,28.15,59,18.21,5.994,9.024,0.8504,252.923,0.00,0.0000
35000,30,0,6986,506.1021,338.19,78.05,26.92,194,10.58,2.432,11.624,0.3143,42.705,0.00,0.0000
35000,30,1,2085,393.8600,201.12,928.35,23.53,180,13.83,3.219,9.758,0.7203,110.601,0.00,0.0000
35000,30,2,203,43.0724,5.40,222.47,26.63,13,9.43,1.592,11.700,0.8546,75.300,0.00,0.0000
35000,40,0,6864,271.1910,188.31,53.65,16.59,111,0.89,0.293,16.607,0.3174,18.351,0.00,0.0000
35000,40,1,1101,154.4137,114.69,451.21,14.42,24,4.64,0.438,13.720,0.8315,45.912,0.00,0.0000
35000,40,2,205,57.2717,17.63,240.14,18.81,6,5.55,0.543,13.352,0.9366,52.834,0.00,0.0000
35000,50,0,5189,9.6986,20.79,12.88,6.29,4,-10.24,0.000,25.442,0.2135,5.076,0.00,0.0000
35000,50,1,516,15.8193,18.26,114.38,8.22,1,-3.58,0.000,19.081,0.9294,21.193,0.00,0.0000
35000,50,2,11,0.0040,0.00,13.53,2.52,0,2.53,0.003,13.887,0.9953,38.836,0.00,0.0000
35000,60,0,3853,0.2911,8.67,0.32,-7.88,0,-20.90,0.000,35.901,0.1216,1.028,0.00,0.0000
35000,60,1,2,0.0000,0.00,0.24,13.37,0,-7.55,0.000,22.550,0.9995,17.304,0.00,0.0000
35000,70,0,4656,0.0000,4.51,0.04,-21.37,0,-28.31,0.000,43.312,0.0834,0.460,0.00,0.0000
35000,80,0,3564,0.0000,1.06,0.01,-29.90,0,-30.74,0.000,45.743,0.0672,0.435,0.00,0.0000
36000,-60,0,5557,457.9253,350.36,82.94,-7.34,120,11.27,1.794,10.132,0.4916,63.253,0.00,0.0000
36000,-60,1,2175,385.9615,249.85,542.82,-8.89,67,8.96,1.184,11.278,0.9401,91.730,0.00,0.0000
36000,-60,2,2,0.0000,0.00,2.54,-3.94,0,15.46,2.315,7.152,0.9775,132.740,0.00,0.0000
36000,-50,0,7330,1032.8887,738.70,78.91,-1.53,412,19.34,5.263,7.280,0.3545,102.437,0.00,0.0000
36000,-50,1,1363,287.2979,130.52,431.23,-0.22,97,18.63,4.946,7.583,0.7074,180.782,0.00,0.0000
36000,-50,2,5,0.0095,0.00,7.90,-2.06,0,18.79,3.760,6.032,0.9500,176.293,0.00,0.0000
36000,-40,0,6453,1451.3271,1140.57,50.78,6.07,368,27.40,9.697,5.021,0.2686,173.798,0.00,0.0000
36000,-40,1,1626,986.8705,310.71,572.93,7.74,378,25.97,9.034,5.600,0.5568,303.858,0.00,0.0000
36000,-40,2,2,0.0013,0.00,2.43,30.81,0,26.30,7.772,4.024,0.4264,176.288,0.00,0.0000
36000,-30,0,4484,1587.0626,1152.28,77.27,16.07,272,32.61,13.092,3.972,0.2686,297.426,0.00,0.0000
36000,-30,1,3086,1962.2103,1479.63,1424.30,14.65,444,32.12,12.959,4.254,0.4062,417.817,0.00,0.0000
36000,-30,2,607,223.3031,118.47,864.49,15.38,52,33.55,13.733,3.816,0.4795,549.166,0.00,0.0000
36000,-20,0,1896,1006.7323,1069.80,37.84,15.45,72,35.94,15.428,3.406,0.2529,413.038,0.00,0.0000
36000,-20,1,2422,1861.4085,2188.10,1006.06,24.96,172,35.80,15.455,3.565,0.3757,583.656,0.00,0.0000
36000,-20,2,3901,756.5223,953.34,11238.43,20.49,325,35.12,15.124,3.810,0.6521,900.435,0.00,0.0000
36000,-10,0,1919,905.3806,1679.43,26.35,15.45,6,37.75,16.707,3.118,0.2605,489.619,0.00,0.0000
36000,-10,1,1957,1592.7016,2447.87,852.69,32.49,1,37.97,16.928,3.150,0.3624,710.615,0.00,0.0000
36000,-10,2,4348,623.6881,930.42,16176.58,24.36,235,35.82,15.784,3.832,0.7246,1087.391,0.00,0.0000
36000,0,0,1912,752.5725,1193.86,30.19,14.65,8,37.41,16.472,3.165,0.2252,417.307,0.00,0.0000
36000,0,1,1661,893.2797,973.51,811.89,38.49,7,37.73,16.729,3.153,0.3872,723.763,0.00,0.0000
36000,0,2,4794,566.4378,448.40,15829.99,25.26,288,34.80,15.207,4.137,0.7164,984.747,0.00,0.0000
36000,10,0,3184,542.7300,473.01,51.79,12.96,58,34.09,14.342,3.874,0.2774,372.704,0.00,0.0000
36000,10,1,2540,634.7782,463.88,1274.65,37.77,93,34.20,14.466,3.934,0.4715,607.294,0.00,0.0000
36000,10,2,3721,383.7295,186.90,10138.14,31.92,279,30.54,12.796,5.417,0.7532,685.541,0.00,0.0000
36000,20,0,4225,408.2165,349.61,65.65,10.88,68,27.15,10.392,5.873,0.2298,154.233,0.00,0.0000
36000,20,1,3042,684.9209,273.93,1458.85,32.57,334,28.16,10.864,5.538,0.5421,372.070,0.00,0.0000
36000,20,2,1178,187.6328,75.09,2105.45,37.25,114,26.23,10.149,6.507,0.7578,427.562,0.00,0.0000
36000,30,0,6985,549.3579,360.72,78.16,18.80,195,20.35,6.584,7.838,0.2859,97.488,0.00,0.0000
36000,30,1,2080,403.8251,210.27,931.38,21.93,173,23.14,7.642,6.534,0.6414,239.228,0.00,0.0000
36000,30,2,209,30.2923,21.76,230.16,-4.43,8,18.83,5.625,8.029,0.7832,203.757,0.00,0.0000
36000,40,0,6861,432.0471,263.91,53.52,14.99,214,12.43,2.903,10.586,0.2992,47.302,0.00,0.0000
36000,40,1,1098,437.1236,366.76,449.13,4.81,79,15.36,3.626,8.849,0.7774,125.929,0.00,0.0000
36000,40,2,211,63.5932,52.12,247.82,-5.75,15,15.52,3.915,9.020,0.8766,155.636,0.00,0.0000
36000,50,0,5189,68.4548,61.90,12.89,4.65,17,2.49,0.468,15.534,0.2068,12.915,0.00,0.0000
36000,50,1,516,131.0874,111.28,114.62,-5.49,11,8.03,0.953,11.703,0.8988,65.659,0.00,0.0000
36000,50,2,11,0.7523,0.63,13.54,11.48,2,11.89,1.460,9.152,0.9676,87.884,0.00,0.0000
36000,60,0,3853,13.7377,16.43,0.31,-4.96,0,-7.75,0.001,23.041,0.1194,2.213,0.00,0.0000
36000,60,1,2,0.0045,0.00,0.23,-0.39,0,2.21,0.000,14.145,0.9863,29.264,0.00,0.0000
36000,70,0,4656,0.2925,3.00,0.03,-13.47,0,-16.79,0.000,31.792,0.0839,0.533,0.00,0.0000
36000,80,0,3564,0.0000,0.64,0.01,-19.53,0,-24.85,0.000,39.853,0.0692,0.322,0.00,0.0000
37000,-60,0,5591,241.8058,301.94,84.07,-3.95,7,-2.22,0.017,18.176,0.5325,19.190,0.00,0.0000
37000,-60,1,2141,195.9752,247.51,523.75,-7.40,13,-4.68,0.004,20.202,0.9679,24.199,0.00,0.0000
37000,-60,2,2,0.0000,0.00,2.50,9.80,0,5.34,0.076,11.968,0.9873,44.320,0.00,0.0000
37000,-50,0,7338,554.5724,445.86,78.65,9.33,104,7.48,1.009,12.248,0.4077,38.253,0.00,0.0000
37000,-50,1,1356,213.6946,144.35,428.60,-0.77,55,6.22,0.872,13.133,0.7791,64.604,0.00,0.0000
37000,-50,2,4,0.0000,0.00,6.82,17.39,0,9.98,0.644,9.403,0.9521,65.670,0.00,0.0000
37000,-40,0,6452,710.7214,300.33,50.43,20.77,337,17.59,4.606,8.063,0.3453,87.212,0.00,0.0000
37000,-40,1,1627,285.8041,125.65,574.70,6.74,149,15.55,4.053,9.151,0.6641,143.031,0.00,0.0000
37000,-40,2,2,0.0000,0.00,2.39,17.57,0,18.93,3.769,5.931,0.5141,112.336,0.00,0.0000
37000,-30,0,4482,1107.9798,629.24,76.69,26.21,423,24.91,8.542,5.952,0.3548,182.025,0.00,0.0000
37000,-30,1,3091,964.7443,291.36,1430.62,18.30,499,24.37,8.515,6.332,0.5322,268.041,0.00,0.0000
37000,-30,2,604,116.4784,29.11,864.62,19.32,74,26.32,9.500,5.655,0.6684,387.630,0.00,0.0000
37000,-20,0,1895,986.0789,1176.40,37.68,44.06,37,31.18,12.435,4.521,0.3214,304.868,0.00,0.0000
37000,-20,1,2426,1554.5299,1300.55,1011.91,22.12,223,30.58,12.213,4.754,0.4794,442.835,0.00,0.0000
37000,-20,2,3898,700.5066,278.39,11273.69,22.26,287,29.73,11.836,5.081,0.7766,658.561,0.00,0.0000
37000,-10,0,1923,1050.3302,1812.80,26.59,48.16,16,35.68,15.436,3.618,0.2966,441.789,0.00,0.0000
37000,-10,1,1960,1786.2269,2736.30,859.13,28.69,18,35.97,15.653,3.554,0.4132,646.820,0.00,0.0000
37000,-10,2,4341,694.6002,664.25,16169.10,24.51,311,33.12,14.135,4.447,0.7696,932.570,0.00,0.0000
37000,0,0,1917,858.2236,1393.23,30.39,59.36,2,38.60,17.358,3.023,0.2229,446.800,0.00,0.0000
37000,0,1,1656,1180.6912,1506.04,809.47,36.05,0,38.79,17.474,2.974,0.3717,764.730,0.00,0.0000
37000,0,2,4794,769.1807,779.63,15806.61,29.03,217,35.23,15.585,4.078,0.6794,1029.049,0.00,0.0000
37000,10,0,3187,754.6891,836.89,51.73,67.78,14,38.66,17.377,3.017,0.2273,447.786,0.00,0.0000
37000,10,1,2543,940.9165,886.03,1280.06,42.03,8,38.33,17.206,3.126,0.3935,755.359,0.00,0.0000
37000,10,2,3715,353.5041,259.30,10133.92,12.82,153,33.23,14.585,4.767,0.6531,871.918,0.00,0.0000
37000,20,0,4225,536.2214,520.72,65.42,54.90,14,34.25,14.748,4.192,0.1829,237.940,0.00,0.0000
37000,20,1,3039,538.1107,421.10,1457.36,29.88,36,34.54,14.860,4.045,0.4251,574.840,0.00,0.0000
37000,20,2,1181,136.7302,73.44,2117.33,5.14,83,31.36,13.337,5.167,0.6131,651.253,0.00,0.0000
37000,30,0,6982,563.2351,423.65,77.92,31.97,41,29.67,11.755,5.162,0.2341,202.723,0.00,0.0000
37000,30,1,2068,392.6617,183.69,923.05,43.51,97,32.35,12.950,4.094,0.4821,432.854,0.00,0.0000
37000,30,2,224,48.7261,8.26,248.45,68.38,12,29.82,11.396,4.744,0.6520,439.000,0.00,0.0000
37000,40,0,6857,444.0778,282.84,53.57,23.71,139,24.06,8.212,6.413,0.2495,119.849,0.00,0.0000
37000,40,1,1088,339.6730,57.15,444.51,55.53,127,27.63,9.584,4.815,0.6488,307.967,0.00,0.0000
37000,40,2,225,67.5666,5.47,266.72,66.79,35,27.47,9.736,5.108,0.7608,378.382,0.00,0.0000
37000,50,0,5186,175.9876,106.30,12.84,15.10,46,16.21,4.103,8.791,0.1811,39.870,0.00,0.0000
37000,50,1,519,205.9518,36.94,118.15,54.96,82,22.17,6.096,5.909,0.8116,204.072,0.00,0.0000
37000,50,2,11,1.7506,0.00,13.84,41.56,2,22.82,6.035,5.237,0.9389,249.460,0.00,0.0000
37000,60,0,3853,87.0015,79.82,0.32,10.43,0,8.24,0.944,11.559,0.1079,8.010,0.00,0.0000
37000,60,1,2,0.5353,0.47,0.24,11.28,0,13.43,1.698,8.281,0.9465,96.590,0.00,0.0000
37000,70,0,4656,17.3079,17.00,0.03,12.29,0,1.72,0.045,14.644,0.0775,1.360,0.00,0.0000
37000,80,0,3564,0.3188,0.69,0.01,13.30,0,-2.14,0.000,17.316,0.0659,0.118,0.00,0.0000
38000,-60,0,5654,22.7598,191.98,86.25,-14.56,5,-11.85,0.000,26.850,0.5528,7.506,0.00,0.0000
38000,-60,1,2078,7.6416,131.68,492.66,-18.36,3,-14.33,0.000,29.331,0.9765,8.108,0.00,0.0000
38000,-60,2,2,0.0000,0.00,2.40,-4.80,0,-1.89,0.000,17.010,0.9984,25.593,0.00,0.0000
38000,-50,0,7347,281.1677,417.20,77.10,-5.92,27,-1.72,0.019,17.797,0.4320,16.691,0.00,0.0000
38000,-50,1,1347,110.2399,100.16,416.72,0.49,21,-2.16,0.015,18.190,0.8038,26.378,0.00,0.0000
38000,-50,2,4,0.0000,0.00,6.63,-0.22,0,3.24,0.004,12.974,0.9633,38.563,0.00,0.0000
38000,-40,0,6457,333.1397,280.22,50.34,7.04,104,9.58,1.452,11.177,0.3884,45.139,0.00,0.0000
38000,-40,1,1622,178.7188,109.34,571.43,14.26,47,8.37,1.262,12.032,0.7090,68.121,0.00,0.0000
38000,-40,2,2,0.0001,0.00,2.36,-7.68,1,11.36,0.954,8.816,0.8341,127.137,0.00,0.0000
38000,-30,0,4479,575.1242,324.58,76.02,17.52,315,18.41,5.065,7.851,0.4126,107.641,0.00,0.0000
38000,-30,1,3084,417.1379,208.18,1426.33,26.22,214,18.60,5.313,8.017,0.6267,165.425,0.00,0.0000
38000,-30,2,614,77.3566,40.07,881.80,32.58,45,21.30,6.501,6.988,0.8138,255.563,0.00,0.0000
38000,-20,0,1894,787.9623,453.01,37.56,19.49,291,26.63,9.570,5.554,0.3686,209.810,0.00,0.0000
38000,-20,1,2423,1004.5198,297.13,1015.60,30.60,447,26.10,9.381,5.809,0.5595,308.895,0.00,0.0000
38000,-20,2,3902,409.7989,161.84,11337.04,39.13,398,25.84,9.351,6.017,0.8694,445.597,0.00,0.0000
38000,-10,0,1922,1076.9556,1087.61,26.42,33.71,191,33.79,14.068,3.961,0.3289,362.357,0.00,0.0000
38000,-10,1,1957,1734.2733,936.86,858.78,32.74,241,33.46,13.898,4.022,0.4665,542.066,0.00,0.0000
38000,-10,2,4345,567.6726,328.74,16219.03,47.92,434,31.32,12.825,4.806,0.8290,738.190,0.00,0.0000
38000,0,0,1919,900.5131,1462.29,30.27,35.00,8,38.83,17.399,2.939,0.2287,431.736,0.00,0.0000
38000,0,1,1659,1351.0836,1581.64,812.74,32.53,22,38.37,17.128,3.008,0.3801,735.589,0.00,0.0000
38000,0,2,4789,1051.6175,1110.33,15809.53,52.49,308,35.71,15.741,3.922,0.6815,956.344,0.00,0.0000
38000,10,0,3201,935.3588,1235.46,52.47,32.54,22,41.02,18.882,2.536,0.1877,456.192,0.00,0.0000
38000,10,1,2550,1379.9181,1598.62,1291.31,33.47,5,40.35,18.537,2.712,0.3369,792.519,0.00,0.0000
38000,10,2,3694,535.3382,479.33,10113.54,64.84,191,36.14,16.318,4.090,0.5919,897.187,0.00,0.0000
38000,20,0,4228,736.4902,876.62,65.22,40.13,10,39.27,17.911,3.089,0.1436,288.018,0.00,0.0000
38000,20,1,3048,889.9622,922.57,1457.52,52.10,22,39.60,18.126,2.989,0.3217,661.898,0.00,0.0000
38000,20,2,1169,159.4216,110.42,2105.49,67.92,57,36.03,16.149,4.030,0.4975,741.871,0.00,0.0000
38000,30,0,6995,855.8145,890.78,78.59,50.37,10,37.24,16.367,3.357,0.1740,287.617,0.00,0.0000
38000,30,1,2054,443.0486,437.32,915.66,43.57,8,39.26,17.386,2.653,0.3247,561.408,0.00,0.0000
38000,30,2,225,45.2091,39.55,250.57,30.78,1,37.76,16.316,2.923,0.4983,704.663,0.00,0.0000
38000,40,0,6855,479.2059,420.86,53.26,50.94,31,34.02,13.840,3.714,0.1761,193.965,0.00,0.0000
38000,40,1,1088,191.0366,158.65,448.13,32.24,21,36.85,15.159,2.657,0.4812,543.356,0.00,0.0000
38000,40,2,227,29.8175,23.29,272.29,27.37,4,36.25,15.003,2.982,0.6072,680.952,0.00,0.0000
38000,50,0,5182,270.6298,249.98,12.66,50.66,30,28.64,10.008,4.574,0.1323,77.230,0.00,0.0000
38000,50,1,523,178.5674,111.12,122.21,28.35,68,33.51,12.367,2.871,0.6605,449.155,0.00,0.0000
38000,50,2,11,2.2676,1.47,14.31,27.57,1,31.23,10.680,3.040,0.9042,530.155,0.00,0.0000
38000,60,0,3853,152.1874,159.83,0.32,43.95,2,23.38,5.949,5.041,0.0796,18.934,0.00,0.0000
38000,60,1,2,2.9043,2.68,0.25,50.36,0,24.73,6.359,4.298,0.9088,219.018,0.00,0.0000
38000,70,0,4656,86.7348,80.77,0.03,35.24,1,21.72,2.903,3.450,0.0522,3.136,0.00,0.0000
38000,80,0,3564,21.1705,18.77,0.01,33.20,0,23.19,1.103,0.854,0.0428,0.021,0.00,0.0000
39000,-60,0,5702,0.1299,116.43,86.72,-18.25,1,-15.97,0.000,30.969,0.5610,4.875,0.00,0.0000
39000,-60,1,2030,0.0022,76.94,463.96,-19.41,0,-18.41,0.000,33.408,0.9791,4.904,0.00,0.0000
39000,-60,2,2,0.0000,0.00,2.29,-15.31,0,-5.68,0.000,20.681,0.9998,23.241,0.00,0.0000
39000,-50,0,7371,163.1868,366.28,76.40,-7.97,18,-5.92,0.000,21.222,0.4421,11.374,0.00,0.0000
39000,-50,1,1323,51.7221,85.16,398.96,-19.44,4,-6.68,0.000,21.945,0.8111,18.470,0.00,0.0000
39000,-50,2,4,0.0000,0.00,6.40,-12.39,0,-0.51,0.000,15.819,0.9814,35.173,0.00,0.0000
39000,-40,0,6468,361.7249,375.82,50.60,1.30,83,5.57,0.565,13.237,0.4063,33.064,0.00,0.0000
39000,-40,1,1611,210.5740,183.65,563.08,-10.88,27,4.03,0.435,14.364,0.7192,49.546,0.00,0.0000
39000,-40,2,2,0.0000,0.00,2.34,32.88,0,8.91,0.253,9.835,0.9996,120.134,0.00,0.0000
39000,-30,0,4483,439.5752,288.03,75.93,8.94,169,14.88,3.558,9.169,0.4401,83.420,0.00,0.0000
39000,-30,1,3071,457.5393,311.86,1419.06,1.83,158,14.89,3.754,9.378,0.6781,134.443,0.00,0.0000
39000,-30,2,623,108.7313,56.40,896.43,-2.23,39,17.60,4.786,8.186,0.8870,217.347,0.00,0.0000
39000,-20,0,1896,264.4056,120.90,37.74,10.41,126,23.53,7.950,6.440,0.3801,170.233,0.00,0.0000
39000,-20,1,2405,462.6270,251.16,1006.16,20.10,223,23.31,7.830,6.555,0.5875,250.822,0.00,0.0000
39000,-20,2,3918,330.5562,150.09,11375.83,5.88,308,22.78,7.690,6.847,0.9110,375.785,0.00,0.0000
39000,-10,0,1923,551.8336,352.51,26.39,6.43,106,31.18,12.489,4.480,0.3411,331.865,0.00,0.0000
39000,-10,1,1944,993.0034,815.01,851.39,35.11,150,31.78,12.763,4.324,0.4825,473.819,0.00,0.0000
39000,-10,2,4357,335.4911,143.84,16247.57,10.77,392,29.08,11.439,5.265,0.8697,678.859,0.00,0.0000
39000,0,0,1923,695.5533,679.17,30.32,13.46,11,37.22,16.350,3.164,0.2348,427.889,0.00,0.0000
39000,0,1,1656,1307.5248,1777.58,812.20,42.96,32,37.86,16.704,3.041,0.3826,687.595,0.00,0.0000
39000,0,2,4788,1045.0843,837.95,15793.60,16.05,401,34.47,14.896,4.093,0.6970,936.088,0.00,0.0000
39000,10,0,3213,883.9122,1004.36,52.66,22.37,2,40.70,18.722,2.544,0.1666,431.848,0.00,0.0000
39000,10,1,2566,1542.9316,2006.71,1304.60,41.39,16,40.91,18.888,2.578,0.3011,747.104,0.00,0.0000
39000,10,2,3666,604.5189,615.86,10046.96,16.21,158,35.96,16.096,4.008,0.5674,920.062,0.00,0.0000
39000,20,0,4236,860.3031,1125.09,65.16,19.42,21,39.98,18.425,2.888,0.1220,295.490,0.00,0.0000
39000,20,1,3063,1213.9683,1437.18,1459.74,26.36,25,40.88,18.948,2.680,0.2760,686.633,0.00,0.0000
39000,20,2,1146,173.4757,153.72,2068.86,26.33,33,37.25,16.838,3.696,0.4380,766.235,0.00,0.0000
39000,30,0,7007,1176.4498,1449.36,78.52,22.88,9,39.46,17.820,2.853,0.1359,301.499,0.00,0.0000
39000,30,1,2047,763.4100,872.16,908.87,27.82,6,41.47,18.909,2.209,0.2671,622.323,0.00,0.0000
39000,30,2,220,109.8852,112.56,245.32,17.14,1,39.64,17.648,2.466,0.4288,846.817,0.00,0.0000
39000,40,0,6859,728.3872,781.91,53.14,20.03,22,37.41,15.981,2.908,0.1306,215.577,0.00,0.0000
39000,40,1,1084,415.8759,369.96,450.55,27.65,24,40.04,17.333,2.006,0.4001,677.144,0.00,0.0000
39000,40,2,227,102.0619,94.05,274.70,22.23,0,38.84,16.778,2.393,0.5307,856.922,0.00,0.0000
39000,50,0,5179,330.0802,341.08,12.45,12.74,20,33.12,12.595,3.332,0.0951,93.142,0.00,0.0000
39000,50,1,526,262.7651,171.71,125.83,22.47,39,37.51,14.959,1.967,0.5643,620.149,0.00,0.0000
39000,50,2,11,4.8836,0.58,14.84,33.98,2,35.11,13.111,2.226,0.8651,704.143,0.00,0.0000
39000,60,0,3853,130.9591,198.40,0.32,12.07,0,29.59,9.103,3.086,0.0522,24.423,0.00,0.0000
39000,60,1,2,1.8734,3.03,0.25,2.28,0,28.62,8.420,3.075,0.8732,328.712,0.00,0.0000
39000,70,0,4656,83.7521,113.18,0.03,21.58,0,31.29,6.936,0.763,0.0215,3.994,0.00,0.0000
39000,80,0,3564,36.8605,39.60,0.01,29.90,0,33.99,5.236,0.001,0.0129,0.002,0.00,0.0000
40000,-60,0,5760,4.7689,75.12,88.18,-4.90,4,-13.54,0.000,28.541,0.5654,5.336,0.00,0.0000
40000,-60,1,1972,0.7227,44.76,435.88,-4.26,0,-16.00,0.000,30.999,0.9787,5.741,0.00,0.0000
40000,-60,2,2,0.0000,0.00,2.20,15.24,0,-3.88,0.000,18.883,0.9989,20.284,0.00,0.0000
40000,-50,0,7399,287.9616,423.56,76.56,7.48,32,-3.31,0.003,19.034,0.4441,12.618,0.00,0.0000
40000,-50,1,1295,97.3510,117.71,384.34,19.54,15,-4.11,0.002,19.767,0.8069,20.578,0.00,0.0000
40000,-50,2,4,0.0000,0.00,6.21,22.51,0,1.33,0.000,14.395,0.9850,31.248,0.00,0.0000
40000,-40,0,6474,599.1247,565.53,50.56,20.81,151,8.10,1.075,11.945,0.4088,37.142,0.00,0.0000
40000,-40,1,1605,414.2409,365.58,558.31,30.79,83,6.46,0.873,13.075,0.7096,55.248,0.00,0.0000
40000,-40,2,2,0.0000,0.00,2.32,2.35,0,10.06,0.579,9.369,0.9993,116.522,0.00,0.0000
40000,-30,0,4477,551.5950,378.21,75.19,31.04,203,17.08,4.497,8.376,0.4444,94.915,0.00,0.0000
40000,-30,1,3070,722.6461,387.40,1422.88,35.05,352,16.98,4.672,8.666,0.6926,154.324,0.00,0.0000
40000,-30,2,630,128.9963,48.22,915.25,43.50,83,19.63,5.767,7.583,0.9051,242.889,0.00,0.0000
40000,-20,0,1897,250.1084,206.09,37.76,51.61,59,25.76,9.090,5.812,0.3572,173.844,0.00,0.0000
40000,-20,1,2379,557.3975,349.83,989.22,35.80,202,24.84,8.716,6.188,0.5687,270.733,0.00,0.0000
40000,-20,2,3943,355.1233,177.88,11458.62,41.06,343,24.44,8.661,6.463,0.9051,410.639,0.00,0.0000
40000,-10,0,1922,426.3648,385.59,26.22,67.60,24,33.08,13.637,4.113,0.3200,324.071,0.00,0.0000
40000,-10,1,1938,997.7357,746.04,846.78,40.94,88,32.71,13.384,4.166,0.4520,483.110,0.00,0.0000
40000,-10,2,4364,215.8381,157.02,16300.18,45.35,361,30.20,12.217,5.101,0.8594,714.747,0.00,0.0000
40000,0,0,1925,545.7880,832.03,30.17,72.09,5,38.72,17.345,2.959,0.2239,406.467,0.00,0.0000
40000,0,1,1663,1300.5227,1972.00,817.51,43.56,3,38.20,16.932,3.003,0.3627,678.870,0.00,0.0000
40000,0,2,4779,798.8994,869.95,15785.99,49.14,291,35.02,15.361,4.085,0.6853,925.742,0.00,0.0000
40000,10,0,3223,766.6832,1200.42,52.77,68.06,3,41.64,19.360,2.464,0.1513,375.854,0.00,0.0000
40000,10,1,2597,1542.8956,2381.77,1327.87,46.23,2,40.71,18.713,2.602,0.2813,689.336,0.00,0.0000
40000,10,2,3625,648.3665,807.39,9972.88,42.29,129,35.38,15.861,4.229,0.5644,879.814,0.00,0.0000
40000,20,0,4246,930.1738,1354.15,65.20,64.04,8,40.07,18.506,2.964,0.1189,264.077,0.00,0.0000
40000,20,1,3076,1574.5200,2024.66,1464.26,47.50,12,39.94,18.338,2.881,0.2851,648.276,0.00,0.0000
40000,20,2,1123,231.9271,218.70,2031.26,25.54,10,35.57,15.923,4.133,0.4412,725.258,0.00,0.0000
40000,30,0,7015,1536.4040,1998.67,78.08,48.51,33,38.12,16.966,3.164,0.1364,263.607,0.00,0.0000
40000,30,1,2036,1163.1522,1279.12,898.56,49.86,119,40.38,18.156,2.439,0.2947,591.007,0.00,0.0000
40000,30,2,223,191.9685,117.08,249.22,70.49,43,39.52,17.566,2.640,0.4594,746.712,0.00,0.0000
40000,40,0,6865,1204.7281,1158.51,53.37,43.35,210,35.28,14.632,3.393,0.1366,189.001,0.00,0.0000
40000,40,1,1069,754.6027,403.53,446.18,54.30,210,38.84,16.502,2.303,0.4397,602.422,0.00,0.0000
40000,40,2,236,204.8944,76.10,287.28,63.59,45,38.35,16.466,2.624,0.5684,748.070,0.00,0.0000
40000,50,0,5177,407.4345,303.25,12.37,38.74,175,30.29,10.959,4.091,0.0970,78.926,0.00,0.0000
40000,50,1,528,361.2823,118.50,129.90,57.18,145,36.01,13.965,2.368,0.6031,518.054,0.00,0.0000
40000,50,2,11,1.9249,0.62,15.36,32.96,4,33.69,12.169,2.476,0.8836,621.556,0.00,0.0000
40000,60,0,3853,101.9065,156.48,0.32,30.95,7,25.78,7.142,4.245,0.0517,21.731,0.00,0.0000
40000,60,1,2,0.4633,0.00,0.25,43.32,0,26.74,7.284,3.576,0.8549,262.155,0.00,0.0000
40000,70,0,4656,44.7225,103.14,0.03,26.04,0,25.68,4.391,2.134,0.0175,5.547,0.00,0.0000
40000,80,0,3564,12.8833,33.58,0.01,23.31,0,27.80,2.293,0.165,0.0035,0.200,0.00,0.0000
