step,measure,value,count
50000,hamming,0,2
50000,hamming,1,1
50000,hamming,2,407
50000,hamming,3,20
50000,hamming,4,381
50000,hamming,5,49
50000,hamming,6,314
50000,hamming,7,75
50000,hamming,8,264
50000,hamming,9,97
50000,hamming,10,302
50000,hamming,11,138
50000,hamming,12,315
50000,hamming,13,161
50000,hamming,14,330
50000,hamming,15,152
50000,hamming,16,308
50000,hamming,17,133
50000,hamming,18,243
50000,hamming,19,143
50000,hamming,20,163
50000,hamming,21,140
50000,hamming,22,156
50000,hamming,23,189
50000,hamming,24,197
50000,hamming,25,236
50000,hamming,26,230
50000,hamming,27,277
50000,hamming,28,303
50000,hamming,29,313
50000,hamming,30,355
50000,hamming,31,351
50000,hamming,32,429
50000,hamming,33,479
50000,hamming,34,552
50000,hamming,35,576
50000,hamming,36,619
50000,hamming,37,609
50000,hamming,38,708
50000,hamming,39,756
50000,hamming,40,792
50000,hamming,41,888
50000,hamming,42,791
50000,hamming,43,854
50000,hamming,44,717
50000,hamming,45,732
50000,hamming,46,587
50000,hamming,47,552
50000,hamming,48,438
50000,hamming,49,421
50000,hamming,50,411
50000,hamming,51,320
50000,hamming,52,352
50000,hamming,53,334
50000,hamming,54,345
50000,hamming,55,333
50000,hamming,56,332
50000,hamming,57,285
50000,hamming,58,288
50000,hamming,59,260
50000,hamming,60,280
50000,hamming,61,284
50000,hamming,62,276
50000,hamming,63,279
50000,hamming,64,289
50000,hamming,65,281
50000,hamming,66,279
50000,hamming,67,271
50000,hamming,68,283
50000,hamming,69,319
50000,hamming,70,344
50000,hamming,71,312
50000,hamming,72,366
50000,hamming,73,336
50000,hamming,74,397
50000,hamming,75,350
50000,hamming,76,420
50000,hamming,77,361
50000,hamming,78,461
50000,hamming,79,437
50000,hamming,80,475
50000,hamming,81,466
50000,hamming,82,434
50000,hamming,83,479
50000,hamming,84,529
50000,hamming,85,542
50000,hamming,86,577
50000,hamming,87,633
50000,hamming,88,604
50000,hamming,89,744
50000,hamming,90,795
50000,hamming,91,951
50000,hamming,92,1016
50000,hamming,93,1172
50000,hamming,94,1245
50000,hamming,95,1421
50000,hamming,96,1486
50000,hamming,97,1615
50000,hamming,98,1633
50000,hamming,99,1548
50000,hamming,100,1500
50000,hamming,101,1406
50000,hamming,102,1327
50000,hamming,103,1287
50000,hamming,104,1248
50000,hamming,105,1183
50000,hamming,106,1163
50000,hamming,107,1127
50000,hamming,108,1265
50000,hamming,109,1196
50000,hamming,110,1366
50000,hamming,111,1239
50000,hamming,112,1410
50000,hamming,113,1297
50000,hamming,114,1303
50000,hamming,115,1271
50000,hamming,116,1338
50000,hamming,117,1152
50000,hamming,118,1104
50000,hamming,119,1020
50000,hamming,120,894
50000,hamming,121,890
50000,hamming,122,796
50000,hamming,123,834
50000,hamming,124,806
50000,hamming,125,820
50000,hamming,126,792
50000,hamming,127,829
50000,hamming,128,822
50000,hamming,129,967
50000,hamming,130,967
50000,hamming,131,1105
50000,hamming,132,1107
50000,hamming,133,1141
50000,hamming,134,1087
50000,hamming,135,1105
50000,hamming,136,1115
50000,hamming,137,1173
50000,hamming,138,1207
50000,hamming,139,1303
50000,hamming,140,1258
50000,hamming,141,1346
50000,hamming,142,1255
50000,hamming,143,1335
50000,hamming,144,1290
50000,hamming,145,1364
50000,hamming,146,1387
50000,hamming,147,1306
50000,hamming,148,1350
50000,hamming,149,1425
50000,hamming,150,1504
50000,hamming,151,1514
50000,hamming,152,1475
50000,hamming,153,1486
50000,hamming,154,1356
50000,hamming,155,1349
50000,hamming,156,1189
50000,hamming,157,1173
50000,hamming,158,982
50000,hamming,159,870
50000,hamming,160,764
50000,hamming,161,572
50000,hamming,162,433
50000,hamming,163,270
50000,hamming,164,188
50000,hamming,165,108
50000,hamming,166,56
50000,hamming,167,37
50000,hamming,168,15
50000,hamming,169,22
50000,hamming,170,27
50000,hamming,171,28
50000,hamming,172,33
50000,hamming,173,39
50000,hamming,174,80
50000,hamming,175,105
50000,hamming,176,183
50000,hamming,177,243
50000,hamming,178,312
50000,hamming,179,381
50000,hamming,180,521
50000,hamming,181,631
50000,hamming,182,853
50000,hamming,183,1107
50000,hamming,184,1450
50000,hamming,185,1845
50000,hamming,186,2331
50000,hamming,187,2816
50000,hamming,188,3516
50000,hamming,189,4011
50000,hamming,190,4605
50000,hamming,191,4908
50000,hamming,192,4998
50000,hamming,193,4854
50000,hamming,194,4717
50000,hamming,195,4422
50000,hamming,196,3907
50000,hamming,197,3416
50000,hamming,198,2868
50000,hamming,199,2425
50000,hamming,200,1887
50000,hamming,201,1577
50000,hamming,202,1217
50000,hamming,203,945
50000,hamming,204,730
50000,hamming,205,554
50000,hamming,206,461
50000,hamming,207,331
50000,hamming,208,281
50000,hamming,209,221
50000,hamming,210,234
50000,hamming,211,244
50000,hamming,212,369
50000,hamming,213,458
50000,hamming,214,561
50000,hamming,215,746
50000,hamming,216,962
50000,hamming,217,1149
50000,hamming,218,1277
50000,hamming,219,1553
50000,hamming,220,1720
50000,hamming,221,1978
50000,hamming,222,2177
50000,hamming,223,2365
50000,hamming,224,2821
50000,hamming,225,3032
50000,hamming,226,3270
50000,hamming,227,3802
50000,hamming,228,4165
50000,hamming,229,4571
50000,hamming,230,4984
50000,hamming,231,5286
50000,hamming,232,5749
50000,hamming,233,5795
50000,hamming,234,5922
50000,hamming,235,5662
50000,hamming,236,5466
50000,hamming,237,5093
50000,hamming,238,4745
50000,hamming,239,4268
50000,hamming,240,3845
50000,hamming,241,3416
50000,hamming,242,2993
50000,hamming,243,2617
50000,hamming,244,2278
50000,hamming,245,1965
50000,hamming,246,1694
50000,hamming,247,1341
50000,hamming,248,1145
50000,hamming,249,973
50000,hamming,250,827
50000,hamming,251,638
50000,hamming,252,416
50000,hamming,253,306
50000,hamming,254,159
50000,hamming,255,117
50000,hamming,256,84
50000,hamming,257,52
50000,hamming,258,40
50000,hamming,259,26
50000,hamming,260,19
50000,hamming,261,9
50000,hamming,262,11
50000,hamming,263,2
50000,hamming,264,2
50000,genes,0,20909
50000,genes,1,1296
50000,genes,2,15589
50000,genes,3,2998
50000,genes,4,10484
50000,genes,5,5608
50000,genes,6,9663
50000,genes,7,17659
50000,genes,8,7706
50000,genes,9,22743
50000,genes,10,33312
50000,genes,11,23871
50000,genes,12,24937
50000,genes,13,16578
50000,genes,14,17401
50000,genes,15,38137
50000,genes,16,7776
50000,genes,17,17525
50000,genes,18,6158
50000,genes,19,3034
50000,genes,20,1380
50000,genes,21,473
50000,genes,22,88
50000,genes,23,43
50000,genes,24,3
50000,body,0,32480
50000,body,1,1859
50000,body,2,3925
50000,body,3,6808
50000,body,4,13316
50000,body,5,3550
50000,body,6,3730
50000,body,7,6221
50000,body,8,1914
50000,body,9,1999
50000,body,10,12036
50000,body,11,10386
50000,body,12,8480
50000,body,13,4325
50000,body,14,14026
50000,body,15,5274
50000,body,16,2911
50000,body,17,1500
50000,body,18,2051
50000,body,19,1725
50000,body,20,4654
50000,body,21,7657
50000,body,22,11228
50000,body,23,8257
50000,body,24,3849
50000,body,25,4949
50000,body,26,3403
50000,body,27,1954
50000,body,28,1445
50000,body,29,838
50000,body,30,865
50000,body,31,1445
50000,body,32,3459
50000,body,33,41207
50000,body,34,2192
50000,body,35,1191
50000,body,36,1870
50000,body,37,4947
50000,body,38,20163
50000,body,39,1854
50000,body,40,4411
50000,body,41,19919
50000,body,42,13334
50000,body,43,54
50000,body,44,268
50000,body,45,331
50000,body,46,75
50000,body,47,214
50000,body,48,15
50000,body,49,9
50000,body,50,2
50000,body,51,2
50000,body,52,6
50000,body,53,59
50000,body,54,22
50000,body,55,160
50000,body,56,210
50000,body,57,6
50000,body,58,6
50000,body,59,24
50000,body,60,101
50000,body,61,9
50000,body,62,21
50000,body,63,102
50000,body,64,68
100000,hamming,2,394
100000,hamming,3,12
100000,hamming,4,359
100000,hamming,5,30
100000,hamming,6,335
100000,hamming,7,53
100000,hamming,8,296
100000,hamming,9,72
100000,hamming,10,269
100000,hamming,11,103
100000,hamming,12,220
100000,hamming,13,160
100000,hamming,14,200
100000,hamming,15,235
100000,hamming,16,195
100000,hamming,17,260
100000,hamming,18,161
100000,hamming,19,203
100000,hamming,20,126
100000,hamming,21,151
100000,hamming,22,113
100000,hamming,23,141
100000,hamming,24,107
100000,hamming,25,135
100000,hamming,26,99
100000,hamming,27,155
100000,hamming,28,106
100000,hamming,29,155
100000,hamming,30,148
100000,hamming,31,180
100000,hamming,32,166
100000,hamming,33,202
100000,hamming,34,200
100000,hamming,35,208
100000,hamming,36,210
100000,hamming,37,236
100000,hamming,38,268
100000,hamming,39,298
100000,hamming,40,286
100000,hamming,41,289
100000,hamming,42,295
100000,hamming,43,299
100000,hamming,44,284
100000,hamming,45,320
100000,hamming,46,351
100000,hamming,47,418
100000,hamming,48,436
100000,hamming,49,515
100000,hamming,50,463
100000,hamming,51,511
100000,hamming,52,466
100000,hamming,53,516
100000,hamming,54,444
100000,hamming,55,489
100000,hamming,56,394
100000,hamming,57,473
100000,hamming,58,368
100000,hamming,59,352
100000,hamming,60,352
100000,hamming,61,327
100000,hamming,62,333
100000,hamming,63,274
100000,hamming,64,295
100000,hamming,65,260
100000,hamming,66,265
100000,hamming,67,286
100000,hamming,68,282
100000,hamming,69,322
100000,hamming,70,325
100000,hamming,71,325
100000,hamming,72,383
100000,hamming,73,336
100000,hamming,74,393
100000,hamming,75,378
100000,hamming,76,407
100000,hamming,77,373
100000,hamming,78,347
100000,hamming,79,329
100000,hamming,80,339
100000,hamming,81,313
100000,hamming,82,355
100000,hamming,83,331
100000,hamming,84,332
100000,hamming,85,371
100000,hamming,86,333
100000,hamming,87,403
100000,hamming,88,409
100000,hamming,89,417
100000,hamming,90,441
100000,hamming,91,397
100000,hamming,92,404
100000,hamming,93,388
100000,hamming,94,445
100000,hamming,95,433
100000,hamming,96,445
100000,hamming,97,427
100000,hamming,98,393
100000,hamming,99,451
100000,hamming,100,432
100000,hamming,101,435
100000,hamming,102,452
100000,hamming,103,456
100000,hamming,104,457
100000,hamming,105,489
100000,hamming,106,560
100000,hamming,107,606
100000,hamming,108,623
100000,hamming,109,731
100000,hamming,110,713
100000,hamming,111,750
100000,hamming,112,812
100000,hamming,113,822
100000,hamming,114,935
100000,hamming,115,954
100000,hamming,116,1081
100000,hamming,117,1054
100000,hamming,118,1054
100000,hamming,119,1000
100000,hamming,120,1052
100000,hamming,121,1005
100000,hamming,122,908
100000,hamming,123,982
100000,hamming,124,877
100000,hamming,125,864
100000,hamming,126,771
100000,hamming,127,829
100000,hamming,128,864
100000,hamming,129,916
100000,hamming,130,859
100000,hamming,131,946
100000,hamming,132,994
100000,hamming,133,1055
100000,hamming,134,938
100000,hamming,135,969
100000,hamming,136,924
100000,hamming,137,914
100000,hamming,138,917
100000,hamming,139,859
100000,hamming,140,851
100000,hamming,141,859
100000,hamming,142,841
100000,hamming,143,887
100000,hamming,144,886
100000,hamming,145,929
100000,hamming,146,947
100000,hamming,147,966
100000,hamming,148,1059
100000,hamming,149,1151
100000,hamming,150,1151
100000,hamming,151,1123
100000,hamming,152,1189
100000,hamming,153,1222
100000,hamming,154,1193
100000,hamming,155,1134
100000,hamming,156,1177
100000,hamming,157,1046
100000,hamming,158,1034
100000,hamming,159,939
100000,hamming,160,859
100000,hamming,161,872
100000,hamming,162,845
100000,hamming,163,833
100000,hamming,164,789
100000,hamming,165,663
100000,hamming,166,635
100000,hamming,167,593
100000,hamming,168,581
100000,hamming,169,555
100000,hamming,170,566
100000,hamming,171,569
100000,hamming,172,504
100000,hamming,173,557
100000,hamming,174,545
100000,hamming,175,602
100000,hamming,176,613
100000,hamming,177,699
100000,hamming,178,737
100000,hamming,179,785
100000,hamming,180,864
100000,hamming,181,878
100000,hamming,182,938
100000,hamming,183,1001
100000,hamming,184,1054
100000,hamming,185,1211
100000,hamming,186,1293
100000,hamming,187,1381
100000,hamming,188,1509
100000,hamming,189,1619
100000,hamming,190,1659
100000,hamming,191,1703
100000,hamming,192,1725
100000,hamming,193,1670
100000,hamming,194,1818
100000,hamming,195,1843
100000,hamming,196,1849
100000,hamming,197,1755
100000,hamming,198,1674
100000,hamming,199,1561
100000,hamming,200,1475
100000,hamming,201,1467
100000,hamming,202,1402
100000,hamming,203,1283
100000,hamming,204,1186
100000,hamming,205,998
100000,hamming,206,838
100000,hamming,207,647
100000,hamming,208,592
100000,hamming,209,534
100000,hamming,210,540
100000,hamming,211,483
100000,hamming,212,494
100000,hamming,213,375
100000,hamming,214,320
100000,hamming,215,244
100000,hamming,216,207
100000,hamming,217,128
100000,hamming,218,117
100000,hamming,219,95
100000,hamming,220,61
100000,hamming,221,43
100000,hamming,222,26
100000,hamming,223,20
100000,hamming,224,18
100000,hamming,225,7
100000,hamming,226,3
100000,hamming,271,2
100000,hamming,272,10
100000,hamming,273,23
100000,hamming,274,39
100000,hamming,275,129
100000,hamming,276,199
100000,hamming,277,392
100000,hamming,278,502
100000,hamming,279,624
100000,hamming,280,793
100000,hamming,281,1085
100000,hamming,282,1340
100000,hamming,283,1781
100000,hamming,284,2075
100000,hamming,285,2668
100000,hamming,286,2792
100000,hamming,287,3107
100000,hamming,288,3529
100000,hamming,289,4058
100000,hamming,290,4613
100000,hamming,291,4982
100000,hamming,292,5554
100000,hamming,293,5483
100000,hamming,294,5704
100000,hamming,295,5796
100000,hamming,296,5712
100000,hamming,297,5813
100000,hamming,298,5637
100000,hamming,299,5493
100000,hamming,300,5168
100000,hamming,301,4970
100000,hamming,302,4495
100000,hamming,303,4257
100000,hamming,304,3818
100000,hamming,305,3350
100000,hamming,306,3055
100000,hamming,307,2757
100000,hamming,308,2716
100000,hamming,309,2715
100000,hamming,310,2986
100000,hamming,311,3119
100000,hamming,312,3596
100000,hamming,313,4027
100000,hamming,314,4391
100000,hamming,315,4895
100000,hamming,316,4943
100000,hamming,317,5145
100000,hamming,318,5089
100000,hamming,319,4709
100000,hamming,320,4084
100000,hamming,321,3651
100000,hamming,322,3326
100000,hamming,323,2817
100000,hamming,324,2475
100000,hamming,325,1989
100000,hamming,326,1538
100000,hamming,327,1198
100000,hamming,328,830
100000,hamming,329,620
100000,hamming,330,420
100000,hamming,331,304
100000,hamming,332,201
100000,hamming,333,111
100000,hamming,334,109
100000,hamming,335,62
100000,hamming,336,43
100000,hamming,337,24
100000,hamming,338,23
100000,hamming,339,15
100000,hamming,340,6
100000,hamming,341,7
100000,hamming,342,2
100000,hamming,343,1
100000,hamming,344,2
100000,hamming,345,6
100000,hamming,346,2
100000,hamming,347,2
100000,genes,0,18398
100000,genes,1,1812
100000,genes,2,15804
100000,genes,3,4108
100000,genes,4,13246
100000,genes,5,5961
100000,genes,6,13866
100000,genes,7,7328
100000,genes,8,17582
100000,genes,9,7199
100000,genes,10,15140
100000,genes,11,5264
100000,genes,12,7038
100000,genes,13,2132
100000,genes,14,2170
100000,genes,15,693
100000,genes,16,793
100000,genes,17,3600
100000,genes,18,11698
100000,genes,19,88688
100000,genes,20,69370
100000,genes,21,5830
100000,genes,22,1385
100000,genes,23,2389
100000,genes,24,1274
100000,genes,25,30
100000,genes,26,2
100000,genes,27,1
100000,genes,28,5
100000,body,0,83032
100000,body,1,6425
100000,body,2,20511
100000,body,3,4474
100000,body,4,2232
100000,body,5,2181
100000,body,6,5311
100000,body,7,2345
100000,body,8,2691
100000,body,9,457
100000,body,10,3882
100000,body,11,1421
100000,body,12,2415
100000,body,13,824
100000,body,14,8487
100000,body,15,3792
100000,body,16,59089
100000,body,17,3480
100000,body,18,2193
100000,body,19,1904
100000,body,20,1442
100000,body,21,862
100000,body,22,2890
100000,body,23,298
100000,body,24,406
100000,body,25,48
100000,body,26,191
100000,body,27,396
100000,body,28,274
100000,body,29,22
100000,body,30,187
100000,body,31,7
100000,body,32,504
100000,body,33,549
100000,body,34,305
100000,body,35,1937
100000,body,36,752
100000,body,37,7
100000,body,38,51605
100000,body,39,11547
100000,body,40,28742
100000,body,41,376
100000,body,42,223
100000,body,43,200
100000,body,44,894
100000,body,45,11
100000,body,46,2
100000,body,47,2
100000,body,48,3
100000,body,49,2
100000,body,50,9
100000,body,51,167
100000,body,52,2
100000,body,53,6
100000,body,54,14
100000,body,56,504
100000,body,57,65
100000,body,58,5
100000,body,59,6
100000,body,60,5
100000,body,61,8
100000,body,62,171
100000,body,63,5
100000,body,64,9
150000,hamming,2,394
150000,hamming,3,8
150000,hamming,4,327
150000,hamming,5,21
150000,hamming,6,263
150000,hamming,7,59
150000,hamming,8,234
150000,hamming,9,84
150000,hamming,10,267
150000,hamming,11,104
150000,hamming,12,258
150000,hamming,13,139
150000,hamming,14,242
150000,hamming,15,174
150000,hamming,16,238
150000,hamming,17,193
150000,hamming,18,232
150000,hamming,19,229
150000,hamming,20,266
150000,hamming,21,237
150000,hamming,22,314
150000,hamming,23,276
150000,hamming,24,323
150000,hamming,25,284
150000,hamming,26,319
150000,hamming,27,259
150000,hamming,28,333
150000,hamming,29,261
150000,hamming,30,294
150000,hamming,31,210
150000,hamming,32,210
150000,hamming,33,134
150000,hamming,34,148
150000,hamming,35,113
150000,hamming,36,111
150000,hamming,37,117
150000,hamming,38,75
150000,hamming,39,92
150000,hamming,40,48
150000,hamming,41,76
150000,hamming,42,64
150000,hamming,43,68
150000,hamming,44,60
150000,hamming,45,74
150000,hamming,46,75
150000,hamming,47,73
150000,hamming,48,85
150000,hamming,49,84
150000,hamming,50,95
150000,hamming,51,84
150000,hamming,52,112
150000,hamming,53,97
150000,hamming,54,137
150000,hamming,55,121
150000,hamming,56,145
150000,hamming,57,130
150000,hamming,58,123
150000,hamming,59,127
150000,hamming,60,113
150000,hamming,61,138
150000,hamming,62,130
150000,hamming,63,128
150000,hamming,64,145
150000,hamming,65,144
150000,hamming,66,169
150000,hamming,67,163
150000,hamming,68,210
150000,hamming,69,180
150000,hamming,70,250
150000,hamming,71,194
150000,hamming,72,249
150000,hamming,73,211
150000,hamming,74,244
150000,hamming,75,175
150000,hamming,76,200
150000,hamming,77,164
150000,hamming,78,205
150000,hamming,79,179
150000,hamming,80,219
150000,hamming,81,251
150000,hamming,82,232
150000,hamming,83,276
150000,hamming,84,231
150000,hamming,85,283
150000,hamming,86,243
150000,hamming,87,255
150000,hamming,88,240
150000,hamming,89,260
150000,hamming,90,276
150000,hamming,91,306
150000,hamming,92,350
150000,hamming,93,374
150000,hamming,94,407
150000,hamming,95,354
150000,hamming,96,350
150000,hamming,97,357
150000,hamming,98,382
150000,hamming,99,357
150000,hamming,100,403
150000,hamming,101,371
150000,hamming,102,396
150000,hamming,103,399
150000,hamming,104,426
150000,hamming,105,451
150000,hamming,106,446
150000,hamming,107,434
150000,hamming,108,485
150000,hamming,109,470
150000,hamming,110,524
150000,hamming,111,511
150000,hamming,112,551
150000,hamming,113,601
150000,hamming,114,564
150000,hamming,115,637
150000,hamming,116,608
150000,hamming,117,610
150000,hamming,118,641
150000,hamming,119,696
150000,hamming,120,696
150000,hamming,121,716
150000,hamming,122,759
150000,hamming,123,754
150000,hamming,124,775
150000,hamming,125,779
150000,hamming,126,705
150000,hamming,127,745
150000,hamming,128,689
150000,hamming,129,803
150000,hamming,130,779
150000,hamming,131,834
150000,hamming,132,816
150000,hamming,133,942
150000,hamming,134,838
150000,hamming,135,932
150000,hamming,136,840
150000,hamming,137,873
150000,hamming,138,866
150000,hamming,139,863
150000,hamming,140,803
150000,hamming,141,825
150000,hamming,142,701
150000,hamming,143,759
150000,hamming,144,789
150000,hamming,145,741
150000,hamming,146,719
150000,hamming,147,748
150000,hamming,148,758
150000,hamming,149,749
150000,hamming,150,756
150000,hamming,151,726
150000,hamming,152,768
150000,hamming,153,736
150000,hamming,154,740
150000,hamming,155,786
150000,hamming,156,739
150000,hamming,157,804
150000,hamming,158,736
150000,hamming,159,695
150000,hamming,160,646
150000,hamming,161,678
150000,hamming,162,608
150000,hamming,163,572
150000,hamming,164,512
150000,hamming,165,487
150000,hamming,166,516
150000,hamming,167,497
150000,hamming,168,481
150000,hamming,169,396
150000,hamming,170,451
150000,hamming,171,478
150000,hamming,172,466
150000,hamming,173,470
150000,hamming,174,558
150000,hamming,175,602
150000,hamming,176,642
150000,hamming,177,702
150000,hamming,178,740
150000,hamming,179,808
150000,hamming,180,910
150000,hamming,181,864
150000,hamming,182,827
150000,hamming,183,820
150000,hamming,184,751
150000,hamming,185,735
150000,hamming,186,645
150000,hamming,187,610
150000,hamming,188,544
150000,hamming,189,458
150000,hamming,190,408
150000,hamming,191,389
150000,hamming,192,357
150000,hamming,193,350
150000,hamming,194,304
150000,hamming,195,325
150000,hamming,196,316
150000,hamming,197,237
150000,hamming,198,221
150000,hamming,199,183
150000,hamming,200,185
150000,hamming,201,165
150000,hamming,202,139
150000,hamming,203,111
150000,hamming,204,63
150000,hamming,205,46
150000,hamming,206,33
150000,hamming,207,18
150000,hamming,208,14
150000,hamming,209,17
150000,hamming,210,11
150000,hamming,211,13
150000,hamming,212,15
150000,hamming,213,12
150000,hamming,214,8
150000,hamming,215,13
150000,hamming,216,8
150000,hamming,217,7
150000,hamming,218,2
150000,hamming,219,1
150000,hamming,221,1
150000,hamming,271,1
150000,hamming,272,3
150000,hamming,273,7
150000,hamming,274,20
150000,hamming,275,33
150000,hamming,276,66
150000,hamming,277,140
150000,hamming,278,236
150000,hamming,279,331
150000,hamming,280,433
150000,hamming,281,630
150000,hamming,282,826
150000,hamming,283,1024
150000,hamming,284,1227
150000,hamming,285,1444
150000,hamming,286,1697
150000,hamming,287,2018
150000,hamming,288,2029
150000,hamming,289,2253
150000,hamming,290,2237
150000,hamming,291,2286
150000,hamming,292,2421
150000,hamming,293,2328
150000,hamming,294,2600
150000,hamming,295,2521
150000,hamming,296,2802
150000,hamming,297,2652
150000,hamming,298,2687
150000,hamming,299,2649
150000,hamming,300,2786
150000,hamming,301,2981
150000,hamming,302,3204
150000,hamming,303,3404
150000,hamming,304,4008
150000,hamming,305,4468
150000,hamming,306,4689
150000,hamming,307,5128
150000,hamming,308,5324
150000,hamming,309,5599
150000,hamming,310,6215
150000,hamming,311,6793
150000,hamming,312,7462
150000,hamming,313,7739
150000,hamming,314,8317
150000,hamming,315,8248
150000,hamming,316,8007
150000,hamming,317,7748
150000,hamming,318,7661
150000,hamming,319,7929
150000,hamming,320,7628
150000,hamming,321,7693
150000,hamming,322,7402
150000,hamming,323,6804
150000,hamming,324,5980
150000,hamming,325,5179
150000,hamming,326,4454
150000,hamming,327,3949
150000,hamming,328,3341
150000,hamming,329,2872
150000,hamming,330,2373
150000,hamming,331,1948
150000,hamming,332,1627
150000,hamming,333,1286
150000,hamming,334,874
150000,hamming,335,612
150000,hamming,336,385
150000,hamming,337,260
150000,hamming,338,163
150000,hamming,339,92
150000,hamming,340,53
150000,hamming,341,14
150000,hamming,342,4
150000,hamming,343,1
150000,genes,0,19040
150000,genes,1,826
150000,genes,2,17464
150000,genes,3,3103
150000,genes,4,12620
150000,genes,5,3468
150000,genes,6,9357
150000,genes,7,3383
150000,genes,8,6782
150000,genes,9,2055
150000,genes,10,3353
150000,genes,11,852
150000,genes,12,4516
150000,genes,13,1465
150000,genes,14,23226
150000,genes,15,15793
150000,genes,16,54176
150000,genes,17,4937
150000,genes,18,41931
150000,genes,19,62561
150000,genes,20,2832
150000,genes,21,10158
150000,genes,22,610
150000,genes,23,473
150000,genes,24,264
150000,genes,25,9
150000,genes,27,117
150000,body,0,68065
150000,body,1,11648
150000,body,2,26495
150000,body,3,4611
150000,body,4,2715
150000,body,5,2012
150000,body,6,985
150000,body,7,417
150000,body,8,828
150000,body,9,156
150000,body,10,354
150000,body,11,2462
150000,body,12,1359
150000,body,13,3321
150000,body,14,21159
150000,body,15,9122
150000,body,16,63081
150000,body,17,2257
150000,body,18,1669
150000,body,19,578
150000,body,20,386
150000,body,21,1366
150000,body,22,369
150000,body,23,62
150000,body,24,287
150000,body,25,22
150000,body,26,138
150000,body,27,226
150000,body,28,44
150000,body,29,611
150000,body,30,157
150000,body,31,474
150000,body,32,163
150000,body,33,15
150000,body,34,129
150000,body,35,125
150000,body,36,6
150000,body,37,581
150000,body,38,32064
150000,body,39,13693
150000,body,40,30423
150000,body,41,240
150000,body,42,7
150000,body,43,224
150000,body,44,6
150000,body,45,11
150000,body,46,3
150000,body,47,6
150000,body,48,4
150000,body,50,117
150000,body,51,1
150000,body,52,117
200000,hamming,1,1
200000,hamming,2,327
200000,hamming,3,10
200000,hamming,4,250
200000,hamming,5,25
200000,hamming,6,229
200000,hamming,7,36
200000,hamming,8,230
200000,hamming,9,49
200000,hamming,10,214
200000,hamming,11,59
200000,hamming,12,163
200000,hamming,13,53
200000,hamming,14,119
200000,hamming,15,43
200000,hamming,16,131
200000,hamming,17,64
200000,hamming,18,95
200000,hamming,19,90
200000,hamming,20,98
200000,hamming,21,95
200000,hamming,22,114
200000,hamming,23,113
200000,hamming,24,96
200000,hamming,25,93
200000,hamming,26,106
200000,hamming,27,100
200000,hamming,28,116
200000,hamming,29,112
200000,hamming,30,124
200000,hamming,31,131
200000,hamming,32,133
200000,hamming,33,148
200000,hamming,34,163
200000,hamming,35,139
200000,hamming,36,186
200000,hamming,37,187
200000,hamming,38,221
200000,hamming,39,224
200000,hamming,40,228
200000,hamming,41,250
200000,hamming,42,220
200000,hamming,43,284
200000,hamming,44,273
200000,hamming,45,312
200000,hamming,46,277
200000,hamming,47,299
200000,hamming,48,279
200000,hamming,49,311
200000,hamming,50,359
200000,hamming,51,323
200000,hamming,52,383
200000,hamming,53,384
200000,hamming,54,375
200000,hamming,55,438
200000,hamming,56,370
200000,hamming,57,445
200000,hamming,58,402
200000,hamming,59,488
200000,hamming,60,456
200000,hamming,61,487
200000,hamming,62,439
200000,hamming,63,493
200000,hamming,64,502
200000,hamming,65,535
200000,hamming,66,516
200000,hamming,67,495
200000,hamming,68,522
200000,hamming,69,518
200000,hamming,70,482
200000,hamming,71,511
200000,hamming,72,493
200000,hamming,73,557
200000,hamming,74,501
200000,hamming,75,536
200000,hamming,76,536
200000,hamming,77,542
200000,hamming,78,557
200000,hamming,79,493
200000,hamming,80,517
200000,hamming,81,476
200000,hamming,82,458
200000,hamming,83,482
200000,hamming,84,473
200000,hamming,85,444
200000,hamming,86,452
200000,hamming,87,433
200000,hamming,88,418
200000,hamming,89,386
200000,hamming,90,410
200000,hamming,91,374
200000,hamming,92,379
200000,hamming,93,390
200000,hamming,94,364
200000,hamming,95,413
200000,hamming,96,375
200000,hamming,97,426
200000,hamming,98,397
200000,hamming,99,385
200000,hamming,100,394
200000,hamming,101,337
200000,hamming,102,368
200000,hamming,103,377
200000,hamming,104,330
200000,hamming,105,354
200000,hamming,106,348
200000,hamming,107,397
200000,hamming,108,466
200000,hamming,109,450
200000,hamming,110,501
200000,hamming,111,478
200000,hamming,112,568
200000,hamming,113,620
200000,hamming,114,653
200000,hamming,115,651
200000,hamming,116,654
200000,hamming,117,625
200000,hamming,118,659
200000,hamming,119,622
200000,hamming,120,651
200000,hamming,121,664
200000,hamming,122,698
200000,hamming,123,675
200000,hamming,124,705
200000,hamming,125,702
200000,hamming,126,726
200000,hamming,127,725
200000,hamming,128,742
200000,hamming,129,847
200000,hamming,130,900
200000,hamming,131,883
200000,hamming,132,868
200000,hamming,133,862
200000,hamming,134,851
200000,hamming,135,799
200000,hamming,136,795
200000,hamming,137,811
200000,hamming,138,762
200000,hamming,139,766
200000,hamming,140,850
200000,hamming,141,840
200000,hamming,142,882
200000,hamming,143,868
200000,hamming,144,852
200000,hamming,145,864
200000,hamming,146,847
200000,hamming,147,832
200000,hamming,148,788
200000,hamming,149,785
200000,hamming,150,760
200000,hamming,151,820
200000,hamming,152,746
200000,hamming,153,720
200000,hamming,154,651
200000,hamming,155,604
200000,hamming,156,468
200000,hamming,157,381
200000,hamming,158,334
200000,hamming,159,294
200000,hamming,160,255
200000,hamming,161,209
200000,hamming,162,170
200000,hamming,163,165
200000,hamming,164,147
200000,hamming,165,129
200000,hamming,166,107
200000,hamming,167,127
200000,hamming,168,89
200000,hamming,169,82
200000,hamming,170,70
200000,hamming,171,61
200000,hamming,172,50
200000,hamming,173,40
200000,hamming,174,43
200000,hamming,175,27
200000,hamming,176,30
200000,hamming,177,33
200000,hamming,178,38
200000,hamming,179,53
200000,hamming,180,59
200000,hamming,181,60
200000,hamming,182,38
200000,hamming,183,39
200000,hamming,184,22
200000,hamming,185,26
200000,hamming,186,23
200000,hamming,187,19
200000,hamming,188,15
200000,hamming,189,10
200000,hamming,190,6
200000,hamming,191,2
200000,hamming,192,3
200000,hamming,193,7
200000,hamming,194,7
200000,hamming,195,5
200000,hamming,207,1
200000,hamming,208,1
200000,hamming,209,4
200000,hamming,210,6
200000,hamming,211,8
200000,hamming,212,8
200000,hamming,213,24
200000,hamming,214,36
200000,hamming,215,64
200000,hamming,216,79
200000,hamming,217,121
200000,hamming,218,198
200000,hamming,219,283
200000,hamming,220,306
200000,hamming,221,420
200000,hamming,222,466
200000,hamming,223,575
200000,hamming,224,712
200000,hamming,225,921
200000,hamming,226,1068
200000,hamming,227,1196
200000,hamming,228,1483
200000,hamming,229,1638
200000,hamming,230,1848
200000,hamming,231,2083
200000,hamming,232,2080
200000,hamming,233,2275
200000,hamming,234,2137
200000,hamming,235,2011
200000,hamming,236,1840
200000,hamming,237,1548
200000,hamming,238,1463
200000,hamming,239,1297
200000,hamming,240,1113
200000,hamming,241,898
200000,hamming,242,665
200000,hamming,243,536
200000,hamming,244,470
200000,hamming,245,363
200000,hamming,246,327
200000,hamming,247,257
200000,hamming,248,215
200000,hamming,249,188
200000,hamming,250,163
200000,hamming,251,215
200000,hamming,252,199
200000,hamming,253,250
200000,hamming,254,299
200000,hamming,255,345
200000,hamming,256,402
200000,hamming,257,502
200000,hamming,258,613
200000,hamming,259,712
200000,hamming,260,726
200000,hamming,261,741
200000,hamming,262,712
200000,hamming,263,664
200000,hamming,264,569
200000,hamming,265,548
200000,hamming,266,529
200000,hamming,267,468
200000,hamming,268,451
200000,hamming,269,363
200000,hamming,270,346
200000,hamming,271,287
200000,hamming,272,227
200000,hamming,273,187
200000,hamming,274,135
200000,hamming,275,102
200000,hamming,276,98
200000,hamming,277,72
200000,hamming,278,52
200000,hamming,279,37
200000,hamming,280,25
200000,hamming,281,22
200000,hamming,282,21
200000,hamming,283,21
200000,hamming,284,24
200000,hamming,285,13
200000,hamming,286,3
200000,hamming,287,3
200000,hamming,288,3
200000,hamming,289,1
200000,hamming,291,2
200000,hamming,292,1
200000,hamming,293,4
200000,hamming,294,13
200000,hamming,295,20
200000,hamming,296,25
200000,hamming,297,44
200000,hamming,298,48
200000,hamming,299,89
200000,hamming,300,82
200000,hamming,301,127
200000,hamming,302,136
200000,hamming,303,161
200000,hamming,304,219
200000,hamming,305,338
200000,hamming,306,437
200000,hamming,307,561
200000,hamming,308,722
200000,hamming,309,858
200000,hamming,310,1182
200000,hamming,311,1564
200000,hamming,312,1940
200000,hamming,313,2318
200000,hamming,314,2849
200000,hamming,315,3251
200000,hamming,316,3803
200000,hamming,317,4289
200000,hamming,318,4635
200000,hamming,319,5429
200000,hamming,320,5736
200000,hamming,321,6104
200000,hamming,322,6346
200000,hamming,323,6571
200000,hamming,324,7004
200000,hamming,325,7146
200000,hamming,326,7131
200000,hamming,327,7233
200000,hamming,328,7194
200000,hamming,329,7113
200000,hamming,330,6675
200000,hamming,331,6542
200000,hamming,332,6232
200000,hamming,333,5969
200000,hamming,334,5831
200000,hamming,335,5493
200000,hamming,336,4966
200000,hamming,337,4364
200000,hamming,338,3924
200000,hamming,339,3286
200000,hamming,340,2762
200000,hamming,341,2270
200000,hamming,342,1651
200000,hamming,343,1387
200000,hamming,344,1088
200000,hamming,345,789
200000,hamming,346,632
200000,hamming,347,485
200000,hamming,348,380
200000,hamming,349,349
200000,hamming,350,244
200000,hamming,351,118
200000,hamming,352,72
200000,hamming,353,38
200000,hamming,354,17
200000,hamming,355,11
200000,hamming,356,7
200000,genes,0,7995
200000,genes,1,2865
200000,genes,2,11891
200000,genes,3,2613
200000,genes,4,9909
200000,genes,5,3262
200000,genes,6,6552
200000,genes,7,3473
200000,genes,8,4577
200000,genes,9,4932
200000,genes,10,6788
200000,genes,11,3725
200000,genes,12,12703
200000,genes,13,20005
200000,genes,14,15124
200000,genes,15,16285
200000,genes,16,29117
200000,genes,17,38588
200000,genes,18,4155
200000,genes,19,13962
200000,genes,20,27804
200000,genes,21,4159
200000,genes,22,12465
200000,genes,23,20269
200000,genes,24,853
200000,genes,25,447
200000,genes,26,28
200000,genes,27,89
200000,body,0,45161
200000,body,1,5120
200000,body,2,8459
200000,body,3,3800
200000,body,4,20378
200000,body,5,2638
200000,body,6,14432
200000,body,7,1492
200000,body,8,4263
200000,body,9,1983
200000,body,10,4841
200000,body,11,2399
200000,body,12,9757
200000,body,13,3626
200000,body,14,4088
200000,body,15,5568
200000,body,16,38775
200000,body,17,1775
200000,body,18,4920
200000,body,19,1930
200000,body,20,8293
200000,body,21,2254
200000,body,22,11414
200000,body,23,900
200000,body,24,721
200000,body,25,153
200000,body,26,443
200000,body,27,836
200000,body,28,127
200000,body,29,312
200000,body,30,302
200000,body,31,338
200000,body,32,250
200000,body,33,826
200000,body,34,152
200000,body,35,238
200000,body,36,523
200000,body,37,457
200000,body,38,26678
200000,body,39,9234
200000,body,40,34546
200000,body,41,1
200000,body,43,231
200000,body,44,1
250000,hamming,2,394
250000,hamming,3,13
250000,hamming,4,322
250000,hamming,5,32
250000,hamming,6,280
250000,hamming,7,67
250000,hamming,8,256
250000,hamming,9,97
250000,hamming,10,262
250000,hamming,11,106
250000,hamming,12,241
250000,hamming,13,99
250000,hamming,14,241
250000,hamming,15,143
250000,hamming,16,289
250000,hamming,17,194
250000,hamming,18,333
250000,hamming,19,247
250000,hamming,20,352
250000,hamming,21,295
250000,hamming,22,381
250000,hamming,23,289
250000,hamming,24,365
250000,hamming,25,280
250000,hamming,26,350
250000,hamming,27,282
250000,hamming,28,339
250000,hamming,29,257
250000,hamming,30,289
250000,hamming,31,241
250000,hamming,32,219
250000,hamming,33,216
250000,hamming,34,165
250000,hamming,35,247
250000,hamming,36,168
250000,hamming,37,235
250000,hamming,38,190
250000,hamming,39,182
250000,hamming,40,217
250000,hamming,41,209
250000,hamming,42,245
250000,hamming,43,271
250000,hamming,44,265
250000,hamming,45,282
250000,hamming,46,263
250000,hamming,47,302
250000,hamming,48,263
250000,hamming,49,290
250000,hamming,50,239
250000,hamming,51,282
250000,hamming,52,244
250000,hamming,53,339
250000,hamming,54,303
250000,hamming,55,355
250000,hamming,56,317
250000,hamming,57,353
250000,hamming,58,311
250000,hamming,59,383
250000,hamming,60,356
250000,hamming,61,378
250000,hamming,62,372
250000,hamming,63,391
250000,hamming,64,363
250000,hamming,65,408
250000,hamming,66,403
250000,hamming,67,444
250000,hamming,68,419
250000,hamming,69,457
250000,hamming,70,432
250000,hamming,71,506
250000,hamming,72,476
250000,hamming,73,531
250000,hamming,74,509
250000,hamming,75,480
250000,hamming,76,501
250000,hamming,77,492
250000,hamming,78,487
250000,hamming,79,455
250000,hamming,80,409
250000,hamming,81,419
250000,hamming,82,367
250000,hamming,83,381
250000,hamming,84,352
250000,hamming,85,318
250000,hamming,86,290
250000,hamming,87,274
250000,hamming,88,264
250000,hamming,89,285
250000,hamming,90,294
250000,hamming,91,287
250000,hamming,92,299
250000,hamming,93,265
250000,hamming,94,295
250000,hamming,95,328
250000,hamming,96,340
250000,hamming,97,397
250000,hamming,98,383
250000,hamming,99,426
250000,hamming,100,391
250000,hamming,101,452
250000,hamming,102,424
250000,hamming,103,436
250000,hamming,104,473
250000,hamming,105,430
250000,hamming,106,439
250000,hamming,107,377
250000,hamming,108,390
250000,hamming,109,369
250000,hamming,110,355
250000,hamming,111,306
250000,hamming,112,299
250000,hamming,113,286
250000,hamming,114,335
250000,hamming,115,326
250000,hamming,116,383
250000,hamming,117,372
250000,hamming,118,413
250000,hamming,119,401
250000,hamming,120,428
250000,hamming,121,430
250000,hamming,122,457
250000,hamming,123,391
250000,hamming,124,431
250000,hamming,125,406
250000,hamming,126,475
250000,hamming,127,453
250000,hamming,128,508
250000,hamming,129,559
250000,hamming,130,545
250000,hamming,131,577
250000,hamming,132,567
250000,hamming,133,543
250000,hamming,134,550
250000,hamming,135,488
250000,hamming,136,483
250000,hamming,137,393
250000,hamming,138,402
250000,hamming,139,386
250000,hamming,140,383
250000,hamming,141,406
250000,hamming,142,448
250000,hamming,143,448
250000,hamming,144,446
250000,hamming,145,397
250000,hamming,146,415
250000,hamming,147,393
250000,hamming,148,409
250000,hamming,149,404
250000,hamming,150,391
250000,hamming,151,354
250000,hamming,152,417
250000,hamming,153,390
250000,hamming,154,380
250000,hamming,155,415
250000,hamming,156,397
250000,hamming,157,479
250000,hamming,158,418
250000,hamming,159,452
250000,hamming,160,433
250000,hamming,161,454
250000,hamming,162,527
250000,hamming,163,463
250000,hamming,164,473
250000,hamming,165,448
250000,hamming,166,436
250000,hamming,167,374
250000,hamming,168,389
250000,hamming,169,363
250000,hamming,170,340
250000,hamming,171,358
250000,hamming,172,346
250000,hamming,173,346
250000,hamming,174,360
250000,hamming,175,334
250000,hamming,176,350
250000,hamming,177,317
250000,hamming,178,272
250000,hamming,179,264
250000,hamming,180,226
250000,hamming,181,190
250000,hamming,182,218
250000,hamming,183,190
250000,hamming,184,181
250000,hamming,185,147
250000,hamming,186,140
250000,hamming,187,117
250000,hamming,188,123
250000,hamming,189,117
250000,hamming,190,116
250000,hamming,191,114
250000,hamming,192,140
250000,hamming,193,120
250000,hamming,194,149
250000,hamming,195,164
250000,hamming,196,187
250000,hamming,197,183
250000,hamming,198,180
250000,hamming,199,175
250000,hamming,200,147
250000,hamming,201,154
250000,hamming,202,138
250000,hamming,203,125
250000,hamming,204,110
250000,hamming,205,92
250000,hamming,206,69
250000,hamming,207,52
250000,hamming,208,42
250000,hamming,209,45
250000,hamming,210,44
250000,hamming,211,29
250000,hamming,212,18
250000,hamming,213,6
250000,hamming,214,3
250000,hamming,215,4
250000,hamming,216,1
250000,hamming,249,1
250000,hamming,250,4
250000,hamming,251,16
250000,hamming,252,39
250000,hamming,253,71
250000,hamming,254,71
250000,hamming,255,99
250000,hamming,256,95
250000,hamming,257,89
250000,hamming,258,127
250000,hamming,259,155
250000,hamming,260,192
250000,hamming,261,163
250000,hamming,262,188
250000,hamming,263,175
250000,hamming,264,149
250000,hamming,265,177
250000,hamming,266,207
250000,hamming,267,273
250000,hamming,268,408
250000,hamming,269,480
250000,hamming,270,590
250000,hamming,271,727
250000,hamming,272,861
250000,hamming,273,968
250000,hamming,274,1081
250000,hamming,275,1129
250000,hamming,276,1270
250000,hamming,277,1414
250000,hamming,278,1597
250000,hamming,279,1718
250000,hamming,280,1759
250000,hamming,281,1806
250000,hamming,282,1784
250000,hamming,283,1704
250000,hamming,284,1796
250000,hamming,285,1902
250000,hamming,286,2069
250000,hamming,287,2165
250000,hamming,288,2333
250000,hamming,289,2498
250000,hamming,290,2729
250000,hamming,291,2944
250000,hamming,292,3334
250000,hamming,293,3496
250000,hamming,294,3591
250000,hamming,295,3446
250000,hamming,296,3215
250000,hamming,297,2900
250000,hamming,298,2675
250000,hamming,299,2341
250000,hamming,300,1975
250000,hamming,301,1620
250000,hamming,302,1275
250000,hamming,303,1126
250000,hamming,304,895
250000,hamming,305,918
250000,hamming,306,988
250000,hamming,307,1041
250000,hamming,308,1077
250000,hamming,309,1154
250000,hamming,310,1196
250000,hamming,311,1409
250000,hamming,312,1780
250000,hamming,313,2082
250000,hamming,314,2456
250000,hamming,315,2902
250000,hamming,316,3501
250000,hamming,317,3883
250000,hamming,318,4489
250000,hamming,319,4947
250000,hamming,320,5622
250000,hamming,321,6076
250000,hamming,322,6737
250000,hamming,323,7200
250000,hamming,324,7698
250000,hamming,325,8078
250000,hamming,326,8426
250000,hamming,327,8467
250000,hamming,328,8539
250000,hamming,329,8229
250000,hamming,330,7756
250000,hamming,331,7378
250000,hamming,332,6937
250000,hamming,333,6821
250000,hamming,334,6607
250000,hamming,335,6278
250000,hamming,336,5868
250000,hamming,337,5314
250000,hamming,338,4657
250000,hamming,339,4077
250000,hamming,340,3448
250000,hamming,341,2923
250000,hamming,342,2368
250000,hamming,343,1872
250000,hamming,344,1343
250000,hamming,345,1059
250000,hamming,346,819
250000,hamming,347,548
250000,hamming,348,348
250000,hamming,349,207
250000,hamming,350,123
250000,hamming,351,58
250000,hamming,352,46
250000,hamming,353,27
250000,hamming,354,20
250000,hamming,355,9
250000,hamming,356,4
250000,hamming,357,1
250000,genes,0,20549
250000,genes,1,1864
250000,genes,2,20233
250000,genes,3,2520
250000,genes,4,13904
250000,genes,5,1412
250000,genes,6,4838
250000,genes,7,332
250000,genes,8,4477
250000,genes,9,12969
250000,genes,10,3192
250000,genes,11,2888
250000,genes,12,17911
250000,genes,13,27476
250000,genes,14,2409
250000,genes,15,5687
250000,genes,16,957
250000,genes,17,2225
250000,genes,18,62255
250000,genes,19,43533
250000,genes,20,41777
250000,genes,21,4700
250000,genes,22,11108
250000,genes,23,14773
250000,genes,24,930
250000,genes,25,202
250000,genes,26,99
250000,genes,27,1
250000,body,0,64549
250000,body,1,1664
250000,body,2,9422
250000,body,3,2522
250000,body,4,3503
250000,body,5,2293
250000,body,6,43867
250000,body,7,1922
250000,body,8,3101
250000,body,9,2985
250000,body,10,11231
250000,body,11,2537
250000,body,12,44178
250000,body,13,3446
250000,body,14,4316
250000,body,15,1873
250000,body,16,10167
250000,body,17,2868
250000,body,18,27001
250000,body,19,2468
250000,body,20,2395
250000,body,21,1041
250000,body,22,1140
250000,body,23,794
250000,body,24,577
250000,body,25,547
250000,body,26,52
250000,body,27,391
250000,body,28,524
250000,body,29,23
250000,body,30,115
250000,body,31,383
250000,body,32,7
250000,body,33,105
250000,body,34,9
250000,body,35,354
250000,body,36,103
250000,body,37,922
250000,body,38,16347
250000,body,39,1533
250000,body,40,47728
250000,body,41,182
250000,body,42,65
250000,body,43,398
250000,body,44,639
250000,body,45,528
250000,body,46,97
250000,body,47,589
250000,body,48,1259
250000,body,49,31
250000,body,50,34
250000,body,51,48
250000,body,52,179
250000,body,53,36
250000,body,54,107
250000,body,55,4
250000,body,56,2
250000,body,57,4
250000,body,58,2
250000,body,59,5
250000,body,61,1
250000,body,63,1
250000,body,64,7
300000,hamming,1,2
300000,hamming,2,351
300000,hamming,3,11
300000,hamming,4,286
300000,hamming,5,22
300000,hamming,6,217
300000,hamming,7,25
300000,hamming,8,150
300000,hamming,9,32
300000,hamming,10,88
300000,hamming,11,31
300000,hamming,12,79
300000,hamming,13,26
300000,hamming,14,86
300000,hamming,15,26
300000,hamming,16,66
300000,hamming,17,39
300000,hamming,18,56
300000,hamming,19,29
300000,hamming,20,34
300000,hamming,21,30
300000,hamming,22,32
300000,hamming,23,37
300000,hamming,24,37
300000,hamming,25,52
300000,hamming,26,62
300000,hamming,27,54
300000,hamming,28,65
300000,hamming,29,61
300000,hamming,30,65
300000,hamming,31,72
300000,hamming,32,80
300000,hamming,33,72
300000,hamming,34,59
300000,hamming,35,93
300000,hamming,36,85
300000,hamming,37,100
300000,hamming,38,101
300000,hamming,39,84
300000,hamming,40,83
300000,hamming,41,87
300000,hamming,42,75
300000,hamming,43,84
300000,hamming,44,102
300000,hamming,45,115
300000,hamming,46,110
300000,hamming,47,153
300000,hamming,48,134
300000,hamming,49,167
300000,hamming,50,153
300000,hamming,51,180
300000,hamming,52,193
300000,hamming,53,193
300000,hamming,54,201
300000,hamming,55,200
300000,hamming,56,199
300000,hamming,57,186
300000,hamming,58,197
300000,hamming,59,182
300000,hamming,60,227
300000,hamming,61,195
300000,hamming,62,235
300000,hamming,63,209
300000,hamming,64,243
300000,hamming,65,227
300000,hamming,66,250
300000,hamming,67,241
300000,hamming,68,271
300000,hamming,69,278
300000,hamming,70,288
300000,hamming,71,304
300000,hamming,72,341
300000,hamming,73,324
300000,hamming,74,353
300000,hamming,75,313
300000,hamming,76,349
300000,hamming,77,312
300000,hamming,78,369
300000,hamming,79,324
300000,hamming,80,350
300000,hamming,81,350
300000,hamming,82,316
300000,hamming,83,305
300000,hamming,84,303
300000,hamming,85,304
300000,hamming,86,297
300000,hamming,87,301
300000,hamming,88,231
300000,hamming,89,277
300000,hamming,90,205
300000,hamming,91,251
300000,hamming,92,215
300000,hamming,93,275
300000,hamming,94,268
300000,hamming,95,270
300000,hamming,96,269
300000,hamming,97,215
300000,hamming,98,245
300000,hamming,99,222
300000,hamming,100,218
300000,hamming,101,206
300000,hamming,102,225
300000,hamming,103,214
300000,hamming,104,235
300000,hamming,105,245
300000,hamming,106,244
300000,hamming,107,262
300000,hamming,108,218
300000,hamming,109,216
300000,hamming,110,230
300000,hamming,111,216
300000,hamming,112,261
300000,hamming,113,256
300000,hamming,114,249
300000,hamming,115,273
300000,hamming,116,277
300000,hamming,117,303
300000,hamming,118,277
300000,hamming,119,363
300000,hamming,120,330
300000,hamming,121,310
300000,hamming,122,311
300000,hamming,123,367
300000,hamming,124,334
300000,hamming,125,367
300000,hamming,126,382
300000,hamming,127,420
300000,hamming,128,421
300000,hamming,129,398
300000,hamming,130,396
300000,hamming,131,421
300000,hamming,132,464
300000,hamming,133,457
300000,hamming,134,457
300000,hamming,135,447
300000,hamming,136,501
300000,hamming,137,470
300000,hamming,138,546
300000,hamming,139,527
300000,hamming,140,562
300000,hamming,141,649
300000,hamming,142,653
300000,hamming,143,685
300000,hamming,144,707
300000,hamming,145,717
300000,hamming,146,711
300000,hamming,147,752
300000,hamming,148,729
300000,hamming,149,766
300000,hamming,150,839
300000,hamming,151,883
300000,hamming,152,945
300000,hamming,153,932
300000,hamming,154,973
300000,hamming,155,975
300000,hamming,156,993
300000,hamming,157,952
300000,hamming,158,956
300000,hamming,159,959
300000,hamming,160,1035
300000,hamming,161,1000
300000,hamming,162,1031
300000,hamming,163,1010
300000,hamming,164,1023
300000,hamming,165,1012
300000,hamming,166,984
300000,hamming,167,1068
300000,hamming,168,1127
300000,hamming,169,1071
300000,hamming,170,1102
300000,hamming,171,1065
300000,hamming,172,1092
300000,hamming,173,1091
300000,hamming,174,1142
300000,hamming,175,1186
300000,hamming,176,1111
300000,hamming,177,1095
300000,hamming,178,1072
300000,hamming,179,1048
300000,hamming,180,1045
300000,hamming,181,1046
300000,hamming,182,1067
300000,hamming,183,1061
300000,hamming,184,1016
300000,hamming,185,1015
300000,hamming,186,934
300000,hamming,187,972
300000,hamming,188,964
300000,hamming,189,916
300000,hamming,190,1062
300000,hamming,191,1013
300000,hamming,192,983
300000,hamming,193,969
300000,hamming,194,941
300000,hamming,195,942
300000,hamming,196,902
300000,hamming,197,852
300000,hamming,198,849
300000,hamming,199,807
300000,hamming,200,805
300000,hamming,201,787
300000,hamming,202,765
300000,hamming,203,671
300000,hamming,204,665
300000,hamming,205,618
300000,hamming,206,602
300000,hamming,207,526
300000,hamming,208,521
300000,hamming,209,505
300000,hamming,210,579
300000,hamming,211,561
300000,hamming,212,521
300000,hamming,213,508
300000,hamming,214,481
300000,hamming,215,463
300000,hamming,216,393
300000,hamming,217,402
300000,hamming,218,374
300000,hamming,219,347
300000,hamming,220,295
300000,hamming,221,283
300000,hamming,222,261
300000,hamming,223,208
300000,hamming,224,189
300000,hamming,225,173
300000,hamming,226,165
300000,hamming,227,163
300000,hamming,228,161
300000,hamming,229,138
300000,hamming,230,148
300000,hamming,231,131
300000,hamming,232,120
300000,hamming,233,89
300000,hamming,234,83
300000,hamming,235,64
300000,hamming,236,45
300000,hamming,237,46
300000,hamming,238,43
300000,hamming,239,34
300000,hamming,240,37
300000,hamming,241,37
300000,hamming,242,39
300000,hamming,243,35
300000,hamming,244,24
300000,hamming,245,29
300000,hamming,246,14
300000,hamming,247,14
300000,hamming,248,7
300000,hamming,249,4
300000,hamming,250,1
300000,hamming,254,7
300000,hamming,255,3
300000,hamming,256,3
300000,hamming,257,6
300000,hamming,258,5
300000,hamming,259,4
300000,hamming,260,2
300000,hamming,261,2
300000,hamming,262,1
300000,hamming,263,2
300000,hamming,281,2
300000,hamming,282,2
300000,hamming,283,7
300000,hamming,284,16
300000,hamming,285,25
300000,hamming,286,38
300000,hamming,287,48
300000,hamming,288,53
300000,hamming,289,57
300000,hamming,290,77
300000,hamming,291,92
300000,hamming,292,99
300000,hamming,293,126
300000,hamming,294,120
300000,hamming,295,136
300000,hamming,296,128
300000,hamming,297,151
300000,hamming,298,140
300000,hamming,299,143
300000,hamming,300,163
300000,hamming,301,207
300000,hamming,302,241
300000,hamming,303,301
300000,hamming,304,342
300000,hamming,305,386
300000,hamming,306,431
300000,hamming,307,440
300000,hamming,308,579
300000,hamming,309,705
300000,hamming,310,869
300000,hamming,311,1235
300000,hamming,312,1694
300000,hamming,313,2344
300000,hamming,314,2882
300000,hamming,315,3680
300000,hamming,316,4620
300000,hamming,317,5447
300000,hamming,318,6559
300000,hamming,319,7744
300000,hamming,320,8424
300000,hamming,321,9166
300000,hamming,322,10234
300000,hamming,323,10870
300000,hamming,324,10839
300000,hamming,325,10982
300000,hamming,326,10765
300000,hamming,327,10734
300000,hamming,328,10368
300000,hamming,329,9988
300000,hamming,330,9292
300000,hamming,331,8641
300000,hamming,332,7597
300000,hamming,333,7119
300000,hamming,334,5949
300000,hamming,335,5178
300000,hamming,336,4339
300000,hamming,337,3480
300000,hamming,338,2809
300000,hamming,339,2445
300000,hamming,340,2028
300000,hamming,341,1604
300000,hamming,342,1212
300000,hamming,343,928
300000,hamming,344,712
300000,hamming,345,503
300000,hamming,346,425
300000,hamming,347,334
300000,hamming,348,280
300000,hamming,349,165
300000,hamming,350,131
300000,hamming,351,83
300000,hamming,352,58
300000,hamming,353,25
300000,hamming,354,16
300000,hamming,355,7
300000,hamming,356,1
300000,genes,0,10401
300000,genes,1,964
300000,genes,2,17709
300000,genes,3,2908
300000,genes,4,23317
300000,genes,5,3471
300000,genes,6,21444
300000,genes,7,3539
300000,genes,8,12141
300000,genes,9,8823
300000,genes,10,4520
300000,genes,11,5259
300000,genes,12,2774
300000,genes,13,1259
300000,genes,14,1213
300000,genes,15,599
300000,genes,16,2422
300000,genes,17,8207
300000,genes,18,56347
300000,genes,19,36991
300000,genes,20,49224
300000,genes,21,10089
300000,genes,22,20837
300000,genes,23,6053
300000,genes,24,752
300000,genes,25,262
300000,genes,26,128
300000,genes,27,1
300000,genes,28,1
300000,body,0,49424
300000,body,1,5034
300000,body,2,24503
300000,body,3,6761
300000,body,4,10884
300000,body,5,3027
300000,body,6,4870
300000,body,7,1834
300000,body,8,7675
300000,body,9,1723
300000,body,10,4254
300000,body,11,5254
300000,body,12,42235
300000,body,13,3840
300000,body,14,26831
300000,body,15,5221
300000,body,16,6227
300000,body,17,2166
300000,body,18,1238
300000,body,19,957
300000,body,20,1148
300000,body,21,747
300000,body,22,496
300000,body,23,834
300000,body,24,4804
300000,body,25,593
300000,body,26,2771
300000,body,27,441
300000,body,28,672
300000,body,29,258
300000,body,30,288
300000,body,31,18
300000,body,32,10
300000,body,33,38
300000,body,34,307
300000,body,35,3381
300000,body,36,378
300000,body,37,779
300000,body,38,2164
300000,body,39,16172
300000,body,40,59507
300000,body,41,34
300000,body,42,7
300000,body,43,23
300000,body,44,765
300000,body,45,852
300000,body,46,30
300000,body,47,3
300000,body,48,7
300000,body,49,5
300000,body,50,2
300000,body,51,2
300000,body,52,126
300000,body,53,4
300000,body,54,3
300000,body,55,25
300000,body,58,2
300000,body,59,1
350000,hamming,1,1
350000,hamming,2,370
350000,hamming,3,11
350000,hamming,4,302
350000,hamming,5,32
350000,hamming,6,281
350000,hamming,7,80
350000,hamming,8,235
350000,hamming,9,98
350000,hamming,10,198
350000,hamming,11,79
350000,hamming,12,161
350000,hamming,13,97
350000,hamming,14,157
350000,hamming,15,122
350000,hamming,16,170
350000,hamming,17,105
350000,hamming,18,198
350000,hamming,19,111
350000,hamming,20,186
350000,hamming,21,129
350000,hamming,22,171
350000,hamming,23,153
350000,hamming,24,168
350000,hamming,25,159
350000,hamming,26,154
350000,hamming,27,145
350000,hamming,28,149
350000,hamming,29,189
350000,hamming,30,173
350000,hamming,31,213
350000,hamming,32,232
350000,hamming,33,237
350000,hamming,34,249
350000,hamming,35,251
350000,hamming,36,221
350000,hamming,37,204
350000,hamming,38,199
350000,hamming,39,206
350000,hamming,40,180
350000,hamming,41,187
350000,hamming,42,171
350000,hamming,43,214
350000,hamming,44,204
350000,hamming,45,218
350000,hamming,46,229
350000,hamming,47,251
350000,hamming,48,265
350000,hamming,49,288
350000,hamming,50,281
350000,hamming,51,273
350000,hamming,52,275
350000,hamming,53,310
350000,hamming,54,303
350000,hamming,55,344
350000,hamming,56,324
350000,hamming,57,425
350000,hamming,58,345
350000,hamming,59,444
350000,hamming,60,329
350000,hamming,61,425
350000,hamming,62,434
350000,hamming,63,498
350000,hamming,64,489
350000,hamming,65,554
350000,hamming,66,571
350000,hamming,67,603
350000,hamming,68,580
350000,hamming,69,604
350000,hamming,70,584
350000,hamming,71,601
350000,hamming,72,661
350000,hamming,73,655
350000,hamming,74,727
350000,hamming,75,765
350000,hamming,76,771
350000,hamming,77,900
350000,hamming,78,858
350000,hamming,79,975
350000,hamming,80,920
350000,hamming,81,929
350000,hamming,82,930
350000,hamming,83,918
350000,hamming,84,952
350000,hamming,85,946
350000,hamming,86,910
350000,hamming,87,1040
350000,hamming,88,1064
350000,hamming,89,1183
350000,hamming,90,1232
350000,hamming,91,1311
350000,hamming,92,1347
350000,hamming,93,1365
350000,hamming,94,1326
350000,hamming,95,1334
350000,hamming,96,1485
350000,hamming,97,1506
350000,hamming,98,1643
350000,hamming,99,1680
350000,hamming,100,1653
350000,hamming,101,1726
350000,hamming,102,1718
350000,hamming,103,1714
350000,hamming,104,1765
350000,hamming,105,1655
350000,hamming,106,1716
350000,hamming,107,1710
350000,hamming,108,1714
350000,hamming,109,1720
350000,hamming,110,1681
350000,hamming,111,1657
350000,hamming,112,1552
350000,hamming,113,1552
350000,hamming,114,1363
350000,hamming,115,1324
350000,hamming,116,1260
350000,hamming,117,1150
350000,hamming,118,1140
350000,hamming,119,986
350000,hamming,120,904
350000,hamming,121,817
350000,hamming,122,711
350000,hamming,123,624
350000,hamming,124,497
350000,hamming,125,498
350000,hamming,126,409
350000,hamming,127,379
350000,hamming,128,330
350000,hamming,129,264
350000,hamming,130,266
350000,hamming,131,218
350000,hamming,132,205
350000,hamming,133,182
350000,hamming,134,155
350000,hamming,135,147
350000,hamming,136,115
350000,hamming,137,152
350000,hamming,138,163
350000,hamming,139,211
350000,hamming,140,205
350000,hamming,141,241
350000,hamming,142,269
350000,hamming,143,277
350000,hamming,144,254
350000,hamming,145,259
350000,hamming,146,245
350000,hamming,147,239
350000,hamming,148,228
350000,hamming,149,257
350000,hamming,150,293
350000,hamming,151,347
350000,hamming,152,332
350000,hamming,153,345
350000,hamming,154,303
350000,hamming,155,316
350000,hamming,156,313
350000,hamming,157,275
350000,hamming,158,257
350000,hamming,159,251
350000,hamming,160,222
350000,hamming,161,210
350000,hamming,162,205
350000,hamming,163,187
350000,hamming,164,197
350000,hamming,165,188
350000,hamming,166,178
350000,hamming,167,149
350000,hamming,168,131
350000,hamming,169,129
350000,hamming,170,125
350000,hamming,171,134
350000,hamming,172,138
350000,hamming,173,153
350000,hamming,174,149
350000,hamming,175,190
350000,hamming,176,146
350000,hamming,177,190
350000,hamming,178,157
350000,hamming,179,194
350000,hamming,180,167
350000,hamming,181,164
350000,hamming,182,144
350000,hamming,183,147
350000,hamming,184,148
350000,hamming,185,213
350000,hamming,186,183
350000,hamming,187,160
350000,hamming,188,148
350000,hamming,189,127
350000,hamming,190,89
350000,hamming,191,72
350000,hamming,192,58
350000,hamming,193,53
350000,hamming,194,57
350000,hamming,195,29
350000,hamming,196,28
350000,hamming,197,20
350000,hamming,198,18
350000,hamming,199,15
350000,hamming,200,10
350000,hamming,201,10
350000,hamming,202,9
350000,hamming,203,21
350000,hamming,204,22
350000,hamming,205,35
350000,hamming,206,28
350000,hamming,207,34
350000,hamming,208,33
350000,hamming,209,44
350000,hamming,210,42
350000,hamming,211,33
350000,hamming,212,36
350000,hamming,213,28
350000,hamming,214,36
350000,hamming,215,27
350000,hamming,216,37
350000,hamming,217,25
350000,hamming,218,46
350000,hamming,219,34
350000,hamming,220,35
350000,hamming,221,39
350000,hamming,222,20
350000,hamming,223,24
350000,hamming,224,13
350000,hamming,225,13
350000,hamming,226,22
350000,hamming,227,41
350000,hamming,228,49
350000,hamming,229,76
350000,hamming,230,85
350000,hamming,231,123
350000,hamming,232,143
350000,hamming,233,171
350000,hamming,234,172
350000,hamming,235,165
350000,hamming,236,181
350000,hamming,237,164
350000,hamming,238,165
350000,hamming,239,147
350000,hamming,240,140
350000,hamming,241,141
350000,hamming,242,130
350000,hamming,243,115
350000,hamming,244,91
350000,hamming,245,85
350000,hamming,246,70
350000,hamming,247,43
350000,hamming,248,27
350000,hamming,249,14
350000,hamming,250,20
350000,hamming,251,4
350000,hamming,253,6
350000,hamming,284,1
350000,hamming,285,7
350000,hamming,286,15
350000,hamming,287,27
350000,hamming,288,35
350000,hamming,289,33
350000,hamming,290,49
350000,hamming,291,65
350000,hamming,292,114
350000,hamming,293,209
350000,hamming,294,266
350000,hamming,295,343
350000,hamming,296,391
350000,hamming,297,507
350000,hamming,298,646
350000,hamming,299,741
350000,hamming,300,678
350000,hamming,301,717
350000,hamming,302,759
350000,hamming,303,832
350000,hamming,304,884
350000,hamming,305,1088
350000,hamming,306,1356
350000,hamming,307,1546
350000,hamming,308,1826
350000,hamming,309,2179
350000,hamming,310,2191
350000,hamming,311,2362
350000,hamming,312,2641
350000,hamming,313,2744
350000,hamming,314,3146
350000,hamming,315,3517
350000,hamming,316,4022
350000,hamming,317,4504
350000,hamming,318,5054
350000,hamming,319,5884
350000,hamming,320,6785
350000,hamming,321,7665
350000,hamming,322,8294
350000,hamming,323,9223
350000,hamming,324,9874
350000,hamming,325,10409
350000,hamming,326,10646
350000,hamming,327,10988
350000,hamming,328,10595
350000,hamming,329,10558
350000,hamming,330,10202
350000,hamming,331,9793
350000,hamming,332,9074
350000,hamming,333,8278
350000,hamming,334,7040
350000,hamming,335,6162
350000,hamming,336,5512
350000,hamming,337,4740
350000,hamming,338,3856
350000,hamming,339,3012
350000,hamming,340,2412
350000,hamming,341,1721
350000,hamming,342,1320
350000,hamming,343,958
350000,hamming,344,658
350000,hamming,345,452
350000,hamming,346,342
350000,hamming,347,229
350000,hamming,348,158
350000,hamming,349,87
350000,hamming,350,75
350000,hamming,351,68
350000,hamming,352,18
350000,hamming,353,18
350000,hamming,354,19
350000,hamming,355,9
350000,hamming,356,3
350000,hamming,357,1
350000,genes,0,9274
350000,genes,1,6296
350000,genes,2,13384
350000,genes,3,9287
350000,genes,4,12083
350000,genes,5,10788
350000,genes,6,10448
350000,genes,7,6602
350000,genes,8,8123
350000,genes,9,5330
350000,genes,10,7651
350000,genes,11,5954
350000,genes,12,5970
350000,genes,13,6841
350000,genes,14,5198
350000,genes,15,1644
350000,genes,16,1918
350000,genes,17,2337
350000,genes,18,5069
350000,genes,19,16961
350000,genes,20,35185
350000,genes,21,53046
350000,genes,22,31471
350000,genes,23,20624
350000,genes,24,29131
350000,genes,25,1815
350000,genes,26,489
350000,genes,27,568
350000,genes,28,16
350000,genes,29,107
350000,body,0,74131
350000,body,1,10238
350000,body,2,19687
350000,body,3,5783
350000,body,4,2959
350000,body,5,2129
350000,body,6,1826
350000,body,7,1888
350000,body,8,2078
350000,body,9,1223
350000,body,10,2796
350000,body,11,3012
350000,body,12,5335
350000,body,13,4607
350000,body,14,74529
350000,body,15,11395
350000,body,16,17258
350000,body,17,1343
350000,body,18,528
350000,body,19,613
350000,body,20,84
350000,body,21,80
350000,body,22,375
350000,body,23,626
350000,body,24,1065
350000,body,25,426
350000,body,26,245
350000,body,27,22
350000,body,28,20
350000,body,29,32
350000,body,30,178
350000,body,31,1153
350000,body,32,98
350000,body,33,665
350000,body,34,475
350000,body,35,30
350000,body,36,697
350000,body,37,760
350000,body,38,5463
350000,body,39,30821
350000,body,40,36922
350000,body,41,3
350000,body,44,2
350000,body,45,1
350000,body,47,2
350000,body,49,6
350000,body,51,1
400000,hamming,2,390
400000,hamming,3,8
400000,hamming,4,307
400000,hamming,5,34
400000,hamming,6,270
400000,hamming,7,72
400000,hamming,8,230
400000,hamming,9,86
400000,hamming,10,231
400000,hamming,11,90
400000,hamming,12,258
400000,hamming,13,106
400000,hamming,14,245
400000,hamming,15,139
400000,hamming,16,210
400000,hamming,17,158
400000,hamming,18,228
400000,hamming,19,163
400000,hamming,20,212
400000,hamming,21,138
400000,hamming,22,200
400000,hamming,23,157
400000,hamming,24,162
400000,hamming,25,180
400000,hamming,26,173
400000,hamming,27,170
400000,hamming,28,184
400000,hamming,29,157
400000,hamming,30,203
400000,hamming,31,170
400000,hamming,32,249
400000,hamming,33,174
400000,hamming,34,248
400000,hamming,35,180
400000,hamming,36,242
400000,hamming,37,217
400000,hamming,38,225
400000,hamming,39,225
400000,hamming,40,234
400000,hamming,41,236
400000,hamming,42,254
400000,hamming,43,270
400000,hamming,44,253
400000,hamming,45,316
400000,hamming,46,269
400000,hamming,47,327
400000,hamming,48,296
400000,hamming,49,338
400000,hamming,50,289
400000,hamming,51,375
400000,hamming,52,305
400000,hamming,53,411
400000,hamming,54,401
400000,hamming,55,446
400000,hamming,56,462
400000,hamming,57,537
400000,hamming,58,523
400000,hamming,59,538
400000,hamming,60,525
400000,hamming,61,506
400000,hamming,62,548
400000,hamming,63,476
400000,hamming,64,604
400000,hamming,65,548
400000,hamming,66,563
400000,hamming,67,587
400000,hamming,68,587
400000,hamming,69,624
400000,hamming,70,743
400000,hamming,71,746
400000,hamming,72,815
400000,hamming,73,846
400000,hamming,74,819
400000,hamming,75,893
400000,hamming,76,811
400000,hamming,77,833
400000,hamming,78,802
400000,hamming,79,806
400000,hamming,80,748
400000,hamming,81,704
400000,hamming,82,670
400000,hamming,83,687
400000,hamming,84,672
400000,hamming,85,620
400000,hamming,86,707
400000,hamming,87,604
400000,hamming,88,670
400000,hamming,89,594
400000,hamming,90,659
400000,hamming,91,656
400000,hamming,92,726
400000,hamming,93,686
400000,hamming,94,774
400000,hamming,95,765
400000,hamming,96,799
400000,hamming,97,957
400000,hamming,98,926
400000,hamming,99,973
400000,hamming,100,1044
400000,hamming,101,1028
400000,hamming,102,1057
400000,hamming,103,1077
400000,hamming,104,1048
400000,hamming,105,1120
400000,hamming,106,1062
400000,hamming,107,1176
400000,hamming,108,1100
400000,hamming,109,1127
400000,hamming,110,1073
400000,hamming,111,1124
400000,hamming,112,1026
400000,hamming,113,1087
400000,hamming,114,1098
400000,hamming,115,1061
400000,hamming,116,1052
400000,hamming,117,1024
400000,hamming,118,1034
400000,hamming,119,1044
400000,hamming,120,1054
400000,hamming,121,984
400000,hamming,122,949
400000,hamming,123,929
400000,hamming,124,909
400000,hamming,125,883
400000,hamming,126,826
400000,hamming,127,756
400000,hamming,128,726
400000,hamming,129,632
400000,hamming,130,550
400000,hamming,131,543
400000,hamming,132,444
400000,hamming,133,428
400000,hamming,134,372
400000,hamming,135,307
400000,hamming,136,314
400000,hamming,137,280
400000,hamming,138,243
400000,hamming,139,241
400000,hamming,140,202
400000,hamming,141,242
400000,hamming,142,179
400000,hamming,143,194
400000,hamming,144,184
400000,hamming,145,217
400000,hamming,146,209
400000,hamming,147,214
400000,hamming,148,176
400000,hamming,149,187
400000,hamming,150,166
400000,hamming,151,142
400000,hamming,152,123
400000,hamming,153,137
400000,hamming,154,112
400000,hamming,155,92
400000,hamming,156,112
400000,hamming,157,107
400000,hamming,158,94
400000,hamming,159,84
400000,hamming,160,90
400000,hamming,161,85
400000,hamming,162,74
400000,hamming,163,98
400000,hamming,164,82
400000,hamming,165,74
400000,hamming,166,104
400000,hamming,167,119
400000,hamming,168,138
400000,hamming,169,146
400000,hamming,170,174
400000,hamming,171,165
400000,hamming,172,136
400000,hamming,173,91
400000,hamming,174,59
400000,hamming,175,30
400000,hamming,176,20
400000,hamming,177,11
400000,hamming,178,8
400000,hamming,179,7
400000,hamming,180,3
400000,hamming,182,1
400000,hamming,183,2
400000,hamming,184,1
400000,hamming,188,2
400000,hamming,191,1
400000,hamming,254,3
400000,hamming,255,4
400000,hamming,256,7
400000,hamming,257,21
400000,hamming,258,24
400000,hamming,259,30
400000,hamming,260,38
400000,hamming,261,75
400000,hamming,262,63
400000,hamming,263,105
400000,hamming,264,173
400000,hamming,265,302
400000,hamming,266,348
400000,hamming,267,417
400000,hamming,268,506
400000,hamming,269,592
400000,hamming,270,839
400000,hamming,271,1061
400000,hamming,272,1347
400000,hamming,273,1638
400000,hamming,274,1894
400000,hamming,275,2144
400000,hamming,276,2469
400000,hamming,277,2696
400000,hamming,278,2877
400000,hamming,279,3001
400000,hamming,280,2964
400000,hamming,281,2827
400000,hamming,282,2626
400000,hamming,283,2473
400000,hamming,284,2435
400000,hamming,285,2147
400000,hamming,286,1871
400000,hamming,287,1531
400000,hamming,288,1253
400000,hamming,289,1035
400000,hamming,290,929
400000,hamming,291,793
400000,hamming,292,756
400000,hamming,293,597
400000,hamming,294,534
400000,hamming,295,448
400000,hamming,296,452
400000,hamming,297,436
400000,hamming,298,457
400000,hamming,299,464
400000,hamming,300,503
400000,hamming,301,475
400000,hamming,302,523
400000,hamming,303,554
400000,hamming,304,578
400000,hamming,305,592
400000,hamming,306,548
400000,hamming,307,626
400000,hamming,308,750
400000,hamming,309,880
400000,hamming,310,1048
400000,hamming,311,1311
400000,hamming,312,1583
400000,hamming,313,2027
400000,hamming,314,2742
400000,hamming,315,3477
400000,hamming,316,4122
400000,hamming,317,5126
400000,hamming,318,5854
400000,hamming,319,6427
400000,hamming,320,7173
400000,hamming,321,8004
400000,hamming,322,8540
400000,hamming,323,8934
400000,hamming,324,9220
400000,hamming,325,9405
400000,hamming,326,9332
400000,hamming,327,8911
400000,hamming,328,8819
400000,hamming,329,8665
400000,hamming,330,8282
400000,hamming,331,8201
400000,hamming,332,7684
400000,hamming,333,7310
400000,hamming,334,6899
400000,hamming,335,6112
400000,hamming,336,5553
400000,hamming,337,4751
400000,hamming,338,3922
400000,hamming,339,3235
400000,hamming,340,2584
400000,hamming,341,2149
400000,hamming,342,1700
400000,hamming,343,1497
400000,hamming,344,1260
400000,hamming,345,1157
400000,hamming,346,1017
400000,hamming,347,880
400000,hamming,348,759
400000,hamming,349,640
400000,hamming,350,493
400000,hamming,351,394
400000,hamming,352,263
400000,hamming,353,178
400000,hamming,354,112
400000,hamming,355,96
400000,hamming,356,71
400000,hamming,357,56
400000,hamming,358,33
400000,hamming,359,16
400000,hamming,360,19
400000,hamming,361,12
400000,hamming,362,5
400000,hamming,363,4
400000,genes,0,21927
400000,genes,1,2885
400000,genes,2,23026
400000,genes,3,3896
400000,genes,4,15733
400000,genes,5,3157
400000,genes,6,5090
400000,genes,7,1320
400000,genes,8,2256
400000,genes,9,2210
400000,genes,10,2443
400000,genes,11,19324
400000,genes,12,8198
400000,genes,13,18278
400000,genes,14,8867
400000,genes,15,12148
400000,genes,16,1161
400000,genes,17,2439
400000,genes,18,6741
400000,genes,19,63713
400000,genes,20,49162
400000,genes,21,35008
400000,genes,22,14526
400000,genes,23,2453
400000,genes,24,8113
400000,genes,25,443
400000,genes,26,193
400000,genes,27,71
400000,genes,28,187
400000,genes,29,3
400000,body,0,58269
400000,body,1,42661
400000,body,2,8441
400000,body,3,4385
400000,body,4,2343
400000,body,5,1160
400000,body,6,3803
400000,body,7,3140
400000,body,8,2119
400000,body,9,1354
400000,body,10,1647
400000,body,11,1411
400000,body,12,2483
400000,body,13,1732
400000,body,14,9756
400000,body,15,25209
400000,body,16,10086
400000,body,17,732
400000,body,18,13601
400000,body,19,2561
400000,body,20,1277
400000,body,21,1486
400000,body,22,1596
400000,body,23,1152
400000,body,24,2199
400000,body,25,2927
400000,body,26,1967
400000,body,27,2764
400000,body,28,2931
400000,body,29,1338
400000,body,30,11081
400000,body,31,41879
400000,body,32,14193
400000,body,33,758
400000,body,34,376
400000,body,35,535
400000,body,36,1031
400000,body,37,1546
400000,body,38,15907
400000,body,39,21612
400000,body,40,8147
400000,body,41,112
400000,body,42,191
400000,body,43,79
400000,body,44,9
400000,body,45,596
400000,body,46,73
400000,body,47,307
400000,body,48,2
400000,body,49,2
400000,body,50,1
400000,body,51,1
400000,body,52,2
400000,body,56,1
450000,hamming,1,1
450000,hamming,2,307
450000,hamming,3,17
450000,hamming,4,223
450000,hamming,5,35
450000,hamming,6,174
450000,hamming,7,50
450000,hamming,8,148
450000,hamming,9,53
450000,hamming,10,97
450000,hamming,11,57
450000,hamming,12,106
450000,hamming,13,58
450000,hamming,14,106
450000,hamming,15,73
450000,hamming,16,124
450000,hamming,17,81
450000,hamming,18,148
450000,hamming,19,84
450000,hamming,20,132
450000,hamming,21,99
450000,hamming,22,143
450000,hamming,23,95
450000,hamming,24,137
450000,hamming,25,134
450000,hamming,26,155
450000,hamming,27,168
450000,hamming,28,186
450000,hamming,29,160
450000,hamming,30,201
450000,hamming,31,167
450000,hamming,32,199
450000,hamming,33,156
450000,hamming,34,226
450000,hamming,35,177
450000,hamming,36,285
450000,hamming,37,247
450000,hamming,38,324
450000,hamming,39,262
450000,hamming,40,275
450000,hamming,41,229
450000,hamming,42,211
450000,hamming,43,213
450000,hamming,44,202
450000,hamming,45,193
450000,hamming,46,190
450000,hamming,47,217
450000,hamming,48,229
450000,hamming,49,242
450000,hamming,50,255
450000,hamming,51,243
450000,hamming,52,243
450000,hamming,53,270
450000,hamming,54,280
450000,hamming,55,294
450000,hamming,56,315
450000,hamming,57,308
450000,hamming,58,373
450000,hamming,59,332
450000,hamming,60,349
450000,hamming,61,351
450000,hamming,62,340
450000,hamming,63,354
450000,hamming,64,354
450000,hamming,65,342
450000,hamming,66,426
450000,hamming,67,443
450000,hamming,68,462
450000,hamming,69,551
450000,hamming,70,525
450000,hamming,71,565
450000,hamming,72,575
450000,hamming,73,575
450000,hamming,74,667
450000,hamming,75,686
450000,hamming,76,667
450000,hamming,77,772
450000,hamming,78,718
450000,hamming,79,812
450000,hamming,80,894
450000,hamming,81,894
450000,hamming,82,1022
450000,hamming,83,991
450000,hamming,84,1109
450000,hamming,85,1231
450000,hamming,86,1319
450000,hamming,87,1424
450000,hamming,88,1508
450000,hamming,89,1582
450000,hamming,90,1598
450000,hamming,91,1716
450000,hamming,92,1780
450000,hamming,93,1924
450000,hamming,94,2024
450000,hamming,95,2258
450000,hamming,96,2260
450000,hamming,97,2425
450000,hamming,98,2466
450000,hamming,99,2684
450000,hamming,100,2778
450000,hamming,101,2882
450000,hamming,102,2970
450000,hamming,103,2984
450000,hamming,104,3114
450000,hamming,105,3163
450000,hamming,106,3235
450000,hamming,107,3340
450000,hamming,108,3437
450000,hamming,109,3489
450000,hamming,110,3475
450000,hamming,111,3624
450000,hamming,112,3640
450000,hamming,113,3647
450000,hamming,114,3702
450000,hamming,115,3700
450000,hamming,116,3700
450000,hamming,117,3753
450000,hamming,118,3689
450000,hamming,119,3562
450000,hamming,120,3696
450000,hamming,121,3604
450000,hamming,122,3358
450000,hamming,123,3328
450000,hamming,124,3074
450000,hamming,125,2940
450000,hamming,126,2744
450000,hamming,127,2550
450000,hamming,128,2356
450000,hamming,129,2176
450000,hamming,130,2170
450000,hamming,131,1915
450000,hamming,132,1710
450000,hamming,133,1441
450000,hamming,134,1403
450000,hamming,135,1276
450000,hamming,136,1197
450000,hamming,137,1133
450000,hamming,138,1100
450000,hamming,139,1054
450000,hamming,140,1021
450000,hamming,141,1029
450000,hamming,142,980
450000,hamming,143,1035
450000,hamming,144,997
450000,hamming,145,1007
450000,hamming,146,1017
450000,hamming,147,1071
450000,hamming,148,1101
450000,hamming,149,1189
450000,hamming,150,1217
450000,hamming,151,1245
450000,hamming,152,1235
450000,hamming,153,1275
450000,hamming,154,1242
450000,hamming,155,1235
450000,hamming,156,1177
450000,hamming,157,1164
450000,hamming,158,1064
450000,hamming,159,964
450000,hamming,160,852
450000,hamming,161,725
450000,hamming,162,671
450000,hamming,163,636
450000,hamming,164,514
450000,hamming,165,456
450000,hamming,166,386
450000,hamming,167,324
450000,hamming,168,249
450000,hamming,169,253
450000,hamming,170,186
450000,hamming,171,155
450000,hamming,172,126
450000,hamming,173,110
450000,hamming,174,84
450000,hamming,175,54
450000,hamming,176,61
450000,hamming,177,30
450000,hamming,178,24
450000,hamming,179,19
450000,hamming,180,6
450000,hamming,181,10
450000,hamming,182,5
450000,hamming,183,5
450000,hamming,184,5
450000,hamming,185,2
450000,hamming,186,3
450000,hamming,187,1
450000,hamming,188,2
450000,hamming,190,1
450000,hamming,191,1
450000,hamming,193,2
450000,hamming,301,1
450000,hamming,302,7
450000,hamming,303,15
450000,hamming,304,33
450000,hamming,305,66
450000,hamming,306,85
450000,hamming,307,79
450000,hamming,308,103
450000,hamming,309,142
450000,hamming,310,265
450000,hamming,311,352
450000,hamming,312,529
450000,hamming,313,851
450000,hamming,314,1113
450000,hamming,315,1560
450000,hamming,316,2182
450000,hamming,317,2753
450000,hamming,318,3450
450000,hamming,319,4194
450000,hamming,320,4776
450000,hamming,321,5309
450000,hamming,322,5966
450000,hamming,323,6302
450000,hamming,324,6413
450000,hamming,325,6465
450000,hamming,326,6341
450000,hamming,327,6370
450000,hamming,328,6244
450000,hamming,329,5992
450000,hamming,330,5536
450000,hamming,331,5100
450000,hamming,332,5044
450000,hamming,333,4702
450000,hamming,334,4722
450000,hamming,335,4403
450000,hamming,336,4039
450000,hamming,337,3681
450000,hamming,338,3229
450000,hamming,339,2710
450000,hamming,340,2362
450000,hamming,341,2037
450000,hamming,342,1552
450000,hamming,343,1204
450000,hamming,344,932
450000,hamming,345,693
450000,hamming,346,560
450000,hamming,347,392
450000,hamming,348,268
450000,hamming,349,211
450000,hamming,350,152
450000,hamming,351,100
450000,hamming,352,109
450000,hamming,353,140
450000,hamming,354,122
450000,hamming,355,66
450000,hamming,356,54
450000,hamming,357,39
450000,hamming,358,26
450000,hamming,359,9
450000,genes,0,63819
450000,genes,1,2706
450000,genes,2,48618
450000,genes,3,6553
450000,genes,4,26964
450000,genes,5,7100
450000,genes,6,24415
450000,genes,7,1901
450000,genes,8,8361
450000,genes,9,1269
450000,genes,10,2150
450000,genes,11,602
450000,genes,12,147
450000,genes,13,23
450000,genes,14,54
450000,genes,15,110
450000,genes,16,4116
450000,genes,17,1665
450000,genes,18,30132
450000,genes,19,22590
450000,genes,20,13856
450000,genes,21,55464
450000,genes,22,2490
450000,genes,23,596
450000,genes,24,344
450000,genes,25,791
450000,body,0,67693
450000,body,1,35546
450000,body,2,12154
450000,body,3,11013
450000,body,4,5052
450000,body,5,4479
450000,body,6,18008
450000,body,7,9992
450000,body,8,4024
450000,body,9,2189
450000,body,10,2913
450000,body,11,6458
450000,body,12,6062
450000,body,13,2936
450000,body,14,3291
450000,body,15,4827
450000,body,16,13064
450000,body,17,8268
450000,body,18,17995
450000,body,19,1698
450000,body,20,1064
450000,body,21,1438
450000,body,22,495
450000,body,23,365
450000,body,24,491
450000,body,25,203
450000,body,26,574
450000,body,27,1504
450000,body,28,212
450000,body,29,444
450000,body,30,1273
450000,body,31,408
450000,body,32,875
450000,body,33,374
450000,body,34,496
450000,body,35,2449
450000,body,36,2405
450000,body,37,46176
450000,body,38,14153
450000,body,39,743
450000,body,40,10472
450000,body,41,238
450000,body,42,13
450000,body,43,142
450000,body,44,368
450000,body,45,18
450000,body,46,70
450000,body,47,358
450000,body,48,77
450000,body,49,4
450000,body,50,348
450000,body,51,31
450000,body,52,19
450000,body,53,461
450000,body,54,35
450000,body,55,133
450000,body,56,229
450000,body,57,4
450000,body,58,1
450000,body,59,1
450000,body,60,5
450000,body,61,2
450000,body,63,1
450000,body,64,2
500000,hamming,0,1
500000,hamming,2,386
500000,hamming,3,15
500000,hamming,4,345
500000,hamming,5,49
500000,hamming,6,310
500000,hamming,7,79
500000,hamming,8,258
500000,hamming,9,87
500000,hamming,10,219
500000,hamming,11,99
500000,hamming,12,201
500000,hamming,13,124
500000,hamming,14,211
500000,hamming,15,172
500000,hamming,16,221
500000,hamming,17,216
500000,hamming,18,225
500000,hamming,19,238
500000,hamming,20,216
500000,hamming,21,274
500000,hamming,22,231
500000,hamming,23,264
500000,hamming,24,197
500000,hamming,25,204
500000,hamming,26,160
500000,hamming,27,183
500000,hamming,28,147
500000,hamming,29,167
500000,hamming,30,151
500000,hamming,31,154
500000,hamming,32,156
500000,hamming,33,152
500000,hamming,34,144
500000,hamming,35,201
500000,hamming,36,195
500000,hamming,37,218
500000,hamming,38,234
500000,hamming,39,222
500000,hamming,40,249
500000,hamming,41,234
500000,hamming,42,263
500000,hamming,43,263
500000,hamming,44,298
500000,hamming,45,286
500000,hamming,46,340
500000,hamming,47,342
500000,hamming,48,376
500000,hamming,49,404
500000,hamming,50,407
500000,hamming,51,442
500000,hamming,52,402
500000,hamming,53,397
500000,hamming,54,396
500000,hamming,55,315
500000,hamming,56,345
500000,hamming,57,298
500000,hamming,58,319
500000,hamming,59,352
500000,hamming,60,357
500000,hamming,61,366
500000,hamming,62,403
500000,hamming,63,418
500000,hamming,64,451
500000,hamming,65,494
500000,hamming,66,512
500000,hamming,67,510
500000,hamming,68,524
500000,hamming,69,529
500000,hamming,70,535
500000,hamming,71,562
500000,hamming,72,535
500000,hamming,73,550
500000,hamming,74,571
500000,hamming,75,620
500000,hamming,76,683
500000,hamming,77,729
500000,hamming,78,770
500000,hamming,79,768
500000,hamming,80,799
500000,hamming,81,788
500000,hamming,82,800
500000,hamming,83,847
500000,hamming,84,830
500000,hamming,85,867
500000,hamming,86,849
500000,hamming,87,875
500000,hamming,88,850
500000,hamming,89,926
500000,hamming,90,930
500000,hamming,91,1011
500000,hamming,92,1020
500000,hamming,93,1100
500000,hamming,94,1048
500000,hamming,95,1131
500000,hamming,96,1114
500000,hamming,97,1164
500000,hamming,98,1087
500000,hamming,99,1115
500000,hamming,100,1130
500000,hamming,101,1140
500000,hamming,102,1174
500000,hamming,103,1085
500000,hamming,104,1150
500000,hamming,105,1077
500000,hamming,106,1118
500000,hamming,107,1113
500000,hamming,108,1034
500000,hamming,109,1094
500000,hamming,110,1015
500000,hamming,111,1039
500000,hamming,112,973
500000,hamming,113,950
500000,hamming,114,919
500000,hamming,115,932
500000,hamming,116,945
500000,hamming,117,958
500000,hamming,118,960
500000,hamming,119,917
500000,hamming,120,931
500000,hamming,121,942
500000,hamming,122,934
500000,hamming,123,978
500000,hamming,124,929
500000,hamming,125,953
500000,hamming,126,858
500000,hamming,127,876
500000,hamming,128,757
500000,hamming,129,794
500000,hamming,130,765
500000,hamming,131,730
500000,hamming,132,742
500000,hamming,133,752
500000,hamming,134,781
500000,hamming,135,830
500000,hamming,136,895
500000,hamming,137,895
500000,hamming,138,899
500000,hamming,139,807
500000,hamming,140,860
500000,hamming,141,750
500000,hamming,142,749
500000,hamming,143,631
500000,hamming,144,662
500000,hamming,145,650
500000,hamming,146,661
500000,hamming,147,711
500000,hamming,148,599
500000,hamming,149,614
500000,hamming,150,555
500000,hamming,151,504
500000,hamming,152,503
500000,hamming,153,514
500000,hamming,154,475
500000,hamming,155,472
500000,hamming,156,481
500000,hamming,157,426
500000,hamming,158,456
500000,hamming,159,377
500000,hamming,160,402
500000,hamming,161,426
500000,hamming,162,445
500000,hamming,163,423
500000,hamming,164,421
500000,hamming,165,446
500000,hamming,166,460
500000,hamming,167,408
500000,hamming,168,411
500000,hamming,169,369
500000,hamming,170,381
500000,hamming,171,339
500000,hamming,172,352
500000,hamming,173,307
500000,hamming,174,251
500000,hamming,175,223
500000,hamming,176,216
500000,hamming,177,193
500000,hamming,178,188
500000,hamming,179,145
500000,hamming,180,138
500000,hamming,181,111
500000,hamming,182,72
500000,hamming,183,69
500000,hamming,184,78
500000,hamming,185,47
500000,hamming,186,39
500000,hamming,187,39
500000,hamming,188,28
500000,hamming,189,25
500000,hamming,190,21
500000,hamming,191,27
500000,hamming,192,26
500000,hamming,193,35
500000,hamming,194,70
500000,hamming,195,68
500000,hamming,196,72
500000,hamming,197,63
500000,hamming,198,74
500000,hamming,199,98
500000,hamming,200,83
500000,hamming,201,98
500000,hamming,202,112
500000,hamming,203,85
500000,hamming,204,103
500000,hamming,205,67
500000,hamming,206,59
500000,hamming,207,70
500000,hamming,208,60
500000,hamming,209,52
500000,hamming,210,35
500000,hamming,211,32
500000,hamming,212,29
500000,hamming,213,23
500000,hamming,214,24
500000,hamming,215,22
500000,hamming,216,12
500000,hamming,217,8
500000,hamming,218,4
500000,hamming,219,3
500000,hamming,220,1
500000,hamming,221,1
500000,hamming,224,1
500000,hamming,226,1
500000,hamming,227,1
500000,hamming,266,2
500000,hamming,267,13
500000,hamming,268,22
500000,hamming,269,52
500000,hamming,270,62
500000,hamming,271,92
500000,hamming,272,126
500000,hamming,273,232
500000,hamming,274,317
500000,hamming,275,455
500000,hamming,276,549
500000,hamming,277,779
500000,hamming,278,1159
500000,hamming,279,1611
500000,hamming,280,2098
500000,hamming,281,2576
500000,hamming,282,3063
500000,hamming,283,3603
500000,hamming,284,4264
500000,hamming,285,4717
500000,hamming,286,5050
500000,hamming,287,5492
500000,hamming,288,5848
500000,hamming,289,5984
500000,hamming,290,5855
500000,hamming,291,5767
500000,hamming,292,5153
500000,hamming,293,4716
500000,hamming,294,3957
500000,hamming,295,3265
500000,hamming,296,2736
500000,hamming,297,2308
500000,hamming,298,1795
500000,hamming,299,1430
500000,hamming,300,1094
500000,hamming,301,846
500000,hamming,302,706
500000,hamming,303,477
500000,hamming,304,370
500000,hamming,305,252
500000,hamming,306,161
500000,hamming,307,79
500000,hamming,308,60
500000,hamming,309,83
500000,hamming,310,93
500000,hamming,311,135
500000,hamming,312,178
500000,hamming,313,293
500000,hamming,314,380
500000,hamming,315,537
500000,hamming,316,755
500000,hamming,317,907
500000,hamming,318,1134
500000,hamming,319,1387
500000,hamming,320,1812
500000,hamming,321,2231
500000,hamming,322,2518
500000,hamming,323,2994
500000,hamming,324,3610
500000,hamming,325,4140
500000,hamming,326,4637
500000,hamming,327,5199
500000,hamming,328,5853
500000,hamming,329,6120
500000,hamming,330,6072
500000,hamming,331,6137
500000,hamming,332,6175
500000,hamming,333,6281
500000,hamming,334,6278
500000,hamming,335,6060
500000,hamming,336,5598
500000,hamming,337,5330
500000,hamming,338,5096
500000,hamming,339,4983
500000,hamming,340,5188
500000,hamming,341,4934
500000,hamming,342,4744
500000,hamming,343,4057
500000,hamming,344,3573
500000,hamming,345,2878
500000,hamming,346,2612
500000,hamming,347,2333
500000,hamming,348,1896
500000,hamming,349,1437
500000,hamming,350,1123
500000,hamming,351,867
500000,hamming,352,628
500000,hamming,353,457
500000,hamming,354,317
500000,hamming,355,231
500000,hamming,356,173
500000,hamming,357,132
500000,hamming,358,101
500000,hamming,359,73
500000,hamming,360,33
500000,hamming,361,8
500000,hamming,362,10
500000,hamming,363,5
500000,hamming,364,3
500000,hamming,365,2
500000,hamming,366,1
500000,genes,0,26176
500000,genes,1,2236
500000,genes,2,26341
500000,genes,3,2677
500000,genes,4,19723
500000,genes,5,1650
500000,genes,6,7809
500000,genes,7,5675
500000,genes,8,3636
500000,genes,9,9577
500000,genes,10,3449
500000,genes,11,51442
500000,genes,12,8884
500000,genes,13,14686
500000,genes,14,3343
500000,genes,15,2485
500000,genes,16,912
500000,genes,17,2686
500000,genes,18,27494
500000,genes,19,33466
500000,genes,20,44301
500000,genes,21,30097
500000,genes,22,2537
500000,genes,23,1135
500000,genes,24,99
500000,genes,25,3
500000,genes,26,1
500000,body,0,45961
500000,body,1,4167
500000,body,2,5904
500000,body,3,8172
500000,body,4,17606
500000,body,5,2124
500000,body,6,3000
500000,body,7,8328
500000,body,8,54933
500000,body,9,7613
500000,body,10,8917
500000,body,11,2390
500000,body,12,2663
500000,body,13,3682
500000,body,14,21568
500000,body,15,3025
500000,body,16,4528
500000,body,17,4421
500000,body,18,14885
500000,body,19,2208
500000,body,20,16796
500000,body,21,2888
500000,body,22,1922
500000,body,23,413
500000,body,24,306
500000,body,25,801
500000,body,26,626
500000,body,27,914
500000,body,28,825
500000,body,29,573
500000,body,30,3058
500000,body,31,248
500000,body,32,285
500000,body,33,606
500000,body,34,3860
500000,body,35,27389
500000,body,36,1884
500000,body,37,1007
500000,body,38,4284
500000,body,39,22226
500000,body,40,12709
500000,body,41,118
500000,body,42,11
500000,body,43,144
500000,body,44,12
500000,body,45,505
500000,body,46,52
500000,body,47,18
500000,body,48,699
500000,body,49,66
500000,body,50,797
500000,body,51,201
500000,body,52,23
500000,body,53,119
500000,body,54,13
500000,body,55,12
500000,body,56,1
500000,body,57,2
500000,body,60,1
500000,body,61,5
500000,body,63,1
500000,body,64,5
550000,hamming,0,1
550000,hamming,1,1
550000,hamming,2,446
550000,hamming,3,18
550000,hamming,4,422
550000,hamming,5,41
550000,hamming,6,377
550000,hamming,7,73
550000,hamming,8,336
550000,hamming,9,114
550000,hamming,10,282
550000,hamming,11,157
550000,hamming,12,272
550000,hamming,13,164
550000,hamming,14,268
550000,hamming,15,152
550000,hamming,16,203
550000,hamming,17,158
550000,hamming,18,177
550000,hamming,19,164
550000,hamming,20,212
550000,hamming,21,197
550000,hamming,22,230
550000,hamming,23,249
550000,hamming,24,219
550000,hamming,25,262
550000,hamming,26,232
550000,hamming,27,234
550000,hamming,28,253
550000,hamming,29,214
550000,hamming,30,217
550000,hamming,31,215
550000,hamming,32,176
550000,hamming,33,218
550000,hamming,34,192
550000,hamming,35,201
550000,hamming,36,211
550000,hamming,37,212
550000,hamming,38,210
550000,hamming,39,289
550000,hamming,40,218
550000,hamming,41,289
550000,hamming,42,291
550000,hamming,43,340
550000,hamming,44,373
550000,hamming,45,343
550000,hamming,46,419
550000,hamming,47,376
550000,hamming,48,458
550000,hamming,49,439
550000,hamming,50,466
550000,hamming,51,477
550000,hamming,52,473
550000,hamming,53,521
550000,hamming,54,500
550000,hamming,55,555
550000,hamming,56,502
550000,hamming,57,573
550000,hamming,58,537
550000,hamming,59,596
550000,hamming,60,539
550000,hamming,61,638
550000,hamming,62,547
550000,hamming,63,544
550000,hamming,64,558
550000,hamming,65,508
550000,hamming,66,539
550000,hamming,67,585
550000,hamming,68,558
550000,hamming,69,693
550000,hamming,70,589
550000,hamming,71,637
550000,hamming,72,550
550000,hamming,73,640
550000,hamming,74,571
550000,hamming,75,652
550000,hamming,76,611
550000,hamming,77,636
550000,hamming,78,597
550000,hamming,79,620
550000,hamming,80,614
550000,hamming,81,673
550000,hamming,82,665
550000,hamming,83,747
550000,hamming,84,715
550000,hamming,85,777
550000,hamming,86,765
550000,hamming,87,777
550000,hamming,88,790
550000,hamming,89,783
550000,hamming,90,810
550000,hamming,91,828
550000,hamming,92,831
550000,hamming,93,801
550000,hamming,94,846
550000,hamming,95,798
550000,hamming,96,734
550000,hamming,97,754
550000,hamming,98,663
550000,hamming,99,675
550000,hamming,100,677
550000,hamming,101,657
550000,hamming,102,628
550000,hamming,103,644
550000,hamming,104,670
550000,hamming,105,629
550000,hamming,106,594
550000,hamming,107,589
550000,hamming,108,527
550000,hamming,109,578
550000,hamming,110,560
550000,hamming,111,611
550000,hamming,112,605
550000,hamming,113,627
550000,hamming,114,611
550000,hamming,115,658
550000,hamming,116,627
550000,hamming,117,579
550000,hamming,118,593
550000,hamming,119,576
550000,hamming,120,523
550000,hamming,121,473
550000,hamming,122,443
550000,hamming,123,440
550000,hamming,124,404
550000,hamming,125,370
550000,hamming,126,362
550000,hamming,127,351
550000,hamming,128,303
550000,hamming,129,291
550000,hamming,130,323
550000,hamming,131,303
550000,hamming,132,346
550000,hamming,133,406
550000,hamming,134,394
550000,hamming,135,481
550000,hamming,136,485
550000,hamming,137,567
550000,hamming,138,512
550000,hamming,139,565
550000,hamming,140,533
550000,hamming,141,548
550000,hamming,142,546
550000,hamming,143,613
550000,hamming,144,541
550000,hamming,145,600
550000,hamming,146,569
550000,hamming,147,583
550000,hamming,148,587
550000,hamming,149,584
550000,hamming,150,590
550000,hamming,151,585
550000,hamming,152,562
550000,hamming,153,558
550000,hamming,154,507
550000,hamming,155,473
550000,hamming,156,465
550000,hamming,157,467
550000,hamming,158,419
550000,hamming,159,447
550000,hamming,160,390
550000,hamming,161,435
550000,hamming,162,426
550000,hamming,163,465
550000,hamming,164,379
550000,hamming,165,364
550000,hamming,166,363
550000,hamming,167,360
550000,hamming,168,325
550000,hamming,169,320
550000,hamming,170,325
550000,hamming,171,340
550000,hamming,172,313
550000,hamming,173,307
550000,hamming,174,296
550000,hamming,175,299
550000,hamming,176,259
550000,hamming,177,285
550000,hamming,178,295
550000,hamming,179,301
550000,hamming,180,333
550000,hamming,181,334
550000,hamming,182,400
550000,hamming,183,444
550000,hamming,184,454
550000,hamming,185,518
550000,hamming,186,612
550000,hamming,187,649
550000,hamming,188,690
550000,hamming,189,641
550000,hamming,190,671
550000,hamming,191,610
550000,hamming,192,550
550000,hamming,193,499
550000,hamming,194,423
550000,hamming,195,302
550000,hamming,196,193
550000,hamming,197,139
550000,hamming,198,90
550000,hamming,199,47
550000,hamming,200,22
550000,hamming,201,7
550000,hamming,202,1
550000,hamming,257,4
550000,hamming,258,17
550000,hamming,259,41
550000,hamming,260,83
550000,hamming,261,126
550000,hamming,262,190
550000,hamming,263,254
550000,hamming,264,367
550000,hamming,265,464
550000,hamming,266,609
550000,hamming,267,782
550000,hamming,268,913
550000,hamming,269,1068
550000,hamming,270,1129
550000,hamming,271,1082
550000,hamming,272,1234
550000,hamming,273,1513
550000,hamming,274,1748
550000,hamming,275,1868
550000,hamming,276,1952
550000,hamming,277,2053
550000,hamming,278,2210
550000,hamming,279,2093
550000,hamming,280,2078
550000,hamming,281,2025
550000,hamming,282,1882
550000,hamming,283,1715
550000,hamming,284,1694
550000,hamming,285,1700
550000,hamming,286,1512
550000,hamming,287,1300
550000,hamming,288,1228
550000,hamming,289,942
550000,hamming,290,815
550000,hamming,291,583
550000,hamming,292,423
550000,hamming,293,297
550000,hamming,294,182
550000,hamming,295,136
550000,hamming,296,105
550000,hamming,297,47
550000,hamming,298,32
550000,hamming,299,34
550000,hamming,300,50
550000,hamming,301,78
550000,hamming,302,96
550000,hamming,303,112
550000,hamming,304,139
550000,hamming,305,181
550000,hamming,306,203
550000,hamming,307,283
550000,hamming,308,337
550000,hamming,309,417
550000,hamming,310,496
550000,hamming,311,643
550000,hamming,312,783
550000,hamming,313,1060
550000,hamming,314,1331
550000,hamming,315,1564
550000,hamming,316,1989
550000,hamming,317,2332
550000,hamming,318,2720
550000,hamming,319,3460
550000,hamming,320,4087
550000,hamming,321,4491
550000,hamming,322,5209
550000,hamming,323,5703
550000,hamming,324,6114
550000,hamming,325,6495
550000,hamming,326,7111
550000,hamming,327,7924
550000,hamming,328,8481
550000,hamming,329,8944
550000,hamming,330,9203
550000,hamming,331,9545
550000,hamming,332,9831
550000,hamming,333,9628
550000,hamming,334,9463
550000,hamming,335,9314
550000,hamming,336,8821
550000,hamming,337,8762
550000,hamming,338,8729
550000,hamming,339,8251
550000,hamming,340,7626
550000,hamming,341,6895
550000,hamming,342,6389
550000,hamming,343,5455
550000,hamming,344,4895
550000,hamming,345,4164
550000,hamming,346,3546
550000,hamming,347,3105
550000,hamming,348,2457
550000,hamming,349,1926
550000,hamming,350,1484
550000,hamming,351,1140
550000,hamming,352,728
550000,hamming,353,469
550000,hamming,354,238
550000,hamming,355,152
550000,hamming,356,108
550000,hamming,357,91
550000,hamming,358,58
550000,hamming,359,29
550000,hamming,360,11
550000,hamming,361,5
550000,hamming,362,1
550000,genes,0,15215
550000,genes,1,1379
550000,genes,2,22969
550000,genes,3,2347
550000,genes,4,13917
550000,genes,5,2414
550000,genes,6,8512
550000,genes,7,2487
550000,genes,8,9881
550000,genes,9,2118
550000,genes,10,6501
550000,genes,11,11942
550000,genes,12,2766
550000,genes,13,12852
550000,genes,14,6837
550000,genes,15,15499
550000,genes,16,8463
550000,genes,17,15498
550000,genes,18,1981
550000,genes,19,10136
550000,genes,20,66041
550000,genes,21,96864
550000,genes,22,4181
550000,genes,23,2298
550000,genes,24,12380
550000,genes,25,692
550000,genes,26,420
550000,body,0,36567
550000,body,1,2997
550000,body,2,5513
550000,body,3,3833
550000,body,4,10495
550000,body,5,7201
550000,body,6,13389
550000,body,7,7254
550000,body,8,26748
550000,body,9,4431
550000,body,10,5429
550000,body,11,6781
550000,body,12,31655
550000,body,13,3142
550000,body,14,7788
550000,body,15,2386
550000,body,16,7048
550000,body,17,2957
550000,body,18,27710
550000,body,19,2155
550000,body,20,8417
550000,body,21,2259
550000,body,22,7718
550000,body,23,2698
550000,body,24,4663
550000,body,25,2519
550000,body,26,8998
550000,body,27,2136
550000,body,28,10893
550000,body,29,1514
550000,body,30,16624
550000,body,31,1160
550000,body,32,1972
550000,body,33,3321
550000,body,34,4103
550000,body,35,10973
550000,body,36,1448
550000,body,37,4349
550000,body,38,3061
550000,body,39,7450
550000,body,40,33115
550000,body,41,123
550000,body,42,635
550000,body,43,308
550000,body,44,193
550000,body,45,7
550000,body,46,6
550000,body,47,12
550000,body,48,4
550000,body,49,101
550000,body,50,217
550000,body,51,8
550000,body,52,9
550000,body,53,93
550000,body,54,2
550000,body,58,1
550000,body,60,1
600000,hamming,0,1
600000,hamming,2,434
600000,hamming,3,22
600000,hamming,4,369
600000,hamming,5,63
600000,hamming,6,330
600000,hamming,7,93
600000,hamming,8,282
600000,hamming,9,113
600000,hamming,10,268
600000,hamming,11,111
600000,hamming,12,280
600000,hamming,13,139
600000,hamming,14,290
600000,hamming,15,172
600000,hamming,16,260
600000,hamming,17,181
600000,hamming,18,239
600000,hamming,19,157
600000,hamming,20,210
600000,hamming,21,124
600000,hamming,22,217
600000,hamming,23,138
600000,hamming,24,235
600000,hamming,25,137
600000,hamming,26,219
600000,hamming,27,149
600000,hamming,28,200
600000,hamming,29,167
600000,hamming,30,212
600000,hamming,31,182
600000,hamming,32,197
600000,hamming,33,191
600000,hamming,34,205
600000,hamming,35,181
600000,hamming,36,248
600000,hamming,37,196
600000,hamming,38,252
600000,hamming,39,208
600000,hamming,40,228
600000,hamming,41,196
600000,hamming,42,212
600000,hamming,43,190
600000,hamming,44,225
600000,hamming,45,171
600000,hamming,46,190
600000,hamming,47,193
600000,hamming,48,183
600000,hamming,49,243
600000,hamming,50,169
600000,hamming,51,245
600000,hamming,52,226
600000,hamming,53,236
600000,hamming,54,259
600000,hamming,55,210
600000,hamming,56,286
600000,hamming,57,222
600000,hamming,58,263
600000,hamming,59,269
600000,hamming,60,270
600000,hamming,61,321
600000,hamming,62,290
600000,hamming,63,344
600000,hamming,64,298
600000,hamming,65,350
600000,hamming,66,317
600000,hamming,67,336
600000,hamming,68,332
600000,hamming,69,332
600000,hamming,70,352
600000,hamming,71,335
600000,hamming,72,321
600000,hamming,73,304
600000,hamming,74,271
600000,hamming,75,269
600000,hamming,76,270
600000,hamming,77,270
600000,hamming,78,278
600000,hamming,79,282
600000,hamming,80,284
600000,hamming,81,285
600000,hamming,82,295
600000,hamming,83,319
600000,hamming,84,315
600000,hamming,85,325
600000,hamming,86,314
600000,hamming,87,330
600000,hamming,88,356
600000,hamming,89,402
600000,hamming,90,460
600000,hamming,91,476
600000,hamming,92,473
600000,hamming,93,494
600000,hamming,94,374
600000,hamming,95,416
600000,hamming,96,325
600000,hamming,97,337
600000,hamming,98,282
600000,hamming,99,315
600000,hamming,100,302
600000,hamming,101,353
600000,hamming,102,314
600000,hamming,103,357
600000,hamming,104,338
600000,hamming,105,345
600000,hamming,106,375
600000,hamming,107,353
600000,hamming,108,404
600000,hamming,109,433
600000,hamming,110,438
600000,hamming,111,426
600000,hamming,112,446
600000,hamming,113,405
600000,hamming,114,409
600000,hamming,115,431
600000,hamming,116,425
600000,hamming,117,441
600000,hamming,118,380
600000,hamming,119,383
600000,hamming,120,343
600000,hamming,121,375
600000,hamming,122,365
600000,hamming,123,397
600000,hamming,124,342
600000,hamming,125,334
600000,hamming,126,302
600000,hamming,127,264
600000,hamming,128,246
600000,hamming,129,219
600000,hamming,130,203
600000,hamming,131,194
600000,hamming,132,220
600000,hamming,133,238
600000,hamming,134,215
600000,hamming,135,212
600000,hamming,136,237
600000,hamming,137,162
600000,hamming,138,169
600000,hamming,139,157
600000,hamming,140,152
600000,hamming,141,166
600000,hamming,142,191
600000,hamming,143,199
600000,hamming,144,224
600000,hamming,145,212
600000,hamming,146,226
600000,hamming,147,211
600000,hamming,148,201
600000,hamming,149,209
600000,hamming,150,208
600000,hamming,151,201
600000,hamming,152,206
600000,hamming,153,205
600000,hamming,154,219
600000,hamming,155,255
600000,hamming,156,264
600000,hamming,157,292
600000,hamming,158,303
600000,hamming,159,311
600000,hamming,160,312
600000,hamming,161,331
600000,hamming,162,381
600000,hamming,163,339
600000,hamming,164,360
600000,hamming,165,420
600000,hamming,166,401
600000,hamming,167,489
600000,hamming,168,480
600000,hamming,169,516
600000,hamming,170,463
600000,hamming,171,502
600000,hamming,172,451
600000,hamming,173,424
600000,hamming,174,421
600000,hamming,175,341
600000,hamming,176,318
600000,hamming,177,337
600000,hamming,178,338
600000,hamming,179,325
600000,hamming,180,377
600000,hamming,181,376
600000,hamming,182,318
600000,hamming,183,378
600000,hamming,184,364
600000,hamming,185,363
600000,hamming,186,341
600000,hamming,187,271
600000,hamming,188,257
600000,hamming,189,216
600000,hamming,190,193
600000,hamming,191,213
600000,hamming,192,228
600000,hamming,193,200
600000,hamming,194,201
600000,hamming,195,207
600000,hamming,196,188
600000,hamming,197,197
600000,hamming,198,192
600000,hamming,199,225
600000,hamming,200,221
600000,hamming,201,305
600000,hamming,202,324
600000,hamming,203,314
600000,hamming,204,334
600000,hamming,205,367
600000,hamming,206,436
600000,hamming,207,556
600000,hamming,208,659
600000,hamming,209,713
600000,hamming,210,767
600000,hamming,211,721
600000,hamming,212,782
600000,hamming,213,656
600000,hamming,214,694
600000,hamming,215,624
600000,hamming,216,641
600000,hamming,217,615
600000,hamming,218,515
600000,hamming,219,431
600000,hamming,220,375
600000,hamming,221,325
600000,hamming,222,343
600000,hamming,223,286
600000,hamming,224,235
600000,hamming,225,171
600000,hamming,226,137
600000,hamming,227,101
600000,hamming,228,98
600000,hamming,229,28
600000,hamming,230,16
600000,hamming,231,3
600000,hamming,253,1
600000,hamming,254,1
600000,hamming,255,2
600000,hamming,256,3
600000,hamming,257,3
600000,hamming,258,9
600000,hamming,259,9
600000,hamming,260,20
600000,hamming,261,23
600000,hamming,262,25
600000,hamming,263,18
600000,hamming,264,63
600000,hamming,265,73
600000,hamming,266,186
600000,hamming,267,195
600000,hamming,268,196
600000,hamming,269,217
600000,hamming,270,208
600000,hamming,271,150
600000,hamming,272,114
600000,hamming,273,97
600000,hamming,274,135
600000,hamming,275,142
600000,hamming,276,195
600000,hamming,277,221
600000,hamming,278,272
600000,hamming,279,279
600000,hamming,280,250
600000,hamming,281,285
600000,hamming,282,266
600000,hamming,283,318
600000,hamming,284,329
600000,hamming,285,426
600000,hamming,286,549
600000,hamming,287,695
600000,hamming,288,823
600000,hamming,289,835
600000,hamming,290,804
600000,hamming,291,692
600000,hamming,292,682
600000,hamming,293,626
600000,hamming,294,532
600000,hamming,295,453
600000,hamming,296,443
600000,hamming,297,429
600000,hamming,298,530
600000,hamming,299,751
600000,hamming,300,926
600000,hamming,301,1121
600000,hamming,302,1432
600000,hamming,303,1711
600000,hamming,304,1887
600000,hamming,305,2293
600000,hamming,306,2494
600000,hamming,307,2661
600000,hamming,308,2808
600000,hamming,309,2920
600000,hamming,310,2926
600000,hamming,311,3127
600000,hamming,312,3277
600000,hamming,313,3614
600000,hamming,314,3882
600000,hamming,315,3964
600000,hamming,316,4216
600000,hamming,317,4419
600000,hamming,318,4802
600000,hamming,319,5189
600000,hamming,320,5551
600000,hamming,321,6015
600000,hamming,322,6377
600000,hamming,323,6638
600000,hamming,324,7041
600000,hamming,325,7183
600000,hamming,326,7664
600000,hamming,327,7847
600000,hamming,328,8662
600000,hamming,329,9063
600000,hamming,330,9099
600000,hamming,331,9313
600000,hamming,332,9507
600000,hamming,333,9865
600000,hamming,334,9884
600000,hamming,335,9481
600000,hamming,336,8918
600000,hamming,337,8500
600000,hamming,338,7996
600000,hamming,339,7295
600000,hamming,340,6754
600000,hamming,341,6143
600000,hamming,342,5608
600000,hamming,343,4854
600000,hamming,344,4422
600000,hamming,345,3822
600000,hamming,346,3368
600000,hamming,347,2800
600000,hamming,348,2233
600000,hamming,349,1707
600000,hamming,350,1336
600000,hamming,351,931
600000,hamming,352,669
600000,hamming,353,384
600000,hamming,354,276
600000,hamming,355,212
600000,hamming,356,132
600000,hamming,357,92
600000,hamming,358,51
600000,hamming,359,42
600000,hamming,360,17
600000,hamming,361,9
600000,genes,0,13513
600000,genes,1,1425
600000,genes,2,26291
600000,genes,3,3215
600000,genes,4,16693
600000,genes,5,2422
600000,genes,6,4636
600000,genes,7,1020
600000,genes,8,848
600000,genes,9,3837
600000,genes,10,269
600000,genes,11,884
600000,genes,12,1522
600000,genes,13,2092
600000,genes,14,11197
600000,genes,15,34675
600000,genes,16,23261
600000,genes,17,30618
600000,genes,18,4124
600000,genes,19,17499
600000,genes,20,60550
600000,genes,21,66527
600000,genes,22,5997
600000,genes,23,2075
600000,genes,24,13797
600000,genes,25,663
600000,genes,26,216
600000,body,0,32543
600000,body,1,2775
600000,body,2,14109
600000,body,3,3801
600000,body,4,11134
600000,body,5,5223
600000,body,6,26414
600000,body,7,4179
600000,body,8,22201
600000,body,9,2059
600000,body,10,7689
600000,body,11,2993
600000,body,12,20035
600000,body,13,3529
600000,body,14,9874
600000,body,15,2858
600000,body,16,14186
600000,body,17,2652
600000,body,18,20685
600000,body,19,3009
600000,body,20,5924
600000,body,21,3591
600000,body,22,15799
600000,body,23,2136
600000,body,24,10082
600000,body,25,2208
600000,body,26,9723
600000,body,27,1997
600000,body,28,7856
600000,body,29,1336
600000,body,30,3137
600000,body,31,2214
600000,body,32,12854
600000,body,33,585
600000,body,34,5257
600000,body,35,5253
600000,body,36,2998
600000,body,37,398
600000,body,38,5406
600000,body,39,13445
600000,body,40,25641
600000,body,41,1
600000,body,46,77
650000,hamming,2,450
650000,hamming,3,15
650000,hamming,4,467
650000,hamming,5,50
650000,hamming,6,487
650000,hamming,7,84
650000,hamming,8,459
650000,hamming,9,114
650000,hamming,10,444
650000,hamming,11,128
650000,hamming,12,436
650000,hamming,13,158
650000,hamming,14,377
650000,hamming,15,175
650000,hamming,16,341
650000,hamming,17,203
650000,hamming,18,333
650000,hamming,19,229
650000,hamming,20,311
650000,hamming,21,236
650000,hamming,22,295
650000,hamming,23,244
650000,hamming,24,290
650000,hamming,25,281
650000,hamming,26,333
650000,hamming,27,346
650000,hamming,28,410
650000,hamming,29,451
650000,hamming,30,509
650000,hamming,31,546
650000,hamming,32,581
650000,hamming,33,577
650000,hamming,34,583
650000,hamming,35,584
650000,hamming,36,600
650000,hamming,37,669
650000,hamming,38,649
650000,hamming,39,716
650000,hamming,40,677
650000,hamming,41,732
650000,hamming,42,660
650000,hamming,43,692
650000,hamming,44,647
650000,hamming,45,641
650000,hamming,46,585
650000,hamming,47,530
650000,hamming,48,529
650000,hamming,49,393
650000,hamming,50,431
650000,hamming,51,314
650000,hamming,52,349
650000,hamming,53,278
650000,hamming,54,278
650000,hamming,55,233
650000,hamming,56,217
650000,hamming,57,236
650000,hamming,58,170
650000,hamming,59,221
650000,hamming,60,138
650000,hamming,61,207
650000,hamming,62,162
650000,hamming,63,242
650000,hamming,64,210
650000,hamming,65,274
650000,hamming,66,266
650000,hamming,67,319
650000,hamming,68,312
650000,hamming,69,315
650000,hamming,70,324
650000,hamming,71,335
650000,hamming,72,334
650000,hamming,73,349
650000,hamming,74,311
650000,hamming,75,364
650000,hamming,76,313
650000,hamming,77,336
650000,hamming,78,318
650000,hamming,79,330
650000,hamming,80,320
650000,hamming,81,319
650000,hamming,82,345
650000,hamming,83,288
650000,hamming,84,282
650000,hamming,85,240
650000,hamming,86,221
650000,hamming,87,191
650000,hamming,88,179
650000,hamming,89,145
650000,hamming,90,139
650000,hamming,91,129
650000,hamming,92,127
650000,hamming,93,143
650000,hamming,94,135
650000,hamming,95,157
650000,hamming,96,166
650000,hamming,97,191
650000,hamming,98,154
650000,hamming,99,170
650000,hamming,100,180
650000,hamming,101,181
650000,hamming,102,202
650000,hamming,103,211
650000,hamming,104,205
650000,hamming,105,216
650000,hamming,106,205
650000,hamming,107,224
650000,hamming,108,207
650000,hamming,109,212
650000,hamming,110,231
650000,hamming,111,238
650000,hamming,112,225
650000,hamming,113,240
650000,hamming,114,221
650000,hamming,115,250
650000,hamming,116,204
650000,hamming,117,279
650000,hamming,118,261
650000,hamming,119,260
650000,hamming,120,246
650000,hamming,121,245
650000,hamming,122,226
650000,hamming,123,224
650000,hamming,124,245
650000,hamming,125,218
650000,hamming,126,232
650000,hamming,127,202
650000,hamming,128,250
650000,hamming,129,199
650000,hamming,130,228
650000,hamming,131,200
650000,hamming,132,173
650000,hamming,133,178
650000,hamming,134,198
650000,hamming,135,209
650000,hamming,136,237
650000,hamming,137,268
650000,hamming,138,261
650000,hamming,139,275
650000,hamming,140,232
650000,hamming,141,206
650000,hamming,142,180
650000,hamming,143,156
650000,hamming,144,165
650000,hamming,145,148
650000,hamming,146,240
650000,hamming,147,199
650000,hamming,148,212
650000,hamming,149,227
650000,hamming,150,231
650000,hamming,151,244
650000,hamming,152,247
650000,hamming,153,269
650000,hamming,154,278
650000,hamming,155,309
650000,hamming,156,303
650000,hamming,157,272
650000,hamming,158,265
650000,hamming,159,242
650000,hamming,160,228
650000,hamming,161,216
650000,hamming,162,244
650000,hamming,163,265
650000,hamming,164,305
650000,hamming,165,273
650000,hamming,166,334
650000,hamming,167,279
650000,hamming,168,301
650000,hamming,169,294
650000,hamming,170,296
650000,hamming,171,264
650000,hamming,172,314
650000,hamming,173,370
650000,hamming,174,432
650000,hamming,175,488
650000,hamming,176,503
650000,hamming,177,498
650000,hamming,178,504
650000,hamming,179,472
650000,hamming,180,476
650000,hamming,181,440
650000,hamming,182,454
650000,hamming,183,402
650000,hamming,184,447
650000,hamming,185,415
650000,hamming,186,435
650000,hamming,187,449
650000,hamming,188,426
650000,hamming,189,421
650000,hamming,190,438
650000,hamming,191,553
650000,hamming,192,548
650000,hamming,193,582
650000,hamming,194,611
650000,hamming,195,614
650000,hamming,196,666
650000,hamming,197,659
650000,hamming,198,646
650000,hamming,199,632
650000,hamming,200,620
650000,hamming,201,599
650000,hamming,202,678
650000,hamming,203,677
650000,hamming,204,702
650000,hamming,205,659
650000,hamming,206,737
650000,hamming,207,744
650000,hamming,208,734
650000,hamming,209,724
650000,hamming,210,653
650000,hamming,211,583
650000,hamming,212,486
650000,hamming,213,432
650000,hamming,214,412
650000,hamming,215,370
650000,hamming,216,253
650000,hamming,217,244
650000,hamming,218,263
650000,hamming,219,289
650000,hamming,220,314
650000,hamming,221,334
650000,hamming,222,345
650000,hamming,223,302
650000,hamming,224,323
650000,hamming,225,288
650000,hamming,226,263
650000,hamming,227,218
650000,hamming,228,204
650000,hamming,229,170
650000,hamming,230,147
650000,hamming,231,105
650000,hamming,232,90
650000,hamming,233,81
650000,hamming,234,85
650000,hamming,235,90
650000,hamming,236,81
650000,hamming,237,109
650000,hamming,238,121
650000,hamming,239,168
650000,hamming,240,209
650000,hamming,241,239
650000,hamming,242,247
650000,hamming,243,238
650000,hamming,244,226
650000,hamming,245,201
650000,hamming,246,206
650000,hamming,247,194
650000,hamming,248,178
650000,hamming,249,142
650000,hamming,250,136
650000,hamming,251,94
650000,hamming,252,61
650000,hamming,253,58
650000,hamming,254,58
650000,hamming,255,81
650000,hamming,256,116
650000,hamming,257,151
650000,hamming,258,219
650000,hamming,259,275
650000,hamming,260,331
650000,hamming,261,395
650000,hamming,262,418
650000,hamming,263,467
650000,hamming,264,523
650000,hamming,265,569
650000,hamming,266,602
650000,hamming,267,702
650000,hamming,268,719
650000,hamming,269,779
650000,hamming,270,718
650000,hamming,271,588
650000,hamming,272,458
650000,hamming,273,327
650000,hamming,274,212
650000,hamming,275,115
650000,hamming,276,49
650000,hamming,277,27
650000,hamming,278,18
650000,hamming,279,3
650000,hamming,280,2
650000,hamming,296,3
650000,hamming,297,1
650000,hamming,298,5
650000,hamming,299,10
650000,hamming,300,27
650000,hamming,301,65
650000,hamming,302,93
650000,hamming,303,132
650000,hamming,304,210
650000,hamming,305,241
650000,hamming,306,368
650000,hamming,307,612
650000,hamming,308,887
650000,hamming,309,1143
650000,hamming,310,1313
650000,hamming,311,1581
650000,hamming,312,1877
650000,hamming,313,2321
650000,hamming,314,2906
650000,hamming,315,3463
650000,hamming,316,3993
650000,hamming,317,4546
650000,hamming,318,5072
650000,hamming,319,5893
650000,hamming,320,6789
650000,hamming,321,7273
650000,hamming,322,7473
650000,hamming,323,7568
650000,hamming,324,7640
650000,hamming,325,8067
650000,hamming,326,8395
650000,hamming,327,8714
650000,hamming,328,8923
650000,hamming,329,9096
650000,hamming,330,8917
650000,hamming,331,8748
650000,hamming,332,8732
650000,hamming,333,8733
650000,hamming,334,9271
650000,hamming,335,9353
650000,hamming,336,9595
650000,hamming,337,9292
650000,hamming,338,8626
650000,hamming,339,7601
650000,hamming,340,7252
650000,hamming,341,6791
650000,hamming,342,6221
650000,hamming,343,5515
650000,hamming,344,4826
650000,hamming,345,4193
650000,hamming,346,3560
650000,hamming,347,2967
650000,hamming,348,2497
650000,hamming,349,1946
650000,hamming,350,1487
650000,hamming,351,1090
650000,hamming,352,752
650000,hamming,353,656
650000,hamming,354,617
650000,hamming,355,542
650000,hamming,356,563
650000,hamming,357,623
650000,hamming,358,749
650000,hamming,359,807
650000,hamming,360,669
650000,hamming,361,499
650000,hamming,362,318
650000,hamming,363,208
650000,hamming,364,112
650000,hamming,365,47
650000,hamming,366,14
650000,hamming,367,5
650000,hamming,368,2
650000,genes,0,8768
650000,genes,1,2053
650000,genes,2,10195
650000,genes,3,4790
650000,genes,4,7174
650000,genes,5,9300
650000,genes,6,6590
650000,genes,7,6321
650000,genes,8,5936
650000,genes,9,4775
650000,genes,10,6435
650000,genes,11,8896
650000,genes,12,13361
650000,genes,13,19909
650000,genes,14,22480
650000,genes,15,30180
650000,genes,16,29885
650000,genes,17,28255
650000,genes,18,19371
650000,genes,19,31072
650000,genes,20,39818
650000,genes,21,21638
650000,genes,22,5828
650000,genes,23,6663
650000,genes,24,822
650000,genes,25,188
650000,body,0,15644
650000,body,1,1872
650000,body,2,6016
650000,body,3,6772
650000,body,4,12984
650000,body,5,13880
650000,body,6,24861
650000,body,7,7515
650000,body,8,14378
650000,body,9,10156
650000,body,10,9326
650000,body,11,9916
650000,body,12,16856
650000,body,13,8913
650000,body,14,11445
650000,body,15,11685
650000,body,16,9633
650000,body,17,8069
650000,body,18,16413
650000,body,19,7766
650000,body,20,9264
650000,body,21,5060
650000,body,22,10349
650000,body,23,4926
650000,body,24,4157
650000,body,25,5547
650000,body,26,6271
650000,body,27,3310
650000,body,28,5721
650000,body,29,3608
650000,body,30,4571
650000,body,31,3701
650000,body,32,6385
650000,body,33,4238
650000,body,34,3140
650000,body,35,5266
650000,body,36,4031
650000,body,37,2396
650000,body,38,4993
650000,body,39,9979
650000,body,40,10741
650000,body,41,1443
650000,body,42,1196
650000,body,43,323
650000,body,44,622
650000,body,45,1246
650000,body,46,655
650000,body,47,509
650000,body,48,1197
650000,body,49,306
650000,body,50,250
650000,body,51,231
650000,body,52,205
650000,body,53,296
650000,body,54,80
650000,body,55,124
650000,body,56,73
650000,body,57,104
650000,body,58,18
650000,body,59,7
650000,body,60,5
650000,body,61,50
650000,body,62,2
650000,body,63,3
650000,body,64,4
700000,hamming,2,400
700000,hamming,3,10
700000,hamming,4,362
700000,hamming,5,32
700000,hamming,6,327
700000,hamming,7,51
700000,hamming,8,259
700000,hamming,9,46
700000,hamming,10,211
700000,hamming,11,57
700000,hamming,12,177
700000,hamming,13,84
700000,hamming,14,145
700000,hamming,15,68
700000,hamming,16,131
700000,hamming,17,71
700000,hamming,18,111
700000,hamming,19,83
700000,hamming,20,134
700000,hamming,21,102
700000,hamming,22,185
700000,hamming,23,93
700000,hamming,24,191
700000,hamming,25,114
700000,hamming,26,216
700000,hamming,27,149
700000,hamming,28,239
700000,hamming,29,146
700000,hamming,30,222
700000,hamming,31,160
700000,hamming,32,268
700000,hamming,33,191
700000,hamming,34,298
700000,hamming,35,221
700000,hamming,36,306
700000,hamming,37,205
700000,hamming,38,318
700000,hamming,39,186
700000,hamming,40,341
700000,hamming,41,210
700000,hamming,42,320
700000,hamming,43,266
700000,hamming,44,285
700000,hamming,45,267
700000,hamming,46,264
700000,hamming,47,307
700000,hamming,48,268
700000,hamming,49,296
700000,hamming,50,325
700000,hamming,51,306
700000,hamming,52,352
700000,hamming,53,275
700000,hamming,54,340
700000,hamming,55,283
700000,hamming,56,325
700000,hamming,57,332
700000,hamming,58,400
700000,hamming,59,437
700000,hamming,60,476
700000,hamming,61,483
700000,hamming,62,430
700000,hamming,63,456
700000,hamming,64,455
700000,hamming,65,455
700000,hamming,66,480
700000,hamming,67,480
700000,hamming,68,497
700000,hamming,69,542
700000,hamming,70,547
700000,hamming,71,499
700000,hamming,72,539
700000,hamming,73,492
700000,hamming,74,504
700000,hamming,75,446
700000,hamming,76,477
700000,hamming,77,452
700000,hamming,78,459
700000,hamming,79,431
700000,hamming,80,445
700000,hamming,81,432
700000,hamming,82,418
700000,hamming,83,412
700000,hamming,84,413
700000,hamming,85,432
700000,hamming,86,453
700000,hamming,87,496
700000,hamming,88,456
700000,hamming,89,562
700000,hamming,90,485
700000,hamming,91,582
700000,hamming,92,517
700000,hamming,93,556
700000,hamming,94,515
700000,hamming,95,513
700000,hamming,96,556
700000,hamming,97,469
700000,hamming,98,525
700000,hamming,99,539
700000,hamming,100,517
700000,hamming,101,584
700000,hamming,102,581
700000,hamming,103,620
700000,hamming,104,601
700000,hamming,105,612
700000,hamming,106,598
700000,hamming,107,621
700000,hamming,108,667
700000,hamming,109,617
700000,hamming,110,674
700000,hamming,111,668
700000,hamming,112,698
700000,hamming,113,686
700000,hamming,114,788
700000,hamming,115,736
700000,hamming,116,782
700000,hamming,117,689
700000,hamming,118,712
700000,hamming,119,650
700000,hamming,120,659
700000,hamming,121,671
700000,hamming,122,713
700000,hamming,123,686
700000,hamming,124,701
700000,hamming,125,646
700000,hamming,126,678
700000,hamming,127,685
700000,hamming,128,659
700000,hamming,129,665
700000,hamming,130,678
700000,hamming,131,673
700000,hamming,132,645
700000,hamming,133,690
700000,hamming,134,709
700000,hamming,135,713
700000,hamming,136,658
700000,hamming,137,689
700000,hamming,138,685
700000,hamming,139,723
700000,hamming,140,684
700000,hamming,141,755
700000,hamming,142,763
700000,hamming,143,780
700000,hamming,144,838
700000,hamming,145,813
700000,hamming,146,850
700000,hamming,147,774
700000,hamming,148,727
700000,hamming,149,691
700000,hamming,150,637
700000,hamming,151,648
700000,hamming,152,629
700000,hamming,153,614
700000,hamming,154,669
700000,hamming,155,657
700000,hamming,156,708
700000,hamming,157,729
700000,hamming,158,714
700000,hamming,159,681
700000,hamming,160,677
700000,hamming,161,632
700000,hamming,162,583
700000,hamming,163,582
700000,hamming,164,534
700000,hamming,165,550
700000,hamming,166,483
700000,hamming,167,492
700000,hamming,168,446
700000,hamming,169,405
700000,hamming,170,357
700000,hamming,171,300
700000,hamming,172,271
700000,hamming,173,233
700000,hamming,174,228
700000,hamming,175,180
700000,hamming,176,144
700000,hamming,177,107
700000,hamming,178,93
700000,hamming,179,98
700000,hamming,180,86
700000,hamming,181,73
700000,hamming,182,65
700000,hamming,183,40
700000,hamming,184,56
700000,hamming,185,39
700000,hamming,186,41
700000,hamming,187,46
700000,hamming,188,38
700000,hamming,189,30
700000,hamming,190,24
700000,hamming,191,16
700000,hamming,192,13
700000,hamming,193,15
700000,hamming,194,7
700000,hamming,195,9
700000,hamming,196,6
700000,hamming,197,4
700000,hamming,198,3
700000,hamming,268,1
700000,hamming,269,16
700000,hamming,270,25
700000,hamming,271,33
700000,hamming,272,60
700000,hamming,273,111
700000,hamming,274,173
700000,hamming,275,302
700000,hamming,276,460
700000,hamming,277,666
700000,hamming,278,873
700000,hamming,279,1045
700000,hamming,280,1198
700000,hamming,281,1354
700000,hamming,282,1422
700000,hamming,283,1519
700000,hamming,284,1586
700000,hamming,285,1643
700000,hamming,286,1642
700000,hamming,287,1594
700000,hamming,288,1530
700000,hamming,289,1511
700000,hamming,290,1532
700000,hamming,291,1485
700000,hamming,292,1450
700000,hamming,293,1339
700000,hamming,294,1378
700000,hamming,295,1434
700000,hamming,296,1452
700000,hamming,297,1527
700000,hamming,298,1563
700000,hamming,299,1478
700000,hamming,300,1328
700000,hamming,301,1138
700000,hamming,302,941
700000,hamming,303,667
700000,hamming,304,509
700000,hamming,305,553
700000,hamming,306,510
700000,hamming,307,448
700000,hamming,308,431
700000,hamming,309,543
700000,hamming,310,626
700000,hamming,311,759
700000,hamming,312,766
700000,hamming,313,922
700000,hamming,314,1088
700000,hamming,315,1279
700000,hamming,316,1638
700000,hamming,317,1854
700000,hamming,318,2317
700000,hamming,319,2535
700000,hamming,320,2825
700000,hamming,321,3212
700000,hamming,322,3311
700000,hamming,323,3687
700000,hamming,324,3972
700000,hamming,325,4424
700000,hamming,326,4721
700000,hamming,327,5114
700000,hamming,328,5728
700000,hamming,329,6303
700000,hamming,330,6565
700000,hamming,331,6842
700000,hamming,332,7247
700000,hamming,333,7467
700000,hamming,334,7920
700000,hamming,335,7861
700000,hamming,336,7909
700000,hamming,337,7758
700000,hamming,338,7759
700000,hamming,339,7763
700000,hamming,340,7747
700000,hamming,341,7649
700000,hamming,342,7752
700000,hamming,343,7596
700000,hamming,344,7019
700000,hamming,345,6599
700000,hamming,346,6095
700000,hamming,347,5648
700000,hamming,348,5324
700000,hamming,349,4800
700000,hamming,350,4304
700000,hamming,351,3957
700000,hamming,352,3502
700000,hamming,353,3226
700000,hamming,354,2965
700000,hamming,355,2600
700000,hamming,356,2312
700000,hamming,357,2212
700000,hamming,358,1846
700000,hamming,359,1483
700000,hamming,360,1124
700000,hamming,361,893
700000,hamming,362,763
700000,hamming,363,570
700000,hamming,364,432
700000,hamming,365,338
700000,hamming,366,224
700000,hamming,367,138
700000,hamming,368,105
700000,hamming,369,51
700000,hamming,370,34
700000,hamming,371,16
700000,hamming,372,10
700000,hamming,373,3
700000,hamming,374,3
700000,genes,0,17923
700000,genes,1,2716
700000,genes,2,11831
700000,genes,3,2826
700000,genes,4,12699
700000,genes,5,3689
700000,genes,6,7682
700000,genes,7,2546
700000,genes,8,2058
700000,genes,9,1098
700000,genes,10,2400
700000,genes,11,1702
700000,genes,12,6732
700000,genes,13,14767
700000,genes,14,7192
700000,genes,15,13747
700000,genes,16,19145
700000,genes,17,7300
700000,genes,18,17379
700000,genes,19,42322
700000,genes,20,72374
700000,genes,21,46653
700000,genes,22,17600
700000,genes,23,17702
700000,genes,24,1050
700000,genes,25,12
700000,genes,26,75
700000,body,0,26612
700000,body,1,3396
700000,body,2,10017
700000,body,3,3866
700000,body,4,19215
700000,body,5,6488
700000,body,6,16351
700000,body,7,8200
700000,body,8,7083
700000,body,9,4927
700000,body,10,7451
700000,body,11,7562
700000,body,12,20047
700000,body,13,7799
700000,body,14,19791
700000,body,15,9218
700000,body,16,18270
700000,body,17,8408
700000,body,18,21949
700000,body,19,4522
700000,body,20,7664
700000,body,21,4761
700000,body,22,23945
700000,body,23,5057
700000,body,24,4277
700000,body,25,3647
700000,body,26,523
700000,body,27,914
700000,body,28,458
700000,body,29,408
700000,body,30,375
700000,body,31,4585
700000,body,32,2223
700000,body,33,2169
700000,body,34,7373
700000,body,35,4912
700000,body,36,1794
700000,body,37,2470
700000,body,38,7672
700000,body,39,8576
700000,body,40,10934
700000,body,41,2902
700000,body,42,10476
700000,body,43,593
700000,body,44,769
700000,body,45,355
700000,body,46,124
700000,body,47,69
700000,body,48,1039
700000,body,49,174
700000,body,50,140
700000,body,51,59
700000,body,52,38
700000,body,53,204
700000,body,54,7
700000,body,55,69
700000,body,56,50
700000,body,57,131
700000,body,58,48
700000,body,59,4
700000,body,60,45
700000,body,61,1
700000,body,62,5
700000,body,63,3
700000,body,64,6
750000,hamming,2,412
750000,hamming,3,21
750000,hamming,4,354
750000,hamming,5,37
750000,hamming,6,366
750000,hamming,7,76
750000,hamming,8,301
750000,hamming,9,102
750000,hamming,10,291
750000,hamming,11,116
750000,hamming,12,322
750000,hamming,13,156
750000,hamming,14,347
750000,hamming,15,203
750000,hamming,16,346
750000,hamming,17,222
750000,hamming,18,321
750000,hamming,19,255
750000,hamming,20,232
750000,hamming,21,235
750000,hamming,22,210
750000,hamming,23,171
750000,hamming,24,215
750000,hamming,25,162
750000,hamming,26,227
750000,hamming,27,211
750000,hamming,28,215
750000,hamming,29,210
750000,hamming,30,219
750000,hamming,31,216
750000,hamming,32,218
750000,hamming,33,244
750000,hamming,34,240
750000,hamming,35,286
750000,hamming,36,269
750000,hamming,37,347
750000,hamming,38,294
750000,hamming,39,397
750000,hamming,40,344
750000,hamming,41,412
750000,hamming,42,331
750000,hamming,43,381
750000,hamming,44,310
750000,hamming,45,374
750000,hamming,46,354
750000,hamming,47,382
750000,hamming,48,392
750000,hamming,49,396
750000,hamming,50,438
750000,hamming,51,379
750000,hamming,52,482
750000,hamming,53,400
750000,hamming,54,472
750000,hamming,55,421
750000,hamming,56,471
750000,hamming,57,442
750000,hamming,58,479
750000,hamming,59,501
750000,hamming,60,510
750000,hamming,61,506
750000,hamming,62,538
750000,hamming,63,575
750000,hamming,64,560
750000,hamming,65,558
750000,hamming,66,541
750000,hamming,67,524
750000,hamming,68,541
750000,hamming,69,579
750000,hamming,70,522
750000,hamming,71,623
750000,hamming,72,521
750000,hamming,73,637
750000,hamming,74,624
750000,hamming,75,671
750000,hamming,76,668
750000,hamming,77,668
750000,hamming,78,778
750000,hamming,79,698
750000,hamming,80,790
750000,hamming,81,750
750000,hamming,82,801
750000,hamming,83,779
750000,hamming,84,783
750000,hamming,85,770
750000,hamming,86,826
750000,hamming,87,870
750000,hamming,88,926
750000,hamming,89,1010
750000,hamming,90,1092
750000,hamming,91,1116
750000,hamming,92,1222
750000,hamming,93,1312
750000,hamming,94,1375
750000,hamming,95,1462
750000,hamming,96,1487
750000,hamming,97,1429
750000,hamming,98,1415
750000,hamming,99,1400
750000,hamming,100,1383
750000,hamming,101,1275
750000,hamming,102,1356
750000,hamming,103,1233
750000,hamming,104,1390
750000,hamming,105,1273
750000,hamming,106,1367
750000,hamming,107,1382
750000,hamming,108,1407
750000,hamming,109,1476
750000,hamming,110,1463
750000,hamming,111,1567
750000,hamming,112,1467
750000,hamming,113,1527
750000,hamming,114,1381
750000,hamming,115,1308
750000,hamming,116,1193
750000,hamming,117,1111
750000,hamming,118,1002
750000,hamming,119,900
750000,hamming,120,754
750000,hamming,121,651
750000,hamming,122,522
750000,hamming,123,478
750000,hamming,124,404
750000,hamming,125,324
750000,hamming,126,296
750000,hamming,127,204
750000,hamming,128,213
750000,hamming,129,156
750000,hamming,130,143
750000,hamming,131,113
750000,hamming,132,86
750000,hamming,133,81
750000,hamming,134,61
750000,hamming,135,53
750000,hamming,136,34
750000,hamming,137,28
750000,hamming,138,23
750000,hamming,139,14
750000,hamming,140,15
750000,hamming,141,7
750000,hamming,142,6
750000,hamming,143,2
750000,hamming,144,1
750000,hamming,145,2
750000,hamming,242,1
750000,hamming,243,4
750000,hamming,244,10
750000,hamming,245,32
750000,hamming,246,82
750000,hamming,247,183
750000,hamming,248,327
750000,hamming,249,567
750000,hamming,250,905
750000,hamming,251,1275
750000,hamming,252,1609
750000,hamming,253,1803
750000,hamming,254,2001
750000,hamming,255,2045
750000,hamming,256,2074
750000,hamming,257,2000
750000,hamming,258,1922
750000,hamming,259,1829
750000,hamming,260,1618
750000,hamming,261,1329
750000,hamming,262,1133
750000,hamming,263,776
750000,hamming,264,685
750000,hamming,265,529
750000,hamming,266,490
750000,hamming,267,465
750000,hamming,268,500
750000,hamming,269,578
750000,hamming,270,562
750000,hamming,271,606
750000,hamming,272,582
750000,hamming,273,571
750000,hamming,274,463
750000,hamming,275,425
750000,hamming,276,363
750000,hamming,277,266
750000,hamming,278,223
750000,hamming,279,179
750000,hamming,280,116
750000,hamming,281,71
750000,hamming,282,44
750000,hamming,283,37
750000,hamming,284,47
750000,hamming,285,37
750000,hamming,286,39
750000,hamming,287,60
750000,hamming,288,76
750000,hamming,289,109
750000,hamming,290,141
750000,hamming,291,193
750000,hamming,292,303
750000,hamming,293,409
750000,hamming,294,613
750000,hamming,295,695
750000,hamming,296,860
750000,hamming,297,1032
750000,hamming,298,1228
750000,hamming,299,1368
750000,hamming,300,1514
750000,hamming,301,1692
750000,hamming,302,1807
750000,hamming,303,1800
750000,hamming,304,1702
750000,hamming,305,1730
750000,hamming,306,1853
750000,hamming,307,2000
750000,hamming,308,2185
750000,hamming,309,2198
750000,hamming,310,2107
750000,hamming,311,1986
750000,hamming,312,1870
750000,hamming,313,1817
750000,hamming,314,1717
750000,hamming,315,1536
750000,hamming,316,1538
750000,hamming,317,1419
750000,hamming,318,1348
750000,hamming,319,1364
750000,hamming,320,1487
750000,hamming,321,1602
750000,hamming,322,1761
750000,hamming,323,1876
750000,hamming,324,2222
750000,hamming,325,2526
750000,hamming,326,2945
750000,hamming,327,3250
750000,hamming,328,3606
750000,hamming,329,3920
750000,hamming,330,4367
750000,hamming,331,4496
750000,hamming,332,4948
750000,hamming,333,5305
750000,hamming,334,5853
750000,hamming,335,6406
750000,hamming,336,7007
750000,hamming,337,7920
750000,hamming,338,8336
750000,hamming,339,8928
750000,hamming,340,8981
750000,hamming,341,9300
750000,hamming,342,9430
750000,hamming,343,9270
750000,hamming,344,9143
750000,hamming,345,8615
750000,hamming,346,7977
750000,hamming,347,7267
750000,hamming,348,6651
750000,hamming,349,5725
750000,hamming,350,5095
750000,hamming,351,4265
750000,hamming,352,3463
750000,hamming,353,2912
750000,hamming,354,2485
750000,hamming,355,1906
750000,hamming,356,1430
750000,hamming,357,1182
750000,hamming,358,884
750000,hamming,359,619
750000,hamming,360,471
750000,hamming,361,339
750000,hamming,362,265
750000,hamming,363,191
750000,hamming,364,94
750000,hamming,365,68
750000,hamming,366,38
750000,hamming,367,30
750000,hamming,368,22
750000,hamming,369,7
750000,hamming,370,5
750000,genes,0,21926
750000,genes,1,2589
750000,genes,2,22123
750000,genes,3,6583
750000,genes,4,11670
750000,genes,5,6263
750000,genes,6,5117
750000,genes,7,3053
750000,genes,8,3646
750000,genes,9,1147
750000,genes,10,6730
750000,genes,11,5806
750000,genes,12,6028
750000,genes,13,11602
750000,genes,14,7601
750000,genes,15,10263
750000,genes,16,10230
750000,genes,17,15180
750000,genes,18,6701
750000,genes,19,13033
750000,genes,20,72959
750000,genes,21,72854
750000,genes,22,14470
750000,genes,23,13425
750000,genes,24,1130
750000,genes,25,202
750000,genes,26,49
750000,body,0,50649
750000,body,1,3952
750000,body,2,10744
750000,body,3,12008
750000,body,4,3759
750000,body,5,4819
750000,body,6,17633
750000,body,7,1792
750000,body,8,3890
750000,body,9,2040
750000,body,10,4132
750000,body,11,3674
750000,body,12,72755
750000,body,13,6572
750000,body,14,8156
750000,body,15,14116
750000,body,16,6523
750000,body,17,5143
750000,body,18,40596
750000,body,19,3507
750000,body,20,1498
750000,body,21,8021
750000,body,22,8982
750000,body,23,1384
750000,body,24,784
750000,body,25,1415
750000,body,26,768
750000,body,27,429
750000,body,28,347
750000,body,29,2342
750000,body,30,1142
750000,body,31,1641
750000,body,32,1338
750000,body,33,512
750000,body,34,437
750000,body,35,5727
750000,body,36,753
750000,body,37,741
750000,body,38,12318
750000,body,39,2486
750000,body,40,15784
750000,body,41,466
750000,body,42,932
750000,body,43,598
750000,body,44,286
750000,body,45,92
750000,body,46,333
750000,body,47,579
750000,body,48,1580
750000,body,49,175
750000,body,50,802
750000,body,51,190
750000,body,52,99
750000,body,53,25
750000,body,54,26
750000,body,55,18
750000,body,56,56
750000,body,57,10
750000,body,58,10
750000,body,59,9
750000,body,60,6
750000,body,61,2
750000,body,62,7
750000,body,63,8
750000,body,64,762
800000,hamming,0,1
800000,hamming,2,384
800000,hamming,3,17
800000,hamming,4,303
800000,hamming,5,48
800000,hamming,6,239
800000,hamming,7,51
800000,hamming,8,225
800000,hamming,9,81
800000,hamming,10,246
800000,hamming,11,109
800000,hamming,12,235
800000,hamming,13,153
800000,hamming,14,261
800000,hamming,15,210
800000,hamming,16,295
800000,hamming,17,260
800000,hamming,18,394
800000,hamming,19,357
800000,hamming,20,527
800000,hamming,21,398
800000,hamming,22,484
800000,hamming,23,378
800000,hamming,24,413
800000,hamming,25,364
800000,hamming,26,428
800000,hamming,27,365
800000,hamming,28,411
800000,hamming,29,350
800000,hamming,30,302
800000,hamming,31,300
800000,hamming,32,314
800000,hamming,33,271
800000,hamming,34,323
800000,hamming,35,320
800000,hamming,36,248
800000,hamming,37,325
800000,hamming,38,211
800000,hamming,39,293
800000,hamming,40,232
800000,hamming,41,293
800000,hamming,42,251
800000,hamming,43,311
800000,hamming,44,288
800000,hamming,45,344
800000,hamming,46,338
800000,hamming,47,384
800000,hamming,48,364
800000,hamming,49,409
800000,hamming,50,402
800000,hamming,51,393
800000,hamming,52,404
800000,hamming,53,367
800000,hamming,54,350
800000,hamming,55,402
800000,hamming,56,390
800000,hamming,57,405
800000,hamming,58,451
800000,hamming,59,458
800000,hamming,60,449
800000,hamming,61,519
800000,hamming,62,474
800000,hamming,63,489
800000,hamming,64,536
800000,hamming,65,556
800000,hamming,66,618
800000,hamming,67,659
800000,hamming,68,623
800000,hamming,69,672
800000,hamming,70,706
800000,hamming,71,739
800000,hamming,72,818
800000,hamming,73,797
800000,hamming,74,880
800000,hamming,75,857
800000,hamming,76,863
800000,hamming,77,801
800000,hamming,78,851
800000,hamming,79,820
800000,hamming,80,961
800000,hamming,81,906
800000,hamming,82,943
800000,hamming,83,970
800000,hamming,84,935
800000,hamming,85,990
800000,hamming,86,951
800000,hamming,87,945
800000,hamming,88,1025
800000,hamming,89,948
800000,hamming,90,1059
800000,hamming,91,1047
800000,hamming,92,1089
800000,hamming,93,1129
800000,hamming,94,1050
800000,hamming,95,1113
800000,hamming,96,1032
800000,hamming,97,1079
800000,hamming,98,1039
800000,hamming,99,1105
800000,hamming,100,1099
800000,hamming,101,1067
800000,hamming,102,1156
800000,hamming,103,1122
800000,hamming,104,1136
800000,hamming,105,1122
800000,hamming,106,1148
800000,hamming,107,1089
800000,hamming,108,1097
800000,hamming,109,1079
800000,hamming,110,1113
800000,hamming,111,1216
800000,hamming,112,1117
800000,hamming,113,1183
800000,hamming,114,1130
800000,hamming,115,1134
800000,hamming,116,1108
800000,hamming,117,1138
800000,hamming,118,1045
800000,hamming,119,1062
800000,hamming,120,978
800000,hamming,121,895
800000,hamming,122,812
800000,hamming,123,773
800000,hamming,124,681
800000,hamming,125,613
800000,hamming,126,587
800000,hamming,127,502
800000,hamming,128,411
800000,hamming,129,368
800000,hamming,130,304
800000,hamming,131,267
800000,hamming,132,244
800000,hamming,133,192
800000,hamming,134,209
800000,hamming,135,126
800000,hamming,136,131
800000,hamming,137,72
800000,hamming,138,87
800000,hamming,139,71
800000,hamming,140,60
800000,hamming,141,57
800000,hamming,142,44
800000,hamming,143,35
800000,hamming,144,22
800000,hamming,145,6
800000,hamming,146,2
800000,hamming,147,1
800000,hamming,148,3
800000,hamming,149,1
800000,hamming,150,2
800000,hamming,151,1
800000,hamming,155,2
800000,hamming,208,1
800000,hamming,209,8
800000,hamming,210,25
800000,hamming,211,45
800000,hamming,212,67
800000,hamming,213,76
800000,hamming,214,66
800000,hamming,215,77
800000,hamming,216,84
800000,hamming,217,147
800000,hamming,218,200
800000,hamming,219,213
800000,hamming,220,278
800000,hamming,221,275
800000,hamming,222,321
800000,hamming,223,320
800000,hamming,224,380
800000,hamming,225,398
800000,hamming,226,476
800000,hamming,227,571
800000,hamming,228,539
800000,hamming,229,633
800000,hamming,230,627
800000,hamming,231,664
800000,hamming,232,671
800000,hamming,233,688
800000,hamming,234,628
800000,hamming,235,568
800000,hamming,236,507
800000,hamming,237,438
800000,hamming,238,357
800000,hamming,239,293
800000,hamming,240,210
800000,hamming,241,186
800000,hamming,242,124
800000,hamming,243,77
800000,hamming,244,57
800000,hamming,245,19
800000,hamming,246,16
800000,hamming,247,16
800000,hamming,248,1
800000,hamming,249,3
800000,hamming,250,2
800000,hamming,251,1
800000,hamming,273,1
800000,hamming,274,1
800000,hamming,275,3
800000,hamming,276,11
800000,hamming,277,11
800000,hamming,278,14
800000,hamming,279,31
800000,hamming,280,43
800000,hamming,281,60
800000,hamming,282,98
800000,hamming,283,151
800000,hamming,284,186
800000,hamming,285,302
800000,hamming,286,411
800000,hamming,287,489
800000,hamming,288,711
800000,hamming,289,859
800000,hamming,290,1011
800000,hamming,291,1088
800000,hamming,292,1160
800000,hamming,293,1328
800000,hamming,294,1577
800000,hamming,295,1685
800000,hamming,296,1739
800000,hamming,297,1855
800000,hamming,298,1932
800000,hamming,299,1940
800000,hamming,300,2001
800000,hamming,301,2081
800000,hamming,302,2315
800000,hamming,303,2354
800000,hamming,304,2542
800000,hamming,305,2622
800000,hamming,306,2527
800000,hamming,307,2705
800000,hamming,308,2873
800000,hamming,309,2981
800000,hamming,310,3243
800000,hamming,311,3382
800000,hamming,312,3516
800000,hamming,313,3693
800000,hamming,314,3746
800000,hamming,315,3860
800000,hamming,316,3720
800000,hamming,317,3819
800000,hamming,318,3658
800000,hamming,319,3596
800000,hamming,320,3509
800000,hamming,321,3184
800000,hamming,322,3088
800000,hamming,323,2867
800000,hamming,324,2692
800000,hamming,325,2476
800000,hamming,326,2284
800000,hamming,327,2246
800000,hamming,328,2362
800000,hamming,329,2437
800000,hamming,330,2699
800000,hamming,331,2940
800000,hamming,332,3278
800000,hamming,333,3816
800000,hamming,334,4298
800000,hamming,335,5006
800000,hamming,336,5575
800000,hamming,337,5986
800000,hamming,338,6534
800000,hamming,339,6861
800000,hamming,340,7287
800000,hamming,341,7724
800000,hamming,342,7844
800000,hamming,343,8064
800000,hamming,344,8040
800000,hamming,345,7601
800000,hamming,346,7303
800000,hamming,347,6844
800000,hamming,348,6029
800000,hamming,349,5240
800000,hamming,350,4479
800000,hamming,351,3718
800000,hamming,352,3133
800000,hamming,353,2451
800000,hamming,354,1897
800000,hamming,355,1432
800000,hamming,356,1031
800000,hamming,357,712
800000,hamming,358,464
800000,hamming,359,335
800000,hamming,360,220
800000,hamming,361,154
800000,hamming,362,85
800000,hamming,363,52
800000,hamming,364,41
800000,hamming,365,13
800000,hamming,366,9
800000,hamming,367,8
800000,genes,0,22624
800000,genes,1,10815
800000,genes,2,14952
800000,genes,3,13093
800000,genes,4,7546
800000,genes,5,7236
800000,genes,6,2659
800000,genes,7,2810
800000,genes,8,795
800000,genes,9,421
800000,genes,10,1911
800000,genes,11,344
800000,genes,12,2606
800000,genes,13,876
800000,genes,14,9128
800000,genes,15,16600
800000,genes,16,12259
800000,genes,17,24053
800000,genes,18,30962
800000,genes,19,4447
800000,genes,20,26620
800000,genes,21,25720
800000,genes,22,44615
800000,genes,23,28100
800000,genes,24,28819
800000,genes,25,710
800000,genes,26,4
800000,body,0,42291
800000,body,1,7005
800000,body,2,20810
800000,body,3,4128
800000,body,4,10781
800000,body,5,2606
800000,body,6,9505
800000,body,7,1440
800000,body,8,2258
800000,body,9,1601
800000,body,10,2955
800000,body,11,3202
800000,body,12,45804
800000,body,13,5955
800000,body,14,27799
800000,body,15,4691
800000,body,16,21549
800000,body,17,3976
800000,body,18,30529
800000,body,19,3457
800000,body,20,2656
800000,body,21,735
800000,body,22,374
800000,body,23,237
800000,body,24,410
800000,body,25,13
800000,body,26,286
800000,body,27,4
800000,body,28,2
800000,body,29,2
800000,body,30,117
800000,body,31,2
800000,body,32,465
800000,body,33,116
800000,body,34,2904
800000,body,35,14117
800000,body,36,497
800000,body,37,2340
800000,body,38,18107
800000,body,39,3058
800000,body,40,41101
800000,body,41,170
800000,body,42,272
800000,body,43,377
800000,body,44,12
800000,body,45,2
800000,body,47,1
800000,body,48,2
800000,body,49,1
800000,body,51,3
850000,hamming,0,1
850000,hamming,2,415
850000,hamming,3,25
850000,hamming,4,349
850000,hamming,5,52
850000,hamming,6,299
850000,hamming,7,74
850000,hamming,8,265
850000,hamming,9,77
850000,hamming,10,236
850000,hamming,11,76
850000,hamming,12,209
850000,hamming,13,80
850000,hamming,14,163
850000,hamming,15,85
850000,hamming,16,162
850000,hamming,17,108
850000,hamming,18,193
850000,hamming,19,119
850000,hamming,20,162
850000,hamming,21,146
850000,hamming,22,132
850000,hamming,23,147
850000,hamming,24,143
850000,hamming,25,153
850000,hamming,26,196
850000,hamming,27,174
850000,hamming,28,244
850000,hamming,29,181
850000,hamming,30,234
850000,hamming,31,164
850000,hamming,32,176
850000,hamming,33,124
850000,hamming,34,117
850000,hamming,35,123
850000,hamming,36,104
850000,hamming,37,138
850000,hamming,38,141
850000,hamming,39,153
850000,hamming,40,171
850000,hamming,41,167
850000,hamming,42,168
850000,hamming,43,174
850000,hamming,44,182
850000,hamming,45,199
850000,hamming,46,205
850000,hamming,47,211
850000,hamming,48,207
850000,hamming,49,216
850000,hamming,50,234
850000,hamming,51,211
850000,hamming,52,309
850000,hamming,53,237
850000,hamming,54,370
850000,hamming,55,274
850000,hamming,56,344
850000,hamming,57,302
850000,hamming,58,293
850000,hamming,59,285
850000,hamming,60,288
850000,hamming,61,324
850000,hamming,62,325
850000,hamming,63,382
850000,hamming,64,327
850000,hamming,65,332
850000,hamming,66,279
850000,hamming,67,296
850000,hamming,68,292
850000,hamming,69,347
850000,hamming,70,354
850000,hamming,71,363
850000,hamming,72,395
850000,hamming,73,407
850000,hamming,74,457
850000,hamming,75,487
850000,hamming,76,461
850000,hamming,77,455
850000,hamming,78,485
850000,hamming,79,457
850000,hamming,80,533
850000,hamming,81,474
850000,hamming,82,485
850000,hamming,83,452
850000,hamming,84,478
850000,hamming,85,483
850000,hamming,86,558
850000,hamming,87,536
850000,hamming,88,617
850000,hamming,89,652
850000,hamming,90,712
850000,hamming,91,772
850000,hamming,92,814
850000,hamming,93,920
850000,hamming,94,845
850000,hamming,95,930
850000,hamming,96,907
850000,hamming,97,1004
850000,hamming,98,943
850000,hamming,99,1095
850000,hamming,100,1019
850000,hamming,101,1113
850000,hamming,102,1054
850000,hamming,103,1097
850000,hamming,104,1188
850000,hamming,105,1131
850000,hamming,106,1228
850000,hamming,107,1284
850000,hamming,108,1329
850000,hamming,109,1420
850000,hamming,110,1388
850000,hamming,111,1432
850000,hamming,112,1486
850000,hamming,113,1495
850000,hamming,114,1632
850000,hamming,115,1653
850000,hamming,116,1688
850000,hamming,117,1730
850000,hamming,118,1713
850000,hamming,119,1870
850000,hamming,120,1791
850000,hamming,121,1739
850000,hamming,122,1688
850000,hamming,123,1714
850000,hamming,124,1735
850000,hamming,125,1664
850000,hamming,126,1601
850000,hamming,127,1533
850000,hamming,128,1471
850000,hamming,129,1365
850000,hamming,130,1312
850000,hamming,131,1258
850000,hamming,132,1149
850000,hamming,133,1119
850000,hamming,134,1051
850000,hamming,135,1067
850000,hamming,136,953
850000,hamming,137,837
850000,hamming,138,701
850000,hamming,139,564
850000,hamming,140,416
850000,hamming,141,397
850000,hamming,142,292
850000,hamming,143,260
850000,hamming,144,199
850000,hamming,145,163
850000,hamming,146,103
850000,hamming,147,112
850000,hamming,148,75
850000,hamming,149,52
850000,hamming,150,46
850000,hamming,151,28
850000,hamming,152,26
850000,hamming,153,23
850000,hamming,154,20
850000,hamming,155,13
850000,hamming,156,12
850000,hamming,157,8
850000,hamming,158,2
850000,hamming,159,1
850000,hamming,161,1
850000,hamming,221,2
850000,hamming,223,3
850000,hamming,224,10
850000,hamming,225,21
850000,hamming,226,27
850000,hamming,227,40
850000,hamming,228,43
850000,hamming,229,80
850000,hamming,230,81
850000,hamming,231,108
850000,hamming,232,135
850000,hamming,233,167
850000,hamming,234,130
850000,hamming,235,134
850000,hamming,236,173
850000,hamming,237,195
850000,hamming,238,233
850000,hamming,239,235
850000,hamming,240,204
850000,hamming,241,191
850000,hamming,242,181
850000,hamming,243,174
850000,hamming,244,138
850000,hamming,245,108
850000,hamming,246,124
850000,hamming,247,87
850000,hamming,248,83
850000,hamming,249,43
850000,hamming,250,29
850000,hamming,251,24
850000,hamming,252,20
850000,hamming,253,12
850000,hamming,254,5
850000,hamming,255,4
850000,hamming,256,5
850000,hamming,257,1
850000,hamming,278,2
850000,hamming,279,6
850000,hamming,280,29
850000,hamming,281,54
850000,hamming,282,113
850000,hamming,283,184
850000,hamming,284,255
850000,hamming,285,314
850000,hamming,286,432
850000,hamming,287,539
850000,hamming,288,641
850000,hamming,289,778
850000,hamming,290,948
850000,hamming,291,1101
850000,hamming,292,1310
850000,hamming,293,1616
850000,hamming,294,1782
850000,hamming,295,1903
850000,hamming,296,2198
850000,hamming,297,2186
850000,hamming,298,2163
850000,hamming,299,2129
850000,hamming,300,1872
850000,hamming,301,1659
850000,hamming,302,1311
850000,hamming,303,1065
850000,hamming,304,853
850000,hamming,305,635
850000,hamming,306,427
850000,hamming,307,297
850000,hamming,308,206
850000,hamming,309,193
850000,hamming,310,234
850000,hamming,311,331
850000,hamming,312,473
850000,hamming,313,701
850000,hamming,314,966
850000,hamming,315,1195
850000,hamming,316,1734
850000,hamming,317,2314
850000,hamming,318,2818
850000,hamming,319,3360
850000,hamming,320,4014
850000,hamming,321,4657
850000,hamming,322,5229
850000,hamming,323,5748
850000,hamming,324,6278
850000,hamming,325,6833
850000,hamming,326,6958
850000,hamming,327,7231
850000,hamming,328,7169
850000,hamming,329,7109
850000,hamming,330,6819
850000,hamming,331,6659
850000,hamming,332,6409
850000,hamming,333,5868
850000,hamming,334,5476
850000,hamming,335,5049
850000,hamming,336,4880
850000,hamming,337,4694
850000,hamming,338,4788
850000,hamming,339,4984
850000,hamming,340,5063
850000,hamming,341,5232
850000,hamming,342,5515
850000,hamming,343,5826
850000,hamming,344,5796
850000,hamming,345,6062
850000,hamming,346,6313
850000,hamming,347,6341
850000,hamming,348,6295
850000,hamming,349,6317
850000,hamming,350,5746
850000,hamming,351,5178
850000,hamming,352,4761
850000,hamming,353,4453
850000,hamming,354,3871
850000,hamming,355,3544
850000,hamming,356,2927
850000,hamming,357,2361
850000,hamming,358,1908
850000,hamming,359,1465
850000,hamming,360,1137
850000,hamming,361,897
850000,hamming,362,667
850000,hamming,363,458
850000,hamming,364,311
850000,hamming,365,235
850000,hamming,366,167
850000,hamming,367,80
850000,hamming,368,38
850000,hamming,369,11
850000,hamming,370,4
850000,genes,0,16180
850000,genes,1,2653
850000,genes,2,18421
850000,genes,3,6565
850000,genes,4,15719
850000,genes,5,11773
850000,genes,6,6376
850000,genes,7,5452
850000,genes,8,2963
850000,genes,9,2959
850000,genes,10,1740
850000,genes,11,1115
850000,genes,12,591
850000,genes,13,1400
850000,genes,14,3470
850000,genes,15,17606
850000,genes,16,21002
850000,genes,17,37680
850000,genes,18,18355
850000,genes,19,11191
850000,genes,20,53839
850000,genes,21,40940
850000,genes,22,31903
850000,genes,23,15164
850000,genes,24,5810
850000,genes,25,601
850000,genes,26,72
850000,genes,27,1
850000,body,0,47522
850000,body,1,7593
850000,body,2,6060
850000,body,3,2702
850000,body,4,7491
850000,body,5,4395
850000,body,6,31164
850000,body,7,4845
850000,body,8,6092
850000,body,9,3402
850000,body,10,8644
850000,body,11,6943
850000,body,12,66995
850000,body,13,13693
850000,body,14,12995
850000,body,15,5414
850000,body,16,9953
850000,body,17,4569
850000,body,18,31095
850000,body,19,6795
850000,body,20,1287
850000,body,21,2745
850000,body,22,533
850000,body,23,837
850000,body,24,307
850000,body,25,184
850000,body,26,239
850000,body,27,856
850000,body,28,431
850000,body,29,316
850000,body,30,750
850000,body,31,327
850000,body,32,59
850000,body,33,693
850000,body,34,705
850000,body,35,9089
850000,body,36,2554
850000,body,37,1161
850000,body,38,10265
850000,body,39,1304
850000,body,40,25820
850000,body,41,379
850000,body,42,201
850000,body,43,127
850000,body,44,203
850000,body,45,297
850000,body,46,274
850000,body,47,194
850000,body,48,80
850000,body,49,143
850000,body,50,26
850000,body,51,32
850000,body,52,726
850000,body,53,8
850000,body,54,3
850000,body,55,14
850000,body,56,1
850000,body,57,7
850000,body,58,1
850000,body,61,1
900000,hamming,2,408
900000,hamming,3,15
900000,hamming,4,375
900000,hamming,5,38
900000,hamming,6,354
900000,hamming,7,55
900000,hamming,8,315
900000,hamming,9,71
900000,hamming,10,262
900000,hamming,11,108
900000,hamming,12,232
900000,hamming,13,137
900000,hamming,14,190
900000,hamming,15,152
900000,hamming,16,177
900000,hamming,17,163
900000,hamming,18,199
900000,hamming,19,179
900000,hamming,20,222
900000,hamming,21,200
900000,hamming,22,256
900000,hamming,23,260
900000,hamming,24,281
900000,hamming,25,299
900000,hamming,26,315
900000,hamming,27,313
900000,hamming,28,302
900000,hamming,29,341
900000,hamming,30,311
900000,hamming,31,361
900000,hamming,32,384
900000,hamming,33,376
900000,hamming,34,403
900000,hamming,35,406
900000,hamming,36,424
900000,hamming,37,472
900000,hamming,38,440
900000,hamming,39,482
900000,hamming,40,440
900000,hamming,41,488
900000,hamming,42,445
900000,hamming,43,509
900000,hamming,44,491
900000,hamming,45,468
900000,hamming,46,467
900000,hamming,47,433
900000,hamming,48,367
900000,hamming,49,405
900000,hamming,50,336
900000,hamming,51,424
900000,hamming,52,397
900000,hamming,53,436
900000,hamming,54,465
900000,hamming,55,417
900000,hamming,56,462
900000,hamming,57,374
900000,hamming,58,456
900000,hamming,59,383
900000,hamming,60,491
900000,hamming,61,435
900000,hamming,62,499
900000,hamming,63,438
900000,hamming,64,424
900000,hamming,65,411
900000,hamming,66,390
900000,hamming,67,407
900000,hamming,68,419
900000,hamming,69,395
900000,hamming,70,416
900000,hamming,71,377
900000,hamming,72,351
900000,hamming,73,335
900000,hamming,74,269
900000,hamming,75,275
900000,hamming,76,215
900000,hamming,77,242
900000,hamming,78,240
900000,hamming,79,238
900000,hamming,80,229
900000,hamming,81,225
900000,hamming,82,212
900000,hamming,83,217
900000,hamming,84,190
900000,hamming,85,194
900000,hamming,86,191
900000,hamming,87,205
900000,hamming,88,224
900000,hamming,89,222
900000,hamming,90,237
900000,hamming,91,232
900000,hamming,92,251
900000,hamming,93,188
900000,hamming,94,225
900000,hamming,95,229
900000,hamming,96,295
900000,hamming,97,284
900000,hamming,98,347
900000,hamming,99,355
900000,hamming,100,412
900000,hamming,101,432
900000,hamming,102,551
900000,hamming,103,562
900000,hamming,104,601
900000,hamming,105,640
900000,hamming,106,587
900000,hamming,107,618
900000,hamming,108,571
900000,hamming,109,527
900000,hamming,110,505
900000,hamming,111,504
900000,hamming,112,409
900000,hamming,113,438
900000,hamming,114,343
900000,hamming,115,326
900000,hamming,116,308
900000,hamming,117,335
900000,hamming,118,299
900000,hamming,119,347
900000,hamming,120,313
900000,hamming,121,321
900000,hamming,122,270
900000,hamming,123,275
900000,hamming,124,299
900000,hamming,125,329
900000,hamming,126,302
900000,hamming,127,273
900000,hamming,128,277
900000,hamming,129,224
900000,hamming,130,246
900000,hamming,131,209
900000,hamming,132,204
900000,hamming,133,210
900000,hamming,134,213
900000,hamming,135,204
900000,hamming,136,219
900000,hamming,137,200
900000,hamming,138,196
900000,hamming,139,195
900000,hamming,140,177
900000,hamming,141,167
900000,hamming,142,161
900000,hamming,143,166
900000,hamming,144,167
900000,hamming,145,165
900000,hamming,146,156
900000,hamming,147,162
900000,hamming,148,165
900000,hamming,149,177
900000,hamming,150,171
900000,hamming,151,153
900000,hamming,152,183
900000,hamming,153,165
900000,hamming,154,199
900000,hamming,155,200
900000,hamming,156,220
900000,hamming,157,186
900000,hamming,158,178
900000,hamming,159,185
900000,hamming,160,185
900000,hamming,161,172
900000,hamming,162,129
900000,hamming,163,136
900000,hamming,164,145
900000,hamming,165,166
900000,hamming,166,188
900000,hamming,167,147
900000,hamming,168,137
900000,hamming,169,149
900000,hamming,170,178
900000,hamming,171,173
900000,hamming,172,199
900000,hamming,173,201
900000,hamming,174,201
900000,hamming,175,183
900000,hamming,176,237
900000,hamming,177,205
900000,hamming,178,229
900000,hamming,179,180
900000,hamming,180,177
900000,hamming,181,142
900000,hamming,182,147
900000,hamming,183,166
900000,hamming,184,164
900000,hamming,185,142
900000,hamming,186,138
900000,hamming,187,149
900000,hamming,188,146
900000,hamming,189,140
900000,hamming,190,129
900000,hamming,191,148
900000,hamming,192,133
900000,hamming,193,100
900000,hamming,194,102
900000,hamming,195,119
900000,hamming,196,135
900000,hamming,197,170
900000,hamming,198,220
900000,hamming,199,254
900000,hamming,200,251
900000,hamming,201,239
900000,hamming,202,240
900000,hamming,203,261
900000,hamming,204,193
900000,hamming,205,192
900000,hamming,206,200
900000,hamming,207,200
900000,hamming,208,233
900000,hamming,209,257
900000,hamming,210,321
900000,hamming,211,299
900000,hamming,212,295
900000,hamming,213,255
900000,hamming,214,260
900000,hamming,215,269
900000,hamming,216,266
900000,hamming,217,249
900000,hamming,218,249
900000,hamming,219,249
900000,hamming,220,281
900000,hamming,221,310
900000,hamming,222,364
900000,hamming,223,394
900000,hamming,224,386
900000,hamming,225,397
900000,hamming,226,452
900000,hamming,227,525
900000,hamming,228,505
900000,hamming,229,534
900000,hamming,230,597
900000,hamming,231,639
900000,hamming,232,735
900000,hamming,233,739
900000,hamming,234,783
900000,hamming,235,841
900000,hamming,236,959
900000,hamming,237,1106
900000,hamming,238,1200
900000,hamming,239,1391
900000,hamming,240,1441
900000,hamming,241,1587
900000,hamming,242,1707
900000,hamming,243,1787
900000,hamming,244,1741
900000,hamming,245,1678
900000,hamming,246,1693
900000,hamming,247,1583
900000,hamming,248,1468
900000,hamming,249,1503
900000,hamming,250,1456
900000,hamming,251,1391
900000,hamming,252,1370
900000,hamming,253,1408
900000,hamming,254,1320
900000,hamming,255,1247
900000,hamming,256,1146
900000,hamming,257,1020
900000,hamming,258,909
900000,hamming,259,791
900000,hamming,260,732
900000,hamming,261,625
900000,hamming,262,466
900000,hamming,263,409
900000,hamming,264,349
900000,hamming,265,328
900000,hamming,266,371
900000,hamming,267,323
900000,hamming,268,431
900000,hamming,269,401
900000,hamming,270,368
900000,hamming,271,247
900000,hamming,272,168
900000,hamming,273,118
900000,hamming,274,77
900000,hamming,275,72
900000,hamming,276,59
900000,hamming,277,56
900000,hamming,278,77
900000,hamming,279,53
900000,hamming,280,79
900000,hamming,281,83
900000,hamming,282,71
900000,hamming,283,66
900000,hamming,284,35
900000,hamming,285,21
900000,hamming,286,8
900000,hamming,287,2
900000,hamming,294,2
900000,hamming,295,6
900000,hamming,296,17
900000,hamming,297,30
900000,hamming,298,70
900000,hamming,299,169
900000,hamming,300,336
900000,hamming,301,505
900000,hamming,302,818
900000,hamming,303,1217
900000,hamming,304,1829
900000,hamming,305,2346
900000,hamming,306,2951
900000,hamming,307,3692
900000,hamming,308,4443
900000,hamming,309,4820
900000,hamming,310,5121
900000,hamming,311,5385
900000,hamming,312,5477
900000,hamming,313,5447
900000,hamming,314,5486
900000,hamming,315,5298
900000,hamming,316,4883
900000,hamming,317,4469
900000,hamming,318,4115
900000,hamming,319,3666
900000,hamming,320,3396
900000,hamming,321,3147
900000,hamming,322,2953
900000,hamming,323,2950
900000,hamming,324,2865
900000,hamming,325,2843
900000,hamming,326,2882
900000,hamming,327,2920
900000,hamming,328,2902
900000,hamming,329,2983
900000,hamming,330,3100
900000,hamming,331,3220
900000,hamming,332,3114
900000,hamming,333,3212
900000,hamming,334,3439
900000,hamming,335,3514
900000,hamming,336,3583
900000,hamming,337,3826
900000,hamming,338,3885
900000,hamming,339,4131
900000,hamming,340,4241
900000,hamming,341,4847
900000,hamming,342,5216
900000,hamming,343,5682
900000,hamming,344,5925
900000,hamming,345,6099
900000,hamming,346,6200
900000,hamming,347,5835
900000,hamming,348,5426
900000,hamming,349,4801
900000,hamming,350,4235
900000,hamming,351,3937
900000,hamming,352,3728
900000,hamming,353,3282
900000,hamming,354,2802
900000,hamming,355,2340
900000,hamming,356,2027
900000,hamming,357,1546
900000,hamming,358,1322
900000,hamming,359,1173
900000,hamming,360,1011
900000,hamming,361,788
900000,hamming,362,614
900000,hamming,363,385
900000,hamming,364,263
900000,hamming,365,137
900000,hamming,366,58
900000,hamming,367,40
900000,hamming,368,21
900000,hamming,369,19
900000,hamming,370,14
900000,hamming,371,3
900000,hamming,372,2
900000,hamming,373,3
900000,hamming,375,5
900000,hamming,376,1
900000,genes,0,15569
900000,genes,1,1801
900000,genes,2,15721
900000,genes,3,3385
900000,genes,4,10360
900000,genes,5,6260
900000,genes,6,7417
900000,genes,7,18922
900000,genes,8,3970
900000,genes,9,8919
900000,genes,10,2317
900000,genes,11,4222
900000,genes,12,3604
900000,genes,13,2092
900000,genes,14,3759
900000,genes,15,2238
900000,genes,16,23199
900000,genes,17,30638
900000,genes,18,26964
900000,genes,19,5332
900000,genes,20,36847
900000,genes,21,25667
900000,genes,22,39708
900000,genes,23,15204
900000,genes,24,14406
900000,genes,25,551
900000,genes,26,190
900000,genes,27,4
900000,body,0,36876
900000,body,1,3968
900000,body,2,34690
900000,body,3,4147
900000,body,4,14832
900000,body,5,4861
900000,body,6,35290
900000,body,7,5329
900000,body,8,18723
900000,body,9,5054
900000,body,10,13876
900000,body,11,4148
900000,body,12,33084
900000,body,13,4423
900000,body,14,32533
900000,body,15,4667
900000,body,16,5720
900000,body,17,2084
900000,body,18,4626
900000,body,19,924
900000,body,20,993
900000,body,21,320
900000,body,22,199
900000,body,23,152
900000,body,24,611
900000,body,25,380
900000,body,26,249
900000,body,27,332
900000,body,28,909
900000,body,29,392
900000,body,30,111
900000,body,31,161
900000,body,32,89
900000,body,33,84
900000,body,34,298
900000,body,35,1012
900000,body,36,3964
900000,body,37,1154
900000,body,38,8570
900000,body,39,939
900000,body,40,36867
900000,body,41,2
900000,body,43,73
900000,body,44,3
900000,body,47,72
900000,body,48,2
900000,body,49,1
900000,body,50,3
900000,body,51,1
900000,body,52,1
900000,body,53,3
900000,body,54,725
900000,body,55,1
900000,body,56,1
900000,body,58,2
900000,body,59,2
900000,body,60,5
900000,body,61,1
900000,body,62,1
900000,body,63,2
900000,body,64,724
950000,hamming,1,1
950000,hamming,2,395
950000,hamming,3,16
950000,hamming,4,326
950000,hamming,5,35
950000,hamming,6,230
950000,hamming,7,53
950000,hamming,8,152
950000,hamming,9,71
950000,hamming,10,135
950000,hamming,11,78
950000,hamming,12,153
950000,hamming,13,96
950000,hamming,14,161
950000,hamming,15,90
950000,hamming,16,172
950000,hamming,17,89
950000,hamming,18,177
950000,hamming,19,97
950000,hamming,20,171
950000,hamming,21,108
950000,hamming,22,144
950000,hamming,23,111
950000,hamming,24,128
950000,hamming,25,124
950000,hamming,26,122
950000,hamming,27,135
950000,hamming,28,121
950000,hamming,29,154
950000,hamming,30,146
950000,hamming,31,156
950000,hamming,32,150
950000,hamming,33,163
950000,hamming,34,147
950000,hamming,35,181
950000,hamming,36,149
950000,hamming,37,175
950000,hamming,38,169
950000,hamming,39,184
950000,hamming,40,157
950000,hamming,41,185
950000,hamming,42,172
950000,hamming,43,154
950000,hamming,44,179
950000,hamming,45,155
950000,hamming,46,203
950000,hamming,47,180
950000,hamming,48,210
950000,hamming,49,222
950000,hamming,50,240
950000,hamming,51,264
950000,hamming,52,258
950000,hamming,53,290
950000,hamming,54,341
950000,hamming,55,310
950000,hamming,56,406
950000,hamming,57,409
950000,hamming,58,462
950000,hamming,59,481
950000,hamming,60,468
950000,hamming,61,453
950000,hamming,62,450
950000,hamming,63,451
950000,hamming,64,498
950000,hamming,65,437
950000,hamming,66,496
950000,hamming,67,487
950000,hamming,68,524
950000,hamming,69,504
950000,hamming,70,536
950000,hamming,71,480
950000,hamming,72,499
950000,hamming,73,438
950000,hamming,74,464
950000,hamming,75,409
950000,hamming,76,367
950000,hamming,77,359
950000,hamming,78,344
950000,hamming,79,351
950000,hamming,80,342
950000,hamming,81,342
950000,hamming,82,372
950000,hamming,83,350
950000,hamming,84,333
950000,hamming,85,316
950000,hamming,86,293
950000,hamming,87,331
950000,hamming,88,337
950000,hamming,89,323
950000,hamming,90,339
950000,hamming,91,330
950000,hamming,92,324
950000,hamming,93,393
950000,hamming,94,356
950000,hamming,95,483
950000,hamming,96,448
950000,hamming,97,514
950000,hamming,98,479
950000,hamming,99,464
950000,hamming,100,427
950000,hamming,101,499
950000,hamming,102,457
950000,hamming,103,498
950000,hamming,104,473
950000,hamming,105,509
950000,hamming,106,493
950000,hamming,107,462
950000,hamming,108,539
950000,hamming,109,497
950000,hamming,110,530
950000,hamming,111,514
950000,hamming,112,553
950000,hamming,113,554
950000,hamming,114,563
950000,hamming,115,601
950000,hamming,116,601
950000,hamming,117,623
950000,hamming,118,675
950000,hamming,119,661
950000,hamming,120,673
950000,hamming,121,667
950000,hamming,122,733
950000,hamming,123,756
950000,hamming,124,824
950000,hamming,125,874
950000,hamming,126,884
950000,hamming,127,928
950000,hamming,128,985
950000,hamming,129,1024
950000,hamming,130,1054
950000,hamming,131,1048
950000,hamming,132,1037
950000,hamming,133,1032
950000,hamming,134,1022
950000,hamming,135,1056
950000,hamming,136,1078
950000,hamming,137,1113
950000,hamming,138,1067
950000,hamming,139,1067
950000,hamming,140,1145
950000,hamming,141,1107
950000,hamming,142,1175
950000,hamming,143,1155
950000,hamming,144,1082
950000,hamming,145,1200
950000,hamming,146,1182
950000,hamming,147,1354
950000,hamming,148,1257
950000,hamming,149,1276
950000,hamming,150,1204
950000,hamming,151,1291
950000,hamming,152,1222
950000,hamming,153,1253
950000,hamming,154,1228
950000,hamming,155,1149
950000,hamming,156,1150
950000,hamming,157,1313
950000,hamming,158,1240
950000,hamming,159,1233
950000,hamming,160,1138
950000,hamming,161,1142
950000,hamming,162,1135
950000,hamming,163,1161
950000,hamming,164,1141
950000,hamming,165,1071
950000,hamming,166,1141
950000,hamming,167,1079
950000,hamming,168,1061
950000,hamming,169,1074
950000,hamming,170,1015
950000,hamming,171,1034
950000,hamming,172,1033
950000,hamming,173,1129
950000,hamming,174,1147
950000,hamming,175,1215
950000,hamming,176,1133
950000,hamming,177,1231
950000,hamming,178,1163
950000,hamming,179,1103
950000,hamming,180,1079
950000,hamming,181,1066
950000,hamming,182,987
950000,hamming,183,975
950000,hamming,184,930
950000,hamming,185,837
950000,hamming,186,802
950000,hamming,187,747
950000,hamming,188,665
950000,hamming,189,614
950000,hamming,190,553
950000,hamming,191,525
950000,hamming,192,496
950000,hamming,193,441
950000,hamming,194,482
950000,hamming,195,422
950000,hamming,196,408
950000,hamming,197,410
950000,hamming,198,385
950000,hamming,199,346
950000,hamming,200,367
950000,hamming,201,299
950000,hamming,202,275
950000,hamming,203,227
950000,hamming,204,195
950000,hamming,205,215
950000,hamming,206,152
950000,hamming,207,162
950000,hamming,208,119
950000,hamming,209,147
950000,hamming,210,140
950000,hamming,211,131
950000,hamming,212,80
950000,hamming,213,77
950000,hamming,214,45
950000,hamming,215,41
950000,hamming,216,15
950000,hamming,217,13
950000,hamming,218,11
950000,hamming,219,16
950000,hamming,220,5
950000,hamming,221,9
950000,hamming,222,11
950000,hamming,223,7
950000,hamming,227,7
950000,hamming,228,3
950000,hamming,229,8
950000,hamming,230,9
950000,hamming,231,6
950000,hamming,232,15
950000,hamming,233,18
950000,hamming,234,11
950000,hamming,235,18
950000,hamming,236,17
950000,hamming,237,17
950000,hamming,238,12
950000,hamming,239,7
950000,hamming,240,14
950000,hamming,241,14
950000,hamming,242,7
950000,hamming,243,2
950000,hamming,244,1
950000,hamming,300,1
950000,hamming,301,4
950000,hamming,302,8
950000,hamming,303,21
950000,hamming,304,31
950000,hamming,305,58
950000,hamming,306,104
950000,hamming,307,152
950000,hamming,308,250
950000,hamming,309,384
950000,hamming,310,551
950000,hamming,311,808
950000,hamming,312,1206
950000,hamming,313,1572
950000,hamming,314,2022
950000,hamming,315,2597
950000,hamming,316,3263
950000,hamming,317,3826
950000,hamming,318,4389
950000,hamming,319,5056
950000,hamming,320,5632
950000,hamming,321,6364
950000,hamming,322,6847
950000,hamming,323,7346
950000,hamming,324,8103
950000,hamming,325,8628
950000,hamming,326,9438
950000,hamming,327,9578
950000,hamming,328,9653
950000,hamming,329,10002
950000,hamming,330,10014
950000,hamming,331,9921
950000,hamming,332,9909
950000,hamming,333,9295
950000,hamming,334,8842
950000,hamming,335,8775
950000,hamming,336,8430
950000,hamming,337,8109
950000,hamming,338,7476
950000,hamming,339,7166
950000,hamming,340,6393
950000,hamming,341,5697
950000,hamming,342,4885
950000,hamming,343,4332
950000,hamming,344,3884
950000,hamming,345,3152
950000,hamming,346,2581
950000,hamming,347,1943
950000,hamming,348,1644
950000,hamming,349,1467
950000,hamming,350,1351
950000,hamming,351,1471
950000,hamming,352,1582
950000,hamming,353,1535
950000,hamming,354,1647
950000,hamming,355,1626
950000,hamming,356,1705
950000,hamming,357,1728
950000,hamming,358,1616
950000,hamming,359,1337
950000,hamming,360,1095
950000,hamming,361,932
950000,hamming,362,792
950000,hamming,363,488
950000,hamming,364,315
950000,hamming,365,161
950000,hamming,366,118
950000,hamming,367,73
950000,hamming,368,43
950000,hamming,369,44
950000,hamming,370,29
950000,hamming,371,20
950000,hamming,372,9
950000,hamming,373,5
950000,hamming,374,4
950000,hamming,375,1
950000,genes,0,11161
950000,genes,1,1752
950000,genes,2,14536
950000,genes,3,8143
950000,genes,4,21093
950000,genes,5,14455
950000,genes,6,14651
950000,genes,7,11218
950000,genes,8,7366
950000,genes,9,5025
950000,genes,10,3647
950000,genes,11,1978
950000,genes,12,1694
950000,genes,13,1019
950000,genes,14,353
950000,genes,15,1307
950000,genes,16,2761
950000,genes,17,25601
950000,genes,18,46968
950000,genes,19,38938
950000,genes,20,22958
950000,genes,21,18060
950000,genes,22,31955
950000,genes,23,28719
950000,genes,24,34176
950000,genes,25,1320
950000,genes,26,235
950000,genes,27,2
950000,body,0,39699
950000,body,1,8606
950000,body,2,13567
950000,body,3,7027
950000,body,4,7747
950000,body,5,6830
950000,body,6,45910
950000,body,7,13240
950000,body,8,20073
950000,body,9,7228
950000,body,10,5680
950000,body,11,9000
950000,body,12,47034
950000,body,13,5526
950000,body,14,11404
950000,body,15,3793
950000,body,16,7872
950000,body,17,2620
950000,body,18,12736
950000,body,19,2091
950000,body,20,2283
950000,body,21,1501
950000,body,22,589
950000,body,23,1123
950000,body,24,371
950000,body,25,653
950000,body,26,106
950000,body,27,185
950000,body,28,81
950000,body,29,705
950000,body,30,154
950000,body,31,147
950000,body,32,421
950000,body,33,684
950000,body,34,663
950000,body,35,10626
950000,body,36,494
950000,body,37,3931
950000,body,38,12891
950000,body,39,1582
950000,body,40,53246
950000,body,41,34
950000,body,42,703
950000,body,43,4
950000,body,44,3
950000,body,45,2
950000,body,46,112
950000,body,47,1
950000,body,48,112
950000,body,50,1
1000000,hamming,1,1
1000000,hamming,2,363
1000000,hamming,3,14
1000000,hamming,4,312
1000000,hamming,5,35
1000000,hamming,6,197
1000000,hamming,7,44
1000000,hamming,8,137
1000000,hamming,9,43
1000000,hamming,10,116
1000000,hamming,11,34
1000000,hamming,12,86
1000000,hamming,13,38
1000000,hamming,14,78
1000000,hamming,15,33
1000000,hamming,16,84
1000000,hamming,17,30
1000000,hamming,18,64
1000000,hamming,19,36
1000000,hamming,20,65
1000000,hamming,21,56
1000000,hamming,22,60
1000000,hamming,23,44
1000000,hamming,24,53
1000000,hamming,25,67
1000000,hamming,26,58
1000000,hamming,27,81
1000000,hamming,28,78
1000000,hamming,29,80
1000000,hamming,30,80
1000000,hamming,31,89
1000000,hamming,32,106
1000000,hamming,33,79
1000000,hamming,34,135
1000000,hamming,35,90
1000000,hamming,36,128
1000000,hamming,37,93
1000000,hamming,38,133
1000000,hamming,39,119
1000000,hamming,40,139
1000000,hamming,41,129
1000000,hamming,42,138
1000000,hamming,43,163
1000000,hamming,44,145
1000000,hamming,45,156
1000000,hamming,46,167
1000000,hamming,47,166
1000000,hamming,48,172
1000000,hamming,49,165
1000000,hamming,50,197
1000000,hamming,51,176
1000000,hamming,52,182
1000000,hamming,53,186
1000000,hamming,54,218
1000000,hamming,55,230
1000000,hamming,56,199
1000000,hamming,57,229
1000000,hamming,58,196
1000000,hamming,59,277
1000000,hamming,60,273
1000000,hamming,61,308
1000000,hamming,62,284
1000000,hamming,63,330
1000000,hamming,64,317
1000000,hamming,65,303
1000000,hamming,66,329
1000000,hamming,67,276
1000000,hamming,68,326
1000000,hamming,69,332
1000000,hamming,70,398
1000000,hamming,71,448
1000000,hamming,72,400
1000000,hamming,73,382
1000000,hamming,74,469
1000000,hamming,75,371
1000000,hamming,76,439
1000000,hamming,77,352
1000000,hamming,78,458
1000000,hamming,79,407
1000000,hamming,80,451
1000000,hamming,81,421
1000000,hamming,82,468
1000000,hamming,83,415
1000000,hamming,84,470
1000000,hamming,85,422
1000000,hamming,86,515
1000000,hamming,87,471
1000000,hamming,88,572
1000000,hamming,89,533
1000000,hamming,90,547
1000000,hamming,91,575
1000000,hamming,92,595
1000000,hamming,93,606
1000000,hamming,94,543
1000000,hamming,95,568
1000000,hamming,96,561
1000000,hamming,97,602
1000000,hamming,98,631
1000000,hamming,99,611
1000000,hamming,100,649
1000000,hamming,101,649
1000000,hamming,102,675
1000000,hamming,103,685
1000000,hamming,104,700
1000000,hamming,105,660
1000000,hamming,106,663
1000000,hamming,107,683
1000000,hamming,108,676
1000000,hamming,109,699
1000000,hamming,110,655
1000000,hamming,111,692
1000000,hamming,112,665
1000000,hamming,113,689
1000000,hamming,114,672
1000000,hamming,115,653
1000000,hamming,116,637
1000000,hamming,117,664
1000000,hamming,118,637
1000000,hamming,119,693
1000000,hamming,120,700
1000000,hamming,121,734
1000000,hamming,122,676
1000000,hamming,123,649
1000000,hamming,124,672
1000000,hamming,125,628
1000000,hamming,126,638
1000000,hamming,127,582
1000000,hamming,128,641
1000000,hamming,129,641
1000000,hamming,130,688
1000000,hamming,131,679
1000000,hamming,132,677
1000000,hamming,133,623
1000000,hamming,134,734
1000000,hamming,135,668
1000000,hamming,136,762
1000000,hamming,137,806
1000000,hamming,138,783
1000000,hamming,139,877
1000000,hamming,140,827
1000000,hamming,141,869
1000000,hamming,142,821
1000000,hamming,143,893
1000000,hamming,144,829
1000000,hamming,145,874
1000000,hamming,146,842
1000000,hamming,147,840
1000000,hamming,148,802
1000000,hamming,149,755
1000000,hamming,150,801
1000000,hamming,151,797
1000000,hamming,152,859
1000000,hamming,153,889
1000000,hamming,154,863
1000000,hamming,155,930
1000000,hamming,156,861
1000000,hamming,157,835
1000000,hamming,158,758
1000000,hamming,159,747
1000000,hamming,160,722
1000000,hamming,161,756
1000000,hamming,162,695
1000000,hamming,163,686
1000000,hamming,164,695
1000000,hamming,165,699
1000000,hamming,166,723
1000000,hamming,167,722
1000000,hamming,168,728
1000000,hamming,169,727
1000000,hamming,170,767
1000000,hamming,171,749
1000000,hamming,172,720
1000000,hamming,173,644
1000000,hamming,174,665
1000000,hamming,175,631
1000000,hamming,176,615
1000000,hamming,177,626
1000000,hamming,178,593
1000000,hamming,179,577
1000000,hamming,180,559
1000000,hamming,181,550
1000000,hamming,182,510
1000000,hamming,183,546
1000000,hamming,184,526
1000000,hamming,185,536
1000000,hamming,186,510
1000000,hamming,187,409
1000000,hamming,188,434
1000000,hamming,189,460
1000000,hamming,190,448
1000000,hamming,191,488
1000000,hamming,192,530
1000000,hamming,193,534
1000000,hamming,194,519
1000000,hamming,195,552
1000000,hamming,196,583
1000000,hamming,197,578
1000000,hamming,198,603
1000000,hamming,199,556
1000000,hamming,200,570
1000000,hamming,201,589
1000000,hamming,202,543
1000000,hamming,203,509
1000000,hamming,204,506
1000000,hamming,205,480
1000000,hamming,206,462
1000000,hamming,207,470
1000000,hamming,208,529
1000000,hamming,209,527
1000000,hamming,210,582
1000000,hamming,211,644
1000000,hamming,212,696
1000000,hamming,213,779
1000000,hamming,214,758
1000000,hamming,215,828
1000000,hamming,216,888
1000000,hamming,217,993
1000000,hamming,218,980
1000000,hamming,219,1036
1000000,hamming,220,944
1000000,hamming,221,989
1000000,hamming,222,974
1000000,hamming,223,957
1000000,hamming,224,825
1000000,hamming,225,775
1000000,hamming,226,679
1000000,hamming,227,689
1000000,hamming,228,586
1000000,hamming,229,510
1000000,hamming,230,435
1000000,hamming,231,390
1000000,hamming,232,285
1000000,hamming,233,241
1000000,hamming,234,182
1000000,hamming,235,122
1000000,hamming,236,113
1000000,hamming,237,73
1000000,hamming,238,57
1000000,hamming,239,32
1000000,hamming,240,29
1000000,hamming,241,14
1000000,hamming,242,8
1000000,hamming,243,10
1000000,hamming,296,1
1000000,hamming,297,1
1000000,hamming,298,6
1000000,hamming,299,9
1000000,hamming,300,29
1000000,hamming,301,52
1000000,hamming,302,60
1000000,hamming,303,117
1000000,hamming,304,184
1000000,hamming,305,310
1000000,hamming,306,426
1000000,hamming,307,627
1000000,hamming,308,812
1000000,hamming,309,1058
1000000,hamming,310,1250
1000000,hamming,311,1554
1000000,hamming,312,1750
1000000,hamming,313,2141
1000000,hamming,314,2445
1000000,hamming,315,2687
1000000,hamming,316,2946
1000000,hamming,317,3044
1000000,hamming,318,3244
1000000,hamming,319,3569
1000000,hamming,320,3536
1000000,hamming,321,3478
1000000,hamming,322,3614
1000000,hamming,323,3446
1000000,hamming,324,3515
1000000,hamming,325,3410
1000000,hamming,326,3351
1000000,hamming,327,3447
1000000,hamming,328,3705
1000000,hamming,329,3899
1000000,hamming,330,4008
1000000,hamming,331,4289
1000000,hamming,332,4615
1000000,hamming,333,4930
1000000,hamming,334,5396
1000000,hamming,335,5486
1000000,hamming,336,5916
1000000,hamming,337,6115
1000000,hamming,338,6310
1000000,hamming,339,6632
1000000,hamming,340,6733
1000000,hamming,341,6607
1000000,hamming,342,6133
1000000,hamming,343,6323
1000000,hamming,344,6276
1000000,hamming,345,5962
1000000,hamming,346,5800
1000000,hamming,347,5555
1000000,hamming,348,5204
1000000,hamming,349,4914
1000000,hamming,350,4747
1000000,hamming,351,4517
1000000,hamming,352,3972
1000000,hamming,353,3409
1000000,hamming,354,2965
1000000,hamming,355,2498
1000000,hamming,356,2015
1000000,hamming,357,1618
1000000,hamming,358,1349
1000000,hamming,359,1090
1000000,hamming,360,827
1000000,hamming,361,762
1000000,hamming,362,612
1000000,hamming,363,613
1000000,hamming,364,610
1000000,hamming,365,569
1000000,hamming,366,477
1000000,hamming,367,385
1000000,hamming,368,388
1000000,hamming,369,337
1000000,hamming,370,295
1000000,hamming,371,179
1000000,hamming,372,111
1000000,hamming,373,50
1000000,hamming,374,29
1000000,hamming,375,24
1000000,hamming,376,9
1000000,hamming,377,8
1000000,genes,0,15082
1000000,genes,1,7765
1000000,genes,2,23863
1000000,genes,3,10123
1000000,genes,4,11269
1000000,genes,5,7674
1000000,genes,6,5773
1000000,genes,7,11900
1000000,genes,8,7555
1000000,genes,9,7512
1000000,genes,10,4810
1000000,genes,11,1180
1000000,genes,12,1194
1000000,genes,13,161
1000000,genes,14,531
1000000,genes,15,254
1000000,genes,16,4374
1000000,genes,17,25910
1000000,genes,18,28131
1000000,genes,19,4886
1000000,genes,20,56850
1000000,genes,21,35628
1000000,genes,22,28818
1000000,genes,23,13079
1000000,genes,24,12609
1000000,genes,25,704
1000000,genes,26,10
1000000,body,0,54045
1000000,body,1,4222
1000000,body,2,9119
1000000,body,3,898
1000000,body,4,5324
1000000,body,5,1496
1000000,body,6,1118
1000000,body,7,142
1000000,body,8,3327
1000000,body,9,1899
1000000,body,10,4384
1000000,body,11,3190
1000000,body,12,63353
1000000,body,13,4527
1000000,body,14,8171
1000000,body,15,1621
1000000,body,16,6206
1000000,body,17,1716
1000000,body,18,32808
1000000,body,19,2629
1000000,body,20,5280
1000000,body,21,1464
1000000,body,22,16501
1000000,body,23,795
1000000,body,24,7795
1000000,body,25,1373
1000000,body,26,1342
1000000,body,27,1275
1000000,body,28,666
1000000,body,29,2428
1000000,body,30,13942
1000000,body,31,2256
1000000,body,32,12137
1000000,body,33,1382
1000000,body,34,432
1000000,body,35,8288
1000000,body,36,1329
1000000,body,37,975
1000000,body,38,10851
1000000,body,39,1172
1000000,body,40,19115
1000000,body,41,462
1000000,body,42,3919
1000000,body,43,158
1000000,body,44,84
1000000,body,45,275
1000000,body,46,44
1000000,body,47,1585
1000000,body,48,12
1000000,body,49,6
1000000,body,50,2
1000000,body,51,3
1000000,body,52,67
1000000,body,53,2
1000000,body,54,8
1000000,body,55,4
1000000,body,56,21
