step,lineage,size,hard,muscle,sensor,digestive,attack,bodies,age,plant,meat
5000,1,335,40.4,3.7,0.0,19.6,3.7,97,92,17.53,2.11
5000,2,35,0.3,0.3,1.7,13.7,0.0,17,89,6.52,0.00
6000,1,434,34.2,6.5,0.2,23.1,6.5,146,70,15.82,2.59
7000,1,521,35.7,3.8,0.2,24.1,3.7,185,85,20.08,1.54
8000,1,599,37.9,0.8,0.2,24.9,0.7,204,139,32.70,0.23
9000,1,565,41.4,0.9,0.4,21.3,0.8,169,171,38.39,0.19
10000,1,561,42.6,0.2,0.3,20.9,0.2,171,140,32.84,0.03
11000,1,561,41.5,0.4,0.4,21.8,0.4,171,131,30.89,0.06
12000,1,569,43.3,0.4,0.6,19.7,0.4,167,116,27.70,0.04
12000,9,111,23.6,21.0,0.0,19.3,21.0,7,68,15.24,5.27
13000,1,682,42.4,0.4,0.5,20.7,0.3,193,156,36.14,0.08
13000,9,35,22.1,21.5,0.0,20.1,21.5,3,59,12.63,5.28
13000,11,33,19.0,24.0,0.0,21.0,19.0,1,103,26.69,6.90
14000,1,678,41.8,0.5,0.6,21.0,0.4,203,133,30.71,0.09
14000,9,54,22.9,23.1,0.0,18.1,22.9,2,56,11.48,8.62
14000,11,29,18.8,24.7,0.0,20.5,18.6,6,42,9.68,7.90
15000,1,618,42.3,0.3,0.6,20.7,0.3,197,140,32.01,0.03
15000,11,149,19.1,23.7,0.0,21.1,18.5,10,72,18.28,5.22
16000,1,462,41.6,0.1,0.3,21.9,0.1,137,168,37.51,0.05
16000,11,201,19.5,23.7,0.0,20.7,18.8,6,110,27.70,5.96
17000,1,552,42.3,0.0,0.2,21.5,0.0,128,189,42.11,0.01
17000,11,194,19.3,23.8,0.0,20.8,18.7,10,127,31.20,6.25
18000,1,266,42.8,0.1,0.0,21.1,0.1,45,197,43.59,0.00
18000,11,242,19.2,24.0,0.0,20.8,19.0,6,114,27.75,5.27
19000,11,227,18.9,24.0,0.0,21.1,18.9,2,135,33.41,6.69
19000,1,204,42.2,0.0,0.0,21.8,0.0,41,207,45.64,0.00
20000,1,426,41.6,0.0,0.0,22.4,0.0,86,198,42.69,0.00
20000,11,219,19.1,23.9,0.0,20.9,18.6,10,125,30.74,5.62
20000,25,117,39.8,0.1,1.0,23.2,0.1,32,125,29.94,0.03
21000,1,230,41.3,0.0,0.0,22.6,0.0,54,226,44.36,0.00
21000,11,222,19.4,23.8,0.0,20.8,18.8,8,128,31.03,6.47
21000,25,103,40.2,0.1,0.8,22.9,0.1,34,127,29.69,0.00
22000,1,301,41.0,0.0,0.0,22.9,0.0,69,227,45.05,0.00
22000,11,185,19.7,23.4,0.0,20.8,18.4,7,126,30.75,4.71
22000,25,78,40.1,0.1,1.5,22.3,0.1,27,145,32.94,0.00
23000,1,353,40.8,0.0,0.0,22.9,0.0,74,228,44.58,0.00
23000,11,203,19.9,23.5,0.0,20.7,18.5,6,130,31.34,5.02
23000,25,44,42.3,0.0,0.5,21.1,0.0,15,145,33.33,0.00
24000,1,295,40.7,0.0,0.0,23.1,0.0,64,250,48.46,0.00
24000,11,281,19.2,23.8,0.0,21.0,18.8,5,125,30.61,6.09
24000,25,6,45.5,0.0,0.0,18.5,0.0,3,182,37.78,0.00
25000,32,310,41.3,0.0,0.0,22.6,0.0,60,216,49.46,0.00
25000,1,284,40.3,0.0,0.1,23.5,0.0,56,215,42.70,0.00
25000,11,193,19.1,24.0,0.0,21.0,18.8,6,128,31.71,5.01
26000,11,245,19.2,24.0,0.0,20.8,18.7,5,139,33.45,4.77
26000,32,233,41.2,0.1,0.0,22.7,0.1,43,201,46.08,0.00
26000,1,214,41.1,0.0,0.0,22.8,0.0,57,235,46.27,0.00
27000,1,266,40.6,0.0,0.0,23.2,0.0,66,209,41.55,0.00
27000,32,261,41.6,0.1,0.0,22.3,0.1,55,193,43.24,0.00
27000,11,227,19.3,23.8,0.0,20.9,18.8,3,146,35.90,5.62
28000,1,352,40.7,0.0,0.0,23.3,0.0,78,198,40.43,0.00
28000,11,224,19.0,24.1,0.0,20.9,19.0,2,116,28.76,4.08
28000,32,183,41.4,0.0,0.0,22.4,0.0,43,211,47.24,0.00
29000,1,319,40.0,0.0,0.0,24.0,0.0,81,183,37.81,0.00
29000,11,240,19.1,23.8,0.0,21.0,18.8,10,106,26.66,5.25
29000,32,202,41.8,0.1,0.0,21.3,0.1,42,193,42.12,0.00
30000,1,262,40.1,0.0,0.0,23.9,0.0,58,195,41.28,0.00
30000,11,208,19.0,24.1,0.0,20.9,18.9,6,114,27.79,5.69
30000,32,177,40.8,0.1,0.0,21.7,0.1,37,169,37.26,0.00
30000,36,133,40.9,0.2,0.1,22.8,0.2,24,128,30.66,0.15
31000,32,312,42.0,0.0,0.0,21.4,0.0,62,173,39.21,0.00
31000,1,255,43.3,0.0,0.0,20.7,0.0,66,213,43.92,0.00
31000,11,168,21.1,23.2,0.0,19.6,19.5,12,109,25.64,6.03
31000,36,25,41.1,0.1,0.2,22.5,0.0,6,92,23.19,0.00
32000,32,381,41.9,0.1,0.0,21.9,0.1,82,138,32.67,0.00
32000,11,188,21.2,23.3,0.0,19.5,19.7,3,93,21.94,6.79
32000,1,158,42.7,0.0,0.0,21.2,0.0,50,189,39.12,0.00
32000,36,21,38.7,0.1,0.0,25.1,0.1,3,83,20.40,0.00
33000,11,283,28.5,17.1,0.0,18.5,14.5,24,112,26.96,3.98
33000,32,282,43.5,0.0,0.0,20.4,0.0,48,149,35.34,0.00
33000,1,124,46.0,0.0,0.2,17.8,0.0,25,184,36.57,0.00
33000,36,22,42.0,0.0,0.0,22.0,0.0,6,175,36.98,0.00
34000,11,317,36.2,6.6,0.0,21.2,5.2,54,166,39.27,1.93
34000,32,269,43.0,0.6,0.0,20.0,0.5,66,162,38.62,0.11
34000,1,139,38.3,0.2,0.3,25.1,0.2,50,207,41.74,0.03
34000,36,52,41.2,0.0,0.0,22.8,0.0,13,136,28.51,0.00
35000,11,478,38.2,4.6,0.0,21.1,3.8,86,152,37.22,2.22
35000,32,202,43.6,0.5,0.0,19.7,0.4,38,143,34.48,0.00
35000,1,62,25.2,17.9,0.1,20.9,16.9,5,111,22.87,6.27
36000,11,648,38.3,0.6,0.2,24.8,0.5,192,144,35.46,0.19
36000,32,153,43.2,0.1,0.2,20.3,0.1,37,166,38.18,0.00
36000,41,42,36.2,0.0,0.0,27.5,0.0,19,97,23.58,0.00
37000,11,620,38.6,6.8,0.0,18.6,6.5,85,146,35.98,1.61
37000,32,142,44.1,0.5,0.0,19.4,0.1,31,163,39.65,0.00
38000,11,670,38.1,6.6,0.0,19.3,6.4,87,153,37.40,1.80
38000,32,115,44.2,0.0,0.0,19.6,0.0,19,154,36.16,0.00
39000,11,650,40.9,3.9,0.0,19.2,3.8,117,176,42.64,1.20
39000,32,144,42.0,0.8,0.0,21.1,0.7,25,165,39.49,0.13
40000,11,622,30.5,16.8,0.0,16.7,16.7,43,96,23.51,5.65
40000,32,5,51.2,0.0,0.0,12.8,0.0,4,75,13.57,0.00
41000,11,661,32.5,14.9,0.0,16.6,14.9,37,132,33.06,3.29
42000,11,701,35.2,12.1,0.0,16.7,12.0,74,140,34.52,2.31
43000,11,711,39.4,8.5,0.0,16.0,8.4,86,152,36.42,2.00
44000,11,700,42.0,6.5,0.0,15.5,6.5,65,161,38.22,1.41
45000,11,652,40.0,7.0,0.0,17.0,6.8,76,160,38.04,1.78
46000,11,359,46.8,0.0,0.0,17.1,0.0,72,183,44.42,0.00
47000,11,579,38.5,7.5,0.0,18.0,7.1,75,141,34.14,2.20
48000,11,419,46.0,0.0,0.0,17.9,0.0,69,143,35.34,0.00
48000,46,134,46.6,0.0,0.0,17.4,0.0,25,190,46.16,0.00
49000,11,672,38.0,7.3,0.1,18.6,7.0,69,163,39.99,2.02
49000,46,120,45.6,0.0,0.2,18.0,0.0,19,151,36.47,0.00
50000,11,416,45.5,0.1,0.0,18.4,0.1,71,189,47.15,0.00
50000,46,167,46.8,0.0,0.0,17.1,0.0,30,188,44.52,0.00
51000,11,555,45.3,0.1,0.0,18.5,0.1,92,171,43.60,0.00
52000,11,380,45.3,0.1,0.0,18.6,0.1,77,169,43.73,0.00
53000,11,421,43.3,0.7,0.0,20.0,0.6,99,126,32.38,0.07
54000,11,397,44.9,0.1,0.0,19.0,0.1,63,158,39.85,0.00
54000,49,133,21.8,23.3,0.0,18.9,21.8,2,138,32.80,8.57
55000,11,340,47.2,0.0,0.0,16.7,0.0,48,176,42.08,0.00
55000,49,150,23.2,24.7,0.0,16.1,23.0,3,192,44.42,8.88
56000,11,205,47.0,0.2,0.1,16.7,0.2,37,194,45.95,0.02
56000,49,157,23.1,24.6,0.0,16.2,23.0,8,103,23.01,11.33
57000,11,229,47.3,0.3,0.0,16.4,0.2,36,220,51.28,0.00
57000,49,122,22.9,25.1,0.0,16.0,22.9,2,157,35.68,8.75
58000,11,272,47.4,0.1,0.0,16.4,0.1,52,248,57.18,0.00
58000,51,212,48.0,0.1,0.0,15.8,0.1,40,191,45.27,0.00
58000,49,134,22.9,24.6,0.0,16.5,22.5,9,106,23.26,11.45
59000,51,414,48.3,0.1,0.0,15.7,0.1,29,204,48.42,0.00
59000,49,204,24.0,24.0,0.0,16.0,24.0,3,156,36.21,7.07
59000,11,142,47.8,0.1,0.1,16.1,0.1,20,236,54.77,0.00
59000,54,48,48.2,0.1,0.0,15.7,0.1,7,166,40.48,0.00
60000,51,302,48.1,0.2,0.0,15.8,0.1,32,230,55.03,0.00
60000,11,187,48.0,0.0,0.0,15.9,0.0,23,247,56.23,0.00
60000,49,142,23.7,23.5,0.0,16.8,23.3,8,133,30.58,7.34
60000,54,129,48.2,0.4,0.0,15.4,0.2,21,222,54.34,0.00
61000,51,262,48.0,0.2,0.0,15.7,0.1,32,220,52.02,0.01
61000,11,186,47.8,0.2,0.0,16.0,0.2,24,258,59.34,0.02
61000,49,170,24.0,23.9,0.0,16.1,23.9,2,170,38.87,8.25
61000,54,157,48.4,0.1,0.0,15.5,0.1,21,259,61.41,0.00
62000,51,280,48.1,0.3,0.0,15.6,0.3,35,246,58.09,0.00
62000,49,197,23.8,23.9,0.0,16.3,23.7,6,172,39.07,7.83
62000,11,169,48.1,0.1,0.0,15.9,0.1,17,297,67.41,0.00
62000,54,165,48.8,0.0,0.0,15.1,0.0,28,250,58.28,0.00
63000,51,243,48.1,0.1,0.0,15.8,0.1,25,210,49.12,0.00
63000,11,223,48.4,0.0,0.0,15.6,0.0,22,284,63.48,0.00
63000,49,192,23.9,24.0,0.1,16.0,23.9,2,194,44.42,7.67
63000,54,126,48.7,0.2,0.0,15.2,0.2,20,253,60.88,0.00
64000,51,357,47.8,0.1,0.0,16.1,0.1,26,270,62.49,0.00
64000,11,260,48.4,0.0,0.0,15.5,0.0,32,352,79.47,0.00
64000,49,154,23.9,23.9,0.0,16.1,23.7,7,161,35.61,8.80
64000,54,32,48.7,0.0,0.0,15.3,0.0,7,219,50.77,0.00
65000,51,336,48.3,0.1,0.0,15.6,0.1,26,266,61.61,0.00
65000,11,224,48.1,0.1,0.0,15.8,0.1,25,383,85.21,0.00
65000,49,143,24.0,24.1,0.0,15.9,24.0,5,183,41.03,8.82
65000,54,82,49.0,0.2,0.0,14.7,0.2,19,187,45.30,0.00
66000,51,402,48.2,0.2,0.0,15.6,0.2,38,247,57.89,0.00
66000,11,242,48.5,0.0,0.0,15.5,0.0,26,399,89.11,0.00
66000,49,124,24.2,23.7,0.0,16.1,23.6,5,138,30.72,8.45
66000,54,31,47.8,0.0,0.0,16.2,0.0,6,156,37.35,0.00
67000,51,401,47.9,0.1,0.0,15.9,0.1,34,245,56.66,0.01
67000,11,259,48.4,0.0,0.0,15.6,0.0,20,398,88.17,0.00
67000,49,112,24.0,24.0,0.0,16.0,24.0,1,152,34.32,8.95
67000,54,20,48.4,0.3,0.0,14.9,0.3,6,124,30.28,0.00
68000,51,411,48.2,0.2,0.0,15.6,0.2,31,259,59.63,0.00
68000,11,276,48.2,0.1,0.1,15.7,0.1,25,451,100.37,0.00
68000,49,119,24.1,24.1,0.0,15.9,23.9,5,123,27.44,9.20
68000,54,5,50.0,0.0,0.0,14.0,0.0,3,223,49.60,0.00
69000,51,411,48.2,0.1,0.0,15.6,0.1,28,259,60.66,0.01
69000,11,222,48.3,0.0,0.0,15.7,0.0,18,448,99.30,0.00
69000,49,144,23.8,23.8,0.0,16.3,23.7,3,191,43.51,8.56
70000,51,374,48.3,0.1,0.0,15.6,0.1,25,271,63.51,0.01
70000,11,196,48.2,0.1,0.0,15.6,0.1,26,424,94.40,0.00
70000,49,184,24.0,24.0,0.0,16.0,24.0,1,182,42.18,7.86
70000,54,6,51.0,0.0,0.0,13.0,0.0,1,498,107.34,0.00
71000,51,419,48.4,0.1,0.0,15.5,0.1,30,293,68.95,0.00
71000,49,215,24.0,24.0,0.0,16.0,24.0,3,221,50.81,6.33
71000,11,148,48.3,0.0,0.0,15.7,0.0,15,329,71.76,0.00
72000,51,425,48.1,0.1,0.0,15.8,0.1,40,320,74.96,0.00
72000,11,192,48.6,0.0,0.0,15.4,0.0,20,366,80.03,0.00
72000,49,175,24.0,24.0,0.0,16.0,24.0,1,185,42.48,6.81
73000,51,444,48.1,0.1,0.0,15.8,0.1,29,335,77.24,0.01
73000,11,192,48.5,0.1,0.1,15.2,0.1,22,417,91.20,0.00
73000,49,147,24.1,24.0,0.0,15.9,23.6,6,182,40.95,8.51
74000,51,413,48.3,0.2,0.0,15.5,0.2,30,346,79.50,0.00
74000,11,252,48.0,0.0,0.0,15.9,0.0,22,407,90.10,0.00
74000,49,151,24.2,24.0,0.0,15.8,23.9,3,184,41.19,8.69
75000,51,436,48.1,0.1,0.0,15.7,0.1,34,323,73.85,0.00
75000,11,241,47.8,0.1,0.1,16.0,0.1,24,425,93.63,0.00
75000,49,139,24.0,24.0,0.0,16.0,23.9,3,177,39.55,8.14
76000,51,413,48.0,0.2,0.0,15.8,0.1,36,276,64.05,0.00
76000,11,215,48.3,0.1,0.1,15.5,0.1,18,402,89.15,0.02
76000,49,166,24.1,24.0,0.0,15.9,24.0,2,164,37.10,8.04
77000,51,439,48.1,0.2,0.0,15.8,0.2,44,285,65.60,0.00
77000,49,192,24.2,23.9,0.0,15.9,23.8,4,207,47.45,8.08
77000,11,164,47.8,0.2,0.0,15.9,0.2,16,400,88.13,0.00
78000,51,429,47.9,0.2,0.0,15.8,0.2,32,332,75.62,0.00
78000,11,184,48.0,0.0,0.0,15.9,0.0,16,428,94.88,0.00
78000,49,166,24.0,24.0,0.0,16.0,24.0,2,186,42.41,7.62
79000,51,432,48.3,0.1,0.0,15.6,0.1,30,309,70.58,0.00
79000,11,174,48.5,0.0,0.0,15.4,0.0,19,397,87.51,0.00
79000,49,173,24.0,24.0,0.0,15.9,23.7,4,200,46.14,6.85
80000,51,433,48.2,0.1,0.0,15.7,0.1,35,359,82.05,0.00
80000,49,187,24.1,24.0,0.0,16.0,23.7,3,183,42.19,7.15
80000,11,155,48.4,0.0,0.0,15.6,0.0,15,432,95.63,0.00
81000,51,468,48.3,0.1,0.0,15.6,0.1,32,363,83.41,0.00
81000,49,184,25.9,22.2,0.0,15.9,22.1,8,160,35.59,8.47
81000,11,168,48.5,0.0,0.1,15.4,0.0,15,406,88.49,0.00
82000,51,460,48.2,0.1,0.0,15.7,0.1,36,330,74.76,0.00
82000,11,183,48.1,0.1,0.0,15.7,0.1,17,434,95.99,0.00
82000,49,165,27.4,20.6,0.0,16.0,20.6,7,233,52.48,8.66
83000,51,472,48.5,0.1,0.0,15.3,0.1,32,367,83.29,0.00
83000,11,170,48.0,0.1,0.0,15.9,0.1,14,422,92.40,0.00
83000,49,159,27.7,20.5,0.0,15.7,20.4,9,213,47.27,7.77
84000,51,416,47.9,0.1,0.0,15.9,0.1,29,393,88.73,0.00
84000,11,240,48.0,0.0,0.0,15.9,0.0,19,398,87.74,0.00
84000,49,135,25.5,22.6,0.0,15.8,22.4,9,243,54.18,8.74
85000,51,465,48.2,0.1,0.0,15.7,0.1,35,357,80.23,0.00
85000,11,177,48.3,0.0,0.1,15.7,0.0,12,488,107.20,0.00
85000,49,155,23.9,24.0,0.0,16.1,23.8,3,157,34.45,7.86
86000,51,464,48.0,0.1,0.0,15.9,0.1,40,337,76.62,0.00
86000,11,209,48.4,0.1,0.0,15.4,0.1,22,398,87.40,0.00
86000,49,130,24.3,23.9,0.0,15.8,23.8,3,141,31.03,7.56
87000,51,424,48.2,0.1,0.0,15.7,0.1,32,296,67.58,0.01
87000,11,202,48.2,0.1,0.0,15.7,0.1,19,428,94.38,0.00
87000,49,147,23.6,23.8,0.0,16.6,23.6,3,162,35.96,8.52
88000,51,463,48.2,0.2,0.0,15.7,0.2,38,281,64.41,0.01
88000,11,184,48.4,0.2,0.0,15.3,0.2,20,376,82.92,0.00
88000,49,166,23.9,24.0,0.0,16.1,23.8,4,160,36.47,7.15
89000,51,440,48.2,0.0,0.0,15.7,0.0,41,308,70.22,0.00
89000,11,191,48.1,0.2,0.1,15.6,0.2,22,415,92.08,0.03
89000,49,163,23.7,24.2,0.0,16.0,23.7,7,159,35.35,6.97
90000,51,511,48.1,0.1,0.0,15.7,0.1,45,302,68.73,0.00
90000,11,160,48.2,0.0,0.1,15.7,0.0,17,410,89.48,0.00
90000,49,131,23.9,24.0,0.0,16.1,23.9,3,131,29.24,7.10
91000,51,523,48.2,0.0,0.0,15.7,0.0,43,314,71.14,0.00
91000,11,145,47.9,0.0,0.1,16.0,0.0,12,438,96.91,0.00
91000,49,142,23.9,24.1,0.0,16.0,23.8,3,176,39.09,8.71
92000,51,514,48.4,0.0,0.0,15.5,0.0,42,335,75.97,0.00
92000,49,165,24.0,24.1,0.0,15.9,24.0,2,162,35.81,7.86
92000,11,126,48.4,0.0,0.0,15.6,0.0,15,467,103.40,0.00
93000,51,480,48.1,0.1,0.0,15.8,0.1,31,303,68.95,0.00
93000,49,179,23.8,24.1,0.0,16.0,23.8,4,154,34.01,6.46
93000,11,153,48.2,0.0,0.0,15.7,0.0,15,399,88.02,0.00
94000,51,491,48.1,0.1,0.0,15.8,0.1,38,300,68.15,0.00
94000,49,145,23.8,24.1,0.0,16.0,23.8,3,198,44.85,7.84
94000,11,131,48.3,0.0,0.0,15.6,0.0,14,399,87.41,0.00
95000,51,455,47.9,0.1,0.0,15.9,0.1,38,320,74.05,0.00
95000,49,196,23.9,24.1,0.0,16.0,23.9,2,181,41.21,6.59
95000,11,115,48.1,0.0,0.0,15.9,0.0,10,508,112.08,0.00
96000,51,470,48.2,0.1,0.0,15.7,0.0,31,293,67.23,0.00
96000,49,164,23.9,24.1,0.0,16.0,23.9,2,196,44.45,8.96
96000,11,163,48.3,0.0,0.0,15.7,0.0,10,473,104.20,0.00
97000,51,461,48.2,0.1,0.0,15.6,0.1,38,287,65.37,0.00
97000,11,173,48.3,0.1,0.0,15.4,0.1,13,439,96.64,0.00
97000,49,164,24.0,23.9,0.0,16.1,23.9,2,228,50.99,10.18
98000,51,431,48.2,0.1,0.0,15.7,0.1,30,304,69.91,0.00
98000,11,241,48.4,0.0,0.0,15.6,0.0,19,377,83.86,0.00
98000,49,122,24.1,23.9,0.0,16.1,23.6,4,161,36.12,8.56
99000,51,452,47.7,0.2,0.0,16.0,0.1,45,284,65.09,0.00
99000,11,173,48.3,0.0,0.0,15.7,0.0,13,345,77.46,0.00
99000,49,150,23.8,24.3,0.0,15.9,23.8,3,147,33.37,7.44
100000,51,472,48.3,0.2,0.0,15.6,0.1,43,305,69.69,0.00
100000,11,182,48.1,0.0,0.0,15.8,0.0,12,346,76.66,0.00
100000,49,149,24.0,23.9,0.0,16.1,23.9,3,164,36.47,9.72
101000,51,478,47.7,0.2,0.0,16.0,0.2,40,316,71.19,0.00
101000,11,174,48.5,0.2,0.0,15.2,0.2,24,375,82.62,0.00
101000,49,153,24.0,24.1,0.0,16.0,23.9,3,156,34.22,7.41
102000,51,488,48.0,0.1,0.0,15.8,0.1,31,336,75.88,0.00
102000,11,157,48.0,0.2,0.0,15.8,0.0,16,370,82.64,0.00
102000,49,144,24.1,23.7,0.0,16.2,23.7,6,146,32.64,6.60
103000,51,539,47.9,0.1,0.0,16.0,0.1,49,350,79.73,0.00
103000,11,120,48.2,0.0,0.0,15.8,0.0,12,406,90.38,0.00
103000,49,103,24.3,23.8,0.0,16.0,23.8,2,146,32.43,7.28
104000,51,557,48.1,0.1,0.0,15.8,0.1,38,360,81.31,0.00
104000,11,146,48.4,0.0,0.0,15.6,0.0,13,364,80.40,0.00
104000,49,121,24.0,23.9,0.0,16.1,23.9,3,173,38.26,9.30
105000,51,563,48.1,0.1,0.0,15.8,0.1,40,348,77.96,0.03
105000,11,122,48.5,0.0,0.0,15.4,0.0,16,354,77.35,0.00
105000,49,114,24.0,24.0,0.0,16.0,24.0,1,156,34.87,9.67
106000,51,543,48.1,0.1,0.0,15.7,0.1,36,329,73.91,0.00
106000,11,125,48.1,0.0,0.0,15.9,0.0,10,356,78.88,0.00
106000,49,113,24.0,23.9,0.0,16.1,23.9,2,150,33.56,9.15
107000,51,583,48.0,0.1,0.0,15.8,0.1,52,320,71.81,0.00
107000,11,123,47.4,0.0,0.2,16.4,0.0,17,393,87.23,0.00
107000,49,120,23.8,24.2,0.0,16.0,23.8,3,147,31.92,8.62
108000,51,547,48.1,0.1,0.0,15.8,0.1,36,353,79.65,0.00
108000,49,146,24.0,24.0,0.0,16.0,24.0,1,145,31.91,8.45
108000,11,121,48.3,0.1,0.0,15.6,0.1,11,359,79.79,0.00
109000,51,596,48.0,0.2,0.0,15.8,0.2,51,328,74.05,0.00
109000,49,104,23.8,24.2,0.0,16.0,23.8,2,163,35.93,9.61
109000,11,100,47.7,0.3,0.0,16.0,0.3,8,415,92.51,0.00
110000,51,563,48.1,0.1,0.0,15.8,0.1,33,361,80.83,0.00
110000,49,124,24.0,23.9,0.0,16.1,23.9,3,169,37.76,7.33
110000,11,102,48.1,0.0,0.0,15.7,0.0,14,379,83.29,0.00
111000,51,556,48.2,0.0,0.0,15.7,0.0,41,363,81.59,0.00
111000,49,128,23.2,23.4,0.0,16.9,22.8,11,141,31.02,7.86
111000,11,118,47.9,0.0,0.0,16.1,0.0,9,369,81.62,0.00
112000,51,572,48.0,0.1,0.0,15.9,0.1,41,345,77.34,0.00
112000,11,124,48.3,0.0,0.0,15.7,0.0,12,329,72.67,0.00
112000,49,112,23.6,23.9,0.0,16.5,23.5,5,141,31.06,8.83
113000,51,566,48.3,0.1,0.0,15.6,0.1,43,350,78.38,0.00
113000,49,129,24.0,24.1,0.0,15.9,24.0,3,153,34.32,8.27
113000,11,102,47.9,0.1,0.0,16.0,0.1,9,353,78.66,0.00
114000,51,448,48.0,0.1,0.0,15.9,0.1,42,364,81.62,0.00
114000,11,111,48.2,0.1,0.0,15.7,0.1,14,286,64.15,0.00
114000,49,111,23.9,23.9,0.0,16.1,23.5,6,155,34.76,9.16
115000,51,560,48.2,0.0,0.0,15.7,0.0,40,308,69.22,0.00
115000,49,133,23.9,24.0,0.0,16.1,23.9,2,137,30.17,6.93
115000,11,110,48.5,0.0,0.1,15.3,0.0,13,340,75.26,0.00
116000,51,538,48.1,0.2,0.0,15.8,0.1,45,341,76.76,0.01
116000,49,138,24.0,24.0,0.0,16.0,24.0,2,166,37.18,8.81
116000,11,116,48.5,0.0,0.1,15.4,0.0,15,374,82.97,0.00
117000,51,454,48.3,0.1,0.0,15.6,0.1,35,322,72.33,0.00
117000,49,130,23.9,24.1,0.0,16.0,23.9,2,146,32.84,9.05
117000,11,112,48.4,0.1,0.0,15.5,0.1,12,368,81.20,0.00
118000,51,400,48.1,0.1,0.0,15.8,0.1,41,322,73.15,0.00
118000,49,156,24.0,24.0,0.0,16.0,24.0,2,169,37.57,8.86
118000,11,138,48.4,0.0,0.0,15.5,0.0,15,305,68.51,0.00
119000,51,543,48.0,0.2,0.0,15.9,0.1,49,313,71.30,0.00
119000,49,123,24.0,23.7,0.0,16.3,23.7,4,180,40.02,8.96
119000,11,118,47.9,0.2,0.0,15.8,0.2,9,348,76.59,0.00
120000,51,543,48.2,0.0,0.0,15.8,0.0,41,271,61.79,0.00
120000,11,149,48.2,0.1,0.0,15.7,0.1,23,355,79.01,0.00
120000,49,125,23.9,24.0,0.0,16.1,23.9,5,135,30.19,8.67
121000,51,274,48.0,0.1,0.0,15.8,0.1,27,291,66.45,0.00
121000,11,201,48.2,0.0,0.0,15.7,0.0,19,362,79.88,0.00
121000,49,142,24.0,24.1,0.0,15.9,24.0,2,188,42.22,9.08
122000,51,282,48.3,0.1,0.0,15.5,0.1,27,283,64.05,0.00
122000,11,163,48.0,0.2,0.1,15.7,0.1,15,361,79.66,0.00
122000,49,128,24.1,23.9,0.0,16.1,23.7,4,141,30.86,8.49
123000,51,464,47.9,0.1,0.0,15.9,0.1,45,270,61.42,0.00
123000,11,215,48.0,0.1,0.0,15.9,0.1,15,376,82.90,0.00
123000,49,112,24.0,24.0,0.0,16.0,24.0,2,144,31.54,9.21
124000,51,255,48.2,0.1,0.0,15.8,0.1,27,255,59.33,0.00
124000,11,252,47.8,0.1,0.0,15.9,0.0,22,398,87.61,0.00
124000,49,111,23.9,23.8,0.0,16.3,23.7,3,155,34.77,10.94
125000,51,298,48.1,0.0,0.0,15.8,0.0,23,247,56.61,0.00
125000,11,237,48.2,0.0,0.0,15.7,0.0,21,494,109.65,0.00
125000,49,106,23.9,23.9,0.0,16.0,23.0,9,113,24.65,9.43
126000,51,328,48.0,0.1,0.0,15.9,0.1,29,258,60.34,0.00
126000,11,252,48.2,0.0,0.0,15.8,0.0,14,524,115.03,0.00
126000,49,138,24.0,23.9,0.0,16.1,23.9,2,134,29.88,9.07
127000,51,297,48.1,0.0,0.0,15.9,0.0,23,259,60.66,0.00
127000,11,240,47.7,0.1,0.0,16.0,0.0,18,464,102.33,0.00
127000,49,119,23.8,23.9,0.0,16.2,23.8,2,161,35.49,8.66
128000,51,303,48.3,0.2,0.0,15.5,0.1,27,262,60.38,0.02
128000,11,199,48.2,0.0,0.0,15.7,0.0,14,406,89.13,0.00
128000,62,183,47.8,0.3,0.0,15.9,0.2,13,288,64.97,0.00
128000,49,104,24.1,23.8,0.0,16.0,23.6,5,161,35.97,8.80
129000,51,286,47.5,0.1,0.0,16.2,0.1,28,236,55.00,0.00
129000,11,220,47.7,0.0,0.0,16.2,0.0,20,427,93.83,0.00
129000,62,187,47.8,0.1,0.0,16.0,0.1,18,294,66.12,0.00
129000,49,110,24.0,24.0,0.0,16.0,24.0,2,131,28.23,8.39
130000,51,262,48.0,0.0,0.0,15.9,0.0,22,250,58.16,0.00
130000,11,240,48.3,0.0,0.0,15.7,0.0,17,436,96.90,0.00
130000,62,187,47.6,0.2,0.0,16.2,0.1,13,324,72.43,0.01
130000,49,103,23.9,24.1,0.0,15.9,23.9,3,118,26.46,7.78
131000,51,268,48.0,0.1,0.0,15.9,0.1,27,241,56.27,0.00
131000,11,241,47.8,0.1,0.0,16.0,0.1,21,410,91.06,0.00
131000,62,171,48.3,0.1,0.0,15.6,0.1,19,343,76.15,0.00
131000,49,115,23.9,24.6,0.0,15.4,23.8,8,134,29.73,7.86
132000,51,331,48.2,0.0,0.0,15.8,0.0,23,271,62.80,0.00
132000,11,217,48.3,0.0,0.0,15.6,0.0,13,427,93.87,0.00
132000,49,135,24.2,23.9,0.0,15.9,23.8,3,153,34.07,8.86
132000,62,131,48.4,0.2,0.0,15.5,0.2,14,391,86.45,0.00
133000,51,410,48.2,0.1,0.0,15.7,0.1,35,253,58.12,0.00
133000,11,185,47.9,0.0,0.0,16.1,0.0,11,492,107.90,0.00
133000,49,113,23.9,23.9,0.0,16.2,23.9,2,203,46.08,10.68
133000,62,85,48.3,0.0,0.0,15.7,0.0,7,360,80.42,0.00
134000,51,387,48.0,0.1,0.0,15.9,0.0,31,285,65.73,0.00
134000,11,209,48.2,0.0,0.0,15.7,0.0,17,479,105.68,0.00
134000,49,119,24.0,24.0,0.0,16.0,24.0,1,154,34.00,8.71
134000,62,96,48.1,0.2,0.0,15.7,0.2,8,354,78.41,0.00
135000,51,345,47.9,0.0,0.0,16.1,0.0,39,293,66.89,0.00
135000,11,244,48.1,0.1,0.0,15.8,0.1,19,479,105.73,0.00
135000,62,109,47.6,0.1,0.0,16.3,0.1,8,348,76.60,0.00
135000,49,107,23.7,24.2,0.0,16.1,23.7,4,152,33.99,10.29
136000,51,325,48.1,0.0,0.0,15.8,0.0,27,304,70.03,0.00
136000,11,240,48.3,0.0,0.0,15.6,0.0,24,448,98.66,0.00
136000,49,115,24.0,24.0,0.0,16.0,24.0,1,148,33.17,8.49
136000,62,93,47.8,0.2,0.0,16.0,0.2,10,469,102.34,0.00
137000,51,329,48.0,0.1,0.0,15.9,0.1,30,261,59.97,0.00
137000,11,254,48.3,0.0,0.0,15.6,0.0,19,449,97.18,0.00
137000,49,115,24.0,24.0,0.0,15.9,23.9,3,157,34.84,8.15
137000,62,104,48.1,0.1,0.0,15.8,0.1,9,393,86.90,0.00
138000,51,306,48.0,0.1,0.0,15.9,0.1,26,273,63.07,0.00
138000,11,270,48.0,0.0,0.0,16.0,0.0,17,456,100.70,0.00
138000,49,146,23.9,24.0,0.0,16.1,23.9,2,159,34.78,7.25
138000,62,85,47.7,0.1,0.0,16.2,0.1,10,439,96.17,0.00
139000,51,367,48.4,0.0,0.0,15.5,0.0,27,260,59.90,0.00
139000,11,237,48.2,0.0,0.0,15.7,0.0,14,490,107.86,0.00
139000,49,131,23.9,24.0,0.0,16.0,23.7,3,160,34.88,7.64
139000,62,65,48.2,0.0,0.0,15.8,0.0,5,485,104.28,0.00
140000,51,378,48.2,0.1,0.0,15.7,0.0,38,301,68.75,0.00
140000,11,241,48.0,0.1,0.1,15.8,0.1,14,454,99.35,0.00
140000,49,131,24.0,23.8,0.0,16.2,23.8,2,161,35.24,8.18
140000,62,47,47.4,0.0,0.0,16.6,0.0,5,472,104.89,0.00
141000,51,413,48.1,0.0,0.0,15.8,0.0,35,290,66.84,0.00
141000,11,210,47.8,0.0,0.0,16.2,0.0,14,421,92.40,0.00
141000,49,125,24.0,24.0,0.0,16.1,24.0,2,171,38.40,8.84
141000,62,74,47.7,0.4,0.0,15.9,0.4,10,375,83.82,0.00
142000,51,341,48.2,0.0,0.0,15.8,0.0,29,303,70.27,0.00
142000,11,230,48.2,0.0,0.0,15.7,0.0,18,438,96.25,0.00
142000,49,131,23.8,24.1,0.0,16.1,23.8,3,176,39.97,9.07
142000,62,84,48.0,0.4,0.0,15.7,0.4,12,314,70.52,0.00
143000,51,359,48.0,0.1,0.0,15.9,0.1,20,304,70.34,0.01
143000,11,238,48.2,0.0,0.0,15.7,0.0,16,452,98.04,0.00
143000,49,127,24.0,23.9,0.0,16.0,23.9,2,189,42.18,11.73
143000,62,72,48.3,0.0,0.0,15.7,0.0,7,371,82.80,0.00
144000,51,353,48.1,0.0,0.0,15.9,0.0,21,281,63.99,0.00
144000,11,252,47.7,0.0,0.2,15.9,0.0,25,488,106.56,0.00
144000,49,124,24.6,23.7,0.0,15.7,23.7,5,199,43.59,10.84
144000,62,88,48.3,0.1,0.0,15.6,0.1,8,433,95.63,0.00
145000,51,410,47.9,0.0,0.0,16.1,0.0,27,271,62.35,0.00
145000,11,182,48.2,0.0,0.0,15.8,0.0,13,495,107.89,0.00
145000,49,139,24.1,23.8,0.0,16.0,23.8,3,194,44.02,10.12
145000,62,60,48.4,0.1,0.0,15.6,0.1,5,392,86.51,0.00
146000,51,361,48.3,0.1,0.0,15.6,0.1,36,270,61.63,0.00
146000,11,258,48.3,0.0,0.0,15.6,0.0,26,350,77.36,0.00
146000,49,137,23.8,23.9,0.0,16.3,23.8,3,191,42.09,11.42
146000,62,58,48.2,0.1,0.0,15.7,0.1,7,377,80.71,0.00
147000,51,376,48.3,0.0,0.0,15.6,0.0,33,252,58.20,0.00
147000,11,227,47.9,0.1,0.1,15.7,0.1,18,416,91.52,0.00
147000,49,145,24.0,24.0,0.0,16.0,24.0,2,190,42.19,9.37
147000,62,56,47.5,0.1,0.0,16.4,0.1,7,338,74.67,0.00
148000,51,295,48.4,0.1,0.0,15.5,0.1,21,253,57.72,0.00
148000,11,253,48.2,0.0,0.0,15.7,0.0,17,407,89.86,0.00
148000,49,165,24.2,23.9,0.0,15.8,23.9,3,220,49.65,8.70
148000,62,75,48.2,0.0,0.0,15.8,0.0,8,247,55.23,0.00
149000,51,342,48.2,0.2,0.0,15.5,0.2,35,256,58.25,0.00
149000,11,232,48.0,0.0,0.0,15.9,0.0,17,423,93.84,0.00
149000,49,128,24.0,24.2,0.0,15.8,24.0,4,173,38.36,7.84
149000,62,119,48.6,0.0,0.0,15.4,0.0,18,293,65.74,0.00
150000,51,260,48.4,0.0,0.0,15.6,0.0,25,296,67.79,0.00
150000,11,245,48.1,0.0,0.0,15.9,0.0,15,407,91.04,0.00
150000,62,160,47.9,0.2,0.0,16.0,0.2,16,253,56.87,0.00
150000,49,117,24.0,24.0,0.0,16.0,24.0,1,176,39.70,10.82
151000,51,244,48.1,0.0,0.0,15.8,0.0,21,255,59.42,0.00
151000,11,232,47.7,0.4,0.1,15.6,0.2,24,397,87.85,0.00
151000,62,201,47.3,0.3,0.0,16.4,0.2,22,333,73.19,0.00
151000,49,119,23.7,24.3,0.0,15.8,23.6,4,148,32.26,8.46
152000,62,265,48.0,0.2,0.0,15.8,0.2,30,282,62.60,0.01
152000,11,232,48.1,0.0,0.0,15.8,0.0,16,436,96.58,0.00
152000,51,209,47.8,0.0,0.0,16.2,0.0,17,233,53.14,0.00
152000,49,85,23.4,23.9,0.0,16.7,23.1,4,157,35.34,9.92
153000,62,280,47.8,0.2,0.0,16.0,0.2,23,325,72.71,0.00
153000,51,224,48.4,0.1,0.0,15.5,0.1,20,258,59.53,0.00
153000,11,186,47.7,0.1,0.1,15.9,0.1,19,424,94.03,0.00
153000,49,125,24.0,23.8,0.0,16.2,23.7,4,144,31.83,8.11
154000,62,275,47.8,0.4,0.0,15.8,0.3,32,335,74.56,0.00
154000,11,254,48.1,0.0,0.0,15.8,0.0,15,350,77.30,0.00
154000,51,183,48.0,0.2,0.0,15.8,0.2,19,254,58.12,0.00
154000,49,80,24.1,24.0,0.0,15.9,23.9,3,163,36.81,10.30
155000,62,403,48.0,0.1,0.0,15.9,0.1,37,314,70.47,0.00
155000,11,213,47.5,0.0,0.0,16.5,0.0,19,395,88.34,0.00
155000,51,119,47.6,0.0,0.0,16.4,0.0,11,254,58.63,0.00
155000,49,88,23.9,24.2,0.0,15.8,23.9,2,135,29.73,8.43
156000,62,357,48.1,0.2,0.0,15.7,0.1,31,328,74.13,0.00
156000,11,195,47.9,0.0,0.0,16.1,0.0,9,406,90.20,0.00
156000,51,116,47.6,0.0,0.0,16.4,0.0,10,267,61.03,0.00
156000,49,105,24.0,23.6,0.0,16.4,23.3,3,127,28.15,6.50
157000,62,327,48.3,0.1,0.0,15.6,0.1,34,305,68.42,0.00
157000,51,190,48.2,0.0,0.0,15.8,0.0,21,203,46.73,0.00
157000,11,184,48.1,0.0,0.0,15.9,0.0,9,355,78.29,0.00
157000,49,94,23.7,23.9,0.0,16.4,23.5,4,140,31.41,10.09
158000,62,273,48.1,0.1,0.0,15.8,0.1,27,309,69.51,0.00
158000,11,203,48.3,0.0,0.0,15.6,0.0,16,349,77.04,0.00
158000,51,200,48.2,0.0,0.0,15.7,0.0,19,238,54.59,0.00
158000,49,138,24.0,24.0,0.0,16.0,24.0,1,151,33.63,10.05
159000,62,345,47.9,0.3,0.0,15.8,0.3,32,307,68.85,0.05
159000,11,199,48.1,0.0,0.0,15.9,0.0,13,387,85.12,0.00
159000,51,132,47.9,0.0,0.0,16.0,0.0,18,249,56.78,0.00
159000,49,105,23.9,24.1,0.0,16.0,23.9,3,152,33.75,9.77
160000,62,363,48.0,0.3,0.0,15.7,0.3,41,309,68.38,0.00
160000,11,210,48.0,0.1,0.0,15.9,0.1,17,306,67.25,0.00
160000,51,125,48.1,0.0,0.0,15.9,0.0,15,242,55.67,0.00
160000,49,96,23.7,24.0,0.1,16.2,23.7,3,141,31.48,9.90
161000,62,333,47.9,0.1,0.0,15.9,0.1,32,321,71.72,0.00
161000,11,238,48.2,0.0,0.0,15.7,0.0,16,358,79.57,0.00
161000,51,115,48.2,0.0,0.0,15.8,0.0,12,258,60.72,0.00
161000,49,101,23.6,24.3,0.0,16.0,23.6,4,134,30.40,8.46
162000,62,449,47.8,0.2,0.0,16.0,0.2,54,299,66.92,0.00
162000,11,199,48.3,0.0,0.0,15.6,0.0,22,406,90.49,0.00
162000,49,100,23.4,24.4,0.0,16.1,23.2,7,116,26.02,9.14
162000,51,64,48.2,0.0,0.0,15.8,0.0,5,283,64.90,0.00
163000,62,459,47.9,0.2,0.0,15.9,0.2,46,303,67.89,0.00
163000,11,173,48.0,0.0,0.0,16.0,0.0,13,394,86.77,0.00
163000,49,117,23.9,23.9,0.0,16.2,23.8,4,151,33.38,9.88
163000,51,46,48.5,0.0,0.0,15.5,0.0,7,270,61.77,0.00
163000,65,8,49.5,0.6,0.0,13.9,0.6,3,548,130.08,0.00
164000,62,395,48.3,0.1,0.0,15.6,0.1,34,307,69.13,0.00
164000,11,205,48.2,0.0,0.0,15.8,0.0,19,383,84.45,0.00
164000,49,127,24.0,24.0,0.0,16.0,24.0,1,136,30.02,7.44
164000,51,45,48.4,0.0,0.0,15.6,0.0,7,243,56.74,0.00
164000,65,13,48.1,0.0,0.0,15.9,0.0,2,352,77.29,0.00
165000,62,368,48.1,0.2,0.0,15.7,0.2,44,348,78.67,0.00
165000,11,193,48.2,0.0,0.1,15.7,0.0,13,410,90.89,0.00
165000,49,125,24.0,23.8,0.0,16.1,23.7,4,151,33.73,8.38
165000,51,45,47.9,0.0,0.0,16.1,0.0,5,258,59.57,0.00
165000,65,15,44.7,0.7,0.0,18.6,0.1,4,415,91.14,0.00
166000,62,357,48.0,0.1,0.0,15.9,0.1,36,293,65.78,0.00
166000,11,188,48.0,0.0,0.1,15.8,0.0,13,350,77.27,0.00
166000,49,118,23.9,23.9,0.0,16.1,23.8,4,145,32.76,9.70
166000,51,105,48.2,0.1,0.0,15.7,0.1,11,219,50.45,0.00
166000,65,6,48.8,0.0,0.0,15.2,0.0,2,488,104.09,0.00
167000,62,362,48.0,0.2,0.0,15.7,0.2,42,330,73.70,0.00
167000,11,183,47.9,0.1,0.0,15.9,0.1,20,370,81.23,0.00
167000,49,114,23.8,24.0,0.0,16.2,23.8,2,137,31.24,8.27
167000,51,79,48.4,0.0,0.0,15.6,0.0,5,259,60.95,0.00
167000,65,45,48.8,0.0,0.0,15.2,0.0,3,234,52.09,0.00
168000,62,437,48.1,0.2,0.0,15.8,0.1,43,284,63.78,0.00
168000,11,172,48.2,0.0,0.0,15.8,0.0,15,361,79.66,0.00
168000,49,109,23.8,24.2,0.0,16.0,23.7,5,142,31.00,9.06
168000,65,70,48.1,0.1,0.0,15.8,0.1,7,244,54.38,0.00
169000,62,372,48.3,0.1,0.0,15.6,0.1,35,318,70.61,0.00
169000,11,160,47.9,0.1,0.0,15.7,0.1,16,324,71.65,0.00
169000,49,123,23.9,24.0,0.0,16.0,23.8,3,115,25.14,6.71
169000,65,80,48.4,0.0,0.0,15.6,0.0,7,261,58.52,0.00
169000,66,24,48.7,0.0,0.0,15.3,0.0,4,301,68.41,0.00
170000,62,360,48.0,0.2,0.0,15.7,0.2,39,329,72.97,0.00
170000,11,202,47.9,0.0,0.0,16.0,0.0,16,335,74.28,0.00
170000,49,97,23.9,24.0,0.0,16.1,23.9,2,139,30.96,8.84
170000,66,95,48.4,0.0,0.0,15.6,0.0,6,225,51.12,0.00
170000,65,60,47.8,0.0,0.0,16.2,0.0,7,203,45.72,0.00
171000,62,321,47.9,0.4,0.0,15.7,0.3,42,295,66.09,0.01
171000,11,197,48.3,0.0,0.0,15.7,0.0,16,341,74.82,0.00
171000,66,113,48.1,0.0,0.0,15.9,0.0,5,262,61.04,0.00
171000,49,108,23.5,24.1,0.0,16.4,23.5,3,164,36.80,8.08
171000,65,65,48.0,0.0,0.0,16.0,0.0,7,252,56.37,0.00
172000,62,260,48.1,0.0,0.0,15.8,0.0,23,363,80.37,0.00
172000,11,193,48.1,0.0,0.0,15.8,0.0,20,348,76.90,0.00
172000,66,132,48.5,0.1,0.0,15.4,0.1,13,275,63.41,0.00
172000,49,126,24.3,23.8,0.0,15.9,23.8,3,143,31.61,9.28
172000,65,88,48.6,0.0,0.0,15.3,0.0,11,317,72.60,0.00
173000,62,283,48.0,0.1,0.0,15.8,0.1,33,325,72.76,0.01
173000,11,193,48.2,0.0,0.0,15.6,0.0,17,341,76.11,0.00
173000,66,142,48.4,0.1,0.0,15.6,0.1,18,306,69.42,0.00
173000,49,112,24.0,24.1,0.0,15.9,23.9,3,166,36.17,9.54
173000,65,68,48.1,0.2,0.0,15.7,0.2,7,310,70.05,0.00
174000,62,266,47.9,0.1,0.0,16.0,0.1,33,307,68.74,0.00
174000,11,197,48.3,0.0,0.0,15.5,0.0,20,320,70.96,0.00
174000,49,121,24.0,23.8,0.0,16.2,23.8,3,159,35.43,8.97
174000,66,110,47.7,0.0,0.0,16.3,0.0,8,291,66.49,0.00
174000,65,100,48.4,0.0,0.0,15.6,0.0,10,310,70.27,0.00
175000,65,269,48.1,0.0,0.0,15.9,0.0,19,231,54.31,0.00
175000,62,234,48.2,0.1,0.0,15.7,0.1,23,307,69.49,0.00
175000,49,129,23.6,24.4,0.0,16.0,23.6,4,150,33.87,7.64
175000,11,126,48.0,0.1,0.0,15.9,0.1,12,384,84.15,0.00
175000,66,23,48.2,0.0,0.0,15.8,0.0,2,319,72.75,0.00
176000,65,305,48.3,0.0,0.0,15.6,0.0,19,260,60.21,0.00
176000,62,202,47.9,0.1,0.0,16.0,0.1,25,306,68.31,0.00
176000,11,144,48.2,0.0,0.0,15.8,0.0,13,342,75.89,0.00
176000,49,120,23.9,24.0,0.0,16.1,23.9,2,159,35.69,8.44
177000,65,229,48.1,0.2,0.1,15.5,0.2,24,250,58.68,0.05
177000,62,207,48.2,0.0,0.0,15.7,0.0,24,307,68.58,0.00
177000,49,159,24.0,23.9,0.0,16.1,23.8,5,140,32.08,6.81
177000,11,124,48.1,0.0,0.0,15.7,0.0,12,352,78.11,0.00
178000,65,244,48.1,0.3,0.0,15.6,0.3,22,246,57.16,0.00
178000,62,178,48.0,0.1,0.0,15.9,0.1,20,355,79.49,0.00
178000,49,141,24.3,24.0,0.0,15.7,23.7,6,141,32.09,6.75
178000,11,113,48.2,0.0,0.0,15.6,0.0,9,314,69.74,0.00
179000,65,260,47.9,0.1,0.0,15.8,0.1,30,253,59.13,0.00
179000,62,214,47.5,0.2,0.0,16.4,0.1,27,303,68.03,0.03
179000,49,132,23.9,24.0,0.0,16.1,23.7,4,135,29.72,7.44
179000,11,126,47.9,0.0,0.3,15.8,0.0,9,346,76.43,0.00
180000,65,221,48.1,0.1,0.0,15.8,0.1,21,275,64.31,0.00
180000,62,216,47.8,0.2,0.0,16.0,0.1,24,294,66.69,0.00
180000,49,125,23.8,24.0,0.0,16.2,23.8,3,153,34.22,8.08
180000,11,122,48.2,0.0,0.0,15.7,0.0,11,395,86.35,0.00
180000,68,105,48.6,0.2,0.0,15.3,0.2,14,338,75.52,0.00
181000,11,281,48.0,0.0,0.0,15.8,0.0,26,331,73.87,0.00
181000,65,210,48.5,0.0,0.0,15.5,0.0,23,289,66.52,0.00
181000,62,179,47.8,0.2,0.0,16.0,0.2,23,323,72.28,0.00
181000,49,118,24.0,24.2,0.0,15.9,24.0,2,197,44.70,8.43
182000,11,327,48.4,0.0,0.0,15.5,0.0,24,376,83.97,0.00
182000,65,168,47.7,0.1,0.0,16.2,0.0,15,361,81.33,0.00
182000,49,113,23.8,24.1,0.0,16.1,23.8,2,167,37.06,9.26
182000,62,88,48.4,0.1,0.0,15.5,0.1,13,299,66.04,0.00
183000,11,390,48.1,0.0,0.0,15.8,0.0,23,379,84.16,0.00
183000,65,221,48.2,0.0,0.0,15.7,0.0,20,320,73.10,0.00
183000,49,101,24.2,23.7,0.0,16.0,23.6,5,148,32.30,8.37
183000,62,25,47.4,0.1,0.0,16.2,0.1,5,408,90.15,0.00
184000,11,406,47.9,0.0,0.0,16.0,0.0,26,438,96.88,0.00
184000,65,231,48.3,0.1,0.0,15.6,0.1,19,357,82.42,0.00
184000,49,104,24.0,24.0,0.0,16.0,24.0,2,194,43.13,9.36
184000,62,32,48.0,0.0,0.0,16.0,0.0,1,308,73.76,0.00
185000,11,330,48.0,0.0,0.0,16.0,0.0,30,422,93.07,0.00
185000,65,190,47.9,0.1,0.0,16.0,0.1,18,330,74.84,0.00
185000,49,88,24.0,24.0,0.0,16.0,23.9,2,192,42.53,9.74
185000,62,44,48.3,0.0,0.0,15.6,0.0,7,287,66.95,0.00
186000,11,324,48.2,0.0,0.0,15.8,0.0,17,366,80.87,0.00
186000,65,217,48.6,0.0,0.0,15.4,0.0,15,308,69.33,0.00
186000,49,113,24.0,24.0,0.0,16.0,24.0,1,161,35.80,7.44
186000,62,17,48.0,0.0,0.0,16.0,0.0,1,295,69.94,0.00
187000,65,281,48.1,0.0,0.0,15.8,0.0,20,274,62.83,0.00
187000,11,257,48.1,0.0,0.0,15.9,0.0,18,337,75.13,0.00
187000,49,99,24.1,23.8,0.0,16.1,23.5,4,123,26.88,6.58
188000,11,251,48.3,0.0,0.0,15.7,0.0,18,296,67.45,0.00
188000,65,245,48.3,0.2,0.0,15.5,0.2,17,297,69.46,0.00
188000,49,136,24.0,23.8,0.0,16.1,23.8,2,127,28.87,6.44
189000,11,303,48.3,0.0,0.0,15.7,0.0,17,315,70.96,0.00
189000,65,238,48.1,0.0,0.0,15.8,0.0,26,268,62.75,0.00
189000,49,120,24.0,24.0,0.0,16.0,24.0,1,146,32.04,7.97
189000,75,109,48.1,0.0,0.0,15.7,0.0,8,406,89.94,0.00
190000,11,303,48.3,0.0,0.0,15.7,0.0,21,324,72.30,0.00
190000,65,257,48.1,0.0,0.0,15.8,0.0,18,294,68.57,0.00
190000,49,126,23.6,24.0,0.0,16.4,23.5,4,171,38.34,7.10
190000,75,93,48.5,0.0,0.0,15.5,0.0,10,359,78.97,0.00
191000,11,365,48.0,0.0,0.0,16.0,0.0,26,345,77.67,0.00
191000,65,214,48.1,0.0,0.0,15.9,0.0,16,237,56.02,0.00
191000,49,120,24.0,24.0,0.0,16.0,24.0,1,182,39.84,8.18
191000,75,88,48.2,0.0,0.0,15.8,0.0,12,324,71.11,0.00
192000,11,350,48.3,0.0,0.0,15.7,0.0,22,315,71.33,0.00
192000,65,149,48.1,0.0,0.0,15.9,0.0,15,276,65.49,0.00
192000,49,142,24.0,23.9,0.0,16.0,23.6,5,146,33.37,8.10
192000,75,127,48.1,0.1,0.0,15.7,0.1,13,301,67.80,0.00
193000,11,369,48.3,0.0,0.0,15.7,0.0,31,303,68.71,0.00
193000,65,185,47.8,0.1,0.0,16.0,0.1,19,245,58.12,0.04
193000,49,118,23.8,24.0,0.0,16.1,23.3,8,135,30.40,6.56
193000,75,69,47.8,0.1,0.0,16.1,0.1,12,255,59.22,0.00
194000,11,356,48.3,0.0,0.0,15.7,0.0,26,287,64.90,0.00
194000,65,215,47.7,0.1,0.0,16.2,0.1,19,252,59.44,0.00
194000,49,106,24.0,23.8,0.0,16.2,23.8,3,146,32.65,8.64
194000,75,78,48.6,0.0,0.0,15.3,0.0,12,258,56.93,0.00
195000,11,260,48.2,0.0,0.0,15.7,0.0,26,265,60.08,0.00
195000,65,251,48.2,0.2,0.0,15.6,0.1,29,232,54.69,0.00
195000,49,150,23.9,24.1,0.0,15.9,23.9,2,138,31.29,6.47
195000,75,53,48.0,0.0,0.0,15.7,0.0,13,296,64.69,0.00
196000,11,244,48.1,0.0,0.0,15.9,0.0,25,248,56.52,0.00
196000,65,226,48.1,0.1,0.0,15.8,0.1,21,250,59.34,0.00
196000,49,125,24.2,23.8,0.0,15.9,23.8,2,115,26.34,6.74
196000,77,87,48.7,0.0,0.0,15.3,0.0,11,220,51.00,0.00
196000,75,62,48.7,0.0,0.0,15.2,0.0,12,247,56.61,0.00
197000,11,243,48.3,0.0,0.0,15.7,0.0,25,272,61.29,0.00
197000,65,238,48.1,0.1,0.0,15.9,0.1,18,262,61.87,0.00
197000,49,140,23.9,24.2,0.0,15.9,23.9,2,148,33.41,6.94
197000,77,82,48.5,0.0,0.0,15.5,0.0,12,217,50.86,0.00
197000,75,61,48.7,0.0,0.0,15.3,0.0,9,288,64.97,0.00
198000,11,269,48.2,0.0,0.0,15.7,0.0,27,291,66.73,0.00
198000,65,191,48.3,0.2,0.0,15.5,0.1,19,342,79.64,0.00
198000,49,123,24.1,23.8,0.0,16.1,23.8,2,187,42.87,8.92
198000,77,86,48.2,0.0,0.0,15.8,0.0,9,235,56.80,0.00
198000,75,57,48.0,0.0,0.0,15.9,0.0,9,336,75.62,0.00
199000,11,253,48.5,0.0,0.0,15.5,0.0,25,329,73.36,0.00
199000,65,196,48.6,0.1,0.0,15.3,0.1,21,348,80.71,0.00
199000,49,122,24.0,24.0,0.0,16.0,24.0,1,195,43.62,9.03
199000,75,90,48.1,0.1,0.0,15.9,0.1,9,276,61.82,0.00
199000,77,81,48.6,0.1,0.0,15.3,0.1,10,215,49.89,0.00
200000,11,298,48.2,0.0,0.0,15.8,0.0,25,313,70.89,0.00
200000,65,157,48.2,0.1,0.0,15.8,0.1,13,267,60.37,0.00
200000,49,117,24.7,23.4,0.0,15.9,23.4,2,197,43.47,8.57
200000,75,111,47.5,0.4,0.0,16.1,0.4,15,283,64.42,0.00
200000,77,72,47.6,0.0,0.0,16.4,0.0,12,235,54.11,0.00
201000,11,367,48.4,0.0,0.0,15.6,0.0,33,314,71.22,0.00
201000,65,120,48.6,0.0,0.0,15.4,0.0,8,389,87.00,0.00
201000,49,116,24.4,23.7,0.0,15.8,23.5,4,164,37.14,7.26
201000,75,96,47.9,0.2,0.0,15.8,0.2,12,335,75.93,0.00
201000,77,77,48.1,0.0,0.0,15.9,0.0,10,202,47.36,0.00
202000,11,380,48.2,0.0,0.0,15.8,0.0,24,356,80.27,0.00
202000,49,128,23.9,24.1,0.0,15.9,23.9,2,193,43.22,9.71
202000,65,111,48.0,0.0,0.0,16.0,0.0,8,442,98.08,0.00
202000,75,98,47.5,0.3,0.2,16.0,0.0,9,324,73.24,0.00
202000,77,56,47.3,0.1,0.0,16.6,0.1,8,203,48.45,0.00
203000,11,346,48.2,0.0,0.0,15.8,0.0,21,344,77.94,0.00
203000,49,135,24.0,24.1,0.0,15.9,24.0,2,149,33.46,8.05
203000,65,121,48.1,0.0,0.0,15.9,0.0,8,303,67.63,0.00
203000,75,108,47.9,0.0,0.0,15.9,0.0,12,253,57.62,0.00
203000,77,66,47.8,0.0,0.0,16.2,0.0,9,193,45.62,0.00
204000,11,367,48.4,0.0,0.0,15.5,0.0,24,365,82.47,0.00
204000,49,125,24.0,24.0,0.0,16.0,24.0,2,167,38.00,9.10
204000,75,96,47.2,0.5,0.0,16.4,0.4,10,296,67.25,0.00
204000,65,94,48.5,0.0,0.0,15.5,0.0,9,350,76.23,0.00
204000,77,86,48.4,0.0,0.0,15.6,0.0,10,183,42.81,0.00
205000,11,330,48.1,0.0,0.0,15.9,0.0,22,393,88.97,0.00
205000,65,132,47.7,0.0,0.0,16.3,0.0,14,363,82.29,0.00
205000,75,117,47.9,0.1,0.0,16.0,0.1,9,310,70.60,0.00
205000,49,104,23.9,23.7,0.0,16.4,23.7,4,196,43.15,8.63
205000,77,66,47.9,0.0,0.0,15.8,0.0,9,200,48.63,0.00
206000,11,385,48.0,0.0,0.0,15.9,0.0,36,454,100.53,0.00
206000,75,131,48.0,0.1,0.0,15.9,0.1,14,314,71.12,0.00
206000,49,107,23.7,24.2,0.0,16.1,23.5,7,157,34.84,9.45
206000,77,78,48.0,0.0,0.0,16.0,0.0,13,200,48.18,0.00
206000,65,76,48.2,0.0,0.0,15.8,0.0,10,456,100.90,0.00
207000,11,264,48.3,0.0,0.0,15.7,0.0,18,415,92.49,0.00
207000,49,115,23.8,24.1,0.0,16.1,23.8,2,153,33.67,9.10
207000,75,101,47.9,0.1,0.0,16.0,0.0,11,306,69.49,0.00
207000,77,76,48.8,0.0,0.0,15.1,0.0,14,186,45.34,0.00
207000,65,51,48.1,0.0,0.0,15.9,0.0,3,468,101.41,0.00
208000,11,457,48.0,0.0,0.0,15.9,0.0,28,451,99.74,0.00
208000,75,108,48.0,0.1,0.0,16.0,0.1,13,350,79.89,0.00
208000,49,101,24.1,23.8,0.0,16.1,23.6,5,150,32.90,7.98
208000,77,87,48.2,0.0,0.0,15.8,0.0,12,232,54.39,0.00
208000,65,40,48.2,0.0,0.0,15.8,0.0,5,540,118.52,0.00
209000,11,439,48.1,0.1,0.0,15.8,0.0,33,473,104.96,0.00
209000,49,109,24.0,24.0,0.0,16.0,24.0,1,181,39.64,9.05
209000,75,107,47.8,0.0,0.0,16.0,0.0,10,348,79.92,0.00
209000,77,76,47.8,0.0,0.0,16.2,0.0,16,224,53.71,0.00
209000,65,52,47.3,0.0,0.0,16.7,0.0,3,418,91.99,0.00
210000,11,225,47.6,0.0,0.0,16.4,0.0,15,431,95.40,0.00
210000,75,139,48.4,0.1,0.0,15.5,0.1,11,311,70.36,0.00
210000,49,123,23.8,24.0,0.0,16.2,23.8,2,161,35.32,9.36
210000,77,57,48.2,0.0,0.0,15.8,0.0,9,200,48.73,0.00
210000,65,39,46.5,0.0,0.0,17.5,0.0,6,345,75.28,0.00
211000,11,260,48.3,0.1,0.0,15.6,0.0,20,400,88.10,0.00
211000,75,112,47.4,0.3,0.0,16.2,0.3,14,274,61.67,0.00
211000,49,91,23.9,23.8,0.0,16.0,23.7,5,128,29.09,8.19
211000,77,81,48.1,0.0,0.0,15.9,0.0,13,213,51.05,0.00
211000,65,43,48.1,0.0,0.0,15.9,0.0,5,417,93.02,0.00
212000,11,469,48.1,0.1,0.0,15.8,0.1,33,399,87.84,0.00
212000,49,101,24.1,24.0,0.0,16.0,24.0,2,155,34.68,8.23
212000,77,95,47.5,0.0,0.0,16.5,0.0,14,204,48.05,0.00
212000,75,93,48.1,0.0,0.0,15.9,0.0,6,318,70.88,0.00
212000,65,41,47.9,0.0,0.0,16.1,0.0,3,408,89.05,0.00
213000,11,312,48.0,0.0,0.0,16.0,0.0,17,359,79.84,0.00
213000,49,108,23.7,24.0,0.1,16.2,23.7,3,139,31.24,7.54
213000,77,94,47.6,0.0,0.0,16.3,0.0,15,233,54.48,0.00
213000,75,68,47.6,0.2,0.0,16.2,0.2,8,374,83.65,0.00
213000,65,13,48.0,0.0,0.0,16.0,0.0,2,669,139.32,0.00
214000,11,290,48.2,0.0,0.0,15.7,0.0,19,326,72.89,0.00
214000,49,132,24.1,23.9,0.0,15.8,23.8,3,143,31.82,7.83
214000,75,82,47.1,0.5,0.0,16.2,0.3,7,359,80.50,0.05
214000,77,56,48.1,0.0,0.0,15.8,0.0,12,185,42.99,0.00
214000,65,12,48.0,0.0,0.0,16.0,0.0,2,610,133.49,0.00
215000,11,325,48.3,0.0,0.0,15.6,0.0,18,301,66.75,0.00
215000,77,124,48.3,0.0,0.0,15.7,0.0,18,220,52.44,0.00
215000,49,120,24.0,24.0,0.0,16.0,23.9,4,144,32.15,7.19
215000,75,62,48.3,0.0,0.0,15.6,0.0,5,337,75.09,0.00
215000,65,17,49.4,0.0,0.0,14.6,0.0,5,341,73.56,0.00
216000,11,450,48.3,0.0,0.0,15.6,0.0,28,328,72.95,0.00
216000,77,144,47.9,0.0,0.0,16.1,0.0,14,270,63.62,0.00
216000,49,124,23.9,24.3,0.0,15.9,23.8,3,159,34.66,8.49
216000,75,68,48.2,0.1,0.0,15.7,0.1,6,272,60.89,0.00
216000,65,11,48.0,0.0,0.0,16.0,0.0,2,236,51.18,0.00
217000,11,392,48.2,0.0,0.0,15.8,0.0,21,348,76.96,0.00
217000,77,177,48.5,0.0,0.0,15.5,0.0,13,209,48.80,0.00
217000,49,119,23.9,24.0,0.0,16.1,23.6,3,154,33.67,8.17
217000,75,39,48.1,0.1,0.0,15.8,0.1,3,349,75.46,0.00
218000,11,363,48.2,0.0,0.0,15.8,0.0,20,386,85.78,0.00
218000,77,199,48.0,0.1,0.0,15.8,0.1,15,243,56.11,0.00
218000,49,107,24.2,23.9,0.0,15.8,23.7,4,170,37.76,9.46
218000,75,56,48.0,0.1,0.0,15.7,0.1,7,332,73.02,0.00
219000,11,262,48.2,0.0,0.0,15.7,0.0,17,357,79.29,0.00
219000,77,242,48.1,0.2,0.0,15.8,0.1,24,277,64.23,0.00
219000,49,116,24.1,23.5,0.0,16.4,23.5,4,168,36.62,8.66
219000,75,83,47.8,0.1,0.0,16.1,0.1,6,361,79.75,0.00
220000,77,266,48.3,0.0,0.0,15.6,0.0,25,297,68.52,0.00
220000,11,208,48.1,0.0,0.0,15.8,0.0,16,347,76.74,0.00
220000,49,131,23.9,24.0,0.0,16.1,23.9,2,181,39.66,10.70
220000,75,113,47.9,0.1,0.1,15.9,0.1,9,426,93.71,0.00
221000,77,290,48.4,0.0,0.0,15.5,0.0,31,302,69.72,0.00
221000,11,142,48.3,0.0,0.0,15.7,0.0,9,350,78.36,0.00
221000,75,130,47.9,0.3,0.0,15.8,0.3,13,413,91.03,0.04
221000,82,125,48.3,0.0,0.0,15.7,0.0,8,373,81.88,0.00
221000,49,115,23.7,23.8,0.0,16.5,23.2,5,168,36.94,8.67
222000,77,285,48.2,0.1,0.0,15.7,0.1,35,284,66.29,0.00
222000,75,122,48.3,0.1,0.0,15.5,0.1,12,357,77.81,0.00
222000,49,112,23.9,23.6,0.0,16.3,23.4,5,166,36.87,11.10
222000,82,94,47.9,0.0,0.0,16.1,0.0,9,324,70.63,0.00
222000,11,92,48.6,0.0,0.0,15.4,0.0,9,421,93.90,0.00
223000,77,292,47.7,0.0,0.0,16.3,0.0,24,318,72.56,0.00
223000,75,136,48.1,0.1,0.0,15.8,0.1,13,351,77.00,0.00
223000,11,119,48.2,0.0,0.0,15.8,0.0,5,503,111.00,0.00
223000,49,112,23.7,23.9,0.1,16.2,23.6,5,200,43.53,10.64
223000,82,68,48.0,0.0,0.0,16.0,0.0,3,439,96.38,0.00
224000,77,302,48.2,0.0,0.0,15.8,0.0,32,314,72.17,0.00
224000,11,146,48.0,0.3,0.0,15.6,0.0,11,389,86.62,0.00
224000,75,132,48.0,0.0,0.0,16.0,0.0,8,376,82.37,0.00
224000,49,105,23.9,23.8,0.0,16.3,23.8,2,135,29.49,9.42
224000,82,58,48.7,0.0,0.1,15.1,0.0,9,375,82.47,0.00
225000,77,337,48.1,0.1,0.0,15.8,0.1,36,318,73.32,0.00
225000,11,191,48.2,0.0,0.0,15.8,0.0,16,412,90.79,0.00
225000,49,121,23.9,24.3,0.0,15.7,23.9,5,162,35.36,8.71
225000,75,117,48.0,0.2,0.0,15.7,0.2,12,449,98.66,0.00
226000,77,268,48.3,0.0,0.0,15.7,0.0,29,279,65.47,0.00
226000,11,206,48.2,0.0,0.0,15.8,0.0,12,352,78.46,0.00
226000,49,131,24.2,23.7,0.0,16.1,23.7,4,141,31.09,8.42
226000,75,103,48.3,0.1,0.0,15.6,0.1,6,274,60.67,0.00
226000,84,40,48.5,0.0,0.0,15.1,0.0,8,244,54.97,0.00
227000,11,241,48.3,0.0,0.0,15.7,0.0,17,315,69.78,0.00
227000,77,211,48.1,0.1,0.0,15.7,0.1,26,280,64.74,0.00
227000,49,126,24.1,24.0,0.0,15.9,24.0,2,185,40.96,8.95
227000,75,117,48.1,0.4,0.0,15.5,0.4,12,375,82.84,0.00
227000,84,37,48.5,0.0,0.0,15.5,0.0,4,287,64.74,0.00
228000,11,243,48.3,0.0,0.0,15.7,0.0,14,378,84.81,0.00
228000,77,187,48.0,0.1,0.0,15.9,0.1,26,283,65.95,0.00
228000,75,145,47.6,0.3,0.0,16.0,0.1,16,310,69.47,0.00
228000,49,136,24.0,23.8,0.0,16.2,23.7,4,181,39.76,8.04
228000,84,25,48.6,0.0,0.0,15.4,0.0,5,188,42.53,0.00
229000,77,293,48.3,0.0,0.0,15.6,0.0,37,241,55.92,0.00
229000,11,238,48.2,0.1,0.0,15.7,0.1,14,354,79.75,0.01
229000,49,115,23.9,23.9,0.0,16.2,23.9,2,172,37.65,8.08
229000,75,83,47.4,0.3,0.0,16.2,0.3,13,336,73.57,0.00
229000,84,36,48.7,0.0,0.0,15.2,0.0,5,243,56.18,0.00
230000,77,304,47.9,0.1,0.0,16.0,0.0,42,246,58.25,0.00
230000,49,134,24.0,23.9,0.0,16.1,23.9,4,146,32.41,8.01
230000,11,109,48.3,0.0,0.0,15.7,0.0,9,356,79.27,0.00
230000,75,104,48.1,0.0,0.2,15.7,0.0,10,375,83.01,0.00
230000,84,49,48.2,0.0,0.0,15.6,0.0,6,188,44.09,0.00
231000,77,237,48.3,0.0,0.0,15.7,0.0,33,239,55.74,0.00
231000,11,210,48.3,0.0,0.0,15.7,0.0,17,284,63.68,0.00
231000,49,130,23.9,23.9,0.0,16.2,23.9,2,159,35.72,8.21
231000,75,117,47.9,0.4,0.0,15.6,0.4,15,296,66.21,0.00
231000,84,89,48.0,0.1,0.0,15.7,0.1,11,176,40.93,0.00
232000,77,289,48.2,0.0,0.0,15.8,0.0,36,254,60.18,0.00
232000,11,172,48.3,0.0,0.0,15.6,0.0,15,280,62.06,0.00
232000,84,135,48.2,0.0,0.0,15.6,0.0,12,215,49.70,0.00
232000,49,110,24.0,24.0,0.0,15.9,23.7,3,143,31.61,9.95
232000,75,101,47.8,0.1,0.0,16.1,0.1,13,355,78.72,0.00
233000,77,280,48.3,0.1,0.0,15.6,0.1,32,253,60.06,0.00
233000,11,164,48.5,0.0,0.0,15.5,0.0,15,310,70.04,0.00
233000,84,127,47.8,0.0,0.0,16.1,0.0,7,227,51.58,0.00
233000,49,125,24.0,23.8,0.0,16.2,23.8,2,140,30.74,7.49
233000,75,71,47.8,0.2,0.0,15.8,0.2,9,446,98.80,0.00
234000,77,269,48.2,0.1,0.0,15.7,0.1,30,270,62.87,0.00
234000,11,126,48.0,0.1,0.0,15.9,0.1,14,272,61.46,0.00
234000,49,107,24.0,23.8,0.0,16.0,23.7,5,146,32.53,7.80
234000,84,106,48.2,0.0,0.0,15.6,0.0,14,246,56.33,0.00
234000,75,68,48.4,0.1,0.0,15.5,0.1,12,390,86.24,0.00
235000,77,299,47.9,0.1,0.0,16.1,0.1,26,224,52.52,0.01
235000,11,176,47.9,0.2,0.0,15.8,0.0,16,256,57.85,0.00
235000,49,142,24.0,24.0,0.0,15.9,23.7,3,151,33.15,7.93
235000,75,62,47.8,0.2,0.0,15.9,0.2,8,448,99.68,0.00
236000,77,318,48.2,0.0,0.0,15.8,0.0,23,251,58.50,0.00
236000,49,117,24.0,24.2,0.0,15.9,24.0,2,153,33.50,8.56
236000,11,89,48.4,0.0,0.0,15.6,0.0,12,335,75.76,0.00
236000,75,40,48.2,0.0,0.0,15.8,0.0,4,482,105.75,0.00
237000,77,344,48.4,0.0,0.0,15.6,0.0,30,262,60.07,0.02
237000,11,290,47.7,0.0,0.0,16.3,0.0,22,306,68.48,0.00
237000,49,123,24.4,23.1,0.0,16.3,23.1,6,161,35.22,8.47
237000,75,34,48.2,0.0,0.0,15.8,0.0,5,347,73.25,0.00
238000,77,345,48.3,0.1,0.0,15.6,0.1,28,271,61.68,0.00
238000,11,169,48.1,0.0,0.0,15.9,0.0,13,329,74.43,0.00
238000,49,130,24.0,24.2,0.0,15.8,23.9,4,172,38.00,8.69
238000,75,26,46.9,0.4,0.0,16.5,0.4,3,456,99.24,0.00
239000,77,331,48.3,0.0,0.0,15.7,0.0,24,287,65.82,0.00
239000,11,153,48.1,0.0,0.0,15.9,0.0,12,298,67.85,0.00
239000,49,126,23.8,23.8,0.0,16.4,23.7,4,170,37.14,8.49
239000,75,48,48.1,0.0,0.0,15.9,0.0,4,379,82.99,0.00
240000,77,316,47.8,0.2,0.0,16.0,0.2,36,278,63.55,0.00
240000,49,132,23.9,23.9,0.0,16.2,23.7,3,189,41.84,9.62
240000,11,95,48.3,0.0,0.0,15.7,0.0,10,310,69.44,0.00
240000,75,76,48.1,0.0,0.0,15.9,0.0,6,334,73.30,0.00
241000,77,274,48.1,0.1,0.0,15.8,0.1,27,301,69.61,0.04
241000,49,139,23.8,24.0,0.0,16.2,23.8,2,184,39.65,9.68
241000,75,103,48.3,0.0,0.0,15.6,0.0,12,353,77.39,0.00
241000,11,78,48.6,0.0,0.0,15.4,0.0,5,330,74.16,0.00
242000,77,298,48.1,0.0,0.0,15.9,0.0,28,253,58.54,0.00
242000,89,178,48.7,0.0,0.0,15.3,0.0,21,325,73.05,0.00
242000,49,129,24.0,23.9,0.0,16.1,23.9,2,174,38.21,8.98
242000,75,118,47.9,0.4,0.0,15.6,0.3,20,365,80.84,0.00
242000,11,104,48.3,0.0,0.0,15.6,0.0,7,283,63.79,0.00
243000,77,261,47.8,0.3,0.0,15.9,0.2,32,253,58.89,0.00
243000,89,194,48.4,0.0,0.0,15.6,0.0,21,287,64.18,0.00
243000,11,124,48.2,0.0,0.0,15.8,0.0,8,253,58.21,0.00
243000,49,122,24.5,23.8,0.0,15.7,23.7,5,151,33.60,8.76
243000,75,94,48.0,0.2,0.0,15.8,0.2,13,324,71.43,0.00
244000,77,298,48.4,0.0,0.0,15.6,0.0,30,232,53.89,0.00
244000,89,206,48.5,0.0,0.0,15.5,0.0,14,271,60.34,0.00
244000,49,119,23.9,24.3,0.0,15.8,23.9,3,145,31.30,9.01
244000,11,112,47.9,0.1,0.0,15.9,0.1,15,312,70.22,0.00
244000,75,80,48.4,0.1,0.0,15.6,0.1,7,401,88.25,0.00
245000,77,258,48.0,0.0,0.0,15.9,0.0,27,285,67.05,0.00
245000,89,176,48.3,0.0,0.0,15.7,0.0,10,334,74.85,0.00
245000,49,136,24.0,24.0,0.0,16.0,24.0,1,166,36.20,8.78
245000,75,108,47.1,0.5,0.0,16.2,0.5,11,314,68.87,0.04
245000,11,97,47.7,0.0,0.0,16.3,0.0,11,287,66.47,0.00
246000,77,245,48.1,0.1,0.0,15.8,0.1,29,244,56.28,0.00
246000,89,151,48.3,0.0,0.0,15.7,0.0,13,353,79.61,0.00
246000,49,143,24.0,24.0,0.0,16.0,23.9,4,147,32.25,8.90
246000,75,124,48.1,0.0,0.0,15.9,0.0,5,336,75.21,0.00
246000,11,81,47.3,0.0,0.0,16.6,0.0,6,278,62.62,0.00
247000,77,276,48.3,0.0,0.0,15.6,0.0,28,247,57.43,0.00
247000,75,183,48.1,0.1,0.0,15.8,0.1,12,360,80.50,0.00
247000,89,127,48.2,0.0,0.0,15.8,0.0,10,370,82.12,0.00
247000,49,120,24.0,24.0,0.0,16.0,24.0,3,172,37.37,9.18
247000,11,79,48.5,0.0,0.0,15.5,0.0,10,330,75.02,0.00
248000,77,310,48.3,0.0,0.0,15.7,0.0,30,242,55.47,0.00
248000,75,160,48.1,0.0,0.0,15.9,0.0,5,434,95.35,0.00
248000,89,149,47.9,0.1,0.0,16.0,0.1,11,382,84.99,0.00
248000,49,111,23.8,24.2,0.0,16.0,23.8,4,197,42.42,9.71
248000,11,75,48.3,0.0,0.0,15.7,0.0,8,262,58.63,0.00
249000,77,250,48.5,0.1,0.0,15.4,0.1,31,260,59.24,0.00
249000,89,156,47.9,0.1,0.0,16.0,0.1,15,350,77.81,0.00
249000,75,151,47.7,0.2,0.0,16.0,0.1,14,369,82.14,0.00
249000,49,114,24.0,24.3,0.0,15.7,23.7,5,173,37.66,9.27
249000,11,80,48.1,0.0,0.0,15.9,0.0,3,304,67.73,0.00
250000,77,241,48.0,0.2,0.0,15.8,0.2,29,260,58.91,0.00
250000,75,172,48.3,0.0,0.0,15.7,0.0,9,322,71.58,0.00
250000,89,163,48.1,0.0,0.0,15.9,0.0,13,417,91.63,0.00
250000,11,106,47.8,0.3,0.0,15.9,0.0,14,313,71.23,0.00
250000,49,98,23.8,24.0,0.0,16.2,23.8,4,183,39.55,10.67
251000,77,240,48.0,0.1,0.0,15.9,0.1,23,287,66.70,0.00
251000,75,176,47.6,0.2,0.0,16.0,0.2,14,394,87.26,0.00
251000,89,144,48.2,0.0,0.0,15.8,0.0,8,398,87.89,0.00
251000,49,119,24.0,24.0,0.0,16.0,24.0,2,196,42.67,10.12
251000,11,80,48.3,0.0,0.0,15.7,0.0,7,360,81.23,0.00
252000,77,281,48.4,0.0,0.0,15.6,0.0,31,271,61.94,0.00
252000,89,173,48.1,0.0,0.0,15.8,0.0,17,357,79.30,0.00
252000,75,148,48.0,0.2,0.0,15.7,0.2,15,460,101.33,0.00
252000,49,128,24.0,24.0,0.0,16.0,23.6,4,184,40.36,10.21
252000,11,68,48.0,0.1,0.0,15.8,0.1,10,300,66.99,0.00
253000,77,274,48.4,0.0,0.0,15.6,0.0,32,294,66.79,0.00
253000,89,145,48.6,0.0,0.0,15.4,0.0,15,388,85.69,0.00
253000,75,132,48.1,0.1,0.0,15.8,0.1,10,407,90.37,0.00
253000,49,109,23.9,24.2,0.0,15.9,23.9,3,141,30.87,10.07
253000,11,80,48.3,0.0,0.0,15.7,0.0,6,318,71.45,0.00
254000,89,304,48.3,0.0,0.0,15.7,0.0,26,333,73.92,0.00
254000,77,261,47.9,0.0,0.0,16.0,0.0,26,296,67.50,0.00
254000,75,126,48.0,0.1,0.0,15.9,0.1,7,442,96.04,0.00
254000,49,126,24.0,24.1,0.0,15.9,24.0,2,206,44.92,10.49
255000,77,267,47.6,0.0,0.0,16.3,0.0,38,236,54.25,0.00
255000,89,149,48.2,0.0,0.0,15.8,0.0,10,379,84.70,0.00
255000,75,108,47.1,0.2,0.0,16.5,0.2,11,494,107.63,0.00
255000,49,106,23.8,24.2,0.0,16.1,23.6,5,143,31.22,7.65
256000,89,352,48.0,0.0,0.0,15.9,0.0,28,314,70.02,0.00
256000,77,283,48.3,0.0,0.0,15.6,0.0,29,263,60.74,0.00
256000,49,128,23.8,23.7,0.0,16.5,23.5,5,151,32.84,8.32
256000,75,47,48.1,0.0,0.0,15.9,0.0,2,459,100.06,0.00
257000,77,324,48.3,0.1,0.0,15.7,0.1,39,299,69.72,0.00
257000,89,164,47.9,0.2,0.0,15.9,0.0,17,313,70.13,0.00
257000,49,133,24.0,24.0,0.0,16.0,24.0,2,138,30.40,7.73
257000,75,35,48.1,0.0,0.0,15.9,0.0,4,485,105.64,0.00
258000,77,308,48.4,0.0,0.0,15.6,0.0,37,291,66.00,0.00
258000,89,191,47.8,0.1,0.0,16.0,0.1,11,330,73.88,0.00
258000,49,119,24.4,23.6,0.0,15.9,23.6,3,175,38.50,9.49
258000,75,30,47.8,0.0,0.0,16.2,0.0,2,450,98.93,0.00
259000,77,283,48.2,0.0,0.0,15.8,0.0,31,281,64.70,0.00
259000,89,237,48.3,0.0,0.0,15.6,0.0,17,365,82.18,0.00
259000,49,117,23.6,24.1,0.0,16.3,23.6,3,181,39.67,11.19
259000,75,25,47.0,0.5,0.0,16.4,0.5,4,464,103.64,0.00
260000,89,350,47.7,0.0,0.0,16.1,0.0,31,351,79.55,0.00
260000,77,300,48.3,0.1,0.0,15.7,0.1,23,276,63.45,0.00
260000,49,109,24.0,24.0,0.0,16.0,23.9,4,173,37.66,10.63
260000,75,27,47.3,0.5,0.0,16.3,0.5,3,503,111.25,0.00
261000,89,346,48.0,0.1,0.0,15.9,0.1,21,386,87.32,0.00
261000,77,305,48.2,0.0,0.0,15.7,0.0,26,278,63.80,0.00
261000,49,137,24.0,24.1,0.0,15.9,24.0,2,213,46.86,10.23
261000,75,22,48.1,0.0,0.0,15.9,0.0,2,527,114.50,0.00
262000,77,309,48.3,0.0,0.0,15.7,0.0,23,290,66.62,0.00
262000,89,225,48.1,0.0,0.1,15.8,0.0,18,388,87.55,0.00
262000,49,115,24.0,23.9,0.0,16.0,23.9,3,196,41.84,10.22
262000,75,38,47.3,0.0,0.0,16.7,0.0,5,433,96.98,0.00
263000,89,360,48.3,0.0,0.0,15.7,0.0,25,337,75.58,0.00
263000,77,308,48.1,0.1,0.0,15.8,0.1,32,296,67.29,0.00
263000,49,106,24.0,24.0,0.0,16.0,24.0,1,216,46.52,11.74
263000,75,39,47.2,0.4,0.0,16.1,0.4,5,466,102.80,0.00
264000,77,357,48.2,0.0,0.0,15.8,0.0,33,282,63.75,0.00
264000,89,325,48.2,0.0,0.0,15.7,0.0,26,336,75.41,0.00
264000,49,99,24.0,24.0,0.0,16.0,24.0,1,161,34.65,9.77
264000,75,45,47.7,0.6,0.0,15.7,0.6,7,374,82.42,0.00
265000,77,377,48.2,0.0,0.0,15.8,0.0,36,285,64.20,0.00
265000,89,160,48.1,0.0,0.0,15.9,0.0,11,390,89.08,0.00
265000,49,96,23.7,24.4,0.0,15.9,23.6,5,176,38.47,9.85
265000,75,36,48.1,0.1,0.0,15.7,0.1,6,347,76.99,0.00
266000,77,322,48.2,0.0,0.0,15.7,0.0,31,295,67.40,0.00
266000,89,171,48.3,0.1,0.0,15.5,0.1,21,352,79.68,0.00
266000,49,125,24.0,24.0,0.0,16.0,24.0,2,192,42.01,11.04
266000,75,27,48.4,0.0,0.0,15.5,0.0,3,489,108.06,0.00
267000,77,281,48.3,0.1,0.0,15.6,0.1,30,292,67.57,0.00
267000,49,152,23.7,23.9,0.0,16.4,23.7,4,189,41.83,8.04
267000,89,132,48.0,0.0,0.0,16.0,0.0,8,303,68.46,0.00
267000,75,16,48.0,0.0,0.0,16.0,0.0,1,369,79.64,0.00
268000,89,406,48.4,0.0,0.0,15.6,0.0,40,308,69.00,0.00
268000,77,220,48.4,0.0,0.0,15.6,0.0,18,279,64.81,0.00
268000,49,119,24.0,24.0,0.0,16.0,24.0,1,168,37.47,8.95
268000,75,27,47.6,0.7,0.0,15.7,0.7,6,361,78.74,0.00
269000,89,391,48.1,0.1,0.0,15.7,0.1,34,345,77.56,0.00
269000,77,252,48.6,0.0,0.0,15.4,0.0,24,264,61.87,0.00
269000,49,123,24.0,24.0,0.0,16.0,24.0,2,171,38.33,8.59
270000,89,359,48.3,0.0,0.0,15.6,0.0,27,333,74.99,0.00
270000,77,256,48.3,0.0,0.0,15.7,0.0,21,298,70.28,0.00
270000,49,142,24.0,24.0,0.0,16.0,23.7,6,180,40.11,9.53
271000,77,254,47.9,0.0,0.0,16.1,0.0,23,300,69.24,0.00
271000,89,210,48.6,0.0,0.0,15.4,0.0,23,418,92.26,0.00
271000,49,125,24.0,24.0,0.0,16.0,24.0,1,220,47.72,11.51
272000,89,337,48.3,0.1,0.0,15.6,0.1,40,335,74.45,0.00
272000,77,258,48.3,0.0,0.0,15.6,0.0,29,300,68.53,0.00
272000,49,145,24.0,23.9,0.0,16.1,23.9,3,178,38.95,10.68
273000,89,328,48.2,0.0,0.0,15.7,0.0,31,341,76.03,0.00
273000,77,299,48.2,0.1,0.0,15.7,0.1,34,270,61.68,0.02
273000,49,113,23.7,24.1,0.0,16.1,23.6,5,176,39.03,10.24
274000,77,306,48.3,0.0,0.0,15.6,0.0,26,272,62.08,0.00
274000,89,175,48.4,0.1,0.0,15.5,0.1,18,302,67.49,0.00
274000,49,127,23.9,24.2,0.0,15.9,23.8,4,207,45.33,9.49
274000,103,67,48.0,0.0,0.0,15.9,0.0,5,306,69.46,0.00
275000,89,318,48.0,0.0,0.0,15.9,0.0,31,327,72.79,0.00
275000,77,245,47.9,0.1,0.0,15.9,0.1,28,318,72.12,0.00
275000,103,117,47.7,0.0,0.0,16.2,0.0,15,243,54.90,0.00
275000,49,96,24.0,24.2,0.0,15.8,23.9,2,194,42.95,10.42
276000,77,280,48.2,0.0,0.0,15.8,0.0,25,308,70.17,0.00
276000,89,156,48.1,0.1,0.0,15.8,0.1,19,335,77.01,0.00
276000,103,131,48.0,0.1,0.0,15.7,0.1,12,300,66.63,0.00
276000,49,99,24.0,23.3,0.0,16.7,23.2,4,164,35.89,9.58
277000,77,293,48.4,0.0,0.0,15.5,0.0,37,285,66.00,0.00
277000,89,146,47.7,0.3,0.0,15.9,0.2,18,289,65.22,0.00
277000,103,113,47.6,0.1,0.0,15.8,0.1,16,283,64.41,0.00
277000,49,112,24.0,24.0,0.0,16.1,23.8,4,162,35.70,8.97
278000,89,378,47.9,0.1,0.0,16.0,0.0,41,351,78.24,0.00
278000,77,304,48.1,0.2,0.0,15.7,0.2,36,339,77.76,0.00
278000,49,108,23.9,23.7,0.0,16.2,23.7,4,165,35.60,8.71
278000,103,39,49.0,0.0,0.0,14.8,0.0,5,278,61.39,0.00
279000,77,280,48.3,0.0,0.0,15.7,0.0,24,324,72.99,0.00
279000,89,264,48.0,0.0,0.0,15.9,0.0,20,287,64.81,0.00
279000,49,92,23.9,24.3,0.0,15.7,23.9,4,193,41.55,13.13
279000,103,73,48.1,0.0,0.0,15.6,0.0,8,263,59.24,0.00
280000,89,373,47.7,0.0,0.0,16.2,0.0,31,357,78.74,0.00
280000,77,296,48.1,0.1,0.0,15.8,0.1,33,342,77.13,0.00
280000,49,97,24.1,23.9,0.0,15.9,23.8,4,156,32.99,9.25
280000,103,51,48.3,0.0,0.0,15.7,0.0,5,334,74.09,0.00
281000,77,290,48.2,0.0,0.0,15.7,0.0,31,291,67.59,0.00
281000,89,242,48.5,0.1,0.0,15.3,0.1,25,345,78.05,0.00
281000,49,99,24.0,24.0,0.0,16.0,24.0,1,180,39.30,9.96
281000,103,24,49.0,0.0,0.0,15.0,0.0,4,359,77.90,0.00
282000,77,338,48.4,0.1,0.0,15.5,0.1,25,338,76.73,0.00
282000,89,236,48.1,0.0,0.0,15.7,0.0,26,275,62.01,0.00
282000,49,101,23.8,24.0,0.0,16.2,23.8,2,174,37.45,10.31
282000,103,47,48.3,0.0,0.0,15.6,0.0,4,270,60.13,0.00
283000,77,323,48.5,0.0,0.0,15.5,0.0,34,328,74.47,0.00
283000,89,221,47.6,0.1,0.0,16.3,0.1,16,353,80.45,0.00
283000,49,118,23.9,24.0,0.0,16.0,23.9,2,186,40.37,9.65
283000,103,58,48.3,0.0,0.0,15.7,0.0,5,336,74.86,0.00
284000,77,349,48.0,0.1,0.0,15.8,0.1,31,334,75.30,0.00
284000,89,224,48.4,0.0,0.0,15.6,0.0,17,348,78.50,0.00
284000,49,103,23.8,23.9,0.0,16.2,23.7,5,209,45.29,11.72
284000,103,94,48.1,0.0,0.0,15.7,0.0,11,264,58.32,0.00
285000,77,322,48.4,0.0,0.0,15.6,0.0,34,353,80.03,0.00
285000,89,242,47.9,0.1,0.0,15.9,0.1,23,334,74.90,0.00
285000,49,105,24.1,23.8,0.0,16.0,23.5,4,172,37.49,10.17
285000,103,95,47.8,0.0,0.0,16.0,0.0,8,303,67.57,0.00
285000,108,50,48.1,0.0,0.0,15.9,0.0,3,481,104.50,0.00
286000,89,340,48.1,0.0,0.0,15.9,0.0,33,347,77.98,0.00
286000,77,300,48.0,0.1,0.0,15.9,0.1,33,340,76.32,0.00
286000,49,100,24.0,24.0,0.0,16.0,23.8,3,192,41.58,10.01
286000,103,74,46.8,0.1,0.0,16.9,0.1,10,291,64.85,0.00
287000,77,346,48.2,0.0,0.0,15.7,0.0,30,361,80.65,0.00
287000,89,265,48.1,0.0,0.0,15.9,0.0,10,457,102.81,0.00
287000,49,111,23.6,23.9,0.0,16.4,23.3,6,173,36.82,10.08
287000,103,84,48.2,0.0,0.0,15.8,0.0,6,309,67.34,0.00
288000,77,381,47.7,0.1,0.0,16.2,0.1,60,361,82.03,0.00
288000,89,279,47.9,0.1,0.0,15.8,0.1,21,360,81.15,0.00
288000,49,76,23.9,24.0,0.0,16.1,23.9,2,201,43.40,14.30
288000,103,63,47.7,0.0,0.0,16.3,0.0,2,379,84.11,0.00
289000,77,371,48.2,0.1,0.0,15.7,0.1,41,339,76.42,0.00
289000,89,264,48.1,0.0,0.0,15.8,0.0,18,363,81.96,0.00
289000,49,111,23.9,24.1,0.0,16.1,23.9,3,203,43.28,11.50
289000,103,56,48.2,0.0,0.0,15.4,0.0,9,278,61.91,0.00
290000,77,332,48.3,0.0,0.0,15.7,0.0,27,377,85.17,0.00
290000,89,283,48.3,0.0,0.0,15.7,0.0,26,398,90.05,0.00
290000,49,122,24.0,24.0,0.0,16.0,24.0,1,189,40.12,10.98
290000,103,51,48.1,0.0,0.0,15.8,0.0,3,336,76.69,0.00
291000,77,334,48.0,0.1,0.0,15.9,0.1,33,322,72.41,0.00
291000,89,249,48.2,0.0,0.0,15.7,0.0,19,389,88.28,0.00
291000,49,112,24.0,24.0,0.0,16.0,24.0,1,186,40.53,9.72
291000,103,85,48.0,0.0,0.0,15.9,0.0,5,261,58.14,0.00
292000,77,368,47.7,0.2,0.0,16.0,0.1,34,339,76.67,0.00
292000,89,227,47.8,0.2,0.0,16.0,0.0,14,393,87.78,0.00
292000,49,102,24.1,24.0,0.0,15.8,23.8,3,154,32.60,9.81
292000,103,65,48.1,0.0,0.0,15.6,0.0,7,267,59.93,0.00
292000,109,62,47.7,0.0,0.0,16.3,0.0,5,356,78.54,0.00
293000,89,290,48.0,0.0,0.0,15.9,0.0,25,350,77.60,0.00
293000,77,289,48.4,0.0,0.0,15.6,0.0,27,366,83.95,0.00
293000,49,86,23.8,24.0,0.0,16.2,23.8,2,203,44.17,10.37
293000,109,84,48.3,0.0,0.0,15.7,0.0,3,425,92.57,0.00
293000,103,65,48.2,0.0,0.0,15.8,0.0,7,269,60.47,0.00
294000,77,301,48.3,0.1,0.0,15.6,0.1,35,342,77.38,0.00
294000,89,281,48.0,0.0,0.0,15.9,0.0,31,355,79.14,0.00
294000,49,85,23.9,23.6,0.0,16.3,23.5,4,208,45.01,13.48
294000,109,84,47.2,0.0,0.0,15.9,0.0,6,449,97.96,0.00
294000,103,64,48.3,0.0,0.0,15.7,0.0,3,234,53.27,0.00
295000,77,337,48.3,0.1,0.0,15.7,0.1,39,312,71.01,0.00
295000,89,223,48.4,0.1,0.0,15.5,0.0,25,358,80.17,0.00
295000,49,121,24.1,24.1,0.0,15.8,24.0,3,205,44.05,10.98
295000,103,78,48.0,0.0,0.0,15.9,0.0,6,312,67.85,0.00
295000,109,48,48.2,0.0,0.0,15.8,0.0,4,498,106.95,0.00
296000,77,363,48.0,0.0,0.0,16.0,0.0,32,318,71.86,0.00
296000,89,315,48.1,0.0,0.0,15.9,0.0,30,347,78.50,0.00
296000,49,102,23.9,23.9,0.0,16.1,23.7,3,174,37.26,10.42
296000,109,31,48.0,0.0,0.0,16.0,0.0,1,624,133.67,0.00
297000,89,356,48.2,0.0,0.0,15.7,0.0,27,368,80.95,0.00
297000,77,338,48.1,0.1,0.0,15.8,0.1,35,296,66.45,0.00
297000,49,98,23.8,24.0,0.0,16.3,23.8,2,163,35.12,9.48
297000,109,19,48.7,0.0,0.0,15.3,0.0,2,496,103.17,0.00
298000,89,377,48.0,0.1,0.0,15.9,0.1,33,347,77.14,0.01
298000,77,327,48.2,0.2,0.0,15.5,0.2,40,343,77.72,0.00
298000,49,104,24.0,24.0,0.0,16.0,24.0,1,190,40.73,10.89
299000,77,382,47.9,0.0,0.0,16.0,0.0,39,317,71.98,0.00
299000,89,301,47.7,0.0,0.0,16.1,0.0,27,384,85.82,0.00
299000,49,111,23.9,24.1,0.0,15.9,23.9,2,171,36.64,10.47
299000,109,7,48.0,0.0,0.0,16.0,0.0,1,424,92.72,0.00
300000,77,385,48.2,0.1,0.0,15.7,0.1,40,285,66.54,0.00
300000,89,183,48.2,0.0,0.0,15.8,0.0,16,338,75.36,0.00
300000,49,127,23.9,24.2,0.0,15.9,23.9,3,189,41.81,9.17
300000,109,22,48.3,0.0,0.0,15.6,0.0,4,262,57.57,0.00
301000,77,359,48.4,0.1,0.0,15.5,0.1,40,285,66.48,0.00
301000,89,232,48.4,0.1,0.0,15.5,0.0,24,296,66.47,0.00
301000,49,138,23.8,23.9,0.0,16.2,23.8,3,194,42.67,8.55
302000,77,338,47.9,0.1,0.1,16.0,0.0,39,302,71.02,0.00
302000,89,178,48.2,0.0,0.0,15.8,0.0,16,314,71.41,0.00
302000,49,118,24.2,23.8,0.0,16.0,23.8,3,173,37.96,10.00
303000,77,310,48.2,0.1,0.0,15.8,0.1,33,304,69.72,0.00
303000,89,251,48.0,0.1,0.0,15.8,0.1,22,329,73.99,0.00
303000,49,96,24.0,24.1,0.0,15.9,24.0,3,218,47.87,12.07
304000,77,294,48.1,0.0,0.0,15.8,0.0,35,298,68.28,0.00
304000,89,284,48.1,0.0,0.0,15.8,0.0,19,368,83.10,0.00
304000,49,108,24.0,24.1,0.0,15.9,24.0,3,148,32.30,9.04
304000,110,52,48.2,0.0,0.0,15.7,0.0,6,267,59.76,0.00
305000,89,390,48.0,0.0,0.0,15.9,0.0,24,394,87.54,0.00
305000,77,304,48.4,0.1,0.0,15.5,0.1,30,339,77.25,0.00
305000,49,113,24.0,23.9,0.0,16.1,23.9,2,164,35.29,9.84
306000,77,315,48.1,0.1,0.0,15.8,0.1,33,344,78.23,0.00
306000,89,303,47.9,0.1,0.0,15.9,0.0,26,322,72.63,0.00
306000,49,105,23.8,24.0,0.0,16.2,23.8,2,182,39.42,10.13
307000,89,332,48.2,0.0,0.0,15.7,0.0,28,330,75.41,0.00
307000,77,289,48.3,0.0,0.0,15.6,0.0,30,338,76.84,0.00
307000,49,106,23.9,24.1,0.0,16.0,23.9,2,161,34.01,9.34
308000,77,297,48.4,0.1,0.0,15.6,0.1,36,336,76.95,0.00
308000,89,257,47.9,0.1,0.0,16.0,0.0,27,347,77.25,0.00
308000,49,110,24.0,24.0,0.0,16.0,24.0,1,201,43.37,12.93
309000,89,365,48.1,0.0,0.0,15.9,0.0,27,316,70.10,0.00
309000,77,331,48.3,0.1,0.0,15.6,0.1,34,272,62.57,0.02
309000,49,103,24.1,24.1,0.0,15.7,23.9,4,170,36.73,10.78
310000,77,318,48.1,0.0,0.0,15.9,0.0,30,309,71.39,0.00
310000,89,271,48.2,0.0,0.0,15.8,0.0,17,429,94.77,0.00
310000,49,109,24.1,23.7,0.0,16.2,23.7,4,159,35.02,9.49
311000,77,318,47.8,0.0,0.0,16.1,0.0,40,309,71.23,0.00
311000,89,274,47.9,0.0,0.0,16.1,0.0,24,388,85.98,0.00
311000,49,106,23.9,23.7,0.0,16.2,23.7,3,138,30.00,8.65
312000,77,344,47.9,0.0,0.0,16.1,0.0,35,282,65.28,0.00
312000,89,203,48.3,0.1,0.0,15.6,0.1,22,382,84.99,0.00
312000,49,111,23.8,23.9,0.0,16.3,23.6,5,173,37.24,10.30
313000,77,374,48.1,0.1,0.0,15.8,0.1,37,262,60.89,0.00
313000,89,150,47.9,0.0,0.1,16.0,0.0,8,404,88.22,0.00
313000,49,118,23.9,24.1,0.0,15.9,23.8,4,181,39.62,10.85
314000,77,332,48.4,0.1,0.0,15.5,0.1,41,306,70.87,0.00
314000,89,132,47.8,0.0,0.0,16.2,0.0,11,414,90.83,0.00
314000,49,131,24.0,24.0,0.0,16.0,24.0,1,173,37.62,10.05
314000,114,55,47.5,0.1,0.0,16.3,0.1,7,256,57.22,0.00
315000,77,325,48.0,0.0,0.0,15.9,0.0,32,262,61.22,0.00
315000,89,175,48.1,0.0,0.0,15.9,0.0,17,344,76.71,0.00
315000,49,132,23.9,24.3,0.0,15.8,23.9,3,165,36.04,9.90
315000,115,112,48.1,0.1,0.0,15.7,0.1,9,434,96.99,0.00
315000,114,49,48.3,0.1,0.0,15.6,0.1,7,211,49.79,0.00
316000,77,318,47.9,0.1,0.0,16.0,0.1,38,281,65.38,0.00
316000,115,273,48.1,0.1,0.0,15.8,0.1,22,347,77.48,0.02
316000,49,120,24.1,23.8,0.0,16.0,23.5,6,169,37.41,11.28
316000,114,86,48.1,0.0,0.0,15.9,0.0,11,200,47.11,0.00
317000,77,311,48.3,0.0,0.0,15.6,0.0,34,262,61.41,0.00
317000,115,154,47.9,0.0,0.0,16.0,0.0,19,343,76.45,0.00
317000,49,116,23.6,24.2,0.0,16.2,23.5,6,148,33.03,10.46
317000,114,101,48.5,0.2,0.0,15.3,0.2,12,254,58.27,0.00
318000,115,269,48.1,0.0,0.0,15.8,0.0,16,360,80.22,0.00
318000,77,261,48.3,0.0,0.0,15.7,0.0,33,282,65.11,0.00
318000,49,150,24.0,24.0,0.0,16.0,24.0,1,193,42.15,11.05
318000,114,120,47.8,0.0,0.0,16.0,0.0,10,223,51.56,0.00
319000,77,258,48.3,0.1,0.0,15.7,0.1,35,289,66.91,0.00
319000,115,211,48.0,0.0,0.0,15.8,0.0,15,368,81.63,0.00
319000,114,147,48.3,0.0,0.0,15.7,0.0,13,241,55.95,0.00
319000,49,107,24.0,24.0,0.0,16.0,24.0,1,195,42.68,9.25
320000,115,251,48.2,0.0,0.0,15.7,0.0,14,368,81.99,0.00
320000,77,243,48.1,0.1,0.0,15.8,0.1,22,326,76.71,0.00
320000,49,120,23.8,24.2,0.0,16.0,23.8,3,147,32.19,9.03
320000,114,106,48.4,0.0,0.0,15.5,0.0,12,227,52.55,0.00
321000,115,244,48.2,0.0,0.0,15.8,0.0,20,347,78.03,0.00
321000,77,243,48.5,0.1,0.0,15.4,0.1,32,271,62.76,0.00
321000,114,121,48.2,0.0,0.0,15.7,0.0,12,189,43.59,0.00
321000,49,95,23.9,24.0,0.0,16.1,23.9,4,135,29.91,9.88
322000,77,258,48.5,0.1,0.0,15.4,0.1,36,247,58.11,0.01
322000,115,249,48.1,0.1,0.0,15.8,0.1,14,370,82.96,0.00
322000,114,143,48.0,0.1,0.0,15.7,0.1,19,199,46.44,0.00
322000,49,117,23.9,24.1,0.0,15.9,23.9,3,164,35.35,8.37
323000,77,255,48.1,0.3,0.0,15.6,0.3,35,274,64.09,0.03
323000,115,239,48.3,0.0,0.0,15.7,0.0,17,345,77.17,0.00
323000,114,134,47.7,0.0,0.2,15.9,0.0,13,226,52.28,0.00
323000,49,124,23.7,24.4,0.0,15.9,23.7,4,188,40.91,11.11
323000,118,15,48.0,0.0,0.0,16.0,0.0,1,347,74.07,0.00
324000,115,293,48.4,0.0,0.0,15.5,0.0,30,301,68.15,0.00
324000,77,243,48.5,0.0,0.0,15.4,0.0,27,229,53.26,0.00
324000,49,111,23.9,24.0,0.0,16.0,23.9,3,160,34.97,10.64
324000,114,109,47.6,0.0,0.0,16.3,0.0,10,240,54.37,0.00
324000,118,23,48.0,0.0,0.0,16.0,0.0,3,304,67.28,0.00
325000,115,300,47.9,0.1,0.0,15.9,0.1,27,263,59.57,0.00
325000,77,238,48.3,0.1,0.0,15.6,0.1,26,220,52.45,0.00
325000,49,151,24.0,24.2,0.0,15.8,24.0,4,168,37.56,8.30
325000,114,66,47.6,0.0,0.0,16.2,0.0,10,144,34.50,0.00
325000,118,28,48.2,0.0,0.0,15.8,0.0,3,300,65.06,0.00
326000,115,297,48.3,0.0,0.0,15.7,0.0,20,279,63.03,0.01
326000,77,284,48.7,0.1,0.0,15.2,0.1,37,234,55.23,0.00
326000,49,114,24.0,24.0,0.0,16.0,24.0,1,183,40.82,10.00
326000,114,67,47.5,0.0,0.0,16.3,0.0,5,203,48.08,0.00
326000,118,29,47.3,0.0,0.0,16.7,0.0,2,316,68.16,0.00
327000,115,278,48.3,0.0,0.0,15.6,0.0,20,302,67.39,0.00
327000,77,252,48.5,0.1,0.0,15.4,0.1,24,240,56.70,0.00
327000,49,129,24.0,24.1,0.0,15.9,24.0,2,184,41.20,9.85
327000,114,117,48.4,0.0,0.0,15.6,0.0,11,219,50.37,0.00
327000,118,22,48.3,0.0,0.0,15.7,0.0,4,343,74.60,0.00
328000,115,273,48.2,0.1,0.0,15.7,0.1,23,330,74.08,0.00
328000,77,259,48.3,0.1,0.0,15.6,0.1,26,260,60.83,0.00
328000,49,121,23.9,23.9,0.0,16.2,23.8,4,159,35.30,7.94
328000,114,118,48.3,0.0,0.0,15.6,0.0,16,232,54.16,0.00
328000,118,21,46.6,0.0,0.0,17.4,0.0,2,420,91.45,0.00
329000,77,308,48.0,0.2,0.0,15.9,0.1,33,216,50.52,0.01
329000,115,208,48.3,0.0,0.0,15.7,0.0,19,326,72.18,0.00
329000,49,132,24.3,23.8,0.0,15.9,23.8,2,171,38.12,9.85
329000,114,94,48.0,0.0,0.0,15.6,0.0,12,220,50.22,0.00
329000,118,56,48.2,0.3,0.0,15.3,0.3,7,312,67.97,0.00
330000,77,271,48.0,0.1,0.0,15.9,0.1,33,262,60.69,0.00
330000,115,262,48.0,0.1,0.0,15.9,0.1,13,361,80.07,0.00
330000,114,113,48.1,0.1,0.0,15.6,0.1,14,212,48.71,0.00
330000,49,98,24.1,24.0,0.0,15.9,24.0,4,175,38.18,10.48
330000,118,49,48.2,0.0,0.0,15.8,0.0,4,414,89.99,0.00
331000,115,286,48.1,0.0,0.0,15.9,0.0,15,352,78.36,0.00
331000,77,252,48.1,0.0,0.0,15.9,0.0,30,265,62.10,0.00
331000,49,130,23.6,24.2,0.0,16.2,23.3,6,164,35.96,9.86
331000,114,106,47.6,0.1,0.0,16.0,0.1,18,200,46.73,0.00
331000,118,37,48.3,0.0,0.0,15.7,0.0,3,400,85.36,0.00
332000,115,336,48.3,0.0,0.0,15.7,0.0,21,379,83.55,0.00
332000,77,258,48.1,0.1,0.0,15.8,0.0,29,276,64.32,0.00
332000,49,100,24.0,24.0,0.0,16.0,24.0,1,213,47.05,13.06
332000,118,62,47.2,0.0,0.0,16.8,0.0,8,324,70.32,0.00
332000,114,50,48.2,0.0,0.0,15.6,0.0,8,171,39.18,0.00
333000,77,302,48.4,0.1,0.0,15.5,0.1,28,265,61.17,0.00
333000,115,300,48.2,0.1,0.0,15.7,0.1,20,397,87.98,0.00
333000,49,119,24.1,23.9,0.0,15.8,23.8,3,201,43.46,11.93
333000,114,48,48.5,0.0,0.0,15.4,0.0,7,264,59.79,0.00
333000,118,34,48.7,0.0,0.0,15.3,0.0,6,410,88.69,0.00
334000,115,316,48.2,0.0,0.0,15.8,0.0,17,388,84.99,0.00
334000,77,270,48.2,0.0,0.0,15.8,0.0,28,289,66.96,0.00
334000,49,107,23.8,24.0,0.0,16.2,23.7,4,155,33.25,10.02
334000,114,86,48.3,0.1,0.0,15.5,0.1,8,187,43.61,0.00
334000,118,17,48.1,0.0,0.0,15.9,0.0,2,516,111.04,0.00
335000,115,277,48.0,0.1,0.0,15.8,0.1,26,422,91.29,0.00
335000,77,274,48.0,0.1,0.0,15.9,0.1,26,299,69.03,0.00
335000,49,126,24.0,24.0,0.0,16.0,24.0,2,185,39.88,10.86
335000,114,90,47.2,0.0,0.0,16.3,0.0,13,230,52.80,0.00
335000,118,8,48.6,0.0,0.0,15.4,0.0,2,538,119.31,0.00
336000,115,297,48.0,0.0,0.0,15.9,0.0,22,448,96.93,0.00
336000,77,226,48.2,0.0,0.0,15.8,0.0,20,266,61.83,0.00
336000,114,152,47.7,0.0,0.1,16.0,0.0,16,248,56.15,0.00
336000,49,104,24.3,24.0,0.0,15.7,23.7,3,225,48.87,11.55
337000,77,296,48.2,0.3,0.0,15.5,0.2,38,246,56.99,0.00
337000,115,200,48.1,0.0,0.0,15.8,0.0,13,389,85.22,0.00
337000,114,187,47.8,0.0,0.0,15.9,0.0,21,227,50.71,0.00
337000,49,114,24.0,24.0,0.0,16.0,24.0,2,173,38.46,9.75
338000,77,244,48.2,0.1,0.0,15.7,0.1,24,281,64.23,0.00
338000,115,224,48.0,0.1,0.0,15.8,0.1,13,406,87.57,0.00
338000,114,164,47.8,0.0,0.0,16.0,0.0,15,263,59.16,0.00
338000,49,97,23.9,24.1,0.0,16.0,23.8,4,185,40.14,9.61
339000,115,218,47.8,0.1,0.1,16.0,0.1,18,385,84.54,0.00
339000,77,213,48.2,0.1,0.0,15.6,0.1,24,275,63.78,0.00
339000,114,170,46.6,0.1,0.1,17.0,0.1,15,233,53.30,0.00
339000,49,105,23.9,24.2,0.0,15.9,23.9,3,182,39.52,11.98
340000,115,391,48.0,0.1,0.0,15.9,0.1,37,296,65.54,0.00
340000,77,259,48.0,0.1,0.0,15.9,0.1,29,234,53.93,0.02
340000,49,87,24.0,24.0,0.0,16.0,24.0,1,167,35.67,9.11
341000,77,251,48.0,0.1,0.0,15.9,0.1,33,266,61.34,0.00
341000,115,178,48.0,0.0,0.0,15.9,0.0,13,353,77.56,0.00
341000,49,120,23.9,24.1,0.0,16.0,23.9,3,159,34.22,9.14
342000,115,277,48.4,0.1,0.0,15.5,0.1,24,330,72.16,0.00
342000,77,185,47.9,0.1,0.0,16.0,0.1,24,263,61.48,0.00
342000,123,117,47.8,0.1,0.0,16.0,0.1,8,304,69.80,0.00
342000,49,77,24.0,24.0,0.0,16.0,23.8,4,194,41.86,13.13
343000,115,204,47.8,0.1,0.0,16.0,0.1,17,384,83.40,0.00
343000,123,175,48.1,0.2,0.0,15.6,0.2,20,210,49.28,0.00
343000,77,173,48.1,0.1,0.0,15.8,0.1,19,261,60.23,0.00
343000,49,108,24.2,23.7,0.0,16.0,23.7,3,174,37.66,10.70
344000,123,269,48.1,0.0,0.0,15.8,0.0,19,230,53.06,0.00
344000,115,151,48.4,0.0,0.0,15.6,0.0,12,325,71.03,0.00
344000,77,96,48.8,0.0,0.0,15.1,0.0,20,233,53.72,0.00
344000,49,94,23.8,24.2,0.0,16.0,23.8,3,191,41.62,10.73
345000,123,291,48.2,0.1,0.0,15.7,0.1,28,251,57.83,0.00
345000,124,163,47.8,0.0,0.0,16.0,0.0,17,253,57.43,0.00
345000,115,134,46.4,0.1,0.0,17.5,0.1,13,308,69.80,0.00
345000,49,109,24.1,24.0,0.0,15.9,24.0,4,157,33.36,10.65
345000,77,87,48.1,0.0,0.0,15.9,0.0,13,242,56.19,0.00
346000,115,327,48.3,0.1,0.0,15.5,0.1,24,285,63.56,0.00
346000,123,284,48.3,0.0,0.1,15.6,0.0,24,241,55.51,0.00
346000,49,89,24.2,23.5,0.0,16.2,23.5,3,174,37.73,9.94
346000,77,62,47.6,0.3,0.0,16.1,0.3,13,238,55.73,0.00
347000,123,375,48.2,0.0,0.0,15.7,0.0,34,235,53.86,0.00
347000,115,293,47.3,0.0,0.0,16.4,0.0,33,273,60.83,0.00
347000,49,102,23.7,24.2,0.0,16.0,23.7,4,203,43.89,12.41
347000,125,59,48.1,0.0,0.0,15.9,0.0,2,380,82.79,0.00
348000,123,345,48.4,0.0,0.0,15.6,0.0,19,219,50.14,0.00
348000,115,184,48.1,0.0,0.0,15.9,0.0,12,330,72.51,0.00
348000,49,106,24.2,23.8,0.0,15.8,23.8,2,176,38.10,10.46
348000,125,45,48.2,0.0,0.0,15.8,0.0,3,447,95.29,0.00
349000,123,352,48.1,0.1,0.0,15.8,0.1,32,228,52.30,0.00
349000,115,319,47.7,0.1,0.0,16.0,0.1,35,274,60.71,0.01
349000,49,110,23.6,23.9,0.0,16.6,23.5,3,204,44.18,10.52
349000,125,30,47.4,0.4,0.0,15.5,0.4,3,385,80.99,0.00
350000,123,378,48.6,0.0,0.0,15.4,0.0,34,225,51.60,0.00
350000,115,156,47.9,0.0,0.0,15.8,0.0,18,221,50.93,0.00
350000,49,109,24.1,24.1,0.0,15.7,24.0,3,177,39.21,10.11
350000,125,10,48.0,0.0,0.0,16.0,0.0,1,448,95.26,0.00
351000,123,419,48.2,0.2,0.0,15.7,0.1,33,238,55.07,0.00
351000,49,122,24.0,24.1,0.0,15.9,24.0,3,144,31.56,7.26
351000,115,66,47.2,0.0,0.0,16.3,0.0,11,171,40.68,0.00
352000,123,325,48.5,0.1,0.0,15.4,0.1,27,225,52.53,0.02
352000,49,109,24.3,23.9,0.0,15.7,23.9,3,199,43.41,9.87
352000,115,84,48.3,0.0,0.0,15.6,0.0,9,168,39.32,0.00
353000,123,313,48.1,0.3,0.0,15.6,0.2,28,216,49.97,0.00
353000,115,147,47.7,0.0,0.0,16.1,0.0,21,208,47.83,0.00
353000,49,107,23.7,24.1,0.0,16.2,23.7,4,189,41.45,9.74
354000,123,355,48.1,0.1,0.0,15.8,0.1,27,233,54.12,0.02
354000,128,185,48.2,0.0,0.0,15.8,0.0,10,277,62.42,0.00
354000,49,125,23.8,24.1,0.0,16.1,23.8,2,189,40.91,10.81
354000,115,118,47.4,0.1,0.4,15.7,0.1,14,254,56.70,0.00
355000,123,275,47.2,0.2,0.0,16.4,0.2,27,225,51.48,0.03
355000,128,217,48.1,0.0,0.0,15.8,0.0,10,320,72.17,0.00
355000,49,100,24.0,23.4,0.0,16.6,23.4,4,180,38.97,10.44
355000,115,87,46.8,0.0,0.4,16.7,0.0,9,258,56.80,0.08
356000,123,292,48.6,0.0,0.0,15.4,0.0,25,232,52.99,0.00
356000,128,241,48.0,0.0,0.0,16.0,0.0,13,330,72.98,0.00
356000,49,101,24.1,23.7,0.0,16.1,23.7,4,180,37.95,10.21
356000,115,70,46.9,0.3,0.0,16.1,0.3,11,268,59.76,0.08
357000,123,326,47.4,0.1,0.0,16.2,0.1,35,247,56.35,0.00
357000,128,195,48.0,0.0,0.0,16.0,0.0,7,325,72.01,0.00
357000,49,105,24.2,24.1,0.0,15.7,23.8,3,166,35.68,8.96
357000,115,79,48.3,0.0,0.0,15.6,0.0,9,284,62.24,0.00
358000,123,410,48.8,0.0,0.0,15.1,0.0,41,247,55.45,0.00
358000,128,156,48.2,0.0,0.0,15.5,0.0,11,366,80.79,0.00
358000,115,99,48.0,0.0,0.0,15.9,0.0,5,256,56.97,0.00
358000,49,98,24.0,24.0,0.0,16.0,24.0,1,220,47.15,10.57
359000,123,359,48.5,0.0,0.0,15.3,0.0,36,240,54.85,0.00
359000,115,150,48.2,0.0,0.0,15.7,0.0,16,267,59.56,0.00
359000,128,144,48.4,0.0,0.0,15.6,0.0,19,325,71.73,0.00
359000,49,123,24.0,24.0,0.0,16.1,24.0,2,202,43.87,9.33
360000,123,351,48.3,0.0,0.0,15.6,0.0,29,225,50.99,0.00
360000,115,210,48.4,0.0,0.0,15.4,0.0,19,280,61.91,0.00
360000,128,114,48.0,0.0,0.0,16.0,0.0,8,251,55.22,0.00
360000,49,94,24.0,24.0,0.0,16.0,24.0,1,228,48.69,9.59
360000,132,73,48.9,0.0,0.0,15.1,0.0,9,206,46.78,0.00
361000,123,335,48.5,0.0,0.0,15.5,0.0,27,252,57.27,0.00
361000,115,154,47.4,0.0,0.1,16.4,0.0,9,303,66.69,0.00
361000,128,125,48.1,0.1,0.0,15.8,0.1,12,350,77.35,0.00
361000,49,117,24.5,23.6,0.0,15.9,23.6,3,168,35.19,8.78
361000,132,90,48.6,0.2,0.0,15.1,0.2,14,210,47.31,0.00
362000,123,365,48.3,0.0,0.0,15.7,0.0,25,248,56.72,0.00
362000,115,137,47.6,0.0,0.0,16.3,0.0,14,358,77.97,0.00
362000,128,120,48.0,0.1,0.0,15.9,0.1,12,345,75.37,0.00
362000,49,113,24.0,23.8,0.0,16.1,23.8,2,193,42.09,9.28
362000,132,92,48.6,0.0,0.0,15.3,0.0,17,205,47.57,0.00
363000,123,328,48.2,0.1,0.0,15.7,0.1,26,249,56.87,0.00
363000,128,135,48.1,0.1,0.0,15.7,0.1,12,296,66.25,0.00
363000,49,113,23.8,24.3,0.0,15.8,23.8,3,185,40.00,8.99
363000,132,112,48.7,0.0,0.0,15.3,0.0,13,239,54.39,0.00
363000,115,85,47.6,0.0,0.2,16.0,0.0,9,292,66.12,0.00
364000,123,300,48.4,0.1,0.0,15.5,0.1,23,244,55.29,0.00
364000,128,166,47.8,0.1,0.0,16.0,0.1,14,294,64.48,0.00
364000,132,163,48.5,0.0,0.0,15.5,0.0,18,234,53.10,0.00
364000,115,103,48.0,0.0,0.0,15.9,0.0,13,297,65.78,0.00
364000,49,102,24.0,24.0,0.0,16.0,24.0,1,196,42.14,11.10
365000,123,321,48.4,0.1,0.0,15.5,0.1,25,217,49.83,0.00
365000,128,146,47.6,0.0,0.0,16.3,0.0,15,279,61.29,0.00
365000,132,120,48.2,0.0,0.0,15.6,0.0,10,210,47.54,0.00
365000,115,111,47.6,0.0,0.0,16.3,0.0,13,248,56.88,0.00
365000,49,92,24.0,24.0,0.0,16.0,23.7,5,175,37.93,10.27
366000,123,363,48.4,0.1,0.0,15.5,0.1,34,242,54.73,0.00
366000,128,130,48.3,0.0,0.0,15.7,0.0,13,305,66.18,0.00
366000,49,116,23.9,23.8,0.0,16.3,23.8,4,192,41.91,10.69
366000,132,95,48.3,0.0,0.0,15.7,0.0,10,229,51.19,0.00
366000,115,66,47.9,0.0,0.0,16.0,0.0,3,414,92.79,0.00
367000,123,311,48.0,0.1,0.0,15.8,0.1,27,239,54.05,0.00
367000,128,216,47.1,0.1,0.0,16.2,0.0,19,312,68.84,0.00
367000,132,144,47.8,0.2,0.0,16.0,0.0,11,187,42.55,0.00
367000,49,89,24.4,23.9,0.0,15.7,23.8,4,183,40.08,9.70
368000,123,284,48.4,0.0,0.0,15.6,0.0,26,218,49.33,0.00
368000,132,147,48.4,0.0,0.0,15.6,0.0,15,223,51.47,0.00
368000,128,107,48.3,0.0,0.0,15.7,0.0,7,334,72.73,0.00
368000,49,94,24.0,24.0,0.0,16.0,24.0,2,171,35.96,10.53
369000,123,182,48.2,0.0,0.0,15.8,0.0,20,232,52.18,0.00
369000,132,136,48.3,0.0,0.0,15.7,0.0,18,237,53.57,0.00
369000,128,128,48.1,0.0,0.0,15.6,0.0,13,346,76.03,0.00
369000,49,74,24.3,23.7,0.0,16.1,23.7,2,152,32.23,10.72
369000,134,42,46.0,0.0,1.1,16.5,0.0,7,312,69.91,0.00
370000,123,322,48.3,0.0,0.0,15.7,0.0,22,273,61.89,0.00
370000,132,176,48.2,0.0,0.0,15.8,0.0,10,258,58.31,0.00
370000,49,103,24.0,24.2,0.0,15.9,24.0,2,182,39.41,9.93
370000,128,85,48.3,0.0,0.0,15.7,0.0,7,403,87.90,0.00
370000,134,59,47.4,0.2,0.0,15.5,0.1,10,209,46.38,0.00
371000,123,283,48.3,0.1,0.0,15.5,0.1,32,257,58.94,0.00
371000,132,221,48.0,0.0,0.0,16.0,0.0,15,254,57.18,0.00
371000,49,80,24.5,23.8,0.0,15.7,23.6,5,204,43.29,12.78
371000,128,75,48.1,0.0,0.0,15.9,0.0,8,351,76.66,0.00
371000,134,27,48.6,0.0,0.0,15.3,0.0,4,267,59.72,0.00
372000,123,254,48.1,0.2,0.0,15.7,0.2,26,252,57.56,0.00
372000,132,220,48.3,0.0,0.0,15.7,0.0,16,299,66.91,0.00
372000,49,107,24.1,23.7,0.0,16.0,23.2,6,193,41.43,11.43
372000,135,62,48.4,0.1,0.1,15.4,0.1,12,401,88.00,0.00
372000,128,53,48.2,0.0,0.0,15.7,0.0,7,324,71.45,0.00
372000,134,39,48.1,0.0,0.0,15.7,0.0,8,262,61.13,0.00
373000,123,274,48.4,0.1,0.0,15.4,0.1,28,258,58.18,0.00
373000,132,212,47.9,0.0,0.0,16.0,0.0,16,280,62.54,0.00
373000,49,75,24.4,23.7,0.0,15.9,23.7,2,225,48.24,12.99
373000,128,72,48.0,0.0,0.0,15.9,0.0,5,300,66.87,0.00
373000,135,49,48.4,0.0,0.0,15.6,0.0,8,371,81.27,0.00
373000,134,43,48.3,0.0,0.0,15.5,0.0,4,173,39.97,0.00
374000,123,257,48.2,0.1,0.0,15.7,0.1,21,246,56.44,0.00
374000,132,211,48.2,0.0,0.0,15.7,0.0,24,271,61.09,0.00
374000,49,108,24.3,23.6,0.0,16.0,23.6,3,190,40.33,11.98
374000,128,95,48.3,0.0,0.0,15.7,0.0,15,338,74.26,0.00
374000,134,47,48.0,0.0,0.0,15.8,0.0,5,259,58.49,0.00
374000,135,33,48.2,0.0,0.0,15.8,0.0,7,376,83.98,0.00
375000,123,272,48.2,0.0,0.0,15.7,0.0,33,246,56.19,0.00
375000,132,215,48.3,0.0,0.0,15.7,0.0,21,254,56.31,0.00
375000,139,102,48.0,0.1,0.0,15.9,0.1,10,360,77.45,0.00
375000,49,98,24.0,24.0,0.0,16.0,24.0,1,219,46.84,11.32
375000,128,52,48.2,0.0,0.0,15.8,0.0,4,496,108.66,0.00
375000,134,51,48.4,0.3,0.0,14.9,0.3,7,279,62.74,0.00
375000,135,24,49.0,0.0,0.0,15.0,0.0,7,258,57.38,0.00
376000,123,239,48.3,0.0,0.0,15.7,0.0,22,265,62.01,0.00
376000,132,198,48.5,0.0,0.0,15.5,0.0,20,316,71.48,0.00
376000,49,109,24.2,23.7,0.0,16.0,23.7,5,166,35.33,10.55
376000,139,82,48.2,0.0,0.0,15.8,0.0,9,321,70.06,0.00
376000,134,73,47.9,0.2,0.0,15.6,0.2,15,250,56.27,0.00
376000,128,51,47.9,0.0,0.0,15.6,0.0,8,374,81.53,0.00
376000,135,37,48.4,0.0,0.0,15.6,0.0,6,279,63.12,0.00
377000,123,257,48.1,0.1,0.0,15.7,0.1,24,243,57.03,0.00
377000,132,242,48.3,0.1,0.0,15.6,0.1,27,297,66.43,0.00
377000,49,107,24.0,24.1,0.0,15.9,24.0,2,171,36.13,10.13
377000,139,106,48.7,0.0,0.0,15.3,0.0,12,295,63.64,0.00
377000,134,72,47.9,0.5,0.1,15.4,0.5,8,191,43.74,0.00
377000,128,30,47.9,0.0,0.0,16.1,0.0,3,323,69.71,0.00
377000,135,7,48.1,0.0,0.0,15.9,0.0,2,233,50.80,0.00
378000,132,243,48.4,0.0,0.0,15.6,0.0,20,309,69.43,0.00
378000,123,239,48.0,0.3,0.0,15.6,0.3,30,223,51.60,0.00
378000,139,135,48.6,0.0,0.0,15.3,0.0,16,315,68.62,0.00
378000,49,92,24.3,23.8,0.0,15.9,23.7,4,215,46.00,10.81
378000,134,51,45.4,0.0,0.9,17.6,0.0,9,194,45.00,0.00
378000,128,31,49.1,0.0,0.0,14.7,0.0,6,274,60.45,0.00
378000,135,10,48.0,0.0,0.0,16.0,0.0,2,272,61.69,0.00
379000,132,245,48.3,0.0,0.0,15.5,0.0,25,313,71.78,0.00
379000,123,201,48.2,0.0,0.0,15.7,0.0,16,283,65.78,0.00
379000,49,129,23.8,24.1,0.0,16.1,23.8,3,195,41.96,10.41
379000,139,119,48.9,0.0,0.0,15.1,0.0,15,274,60.29,0.00
379000,134,68,47.9,0.1,0.0,15.6,0.1,7,283,64.69,0.00
379000,128,34,49.3,0.0,0.0,14.7,0.0,8,283,62.94,0.00
379000,135,7,42.7,3.4,0.0,17.9,0.3,3,146,34.61,0.00
380000,123,261,48.1,0.1,0.0,15.7,0.1,21,246,57.25,0.00
380000,132,225,48.7,0.0,0.0,15.3,0.0,20,297,66.87,0.00
380000,139,128,48.7,0.0,0.0,15.3,0.0,13,276,59.83,0.00
380000,49,117,24.2,23.9,0.0,15.9,23.9,4,245,53.44,10.92
380000,134,47,48.6,0.1,0.0,15.2,0.1,8,245,55.82,0.00
380000,135,16,48.8,0.0,0.0,15.2,0.0,6,232,51.74,0.00
380000,128,12,48.5,0.0,0.0,15.5,0.0,3,332,69.12,0.00
381000,123,249,48.2,0.1,0.0,15.7,0.1,27,234,54.90,0.00
381000,132,231,48.7,0.0,0.0,15.3,0.0,19,304,68.11,0.00
381000,139,130,48.3,0.0,0.0,15.7,0.0,7,297,64.02,0.00
381000,49,123,23.8,24.2,0.0,16.0,23.8,5,236,50.98,11.78
381000,135,45,47.5,0.1,0.0,16.4,0.1,6,267,61.02,0.00
381000,128,23,49.4,0.0,0.0,14.6,0.0,6,423,92.85,0.00
381000,134,23,47.4,0.1,0.0,16.2,0.1,5,262,61.44,0.00
382000,132,177,48.9,0.1,0.0,15.0,0.1,17,309,69.09,0.00
382000,123,149,47.9,0.1,0.0,15.8,0.1,17,251,58.51,0.00
382000,139,135,48.5,0.0,0.0,15.4,0.0,11,294,63.19,0.00
382000,49,133,24.0,23.9,0.0,16.2,23.9,3,228,49.22,10.03
382000,135,60,47.9,0.1,0.0,15.9,0.1,8,270,61.67,0.00
382000,134,26,46.7,0.0,0.0,17.3,0.0,4,262,57.79,0.00
382000,128,22,49.2,0.0,0.0,14.8,0.0,7,527,116.33,0.00
383000,123,221,47.9,0.1,0.0,16.0,0.1,18,239,55.08,0.00
383000,132,211,48.4,0.0,0.0,15.6,0.0,20,271,60.44,0.00
383000,139,152,48.4,0.1,0.0,15.4,0.1,12,286,60.79,0.00
383000,49,91,24.1,23.8,0.0,16.1,23.7,3,239,50.44,13.53
383000,135,49,48.3,0.0,0.0,15.7,0.0,7,285,62.77,0.00
383000,134,47,48.0,0.0,0.0,15.7,0.0,5,204,46.68,0.00
383000,128,25,48.7,0.0,0.0,15.2,0.0,4,381,80.13,0.00
384000,123,283,48.2,0.0,0.0,15.6,0.0,39,226,52.66,0.00
384000,132,233,48.5,0.0,0.0,15.4,0.0,28,288,64.68,0.00
384000,49,100,23.9,24.1,0.0,16.0,23.6,4,200,42.27,10.95
384000,139,90,48.5,0.0,0.0,15.5,0.0,9,270,55.92,0.00
384000,134,47,47.1,0.0,0.0,16.9,0.0,6,203,46.54,0.00
384000,128,35,48.0,0.0,0.0,16.0,0.0,2,526,114.12,0.00
384000,135,25,45.2,0.4,0.0,18.4,0.2,6,246,55.14,0.00
385000,132,196,48.1,0.0,0.0,15.8,0.0,17,282,62.91,0.00
385000,123,173,48.4,0.0,0.0,15.6,0.0,20,278,64.26,0.00
385000,49,105,24.0,23.9,0.0,16.1,23.9,3,194,41.82,9.29
385000,139,103,48.0,0.0,0.0,16.0,0.0,13,274,60.10,0.00
385000,134,40,48.0,0.0,0.0,16.0,0.0,2,317,72.01,0.00
385000,128,39,47.2,0.2,0.0,16.4,0.2,5,388,85.26,0.00
385000,135,14,48.0,0.0,0.0,16.0,0.0,1,309,69.68,0.00
386000,132,243,48.5,0.0,0.0,15.5,0.0,15,264,58.44,0.00
386000,123,130,48.1,0.1,0.0,15.8,0.1,12,301,69.75,0.00
386000,49,102,24.0,23.9,0.0,16.1,23.9,2,210,45.40,12.19
386000,139,94,48.6,0.0,0.0,15.4,0.0,7,262,58.14,0.00
386000,128,50,48.2,0.0,0.0,15.8,0.0,5,395,85.17,0.00
386000,134,45,48.1,0.1,0.0,15.3,0.1,10,248,57.45,0.00
386000,135,28,48.6,0.0,0.0,15.4,0.0,5,317,68.03,0.00
387000,132,500,48.0,0.1,0.0,15.9,0.1,52,276,62.50,0.00
387000,49,99,24.0,24.0,0.0,16.0,24.0,1,175,37.75,8.69
387000,139,85,48.1,0.1,0.0,15.8,0.1,9,305,66.52,0.00
387000,128,57,48.6,0.0,0.0,15.4,0.0,7,288,62.32,0.00
387000,135,51,48.0,0.0,0.0,16.0,0.0,3,222,48.92,0.00
387000,134,30,48.8,0.0,0.0,15.1,0.0,4,282,63.84,0.00
388000,132,330,48.0,0.0,0.0,16.0,0.0,28,276,62.03,0.00
388000,49,92,24.2,24.1,0.0,15.7,23.8,5,190,40.53,11.40
388000,128,71,47.9,0.1,0.0,15.9,0.1,11,309,68.57,0.00
388000,139,63,48.8,0.0,0.0,15.2,0.0,5,255,54.73,0.00
388000,135,63,47.7,0.0,0.0,16.3,0.0,4,295,64.49,0.00
388000,134,44,47.7,0.4,0.0,15.8,0.4,6,190,43.23,0.00
389000,132,269,48.2,0.1,0.0,15.7,0.1,24,268,59.66,0.00
389000,128,98,48.0,0.0,0.0,15.7,0.0,11,228,51.93,0.00
389000,49,87,24.0,24.0,0.0,16.0,24.0,1,158,33.84,10.82
389000,139,75,48.5,0.0,0.0,15.5,0.0,8,261,59.17,0.00
389000,135,56,45.9,0.2,0.0,17.9,0.2,7,220,48.03,0.09
389000,134,35,48.5,0.3,0.0,14.9,0.3,9,241,53.73,0.00
390000,132,268,48.6,0.0,0.0,15.4,0.0,25,253,56.66,0.00
390000,128,105,48.1,0.1,0.0,15.8,0.1,9,271,59.28,0.00
390000,49,90,24.0,24.1,0.0,16.0,24.0,2,170,35.96,9.88
390000,139,77,48.4,0.0,0.0,15.5,0.0,11,211,47.32,0.00
390000,135,47,48.2,0.0,0.0,15.8,0.0,5,338,72.70,0.00
390000,134,44,48.6,0.1,0.0,15.3,0.1,6,195,42.80,0.00
391000,132,214,49.0,0.0,0.0,14.9,0.0,21,299,66.82,0.00
391000,128,131,47.5,0.1,0.0,16.2,0.0,17,282,62.41,0.00
391000,49,94,24.1,23.8,0.0,16.1,23.4,6,160,33.90,11.73
391000,139,88,47.9,0.2,0.0,15.6,0.2,9,263,57.82,0.00
391000,134,65,48.1,0.0,0.0,15.9,0.0,6,221,50.07,0.00
391000,135,32,48.0,0.0,0.0,15.9,0.0,5,383,84.01,0.00
392000,132,270,48.7,0.1,0.0,15.2,0.1,31,306,68.59,0.00
392000,128,109,46.8,0.4,0.0,16.4,0.3,14,316,69.73,0.00
392000,143,93,48.3,0.0,0.0,15.7,0.0,16,224,52.43,0.00
392000,139,82,47.7,0.0,0.0,16.1,0.0,8,280,60.50,0.00
392000,49,79,23.8,24.0,0.0,16.1,23.4,6,176,38.28,10.43
392000,134,60,47.2,0.4,0.0,15.8,0.3,8,274,60.27,0.00
392000,135,39,47.6,0.1,0.0,16.2,0.1,6,313,69.10,0.00
393000,132,233,49.1,0.0,0.0,14.8,0.0,26,343,76.29,0.00
393000,128,193,47.8,0.1,0.0,15.9,0.0,22,303,67.31,0.00
393000,143,121,48.1,0.3,0.0,15.6,0.3,15,187,43.61,0.00
393000,49,66,24.0,23.9,0.0,15.8,23.9,2,158,33.36,12.66
393000,139,63,48.1,0.0,0.0,15.6,0.0,9,256,56.33,0.00
393000,144,49,48.7,0.0,0.0,15.3,0.0,7,237,54.77,0.00
393000,134,45,48.4,0.0,0.0,15.4,0.0,4,427,92.88,0.00
393000,135,30,48.1,0.0,0.0,15.9,0.0,5,219,48.40,0.00
394000,132,258,48.7,0.3,0.0,14.9,0.3,25,308,68.63,0.00
394000,128,211,48.1,0.1,0.0,15.6,0.1,30,232,52.30,0.00
394000,143,101,48.4,0.1,0.0,15.4,0.1,15,200,47.26,0.00
394000,139,90,47.3,0.0,0.1,16.1,0.0,7,235,52.97,0.00
394000,49,70,24.0,24.2,0.0,15.9,24.0,2,151,32.87,10.42
394000,135,56,48.2,0.0,0.0,15.8,0.0,11,276,59.98,0.00
394000,134,30,47.8,0.0,0.0,16.2,0.0,3,321,69.94,0.00
394000,144,27,47.7,0.0,0.0,16.3,0.0,3,251,60.43,0.00
395000,132,281,49.1,0.0,0.0,14.8,0.0,18,331,72.81,0.00
395000,128,183,48.0,0.2,0.0,15.7,0.1,18,293,64.90,0.04
395000,139,82,48.4,0.2,0.0,15.4,0.2,9,269,60.00,0.00
395000,49,80,23.9,24.0,0.0,16.1,23.9,2,135,29.28,10.43
395000,135,78,48.1,0.0,0.0,15.9,0.0,5,292,64.61,0.00
395000,143,44,48.4,0.0,0.0,15.6,0.0,4,196,46.25,0.00
395000,144,33,47.5,0.0,0.0,16.5,0.0,7,253,56.45,0.00
395000,134,31,46.0,0.0,0.4,17.5,0.0,4,245,55.63,0.00
396000,132,264,48.8,0.0,0.0,15.0,0.0,28,331,73.41,0.00
396000,139,141,47.7,0.1,0.1,15.8,0.1,18,262,58.50,0.00
396000,128,135,47.9,0.0,0.0,16.0,0.0,16,259,57.27,0.00
396000,135,109,47.8,0.0,0.0,16.2,0.0,6,360,78.42,0.00
396000,49,74,23.9,23.9,0.0,16.1,23.9,2,130,27.87,9.19
396000,134,53,46.3,0.0,0.0,16.3,0.0,8,267,60.38,0.00
396000,143,28,48.2,0.0,0.0,15.8,0.0,3,192,41.40,0.00
396000,144,14,49.2,0.0,0.0,14.8,0.0,4,200,48.27,0.00
397000,132,280,49.0,0.0,0.0,14.9,0.0,24,327,73.20,0.00
397000,139,139,47.9,0.1,0.0,15.9,0.1,18,232,51.40,0.00
397000,128,116,48.0,0.1,0.0,15.9,0.1,10,314,68.02,0.00
397000,135,109,47.5,0.0,0.0,16.5,0.0,10,328,71.84,0.00
397000,134,80,48.0,0.0,0.0,15.8,0.0,7,263,60.36,0.00
397000,49,65,23.8,23.6,0.1,16.4,23.3,4,161,34.25,12.91
397000,144,25,49.0,0.0,0.0,15.0,0.0,6,290,67.24,0.00
397000,143,10,48.0,0.0,0.0,16.0,0.0,1,210,47.65,0.00
398000,132,294,48.7,0.1,0.0,15.1,0.1,29,343,76.19,0.00
398000,139,123,46.8,0.0,0.0,17.1,0.0,20,219,47.82,0.00
398000,135,121,47.3,0.4,0.0,16.1,0.2,17,310,67.15,0.00
398000,128,116,47.3,0.0,0.0,16.6,0.0,12,239,53.20,0.00
398000,134,64,48.8,0.0,0.0,15.0,0.0,12,264,60.37,0.00
398000,49,56,23.9,23.6,0.0,16.6,23.6,2,161,34.57,12.10
398000,144,34,48.6,0.0,0.0,15.4,0.0,7,257,58.38,0.00
398000,143,6,48.0,0.0,0.0,16.0,0.0,1,105,26.20,0.00
399000,132,298,49.3,0.0,0.0,14.7,0.0,24,326,72.64,0.00
399000,135,164,47.7,0.0,0.0,16.2,0.0,19,339,73.49,0.00
399000,139,148,47.9,0.1,0.0,16.0,0.0,20,273,59.10,0.00
399000,49,79,24.3,23.9,0.0,15.8,23.9,3,135,28.89,9.33
399000,134,68,48.4,0.1,0.0,15.4,0.1,14,228,51.26,0.00
399000,128,61,48.1,0.0,0.0,15.9,0.0,4,329,71.81,0.00
399000,144,26,48.3,0.0,0.0,15.7,0.0,6,231,52.99,0.00
399000,143,8,47.9,1.1,0.0,15.0,1.1,3,79,19.02,0.00
400000,132,328,48.7,0.1,0.0,15.0,0.1,35,318,71.29,0.00
400000,135,177,48.1,0.0,0.0,15.9,0.0,17,309,67.14,0.00
400000,139,120,47.9,0.0,0.1,16.0,0.0,12,258,56.62,0.00
400000,49,65,24.0,24.1,0.0,15.8,23.7,5,143,29.67,13.82
400000,128,62,48.3,0.0,0.0,15.7,0.0,5,387,84.03,0.00
400000,134,36,48.2,0.0,0.0,15.7,0.0,4,202,44.54,0.00
400000,143,18,48.1,0.0,0.0,15.8,0.0,2,201,45.61,0.00
400000,144,13,48.8,0.0,0.0,15.2,0.0,5,218,51.38,0.00
401000,132,276,48.6,0.0,0.0,15.2,0.0,30,336,74.98,0.00
401000,135,190,47.5,0.0,0.0,16.4,0.0,21,380,82.61,0.00
401000,139,143,47.4,0.7,0.0,15.8,0.7,24,240,52.59,0.00
401000,128,69,48.2,0.0,0.0,15.7,0.0,7,295,64.73,0.00
401000,49,60,23.9,23.5,0.0,16.6,23.4,4,143,30.27,12.64
401000,134,58,48.0,0.0,0.0,15.7,0.0,9,231,52.77,0.00
401000,144,9,48.4,0.0,0.0,15.6,0.0,3,335,75.33,0.00
402000,132,309,48.8,0.0,0.0,15.1,0.0,31,327,73.49,0.00
402000,135,167,47.4,0.0,0.0,16.5,0.0,17,358,78.27,0.00
402000,139,128,48.4,0.1,0.0,15.4,0.1,14,280,60.69,0.00
402000,128,76,48.0,0.0,0.1,15.9,0.0,5,326,70.62,0.00
402000,49,65,23.8,23.7,0.0,16.5,23.7,3,117,25.12,9.61
402000,134,46,46.7,0.1,0.0,16.9,0.1,8,275,62.46,0.00
402000,144,28,47.6,0.0,0.0,16.4,0.0,5,257,59.59,0.00
403000,132,275,48.7,0.0,0.0,15.2,0.0,23,298,67.32,0.00
403000,135,225,47.8,0.0,0.0,16.1,0.0,24,345,74.82,0.00
403000,139,147,47.4,0.3,0.0,15.7,0.2,17,244,53.80,0.00
403000,49,66,24.1,24.2,0.0,15.7,23.9,4,164,33.91,11.44
403000,128,49,47.9,0.0,0.0,16.1,0.0,3,317,68.29,0.00
403000,134,35,48.5,0.1,0.0,15.1,0.1,5,366,83.27,0.00
403000,144,32,48.2,0.0,0.0,15.8,0.0,8,275,63.10,0.00
404000,132,431,48.4,0.0,0.0,15.5,0.0,43,279,62.85,0.00
404000,135,240,47.5,0.0,0.1,16.4,0.0,24,449,97.15,0.00
404000,49,59,23.9,24.1,0.0,16.0,23.8,3,175,36.33,13.70
404000,128,38,48.1,0.0,0.0,15.8,0.0,3,289,64.46,0.00
404000,134,37,47.1,0.0,0.0,16.4,0.0,6,357,79.28,0.00
404000,144,17,48.2,1.4,0.0,14.4,1.4,6,172,38.15,0.00
405000,132,288,48.5,0.0,0.0,15.5,0.0,29,300,67.66,0.00
405000,135,224,47.5,0.0,0.0,16.5,0.0,23,387,84.09,0.00
405000,49,76,24.2,23.9,0.0,15.9,23.4,4,126,26.72,11.08
405000,128,58,48.3,0.0,0.0,15.6,0.0,8,260,56.55,0.00
405000,134,39,47.5,0.0,0.0,16.5,0.0,3,261,57.55,0.00
405000,144,9,49.3,0.0,0.0,14.7,0.0,4,210,48.22,0.00
406000,132,303,48.3,0.0,0.0,15.6,0.0,26,254,57.39,0.00
406000,135,191,48.0,0.0,0.0,15.8,0.0,20,398,85.79,0.00
406000,49,87,24.1,23.9,0.0,16.0,23.9,2,144,30.28,9.34
406000,128,86,46.9,0.2,0.0,16.3,0.2,10,303,66.19,0.00
406000,134,32,48.3,0.0,0.0,15.6,0.0,8,369,80.57,0.00
407000,132,291,48.5,0.1,0.0,15.3,0.1,32,293,66.01,0.00
407000,135,239,47.6,0.0,0.0,16.3,0.0,21,404,86.68,0.00
407000,134,65,48.0,0.3,0.0,15.5,0.3,8,256,57.20,0.00
407000,49,65,24.0,24.0,0.0,16.0,24.0,1,153,31.98,9.98
407000,128,26,48.3,0.0,0.0,15.7,0.0,4,342,74.81,0.00
408000,132,281,48.0,0.1,0.0,15.9,0.1,33,299,67.77,0.00
408000,135,236,47.1,0.0,0.0,16.9,0.0,20,472,102.45,0.00
408000,49,73,23.1,23.5,0.0,17.4,22.5,4,109,22.39,12.05
408000,128,45,45.3,0.4,0.3,17.9,0.2,7,319,70.32,0.00
408000,134,41,46.8,0.0,0.0,16.6,0.0,8,399,85.05,0.00
409000,132,286,48.0,0.1,0.0,15.8,0.1,29,318,72.41,0.00
409000,135,277,46.8,0.1,0.0,17.1,0.0,36,412,89.40,0.01
409000,49,119,19.2,21.6,0.0,22.9,18.0,13,118,27.44,9.88
409000,145,76,47.6,0.3,0.0,16.1,0.3,12,249,55.47,0.05
409000,134,32,47.9,0.0,0.0,15.9,0.0,6,519,111.69,0.00
409000,128,17,48.4,0.0,0.0,15.6,0.0,2,331,73.54,0.00
410000,132,314,47.8,0.0,0.0,16.1,0.0,31,296,67.46,0.00
410000,135,303,45.0,0.1,0.0,18.9,0.1,57,326,72.23,0.01
410000,49,97,21.1,22.1,0.0,20.8,19.2,8,155,34.71,8.31
410000,145,73,46.8,0.6,0.0,16.5,0.5,13,215,48.26,0.00
410000,128,31,46.3,0.0,0.0,17.7,0.0,5,215,47.06,0.00
410000,134,18,46.8,0.6,0.0,16.4,0.6,6,466,99.25,0.00
411000,135,377,42.4,0.1,0.0,21.4,0.1,72,261,59.61,0.00
411000,132,277,48.2,0.0,0.0,15.8,0.0,28,290,65.63,0.00
411000,49,92,22.0,21.0,0.0,21.0,19.0,7,131,29.20,9.60
411000,145,44,47.9,0.1,0.0,16.0,0.1,3,334,74.72,0.00
411000,128,26,47.8,0.2,0.0,16.0,0.2,2,339,75.24,0.00
411000,134,6,48.0,0.0,0.0,16.0,0.0,2,548,119.33,0.00
412000,132,357,48.3,0.0,0.0,15.6,0.0,31,299,68.03,0.00
412000,135,202,47.5,0.1,0.0,16.4,0.1,28,399,86.23,0.00
412000,145,123,47.7,0.0,0.0,16.0,0.0,19,220,48.70,0.00
412000,49,69,23.5,23.4,0.0,17.1,23.1,5,195,41.66,13.06
412000,134,37,47.8,0.0,0.0,16.1,0.0,9,228,50.30,0.00
412000,128,27,48.1,0.0,0.0,15.9,0.0,2,330,72.17,0.00
413000,132,354,48.1,0.1,0.0,15.8,0.1,24,335,76.66,0.00
413000,135,183,47.0,0.1,0.0,16.7,0.1,17,398,85.75,0.00
413000,145,139,48.0,0.2,0.0,15.7,0.2,13,265,58.51,0.00
413000,49,78,24.0,24.3,0.0,15.7,23.9,3,170,35.95,12.33
413000,134,42,47.5,0.0,0.0,16.4,0.0,8,316,68.39,0.00
413000,128,26,47.3,0.0,0.0,16.7,0.0,4,270,58.58,0.00
414000,132,360,48.1,0.1,0.0,15.8,0.0,21,337,76.73,0.00
414000,135,193,46.8,0.1,0.0,16.9,0.1,29,409,88.26,0.00
414000,145,140,47.2,0.1,0.0,16.4,0.1,13,247,54.88,0.00
414000,49,51,23.9,24.0,0.0,16.1,23.9,2,144,29.27,11.64
414000,134,45,48.1,0.0,0.0,15.9,0.0,2,328,71.86,0.00
414000,128,20,49.2,0.3,0.0,14.5,0.3,6,322,68.67,0.00
415000,132,369,48.2,0.0,0.0,15.8,0.0,27,334,76.54,0.00
415000,135,181,47.9,0.1,0.0,16.0,0.0,18,514,110.87,0.00
415000,145,151,48.1,0.1,0.0,15.5,0.1,18,245,54.05,0.00
415000,49,86,24.2,23.7,0.0,16.0,23.7,3,174,36.60,12.47
415000,134,50,47.8,0.0,0.0,15.9,0.0,8,429,91.62,0.00
415000,128,7,48.9,0.0,0.0,15.1,0.0,2,456,99.02,0.00
416000,132,366,47.2,0.2,0.0,16.3,0.0,40,321,72.49,0.00
416000,135,206,47.5,0.0,0.0,16.4,0.0,19,423,92.13,0.00
416000,145,116,46.4,0.3,0.0,16.8,0.2,18,229,50.24,0.00
416000,134,66,47.4,0.1,0.1,16.2,0.1,9,309,68.41,0.00
416000,49,60,24.3,23.5,0.0,16.2,23.3,5,138,28.38,13.00
416000,128,10,48.8,0.0,0.0,14.9,0.0,3,239,50.77,0.00
417000,132,346,48.0,0.2,0.0,15.8,0.1,27,281,64.23,0.00
417000,135,220,48.0,0.0,0.0,15.9,0.0,19,404,87.67,0.00
417000,145,129,47.7,0.2,0.0,15.9,0.2,17,256,56.68,0.00
417000,49,78,23.8,23.6,0.0,16.5,23.5,4,147,30.94,11.94
417000,134,68,47.5,0.1,0.0,16.2,0.0,18,319,68.71,0.00
417000,128,5,51.2,0.0,0.0,12.8,0.0,2,269,57.97,0.00
418000,132,356,47.9,0.0,0.0,15.9,0.0,31,284,64.01,0.00
418000,135,234,46.9,0.2,0.0,16.9,0.1,31,420,91.15,0.01
418000,145,107,48.1,0.1,0.0,15.6,0.1,20,251,55.32,0.00
418000,49,78,23.8,23.8,0.0,16.4,23.6,4,112,23.18,8.84
418000,134,51,48.3,0.0,0.0,15.7,0.0,9,456,97.69,0.00
418000,128,10,49.3,0.0,0.0,14.7,0.0,3,225,50.06,0.00
419000,132,303,48.5,0.0,0.0,15.5,0.0,27,331,75.22,0.00
419000,135,261,47.1,0.1,0.0,16.6,0.1,33,410,88.80,0.00
419000,145,131,48.1,0.0,0.0,15.8,0.0,10,212,47.35,0.00
419000,49,89,23.7,24.0,0.0,16.3,23.7,4,116,24.72,8.97
419000,134,39,48.7,0.1,0.0,15.1,0.1,11,317,69.02,0.00
420000,132,327,47.7,0.0,0.0,16.0,0.0,35,302,69.04,0.00
420000,135,251,46.9,0.0,0.0,17.0,0.0,26,417,90.26,0.00
420000,145,145,47.8,0.0,0.0,16.1,0.0,14,216,49.40,0.00
420000,49,56,23.5,24.1,0.0,16.3,23.5,5,113,22.88,9.40
420000,134,53,47.7,0.0,0.0,15.9,0.0,8,346,74.49,0.00
421000,132,320,47.4,0.1,0.0,16.2,0.0,27,327,73.93,0.00
421000,135,207,47.6,0.0,0.0,16.3,0.0,23,422,92.45,0.00
421000,145,139,47.8,0.0,0.0,16.1,0.0,14,254,55.73,0.00
421000,49,70,23.3,24.1,0.0,16.5,23.3,2,164,33.92,13.67
421000,134,68,48.2,0.0,0.0,15.8,0.0,9,341,75.17,0.00
422000,132,362,48.1,0.1,0.0,15.9,0.0,29,320,72.50,0.00
422000,135,207,47.3,0.1,0.0,16.6,0.1,22,449,97.18,0.00
422000,145,149,47.6,0.1,0.2,16.1,0.1,23,245,53.69,0.00
422000,49,65,23.6,24.0,0.0,16.4,23.6,2,173,35.07,11.29
422000,134,57,46.2,0.0,0.2,17.2,0.0,11,449,96.87,0.00
423000,132,399,47.1,0.1,0.0,16.5,0.1,32,305,68.73,0.00
423000,135,147,46.6,0.1,0.0,17.2,0.1,23,393,85.07,0.00
423000,145,122,46.5,0.1,0.3,16.9,0.1,15,264,58.77,0.00
423000,49,90,20.5,23.9,0.0,19.6,20.4,6,142,32.17,9.96
423000,134,63,46.8,0.1,0.0,16.9,0.1,12,371,81.11,0.00
424000,132,323,47.9,0.0,0.0,16.1,0.0,36,268,60.41,0.00
424000,145,172,44.9,0.4,0.9,17.8,0.4,34,176,39.73,0.02
424000,134,130,47.1,0.2,0.0,16.4,0.2,34,258,56.60,0.00
424000,135,128,44.2,0.1,0.0,19.6,0.1,25,323,70.25,0.00
424000,49,80,22.4,23.4,0.0,18.2,20.5,8,132,28.89,10.83
425000,132,306,47.8,0.0,0.0,16.0,0.0,48,256,57.79,0.00
425000,145,183,44.6,0.0,0.9,18.4,0.0,32,202,45.45,0.00
425000,135,125,44.0,0.1,0.0,19.7,0.1,26,277,62.20,0.00
425000,134,117,47.3,0.0,0.0,16.6,0.0,27,326,71.02,0.00
425000,49,86,19.9,23.4,0.0,20.7,19.0,4,162,36.73,10.30
426000,132,271,48.0,0.0,0.0,15.9,0.0,27,288,64.54,0.00
426000,135,228,42.8,0.1,0.0,20.7,0.1,53,174,39.75,0.00
426000,145,128,44.4,0.2,1.1,18.0,0.2,35,201,44.52,0.00
426000,49,102,20.1,23.7,0.0,20.2,19.5,4,156,35.03,8.60
426000,134,95,47.3,0.2,0.0,16.4,0.2,17,313,67.24,0.00
427000,135,484,40.9,0.1,0.0,22.7,0.1,122,174,40.79,0.01
427000,132,186,47.8,0.0,0.0,16.1,0.0,31,323,72.72,0.00
427000,49,76,18.0,23.9,0.0,22.1,18.0,2,157,37.10,5.78
427000,145,58,47.0,0.4,0.0,16.2,0.4,17,245,52.58,0.06
427000,134,30,47.0,0.0,0.0,16.5,0.0,10,507,108.12,0.00
428000,135,614,38.9,0.1,0.0,24.8,0.1,142,190,45.55,0.01
428000,132,133,47.3,0.0,0.0,16.6,0.0,17,271,61.18,0.00
428000,49,64,19.0,24.2,0.0,20.7,17.9,6,134,30.97,8.23
428000,145,23,45.9,1.0,0.0,16.9,1.0,7,184,42.36,0.00
428000,134,8,45.0,1.2,0.0,17.8,1.2,5,497,109.74,0.58
429000,135,587,35.3,0.1,0.7,24.2,0.1,136,193,45.14,0.04
429000,132,135,47.3,0.0,0.0,16.3,0.0,28,229,52.44,0.00
429000,49,90,20.0,23.3,0.0,20.6,17.9,10,114,25.89,8.32
429000,145,19,44.8,0.0,0.0,18.9,0.0,4,215,50.01,0.00
429000,134,16,43.4,0.0,0.0,20.6,0.0,5,298,66.35,0.00
430000,135,451,36.7,0.2,0.8,25.9,0.2,106,164,39.50,0.07
430000,132,233,45.9,0.0,0.0,17.3,0.0,48,240,54.91,0.00
430000,134,84,40.5,0.1,0.0,23.2,0.1,26,119,29.13,0.00
430000,145,51,39.9,0.0,0.0,22.3,0.0,19,176,40.09,0.00
430000,49,47,20.0,22.1,0.0,21.2,16.7,6,125,27.90,6.64
431000,135,486,38.1,0.1,0.0,25.6,0.1,105,163,39.52,0.00
431000,132,185,45.7,0.0,0.0,17.7,0.0,31,206,47.04,0.00
431000,49,96,18.1,24.1,0.0,21.8,18.0,4,119,26.75,8.18
431000,134,61,41.6,0.0,0.0,22.2,0.0,16,103,25.90,0.00
431000,145,17,45.6,0.0,0.0,18.1,0.0,7,335,73.37,0.00
432000,135,481,38.5,0.0,0.0,25.4,0.0,114,193,46.96,0.00
432000,132,213,44.4,0.0,0.0,18.8,0.0,37,211,49.62,0.00
432000,49,65,18.6,23.4,0.0,21.9,17.5,5,134,30.42,10.05
432000,134,63,42.0,0.0,0.0,21.0,0.0,18,162,38.87,0.00
432000,145,9,43.0,1.4,0.9,18.7,1.4,4,172,36.31,0.00
433000,132,283,44.5,0.1,0.0,18.3,0.1,51,197,46.64,0.00
433000,135,210,39.3,0.1,0.0,24.6,0.1,55,144,35.56,0.02
433000,134,158,41.0,0.0,0.1,22.6,0.0,34,117,28.96,0.00
433000,49,156,23.4,22.0,0.0,18.4,18.8,12,103,22.64,7.77
434000,132,344,43.0,0.1,0.0,18.6,0.1,67,191,44.96,0.00
434000,135,237,39.9,0.0,0.0,24.0,0.0,66,177,42.55,0.00
434000,134,127,40.3,0.1,0.0,23.1,0.0,35,134,33.14,0.00
434000,49,119,22.4,22.6,0.0,18.9,18.6,12,87,18.56,7.14
435000,49,317,24.0,24.0,0.0,16.0,24.0,2,253,57.94,9.71
435000,132,140,48.5,0.0,0.0,15.5,0.0,19,174,41.66,0.00
435000,135,40,49.6,0.0,0.0,14.4,0.0,7,158,36.79,0.00
436000,132,544,48.3,0.0,0.0,15.7,0.0,48,216,49.96,0.00
436000,49,130,23.8,24.2,0.0,16.0,23.8,3,289,64.27,12.00
436000,135,113,48.7,0.0,0.0,15.3,0.0,12,239,54.66,0.00
437000,132,504,48.5,0.0,0.0,15.4,0.0,56,243,55.70,0.00
437000,135,156,48.7,0.0,0.0,15.3,0.0,15,213,48.52,0.00
437000,49,128,24.2,24.0,0.0,15.7,23.7,4,242,53.51,12.64
438000,132,458,48.3,0.1,0.0,15.5,0.1,50,273,62.33,0.00
438000,135,218,48.3,0.2,0.0,15.4,0.2,26,227,52.02,0.00
438000,49,130,24.1,24.2,0.0,15.8,24.0,5,213,46.66,10.21
439000,132,449,48.3,0.0,0.0,15.7,0.0,48,271,62.45,0.00
439000,135,233,48.0,0.1,0.0,15.9,0.0,31,244,55.26,0.00
439000,49,105,24.0,24.0,0.0,16.0,24.0,1,173,37.67,9.34
440000,132,521,48.3,0.0,0.0,15.5,0.0,41,281,64.07,0.00
440000,135,200,47.5,0.0,0.0,16.5,0.0,29,242,54.76,0.00
440000,49,77,23.8,23.8,0.0,16.4,23.4,6,206,44.04,10.13
441000,132,554,48.5,0.0,0.0,15.4,0.0,41,273,62.37,0.00
441000,135,161,48.5,0.0,0.0,15.5,0.0,23,225,50.37,0.00
441000,49,95,24.0,24.0,0.0,16.0,24.0,1,195,42.14,9.99
442000,132,538,48.2,0.0,0.0,15.6,0.0,42,281,65.11,0.00
442000,135,149,48.3,0.0,0.0,15.7,0.0,17,241,54.85,0.00
442000,49,123,23.8,24.0,0.0,16.2,23.8,2,204,43.81,10.84
443000,132,511,48.2,0.0,0.0,15.7,0.0,42,274,63.21,0.00
443000,135,223,47.7,0.1,0.0,16.2,0.0,25,184,41.46,0.00
443000,49,99,24.0,24.1,0.0,15.9,23.9,4,181,38.45,11.25
444000,132,533,48.0,0.0,0.0,15.8,0.0,47,264,61.42,0.00
444000,135,147,48.5,0.0,0.0,15.5,0.0,14,235,52.33,0.00
444000,49,106,24.1,23.9,0.0,16.0,23.9,2,172,36.92,10.85
445000,132,523,48.3,0.0,0.0,15.7,0.0,43,272,62.89,0.00
445000,135,150,48.0,0.0,0.0,15.9,0.0,20,230,51.26,0.00
445000,49,105,24.1,23.7,0.0,16.1,23.7,3,173,37.25,10.62
446000,132,602,48.4,0.1,0.0,15.5,0.1,59,261,60.06,0.01
446000,135,118,48.0,0.0,0.0,16.0,0.0,17,207,45.46,0.00
446000,49,111,24.0,24.0,0.0,15.9,23.9,5,193,41.60,9.65
447000,132,523,48.2,0.1,0.0,15.6,0.0,40,279,64.18,0.00
447000,135,177,48.0,0.0,0.0,16.0,0.0,17,242,54.32,0.00
447000,49,90,24.0,23.8,0.0,16.1,23.8,4,172,37.43,8.79
448000,132,589,48.4,0.1,0.0,15.5,0.1,46,253,58.13,0.00
448000,135,109,48.3,0.0,0.0,15.7,0.0,15,250,54.79,0.00
448000,49,94,23.7,23.7,0.0,16.5,23.7,3,210,45.83,10.01
449000,132,565,48.2,0.0,0.0,15.7,0.0,48,275,64.22,0.00
449000,49,130,24.2,23.3,0.0,16.5,23.3,5,186,40.81,9.51
449000,135,105,48.5,0.0,0.0,15.5,0.0,18,213,47.40,0.00
450000,132,608,47.7,0.1,0.0,16.2,0.0,63,268,61.67,0.00
450000,49,113,24.0,24.0,0.0,16.0,24.0,1,235,52.41,9.66
450000,135,88,46.6,0.0,0.6,16.8,0.0,12,206,46.33,0.00
451000,132,564,48.5,0.0,0.0,15.5,0.0,48,295,67.87,0.00
451000,49,135,24.0,24.0,0.0,16.1,23.9,3,233,50.99,11.82
451000,135,124,48.5,0.0,0.0,15.5,0.0,15,189,42.03,0.00
452000,132,556,48.8,0.0,0.0,15.2,0.0,45,313,72.37,0.00
452000,135,136,48.2,0.0,0.0,15.8,0.0,13,232,51.82,0.00
452000,49,117,23.9,23.8,0.0,16.3,23.8,2,254,55.62,10.48
453000,132,534,48.5,0.0,0.0,15.3,0.0,49,284,64.94,0.00
453000,135,157,48.3,0.0,0.0,15.7,0.0,11,232,52.46,0.00
453000,49,112,24.0,24.0,0.0,16.0,23.8,5,187,40.74,10.42
454000,132,541,48.3,0.1,0.0,15.5,0.0,58,252,58.03,0.00
454000,135,166,47.9,0.0,0.0,16.1,0.0,20,257,57.15,0.00
454000,49,104,23.8,24.1,0.0,16.1,23.8,3,200,43.00,12.46
455000,132,622,48.7,0.0,0.0,15.2,0.0,51,232,53.74,0.00
455000,49,135,23.6,24.2,0.0,16.0,23.5,7,178,38.67,9.40
455000,135,60,48.4,0.1,0.0,15.5,0.1,8,253,57.20,0.00
456000,132,618,48.3,0.1,0.0,15.6,0.1,65,229,52.72,0.00
456000,49,102,24.0,24.0,0.0,16.0,24.0,1,264,57.57,11.64
456000,135,89,48.0,0.0,0.0,16.0,0.0,17,226,51.82,0.00
457000,132,624,48.8,0.0,0.0,15.2,0.0,55,264,60.39,0.00
457000,49,123,23.8,24.2,0.0,16.0,23.8,2,183,40.19,8.26
457000,135,83,48.0,0.0,0.0,16.0,0.0,10,227,50.91,0.00
458000,132,552,48.9,0.0,0.0,15.0,0.0,49,276,64.04,0.00
458000,49,129,24.0,24.0,0.0,16.0,24.0,3,184,40.29,10.26
458000,135,106,48.1,0.1,0.0,15.8,0.1,18,193,44.36,0.00
459000,132,544,48.3,0.1,0.0,15.5,0.0,51,250,57.67,0.00
459000,135,139,47.9,0.1,0.0,16.0,0.1,14,254,57.45,0.00
459000,49,118,24.0,24.0,0.0,16.0,24.0,2,241,53.06,10.19
460000,132,543,48.6,0.0,0.0,15.2,0.0,53,237,54.47,0.00
460000,135,116,48.4,0.0,0.0,15.6,0.0,14,272,60.78,0.00
460000,49,116,24.1,23.8,0.0,16.0,23.8,3,231,49.94,11.70
461000,132,525,48.3,0.0,0.1,15.6,0.0,69,225,52.45,0.01
461000,135,146,48.2,0.0,0.0,15.8,0.0,18,223,50.44,0.00
461000,49,136,23.9,24.4,0.0,15.6,23.5,5,248,54.43,11.85
462000,132,551,48.5,0.1,0.0,15.3,0.0,53,215,49.65,0.00
462000,135,114,48.8,0.0,0.0,15.2,0.0,22,236,54.55,0.00
462000,49,103,24.0,22.9,0.0,16.7,22.4,10,163,35.87,9.25
463000,132,529,48.4,0.1,0.0,15.5,0.1,62,221,51.61,0.01
463000,135,133,48.1,0.0,0.0,15.9,0.0,17,237,54.21,0.00
463000,49,126,23.5,24.3,0.0,16.2,23.5,5,189,41.61,9.40
464000,132,564,48.7,0.0,0.0,15.3,0.0,55,207,48.25,0.00
464000,49,128,24.0,23.9,0.0,16.1,23.9,2,176,38.42,9.73
464000,135,120,47.9,0.0,0.0,16.1,0.0,16,264,60.15,0.00
465000,132,560,48.4,0.1,0.0,15.5,0.0,58,233,54.15,0.00
465000,135,140,48.6,0.0,0.0,15.4,0.0,18,212,47.77,0.00
465000,49,113,23.9,23.6,0.0,16.3,23.4,6,152,33.02,10.13
466000,132,547,48.7,0.1,0.0,15.2,0.1,50,246,57.09,0.00
466000,135,134,48.2,0.0,0.0,15.8,0.0,15,232,53.41,0.00
466000,49,109,23.8,23.3,0.0,16.8,23.0,6,226,49.24,13.83
467000,132,553,48.4,0.1,0.0,15.4,0.1,45,238,54.63,0.02
467000,135,136,48.5,0.0,0.0,15.5,0.0,21,210,48.15,0.00
467000,49,115,24.1,23.8,0.0,16.0,23.8,2,223,48.66,10.99
468000,132,549,48.9,0.0,0.0,15.0,0.0,49,239,54.89,0.00
468000,49,126,24.0,24.0,0.0,15.9,24.0,3,180,39.66,8.07
468000,135,120,48.4,0.1,0.0,15.5,0.1,19,239,55.28,0.00
469000,132,656,48.6,0.0,0.0,15.3,0.0,64,198,45.60,0.01
469000,49,110,24.1,24.0,0.0,15.9,24.0,2,222,48.85,11.11
469000,135,42,48.2,0.0,0.0,15.8,0.0,11,216,48.88,0.00
470000,132,563,48.7,0.1,0.0,15.2,0.0,60,214,49.77,0.00
470000,49,131,24.2,24.0,0.0,15.8,24.0,3,183,40.43,9.00
470000,135,88,48.2,0.0,0.0,15.8,0.0,10,214,49.97,0.00
471000,132,612,48.7,0.0,0.0,15.2,0.0,69,206,47.43,0.00
471000,135,101,48.3,0.0,0.0,15.7,0.0,17,215,48.02,0.00
471000,49,101,24.0,24.0,0.0,16.0,24.0,1,230,50.27,10.77
472000,132,615,48.3,0.1,0.0,15.4,0.1,71,212,49.15,0.00
472000,135,107,47.9,0.1,0.0,16.1,0.1,23,223,50.46,0.00
472000,49,92,23.9,24.0,0.0,16.1,23.9,4,148,31.80,9.67
473000,132,572,48.3,0.1,0.0,15.4,0.1,58,238,55.12,0.01
473000,135,120,48.4,0.0,0.0,15.6,0.0,15,208,47.18,0.00
473000,49,92,23.5,23.9,0.0,16.5,23.2,6,163,34.50,11.10
474000,132,597,48.1,0.2,0.0,15.6,0.1,58,247,56.89,0.00
474000,135,126,46.6,0.4,0.0,17.0,0.0,16,206,46.35,0.00
474000,49,91,24.0,24.0,0.0,15.9,23.9,3,188,39.55,12.80
475000,132,615,48.3,0.1,0.0,15.6,0.1,64,235,54.39,0.00
475000,135,102,47.8,0.0,0.0,16.2,0.0,18,170,39.28,0.00
475000,49,86,23.9,24.3,0.0,15.8,23.9,3,172,36.96,11.74
476000,132,597,48.7,0.1,0.0,15.2,0.1,55,235,54.28,0.00
476000,135,111,47.4,0.1,0.2,16.3,0.1,17,226,51.16,0.00
476000,49,84,24.3,23.4,0.0,16.3,23.4,5,132,27.49,10.68
477000,132,659,47.6,0.1,0.0,16.2,0.1,90,205,47.43,0.02
477000,135,74,47.8,0.0,0.0,16.2,0.0,17,200,45.95,0.00
477000,49,59,23.2,23.9,0.0,16.8,23.2,3,202,42.66,13.56
478000,132,625,48.5,0.1,0.0,15.4,0.1,76,218,50.27,0.00
478000,49,97,24.2,23.3,0.0,16.2,23.3,4,137,29.83,9.90
478000,135,81,47.9,0.2,0.1,15.8,0.0,9,180,40.68,0.04
479000,132,612,48.3,0.1,0.0,15.5,0.1,67,260,59.95,0.00
479000,49,111,23.9,24.4,0.0,15.7,23.4,7,137,29.18,9.68
479000,135,101,48.3,0.0,0.0,15.7,0.0,15,239,55.28,0.00
480000,132,580,48.3,0.1,0.0,15.5,0.0,56,257,60.25,0.00
480000,49,109,24.5,23.6,0.0,15.9,23.6,3,140,29.52,10.90
480000,135,81,48.1,0.0,0.0,15.9,0.0,10,228,52.66,0.00
481000,132,572,47.8,0.2,0.0,15.9,0.1,61,256,59.65,0.00
481000,135,119,48.1,0.0,0.0,15.9,0.0,14,215,48.88,0.00
481000,49,104,24.2,24.0,0.0,15.8,23.9,3,167,35.39,12.02
482000,132,622,48.1,0.1,0.0,15.8,0.1,67,244,56.27,0.00
482000,135,142,48.3,0.0,0.0,15.7,0.0,14,214,48.68,0.00
482000,49,69,24.3,23.7,0.0,16.0,23.6,3,138,28.29,9.63
483000,132,608,47.9,0.1,0.0,16.0,0.1,70,254,58.53,0.00
483000,135,142,48.2,0.0,0.0,15.8,0.0,21,216,49.29,0.00
483000,49,85,23.9,23.5,0.0,16.6,23.2,4,125,26.41,9.09
484000,132,592,48.2,0.1,0.0,15.7,0.0,60,232,53.83,0.00
484000,135,147,48.1,0.1,0.0,15.8,0.1,14,220,49.31,0.00
484000,49,92,23.9,23.7,0.0,16.4,23.4,7,142,29.93,11.29
485000,132,583,47.8,0.1,0.0,16.0,0.0,73,229,53.04,0.00
485000,135,149,47.8,0.0,0.0,16.2,0.0,24,214,48.17,0.00
485000,49,72,24.1,24.0,0.0,15.9,23.9,3,179,37.96,13.17
486000,132,324,47.7,0.4,0.0,15.9,0.1,35,252,59.31,0.00
486000,135,111,48.3,0.0,0.0,15.7,0.0,17,227,52.12,0.00
486000,49,101,23.7,24.2,0.0,15.9,23.6,7,147,31.64,9.50
487000,132,347,48.0,0.2,0.0,15.8,0.2,45,247,56.91,0.03
487000,135,126,48.1,0.0,0.0,15.9,0.0,16,189,43.62,0.00
487000,49,100,23.5,23.8,0.0,16.5,22.7,10,125,26.03,10.21
488000,132,266,47.9,0.2,0.0,16.0,0.1,37,261,61.08,0.00
488000,135,157,48.4,0.0,0.0,15.6,0.0,21,198,45.17,0.00
488000,49,90,24.0,23.9,0.0,15.8,23.7,4,120,25.30,10.45
489000,132,310,47.9,0.1,0.0,16.0,0.1,28,243,56.74,0.00
489000,135,130,48.6,0.0,0.0,15.4,0.0,22,217,48.95,0.00
489000,49,88,23.7,24.5,0.0,15.8,23.6,6,152,32.15,10.15
490000,132,307,48.2,0.0,0.0,15.8,0.0,38,243,57.15,0.00
490000,150,282,48.5,0.0,0.0,15.5,0.0,29,238,55.09,0.00
490000,135,139,47.6,0.0,0.0,16.4,0.0,20,209,47.83,0.00
490000,49,89,24.1,23.7,0.0,16.2,23.7,3,182,38.91,11.82
491000,132,317,47.9,0.1,0.0,15.9,0.1,42,257,60.04,0.00
491000,150,276,48.2,0.0,0.0,15.8,0.0,25,253,57.54,0.00
491000,135,136,47.4,0.2,0.1,16.4,0.2,18,230,52.38,0.00
491000,49,88,23.9,23.6,0.0,16.4,23.6,4,166,35.60,10.13
492000,132,313,48.3,0.1,0.0,15.6,0.0,47,270,62.25,0.00
492000,150,279,48.1,0.1,0.0,15.8,0.1,31,249,56.93,0.00
492000,135,148,48.0,0.0,0.0,16.0,0.0,15,203,46.48,0.00
492000,49,73,23.0,24.3,0.0,16.6,22.9,7,157,34.02,11.49
493000,132,593,48.0,0.0,0.0,15.9,0.0,79,239,55.35,0.00
493000,135,127,48.1,0.0,0.0,15.9,0.0,21,231,52.93,0.00
493000,49,103,23.9,23.7,0.0,16.5,23.0,5,157,33.88,9.18
494000,132,328,48.2,0.1,0.0,15.8,0.1,38,251,57.32,0.00
494000,135,133,48.2,0.0,0.0,15.8,0.0,16,222,50.09,0.00
494000,49,95,24.0,24.0,0.0,16.0,24.0,1,149,31.93,8.75
495000,132,272,47.9,0.2,0.0,15.9,0.0,35,245,57.10,0.00
495000,135,114,48.1,0.1,0.0,15.9,0.1,19,217,49.77,0.00
495000,49,103,24.1,24.2,0.0,15.7,23.9,4,133,28.60,9.38
496000,132,313,48.0,0.1,0.0,15.9,0.1,39,242,54.78,0.00
496000,135,115,48.3,0.0,0.0,15.7,0.0,16,210,48.53,0.00
496000,49,85,23.0,23.5,0.0,16.7,22.3,8,103,21.89,7.83
497000,132,293,47.7,0.2,0.0,16.1,0.1,41,235,54.46,0.00
497000,135,100,48.0,0.0,0.0,16.0,0.0,12,194,44.93,0.00
497000,49,88,24.0,24.0,0.0,16.0,24.0,1,129,27.70,11.60
498000,132,295,48.1,0.0,0.0,15.9,0.0,25,265,60.72,0.00
498000,151,283,48.4,0.0,0.0,15.6,0.0,29,281,65.01,0.00
498000,135,101,48.0,0.0,0.0,16.0,0.0,16,189,42.47,0.00
498000,49,82,23.6,24.0,0.0,16.1,23.6,3,174,38.89,10.88
499000,151,323,47.9,0.3,0.0,15.8,0.2,36,228,53.09,0.00
499000,132,299,47.7,0.2,0.0,16.0,0.1,38,275,63.64,0.00
499000,135,122,47.9,0.0,0.0,16.1,0.0,13,192,43.88,0.00
499000,49,72,21.7,23.3,0.0,19.0,21.4,5,102,22.70,9.13
500000,132,333,48.0,0.2,0.0,15.8,0.1,36,270,62.35,0.00
500000,151,268,48.2,0.1,0.0,15.7,0.1,24,284,64.35,0.00
500000,49,108,24.0,24.0,0.0,15.9,23.7,5,131,27.78,7.50
500000,135,107,47.1,0.0,0.0,16.9,0.0,17,231,52.55,0.00
501000,132,345,47.9,0.3,0.0,15.8,0.1,41,239,54.91,0.00
501000,151,234,48.5,0.1,0.0,15.4,0.1,32,245,55.63,0.00
501000,135,105,48.2,0.0,0.0,15.8,0.0,10,202,46.05,0.00
501000,49,77,23.9,24.2,0.0,15.8,23.9,2,155,33.53,12.23
502000,132,333,48.0,0.2,0.0,15.7,0.1,37,253,59.24,0.00
502000,151,228,48.0,0.1,0.0,15.8,0.1,33,224,50.81,0.00
502000,135,159,48.2,0.1,0.0,15.7,0.1,15,207,47.72,0.00
502000,49,82,24.0,24.0,0.0,16.0,24.0,1,150,32.09,11.04
503000,132,349,48.5,0.0,0.0,15.5,0.0,34,272,62.88,0.00
503000,151,221,48.5,0.0,0.0,15.5,0.0,30,272,62.28,0.00
503000,135,135,47.9,0.1,0.0,16.0,0.1,16,236,54.25,0.00
503000,49,80,23.5,23.5,0.0,17.0,23.3,6,133,28.63,10.50
504000,132,581,47.6,0.1,0.0,16.2,0.1,68,255,58.53,0.00
504000,135,142,48.3,0.0,0.0,15.7,0.0,20,246,55.58,0.00
504000,49,103,24.1,23.8,0.0,16.1,23.6,8,100,21.72,8.13
505000,132,393,48.0,0.1,0.0,15.8,0.0,45,269,61.46,0.00
505000,135,135,47.2,0.1,0.1,16.6,0.1,23,214,48.34,0.00
505000,49,81,24.0,24.0,0.0,16.0,24.0,2,134,29.02,10.47
506000,132,294,48.1,0.2,0.0,15.7,0.1,29,267,61.14,0.00
506000,135,142,47.6,0.1,0.0,16.2,0.1,22,250,56.56,0.00
506000,49,93,23.9,24.2,0.0,15.8,23.6,5,121,25.86,9.26
507000,132,584,48.1,0.1,0.0,15.8,0.1,54,268,61.46,0.00
507000,135,124,47.9,0.1,0.1,15.9,0.1,16,210,48.11,0.00
507000,49,91,23.5,24.4,0.0,16.1,23.1,5,135,29.10,11.06
508000,132,290,48.2,0.3,0.0,15.5,0.1,34,289,66.64,0.00
508000,135,157,47.6,0.1,0.0,16.2,0.0,23,190,43.48,0.00
508000,49,83,23.9,24.0,0.0,16.1,23.9,2,122,26.30,10.50
509000,132,312,48.3,0.1,0.0,15.6,0.0,34,279,64.66,0.00
509000,135,131,47.9,0.0,0.0,16.1,0.0,15,213,49.42,0.00
509000,49,89,24.1,23.7,0.0,16.2,23.4,4,132,28.63,9.60
510000,132,301,48.1,0.2,0.0,15.7,0.1,43,238,54.08,0.00
510000,135,120,47.4,0.2,0.0,16.3,0.0,20,223,51.21,0.00
510000,49,80,23.5,23.6,0.0,16.9,23.1,6,117,25.90,8.47
511000,132,340,47.9,0.3,0.0,15.8,0.2,45,253,57.67,0.00
511000,135,113,47.7,0.0,0.2,16.1,0.0,18,197,45.19,0.00
511000,49,75,24.0,24.0,0.0,16.0,24.0,2,137,30.12,10.28
512000,132,310,48.1,0.1,0.0,15.8,0.1,35,263,59.74,0.00
512000,156,236,48.1,0.1,0.0,15.8,0.1,28,254,57.04,0.00
512000,135,108,48.6,0.0,0.0,15.4,0.0,15,207,47.00,0.00
512000,157,90,48.0,0.0,0.0,16.0,0.0,7,368,79.89,0.00
512000,49,82,24.3,24.1,0.0,15.7,24.0,3,128,27.27,10.87
513000,132,493,46.4,0.3,0.0,17.2,0.2,91,228,52.77,0.02
513000,157,121,47.9,0.0,0.0,16.0,0.0,10,314,68.60,0.00
513000,135,112,47.7,0.0,0.1,16.2,0.0,19,197,44.27,0.00
513000,49,67,24.0,24.0,0.0,16.0,24.0,1,147,30.82,12.73
514000,132,247,48.2,0.1,0.0,15.6,0.1,38,273,62.50,0.00
514000,135,137,48.0,0.0,0.0,16.0,0.0,20,187,42.76,0.00
514000,157,131,47.0,0.0,0.0,17.0,0.0,16,358,78.67,0.00
514000,49,66,24.0,24.0,0.0,16.0,24.0,2,141,30.76,11.00
515000,132,500,48.0,0.2,0.0,15.8,0.1,60,248,56.41,0.00
515000,135,115,48.1,0.0,0.0,15.8,0.0,11,207,47.34,0.00
515000,49,95,24.4,23.5,0.0,16.0,23.2,7,107,22.71,9.62
515000,157,89,48.0,0.0,0.0,16.0,0.0,8,425,94.20,0.00
516000,132,271,48.3,0.0,0.0,15.7,0.0,29,234,53.80,0.00
516000,135,115,48.0,0.0,0.0,16.0,0.0,14,210,48.55,0.00
516000,157,98,48.0,0.0,0.0,16.0,0.0,10,375,83.20,0.00
516000,49,69,24.0,23.8,0.0,16.2,23.6,3,106,22.29,8.97
517000,132,206,48.0,0.0,0.0,15.8,0.0,22,225,51.71,0.00
517000,135,138,48.2,0.0,0.0,15.8,0.0,18,247,55.87,0.00
517000,157,134,47.6,0.0,0.0,16.2,0.0,15,313,69.57,0.00
517000,49,83,24.0,23.8,0.0,16.1,23.8,2,137,29.96,9.06
518000,132,460,47.4,0.2,0.0,16.3,0.1,63,248,57.25,0.00
518000,135,159,47.4,0.2,0.4,16.1,0.0,25,200,45.97,0.00
518000,157,137,47.8,0.0,0.0,16.2,0.0,20,352,77.75,0.00
518000,49,74,22.3,24.3,0.0,17.0,21.5,9,105,23.18,10.10
519000,132,246,47.3,0.5,0.0,16.2,0.2,44,263,61.20,0.00
519000,135,173,48.2,0.0,0.1,15.7,0.0,27,242,54.92,0.00
519000,157,131,48.0,0.0,0.0,16.0,0.0,13,345,75.94,0.00
519000,49,83,23.3,24.4,0.0,16.3,23.3,4,124,25.54,10.93
520000,132,279,47.8,0.3,0.0,15.9,0.1,25,268,61.15,0.00
520000,157,163,48.1,0.0,0.0,15.9,0.0,11,370,81.27,0.00
520000,135,145,47.9,0.1,0.0,16.0,0.1,26,218,49.49,0.00
520000,49,88,23.6,24.4,0.0,16.0,23.5,5,114,23.88,9.23
521000,132,285,47.9,0.2,0.0,15.9,0.1,28,247,56.42,0.00
521000,135,168,47.8,0.0,0.0,16.2,0.0,22,225,51.11,0.00
521000,157,112,47.9,0.0,0.0,16.1,0.0,11,377,82.59,0.00
521000,49,79,23.9,24.0,0.0,16.1,23.9,2,148,32.10,8.55
522000,132,241,47.9,0.1,0.0,15.8,0.1,23,290,65.79,0.00
522000,135,204,47.6,0.0,0.0,16.4,0.0,24,219,50.07,0.00
522000,157,94,47.6,0.0,0.0,16.4,0.0,15,340,74.52,0.00
522000,49,66,23.7,24.0,0.0,16.3,23.7,4,160,33.74,12.25
523000,160,243,48.3,0.0,0.0,15.6,0.0,26,240,54.40,0.00
523000,132,239,48.0,0.1,0.0,15.8,0.1,29,306,69.68,0.00
523000,135,150,47.8,0.0,0.0,16.2,0.0,21,236,53.65,0.00
523000,157,117,47.5,0.0,0.0,16.3,0.0,10,316,69.63,0.00
523000,49,67,23.8,24.3,0.0,15.8,23.8,2,151,31.98,10.87
524000,132,226,48.3,0.0,0.0,15.7,0.0,20,294,66.49,0.00
524000,160,222,47.8,0.1,0.0,16.0,0.0,26,254,57.34,0.00
524000,135,134,47.6,0.1,0.1,16.2,0.1,21,239,54.41,0.00
524000,157,127,47.6,0.0,0.0,16.4,0.0,16,333,73.50,0.00
524000,49,79,24.0,24.3,0.0,15.7,23.8,3,131,27.30,9.60
525000,132,248,48.0,0.1,0.0,15.9,0.1,29,275,61.51,0.00
525000,160,183,47.9,0.2,0.0,15.8,0.1,18,250,56.89,0.00
525000,135,157,48.2,0.1,0.0,15.8,0.1,18,251,57.21,0.00
525000,157,130,47.6,0.0,0.0,16.4,0.0,14,321,70.15,0.00
525000,49,81,24.0,24.2,0.0,15.6,23.6,5,122,25.66,10.57
526000,132,266,48.1,0.3,0.0,15.6,0.2,34,251,56.31,0.00
526000,135,173,48.4,0.0,0.0,15.6,0.0,25,234,52.86,0.00
526000,160,159,47.9,0.4,0.0,15.6,0.2,21,237,53.88,0.00
526000,157,144,47.2,0.1,0.0,16.4,0.1,14,359,78.04,0.00
526000,49,69,24.0,24.0,0.0,16.0,23.9,3,130,27.56,10.22
527000,160,281,48.4,0.1,0.0,15.5,0.1,39,226,51.11,0.00
527000,132,256,45.8,0.9,0.0,17.3,0.6,54,228,51.74,0.03
527000,135,133,47.2,0.0,0.0,16.8,0.0,19,237,53.45,0.00
527000,157,111,45.7,0.0,0.0,18.3,0.0,17,322,70.70,0.00
527000,49,46,24.1,24.0,0.0,15.8,24.0,2,90,20.10,9.44
528000,160,270,45.1,0.1,0.1,18.6,0.1,40,266,60.71,0.09
528000,132,264,47.3,0.3,0.0,16.4,0.1,37,251,56.90,0.00
528000,157,111,46.0,0.0,0.0,17.9,0.0,17,338,73.23,0.00
528000,135,96,48.1,0.0,0.0,15.8,0.0,13,246,55.61,0.00
528000,49,56,23.8,24.3,0.0,15.9,23.8,3,124,25.19,8.99
529000,132,310,43.7,0.1,0.1,20.0,0.1,70,227,52.11,0.00
529000,160,243,46.3,0.1,0.2,17.3,0.1,31,277,62.37,0.02
529000,157,117,45.4,0.2,0.0,18.4,0.0,14,270,58.44,0.00
529000,135,106,48.2,0.0,0.0,15.7,0.0,17,205,46.24,0.00
529000,49,54,23.7,24.2,0.0,16.0,23.7,4,182,38.64,10.63
530000,132,271,45.8,0.2,0.0,18.1,0.2,44,221,51.33,0.03
530000,160,166,47.2,0.2,0.6,15.9,0.2,15,317,71.30,0.08
530000,135,154,47.7,0.0,0.3,16.0,0.0,21,234,53.15,0.00
530000,157,130,46.3,0.0,0.0,17.7,0.0,18,306,67.73,0.00
530000,49,57,24.0,24.6,0.0,15.4,23.9,3,148,31.61,11.95
531000,132,286,44.8,0.4,0.0,18.8,0.2,51,249,57.51,0.00
531000,160,151,47.0,0.0,0.8,16.2,0.0,14,304,68.44,0.03
531000,157,148,46.5,0.0,0.0,17.5,0.0,19,379,83.63,0.00
531000,135,136,47.3,0.1,0.0,16.6,0.1,23,203,46.00,0.00
531000,49,63,23.7,24.0,0.0,16.3,23.6,2,144,31.15,8.67
531000,161,23,21.0,23.6,0.0,18.9,18.1,3,205,44.44,5.70
532000,132,233,45.0,0.1,0.0,18.9,0.1,43,224,53.16,0.00
532000,160,175,47.1,0.1,0.7,16.1,0.1,15,291,66.56,0.10
532000,157,174,45.8,0.0,0.0,18.1,0.0,24,295,64.22,0.00
532000,135,129,47.6,0.1,0.0,16.3,0.1,17,274,62.51,0.00
532000,49,70,23.8,24.1,0.0,16.1,23.6,3,121,25.69,13.18
532000,161,17,21.1,23.5,0.0,19.4,17.9,2,210,46.14,9.60
533000,132,254,45.6,0.1,0.0,18.3,0.1,51,230,53.53,0.00
533000,160,175,46.3,0.2,0.9,16.5,0.1,22,241,54.75,0.00
533000,157,161,45.0,0.1,0.0,18.9,0.0,20,290,63.82,0.00
533000,135,139,47.4,0.0,0.2,16.3,0.0,17,254,56.44,0.00
533000,49,55,24.0,24.0,0.0,16.0,24.0,1,172,36.58,13.38
533000,161,21,21.2,24.1,0.0,18.6,18.4,2,110,24.37,6.66
534000,132,408,44.1,2.4,0.0,17.5,2.3,74,244,55.08,1.08
534000,135,172,48.2,0.0,0.0,15.8,0.0,25,254,56.96,0.00
534000,160,138,47.9,0.1,0.0,16.0,0.1,14,263,59.67,0.00
534000,49,63,24.0,24.3,0.0,15.7,24.0,2,130,26.94,9.82
534000,161,14,22.5,23.2,0.0,18.3,17.6,2,84,18.21,8.53
535000,132,320,44.5,0.3,0.1,19.2,0.2,72,213,49.69,0.01
535000,160,138,48.2,0.0,0.0,15.8,0.0,17,305,68.32,0.00
535000,135,123,47.6,0.0,0.0,16.3,0.0,21,237,53.28,0.00
535000,49,56,24.0,24.0,0.0,16.0,24.0,1,119,25.84,9.04
535000,161,10,20.0,25.0,0.0,19.0,19.0,1,242,52.53,8.79
536000,132,346,44.4,0.3,0.0,19.2,0.2,79,222,52.03,0.00
536000,135,149,47.5,0.0,0.3,16.1,0.0,24,206,46.26,0.00
536000,160,142,48.2,0.1,0.0,15.6,0.1,16,261,59.35,0.00
536000,49,61,24.3,24.2,0.0,15.5,23.8,3,158,34.12,12.13
536000,161,13,21.9,23.1,0.0,19.0,17.5,2,143,30.43,7.01
537000,132,295,45.4,0.1,0.0,18.5,0.0,55,255,58.96,0.00
537000,135,149,47.8,0.0,0.0,16.2,0.0,28,261,59.18,0.00
537000,160,136,48.3,0.0,0.0,15.7,0.0,11,277,62.83,0.00
537000,49,55,23.5,24.0,0.0,16.5,23.5,3,129,27.49,9.93
537000,161,17,20.0,25.0,0.0,19.0,19.0,1,97,21.36,6.73
538000,135,251,46.9,0.1,0.1,16.9,0.1,41,163,37.96,0.00
538000,132,178,47.7,0.2,0.0,16.0,0.1,23,283,64.19,0.00
538000,160,160,48.3,0.0,0.0,15.7,0.0,16,263,59.87,0.00
538000,49,87,23.8,24.2,0.0,16.0,23.8,3,89,19.13,7.79
539000,132,247,46.6,0.4,0.0,16.9,0.3,47,241,55.90,0.00
539000,135,222,47.0,0.0,0.0,16.9,0.0,40,224,51.71,0.00
539000,160,141,48.4,0.1,0.0,15.5,0.0,14,304,68.75,0.00
539000,162,138,44.8,0.0,0.0,18.8,0.0,24,292,64.62,0.00
539000,49,74,23.7,24.2,0.0,16.1,23.5,4,120,25.59,10.35
540000,132,481,43.6,0.3,0.0,20.0,0.2,108,242,55.42,0.01
540000,135,173,47.2,0.1,0.0,16.6,0.1,27,232,53.91,0.00
540000,160,126,47.6,0.2,0.0,15.8,0.0,16,251,56.14,0.00
540000,49,57,24.0,24.0,0.0,16.0,24.0,1,99,20.47,10.17
541000,132,189,48.0,0.3,0.0,15.7,0.3,30,239,54.82,0.00
541000,135,173,48.0,0.0,0.0,16.0,0.0,18,240,54.84,0.00
541000,49,173,23.9,24.1,0.0,16.0,23.9,5,138,31.27,9.74
541000,160,103,48.3,0.2,0.0,15.5,0.2,8,294,66.30,0.00
542000,132,292,48.4,0.1,0.0,15.4,0.1,37,241,55.53,0.00
542000,135,226,48.0,0.0,0.1,15.9,0.0,31,269,61.39,0.00
542000,160,90,48.0,0.0,0.1,15.9,0.0,11,291,65.73,0.00
542000,49,77,23.5,23.9,0.0,16.5,23.3,4,137,29.59,10.79
543000,132,312,48.0,0.1,0.0,15.9,0.1,44,252,57.16,0.00
543000,135,246,47.9,0.0,0.1,15.9,0.0,28,250,56.76,0.00
543000,49,81,23.8,24.2,0.0,16.0,23.7,4,124,26.34,10.54
543000,160,77,48.0,0.3,0.0,15.7,0.3,5,291,66.83,0.00
544000,132,346,45.7,0.2,0.0,18.0,0.2,83,218,50.20,0.01
544000,135,218,47.9,0.0,0.0,16.1,0.0,21,257,58.65,0.00
544000,49,76,23.6,24.3,0.0,16.1,23.5,3,141,30.42,12.50
544000,160,70,48.5,0.0,0.0,15.5,0.0,10,243,54.68,0.00
545000,132,305,48.2,0.1,0.0,15.7,0.0,37,233,53.15,0.00
545000,135,173,48.3,0.0,0.1,15.6,0.0,17,280,62.89,0.00
545000,49,126,24.2,23.7,0.0,16.1,23.7,4,139,29.42,10.47
545000,163,114,47.6,0.0,0.0,16.4,0.0,14,396,86.62,0.00
545000,160,72,48.5,0.0,0.0,15.5,0.0,8,247,56.28,0.00
546000,132,332,48.0,0.1,0.0,15.9,0.1,42,267,61.97,0.01
546000,135,242,47.4,0.1,0.0,16.2,0.0,24,283,64.00,0.00
546000,49,91,24.2,23.7,0.0,15.9,23.5,5,115,23.76,10.83
546000,163,82,47.8,0.0,0.0,16.0,0.0,9,378,82.23,0.00
546000,160,63,48.5,0.0,0.0,15.4,0.0,9,270,61.30,0.00
547000,132,338,47.5,0.2,0.0,16.1,0.1,59,257,58.92,0.00
547000,135,214,48.1,0.0,0.0,15.9,0.0,23,273,61.82,0.00
547000,163,131,47.1,0.0,0.0,15.4,0.0,16,312,67.86,0.04
547000,49,96,23.9,24.0,0.0,16.1,23.9,2,157,32.85,10.39
547000,160,66,48.3,0.5,0.0,15.2,0.1,8,302,68.28,0.00
548000,132,355,48.1,0.1,0.0,15.8,0.0,46,245,56.37,0.00
548000,135,183,48.0,0.0,0.0,16.0,0.0,16,291,66.40,0.00
548000,163,130,48.0,0.0,0.0,16.0,0.0,13,321,69.44,0.00
548000,49,97,23.9,23.2,0.0,16.8,23.2,5,134,27.18,10.04
548000,160,42,48.0,0.0,0.0,15.7,0.0,5,323,73.57,0.00
549000,132,347,48.1,0.2,0.0,15.7,0.1,46,222,50.86,0.00
549000,135,193,48.3,0.0,0.0,15.7,0.0,15,246,56.25,0.00
549000,163,114,47.9,0.0,0.0,16.1,0.0,17,334,73.08,0.00
549000,49,95,24.1,24.1,0.0,15.8,24.0,2,166,34.80,9.92
549000,160,43,48.3,0.0,0.0,15.7,0.0,5,220,50.61,0.00
550000,132,300,48.2,0.0,0.0,15.8,0.0,44,268,61.76,0.00
550000,135,246,48.2,0.0,0.0,15.8,0.0,23,259,58.10,0.00
550000,163,135,47.7,0.0,0.0,16.3,0.0,18,312,68.63,0.00
550000,49,88,24.0,24.0,0.0,16.0,24.0,1,168,34.51,11.47
550000,160,76,48.4,0.0,0.0,15.6,0.0,10,217,49.45,0.00
551000,135,253,48.0,0.0,0.0,15.9,0.0,25,269,60.36,0.00
551000,132,231,48.4,0.2,0.0,15.4,0.1,41,231,53.06,0.00
551000,163,154,48.3,0.0,0.0,15.7,0.0,20,356,78.22,0.00
551000,160,81,48.1,0.2,0.0,15.6,0.0,15,243,54.68,0.00
551000,49,73,23.2,24.2,0.0,16.6,23.2,4,172,35.49,11.98
552000,132,307,48.3,0.1,0.0,15.6,0.1,43,247,57.12,0.00
552000,135,177,47.9,0.1,0.1,16.0,0.1,26,282,63.86,0.00
552000,163,165,48.2,0.0,0.0,15.8,0.0,24,314,69.19,0.00
552000,49,109,23.8,24.2,0.0,16.0,23.7,5,165,34.33,8.99
552000,160,73,48.3,0.0,0.0,15.7,0.0,12,231,52.59,0.00
553000,132,249,47.6,0.2,0.0,16.2,0.1,53,224,51.89,0.03
553000,135,203,48.2,0.0,0.0,15.8,0.0,16,289,65.73,0.00
553000,163,188,47.8,0.0,0.0,16.2,0.0,16,338,74.85,0.00
553000,49,99,23.8,23.9,0.0,16.2,23.4,7,142,29.26,9.07
553000,160,56,47.5,0.0,0.0,16.5,0.0,10,300,68.71,0.00
554000,132,289,48.2,0.2,0.0,15.6,0.2,45,231,52.61,0.00
554000,135,249,47.7,0.0,0.0,16.2,0.0,22,287,64.20,0.00
554000,163,185,47.7,0.0,0.0,16.3,0.0,20,339,75.29,0.00
554000,49,77,23.6,24.1,0.0,16.2,23.6,4,198,40.67,13.22
554000,160,49,47.7,0.0,0.0,16.0,0.0,10,270,60.02,0.00
555000,132,292,47.5,0.2,0.0,16.3,0.0,34,237,53.82,0.00
555000,135,250,47.5,0.0,0.1,16.3,0.0,30,272,61.00,0.00
555000,163,145,47.8,0.0,0.0,15.9,0.0,10,377,82.84,0.00
555000,49,79,24.1,23.8,0.0,16.0,23.8,2,157,32.40,10.86
555000,160,43,45.6,0.5,0.0,17.2,0.0,8,281,64.87,0.00
556000,132,337,47.5,0.2,0.0,16.2,0.2,59,245,56.22,0.01
556000,135,222,48.1,0.0,0.0,15.9,0.0,15,274,61.74,0.00
556000,163,124,48.0,0.0,0.0,16.0,0.0,13,315,67.85,0.00
556000,49,84,23.8,23.7,0.0,16.2,23.7,3,185,38.13,11.07
556000,160,48,48.1,0.0,0.0,15.9,0.0,5,285,66.36,0.00
557000,132,262,48.1,0.0,0.0,15.8,0.0,40,258,58.84,0.00
557000,135,218,47.9,0.0,0.1,15.9,0.0,15,293,65.62,0.00
557000,163,176,47.7,0.0,0.0,16.3,0.0,17,364,79.16,0.00
557000,49,98,24.2,23.6,0.0,16.2,23.5,4,172,35.85,11.14
557000,160,74,47.0,0.9,0.0,16.0,0.5,10,278,62.41,0.00
558000,132,228,48.6,0.0,0.0,15.3,0.0,35,253,57.88,0.00
558000,135,170,47.9,0.0,0.0,16.0,0.0,15,276,63.20,0.00
558000,163,160,48.3,0.0,0.0,15.7,0.0,16,352,77.61,0.00
558000,49,103,24.1,24.0,0.0,15.9,24.0,2,164,34.11,11.65
558000,160,66,48.5,0.2,0.0,15.3,0.2,11,306,68.67,0.00
559000,132,269,48.2,0.0,0.0,15.8,0.0,34,283,64.50,0.00
559000,135,193,47.8,0.1,0.1,16.0,0.1,18,285,64.75,0.00
559000,163,122,47.9,0.0,0.0,16.1,0.0,15,361,78.25,0.00
559000,49,97,24.0,24.0,0.0,16.0,24.0,1,174,36.73,9.07
559000,160,87,47.4,0.3,0.1,16.1,0.3,11,246,55.03,0.00
560000,132,257,48.4,0.0,0.0,15.6,0.0,27,280,63.44,0.00
560000,135,190,48.3,0.1,0.0,15.7,0.1,21,291,65.32,0.00
560000,163,124,48.1,0.0,0.0,15.9,0.0,19,376,82.24,0.00
560000,160,121,47.7,0.2,0.0,16.1,0.1,10,317,71.74,0.00
560000,49,80,24.0,24.1,0.0,15.8,23.8,4,167,34.47,10.81
561000,132,259,48.4,0.0,0.0,15.6,0.0,32,239,54.86,0.00
561000,135,188,48.2,0.0,0.0,15.7,0.0,17,257,58.15,0.00
561000,160,128,47.9,0.4,0.0,15.8,0.1,15,257,58.80,0.00
561000,163,126,48.3,0.0,0.0,15.7,0.0,13,402,88.67,0.00
561000,49,93,24.0,24.0,0.0,16.0,24.0,2,184,37.79,10.45
562000,132,222,48.3,0.2,0.0,15.5,0.2,28,256,58.39,0.00
562000,135,199,47.4,0.3,0.2,16.2,0.3,23,292,66.06,0.02
562000,160,154,48.6,0.1,0.0,15.3,0.1,16,280,64.37,0.00
562000,163,130,47.1,0.0,0.0,16.8,0.0,15,369,80.70,0.00
562000,49,91,24.0,24.0,0.0,16.0,24.0,1,157,32.82,8.70
562000,165,35,48.0,0.1,0.0,15.9,0.1,3,322,73.98,0.00
563000,132,285,48.3,0.0,0.0,15.7,0.0,37,244,55.67,0.00
563000,160,147,47.9,0.2,0.0,15.8,0.1,21,277,62.16,0.00
563000,135,143,48.3,0.0,0.0,15.7,0.0,14,274,62.12,0.00
563000,163,127,47.8,0.1,0.0,16.1,0.1,22,385,84.54,0.00
563000,49,97,23.9,24.1,0.0,15.8,23.5,4,161,32.79,10.88
563000,165,29,47.9,0.1,0.0,15.9,0.1,3,387,87.91,0.00
564000,132,226,48.0,0.2,0.0,15.7,0.0,26,247,56.87,0.00
564000,135,185,48.1,0.1,0.0,15.9,0.1,21,259,58.77,0.00
564000,160,140,48.3,0.0,0.0,15.7,0.0,14,279,62.88,0.00
564000,163,139,48.5,0.0,0.0,15.5,0.0,14,361,79.70,0.00
564000,49,107,23.5,24.0,0.0,16.5,23.5,4,157,32.55,9.82
564000,165,32,48.2,0.0,0.0,15.8,0.0,4,479,110.51,0.00
565000,132,234,48.0,0.2,0.0,15.8,0.2,30,248,57.28,0.00
565000,135,208,48.2,0.0,0.0,15.8,0.0,19,256,57.62,0.00
565000,163,135,47.3,0.0,0.0,16.7,0.0,14,351,78.36,0.00
565000,160,132,47.9,0.2,0.0,15.9,0.2,19,294,66.95,0.00
565000,49,90,23.9,24.2,0.0,15.9,23.9,4,182,37.99,9.91
565000,165,15,48.4,0.1,0.0,15.5,0.1,3,410,94.87,0.00
566000,135,245,47.9,0.1,0.1,15.9,0.0,30,277,62.08,0.02
566000,132,241,47.3,0.2,0.0,16.4,0.1,37,208,47.57,0.00
566000,163,128,48.1,0.1,0.0,15.8,0.0,13,338,74.34,0.00
566000,160,123,48.4,0.1,0.0,15.5,0.1,19,300,66.56,0.00
566000,49,87,24.0,24.0,0.0,16.0,24.0,2,172,34.95,11.51
566000,165,12,48.3,0.4,0.0,15.2,0.4,3,419,96.11,0.00
567000,132,238,48.1,0.4,0.0,15.5,0.2,32,234,53.59,0.00
567000,135,236,48.2,0.1,0.1,15.7,0.0,23,281,62.93,0.00
567000,160,136,48.3,0.0,0.0,15.7,0.0,15,278,63.28,0.00
567000,163,123,48.3,0.0,0.0,15.7,0.0,13,325,70.36,0.00
567000,49,94,23.4,24.2,0.0,16.4,23.4,4,168,35.68,9.98
567000,165,15,47.1,0.1,0.0,16.8,0.1,2,246,55.02,0.00
568000,132,217,48.3,0.2,0.0,15.5,0.1,23,233,53.96,0.00
568000,135,202,48.4,0.0,0.0,15.5,0.0,21,340,75.96,0.00
568000,163,139,48.4,0.0,0.0,15.6,0.0,16,335,73.21,0.00
568000,160,129,48.3,0.0,0.0,15.7,0.0,17,270,61.19,0.00
568000,49,89,24.0,24.1,0.0,15.9,23.9,4,226,46.87,11.75
568000,165,40,48.0,0.2,0.0,15.9,0.2,6,306,69.20,0.00
569000,135,202,48.3,0.0,0.0,15.7,0.0,20,342,76.72,0.00
569000,132,170,48.4,0.0,0.0,15.6,0.0,25,262,60.53,0.00
569000,163,147,48.0,0.0,0.0,15.9,0.0,15,349,76.82,0.00
569000,160,130,48.2,0.0,0.0,15.8,0.0,11,304,67.66,0.00
569000,49,110,23.9,24.1,0.0,16.0,23.9,2,184,37.31,11.53
569000,165,36,48.2,0.1,0.0,15.7,0.1,4,398,92.66,0.00
570000,135,205,48.1,0.0,0.0,15.8,0.0,25,344,76.96,0.00
570000,160,203,48.3,0.1,0.0,15.6,0.1,23,277,61.94,0.00
570000,132,202,48.0,0.2,0.0,15.8,0.2,26,259,58.67,0.00
570000,163,111,48.2,0.0,0.0,15.8,0.0,11,336,73.80,0.00
570000,49,71,23.8,24.9,0.0,15.3,23.6,4,214,42.68,12.87
570000,165,30,48.1,0.0,0.0,15.9,0.0,2,373,83.29,0.00
571000,135,189,47.9,0.0,0.0,16.1,0.0,25,306,67.95,0.00
571000,132,179,48.9,0.0,0.0,15.1,0.0,28,240,54.71,0.00
571000,160,174,48.4,0.0,0.0,15.6,0.0,22,303,68.10,0.00
571000,163,157,48.2,0.0,0.0,15.7,0.0,15,360,80.00,0.00
571000,49,98,23.8,23.9,0.0,16.3,23.6,3,173,34.86,11.86
571000,165,32,48.4,0.2,0.0,15.3,0.2,6,245,54.89,0.00
572000,160,196,48.3,0.1,0.0,15.6,0.1,24,318,72.07,0.00
572000,135,189,47.9,0.0,0.1,16.0,0.0,20,295,65.74,0.00
572000,132,154,48.3,0.4,0.0,15.3,0.1,26,256,59.48,0.00
572000,163,137,47.9,0.0,0.0,16.1,0.0,14,401,88.21,0.00
572000,49,80,23.8,24.4,0.1,15.5,23.1,6,182,36.52,11.85
572000,165,48,47.5,0.5,0.0,15.9,0.3,10,439,100.79,0.00
573000,135,239,47.9,0.2,0.0,15.9,0.1,29,297,66.84,0.00
573000,160,194,48.3,0.2,0.0,15.5,0.0,29,301,68.51,0.00
573000,132,165,47.6,0.2,0.0,16.1,0.2,30,241,55.65,0.00
573000,163,111,47.2,0.0,0.0,16.8,0.0,15,292,64.82,0.00
573000,49,81,23.9,24.3,0.0,15.8,23.9,3,157,32.31,11.57
573000,165,43,48.0,0.0,0.0,16.0,0.0,4,327,73.00,0.00
574000,135,215,47.6,0.0,0.0,16.4,0.0,19,390,87.38,0.00
574000,160,198,48.1,0.1,0.0,15.8,0.1,26,298,68.14,0.00
574000,132,191,48.0,0.3,0.0,15.7,0.2,35,222,51.07,0.00
574000,163,90,47.8,0.0,0.0,16.1,0.0,15,384,82.65,0.00
574000,49,78,24.0,24.3,0.0,15.8,23.8,4,156,31.63,10.21
574000,165,32,48.4,0.2,0.0,15.4,0.2,4,346,78.40,0.00
575000,160,258,48.3,0.0,0.0,15.6,0.0,26,288,65.62,0.00
575000,135,191,48.2,0.0,0.0,15.8,0.0,16,341,76.76,0.00
575000,132,160,48.3,0.1,0.0,15.6,0.1,24,274,62.10,0.00
575000,49,96,24.1,23.9,0.0,15.8,23.9,2,183,37.29,10.63
575000,163,67,47.6,0.3,0.0,16.1,0.0,18,321,69.89,0.00
575000,165,37,47.8,0.1,0.0,16.0,0.1,5,360,84.79,0.00
576000,135,213,47.7,0.2,0.0,16.2,0.1,27,303,67.90,0.00
576000,160,209,48.1,0.1,0.0,15.7,0.1,21,278,63.73,0.00
576000,132,156,48.0,0.1,0.0,15.6,0.1,18,285,64.67,0.00
576000,163,116,48.2,0.1,0.0,15.7,0.0,11,254,57.16,0.00
576000,49,80,24.0,24.1,0.0,15.9,24.0,2,197,40.20,12.33
576000,165,41,48.2,0.0,0.0,15.8,0.0,3,236,51.97,0.00
577000,160,186,47.7,0.0,0.0,15.9,0.0,22,309,69.94,0.00
577000,135,179,48.1,0.0,0.0,15.9,0.0,20,312,69.41,0.00
577000,132,172,48.7,0.0,0.0,15.3,0.0,19,294,68.15,0.00
577000,163,136,48.1,0.0,0.0,15.9,0.0,20,328,72.45,0.00
577000,49,108,23.7,24.2,0.0,16.1,23.7,3,171,35.32,11.20
577000,165,26,48.3,0.0,0.0,15.7,0.0,2,450,102.25,0.00
578000,160,201,48.0,0.0,0.0,15.9,0.0,20,308,69.55,0.00
578000,135,198,47.5,0.1,0.1,16.3,0.1,18,261,58.97,0.00
578000,132,176,48.1,0.2,0.0,15.7,0.2,30,319,72.90,0.00
578000,163,118,47.8,0.0,0.0,16.2,0.0,11,338,75.04,0.00
578000,49,84,24.2,23.8,0.0,16.0,23.7,4,190,39.39,13.11
578000,165,35,47.3,0.2,0.0,16.5,0.2,5,459,105.21,0.00
579000,135,204,47.5,0.2,0.1,16.2,0.1,20,275,62.83,0.02
579000,132,185,48.5,0.0,0.0,15.4,0.0,25,270,61.55,0.00
579000,160,177,47.0,0.3,0.0,16.2,0.0,25,309,70.01,0.00
579000,163,121,47.7,0.0,0.0,16.3,0.0,12,278,61.58,0.00
579000,49,93,23.7,24.2,0.0,16.1,23.5,4,158,32.53,10.43
579000,165,40,48.0,0.3,0.0,15.8,0.3,6,378,84.21,0.00
580000,135,192,48.3,0.0,0.0,15.7,0.0,16,278,62.45,0.00
580000,160,184,47.8,0.1,0.0,16.0,0.1,22,288,65.55,0.00
580000,163,162,48.3,0.1,0.0,15.6,0.1,23,252,56.34,0.00
580000,132,156,48.3,0.0,0.0,15.7,0.0,21,307,70.86,0.00
580000,49,78,23.7,24.0,0.0,16.3,23.7,3,199,41.02,9.70
580000,165,35,47.1,0.6,0.0,16.3,0.0,3,448,104.69,0.00
581000,160,227,48.0,0.0,0.0,15.8,0.0,21,276,62.67,0.00
581000,132,190,48.3,0.2,0.0,15.4,0.2,24,271,61.81,0.00
581000,135,172,48.3,0.0,0.0,15.7,0.0,20,289,64.90,0.00
581000,163,125,48.3,0.0,0.0,15.6,0.0,17,337,74.77,0.00
581000,49,90,23.9,24.1,0.0,16.0,23.9,2,217,45.64,11.87
581000,165,23,48.3,0.1,0.0,15.5,0.1,2,338,75.99,0.00
582000,132,200,47.8,0.2,0.0,15.9,0.1,26,289,66.50,0.00
582000,135,197,48.6,0.0,0.0,15.4,0.0,24,297,66.87,0.00
582000,160,180,48.3,0.0,0.0,15.6,0.0,14,339,75.96,0.00
582000,163,119,48.5,0.0,0.0,15.4,0.0,17,372,81.65,0.00
582000,49,88,23.8,23.4,0.0,16.3,22.8,7,174,36.31,10.70
582000,165,30,46.6,0.6,0.0,16.8,0.6,6,362,81.56,0.00
583000,132,209,48.2,0.1,0.0,15.7,0.0,21,279,62.88,0.00
583000,160,194,47.9,0.2,0.0,15.8,0.1,25,334,74.09,0.00
583000,135,174,48.2,0.0,0.0,15.8,0.0,15,362,80.29,0.00
583000,163,113,47.3,0.1,0.0,16.3,0.1,13,441,98.02,0.00
583000,49,75,24.0,24.0,0.0,16.0,24.0,1,201,41.66,10.75
583000,165,35,48.1,0.1,0.0,15.9,0.1,3,305,68.41,0.00
584000,160,207,48.2,0.0,0.0,15.8,0.0,14,344,78.18,0.00
584000,132,181,48.3,0.0,0.0,15.7,0.0,27,284,64.17,0.00
584000,163,169,42.9,0.0,0.0,17.4,0.0,27,354,78.12,0.00
584000,135,128,48.3,0.1,0.0,15.6,0.0,14,324,73.10,0.00
584000,49,110,24.1,23.8,0.0,15.9,23.5,8,170,35.86,10.34
584000,165,31,48.6,0.0,0.0,15.3,0.0,5,406,91.76,0.00
585000,160,229,48.1,0.1,0.0,15.6,0.0,24,297,67.56,0.00
585000,135,191,48.2,0.0,0.0,15.8,0.0,22,268,60.45,0.00
585000,163,147,47.7,0.0,0.0,16.3,0.0,19,345,76.02,0.00
585000,132,135,47.7,0.1,0.0,16.2,0.1,21,308,70.50,0.00
585000,49,102,24.0,23.9,0.0,16.0,23.9,2,192,39.81,10.12
585000,165,34,49.3,0.1,0.0,14.7,0.1,5,306,68.45,0.00
586000,160,187,48.3,0.0,0.0,15.7,0.0,24,297,68.95,0.00
586000,163,164,48.7,0.0,0.0,15.2,0.0,20,346,75.50,0.00
586000,135,160,48.2,0.0,0.0,15.7,0.0,20,266,60.36,0.00
586000,132,153,47.9,0.0,0.0,16.1,0.0,20,322,74.88,0.00
586000,49,116,24.0,24.0,0.0,16.0,24.0,1,174,36.67,9.70
586000,165,35,47.5,0.1,0.0,16.4,0.1,4,390,88.91,0.00
587000,160,209,48.3,0.1,0.0,15.6,0.1,18,362,82.30,0.00
587000,132,179,48.1,0.1,0.0,15.8,0.1,24,310,71.29,0.00
587000,135,171,48.3,0.0,0.0,15.7,0.0,17,296,66.34,0.00
587000,163,140,48.1,0.0,0.0,15.7,0.0,15,305,66.63,0.00
587000,49,82,23.9,24.3,0.0,15.8,23.9,2,191,38.47,9.93
587000,165,28,48.5,0.0,0.0,15.5,0.0,3,601,136.60,0.00
588000,160,260,48.2,0.2,0.0,15.6,0.1,34,350,80.47,0.00
588000,132,193,48.3,0.1,0.0,15.6,0.1,23,304,69.50,0.00
588000,135,136,47.6,0.0,0.2,16.1,0.0,17,252,57.25,0.00
588000,163,112,48.5,0.0,0.0,15.5,0.0,18,348,75.80,0.00
588000,49,106,24.0,24.2,0.0,15.8,24.0,3,198,42.35,11.39
588000,165,24,48.8,0.2,0.0,15.0,0.2,3,365,79.88,0.00
589000,160,238,48.1,0.1,0.1,15.7,0.1,21,345,79.29,0.00
589000,132,232,48.5,0.1,0.0,15.5,0.1,30,330,74.63,0.00
589000,135,130,48.7,0.0,0.0,15.3,0.0,22,210,47.47,0.00
589000,163,110,48.2,0.3,0.0,15.5,0.1,14,383,84.04,0.00
589000,49,103,23.7,23.9,0.0,16.3,23.6,5,143,30.08,9.23
590000,160,237,48.2,0.0,0.0,15.8,0.0,14,373,84.20,0.00
590000,132,226,48.0,0.0,0.0,16.0,0.0,31,311,71.51,0.00
590000,135,141,48.3,0.0,0.0,15.7,0.0,19,281,64.15,0.00
590000,163,95,48.4,0.0,0.0,15.6,0.0,11,370,80.52,0.00
590000,49,83,24.0,24.0,0.0,16.0,24.0,1,233,48.36,12.42
591000,160,221,48.1,0.1,0.0,15.8,0.0,19,352,79.03,0.00
591000,132,190,48.1,0.2,0.0,15.6,0.2,27,303,69.38,0.00
591000,135,166,48.1,0.1,0.0,15.9,0.1,21,307,69.32,0.00
591000,163,118,47.5,0.0,0.0,16.5,0.0,17,361,79.18,0.00
591000,49,73,24.0,24.1,0.0,15.8,23.8,4,170,34.60,11.06
592000,135,188,47.9,0.0,0.0,16.1,0.0,18,249,55.37,0.00
592000,160,184,48.2,0.0,0.0,15.7,0.0,22,306,69.49,0.00
592000,132,157,48.4,0.0,0.0,15.6,0.0,17,271,61.61,0.00
592000,163,133,48.0,0.0,0.0,16.0,0.0,7,385,84.08,0.00
592000,49,85,24.0,23.8,0.0,16.2,23.8,2,170,36.93,10.20
593000,160,246,47.8,0.1,0.0,15.9,0.1,32,284,64.97,0.00
593000,135,180,47.8,0.1,0.0,16.1,0.1,23,251,56.91,0.00
593000,163,129,48.3,0.0,0.0,15.7,0.0,17,344,76.38,0.00
593000,132,122,47.2,0.6,0.0,16.3,0.6,19,219,50.38,0.03
593000,49,70,23.5,24.2,0.0,16.1,23.2,7,134,27.33,10.96
594000,160,201,48.3,0.0,0.0,15.7,0.0,16,311,70.53,0.00
594000,132,166,48.4,0.1,0.0,15.5,0.1,19,273,62.30,0.00
594000,135,165,48.0,0.1,0.0,15.9,0.1,16,266,59.97,0.00
594000,163,133,48.5,0.0,0.0,15.5,0.0,15,387,84.43,0.00
594000,49,102,23.9,24.1,0.0,16.1,23.9,2,155,33.27,9.35
594000,166,55,47.1,0.1,0.0,16.8,0.1,7,377,85.89,0.00
595000,160,229,48.2,0.2,0.0,15.6,0.0,25,307,70.26,0.00
595000,135,182,47.9,0.1,0.1,15.8,0.0,28,278,63.31,0.00
595000,132,135,48.2,0.0,0.0,15.7,0.0,19,293,67.57,0.00
595000,163,121,48.9,0.0,0.0,15.1,0.0,10,385,84.07,0.00
595000,49,82,23.9,24.0,0.0,16.1,23.9,2,166,34.53,9.77
595000,166,58,47.4,0.1,0.0,16.5,0.1,9,372,85.14,0.00
596000,160,243,48.0,0.3,0.0,15.7,0.3,30,306,69.35,0.00
596000,135,178,47.6,0.3,0.1,16.1,0.1,19,273,61.76,0.00
596000,163,136,48.3,0.0,0.0,15.6,0.0,13,359,78.60,0.00
596000,132,121,48.1,0.0,0.0,15.9,0.0,14,251,56.94,0.00
596000,49,84,24.1,24.0,0.0,16.0,24.0,2,162,34.38,10.75
596000,166,61,44.5,0.5,0.0,18.9,0.5,11,356,82.20,0.00
597000,160,224,48.6,0.0,0.0,15.4,0.0,20,295,66.54,0.00
597000,135,157,47.6,0.1,0.0,16.3,0.1,20,285,64.38,0.00
597000,132,152,48.5,0.1,0.0,15.4,0.1,23,264,60.80,0.00
597000,163,146,47.9,0.0,0.0,15.9,0.0,17,328,71.92,0.00
597000,49,89,23.5,23.8,0.0,16.7,23.0,4,144,29.80,10.91
597000,166,43,47.3,0.1,0.0,16.7,0.1,5,311,72.17,0.00
598000,160,195,48.4,0.0,0.0,15.6,0.0,18,311,70.73,0.00
598000,135,180,48.2,0.0,0.0,15.8,0.0,17,285,65.13,0.00
598000,163,172,46.5,0.0,0.0,17.0,0.0,23,307,68.19,0.00
598000,132,121,47.9,0.0,0.0,16.1,0.0,16,259,59.95,0.00
598000,49,82,23.9,24.0,0.0,16.1,23.9,2,159,33.85,10.23
598000,166,35,48.0,0.6,0.0,15.4,0.6,6,308,71.94,0.00
599000,135,195,48.0,0.0,0.0,16.0,0.0,23,278,62.88,0.00
599000,160,188,48.3,0.0,0.0,15.7,0.0,24,293,66.78,0.00
599000,163,153,48.4,0.0,0.0,15.6,0.0,24,315,69.05,0.00
599000,132,131,47.9,0.3,0.0,15.9,0.1,18,262,59.64,0.00
599000,49,86,23.8,23.9,0.0,16.3,23.8,4,187,39.10,11.52
599000,166,42,46.9,0.5,0.0,16.6,0.5,9,318,73.15,0.00
600000,132,211,48.2,0.1,0.0,15.7,0.1,29,227,52.05,0.02
600000,135,189,48.0,0.0,0.0,16.0,0.0,20,257,58.84,0.00
600000,160,186,48.2,0.0,0.0,15.8,0.0,19,239,54.54,0.00
600000,163,140,48.3,0.0,0.0,15.6,0.0,19,345,76.12,0.00
600000,49,77,24.0,24.0,0.0,16.0,24.0,1,131,27.51,9.00
600000,166,34,48.4,0.1,0.0,15.5,0.1,4,336,76.18,0.00
601000,135,200,48.1,0.0,0.0,15.9,0.0,21,235,53.91,0.00
601000,160,194,48.6,0.0,0.0,15.4,0.0,24,262,60.39,0.00
601000,163,169,48.4,0.0,0.0,15.6,0.0,18,356,77.89,0.00
601000,132,151,48.1,0.2,0.0,15.7,0.1,17,272,62.65,0.00
601000,49,74,23.9,23.6,0.0,16.5,23.3,4,146,30.15,10.55
601000,166,22,47.5,0.8,0.0,15.7,0.5,4,351,78.47,0.00
602000,135,215,47.5,0.2,0.1,16.1,0.1,25,246,56.30,0.00
602000,132,208,47.3,0.3,0.0,16.2,0.2,30,235,53.49,0.00
602000,160,177,48.2,0.0,0.0,15.8,0.0,19,277,63.23,0.00
602000,163,124,48.0,0.0,0.0,16.0,0.0,14,326,72.39,0.00
602000,49,67,24.1,23.7,0.0,16.1,23.7,2,192,39.44,12.12
602000,166,29,48.1,0.1,0.0,15.8,0.1,4,339,76.30,0.00
603000,135,207,48.0,0.0,0.0,16.0,0.0,25,310,70.29,0.00
603000,160,185,48.3,0.0,0.0,15.6,0.0,20,269,62.42,0.00
603000,132,172,47.9,0.1,0.0,15.9,0.0,26,271,62.22,0.00
603000,163,133,47.7,0.0,0.0,16.3,0.0,13,354,77.49,0.00
603000,49,91,22.5,23.9,0.0,17.1,22.4,9,133,27.23,12.34
603000,166,22,48.4,0.1,0.0,15.5,0.1,3,351,78.24,0.00
604000,135,201,48.0,0.0,0.1,15.9,0.0,24,290,65.41,0.00
604000,160,194,48.3,0.2,0.0,15.4,0.1,23,292,65.90,0.00
604000,132,179,47.4,0.2,0.0,16.4,0.2,27,236,53.91,0.00
604000,163,159,48.0,0.0,0.0,15.9,0.0,19,343,76.46,0.00
604000,49,73,24.1,24.0,0.0,15.9,23.9,3,154,31.15,10.79
605000,135,200,48.2,0.0,0.0,15.8,0.0,24,298,67.67,0.00
605000,132,195,48.1,0.1,0.0,15.8,0.1,24,248,55.87,0.00
605000,160,170,48.1,0.0,0.0,15.9,0.0,17,269,60.73,0.00
605000,163,167,48.7,0.0,0.0,15.3,0.0,19,318,70.42,0.00
605000,49,88,23.9,24.1,0.0,15.9,23.9,2,142,29.27,9.86
606000,132,239,47.9,0.2,0.0,15.9,0.2,31,247,56.43,0.00
606000,135,214,47.9,0.0,0.0,16.0,0.0,24,346,78.40,0.00
606000,160,163,48.5,0.0,0.0,15.5,0.0,14,254,56.55,0.00
606000,163,127,48.1,0.0,0.0,15.9,0.0,15,316,69.38,0.00
606000,49,90,24.0,24.0,0.0,16.0,24.0,1,133,27.26,10.51
607000,132,277,48.4,0.1,0.0,15.6,0.1,36,271,61.38,0.00
607000,135,208,48.1,0.0,0.0,15.8,0.0,22,297,67.36,0.00
607000,160,191,48.1,0.1,0.0,15.8,0.1,18,262,59.15,0.00
607000,163,98,47.9,0.0,0.0,16.1,0.0,12,271,58.51,0.00
607000,49,63,23.6,24.6,0.0,15.8,23.6,3,188,39.93,10.85
608000,132,224,47.9,0.2,0.0,15.9,0.1,33,287,64.97,0.00
608000,160,222,48.0,0.0,0.1,15.9,0.0,24,283,63.54,0.00
608000,135,191,47.9,0.2,0.0,15.9,0.2,20,283,64.00,0.00
608000,163,132,47.7,0.0,0.0,16.2,0.0,23,314,68.08,0.00
608000,49,57,23.9,23.9,0.0,16.2,23.9,3,150,29.46,12.91
609000,160,227,48.1,0.1,0.0,15.7,0.1,28,291,66.21,0.00
609000,135,212,48.1,0.1,0.0,15.7,0.1,27,285,64.38,0.00
609000,132,205,48.6,0.1,0.0,15.3,0.0,29,266,59.81,0.00
609000,163,119,48.2,0.0,0.0,15.8,0.0,9,331,73.08,0.00
609000,49,68,24.0,24.0,0.0,16.0,24.0,1,147,30.36,11.12
610000,160,231,47.7,0.1,0.0,16.1,0.1,29,264,59.56,0.00
610000,132,216,47.8,0.2,0.0,16.0,0.1,34,257,58.06,0.00
610000,135,208,48.0,0.1,0.1,15.8,0.1,30,295,66.72,0.00
610000,163,91,48.7,0.0,0.0,15.3,0.0,15,291,64.56,0.00
610000,49,66,23.8,24.5,0.0,15.8,23.8,3,152,31.51,9.29
611000,132,235,48.3,0.2,0.0,15.5,0.2,31,241,54.70,0.00
611000,135,203,48.1,0.1,0.0,15.7,0.1,31,280,63.54,0.02
611000,160,194,48.1,0.1,0.0,15.7,0.1,25,303,68.02,0.00
611000,49,82,23.5,24.2,0.0,16.3,23.5,4,139,28.78,10.48
611000,163,76,48.3,0.0,0.0,15.7,0.0,10,342,75.40,0.00
612000,132,245,47.8,0.2,0.0,16.0,0.1,28,255,58.62,0.00
612000,135,202,47.4,0.1,0.2,16.3,0.1,25,281,64.51,0.00
612000,160,194,48.2,0.3,0.0,15.6,0.1,23,289,64.73,0.00
612000,163,101,48.2,0.0,0.0,15.8,0.0,11,372,80.87,0.00
612000,49,62,24.0,24.0,0.0,16.0,24.0,2,145,30.58,10.85
613000,132,274,48.0,0.1,0.0,15.9,0.1,35,249,56.52,0.00
613000,160,195,48.0,0.2,0.0,15.8,0.1,21,280,62.97,0.00
613000,135,167,47.9,0.0,0.1,16.0,0.0,20,282,64.11,0.00
613000,163,132,47.3,0.2,0.0,16.5,0.0,25,345,75.11,0.00
613000,49,75,24.0,24.1,0.0,15.9,24.0,2,139,28.73,10.71
614000,160,240,48.6,0.0,0.0,15.4,0.0,27,277,62.95,0.00
614000,132,239,47.9,0.2,0.0,15.9,0.1,31,276,62.95,0.00
614000,135,148,48.2,0.1,0.0,15.7,0.1,20,195,45.17,0.00
614000,163,118,46.6,0.0,0.0,17.4,0.0,14,332,73.11,0.00
614000,49,81,23.8,24.0,0.0,16.2,23.6,5,167,35.47,12.59
615000,132,228,48.0,0.2,0.0,15.8,0.0,30,254,57.37,0.00
615000,160,206,48.4,0.0,0.0,15.6,0.0,19,295,67.33,0.00
615000,135,156,47.9,0.1,0.0,15.9,0.1,19,243,54.89,0.04
615000,163,144,47.4,0.0,0.0,16.6,0.0,22,352,76.80,0.00
615000,49,89,23.6,23.9,0.0,16.5,23.4,5,155,32.75,10.40
616000,160,223,48.0,0.1,0.0,15.8,0.0,19,298,67.66,0.00
616000,135,200,47.7,0.1,0.1,16.1,0.1,27,302,69.30,0.00
616000,132,181,48.2,0.1,0.0,15.7,0.1,23,253,58.29,0.00
616000,163,122,47.7,0.0,0.0,16.3,0.0,12,337,75.19,0.00
616000,49,78,24.0,23.7,0.0,16.3,23.7,3,159,33.18,10.55
617000,160,243,47.2,0.0,0.0,16.7,0.0,32,292,66.46,0.00
617000,132,180,48.2,0.1,0.0,15.7,0.1,25,252,57.46,0.00
617000,135,163,47.6,0.3,0.0,16.0,0.1,25,309,69.61,0.00
617000,163,150,47.9,0.0,0.0,16.0,0.0,16,359,79.37,0.00
617000,49,82,23.8,24.0,0.0,16.1,23.8,4,147,29.42,11.34
618000,132,211,48.1,0.1,0.0,15.8,0.1,23,310,71.47,0.00
618000,135,187,48.3,0.1,0.0,15.6,0.1,28,334,75.66,0.00
618000,160,184,48.3,0.1,0.0,15.6,0.1,18,341,77.73,0.00
618000,163,142,47.5,0.0,0.0,16.4,0.0,15,393,86.49,0.00
618000,49,79,24.0,24.2,0.0,15.8,24.0,2,193,39.86,10.36
619000,135,209,47.8,0.2,0.1,15.9,0.1,26,285,64.03,0.00
619000,132,207,48.3,0.2,0.0,15.5,0.1,29,265,60.17,0.00
619000,160,195,48.5,0.0,0.0,15.5,0.0,21,284,63.63,0.00
619000,163,110,47.9,0.0,0.0,16.1,0.0,14,396,87.14,0.00
619000,49,90,24.1,23.8,0.0,15.9,23.8,3,196,40.43,12.14
620000,160,208,48.4,0.1,0.0,15.5,0.0,21,314,71.13,0.00
620000,132,205,47.7,0.3,0.0,16.0,0.1,24,287,65.03,0.00
620000,135,194,48.0,0.1,0.1,15.8,0.1,23,346,78.25,0.00
620000,163,137,48.2,0.0,0.0,15.8,0.0,15,336,73.52,0.00
620000,49,82,23.8,24.1,0.0,16.0,23.6,4,205,41.48,11.42
621000,160,199,48.1,0.0,0.0,15.9,0.0,13,379,86.19,0.00
621000,132,191,48.6,0.1,0.0,15.2,0.1,21,294,65.42,0.00
621000,135,185,48.2,0.0,0.0,15.8,0.0,23,385,85.43,0.00
621000,163,153,47.8,0.0,0.0,15.8,0.0,17,369,81.31,0.00
621000,49,87,23.8,24.3,0.0,15.8,23.8,6,140,28.58,11.27
622000,160,220,48.3,0.1,0.0,15.5,0.1,26,307,69.85,0.00
622000,132,209,48.5,0.2,0.0,15.3,0.1,31,375,84.51,0.00
622000,135,144,48.0,0.3,0.0,15.7,0.2,23,349,78.61,0.00
622000,163,118,48.0,0.0,0.0,15.9,0.0,13,367,81.27,0.00
622000,49,91,23.9,23.8,0.0,16.2,23.7,4,158,33.07,9.14
623000,132,274,48.7,0.0,0.0,15.3,0.0,33,316,69.90,0.00
623000,160,203,48.4,0.0,0.0,15.6,0.0,19,303,68.64,0.00
623000,135,120,48.2,0.0,0.0,15.8,0.0,14,309,68.94,0.00
623000,163,95,48.1,0.0,0.0,15.9,0.0,10,349,76.02,0.00
623000,49,89,23.8,24.0,0.0,16.2,23.8,3,165,34.68,9.59
624000,132,283,48.7,0.1,0.0,15.2,0.1,47,275,60.27,0.00
624000,160,245,48.0,0.2,0.0,15.7,0.0,23,262,59.99,0.00
624000,135,132,48.1,0.0,0.1,15.8,0.0,20,327,74.02,0.00
624000,163,80,47.7,0.0,0.0,16.3,0.0,11,315,69.95,0.00
624000,49,78,24.3,23.4,0.0,15.9,23.4,3,150,31.22,10.82
625000,132,330,48.7,0.1,0.0,15.2,0.1,44,272,59.98,0.00
625000,160,201,48.4,0.0,0.0,15.5,0.0,21,276,61.79,0.00
625000,135,125,47.9,0.0,0.1,16.0,0.0,14,324,71.62,0.00
625000,49,86,23.7,23.9,0.0,16.3,23.7,2,178,37.12,9.83
625000,163,75,48.2,0.0,0.0,15.7,0.0,9,377,82.02,0.00
626000,132,284,48.1,0.1,0.0,15.8,0.1,47,245,55.23,0.00
626000,160,246,48.4,0.0,0.0,15.6,0.0,16,294,65.88,0.00
626000,135,137,48.3,0.1,0.0,15.6,0.1,18,332,75.89,0.00
626000,49,92,23.8,24.1,0.0,16.1,23.6,4,167,34.88,9.47
626000,163,84,47.5,0.0,0.0,16.5,0.0,10,313,68.13,0.00
627000,160,238,48.2,0.1,0.0,15.7,0.1,25,325,73.01,0.00
627000,135,216,48.1,0.0,0.1,15.8,0.0,32,283,64.08,0.00
627000,132,212,48.4,0.2,0.0,15.4,0.2,41,301,68.19,0.00
627000,163,97,46.6,0.0,0.0,17.3,0.0,19,338,73.37,0.00
627000,49,70,24.0,24.0,0.0,15.9,23.8,3,116,23.82,10.29
628000,160,271,48.5,0.0,0.0,15.5,0.0,23,305,69.68,0.00
628000,132,216,48.6,0.0,0.0,15.3,0.0,30,258,59.19,0.00
628000,135,171,47.5,0.1,0.3,16.1,0.0,19,340,77.51,0.00
628000,163,86,48.0,0.0,0.0,15.9,0.0,15,435,96.01,0.00
628000,49,78,24.0,23.8,0.0,15.9,23.8,2,149,30.15,10.84
629000,132,242,48.3,0.3,0.0,15.4,0.1,37,268,61.01,0.00
629000,160,239,48.3,0.1,0.0,15.6,0.0,23,325,74.58,0.00
629000,135,157,48.2,0.0,0.0,15.8,0.0,21,399,90.19,0.00
629000,49,89,23.9,23.8,0.0,16.2,23.3,5,215,45.21,10.93
629000,163,67,48.4,0.0,0.0,15.6,0.0,11,332,73.68,0.00
630000,160,255,48.0,0.0,0.0,15.8,0.0,17,334,77.12,0.00
630000,132,230,48.5,0.2,0.0,15.3,0.1,32,280,63.00,0.00
630000,135,192,48.4,0.1,0.0,15.5,0.1,31,292,66.37,0.00
630000,49,78,24.0,24.0,0.0,16.0,24.0,1,181,36.57,14.40
630000,163,68,48.3,0.0,0.0,15.7,0.0,8,390,85.22,0.00
631000,160,259,47.9,0.1,0.0,16.0,0.1,21,307,69.67,0.00
631000,132,202,48.4,0.2,0.0,15.3,0.2,40,292,65.33,0.00
631000,135,187,47.0,0.3,0.1,16.6,0.3,28,291,66.01,0.04
631000,163,102,47.6,0.0,0.0,16.4,0.0,12,364,79.65,0.00
631000,49,63,23.4,24.2,0.0,16.3,22.8,6,185,37.15,13.44
632000,132,233,48.5,0.0,0.0,15.5,0.0,28,268,59.90,0.00
632000,160,214,48.0,0.2,0.0,15.7,0.1,20,297,67.46,0.00
632000,135,172,48.0,0.1,0.0,15.9,0.1,19,292,66.06,0.00
632000,163,98,47.2,0.0,0.0,16.8,0.0,14,405,88.81,0.00
632000,49,95,23.9,24.0,0.0,16.1,23.9,2,178,36.33,9.93
633000,160,231,48.0,0.1,0.0,15.8,0.1,24,277,63.03,0.00
633000,132,219,48.4,0.0,0.0,15.6,0.0,23,283,63.46,0.00
633000,135,186,47.7,0.2,0.1,16.1,0.1,32,252,58.16,0.00
633000,49,88,23.8,24.4,0.0,15.8,23.8,3,176,36.21,10.57
633000,163,84,47.1,0.0,0.0,16.8,0.0,16,323,70.03,0.00
634000,132,291,48.6,0.1,0.0,15.4,0.1,29,264,60.09,0.00
634000,135,199,47.2,0.1,0.2,16.5,0.1,33,251,57.61,0.00
634000,160,184,47.8,0.0,0.0,15.9,0.0,19,306,70.33,0.00
634000,49,86,24.4,23.6,0.0,16.0,23.6,4,187,38.78,10.44
634000,163,50,47.6,0.6,0.0,15.8,0.3,8,362,79.06,0.00
635000,132,275,48.4,0.2,0.0,15.4,0.1,40,304,68.80,0.00
635000,160,247,48.3,0.0,0.0,15.6,0.0,25,284,65.24,0.00
635000,135,151,47.8,0.1,0.1,15.9,0.0,24,360,81.65,0.00
635000,49,67,24.0,24.0,0.0,15.9,23.5,4,159,31.95,9.89
635000,163,51,48.0,0.0,0.0,16.0,0.0,6,299,65.43,0.00
636000,132,317,48.5,0.1,0.0,15.4,0.1,38,296,65.69,0.00
636000,160,182,48.4,0.0,0.0,15.5,0.0,18,315,71.81,0.00
636000,135,157,47.9,0.0,0.1,16.0,0.0,25,242,54.58,0.03
636000,49,84,24.0,24.1,0.0,16.0,23.9,3,154,31.61,11.51
636000,163,64,47.4,0.0,0.0,16.6,0.0,7,386,85.44,0.00
637000,132,312,48.4,0.2,0.0,15.4,0.1,36,300,66.01,0.00
637000,135,178,48.0,0.0,0.0,15.9,0.0,24,257,58.42,0.00
637000,160,167,47.5,0.8,0.0,15.7,0.6,19,252,56.82,0.13
637000,49,85,23.8,24.0,0.0,16.2,23.8,3,134,28.39,9.96
637000,163,69,47.9,0.0,0.0,16.1,0.0,11,366,80.20,0.00
638000,132,291,48.1,0.1,0.1,15.7,0.1,41,289,64.20,0.00
638000,160,220,45.6,2.4,0.0,16.0,1.9,26,271,61.05,0.40
638000,135,172,48.0,0.1,0.1,15.8,0.1,28,249,56.39,0.00
638000,163,61,48.2,0.0,0.0,15.8,0.0,7,407,88.18,0.00
638000,49,55,23.5,24.5,0.0,15.9,23.5,5,161,33.65,9.56
639000,160,266,45.3,2.2,0.0,16.5,2.0,32,261,59.92,0.49
639000,132,249,47.9,0.1,0.1,15.9,0.1,43,264,59.72,0.00
639000,135,166,47.3,0.4,0.1,16.3,0.2,28,230,52.59,0.00
639000,163,61,47.8,0.0,0.0,16.2,0.0,11,318,69.83,0.00
639000,49,60,24.0,24.0,0.0,16.0,24.0,2,187,38.35,13.49
640000,132,309,48.2,0.1,0.0,15.6,0.1,45,247,55.82,0.00
640000,160,207,46.4,2.0,0.0,15.4,1.9,24,315,71.46,0.82
640000,135,140,48.2,0.1,0.1,15.6,0.1,18,272,61.51,0.00
640000,163,63,47.5,0.0,0.0,16.5,0.0,9,304,66.58,0.00
640000,49,58,24.1,23.6,0.0,16.1,23.6,2,187,36.96,13.19
641000,132,297,48.6,0.0,0.0,15.4,0.0,44,315,71.56,0.00
641000,160,257,44.3,3.7,0.0,16.0,3.4,30,282,64.10,0.94
641000,135,127,47.3,0.2,0.1,16.4,0.1,25,280,63.17,0.03
641000,163,77,47.2,0.0,0.0,16.8,0.0,11,388,85.35,0.00
641000,49,60,23.5,23.7,0.0,16.5,22.9,8,146,29.81,11.25
642000,132,237,47.8,0.3,0.0,15.9,0.1,41,313,71.63,0.00
642000,160,224,42.4,5.7,0.0,15.7,5.2,29,335,75.47,1.33
642000,135,209,42.7,0.1,0.1,21.1,0.1,47,176,41.58,0.00
642000,163,85,42.2,0.0,0.0,21.7,0.0,22,347,76.61,0.00
642000,49,59,24.1,23.8,0.0,15.8,23.5,6,151,31.89,15.37
643000,132,325,45.6,0.1,0.0,18.3,0.0,48,228,52.76,0.00
643000,160,172,44.8,3.3,0.0,15.8,3.0,22,279,62.46,0.92
643000,135,125,44.1,0.0,0.1,19.8,0.0,22,226,52.91,0.04
643000,163,112,38.6,0.1,0.0,25.3,0.1,31,313,69.69,0.00
643000,49,86,23.7,23.5,0.0,16.5,23.2,5,111,23.28,11.04
644000,132,331,48.0,0.2,0.0,15.8,0.1,44,264,59.05,0.00
644000,160,260,46.9,1.6,0.0,15.4,1.5,24,245,54.81,0.29
644000,135,148,48.0,0.3,0.0,15.7,0.2,17,244,55.25,0.00
644000,49,60,23.7,24.2,0.0,16.1,23.7,3,176,37.71,12.36
644000,163,12,48.0,0.0,0.0,16.0,0.0,1,199,44.42,0.00
645000,132,364,48.0,0.2,0.0,15.8,0.0,43,301,67.94,0.00
645000,160,253,43.4,4.2,0.0,16.4,3.9,28,248,55.96,0.67
645000,135,134,47.7,0.2,0.1,16.0,0.1,19,332,74.48,0.00
645000,49,66,24.2,23.8,0.0,16.0,23.8,3,147,31.73,9.87
645000,163,8,48.6,0.0,0.0,15.4,0.0,2,295,64.73,0.00
646000,160,260,45.4,2.7,0.0,15.9,2.5,25,240,53.66,0.71
646000,132,254,47.9,0.1,0.0,16.0,0.0,30,285,65.17,0.00
646000,135,211,48.2,0.0,0.0,15.7,0.0,27,316,70.52,0.02
646000,49,84,23.5,24.6,0.0,15.9,23.5,5,150,31.62,9.76
646000,163,14,48.0,0.0,0.0,16.0,0.0,1,358,77.37,0.00
647000,160,254,45.4,2.9,0.1,15.6,2.5,28,296,67.24,0.65
647000,132,242,47.7,0.1,0.0,16.1,0.1,38,288,63.77,0.00
647000,135,203,47.7,0.1,0.0,16.2,0.1,29,289,64.57,0.00
647000,163,46,47.5,0.0,0.0,16.5,0.0,8,302,66.73,0.00
647000,49,37,24.0,23.5,0.0,16.2,23.5,2,172,37.35,14.28
648000,132,318,47.3,0.2,0.0,16.2,0.1,52,269,59.72,0.00
648000,160,229,43.3,4.0,0.0,16.7,3.6,26,308,69.46,0.95
648000,135,155,47.3,0.0,0.2,16.5,0.0,32,260,59.06,0.00
648000,163,59,45.6,0.0,0.0,18.0,0.0,11,409,88.96,0.00
648000,49,36,23.3,23.9,0.0,16.8,23.3,2,190,39.32,15.34
649000,132,329,46.4,0.1,0.0,17.3,0.1,50,240,54.24,0.00
649000,160,290,43.4,2.4,0.0,18.2,2.2,48,245,56.41,0.60
649000,135,123,46.7,0.2,0.0,17.1,0.1,23,281,63.76,0.00
649000,163,64,41.7,0.0,0.0,21.8,0.0,17,173,40.16,0.00
649000,49,29,23.9,23.6,0.0,15.7,23.2,3,126,25.93,12.06
650000,132,286,43.2,0.2,0.1,20.0,0.0,64,239,54.94,0.00
650000,160,211,45.9,0.0,0.0,17.9,0.0,29,295,67.06,0.00
650000,163,149,36.6,0.0,0.0,26.7,0.0,42,172,40.14,0.00
650000,135,120,46.9,0.1,0.0,17.0,0.1,27,244,54.99,0.00
650000,49,47,24.0,24.0,0.0,16.0,24.0,2,90,20.00,9.81
651000,132,219,48.3,0.1,0.0,15.6,0.1,28,222,50.27,0.00
651000,135,193,48.3,0.0,0.0,15.7,0.0,18,243,55.35,0.00
651000,49,183,24.0,24.0,0.0,16.0,24.0,1,192,43.13,7.73
651000,160,117,48.3,0.0,0.0,15.7,0.0,12,449,100.35,0.00
651000,163,6,48.0,0.0,0.0,16.0,0.0,2,195,42.75,0.00
652000,132,328,47.6,0.5,0.0,15.8,0.2,47,210,47.36,0.02
652000,135,265,47.8,0.1,0.0,16.1,0.1,22,336,75.56,0.00
652000,160,126,48.4,0.0,0.0,15.6,0.0,15,316,70.86,0.00
652000,49,73,23.9,24.0,0.0,16.1,23.9,2,132,28.39,10.95
652000,163,6,48.5,0.0,0.0,15.3,0.0,2,515,104.27,0.00
653000,132,366,47.6,0.3,0.1,15.7,0.2,55,209,47.00,0.02
653000,135,223,47.3,0.2,0.1,16.5,0.1,32,345,78.28,0.00
653000,160,134,48.2,0.0,0.0,15.7,0.0,12,305,69.87,0.00
653000,49,67,23.7,23.4,0.0,17.0,23.3,4,137,28.76,10.50
654000,132,340,48.2,0.1,0.0,15.6,0.0,40,198,44.45,0.00
654000,135,213,48.2,0.0,0.0,15.7,0.0,22,299,68.13,0.00
654000,160,109,48.5,0.1,0.0,15.3,0.1,10,288,64.80,0.00
654000,49,87,24.0,24.0,0.0,16.0,24.0,1,129,27.46,10.86
654000,168,19,48.3,0.3,0.0,15.4,0.3,4,242,54.50,0.00
655000,132,405,47.7,0.2,0.0,16.1,0.0,40,215,48.48,0.00
655000,135,197,47.5,0.2,0.2,16.1,0.1,24,282,63.44,0.00
655000,160,103,48.7,0.0,0.0,15.3,0.0,8,345,79.17,0.00
655000,49,73,23.8,23.9,0.0,16.1,23.6,4,153,32.45,13.58
655000,168,19,47.8,0.2,0.0,16.1,0.2,3,211,47.32,0.00
656000,132,376,48.2,0.1,0.0,15.7,0.0,33,238,54.10,0.00
656000,135,188,48.0,0.1,0.0,15.9,0.0,19,330,75.15,0.00
656000,49,102,23.9,23.9,0.0,16.1,23.9,2,128,27.98,10.07
656000,160,95,48.3,0.0,0.0,15.7,0.0,9,327,75.08,0.00
657000,132,405,48.1,0.0,0.0,15.9,0.0,40,277,62.81,0.00
657000,135,235,48.1,0.0,0.1,15.7,0.0,27,273,62.15,0.00
657000,49,88,23.9,23.6,0.0,16.4,23.2,6,135,27.93,12.21
657000,160,80,47.7,0.2,0.1,16.0,0.2,12,263,59.44,0.00
657000,169,39,46.9,1.0,0.0,16.1,0.0,4,289,68.44,0.00
658000,132,409,47.6,0.4,0.0,15.9,0.4,53,257,58.04,0.01
658000,135,234,47.4,0.1,0.2,16.3,0.1,31,282,63.61,0.00
658000,160,100,48.0,0.1,0.0,15.9,0.1,12,231,52.96,0.04
658000,49,65,23.8,24.2,0.0,16.0,23.3,4,114,24.42,9.87
658000,169,24,49.0,0.0,0.0,15.0,0.0,4,301,69.44,0.00
659000,132,370,47.8,0.2,0.0,15.9,0.1,45,279,62.69,0.00
659000,135,225,47.6,0.0,0.1,16.3,0.0,25,310,71.29,0.00
659000,160,141,48.2,0.0,0.0,15.8,0.0,10,261,59.43,0.00
659000,49,90,24.1,24.1,0.0,15.8,23.9,4,111,23.55,9.15
660000,132,278,48.0,0.1,0.0,15.9,0.1,34,270,60.84,0.00
660000,160,229,48.6,0.0,0.0,15.4,0.0,25,214,49.09,0.00
660000,135,196,47.8,0.1,0.0,16.1,0.1,22,294,67.55,0.00
660000,49,103,24.7,23.2,0.0,16.1,23.1,6,84,17.28,9.96
661000,132,262,48.4,0.1,0.0,15.6,0.1,35,299,67.45,0.00
661000,135,207,47.7,0.2,0.0,16.1,0.2,18,283,64.37,0.00
661000,160,207,48.3,0.1,0.0,15.5,0.0,26,266,61.14,0.00
661000,49,80,24.0,24.0,0.0,16.0,24.0,1,153,32.45,11.93
662000,160,252,48.4,0.0,0.0,15.5,0.0,25,275,62.93,0.00
662000,132,218,48.1,0.1,0.0,15.8,0.1,31,276,62.12,0.00
662000,135,215,47.9,0.1,0.1,15.9,0.1,25,257,58.42,0.00
662000,49,93,24.0,24.1,0.0,15.8,24.0,3,127,27.14,8.50
663000,160,227,47.9,0.1,0.0,15.7,0.1,27,238,54.06,0.00
663000,135,199,48.4,0.0,0.0,15.6,0.0,20,301,68.02,0.00
663000,132,193,47.8,0.1,0.0,16.0,0.1,31,256,57.62,0.00
663000,49,77,24.0,24.1,0.0,15.9,24.0,2,156,32.70,11.95
664000,160,281,48.2,0.1,0.0,15.7,0.0,24,246,56.94,0.00
664000,135,180,48.2,0.0,0.1,15.7,0.0,19,268,61.12,0.00
664000,132,169,47.8,0.1,0.0,16.0,0.1,25,261,58.81,0.00
664000,170,143,47.8,0.2,0.0,16.0,0.0,19,232,53.32,0.00
664000,49,79,24.1,23.8,0.0,16.1,23.7,3,132,27.61,9.91
665000,160,250,48.2,0.1,0.0,15.7,0.1,21,290,66.13,0.00
665000,135,193,47.0,0.1,0.2,16.7,0.1,21,257,58.34,0.00
665000,132,182,47.7,0.1,0.0,16.1,0.1,30,292,66.26,0.00
665000,170,144,47.3,0.2,0.0,16.4,0.1,18,261,58.85,0.00
665000,49,64,24.3,24.2,0.0,15.5,23.8,4,113,23.35,10.26
666000,160,215,48.0,0.1,0.0,15.8,0.1,19,326,74.63,0.00
666000,135,210,47.9,0.0,0.0,16.0,0.0,22,318,71.11,0.00
666000,132,185,48.0,0.1,0.0,15.8,0.0,28,256,57.68,0.00
666000,170,120,48.3,0.0,0.0,15.7,0.0,15,281,64.80,0.00
666000,49,87,24.0,23.8,0.0,16.2,23.3,5,156,32.90,13.25
667000,160,278,48.3,0.1,0.0,15.5,0.1,24,292,66.51,0.00
667000,132,210,48.3,0.0,0.0,15.6,0.0,31,287,64.41,0.02
667000,170,129,48.0,0.0,0.0,16.0,0.0,18,265,60.57,0.00
667000,135,124,47.5,0.4,0.0,16.1,0.2,19,332,74.83,0.00
667000,49,74,23.9,24.2,0.0,15.9,23.9,2,152,32.16,10.56
668000,132,358,47.7,0.3,0.0,15.9,0.1,66,272,61.23,0.00
668000,160,231,48.0,0.1,0.0,15.9,0.0,25,308,68.74,0.00
668000,135,148,47.8,0.2,0.1,15.9,0.1,17,291,66.06,0.00
668000,49,62,23.7,24.7,0.0,15.6,23.6,4,125,26.18,11.81
669000,135,215,48.0,0.0,0.0,15.9,0.0,26,283,63.15,0.00
669000,132,203,48.2,0.2,0.0,15.6,0.1,33,314,70.89,0.00
669000,160,188,48.3,0.3,0.0,15.5,0.1,21,303,68.39,0.00
669000,49,81,23.6,23.7,0.0,16.4,22.8,7,114,23.81,11.77
670000,160,231,48.2,0.0,0.0,15.7,0.0,22,252,57.22,0.00
670000,132,198,47.7,0.3,0.0,15.8,0.0,32,288,64.48,0.00
670000,135,169,48.0,0.2,0.0,15.7,0.2,14,362,81.96,0.00
670000,49,79,24.0,23.7,0.0,16.3,23.7,2,115,24.41,10.93
671000,160,261,48.4,0.1,0.0,15.5,0.1,25,304,68.68,0.00
671000,135,169,47.9,0.0,0.0,16.0,0.0,17,288,64.68,0.00
671000,132,103,47.9,0.0,0.0,16.1,0.0,20,257,57.49,0.00
671000,49,82,23.1,24.3,0.0,16.7,23.1,4,120,25.41,9.44
672000,160,232,48.3,0.0,0.0,15.5,0.0,24,279,63.12,0.00
672000,132,198,47.7,0.0,0.0,16.2,0.0,32,271,60.49,0.00
672000,135,191,47.9,0.0,0.1,16.0,0.0,22,292,66.25,0.00
672000,49,83,23.8,23.9,0.0,16.2,23.2,6,117,24.72,9.57
673000,135,204,48.0,0.1,0.0,15.9,0.0,25,301,68.31,0.00
673000,160,181,47.8,0.2,0.0,15.9,0.1,20,279,62.76,0.00
673000,171,157,47.8,0.2,0.0,16.0,0.1,21,255,59.29,0.00
673000,132,95,48.0,0.0,0.0,16.0,0.0,12,295,67.26,0.00
673000,49,77,23.6,24.1,0.0,16.3,23.6,4,118,24.94,9.99
674000,135,211,47.6,0.1,0.1,16.2,0.1,16,262,60.06,0.00
674000,132,207,48.2,0.1,0.0,15.7,0.1,33,284,63.84,0.01
674000,160,165,48.3,0.2,0.0,15.5,0.0,17,255,58.95,0.00
674000,171,162,48.0,0.0,0.0,16.0,0.0,27,243,55.00,0.00
674000,49,76,23.2,24.4,0.0,16.4,22.8,11,99,20.74,12.92
675000,132,240,48.1,0.3,0.0,15.6,0.2,34,273,61.62,0.00
675000,135,200,47.9,0.0,0.1,16.1,0.0,17,316,73.31,0.00
675000,160,181,48.3,0.3,0.0,15.4,0.1,20,222,50.47,0.00
675000,171,103,48.2,0.0,0.0,15.7,0.0,14,242,54.88,0.00
675000,49,87,23.5,24.1,0.0,16.4,23.5,2,95,20.38,8.92
676000,135,213,47.0,0.3,0.0,16.5,0.1,30,272,62.77,0.00
676000,132,206,48.5,0.0,0.0,15.4,0.0,27,269,60.35,0.00
676000,160,160,47.7,0.1,0.0,16.0,0.0,16,234,53.31,0.00
676000,171,154,47.7,0.1,0.0,16.2,0.1,22,258,60.19,0.00
676000,49,78,23.8,24.4,0.0,15.8,23.5,5,79,17.12,7.26
677000,135,217,47.8,0.2,0.0,16.0,0.1,20,298,68.56,0.00
677000,132,216,47.6,0.5,0.0,15.8,0.5,31,285,63.28,0.07
677000,171,177,47.6,0.1,0.0,16.3,0.1,32,240,55.15,0.00
677000,160,130,48.4,0.1,0.0,15.6,0.1,17,301,67.18,0.00
677000,49,76,23.7,23.9,0.0,16.4,22.8,7,95,20.69,8.61
678000,171,213,47.9,0.1,0.0,15.9,0.0,30,243,54.67,0.00
678000,135,193,47.2,0.0,0.1,16.6,0.0,17,260,59.46,0.00
678000,132,122,47.9,0.0,0.0,16.1,0.0,16,264,58.77,0.00
678000,160,116,48.5,0.0,0.0,15.5,0.0,11,364,82.61,0.00
678000,49,89,23.6,23.6,0.0,16.5,23.1,8,123,26.37,8.64
679000,171,235,47.3,0.3,0.0,16.3,0.1,37,240,55.20,0.00
679000,135,200,47.5,0.1,0.1,16.3,0.1,18,238,55.33,0.00
679000,160,137,47.3,0.3,0.0,16.3,0.1,18,271,62.18,0.00
679000,132,78,48.0,0.0,0.0,16.0,0.0,14,240,53.88,0.00
679000,49,66,24.0,24.1,0.0,15.9,23.7,4,130,26.67,13.10
680000,135,208,46.6,0.3,0.0,16.9,0.3,36,273,63.37,0.04
680000,171,181,46.3,0.9,0.0,16.7,0.7,29,224,50.97,0.17
680000,160,127,48.2,0.0,0.0,15.8,0.0,8,240,54.46,0.00
680000,132,98,47.0,0.1,0.0,16.9,0.1,21,254,56.84,0.00
680000,49,73,23.8,23.9,0.0,16.2,23.7,4,103,22.19,8.80
681000,171,263,48.3,0.1,0.0,15.6,0.0,24,249,56.58,0.00
681000,135,156,47.6,0.2,0.1,16.1,0.1,21,262,60.67,0.00
681000,160,130,47.9,0.3,0.0,15.8,0.1,16,297,67.41,0.00
681000,49,84,23.8,24.4,0.0,15.8,23.8,2,117,24.95,9.70
681000,132,58,46.5,0.0,0.0,17.3,0.0,8,321,73.79,0.00
682000,171,223,48.6,0.0,0.0,15.4,0.0,31,282,63.84,0.00
682000,132,203,48.2,0.2,0.0,15.5,0.2,22,281,62.97,0.00
682000,160,157,48.6,0.0,0.0,15.4,0.0,20,323,73.51,0.00
682000,135,156,48.1,0.0,0.0,15.9,0.0,14,224,51.49,0.00
682000,49,90,23.6,23.6,0.0,16.8,23.3,5,144,31.04,9.60
683000,171,208,47.4,0.3,0.0,16.2,0.1,33,305,68.38,0.00
683000,135,167,47.3,0.1,0.4,16.1,0.1,21,267,61.53,0.00
683000,132,142,46.9,0.6,0.0,16.4,0.3,23,289,65.33,0.00
683000,160,129,47.7,0.0,0.0,16.0,0.0,13,323,71.92,0.00
683000,49,83,23.9,22.8,0.0,17.3,22.6,6,137,29.45,8.71
684000,171,187,47.7,0.0,0.1,16.1,0.0,23,319,71.88,0.00
684000,135,181,47.8,0.1,0.0,16.0,0.1,26,266,61.94,0.00
684000,132,166,48.0,0.0,0.0,16.0,0.0,20,271,61.68,0.00
684000,160,98,47.4,0.5,0.0,16.1,0.4,13,388,87.17,0.00
684000,49,63,24.0,24.3,0.0,15.7,23.6,5,151,31.84,12.14
685000,171,276,48.1,0.2,0.0,15.6,0.2,45,258,59.36,0.02
685000,135,206,48.0,0.0,0.1,15.9,0.0,22,244,56.65,0.00
685000,160,158,48.2,0.1,0.0,15.7,0.1,18,278,62.28,0.00
685000,49,71,23.8,23.9,0.0,16.3,23.5,4,116,24.82,9.60
686000,171,310,48.3,0.1,0.0,15.7,0.0,40,244,55.89,0.00
686000,135,175,47.8,0.2,0.1,15.9,0.0,18,243,56.21,0.00
686000,160,125,48.1,0.2,0.0,15.7,0.0,14,289,65.64,0.00
686000,49,92,24.2,24.2,0.0,15.6,24.0,4,96,20.77,9.56
687000,171,345,46.9,0.4,0.0,16.7,0.1,44,237,54.47,0.01
687000,135,170,47.7,0.2,0.0,16.1,0.1,19,274,62.58,0.00
687000,160,141,48.2,0.1,0.0,15.7,0.1,14,283,64.26,0.00
687000,175,103,48.8,0.0,0.0,15.2,0.0,7,274,61.24,0.00
687000,49,78,24.0,23.5,0.0,16.2,23.4,6,114,24.86,9.69
688000,171,256,48.1,0.0,0.0,15.9,0.0,27,252,58.22,0.00
688000,160,192,48.3,0.2,0.0,15.5,0.1,23,228,52.67,0.00
688000,135,178,48.3,0.0,0.0,15.7,0.0,18,248,57.87,0.00
688000,175,86,48.9,0.0,0.0,15.1,0.0,13,210,46.73,0.00
688000,49,76,23.9,24.1,0.0,15.9,23.7,4,100,21.34,8.60
689000,171,366,48.1,0.1,0.0,15.8,0.1,39,234,52.52,0.00
689000,135,181,48.1,0.0,0.0,15.9,0.0,15,230,52.88,0.00
689000,160,135,48.5,0.1,0.0,15.4,0.0,14,234,52.62,0.00
689000,49,82,23.8,23.5,0.0,16.6,23.5,6,112,24.06,8.61
689000,175,78,48.5,0.0,0.0,15.5,0.0,8,208,46.55,0.00
690000,171,307,47.6,0.2,0.0,16.2,0.0,44,236,54.51,0.00
690000,135,202,47.7,0.0,0.1,16.2,0.0,27,200,46.75,0.00
690000,160,165,48.4,0.0,0.0,15.6,0.0,19,261,59.57,0.00
690000,175,81,48.1,0.0,0.0,15.9,0.0,8,250,55.95,0.00
690000,49,61,23.6,24.7,0.0,15.7,23.5,5,127,25.96,11.48
691000,171,248,48.1,0.1,0.0,15.7,0.1,27,240,54.95,0.00
691000,135,208,48.1,0.0,0.1,15.8,0.0,16,224,52.02,0.00
691000,160,155,47.8,0.3,0.0,15.9,0.0,22,311,69.70,0.00
691000,175,90,48.6,0.3,0.0,15.2,0.3,12,241,53.79,0.00
691000,49,85,24.0,24.2,0.0,15.7,24.0,3,156,33.92,14.01
692000,171,235,48.0,0.1,0.0,15.7,0.1,32,222,50.74,0.00
692000,135,212,48.3,0.1,0.1,15.6,0.1,20,261,59.88,0.00
692000,160,147,47.8,0.1,0.0,16.0,0.1,17,282,64.70,0.00
692000,175,128,48.6,0.0,0.0,15.4,0.0,14,241,53.18,0.00
692000,49,89,23.9,24.1,0.0,16.0,23.9,3,134,28.58,10.01
693000,135,252,47.9,0.2,0.0,15.9,0.2,24,220,51.83,0.02
693000,171,244,48.0,0.1,0.0,16.0,0.1,25,225,50.46,0.00
693000,175,118,48.6,0.1,0.0,15.3,0.1,13,263,57.68,0.04
693000,160,116,48.5,0.0,0.0,15.5,0.0,17,289,66.77,0.00
693000,49,72,24.0,23.8,0.0,16.2,23.8,2,132,27.67,9.20
694000,171,257,48.2,0.0,0.0,15.8,0.0,33,235,53.61,0.00
694000,135,183,48.2,0.0,0.0,15.7,0.0,15,253,59.36,0.00
694000,175,153,48.4,0.1,0.0,15.5,0.1,16,248,55.24,0.00
694000,160,140,48.3,0.0,0.0,15.7,0.0,10,302,69.16,0.00
694000,49,72,23.4,23.8,0.0,16.8,23.4,3,128,27.35,10.71
695000,171,242,47.8,0.0,0.0,16.2,0.0,25,262,58.89,0.00
695000,160,180,48.5,0.0,0.0,15.5,0.0,19,345,77.56,0.00
695000,135,177,46.8,0.2,0.1,16.9,0.2,30,251,57.50,0.04
695000,175,171,46.1,0.0,0.0,17.9,0.0,20,202,44.64,0.00
695000,49,88,22.5,23.0,0.0,18.6,22.3,5,126,27.70,9.02
696000,171,268,47.2,0.0,0.0,16.7,0.0,44,269,61.28,0.00
696000,135,199,47.0,0.1,0.4,16.5,0.1,25,248,57.25,0.00
696000,160,141,48.1,0.0,0.0,15.8,0.0,14,281,63.62,0.00
696000,49,122,21.3,21.8,0.0,20.9,21.0,10,107,24.53,6.93
696000,175,113,47.4,0.1,0.0,16.6,0.1,20,246,55.08,0.00
697000,171,226,47.3,0.1,0.0,16.5,0.0,40,307,68.81,0.00
697000,135,187,47.3,0.0,0.1,16.6,0.0,29,228,51.84,0.00
697000,175,132,47.4,0.2,0.0,16.4,0.2,21,234,51.51,0.00
697000,160,122,47.8,0.0,0.0,16.2,0.0,12,326,73.76,0.00
697000,49,117,21.9,22.2,0.0,19.6,21.5,10,76,16.90,9.75
698000,171,302,47.0,0.1,0.0,16.9,0.0,49,248,56.35,0.00
698000,135,166,47.3,0.3,0.1,16.3,0.2,25,274,62.16,0.02
698000,160,131,48.5,0.0,0.0,15.5,0.0,18,344,78.36,0.00
698000,49,111,21.3,21.8,0.0,20.8,21.0,5,125,28.48,7.76
698000,175,104,48.3,0.0,0.0,15.6,0.0,13,245,53.99,0.00
699000,171,225,47.7,0.1,0.0,16.2,0.0,25,331,74.90,0.00
699000,135,173,47.6,0.2,0.0,16.2,0.2,27,260,59.57,0.07
699000,160,144,47.5,0.8,0.0,15.7,0.8,16,303,68.29,0.41
699000,49,108,21.5,22.4,0.0,20.1,21.3,8,110,24.54,8.02
699000,175,95,47.9,0.0,0.0,15.9,0.0,15,266,58.83,0.00
700000,171,281,46.6,0.2,0.0,17.2,0.1,53,276,61.47,0.00
700000,135,193,47.4,0.1,0.1,16.4,0.1,30,220,50.09,0.00
700000,160,153,47.8,0.1,0.0,16.1,0.0,13,288,64.17,0.00
700000,175,127,47.4,0.1,0.0,16.5,0.1,17,234,51.65,0.00
700000,49,87,21.7,21.9,0.0,20.4,21.3,4,134,29.34,7.46
701000,171,183,48.2,0.1,0.0,15.7,0.0,23,296,66.40,0.00
701000,135,152,47.5,0.1,0.1,16.3,0.1,23,243,55.13,0.00
701000,160,149,48.0,0.1,0.0,15.9,0.0,11,314,70.27,0.00
701000,49,118,22.1,22.2,0.0,19.7,21.7,6,140,31.90,7.68
701000,175,93,47.7,0.1,0.0,16.2,0.1,8,210,46.88,0.00
702000,171,230,48.0,0.0,0.0,16.0,0.0,27,338,75.90,0.00
702000,135,151,47.0,0.3,0.2,16.6,0.2,22,226,51.80,0.02
702000,160,146,48.4,0.0,0.0,15.6,0.0,10,358,81.83,0.00
702000,175,112,47.7,0.0,0.0,16.2,0.0,17,210,46.56,0.00
702000,49,108,23.2,24.0,0.0,16.8,23.1,5,122,25.78,10.06
703000,171,215,47.9,0.1,0.0,16.0,0.1,32,258,58.00,0.00
703000,135,207,47.2,0.1,0.1,16.6,0.1,27,216,49.45,0.00
703000,160,147,48.7,0.0,0.0,15.3,0.0,15,294,66.39,0.00
703000,175,95,47.7,0.0,0.0,16.2,0.0,10,217,48.41,0.00
703000,49,55,24.0,23.9,0.0,16.0,23.9,2,122,24.59,11.53
704000,171,219,48.2,0.2,0.0,15.7,0.2,27,292,66.04,0.04
704000,135,191,47.4,0.1,0.1,16.4,0.1,25,244,56.92,0.00
704000,160,130,48.4,0.0,0.0,15.6,0.0,13,317,71.56,0.00
704000,175,102,47.4,0.0,0.0,16.6,0.0,15,198,45.29,0.00
704000,49,51,23.5,24.1,0.0,16.3,23.5,2,110,22.63,8.35
705000,135,220,47.5,0.1,0.1,16.3,0.1,27,228,52.43,0.00
705000,160,195,48.1,0.0,0.0,15.7,0.0,17,271,60.90,0.00
705000,171,163,48.1,0.1,0.0,15.7,0.1,23,284,64.59,0.00
705000,175,120,48.4,0.0,0.0,15.6,0.0,11,195,42.94,0.00
705000,49,61,23.9,24.0,0.0,16.1,23.7,4,140,29.76,14.43
706000,171,234,48.2,0.0,0.0,15.7,0.0,26,283,63.74,0.00
706000,135,200,48.1,0.0,0.0,15.9,0.0,21,264,60.30,0.00
706000,160,151,48.3,0.1,0.0,15.6,0.1,19,303,68.02,0.00
706000,175,88,48.4,0.0,0.1,15.5,0.0,10,258,57.54,0.00
706000,49,70,24.0,23.9,0.0,16.1,23.6,3,155,33.13,12.30
707000,135,198,47.6,0.3,0.0,16.1,0.2,19,246,56.09,0.01
707000,171,198,47.4,0.3,0.0,16.2,0.1,26,321,73.10,0.00
707000,160,187,48.4,0.0,0.0,15.5,0.0,15,273,62.08,0.00
707000,175,105,48.2,0.0,0.0,15.7,0.0,12,222,48.63,0.00
707000,49,62,24.0,24.0,0.0,16.0,24.0,2,195,41.64,15.90
708000,171,237,48.4,0.0,0.0,15.5,0.0,32,305,68.70,0.00
708000,135,187,47.9,0.2,0.1,15.9,0.2,22,256,57.94,0.00
708000,160,144,48.2,0.0,0.0,15.7,0.0,15,276,62.17,0.00
708000,175,120,47.8,0.1,0.0,16.1,0.1,15,239,52.94,0.00
708000,49,82,23.9,24.1,0.0,16.0,23.8,4,119,24.75,8.93
708000,182,67,46.6,0.0,0.0,17.4,0.0,9,177,41.99,0.00
709000,171,288,46.8,0.2,0.0,17.0,0.1,39,268,60.10,0.00
709000,135,210,48.0,0.1,0.0,15.8,0.0,22,261,59.02,0.00
709000,160,129,48.5,0.2,0.0,15.3,0.1,16,243,54.56,0.03
709000,49,86,23.9,23.9,0.0,16.2,23.9,2,124,26.23,10.88
709000,175,74,48.7,0.0,0.0,15.3,0.0,8,225,48.60,0.00
709000,182,72,48.0,0.0,0.0,16.0,0.0,11,211,47.75,0.00
710000,171,244,48.2,0.0,0.0,15.7,0.0,28,336,75.57,0.00
710000,135,194,47.4,0.0,0.1,16.4,0.0,23,284,64.83,0.00
710000,160,130,48.1,0.0,0.0,15.7,0.0,18,268,59.71,0.00
710000,175,104,48.3,0.0,0.0,15.7,0.0,8,231,50.92,0.00
710000,182,95,40.6,0.5,0.0,21.6,0.5,43,155,36.07,0.11
710000,49,59,24.0,24.0,0.0,16.0,24.0,1,125,25.81,13.04
711000,171,218,48.2,0.1,0.0,15.7,0.1,28,354,78.66,0.00
711000,135,184,48.0,0.0,0.0,15.9,0.0,19,250,57.29,0.00
711000,175,136,48.5,0.1,0.0,15.4,0.1,12,235,51.83,0.00
711000,160,110,47.8,0.2,0.0,16.0,0.0,13,265,59.85,0.00
711000,49,88,23.8,24.9,0.0,15.4,23.6,6,124,26.73,10.58
711000,182,78,48.7,0.0,0.0,15.3,0.0,14,183,42.47,0.00
712000,171,227,48.0,0.0,0.0,16.0,0.0,33,287,64.78,0.00
712000,135,166,47.9,0.1,0.1,15.9,0.0,18,303,69.26,0.00
712000,175,141,47.9,0.1,0.0,16.0,0.0,11,247,54.69,0.00
712000,160,124,48.2,0.1,0.0,15.6,0.0,13,277,62.48,0.00
712000,182,91,48.3,0.0,0.0,15.7,0.0,15,196,44.83,0.00
712000,49,62,24.2,24.1,0.0,15.7,24.0,2,154,32.29,10.89
713000,171,241,48.2,0.0,0.0,15.8,0.0,28,285,63.02,0.00
713000,135,166,47.7,0.1,0.2,16.0,0.0,14,231,52.59,0.00
713000,160,145,48.3,0.0,0.0,15.6,0.0,21,249,55.52,0.00
713000,175,117,48.1,0.0,0.0,15.9,0.0,14,278,61.17,0.00
713000,49,86,23.7,24.2,0.0,16.1,23.7,2,150,31.72,10.56
713000,182,72,48.9,0.0,0.0,15.1,0.0,11,270,62.06,0.00
714000,171,237,47.7,0.0,0.0,16.3,0.0,37,320,71.14,0.00
714000,135,234,48.1,0.1,0.0,15.8,0.0,22,257,58.34,0.00
714000,175,119,47.4,0.3,0.0,16.3,0.2,8,235,52.13,0.00
714000,160,98,47.5,0.4,0.2,15.8,0.1,13,237,53.66,0.00
714000,182,70,47.6,0.3,0.0,16.0,0.1,8,241,54.01,0.00
714000,49,65,24.2,23.8,0.0,16.0,23.3,3,109,22.93,10.49
715000,171,257,48.2,0.0,0.0,15.8,0.0,29,324,72.32,0.00
715000,135,198,46.2,1.1,0.3,16.4,1.0,30,235,53.22,0.28
715000,175,135,46.8,0.0,0.0,17.0,0.0,22,215,48.04,0.00
715000,160,99,48.3,0.0,0.0,15.6,0.0,12,248,54.50,0.00
715000,182,77,45.0,0.0,0.0,18.9,0.0,28,181,42.59,0.00
715000,49,59,23.3,24.1,0.0,16.6,23.3,5,130,27.46,10.08
716000,171,241,48.1,0.2,0.0,15.7,0.1,33,320,71.60,0.00
716000,135,192,48.0,0.3,0.0,15.7,0.1,20,272,62.19,0.00
716000,160,125,47.8,0.0,0.0,15.9,0.0,15,252,55.96,0.00
716000,175,92,47.7,0.3,0.0,16.0,0.0,15,230,50.33,0.00
716000,49,90,23.5,23.7,0.0,16.7,23.5,4,160,34.20,12.66
716000,182,64,48.9,0.0,0.0,15.1,0.0,7,136,32.13,0.00
717000,171,255,47.6,0.4,0.0,16.0,0.1,31,294,66.32,0.00
717000,135,179,47.8,0.0,0.1,16.1,0.0,19,268,60.69,0.00
717000,160,123,47.6,0.3,0.0,16.0,0.0,19,259,59.29,0.00
717000,182,104,47.0,0.4,0.0,16.6,0.2,19,176,42.12,0.03
717000,175,87,48.4,0.0,0.0,15.6,0.0,10,228,49.84,0.00
717000,49,84,23.8,23.8,0.0,16.4,23.4,5,129,27.45,9.75
718000,171,250,47.7,0.0,0.0,16.1,0.0,31,307,68.81,0.00
718000,135,188,47.3,0.4,0.0,16.3,0.3,25,245,56.43,0.02
718000,160,131,48.6,0.0,0.0,15.4,0.0,20,237,53.81,0.00
718000,182,107,47.2,0.2,0.0,16.5,0.2,17,239,57.07,0.00
718000,175,85,47.9,0.0,0.0,16.1,0.0,6,204,44.62,0.00
718000,49,73,24.1,23.5,0.0,16.3,22.8,7,91,18.64,7.92
719000,171,224,48.1,0.0,0.0,15.8,0.0,28,337,75.34,0.00
719000,135,173,47.8,0.0,0.0,16.1,0.0,21,247,56.29,0.00
719000,160,148,47.8,0.2,0.0,15.9,0.2,12,251,57.66,0.03
719000,175,95,46.7,0.6,0.0,16.7,0.3,9,230,49.76,0.05
719000,182,75,47.0,0.5,0.0,16.5,0.1,14,221,51.95,0.00
719000,49,71,24.1,24.0,0.0,15.9,23.7,5,132,28.28,10.06
720000,171,202,47.8,0.1,0.0,16.0,0.0,34,304,68.24,0.00
720000,160,193,48.3,0.1,0.0,15.6,0.0,21,240,55.10,0.00
720000,135,147,47.7,0.0,0.1,16.2,0.0,16,244,55.70,0.00
720000,175,91,48.2,0.0,0.0,15.8,0.0,11,251,56.32,0.00
720000,49,90,23.7,24.2,0.0,16.1,23.7,2,148,32.21,10.55
720000,182,81,48.1,0.1,0.0,15.8,0.1,10,242,57.80,0.00
721000,171,201,47.6,0.0,0.0,16.4,0.0,20,325,72.18,0.00
721000,135,171,48.2,0.0,0.0,15.8,0.0,22,273,62.99,0.00
721000,160,156,47.9,0.1,0.0,15.9,0.1,17,272,61.66,0.00
721000,175,136,48.1,0.1,0.0,15.7,0.1,18,250,55.51,0.00
721000,182,88,48.6,0.0,0.0,15.4,0.0,11,300,71.14,0.00
721000,49,82,23.8,24.2,0.0,16.0,23.8,3,108,22.21,10.44
722000,135,217,47.7,0.1,0.1,16.0,0.1,32,231,52.03,0.01
722000,171,198,47.0,0.2,0.0,16.8,0.1,38,270,60.40,0.00
722000,160,152,47.5,0.5,0.0,16.0,0.4,17,240,53.81,0.14
722000,175,130,48.4,0.0,0.0,15.5,0.0,15,242,53.30,0.00
722000,182,74,47.3,0.0,0.0,16.7,0.0,9,227,53.57,0.00
722000,49,59,22.9,24.4,0.0,16.7,22.9,5,113,23.03,9.59
723000,135,218,48.0,0.0,0.0,15.9,0.0,22,228,52.24,0.00
723000,175,173,47.1,0.4,0.0,16.3,0.2,18,237,52.85,0.00
723000,171,146,47.8,0.0,0.0,16.2,0.0,19,329,73.52,0.00
723000,160,146,48.1,0.0,0.0,15.8,0.0,16,256,57.81,0.00
723000,182,84,48.3,0.0,0.0,15.7,0.0,18,250,58.06,0.00
723000,49,56,23.9,24.4,0.0,15.7,23.9,3,109,22.60,9.22
724000,175,191,48.4,0.2,0.0,15.4,0.1,19,272,60.46,0.00
724000,160,178,47.8,0.2,0.0,16.0,0.1,21,258,58.35,0.00
724000,135,164,48.0,0.2,0.1,15.7,0.1,17,243,55.71,0.00
724000,171,155,48.4,0.0,0.0,15.6,0.0,25,305,66.68,0.00
724000,49,77,24.1,23.8,0.0,15.8,23.8,2,116,24.47,11.22
724000,182,59,47.3,0.2,0.0,16.1,0.1,13,240,54.76,0.00
725000,171,226,48.2,0.1,0.0,15.7,0.0,33,315,70.32,0.00
725000,160,170,47.7,0.3,0.0,15.8,0.0,23,266,59.14,0.00
725000,135,162,47.8,0.1,0.0,16.0,0.0,25,250,57.49,0.00
725000,175,139,47.4,0.5,0.0,16.0,0.1,17,245,54.60,0.00
725000,49,89,23.6,24.1,0.0,16.3,23.4,5,127,26.76,10.13
725000,182,51,48.5,0.0,0.0,15.5,0.0,10,310,69.23,0.00
726000,171,248,48.0,0.0,0.0,16.0,0.0,33,309,69.02,0.00
726000,160,196,48.0,0.2,0.0,15.8,0.1,26,227,51.78,0.00
726000,135,165,47.8,0.1,0.1,16.1,0.1,26,214,48.54,0.00
726000,175,110,48.2,0.0,0.0,15.8,0.0,14,251,55.43,0.00
726000,49,59,23.8,24.2,0.0,15.9,23.8,3,113,23.86,9.88
726000,182,41,48.1,0.0,0.0,15.8,0.0,8,195,47.44,0.00
727000,171,281,48.1,0.0,0.0,15.9,0.0,33,301,66.58,0.00
727000,135,193,47.4,0.3,0.1,16.2,0.1,23,206,46.86,0.04
727000,160,154,48.1,0.2,0.0,15.7,0.0,20,236,52.85,0.00
727000,175,109,48.1,0.0,0.0,15.8,0.0,14,226,49.12,0.00
727000,49,74,24.2,23.6,0.0,16.0,23.5,5,103,21.15,9.97
727000,182,42,48.7,0.0,0.0,15.3,0.0,8,174,39.73,0.00
728000,171,290,48.2,0.1,0.0,15.7,0.0,39,275,60.92,0.00
728000,135,150,47.5,0.1,0.2,16.2,0.0,18,260,59.38,0.00
728000,160,138,48.5,0.1,0.0,15.3,0.1,18,248,56.51,0.00
728000,175,132,47.9,0.1,0.0,16.0,0.1,16,204,44.53,0.00
728000,49,71,23.7,24.0,0.0,16.3,23.7,2,118,24.93,9.32
728000,182,66,47.3,0.3,0.0,16.4,0.1,10,195,46.58,0.00
729000,171,180,48.1,0.3,0.0,15.6,0.1,24,321,71.61,0.00
729000,135,176,48.3,0.0,0.0,15.7,0.0,20,233,53.44,0.00
729000,175,134,48.6,0.0,0.0,15.4,0.0,14,270,59.75,0.00
729000,160,124,48.5,0.0,0.0,15.5,0.0,14,206,46.20,0.00
729000,182,95,47.6,0.2,0.0,16.2,0.2,13,218,50.82,0.00
729000,49,87,23.6,24.0,0.0,16.4,23.6,3,140,29.52,11.69
730000,135,226,47.8,0.1,0.1,15.9,0.1,28,235,53.44,0.00
730000,171,224,48.5,0.1,0.0,15.4,0.1,32,284,62.85,0.00
730000,175,147,48.4,0.0,0.0,15.6,0.0,15,276,60.46,0.00
730000,160,115,47.9,0.2,0.0,15.8,0.1,17,257,57.98,0.03
730000,49,76,23.6,24.4,0.0,15.9,23.5,4,128,27.08,10.40
730000,182,50,47.9,0.5,0.0,15.6,0.0,7,244,55.54,0.00
731000,135,228,47.9,0.1,0.1,16.0,0.1,27,237,54.04,0.00
731000,171,195,46.5,0.0,0.0,17.4,0.0,31,361,80.26,0.00
731000,175,154,48.5,0.0,0.0,15.5,0.0,19,269,58.07,0.00
731000,160,124,48.4,0.2,0.0,15.4,0.1,20,298,66.08,0.00
731000,182,63,47.0,0.1,0.0,16.9,0.1,11,231,51.50,0.00
731000,49,62,23.6,24.2,0.0,16.1,23.5,3,149,31.03,10.56
732000,135,241,48.3,0.1,0.0,15.6,0.1,24,250,56.64,0.00
732000,171,217,48.2,0.0,0.0,15.8,0.0,23,385,84.69,0.00
732000,175,142,48.4,0.2,0.0,15.3,0.1,19,262,57.18,0.00
732000,160,99,47.8,0.1,0.0,16.0,0.1,11,270,61.73,0.00
732000,49,78,23.2,24.8,0.0,16.0,23.2,5,125,26.07,9.09
732000,182,62,48.5,0.0,0.0,15.5,0.0,7,268,61.07,0.00
733000,171,241,47.6,0.1,0.0,16.3,0.1,32,420,92.82,0.00
733000,135,225,47.8,0.1,0.0,16.1,0.1,23,260,59.02,0.00
733000,175,98,48.5,0.1,0.0,15.4,0.1,16,271,59.65,0.00
733000,182,87,47.7,0.1,0.0,16.1,0.1,8,293,67.63,0.00
733000,49,75,24.0,24.0,0.0,16.1,23.8,3,130,27.79,9.93
733000,160,70,48.1,0.0,0.0,15.9,0.0,6,232,51.75,0.00
734000,135,239,47.8,0.1,0.1,16.0,0.0,25,290,66.11,0.00
734000,171,212,47.8,0.0,0.0,16.2,0.0,27,412,89.98,0.00
734000,160,108,48.0,0.1,0.0,15.9,0.1,14,210,46.76,0.00
734000,182,90,47.9,0.0,0.0,16.0,0.0,15,220,50.08,0.00
734000,175,86,48.1,0.1,0.0,15.7,0.1,11,249,56.30,0.00
734000,49,80,23.2,23.6,0.0,17.1,22.9,6,84,17.92,7.94
735000,135,206,48.0,0.0,0.1,15.8,0.0,21,326,73.40,0.00
735000,171,196,48.3,0.0,0.0,15.7,0.0,22,385,84.68,0.00
735000,175,108,48.0,0.1,0.0,15.9,0.1,7,233,51.41,0.00
735000,182,107,48.1,0.2,0.0,15.7,0.2,19,231,53.27,0.00
735000,160,103,48.3,0.1,0.0,15.6,0.1,9,240,54.89,0.00
735000,49,83,24.0,24.1,0.0,15.9,24.0,2,133,27.60,11.19
736000,171,236,48.2,0.1,0.0,15.7,0.1,23,381,83.21,0.00
736000,135,166,48.1,0.1,0.0,15.7,0.1,16,247,57.23,0.00
736000,160,132,48.0,0.0,0.0,16.0,0.0,17,216,49.49,0.00
736000,175,125,48.0,0.2,0.0,15.8,0.0,18,250,55.87,0.00
736000,182,90,47.3,0.2,0.0,16.5,0.2,17,200,45.16,0.00
736000,49,68,23.6,23.8,0.0,16.6,23.4,4,113,23.03,8.58
737000,171,238,48.1,0.2,0.0,15.7,0.0,25,384,83.87,0.00
737000,135,202,48.0,0.1,0.0,15.8,0.1,21,275,61.51,0.02
737000,160,138,48.4,0.0,0.0,15.6,0.0,21,245,55.76,0.00
737000,175,99,49.0,0.0,0.0,15.0,0.0,11,234,51.30,0.00
737000,49,86,23.9,23.7,0.0,16.3,23.7,2,129,27.14,9.39
737000,182,75,49.2,0.0,0.0,14.8,0.0,13,261,60.07,0.00
738000,135,264,48.3,0.1,0.0,15.6,0.1,23,311,69.47,0.00
738000,171,214,47.8,0.2,0.0,15.9,0.1,29,356,78.14,0.00
738000,160,114,48.2,0.0,0.0,15.8,0.0,10,275,62.28,0.00
738000,175,95,48.3,0.0,0.0,15.7,0.0,8,247,54.16,0.00
738000,182,80,47.9,0.1,0.0,16.0,0.1,8,261,60.43,0.00
738000,49,60,22.7,24.6,0.0,16.7,22.7,5,128,27.41,9.86
739000,135,238,47.1,0.1,0.1,16.7,0.1,32,292,66.16,0.03
739000,171,221,46.9,0.2,0.0,16.8,0.1,45,375,81.82,0.00
739000,160,125,47.0,0.4,0.0,16.2,0.1,19,278,62.70,0.00
739000,175,116,47.5,0.0,0.0,16.5,0.0,15,269,60.13,0.07
739000,182,70,48.5,0.1,0.0,15.2,0.1,10,219,51.02,0.00
739000,49,42,24.0,24.0,0.0,16.0,24.0,1,84,17.86,10.16
740000,135,234,48.0,0.1,0.0,15.9,0.0,19,299,67.49,0.00
740000,171,215,48.0,0.0,0.0,16.0,0.0,28,354,78.12,0.00
740000,160,137,48.3,0.0,0.1,15.6,0.0,18,221,50.48,0.00
740000,175,101,48.0,0.1,0.0,15.7,0.1,12,285,62.82,0.00
740000,49,76,23.9,23.9,0.0,16.2,23.8,4,121,24.72,9.74
740000,182,56,48.0,0.0,0.0,16.0,0.0,13,246,55.60,0.00
741000,171,242,46.2,0.3,0.0,17.4,0.3,45,312,68.26,0.01
741000,135,239,46.9,0.4,0.1,16.6,0.4,36,325,72.57,0.05
741000,175,139,46.0,0.6,0.0,17.4,0.5,28,222,49.89,0.12
741000,160,126,46.6,0.4,0.0,16.5,0.2,18,263,59.07,0.00
741000,49,35,24.0,24.0,0.0,16.0,24.0,1,125,25.34,15.86
741000,182,23,47.6,0.0,0.0,16.4,0.0,8,280,64.52,0.00
742000,135,190,48.1,0.1,0.0,15.9,0.1,27,295,65.75,0.00
742000,171,170,29.3,3.4,0.8,30.5,3.1,59,96,24.36,0.72
742000,160,148,46.2,0.0,0.0,17.8,0.0,30,219,50.79,0.00
742000,175,77,46.4,0.1,0.0,17.5,0.1,12,265,60.40,0.00
742000,182,43,48.3,0.0,0.0,15.7,0.0,8,276,62.86,0.00
742000,49,37,24.0,24.0,0.0,16.0,24.0,1,146,32.01,13.07
743000,160,215,43.6,0.0,0.0,20.4,0.0,40,181,42.07,0.00
743000,171,147,29.0,4.4,0.1,30.4,4.2,32,97,24.30,2.25
743000,135,121,47.7,0.2,0.1,16.1,0.1,19,314,70.34,0.00
743000,175,80,47.4,0.0,0.0,16.6,0.0,14,261,57.82,0.00
743000,49,60,24.1,24.0,0.0,15.9,23.9,3,85,18.05,9.64
743000,182,54,47.3,0.0,0.0,16.7,0.0,12,257,58.78,0.00
744000,160,180,46.1,0.0,0.0,17.9,0.0,31,202,47.81,0.00
744000,135,171,48.0,0.1,0.0,15.8,0.1,19,274,62.20,0.00
744000,175,124,48.1,0.0,0.0,15.8,0.0,10,269,60.05,0.00
744000,171,75,28.8,7.3,0.6,27.3,7.3,19,114,28.86,1.83
744000,49,70,24.0,24.0,0.0,16.0,24.0,1,154,32.14,14.05
744000,182,41,48.2,0.0,0.0,15.8,0.0,7,261,58.41,0.00
745000,135,208,48.0,0.1,0.0,16.0,0.0,17,309,69.52,0.00
745000,160,151,46.1,0.0,0.0,17.8,0.0,27,227,53.06,0.00
745000,171,97,30.8,3.9,1.5,27.8,3.9,34,121,30.60,2.27
745000,175,86,48.7,0.0,0.0,15.3,0.0,11,249,54.64,0.00
745000,49,60,23.5,24.5,0.0,16.0,23.5,3,100,21.37,8.42
745000,182,43,47.4,1.0,0.0,15.6,0.0,9,334,75.46,0.00
746000,135,287,47.8,0.1,0.1,16.0,0.1,26,325,72.97,0.00
746000,186,208,48.0,0.2,0.0,15.8,0.2,26,358,77.57,0.00
746000,175,144,48.1,0.1,0.0,15.8,0.1,16,298,66.52,0.00
746000,160,82,48.1,0.0,0.0,15.9,0.0,11,253,57.09,0.00
746000,49,77,23.8,24.2,0.0,16.0,23.5,4,135,28.70,7.23
746000,182,27,48.1,0.1,0.0,15.7,0.1,6,355,82.76,0.00
747000,135,264,48.3,0.1,0.0,15.6,0.1,23,313,70.51,0.00
747000,175,178,48.2,0.1,0.0,15.8,0.1,18,298,65.47,0.00
747000,186,144,48.5,0.2,0.0,15.3,0.2,18,430,92.73,0.00
747000,49,96,23.9,24.3,0.0,15.8,23.9,2,111,23.32,7.91
747000,160,73,48.5,0.0,0.0,15.5,0.0,4,276,61.77,0.00
747000,182,14,48.0,0.0,0.0,16.0,0.0,2,310,71.80,0.00
748000,135,265,48.1,0.1,0.0,15.8,0.1,27,333,75.19,0.00
748000,175,174,48.3,0.1,0.0,15.5,0.0,20,360,79.42,0.00
748000,186,173,48.2,0.0,0.0,15.8,0.0,22,408,89.18,0.00
748000,49,64,24.0,24.0,0.0,16.0,24.0,1,136,28.73,9.15
748000,160,31,48.2,0.0,0.0,15.8,0.0,4,373,86.46,0.00
748000,182,27,49.2,0.0,0.0,14.8,0.0,5,274,62.93,0.00
749000,135,280,47.5,0.2,0.1,16.2,0.1,35,368,83.56,0.00
749000,186,184,48.2,0.0,0.0,15.8,0.0,19,440,95.33,0.00
749000,175,169,47.4,0.1,0.0,16.4,0.0,16,371,82.18,0.02
749000,49,62,24.0,24.0,0.0,16.0,24.0,1,127,26.45,10.23
749000,160,29,48.7,0.0,0.0,15.3,0.0,5,194,44.12,0.00
749000,182,7,48.0,0.0,0.0,16.0,0.0,1,206,43.82,0.00
750000,186,334,47.5,0.2,0.0,16.3,0.1,41,348,76.02,0.00
750000,135,292,47.3,0.3,0.1,16.3,0.2,38,344,77.28,0.01
750000,175,123,46.5,0.3,0.1,17.0,0.2,14,305,66.83,0.00
750000,49,49,23.4,24.3,0.0,16.2,23.4,4,115,23.23,10.28
750000,160,24,47.4,0.0,0.0,16.0,0.0,3,347,76.04,0.00
750000,182,18,48.6,0.0,0.0,15.2,0.0,4,237,53.33,0.00
751000,186,318,47.4,0.0,0.0,16.6,0.0,49,319,69.83,0.00
751000,135,230,47.6,0.1,0.0,16.3,0.0,17,318,70.83,0.00
751000,175,156,40.2,0.5,0.1,23.2,0.3,40,186,41.97,0.06
751000,49,75,23.9,24.2,0.0,15.9,23.7,4,169,35.00,13.42
751000,160,50,48.3,0.0,0.0,15.7,0.0,6,257,57.68,0.00
751000,182,19,48.4,0.0,0.0,15.6,0.0,3,267,62.34,0.00
752000,186,288,48.1,0.1,0.0,15.8,0.0,37,340,74.42,0.00
752000,135,286,48.2,0.1,0.1,15.6,0.1,25,314,71.00,0.00
752000,175,99,48.2,0.1,0.0,15.6,0.1,13,315,69.70,0.00
752000,49,73,24.2,23.6,0.0,16.0,23.6,3,146,31.82,10.22
752000,160,27,46.9,0.7,0.0,16.4,0.1,3,362,85.90,0.00
752000,182,25,48.0,0.0,0.0,16.0,0.0,2,253,56.35,0.00
753000,135,270,47.7,0.2,0.0,16.0,0.1,32,304,68.93,0.00
753000,186,248,48.2,0.1,0.0,15.7,0.0,38,384,83.53,0.00
753000,175,124,48.1,0.2,0.0,15.7,0.2,14,342,75.23,0.00
753000,160,90,47.9,0.1,0.0,16.0,0.1,15,222,50.64,0.05
753000,49,74,24.0,24.0,0.0,16.0,24.0,1,102,21.08,8.24
753000,182,31,48.1,0.0,0.0,15.9,0.0,3,191,43.94,0.00
754000,135,277,48.0,0.1,0.0,15.9,0.1,22,346,77.98,0.00
754000,186,242,48.6,0.0,0.0,15.2,0.0,28,428,93.10,0.00
754000,175,170,47.9,0.2,0.0,15.9,0.2,16,298,65.17,0.00
754000,160,63,48.8,0.0,0.0,15.2,0.0,7,281,63.66,0.00
754000,49,52,23.9,24.4,0.0,15.7,23.9,2,160,33.23,13.32
754000,182,28,48.1,0.2,0.0,15.7,0.2,4,210,47.83,0.00
755000,135,280,47.8,0.1,0.1,16.0,0.0,27,413,92.78,0.00
755000,186,195,48.1,0.0,0.0,15.9,0.0,13,466,100.78,0.00
755000,175,194,48.3,0.0,0.0,15.6,0.0,25,363,79.02,0.00
755000,49,53,23.3,24.9,0.0,15.8,23.3,5,123,25.66,13.80
755000,160,44,48.1,0.1,0.0,15.5,0.1,7,264,59.68,0.00
755000,182,26,42.2,2.9,0.0,18.9,2.9,7,156,37.08,0.13
756000,135,274,48.1,0.1,0.0,15.8,0.1,21,362,81.47,0.00
756000,186,235,48.6,0.0,0.0,15.4,0.0,28,479,104.31,0.00
756000,175,143,47.7,0.3,0.0,16.1,0.0,15,361,79.18,0.00
756000,49,67,24.0,23.9,0.0,16.0,23.9,3,125,26.22,10.10
756000,160,14,48.7,0.0,0.0,15.3,0.0,4,396,86.87,0.00
756000,182,14,49.1,0.0,0.0,14.9,0.0,2,302,69.07,0.00
757000,186,236,48.1,0.0,0.0,15.9,0.0,24,444,95.65,0.00
757000,135,194,48.0,0.2,0.0,15.8,0.1,18,422,94.34,0.00
757000,175,131,48.0,0.1,0.0,15.8,0.0,11,370,81.15,0.00
757000,49,96,24.4,23.8,0.0,15.9,23.8,2,142,30.45,7.53
757000,160,21,48.7,0.0,0.0,15.3,0.0,4,215,48.76,0.00
757000,182,20,48.3,0.0,0.0,15.6,0.0,2,178,40.41,0.00
758000,186,270,48.1,0.0,0.0,15.9,0.0,32,424,92.98,0.00
758000,135,229,48.1,0.0,0.0,15.8,0.0,23,385,85.65,0.00
758000,175,220,48.2,0.0,0.0,15.7,0.0,22,379,82.24,0.00
758000,49,89,23.9,24.0,0.0,16.1,23.8,3,123,26.11,8.59
758000,182,16,45.2,0.0,0.0,18.8,0.0,5,232,55.75,0.00
758000,160,14,48.3,0.0,0.0,15.7,0.0,3,238,51.18,0.00
759000,186,282,48.3,0.0,0.0,15.7,0.0,34,404,87.28,0.00
759000,175,207,48.3,0.1,0.0,15.5,0.1,21,391,84.98,0.00
759000,135,193,48.1,0.1,0.1,15.8,0.1,15,392,87.54,0.00
759000,49,101,24.4,23.7,0.0,15.9,23.6,4,143,31.05,9.51
759000,182,34,47.6,0.0,0.0,16.2,0.0,9,225,50.35,0.00
759000,160,16,48.2,0.0,0.0,15.8,0.0,2,371,83.42,0.00
760000,186,259,48.4,0.0,0.0,15.6,0.0,22,466,100.74,0.00
760000,175,213,48.1,0.2,0.0,15.7,0.1,19,371,80.91,0.00
760000,135,122,48.3,0.1,0.0,15.6,0.1,9,369,83.17,0.00
760000,49,114,24.0,23.9,0.0,16.0,23.8,3,160,34.15,8.52
760000,182,60,48.8,0.1,0.0,15.1,0.1,10,238,53.41,0.00
760000,160,31,48.0,0.0,0.0,16.0,0.0,2,278,62.31,0.00
761000,186,261,48.3,0.0,0.0,15.7,0.0,29,471,102.32,0.00
761000,135,184,48.1,0.2,0.0,15.7,0.2,16,346,77.26,0.00
761000,175,110,48.3,0.1,0.0,15.6,0.1,8,377,83.89,0.00
761000,49,94,23.7,24.2,0.0,16.0,23.7,5,166,35.40,9.25
761000,182,60,48.6,0.0,0.0,15.4,0.0,10,313,69.68,0.00
761000,160,24,48.3,0.1,0.0,15.6,0.1,5,344,77.56,0.00
762000,186,270,48.3,0.1,0.0,15.6,0.1,32,440,96.20,0.00
762000,135,181,48.0,0.0,0.0,16.0,0.0,13,365,81.33,0.00
762000,175,177,48.4,0.1,0.0,15.5,0.1,19,370,80.56,0.00
762000,182,74,48.3,0.2,0.0,15.5,0.0,11,316,70.30,0.00
762000,49,69,24.0,23.7,0.0,16.3,23.7,2,162,34.61,9.65
762000,160,67,48.2,0.0,0.0,15.8,0.0,5,229,51.74,0.00
763000,186,271,48.2,0.0,0.0,15.8,0.0,21,444,96.86,0.00
763000,135,190,47.4,0.1,0.1,16.4,0.1,21,337,75.20,0.00
763000,175,177,47.9,0.0,0.0,15.8,0.0,22,354,76.99,0.00
763000,49,97,23.9,24.4,0.0,15.8,23.9,3,158,33.30,9.98
763000,182,82,48.3,0.4,0.0,15.3,0.4,13,253,55.78,0.00
763000,160,29,48.3,0.0,0.0,15.7,0.0,4,324,73.74,0.00
764000,186,249,48.4,0.0,0.0,15.6,0.0,23,490,105.96,0.00
764000,175,191,48.1,0.0,0.0,15.8,0.0,21,319,69.60,0.00
764000,135,163,47.9,0.1,0.0,15.9,0.1,14,318,70.39,0.00
764000,49,119,23.8,23.9,0.0,16.2,23.8,2,216,45.52,10.70
764000,182,70,47.7,0.0,0.0,16.3,0.0,5,322,72.64,0.00
764000,160,44,48.3,0.0,0.0,15.7,0.0,4,343,77.61,0.00
765000,186,251,48.1,0.1,0.0,15.9,0.1,28,510,110.92,0.00
765000,175,236,48.3,0.0,0.0,15.7,0.0,19,354,77.36,0.00
765000,135,145,48.1,0.0,0.0,15.9,0.0,12,371,82.76,0.00
765000,49,81,23.6,24.2,0.0,16.2,23.6,4,235,49.52,11.89
765000,160,54,48.1,0.2,0.0,15.7,0.2,8,329,74.60,0.00
765000,182,53,47.1,0.3,0.0,16.5,0.0,6,289,66.19,0.00
766000,186,251,48.2,0.0,0.0,15.8,0.0,23,419,91.38,0.00
766000,175,209,48.4,0.0,0.0,15.6,0.0,18,398,85.97,0.00
766000,135,183,47.3,0.6,0.0,16.1,0.2,19,377,84.11,0.00
766000,49,85,24.0,24.3,0.0,15.8,23.9,3,163,34.11,10.56
766000,182,58,48.2,0.0,0.0,15.8,0.0,9,236,53.18,0.00
766000,160,32,47.9,0.1,0.0,16.0,0.1,3,282,63.13,0.00
767000,186,262,48.0,0.1,0.0,15.9,0.0,21,411,89.91,0.00
767000,175,204,48.1,0.0,0.0,15.9,0.0,21,399,86.82,0.00
767000,135,157,48.2,0.0,0.0,15.8,0.0,10,385,85.95,0.00
767000,49,88,23.9,23.9,0.0,16.2,23.5,4,185,38.58,9.75
767000,182,65,47.9,0.0,0.0,16.1,0.0,7,371,83.33,0.00
767000,160,32,49.0,0.0,0.0,15.0,0.0,6,249,57.05,0.00
768000,186,204,47.8,0.0,0.0,16.0,0.0,20,423,93.12,0.00
768000,175,193,48.4,0.0,0.0,15.6,0.0,17,349,75.35,0.00
768000,135,174,47.8,0.1,0.0,16.1,0.1,15,308,68.56,0.00
768000,49,109,23.9,24.3,0.0,15.8,23.9,3,209,44.12,11.17
768000,182,100,48.3,0.0,0.0,15.6,0.0,12,261,56.71,0.00
768000,160,25,48.3,0.0,0.0,15.7,0.0,5,362,80.63,0.00
769000,186,220,48.3,0.0,0.0,15.7,0.0,21,371,80.06,0.00
769000,135,184,48.0,0.1,0.0,15.8,0.0,15,352,79.08,0.00
769000,175,140,48.1,0.2,0.0,15.6,0.2,20,332,71.90,0.00
769000,182,130,48.3,0.4,0.0,15.4,0.1,13,279,61.17,0.00
769000,49,95,24.4,23.3,0.0,16.3,23.2,3,152,31.43,10.51
769000,160,35,48.7,0.0,0.0,15.3,0.0,6,172,38.91,0.00
770000,186,227,48.3,0.0,0.0,15.7,0.0,17,453,98.44,0.00
770000,135,200,48.1,0.0,0.1,15.8,0.0,21,348,78.75,0.00
770000,175,141,48.0,0.1,0.0,15.8,0.1,16,270,59.17,0.00
770000,182,118,48.4,0.1,0.0,15.5,0.1,12,311,68.47,0.00
770000,49,112,24.0,24.2,0.0,15.9,24.0,2,196,41.64,9.15
770000,160,30,48.4,0.0,0.0,15.6,0.0,3,220,51.53,0.00
771000,186,265,48.0,0.0,0.0,16.0,0.0,25,415,90.66,0.00
771000,135,182,48.1,0.1,0.0,15.7,0.1,15,308,69.30,0.00
771000,175,153,48.1,0.2,0.0,15.7,0.2,13,332,71.45,0.00
771000,182,93,47.9,0.1,0.0,16.0,0.0,9,282,62.76,0.00
771000,49,90,23.9,24.1,0.0,16.0,23.9,2,173,36.20,9.75
771000,160,24,48.9,0.0,0.0,15.1,0.0,4,258,60.03,0.00
772000,186,318,48.1,0.1,0.0,15.7,0.0,33,376,82.47,0.00
772000,135,210,48.0,0.1,0.0,15.9,0.1,21,274,62.02,0.00
772000,49,107,23.8,24.0,0.0,16.3,23.7,4,134,28.95,7.54
772000,175,90,48.8,0.0,0.0,15.2,0.0,8,263,57.95,0.00
772000,182,58,48.1,0.0,0.0,15.8,0.0,7,284,63.64,0.00
772000,160,26,48.7,0.0,0.0,15.3,0.0,5,168,39.79,0.00
773000,186,269,48.1,0.0,0.0,15.8,0.0,24,396,88.30,0.00
773000,135,197,47.8,0.2,0.0,16.0,0.1,12,318,72.68,0.00
773000,182,102,48.1,0.0,0.0,15.9,0.0,10,218,49.73,0.00
773000,49,100,24.5,23.0,0.0,16.6,22.7,7,135,28.56,9.55
773000,175,64,48.2,0.0,0.0,15.8,0.0,3,281,61.22,0.00
773000,160,47,48.9,0.0,0.0,15.1,0.0,5,182,43.57,0.00
774000,186,291,48.1,0.1,0.2,15.6,0.1,35,332,73.68,0.00
774000,182,162,48.0,0.1,0.0,15.8,0.1,16,261,58.33,0.00
774000,135,139,46.8,0.4,0.1,16.7,0.2,18,289,65.72,0.00
774000,49,76,23.6,24.0,0.0,16.5,23.6,4,161,33.77,10.33
774000,175,69,48.1,0.0,0.0,15.9,0.0,7,312,68.78,0.00
774000,160,39,48.4,0.0,0.0,15.6,0.0,5,180,39.82,0.00
775000,186,375,48.3,0.0,0.0,15.6,0.0,41,328,72.59,0.00
775000,135,145,48.3,0.1,0.0,15.6,0.1,12,322,72.41,0.00
775000,182,104,48.2,0.0,0.0,15.8,0.0,12,357,81.16,0.00
775000,49,96,24.5,23.9,0.0,15.7,23.7,5,161,33.35,10.26
775000,175,44,48.1,0.0,0.0,15.9,0.0,4,322,70.23,0.00
775000,160,25,48.1,0.0,0.0,15.9,0.0,4,254,58.83,0.00
776000,186,372,48.4,0.0,0.0,15.6,0.0,42,321,69.89,0.00
776000,135,130,48.2,0.0,0.0,15.8,0.0,12,315,70.47,0.00
776000,175,117,48.7,0.0,0.0,15.3,0.0,10,289,64.13,0.00
776000,49,88,23.9,24.0,0.0,16.1,23.9,2,170,35.69,11.90
776000,182,81,48.4,0.0,0.0,15.6,0.0,8,305,68.88,0.00
776000,160,33,48.1,0.0,0.0,15.9,0.0,2,223,51.76,0.00
776000,194,20,48.5,0.1,0.0,15.4,0.1,4,621,130.12,0.00
777000,186,444,48.3,0.0,0.0,15.7,0.0,45,339,73.48,0.00
777000,135,128,48.3,0.0,0.0,15.7,0.0,10,312,70.74,0.00
777000,175,122,48.2,0.0,0.0,15.8,0.0,10,352,76.15,0.00
777000,49,93,23.7,24.3,0.0,16.0,23.7,4,193,40.54,12.05
777000,182,42,48.0,0.2,0.0,15.5,0.2,6,413,92.96,0.00
777000,160,6,41.2,3.0,0.0,19.8,0.0,3,200,44.24,0.00
778000,186,440,48.5,0.0,0.0,15.5,0.0,41,320,69.82,0.00
778000,135,138,48.0,0.0,0.0,15.9,0.0,10,349,78.32,0.00
778000,49,103,24.0,24.0,0.0,16.0,24.0,1,193,40.10,11.24
778000,175,95,48.3,0.0,0.0,15.7,0.0,8,317,69.81,0.00
778000,182,48,47.7,0.6,0.0,15.6,0.0,9,267,58.17,0.00
779000,186,307,48.2,0.1,0.0,15.6,0.1,33,422,93.74,0.00
779000,175,106,48.2,0.2,0.0,15.6,0.2,5,315,68.64,0.00
779000,135,97,48.1,0.0,0.0,15.9,0.0,12,354,78.94,0.00
779000,49,95,23.9,24.0,0.0,16.1,23.9,2,184,38.26,10.53
779000,182,52,48.1,0.0,0.0,15.9,0.0,3,355,76.52,0.00
780000,186,355,48.0,0.0,0.0,16.0,0.0,30,424,94.87,0.00
780000,49,115,24.0,24.0,0.0,16.0,24.0,1,221,47.28,11.44
780000,175,111,48.2,0.0,0.0,15.8,0.0,10,340,74.42,0.00
780000,135,51,48.2,0.0,0.1,15.7,0.0,5,483,106.42,0.00
780000,182,50,48.4,0.0,0.0,15.6,0.0,6,331,71.97,0.00
781000,186,490,48.2,0.0,0.0,15.7,0.0,47,395,85.74,0.00
781000,175,102,47.8,0.3,0.0,15.9,0.1,14,343,74.34,0.00
781000,49,93,23.6,24.6,0.0,15.8,23.6,5,202,42.95,12.06
781000,135,73,47.8,0.0,0.1,16.1,0.0,9,284,62.02,0.00
781000,182,53,48.1,0.0,0.0,15.8,0.0,5,490,108.90,0.00
782000,186,325,48.4,0.1,0.0,15.5,0.1,35,415,92.46,0.00
782000,175,99,48.2,0.0,0.0,15.8,0.0,10,305,66.09,0.00
782000,49,88,23.7,24.2,0.0,16.1,23.7,3,140,29.52,8.33
782000,135,83,47.9,0.2,0.0,15.8,0.2,9,312,69.68,0.00
782000,182,58,47.5,0.0,0.0,16.5,0.0,8,316,70.26,0.00
783000,186,334,48.2,0.1,0.0,15.7,0.1,32,446,100.08,0.00
783000,49,110,24.1,23.9,0.0,16.0,23.8,4,164,34.15,9.96
783000,175,103,48.1,0.1,0.0,15.9,0.1,12,356,77.93,0.00
783000,182,71,47.9,0.1,0.0,15.7,0.1,10,307,67.38,0.00
783000,135,43,48.6,0.0,0.0,15.4,0.0,5,414,92.14,0.00
784000,186,256,48.1,0.1,0.0,15.8,0.1,22,443,98.54,0.00
784000,175,126,48.3,0.2,0.0,15.5,0.0,15,364,80.05,0.00
784000,49,111,23.8,24.3,0.0,15.9,23.8,3,169,36.06,9.10
784000,135,67,47.1,0.1,0.4,16.4,0.1,9,285,62.00,0.00
784000,182,61,48.5,0.0,0.0,15.5,0.0,10,383,83.19,0.00
785000,186,313,48.2,0.0,0.0,15.8,0.0,27,378,83.93,0.00
785000,175,100,47.7,0.4,0.0,15.8,0.2,11,333,72.73,0.00
785000,182,97,47.2,0.1,0.0,16.6,0.0,16,268,59.41,0.00
785000,49,80,23.8,24.1,0.0,16.0,23.5,4,133,27.58,9.49
785000,196,45,48.6,0.0,0.0,15.2,0.0,9,405,86.96,0.00
785000,135,31,48.2,0.0,0.0,15.8,0.0,4,391,88.32,0.00
786000,186,222,48.0,0.0,0.0,16.0,0.0,20,443,98.62,0.00
786000,182,163,48.2,0.0,0.0,15.8,0.0,13,333,74.28,0.00
786000,198,135,48.3,0.1,0.0,15.6,0.1,16,201,41.33,0.00
786000,49,86,23.4,24.2,0.0,16.3,23.4,3,147,31.04,10.04
786000,175,85,48.2,0.0,0.0,15.7,0.0,9,268,56.53,0.00
786000,135,51,48.5,0.1,0.0,15.3,0.1,9,316,70.35,0.00
786000,196,33,48.1,0.0,0.0,15.9,0.0,4,443,95.10,0.00
787000,182,223,48.4,0.0,0.0,15.5,0.0,21,326,70.94,0.00
787000,186,211,48.5,0.0,0.0,15.5,0.0,22,424,94.16,0.00
787000,49,111,23.8,24.2,0.0,16.0,23.8,3,136,27.61,10.30
787000,198,108,48.2,0.0,0.0,15.8,0.0,8,222,44.15,0.00
787000,175,104,48.0,0.0,0.0,16.0,0.0,3,288,62.18,0.00
787000,196,55,47.4,0.3,0.0,16.3,0.3,9,360,78.57,0.00
787000,135,38,48.1,0.0,0.1,15.9,0.0,3,340,74.42,0.00
788000,186,233,48.5,0.0,0.0,15.4,0.0,19,422,93.32,0.00
788000,182,184,48.3,0.1,0.0,15.6,0.1,18,385,85.50,0.00
788000,198,163,48.6,0.0,0.0,15.4,0.0,10,236,46.49,0.00
788000,49,91,23.7,24.0,0.0,16.3,23.7,2,163,33.73,11.10
788000,175,67,48.8,0.0,0.0,15.1,0.0,7,344,74.24,0.00
788000,135,46,48.1,0.0,0.0,15.9,0.0,6,356,77.39,0.00
788000,196,43,48.3,0.0,0.0,15.7,0.0,5,527,114.05,0.00
789000,186,259,48.3,0.0,0.0,15.7,0.0,20,425,94.17,0.00
789000,182,171,47.7,0.0,0.0,16.2,0.0,23,395,86.83,0.00
789000,198,142,48.1,0.0,0.0,15.9,0.0,14,221,44.07,0.00
789000,49,112,23.6,24.2,0.0,16.2,23.6,3,135,27.95,8.65
789000,175,85,48.3,0.0,0.0,15.7,0.0,11,300,64.35,0.00
789000,135,41,48.2,0.0,0.0,15.8,0.0,7,433,93.94,0.00
789000,196,31,48.0,0.0,0.0,15.9,0.0,7,369,78.06,0.00
790000,186,257,48.3,0.0,0.0,15.7,0.0,28,376,84.04,0.00
790000,182,203,48.1,0.2,0.0,15.8,0.1,16,392,86.28,0.00
790000,198,116,48.6,0.0,0.0,15.4,0.0,11,268,53.56,0.00
790000,49,87,23.8,23.8,0.0,16.4,23.4,5,134,27.41,9.28
790000,175,82,47.7,0.0,0.0,16.3,0.0,13,311,65.83,0.00
790000,196,49,47.7,0.1,0.0,16.2,0.1,8,380,81.89,0.00
790000,135,24,48.1,0.1,0.0,15.8,0.1,4,410,91.83,0.00
791000,186,288,48.4,0.0,0.0,15.6,0.0,29,394,87.85,0.00
791000,182,193,48.1,0.0,0.0,15.9,0.0,16,383,82.84,0.00
791000,198,150,48.6,0.0,0.0,15.4,0.0,18,263,50.18,0.00
791000,49,83,24.0,24.0,0.0,16.0,24.0,1,159,31.85,10.87
791000,175,79,47.5,0.5,0.0,15.9,0.1,10,375,81.47,0.00
791000,196,33,47.7,0.1,0.0,15.8,0.1,9,394,83.08,0.00
791000,135,15,48.0,0.1,0.0,15.9,0.1,2,520,116.94,0.00
792000,186,279,48.4,0.0,0.0,15.6,0.0,26,389,87.16,0.00
792000,198,211,48.5,0.0,0.0,15.5,0.0,21,321,61.26,0.00
792000,182,174,47.5,0.3,0.0,16.2,0.1,17,341,75.25,0.00
792000,49,78,23.7,23.9,0.0,16.4,23.7,2,144,29.83,8.38
792000,175,58,48.3,0.0,0.0,15.6,0.0,6,313,67.44,0.00
792000,135,32,47.8,0.3,0.1,15.8,0.3,7,410,89.39,0.00
792000,196,19,48.1,0.0,0.0,15.9,0.0,3,483,103.50,0.00
793000,186,260,48.2,0.0,0.0,15.8,0.0,31,377,84.34,0.00
793000,198,216,48.7,0.0,0.0,15.3,0.0,24,413,76.64,0.00
793000,182,155,47.9,0.0,0.0,16.0,0.0,12,332,73.10,0.00
793000,49,102,24.0,24.0,0.0,16.0,24.0,1,175,36.70,9.85
793000,175,74,48.1,0.0,0.0,15.9,0.0,4,299,64.46,0.00
793000,135,40,47.8,0.2,0.2,15.8,0.2,6,330,72.06,0.00
793000,196,13,49.2,0.0,0.0,14.8,0.0,3,293,62.16,0.00
794000,186,238,48.4,0.0,0.0,15.6,0.0,25,376,84.81,0.00
794000,182,197,47.5,0.1,0.0,16.3,0.1,21,337,74.47,0.00
794000,198,190,48.4,0.0,0.0,15.6,0.0,13,373,69.98,0.00
794000,49,85,24.2,23.9,0.0,15.9,23.8,3,145,29.62,12.83
794000,175,76,48.0,0.0,0.0,15.9,0.0,5,394,83.90,0.00
794000,135,39,48.2,0.0,0.0,15.8,0.0,4,484,106.61,0.00
794000,196,8,47.0,0.1,0.0,15.8,0.1,4,446,94.13,0.00
795000,186,291,48.4,0.0,0.0,15.5,0.0,34,341,76.54,0.00
795000,182,194,48.2,0.0,0.0,15.8,0.0,16,349,77.99,0.00
795000,198,179,48.3,0.0,0.0,15.7,0.0,12,318,59.21,0.00
795000,49,91,23.7,23.8,0.0,16.4,23.5,4,148,31.45,10.05
795000,175,71,48.8,0.1,0.0,15.1,0.1,12,310,66.36,0.00
795000,135,42,48.2,0.0,0.0,15.8,0.0,6,372,81.72,0.00
796000,186,277,48.3,0.1,0.0,15.6,0.1,33,374,84.28,0.00
796000,182,179,47.2,0.2,0.0,16.4,0.1,13,355,79.15,0.02
796000,198,138,48.2,0.0,0.0,15.8,0.0,12,406,76.98,0.00
796000,175,94,47.2,0.5,0.0,16.3,0.1,9,335,73.00,0.00
796000,49,87,23.7,24.1,0.0,16.1,23.7,3,159,33.70,9.58
796000,135,32,48.0,0.0,0.0,16.0,0.0,3,291,64.95,0.00
797000,186,267,48.5,0.0,0.0,15.5,0.0,24,347,79.64,0.00
797000,198,170,48.3,0.0,0.0,15.7,0.0,10,419,79.38,0.00
797000,182,134,48.4,0.0,0.0,15.6,0.0,13,317,69.50,0.00
797000,49,109,24.0,24.0,0.0,16.0,24.0,1,190,41.64,10.69
797000,175,104,48.7,0.0,0.0,15.3,0.0,11,311,66.80,0.00
797000,135,26,48.0,0.0,0.0,16.0,0.0,3,379,84.41,0.00
797000,196,22,48.7,0.0,0.0,15.3,0.0,3,331,71.47,0.00
798000,186,366,48.5,0.1,0.0,15.5,0.1,41,341,77.08,0.00
798000,182,121,48.2,0.0,0.0,15.8,0.0,8,330,73.98,0.00
798000,49,119,23.9,24.2,0.0,15.9,23.9,2,162,35.27,9.26
798000,198,88,48.3,0.0,0.0,15.7,0.0,5,309,57.37,0.00
798000,135,57,48.0,0.1,0.1,15.8,0.1,10,231,51.88,0.00
798000,175,52,47.3,0.7,0.0,16.0,0.2,5,370,80.20,0.00
798000,196,43,48.0,0.0,0.0,16.0,0.0,4,446,97.70,0.00
799000,186,320,48.4,0.0,0.0,15.6,0.0,38,364,81.60,0.00
799000,135,150,48.1,0.0,0.0,15.8,0.0,15,288,64.47,0.00
799000,49,121,24.0,24.2,0.0,15.9,24.0,3,191,41.90,10.09
799000,182,89,47.5,0.0,0.3,16.3,0.0,11,265,58.47,0.00
799000,175,77,48.8,0.0,0.0,15.2,0.0,12,303,66.38,0.00
799000,196,42,48.9,0.0,0.0,15.1,0.0,9,391,85.47,0.00
799000,198,20,50.1,0.0,0.0,13.9,0.0,5,278,52.14,0.00
800000,186,347,48.3,0.0,0.0,15.7,0.0,36,401,89.55,0.00
800000,135,122,48.3,0.0,0.1,15.6,0.0,11,319,71.23,0.00
800000,49,117,24.0,24.1,0.0,16.0,24.0,2,187,40.70,9.74
800000,175,101,48.4,0.0,0.0,15.6,0.0,7,315,67.86,0.00
800000,182,68,48.3,0.0,0.0,15.7,0.0,7,265,59.97,0.00
800000,196,54,48.5,0.0,0.0,15.5,0.0,8,411,91.51,0.00
800000,198,17,48.8,0.0,0.0,15.2,0.0,4,195,39.92,0.00
801000,186,330,48.3,0.1,0.0,15.6,0.1,33,442,98.37,0.00
801000,175,109,48.3,0.0,0.0,15.7,0.0,11,357,76.46,0.00
801000,135,105,48.3,0.1,0.0,15.6,0.1,12,399,88.63,0.00
801000,182,93,47.6,0.0,0.0,16.2,0.0,10,267,59.37,0.00
801000,198,86,47.7,0.0,0.3,16.0,0.0,8,266,50.75,0.00
801000,49,73,23.4,24.2,0.0,16.5,23.4,2,170,35.58,11.60
801000,196,48,48.2,0.0,0.0,15.8,0.0,4,398,86.03,0.00
802000,186,303,48.1,0.0,0.0,15.9,0.0,30,440,98.04,0.00
802000,198,151,48.4,0.0,0.0,15.6,0.0,15,306,58.37,0.00
802000,182,91,48.6,0.0,0.0,15.4,0.0,12,221,49.23,0.00
802000,175,87,48.3,0.0,0.0,15.7,0.0,5,411,88.35,0.00
802000,49,84,24.1,24.1,0.0,15.8,23.8,4,188,38.50,10.50
802000,196,76,48.1,0.2,0.0,15.6,0.2,8,368,78.06,0.00
802000,135,62,48.1,0.0,0.0,15.9,0.0,5,468,103.20,0.00
803000,186,290,48.3,0.0,0.0,15.6,0.0,31,381,84.11,0.00
803000,198,151,48.7,0.0,0.0,15.3,0.0,17,316,59.90,0.00
803000,182,112,47.9,0.3,0.0,15.7,0.2,12,268,59.45,0.00
803000,49,104,24.0,24.0,0.0,16.0,23.7,4,191,39.59,11.84
803000,175,74,48.1,0.0,0.0,15.9,0.0,6,304,64.92,0.00
803000,196,57,48.2,0.0,0.0,15.8,0.0,7,386,81.04,0.00
803000,135,53,48.0,0.3,0.0,15.7,0.3,7,427,96.04,0.00
804000,186,257,48.5,0.1,0.0,15.5,0.1,26,375,83.22,0.00
804000,198,177,48.5,0.0,0.0,15.5,0.0,16,335,65.13,0.00
804000,182,140,47.8,0.1,0.0,16.1,0.1,13,262,57.66,0.00
804000,49,93,24.1,23.7,0.0,16.1,23.7,2,190,38.31,11.60
804000,135,55,48.4,0.0,0.0,15.6,0.0,5,489,109.73,0.00
804000,175,55,48.4,0.0,0.0,15.6,0.0,6,275,58.12,0.00
804000,196,49,48.4,0.0,0.0,15.6,0.0,4,446,96.66,0.00
805000,186,281,48.1,0.1,0.0,15.8,0.1,29,400,89.04,0.00
805000,198,252,48.1,0.0,0.0,15.8,0.0,18,365,69.89,0.00
805000,49,100,23.9,24.0,0.0,16.1,23.9,2,202,40.94,12.73
805000,182,86,47.9,0.0,0.0,16.1,0.0,8,268,60.06,0.00
805000,196,41,49.0,0.0,0.0,15.0,0.0,6,329,69.94,0.00
805000,175,35,48.8,0.0,0.0,15.2,0.0,5,351,74.63,0.00
805000,135,24,47.8,0.0,0.0,16.2,0.0,3,484,107.12,0.00
806000,186,285,48.4,0.0,0.0,15.6,0.0,34,370,82.13,0.00
806000,198,263,48.0,0.0,0.0,16.0,0.0,17,349,66.12,0.00
806000,182,125,46.9,0.5,0.0,15.7,0.3,20,312,69.34,0.00
806000,49,89,24.3,23.8,0.0,15.9,23.8,2,230,47.20,12.55
806000,175,53,48.3,0.0,0.0,15.6,0.0,6,386,83.70,0.00
806000,196,25,48.4,0.0,0.0,15.6,0.0,3,428,91.88,0.00
806000,135,13,47.5,0.0,0.3,16.2,0.0,3,446,100.04,0.00
807000,186,298,48.2,0.0,0.0,15.8,0.0,24,418,93.77,0.00
807000,198,191,48.4,0.0,0.1,15.5,0.0,16,439,81.89,0.00
807000,182,120,48.0,0.1,0.0,15.7,0.1,12,339,74.73,0.00
807000,49,95,23.9,24.2,0.0,15.9,23.9,2,203,41.94,11.44
807000,175,45,48.2,0.3,0.0,15.5,0.3,6,376,81.16,0.00
807000,196,38,48.2,0.0,0.0,15.8,0.0,5,347,71.93,0.00
807000,203,30,49.5,0.0,0.0,14.5,0.0,3,532,110.93,0.00
807000,135,28,46.4,0.6,0.2,16.8,0.0,5,302,67.64,0.00
808000,186,310,48.5,0.1,0.0,15.4,0.1,32,376,83.13,0.00
808000,198,195,48.3,0.0,0.1,15.7,0.0,15,372,68.06,0.00
808000,182,106,47.6,0.5,0.0,15.8,0.0,15,315,69.69,0.00
808000,49,87,24.0,24.0,0.0,16.0,24.0,1,192,39.62,12.37
808000,175,63,47.8,0.1,0.0,16.1,0.1,7,290,61.69,0.00
808000,135,57,48.2,0.1,0.0,15.7,0.1,6,373,83.42,0.00
808000,196,48,48.1,0.0,0.0,15.9,0.0,5,377,79.20,0.00
808000,203,18,49.4,0.0,0.0,14.6,0.0,4,552,112.28,0.00
809000,186,296,48.3,0.0,0.0,15.7,0.0,32,403,87.53,0.00
809000,198,191,48.5,0.0,0.1,15.4,0.0,17,398,74.47,0.00
809000,182,137,48.1,0.1,0.0,15.7,0.1,16,281,62.27,0.00
809000,49,93,24.0,24.0,0.0,16.0,24.0,1,174,35.18,11.23
809000,175,60,48.1,0.1,0.1,15.7,0.1,6,321,67.24,0.00
809000,196,44,47.8,0.2,0.0,16.0,0.2,8,399,86.14,0.00
809000,135,23,48.5,0.0,0.0,15.5,0.0,4,362,80.44,0.00
809000,203,10,49.9,0.0,0.0,14.1,0.0,3,844,171.28,0.00
810000,186,305,48.4,0.0,0.0,15.6,0.0,31,390,85.41,0.00
810000,198,181,48.4,0.0,0.0,15.5,0.0,12,383,71.40,0.00
810000,182,145,47.7,0.0,0.0,16.1,0.0,18,273,60.16,0.00
810000,49,84,23.6,24.0,0.0,16.4,23.6,4,190,39.01,10.74
810000,175,44,47.6,0.3,0.1,15.9,0.3,8,380,81.47,0.08
810000,135,41,48.3,0.0,0.0,15.7,0.0,3,284,62.55,0.00
810000,196,27,48.0,0.0,0.0,16.0,0.0,4,462,98.23,0.00
810000,203,14,49.3,0.0,0.0,14.7,0.0,2,420,87.12,0.00
811000,186,288,48.2,0.1,0.0,15.7,0.1,31,388,84.26,0.00
811000,198,198,48.4,0.0,0.0,15.6,0.0,17,390,72.31,0.00
811000,182,137,48.1,0.2,0.0,15.6,0.2,14,315,69.78,0.00
811000,49,90,24.0,24.2,0.0,15.8,23.8,5,164,32.91,11.32
811000,175,59,47.8,0.4,0.0,15.8,0.4,8,334,71.86,0.00
811000,135,55,47.7,0.0,0.3,15.9,0.0,7,335,74.34,0.00
811000,196,24,48.2,0.0,0.0,15.8,0.0,3,426,93.98,0.00
811000,203,17,49.4,0.0,0.0,14.6,0.0,3,584,121.32,0.00
812000,186,290,48.3,0.1,0.0,15.6,0.1,43,432,95.58,0.00
812000,198,198,48.3,0.0,0.1,15.6,0.0,15,396,74.58,0.00
812000,182,103,47.9,0.0,0.0,16.1,0.0,13,254,55.54,0.00
812000,175,90,48.3,0.2,0.0,15.6,0.2,11,310,64.97,0.00
812000,49,73,24.3,23.7,0.0,15.8,23.7,2,168,34.29,12.44
812000,135,33,48.2,0.0,0.0,15.8,0.0,3,552,123.63,0.00
812000,196,23,48.2,0.1,0.0,15.2,0.1,5,412,89.11,0.00
812000,203,14,49.2,0.0,0.0,14.8,0.0,3,783,166.48,0.00
813000,186,300,48.0,0.1,0.0,15.9,0.1,33,407,89.92,0.00
813000,198,165,48.3,0.0,0.0,15.7,0.0,12,380,72.57,0.00
813000,182,123,47.2,0.0,0.0,16.5,0.0,12,315,70.50,0.00
813000,175,86,47.9,0.1,0.0,16.0,0.1,7,312,65.84,0.00
813000,49,84,23.8,23.7,0.0,16.3,23.7,2,134,27.57,8.91
813000,135,72,47.3,0.4,0.3,16.0,0.1,14,310,68.44,0.00
813000,196,22,48.5,0.0,0.0,15.5,0.0,5,359,77.18,0.00
814000,186,246,48.3,0.0,0.0,15.7,0.0,26,405,89.23,0.00
814000,198,233,48.4,0.0,0.0,15.6,0.0,20,396,75.48,0.00
814000,182,163,48.2,0.0,0.0,15.8,0.0,11,306,68.09,0.00
814000,49,92,24.2,24.1,0.0,15.7,23.6,4,169,34.26,11.86
814000,175,87,48.2,0.1,0.0,15.7,0.1,8,331,68.89,0.00
814000,135,22,48.4,0.0,0.0,15.6,0.0,3,371,84.08,0.00
814000,203,8,50.8,0.0,0.1,13.1,0.0,3,686,142.71,0.00
814000,196,8,48.0,0.0,0.0,16.0,0.0,1,234,49.14,0.00
815000,186,289,48.6,0.1,0.0,15.3,0.1,26,386,84.94,0.00
815000,198,259,48.4,0.0,0.1,15.5,0.0,23,443,82.41,0.00
815000,182,100,47.6,0.3,0.0,16.1,0.1,14,285,62.86,0.00
815000,49,93,24.3,23.9,0.0,15.8,23.9,2,191,39.64,9.82
815000,175,90,48.0,0.3,0.0,15.7,0.0,9,399,85.01,0.00
815000,135,19,48.3,0.0,0.0,15.7,0.0,2,327,73.03,0.00
815000,203,7,49.0,0.0,0.0,15.0,0.0,1,785,164.59,0.00
816000,198,207,48.4,0.0,0.1,15.5,0.0,16,488,90.96,0.00
816000,186,151,48.3,0.6,0.0,15.1,0.6,20,426,93.32,0.00
816000,175,150,48.1,0.0,0.0,15.9,0.0,13,358,75.31,0.00
816000,49,107,24.0,24.0,0.0,16.0,24.0,1,190,40.33,11.81
816000,182,64,48.1,0.1,0.0,15.7,0.1,8,264,58.17,0.00
816000,135,62,48.5,0.0,0.0,15.5,0.0,5,336,75.77,0.00
816000,203,7,49.0,0.0,0.0,15.0,0.0,1,475,97.23,0.00
817000,186,188,48.4,0.1,0.0,15.5,0.1,17,330,72.45,0.00
817000,198,182,48.5,0.0,0.0,15.5,0.0,17,458,85.86,0.00
817000,175,117,48.1,0.2,0.0,15.7,0.2,11,420,88.69,0.00
817000,49,93,24.0,24.0,0.0,16.0,24.0,1,207,43.61,13.08
817000,135,84,47.7,0.2,0.0,16.2,0.0,11,325,72.33,0.00
817000,182,66,48.8,0.0,0.0,15.2,0.0,8,292,65.07,0.00
818000,198,217,48.0,0.0,0.0,16.0,0.0,13,404,76.41,0.00
818000,186,186,48.3,0.1,0.0,15.6,0.1,15,413,90.49,0.00
818000,175,106,48.7,0.0,0.0,15.2,0.0,11,330,69.72,0.00
818000,49,99,24.0,23.8,0.0,16.2,23.8,2,168,33.99,12.40
818000,182,76,48.3,0.0,0.0,15.7,0.0,7,252,55.75,0.00
818000,135,68,48.0,0.3,0.1,15.6,0.3,9,432,97.41,0.00
819000,186,286,48.3,0.0,0.0,15.7,0.0,33,417,91.94,0.00
819000,198,171,48.4,0.0,0.0,15.6,0.0,18,393,74.61,0.00
819000,182,150,48.1,0.1,0.0,15.8,0.1,13,284,62.18,0.00
819000,175,103,47.9,0.3,0.0,15.8,0.1,8,331,71.24,0.00
819000,49,84,24.0,24.0,0.0,16.0,24.0,1,188,38.79,11.97
819000,135,68,47.8,0.0,0.3,16.0,0.0,8,421,94.38,0.00
820000,186,268,48.4,0.0,0.0,15.6,0.0,31,384,84.37,0.00
820000,198,199,48.2,0.0,0.1,15.7,0.0,11,409,76.87,0.00
820000,182,125,48.7,0.1,0.0,15.2,0.1,9,306,69.42,0.00
820000,175,101,48.2,0.1,0.0,15.7,0.1,10,311,66.31,0.00
820000,49,90,23.9,24.2,0.0,15.8,23.9,2,184,38.08,9.84
820000,135,63,48.4,0.0,0.0,15.6,0.0,6,386,87.43,0.00
821000,186,305,48.2,0.0,0.0,15.7,0.0,31,359,79.63,0.00
821000,198,180,48.5,0.0,0.0,15.5,0.0,13,343,63.01,0.00
821000,135,119,47.4,0.0,0.2,16.4,0.0,16,254,57.53,0.00
821000,175,97,47.8,0.0,0.1,16.1,0.0,2,334,71.48,0.00
821000,49,87,24.1,23.6,0.0,16.3,23.3,8,177,37.05,12.30
821000,182,77,48.0,0.1,0.0,15.8,0.1,7,231,51.79,0.00
822000,186,340,48.1,0.0,0.0,15.9,0.0,42,384,84.67,0.00
822000,198,210,48.5,0.0,0.0,15.5,0.0,16,432,78.37,0.00
822000,175,91,47.5,0.4,0.0,16.1,0.1,9,334,70.26,0.00
822000,49,87,23.5,24.3,0.0,16.1,23.5,4,193,41.04,12.27
822000,182,75,48.2,0.1,0.0,15.7,0.1,11,235,51.39,0.00
822000,135,71,48.1,0.0,0.0,15.9,0.0,6,497,112.36,0.00
823000,186,347,48.1,0.2,0.0,15.8,0.1,42,398,87.47,0.00
823000,198,207,48.6,0.0,0.0,15.4,0.0,13,437,79.79,0.00
823000,49,99,23.5,23.6,0.1,16.8,23.0,5,184,38.62,9.82
823000,135,87,48.2,0.0,0.0,15.7,0.0,6,347,78.62,0.00
823000,175,85,48.2,0.0,0.0,15.8,0.0,12,341,71.38,0.00
823000,182,35,48.7,0.0,0.0,15.3,0.0,8,242,53.91,0.00
824000,186,298,48.6,0.0,0.0,15.4,0.0,34,409,90.56,0.00
824000,198,246,48.5,0.0,0.0,15.5,0.0,20,375,70.07,0.00
824000,175,141,48.7,0.0,0.0,15.3,0.0,17,313,65.94,0.00
824000,49,98,24.0,24.0,0.0,16.0,24.0,1,238,50.44,10.97
824000,135,70,48.3,0.0,0.0,15.7,0.0,5,382,85.24,0.00
824000,182,17,48.6,0.0,0.0,15.4,0.0,3,298,70.89,0.00
825000,186,273,48.4,0.1,0.0,15.5,0.1,28,451,99.27,0.00
825000,198,142,48.6,0.0,0.0,15.4,0.0,13,300,54.39,0.00
825000,175,139,48.4,0.0,0.0,15.5,0.0,13,365,77.36,0.00
825000,49,104,24.0,23.8,0.0,16.2,23.7,4,180,37.92,9.03
825000,135,82,47.8,0.2,0.0,16.0,0.0,6,331,73.27,0.00
825000,182,41,48.4,0.0,0.0,15.6,0.0,4,247,55.14,0.00
826000,186,294,48.6,0.1,0.0,15.3,0.1,34,380,82.92,0.00
826000,198,193,48.5,0.0,0.1,15.5,0.0,18,353,65.38,0.00
826000,175,146,48.1,0.0,0.1,15.8,0.0,17,325,67.90,0.00
826000,182,93,47.7,0.0,0.0,16.1,0.0,9,227,50.50,0.00
826000,49,82,24.0,24.0,0.0,16.0,24.0,1,161,32.58,9.62
826000,135,64,47.8,0.2,0.0,16.0,0.2,9,352,78.54,0.00
827000,186,276,48.5,0.0,0.0,15.4,0.0,25,409,89.17,0.00
827000,182,138,48.0,0.2,0.0,15.7,0.1,10,249,56.65,0.00
827000,175,103,47.6,0.1,0.0,16.3,0.0,9,365,76.09,0.00
827000,198,77,48.4,0.0,0.2,15.4,0.0,9,292,55.09,0.00
827000,135,73,47.6,0.3,0.0,16.1,0.3,11,296,65.08,0.00
827000,49,70,23.8,24.2,0.0,15.9,23.8,3,150,31.04,8.10
828000,186,150,48.8,0.0,0.0,15.2,0.0,17,405,90.07,0.00
828000,182,125,48.6,0.4,0.0,14.9,0.2,10,244,55.78,0.00
828000,175,101,48.2,0.0,0.1,15.7,0.0,13,336,69.23,0.00
828000,49,99,24.0,24.0,0.0,16.0,24.0,2,157,32.92,8.36
828000,198,94,48.2,0.0,0.1,15.7,0.0,5,368,67.16,0.00
828000,135,84,47.8,0.0,0.0,16.1,0.0,5,272,61.81,0.00
829000,186,272,48.6,0.0,0.0,15.4,0.0,30,346,76.10,0.00
829000,175,119,47.9,0.0,0.1,16.0,0.0,10,364,77.72,0.00
829000,135,114,48.2,0.1,0.0,15.7,0.1,14,239,54.76,0.00
829000,49,88,23.9,24.1,0.0,16.0,23.6,4,223,48.16,11.71
829000,198,80,48.4,0.0,0.0,15.6,0.0,9,454,81.95,0.00
829000,182,54,48.0,0.0,0.0,16.0,0.0,5,304,67.98,0.00
830000,186,286,48.5,0.1,0.0,15.5,0.1,20,403,89.70,0.00
830000,135,153,47.7,0.1,0.3,15.9,0.1,23,295,66.53,0.00
830000,175,137,48.1,0.2,0.0,15.7,0.0,14,309,66.03,0.00
830000,49,97,24.3,23.6,0.0,16.1,23.5,4,201,42.59,8.93
830000,198,51,48.2,0.0,0.0,15.8,0.0,3,404,70.03,0.00
830000,182,45,48.1,0.0,0.0,15.9,0.0,4,293,65.51,0.00
831000,186,319,48.5,0.1,0.0,15.3,0.1,33,363,80.53,0.00
831000,135,155,47.8,0.2,0.0,16.0,0.1,12,296,67.17,0.02
831000,49,117,24.4,23.4,0.0,16.2,23.2,7,194,41.95,10.11
831000,175,116,48.0,0.5,0.1,15.4,0.2,15,339,73.49,0.00
831000,207,86,48.5,0.0,0.0,15.4,0.0,10,319,59.77,0.00
831000,198,21,48.8,0.0,0.0,15.2,0.0,5,381,66.56,0.00
831000,182,16,47.9,0.0,0.0,16.1,0.0,4,317,71.88,0.00
832000,135,165,47.7,0.1,0.1,16.2,0.0,14,332,75.43,0.00
832000,175,160,48.5,0.0,0.0,15.4,0.0,21,257,55.21,0.00
832000,186,142,48.6,0.1,0.0,15.2,0.1,20,507,113.75,0.00
832000,49,111,24.1,24.0,0.0,15.8,23.9,4,183,38.54,9.85
832000,207,108,48.6,0.0,0.0,15.4,0.0,12,329,63.00,0.00
832000,182,21,46.9,0.4,0.0,16.7,0.4,5,207,45.92,0.00
833000,186,341,48.2,0.2,0.0,15.6,0.1,40,348,77.68,0.00
833000,135,205,48.3,0.0,0.1,15.6,0.0,21,287,64.39,0.00
833000,175,116,48.7,0.0,0.0,15.3,0.0,12,385,83.96,0.00
833000,207,90,48.6,0.0,0.0,15.2,0.0,10,376,72.22,0.00
833000,49,76,23.8,24.3,0.0,15.9,23.8,4,149,31.68,10.48
833000,182,5,45.8,2.8,0.0,15.4,2.8,2,256,50.93,0.00
834000,186,243,48.3,0.2,0.0,15.5,0.2,24,329,73.71,0.00
834000,135,194,48.1,0.1,0.0,15.7,0.1,21,336,75.66,0.00
834000,175,131,48.1,0.1,0.0,15.8,0.1,11,336,73.23,0.00
834000,49,89,23.5,24.1,0.0,16.3,23.5,5,147,30.73,9.84
834000,207,69,48.3,0.0,0.0,15.7,0.0,10,271,54.45,0.00
835000,186,281,48.2,0.0,0.0,15.8,0.0,27,341,75.49,0.00
835000,175,143,48.0,0.3,0.0,15.7,0.0,15,392,86.00,0.00
835000,135,131,48.0,0.1,0.1,15.8,0.1,16,328,74.11,0.00
835000,49,97,23.4,23.8,0.0,16.8,23.1,3,150,31.83,9.01
835000,207,96,48.4,0.0,0.0,15.4,0.0,10,292,61.32,0.00
836000,186,255,48.0,0.1,0.0,16.0,0.0,23,329,73.59,0.00
836000,135,152,48.4,0.0,0.0,15.5,0.0,14,355,79.47,0.00
836000,175,115,48.0,0.3,0.0,15.8,0.1,15,321,70.55,0.00
836000,207,107,48.2,0.0,0.0,15.8,0.0,9,237,49.46,0.00
836000,49,90,24.0,24.2,0.0,15.8,23.4,4,162,34.98,9.52
837000,186,252,48.4,0.0,0.0,15.6,0.0,24,344,77.24,0.00
837000,207,131,48.7,0.0,0.0,15.3,0.0,13,279,57.68,0.00
837000,175,128,48.0,0.1,0.0,15.9,0.1,13,342,75.51,0.00
837000,135,126,48.2,0.0,0.0,15.7,0.0,13,410,91.46,0.00
837000,49,89,24.0,24.0,0.0,16.0,24.0,2,170,35.82,10.79
838000,186,292,48.5,0.0,0.0,15.5,0.0,23,349,77.09,0.00
838000,207,136,48.3,0.0,0.0,15.6,0.0,14,296,60.57,0.00
838000,175,135,48.2,0.2,0.0,15.6,0.0,12,353,76.78,0.00
838000,49,95,24.3,23.8,0.0,15.9,23.8,2,195,41.28,10.83
838000,135,92,48.1,0.2,0.0,15.8,0.2,8,430,96.43,0.04
838000,211,92,47.8,0.0,0.0,16.0,0.0,13,377,82.17,0.00
839000,186,289,48.1,0.2,0.0,15.8,0.2,26,353,77.96,0.00
839000,175,145,48.2,0.0,0.0,15.8,0.0,18,379,82.41,0.00
839000,207,106,48.5,0.0,0.1,15.5,0.0,11,284,61.03,0.00
839000,135,101,48.2,0.0,0.0,15.8,0.0,6,370,83.83,0.00
839000,49,93,24.0,24.0,0.0,16.0,24.0,1,225,48.14,11.08
839000,211,90,48.4,0.0,0.0,15.6,0.0,10,416,92.33,0.00
840000,186,261,48.2,0.0,0.0,15.8,0.0,21,322,72.06,0.00
840000,175,138,48.4,0.0,0.0,15.6,0.0,12,359,78.28,0.00
840000,135,135,47.9,0.0,0.0,16.1,0.0,13,346,77.24,0.00
840000,207,113,48.2,0.0,0.0,15.7,0.0,13,274,56.22,0.00
840000,211,87,48.7,0.1,0.0,15.2,0.1,18,468,107.07,0.00
840000,49,82,23.6,24.1,0.0,16.3,23.6,4,200,42.76,13.06
841000,186,276,48.1,0.1,0.0,15.7,0.1,32,303,67.20,0.00
841000,135,155,46.9,0.1,0.1,16.9,0.1,21,331,74.42,0.03
841000,175,136,48.3,0.1,0.0,15.5,0.1,12,333,72.32,0.00
841000,207,100,48.2,0.0,0.0,15.7,0.0,9,228,47.94,0.00
841000,49,89,23.8,23.9,0.0,16.3,23.8,4,167,34.60,11.68
841000,211,61,48.3,0.1,0.0,15.6,0.1,8,385,87.28,0.00
842000,186,308,48.3,0.0,0.0,15.7,0.0,31,318,71.22,0.00
842000,175,126,48.4,0.0,0.0,15.5,0.0,12,346,75.61,0.00
842000,135,125,48.0,0.0,0.1,15.9,0.0,12,346,78.85,0.00
842000,207,117,47.2,0.0,0.0,15.5,0.0,15,263,55.14,0.00
842000,49,76,23.8,23.9,0.0,16.3,23.7,3,189,40.35,13.26
842000,211,61,48.5,0.0,0.0,15.5,0.0,7,422,93.96,0.00
843000,186,332,47.8,0.0,0.0,16.2,0.0,35,349,78.11,0.00
843000,175,133,48.1,0.0,0.0,15.9,0.0,9,349,77.31,0.00
843000,135,115,48.1,0.0,0.0,15.8,0.0,12,294,65.06,0.00
843000,207,98,48.1,0.0,0.0,15.8,0.0,8,328,68.02,0.00
843000,49,79,24.0,24.0,0.0,16.0,24.0,1,184,38.94,12.23
843000,211,67,48.2,0.0,0.0,15.8,0.0,9,460,103.63,0.00
844000,186,347,48.5,0.0,0.0,15.4,0.0,41,319,71.94,0.00
844000,175,149,48.7,0.0,0.0,15.3,0.0,20,298,64.79,0.00
844000,135,120,47.9,0.2,0.0,15.9,0.2,13,296,66.78,0.00
844000,207,90,48.1,0.0,0.0,15.9,0.0,7,262,55.60,0.00
844000,49,82,24.0,23.3,0.0,16.8,22.7,6,188,40.45,10.65
844000,211,34,48.7,0.0,0.0,15.3,0.0,9,324,71.93,0.00
845000,186,304,48.2,0.1,0.0,15.7,0.1,38,346,78.05,0.00
845000,175,168,47.9,0.2,0.0,15.9,0.1,14,326,71.32,0.00
845000,207,143,48.2,0.0,0.0,15.4,0.0,11,267,55.50,0.00
845000,135,126,48.3,0.0,0.0,15.7,0.0,10,327,72.95,0.00
845000,49,87,24.0,24.0,0.0,16.0,24.0,1,139,29.04,9.87
846000,186,330,48.4,0.1,0.0,15.5,0.1,29,312,70.25,0.00
846000,175,161,48.1,0.1,0.0,15.8,0.0,18,287,62.10,0.00
846000,135,142,48.0,0.1,0.0,15.9,0.1,11,364,82.48,0.00
846000,207,105,48.4,0.0,0.0,15.6,0.0,11,311,65.65,0.00
846000,49,88,24.0,24.0,0.0,16.0,24.0,2,142,29.87,9.71
847000,186,310,48.2,0.1,0.0,15.7,0.1,33,331,74.08,0.00
847000,135,164,47.4,0.3,0.0,16.3,0.2,17,280,62.93,0.00
847000,175,134,48.1,0.0,0.0,15.8,0.0,12,347,74.78,0.00
847000,207,112,48.7,0.0,0.0,15.1,0.0,18,296,61.10,0.00
847000,49,81,23.9,24.0,0.0,16.1,23.9,2,121,25.54,10.51
848000,186,348,48.2,0.2,0.0,15.6,0.2,41,323,72.08,0.00
848000,175,183,48.3,0.0,0.0,15.7,0.0,17,319,69.23,0.00
848000,135,134,48.1,0.3,0.0,15.6,0.3,18,337,75.43,0.08
848000,207,108,48.4,0.0,0.0,15.6,0.0,16,298,61.24,0.00
848000,49,73,24.0,24.0,0.0,16.0,24.0,1,164,34.26,9.01
849000,186,350,48.1,0.1,0.0,15.8,0.1,38,325,72.80,0.00
849000,175,174,47.6,0.1,0.0,16.3,0.1,26,338,73.27,0.00
849000,135,168,47.9,0.2,0.0,16.0,0.2,16,308,69.41,0.00
849000,207,83,48.4,0.0,0.0,15.4,0.0,9,293,60.84,0.00
849000,49,67,23.5,24.3,0.0,16.3,23.4,4,154,31.82,11.52
850000,186,325,47.2,0.1,0.0,16.6,0.1,48,319,70.93,0.00
850000,135,181,47.5,0.1,0.2,16.3,0.1,21,295,66.47,0.00
850000,175,169,48.1,0.0,0.0,15.9,0.0,15,307,66.66,0.00
850000,207,87,48.3,0.0,0.0,15.5,0.0,10,241,49.87,0.00
850000,49,67,23.7,24.6,0.0,15.7,23.7,5,101,21.31,9.42
851000,186,365,47.6,0.1,0.0,16.2,0.1,43,316,69.71,0.00
851000,175,162,48.2,0.0,0.0,15.7,0.0,18,360,78.90,0.00
851000,135,119,48.3,0.0,0.0,15.6,0.0,13,332,75.27,0.00
851000,207,105,48.5,0.0,0.0,15.5,0.0,10,261,52.80,0.00
851000,49,74,24.0,24.0,0.0,16.0,24.0,1,106,21.90,8.24
852000,186,382,48.1,0.2,0.0,15.7,0.2,42,306,68.41,0.00
852000,175,180,48.2,0.0,0.0,15.8,0.0,15,336,72.58,0.00
852000,135,105,48.1,0.1,0.1,15.7,0.1,10,373,84.03,0.00
852000,207,89,48.3,0.0,0.0,15.7,0.0,8,253,50.68,0.00
852000,49,71,24.0,24.1,0.0,15.9,23.9,3,144,30.76,11.36
853000,186,388,48.0,0.1,0.0,15.9,0.1,36,320,71.02,0.00
853000,175,146,48.6,0.1,0.0,15.3,0.1,17,340,74.51,0.00
853000,135,142,47.5,0.2,0.2,16.1,0.0,18,289,66.04,0.00
853000,207,99,48.5,0.0,0.0,15.5,0.0,13,320,64.98,0.00
853000,49,66,23.8,23.8,0.0,16.4,23.4,4,151,31.54,9.95
854000,186,383,47.8,0.0,0.0,16.1,0.0,42,316,70.64,0.00
854000,135,147,47.6,0.3,0.0,16.0,0.0,16,294,66.01,0.00
854000,175,116,48.4,0.0,0.0,15.6,0.0,16,284,62.01,0.00
854000,207,97,48.4,0.0,0.1,15.5,0.0,14,266,54.21,0.00
854000,49,62,23.6,24.4,0.0,16.0,23.6,2,145,31.04,10.10
855000,186,423,48.1,0.1,0.0,15.8,0.1,42,300,66.67,0.00
855000,135,128,47.8,0.0,0.2,16.0,0.0,18,296,67.19,0.00
855000,175,109,48.1,0.0,0.0,15.9,0.0,9,333,72.78,0.00
855000,49,85,23.7,24.0,0.0,16.3,23.7,2,159,34.30,10.25
855000,207,60,48.3,0.0,0.0,15.7,0.0,13,274,56.11,0.00
856000,186,429,47.9,0.1,0.0,15.9,0.1,54,280,62.18,0.00
856000,175,122,48.3,0.1,0.0,15.6,0.1,11,311,67.78,0.00
856000,135,117,48.1,0.2,0.0,15.7,0.2,13,369,84.53,0.00
856000,49,88,23.9,24.1,0.0,16.0,23.9,2,158,33.82,9.16
856000,207,57,48.3,0.0,0.0,15.7,0.0,6,251,52.19,0.00
857000,186,443,48.3,0.1,0.0,15.5,0.1,43,320,71.84,0.01
857000,135,154,48.6,0.1,0.0,15.4,0.1,15,310,69.80,0.00
857000,175,119,47.6,0.3,0.0,16.1,0.3,14,304,65.86,0.00
857000,49,80,24.0,24.0,0.0,16.0,24.0,3,145,31.06,10.13
857000,207,55,48.1,0.0,0.0,15.9,0.0,6,251,53.18,0.00
858000,186,420,48.1,0.1,0.0,15.8,0.1,45,275,62.21,0.00
858000,135,122,48.0,0.1,0.0,15.9,0.1,14,311,70.18,0.00
858000,175,113,47.3,0.5,0.0,16.2,0.2,14,279,60.79,0.00
858000,49,82,24.9,23.4,0.0,15.7,23.4,2,170,36.96,11.50
858000,207,67,46.9,0.0,0.0,15.3,0.0,10,252,51.75,0.00
859000,186,509,48.0,0.1,0.0,15.9,0.1,53,259,58.42,0.00
859000,175,97,48.2,0.2,0.0,15.6,0.1,11,278,60.47,0.00
859000,49,84,24.0,23.7,0.0,16.3,23.7,2,150,32.25,7.54
859000,135,79,48.0,0.0,0.0,15.9,0.0,8,324,72.29,0.00
859000,207,61,45.3,0.0,0.0,14.9,0.0,8,246,45.74,0.00
860000,186,467,48.3,0.1,0.0,15.6,0.1,49,306,68.69,0.00
860000,207,103,48.0,0.0,0.0,16.0,0.0,4,274,55.01,0.00
860000,175,83,48.1,0.4,0.0,15.3,0.0,11,260,55.94,0.00
860000,49,78,23.9,24.1,0.0,16.0,23.6,4,166,35.15,11.13
860000,135,54,47.6,0.0,0.0,16.4,0.0,4,217,49.28,0.00
861000,186,398,48.0,0.1,0.0,15.9,0.1,52,296,66.73,0.00
861000,135,155,47.8,0.1,0.1,15.9,0.1,23,298,66.91,0.00
861000,207,103,48.2,0.0,0.0,15.8,0.0,10,311,63.75,0.00
861000,175,99,48.2,0.1,0.1,15.6,0.1,10,313,68.83,0.00
861000,49,68,23.7,24.6,0.0,15.8,23.7,2,153,32.84,10.79
862000,186,353,48.4,0.0,0.0,15.6,0.0,34,291,65.44,0.00
862000,135,205,47.5,0.3,0.0,16.1,0.3,25,325,73.35,0.02
862000,207,87,47.9,0.1,0.0,15.5,0.1,11,360,72.41,0.00
862000,175,84,48.4,0.0,0.0,15.6,0.0,5,304,66.15,0.00
862000,49,76,23.6,24.4,0.0,15.9,23.6,4,140,29.88,10.20
863000,186,392,48.1,0.1,0.0,15.8,0.1,48,283,63.72,0.00
863000,135,202,48.0,0.0,0.1,15.9,0.0,18,325,73.24,0.00
863000,175,114,47.9,0.6,0.0,15.6,0.3,12,309,67.59,0.00
863000,49,63,23.6,24.2,0.0,16.0,22.8,6,121,25.60,10.93
863000,207,48,48.3,0.0,0.0,15.7,0.0,4,367,72.73,0.00
864000,186,377,47.6,0.1,0.0,15.9,0.0,42,278,62.70,0.00
864000,135,217,48.2,0.1,0.0,15.7,0.1,23,298,67.02,0.00
864000,175,111,48.3,0.4,0.0,15.3,0.3,17,299,66.25,0.00
864000,49,80,24.2,23.4,0.0,16.4,23.4,3,133,28.43,10.99
864000,207,72,48.6,0.0,0.0,15.4,0.0,10,321,63.20,0.00
865000,186,390,48.1,0.0,0.0,15.8,0.0,43,301,68.53,0.00
865000,135,217,47.9,0.1,0.1,15.9,0.1,23,320,71.82,0.00
865000,207,95,47.8,0.0,0.0,15.8,0.0,13,339,67.82,0.00
865000,49,79,24.0,23.7,0.0,16.3,23.7,2,143,30.25,12.28
865000,175,73,48.5,0.1,0.0,15.2,0.1,14,307,68.02,0.00
866000,186,426,48.0,0.1,0.0,15.8,0.1,53,287,65.02,0.00
866000,207,152,48.2,0.1,0.2,15.5,0.1,12,367,73.25,0.00
866000,135,136,47.3,0.1,0.2,16.3,0.1,15,346,79.11,0.03
866000,49,60,24.2,23.8,0.0,15.9,23.6,4,140,29.48,12.08
866000,175,53,48.6,0.0,0.0,15.4,0.0,7,314,70.30,0.00
867000,186,423,47.4,0.2,0.0,16.4,0.2,53,290,65.67,0.00
867000,207,187,47.7,0.0,0.0,15.9,0.0,23,369,74.81,0.00
867000,135,124,47.4,0.2,0.0,16.3,0.2,11,336,75.41,0.00
867000,49,63,24.0,24.0,0.0,16.0,24.0,1,132,27.33,10.78
867000,175,53,47.6,0.0,0.0,16.4,0.0,6,278,61.57,0.00
868000,186,406,47.8,0.0,0.0,16.1,0.0,47,328,73.63,0.00
868000,135,166,47.6,0.1,0.1,16.2,0.1,16,347,77.54,0.00
868000,207,134,48.4,0.0,0.0,15.5,0.0,19,414,83.32,0.00
868000,49,67,23.6,24.0,0.0,16.4,23.5,3,151,31.15,11.38
868000,175,51,47.9,0.0,0.0,16.0,0.0,6,310,68.05,0.00
869000,186,354,48.1,0.1,0.0,15.8,0.1,58,332,74.65,0.00
869000,135,169,48.1,0.1,0.0,15.8,0.1,18,359,81.00,0.00
869000,207,127,48.0,0.0,0.0,15.7,0.0,14,399,80.11,0.00
869000,49,94,23.6,23.7,0.0,16.6,23.2,5,77,15.98,9.63
869000,175,72,47.4,0.4,0.1,16.1,0.1,9,287,64.18,0.00
870000,186,398,48.2,0.0,0.0,15.8,0.0,46,355,79.28,0.00
870000,135,134,48.0,0.2,0.1,15.7,0.2,17,362,81.05,0.00
870000,207,134,48.2,0.0,0.3,15.5,0.0,18,358,72.36,0.00
870000,175,103,47.6,0.6,0.0,15.7,0.1,10,318,69.72,0.00
870000,49,70,24.0,24.1,0.0,15.8,23.9,4,146,30.55,12.01
871000,186,435,48.1,0.0,0.0,15.9,0.0,46,359,80.20,0.00
871000,135,135,47.6,0.4,0.1,15.9,0.0,19,343,76.80,0.00
871000,207,116,48.2,0.0,0.0,15.8,0.0,12,396,80.99,0.00
871000,175,91,48.5,0.0,0.0,15.5,0.0,5,367,81.37,0.00
871000,49,68,23.8,24.4,0.0,15.8,23.8,3,165,34.54,11.46
872000,186,401,48.0,0.0,0.0,16.0,0.0,40,371,82.42,0.00
872000,135,132,47.5,0.2,0.4,16.0,0.1,19,454,102.22,0.00
872000,207,129,48.5,0.0,0.0,15.5,0.0,11,405,81.05,0.00
872000,175,112,48.0,0.2,0.0,15.8,0.0,16,312,68.99,0.00
872000,49,70,23.9,24.5,0.0,15.6,23.8,4,149,31.49,11.62
873000,186,398,48.3,0.0,0.0,15.7,0.0,47,419,93.77,0.00
873000,207,140,48.3,0.0,0.0,15.6,0.0,11,437,88.84,0.00
873000,135,134,48.2,0.0,0.0,15.8,0.0,13,294,65.79,0.00
873000,175,93,48.6,0.0,0.0,15.4,0.0,11,370,82.12,0.00
873000,49,90,24.0,24.1,0.0,15.9,24.0,2,161,34.00,10.88
874000,186,378,48.1,0.0,0.0,15.9,0.0,46,404,89.76,0.00
874000,135,187,47.9,0.2,0.0,15.9,0.1,22,333,74.22,0.00
874000,207,112,48.2,0.0,0.0,15.8,0.0,5,409,82.89,0.00
874000,175,107,46.5,1.0,0.0,16.5,0.2,15,281,61.35,0.00
874000,49,61,24.0,24.1,0.0,15.9,23.8,3,155,33.03,11.53
875000,186,374,48.1,0.0,0.0,15.8,0.0,48,370,81.14,0.00
875000,135,152,48.1,0.0,0.0,15.8,0.0,10,351,78.53,0.00
875000,175,150,47.5,0.3,0.1,16.1,0.0,11,336,73.11,0.00
875000,207,114,48.3,0.0,0.0,15.7,0.0,8,366,74.20,0.00
875000,49,78,23.7,24.3,0.0,16.0,23.7,3,120,24.73,10.46
876000,186,346,48.5,0.0,0.0,15.5,0.0,38,402,88.96,0.00
876000,135,181,47.8,0.1,0.1,16.0,0.1,21,316,70.57,0.00
876000,175,121,48.0,0.0,0.0,15.9,0.0,15,340,75.07,0.00
876000,207,105,48.2,0.0,0.0,15.8,0.0,9,335,68.19,0.00
876000,49,76,23.6,23.9,0.0,16.4,23.6,3,110,22.80,10.27
877000,186,376,48.1,0.0,0.0,15.8,0.0,39,347,76.78,0.00
877000,135,163,47.8,0.0,0.1,16.0,0.0,21,295,66.27,0.00
877000,207,157,48.3,0.0,0.0,15.7,0.0,14,388,78.38,0.00
877000,175,95,48.2,0.0,0.0,15.8,0.0,6,309,67.45,0.00
877000,49,63,24.0,24.0,0.0,16.0,24.0,1,166,35.12,12.31
878000,186,274,48.0,0.1,0.0,15.9,0.1,25,395,87.01,0.00
878000,207,160,47.9,0.0,0.1,15.7,0.0,13,437,88.61,0.00
878000,135,125,48.0,0.1,0.1,15.8,0.1,10,334,75.56,0.00
878000,175,113,48.4,0.0,0.0,15.6,0.0,10,321,70.08,0.00
878000,49,65,24.0,24.0,0.0,16.0,23.9,2,164,34.10,12.39
879000,186,319,47.7,0.1,0.0,16.2,0.1,41,351,77.01,0.00
879000,135,144,48.1,0.0,0.0,15.9,0.0,8,281,62.42,0.00
879000,207,136,47.7,0.1,0.3,15.7,0.1,11,356,71.37,0.00
879000,175,107,47.7,0.1,0.0,16.1,0.0,13,255,55.91,0.03
879000,49,79,24.0,24.0,0.0,16.0,24.0,2,134,27.33,8.24
880000,186,307,48.2,0.0,0.0,15.8,0.0,47,379,82.74,0.00
880000,175,164,48.1,0.1,0.0,15.8,0.1,19,297,64.06,0.00
880000,207,154,47.5,0.0,0.0,16.1,0.0,18,334,66.34,0.00
880000,135,110,48.1,0.0,0.0,15.8,0.0,11,320,71.92,0.00
880000,49,43,24.1,24.1,0.0,15.7,24.0,2,197,40.42,11.88
881000,186,330,48.4,0.0,0.0,15.6,0.0,30,365,80.74,0.00
881000,175,118,48.5,0.0,0.0,15.5,0.0,8,297,65.39,0.00
881000,135,115,48.2,0.0,0.0,15.8,0.0,11,312,70.48,0.00
881000,207,107,48.2,0.0,0.0,15.7,0.0,11,289,58.99,0.00
881000,49,93,24.0,24.4,0.0,15.7,23.9,4,160,34.13,10.91
882000,186,375,47.9,0.0,0.0,16.0,0.0,42,387,85.93,0.00
882000,135,149,47.6,0.1,0.1,16.3,0.1,16,288,64.44,0.00
882000,175,149,47.8,0.3,0.0,15.8,0.0,11,339,74.43,0.00
882000,207,111,48.4,0.0,0.0,15.5,0.0,15,283,56.27,0.00
882000,49,67,23.9,23.6,0.0,16.5,23.5,3,142,29.97,10.40
883000,186,400,48.0,0.1,0.0,15.9,0.1,50,336,74.85,0.00
883000,135,140,47.6,0.1,0.2,16.1,0.0,17,286,64.42,0.00
883000,175,111,48.1,0.0,0.0,15.9,0.0,14,241,53.33,0.00
883000,207,94,48.0,0.0,0.0,15.9,0.0,8,280,57.31,0.00
883000,49,72,23.8,24.1,0.0,16.2,23.8,3,137,29.27,11.78
884000,186,330,48.0,0.0,0.0,15.9,0.0,48,338,75.12,0.00
884000,135,136,47.8,0.1,0.1,16.0,0.1,19,228,51.71,0.00
884000,207,104,48.2,0.0,0.0,15.8,0.0,11,368,74.23,0.00
884000,175,92,46.5,0.2,0.0,17.3,0.2,11,219,48.78,0.04
884000,49,66,23.7,24.2,0.0,16.1,23.7,5,109,22.88,9.59
885000,186,307,48.1,0.1,0.0,15.8,0.1,33,402,88.26,0.00
885000,175,126,47.8,0.1,0.0,16.0,0.0,9,280,61.73,0.00
885000,135,119,48.2,0.1,0.0,15.7,0.1,12,269,60.83,0.00
885000,207,114,48.4,0.0,0.0,15.6,0.0,16,319,63.93,0.00
885000,49,67,23.8,23.9,0.0,16.1,23.6,5,148,31.43,11.36
886000,186,400,48.1,0.0,0.0,15.9,0.0,54,326,72.48,0.00
886000,135,159,47.9,0.0,0.1,16.0,0.0,13,236,54.17,0.00
886000,175,122,48.1,0.1,0.0,15.9,0.1,14,329,72.76,0.00
886000,49,92,24.0,24.0,0.0,16.0,24.0,1,148,31.72,10.79
886000,207,67,48.3,0.0,0.0,15.7,0.0,3,324,65.27,0.00
887000,186,303,48.2,0.1,0.0,15.7,0.1,46,347,77.33,0.00
887000,135,195,48.2,0.2,0.0,15.5,0.1,24,257,59.58,0.00
887000,175,94,48.1,0.0,0.0,15.7,0.0,9,340,74.85,0.00
887000,49,74,23.6,23.9,0.0,16.4,23.5,4,149,32.68,12.37
887000,207,33,48.5,0.0,0.0,15.4,0.0,5,225,45.27,0.00
888000,186,384,47.9,0.0,0.0,16.0,0.0,42,404,89.79,0.00
888000,135,216,47.6,0.2,0.1,16.0,0.1,30,294,66.65,0.00
888000,175,98,48.0,0.3,0.0,15.7,0.2,10,326,72.96,0.00
888000,49,86,23.6,24.5,0.0,15.9,23.5,4,137,29.10,10.55
888000,207,40,48.9,0.0,0.0,15.1,0.0,11,310,64.40,0.00
889000,186,418,48.5,0.0,0.0,15.5,0.0,45,339,75.94,0.00
889000,135,172,47.9,0.2,0.1,15.8,0.1,17,350,80.29,0.00
889000,175,93,48.1,0.0,0.0,15.9,0.0,5,389,86.36,0.00
889000,207,81,48.0,0.0,0.0,16.0,0.0,6,248,51.43,0.00
889000,49,67,23.5,24.0,0.0,16.5,23.5,3,150,32.09,13.04
890000,186,426,47.8,0.0,0.0,16.2,0.0,46,386,85.98,0.00
890000,135,130,48.1,0.1,0.0,15.8,0.1,13,332,74.20,0.03
890000,207,100,48.2,0.0,0.1,15.6,0.0,12,299,61.50,0.00
890000,175,96,48.1,0.0,0.0,15.9,0.0,9,295,65.26,0.00
890000,49,66,24.0,24.1,0.0,15.9,23.9,3,115,23.06,11.40
891000,186,410,48.1,0.0,0.0,15.8,0.0,40,366,81.02,0.00
891000,135,124,47.4,0.0,0.0,16.5,0.0,16,343,76.53,0.00
891000,175,116,48.4,0.0,0.0,15.6,0.0,11,336,73.97,0.00
891000,207,111,48.4,0.0,0.0,15.6,0.0,16,355,71.21,0.00
891000,49,69,24.3,23.8,0.0,15.9,23.7,4,118,24.24,10.17
892000,186,293,46.9,0.0,0.0,17.0,0.0,49,315,69.26,0.01
892000,175,162,45.8,0.2,0.0,18.0,0.2,27,270,59.05,0.00
892000,135,136,46.2,0.3,0.2,17.3,0.1,24,239,53.70,0.00
892000,207,93,48.2,0.0,0.0,15.8,0.0,7,268,53.98,0.00
892000,49,66,23.3,24.6,0.0,16.1,23.3,3,168,36.46,10.63
893000,186,440,48.4,0.0,0.0,15.6,0.0,46,310,68.81,0.00
893000,49,123,23.9,24.0,0.0,16.1,23.9,2,149,32.60,9.01
893000,175,115,48.2,0.0,0.0,15.8,0.0,7,335,70.85,0.00
893000,135,88,48.0,0.0,0.0,16.0,0.0,6,264,59.52,0.00
893000,207,52,47.6,0.0,0.1,15.6,0.0,9,245,50.10,0.00
894000,186,469,48.1,0.1,0.0,15.8,0.1,59,309,68.52,0.00
894000,135,139,47.6,0.2,0.1,16.1,0.2,18,232,52.57,0.00
894000,175,106,48.2,0.1,0.0,15.7,0.1,11,314,69.28,0.00
894000,49,73,24.1,23.7,0.0,16.2,23.7,2,173,36.85,8.60
894000,207,47,48.3,0.0,0.0,15.7,0.0,7,254,50.40,0.00
895000,186,440,48.5,0.0,0.0,15.5,0.0,49,343,76.61,0.00
895000,135,157,47.8,0.0,0.1,16.1,0.0,11,271,62.17,0.00
895000,49,112,24.0,23.9,0.0,16.1,23.9,3,150,32.52,9.49
895000,175,68,48.2,0.0,0.0,15.8,0.0,7,314,69.23,0.00
895000,207,32,48.2,0.0,0.0,15.8,0.0,4,299,60.15,0.00
896000,186,491,48.2,0.1,0.0,15.8,0.1,47,360,79.60,0.00
896000,135,137,47.6,0.0,0.3,16.1,0.0,15,236,53.22,0.00
896000,49,80,24.1,23.9,0.0,16.0,23.9,3,174,36.87,9.96
896000,207,64,48.4,0.0,0.0,15.5,0.0,6,275,56.99,0.00
896000,175,50,48.0,0.0,0.0,16.0,0.0,2,262,56.86,0.00
897000,186,495,48.4,0.0,0.0,15.5,0.0,52,323,72.06,0.00
897000,135,126,48.1,0.0,0.0,15.8,0.0,19,239,53.76,0.00
897000,49,94,24.3,23.8,0.0,15.9,23.7,5,170,36.41,9.35
897000,175,87,48.6,0.0,0.0,15.4,0.0,11,243,52.78,0.00
897000,207,42,48.4,0.0,0.0,15.4,0.0,6,285,58.77,0.00
898000,186,471,48.2,0.1,0.0,15.7,0.1,52,341,76.77,0.00
898000,135,137,48.3,0.0,0.1,15.6,0.0,14,273,61.62,0.00
898000,49,91,23.8,24.2,0.0,16.0,23.8,3,143,30.91,9.44
898000,175,77,47.8,0.1,0.0,16.1,0.1,10,285,62.96,0.00
898000,207,52,48.3,0.0,0.0,15.7,0.0,6,341,69.93,0.00
899000,186,445,48.1,0.0,0.0,15.9,0.0,51,341,76.93,0.00
899000,135,147,46.5,0.2,0.2,17.2,0.1,15,292,66.46,0.02
899000,175,88,48.5,0.0,0.0,15.5,0.0,8,256,55.74,0.00
899000,49,74,24.5,23.4,0.0,16.1,23.3,4,207,44.74,11.47
899000,207,61,48.0,0.0,0.0,15.8,0.0,7,256,53.21,0.00
900000,186,419,48.1,0.1,0.0,15.8,0.1,47,297,67.28,0.00
900000,135,133,48.2,0.1,0.0,15.6,0.1,19,270,60.96,0.00
900000,207,106,48.1,0.0,0.0,15.8,0.0,11,359,73.83,0.00
900000,175,80,47.6,0.0,0.0,16.3,0.0,12,288,64.01,0.00
900000,49,73,23.8,24.4,0.0,15.8,23.8,2,177,37.31,13.11
901000,186,426,48.4,0.0,0.0,15.5,0.0,51,357,80.80,0.00
901000,135,157,47.9,0.0,0.1,15.9,0.0,16,281,63.85,0.00
901000,49,92,23.6,24.0,0.0,16.4,23.5,4,176,37.10,11.46
901000,207,71,48.1,0.0,0.0,15.9,0.0,3,375,76.16,0.00
901000,175,63,47.5,0.3,0.0,16.1,0.2,9,276,60.17,0.00
902000,186,369,48.1,0.0,0.0,15.8,0.0,44,361,81.07,0.00
902000,135,168,47.8,0.2,0.0,16.1,0.1,20,250,56.39,0.00
902000,175,103,47.3,0.4,0.0,16.2,0.1,15,282,61.58,0.00
902000,207,67,48.4,0.0,0.0,15.3,0.0,11,353,73.09,0.00
902000,49,60,23.6,23.4,0.0,17.0,22.5,5,145,30.84,13.37
903000,186,369,48.3,0.0,0.0,15.7,0.0,46,310,69.76,0.00
903000,135,171,47.6,0.2,0.1,16.2,0.1,22,251,56.58,0.00
903000,175,83,48.5,0.0,0.0,15.4,0.0,8,270,59.62,0.00
903000,207,80,48.6,0.0,0.0,15.2,0.0,9,411,84.94,0.00
903000,49,60,24.0,23.6,0.0,16.5,23.5,3,164,34.83,13.00
904000,186,383,48.3,0.0,0.0,15.7,0.0,39,319,71.39,0.00
904000,135,147,47.6,0.2,0.0,16.2,0.1,17,266,59.55,0.00
904000,49,89,22.7,23.3,0.3,16.8,22.7,4,149,31.62,10.09
904000,175,76,47.8,0.0,0.0,16.0,0.0,13,228,49.18,0.00
904000,207,69,48.4,0.0,0.0,15.6,0.0,7,373,76.39,0.00
905000,186,433,48.4,0.1,0.0,15.6,0.1,49,310,69.73,0.00
905000,135,127,47.8,0.1,0.1,15.9,0.1,16,306,69.38,0.00
905000,49,93,24.0,24.0,0.0,16.0,24.0,1,129,27.06,7.78
905000,175,72,47.4,0.5,0.0,16.1,0.1,8,233,51.62,0.00
905000,207,70,48.4,0.0,0.0,15.6,0.0,9,280,57.92,0.00
906000,186,453,48.2,0.0,0.0,15.8,0.0,51,287,64.52,0.00
906000,135,109,48.3,0.1,0.0,15.7,0.1,14,291,66.50,0.00
906000,175,88,48.2,0.1,0.0,15.7,0.1,9,261,56.92,0.00
906000,49,80,23.6,23.8,0.0,16.6,23.4,5,133,28.51,9.72
906000,207,75,48.3,0.0,0.0,15.5,0.0,9,222,46.41,0.00
907000,186,463,48.1,0.0,0.0,15.9,0.0,56,307,69.23,0.00
907000,135,174,47.8,0.2,0.1,15.9,0.2,20,228,52.22,0.00
907000,175,81,47.7,0.2,0.0,16.1,0.1,8,277,60.40,0.00
907000,49,74,23.6,24.0,0.0,16.3,23.4,5,136,29.32,9.35
907000,207,42,49.0,0.0,0.0,15.0,0.0,10,266,53.70,0.00
908000,186,395,48.4,0.1,0.0,15.6,0.1,39,353,79.65,0.00
908000,135,128,48.1,0.1,0.1,15.7,0.1,23,236,54.01,0.00
908000,49,91,23.9,23.9,0.0,16.2,23.9,2,144,30.99,9.96
908000,175,73,47.4,0.2,0.0,16.4,0.1,9,312,68.16,0.00
908000,207,66,48.5,0.0,0.0,15.5,0.0,9,303,61.30,0.00
909000,186,460,48.4,0.0,0.0,15.6,0.0,56,344,77.50,0.00
909000,135,151,48.2,0.2,0.0,15.6,0.2,21,266,60.17,0.00
909000,175,79,48.1,0.0,0.0,15.9,0.0,8,296,64.29,0.00
909000,49,74,24.2,23.9,0.0,15.8,23.8,3,152,32.58,10.18
909000,207,68,48.5,0.0,0.0,15.5,0.0,9,304,61.30,0.00
910000,186,468,48.3,0.0,0.0,15.7,0.0,59,341,76.37,0.00
910000,135,176,48.1,0.2,0.0,15.7,0.1,20,290,65.19,0.00
910000,49,84,23.8,23.8,0.0,16.3,23.7,3,169,36.32,10.72
910000,175,72,48.7,0.2,0.0,15.1,0.2,11,254,55.33,0.00
910000,207,31,47.5,0.0,0.0,16.0,0.0,3,263,51.79,0.00
911000,186,408,47.4,0.3,0.0,16.3,0.1,56,348,78.76,0.00
911000,135,173,47.7,0.2,0.0,16.1,0.1,18,308,69.57,0.03
911000,175,104,47.9,0.1,0.0,16.0,0.1,11,288,61.92,0.00
911000,49,49,23.9,24.0,0.0,16.1,23.9,2,168,35.33,8.60
911000,207,43,48.4,0.0,0.0,15.3,0.0,6,318,61.07,0.00
912000,186,413,46.8,0.2,0.0,17.0,0.2,73,336,75.15,0.00
912000,135,172,46.6,0.3,0.1,17.1,0.1,25,232,53.24,0.00
912000,175,117,48.2,0.1,0.1,15.6,0.1,17,284,61.12,0.04
912000,49,66,23.6,23.4,0.0,17.0,23.2,4,170,36.14,12.59
912000,207,47,48.0,0.0,0.0,15.6,0.0,8,199,40.68,0.00
913000,186,427,46.8,0.0,0.0,17.1,0.0,72,302,67.81,0.00
913000,135,168,46.4,0.3,0.2,17.0,0.2,25,202,47.15,0.00
913000,175,98,47.5,0.0,0.0,16.5,0.0,15,263,57.90,0.00
913000,49,68,23.8,24.4,0.0,15.8,23.8,3,119,25.58,8.69
913000,207,63,48.5,0.0,0.0,15.3,0.0,8,207,41.23,0.00
914000,186,407,46.4,0.1,0.0,17.6,0.1,55,320,71.98,0.00
914000,135,107,45.8,0.1,0.5,17.5,0.1,19,215,50.30,0.03
914000,49,90,24.1,23.8,0.0,16.2,23.7,3,111,23.94,7.68
914000,175,83,45.3,0.0,0.0,18.7,0.0,19,277,61.37,0.00
914000,207,33,48.7,0.0,0.0,15.3,0.0,5,278,57.77,0.00
915000,186,459,45.1,0.0,0.0,18.8,0.0,83,297,67.29,0.01
915000,135,107,46.5,0.1,0.3,17.1,0.1,21,232,53.18,0.00
915000,49,76,24.2,23.7,0.0,15.7,23.2,6,165,34.85,9.40
915000,175,56,48.1,0.0,0.0,15.9,0.0,3,265,57.07,0.00
915000,207,37,48.7,0.0,0.0,15.3,0.0,4,301,64.94,0.00
915000,220,35,49.3,0.0,0.0,14.7,0.0,8,317,69.47,0.00
916000,186,368,48.2,0.1,0.0,15.7,0.1,44,370,82.92,0.00
916000,135,92,45.6,0.1,0.7,17.5,0.1,17,194,45.13,0.00
916000,49,73,24.2,23.7,0.0,16.2,23.7,2,178,38.81,11.37
916000,175,59,47.5,0.1,0.0,16.5,0.0,8,231,49.91,0.00
916000,207,50,48.0,0.0,0.0,15.9,0.0,5,234,49.58,0.00
917000,186,343,47.7,0.0,0.0,16.2,0.0,51,333,75.34,0.00
917000,135,123,47.2,0.1,0.4,16.3,0.1,20,218,49.54,0.00
917000,175,63,47.6,0.8,0.0,15.6,0.4,7,299,67.96,0.00
917000,49,60,24.0,24.2,0.0,15.8,24.0,3,141,29.82,10.46
917000,207,58,47.9,0.0,0.0,15.9,0.0,4,291,61.17,0.00
918000,186,276,47.7,0.0,0.0,16.3,0.0,33,331,74.59,0.00
918000,135,91,47.4,0.2,0.1,16.3,0.2,13,299,66.47,0.00
918000,207,68,48.8,0.0,0.0,15.1,0.0,7,281,57.46,0.00
918000,49,66,24.0,24.0,0.0,16.0,24.0,2,129,26.72,10.62
918000,175,44,48.2,0.0,0.0,15.8,0.0,4,368,82.64,0.00
919000,186,305,48.3,0.0,0.0,15.7,0.0,32,343,77.30,0.00
919000,207,96,47.7,0.0,0.0,16.2,0.0,10,309,61.52,0.00
919000,135,70,48.0,0.4,0.1,15.5,0.2,12,329,73.89,0.05
919000,49,61,24.0,24.3,0.0,15.7,23.8,3,146,30.51,10.29
919000,175,59,48.3,0.0,0.0,15.7,0.0,8,276,63.07,0.00
920000,186,319,48.2,0.0,0.0,15.8,0.0,35,338,76.35,0.00
920000,135,86,47.1,0.5,0.0,15.8,0.5,11,303,68.37,0.04
920000,207,62,48.1,0.0,0.0,15.7,0.0,10,391,79.32,0.00
920000,49,60,23.9,23.9,0.0,16.2,23.9,2,161,33.46,11.31
920000,175,54,46.6,0.9,0.0,16.5,0.5,8,247,54.82,0.00
921000,186,297,48.1,0.1,0.0,15.7,0.1,28,353,80.15,0.00
921000,207,81,48.5,0.0,0.0,15.4,0.0,12,339,69.66,0.00
921000,175,65,48.1,0.0,0.0,15.9,0.0,5,307,67.32,0.00
921000,135,60,47.2,0.4,0.0,16.4,0.1,7,424,95.69,0.00
921000,49,54,23.3,24.6,0.0,16.0,23.0,4,167,35.38,11.99
922000,186,312,48.6,0.1,0.0,15.3,0.1,30,376,85.50,0.00
922000,231,122,34.6,0.4,0.0,28.8,0.4,51,122,29.86,0.08
922000,49,88,24.0,24.0,0.0,16.0,24.0,1,167,35.77,11.14
922000,135,75,48.0,0.1,0.1,15.8,0.1,9,272,60.07,0.00
922000,207,67,48.6,0.0,0.0,15.3,0.0,7,305,61.19,0.00
922000,175,65,48.3,0.0,0.0,15.7,0.0,5,276,60.46,0.00
922000,230,17,47.4,0.0,0.0,16.6,0.0,4,324,70.76,0.00
923000,186,285,48.4,0.0,0.0,15.6,0.0,31,385,87.12,0.00
923000,135,120,48.0,0.0,0.0,16.0,0.0,11,348,76.74,0.00
923000,231,97,33.8,0.1,0.0,29.9,0.1,37,94,24.64,0.00
923000,234,84,34.0,0.0,0.0,30.0,0.0,31,94,25.31,0.00
923000,207,77,48.4,0.0,0.0,15.4,0.0,11,247,50.41,0.00
923000,49,75,24.0,24.1,0.0,15.9,24.0,2,166,35.76,10.71
923000,175,55,47.6,0.2,0.0,16.2,0.0,4,319,69.61,0.00
923000,230,21,48.0,0.0,0.0,16.0,0.0,6,288,64.88,0.00
924000,186,308,48.3,0.0,0.0,15.7,0.0,32,374,83.89,0.00
924000,135,107,48.4,0.0,0.0,15.6,0.0,13,300,66.55,0.00
924000,234,100,34.9,0.0,0.0,29.0,0.0,34,106,27.40,0.00
924000,175,88,48.3,0.0,0.0,15.7,0.0,9,310,68.34,0.00
924000,49,79,24.0,24.0,0.0,16.0,23.8,4,159,34.36,9.27
924000,231,47,30.3,0.0,0.0,33.6,0.0,22,97,26.10,0.00
924000,207,41,47.9,0.0,0.0,16.1,0.0,2,311,63.25,0.00
924000,230,20,48.3,0.0,0.0,15.6,0.0,5,256,55.43,0.00
925000,186,280,48.3,0.0,0.0,15.6,0.0,31,398,89.36,0.00
925000,175,99,47.4,0.3,0.0,16.1,0.3,12,296,65.21,0.03
925000,234,84,34.7,0.3,0.0,28.9,0.3,23,86,21.95,0.00
925000,49,74,23.9,23.9,0.0,16.2,23.9,2,205,43.46,12.21
925000,207,72,48.5,0.0,0.0,15.5,0.0,6,298,61.68,0.00
925000,231,67,32.8,0.0,0.0,31.2,0.0,28,127,34.24,0.00
925000,135,60,46.7,0.4,0.0,16.9,0.3,8,341,75.29,0.08
925000,230,51,48.2,0.0,0.0,15.8,0.0,9,270,61.68,0.00
926000,186,350,48.6,0.0,0.0,15.4,0.0,44,313,69.90,0.00
926000,175,95,46.5,0.2,0.0,17.3,0.2,12,314,69.19,0.08
926000,49,82,24.1,23.9,0.0,16.0,23.9,3,134,29.06,9.37
926000,230,64,48.3,0.0,0.0,15.7,0.0,12,258,56.95,0.00
926000,231,61,33.9,0.3,0.0,29.8,0.3,28,127,30.60,0.11
926000,234,50,37.7,0.0,0.0,26.3,0.0,15,103,27.90,0.00
926000,135,33,47.2,0.4,0.0,16.5,0.3,5,237,53.35,0.00
926000,207,27,48.1,0.0,0.0,15.9,0.0,4,388,78.41,0.00
927000,186,295,48.7,0.0,0.0,15.3,0.0,48,318,70.50,0.00
927000,238,212,27.0,0.0,0.0,23.1,0.0,87,162,31.59,0.00
927000,49,94,23.9,23.9,0.0,16.2,23.9,2,139,29.73,7.08
927000,175,93,48.4,0.1,0.0,15.5,0.1,9,341,73.12,0.00
927000,230,67,48.4,0.0,0.0,15.6,0.0,8,258,56.16,0.00
927000,207,48,48.8,0.1,0.0,15.1,0.1,10,168,36.29,0.00
927000,135,21,45.7,0.9,0.3,17.1,0.0,3,306,68.48,0.00
927000,231,13,34.2,0.0,0.0,29.8,0.0,5,146,37.89,0.00
927000,234,12,38.2,0.6,0.0,25.2,0.6,8,117,29.72,0.00
928000,238,260,25.0,0.2,0.0,22.5,0.0,116,160,28.30,0.00
928000,186,258,48.7,0.0,0.0,15.3,0.0,31,371,82.62,0.00
928000,207,121,48.6,0.1,0.0,15.2,0.1,16,169,35.61,0.00
928000,175,89,47.7,0.2,0.0,16.0,0.1,11,291,63.43,0.00
928000,49,80,23.8,24.1,0.0,16.1,23.8,3,162,34.49,8.89
928000,230,73,49.0,0.0,0.0,14.9,0.0,14,257,58.28,0.00
928000,135,14,43.9,0.4,0.9,18.7,0.4,4,327,73.33,0.24
928000,241,8,49.2,0.0,0.0,14.8,0.0,2,322,70.67,0.00
929000,186,271,48.3,0.0,0.0,15.6,0.0,29,379,85.08,0.00
929000,238,244,25.3,0.1,0.0,22.4,0.0,112,140,25.43,0.00
929000,207,103,49.4,0.0,0.0,14.6,0.0,17,203,42.92,0.00
929000,175,99,48.1,0.0,0.0,15.7,0.0,8,275,59.33,0.00
929000,49,98,24.0,24.0,0.0,16.0,24.0,2,166,34.88,10.43
929000,230,40,48.7,0.2,0.0,15.1,0.2,7,272,60.11,0.00
929000,135,23,48.1,0.0,0.0,15.9,0.0,2,209,44.50,0.00
929000,241,11,47.0,0.7,0.0,16.3,0.7,2,222,47.82,0.00
930000,186,275,48.1,0.0,0.0,15.8,0.0,27,366,81.97,0.00
930000,238,265,24.5,0.1,0.0,23.6,0.0,98,177,31.52,0.00
930000,175,118,47.9,0.2,0.0,15.8,0.1,14,260,56.36,0.03
930000,207,114,49.0,0.0,0.0,15.0,0.0,16,199,40.68,0.00
930000,49,81,23.8,23.9,0.0,16.4,23.8,2,150,31.62,9.15
930000,230,28,48.5,0.0,0.0,15.5,0.0,5,221,50.12,0.00
930000,135,13,47.4,0.2,0.0,16.5,0.2,2,292,66.94,0.00
931000,186,269,48.6,0.1,0.0,15.3,0.1,28,375,83.05,0.00
931000,238,195,24.4,0.0,0.0,18.6,0.0,77,204,33.45,0.00
931000,175,118,48.0,0.0,0.0,16.0,0.0,12,350,76.02,0.00
931000,49,96,23.5,24.2,0.0,16.3,23.5,3,164,34.92,8.93
931000,207,66,49.3,0.0,0.0,14.6,0.0,14,257,52.47,0.00
931000,135,35,48.1,0.0,0.1,15.8,0.0,4,325,74.65,0.00
931000,230,20,48.2,0.0,0.0,15.8,0.0,3,303,67.08,0.00
932000,186,255,48.2,0.0,0.0,15.7,0.0,27,364,80.68,0.00
932000,175,138,48.3,0.1,0.0,15.5,0.1,16,281,61.57,0.00
932000,207,108,48.6,0.0,0.0,15.2,0.0,19,290,59.66,0.00
932000,49,94,23.8,23.9,0.0,16.3,23.8,3,188,40.56,9.44
932000,238,71,30.7,15.9,0.0,17.4,15.9,7,123,22.25,10.60
932000,230,33,48.4,0.0,0.0,15.6,0.0,4,233,52.19,0.00
932000,135,22,48.2,0.0,0.4,15.4,0.0,4,355,78.08,0.00
933000,186,277,48.4,0.1,0.0,15.5,0.1,28,379,85.17,0.00
933000,175,190,47.3,0.1,0.0,16.6,0.1,30,242,54.47,0.02
933000,207,105,48.8,0.0,0.0,15.2,0.0,17,282,58.47,0.00
933000,49,83,24.0,24.4,0.0,15.6,24.0,3,176,37.38,11.22
933000,135,28,47.5,0.1,0.2,16.1,0.1,6,320,72.15,0.00
933000,230,20,48.5,0.0,0.0,15.4,0.0,5,281,61.62,0.00
933000,238,14,31.4,15.4,0.0,17.1,15.4,2,498,96.03,12.23
934000,186,302,48.6,0.0,0.0,15.4,0.0,31,363,81.04,0.00
934000,175,254,41.4,2.4,0.0,20.2,2.3,71,152,35.31,0.38
934000,49,84,23.5,23.6,0.0,16.4,23.3,5,178,39.01,10.47
934000,135,38,48.2,0.1,0.1,15.7,0.1,5,294,66.78,0.00
934000,207,36,48.6,0.0,0.0,15.4,0.0,8,161,33.06,0.00
934000,230,24,48.3,0.0,0.0,15.7,0.0,5,320,72.15,0.00
935000,175,286,38.8,1.7,0.0,23.5,1.7,77,161,38.14,0.22
935000,186,283,48.4,0.1,0.0,15.5,0.1,27,328,74.03,0.00
935000,49,107,23.6,24.6,0.0,15.9,23.6,3,138,29.35,11.20
935000,207,32,48.8,0.0,0.0,15.2,0.0,6,315,63.92,0.00
935000,135,28,48.2,0.0,0.0,15.8,0.0,3,287,64.42,0.00
935000,230,26,46.6,0.5,0.0,16.8,0.0,4,217,49.53,0.00
935000,246,20,35.0,0.0,0.0,21.8,0.0,10,113,24.21,0.00
936000,186,301,48.3,0.0,0.0,15.7,0.0,31,324,72.89,0.00
936000,175,149,46.1,0.0,0.1,17.8,0.0,29,188,43.98,0.00
936000,49,90,24.0,24.0,0.0,16.0,24.0,1,134,27.65,11.71
936000,207,70,47.4,0.1,0.0,16.1,0.1,12,230,46.62,0.00
936000,135,39,48.2,0.0,0.0,15.8,0.0,5,320,71.25,0.00
936000,230,28,48.1,0.0,0.0,15.9,0.0,3,284,65.35,0.00
937000,186,293,48.4,0.0,0.0,15.5,0.0,34,356,79.41,0.00
937000,175,254,45.1,0.1,0.1,18.8,0.0,50,170,40.18,0.00
937000,49,82,24.1,23.6,0.0,16.0,23.6,3,134,28.27,9.60
937000,207,50,48.5,0.1,0.0,15.4,0.1,11,212,43.98,0.00
937000,230,48,48.0,0.0,0.0,16.0,0.0,3,216,49.51,0.00
937000,135,35,48.5,0.0,0.1,15.4,0.0,7,368,81.23,0.00
938000,186,273,48.3,0.0,0.0,15.6,0.0,34,365,81.69,0.00
938000,175,250,45.4,0.1,0.0,18.5,0.1,52,186,43.10,0.00
938000,49,90,23.7,23.9,0.0,16.3,23.7,2,205,42.53,13.22
938000,207,72,48.6,0.0,0.0,15.4,0.0,9,255,50.31,0.00
938000,230,40,48.2,0.1,0.0,15.7,0.1,5,249,56.22,0.00
938000,135,38,48.8,0.0,0.0,15.2,0.0,5,239,51.78,0.00
938000,248,38,48.2,0.0,0.0,15.8,0.0,5,239,48.33,0.00
939000,186,327,48.2,0.0,0.0,15.8,0.0,42,330,73.70,0.00
939000,49,154,24.2,23.9,0.0,15.9,23.9,2,200,44.24,8.82
939000,175,130,48.3,0.3,0.0,15.4,0.0,15,271,60.62,0.00
939000,135,51,48.1,0.1,0.0,15.9,0.1,6,304,69.27,0.00
939000,230,39,48.1,0.0,0.0,15.8,0.0,4,311,68.74,0.00
939000,207,19,48.1,0.0,0.0,15.9,0.0,2,342,70.80,0.00
939000,248,7,48.0,0.0,0.0,16.0,0.0,1,269,53.13,0.00
940000,186,303,48.3,0.1,0.0,15.6,0.1,34,433,96.16,0.00
940000,175,157,48.1,0.1,0.0,15.7,0.1,25,233,51.80,0.00
940000,49,112,23.8,24.0,0.0,16.2,23.7,6,169,36.39,8.05
940000,135,66,48.3,0.0,0.0,15.7,0.0,5,288,63.86,0.00
940000,207,57,48.6,0.0,0.0,15.3,0.0,12,280,54.94,0.00
940000,230,28,48.2,0.0,0.0,15.8,0.0,4,348,76.75,0.00
941000,186,222,48.0,0.0,0.0,16.0,0.0,22,405,89.60,0.00
941000,175,175,48.5,0.0,0.0,15.4,0.0,20,283,62.43,0.00
941000,207,127,48.8,0.1,0.0,15.0,0.1,19,291,56.95,0.00
941000,49,107,24.0,24.0,0.0,16.0,24.0,1,154,31.95,9.36
941000,135,59,47.8,0.4,0.0,15.8,0.2,7,287,63.91,0.00
941000,230,21,48.1,0.0,0.0,15.9,0.0,4,211,48.45,0.00
942000,186,307,48.1,0.0,0.0,15.8,0.0,22,397,90.30,0.00
942000,175,163,47.5,0.4,0.0,16.1,0.0,15,276,59.90,0.00
942000,49,121,23.9,24.0,0.0,16.1,23.8,4,179,37.68,9.80
942000,207,116,48.5,0.1,0.0,15.1,0.1,15,299,59.63,0.00
942000,135,43,48.1,0.0,0.0,15.9,0.0,5,287,64.61,0.00
943000,186,404,48.2,0.0,0.0,15.7,0.0,56,378,85.44,0.00
943000,175,149,47.1,0.0,0.0,16.8,0.0,18,262,57.06,0.00
943000,49,118,24.0,23.7,0.0,16.1,23.3,7,162,34.25,10.86
943000,207,75,48.5,0.0,0.0,15.0,0.0,14,409,81.08,0.00
943000,135,49,48.1,0.1,0.0,15.8,0.1,5,328,72.55,0.00
943000,252,9,49.0,0.0,0.0,15.0,0.0,3,406,85.08,0.00
944000,186,473,48.3,0.0,0.0,15.7,0.0,41,387,87.56,0.00
944000,49,93,24.2,23.9,0.0,15.8,23.9,2,163,34.59,10.41
944000,175,92,48.5,0.0,0.0,15.5,0.0,11,293,64.39,0.00
944000,135,82,47.0,0.1,0.1,16.9,0.1,8,395,87.43,0.00
944000,207,61,48.5,0.0,0.0,15.5,0.0,11,311,59.70,0.00
944000,252,15,46.7,0.0,0.0,17.1,0.0,3,264,56.33,0.00
945000,186,458,48.3,0.0,0.0,15.7,0.0,52,416,93.32,0.00
945000,49,104,23.8,23.9,0.0,16.2,23.8,4,182,38.66,12.28
945000,207,91,48.6,0.1,0.0,15.3,0.1,11,304,59.78,0.00
945000,175,89,48.2,0.0,0.0,15.8,0.0,8,274,59.65,0.00
945000,135,83,48.1,0.0,0.1,15.7,0.0,10,408,90.62,0.00
945000,252,16,49.1,0.0,0.0,14.9,0.0,4,446,95.07,0.00
946000,186,440,48.1,0.0,0.0,15.9,0.0,52,342,76.06,0.00
946000,175,109,48.7,0.1,0.0,15.2,0.1,12,322,70.57,0.00
946000,49,101,24.0,24.1,0.0,15.9,24.0,2,120,25.26,10.33
946000,207,86,48.9,0.0,0.0,15.0,0.0,16,252,49.56,0.00
946000,135,75,47.6,0.1,0.0,16.2,0.0,11,272,61.61,0.00
946000,252,23,48.7,0.0,0.0,15.3,0.0,5,249,53.98,0.00
947000,186,393,48.2,0.1,0.0,15.7,0.1,42,363,80.34,0.00
947000,175,132,48.2,0.0,0.0,15.8,0.0,10,274,60.03,0.00
947000,207,119,48.8,0.0,0.0,15.1,0.0,17,222,43.59,0.00
947000,49,101,23.6,24.4,0.0,16.0,23.6,3,135,27.65,10.46
947000,135,58,48.3,0.0,0.0,15.6,0.0,9,306,67.50,0.00
947000,252,15,48.8,0.0,0.0,15.2,0.0,5,333,71.47,0.00
948000,186,413,48.3,0.1,0.0,15.7,0.1,44,340,75.37,0.00
948000,175,136,48.3,0.0,0.0,15.7,0.0,15,329,71.67,0.00
948000,207,123,48.4,0.1,0.0,15.3,0.0,16,240,47.67,0.00
948000,49,99,23.9,24.0,0.0,16.1,23.9,3,146,30.54,9.91
948000,135,66,48.0,0.0,0.0,16.0,0.0,14,250,57.36,0.00
948000,252,7,48.4,0.0,0.0,15.6,0.0,3,368,76.18,0.00
949000,186,429,48.3,0.1,0.0,15.6,0.1,49,361,80.93,0.00
949000,207,140,48.3,0.1,0.0,15.3,0.1,23,302,59.19,0.00
949000,175,134,48.1,0.2,0.0,15.6,0.2,17,252,54.48,0.00
949000,49,71,24.2,24.0,0.0,15.7,23.6,5,192,39.89,11.01
949000,135,69,48.6,0.1,0.0,15.2,0.1,13,238,53.79,0.00
949000,252,8,48.2,0.0,0.0,15.8,0.0,3,328,72.65,0.00
950000,186,431,48.6,0.1,0.0,15.3,0.1,56,337,75.27,0.00
950000,207,131,48.5,0.1,0.2,15.2,0.1,20,312,60.24,0.00
950000,49,115,24.0,24.0,0.0,15.9,23.8,4,203,42.90,10.31
950000,175,111,48.8,0.0,0.0,15.2,0.0,17,252,54.96,0.00
950000,135,64,47.9,0.2,0.0,15.9,0.2,10,227,52.22,0.00
951000,186,400,48.4,0.1,0.0,15.5,0.1,42,338,75.25,0.00
951000,207,180,48.9,0.0,0.0,15.1,0.0,33,317,61.42,0.00
951000,175,118,48.4,0.0,0.0,15.6,0.0,14,267,57.96,0.00
951000,49,96,24.1,23.1,0.0,16.8,22.7,6,185,38.64,10.20
951000,135,54,47.5,0.0,0.0,16.5,0.0,11,164,38.43,0.00
952000,186,423,48.3,0.0,0.0,15.7,0.0,50,319,71.81,0.00
952000,175,152,48.3,0.1,0.0,15.6,0.1,15,249,54.21,0.00
952000,207,105,49.0,0.0,0.0,14.9,0.0,22,283,54.63,0.00
952000,49,104,23.8,24.3,0.0,15.9,23.8,5,162,34.12,10.53
952000,135,47,47.6,0.0,0.0,16.3,0.0,9,282,66.52,0.00
953000,186,444,47.9,0.0,0.0,16.1,0.0,62,297,67.09,0.00
953000,175,111,47.7,0.2,0.0,16.0,0.0,10,238,51.96,0.00
953000,207,100,48.8,0.0,0.0,15.1,0.0,16,347,66.03,0.00
953000,135,88,48.2,0.1,0.0,15.7,0.1,14,229,51.95,0.00
953000,49,83,23.9,24.2,0.0,15.9,23.7,7,119,24.83,9.12
954000,186,489,48.1,0.0,0.0,15.9,0.0,58,288,65.82,0.00
954000,135,130,48.0,0.1,0.0,15.8,0.1,16,253,56.74,0.00
954000,175,105,47.1,0.2,0.0,16.8,0.0,11,201,44.21,0.00
954000,49,77,23.8,23.8,0.0,16.1,23.7,4,180,38.86,10.17
954000,207,27,48.4,0.0,0.0,15.6,0.0,7,309,57.81,0.00
955000,186,522,48.3,0.0,0.0,15.7,0.0,61,291,65.59,0.00
955000,135,123,48.0,0.1,0.1,15.8,0.1,14,239,54.28,0.00
955000,175,116,47.7,0.1,0.0,16.2,0.1,13,305,68.03,0.03
955000,49,87,23.7,24.4,0.0,15.9,23.7,4,134,28.67,9.92
956000,186,508,48.5,0.0,0.0,15.5,0.0,57,345,77.78,0.00
956000,135,137,47.7,0.1,0.1,16.2,0.1,19,292,66.37,0.00
956000,175,117,47.2,0.0,0.0,16.8,0.0,12,260,57.02,0.00
956000,49,91,24.0,24.0,0.0,16.0,24.0,1,155,32.66,11.34
957000,186,451,48.1,0.1,0.0,15.8,0.1,54,403,91.22,0.00
957000,135,164,48.1,0.1,0.0,15.8,0.1,14,321,72.45,0.00
957000,175,112,48.0,0.1,0.0,15.7,0.1,10,283,62.36,0.00
957000,49,87,23.5,23.9,0.0,16.7,23.5,3,122,25.77,8.63
958000,186,455,48.1,0.0,0.0,15.9,0.0,52,320,72.55,0.00
958000,135,142,47.9,0.1,0.1,15.8,0.1,24,232,52.70,0.03
958000,175,116,47.6,0.0,0.0,16.4,0.0,17,271,59.86,0.00
958000,49,85,24.0,24.0,0.0,16.0,24.0,2,136,28.43,10.57
959000,186,425,48.5,0.0,0.0,15.5,0.0,46,330,74.62,0.00
959000,135,166,48.3,0.2,0.1,15.5,0.2,23,206,47.60,0.00
959000,175,137,48.5,0.0,0.0,15.5,0.0,17,246,53.57,0.00
959000,49,84,24.0,24.2,0.0,15.8,23.8,4,129,27.37,10.37
960000,186,480,48.3,0.0,0.0,15.6,0.0,59,338,76.45,0.00
960000,135,145,47.9,0.1,0.1,15.9,0.1,16,254,58.18,0.00
960000,175,129,48.4,0.1,0.0,15.4,0.1,12,266,56.79,0.00
960000,49,90,23.9,24.3,0.0,15.8,23.9,2,140,29.02,9.11
961000,186,485,48.0,0.0,0.0,15.9,0.0,57,362,81.16,0.00
961000,135,167,48.1,0.1,0.1,15.8,0.0,21,247,55.71,0.00
961000,175,106,48.5,0.1,0.0,15.5,0.1,14,251,54.37,0.00
961000,49,89,24.0,24.1,0.0,15.9,23.9,4,104,21.87,8.30
962000,186,438,47.2,0.1,0.0,16.7,0.1,56,335,75.74,0.00
962000,135,176,48.0,0.3,0.0,15.7,0.2,23,224,50.68,0.00
962000,175,89,48.3,0.2,0.0,15.5,0.2,15,227,49.43,0.00
962000,49,86,24.1,24.0,0.0,15.9,23.7,4,138,29.61,7.40
963000,186,425,48.5,0.0,0.0,15.5,0.0,53,360,80.94,0.00
963000,135,159,48.0,0.1,0.0,15.9,0.0,15,215,49.19,0.00
963000,175,139,47.7,0.1,0.0,16.1,0.1,11,235,51.25,0.00
963000,49,97,23.9,24.2,0.0,15.9,23.9,5,124,26.05,10.23
964000,186,441,47.2,0.1,0.0,16.7,0.1,50,327,73.50,0.00
964000,135,156,47.9,0.0,0.1,16.0,0.0,13,250,57.30,0.00
964000,175,138,47.8,0.3,0.0,15.9,0.2,17,240,53.94,0.04
964000,49,93,23.7,23.9,0.0,16.4,23.4,6,140,30.02,10.50
965000,186,393,48.3,0.0,0.0,15.7,0.0,41,415,93.88,0.00
965000,135,185,47.9,0.1,0.0,16.0,0.1,15,318,72.92,0.00
965000,175,117,48.4,0.0,0.0,15.6,0.0,12,273,60.91,0.00
965000,49,90,23.9,23.9,0.0,16.1,23.9,2,150,32.03,10.25
966000,186,386,48.3,0.1,0.0,15.5,0.1,43,443,98.99,0.00
966000,135,165,47.8,0.0,0.1,16.1,0.0,16,367,83.93,0.00
966000,175,132,48.4,0.1,0.0,15.5,0.1,10,303,67.31,0.00
966000,49,97,23.8,24.3,0.0,16.0,23.8,2,160,33.76,11.03
967000,186,439,48.3,0.1,0.0,15.6,0.1,43,397,88.71,0.00
967000,175,164,48.5,0.1,0.0,15.4,0.1,15,275,60.43,0.00
967000,135,160,47.8,0.1,0.1,16.0,0.1,16,325,74.16,0.00
967000,49,89,23.8,24.2,0.0,16.0,23.8,3,135,28.17,8.23
968000,186,406,48.5,0.0,0.0,15.5,0.0,48,414,92.23,0.00
968000,135,155,47.9,0.2,0.0,15.9,0.1,18,267,61.22,0.00
968000,175,148,48.4,0.0,0.0,15.6,0.0,13,299,64.98,0.00
968000,49,98,24.0,24.0,0.0,16.0,24.0,1,203,42.59,12.02
969000,186,447,48.2,0.0,0.0,15.8,0.0,59,379,83.97,0.00
969000,135,137,48.0,0.0,0.1,15.9,0.0,13,243,55.92,0.00
969000,175,124,47.5,0.1,0.0,16.4,0.0,12,327,72.08,0.00
969000,49,101,24.0,24.0,0.0,16.0,23.9,3,140,29.53,9.82
970000,186,415,48.5,0.0,0.0,15.5,0.0,45,417,93.01,0.00
970000,135,181,46.9,0.3,0.1,16.7,0.1,26,246,56.23,0.00
970000,175,125,47.9,0.2,0.0,15.9,0.1,10,278,61.58,0.00
970000,49,82,23.4,24.6,0.0,16.0,23.4,4,135,27.88,8.30
971000,186,412,48.2,0.0,0.0,15.8,0.0,52,352,78.09,0.00
971000,135,185,48.1,0.2,0.0,15.6,0.2,16,234,53.68,0.00
971000,175,139,48.2,0.0,0.0,15.8,0.0,9,276,60.70,0.00
971000,49,67,24.5,23.7,0.0,15.8,23.7,2,125,26.01,10.86
972000,186,413,47.8,0.1,0.0,16.2,0.1,61,337,74.96,0.00
972000,135,196,47.2,0.4,0.1,16.2,0.4,34,265,60.95,0.02
972000,175,134,47.7,0.0,0.0,16.2,0.0,14,257,56.85,0.00
972000,49,60,24.1,23.8,0.0,16.1,23.5,4,180,37.77,13.38
973000,186,392,48.0,0.1,0.0,15.9,0.1,38,360,80.01,0.00
973000,135,191,47.6,0.2,0.0,16.1,0.2,22,276,63.50,0.00
973000,175,140,48.4,0.2,0.0,15.4,0.1,13,258,57.18,0.00
973000,49,98,23.8,23.5,0.0,16.7,23.5,4,128,27.71,9.91
974000,186,413,48.1,0.1,0.0,15.8,0.1,49,396,87.51,0.00
974000,135,214,47.5,0.3,0.1,16.0,0.3,28,257,58.76,0.03
974000,175,131,48.4,0.0,0.0,15.6,0.0,14,273,59.71,0.00
974000,49,90,23.7,24.1,0.0,16.3,23.7,5,162,34.45,13.08
975000,186,372,48.4,0.1,0.0,15.4,0.1,44,355,79.86,0.00
975000,135,214,47.9,0.0,0.0,16.1,0.0,17,254,58.06,0.00
975000,175,124,48.6,0.0,0.0,15.4,0.0,14,273,61.11,0.00
975000,49,94,24.0,24.1,0.0,15.9,24.0,2,146,30.56,11.39
976000,186,417,48.1,0.1,0.0,15.9,0.1,49,433,97.27,0.00
976000,135,208,48.1,0.2,0.0,15.7,0.2,30,282,64.64,0.00
976000,175,130,48.3,0.3,0.0,15.4,0.2,17,296,66.85,0.00
976000,49,83,23.7,24.5,0.0,15.8,23.7,2,150,31.86,11.87
977000,186,436,48.3,0.0,0.0,15.6,0.0,45,362,81.52,0.00
977000,135,177,48.1,0.1,0.0,15.8,0.1,19,253,58.29,0.00
977000,175,121,47.9,0.0,0.0,16.1,0.0,10,264,58.82,0.00
977000,49,80,24.0,24.2,0.0,15.7,23.2,6,140,28.79,10.56
978000,186,460,48.1,0.1,0.0,15.8,0.1,52,322,72.44,0.00
978000,135,171,48.1,0.1,0.0,15.7,0.1,20,241,55.01,0.00
978000,175,126,48.2,0.0,0.0,15.8,0.0,11,258,57.99,0.00
978000,49,78,24.1,23.6,0.0,16.2,23.2,5,123,25.29,10.30
979000,186,409,48.2,0.0,0.0,15.7,0.0,54,296,66.78,0.00
979000,135,214,48.3,0.1,0.0,15.7,0.1,19,236,53.88,0.00
979000,175,101,47.8,0.5,0.0,15.7,0.4,11,276,61.87,0.00
979000,49,78,23.5,23.5,0.0,16.8,23.1,6,129,27.06,11.13
980000,186,403,48.2,0.0,0.0,15.7,0.0,47,338,75.80,0.00
980000,135,186,47.7,0.3,0.1,15.9,0.2,21,282,65.19,0.02
980000,175,112,48.3,0.1,0.0,15.5,0.0,15,270,61.25,0.00
980000,49,94,23.7,24.2,0.0,16.0,23.1,6,126,26.54,10.74
981000,186,335,48.1,0.0,0.0,15.9,0.0,41,322,71.99,0.00
981000,135,220,47.6,0.1,0.1,16.1,0.1,27,265,60.27,0.00
981000,175,130,48.3,0.0,0.0,15.7,0.0,11,233,50.94,0.00
981000,49,73,24.2,23.8,0.0,16.1,23.6,3,152,31.68,10.29
982000,186,370,48.3,0.0,0.0,15.7,0.0,46,332,74.09,0.00
982000,135,187,47.4,0.2,0.0,16.3,0.1,24,256,58.84,0.00
982000,175,140,48.2,0.1,0.0,15.7,0.1,19,282,63.04,0.00
982000,49,99,23.8,24.3,0.0,15.9,23.7,4,124,25.98,10.11
983000,186,366,48.1,0.0,0.0,15.9,0.0,34,393,87.16,0.00
983000,135,211,48.2,0.1,0.0,15.7,0.1,17,251,57.37,0.00
983000,175,140,48.3,0.0,0.0,15.6,0.0,12,284,63.54,0.00
983000,49,99,23.8,23.8,0.0,16.4,23.7,3,154,32.85,11.29
984000,186,376,48.3,0.0,0.0,15.7,0.0,45,374,83.19,0.00
984000,135,238,47.9,0.1,0.1,15.9,0.0,22,275,62.63,0.00
984000,175,114,48.4,0.0,0.0,15.6,0.0,14,277,62.62,0.00
984000,49,71,24.0,24.2,0.0,15.8,23.8,4,120,25.10,9.00
984000,260,9,48.8,0.0,0.0,15.2,0.0,2,266,59.56,0.00
985000,186,364,47.8,0.0,0.0,16.2,0.0,56,325,72.05,0.00
985000,135,224,47.8,0.0,0.2,15.9,0.0,25,246,56.93,0.00
985000,175,121,48.2,0.0,0.0,15.8,0.0,11,261,57.89,0.00
985000,49,75,23.9,24.3,0.0,15.8,23.9,3,135,28.06,11.59
985000,260,21,48.5,0.0,0.0,15.5,0.0,4,312,68.48,0.00
986000,186,409,48.3,0.0,0.0,15.7,0.0,53,300,67.06,0.00
986000,135,210,47.9,0.1,0.0,16.0,0.1,17,289,66.27,0.00
986000,175,117,48.4,0.0,0.0,15.6,0.0,14,234,52.32,0.00
986000,49,82,24.0,24.0,0.0,16.0,24.0,1,180,37.98,11.19
986000,260,16,48.7,0.0,0.0,15.3,0.0,4,400,87.31,0.00
987000,186,381,48.3,0.0,0.0,15.7,0.0,36,344,76.99,0.00
987000,135,180,48.0,0.2,0.0,15.7,0.2,23,303,69.13,0.00
987000,175,129,48.1,0.0,0.0,15.9,0.0,11,232,51.34,0.00
987000,49,97,23.8,24.3,0.0,16.0,23.8,2,155,32.44,11.11
987000,260,40,48.8,0.0,0.0,15.2,0.0,9,249,55.64,0.00
988000,186,450,48.2,0.0,0.0,15.7,0.0,44,356,79.76,0.00
988000,135,185,47.6,0.1,0.0,16.3,0.1,23,293,67.18,0.00
988000,49,84,24.0,24.3,0.0,15.7,24.0,3,151,31.11,12.19
988000,175,78,47.9,0.0,0.0,16.1,0.0,7,256,56.64,0.00
989000,186,391,47.9,0.0,0.0,16.1,0.0,45,364,82.30,0.00
989000,135,184,47.1,0.4,0.2,16.4,0.1,25,265,61.10,0.00
989000,175,148,48.3,0.1,0.0,15.6,0.1,14,258,57.81,0.00
989000,49,92,23.8,23.9,0.0,16.3,23.8,4,139,29.71,10.64
990000,186,396,47.9,0.1,0.0,16.0,0.1,48,348,77.89,0.00
990000,135,174,48.2,0.1,0.0,15.8,0.1,14,284,65.42,0.00
990000,175,144,48.2,0.1,0.0,15.8,0.1,14,297,65.34,0.00
990000,49,83,23.7,24.1,0.0,16.1,23.7,2,145,29.92,10.35
991000,186,416,47.9,0.0,0.0,16.0,0.0,50,355,79.30,0.00
991000,135,185,47.8,0.1,0.0,16.0,0.1,15,268,60.67,0.00
991000,175,140,48.3,0.0,0.0,15.7,0.0,12,277,61.05,0.00
991000,49,87,23.8,23.6,0.0,16.6,23.3,4,124,25.82,12.15
992000,186,462,48.2,0.1,0.0,15.6,0.1,56,325,72.78,0.00
992000,135,179,48.2,0.1,0.0,15.7,0.1,21,271,61.60,0.00
992000,175,92,48.2,0.0,0.0,15.8,0.0,8,234,51.57,0.00
992000,49,84,24.3,23.7,0.0,15.8,23.7,2,131,27.79,9.35
993000,186,416,48.0,0.1,0.0,15.9,0.1,53,376,83.83,0.00
993000,135,206,47.8,0.3,0.0,15.8,0.3,25,280,63.36,0.00
993000,175,117,48.4,0.2,0.0,15.4,0.0,13,280,61.85,0.00
993000,49,85,24.0,24.0,0.0,16.0,24.0,1,144,30.56,9.59
994000,186,441,48.3,0.0,0.0,15.7,0.0,39,383,85.74,0.00
994000,135,174,48.1,0.0,0.0,15.8,0.0,16,291,65.68,0.00
994000,175,121,47.7,0.5,0.0,15.8,0.3,12,301,66.62,0.06
994000,49,84,23.7,24.2,0.0,16.1,23.5,4,141,29.99,10.06
995000,186,399,48.2,0.1,0.0,15.7,0.1,39,397,88.39,0.00
995000,135,186,47.6,0.3,0.0,16.1,0.3,32,264,60.01,0.00
995000,175,129,48.3,0.0,0.0,15.7,0.0,11,309,67.84,0.00
995000,49,85,24.0,24.0,0.0,16.0,24.0,1,172,36.24,11.47
996000,186,404,48.3,0.0,0.0,15.7,0.0,39,351,78.83,0.00
996000,175,163,48.6,0.0,0.0,15.4,0.0,13,313,67.45,0.00
996000,135,159,47.7,0.0,0.3,15.9,0.0,16,278,63.74,0.00
996000,49,107,24.0,23.8,0.0,16.0,23.5,6,136,28.87,8.66
997000,186,416,48.1,0.0,0.0,15.8,0.0,37,370,82.26,0.00
997000,135,174,48.0,0.2,0.0,15.9,0.1,16,327,74.91,0.00
997000,175,169,48.4,0.1,0.0,15.5,0.1,20,307,66.87,0.00
997000,49,65,23.6,23.6,0.0,16.7,23.0,5,151,32.00,13.29
998000,186,398,48.0,0.0,0.0,16.0,0.0,41,419,94.21,0.00
998000,135,170,47.9,0.0,0.0,16.0,0.0,16,288,66.91,0.00
998000,175,169,48.0,0.1,0.1,15.8,0.0,15,311,66.91,0.00
998000,49,76,23.9,23.8,0.0,16.3,23.8,3,152,31.42,11.01
999000,186,434,48.4,0.0,0.0,15.6,0.0,47,366,81.60,0.00
999000,135,148,46.7,0.2,0.3,16.6,0.1,17,248,56.87,0.00
999000,175,146,48.2,0.0,0.0,15.7,0.0,13,312,68.69,0.00
999000,49,79,24.0,24.2,0.0,15.5,23.6,5,179,38.67,12.10
1000000,186,419,47.9,0.1,0.0,15.9,0.1,45,429,96.19,0.00
1000000,135,177,47.9,0.1,0.0,15.9,0.1,13,265,60.01,0.04
1000000,175,149,48.0,0.0,0.0,16.0,0.0,15,295,62.63,0.00
1000000,49,65,24.2,23.6,0.0,16.2,23.4,5,158,32.33,12.51
