step,lineage,size,mass,hard,muscle,sensor,digestive,bite,shell,open,bodies,age,plant,meat,p0,p1,pnone,bite_any,shell_front,shell_back,shell_side,foot,len_fwd,len_side
5000,2,184,13.1,0.4,0.1,0.1,12.6,0.0,1.08,15.4,51,173,12.65,0.44,171,10,3,0.0,1.03,1.12,1.09,2.99,3.18,5.14
6000,2,189,9.9,0.3,0.0,0.0,9.7,0.0,1.09,17.6,42,236,14.80,0.36,189,0,0,0.0,1.04,1.10,1.11,2.78,2.80,4.47
7000,2,160,10.6,0.5,0.0,0.1,10.0,0.0,1.15,16.9,39,268,16.89,0.38,158,0,2,0.0,1.08,1.19,1.18,2.85,2.78,4.87
8000,2,168,9.1,0.2,0.0,0.0,8.9,0.0,1.08,17.9,45,237,14.37,0.36,157,10,1,0.0,1.04,1.08,1.10,2.64,2.46,4.64
9000,20,280,9.1,0.0,0.0,0.0,9.0,0.0,1.00,18.6,41,470,27.36,0.59,275,0,5,0.0,1.00,1.00,1.00,2.52,3.11,3.62
9000,2,72,8.4,0.3,0.1,0.1,7.9,0.0,1.13,19.4,19,224,13.40,0.26,71,1,0,0.0,1.06,1.14,1.17,2.36,2.38,4.04
10000,20,276,9.2,0.0,0.1,0.0,9.1,0.0,1.00,18.9,33,556,32.65,0.74,275,0,1,0.0,1.00,1.00,1.00,2.37,3.13,3.45
10000,2,69,8.4,0.2,0.0,0.0,8.2,0.0,1.01,19.7,13,251,14.59,0.33,59,9,1,0.0,1.01,1.01,1.02,2.71,2.30,3.86
11000,20,273,9.1,0.1,0.0,0.0,9.0,0.0,1.02,19.3,35,595,34.99,0.81,272,0,1,0.0,1.02,1.01,1.02,2.40,3.05,3.33
11000,2,100,10.4,0.8,0.4,0.4,8.8,0.0,1.20,17.8,33,180,10.49,0.27,82,15,3,0.0,1.01,1.27,1.27,2.88,2.61,4.57
12000,20,266,9.4,0.0,0.0,0.0,9.4,0.0,1.01,19.0,33,551,32.01,0.67,265,0,1,0.0,1.01,1.01,1.01,2.46,3.13,3.38
12000,2,56,7.6,0.1,0.0,0.0,7.5,0.0,1.05,19.9,15,202,11.36,0.35,54,0,2,0.0,1.02,1.06,1.07,2.25,2.32,3.77
13000,20,285,10.1,0.1,0.0,0.1,9.8,0.0,1.05,18.6,51,528,31.22,0.69,285,0,0,0.0,1.05,1.04,1.05,2.36,3.24,3.48
13000,24,49,12.9,0.0,0.0,0.0,12.9,0.0,1.01,12.2,9,265,17.81,0.40,49,0,0,0.0,1.00,1.01,1.01,3.73,2.04,7.88
13000,2,33,8.1,0.1,0.0,0.0,8.0,0.0,1.02,17.5,9,238,14.25,0.21,33,0,0,0.0,1.00,1.02,1.05,3.09,1.85,5.39
14000,20,264,9.8,0.1,0.0,0.0,9.7,0.0,1.02,19.1,32,612,36.54,0.90,262,0,2,0.0,1.02,1.01,1.02,2.59,3.15,3.31
14000,24,63,12.1,0.3,0.0,0.0,11.9,0.0,1.13,12.8,15,257,17.44,0.35,63,0,0,0.0,1.07,1.12,1.19,3.54,2.02,7.63
14000,2,12,11.8,0.0,0.0,0.0,11.8,0.0,1.00,12.5,6,146,11.62,0.31,12,0,0,0.0,1.00,1.00,1.00,3.33,2.33,7.42
15000,20,264,10.1,0.0,0.0,0.1,9.9,0.0,1.01,18.8,33,657,39.44,0.97,263,0,1,0.0,1.01,1.00,1.01,2.49,3.20,3.42
15000,24,73,11.0,0.5,0.0,0.0,10.4,0.0,1.14,12.9,17,305,19.17,0.47,70,3,0,0.0,1.01,1.20,1.18,3.16,1.99,7.60
15000,2,7,27.1,0.0,0.0,0.0,27.1,0.0,1.00,8.9,3,69,9.63,0.15,7,0,0,0.0,1.00,1.00,1.00,4.43,3.57,8.00
16000,20,278,10.0,0.0,0.0,0.1,9.8,0.0,1.01,19.0,37,501,29.88,0.73,277,0,1,0.0,1.01,1.01,1.02,2.40,3.15,3.33
16000,24,83,10.4,0.0,0.0,0.0,10.4,0.0,1.00,13.4,24,241,15.23,0.41,82,0,1,0.0,1.00,1.00,1.00,3.00,2.12,7.23
16000,27,69,8.7,0.0,0.0,0.0,8.7,0.0,1.00,18.6,13,209,13.18,0.40,54,13,2,0.0,1.00,1.00,1.00,2.62,2.62,4.10
17000,20,266,9.5,0.0,0.0,0.1,9.4,0.0,1.00,19.4,29,625,36.89,0.90,264,0,2,0.0,1.00,1.00,1.00,2.29,3.09,3.21
17000,24,124,10.5,0.0,0.0,0.0,10.5,0.0,1.01,13.6,27,236,15.43,0.43,123,0,1,0.0,1.00,1.01,1.01,3.26,1.97,7.25
17000,27,63,9.2,0.5,0.1,0.0,8.5,0.0,1.20,18.0,16,222,14.73,0.43,44,17,2,0.0,1.20,1.25,1.18,2.76,3.11,4.08
18000,20,272,9.5,0.0,0.0,0.1,9.4,0.0,1.01,19.3,33,638,37.44,0.86,272,0,0,0.0,1.01,1.00,1.02,2.42,3.12,3.25
18000,24,76,11.0,0.2,0.0,0.0,10.8,0.0,1.05,12.4,19,256,16.48,0.44,76,0,0,0.0,1.04,1.07,1.06,3.22,1.96,7.91
18000,27,54,10.0,0.0,0.0,0.0,10.0,0.0,1.00,17.4,9,263,16.59,0.40,54,0,0,0.0,1.00,1.00,1.00,2.81,3.20,4.07
19000,20,252,9.9,0.0,0.0,0.0,9.8,0.0,1.00,19.1,28,596,34.93,0.84,251,0,1,0.0,1.00,1.00,1.00,2.41,3.15,3.30
19000,27,67,10.6,1.0,0.4,0.0,9.3,0.0,1.29,16.9,19,253,15.95,0.42,67,0,0,0.1,1.39,1.63,1.23,2.82,3.54,4.01
19000,24,57,11.6,0.0,0.0,0.0,11.5,0.0,1.00,12.7,13,211,14.34,0.40,49,8,0,0.0,1.00,1.00,1.01,3.68,2.02,7.70
20000,20,238,9.6,0.0,0.0,0.1,9.5,0.0,1.01,19.2,32,563,32.56,0.72,238,0,0,0.0,1.01,1.00,1.01,2.38,3.12,3.32
20000,24,92,11.7,0.1,0.0,0.0,11.6,0.0,1.02,12.1,16,260,17.28,0.42,84,7,1,0.0,1.01,1.03,1.03,3.57,2.13,7.85
20000,27,63,9.0,0.0,0.3,0.0,8.7,0.0,1.00,18.4,16,317,19.02,0.40,63,0,0,0.0,1.00,1.00,1.00,2.57,3.14,3.70
21000,20,238,9.3,0.0,0.0,0.0,9.3,0.0,1.00,19.1,34,598,34.13,0.71,238,0,0,0.0,1.00,1.00,1.00,2.47,3.21,3.23
21000,24,83,11.1,0.0,0.0,0.0,11.1,0.0,1.01,12.7,21,273,17.26,0.38,82,0,1,0.0,1.01,1.01,1.01,3.46,2.04,7.61
21000,27,77,9.4,0.1,0.2,0.0,9.1,0.0,1.03,18.0,16,289,17.36,0.52,77,0,0,0.0,1.00,1.06,1.03,2.90,3.32,3.77
22000,20,223,9.1,0.0,0.0,0.0,9.1,0.0,1.00,19.4,24,578,32.97,0.62,222,0,1,0.0,1.01,1.00,1.00,2.43,3.12,3.19
22000,27,109,9.0,0.2,0.1,0.0,8.7,0.0,1.09,18.2,25,279,16.77,0.41,109,0,0,0.0,1.07,1.13,1.08,2.53,2.95,3.95
22000,24,57,10.1,0.4,0.0,0.0,9.7,0.0,1.14,13.3,14,314,19.34,0.48,57,0,0,0.0,1.05,1.13,1.25,3.32,1.81,7.70
23000,20,213,9.3,0.0,0.0,0.0,9.3,0.0,1.02,19.2,29,615,34.95,0.64,213,0,0,0.0,1.02,1.02,1.02,2.35,3.11,3.32
23000,27,132,9.1,0.1,0.2,0.0,8.8,0.0,1.03,18.2,25,270,15.92,0.32,129,2,1,0.0,1.00,1.04,1.03,2.71,2.88,4.05
23000,24,33,9.2,0.1,0.0,0.1,9.1,0.0,1.03,15.0,11,212,12.53,0.25,33,0,0,0.0,1.00,1.03,1.05,3.21,1.58,7.48
24000,20,220,9.3,0.0,0.0,0.0,9.2,0.0,1.00,19.4,25,634,36.14,0.63,219,0,1,0.0,1.00,1.00,1.00,2.37,3.12,3.20
24000,27,118,9.2,0.1,0.4,0.1,8.7,0.0,1.02,18.1,25,336,19.39,0.39,111,5,2,0.0,1.00,1.03,1.01,2.53,2.87,4.14
24000,24,11,9.0,0.0,0.0,0.1,8.9,0.0,1.00,14.0,6,422,24.35,0.63,11,0,0,0.0,1.00,1.00,1.00,3.00,1.55,8.00
25000,20,209,9.2,0.0,0.0,0.1,9.1,0.0,1.01,19.7,23,640,35.86,0.62,208,0,1,0.0,1.01,1.01,1.01,2.28,3.09,3.10
25000,27,181,9.2,0.2,0.3,0.0,8.8,0.0,1.05,17.9,40,300,17.88,0.36,171,10,0,0.0,1.03,1.07,1.07,2.70,3.06,4.17
25000,24,13,9.4,0.0,0.0,0.1,9.3,0.0,1.00,12.6,3,206,13.88,0.25,13,0,0,0.0,1.00,1.00,1.00,3.00,1.69,8.00
26000,20,206,9.2,0.0,0.0,0.0,9.2,0.0,1.00,19.5,19,638,36.18,0.64,205,0,1,0.0,1.00,1.00,1.00,2.38,3.11,3.12
26000,27,174,8.7,0.1,0.1,0.0,8.6,0.0,1.04,18.3,32,288,16.71,0.33,156,17,1,0.0,1.04,1.06,1.03,2.56,2.97,4.03
26000,24,10,14.4,0.0,0.0,0.0,14.4,0.0,1.00,11.8,3,312,19.15,0.11,10,0,0,0.0,1.00,1.00,1.00,3.30,2.10,8.00
27000,27,216,8.5,0.1,0.1,0.0,8.3,0.0,1.02,18.6,33,290,16.64,0.33,193,21,2,0.0,1.02,1.03,1.02,2.56,2.49,4.28
27000,20,194,9.0,0.0,0.0,0.1,8.8,0.0,1.01,19.5,29,597,33.23,0.63,194,0,0,0.0,1.01,1.01,1.01,2.31,3.12,3.19
28000,27,222,8.5,0.0,0.3,0.0,8.1,0.0,1.01,18.7,37,355,19.80,0.34,201,15,6,0.0,1.01,1.02,1.02,2.58,2.43,4.26
28000,20,217,9.3,0.0,0.0,0.0,9.2,0.0,1.02,19.4,32,607,33.44,0.55,216,0,1,0.0,1.02,1.02,1.02,2.37,3.11,3.19
29000,27,247,8.3,0.2,0.2,0.0,8.0,0.0,1.06,18.9,36,360,19.79,0.36,231,11,5,0.0,1.04,1.08,1.06,2.48,2.40,4.23
29000,20,172,9.2,0.0,0.0,0.0,9.2,0.0,1.00,19.4,19,778,42.61,0.59,171,0,1,0.0,1.00,1.00,1.00,2.39,3.12,3.16
30000,27,215,8.1,0.0,0.1,0.0,7.9,0.0,1.02,19.0,35,426,23.23,0.36,215,0,0,0.0,1.01,1.03,1.02,2.51,2.34,4.20
30000,20,166,8.5,0.0,0.0,0.1,8.3,0.0,1.00,19.7,21,572,31.04,0.43,164,0,2,0.0,1.00,1.00,1.00,2.17,3.02,3.11
31000,27,276,8.1,0.1,0.2,0.0,7.8,0.0,1.04,18.9,44,360,19.87,0.33,249,19,8,0.0,1.04,1.04,1.04,2.52,2.47,4.17
31000,20,168,8.6,0.0,0.0,0.1,8.5,0.0,1.01,19.6,26,611,33.21,0.38,167,0,1,0.0,1.01,1.01,1.01,2.25,3.08,3.23
32000,27,262,7.9,0.1,0.2,0.0,7.7,0.0,1.04,19.1,31,391,21.71,0.38,260,0,2,0.0,1.03,1.04,1.04,2.40,2.43,4.09
32000,20,149,8.5,0.1,0.0,0.1,8.4,0.0,1.03,19.5,25,769,40.61,0.42,149,0,0,0.0,1.04,1.02,1.04,2.18,3.05,3.27
33000,27,269,8.5,0.1,0.2,0.0,8.1,0.0,1.02,18.7,32,354,19.66,0.31,269,0,0,0.0,1.02,1.04,1.02,2.56,2.42,4.24
33000,20,183,8.3,0.0,0.0,0.0,8.2,0.0,1.00,19.5,29,611,33.09,0.37,182,0,1,0.0,1.00,1.00,1.00,2.32,3.08,3.21
34000,27,265,8.6,0.0,0.2,0.0,8.4,0.0,1.01,18.7,36,423,23.01,0.43,265,0,0,0.0,1.01,1.01,1.01,2.54,2.44,4.25
34000,20,152,8.6,0.0,0.0,0.0,8.6,0.0,1.00,19.4,22,620,33.87,0.52,151,0,1,0.0,1.00,1.00,1.00,2.43,3.05,3.35
35000,27,283,7.7,0.0,0.1,0.0,7.5,0.0,1.01,19.3,29,427,23.08,0.46,283,0,0,0.0,1.02,1.01,1.01,2.52,2.29,4.11
35000,20,134,9.0,0.1,0.1,0.0,8.8,0.0,1.04,19.1,15,796,44.08,0.64,134,0,0,0.0,1.04,1.02,1.04,2.30,3.10,3.38
36000,27,286,7.6,0.0,0.2,0.0,7.3,0.0,1.01,19.3,30,370,20.01,0.38,284,0,2,0.0,1.00,1.03,1.01,2.41,2.20,4.18
36000,20,143,8.6,0.0,0.1,0.0,8.4,0.0,1.00,19.7,16,767,41.79,0.70,143,0,0,0.0,1.00,1.00,1.00,2.41,3.08,3.06
36000,38,19,9.7,0.3,0.7,0.0,8.7,0.0,1.04,17.8,10,161,10.55,0.25,0,15,4,0.0,1.00,1.00,1.05,2.32,3.53,3.95
37000,27,242,8.1,0.0,0.1,0.0,8.0,0.0,1.02,18.8,30,389,21.27,0.38,242,0,0,0.0,1.02,1.03,1.02,2.59,2.28,4.39
37000,20,137,8.8,0.0,0.0,0.1,8.7,0.0,1.00,19.5,18,683,37.40,0.68,135,0,2,0.0,1.00,1.00,1.00,2.23,3.15,3.11
37000,38,22,10.4,1.0,0.5,0.3,8.6,0.0,1.20,18.0,8,204,11.42,0.48,0,21,1,0.1,1.00,1.38,1.22,3.14,3.45,3.55
38000,27,226,7.9,0.1,0.3,0.0,7.5,0.0,1.02,19.2,32,415,22.65,0.45,225,0,1,0.0,1.00,1.03,1.02,2.52,2.28,4.20
38000,20,187,8.2,0.0,0.0,0.0,8.2,0.0,1.00,19.8,19,628,34.63,0.50,187,0,0,0.0,1.00,1.00,1.00,2.48,3.07,3.04
38000,39,38,8.3,0.0,0.0,0.0,8.3,0.0,1.00,19.5,8,610,33.87,0.48,38,0,0,0.0,1.00,1.00,1.00,2.53,3.16,3.11
38000,38,19,7.4,0.0,0.0,0.0,7.4,0.0,1.00,20.7,8,182,10.78,0.19,0,16,3,0.0,1.00,1.00,1.00,2.05,2.58,3.05
39000,27,256,7.5,0.1,0.1,0.1,7.2,0.0,1.02,19.5,22,428,23.22,0.42,254,0,2,0.0,1.00,1.03,1.02,2.50,2.20,4.18
39000,20,217,8.6,0.0,0.0,0.0,8.6,0.0,1.00,19.6,21,642,35.55,0.61,216,0,1,0.0,1.01,1.01,1.00,2.24,3.16,3.06
39000,38,14,12.9,0.0,0.1,0.0,12.8,0.0,1.00,16.1,11,121,8.73,0.25,0,12,2,0.0,1.00,1.00,1.00,2.86,3.07,4.86
39000,39,7,9.9,0.0,0.0,0.0,9.9,0.0,1.00,18.6,4,940,54.17,0.91,7,0,0,0.0,1.00,1.00,1.00,2.14,3.57,3.14
40000,27,264,7.4,0.1,0.2,0.0,7.1,0.0,1.04,19.5,26,401,21.44,0.42,264,0,0,0.0,1.05,1.05,1.04,2.40,2.20,4.13
40000,20,236,8.5,0.0,0.0,0.1,8.4,0.0,1.00,19.5,24,602,33.72,0.72,235,0,1,0.0,1.00,1.00,1.00,2.40,3.14,3.11
40000,38,15,9.6,0.8,0.7,0.0,8.1,0.0,1.37,19.2,6,121,7.44,0.21,0,9,6,0.0,1.00,1.67,1.40,2.87,2.87,3.53
41000,20,263,8.5,0.0,0.0,0.1,8.4,0.0,1.00,19.6,24,647,36.20,0.76,263,0,0,0.0,1.00,1.00,1.00,2.24,3.12,3.11
41000,27,258,8.4,0.1,0.2,0.1,8.0,0.0,1.05,18.9,34,427,23.15,0.45,258,0,0,0.0,1.03,1.07,1.05,2.59,2.36,4.24
41000,38,20,11.8,0.0,0.6,0.0,11.1,0.0,1.00,17.5,5,176,11.47,0.42,0,18,2,0.0,1.00,1.00,1.00,3.15,2.75,4.50
42000,20,266,8.6,0.0,0.0,0.0,8.6,0.0,1.00,19.6,28,581,32.62,0.68,266,0,0,0.0,1.00,1.00,1.00,2.34,3.12,3.10
42000,27,228,7.8,0.0,0.3,0.1,7.4,0.0,1.00,19.4,18,460,24.83,0.51,228,0,0,0.0,1.00,1.01,1.00,2.56,2.24,4.10
42000,38,14,13.2,0.4,0.6,0.0,12.2,0.0,1.36,16.6,7,79,6.80,0.18,0,12,2,0.0,1.29,1.29,1.46,2.71,2.79,4.93
43000,27,294,8.7,0.2,0.2,0.3,8.0,0.0,1.03,18.7,39,426,23.61,0.46,292,0,2,0.0,1.00,1.06,1.04,2.56,2.49,4.22
43000,20,170,8.4,0.0,0.0,0.0,8.4,0.0,1.00,19.6,21,595,32.96,0.68,170,0,0,0.0,1.00,1.00,1.00,2.50,3.12,3.12
43000,38,19,12.8,1.0,0.8,0.0,10.9,0.0,1.16,16.2,4,108,8.20,0.20,0,15,4,0.0,1.00,1.00,1.32,2.74,2.74,5.16
44000,20,217,8.8,0.1,0.0,0.0,8.7,0.0,1.02,19.4,24,661,37.38,0.87,217,0,0,0.0,1.02,1.02,1.02,2.39,3.12,3.17
44000,27,193,8.3,0.1,0.3,0.0,7.9,0.0,1.04,19.1,23,392,21.13,0.43,191,0,2,0.0,1.04,1.04,1.04,2.59,2.36,4.20
44000,38,11,14.0,0.3,0.0,0.5,13.3,0.0,1.06,15.5,5,77,8.04,0.49,0,9,2,0.0,1.00,1.07,1.09,2.91,2.91,5.36
45000,20,245,8.5,0.0,0.0,0.0,8.5,0.0,1.01,19.6,24,613,34.18,0.80,245,0,0,0.0,1.01,1.01,1.01,2.38,3.12,3.13
45000,27,160,7.4,0.0,0.2,0.0,7.2,0.0,1.02,19.4,23,483,25.83,0.47,160,0,0,0.0,1.01,1.02,1.02,2.56,2.29,4.17
45000,38,17,14.3,0.1,0.0,0.0,14.2,0.0,1.02,15.6,5,107,8.92,0.57,0,17,0,0.0,1.00,1.02,1.03,3.12,3.06,5.12
46000,20,214,8.5,0.0,0.0,0.1,8.4,0.0,1.00,19.6,22,693,37.92,0.77,214,0,0,0.0,1.00,1.00,1.00,2.17,3.10,3.10
46000,27,155,7.6,0.1,0.1,0.0,7.4,0.0,1.02,19.5,15,475,25.42,0.43,155,0,0,0.0,1.00,1.03,1.02,2.50,2.16,4.15
46000,38,10,14.2,0.0,0.0,0.0,14.2,0.0,1.00,16.4,3,95,8.47,0.23,0,7,3,0.0,1.00,1.00,1.00,3.00,3.00,4.80
47000,27,182,7.7,0.1,0.2,0.0,7.4,0.0,1.02,19.5,15,418,22.44,0.42,182,0,0,0.0,1.00,1.04,1.02,2.49,2.21,4.10
47000,20,163,8.4,0.0,0.0,0.0,8.4,0.0,1.00,19.6,17,585,32.41,0.68,162,0,1,0.0,1.00,1.00,1.00,2.42,3.14,3.06
48000,27,218,7.4,0.1,0.2,0.0,7.1,0.0,1.04,19.6,16,379,20.20,0.33,217,0,1,0.0,1.02,1.05,1.05,2.57,2.15,4.12
48000,20,163,8.2,0.0,0.0,0.0,8.2,0.0,1.00,19.6,20,598,32.94,0.55,163,0,0,0.0,1.00,1.00,1.00,2.18,3.15,3.06
48000,45,74,8.9,0.0,0.0,0.0,8.9,0.0,1.00,17.8,16,499,28.42,0.44,74,0,0,0.0,1.00,1.00,1.00,2.57,2.78,4.36
49000,27,216,8.1,0.1,0.2,0.0,7.7,0.0,1.02,19.2,25,449,24.09,0.49,216,0,0,0.0,1.00,1.04,1.03,2.53,2.30,4.12
49000,20,214,8.4,0.1,0.0,0.1,8.3,0.0,1.03,19.7,22,620,33.87,0.58,214,0,0,0.0,1.04,1.02,1.04,2.27,3.10,3.06
49000,45,68,9.0,0.0,0.1,0.0,8.8,0.0,1.00,17.5,19,494,28.22,0.58,68,0,0,0.0,1.00,1.00,1.00,2.84,2.68,4.59
50000,27,211,7.4,0.0,0.3,0.0,7.1,0.0,1.01,19.6,19,433,23.03,0.41,210,0,1,0.0,1.00,1.01,1.01,2.41,2.16,4.15
50000,20,162,7.9,0.0,0.0,0.0,7.8,0.0,1.00,20.0,19,664,35.94,0.69,162,0,0,0.0,1.00,1.00,1.00,2.15,3.01,3.01
50000,45,83,8.9,0.0,0.4,0.0,8.5,0.0,1.00,17.6,17,433,24.48,0.45,83,0,0,0.0,1.00,1.00,1.00,2.71,2.64,4.57
50000,47,10,16.6,0.0,0.0,0.0,16.6,0.0,1.00,11.2,4,35,3.83,0.14,0,8,2,0.0,1.00,1.00,1.00,4.20,2.60,7.80
51000,20,183,8.1,0.0,0.0,0.1,8.0,0.0,1.00,19.6,27,599,32.96,0.71,183,0,0,0.0,1.00,1.00,1.00,2.31,3.14,3.07
51000,27,173,7.7,0.1,0.3,0.0,7.2,0.0,1.03,19.7,17,401,21.78,0.37,173,0,0,0.0,1.03,1.05,1.03,2.58,2.14,4.06
51000,45,99,9.1,0.1,0.4,0.0,8.6,0.0,1.01,17.4,24,323,18.07,0.28,99,0,0,0.0,1.00,1.01,1.01,2.80,2.54,4.79
51000,47,19,14.0,0.9,0.3,0.0,12.8,0.0,1.52,13.6,6,106,9.06,0.47,0,16,3,0.0,1.52,1.52,1.52,3.84,3.00,6.26
51000,50,13,10.8,0.2,0.0,0.0,10.7,0.0,1.02,18.5,2,662,36.66,1.04,13,0,0,0.0,1.05,1.00,1.02,2.15,3.38,3.38
52000,20,264,8.0,0.1,0.0,0.0,7.9,0.0,1.02,19.8,20,554,30.73,0.62,264,0,0,0.0,1.02,1.02,1.02,2.31,3.06,3.06
52000,27,150,7.3,0.0,0.2,0.0,6.9,0.0,1.03,19.9,16,369,19.87,0.41,150,0,0,0.0,1.02,1.03,1.03,2.52,2.17,3.96
52000,45,123,8.3,0.0,0.3,0.0,8.0,0.0,1.00,18.1,18,406,23.05,0.45,123,0,0,0.0,1.00,1.01,1.00,2.57,2.28,4.68
52000,47,12,14.6,0.4,1.0,0.0,13.2,0.2,1.08,13.2,7,128,10.06,0.28,0,9,3,0.2,1.11,1.00,1.10,3.75,3.42,6.17
52000,50,5,8.0,0.0,0.0,0.0,8.0,0.0,1.00,20.0,1,860,46.87,0.94,5,0,0,0.0,1.00,1.00,1.00,2.60,3.00,3.00
53000,20,192,7.6,0.0,0.0,0.0,7.5,0.0,1.00,19.8,22,621,34.21,0.71,191,0,1,0.0,1.00,1.00,1.00,2.19,3.07,3.02
53000,45,123,8.7,0.0,0.2,0.0,8.5,0.0,1.00,17.9,24,374,20.22,0.40,123,0,0,0.0,1.00,1.00,1.00,2.74,2.50,4.57
53000,27,120,7.9,0.1,0.4,0.0,7.3,0.0,1.02,19.6,18,425,22.47,0.39,120,0,0,0.1,1.00,1.04,1.02,2.53,2.22,3.99
53000,47,15,12.0,0.3,1.3,0.0,10.4,0.0,1.07,15.7,11,97,6.94,0.36,0,14,1,0.0,1.00,1.10,1.10,3.60,3.00,6.07
54000,20,199,7.9,0.0,0.0,0.0,7.9,0.0,1.00,19.5,22,703,38.87,0.81,199,0,0,0.0,1.00,1.00,1.00,2.24,3.18,3.09
54000,27,140,7.9,0.2,0.2,0.0,7.5,0.0,1.05,19.5,15,433,23.41,0.40,140,0,0,0.0,1.03,1.08,1.04,2.47,2.20,4.10
54000,45,137,8.6,0.0,0.2,0.0,8.4,0.0,1.00,17.7,27,399,22.74,0.41,137,0,0,0.0,1.00,1.00,1.00,2.72,2.50,4.71
54000,47,18,11.1,0.4,0.7,0.0,9.9,0.0,1.08,17.9,6,104,7.79,0.27,0,16,2,0.1,1.00,1.00,1.12,2.83,3.06,4.06
55000,45,257,8.1,0.1,0.1,0.1,7.8,0.0,1.03,18.5,34,416,22.68,0.42,256,0,1,0.0,1.02,1.07,1.03,2.54,2.25,4.49
55000,20,226,8.2,0.0,0.0,0.0,8.2,0.0,1.00,19.3,34,617,34.09,0.79,226,0,0,0.0,1.00,1.00,1.00,2.38,3.20,3.22
55000,47,19,11.0,0.9,0.0,0.1,9.9,0.0,1.35,18.0,6,186,12.91,0.37,0,16,3,0.0,1.00,1.55,1.43,2.74,3.26,3.74
56000,20,263,8.0,0.0,0.0,0.1,7.9,0.0,1.01,19.7,22,660,36.82,0.82,263,0,0,0.0,1.01,1.01,1.01,2.17,3.10,3.08
56000,45,251,8.1,0.2,0.2,0.0,7.7,0.0,1.04,18.6,41,415,22.47,0.44,250,0,1,0.0,1.01,1.07,1.05,2.74,2.35,4.48
56000,47,16,11.2,0.9,0.0,0.4,9.9,0.0,1.26,17.2,8,103,7.45,0.19,0,14,2,0.0,1.00,1.48,1.27,3.69,3.69,3.69
57000,45,246,7.9,0.0,0.2,0.0,7.7,0.0,1.04,18.7,29,408,22.44,0.41,245,0,1,0.0,1.03,1.03,1.07,2.54,2.20,4.47
57000,20,155,7.8,0.0,0.0,0.1,7.7,0.0,1.00,19.7,16,605,33.26,0.68,155,0,0,0.0,1.00,1.00,1.00,2.26,3.10,3.07
57000,47,16,10.1,1.2,0.3,0.8,7.8,0.0,1.40,18.4,4,195,13.02,0.43,0,13,3,0.0,1.00,1.82,1.40,3.25,3.44,3.38
58000,45,214,8.3,0.0,0.1,0.0,8.2,0.0,1.00,18.1,33,409,23.15,0.45,214,0,0,0.0,1.00,1.00,1.00,2.66,2.24,4.74
58000,20,142,8.0,0.0,0.0,0.1,8.0,0.0,1.00,19.5,16,553,30.27,0.63,141,0,1,0.0,1.00,1.00,1.00,2.25,3.19,3.10
58000,47,23,9.0,0.0,0.6,1.2,7.3,0.0,1.00,18.6,12,114,7.08,0.11,0,19,4,0.0,1.00,1.00,1.00,3.04,3.00,3.74
59000,45,248,8.5,0.2,0.1,0.1,8.1,0.0,1.05,18.0,36,366,20.31,0.37,247,0,1,0.0,1.05,1.06,1.05,2.70,2.27,4.76
59000,20,111,8.2,0.0,0.0,0.1,8.2,0.0,1.00,19.6,17,645,35.24,0.73,110,0,1,0.0,1.00,1.00,1.00,2.36,3.10,3.10
59000,47,16,8.6,0.0,0.2,0.0,8.4,0.0,1.00,19.1,4,134,8.76,0.33,0,15,1,0.0,1.00,1.00,1.00,3.31,2.88,4.06
60000,45,199,8.4,0.0,0.1,0.1,8.1,0.0,1.00,17.9,25,367,20.47,0.39,198,0,1,0.0,1.00,1.00,1.00,2.62,2.22,4.86
60000,20,69,8.5,0.0,0.0,0.0,8.5,0.0,1.00,19.4,8,651,36.55,0.83,69,0,0,0.0,1.00,1.00,1.00,2.39,3.20,3.10
60000,47,17,14.5,0.1,0.3,0.1,14.1,0.0,1.02,16.6,6,157,10.89,0.30,0,13,4,0.0,1.00,1.03,1.03,3.18,2.82,4.88
61000,53,196,9.1,0.0,0.0,0.1,9.0,0.0,1.00,19.4,27,632,36.92,0.94,196,0,0,0.0,1.00,1.00,1.00,2.36,3.11,3.19
61000,45,191,8.5,0.0,0.0,0.0,8.4,0.0,1.01,17.7,27,407,22.66,0.40,189,0,2,0.0,1.01,1.01,1.01,2.65,2.31,4.87
61000,20,53,8.2,0.0,0.0,0.3,7.9,0.0,1.00,19.5,9,672,36.88,0.84,53,0,0,0.0,1.00,1.00,1.00,2.28,3.21,3.06
61000,47,16,17.4,0.1,0.9,0.1,16.2,0.0,1.02,13.2,7,116,10.41,0.64,0,15,1,0.1,1.00,1.03,1.03,3.69,3.19,6.19
62000,45,241,8.0,0.0,0.1,0.0,7.9,0.0,1.01,18.1,32,418,22.96,0.35,239,0,2,0.0,1.01,1.01,1.01,2.59,2.22,4.75
62000,53,222,9.1,0.0,0.0,0.1,9.0,0.0,1.02,19.6,25,593,34.62,0.87,222,0,0,0.0,1.02,1.02,1.02,2.41,3.08,3.15
62000,20,39,8.2,0.0,0.0,0.0,8.2,0.0,1.00,19.7,4,711,39.27,0.85,39,0,0,0.0,1.00,1.00,1.00,2.31,3.13,3.03
62000,47,9,12.0,0.0,0.0,0.0,12.0,0.0,1.00,17.3,2,223,16.70,0.44,0,7,2,0.0,1.00,1.00,1.00,3.78,3.00,4.33
63000,45,223,8.3,0.0,0.1,0.1,8.0,0.0,1.00,18.1,34,494,27.38,0.46,223,0,0,0.0,1.00,1.00,1.00,2.81,2.29,4.70
63000,53,208,9.1,0.1,0.0,0.1,8.9,0.0,1.03,19.6,19,605,35.18,0.87,208,0,0,0.0,1.03,1.03,1.03,2.47,3.06,3.13
63000,20,21,8.6,0.0,0.0,0.0,8.6,0.0,1.00,19.1,5,804,46.21,1.26,21,0,0,0.0,1.00,1.00,1.00,2.43,3.43,3.00
63000,47,13,10.8,0.0,0.0,0.2,10.6,0.0,1.00,17.7,3,166,11.39,0.38,0,11,2,0.0,1.00,1.00,1.00,3.77,3.00,4.15
64000,53,213,9.1,0.0,0.0,0.2,8.9,0.0,1.01,19.5,28,669,38.41,0.83,213,0,0,0.0,1.01,1.01,1.01,2.25,3.11,3.15
64000,45,210,8.9,0.0,0.1,0.1,8.6,0.0,1.00,17.7,34,382,21.37,0.37,210,0,0,0.0,1.00,1.00,1.00,2.73,2.44,4.74
64000,20,17,7.4,0.0,0.0,0.0,7.4,0.0,1.00,20.4,4,527,28.81,0.82,17,0,0,0.0,1.00,1.00,1.00,2.06,2.94,2.88
64000,47,16,11.5,0.0,0.0,0.0,11.5,0.0,1.00,17.6,3,293,20.91,0.58,0,13,3,0.0,1.00,1.00,1.00,2.88,3.06,4.12
64000,54,6,7.3,0.0,0.0,0.0,7.3,0.0,1.00,19.7,2,304,16.45,0.39,6,0,0,0.0,1.00,1.00,1.00,2.67,2.00,4.17
65000,53,216,9.6,0.0,0.0,0.1,9.5,0.0,1.00,19.2,28,680,39.27,0.91,215,0,1,0.0,1.00,1.00,1.00,2.34,3.17,3.20
65000,45,176,8.0,0.0,0.1,0.0,8.0,0.0,1.00,18.5,21,440,24.23,0.48,176,0,0,0.0,1.00,1.00,1.00,2.57,2.26,4.51
65000,55,52,7.1,0.0,0.0,0.1,7.0,0.0,1.00,19.8,4,310,17.18,0.30,52,0,0,0.0,1.00,1.00,1.00,2.38,2.08,4.04
65000,47,19,12.4,0.4,0.1,0.1,11.8,0.0,1.14,15.3,10,139,11.47,0.44,0,18,1,0.0,1.00,1.21,1.18,3.21,3.37,5.11
66000,53,193,9.2,0.0,0.0,0.0,9.2,0.0,1.00,19.6,19,657,37.24,0.84,193,0,0,0.0,1.00,1.00,1.00,2.48,3.11,3.07
66000,45,171,7.9,0.0,0.0,0.0,7.9,0.0,1.00,18.8,20,446,24.55,0.46,171,0,0,0.0,1.00,1.00,1.00,2.53,2.24,4.41
66000,55,61,6.8,0.0,0.0,0.0,6.8,0.0,1.06,20.2,4,356,19.56,0.36,59,0,2,0.0,1.06,1.06,1.06,2.16,1.98,3.92
66000,47,20,12.3,0.3,0.0,0.0,11.9,0.0,1.21,16.8,4,204,15.18,0.53,0,16,4,0.0,1.17,1.27,1.21,3.10,3.65,3.95
67000,53,167,9.1,0.0,0.0,0.0,9.1,0.0,1.00,19.6,19,693,39.20,0.82,167,0,0,0.0,1.00,1.00,1.00,2.28,3.13,3.11
67000,45,156,8.2,0.0,0.0,0.0,8.1,0.0,1.00,18.8,23,382,21.01,0.40,156,0,0,0.0,1.00,1.00,1.00,2.61,2.28,4.38
67000,55,60,8.6,0.1,1.0,0.6,6.8,0.0,1.01,19.4,9,411,22.80,0.42,59,0,1,0.0,1.00,1.02,1.01,2.53,2.27,4.07
67000,47,10,13.3,0.0,1.6,0.2,11.5,0.0,1.00,16.0,4,209,15.18,0.26,0,8,2,0.0,1.00,1.00,1.00,3.30,3.40,4.60
68000,45,170,8.0,0.0,0.1,0.0,8.0,0.0,1.00,18.8,19,470,25.75,0.39,169,0,1,0.0,1.00,1.00,1.00,2.54,2.26,4.37
68000,53,161,9.4,0.0,0.0,0.0,9.3,0.0,1.01,19.5,19,605,33.50,0.71,161,0,0,0.0,1.01,1.00,1.01,2.24,3.16,3.13
68000,55,54,7.2,0.0,0.0,0.0,7.2,0.0,1.00,20.0,6,401,21.84,0.36,53,0,1,0.0,1.00,1.00,1.00,2.33,2.06,3.96
68000,47,17,11.7,0.8,0.2,0.0,10.7,0.0,1.34,17.1,4,205,14.71,0.57,0,14,3,0.2,1.32,1.32,1.37,2.76,3.29,4.24
69000,45,204,7.9,0.0,0.1,0.1,7.6,0.0,1.01,18.6,26,442,24.18,0.42,204,0,0,0.0,1.01,1.01,1.01,2.59,2.22,4.52
69000,53,180,8.9,0.0,0.0,0.1,8.8,0.0,1.00,19.7,18,671,37.55,0.75,180,0,0,0.0,1.00,1.00,1.00,2.29,3.06,3.11
69000,55,57,8.6,0.3,0.5,0.1,7.7,0.0,1.08,18.9,10,393,21.33,0.34,55,0,2,0.1,1.00,1.13,1.09,2.63,2.37,4.23
69000,47,17,11.3,0.1,0.0,0.0,11.2,0.0,1.01,15.9,3,107,7.22,0.20,0,15,2,0.0,1.00,1.03,1.01,3.29,3.18,4.88
70000,45,181,7.4,0.0,0.1,0.0,7.3,0.0,1.00,19.1,20,468,25.25,0.45,181,0,0,0.0,1.00,1.00,1.00,2.51,2.17,4.31
70000,53,169,8.9,0.0,0.0,0.0,8.9,0.0,1.00,19.7,17,785,44.78,0.94,169,0,0,0.0,1.00,1.00,1.00,2.50,3.08,3.12
70000,55,49,6.9,0.3,0.0,0.0,6.6,0.0,1.12,19.8,8,362,19.50,0.30,46,0,3,0.0,1.04,1.17,1.14,2.67,2.14,4.16
70000,56,19,7.9,0.0,0.0,0.0,7.9,0.0,1.00,19.9,3,694,36.26,0.48,19,0,0,0.0,1.00,1.00,1.00,2.53,3.00,3.05
70000,47,15,10.9,0.0,0.0,0.0,10.9,0.0,1.00,16.3,5,125,9.20,0.30,0,11,4,0.0,1.00,1.00,1.00,3.20,3.00,4.87
71000,53,193,8.9,0.0,0.0,0.1,8.7,0.0,1.00,19.7,22,617,35.52,0.83,193,0,0,0.0,1.00,1.00,1.00,2.34,3.12,3.08
71000,45,170,7.6,0.0,0.1,0.0,7.5,0.0,1.00,19.1,22,468,25.14,0.39,170,0,0,0.0,1.00,1.00,1.00,2.55,2.21,4.28
71000,55,39,7.8,0.1,0.2,0.0,7.5,0.0,1.02,19.4,6,296,15.73,0.29,38,0,1,0.0,1.00,1.04,1.02,2.49,2.23,4.10
71000,56,23,8.3,0.0,0.0,0.4,8.0,0.0,1.00,19.7,4,702,37.49,0.79,23,0,0,0.0,1.00,1.00,1.00,2.70,3.13,3.04
71000,47,17,10.9,0.0,0.0,0.0,10.9,0.0,1.00,16.1,4,102,7.86,0.38,0,16,1,0.0,1.00,1.00,1.00,3.06,3.06,4.88
72000,53,236,9.1,0.1,0.1,0.1,8.8,0.0,1.02,19.6,30,650,37.57,0.85,236,0,0,0.0,1.03,1.01,1.03,2.31,3.09,3.11
72000,45,235,7.9,0.0,0.2,0.2,7.5,0.0,1.01,18.8,34,465,25.00,0.37,234,0,1,0.0,1.01,1.01,1.01,2.63,2.27,4.35
72000,55,24,7.2,0.0,0.0,0.0,7.2,0.0,1.00,19.8,3,462,24.57,0.41,24,0,0,0.0,1.00,1.00,1.00,2.50,2.00,4.12
72000,47,14,14.3,0.4,0.0,0.0,13.9,0.0,1.07,14.3,4,157,11.22,0.58,0,11,3,0.0,1.00,1.12,1.09,3.29,3.43,5.43
72000,56,11,7.6,0.0,0.0,0.5,7.2,0.0,1.00,20.0,4,658,34.39,0.57,11,0,0,0.0,1.00,1.00,1.00,2.09,2.91,3.09
73000,53,226,8.8,0.0,0.0,0.1,8.6,0.0,1.00,19.8,21,636,36.56,0.84,226,0,0,0.0,1.00,1.00,1.00,2.37,3.03,3.06
73000,45,195,7.8,0.0,0.0,0.0,7.8,0.0,1.00,19.0,21,458,24.53,0.42,195,0,0,0.0,1.00,1.00,1.00,2.54,2.21,4.30
73000,55,18,7.0,0.0,0.0,0.0,7.0,0.0,1.00,20.0,1,493,27.09,0.60,18,0,0,0.0,1.00,1.00,1.00,2.56,2.00,4.00
73000,56,15,7.1,0.0,0.0,0.0,7.1,0.0,1.00,20.5,3,622,31.44,0.54,15,0,0,0.0,1.00,1.00,1.00,1.93,2.73,3.00
73000,47,15,11.5,0.0,0.0,0.0,11.5,0.0,1.00,15.6,3,230,16.77,0.41,0,14,1,0.0,1.00,1.00,1.00,3.40,3.00,5.20
74000,53,176,9.6,0.0,0.0,0.0,9.6,0.0,1.00,19.4,19,687,38.95,0.86,175,0,1,0.0,1.00,1.00,1.00,2.15,3.15,3.19
74000,45,172,8.4,0.0,0.2,0.0,8.2,0.0,1.01,18.5,21,492,26.67,0.47,172,0,0,0.0,1.01,1.01,1.01,2.72,2.37,4.41
74000,55,26,7.2,0.0,0.0,0.0,7.2,0.0,1.00,19.9,4,412,22.50,0.32,26,0,0,0.0,1.00,1.00,1.00,2.27,2.12,3.92
74000,47,23,17.7,2.1,0.1,0.0,15.5,0.0,1.53,11.8,8,91,8.01,0.47,0,13,10,0.0,1.16,1.80,1.59,4.26,4.17,5.91
74000,56,15,11.7,0.0,0.0,0.0,11.7,0.0,1.00,17.9,5,636,34.63,0.51,15,0,0,0.0,1.00,1.00,1.00,3.20,3.33,3.73
75000,45,189,7.9,0.0,0.1,0.0,7.8,0.0,1.00,18.6,21,427,23.21,0.46,189,0,0,0.0,1.00,1.00,1.00,2.61,2.35,4.41
75000,53,172,9.0,0.0,0.0,0.1,8.9,0.0,1.00,19.7,16,730,40.85,0.85,172,0,0,0.0,1.00,1.00,1.00,2.34,3.06,3.08
75000,55,40,7.2,0.0,0.1,0.0,7.2,0.0,1.00,19.9,4,299,17.06,0.30,40,0,0,0.0,1.00,1.00,1.00,2.65,2.12,3.95
75000,47,20,12.6,0.2,0.7,0.0,11.6,0.0,1.06,14.7,8,136,10.05,0.30,0,18,2,0.0,1.00,1.10,1.08,3.20,3.35,5.30
75000,56,12,8.0,0.0,0.0,0.0,8.0,0.0,1.00,19.8,3,925,49.87,0.98,12,0,0,0.0,1.00,1.00,1.00,1.83,3.00,3.08
76000,45,216,7.8,0.1,0.2,0.1,7.4,0.0,1.02,19.0,24,480,25.75,0.45,216,0,0,0.0,1.01,1.02,1.02,2.54,2.26,4.31
76000,53,174,8.9,0.0,0.0,0.1,8.8,0.0,1.01,19.7,22,632,35.63,0.81,174,0,0,0.0,1.01,1.01,1.02,2.28,3.05,3.10
76000,55,48,7.9,0.0,0.0,0.2,7.6,0.0,1.00,19.5,6,308,17.32,0.33,47,0,1,0.0,1.00,1.00,1.00,2.56,2.19,4.10
76000,47,16,15.1,1.1,0.0,0.0,13.9,0.0,1.29,14.5,13,129,9.85,0.65,0,13,3,0.0,1.00,1.43,1.40,3.69,3.25,5.50
76000,56,6,7.7,0.0,0.0,0.0,7.7,0.0,1.00,20.0,2,687,34.70,1.17,6,0,0,0.0,1.00,1.00,1.00,1.83,3.00,3.00
77000,45,182,7.5,0.0,0.1,0.0,7.3,0.0,1.00,19.2,19,525,28.02,0.56,181,0,1,0.0,1.00,1.00,1.00,2.59,2.16,4.26
77000,53,148,9.2,0.0,0.0,0.1,9.1,0.0,1.01,19.5,18,753,42.86,1.03,148,0,0,0.0,1.01,1.01,1.01,2.34,3.14,3.09
77000,55,67,6.8,0.1,0.0,0.0,6.8,0.0,1.03,20.1,7,308,17.22,0.26,64,0,3,0.0,1.00,1.03,1.04,2.33,2.07,3.93
77000,47,17,30.5,3.8,0.0,0.0,26.7,0.0,2.05,7.2,10,144,17.81,0.63,0,7,10,0.0,1.62,2.24,2.28,5.88,4.41,8.00
77000,56,15,8.2,0.0,0.0,0.0,8.2,0.0,1.00,19.3,3,551,28.91,0.61,15,0,0,0.0,1.00,1.00,1.00,2.20,3.00,3.33
78000,45,146,7.7,0.0,0.1,0.0,7.6,0.0,1.00,19.0,18,446,23.77,0.37,146,0,0,0.0,1.00,1.00,1.00,2.71,2.22,4.33
78000,53,143,9.5,0.0,0.0,0.1,9.3,0.0,1.01,19.4,15,694,39.20,0.81,143,0,0,0.0,1.01,1.01,1.01,2.29,3.17,3.10
78000,55,67,7.3,0.0,0.1,0.0,7.2,0.0,1.00,19.4,10,264,14.63,0.24,66,0,1,0.0,1.00,1.00,1.00,2.51,2.19,4.16
78000,56,19,8.0,0.0,0.0,0.0,8.0,0.0,1.00,19.5,5,476,25.38,0.56,19,0,0,0.0,1.00,1.00,1.00,2.32,3.16,3.11
78000,47,10,24.1,0.0,0.0,0.0,24.1,0.0,1.00,8.2,5,163,20.47,0.69,0,6,4,0.0,1.00,1.00,1.00,4.60,3.90,8.00
79000,45,151,7.4,0.0,0.0,0.0,7.3,0.0,1.00,19.2,14,458,24.87,0.40,150,0,1,0.0,1.00,1.00,1.00,2.40,2.27,4.15
79000,53,124,8.8,0.0,0.0,0.0,8.8,0.0,1.00,19.7,11,721,40.38,0.88,124,0,0,0.0,1.00,1.00,1.00,2.14,3.09,3.05
79000,55,58,7.2,0.0,0.0,0.0,7.2,0.0,1.00,19.0,12,331,18.23,0.34,58,0,0,0.0,1.00,1.00,1.00,2.40,2.16,4.43
79000,56,21,8.4,0.0,0.0,0.0,8.4,0.0,1.00,19.2,6,616,35.44,1.02,21,0,0,0.0,1.00,1.00,1.00,2.57,3.10,3.29
79000,47,9,12.8,0.0,0.0,0.0,12.8,0.0,1.00,14.0,4,103,7.41,0.04,0,7,2,0.0,1.00,1.00,1.00,3.22,3.00,6.00
80000,45,163,7.7,0.1,0.2,0.0,7.3,0.0,1.02,19.2,22,423,23.02,0.42,163,0,0,0.0,1.02,1.02,1.02,2.73,2.25,4.21
80000,53,121,8.8,0.0,0.0,0.1,8.7,0.0,1.02,19.6,15,652,35.98,0.79,120,0,1,0.0,1.02,1.02,1.02,2.17,3.10,3.10
80000,55,52,6.4,0.0,0.1,0.0,6.4,0.0,1.00,19.6,11,411,22.23,0.39,52,0,0,0.0,1.00,1.00,1.00,2.27,2.00,4.25
80000,56,15,8.3,0.0,0.0,0.0,8.3,0.0,1.00,19.5,5,695,38.57,1.05,15,0,0,0.0,1.00,1.00,1.00,1.93,2.93,3.33
81000,45,165,7.7,0.0,0.4,0.0,7.3,0.0,1.00,19.4,20,484,26.03,0.52,164,0,1,0.0,1.00,1.00,1.00,2.55,2.16,4.18
81000,53,104,8.8,0.0,0.0,0.0,8.7,0.0,1.00,19.8,12,823,44.54,0.85,104,0,0,0.0,1.00,1.00,1.00,2.24,3.05,3.04
81000,55,53,6.4,0.0,0.1,0.0,6.4,0.0,1.00,19.9,8,446,24.41,0.53,53,0,0,0.0,1.00,1.00,1.00,2.57,2.00,4.08
81000,58,29,8.0,0.0,0.0,0.0,8.0,0.0,1.00,20.0,1,641,33.36,0.44,29,0,0,0.0,1.00,1.00,1.00,2.24,3.00,3.00
81000,56,5,7.8,0.0,0.0,0.0,7.8,0.0,1.00,19.6,3,359,17.99,0.66,5,0,0,0.0,1.00,1.00,1.00,2.20,2.60,3.60
82000,45,193,7.2,0.0,0.3,0.1,6.9,0.0,1.00,19.4,20,452,23.95,0.35,191,0,2,0.0,1.00,1.00,1.00,2.63,2.19,4.18
82000,53,87,9.4,0.0,0.0,0.2,9.2,0.0,1.01,19.3,13,771,42.25,0.65,87,0,0,0.0,1.01,1.01,1.01,2.28,3.23,3.14
82000,55,54,6.7,0.0,0.1,0.0,6.6,0.0,1.00,19.0,9,379,20.78,0.41,53,0,1,0.0,1.00,1.00,1.00,2.44,2.15,4.44
82000,58,22,8.9,0.0,0.0,0.0,8.9,0.0,1.00,19.3,3,1027,54.42,0.64,22,0,0,0.0,1.00,1.00,1.00,2.18,3.23,3.14
83000,45,172,7.0,0.0,0.0,0.0,6.9,0.0,1.00,19.7,15,426,22.29,0.35,172,0,0,0.0,1.00,1.00,1.00,2.47,2.10,4.10
83000,53,92,9.1,0.1,0.0,0.0,9.0,0.0,1.02,19.4,19,635,34.29,0.51,92,0,0,0.0,1.02,1.01,1.02,2.37,3.15,3.15
83000,55,69,7.6,0.2,0.3,0.1,7.0,0.0,1.03,19.1,10,367,20.25,0.49,68,0,1,0.0,1.00,1.07,1.03,2.38,2.33,4.17
83000,58,39,8.6,0.0,0.0,0.0,8.6,0.0,1.00,19.4,7,709,37.40,0.58,39,0,0,0.0,1.00,1.00,1.00,2.69,3.26,3.15
84000,45,190,7.4,0.0,0.1,0.0,7.2,0.0,1.00,19.4,19,407,21.73,0.35,189,0,1,0.0,1.00,1.00,1.00,2.52,2.16,4.16
84000,53,102,8.6,0.0,0.0,0.0,8.6,0.0,1.00,19.8,11,608,33.22,0.66,102,0,0,0.0,1.00,1.00,1.00,2.25,3.12,3.00
84000,55,62,7.3,0.0,0.1,0.0,7.2,0.0,1.00,19.3,10,369,20.56,0.38,58,0,4,0.0,1.00,1.00,1.00,2.66,2.18,4.19
84000,58,41,8.2,0.0,0.0,0.0,8.2,0.0,1.00,19.8,5,875,45.91,0.75,41,0,0,0.0,1.00,1.00,1.00,2.29,3.02,3.10
85000,45,174,7.1,0.0,0.0,0.1,6.9,0.0,1.00,19.7,16,461,24.23,0.39,174,0,0,0.0,1.00,1.00,1.00,2.51,2.11,4.10
85000,53,146,8.3,0.0,0.0,0.0,8.3,0.0,1.00,19.8,14,635,35.34,0.75,146,0,0,0.0,1.00,1.00,1.00,2.24,3.04,3.05
85000,55,49,7.5,0.3,0.0,0.0,7.2,0.0,1.05,19.6,8,340,18.96,0.32,49,0,0,0.0,1.00,1.11,1.05,2.57,2.16,4.04
85000,58,37,8.1,0.0,0.0,0.0,8.1,0.0,1.00,19.9,4,757,40.84,0.66,37,0,0,0.0,1.00,1.00,1.00,2.03,3.00,3.05
86000,53,152,8.4,0.1,0.0,0.0,8.2,0.0,1.05,19.7,19,601,33.28,0.71,152,0,0,0.0,1.05,1.04,1.05,2.43,3.09,3.07
86000,45,130,7.6,0.0,0.1,0.0,7.5,0.0,1.00,19.2,12,441,23.53,0.37,129,0,1,0.0,1.00,1.00,1.00,2.57,2.21,4.20
86000,55,52,9.4,0.3,1.2,0.9,6.9,0.0,1.06,18.7,7,315,17.47,0.33,51,0,1,0.1,1.00,1.11,1.06,2.46,2.42,4.25
86000,58,29,8.6,0.0,0.0,0.0,8.6,0.0,1.00,19.4,5,987,53.07,0.69,29,0,0,0.0,1.00,1.00,1.00,2.34,3.14,3.14
87000,45,146,7.4,0.0,0.0,0.0,7.3,0.0,1.02,19.3,16,432,23.37,0.38,146,0,0,0.0,1.02,1.02,1.02,2.42,2.19,4.21
87000,53,139,8.7,0.0,0.0,0.0,8.7,0.0,1.00,19.6,15,756,41.40,0.89,139,0,0,0.0,1.00,1.00,1.00,2.44,3.12,3.06
87000,55,32,8.8,1.2,1.3,0.0,6.3,0.0,1.32,18.8,6,410,22.55,0.37,31,0,1,0.2,1.38,1.43,1.24,2.47,2.53,4.22
87000,58,21,8.1,0.0,0.0,0.0,8.1,0.0,1.00,19.8,5,982,51.37,0.80,21,0,0,0.0,1.00,1.00,1.00,2.33,3.00,3.10
88000,45,151,7.1,0.0,0.2,0.0,6.9,0.0,1.00,19.5,22,422,22.29,0.35,148,0,3,0.0,1.00,1.00,1.00,2.53,2.11,4.15
88000,53,99,9.0,0.0,0.0,0.1,8.9,0.0,1.00,19.5,16,781,41.91,0.61,99,0,0,0.0,1.00,1.00,1.00,2.26,3.19,3.12
88000,55,53,8.1,0.1,0.0,0.1,7.9,0.0,1.01,19.1,9,314,17.64,0.30,51,0,2,0.0,1.00,1.02,1.01,2.43,2.28,4.17
88000,58,17,8.4,0.0,0.0,0.0,8.4,0.0,1.00,19.6,4,538,28.59,0.36,17,0,0,0.0,1.00,1.00,1.00,1.76,3.06,3.12
89000,45,134,7.5,0.0,0.0,0.0,7.4,0.0,1.00,19.3,20,430,23.11,0.33,133,0,1,0.0,1.00,1.00,1.00,2.59,2.25,4.12
89000,53,86,8.4,0.0,0.0,0.0,8.4,0.0,1.00,19.7,11,906,47.94,0.65,86,0,0,0.0,1.00,1.00,1.00,2.29,3.12,3.01
89000,55,62,6.5,0.0,0.1,0.0,6.3,0.0,1.00,19.9,10,296,16.43,0.39,62,0,0,0.0,1.00,1.00,1.00,2.42,2.16,4.02
89000,58,18,10.6,0.1,0.0,0.0,10.5,0.0,1.02,17.9,5,651,35.52,0.48,18,0,0,0.0,1.03,1.00,1.02,2.33,3.56,3.56
90000,45,140,8.5,0.4,0.2,0.1,7.8,0.0,1.12,19.0,21,416,22.84,0.31,139,0,1,0.1,1.02,1.16,1.15,2.72,2.36,4.19
90000,53,70,10.0,0.0,0.0,0.0,10.0,0.0,1.00,19.1,10,1065,55.77,0.63,70,0,0,0.0,1.00,1.00,1.00,2.31,3.26,3.19
90000,55,34,6.3,0.0,0.3,0.0,6.0,0.0,1.00,19.2,8,200,11.37,0.17,34,0,0,0.0,1.00,1.00,1.00,2.41,2.44,4.24
90000,58,29,8.3,0.0,0.0,0.0,8.3,0.0,1.00,19.7,5,651,35.04,0.44,29,0,0,0.0,1.00,1.00,1.00,2.07,3.03,3.10
91000,45,119,8.1,0.0,0.1,0.1,7.9,0.0,1.00,18.9,25,503,26.81,0.37,118,0,1,0.0,1.00,1.00,1.00,2.55,2.26,4.30
91000,53,56,9.1,0.0,0.0,0.0,9.1,0.0,1.00,19.4,11,1042,52.92,0.60,56,0,0,0.0,1.00,1.00,1.00,2.00,3.20,3.09
91000,58,37,8.9,0.0,0.0,0.1,8.8,0.0,1.00,19.1,8,586,32.31,0.45,37,0,0,0.0,1.00,1.00,1.00,2.27,3.22,3.22
91000,55,17,6.6,0.2,0.0,0.8,5.6,0.0,1.03,19.9,5,240,13.28,0.15,17,0,0,0.0,1.00,1.07,1.03,2.53,2.29,3.88
92000,45,106,7.3,0.0,0.0,0.0,7.2,0.0,1.00,19.4,15,519,27.02,0.42,106,0,0,0.0,1.00,1.00,1.00,2.58,2.16,4.20
92000,53,36,8.1,0.0,0.0,0.0,8.1,0.0,1.00,19.8,6,1256,63.11,0.67,36,0,0,0.0,1.00,1.00,1.00,2.86,3.06,3.03
92000,58,31,8.5,0.0,0.0,0.0,8.5,0.0,1.00,19.6,4,763,40.53,0.42,31,0,0,0.0,1.00,1.00,1.00,2.74,3.06,3.13
92000,55,29,9.4,0.8,1.8,0.0,6.8,0.0,1.17,18.1,6,272,15.65,0.32,29,0,0,0.2,1.00,1.31,1.19,2.93,3.10,4.28
93000,45,88,7.6,0.0,0.2,0.0,7.5,0.0,1.00,19.2,14,496,26.70,0.46,88,0,0,0.0,1.00,1.00,1.00,2.70,2.26,4.14
93000,58,52,8.1,0.0,0.0,0.1,8.0,0.0,1.00,19.7,11,740,39.04,0.34,52,0,0,0.0,1.00,1.00,1.00,2.29,2.96,3.19
93000,55,51,8.3,0.1,0.3,0.1,7.8,0.0,1.02,18.7,10,278,15.65,0.27,51,0,0,0.0,1.00,1.03,1.02,2.78,2.45,4.25
93000,53,35,8.1,0.0,0.0,0.0,8.1,0.0,1.00,19.9,5,1132,57.51,0.58,35,0,0,0.0,1.00,1.00,1.00,1.94,3.03,3.03
94000,45,86,8.0,0.0,0.2,0.2,7.7,0.0,1.00,18.8,13,384,21.12,0.26,86,0,0,0.0,1.00,1.00,1.00,2.73,2.34,4.30
94000,58,56,8.2,0.0,0.0,0.3,7.9,0.0,1.00,19.0,13,557,29.57,0.20,56,0,0,0.0,1.00,1.00,1.00,2.23,3.27,3.25
94000,55,52,6.5,0.0,0.0,0.1,6.3,0.0,1.00,20.0,5,294,15.78,0.29,52,0,0,0.0,1.00,1.00,1.00,2.58,2.08,3.92
94000,53,30,7.9,0.0,0.0,0.0,7.9,0.0,1.00,19.7,5,1116,55.85,0.53,30,0,0,0.0,1.00,1.00,1.00,1.93,3.07,3.07
95000,58,85,8.1,0.0,0.0,0.1,8.0,0.0,1.00,18.8,17,516,28.00,0.34,85,0,0,0.0,1.00,1.00,1.00,2.51,3.58,3.01
95000,45,73,7.3,0.0,0.1,0.0,7.2,0.0,1.00,19.3,9,386,20.61,0.27,72,0,1,0.0,1.00,1.00,1.00,2.56,2.19,4.16
95000,55,26,6.3,0.0,0.0,0.0,6.3,0.0,1.00,20.2,3,455,24.05,0.50,25,0,1,0.0,1.00,1.00,1.00,2.35,2.00,3.92
95000,53,17,7.8,0.0,0.0,0.0,7.8,0.0,1.00,20.1,2,997,50.26,0.27,17,0,0,0.0,1.00,1.00,1.00,2.47,3.00,2.94
96000,58,94,8.4,0.0,0.0,0.1,8.3,0.0,1.00,18.1,17,566,30.70,0.40,94,0,0,0.0,1.00,1.00,1.00,2.30,3.89,3.03
96000,45,83,7.8,0.3,0.1,0.0,7.4,0.0,1.07,19.3,10,352,18.92,0.21,83,0,0,0.0,1.00,1.11,1.09,2.47,2.23,4.17
96000,55,40,6.8,0.0,0.0,0.0,6.8,0.0,1.00,20.0,4,320,17.98,0.22,39,0,1,0.0,1.00,1.00,1.00,2.55,2.15,3.85
96000,63,28,8.6,0.0,0.0,0.0,8.6,0.0,1.00,19.4,6,492,26.90,0.41,28,0,0,0.0,1.00,1.00,1.00,2.21,3.32,3.00
96000,53,24,8.1,0.0,0.0,0.0,8.1,0.0,1.00,19.8,3,619,32.40,0.36,24,0,0,0.0,1.00,1.00,1.00,2.12,3.08,3.04
97000,45,78,7.5,0.0,0.0,0.0,7.4,0.0,1.00,19.5,10,415,22.55,0.25,78,0,0,0.0,1.00,1.00,1.00,2.82,2.21,4.10
97000,63,72,8.4,0.0,0.0,0.0,8.4,0.0,1.00,19.7,10,727,39.38,0.67,72,0,0,0.0,1.00,1.00,1.00,2.38,3.15,3.01
97000,55,62,6.4,0.0,0.0,0.0,6.4,0.0,1.00,20.2,9,362,19.62,0.35,62,0,0,0.0,1.00,1.00,1.00,2.32,1.94,3.95
97000,58,40,8.5,0.0,0.0,0.0,8.5,0.0,1.00,18.0,9,890,48.80,0.70,40,0,0,0.0,1.00,1.00,1.00,2.40,4.03,2.95
98000,45,118,8.3,0.0,0.2,0.1,7.9,0.0,1.01,18.8,18,362,20.14,0.35,116,0,2,0.0,1.01,1.01,1.01,2.65,2.28,4.31
98000,63,80,8.1,0.1,0.2,0.1,7.8,0.1,1.01,20.0,15,771,41.40,0.54,80,0,0,0.1,1.02,1.00,1.01,2.25,3.05,2.95
98000,55,57,6.9,0.0,0.0,0.0,6.9,0.0,1.01,19.4,9,367,19.87,0.32,57,0,0,0.0,1.00,1.01,1.01,2.61,2.12,4.19
98000,58,30,8.4,0.0,0.0,0.0,8.3,0.0,1.00,18.1,8,620,33.71,0.42,30,0,0,0.0,1.00,1.00,1.00,2.23,3.97,3.00
99000,45,105,7.7,0.0,0.2,0.0,7.5,0.0,1.00,19.3,13,420,22.39,0.30,105,0,0,0.0,1.00,1.00,1.00,2.47,2.17,4.24
99000,63,60,8.4,0.0,0.0,0.0,8.4,0.0,1.00,19.6,7,683,36.39,0.54,60,0,0,0.0,1.00,1.00,1.00,2.18,3.07,3.12
99000,55,52,7.0,0.0,0.0,0.0,7.0,0.0,1.00,19.0,10,399,20.92,0.27,52,0,0,0.0,1.00,1.00,1.00,2.33,2.08,4.42
99000,58,39,8.3,0.0,0.0,0.0,8.3,0.0,1.00,18.1,9,741,39.78,0.34,39,0,0,0.0,1.00,1.00,1.00,2.21,4.03,3.00
100000,45,118,7.4,0.0,0.3,0.1,7.0,0.0,1.00,19.5,15,480,25.48,0.35,117,0,1,0.0,1.00,1.00,1.00,2.56,2.14,4.14
100000,63,69,8.3,0.0,0.0,0.0,8.3,0.0,1.01,19.7,11,813,41.97,0.55,69,0,0,0.0,1.01,1.01,1.01,2.28,3.09,3.10
100000,55,65,6.7,0.0,0.0,0.0,6.7,0.0,1.00,19.6,6,377,19.97,0.34,65,0,0,0.0,1.00,1.00,1.00,2.28,2.00,4.18
100000,58,51,9.2,0.0,0.0,0.1,9.1,0.0,1.00,17.5,11,719,39.61,0.29,51,0,0,0.0,1.00,1.00,1.00,2.37,4.24,3.02
101000,45,97,7.3,0.0,0.1,0.1,7.2,0.0,1.00,19.3,14,485,25.74,0.35,95,0,2,0.0,1.00,1.00,1.00,2.52,2.22,4.16
101000,63,72,8.0,0.0,0.0,0.0,8.0,0.0,1.00,20.0,6,647,34.11,0.55,72,0,0,0.0,1.00,1.00,1.00,2.31,3.04,2.97
101000,55,54,6.6,0.0,0.0,0.0,6.6,0.0,1.00,19.8,7,376,19.97,0.32,52,0,2,0.0,1.00,1.00,1.00,2.57,2.11,4.06
101000,58,52,8.2,0.0,0.0,0.0,8.2,0.0,1.00,18.5,10,703,38.55,0.54,52,0,0,0.0,1.00,1.00,1.00,2.40,3.90,2.87
102000,63,133,7.9,0.0,0.0,0.0,7.9,0.0,1.00,20.0,13,626,33.55,0.57,133,0,0,0.0,1.00,1.00,1.00,2.37,3.03,2.96
102000,45,114,7.6,0.0,0.1,0.1,7.4,0.0,1.00,19.1,20,353,18.87,0.27,111,0,3,0.0,1.00,1.00,1.00,2.50,2.32,4.25
102000,55,58,6.9,0.1,0.0,0.0,6.8,0.0,1.02,19.6,10,403,21.38,0.31,58,0,0,0.0,1.01,1.02,1.03,2.38,2.26,4.21
102000,58,46,8.7,0.0,0.0,0.0,8.7,0.0,1.00,18.2,11,724,40.16,0.68,46,0,0,0.0,1.00,1.00,1.00,2.57,4.00,2.89
103000,63,168,8.5,0.0,0.0,0.1,8.4,0.0,1.00,19.6,30,548,30.32,0.57,168,0,0,0.0,1.00,1.00,1.00,2.29,3.12,3.08
103000,45,65,9.2,0.1,0.5,0.0,8.6,0.0,1.01,18.2,16,443,23.28,0.38,65,0,0,0.0,1.00,1.03,1.02,2.89,2.49,4.45
103000,58,51,9.4,0.0,0.0,0.0,9.4,0.0,1.00,17.8,10,681,37.50,0.60,51,0,0,0.0,1.00,1.00,1.00,2.63,4.08,3.02
103000,55,28,6.4,0.0,0.2,0.0,6.2,0.0,1.00,19.5,7,448,23.29,0.28,27,0,1,0.0,1.00,1.00,1.00,2.46,2.61,4.00
104000,63,171,8.6,0.0,0.0,0.0,8.6,0.0,1.00,19.5,23,589,33.50,0.61,171,0,0,0.0,1.00,1.00,1.00,2.34,3.15,3.12
104000,45,90,7.5,0.0,0.0,0.0,7.5,0.0,1.00,19.1,13,467,24.99,0.38,90,0,0,0.0,1.00,1.00,1.00,2.38,2.09,4.38
104000,58,48,9.2,0.0,0.0,0.0,9.2,0.0,1.00,17.8,9,584,32.82,0.57,48,0,0,0.0,1.00,1.00,1.00,2.46,4.15,2.96
104000,55,15,6.4,0.0,0.0,0.0,6.4,0.0,1.00,20.3,3,626,34.22,0.73,15,0,0,0.0,1.00,1.00,1.00,2.53,2.00,3.87
105000,63,212,8.7,0.0,0.0,0.0,8.7,0.0,1.00,19.4,27,482,27.70,0.58,212,0,0,0.0,1.00,1.00,1.00,2.38,3.18,3.14
105000,45,122,9.3,0.1,0.3,0.1,8.8,0.0,1.06,18.1,24,345,19.07,0.27,120,0,2,0.0,1.07,1.07,1.05,2.71,2.44,4.52
105000,58,45,9.5,0.0,0.0,0.0,9.5,0.0,1.00,18.0,10,594,35.22,0.62,45,0,0,0.0,1.00,1.00,1.00,2.51,4.11,2.89
106000,63,245,8.8,0.0,0.0,0.1,8.7,0.0,1.00,19.5,29,511,29.78,0.61,245,0,0,0.0,1.00,1.00,1.00,2.32,3.13,3.13
106000,45,118,8.3,0.1,0.2,0.1,7.9,0.0,1.04,18.6,19,431,23.84,0.31,118,0,0,0.0,1.04,1.04,1.04,2.58,2.33,4.40
106000,58,32,10.5,0.0,0.0,0.0,10.5,0.0,1.00,17.6,7,815,49.21,0.81,32,0,0,0.0,1.00,1.00,1.00,2.16,4.12,3.09
106000,55,11,7.5,0.0,2.4,0.0,5.2,0.0,1.00,18.9,4,477,24.12,0.49,11,0,0,0.0,1.00,1.00,1.00,2.45,2.82,3.82
107000,63,248,9.0,0.1,0.0,0.0,8.9,0.0,1.02,19.4,34,526,30.56,0.67,248,0,0,0.0,1.02,1.02,1.03,2.47,3.15,3.17
107000,45,87,7.8,0.0,0.0,0.0,7.8,0.0,1.00,18.9,13,578,31.45,0.45,86,0,1,0.0,1.00,1.00,1.00,2.66,2.20,4.38
107000,55,23,6.3,0.0,0.1,0.0,6.1,0.0,1.02,19.9,4,498,25.11,0.54,23,0,0,0.0,1.00,1.02,1.02,2.74,2.39,3.91
107000,58,19,9.3,0.0,0.0,0.0,9.3,0.0,1.00,17.9,3,602,35.71,0.74,19,0,0,0.0,1.00,1.00,1.00,2.63,4.05,3.00
108000,63,269,8.8,0.0,0.0,0.0,8.7,0.0,1.01,19.6,23,550,32.01,0.73,269,0,0,0.0,1.01,1.01,1.02,2.42,3.11,3.11
108000,45,63,8.9,0.0,0.3,0.0,8.6,0.0,1.00,18.4,11,271,15.03,0.20,63,0,0,0.0,1.00,1.00,1.00,2.71,2.37,4.48
108000,55,14,4.9,0.0,0.0,0.0,4.9,0.0,1.00,22.0,4,346,18.09,0.26,14,0,0,0.0,1.00,1.00,1.00,2.57,1.86,3.14
108000,58,13,8.5,0.0,0.0,0.0,8.5,0.0,1.00,18.3,5,603,35.42,0.58,13,0,0,0.0,1.00,1.00,1.00,2.31,4.00,2.85
109000,63,279,9.2,0.0,0.0,0.1,9.1,0.0,1.01,19.4,35,565,33.15,0.86,279,0,0,0.0,1.01,1.00,1.01,2.55,3.16,3.15
109000,45,47,7.3,0.0,0.0,0.0,7.3,0.0,1.00,19.7,5,367,19.79,0.31,47,0,0,0.0,1.00,1.00,1.00,2.49,2.04,4.13
109000,55,19,6.8,0.0,0.2,0.1,6.6,0.0,1.00,19.8,6,568,29.58,0.55,19,0,0,0.0,1.00,1.00,1.00,2.11,2.42,3.74
110000,63,273,9.8,0.1,0.0,0.1,9.6,0.0,1.03,19.1,40,525,31.28,0.78,273,0,0,0.0,1.05,1.01,1.04,2.41,3.23,3.23
110000,45,34,7.0,0.0,0.2,0.0,6.8,0.0,1.00,19.8,5,469,24.84,0.32,33,0,1,0.0,1.00,1.00,1.00,2.41,2.06,4.21
110000,73,33,6.6,0.0,0.0,0.0,6.6,0.0,1.00,19.6,7,297,15.55,0.14,30,0,3,0.0,1.00,1.00,1.00,2.39,2.15,4.06
110000,55,25,5.8,0.0,0.0,0.0,5.8,0.0,1.00,20.7,5,546,27.56,0.43,22,0,3,0.0,1.00,1.00,1.00,2.64,2.16,3.68
111000,63,259,9.1,0.0,0.0,0.0,9.1,0.0,1.01,19.5,32,530,31.01,0.72,257,0,2,0.0,1.01,1.01,1.01,2.27,3.08,3.16
111000,73,48,8.2,0.0,0.2,0.0,8.0,0.0,1.01,18.0,14,299,16.58,0.12,48,0,0,0.0,1.00,1.01,1.02,2.77,2.19,4.81
111000,55,28,5.9,0.0,0.1,0.0,5.7,0.0,1.00,20.8,6,348,18.33,0.32,28,0,0,0.0,1.00,1.00,1.00,2.18,2.07,3.57
111000,45,23,11.3,0.7,1.3,0.1,9.2,0.0,1.12,17.9,5,287,15.93,0.30,23,0,0,0.2,1.00,1.23,1.12,3.00,2.70,4.35
112000,63,256,9.1,0.0,0.0,0.1,9.0,0.0,1.01,19.5,30,559,32.55,0.73,255,0,1,0.0,1.01,1.00,1.01,2.27,3.12,3.14
112000,73,65,6.5,0.0,0.1,0.0,6.4,0.0,1.00,19.6,8,389,20.48,0.28,65,0,0,0.0,1.00,1.00,1.00,2.63,2.02,4.37
112000,55,35,6.2,0.1,0.9,0.0,5.2,0.0,1.04,20.1,9,424,21.48,0.37,35,0,0,0.0,1.00,1.10,1.03,2.69,2.46,3.71
112000,45,35,7.6,0.0,0.0,0.0,7.6,0.0,1.00,19.2,7,376,20.44,0.46,34,0,1,0.0,1.00,1.00,1.00,2.34,2.23,4.17
113000,63,249,9.5,0.0,0.0,0.1,9.4,0.0,1.01,19.4,32,586,34.31,0.86,249,0,0,0.0,1.01,1.01,1.01,2.46,3.13,3.18
113000,73,71,7.3,0.3,0.4,0.2,6.4,0.0,1.05,19.5,12,369,18.81,0.23,69,0,2,0.1,1.00,1.10,1.05,2.58,2.11,4.15
113000,55,44,5.8,0.0,0.7,0.0,5.2,0.0,1.00,20.3,10,481,23.70,0.30,43,0,1,0.0,1.00,1.00,1.00,2.32,2.16,3.89
113000,45,31,7.1,0.0,0.0,0.0,7.1,0.0,1.00,19.9,4,506,27.74,0.36,31,0,0,0.0,1.00,1.00,1.00,2.35,2.06,4.00
114000,63,157,9.3,0.0,0.0,0.1,9.2,0.0,1.00,19.6,18,653,38.50,0.94,156,0,1,0.0,1.01,1.00,1.00,2.32,3.07,3.14
114000,55,39,6.5,0.0,0.4,0.0,6.1,0.0,1.00,19.5,8,409,20.94,0.31,38,0,1,0.0,1.00,1.00,1.00,2.54,2.31,4.08
114000,73,35,7.0,0.5,0.2,0.0,6.3,0.0,1.19,19.3,6,339,17.32,0.22,35,0,0,0.1,1.17,1.26,1.16,2.60,2.14,4.23
114000,45,34,8.8,0.0,0.1,0.0,8.7,0.0,1.00,18.3,8,412,22.66,0.41,34,0,0,0.0,1.00,1.00,1.00,2.59,2.44,4.41
115000,63,195,9.4,0.0,0.0,0.1,9.3,0.0,1.01,19.5,23,625,36.95,0.92,195,0,0,0.0,1.01,1.01,1.01,2.27,3.12,3.14
115000,45,67,8.7,0.0,0.1,0.0,8.6,0.0,1.00,18.8,9,395,22.11,0.35,66,0,1,0.0,1.00,1.00,1.00,2.55,2.48,4.13
115000,55,41,6.4,0.0,0.3,0.0,6.1,0.0,1.00,20.1,5,378,18.58,0.23,41,0,0,0.0,1.00,1.00,1.00,2.44,1.76,4.20
115000,73,14,6.9,0.0,0.0,0.0,6.9,0.0,1.00,19.6,5,407,20.09,0.17,14,0,0,0.0,1.00,1.00,1.00,2.43,2.21,4.00
116000,63,196,9.0,0.0,0.0,0.1,8.9,0.0,1.00,19.8,18,742,43.25,1.09,196,0,0,0.0,1.00,1.00,1.00,2.24,3.03,3.09
116000,45,70,8.2,0.0,0.0,0.0,8.1,0.0,1.01,18.9,7,361,20.73,0.34,69,0,1,0.0,1.00,1.01,1.01,2.56,2.30,4.24
116000,55,42,8.5,0.6,0.0,0.0,7.9,0.0,1.09,19.4,7,495,25.25,0.40,41,0,1,0.0,1.00,1.16,1.10,2.45,2.12,4.19
116000,73,11,5.3,0.0,0.1,0.0,5.2,0.0,1.00,20.5,4,285,14.39,0.14,9,0,2,0.0,1.00,1.00,1.00,2.09,1.64,4.27
117000,63,196,9.0,0.0,0.0,0.0,9.0,0.0,1.00,19.7,18,734,42.42,0.99,196,0,0,0.0,1.00,1.00,1.00,2.35,3.04,3.09
117000,45,79,8.8,0.0,0.2,0.0,8.6,0.0,1.00,18.5,16,373,20.19,0.29,79,0,0,0.0,1.00,1.00,1.00,2.67,2.52,4.34
117000,55,44,6.3,0.0,0.0,0.0,6.3,0.0,1.01,19.7,5,455,23.43,0.35,43,0,1,0.0,1.00,1.01,1.02,2.52,1.98,4.20
118000,63,227,9.3,0.0,0.0,0.0,9.2,0.0,1.00,19.5,28,590,33.89,0.86,226,0,1,0.0,1.01,1.00,1.00,2.50,3.11,3.16
118000,45,110,8.1,0.1,0.4,0.0,7.6,0.0,1.01,18.9,18,348,18.92,0.23,109,0,1,0.1,1.00,1.01,1.01,2.65,2.21,4.33
118000,55,46,6.4,0.0,0.1,0.2,6.1,0.0,1.00,19.5,6,349,18.66,0.32,46,0,0,0.0,1.00,1.00,1.00,2.35,2.28,4.11
118000,76,15,8.3,0.0,0.0,0.0,8.3,0.0,1.00,20.1,3,630,35.17,0.76,15,0,0,0.0,1.00,1.00,1.00,2.13,3.00,2.93
119000,63,222,9.4,0.1,0.0,0.0,9.3,0.0,1.01,19.5,23,628,36.62,0.93,222,0,0,0.0,1.02,1.00,1.01,2.43,3.09,3.18
119000,45,99,7.3,0.0,0.0,0.0,7.2,0.0,1.00,19.6,13,392,20.57,0.31,98,0,1,0.0,1.00,1.00,1.00,2.36,2.08,4.10
119000,55,50,6.3,0.0,0.2,0.0,6.1,0.0,1.00,19.8,5,375,19.42,0.43,50,0,0,0.0,1.00,1.00,1.00,2.54,2.06,4.08
119000,76,13,10.3,0.0,0.0,0.0,10.3,0.0,1.00,18.9,6,532,30.90,0.71,13,0,0,0.0,1.00,1.00,1.00,3.46,3.23,3.31
120000,63,190,9.4,0.1,0.0,0.1,9.2,0.0,1.02,19.5,18,688,39.95,1.08,190,0,0,0.0,1.03,1.01,1.02,2.33,3.08,3.17
120000,45,94,6.9,0.0,0.0,0.0,6.9,0.0,1.00,19.7,13,485,25.40,0.24,93,0,1,0.0,1.00,1.00,1.00,2.27,2.03,4.11
120000,55,41,6.7,0.0,0.8,0.0,6.0,0.0,1.00,19.2,5,409,21.33,0.40,41,0,0,0.0,1.00,1.00,1.00,2.78,2.29,4.22
120000,76,27,9.6,0.1,0.0,0.0,9.4,0.0,1.02,19.6,4,475,27.59,0.52,27,0,0,0.0,1.00,1.06,1.02,2.15,3.19,3.00
121000,63,191,9.5,0.0,0.0,0.0,9.5,0.0,1.00,19.5,22,608,35.22,0.85,191,0,0,0.0,1.00,1.00,1.00,2.37,3.07,3.18
121000,45,137,8.6,0.3,0.0,0.0,8.3,0.0,1.08,18.7,27,481,25.14,0.36,119,12,6,0.0,1.05,1.11,1.09,2.77,2.31,4.34
121000,55,49,6.4,0.0,0.4,0.0,5.9,0.0,1.00,19.7,7,341,17.77,0.40,47,0,2,0.0,1.00,1.00,1.00,2.78,2.14,4.04
121000,76,36,9.1,0.0,0.0,0.0,9.1,0.0,1.00,19.8,4,635,36.87,0.76,36,0,0,0.0,1.00,1.00,1.00,2.22,3.06,3.03
122000,63,184,9.1,0.0,0.0,0.0,9.1,0.0,1.01,19.6,15,626,36.56,0.94,184,0,0,0.0,1.01,1.01,1.01,2.46,3.03,3.15
122000,45,112,8.3,0.1,0.1,0.1,8.1,0.0,1.01,18.9,21,429,23.35,0.38,93,18,1,0.0,1.00,1.03,1.01,2.62,2.40,4.20
122000,55,44,6.1,0.0,0.1,0.0,6.0,0.0,1.00,19.9,4,394,20.91,0.32,44,0,0,0.0,1.00,1.00,1.00,2.39,2.07,4.02
122000,76,41,10.0,0.0,0.0,0.0,10.0,0.0,1.00,19.1,9,641,37.06,0.93,41,0,0,0.0,1.00,1.00,1.00,2.37,3.32,3.15
123000,63,216,9.4,0.0,0.0,0.1,9.3,0.0,1.00,19.5,15,628,36.43,0.87,216,0,0,0.0,1.00,1.00,1.00,2.26,3.09,3.16
123000,45,164,8.4,0.2,0.3,0.0,7.9,0.0,1.03,18.7,25,269,15.11,0.27,145,18,1,0.0,1.00,1.06,1.03,2.66,2.37,4.32
123000,55,55,7.5,0.4,0.9,0.0,6.2,0.0,1.06,19.3,7,315,16.47,0.31,54,0,1,0.1,1.00,1.13,1.06,2.71,2.25,4.15
123000,76,20,8.5,0.0,0.0,0.1,8.4,0.0,1.00,20.3,4,758,43.43,1.01,20,0,0,0.0,1.00,1.00,1.00,2.10,2.95,2.90
124000,63,217,9.5,0.0,0.0,0.0,9.4,0.0,1.01,19.4,21,635,37.27,0.89,217,0,0,0.0,1.02,1.01,1.02,2.35,3.12,3.20
124000,45,150,7.9,0.1,0.2,0.1,7.6,0.0,1.02,19.1,23,419,22.44,0.36,134,15,1,0.0,1.01,1.02,1.02,2.67,2.23,4.22
124000,55,49,6.6,0.1,0.4,0.0,6.1,0.0,1.02,19.6,4,408,21.37,0.43,49,0,0,0.0,1.00,1.03,1.04,2.39,2.12,4.06
124000,76,13,9.1,0.0,0.0,0.0,9.1,0.0,1.00,19.5,3,580,34.92,0.86,13,0,0,0.0,1.00,1.00,1.00,2.38,3.08,3.15
125000,63,218,9.3,0.1,0.0,0.0,9.3,0.0,1.01,19.5,20,705,41.48,0.99,218,0,0,0.0,1.02,1.01,1.02,2.23,3.08,3.15
125000,45,99,7.7,0.2,0.3,0.0,7.3,0.0,1.04,19.0,14,382,20.54,0.32,74,24,1,0.0,1.00,1.08,1.05,2.54,2.25,4.28
125000,55,44,6.3,0.0,0.3,0.0,6.0,0.0,1.00,19.6,8,499,25.83,0.45,44,0,0,0.0,1.00,1.00,1.00,2.59,2.20,4.09
126000,63,218,9.4,0.0,0.0,0.0,9.4,0.0,1.01,19.4,23,626,36.80,0.87,218,0,0,0.0,1.01,1.01,1.01,2.33,3.09,3.19
126000,45,115,8.6,0.2,0.5,0.0,8.0,0.0,1.06,18.5,23,377,20.39,0.34,91,23,1,0.0,1.06,1.06,1.05,2.70,2.38,4.44
126000,55,42,7.0,0.0,0.9,0.0,6.1,0.0,1.00,19.3,6,411,21.74,0.37,41,0,1,0.0,1.00,1.00,1.00,2.55,2.19,4.19
126000,76,8,9.4,0.0,0.0,0.0,9.4,0.0,1.00,19.2,4,582,33.73,0.92,8,0,0,0.0,1.00,1.00,1.00,2.25,3.25,3.12
127000,63,185,9.1,0.1,0.0,0.0,9.0,0.0,1.02,19.7,17,725,41.75,0.89,185,0,0,0.0,1.02,1.02,1.02,2.41,3.05,3.12
127000,45,96,8.3,0.1,0.1,0.0,8.1,0.0,1.04,18.7,18,316,17.63,0.25,84,11,1,0.0,1.03,1.05,1.04,2.71,2.36,4.31
127000,55,66,5.8,0.0,0.0,0.0,5.8,0.0,1.00,20.3,7,446,22.60,0.33,65,0,1,0.0,1.00,1.00,1.00,2.35,2.02,3.83
128000,63,216,8.9,0.0,0.0,0.0,8.8,0.0,1.01,19.8,23,670,38.19,0.78,216,0,0,0.0,1.01,1.01,1.01,2.26,3.01,3.10
128000,45,107,7.8,0.0,0.1,0.2,7.4,0.0,1.00,18.9,21,360,19.77,0.26,102,5,0,0.0,1.00,1.00,1.00,2.59,2.31,4.30
128000,55,46,6.6,0.0,0.5,0.0,6.1,0.0,1.00,19.6,8,544,28.01,0.47,46,0,0,0.0,1.00,1.00,1.00,2.72,2.15,4.09
129000,63,219,9.2,0.1,0.1,0.0,8.9,0.0,1.04,19.5,23,643,36.70,0.86,219,0,0,0.0,1.03,1.03,1.05,2.50,3.06,3.24
129000,45,126,7.8,0.1,0.0,0.1,7.6,0.0,1.02,19.1,21,370,20.36,0.36,110,15,1,0.0,1.00,1.03,1.02,2.69,2.19,4.27
129000,55,41,6.0,0.0,0.0,0.0,6.0,0.0,1.00,20.2,4,500,25.84,0.51,41,0,0,0.0,1.00,1.00,1.00,2.41,1.98,3.93
130000,63,204,9.1,0.0,0.0,0.0,9.1,0.0,1.00,19.6,26,751,42.81,0.99,204,0,0,0.0,1.00,1.00,1.00,2.34,3.05,3.16
130000,45,100,8.2,0.0,0.2,0.0,8.0,0.0,1.00,18.8,20,409,22.44,0.36,89,10,1,0.0,1.00,1.00,1.00,2.57,2.32,4.30
130000,55,42,6.4,0.0,0.5,0.0,5.9,0.0,1.00,19.6,5,481,24.66,0.34,42,0,0,0.0,1.00,1.00,1.00,2.55,2.19,4.07
131000,63,190,8.8,0.0,0.0,0.0,8.8,0.0,1.00,19.9,17,597,33.52,0.79,189,0,1,0.0,1.00,1.00,1.00,2.37,3.01,3.04
131000,45,133,8.2,0.0,0.1,0.0,8.1,0.0,1.00,18.9,20,416,22.72,0.38,122,11,0,0.0,1.00,1.00,1.00,2.68,2.26,4.29
131000,55,54,6.8,0.1,0.2,0.3,6.1,0.0,1.06,19.3,10,418,21.78,0.32,53,0,1,0.0,1.00,1.08,1.07,2.50,2.37,4.13
132000,63,186,9.3,0.1,0.0,0.1,9.1,0.0,1.02,19.5,21,722,41.04,0.90,186,0,0,0.0,1.02,1.02,1.03,2.35,3.05,3.24
132000,45,92,8.2,0.0,0.6,0.1,7.5,0.0,1.00,18.9,16,376,20.18,0.35,82,10,0,0.0,1.00,1.00,1.00,2.70,2.30,4.26
132000,55,57,6.5,0.0,0.3,0.0,6.2,0.0,1.00,19.3,11,355,18.64,0.28,57,0,0,0.0,1.00,1.00,1.00,2.35,2.28,4.26
133000,63,200,9.2,0.0,0.0,0.1,9.1,0.0,1.01,19.7,19,676,38.95,0.93,200,0,0,0.0,1.00,1.00,1.01,2.38,3.06,3.11
133000,45,121,8.3,0.1,0.3,0.3,7.6,0.0,1.03,18.6,18,465,25.38,0.42,104,16,1,0.0,1.00,1.04,1.03,2.62,2.33,4.44
133000,55,55,6.4,0.0,0.0,0.0,6.4,0.0,1.00,19.7,7,505,26.47,0.33,55,0,0,0.0,1.00,1.00,1.00,2.60,2.07,4.05
134000,63,209,9.0,0.0,0.0,0.0,8.9,0.0,1.00,19.7,16,612,35.41,0.81,209,0,0,0.0,1.00,1.00,1.00,2.32,3.06,3.11
134000,45,133,8.5,0.0,0.4,0.1,7.9,0.0,1.01,18.5,22,350,18.93,0.28,121,12,0,0.0,1.00,1.01,1.01,2.54,2.29,4.48
134000,55,57,6.0,0.0,0.0,0.0,6.0,0.0,1.00,20.1,3,375,19.75,0.34,55,0,2,0.0,1.00,1.00,1.00,2.53,2.00,3.95
135000,63,202,8.9,0.0,0.0,0.1,8.9,0.0,1.00,19.7,18,646,36.92,0.86,202,0,0,0.0,1.00,1.00,1.00,2.24,3.04,3.09
135000,45,202,7.6,0.0,0.1,0.0,7.4,0.0,1.01,19.4,24,412,21.89,0.37,179,21,2,0.0,1.01,1.02,1.01,2.57,2.17,4.15
135000,55,51,6.3,0.0,0.1,0.0,6.2,0.0,1.01,19.8,6,341,17.66,0.29,50,0,1,0.0,1.00,1.01,1.01,2.35,2.14,4.08
136000,63,211,9.0,0.0,0.0,0.0,9.0,0.0,1.00,19.8,20,745,42.40,1.00,211,0,0,0.0,1.00,1.00,1.00,2.39,3.04,3.08
136000,45,208,7.4,0.0,0.2,0.0,7.2,0.0,1.00,19.4,20,431,23.00,0.41,198,9,1,0.0,1.00,1.00,1.00,2.44,2.14,4.17
136000,55,62,6.5,0.0,0.4,0.0,6.1,0.0,1.00,19.5,8,347,18.23,0.25,60,0,2,0.0,1.00,1.00,1.00,2.68,2.21,4.11
137000,63,196,8.9,0.0,0.0,0.0,8.8,0.0,1.00,19.8,18,668,38.72,1.07,196,0,0,0.0,1.00,1.00,1.00,2.33,3.05,3.05
137000,45,186,7.7,0.0,0.1,0.1,7.5,0.0,1.00,19.0,29,472,25.28,0.38,176,8,2,0.0,1.00,1.00,1.00,2.56,2.27,4.34
137000,55,50,6.9,0.0,0.2,0.2,6.5,0.0,1.00,18.9,9,372,19.75,0.42,49,0,1,0.0,1.00,1.00,1.00,2.72,2.32,4.38
138000,45,235,10.0,0.0,0.4,0.0,9.4,0.0,1.00,17.6,46,384,21.76,0.44,186,11,38,0.0,1.00,1.01,1.01,2.86,2.60,4.65
138000,63,195,9.5,0.1,0.0,0.1,9.3,0.0,1.02,19.3,26,578,33.72,0.79,195,0,0,0.0,1.02,1.02,1.02,2.44,3.20,3.22
138000,55,57,7.4,0.0,0.1,0.2,7.1,0.0,1.01,19.4,12,314,16.69,0.31,57,0,0,0.0,1.00,1.02,1.02,2.67,2.40,4.09
139000,63,228,8.9,0.0,0.0,0.1,8.8,0.0,1.01,19.7,26,642,37.27,0.89,228,0,0,0.0,1.01,1.01,1.01,2.21,3.07,3.10
139000,45,223,8.4,0.0,0.3,0.1,8.1,0.0,1.00,18.8,31,451,24.59,0.44,205,15,3,0.0,1.00,1.01,1.00,2.67,2.36,4.27
139000,55,36,6.5,0.0,0.1,0.0,6.4,0.0,1.00,19.8,8,477,25.03,0.51,36,0,0,0.0,1.00,1.00,1.00,2.44,2.19,3.97
140000,63,232,8.9,0.0,0.0,0.0,8.8,0.0,1.01,19.7,22,663,38.41,0.90,232,0,0,0.0,1.01,1.01,1.03,2.33,3.05,3.13
140000,45,184,8.2,0.0,0.2,0.4,7.6,0.0,1.00,18.7,30,397,21.70,0.41,165,17,2,0.0,1.00,1.00,1.00,2.64,2.38,4.32
140000,55,29,6.3,0.0,0.1,0.1,6.2,0.0,1.00,19.6,5,410,21.20,0.38,29,0,0,0.0,1.00,1.00,1.00,2.45,2.31,4.21
141000,63,249,8.9,0.0,0.0,0.0,8.8,0.0,1.00,19.7,23,604,34.80,0.82,249,0,0,0.0,1.00,1.00,1.01,2.46,3.08,3.10
141000,45,246,8.3,0.0,0.1,0.1,8.1,0.0,1.01,18.7,25,423,23.03,0.52,227,18,1,0.0,1.01,1.01,1.01,2.59,2.30,4.39
141000,55,30,7.6,0.0,1.4,0.0,6.2,0.0,1.00,18.2,6,370,19.37,0.24,30,0,0,0.0,1.00,1.00,1.00,3.07,2.53,4.47
142000,45,249,8.4,0.0,0.3,0.0,8.1,0.0,1.00,18.3,28,440,24.04,0.41,237,10,2,0.0,1.00,1.00,1.00,2.69,2.36,4.51
142000,63,244,9.7,0.0,0.0,0.1,9.6,0.0,1.01,19.2,30,618,35.85,0.87,244,0,0,0.0,1.01,1.01,1.01,2.55,3.17,3.23
142000,55,33,6.8,0.0,0.1,0.3,6.4,0.0,1.00,19.2,5,470,24.82,0.42,32,0,1,0.0,1.00,1.00,1.00,2.42,2.36,4.15
143000,45,230,8.1,0.2,0.2,0.0,7.7,0.0,1.04,18.8,33,441,23.51,0.44,230,0,0,0.0,1.00,1.06,1.05,2.54,2.26,4.41
143000,63,221,8.9,0.0,0.0,0.0,8.9,0.0,1.00,19.7,20,656,37.93,0.91,221,0,0,0.0,1.00,1.00,1.00,2.29,3.02,3.14
143000,55,49,7.2,0.0,0.8,0.1,6.3,0.0,1.00,19.0,6,407,21.65,0.37,49,0,0,0.0,1.00,1.00,1.00,2.59,2.41,4.22
144000,63,220,9.6,0.0,0.0,0.0,9.5,0.0,1.01,19.4,25,691,40.06,1.02,220,0,0,0.0,1.01,1.01,1.01,2.42,3.08,3.22
144000,45,215,8.1,0.2,0.2,0.2,7.5,0.0,1.05,18.8,33,421,22.47,0.40,200,11,4,0.0,1.05,1.06,1.05,2.69,2.37,4.27
144000,55,56,6.1,0.0,0.1,0.0,6.0,0.0,1.00,19.9,5,398,20.21,0.41,55,0,1,0.0,1.00,1.00,1.00,2.52,2.11,4.05
145000,63,237,9.5,0.0,0.0,0.0,9.4,0.0,1.01,19.4,26,605,35.21,0.77,237,0,0,0.0,1.00,1.00,1.01,2.42,3.11,3.19
145000,45,184,8.0,0.0,0.1,0.1,7.8,0.0,1.00,19.0,22,460,24.46,0.39,184,0,0,0.0,1.00,1.00,1.00,2.43,2.29,4.22
145000,55,41,6.9,0.0,0.6,0.0,6.3,0.0,1.00,19.0,8,366,19.37,0.41,40,1,0,0.0,1.00,1.00,1.00,2.61,2.34,4.29
146000,45,241,8.0,0.0,0.2,0.0,7.7,0.0,1.01,18.9,32,435,23.23,0.33,240,0,1,0.0,1.01,1.01,1.01,2.65,2.29,4.29
146000,63,203,9.6,0.0,0.0,0.1,9.5,0.0,1.00,19.5,25,756,44.63,1.10,203,0,0,0.0,1.01,1.00,1.00,2.39,3.08,3.17
146000,55,50,6.6,0.0,0.3,0.0,6.3,0.0,1.00,19.3,8,339,17.63,0.28,49,0,1,0.0,1.00,1.00,1.00,2.58,2.22,4.24
147000,45,249,7.9,0.0,0.1,0.0,7.8,0.0,1.00,18.9,28,392,21.12,0.38,247,0,2,0.0,1.00,1.00,1.00,2.56,2.32,4.24
147000,63,248,9.7,0.1,0.0,0.1,9.5,0.0,1.03,19.2,33,605,35.54,0.94,248,0,0,0.0,1.03,1.02,1.04,2.41,3.12,3.29
147000,55,44,6.9,0.0,0.1,0.0,6.8,0.0,1.00,19.4,6,446,23.63,0.54,35,8,1,0.0,1.00,1.00,1.00,2.55,2.20,4.14
148000,63,250,9.4,0.0,0.0,0.0,9.3,0.0,1.01,19.4,34,531,31.00,0.77,250,0,0,0.0,1.01,1.00,1.01,2.31,3.14,3.18
148000,45,249,7.9,0.0,0.1,0.0,7.8,0.0,1.00,18.9,26,512,27.85,0.48,248,0,1,0.0,1.00,1.00,1.01,2.57,2.34,4.23
148000,55,54,8.2,0.3,0.4,0.1,7.4,0.0,1.04,19.3,11,229,12.57,0.38,31,19,4,0.0,1.00,1.09,1.04,2.57,2.22,4.15
149000,45,247,7.8,0.0,0.1,0.0,7.7,0.0,1.00,18.9,32,457,24.86,0.42,247,0,0,0.0,1.00,1.00,1.00,2.56,2.24,4.31
149000,63,210,9.4,0.1,0.0,0.1,9.3,0.0,1.04,19.4,23,609,35.57,0.94,210,0,0,0.0,1.04,1.04,1.04,2.45,3.10,3.17
149000,55,77,9.8,0.0,0.2,0.0,9.6,0.0,1.04,17.6,12,247,14.66,0.49,56,15,6,0.0,1.03,1.03,1.06,3.01,2.53,4.77
150000,45,307,10.4,0.2,0.4,0.2,9.6,0.0,1.05,17.6,41,410,22.60,0.41,277,0,30,0.0,1.03,1.06,1.04,2.93,2.78,4.49
150000,63,215,9.4,0.0,0.0,0.0,9.3,0.0,1.01,19.3,29,584,34.29,0.82,214,0,1,0.0,1.01,1.01,1.01,2.35,3.17,3.20
150000,55,69,7.3,0.0,0.1,0.0,7.2,0.0,1.00,19.3,10,294,15.38,0.35,46,15,8,0.0,1.00,1.00,1.00,2.67,2.30,4.14
151000,45,296,8.2,0.0,0.3,0.0,7.9,0.0,1.00,18.7,31,434,23.63,0.42,276,17,3,0.0,1.00,1.00,1.00,2.69,2.40,4.28
151000,63,216,9.1,0.0,0.0,0.1,9.1,0.0,1.00,19.7,17,658,38.88,0.95,216,0,0,0.0,1.00,1.00,1.00,2.51,3.06,3.09
151000,55,54,8.9,0.5,0.4,0.4,7.6,0.0,1.18,18.0,12,328,17.69,0.33,44,9,1,0.0,1.09,1.20,1.26,2.80,2.46,4.67
152000,45,281,8.3,0.0,0.2,0.0,8.1,0.0,1.00,18.2,36,425,23.44,0.43,269,10,2,0.0,1.00,1.00,1.00,2.58,2.42,4.50
152000,63,228,9.3,0.0,0.0,0.0,9.2,0.0,1.01,19.5,18,647,38.19,0.89,228,0,0,0.0,1.01,1.01,1.02,2.36,3.08,3.16
152000,55,60,7.9,0.3,0.5,0.0,7.1,0.0,1.16,18.7,10,358,19.04,0.39,45,8,7,0.0,1.10,1.16,1.20,2.65,2.32,4.38
153000,45,282,8.3,0.1,0.3,0.0,7.9,0.0,1.03,18.6,39,439,24.00,0.44,267,15,0,0.0,1.02,1.04,1.03,2.65,2.39,4.33
153000,63,229,9.2,0.0,0.0,0.1,9.1,0.0,1.00,19.7,20,626,36.38,0.89,229,0,0,0.0,1.00,1.00,1.00,2.29,3.06,3.09
153000,55,56,8.4,0.0,0.1,0.0,8.4,0.0,1.00,18.9,8,410,22.34,0.44,43,10,3,0.0,1.00,1.00,1.00,2.73,2.36,4.25
154000,45,247,7.9,0.0,0.2,0.0,7.7,0.0,1.00,18.6,30,448,24.16,0.45,247,0,0,0.0,1.00,1.00,1.00,2.57,2.43,4.30
154000,63,212,9.3,0.0,0.0,0.1,9.2,0.0,1.01,19.5,23,675,39.50,0.91,212,0,0,0.0,1.01,1.01,1.01,2.33,3.12,3.15
154000,55,68,7.1,0.0,0.1,0.0,7.0,0.0,1.00,19.6,9,430,23.28,0.46,50,15,3,0.0,1.00,1.00,1.00,2.51,2.16,4.10
155000,45,251,7.8,0.0,0.2,0.0,7.6,0.0,1.00,18.9,29,512,27.72,0.45,250,0,1,0.0,1.00,1.00,1.00,2.61,2.37,4.19
155000,63,234,9.3,0.0,0.0,0.0,9.2,0.0,1.01,19.5,31,604,35.33,0.88,234,0,0,0.0,1.01,1.01,1.01,2.31,3.10,3.18
155000,55,77,7.5,0.0,0.1,0.0,7.5,0.0,1.01,19.2,14,312,16.73,0.34,53,20,4,0.0,1.00,1.01,1.01,2.73,2.29,4.18
156000,45,250,8.1,0.0,0.3,0.0,7.8,0.0,1.00,18.8,28,463,25.02,0.40,250,0,0,0.0,1.00,1.00,1.00,2.69,2.32,4.30
156000,63,236,9.6,0.0,0.0,0.0,9.6,0.0,1.00,19.4,27,578,33.91,0.90,235,0,1,0.0,1.00,1.00,1.01,2.46,3.13,3.18
156000,55,67,7.1,0.0,0.1,0.0,7.0,0.0,1.00,19.6,13,275,14.89,0.34,40,21,6,0.0,1.00,1.00,1.00,2.58,2.21,4.13
157000,45,268,7.8,0.0,0.1,0.0,7.6,0.0,1.00,18.8,29,431,23.07,0.41,267,0,1,0.0,1.00,1.00,1.00,2.68,2.32,4.34
157000,63,221,8.9,0.0,0.0,0.0,8.9,0.0,1.04,19.8,18,637,37.58,0.91,220,0,1,0.0,1.05,1.05,1.03,2.48,3.05,3.05
157000,55,64,7.8,0.4,0.8,0.0,6.6,0.0,1.09,19.3,9,386,20.21,0.40,47,16,1,0.1,1.09,1.13,1.06,2.47,2.22,4.17
158000,45,248,8.2,0.0,0.3,0.0,7.9,0.0,1.01,18.7,34,463,24.78,0.43,247,0,1,0.0,1.00,1.01,1.02,2.58,2.39,4.27
158000,63,237,9.2,0.1,0.0,0.1,9.0,0.0,1.04,19.4,36,616,36.18,0.99,237,0,0,0.0,1.03,1.03,1.07,2.46,3.11,3.20
158000,55,68,7.6,0.0,0.1,0.0,7.5,0.0,1.00,19.1,13,327,17.84,0.34,45,14,9,0.0,1.00,1.00,1.00,2.74,2.21,4.28
158000,85,11,11.9,0.0,0.0,0.1,11.8,0.0,1.00,15.1,5,97,6.73,0.22,0,7,4,0.0,1.00,1.00,1.00,3.45,3.09,5.36
159000,45,249,7.4,0.0,0.0,0.0,7.3,0.0,1.02,19.4,23,491,26.16,0.47,249,0,0,0.0,1.03,1.03,1.02,2.53,2.16,4.19
159000,63,225,9.2,0.0,0.0,0.0,9.1,0.0,1.01,19.6,25,690,40.37,1.09,225,0,0,0.0,1.01,1.01,1.01,2.51,3.13,3.14
159000,55,68,7.2,0.0,0.1,0.0,7.1,0.0,1.00,19.4,14,359,19.55,0.63,43,18,7,0.0,1.00,1.00,1.00,2.63,2.18,4.21
159000,85,7,9.1,0.0,0.0,0.0,9.1,0.0,1.00,16.6,2,117,9.26,0.36,0,5,2,0.0,1.00,1.00,1.00,2.29,2.71,5.00
160000,45,251,7.8,0.1,0.1,0.0,7.6,0.0,1.03,19.0,27,513,27.50,0.47,245,6,0,0.0,1.02,1.03,1.04,2.58,2.32,4.22
160000,63,218,9.3,0.1,0.0,0.1,9.1,0.0,1.01,19.5,29,606,35.58,0.88,218,0,0,0.0,1.02,1.01,1.01,2.39,3.06,3.22
160000,55,89,6.4,0.0,0.1,0.0,6.3,0.0,1.00,20.0,10,347,18.04,0.31,67,21,1,0.0,1.00,1.00,1.00,2.53,2.07,3.94
160000,85,13,17.5,0.0,0.0,0.0,17.5,0.0,1.00,12.5,5,88,7.80,0.43,0,11,2,0.0,1.00,1.00,1.00,3.62,3.31,6.46
161000,45,273,7.6,0.0,0.0,0.0,7.5,0.0,1.01,19.2,24,452,24.06,0.43,250,21,2,0.0,1.00,1.01,1.01,2.41,2.25,4.18
161000,63,217,9.1,0.1,0.0,0.0,9.0,0.0,1.02,19.5,27,650,38.10,0.91,217,0,0,0.0,1.03,1.02,1.02,2.40,3.09,3.16
161000,55,77,8.5,0.1,0.4,0.1,8.1,0.0,1.01,18.7,15,368,19.36,0.45,57,16,4,0.0,1.00,1.02,1.01,2.68,2.49,4.22
162000,45,272,7.9,0.0,0.4,0.0,7.5,0.0,1.01,18.6,41,423,22.37,0.39,254,13,5,0.0,1.00,1.02,1.01,2.60,2.39,4.40
162000,63,242,9.0,0.0,0.0,0.0,8.9,0.0,1.00,19.8,21,578,33.75,0.82,242,0,0,0.0,1.00,1.00,1.00,2.32,3.05,3.08
162000,55,53,6.9,0.0,0.0,0.0,6.9,0.0,1.00,19.7,11,361,19.61,0.51,34,12,7,0.0,1.00,1.00,1.00,2.47,2.17,4.04
163000,45,268,7.7,0.0,0.2,0.0,7.5,0.0,1.00,18.9,33,474,25.34,0.39,254,12,2,0.0,1.00,1.00,1.00,2.61,2.16,4.42
163000,63,234,9.4,0.0,0.0,0.0,9.3,0.0,1.01,19.4,29,601,34.82,0.97,234,0,0,0.0,1.01,1.01,1.01,2.45,3.15,3.16
163000,55,56,7.6,0.0,0.1,0.2,7.3,0.0,1.00,18.9,16,297,16.62,0.29,37,15,4,0.0,1.00,1.00,1.00,2.75,2.32,4.29
164000,45,253,8.0,0.0,0.3,0.0,7.6,0.0,1.00,19.2,25,442,23.51,0.46,231,19,3,0.0,1.00,1.00,1.00,2.53,2.17,4.25
164000,63,233,9.3,0.1,0.0,0.0,9.2,0.0,1.03,19.4,28,653,38.13,1.01,233,0,0,0.0,1.03,1.03,1.03,2.33,3.11,3.24
164000,55,68,6.9,0.0,0.0,0.0,6.9,0.0,1.00,20.0,9,284,15.86,0.32,40,23,5,0.0,1.00,1.00,1.00,2.50,2.25,3.75
165000,45,260,7.9,0.0,0.3,0.0,7.6,0.0,1.01,19.1,33,405,21.87,0.42,241,18,1,0.0,1.00,1.02,1.01,2.60,2.29,4.23
165000,63,237,9.4,0.0,0.0,0.0,9.4,0.0,1.00,19.4,26,522,30.37,0.78,237,0,0,0.0,1.01,1.00,1.01,2.36,3.12,3.20
165000,55,63,7.4,0.0,0.3,0.0,7.1,0.0,1.00,19.4,14,266,14.74,0.35,44,18,1,0.0,1.00,1.00,1.00,2.65,2.27,4.16
166000,63,240,9.2,0.1,0.0,0.1,9.1,0.0,1.02,19.4,28,627,36.82,0.88,240,0,0,0.0,1.02,1.02,1.02,2.38,3.10,3.20
166000,45,218,7.8,0.0,0.1,0.0,7.7,0.0,1.01,19.0,23,452,24.23,0.45,196,22,0,0.0,1.01,1.01,1.01,2.58,2.25,4.25
166000,55,63,7.7,0.3,0.2,0.0,7.2,0.0,1.06,19.4,9,203,11.67,0.21,45,17,1,0.0,1.00,1.10,1.07,2.38,2.27,4.13
167000,63,238,9.4,0.2,0.0,0.0,9.2,0.0,1.05,19.4,23,622,36.66,0.91,238,0,0,0.0,1.05,1.05,1.04,2.32,3.17,3.18
167000,45,224,7.7,0.0,0.1,0.0,7.5,0.0,1.01,19.1,27,429,23.13,0.44,204,18,2,0.0,1.00,1.02,1.01,2.46,2.25,4.23
167000,55,63,7.3,0.6,0.3,0.0,6.5,0.0,1.18,19.7,12,250,13.85,0.36,44,17,2,0.0,1.14,1.22,1.18,2.70,2.17,4.03
168000,45,221,8.0,0.0,0.4,0.0,7.6,0.0,1.00,18.7,26,368,20.35,0.41,197,21,3,0.0,1.00,1.00,1.00,2.55,2.29,4.38
168000,63,206,9.3,0.0,0.0,0.1,9.2,0.0,1.00,19.4,25,624,36.44,0.86,206,0,0,0.0,1.01,1.00,1.00,2.31,3.17,3.15
168000,55,79,7.4,0.0,0.1,0.0,7.3,0.0,1.00,19.4,13,258,14.39,0.31,60,15,4,0.0,1.00,1.00,1.00,2.54,2.25,4.13
169000,63,191,8.9,0.1,0.0,0.0,8.7,0.0,1.02,19.4,25,568,32.50,0.79,190,0,1,0.0,1.04,1.01,1.03,2.24,3.14,3.19
169000,45,183,7.7,0.0,0.2,0.0,7.6,0.0,1.00,19.0,23,422,22.81,0.45,166,15,2,0.0,1.00,1.00,1.00,2.64,2.39,4.16
169000,55,94,7.3,0.0,0.1,0.1,7.0,0.0,1.00,19.2,14,364,19.79,0.37,81,10,3,0.0,1.00,1.00,1.00,2.61,2.31,4.16
170000,63,214,8.7,0.0,0.0,0.0,8.7,0.0,1.00,19.7,21,618,35.37,0.73,214,0,0,0.0,1.00,1.00,1.00,2.29,3.07,3.11
170000,45,155,7.9,0.0,0.3,0.0,7.6,0.0,1.00,18.9,20,388,20.88,0.38,139,12,4,0.0,1.00,1.00,1.00,2.66,2.33,4.23
170000,55,59,6.8,0.0,0.5,0.0,6.2,0.0,1.00,19.6,7,366,19.62,0.43,59,0,0,0.0,1.00,1.00,1.00,2.36,2.14,4.08
171000,63,210,8.9,0.1,0.0,0.0,8.7,0.0,1.01,19.6,17,697,39.83,0.85,210,0,0,0.0,1.03,1.00,1.01,2.36,3.09,3.12
171000,45,162,7.7,0.0,0.1,0.1,7.4,0.0,1.00,19.0,21,367,19.68,0.35,140,19,3,0.0,1.00,1.00,1.00,2.67,2.33,4.20
171000,55,50,6.9,0.2,0.0,0.0,6.6,0.0,1.10,19.4,7,347,18.88,0.32,50,0,0,0.0,1.05,1.08,1.15,2.50,2.26,4.10
172000,63,200,9.0,0.0,0.0,0.0,8.9,0.0,1.00,19.6,18,617,35.27,0.88,200,0,0,0.0,1.00,1.00,1.00,2.19,3.11,3.10
172000,45,147,8.5,0.0,0.2,0.0,8.3,0.0,1.01,18.3,25,295,16.44,0.36,130,15,2,0.0,1.00,1.02,1.01,2.54,2.49,4.41
172000,55,48,8.4,0.9,0.1,0.6,6.8,0.0,1.16,19.1,8,401,21.44,0.41,46,0,2,0.1,1.00,1.29,1.17,2.56,2.31,4.12
173000,45,187,8.3,0.0,0.1,0.0,8.2,0.0,1.04,18.6,30,343,19.09,0.38,164,21,2,0.0,1.04,1.04,1.03,2.59,2.34,4.40
173000,63,179,9.4,0.1,0.0,0.1,9.2,0.0,1.02,19.4,24,677,38.71,0.93,179,0,0,0.0,1.02,1.02,1.02,2.22,3.16,3.16
173000,55,70,7.3,0.0,1.0,0.0,6.2,0.0,1.00,18.8,13,265,14.03,0.32,70,0,0,0.0,1.00,1.00,1.00,2.43,2.39,4.30
174000,63,186,8.7,0.0,0.0,0.0,8.7,0.0,1.00,19.8,22,798,45.10,1.08,186,0,0,0.0,1.00,1.00,1.00,2.26,3.08,3.09
174000,45,180,8.1,0.0,0.1,0.0,8.0,0.0,1.00,18.6,27,429,23.63,0.43,155,23,2,0.0,1.00,1.00,1.00,2.58,2.27,4.50
174000,55,59,6.2,0.0,0.2,0.0,6.0,0.0,1.00,19.7,9,369,19.53,0.24,59,0,0,0.0,1.00,1.00,1.00,2.39,2.22,4.14
174000,86,20,14.1,0.6,0.0,0.0,13.4,0.0,1.16,15.9,11,107,9.20,0.15,0,14,6,0.0,1.00,1.28,1.17,2.70,3.90,4.15
175000,63,207,8.9,0.0,0.0,0.0,8.9,0.0,1.00,19.7,23,623,34.92,0.89,207,0,0,0.0,1.00,1.00,1.00,2.37,3.08,3.10
175000,45,163,7.7,0.0,0.1,0.0,7.6,0.0,1.00,18.9,24,384,21.35,0.43,141,22,0,0.0,1.00,1.00,1.00,2.52,2.30,4.32
175000,55,41,6.1,0.0,0.2,0.0,5.9,0.0,1.00,20.0,6,413,22.18,0.47,40,0,1,0.0,1.00,1.00,1.00,2.51,2.20,4.05
175000,86,11,15.5,0.0,0.2,0.0,15.3,0.0,1.00,13.6,7,137,10.23,0.38,0,10,1,0.0,1.00,1.00,1.00,2.73,3.55,5.64
176000,63,195,8.9,0.0,0.0,0.1,8.8,0.0,1.01,19.5,28,683,38.87,0.87,195,0,0,0.0,1.01,1.01,1.02,2.26,3.13,3.12
176000,45,160,8.3,0.0,0.1,0.0,8.1,0.0,1.01,18.3,30,343,19.09,0.31,146,14,0,0.0,1.00,1.01,1.02,2.67,2.41,4.49
176000,55,56,7.3,0.4,0.6,0.0,6.2,0.0,1.14,20.0,8,376,19.34,0.31,54,0,2,0.1,1.03,1.22,1.14,2.54,2.21,3.89
176000,86,11,8.5,0.0,0.0,0.0,8.5,0.0,1.00,18.9,3,138,7.84,0.07,0,8,3,0.0,1.00,1.00,1.00,2.55,2.55,4.00
177000,63,182,8.6,0.0,0.0,0.1,8.5,0.0,1.00,19.8,24,775,43.75,0.91,182,0,0,0.0,1.01,1.01,1.00,2.13,3.06,3.10
177000,45,100,8.5,0.0,0.2,0.0,8.3,0.0,1.00,18.2,24,300,16.52,0.35,77,22,1,0.0,1.00,1.00,1.00,2.70,2.26,4.88
177000,55,50,6.5,0.0,0.0,0.0,6.5,0.0,1.00,20.0,4,428,22.77,0.35,49,0,1,0.0,1.00,1.00,1.00,2.38,2.08,3.92
177000,86,17,6.9,0.0,0.0,0.0,6.9,0.0,1.00,20.1,2,205,12.44,0.32,0,15,2,0.0,1.00,1.00,1.00,2.76,2.00,3.94
178000,63,186,9.0,0.0,0.0,0.0,9.0,0.0,1.01,19.5,21,731,40.84,0.85,186,0,0,0.0,1.01,1.00,1.01,2.41,3.17,3.12
178000,45,169,9.3,0.0,0.1,0.0,9.2,0.0,1.00,17.5,29,304,18.02,0.42,149,19,1,0.0,1.00,1.01,1.00,2.73,2.60,4.69
178000,55,47,7.5,0.6,0.2,0.0,6.7,0.0,1.16,19.2,6,429,22.72,0.38,47,0,0,0.0,1.04,1.21,1.19,2.45,2.38,4.00
178000,86,19,8.2,0.0,0.0,0.0,8.2,0.0,1.00,18.4,5,204,12.13,0.61,0,18,1,0.0,1.00,1.00,1.00,2.47,2.11,4.68
179000,63,228,9.0,0.0,0.0,0.0,9.0,0.0,1.00,19.5,20,596,34.06,0.74,227,0,1,0.0,1.00,1.00,1.00,2.34,3.17,3.10
179000,45,153,9.1,0.0,0.3,0.0,8.8,0.0,1.01,18.1,27,396,22.70,0.48,134,18,1,0.0,1.00,1.02,1.01,2.58,2.42,4.56
179000,55,40,6.4,0.0,0.1,0.0,6.3,0.0,1.00,19.8,4,483,25.04,0.42,40,0,0,0.0,1.00,1.00,1.00,2.50,2.05,4.07
179000,86,18,11.7,0.0,0.0,0.2,11.5,0.0,1.00,16.9,6,183,12.12,0.44,0,14,4,0.0,1.00,1.00,1.00,3.33,2.83,4.72
180000,63,225,9.1,0.1,0.0,0.1,9.0,0.0,1.02,19.4,25,624,36.05,0.83,225,0,0,0.0,1.02,1.02,1.02,2.32,3.15,3.16
180000,45,154,9.9,0.5,0.4,0.1,8.9,0.0,1.12,17.5,38,367,21.19,0.36,138,16,0,0.0,1.07,1.17,1.11,2.85,2.69,4.66
180000,55,41,6.0,0.0,0.1,0.0,6.0,0.0,1.00,20.2,5,411,21.02,0.32,41,0,0,0.0,1.00,1.00,1.00,2.37,1.98,4.00
180000,86,25,6.3,0.0,0.0,0.0,6.3,0.0,1.00,21.0,6,103,6.91,0.39,0,21,4,0.0,1.00,1.00,1.00,2.64,1.92,3.56
181000,63,222,8.8,0.0,0.0,0.0,8.8,0.0,1.00,19.7,22,634,36.88,0.85,222,0,0,0.0,1.00,1.00,1.00,2.19,3.08,3.09
181000,45,127,9.1,0.0,0.1,0.0,9.0,0.0,1.00,17.8,19,309,18.26,0.31,115,12,0,0.0,1.00,1.00,1.00,2.63,2.38,4.74
181000,55,46,6.9,0.0,0.6,0.0,6.3,0.0,1.00,19.5,8,471,24.45,0.36,45,0,1,0.0,1.00,1.00,1.00,2.50,2.20,4.07
181000,86,27,9.1,0.0,0.0,0.0,9.1,0.0,1.00,19.3,6,103,6.97,0.17,0,24,3,0.0,1.00,1.00,1.00,2.63,2.63,3.70
182000,63,238,8.9,0.0,0.0,0.1,8.8,0.0,1.02,19.7,25,610,35.22,0.83,238,0,0,0.0,1.01,1.01,1.04,2.39,3.07,3.10
182000,45,152,8.5,0.0,0.1,0.0,8.4,0.0,1.00,18.2,17,364,21.02,0.39,143,9,0,0.0,1.00,1.00,1.00,2.51,2.26,4.69
182000,55,35,6.5,0.0,0.1,0.0,6.5,0.0,1.00,19.8,6,441,22.95,0.34,35,0,0,0.0,1.00,1.00,1.00,2.37,2.06,4.09
182000,86,14,11.8,0.0,0.0,0.0,11.8,0.0,1.00,16.9,4,206,14.31,0.26,0,12,2,0.0,1.00,1.00,1.00,2.79,3.00,4.57
183000,63,252,9.3,0.0,0.1,0.0,9.1,0.0,1.01,19.5,28,589,34.19,0.83,252,0,0,0.0,1.02,1.01,1.01,2.39,3.09,3.15
183000,45,156,8.1,0.0,0.0,0.0,8.1,0.0,1.00,18.7,18,415,23.31,0.43,148,7,1,0.0,1.00,1.01,1.01,2.52,2.09,4.60
183000,55,34,8.8,0.6,1.6,0.1,6.4,0.0,1.17,18.0,9,340,17.61,0.24,33,0,1,0.0,1.00,1.38,1.16,2.76,2.79,4.41
183000,86,10,13.8,0.0,0.8,0.0,13.0,0.0,1.00,16.2,6,76,5.77,0.29,0,9,1,0.0,1.00,1.00,1.00,2.70,2.70,5.20
184000,63,207,9.0,0.0,0.0,0.0,9.0,0.0,1.00,19.7,22,667,38.70,0.95,207,0,0,0.0,1.00,1.00,1.00,2.29,3.08,3.08
184000,45,166,8.4,0.0,0.2,0.0,8.3,0.0,1.00,18.4,21,370,20.25,0.34,166,0,0,0.0,1.00,1.00,1.00,2.67,2.31,4.54
184000,55,47,6.3,0.0,0.4,0.0,5.9,0.0,1.00,19.5,5,463,23.75,0.39,46,0,1,0.0,1.00,1.00,1.00,2.49,2.17,4.17
184000,86,11,10.0,0.0,0.0,0.0,10.0,0.0,1.00,18.5,4,153,10.87,0.46,0,11,0,0.0,1.00,1.00,1.00,3.18,3.00,3.73
185000,45,175,8.5,0.0,0.2,0.0,8.3,0.0,1.00,18.1,24,352,19.87,0.31,162,12,1,0.0,1.00,1.00,1.00,2.71,2.35,4.70
185000,63,146,9.0,0.0,0.0,0.0,9.0,0.0,1.00,19.7,18,808,46.21,1.04,146,0,0,0.0,1.00,1.00,1.00,2.23,3.06,3.08
185000,55,68,6.9,0.1,0.6,0.0,6.2,0.0,1.02,19.1,9,399,21.04,0.37,67,0,1,0.1,1.00,1.01,1.03,2.62,2.25,4.24
185000,86,15,11.4,0.0,0.0,0.0,11.4,0.0,1.00,17.2,6,122,9.47,0.27,0,13,2,0.0,1.00,1.00,1.00,2.73,3.00,4.40
186000,63,181,9.1,0.0,0.0,0.0,9.1,0.0,1.01,19.7,17,681,38.01,0.77,181,0,0,0.0,1.01,1.01,1.01,2.29,3.03,3.14
186000,45,157,8.2,0.1,0.5,0.0,7.7,0.0,1.02,18.5,21,390,21.49,0.38,151,5,1,0.0,1.00,1.03,1.02,2.75,2.37,4.49
186000,55,54,6.5,0.0,0.3,0.0,6.3,0.0,1.00,19.2,9,391,20.50,0.35,54,0,0,0.0,1.00,1.00,1.00,2.67,2.39,4.15
186000,86,16,11.4,0.0,0.2,0.0,11.2,0.0,1.00,17.5,4,186,13.06,0.52,0,14,2,0.0,1.00,1.00,1.00,2.75,2.94,4.38
187000,45,173,8.2,0.0,0.2,0.1,7.9,0.0,1.00,18.3,28,358,19.96,0.36,159,11,3,0.0,1.00,1.00,1.00,2.64,2.28,4.65
187000,63,165,9.9,0.1,0.1,0.0,9.8,0.0,1.01,19.2,17,733,40.81,0.84,165,0,0,0.0,1.02,1.00,1.01,2.48,3.16,3.24
187000,55,58,7.6,0.2,0.8,0.0,6.6,0.0,1.03,19.0,9,355,18.70,0.31,58,0,0,0.1,1.00,1.06,1.03,2.45,2.31,4.22
187000,86,12,10.6,0.0,0.0,0.0,10.6,0.0,1.00,18.2,5,143,10.41,0.55,0,10,2,0.0,1.00,1.00,1.00,3.08,3.08,3.83
188000,45,182,8.0,0.0,0.1,0.0,7.8,0.0,1.01,18.6,22,337,18.65,0.35,171,11,0,0.0,1.00,1.01,1.01,2.53,2.24,4.52
188000,63,148,8.9,0.0,0.0,0.0,8.8,0.0,1.02,19.6,15,776,42.72,0.73,148,0,0,0.0,1.02,1.02,1.02,2.31,3.06,3.17
188000,55,67,7.3,0.0,0.3,0.0,7.0,0.0,1.00,19.1,11,366,19.72,0.36,66,0,1,0.0,1.00,1.00,1.00,2.42,2.31,4.13
189000,45,145,8.3,0.0,0.4,0.0,7.9,0.0,1.01,18.2,18,389,21.33,0.38,134,7,4,0.0,1.00,1.02,1.01,2.61,2.49,4.54
189000,63,134,8.9,0.0,0.0,0.1,8.8,0.0,1.00,19.6,18,796,43.48,0.67,134,0,0,0.0,1.00,1.00,1.00,2.33,3.06,3.13
189000,55,64,7.9,0.5,1.0,0.0,6.4,0.0,1.10,19.0,14,335,17.95,0.35,63,0,1,0.1,1.09,1.16,1.08,2.73,2.41,4.19
190000,63,124,8.5,0.0,0.0,0.2,8.4,0.0,1.00,19.8,16,859,46.83,0.69,124,0,0,0.0,1.00,1.00,1.00,2.23,3.02,3.08
190000,45,124,7.9,0.0,0.2,0.0,7.6,0.0,1.00,18.6,20,368,20.26,0.32,117,7,0,0.0,1.00,1.00,1.00,2.60,2.27,4.51
190000,55,68,6.2,0.0,0.0,0.1,6.1,0.0,1.00,19.9,8,365,19.14,0.33,67,0,1,0.0,1.00,1.00,1.00,2.38,2.16,4.00
191000,63,128,8.7,0.0,0.0,0.1,8.6,0.0,1.00,19.5,18,724,38.83,0.61,128,0,0,0.0,1.00,1.00,1.00,2.33,3.02,3.26
191000,45,112,7.6,0.0,0.2,0.0,7.4,0.0,1.00,18.9,15,320,17.80,0.31,105,7,0,0.0,1.00,1.00,1.00,2.46,2.33,4.25
191000,55,66,6.9,0.0,0.3,0.2,6.4,0.0,1.00,19.2,9,435,23.00,0.43,65,0,1,0.0,1.00,1.00,1.00,2.50,2.27,4.20
192000,63,164,8.9,0.0,0.0,0.2,8.7,0.0,1.00,19.4,22,613,33.32,0.58,164,0,0,0.0,1.00,1.00,1.00,2.23,3.10,3.24
192000,45,114,7.7,0.0,0.2,0.0,7.5,0.0,1.01,19.2,14,414,22.48,0.37,95,15,4,0.0,1.00,1.01,1.01,2.51,2.24,4.20
192000,55,57,6.2,0.0,0.1,0.0,6.0,0.0,1.00,19.7,5,397,21.01,0.35,57,0,0,0.0,1.00,1.00,1.00,2.58,2.11,4.07
193000,63,197,9.0,0.0,0.0,0.1,8.9,0.0,1.00,19.5,24,687,38.17,0.78,197,0,0,0.0,1.00,1.00,1.00,2.34,3.06,3.22
193000,45,156,8.6,0.1,0.4,0.1,8.0,0.0,1.03,18.5,30,327,18.52,0.38,139,16,1,0.0,1.00,1.04,1.03,2.74,2.49,4.39
193000,55,44,6.0,0.0,0.0,0.0,5.9,0.0,1.00,20.2,4,419,21.70,0.50,44,0,0,0.0,1.00,1.00,1.00,2.34,2.00,3.91
194000,63,203,9.2,0.0,0.0,0.1,9.1,0.0,1.00,19.3,25,543,30.85,0.70,203,0,0,0.0,1.00,1.00,1.00,2.50,3.18,3.22
194000,45,155,7.8,0.0,0.2,0.0,7.7,0.0,1.00,19.0,22,422,22.75,0.33,136,19,0,0.0,1.00,1.00,1.00,2.55,2.25,4.27
194000,55,52,6.6,0.0,0.1,0.0,6.5,0.0,1.00,19.7,10,408,21.47,0.36,52,0,0,0.0,1.00,1.00,1.00,2.46,2.10,4.06
195000,63,244,8.7,0.0,0.0,0.1,8.6,0.0,1.02,19.6,24,585,33.22,0.76,244,0,0,0.0,1.01,1.01,1.02,2.39,3.07,3.14
195000,45,191,8.0,0.1,0.1,0.0,7.8,0.0,1.02,18.6,31,384,21.13,0.34,180,11,0,0.0,1.00,1.03,1.03,2.73,2.36,4.35
195000,55,56,8.3,0.4,0.4,0.1,7.4,0.0,1.10,18.4,10,343,18.70,0.34,42,12,2,0.0,1.00,1.17,1.11,2.77,2.29,4.52
196000,63,261,8.8,0.0,0.0,0.0,8.7,0.0,1.00,19.6,22,664,37.71,0.86,261,0,0,0.0,1.01,1.00,1.00,2.30,3.07,3.12
196000,45,209,7.6,0.0,0.1,0.0,7.4,0.0,1.00,19.1,30,412,22.60,0.39,191,18,0,0.0,1.00,1.00,1.00,2.62,2.25,4.24
196000,55,49,7.4,0.2,0.3,0.0,6.9,0.0,1.06,18.7,11,329,18.06,0.35,33,12,4,0.0,1.03,1.07,1.09,2.92,2.22,4.51
197000,63,246,8.7,0.0,0.0,0.0,8.6,0.0,1.00,19.6,25,624,34.98,0.92,246,0,0,0.0,1.00,1.00,1.00,2.30,3.07,3.14
197000,45,149,7.8,0.1,0.3,0.1,7.3,0.0,1.03,19.1,20,464,24.53,0.38,133,16,0,0.0,1.00,1.06,1.02,2.61,2.26,4.21
197000,55,49,8.4,0.0,0.3,0.2,8.0,0.0,1.00,18.0,11,362,19.86,0.34,36,9,4,0.0,1.00,1.00,1.00,2.84,2.39,4.76
198000,63,231,8.5,0.0,0.0,0.0,8.4,0.0,1.00,19.8,16,677,38.82,1.01,231,0,0,0.0,1.00,1.00,1.00,2.19,3.02,3.06
198000,45,172,8.8,0.1,0.1,0.0,8.5,0.0,1.03,18.3,21,352,19.84,0.43,150,22,0,0.0,1.00,1.04,1.04,2.70,2.40,4.47
198000,55,71,7.3,0.1,0.1,0.0,7.1,0.0,1.06,19.1,14,312,16.93,0.35,52,16,3,0.0,1.02,1.06,1.09,2.58,2.23,4.39
199000,63,227,8.4,0.0,0.0,0.0,8.4,0.0,1.00,19.9,14,640,36.86,1.01,227,0,0,0.0,1.00,1.00,1.00,2.26,2.99,3.05
199000,45,204,7.8,0.0,0.0,0.0,7.7,0.0,1.00,19.1,30,395,21.54,0.40,179,25,0,0.0,1.00,1.00,1.00,2.46,2.27,4.24
199000,55,56,6.3,0.0,0.0,0.0,6.3,0.0,1.00,19.9,5,362,18.74,0.28,56,0,0,0.0,1.00,1.00,1.00,2.32,2.05,4.02
200000,63,215,8.9,0.0,0.0,0.1,8.7,0.0,1.01,19.5,20,704,40.17,1.00,215,0,0,0.0,1.01,1.01,1.01,2.38,3.07,3.17
200000,45,202,7.6,0.0,0.1,0.0,7.5,0.0,1.00,19.1,24,437,23.44,0.37,183,19,0,0.0,1.00,1.00,1.00,2.53,2.37,4.07
200000,55,42,8.1,0.0,0.1,0.0,8.1,0.0,1.00,18.1,7,397,21.13,0.34,41,0,1,0.0,1.00,1.00,1.00,2.86,2.33,4.64
201000,63,210,8.5,0.0,0.0,0.0,8.5,0.0,1.00,19.8,20,650,36.28,0.84,210,0,0,0.0,1.00,1.00,1.00,2.38,3.06,3.04
201000,45,150,7.9,0.0,0.2,0.0,7.6,0.0,1.00,18.8,22,409,22.07,0.41,128,21,1,0.0,1.00,1.00,1.00,2.55,2.50,4.12
201000,55,44,7.4,0.3,0.1,0.4,6.7,0.0,1.05,19.4,9,375,19.66,0.38,44,0,0,0.0,1.00,1.10,1.05,2.45,2.18,4.14
202000,63,162,8.7,0.0,0.0,0.0,8.7,0.0,1.00,19.7,12,802,44.39,0.89,162,0,0,0.0,1.00,1.00,1.00,2.29,3.05,3.08
202000,45,139,7.7,0.0,0.0,0.0,7.7,0.0,1.00,19.3,16,427,23.25,0.42,120,19,0,0.0,1.00,1.00,1.00,2.59,2.45,3.94
202000,55,60,7.3,0.2,0.3,0.2,6.4,0.0,1.05,19.3,10,364,19.08,0.28,59,0,1,0.0,1.00,1.10,1.05,2.47,2.25,4.10
203000,45,168,8.4,0.0,0.3,0.0,8.1,0.0,1.00,18.8,20,399,21.61,0.39,150,18,0,0.0,1.00,1.01,1.00,2.61,2.43,4.15
203000,63,152,8.8,0.0,0.0,0.0,8.8,0.0,1.00,19.7,16,773,43.10,0.92,152,0,0,0.0,1.00,1.00,1.00,2.26,3.05,3.10
203000,55,55,6.5,0.1,0.2,0.0,6.2,0.0,1.02,19.3,10,383,19.81,0.39,55,0,0,0.0,1.00,1.04,1.03,2.73,2.38,4.18
203000,90,23,8.8,0.0,0.0,0.0,8.8,0.0,1.00,14.8,11,77,6.22,0.36,0,22,1,0.0,1.00,1.00,1.00,3.04,2.13,7.00
204000,45,181,7.9,0.1,0.1,0.0,7.8,0.0,1.04,19.1,30,349,19.22,0.43,160,21,0,0.0,1.05,1.02,1.04,2.72,2.58,3.89
204000,63,153,9.4,0.1,0.1,0.2,9.0,0.0,1.01,19.3,19,752,41.58,0.98,153,0,0,0.0,1.02,1.00,1.01,2.42,3.12,3.20
204000,55,70,6.1,0.0,0.0,0.0,6.0,0.0,1.00,20.0,7,418,21.61,0.32,70,0,0,0.0,1.00,1.00,1.00,2.50,2.04,4.00
204000,90,11,9.1,2.2,0.0,0.0,6.9,0.0,1.83,14.5,8,50,3.65,0.18,0,8,3,0.0,1.66,1.70,2.20,3.36,2.27,6.73
205000,45,225,7.8,0.0,0.2,0.0,7.5,0.0,1.00,19.2,27,402,21.87,0.40,205,18,2,0.0,1.00,1.00,1.00,2.45,2.56,3.83
205000,63,125,9.0,0.0,0.0,0.0,9.0,0.0,1.01,19.5,11,845,45.97,0.86,125,0,0,0.0,1.01,1.01,1.01,2.25,3.06,3.19
205000,55,62,6.1,0.0,0.0,0.0,6.1,0.0,1.00,20.1,7,409,21.37,0.41,62,0,0,0.0,1.00,1.00,1.00,2.37,2.02,3.97
205000,90,18,7.5,0.3,0.0,0.0,7.2,0.0,1.11,16.4,9,120,7.75,0.18,0,12,6,0.0,1.09,1.09,1.18,2.83,1.56,7.78
206000,45,233,8.2,0.0,0.1,0.0,8.0,0.0,1.00,19.2,34,406,22.12,0.39,209,23,1,0.0,1.00,1.00,1.00,2.60,2.58,3.87
206000,63,120,8.9,0.0,0.0,0.1,8.7,0.0,1.00,19.8,14,888,48.86,0.88,120,0,0,0.0,1.00,1.00,1.00,2.27,3.03,3.07
206000,55,60,7.0,0.2,0.2,0.0,6.5,0.0,1.08,18.9,10,393,20.90,0.36,58,0,2,0.0,1.00,1.17,1.08,2.62,2.35,4.37
206000,90,15,12.0,0.0,0.0,0.0,12.0,0.0,1.00,12.8,6,108,8.69,0.11,0,13,2,0.0,1.00,1.00,1.00,3.67,2.53,7.33
207000,45,190,8.4,0.0,0.0,0.0,8.3,0.0,1.00,19.1,29,401,22.24,0.43,173,17,0,0.0,1.00,1.00,1.00,2.63,2.64,3.83
207000,63,168,9.1,0.0,0.0,0.0,9.0,0.0,1.00,19.6,16,645,36.60,0.80,168,0,0,0.0,1.00,1.00,1.00,2.15,3.08,3.15
207000,55,64,6.5,0.0,0.3,0.2,6.0,0.0,1.00,19.5,5,378,19.99,0.36,63,0,1,0.0,1.00,1.00,1.00,2.39,2.19,4.08
208000,45,197,8.3,0.0,0.1,0.1,8.1,0.0,1.00,19.0,29,384,21.66,0.42,174,21,2,0.0,1.00,1.00,1.00,2.69,2.64,3.87
208000,63,166,9.0,0.0,0.0,0.0,9.0,0.0,1.00,19.6,14,809,45.55,0.91,166,0,0,0.0,1.00,1.00,1.00,2.33,3.04,3.16
208000,55,47,7.5,0.0,0.9,0.1,6.6,0.0,1.00,18.8,7,384,20.40,0.32,47,0,0,0.0,1.00,1.00,1.00,2.64,2.32,4.30
209000,45,178,7.9,0.1,0.1,0.1,7.6,0.0,1.04,19.2,28,426,23.08,0.46,171,7,0,0.0,1.02,1.05,1.04,2.56,2.55,3.88
209000,63,146,8.9,0.0,0.0,0.0,8.9,0.0,1.01,19.6,19,770,42.58,0.75,146,0,0,0.0,1.01,1.01,1.01,2.04,3.01,3.23
209000,55,55,6.6,0.0,0.1,0.1,6.3,0.0,1.00,19.6,8,300,16.57,0.26,54,0,1,0.0,1.00,1.00,1.00,2.53,2.22,4.05
210000,45,201,8.1,0.0,0.2,0.0,7.8,0.0,1.03,19.0,32,404,21.97,0.46,184,16,1,0.0,1.03,1.03,1.03,2.59,2.57,4.00
210000,63,113,9.4,0.0,0.0,0.0,9.4,0.0,1.00,19.2,18,673,37.01,0.71,113,0,0,0.0,1.00,1.00,1.00,2.26,3.06,3.35
210000,55,97,6.7,0.0,0.2,0.0,6.6,0.0,1.00,19.4,8,362,19.06,0.37,97,0,0,0.0,1.00,1.00,1.00,2.51,2.25,4.11
211000,45,166,8.2,0.2,0.1,0.2,7.7,0.0,1.05,18.9,29,391,21.33,0.40,147,19,0,0.0,1.03,1.07,1.05,2.66,2.54,4.06
211000,63,144,8.9,0.0,0.0,0.0,8.9,0.0,1.00,19.3,21,638,35.93,0.57,144,0,0,0.0,1.00,1.00,1.00,2.27,3.05,3.29
211000,55,67,7.0,0.0,0.4,0.0,6.6,0.0,1.00,19.4,10,403,20.85,0.38,65,0,2,0.0,1.00,1.00,1.00,2.46,2.21,4.15
212000,63,177,9.0,0.1,0.0,0.0,8.9,0.0,1.01,19.5,17,698,39.74,0.75,177,0,0,0.0,1.02,1.01,1.01,2.35,3.02,3.25
212000,45,138,8.6,0.0,0.3,0.1,8.3,0.0,1.00,18.4,27,341,18.63,0.36,112,17,9,0.0,1.00,1.00,1.00,2.84,2.67,4.21
212000,55,51,6.9,0.0,0.1,0.1,6.7,0.0,1.00,19.3,6,375,20.17,0.40,50,0,1,0.0,1.00,1.00,1.00,2.45,2.20,4.22
213000,63,148,9.1,0.0,0.0,0.1,9.0,0.0,1.01,19.5,20,712,40.20,0.73,148,0,0,0.0,1.01,1.01,1.01,2.22,3.09,3.18
213000,45,132,7.9,0.0,0.3,0.0,7.6,0.0,1.00,19.0,19,349,18.87,0.40,113,15,4,0.0,1.00,1.00,1.00,2.56,2.48,4.05
213000,55,72,7.5,0.0,0.1,0.0,7.4,0.0,1.00,19.1,10,344,18.67,0.29,71,0,1,0.0,1.00,1.00,1.00,2.62,2.28,4.24
214000,45,115,7.9,0.0,0.0,0.0,7.9,0.0,1.01,19.0,24,399,21.97,0.43,101,14,0,0.0,1.00,1.01,1.01,2.65,2.33,4.20
214000,63,113,9.6,0.0,0.0,0.1,9.5,0.0,1.00,19.3,17,650,36.90,0.71,113,0,0,0.0,1.00,1.00,1.00,2.39,3.17,3.21
214000,55,74,7.3,0.1,0.4,0.0,6.8,0.0,1.03,19.1,9,374,20.35,0.29,71,0,3,0.0,1.01,1.04,1.03,2.66,2.32,4.19
215000,45,162,7.8,0.0,0.1,0.0,7.6,0.0,1.01,19.0,23,373,20.63,0.38,145,14,3,0.0,1.00,1.01,1.02,2.49,2.34,4.20
215000,63,111,9.4,0.0,0.0,0.2,9.1,0.0,1.00,19.6,11,778,44.36,0.78,111,0,0,0.0,1.00,1.00,1.00,2.47,3.05,3.14
215000,55,65,7.3,0.0,0.8,0.0,6.5,0.0,1.00,19.2,9,385,20.15,0.39,62,0,3,0.0,1.00,1.00,1.00,2.68,2.34,4.18
216000,45,196,7.8,0.1,0.2,0.1,7.5,0.0,1.01,19.2,26,401,21.81,0.45,179,14,3,0.0,1.00,1.02,1.01,2.57,2.34,4.10
216000,63,78,9.8,0.2,0.0,0.1,9.6,0.0,1.06,19.2,10,903,49.76,0.84,78,0,0,0.0,1.06,1.06,1.07,2.50,3.12,3.31
216000,55,58,6.8,0.0,0.2,0.0,6.6,0.0,1.00,19.3,8,353,19.44,0.35,56,0,2,0.0,1.00,1.00,1.00,2.62,2.19,4.26
217000,45,182,8.1,0.0,0.1,0.0,8.0,0.0,1.00,18.8,24,430,23.23,0.38,173,4,5,0.0,1.00,1.00,1.00,2.31,2.44,4.16
217000,55,66,6.3,0.0,0.1,0.0,6.2,0.0,1.00,20.0,6,384,20.32,0.42,64,0,2,0.0,1.00,1.00,1.00,2.42,2.05,3.97
217000,63,63,9.5,0.0,0.0,0.0,9.5,0.0,1.00,19.6,4,928,50.34,0.56,63,0,0,0.0,1.00,1.00,1.00,2.21,3.03,3.19
218000,45,178,8.5,0.1,0.3,0.1,8.0,0.0,1.01,18.5,34,481,25.69,0.38,168,8,2,0.0,1.00,1.02,1.01,2.60,2.58,4.21
218000,55,123,6.9,0.0,0.5,0.1,6.3,0.0,1.00,19.7,11,302,16.08,0.31,100,19,4,0.0,1.00,1.00,1.00,2.59,2.15,4.02
218000,63,40,9.9,0.2,0.0,0.1,9.7,0.0,1.06,19.2,6,999,54.36,0.51,40,0,0,0.0,1.04,1.04,1.10,2.17,3.08,3.33
219000,45,189,8.6,0.0,0.4,0.3,7.9,0.0,1.00,18.6,38,456,24.63,0.41,167,16,6,0.0,1.00,1.00,1.00,2.63,2.54,4.19
219000,55,100,6.9,0.0,0.1,0.0,6.8,0.0,1.01,19.5,14,343,18.21,0.40,87,10,3,0.0,1.00,1.00,1.01,2.46,2.32,4.12
219000,63,23,10.7,0.3,0.0,0.2,10.2,0.0,1.10,18.6,5,1532,83.88,0.68,23,0,0,0.0,1.08,1.08,1.17,2.26,3.04,3.65
220000,45,233,7.6,0.0,0.1,0.0,7.5,0.0,1.02,18.9,30,384,20.62,0.36,226,5,2,0.0,1.01,1.02,1.02,2.51,2.34,4.23
220000,55,89,6.5,0.0,0.1,0.1,6.2,0.0,1.01,19.6,8,357,18.53,0.23,88,0,1,0.0,1.00,1.02,1.01,2.47,2.20,4.07
220000,63,19,10.4,0.0,0.0,0.2,10.3,0.0,1.00,18.9,5,994,55.38,0.60,19,0,0,0.0,1.00,1.00,1.00,2.00,3.16,3.37
221000,45,236,8.3,0.1,0.2,0.0,8.0,0.0,1.02,18.5,35,404,21.93,0.42,217,15,4,0.0,1.00,1.02,1.02,2.54,2.57,4.22
221000,55,87,7.3,0.4,0.2,0.1,6.7,0.0,1.10,18.9,18,398,21.04,0.39,74,9,4,0.0,1.00,1.20,1.12,2.62,2.48,4.25
221000,63,14,11.4,0.0,0.0,0.1,11.3,0.0,1.00,18.1,5,1134,64.28,0.51,14,0,0,0.0,1.00,1.00,1.00,2.57,3.21,3.71
222000,45,252,7.9,0.1,0.1,0.0,7.7,0.0,1.01,18.9,33,409,22.05,0.38,239,11,2,0.0,1.00,1.02,1.02,2.54,2.48,4.10
222000,55,163,7.1,0.0,0.1,0.2,6.9,0.0,1.00,19.4,21,328,17.46,0.31,144,18,1,0.0,1.00,1.01,1.00,2.49,2.23,4.13
222000,63,19,10.0,0.0,0.0,0.0,10.0,0.0,1.00,19.2,6,965,52.37,0.39,19,0,0,0.0,1.00,1.00,1.00,2.53,3.11,3.32
223000,45,222,8.5,0.2,0.5,0.0,7.9,0.0,1.04,18.4,36,391,21.12,0.38,204,18,0,0.0,1.04,1.07,1.03,2.68,2.59,4.23
223000,55,155,6.7,0.1,0.2,0.2,6.2,0.0,1.05,19.7,15,383,20.04,0.29,155,0,0,0.0,1.07,1.09,1.03,2.35,2.23,3.98
223000,63,26,10.0,0.0,0.0,0.0,10.0,0.0,1.00,19.2,6,758,41.46,0.62,26,0,0,0.0,1.00,1.00,1.00,2.62,3.04,3.35
224000,45,203,7.6,0.0,0.1,0.0,7.5,0.0,1.00,19.1,22,501,26.79,0.48,178,21,4,0.0,1.00,1.00,1.00,2.47,2.38,4.07
224000,55,145,6.4,0.0,0.0,0.0,6.4,0.0,1.00,20.0,10,514,26.60,0.42,145,0,0,0.0,1.00,1.00,1.00,2.43,2.08,3.94
224000,63,65,9.3,0.1,0.0,0.0,9.1,0.0,1.06,19.5,11,535,30.07,0.37,65,0,0,0.0,1.05,1.05,1.08,2.38,3.05,3.28
225000,45,205,7.7,0.2,0.1,0.0,7.4,0.0,1.08,19.3,28,436,23.19,0.44,184,17,4,0.0,1.06,1.09,1.08,2.53,2.30,4.09
225000,55,92,6.8,0.2,0.4,0.0,6.1,0.0,1.07,19.5,14,458,23.25,0.34,92,0,0,0.0,1.07,1.11,1.05,2.37,2.30,4.07
225000,63,89,9.7,0.0,0.0,0.0,9.7,0.0,1.01,19.3,12,666,37.77,0.62,89,0,0,0.0,1.01,1.01,1.01,2.53,3.10,3.29
226000,45,237,7.7,0.0,0.2,0.1,7.4,0.0,1.00,19.1,31,396,21.38,0.40,215,20,2,0.0,1.00,1.00,1.00,2.52,2.25,4.21
226000,63,144,9.4,0.0,0.0,0.0,9.4,0.0,1.01,19.4,18,685,38.94,0.64,144,0,0,0.0,1.01,1.01,1.01,2.51,3.06,3.26
226000,55,43,6.5,0.0,0.1,0.0,6.3,0.0,1.00,19.8,6,386,20.22,0.25,43,0,0,0.0,1.00,1.00,1.00,2.44,2.16,4.00
227000,45,221,7.3,0.0,0.1,0.0,7.2,0.0,1.00,19.4,27,429,22.76,0.37,199,19,3,0.0,1.00,1.00,1.00,2.50,2.23,4.12
227000,63,203,9.4,0.0,0.0,0.0,9.4,0.0,1.00,19.5,20,604,34.67,0.68,202,0,1,0.0,1.00,1.00,1.00,2.37,3.06,3.17
227000,55,51,6.4,0.0,0.3,0.0,6.0,0.0,1.00,19.8,8,324,17.15,0.25,49,0,2,0.0,1.00,1.00,1.00,2.53,2.16,4.04
228000,45,238,8.0,0.0,0.2,0.1,7.7,0.0,1.00,19.0,36,393,20.98,0.36,218,18,2,0.0,1.00,1.00,1.00,2.55,2.39,4.14
228000,63,188,9.6,0.0,0.0,0.0,9.5,0.0,1.00,19.5,21,672,39.05,0.87,188,0,0,0.0,1.00,1.00,1.00,2.39,3.10,3.19
228000,55,59,6.2,0.0,0.0,0.0,6.2,0.0,1.00,20.1,3,412,21.13,0.38,59,0,0,0.0,1.00,1.00,1.00,2.46,2.00,3.95
229000,45,237,8.2,0.0,0.1,0.0,8.1,0.0,1.00,18.8,28,424,22.79,0.43,214,19,4,0.0,1.00,1.00,1.00,2.57,2.39,4.20
229000,63,188,9.3,0.0,0.0,0.1,9.1,0.0,1.01,19.5,24,719,41.37,0.90,188,0,0,0.0,1.01,1.01,1.02,2.28,3.08,3.18
229000,55,46,6.3,0.0,0.1,0.0,6.3,0.0,1.00,19.8,6,393,20.27,0.31,46,0,0,0.0,1.00,1.00,1.00,2.48,2.17,4.09
230000,45,218,7.3,0.0,0.2,0.0,7.1,0.0,1.00,19.5,25,537,28.54,0.55,218,0,0,0.0,1.00,1.00,1.00,2.56,2.31,3.95
230000,63,201,9.3,0.1,0.0,0.1,9.1,0.0,1.02,19.6,22,637,36.42,0.92,201,0,0,0.0,1.02,1.02,1.02,2.35,3.08,3.17
230000,55,43,5.9,0.0,0.1,0.0,5.8,0.0,1.00,20.3,7,383,19.84,0.28,42,0,1,0.0,1.00,1.00,1.00,2.37,2.09,3.88
231000,45,230,7.9,0.0,0.2,0.0,7.6,0.0,1.00,19.3,30,442,23.39,0.44,216,12,2,0.0,1.00,1.00,1.00,2.51,2.37,3.98
231000,63,229,9.3,0.0,0.0,0.1,9.2,0.0,1.00,19.5,25,609,35.51,0.83,229,0,0,0.0,1.00,1.00,1.00,2.30,3.11,3.17
231000,55,32,8.0,0.0,1.2,0.0,6.8,0.0,1.00,18.4,8,368,19.47,0.25,32,0,0,0.0,1.00,1.00,1.00,2.84,2.69,4.47
232000,63,218,9.5,0.0,0.0,0.0,9.5,0.0,1.00,19.4,23,648,37.41,0.94,218,0,0,0.0,1.00,1.00,1.00,2.42,3.12,3.17
232000,45,211,7.9,0.1,0.1,0.0,7.8,0.0,1.01,19.4,26,534,28.27,0.46,209,0,2,0.0,1.00,1.02,1.01,2.36,2.47,3.84
232000,55,29,8.0,0.0,0.1,0.2,7.7,0.0,1.01,19.2,5,365,18.91,0.30,29,0,0,0.0,1.00,1.01,1.01,2.97,2.41,4.07
233000,63,238,9.0,0.0,0.0,0.1,8.9,0.0,1.00,19.7,30,621,35.78,0.89,238,0,0,0.0,1.00,1.00,1.00,2.38,3.01,3.17
233000,45,192,7.4,0.0,0.1,0.0,7.3,0.0,1.03,19.8,21,473,25.35,0.44,192,0,0,0.0,1.03,1.03,1.03,2.47,2.47,3.64
233000,55,34,11.8,0.2,0.0,1.0,10.6,0.0,1.03,17.9,9,419,25.72,1.36,28,3,3,0.0,1.00,1.06,1.03,2.85,2.74,4.32
234000,63,233,9.1,0.1,0.0,0.1,9.0,0.0,1.01,19.7,25,664,38.49,0.94,233,0,0,0.0,1.02,1.00,1.01,2.38,3.03,3.11
234000,45,160,8.5,0.0,0.4,0.0,8.0,0.0,1.01,19.1,25,438,24.02,0.45,160,0,0,0.0,1.01,1.01,1.01,2.53,2.69,3.81
234000,55,54,8.4,0.0,0.1,0.1,8.3,0.0,1.01,18.1,13,229,13.03,0.35,30,23,1,0.0,1.00,1.01,1.01,2.69,2.72,4.31
235000,63,211,9.0,0.0,0.0,0.0,9.0,0.0,1.00,19.8,19,660,38.10,0.97,211,0,0,0.0,1.00,1.00,1.00,2.27,3.02,3.09
235000,45,168,7.7,0.0,0.1,0.0,7.7,0.0,1.00,19.6,18,403,21.80,0.38,168,0,0,0.0,1.00,1.00,1.00,2.50,2.57,3.68
235000,55,54,9.4,0.0,0.1,0.1,9.2,0.0,1.00,17.7,11,321,17.70,0.53,43,8,3,0.0,1.00,1.00,1.00,2.89,2.89,4.37
236000,63,229,9.1,0.0,0.0,0.0,9.0,0.0,1.00,19.7,24,647,37.47,0.92,229,0,0,0.0,1.00,1.00,1.00,2.41,3.03,3.14
236000,45,156,7.9,0.0,0.2,0.0,7.7,0.0,1.00,19.5,22,433,23.89,0.39,156,0,0,0.0,1.00,1.00,1.00,2.61,2.62,3.65
236000,55,45,6.1,0.0,0.1,0.0,6.1,0.0,1.00,19.9,7,360,18.15,0.27,45,0,0,0.0,1.00,1.00,1.00,2.44,2.13,4.04
236000,98,10,11.7,0.0,0.0,0.0,11.7,0.0,1.00,15.2,2,67,5.51,0.29,0,8,2,0.0,1.00,1.00,1.00,2.20,4.00,4.40
237000,63,241,9.2,0.1,0.0,0.1,9.1,0.0,1.02,19.4,29,630,36.92,0.89,241,0,0,0.0,1.02,1.02,1.02,2.32,3.10,3.17
237000,45,139,8.0,0.1,0.2,0.0,7.8,0.0,1.02,19.3,28,425,23.30,0.38,139,0,0,0.0,1.00,1.04,1.03,2.54,2.73,3.68
237000,55,44,6.1,0.0,0.2,0.0,5.9,0.0,1.00,19.8,5,447,22.88,0.47,44,0,0,0.0,1.00,1.00,1.00,2.48,2.11,4.05
238000,63,231,9.5,0.0,0.0,0.0,9.5,0.0,1.00,19.4,21,607,35.61,0.78,231,0,0,0.0,1.00,1.00,1.01,2.39,3.16,3.16
238000,45,92,8.1,0.1,0.0,0.1,7.9,0.0,1.09,19.2,20,347,19.48,0.32,92,0,0,0.0,1.08,1.11,1.09,2.59,2.96,3.46
238000,55,43,6.0,0.0,0.1,0.0,5.8,0.0,1.00,20.0,5,384,19.89,0.31,41,0,2,0.0,1.00,1.00,1.00,2.44,2.02,4.05
238000,98,12,16.7,0.2,0.0,1.7,14.8,0.0,1.09,11.8,7,103,7.25,0.08,0,10,2,0.0,1.10,1.04,1.12,3.67,4.00,6.08
239000,63,222,9.4,0.0,0.0,0.1,9.3,0.0,1.01,19.5,26,613,36.51,0.85,222,0,0,0.0,1.01,1.01,1.01,2.47,3.09,3.19
239000,45,125,8.2,0.0,0.1,0.0,8.1,0.0,1.00,19.0,25,354,19.94,0.41,125,0,0,0.0,1.00,1.00,1.00,2.58,2.67,3.86
239000,55,52,6.7,0.0,0.4,0.2,6.1,0.0,1.00,19.3,10,323,17.24,0.27,52,0,0,0.0,1.00,1.00,1.00,2.52,2.27,4.17
239000,98,15,10.1,0.1,0.7,0.0,9.4,0.3,1.01,14.1,5,65,5.79,0.12,0,14,1,0.3,1.02,1.00,1.01,2.87,3.13,5.87
240000,63,251,9.3,0.0,0.0,0.1,9.1,0.0,1.01,19.6,29,585,34.29,0.90,251,0,0,0.0,1.01,1.01,1.01,2.31,3.07,3.14
240000,45,75,8.4,0.0,0.4,0.0,8.0,0.0,1.00,18.8,17,427,23.18,0.47,75,0,0,0.0,1.00,1.00,1.00,2.60,2.93,3.69
240000,55,38,6.1,0.0,0.1,0.0,6.0,0.0,1.00,19.7,4,417,21.70,0.41,38,0,0,0.0,1.00,1.00,1.00,2.45,2.16,4.11
240000,98,15,6.2,0.0,0.0,0.0,6.2,0.0,1.00,17.7,2,168,9.16,0.24,0,14,1,0.0,1.00,1.00,1.00,2.20,2.00,5.13
240000,100,15,8.7,0.0,0.0,1.7,7.0,0.0,1.00,18.1,4,129,7.81,0.32,0,14,1,0.0,1.00,1.00,1.00,2.27,3.33,3.60
241000,63,229,9.6,0.0,0.0,0.1,9.4,0.0,1.02,19.3,29,646,37.72,0.97,229,0,0,0.0,1.01,1.01,1.02,2.45,3.11,3.26
241000,45,85,8.6,0.0,0.1,0.0,8.4,0.0,1.01,18.0,24,477,26.89,0.40,85,0,0,0.0,1.00,1.01,1.02,2.42,3.05,4.04
241000,55,56,6.4,0.0,0.0,0.3,6.0,0.0,1.01,19.8,6,363,19.10,0.37,56,0,0,0.0,1.00,1.01,1.01,2.57,2.18,4.00
241000,98,15,16.9,0.1,0.8,0.0,16.1,0.0,1.02,10.3,8,86,7.22,0.44,0,14,1,0.0,1.02,1.02,1.02,3.47,5.60,5.33
241000,100,13,12.5,0.5,1.7,1.5,8.7,0.1,1.09,16.9,4,89,5.57,0.14,0,13,0,0.1,1.17,1.00,1.09,2.46,3.54,4.00
242000,63,242,8.9,0.0,0.0,0.1,8.9,0.0,1.00,19.7,24,642,37.52,0.90,242,0,0,0.0,1.00,1.00,1.00,2.36,3.06,3.10
242000,45,76,7.7,0.0,0.1,0.0,7.6,0.0,1.01,18.9,19,526,28.21,0.48,73,0,3,0.0,1.01,1.01,1.01,2.50,2.76,3.80
242000,55,55,6.7,0.0,0.1,0.2,6.4,0.0,1.00,19.2,9,359,18.43,0.30,55,0,0,0.0,1.00,1.01,1.01,2.49,2.33,4.18
242000,98,19,16.1,0.0,0.1,0.2,15.8,0.0,1.00,11.8,6,55,5.60,0.32,0,18,1,0.0,1.00,1.00,1.00,3.47,5.21,4.89
243000,63,242,9.3,0.0,0.0,0.0,9.2,0.0,1.01,19.6,26,612,35.18,0.91,242,0,0,0.0,1.01,1.01,1.01,2.36,3.09,3.14
243000,45,55,7.9,0.1,0.0,0.1,7.7,0.0,1.01,19.2,14,444,24.29,0.39,55,0,0,0.0,1.00,1.04,1.01,2.40,2.75,3.71
243000,55,50,7.7,0.0,0.9,0.2,6.6,0.0,1.00,19.2,7,362,18.74,0.35,50,0,0,0.0,1.00,1.00,1.00,2.56,2.24,4.14
243000,98,14,14.1,0.0,0.0,0.7,13.4,0.0,1.00,13.1,6,131,11.47,0.59,0,13,1,0.0,1.00,1.00,1.00,3.50,4.50,4.93
244000,63,244,9.2,0.0,0.0,0.0,9.2,0.0,1.00,19.6,20,667,38.58,0.94,244,0,0,0.0,1.00,1.00,1.00,2.47,3.06,3.15
244000,102,59,7.1,0.0,0.0,0.0,7.1,0.0,1.00,19.4,7,351,19.26,0.30,59,0,0,0.0,1.00,1.00,1.00,2.63,1.98,4.32
244000,55,47,6.6,0.0,0.2,0.0,6.4,0.0,1.00,19.6,7,376,19.97,0.43,46,0,1,0.0,1.00,1.00,1.00,2.62,2.19,4.19
244000,45,45,8.6,0.0,0.0,0.0,8.6,0.0,1.00,18.9,9,527,29.09,0.49,45,0,0,0.0,1.00,1.00,1.00,2.58,3.09,3.49
244000,98,11,16.7,0.0,0.0,0.0,16.7,0.0,1.00,10.4,4,107,8.10,1.65,0,11,0,0.0,1.00,1.00,1.00,4.27,5.73,5.09
245000,63,241,9.7,0.0,0.0,0.1,9.6,0.0,1.01,19.4,27,647,37.72,0.86,241,0,0,0.0,1.01,1.00,1.01,2.40,3.12,3.19
245000,45,58,8.2,0.0,0.1,0.0,8.1,0.0,1.01,19.1,8,318,18.31,0.27,58,0,0,0.0,1.00,1.01,1.02,2.55,2.90,3.53
245000,102,43,6.9,0.0,0.0,0.0,6.9,0.0,1.00,19.5,5,312,17.18,0.18,43,0,0,0.0,1.00,1.00,1.00,2.65,2.05,4.19
245000,55,28,6.3,0.0,0.0,0.0,6.2,0.0,1.00,19.7,3,633,33.16,0.59,28,0,0,0.0,1.00,1.00,1.00,2.36,2.11,4.07
245000,98,21,16.9,0.0,0.0,0.0,16.9,0.0,1.00,10.7,12,66,7.09,0.43,0,15,6,0.0,1.00,1.00,1.00,3.86,5.95,4.71
246000,63,239,8.9,0.0,0.0,0.0,8.9,0.0,1.00,19.7,25,686,40.07,0.99,239,0,0,0.0,1.00,1.00,1.00,2.38,3.05,3.13
246000,45,74,8.1,0.0,0.0,0.1,8.1,0.0,1.01,19.0,11,417,24.00,0.42,74,0,0,0.0,1.00,1.01,1.01,2.64,2.80,3.73
246000,55,48,6.7,0.0,0.4,0.0,6.2,0.0,1.04,19.7,9,414,21.81,0.42,47,0,1,0.0,1.04,1.04,1.04,2.38,2.15,4.02
246000,102,27,6.3,0.0,0.0,0.0,6.3,0.0,1.00,20.0,2,337,18.23,0.28,27,0,0,0.0,1.00,1.00,1.00,2.19,2.00,4.00
246000,98,8,27.9,0.0,0.0,0.2,27.6,0.0,1.00,3.5,4,58,6.40,0.61,0,6,2,0.0,1.00,1.00,1.00,4.50,7.00,7.25
247000,63,253,9.1,0.0,0.0,0.0,9.0,0.0,1.01,19.6,21,650,37.72,0.96,253,0,0,0.0,1.01,1.01,1.01,2.30,3.08,3.12
247000,45,91,8.4,0.1,0.2,0.0,8.1,0.0,1.02,19.0,18,414,23.33,0.41,91,0,0,0.0,1.00,1.02,1.03,2.55,2.84,3.69
247000,55,37,6.7,0.0,0.1,0.0,6.6,0.0,1.00,19.1,10,349,18.51,0.33,35,0,2,0.0,1.00,1.00,1.00,2.41,2.24,4.27
247000,102,24,8.2,0.0,0.0,0.0,8.2,0.0,1.00,18.8,7,380,20.47,0.26,23,0,1,0.0,1.00,1.00,1.00,2.96,2.46,4.17
247000,98,15,17.7,0.0,0.0,0.0,17.7,0.0,1.00,8.1,3,99,9.23,0.50,0,10,5,0.0,1.00,1.00,1.00,3.80,5.67,6.27
248000,63,265,8.8,0.0,0.0,0.1,8.7,0.0,1.02,19.7,24,608,35.33,0.85,265,0,0,0.0,1.02,1.02,1.02,2.32,3.05,3.12
248000,45,81,9.5,0.4,0.5,0.0,8.5,0.1,1.16,18.5,18,308,17.40,0.33,81,0,0,0.1,1.14,1.14,1.18,2.67,3.21,3.54
248000,55,27,6.9,0.0,1.1,0.0,5.7,0.0,1.00,19.2,8,291,15.63,0.34,27,0,0,0.0,1.00,1.00,1.00,2.63,2.52,4.15
248000,102,22,6.0,0.0,0.0,0.0,6.0,0.0,1.00,20.1,4,338,18.60,0.24,21,0,1,0.0,1.00,1.00,1.00,2.50,2.00,3.95
248000,98,12,14.3,0.0,0.0,2.5,11.8,0.0,1.00,12.8,6,107,8.00,0.60,0,9,3,0.0,1.00,1.00,1.00,2.42,4.58,5.00
249000,63,254,9.0,0.0,0.0,0.0,9.0,0.0,1.00,19.7,22,657,38.34,0.93,253,0,1,0.0,1.00,1.00,1.00,2.40,3.05,3.14
249000,45,64,8.7,0.0,0.0,0.0,8.7,0.0,1.00,18.8,15,435,24.56,0.54,64,0,0,0.0,1.00,1.00,1.00,2.55,3.09,3.50
249000,55,25,6.1,0.0,0.3,0.0,5.8,0.0,1.00,19.9,5,352,17.82,0.33,24,0,1,0.0,1.00,1.00,1.00,2.68,2.24,3.96
249000,102,17,8.8,0.0,0.0,0.2,8.6,0.0,1.00,18.1,7,228,13.57,0.17,17,0,0,0.0,1.00,1.00,1.00,2.88,2.47,4.47
249000,98,5,38.0,11.0,0.0,5.0,22.0,0.0,2.81,0.0,1,114,22.38,0.69,0,4,1,0.0,1.00,4.38,2.94,8.20,8.00,8.00
250000,63,238,9.0,0.1,0.0,0.0,8.9,0.0,1.02,19.7,23,597,34.62,0.90,238,0,0,0.0,1.02,1.00,1.02,2.33,3.05,3.12
250000,45,96,8.2,0.0,0.0,0.0,8.1,0.0,1.01,19.4,17,338,18.90,0.35,96,0,0,0.0,1.00,1.01,1.01,2.47,3.00,3.28
250000,55,30,6.7,0.0,0.1,0.0,6.5,0.0,1.00,19.2,5,471,25.24,0.38,30,0,0,0.0,1.00,1.00,1.00,2.60,2.27,4.23
250000,102,7,6.7,0.0,0.0,0.0,6.7,0.0,1.00,19.7,4,364,18.94,0.15,6,0,1,0.0,1.00,1.00,1.00,2.00,2.00,4.14
251000,63,238,9.2,0.1,0.0,0.0,9.1,0.0,1.02,19.5,26,652,37.47,0.94,238,0,0,0.0,1.02,1.02,1.02,2.48,3.05,3.21
251000,45,117,8.5,0.0,0.1,0.0,8.4,0.0,1.01,19.2,21,340,19.26,0.32,115,0,2,0.0,1.00,1.01,1.01,2.50,3.18,3.24
251000,55,50,7.0,0.7,0.3,0.0,6.1,0.0,1.17,19.4,7,337,17.55,0.40,50,0,0,0.0,1.00,1.25,1.22,2.46,2.34,4.08
252000,63,235,9.2,0.0,0.0,0.1,9.1,0.0,1.00,19.6,26,671,38.87,0.90,235,0,0,0.0,1.00,1.00,1.00,2.38,3.06,3.13
252000,45,111,8.6,0.1,0.1,0.1,8.4,0.0,1.01,18.9,22,379,21.78,0.36,110,0,1,0.0,1.00,1.03,1.01,2.50,3.17,3.44
252000,55,48,7.7,0.3,0.0,0.3,7.1,0.0,1.05,19.5,6,344,17.91,0.23,48,0,0,0.0,1.00,1.10,1.05,2.60,2.25,4.02
253000,63,249,9.1,0.0,0.0,0.0,9.0,0.0,1.01,19.7,20,614,35.39,0.84,249,0,0,0.0,1.01,1.01,1.01,2.37,3.03,3.12
253000,45,111,7.9,0.1,0.4,0.0,7.4,0.0,1.02,19.3,18,361,19.47,0.32,110,0,1,0.1,1.00,1.05,1.02,2.62,3.14,3.30
253000,55,35,8.0,0.5,0.0,0.0,7.4,0.0,1.10,19.4,7,533,28.01,0.45,35,0,0,0.0,1.00,1.19,1.10,2.66,2.40,4.00
254000,63,233,9.3,0.0,0.0,0.1,9.2,0.0,1.01,19.6,20,676,39.20,1.00,233,0,0,0.0,1.01,1.01,1.01,2.41,3.09,3.14
254000,45,111,8.1,0.0,0.7,0.0,7.3,0.0,1.00,18.9,20,294,16.54,0.31,111,0,0,0.0,1.00,1.00,1.00,2.68,3.13,3.47
254000,55,42,7.4,0.0,1.3,0.0,6.0,0.0,1.00,19.7,9,394,20.87,0.41,41,0,1,0.0,1.00,1.00,1.00,2.64,2.21,4.00
255000,63,219,9.2,0.0,0.0,0.0,9.1,0.0,1.02,19.6,25,731,42.44,1.01,219,0,0,0.0,1.02,1.02,1.01,2.37,3.08,3.15
255000,45,75,7.5,0.0,0.1,0.0,7.4,0.0,1.00,19.3,16,366,20.36,0.27,74,0,1,0.0,1.00,1.01,1.01,2.55,3.05,3.39
255000,55,56,6.1,0.0,0.2,0.0,5.8,0.0,1.02,19.9,7,382,19.96,0.41,55,0,1,0.0,1.01,1.02,1.04,2.45,2.18,4.00
256000,63,233,9.5,0.0,0.0,0.1,9.4,0.0,1.01,19.4,30,634,36.42,0.84,233,0,0,0.0,1.01,1.01,1.01,2.37,3.12,3.22
256000,45,72,8.1,0.0,0.3,0.1,7.7,0.0,1.00,18.9,15,462,25.89,0.37,71,0,1,0.0,1.00,1.00,1.00,2.76,3.08,3.51
256000,55,39,6.1,0.0,0.1,0.0,6.0,0.0,1.00,19.9,4,420,21.66,0.30,39,0,0,0.0,1.00,1.00,1.00,2.36,2.23,3.97
257000,63,220,9.0,0.0,0.0,0.0,9.0,0.0,1.00,19.7,22,657,37.94,0.85,220,0,0,0.0,1.00,1.00,1.00,2.38,3.02,3.12
257000,45,102,7.7,0.0,0.2,0.0,7.5,0.0,1.00,18.6,21,373,20.76,0.22,101,0,1,0.0,1.00,1.00,1.00,2.74,3.15,3.59
257000,55,45,6.9,0.0,0.2,0.2,6.6,0.0,1.00,19.6,8,384,20.30,0.36,45,0,0,0.0,1.00,1.00,1.00,2.47,2.31,3.98
258000,63,215,9.0,0.0,0.0,0.0,9.0,0.0,1.00,19.6,31,640,36.85,0.80,215,0,0,0.0,1.00,1.00,1.00,2.27,3.02,3.18
258000,45,82,7.6,0.0,0.3,0.2,7.2,0.0,1.00,18.5,19,476,25.80,0.38,81,0,1,0.0,1.00,1.00,1.00,2.72,3.15,3.60
258000,55,37,6.5,0.0,0.2,0.0,6.3,0.0,1.00,19.5,7,415,22.07,0.44,37,0,0,0.0,1.00,1.00,1.00,2.84,2.22,4.16
259000,63,222,9.0,0.0,0.0,0.1,8.9,0.0,1.01,19.6,26,586,33.79,0.73,222,0,0,0.0,1.01,1.00,1.01,2.36,3.02,3.18
259000,45,76,7.1,0.0,0.1,0.0,7.0,0.0,1.00,19.1,15,417,22.72,0.27,75,0,1,0.0,1.00,1.00,1.00,2.43,2.91,3.53
259000,55,51,6.2,0.1,0.1,0.0,6.1,0.0,1.03,20.1,5,313,16.79,0.29,51,0,0,0.0,1.00,1.03,1.05,2.51,2.18,3.90
259000,104,30,9.2,0.0,0.0,0.0,9.2,0.0,1.00,18.1,6,383,22.69,0.60,30,0,0,0.0,1.00,1.00,1.00,2.70,3.90,3.07
260000,63,222,8.6,0.0,0.0,0.1,8.4,0.0,1.01,19.5,22,620,35.65,0.77,222,0,0,0.0,1.01,1.01,1.00,2.30,3.02,3.23
260000,55,65,6.3,0.0,0.0,0.0,6.3,0.0,1.00,20.3,4,421,22.17,0.29,63,0,2,0.0,1.00,1.00,1.00,2.26,2.00,3.85
260000,104,41,10.2,0.0,0.0,0.0,10.1,0.0,1.00,17.2,12,451,26.86,0.58,41,0,0,0.0,1.00,1.00,1.00,2.73,4.17,3.24
260000,45,29,7.6,0.0,0.0,0.3,7.2,0.0,1.00,19.7,8,514,26.28,0.41,28,0,1,0.0,1.00,1.00,1.00,2.48,2.90,3.28
261000,63,258,8.9,0.0,0.0,0.1,8.8,0.0,1.00,19.2,29,606,34.72,0.70,258,0,0,0.0,1.00,1.00,1.01,2.38,3.09,3.30
261000,55,68,8.1,0.5,0.2,0.4,6.9,0.0,1.10,19.2,10,339,18.01,0.37,46,19,3,0.0,1.04,1.17,1.09,2.37,2.37,4.07
261000,104,45,9.0,0.0,0.0,0.0,9.0,0.0,1.00,18.2,9,397,22.80,0.49,45,0,0,0.0,1.00,1.00,1.00,2.73,3.84,3.04
261000,45,16,8.9,0.0,0.5,0.5,7.9,0.0,1.00,17.4,9,496,27.46,0.41,16,0,0,0.0,1.00,1.00,1.00,2.75,3.62,4.00
262000,63,256,8.9,0.0,0.0,0.1,8.8,0.0,1.01,19.5,28,595,34.27,0.81,255,0,1,0.0,1.01,1.01,1.01,2.24,3.07,3.20
262000,55,50,6.6,0.0,0.4,0.0,6.3,0.0,1.00,20.2,7,367,19.14,0.40,37,12,1,0.0,1.00,1.00,1.00,2.26,2.18,3.84
262000,104,30,7.9,0.0,0.3,0.0,7.6,0.0,1.00,18.9,9,354,20.27,0.46,30,0,0,0.0,1.00,1.00,1.00,2.37,3.50,3.13
262000,45,14,7.9,0.1,0.1,0.0,7.7,0.0,1.02,18.7,6,345,18.86,0.25,14,0,0,0.0,1.00,1.03,1.02,2.79,3.36,3.43
263000,63,276,9.1,0.0,0.0,0.1,9.0,0.0,1.01,19.4,35,612,35.26,0.82,272,3,1,0.0,1.01,1.01,1.01,2.31,3.07,3.26
263000,55,51,6.3,0.0,0.1,0.0,6.2,0.0,1.01,20.2,9,405,21.38,0.40,39,9,3,0.0,1.00,1.01,1.01,2.37,2.27,3.78
263000,104,19,7.5,0.0,0.2,0.0,7.4,0.0,1.00,18.7,5,223,13.10,0.22,19,0,0,0.0,1.00,1.00,1.00,2.47,3.16,3.58
263000,45,14,6.0,0.0,0.0,0.0,6.0,0.0,1.00,20.0,1,420,21.55,0.41,14,0,0,0.0,1.00,1.00,1.00,2.50,3.00,3.00
264000,63,265,8.7,0.0,0.0,0.0,8.7,0.0,1.00,19.6,27,668,38.55,0.80,265,0,0,0.0,1.00,1.00,1.00,2.29,3.01,3.21
264000,105,51,6.2,0.0,0.1,0.0,6.1,0.0,1.00,19.8,5,487,25.09,0.26,51,0,0,0.0,1.00,1.00,1.00,2.25,2.06,4.04
264000,55,47,11.8,0.5,2.4,0.0,8.9,0.0,1.08,17.2,11,293,17.78,0.43,28,13,6,0.3,1.00,1.16,1.09,3.26,3.09,4.40
264000,104,29,6.3,0.0,0.0,0.0,6.3,0.0,1.00,19.7,4,368,20.60,0.24,29,0,0,0.0,1.00,1.00,1.00,2.07,3.00,3.14
264000,45,5,5.2,0.0,0.6,0.0,4.6,0.0,1.00,20.0,3,157,8.04,0.02,5,0,0,0.0,1.00,1.00,1.00,2.20,3.60,4.20
265000,63,248,9.3,0.1,0.0,0.1,9.1,0.0,1.02,19.3,30,655,37.15,0.73,248,0,0,0.0,1.02,1.01,1.02,2.44,3.06,3.33
265000,55,51,6.0,0.0,0.0,0.0,6.0,0.0,1.00,20.4,5,400,21.02,0.30,48,2,1,0.0,1.00,1.00,1.00,2.27,1.96,3.86
265000,105,42,6.8,0.0,0.1,0.0,6.7,0.0,1.00,19.4,7,377,20.23,0.20,41,0,1,0.0,1.00,1.00,1.00,2.52,2.14,4.14
265000,104,30,6.1,0.0,0.0,0.0,6.1,0.0,1.00,20.1,3,400,20.87,0.41,22,7,1,0.0,1.00,1.00,1.00,2.20,2.97,3.00
266000,63,244,9.2,0.0,0.0,0.0,9.2,0.0,1.00,19.2,26,684,38.93,0.78,242,2,0,0.0,1.00,1.00,1.00,2.39,3.06,3.32
266000,105,59,6.3,0.0,0.2,0.0,6.1,0.0,1.00,19.9,10,357,18.57,0.21,58,1,0,0.0,1.00,1.00,1.00,2.31,2.08,4.00
266000,55,43,7.8,0.0,1.0,0.0,6.8,0.0,1.00,18.3,9,356,18.73,0.34,43,0,0,0.0,1.00,1.00,1.00,2.60,2.49,4.56
266000,104,29,5.8,0.0,0.0,0.0,5.8,0.0,1.00,20.3,3,293,14.62,0.27,26,3,0,0.0,1.00,1.00,1.00,2.48,2.93,2.93
267000,63,262,9.0,0.0,0.0,0.1,8.9,0.0,1.01,19.2,31,637,36.69,0.65,260,2,0,0.0,1.01,1.01,1.01,2.49,3.03,3.35
267000,55,52,6.7,0.1,0.1,0.0,6.4,0.0,1.04,19.5,9,382,20.02,0.35,51,1,0,0.0,1.01,1.03,1.07,2.52,2.31,4.15
267000,105,36,6.8,0.0,0.2,0.1,6.5,0.0,1.00,19.4,8,430,21.66,0.30,28,7,1,0.0,1.00,1.00,1.00,2.39,2.22,4.06
267000,104,20,6.2,0.0,0.5,0.0,5.8,0.0,1.00,19.8,2,394,20.10,0.33,20,0,0,0.0,1.00,1.00,1.00,2.35,3.00,3.25
268000,63,327,9.0,0.0,0.0,0.0,9.0,0.0,1.01,19.1,31,606,34.20,0.61,326,1,0,0.0,1.01,1.01,1.01,2.36,3.07,3.39
268000,55,74,6.6,0.0,0.3,0.0,6.3,0.0,1.00,19.8,7,386,20.14,0.31,55,18,1,0.0,1.00,1.00,1.00,2.38,2.08,4.08
268000,105,34,6.9,0.0,0.1,0.0,6.8,0.0,1.00,19.2,7,376,19.96,0.34,27,7,0,0.0,1.00,1.00,1.00,2.29,2.29,4.12
268000,104,9,5.7,0.0,0.0,0.0,5.7,0.0,1.00,20.4,2,667,33.57,0.47,9,0,0,0.0,1.00,1.00,1.00,1.78,2.89,2.89
269000,63,309,8.9,0.0,0.0,0.0,8.9,0.0,1.00,19.3,29,747,41.76,0.67,309,0,0,0.0,1.00,1.00,1.00,2.32,3.04,3.34
269000,55,69,7.0,0.0,0.1,0.0,6.8,0.0,1.00,19.3,9,345,18.36,0.23,52,16,1,0.0,1.00,1.00,1.00,2.57,2.16,4.20
269000,105,27,6.9,0.0,0.0,0.0,6.9,0.0,1.00,19.6,3,322,17.67,0.49,23,1,3,0.0,1.00,1.00,1.00,2.48,2.19,4.00
269000,104,14,6.8,0.0,0.0,0.0,6.8,0.0,1.00,19.6,4,367,19.66,0.40,14,0,0,0.0,1.00,1.00,1.00,1.79,2.86,3.36
270000,63,296,9.1,0.0,0.0,0.0,9.1,0.0,1.00,19.1,29,702,39.52,0.67,296,0,0,0.0,1.00,1.00,1.01,2.50,3.03,3.43
270000,55,89,7.6,0.1,0.4,0.0,6.9,0.0,1.03,19.1,14,336,18.03,0.34,50,36,3,0.0,1.02,1.05,1.02,2.48,2.47,4.10
270000,105,23,8.7,0.2,0.5,0.0,8.0,0.0,1.04,18.4,5,387,23.62,0.38,23,0,0,0.0,1.07,1.07,1.00,2.43,2.65,4.13
270000,104,7,4.9,0.0,0.0,0.0,4.9,0.0,1.00,22.0,3,425,19.97,0.28,7,0,0,0.0,1.00,1.00,1.00,1.71,2.14,2.86
271000,63,262,8.9,0.0,0.0,0.0,8.8,0.0,1.00,19.1,24,694,39.08,0.70,261,0,1,0.0,1.00,1.00,1.00,2.39,3.02,3.41
271000,55,71,7.7,0.0,0.2,0.1,7.4,0.0,1.01,18.9,11,256,14.24,0.38,38,28,5,0.0,1.00,1.01,1.01,2.73,2.41,4.24
271000,105,70,8.0,0.0,0.2,0.0,7.8,0.0,1.00,18.9,10,253,15.16,0.24,64,5,1,0.0,1.00,1.00,1.00,2.44,2.46,4.09
271000,104,13,5.4,0.0,0.0,0.0,5.4,0.0,1.00,21.2,2,549,27.90,0.37,13,0,0,0.0,1.00,1.00,1.00,2.46,2.38,3.00
272000,63,274,8.8,0.0,0.0,0.1,8.7,0.0,1.00,19.2,25,655,36.33,0.54,266,8,0,0.0,1.01,1.01,1.00,2.40,3.03,3.40
272000,105,69,6.8,0.0,0.2,0.0,6.6,0.0,1.00,19.4,8,296,16.19,0.29,65,3,1,0.0,1.00,1.00,1.00,2.29,2.25,4.06
272000,55,52,6.7,0.0,0.0,0.0,6.7,0.0,1.00,20.0,9,287,15.59,0.36,18,31,3,0.0,1.00,1.00,1.00,2.56,2.13,3.88
272000,104,11,5.0,0.0,0.0,0.0,5.0,0.0,1.00,22.0,1,358,17.72,0.27,11,0,0,0.0,1.00,1.00,1.00,2.09,2.00,3.00
273000,63,271,9.4,0.0,0.0,0.0,9.3,0.0,1.00,19.1,30,689,38.34,0.63,267,4,0,0.0,1.00,1.00,1.00,2.44,3.10,3.34
273000,105,63,6.3,0.0,0.0,0.0,6.3,0.0,1.00,19.9,8,324,17.54,0.24,54,9,0,0.0,1.00,1.00,1.00,2.22,2.13,3.92
273000,55,54,7.1,0.1,0.0,0.1,6.9,0.0,1.06,19.6,8,281,14.78,0.35,31,19,4,0.0,1.00,1.08,1.08,2.30,2.44,4.02
273000,104,11,5.0,0.0,0.0,0.0,5.0,0.0,1.00,22.0,1,595,28.39,0.29,11,0,0,0.0,1.00,1.00,1.00,1.91,2.00,3.00
274000,63,281,9.1,0.0,0.0,0.1,9.1,0.0,1.00,19.2,32,674,37.92,0.68,274,7,0,0.0,1.00,1.00,1.00,2.33,3.07,3.32
274000,105,72,6.8,0.2,0.4,0.0,6.2,0.0,1.12,19.4,8,343,18.49,0.28,69,3,0,0.0,1.10,1.10,1.14,2.40,2.25,4.08
274000,55,26,6.5,0.0,0.0,0.0,6.5,0.0,1.00,19.9,6,496,25.32,0.47,22,3,1,0.0,1.00,1.00,1.00,2.50,2.00,4.04
275000,63,285,9.0,0.1,0.0,0.1,8.9,0.0,1.02,19.3,28,640,35.92,0.70,280,5,0,0.0,1.03,1.01,1.02,2.35,3.04,3.33
275000,105,49,6.4,0.4,0.0,0.0,5.9,0.0,1.10,19.8,6,379,19.42,0.31,49,0,0,0.0,1.21,1.00,1.10,2.43,2.14,3.94
275000,55,18,6.7,0.0,0.0,0.0,6.7,0.0,1.00,19.8,5,532,28.82,0.65,14,4,0,0.0,1.00,1.00,1.00,2.28,2.06,4.06
276000,63,259,9.1,0.0,0.0,0.0,9.1,0.0,1.00,19.4,20,705,40.06,0.84,253,6,0,0.0,1.00,1.00,1.00,2.29,3.03,3.26
276000,105,52,7.2,0.0,0.2,0.0,7.0,0.0,1.00,19.2,6,432,23.80,0.33,52,0,0,0.0,1.00,1.00,1.00,2.52,2.35,4.06
276000,55,41,8.5,0.3,0.8,0.0,7.3,0.0,1.04,18.6,8,351,19.83,0.41,41,0,0,0.1,1.00,1.09,1.05,2.83,2.41,4.29
277000,63,208,9.2,0.0,0.0,0.1,9.2,0.0,1.00,19.6,24,655,38.01,0.94,195,10,3,0.0,1.00,1.00,1.00,2.54,3.02,3.18
277000,105,63,7.7,0.8,0.5,0.1,6.3,0.0,1.26,19.2,7,356,19.15,0.27,60,2,1,0.0,1.28,1.28,1.24,2.43,2.30,4.11
277000,55,53,8.4,0.0,0.2,0.0,8.2,0.0,1.00,19.0,12,385,21.39,0.31,52,1,0,0.0,1.00,1.00,1.00,2.62,2.30,4.21
277000,109,22,8.9,0.0,0.0,0.0,8.9,0.0,1.00,18.1,3,913,48.69,0.28,22,0,0,0.0,1.00,1.00,1.00,2.59,3.00,3.95
278000,63,189,9.3,0.0,0.0,0.1,9.2,0.0,1.01,19.5,18,649,37.23,0.81,188,0,1,0.0,1.01,1.01,1.01,2.46,3.10,3.14
278000,105,59,7.0,0.4,0.3,0.0,6.4,0.0,1.18,19.1,9,381,20.77,0.28,58,0,1,0.0,1.18,1.18,1.19,2.51,2.34,4.12
278000,55,55,8.3,0.1,0.3,0.0,7.9,0.0,1.03,18.8,11,432,23.10,0.26,54,0,1,0.1,1.00,1.05,1.04,2.55,2.24,4.38
278000,109,12,9.0,0.0,0.0,0.0,9.0,0.0,1.00,18.0,1,1674,87.85,0.37,12,0,0,0.0,1.00,1.00,1.00,2.33,3.00,4.00
278000,110,9,10.1,0.0,0.0,0.0,10.1,0.0,1.00,18.0,5,181,12.13,0.47,0,9,0,0.0,1.00,1.00,1.00,3.22,2.56,4.44
279000,63,141,9.1,0.0,0.0,0.0,9.1,0.0,1.00,19.7,16,786,44.29,0.86,141,0,0,0.0,1.00,1.00,1.00,2.21,3.06,3.11
279000,105,81,6.6,0.0,0.0,0.0,6.5,0.0,1.00,19.7,12,413,21.93,0.32,81,0,0,0.0,1.00,1.00,1.01,2.36,2.22,3.95
279000,55,34,7.6,0.0,0.0,0.0,7.6,0.0,1.00,18.4,12,633,33.39,0.16,34,0,0,0.0,1.00,1.00,1.00,2.29,2.09,4.74
279000,109,15,9.2,0.0,0.0,0.0,9.2,0.0,1.00,17.5,6,806,41.75,0.35,15,0,0,0.0,1.00,1.00,1.00,2.73,3.13,4.13
280000,63,138,8.9,0.0,0.0,0.0,8.9,0.0,1.01,19.8,12,841,47.46,0.91,138,0,0,0.0,1.01,1.01,1.01,2.41,3.04,3.09
280000,105,115,6.4,0.0,0.0,0.0,6.4,0.0,1.00,19.7,10,372,19.62,0.21,112,0,3,0.0,1.00,1.00,1.00,2.32,2.21,3.94
280000,55,24,7.9,0.0,0.0,0.0,7.9,0.0,1.00,19.1,8,378,21.02,0.14,24,0,0,0.0,1.00,1.00,1.00,2.42,2.17,4.29
280000,109,15,9.3,0.0,0.0,0.0,9.3,0.0,1.00,17.6,5,859,45.40,0.26,15,0,0,0.0,1.00,1.00,1.00,2.40,3.00,4.20
281000,63,191,8.8,0.0,0.0,0.1,8.7,0.0,1.00,19.6,22,641,36.28,0.77,191,0,0,0.0,1.00,1.00,1.00,2.28,3.06,3.14
281000,105,112,6.9,0.2,0.1,0.0,6.7,0.0,1.08,19.4,13,426,22.72,0.33,94,17,1,0.0,1.06,1.08,1.08,2.41,2.35,3.98
281000,55,17,8.4,0.0,0.0,0.0,8.4,0.0,1.00,18.1,8,456,25.42,0.27,11,6,0,0.0,1.00,1.00,1.00,2.47,2.35,4.59
281000,109,16,8.5,0.0,0.0,0.0,8.5,0.0,1.00,18.4,6,1021,54.13,0.34,16,0,0,0.0,1.00,1.00,1.00,2.38,2.94,3.88
282000,63,246,8.5,0.0,0.0,0.1,8.4,0.0,1.02,19.9,29,574,32.80,0.71,246,0,0,0.0,1.02,1.02,1.02,2.37,2.99,3.12
282000,105,100,7.1,0.1,0.1,0.0,6.9,0.0,1.05,19.3,10,437,22.81,0.39,81,18,1,0.0,1.06,1.04,1.05,2.34,2.31,4.03
282000,109,16,8.0,0.0,0.0,0.0,8.0,0.0,1.00,19.0,7,1153,60.08,0.30,16,0,0,0.0,1.00,1.00,1.00,2.00,2.81,3.69
283000,63,281,8.8,0.0,0.0,0.0,8.8,0.0,1.01,19.7,23,657,38.05,0.81,280,1,0,0.0,1.01,1.01,1.01,2.41,3.05,3.12
283000,105,65,8.3,0.0,0.4,0.0,7.9,0.0,1.00,18.2,7,379,20.70,0.40,51,13,1,0.0,1.00,1.00,1.00,2.51,2.45,4.46
283000,109,19,9.0,0.0,0.0,0.0,9.0,0.0,1.00,18.1,6,694,36.57,0.23,19,0,0,0.0,1.00,1.00,1.00,2.68,3.00,3.95
284000,63,246,9.2,0.0,0.0,0.0,9.1,0.0,1.00,19.5,26,706,40.04,0.85,246,0,0,0.0,1.00,1.00,1.00,2.26,3.08,3.19
284000,105,58,8.1,0.0,0.1,0.1,7.9,0.0,1.00,18.6,9,321,17.66,0.26,57,1,0,0.0,1.00,1.00,1.00,2.66,2.47,4.33
284000,109,12,9.1,0.0,0.0,0.0,9.1,0.0,1.00,18.0,3,1549,80.63,0.24,12,0,0,0.0,1.00,1.00,1.00,2.42,3.00,4.00
285000,63,281,9.1,0.0,0.0,0.0,9.0,0.0,1.01,19.5,24,656,36.98,0.78,276,5,0,0.0,1.01,1.01,1.01,2.41,3.07,3.19
285000,105,48,6.9,0.2,0.1,0.0,6.6,0.0,1.11,19.3,7,295,16.30,0.30,45,1,2,0.0,1.08,1.08,1.17,2.54,2.25,4.12
285000,109,20,9.8,0.0,0.0,0.1,9.7,0.0,1.00,17.3,6,866,45.70,0.31,20,0,0,0.0,1.00,1.00,1.00,2.10,3.20,4.15
286000,63,330,8.8,0.0,0.0,0.1,8.7,0.0,1.01,19.7,31,678,38.34,0.80,329,0,1,0.0,1.01,1.01,1.01,2.20,3.01,3.15
286000,105,34,6.3,0.0,0.0,0.0,6.3,0.0,1.00,19.8,3,413,22.52,0.36,33,0,1,0.0,1.00,1.00,1.00,2.44,2.09,4.03
286000,109,14,9.5,0.0,0.0,0.1,9.4,0.0,1.00,17.6,5,1102,59.34,0.33,14,0,0,0.0,1.00,1.00,1.00,2.71,3.14,4.07
287000,63,321,9.5,0.0,0.0,0.0,9.5,0.0,1.01,19.2,35,733,41.80,0.94,316,5,0,0.0,1.01,1.00,1.01,2.40,3.13,3.26
287000,105,53,6.7,0.2,0.3,0.0,6.2,0.0,1.09,19.6,5,370,19.91,0.37,53,0,0,0.0,1.11,1.07,1.09,2.25,2.13,4.08
287000,109,19,8.9,0.0,0.0,0.4,8.5,0.0,1.00,18.2,6,947,49.87,0.22,18,1,0,0.0,1.00,1.00,1.00,2.37,3.00,3.89
288000,63,331,9.4,0.0,0.0,0.0,9.4,0.0,1.02,19.4,36,649,36.76,0.89,330,0,1,0.0,1.02,1.02,1.02,2.44,3.09,3.20
288000,105,44,6.5,0.3,0.2,0.0,6.0,0.0,1.11,19.5,4,380,19.82,0.36,42,1,1,0.0,1.14,1.09,1.11,2.30,2.20,4.05
288000,109,13,9.1,0.0,0.0,0.1,9.0,0.0,1.00,18.0,3,1268,65.44,0.43,12,1,0,0.0,1.00,1.00,1.00,2.62,3.00,4.00
289000,63,354,9.2,0.0,0.0,0.0,9.2,0.0,1.01,19.6,27,659,37.80,0.79,353,1,0,0.0,1.01,1.00,1.01,2.32,3.05,3.19
289000,105,48,6.1,0.0,0.0,0.0,6.1,0.0,1.00,20.0,7,349,18.29,0.34,45,0,3,0.0,1.00,1.00,1.00,2.33,2.08,3.90
289000,109,7,8.9,0.0,0.0,0.0,8.9,0.0,1.00,18.3,2,546,28.28,0.25,7,0,0,0.0,1.00,1.00,1.00,2.57,3.00,3.86
290000,63,353,9.1,0.0,0.0,0.1,9.0,0.0,1.01,19.6,31,677,39.12,0.81,353,0,0,0.0,1.01,1.00,1.01,2.26,3.06,3.14
290000,105,50,7.5,0.0,0.4,0.1,7.1,0.0,1.00,19.2,8,287,15.52,0.24,48,0,2,0.0,1.00,1.00,1.00,2.48,2.34,4.06
291000,63,349,9.2,0.0,0.0,0.0,9.2,0.0,1.00,19.6,35,651,37.51,0.87,349,0,0,0.0,1.01,1.00,1.01,2.29,3.04,3.17
291000,105,63,6.3,0.0,0.0,0.0,6.3,0.0,1.00,19.7,4,305,16.80,0.21,59,3,1,0.0,1.00,1.00,1.00,2.29,2.11,4.02
292000,63,351,9.1,0.0,0.0,0.1,9.0,0.0,1.00,19.6,38,627,36.23,0.90,351,0,0,0.0,1.00,1.00,1.01,2.34,3.06,3.14
292000,105,25,6.8,0.0,0.0,0.0,6.8,0.0,1.00,19.4,4,482,25.58,0.46,18,5,2,0.0,1.00,1.00,1.00,2.40,2.32,4.00
293000,63,335,9.3,0.0,0.0,0.0,9.2,0.0,1.00,19.6,35,607,35.47,0.87,335,0,0,0.0,1.00,1.00,1.00,2.38,3.07,3.16
293000,105,38,8.9,0.0,1.2,0.1,7.6,0.0,1.00,17.8,7,314,18.18,0.37,29,7,2,0.0,1.00,1.00,1.00,2.66,2.79,4.37
294000,63,329,9.3,0.0,0.0,0.1,9.2,0.0,1.00,19.5,35,602,34.96,0.87,329,0,0,0.0,1.00,1.00,1.00,2.34,3.09,3.19
294000,105,32,7.8,0.0,0.0,0.0,7.8,0.0,1.00,18.6,5,391,21.69,0.35,24,5,3,0.0,1.00,1.00,1.00,2.56,2.56,4.16
295000,63,331,9.0,0.0,0.0,0.1,8.9,0.0,1.00,19.7,29,633,36.64,0.83,331,0,0,0.0,1.01,1.00,1.00,2.23,3.03,3.13
295000,105,50,6.5,0.0,0.0,0.0,6.5,0.0,1.00,19.7,8,312,17.24,0.33,43,5,2,0.0,1.00,1.00,1.00,2.52,2.18,3.98
296000,63,320,9.1,0.0,0.0,0.1,9.0,0.0,1.00,19.6,33,698,40.61,0.94,320,0,0,0.0,1.00,1.00,1.00,2.40,3.06,3.15
296000,105,45,6.3,0.0,0.0,0.0,6.3,0.0,1.00,20.0,8,361,19.66,0.36,41,1,3,0.0,1.00,1.00,1.00,2.29,2.16,3.87
297000,63,303,9.0,0.0,0.0,0.1,8.9,0.0,1.01,19.7,25,714,40.99,0.98,303,0,0,0.0,1.01,1.00,1.01,2.33,3.02,3.13
297000,105,54,7.7,0.3,0.4,0.2,6.8,0.0,1.12,18.6,11,346,18.67,0.36,48,5,1,0.0,1.18,1.03,1.13,2.65,2.48,4.22
298000,63,309,9.3,0.0,0.0,0.0,9.2,0.0,1.00,19.6,25,729,41.44,0.89,309,0,0,0.0,1.00,1.00,1.00,2.22,3.07,3.17
298000,105,67,6.6,0.0,0.0,0.3,6.3,0.0,1.00,19.8,5,333,17.86,0.24,66,0,1,0.0,1.00,1.00,1.00,2.30,2.10,4.01
299000,63,265,9.2,0.0,0.0,0.0,9.1,0.0,1.01,19.5,23,777,43.51,0.95,264,0,1,0.0,1.01,1.01,1.01,2.32,3.05,3.19
299000,105,97,6.3,0.0,0.0,0.0,6.3,0.0,1.00,19.8,14,295,15.92,0.25,79,16,2,0.0,1.00,1.00,1.00,2.32,2.08,4.02
300000,63,247,8.9,0.0,0.0,0.0,8.9,0.0,1.00,19.6,21,748,41.66,0.84,247,0,0,0.0,1.00,1.00,1.00,2.27,3.06,3.16
300000,105,133,6.4,0.0,0.2,0.0,6.2,0.0,1.00,19.7,11,363,19.26,0.29,129,3,1,0.0,1.00,1.00,1.00,2.32,2.10,4.04
301000,63,270,9.0,0.0,0.0,0.0,8.9,0.0,1.00,19.5,25,787,43.65,0.79,270,0,0,0.0,1.00,1.00,1.00,2.30,3.04,3.24
301000,105,93,6.4,0.0,0.1,0.0,6.3,0.0,1.00,19.8,10,355,18.98,0.29,92,1,0,0.0,1.00,1.00,1.00,2.32,2.15,3.98
302000,63,252,9.2,0.1,0.0,0.0,9.1,0.0,1.03,19.3,25,840,46.89,0.88,252,0,0,0.0,1.04,1.02,1.03,2.47,3.06,3.29
302000,105,98,7.5,0.1,1.0,0.1,6.3,0.0,1.04,19.1,13,310,16.49,0.24,98,0,0,0.0,1.02,1.05,1.04,2.43,2.29,4.16
303000,63,269,9.2,0.0,0.0,0.0,9.1,0.0,1.01,19.4,26,753,41.60,0.77,269,0,0,0.0,1.01,1.01,1.01,2.39,3.06,3.25
303000,105,102,6.8,0.3,0.3,0.0,6.3,0.0,1.06,19.6,14,460,24.29,0.38,98,2,2,0.0,1.06,1.08,1.04,2.26,2.22,4.03
304000,63,286,9.0,0.1,0.0,0.1,8.8,0.0,1.05,19.5,33,766,42.86,0.83,286,0,0,0.0,1.04,1.03,1.12,2.46,3.01,3.24
304000,105,94,6.3,0.0,0.0,0.0,6.3,0.0,1.00,19.9,7,421,21.96,0.33,94,0,0,0.0,1.00,1.00,1.00,2.41,2.11,3.97
305000,63,363,9.2,0.0,0.0,0.0,9.2,0.0,1.00,19.4,30,650,36.79,0.69,363,0,0,0.0,1.01,1.00,1.00,2.44,3.02,3.26
305000,105,89,6.5,0.0,0.0,0.0,6.5,0.0,1.00,19.8,10,401,21.37,0.35,82,4,3,0.0,1.00,1.00,1.00,2.48,2.08,4.04
306000,63,390,9.7,0.1,0.0,0.1,9.5,0.0,1.02,19.2,49,622,35.90,0.74,389,0,1,0.0,1.02,1.00,1.02,2.45,3.09,3.34
306000,105,112,6.9,0.0,0.2,0.0,6.7,0.0,1.00,19.5,13,339,18.42,0.33,91,17,4,0.0,1.00,1.00,1.00,2.46,2.14,4.13
307000,63,377,9.2,0.1,0.0,0.0,9.1,0.0,1.02,19.4,38,626,35.69,0.76,375,2,0,0.0,1.02,1.02,1.02,2.41,3.03,3.30
307000,105,101,7.6,0.1,0.2,0.0,7.3,0.0,1.04,18.8,11,353,19.28,0.37,87,12,2,0.0,1.05,1.06,1.03,2.40,2.41,4.20
308000,63,389,9.1,0.0,0.0,0.0,9.1,0.0,1.00,19.3,39,635,36.18,0.76,381,8,0,0.0,1.00,1.00,1.01,2.31,3.03,3.30
308000,105,79,7.6,0.0,0.4,0.1,7.1,0.0,1.00,18.8,12,342,19.20,0.30,73,3,3,0.0,1.00,1.00,1.00,2.41,2.48,4.13
309000,63,397,9.2,0.1,0.0,0.1,9.1,0.0,1.01,19.4,40,649,36.90,0.74,389,8,0,0.0,1.01,1.01,1.02,2.24,3.06,3.27
309000,105,80,7.2,0.2,0.0,0.2,6.8,0.0,1.11,19.0,12,363,19.86,0.32,78,2,0,0.0,1.09,1.11,1.12,2.55,2.53,4.00
310000,63,388,9.2,0.0,0.0,0.0,9.1,0.0,1.00,19.5,30,691,39.42,0.81,378,10,0,0.0,1.00,1.00,1.00,2.43,3.05,3.20
310000,105,95,7.4,0.5,0.2,0.0,6.7,0.0,1.16,18.7,13,350,19.55,0.35,93,1,1,0.0,1.21,1.22,1.11,2.55,2.63,4.02
311000,63,393,9.5,0.1,0.0,0.1,9.3,0.0,1.01,19.3,44,670,38.00,0.76,374,18,1,0.0,1.02,1.01,1.02,2.39,3.09,3.28
311000,105,80,8.6,0.5,0.4,0.3,7.3,0.0,1.15,18.0,14,321,18.25,0.28,79,1,0,0.0,1.14,1.09,1.18,2.62,2.72,4.26
312000,63,430,8.9,0.0,0.0,0.1,8.8,0.0,1.02,19.5,41,687,38.97,0.82,413,17,0,0.0,1.02,1.01,1.02,2.35,3.03,3.20
312000,105,90,6.5,0.1,0.0,0.1,6.3,0.0,1.03,19.6,11,384,20.63,0.30,90,0,0,0.0,1.02,1.04,1.03,2.24,2.28,3.92
313000,63,422,9.4,0.0,0.0,0.0,9.3,0.0,1.00,19.3,40,634,35.98,0.77,411,11,0,0.0,1.01,1.00,1.00,2.38,3.09,3.26
313000,105,83,6.2,0.0,0.0,0.0,6.2,0.0,1.00,19.9,11,364,19.33,0.29,82,0,1,0.0,1.00,1.00,1.00,2.40,2.13,3.98
314000,63,366,9.5,0.1,0.0,0.0,9.3,0.0,1.02,19.3,33,715,40.55,0.85,353,13,0,0.0,1.02,1.02,1.03,2.40,3.08,3.28
314000,105,102,6.3,0.0,0.2,0.0,6.0,0.0,1.00,19.7,9,317,16.70,0.26,101,0,1,0.0,1.00,1.00,1.00,2.34,2.06,4.10
315000,63,336,9.1,0.0,0.0,0.0,9.0,0.0,1.01,19.6,29,707,40.63,0.89,333,2,1,0.0,1.01,1.01,1.02,2.43,3.04,3.16
315000,105,108,6.1,0.0,0.0,0.0,6.1,0.0,1.00,19.8,11,395,21.18,0.34,100,6,2,0.0,1.00,1.00,1.00,2.20,2.01,4.07
316000,63,337,9.3,0.0,0.0,0.1,9.1,0.0,1.01,19.4,30,746,42.35,0.93,337,0,0,0.0,1.02,1.01,1.01,2.25,3.07,3.24
316000,105,110,6.8,0.0,0.2,0.1,6.5,0.0,1.00,19.3,17,346,18.25,0.27,105,3,2,0.0,1.00,1.00,1.00,2.35,2.21,4.20
317000,63,330,9.2,0.1,0.0,0.1,9.0,0.0,1.03,19.6,28,720,40.36,0.88,325,5,0,0.0,1.03,1.02,1.03,2.25,3.05,3.19
317000,105,103,6.9,0.0,0.0,0.1,6.8,0.0,1.01,19.1,20,406,21.24,0.31,97,5,1,0.0,1.00,1.00,1.01,2.40,2.02,4.41
318000,63,373,9.1,0.1,0.0,0.1,9.0,0.0,1.02,19.6,39,649,36.67,0.79,370,3,0,0.0,1.02,1.01,1.02,2.30,3.05,3.17
318000,105,84,6.4,0.0,0.0,0.0,6.4,0.0,1.00,19.5,16,411,21.94,0.31,81,3,0,0.0,1.00,1.00,1.00,2.26,1.96,4.27
319000,63,371,8.9,0.0,0.0,0.1,8.8,0.0,1.00,19.7,30,683,38.25,0.81,363,8,0,0.0,1.00,1.00,1.01,2.32,3.02,3.13
319000,105,86,6.9,0.0,0.2,0.0,6.7,0.0,1.01,19.3,14,373,19.80,0.32,86,0,0,0.1,1.00,1.01,1.01,2.40,2.09,4.27
320000,63,422,8.9,0.0,0.0,0.1,8.7,0.0,1.01,19.7,35,650,36.29,0.73,415,7,0,0.0,1.01,1.00,1.02,2.36,3.03,3.17
320000,105,75,7.0,0.0,0.0,0.0,7.0,0.0,1.00,18.8,15,349,18.71,0.27,73,2,0,0.0,1.00,1.00,1.00,2.45,2.19,4.43
321000,63,373,8.9,0.1,0.0,0.1,8.8,0.0,1.02,19.7,28,705,39.41,0.81,369,4,0,0.0,1.03,1.01,1.03,2.36,3.01,3.16
321000,105,74,7.0,0.0,0.0,0.0,7.0,0.0,1.00,18.6,18,368,19.41,0.35,70,1,3,0.0,1.00,1.00,1.00,2.31,2.22,4.54
322000,63,371,8.9,0.0,0.0,0.1,8.8,0.0,1.00,19.6,42,660,36.83,0.70,369,2,0,0.0,1.00,1.00,1.00,2.35,3.02,3.19
322000,105,52,7.6,0.0,0.5,0.1,7.0,0.0,1.00,17.8,13,333,17.84,0.33,47,4,1,0.0,1.00,1.00,1.00,2.85,2.37,4.75
323000,63,332,9.0,0.0,0.0,0.0,8.9,0.0,1.00,19.6,29,725,40.36,0.80,322,9,1,0.0,1.00,1.00,1.00,2.33,3.04,3.17
323000,105,28,5.8,0.0,0.0,0.1,5.6,0.0,1.00,19.8,8,408,20.72,0.31,24,3,1,0.0,1.00,1.00,1.00,2.61,1.96,4.29
324000,63,296,8.9,0.0,0.0,0.0,8.8,0.0,1.00,19.6,31,737,40.56,0.82,295,1,0,0.0,1.01,1.00,1.01,2.26,3.04,3.17
324000,105,32,7.1,0.0,0.0,0.0,7.1,0.0,1.00,19.1,8,302,15.97,0.28,25,6,1,0.0,1.00,1.00,1.00,2.56,2.22,4.25
325000,63,265,8.6,0.0,0.0,0.0,8.6,0.0,1.00,19.8,23,848,45.74,0.73,260,5,0,0.0,1.00,1.00,1.00,2.31,3.01,3.13
325000,105,98,6.2,0.0,0.1,0.0,6.1,0.0,1.00,19.6,11,447,23.03,0.28,93,5,0,0.0,1.00,1.00,1.00,2.36,2.14,4.04
326000,63,273,8.6,0.0,0.0,0.0,8.6,0.0,1.00,19.7,31,797,42.94,0.72,269,4,0,0.0,1.00,1.00,1.00,2.25,3.03,3.17
326000,105,78,6.2,0.0,0.4,0.1,5.6,0.0,1.00,20.1,7,347,18.08,0.25,72,5,1,0.0,1.00,1.00,1.00,2.40,2.10,3.88
327000,63,282,8.8,0.0,0.0,0.0,8.7,0.0,1.01,19.5,32,776,41.51,0.68,276,6,0,0.0,1.01,1.01,1.01,2.38,3.06,3.22
327000,105,70,7.2,0.1,0.1,0.1,7.0,0.0,1.03,18.8,11,302,16.43,0.28,70,0,0,0.0,1.01,1.02,1.05,2.53,2.17,4.43
328000,63,266,8.4,0.0,0.0,0.0,8.4,0.0,1.00,19.7,29,809,43.43,0.72,259,5,2,0.0,1.00,1.00,1.00,2.45,3.02,3.15
328000,105,100,8.3,0.0,0.9,0.0,7.4,0.0,1.00,18.5,17,336,18.40,0.26,99,1,0,0.0,1.00,1.00,1.00,2.53,2.28,4.45
329000,63,242,8.3,0.0,0.0,0.0,8.3,0.0,1.00,19.9,21,817,42.95,0.64,235,7,0,0.0,1.00,1.00,1.00,2.29,3.00,3.08
329000,105,117,6.6,0.0,0.0,0.0,6.5,0.0,1.00,19.6,13,335,17.65,0.30,117,0,0,0.0,1.00,1.00,1.00,2.43,2.18,4.04
330000,63,250,8.7,0.0,0.0,0.0,8.7,0.0,1.00,19.7,22,825,44.27,0.78,242,8,0,0.0,1.00,1.00,1.00,2.40,3.02,3.16
330000,105,126,6.8,0.0,0.2,0.1,6.5,0.0,1.00,19.5,12,323,17.40,0.24,126,0,0,0.0,1.00,1.00,1.00,2.29,2.20,4.05
331000,63,298,8.5,0.0,0.0,0.0,8.4,0.0,1.00,19.6,23,608,33.20,0.60,295,3,0,0.0,1.00,1.00,1.00,2.27,3.01,3.19
331000,105,246,32.6,7.2,0.0,0.1,25.3,0.0,2.52,9.9,59,218,18.42,1.49,113,8,125,0.0,3.22,2.43,2.22,5.02,4.91,6.14
332000,63,259,8.5,0.1,0.0,0.0,8.4,0.0,1.03,19.8,26,877,47.30,0.80,253,6,0,0.0,1.03,1.02,1.04,2.24,3.01,3.14
332000,105,129,6.7,0.1,0.0,0.0,6.6,0.0,1.07,19.1,16,341,18.13,0.31,112,12,5,0.0,1.05,1.07,1.07,2.49,2.15,4.30
333000,63,224,8.5,0.0,0.0,0.0,8.4,0.0,1.00,19.7,20,864,46.07,0.75,223,1,0,0.0,1.00,1.00,1.00,2.28,3.01,3.13
333000,105,118,7.1,0.1,0.1,0.0,6.9,0.0,1.04,18.9,17,420,21.96,0.34,110,8,0,0.0,1.02,1.05,1.05,2.47,2.27,4.31
334000,63,226,8.7,0.1,0.0,0.0,8.6,0.0,1.02,19.7,19,756,40.85,0.70,220,5,1,0.0,1.02,1.02,1.02,2.53,3.03,3.16
334000,105,136,7.2,0.0,0.3,0.1,6.7,0.0,1.00,19.0,19,354,18.76,0.28,130,3,3,0.0,1.00,1.00,1.00,2.48,2.20,4.33
335000,63,294,8.5,0.0,0.0,0.1,8.4,0.0,1.01,19.6,27,695,37.98,0.68,291,2,1,0.0,1.01,1.01,1.01,2.34,3.04,3.19
335000,105,67,7.0,0.3,0.3,0.3,6.1,0.0,1.07,19.3,9,393,20.59,0.34,62,2,3,0.1,1.09,1.07,1.06,2.42,2.27,4.10
336000,63,267,8.7,0.0,0.0,0.0,8.6,0.0,1.01,19.6,23,804,43.80,0.75,264,3,0,0.0,1.02,1.01,1.02,2.28,3.02,3.19
336000,105,59,7.9,0.3,1.0,0.0,6.6,0.0,1.15,18.8,10,290,15.66,0.19,59,0,0,0.0,1.16,1.16,1.14,2.49,2.42,4.22
337000,63,234,8.9,0.0,0.0,0.0,8.9,0.0,1.00,19.5,22,734,39.74,0.63,227,7,0,0.0,1.00,1.00,1.01,2.29,3.06,3.20
337000,105,46,6.8,0.0,0.6,0.0,6.3,0.0,1.00,19.3,4,321,17.38,0.23,46,0,0,0.0,1.00,1.00,1.00,2.39,2.22,4.11
338000,63,247,8.8,0.0,0.0,0.0,8.8,0.0,1.00,19.6,23,745,40.81,0.67,240,7,0,0.0,1.00,1.00,1.00,2.23,3.02,3.17
338000,105,41,6.7,0.0,0.0,0.0,6.7,0.0,1.00,19.4,7,374,20.21,0.25,40,0,1,0.0,1.00,1.00,1.00,2.24,2.17,4.12
339000,63,233,8.9,0.0,0.0,0.0,8.9,0.0,1.00,19.6,22,803,43.95,0.70,226,7,0,0.0,1.00,1.00,1.00,2.34,3.05,3.18
339000,120,85,6.5,0.0,0.5,0.0,6.0,0.0,1.00,20.0,9,396,20.03,0.30,85,0,0,0.0,1.00,1.00,1.00,2.26,2.09,3.91
339000,105,34,7.8,0.0,0.2,0.0,7.6,0.0,1.00,18.4,6,433,23.31,0.34,34,0,0,0.0,1.00,1.00,1.00,2.74,2.41,4.41
340000,63,219,9.0,0.0,0.0,0.0,9.0,0.0,1.00,19.6,21,818,44.44,0.66,214,4,1,0.0,1.00,1.00,1.00,2.35,3.02,3.18
340000,120,70,7.1,0.2,0.0,0.0,7.0,0.0,1.04,19.3,9,431,22.57,0.34,69,0,1,0.0,1.00,1.08,1.04,2.37,2.10,4.23
340000,105,28,7.7,0.0,0.0,0.0,7.7,0.0,1.00,18.6,6,286,15.87,0.27,28,0,0,0.0,1.00,1.00,1.00,2.54,2.54,4.18
341000,63,275,9.1,0.0,0.0,0.0,9.0,0.0,1.01,19.5,30,716,39.25,0.65,271,3,1,0.0,1.01,1.00,1.01,2.29,3.06,3.24
341000,120,59,7.3,0.0,0.0,0.0,7.3,0.0,1.00,18.9,9,362,19.36,0.34,59,0,0,0.0,1.00,1.01,1.00,2.31,2.07,4.49
341000,105,25,7.1,0.0,0.0,0.0,7.1,0.0,1.00,19.0,5,343,18.76,0.29,25,0,0,0.0,1.00,1.00,1.00,2.56,2.48,4.00
341000,121,7,6.0,0.0,0.0,0.0,6.0,0.0,1.00,20.0,1,221,12.27,0.08,7,0,0,0.0,1.00,1.00,1.00,2.00,2.00,4.00
342000,63,306,9.4,0.1,0.0,0.1,9.3,0.0,1.02,19.2,40,692,39.09,0.75,302,4,0,0.0,1.02,1.01,1.02,2.31,3.08,3.34
342000,120,72,6.5,0.0,0.0,0.0,6.5,0.0,1.00,19.7,9,370,19.65,0.31,72,0,0,0.0,1.00,1.00,1.00,2.36,1.99,4.18
342000,105,19,7.5,0.0,0.0,0.0,7.5,0.0,1.00,18.5,2,313,18.45,0.21,19,0,0,0.0,1.00,1.00,1.00,2.42,2.74,4.00
342000,121,11,6.5,0.0,0.3,0.0,6.2,0.0,1.00,20.0,4,243,13.32,0.10,11,0,0,0.0,1.00,1.00,1.00,2.36,2.18,3.82
343000,63,311,9.1,0.1,0.0,0.0,9.0,0.0,1.03,19.4,28,684,38.35,0.74,310,1,0,0.0,1.02,1.01,1.05,2.22,3.04,3.25
343000,120,93,6.5,0.1,0.0,0.0,6.5,0.0,1.02,19.1,14,390,20.50,0.30,92,0,1,0.0,1.01,1.03,1.03,2.34,1.72,4.74
343000,105,20,7.5,0.2,0.2,0.0,7.2,0.0,1.10,18.5,7,268,15.51,0.20,20,0,0,0.0,1.08,1.08,1.20,2.65,2.65,4.10
344000,63,289,9.1,0.0,0.0,0.0,9.0,0.0,1.01,19.5,30,773,43.73,0.89,289,0,0,0.0,1.01,1.01,1.02,2.43,3.03,3.22
344000,120,108,6.5,0.0,0.0,0.2,6.3,0.0,1.00,19.0,15,457,23.55,0.36,105,0,3,0.0,1.00,1.00,1.00,2.37,1.77,4.71
344000,121,13,5.7,0.0,0.2,0.0,5.5,0.0,1.00,20.2,5,211,11.58,0.13,11,2,0,0.0,1.00,1.00,1.00,2.15,2.15,3.85
345000,63,307,9.2,0.0,0.0,0.1,9.1,0.0,1.00,19.5,28,740,42.23,0.89,307,0,0,0.0,1.00,1.00,1.00,2.44,3.05,3.19
345000,120,95,6.5,0.0,0.0,0.0,6.5,0.0,1.00,19.3,12,529,26.76,0.33,94,0,1,0.0,1.00,1.00,1.00,2.44,1.83,4.52
345000,121,10,6.0,0.0,0.0,0.0,6.0,0.0,1.00,20.0,1,214,11.16,0.17,10,0,0,0.0,1.00,1.00,1.00,2.20,2.00,4.00
346000,63,329,9.5,0.0,0.0,0.0,9.5,0.0,1.00,19.3,32,635,36.57,0.82,329,0,0,0.0,1.00,1.00,1.00,2.36,3.09,3.30
346000,120,98,6.3,0.0,0.0,0.0,6.3,0.0,1.00,19.5,14,419,21.41,0.28,94,2,2,0.0,1.00,1.00,1.00,2.19,1.68,4.58
346000,105,12,9.2,1.7,0.0,0.0,7.5,0.0,1.28,18.3,2,373,19.67,0.19,11,0,1,0.0,1.00,1.11,1.51,2.58,2.50,4.33
346000,121,8,5.6,0.0,0.0,0.1,5.5,0.0,1.00,20.5,2,458,24.16,0.39,8,0,0,0.0,1.00,1.00,1.00,2.25,2.00,3.75
347000,63,328,9.1,0.0,0.0,0.1,8.9,0.0,1.00,19.5,36,659,37.46,0.80,328,0,0,0.0,1.00,1.00,1.00,2.34,3.02,3.24
347000,120,95,7.0,0.0,0.0,0.3,6.7,0.0,1.00,19.1,14,376,19.81,0.25,92,1,2,0.0,1.00,1.00,1.00,2.36,1.81,4.68
347000,105,9,6.0,0.0,0.0,0.0,6.0,0.0,1.00,20.0,1,653,32.60,0.38,9,0,0,0.0,1.00,1.00,1.00,2.22,2.00,4.00
347000,121,7,6.0,0.0,0.0,0.0,6.0,0.0,1.00,20.0,3,429,22.38,0.34,7,0,0,0.0,1.00,1.00,1.00,2.43,2.14,3.86
348000,63,325,8.9,0.1,0.0,0.1,8.7,0.0,1.02,19.7,31,718,40.49,0.87,325,0,0,0.0,1.02,1.01,1.02,2.41,2.97,3.18
348000,120,84,6.9,0.1,0.1,0.0,6.7,0.0,1.03,19.0,15,403,20.73,0.23,80,2,2,0.0,1.02,1.04,1.03,2.32,1.75,4.77
348000,105,14,8.9,2.6,0.0,0.0,6.2,0.0,1.77,18.6,2,440,22.81,0.30,14,0,0,0.0,1.62,1.95,1.76,2.79,2.43,4.29
348000,121,8,6.0,0.0,0.0,0.0,6.0,0.0,1.00,20.0,1,224,11.57,0.20,8,0,0,0.0,1.00,1.00,1.00,2.38,2.00,4.00
349000,63,371,9.4,0.0,0.0,0.2,9.2,0.0,1.01,19.4,43,690,39.13,0.89,370,0,1,0.0,1.01,1.01,1.01,2.45,3.05,3.26
349000,120,56,6.8,0.0,0.0,0.0,6.8,0.0,1.00,19.2,10,346,18.87,0.31,54,2,0,0.0,1.00,1.00,1.00,2.29,1.75,4.64
349000,105,29,6.8,0.0,0.0,0.0,6.8,0.0,1.00,19.7,4,329,18.08,0.29,29,0,0,0.0,1.00,1.00,1.00,2.24,2.24,3.93
350000,63,363,9.1,0.0,0.0,0.1,9.0,0.0,1.01,19.4,41,651,36.71,0.82,363,0,0,0.0,1.01,1.01,1.01,2.41,3.06,3.24
350000,120,74,7.3,0.0,0.0,0.0,7.2,0.0,1.00,18.7,14,314,16.98,0.28,74,0,0,0.0,1.00,1.00,1.00,2.42,1.88,4.76
350000,105,15,6.0,0.0,0.0,0.0,6.0,0.0,1.00,20.0,1,344,17.71,0.29,15,0,0,0.0,1.00,1.00,1.00,2.47,2.00,4.00
351000,63,308,9.1,0.0,0.0,0.1,8.9,0.0,1.02,19.4,33,667,37.78,0.92,308,0,0,0.0,1.02,1.02,1.02,2.31,3.07,3.22
351000,120,102,6.7,0.1,0.0,0.0,6.6,0.0,1.04,19.1,12,314,17.01,0.23,99,2,1,0.0,1.03,1.03,1.05,2.35,1.66,4.82
351000,121,6,6.7,0.0,0.0,0.0,6.7,0.0,1.00,19.0,3,483,25.84,0.36,6,0,0,0.0,1.00,1.00,1.00,2.33,2.17,4.33
352000,63,277,9.1,0.0,0.0,0.0,9.0,0.0,1.00,19.4,31,749,42.24,0.85,277,0,0,0.0,1.00,1.00,1.00,2.22,3.03,3.27
352000,120,123,6.6,0.0,0.0,0.0,6.5,0.0,1.00,18.9,13,379,20.23,0.26,121,2,0,0.0,1.00,1.00,1.00,2.42,1.49,5.08
352000,105,7,6.0,0.0,0.0,0.0,6.0,0.0,1.00,20.0,1,360,18.81,0.22,7,0,0,0.0,1.00,1.00,1.00,1.86,2.00,4.00
352000,121,5,5.4,0.0,0.0,0.0,5.4,0.0,1.00,20.8,2,305,15.83,0.20,5,0,0,0.0,1.00,1.00,1.00,2.40,1.80,3.80
353000,63,311,9.0,0.1,0.1,0.0,8.8,0.0,1.02,19.4,33,692,38.70,0.78,311,0,0,0.0,1.02,1.01,1.02,2.30,3.06,3.25
353000,120,100,6.9,0.0,0.6,0.0,6.3,0.0,1.00,18.9,13,412,20.99,0.26,92,7,1,0.0,1.00,1.00,1.00,2.53,1.57,4.98
353000,105,14,6.0,0.0,0.0,0.0,6.0,0.0,1.00,20.0,1,425,22.23,0.23,14,0,0,0.0,1.00,1.00,1.00,2.50,2.00,4.00
354000,63,292,9.1,0.0,0.0,0.0,9.0,0.0,1.01,19.6,28,741,41.48,0.74,292,0,0,0.0,1.01,1.01,1.01,2.31,3.07,3.16
354000,120,84,7.3,0.1,0.4,0.1,6.7,0.0,1.01,18.9,13,421,21.90,0.33,75,7,2,0.0,1.02,1.01,1.00,2.52,1.82,4.75
354000,105,14,6.6,1.2,0.0,0.0,5.4,0.0,1.74,19.9,3,574,29.85,0.26,14,0,0,0.0,1.84,1.84,1.66,2.57,2.21,3.86
354000,121,5,6.0,0.0,0.0,0.0,6.0,0.0,1.00,20.0,1,424,21.46,0.09,5,0,0,0.0,1.00,1.00,1.00,2.00,2.00,4.00
355000,63,201,9.0,0.0,0.0,0.0,8.9,0.0,1.00,19.8,14,754,42.53,0.77,201,0,0,0.0,1.00,1.00,1.00,2.28,3.01,3.08
355000,120,76,6.6,0.0,0.0,0.0,6.6,0.0,1.00,19.1,9,337,18.05,0.28,67,7,2,0.0,1.00,1.00,1.00,2.43,1.66,4.79
355000,105,25,6.0,0.0,0.0,0.0,6.0,0.0,1.00,20.1,2,538,27.37,0.33,24,0,1,0.0,1.00,1.00,1.00,2.32,2.00,3.96
356000,63,186,9.1,0.0,0.0,0.0,9.0,0.0,1.01,19.7,16,794,44.09,0.76,186,0,0,0.0,1.01,1.00,1.01,2.18,3.02,3.12
356000,120,72,6.9,0.0,0.0,0.0,6.9,0.0,1.00,18.7,5,356,19.12,0.22,68,2,2,0.0,1.00,1.00,1.00,2.43,1.71,4.94
356000,105,16,5.8,0.0,0.0,0.0,5.8,0.0,1.00,20.2,2,360,18.53,0.26,16,0,0,0.0,1.00,1.00,1.00,2.38,2.00,3.88
357000,63,206,9.5,0.1,0.0,0.0,9.4,0.0,1.02,19.2,24,773,42.86,0.70,206,0,0,0.0,1.03,1.01,1.03,2.46,3.05,3.40
357000,120,70,7.4,0.0,0.0,0.1,7.3,0.0,1.00,18.4,13,405,22.51,0.34,69,0,1,0.0,1.00,1.00,1.00,2.49,1.96,4.87
357000,105,13,5.9,0.0,0.0,0.0,5.9,0.0,1.00,20.2,3,360,18.87,0.33,13,0,0,0.0,1.00,1.00,1.00,2.23,2.08,3.85
358000,63,121,9.4,0.0,0.0,0.1,9.2,0.0,1.01,19.5,14,813,44.14,0.69,121,0,0,0.0,1.01,1.01,1.02,2.19,3.09,3.16
358000,120,66,7.7,0.0,0.0,0.0,7.7,0.0,1.00,17.8,10,386,21.22,0.41,66,0,0,0.0,1.00,1.00,1.01,2.55,1.76,5.36
358000,105,9,6.0,0.0,0.0,0.0,6.0,0.0,1.00,20.0,1,319,16.83,0.19,9,0,0,0.0,1.00,1.00,1.00,2.33,2.00,4.00
359000,63,90,9.2,0.0,0.0,0.0,9.2,0.0,1.00,19.5,14,855,46.25,0.75,90,0,0,0.0,1.00,1.00,1.00,2.28,3.07,3.17
359000,120,73,6.7,0.0,0.0,0.0,6.7,0.0,1.00,20.1,7,407,21.41,0.49,73,0,0,0.0,1.00,1.00,1.00,2.36,1.97,3.99
359000,124,37,8.4,0.0,0.0,0.1,8.3,0.0,1.00,19.4,9,669,36.42,0.54,37,0,0,0.0,1.00,1.00,1.00,2.54,3.14,3.19
360000,120,89,7.3,0.1,0.3,0.0,6.9,0.0,1.09,18.5,20,316,16.82,0.30,88,0,1,0.0,1.08,1.09,1.10,2.56,1.90,4.90
360000,63,84,9.1,0.1,0.0,0.1,8.9,0.0,1.04,19.5,14,932,49.49,0.58,84,0,0,0.0,1.04,1.04,1.03,2.23,3.08,3.19
360000,124,37,8.6,0.0,0.0,0.1,8.5,0.0,1.00,19.2,8,682,37.27,0.50,37,0,0,0.0,1.00,1.00,1.00,2.22,3.14,3.24
361000,63,73,8.9,0.1,0.0,0.0,8.9,0.0,1.02,19.5,13,1118,58.35,0.70,73,0,0,0.0,1.02,1.01,1.02,2.12,3.01,3.22
361000,120,59,7.1,0.0,0.0,0.0,7.1,0.0,1.00,19.5,9,365,19.90,0.32,58,0,1,0.0,1.00,1.00,1.00,2.36,2.15,4.10
361000,124,36,8.9,0.0,0.0,0.1,8.8,0.0,1.00,18.9,8,877,46.44,0.63,36,0,0,0.0,1.00,1.00,1.00,2.61,3.03,3.53
362000,63,67,9.2,0.0,0.0,0.0,9.2,0.0,1.00,19.1,13,1023,53.79,0.62,67,0,0,0.0,1.00,1.00,1.00,2.07,3.04,3.42
362000,120,41,6.5,0.0,0.0,0.0,6.5,0.0,1.00,19.9,6,337,18.21,0.27,41,0,0,0.0,1.00,1.00,1.00,2.34,2.00,4.05
362000,125,38,11.6,0.3,0.0,0.0,11.3,0.0,1.10,15.6,9,884,51.76,0.55,38,0,0,0.0,1.09,1.09,1.12,3.18,3.13,5.26
362000,124,34,9.2,0.0,0.0,0.1,9.1,0.0,1.00,18.5,10,943,52.93,0.73,34,0,0,0.0,1.00,1.00,1.00,2.59,3.18,3.59
363000,63,54,8.9,0.1,0.0,0.1,8.6,0.0,1.03,19.1,13,985,51.93,0.63,54,0,0,0.0,1.02,1.02,1.04,2.26,2.98,3.48
363000,120,49,7.2,0.2,0.0,0.0,7.0,0.0,1.06,19.5,7,393,21.23,0.33,47,0,2,0.0,1.00,1.09,1.07,2.35,2.04,4.20
363000,125,35,11.7,0.7,0.0,0.0,10.9,0.0,1.25,15.5,7,887,52.48,0.68,35,0,0,0.0,1.23,1.23,1.34,3.11,2.97,5.49
363000,124,32,8.6,0.0,0.0,0.0,8.6,0.0,1.00,18.8,8,854,46.10,0.49,32,0,0,0.0,1.00,1.00,1.00,2.75,2.94,3.69
364000,63,61,8.9,0.0,0.0,0.0,8.9,0.0,1.00,18.9,13,874,46.82,0.53,61,0,0,0.0,1.00,1.00,1.00,2.30,3.05,3.51
364000,120,60,6.7,0.0,0.0,0.0,6.7,0.0,1.00,19.7,11,321,17.01,0.22,60,0,0,0.0,1.00,1.00,1.00,2.35,2.15,4.00
364000,125,39,10.9,0.4,0.0,0.0,10.5,0.0,1.13,16.2,7,977,56.58,0.52,39,0,0,0.0,1.12,1.12,1.15,2.79,3.03,5.08
364000,124,11,9.7,0.0,0.0,0.0,9.7,0.0,1.00,17.8,5,1329,73.89,0.66,11,0,0,0.0,1.00,1.00,1.00,2.73,3.00,4.09
365000,120,213,13.7,0.7,0.1,0.0,12.8,0.0,1.14,16.2,50,249,14.93,0.24,122,20,71,0.0,1.11,1.23,1.10,2.83,3.09,4.81
365000,125,58,11.6,0.5,0.0,0.0,11.1,0.0,1.16,16.0,10,883,50.90,0.62,58,0,0,0.0,1.11,1.17,1.19,2.88,3.14,5.02
365000,63,55,8.7,0.0,0.0,0.1,8.7,0.0,1.00,18.8,12,843,44.89,0.58,55,0,0,0.0,1.00,1.00,1.00,2.40,2.96,3.65
366000,120,61,6.4,0.0,0.0,0.0,6.4,0.0,1.00,19.3,8,420,22.00,0.34,61,0,0,0.0,1.00,1.00,1.00,2.36,2.13,4.33
366000,63,58,9.2,0.0,0.0,0.0,9.2,0.0,1.00,18.7,12,845,44.42,0.59,58,0,0,0.0,1.00,1.00,1.00,2.41,3.07,3.60
366000,125,52,11.0,0.6,0.0,0.0,10.5,0.0,1.19,15.8,11,1217,68.97,0.69,52,0,0,0.0,1.17,1.17,1.24,2.73,3.04,5.27
367000,120,97,7.1,0.0,0.1,0.0,7.0,0.0,1.00,18.9,16,318,17.07,0.21,96,0,1,0.0,1.00,1.00,1.00,2.24,2.21,4.33
367000,63,55,8.8,0.0,0.0,0.2,8.6,0.0,1.01,18.7,12,830,43.36,0.44,55,0,0,0.0,1.01,1.01,1.01,2.44,3.02,3.71
367000,125,53,11.6,0.6,0.0,0.0,11.0,0.0,1.19,15.5,13,1179,66.61,0.66,53,0,0,0.0,1.14,1.20,1.22,2.66,3.25,5.17
368000,120,109,6.6,0.0,0.0,0.0,6.5,0.0,1.01,19.3,16,347,18.23,0.24,107,0,2,0.0,1.01,1.01,1.02,2.39,2.07,4.30
368000,63,67,8.7,0.0,0.0,0.0,8.7,0.0,1.00,19.1,8,854,45.71,0.55,67,0,0,0.0,1.00,1.00,1.00,2.36,2.93,3.51
368000,125,59,10.8,0.4,0.0,0.0,10.4,0.0,1.12,16.3,12,934,53.27,0.52,59,0,0,0.0,1.11,1.11,1.15,2.69,3.07,4.95
369000,120,86,7.7,0.0,0.3,0.0,7.4,0.0,1.00,18.7,15,371,19.83,0.24,86,0,0,0.0,1.00,1.00,1.00,2.48,2.23,4.44
369000,125,66,11.8,0.9,0.0,0.0,10.9,0.0,1.23,15.8,16,920,53.40,0.57,66,0,0,0.0,1.21,1.27,1.23,2.94,3.12,5.23
369000,63,66,9.0,0.0,0.0,0.0,9.0,0.0,1.00,18.7,11,989,52.07,0.60,66,0,0,0.0,1.00,1.00,1.00,2.21,3.00,3.67
370000,120,154,6.6,0.0,0.0,0.0,6.6,0.0,1.00,19.1,17,269,14.93,0.26,141,11,2,0.0,1.00,1.01,1.00,2.43,2.06,4.41
370000,125,84,10.7,0.2,0.0,0.0,10.5,0.0,1.07,16.7,18,775,43.86,0.50,84,0,0,0.0,1.07,1.07,1.08,2.75,3.13,4.70
370000,63,52,9.5,0.0,0.0,0.0,9.5,0.0,1.00,18.4,10,999,52.25,0.49,52,0,0,0.0,1.00,1.00,1.00,2.50,3.02,3.77
371000,120,127,6.9,0.0,0.0,0.0,6.9,0.0,1.00,18.9,14,374,20.17,0.32,121,4,2,0.0,1.00,1.01,1.00,2.46,2.13,4.43
371000,63,55,9.2,0.1,0.0,0.1,9.0,0.0,1.02,19.0,11,1036,54.46,0.53,55,0,0,0.0,1.03,1.01,1.03,2.40,3.05,3.45
371000,125,53,9.6,0.1,0.0,0.0,9.5,0.0,1.04,17.5,7,526,30.41,0.60,53,0,0,0.0,1.04,1.04,1.04,2.72,3.02,4.38
372000,120,131,8.5,0.3,0.0,0.1,8.2,0.0,1.11,18.2,25,364,20.02,0.28,126,4,1,0.0,1.10,1.11,1.11,2.57,2.50,4.39
372000,63,89,9.2,0.0,0.0,0.0,9.2,0.0,1.00,18.6,10,786,42.38,0.51,89,0,0,0.0,1.00,1.00,1.00,2.33,3.00,3.70
372000,125,55,11.2,0.3,0.3,0.1,10.5,0.0,1.08,17.1,13,543,31.25,0.63,55,0,0,0.0,1.04,1.11,1.09,2.84,3.09,4.58
373000,120,97,7.6,0.0,0.8,0.0,6.8,0.0,1.00,19.2,15,393,20.91,0.37,88,6,3,0.0,1.00,1.00,1.00,2.34,2.27,4.13
373000,63,79,9.3,0.0,0.0,0.0,9.2,0.0,1.00,18.2,15,687,37.35,0.55,79,0,0,0.0,1.00,1.00,1.00,2.42,3.03,3.89
373000,125,77,10.7,0.0,0.0,0.0,10.7,0.0,1.00,17.2,15,466,27.43,0.53,74,3,0,0.0,1.01,1.01,1.00,2.65,3.01,4.43
374000,63,100,8.4,0.0,0.0,0.1,8.2,0.0,1.02,18.5,16,657,35.63,0.59,99,1,0,0.0,1.02,1.02,1.02,2.59,3.00,3.79
374000,120,82,7.1,0.2,0.4,0.0,6.5,0.0,1.03,19.2,15,404,22.07,0.31,81,0,1,0.0,1.05,1.05,1.00,2.45,2.21,4.22
374000,125,81,10.0,0.1,0.0,0.1,9.8,0.0,1.05,17.4,16,502,29.51,0.53,75,5,1,0.0,1.04,1.06,1.05,2.67,2.99,4.49
375000,63,115,8.3,0.0,0.0,0.0,8.3,0.0,1.00,18.7,11,619,34.45,0.57,115,0,0,0.0,1.00,1.00,1.00,2.15,3.01,3.67
375000,125,98,9.8,0.1,0.0,0.1,9.6,0.0,1.07,17.6,17,519,30.26,0.57,95,3,0,0.0,1.06,1.07,1.08,2.69,2.93,4.39
375000,120,80,7.4,0.1,0.6,0.0,6.7,0.0,1.00,19.0,13,432,23.32,0.30,79,0,1,0.0,1.00,1.00,1.00,2.49,2.21,4.28
375000,133,24,10.0,0.0,0.0,0.0,10.0,0.0,1.00,17.2,7,1168,63.38,0.24,24,0,0,0.0,1.00,1.00,1.00,2.62,3.08,4.29
376000,120,111,7.9,0.0,0.8,0.0,7.0,0.0,1.00,18.6,19,361,19.71,0.26,109,2,0,0.0,1.00,1.00,1.00,2.51,2.26,4.43
376000,63,109,8.9,0.0,0.0,0.1,8.8,0.0,1.00,18.4,18,666,36.48,0.63,109,0,0,0.0,1.00,1.00,1.00,2.50,3.14,3.68
376000,125,87,11.9,0.0,0.0,0.2,11.7,0.0,1.00,16.6,15,380,23.67,0.49,80,7,0,0.0,1.00,1.00,1.00,2.87,3.10,4.63
376000,133,20,9.9,0.0,0.0,0.0,9.9,0.0,1.00,17.5,6,1055,58.35,0.31,20,0,0,0.0,1.00,1.00,1.00,2.70,3.00,4.25
377000,120,132,6.9,0.0,0.0,0.0,6.9,0.0,1.01,19.3,15,424,23.32,0.38,123,7,2,0.0,1.00,1.00,1.01,2.37,2.17,4.17
377000,63,96,8.6,0.0,0.1,0.1,8.5,0.0,1.00,18.5,18,642,34.94,0.71,91,5,0,0.0,1.00,1.00,1.00,2.24,3.18,3.58
377000,125,79,11.8,0.0,0.0,0.1,11.7,0.0,1.00,16.3,10,409,25.42,0.64,74,5,0,0.0,1.00,1.00,1.00,2.96,3.16,4.71
377000,133,20,10.5,0.0,0.0,0.1,10.4,0.0,1.00,17.0,8,587,32.38,0.41,20,0,0,0.0,1.00,1.00,1.00,2.80,3.25,4.25
378000,120,128,7.0,0.1,0.0,0.0,6.9,0.0,1.02,19.2,17,434,22.97,0.33,128,0,0,0.0,1.00,1.02,1.04,2.46,2.21,4.19
378000,125,118,11.2,0.3,0.0,0.2,10.7,0.0,1.10,16.6,21,465,28.53,0.69,107,11,0,0.0,1.11,1.10,1.09,2.98,3.10,4.68
378000,63,72,8.7,0.0,0.0,0.0,8.6,0.0,1.00,19.0,14,602,33.15,0.67,71,1,0,0.0,1.00,1.00,1.00,2.32,3.07,3.42
378000,133,18,11.3,0.0,0.0,0.0,11.3,0.0,1.00,16.4,7,648,35.50,0.30,18,0,0,0.0,1.00,1.00,1.00,2.28,3.33,4.44
379000,120,173,6.9,0.1,0.0,0.0,6.8,0.0,1.03,19.4,19,355,18.80,0.29,171,0,2,0.0,1.00,1.02,1.04,2.31,2.29,4.05
379000,125,116,10.4,0.1,0.1,0.2,10.1,0.0,1.01,17.2,18,554,33.10,0.74,109,7,0,0.0,1.01,1.02,1.01,2.53,3.09,4.31
379000,63,55,8.5,0.0,0.0,0.0,8.5,0.0,1.00,19.0,15,628,34.44,0.49,52,3,0,0.0,1.00,1.00,1.00,2.40,3.04,3.45
379000,133,15,9.1,0.0,0.0,0.0,9.1,0.0,1.00,17.9,6,741,40.20,0.24,15,0,0,0.0,1.00,1.00,1.00,2.60,2.87,4.20
380000,120,171,7.3,0.0,0.0,0.0,7.2,0.0,1.01,19.0,29,416,22.55,0.35,170,1,0,0.0,1.00,1.01,1.01,2.57,2.32,4.19
380000,125,122,10.5,0.0,0.0,0.1,10.4,0.0,1.00,17.2,13,500,29.99,0.75,120,2,0,0.0,1.00,1.00,1.00,2.70,3.09,4.33
380000,63,49,9.8,0.0,0.0,0.4,9.4,0.0,1.00,18.2,12,774,41.53,0.66,43,6,0,0.0,1.00,1.00,1.00,2.69,3.27,3.67
380000,133,14,8.9,0.0,0.0,0.0,8.9,0.0,1.00,18.1,6,854,47.76,0.39,14,0,0,0.0,1.00,1.00,1.00,2.07,2.79,4.14
381000,120,167,6.9,0.1,0.1,0.0,6.8,0.0,1.04,19.4,24,356,18.81,0.32,166,0,1,0.0,1.03,1.04,1.04,2.44,2.22,4.09
381000,125,97,10.9,0.1,0.0,0.1,10.7,0.0,1.05,16.9,18,618,37.16,0.79,88,8,1,0.0,1.05,1.05,1.05,2.81,3.20,4.46
381000,63,25,9.3,0.0,0.0,0.0,9.3,0.0,1.00,18.4,9,1385,72.50,0.72,25,0,0,0.0,1.00,1.00,1.00,2.36,3.12,3.68
381000,133,19,8.4,0.0,0.0,0.0,8.4,0.0,1.00,18.7,4,417,22.69,0.27,19,0,0,0.0,1.00,1.00,1.00,2.63,2.63,4.00
382000,120,155,7.1,0.1,0.0,0.0,7.0,0.0,1.04,19.1,24,396,21.12,0.34,146,8,1,0.0,1.02,1.05,1.05,2.48,2.30,4.15
382000,125,134,10.2,0.3,0.0,0.1,9.8,0.0,1.09,17.3,22,373,22.56,0.59,128,6,0,0.0,1.07,1.10,1.10,2.76,3.03,4.36
382000,133,34,8.8,0.0,0.0,0.0,8.8,0.0,1.00,18.2,6,471,26.14,0.28,30,4,0,0.0,1.00,1.00,1.00,2.47,2.59,4.32
382000,63,10,8.1,0.0,0.0,0.0,8.1,0.0,1.00,18.2,3,1301,66.33,0.59,10,0,0,0.0,1.00,1.00,1.00,2.20,3.00,3.90
383000,125,148,9.9,0.1,0.0,0.1,9.7,0.0,1.03,17.5,21,526,32.03,0.76,138,10,0,0.0,1.03,1.03,1.04,2.70,3.05,4.32
383000,120,129,6.3,0.0,0.0,0.0,6.3,0.0,1.00,19.8,11,421,21.81,0.29,129,0,0,0.0,1.00,1.00,1.00,2.31,2.09,3.99
383000,133,28,9.0,0.0,0.0,0.0,9.0,0.0,1.00,18.1,7,565,31.37,0.53,28,0,0,0.0,1.00,1.00,1.00,2.36,2.46,4.50
383000,63,8,8.2,0.0,0.0,0.0,8.2,0.0,1.00,18.0,2,1090,56.12,0.80,8,0,0,0.0,1.00,1.00,1.00,2.50,3.00,4.00
384000,125,131,9.9,0.3,0.0,0.1,9.6,0.0,1.08,17.5,20,426,25.47,0.71,115,16,0,0.0,1.09,1.08,1.08,2.73,3.05,4.22
384000,120,116,6.7,0.0,0.3,0.1,6.2,0.0,1.00,19.3,16,443,22.58,0.26,116,0,0,0.0,1.00,1.00,1.00,2.41,2.09,4.24
384000,133,38,8.5,0.0,0.0,0.0,8.5,0.0,1.00,18.5,7,538,29.63,0.36,38,0,0,0.0,1.00,1.00,1.00,2.39,2.37,4.39
385000,125,148,10.1,0.3,0.0,0.0,9.8,0.0,1.11,17.4,21,490,29.32,0.79,137,11,0,0.0,1.12,1.12,1.11,2.75,3.05,4.39
385000,120,98,6.7,0.1,0.0,0.0,6.6,0.0,1.03,19.4,12,512,26.11,0.32,97,0,1,0.0,1.00,1.03,1.05,2.50,2.18,4.13
385000,133,21,7.9,0.0,0.0,0.0,7.9,0.0,1.00,19.0,6,653,33.77,0.40,21,0,0,0.0,1.00,1.00,1.00,2.14,2.33,4.19
385000,134,19,9.9,0.0,0.0,0.0,9.9,0.0,1.00,18.7,6,457,25.44,0.33,19,0,0,0.0,1.00,1.00,1.00,2.74,3.26,3.37
386000,125,133,10.0,0.0,0.0,0.1,9.9,0.0,1.01,17.6,10,567,33.62,0.87,124,9,0,0.0,1.01,1.01,1.01,2.60,3.02,4.19
386000,120,100,7.7,0.0,0.1,0.0,7.6,0.0,1.00,18.2,16,432,23.23,0.34,98,0,2,0.0,1.00,1.00,1.00,2.43,2.52,4.42
386000,133,19,7.5,0.0,0.0,0.0,7.5,0.0,1.00,19.3,5,739,39.15,0.54,19,0,0,0.0,1.00,1.00,1.00,2.63,2.26,4.11
386000,134,16,9.4,0.0,0.0,0.0,9.4,0.0,1.00,19.4,5,650,35.66,0.52,16,0,0,0.0,1.00,1.00,1.00,2.56,3.12,3.19
387000,125,167,9.9,0.1,0.0,0.1,9.6,0.0,1.07,17.6,18,559,33.42,0.82,159,8,0,0.0,1.06,1.06,1.10,2.54,2.99,4.30
387000,120,109,7.8,0.1,0.2,0.0,7.5,0.0,1.03,18.1,19,425,22.63,0.26,108,0,1,0.0,1.00,1.04,1.05,2.57,2.54,4.45
387000,134,22,9.1,0.0,0.0,0.0,9.1,0.0,1.00,19.8,2,757,40.70,0.22,22,0,0,0.0,1.00,1.00,1.00,2.68,3.05,3.05
387000,137,5,7.0,0.0,0.0,0.0,7.0,0.0,1.00,20.0,1,423,22.02,0.20,5,0,0,0.0,1.00,1.00,1.00,2.40,3.00,3.00
388000,125,181,10.2,0.1,0.0,0.0,10.1,0.0,1.04,17.4,30,474,28.51,0.76,169,12,0,0.0,1.05,1.04,1.05,2.83,3.06,4.33
388000,120,86,6.6,0.0,0.1,0.0,6.5,0.0,1.00,19.2,12,352,19.08,0.26,84,1,1,0.0,1.00,1.00,1.00,2.28,2.43,4.12
388000,134,20,9.1,0.0,0.0,0.0,9.1,0.0,1.00,19.6,4,763,41.92,0.21,20,0,0,0.0,1.00,1.00,1.00,2.80,3.10,3.10
389000,125,186,10.7,0.1,0.1,0.1,10.4,0.0,1.05,17.3,27,414,24.62,0.70,177,9,0,0.0,1.05,1.04,1.05,2.69,3.12,4.33
389000,120,67,8.4,0.1,0.6,0.0,7.6,0.0,1.12,18.2,9,321,18.02,0.31,65,0,2,0.0,1.12,1.12,1.12,2.54,2.54,4.37
389000,134,32,8.7,0.0,0.0,0.0,8.7,0.0,1.00,20.1,4,621,34.65,0.38,32,0,0,0.0,1.00,1.00,1.00,2.12,2.97,3.00
390000,125,204,10.5,0.1,0.1,0.0,10.4,0.0,1.02,17.1,23,456,27.60,0.76,198,6,0,0.0,1.02,1.01,1.02,2.76,3.16,4.32
390000,120,50,7.4,0.0,0.0,0.0,7.4,0.0,1.00,18.5,8,358,20.20,0.39,48,0,2,0.0,1.00,1.00,1.00,2.56,2.34,4.42
390000,134,12,8.7,0.0,0.0,0.0,8.7,0.0,1.00,20.2,3,893,46.21,0.48,12,0,0,0.0,1.00,1.00,1.00,2.08,2.92,3.00
391000,125,178,10.3,0.0,0.2,0.0,10.1,0.0,1.04,17.7,19,483,29.69,0.95,168,10,0,0.0,1.03,1.03,1.05,2.72,3.03,4.17
391000,120,106,7.0,0.0,0.3,0.0,6.6,0.0,1.00,19.1,14,365,20.20,0.33,103,0,3,0.0,1.00,1.01,1.00,2.42,2.33,4.16
391000,138,23,6.3,0.4,0.0,0.0,5.9,0.0,1.17,19.0,6,492,22.80,0.21,23,0,0,0.0,1.00,1.23,1.23,2.43,1.48,5.17
392000,125,171,10.1,0.1,0.0,0.0,10.1,0.0,1.04,17.6,19,515,31.81,0.98,165,6,0,0.0,1.03,1.03,1.04,2.75,3.11,4.15
392000,120,87,7.1,0.1,0.0,0.0,7.0,0.0,1.04,18.9,10,445,24.01,0.39,83,3,1,0.0,1.00,1.06,1.05,2.47,2.29,4.24
392000,138,37,4.9,0.0,0.0,0.0,4.9,0.0,1.00,20.2,6,506,23.54,0.17,37,0,0,0.0,1.00,1.00,1.00,2.03,1.00,4.92
393000,125,179,10.1,0.1,0.0,0.0,10.0,0.0,1.03,17.7,15,549,33.52,0.95,176,3,0,0.0,1.03,1.03,1.03,2.73,3.07,4.20
393000,120,133,7.0,0.1,0.1,0.1,6.7,0.0,1.02,18.9,12,400,21.91,0.36,131,1,1,0.0,1.00,1.02,1.02,2.39,2.32,4.23
393000,138,7,5.1,0.0,0.0,0.0,5.1,0.0,1.00,19.7,2,509,24.48,0.35,7,0,0,0.0,1.00,1.00,1.00,2.00,1.00,5.14
394000,125,175,10.5,0.1,0.0,0.0,10.4,0.0,1.04,17.4,21,437,27.23,0.81,172,3,0,0.0,1.03,1.03,1.05,2.74,3.03,4.35
394000,120,95,6.5,0.0,0.0,0.1,6.4,0.0,1.00,19.5,9,514,27.36,0.47,88,7,0,0.0,1.00,1.00,1.00,2.34,2.19,4.07
394000,138,23,5.0,0.0,0.0,0.0,5.0,0.0,1.00,20.1,5,270,13.64,0.15,23,0,0,0.0,1.00,1.00,1.00,2.04,1.09,4.87
395000,125,193,11.3,0.3,0.3,0.1,10.6,0.1,1.06,16.9,23,471,29.21,0.80,188,5,0,0.1,1.09,1.03,1.06,2.81,3.17,4.44
395000,120,85,7.9,0.0,0.5,0.0,7.4,0.0,1.00,18.2,14,419,22.76,0.38,83,0,2,0.0,1.00,1.00,1.00,2.61,2.75,4.26
395000,138,46,5.1,0.0,0.0,0.0,5.1,0.0,1.00,20.0,5,337,16.52,0.16,46,0,0,0.0,1.00,1.00,1.00,2.04,1.04,4.98
396000,125,200,10.9,0.1,0.0,0.0,10.8,0.0,1.03,17.2,19,466,29.06,0.79,196,4,0,0.0,1.03,1.03,1.05,2.80,3.08,4.40
396000,120,73,7.8,0.5,0.3,0.0,7.0,0.0,1.10,18.7,12,421,22.85,0.38,71,1,1,0.1,1.08,1.16,1.09,2.55,2.44,4.21
396000,138,68,5.3,0.0,0.0,0.0,5.3,0.0,1.00,19.9,6,493,23.15,0.16,68,0,0,0.0,1.00,1.00,1.00,2.01,1.16,4.90
397000,125,186,10.7,0.0,0.0,0.0,10.7,0.0,1.01,17.2,17,559,35.03,1.04,176,10,0,0.0,1.01,1.01,1.01,2.64,3.09,4.33
397000,120,82,7.2,0.0,0.1,0.2,6.9,0.0,1.00,18.7,12,469,25.38,0.38,81,1,0,0.0,1.00,1.00,1.00,2.54,2.40,4.26
397000,138,32,5.8,0.0,0.0,0.0,5.8,0.0,1.00,19.5,5,420,20.19,0.13,32,0,0,0.0,1.00,1.00,1.00,2.16,1.25,5.00
398000,125,161,11.4,0.1,0.1,0.0,11.2,0.0,1.03,16.6,22,493,30.80,0.92,158,3,0,0.0,1.04,1.03,1.04,2.91,3.11,4.64
398000,120,90,6.5,0.0,0.3,0.0,6.2,0.0,1.00,19.5,7,422,22.33,0.38,84,4,2,0.0,1.01,1.01,1.00,2.47,2.17,4.09
398000,138,35,6.1,0.0,0.0,0.0,6.1,0.0,1.00,19.3,7,277,13.74,0.15,34,0,1,0.0,1.00,1.00,1.00,2.20,1.26,5.11
399000,125,183,10.3,0.1,0.0,0.1,10.1,0.0,1.06,17.5,17,428,26.39,0.78,172,11,0,0.0,1.06,1.05,1.05,2.74,3.00,4.37
399000,120,93,6.6,0.0,0.0,0.0,6.6,0.0,1.00,19.5,7,393,20.83,0.32,92,1,0,0.0,1.00,1.01,1.00,2.31,2.15,4.11
399000,138,33,5.5,0.0,0.0,0.0,5.5,0.0,1.00,19.7,7,391,19.32,0.14,33,0,0,0.0,1.00,1.00,1.00,2.09,1.39,4.94
400000,125,173,10.8,0.0,0.0,0.0,10.8,0.0,1.01,17.0,17,487,30.17,0.76,166,5,2,0.0,1.01,1.01,1.01,2.77,3.08,4.44
400000,120,107,7.3,0.1,0.4,0.2,6.6,0.0,1.03,18.8,15,458,24.44,0.31,106,0,1,0.0,1.02,1.03,1.04,2.50,2.36,4.28
400000,138,29,5.4,0.0,0.0,0.0,5.4,0.0,1.00,19.7,2,307,15.64,0.16,28,0,1,0.0,1.00,1.00,1.00,2.07,1.10,5.03
401000,125,160,11.2,0.0,0.1,0.0,11.1,0.0,1.01,16.9,17,558,34.80,0.93,160,0,0,0.0,1.02,1.01,1.01,2.79,3.06,4.54
401000,120,108,7.4,0.0,0.5,0.0,6.8,0.0,1.01,19.1,9,532,28.43,0.37,96,12,0,0.0,1.00,1.02,1.02,2.44,2.30,4.19
401000,138,58,5.6,0.0,0.0,0.0,5.6,0.0,1.00,19.7,6,267,13.58,0.19,57,0,1,0.0,1.00,1.00,1.00,2.17,1.14,5.03
402000,125,158,11.2,0.1,0.0,0.0,11.1,0.0,1.02,16.8,22,461,28.92,0.84,153,5,0,0.0,1.02,1.02,1.01,3.01,3.09,4.58
402000,120,85,6.8,0.0,0.5,0.0,6.2,0.0,1.00,19.4,11,390,20.75,0.38,80,3,2,0.0,1.00,1.00,1.00,2.39,2.29,4.01
402000,138,37,6.6,0.0,0.0,0.0,6.5,0.0,1.00,19.1,7,397,19.56,0.15,37,0,0,0.0,1.00,1.00,1.00,2.14,1.54,4.95
403000,125,145,11.7,0.3,0.1,0.0,11.3,0.0,1.06,16.6,24,545,33.49,0.88,139,6,0,0.0,1.05,1.08,1.06,2.98,3.22,4.56
403000,120,81,6.5,0.1,0.0,0.1,6.3,0.0,1.03,19.7,8,399,20.66,0.36,81,0,0,0.0,1.04,1.03,1.02,2.41,2.16,4.04
403000,138,23,6.1,0.0,0.0,0.0,6.1,0.0,1.00,19.7,5,437,22.20,0.15,21,0,2,0.0,1.00,1.00,1.00,2.09,1.48,4.70
404000,125,146,10.4,0.0,0.0,0.0,10.4,0.0,1.01,17.2,19,529,32.11,0.74,144,2,0,0.0,1.01,1.01,1.01,2.66,3.01,4.41
404000,120,93,6.6,0.0,0.0,0.0,6.6,0.0,1.00,19.5,7,391,20.44,0.44,82,7,4,0.0,1.00,1.00,1.00,2.37,2.20,4.06
404000,138,14,5.4,0.0,0.0,0.0,5.4,0.0,1.00,19.9,4,532,26.56,0.24,14,0,0,0.0,1.00,1.00,1.00,2.14,1.14,4.93
405000,125,166,10.3,0.1,0.0,0.1,10.1,0.0,1.02,17.5,22,452,27.06,0.62,160,6,0,0.0,1.02,1.02,1.02,2.67,3.07,4.27
405000,120,87,6.7,0.0,0.1,0.0,6.6,0.0,1.00,19.3,11,394,21.00,0.34,79,5,3,0.0,1.00,1.00,1.00,2.47,2.25,4.15
405000,138,55,5.7,0.0,0.1,0.0,5.6,0.0,1.00,19.5,8,330,16.80,0.21,55,0,0,0.0,1.00,1.00,1.00,2.09,1.15,5.13
406000,125,140,10.2,0.0,0.0,0.1,10.1,0.0,1.01,17.5,19,506,29.64,0.78,138,2,0,0.0,1.02,1.02,1.01,2.76,3.09,4.17
406000,138,98,6.2,0.0,0.0,0.0,6.2,0.0,1.00,19.2,9,383,19.58,0.28,98,0,0,0.0,1.00,1.00,1.00,2.14,1.35,5.05
406000,120,95,6.3,0.0,0.0,0.0,6.1,0.0,1.02,19.7,8,330,17.56,0.28,87,6,2,0.0,1.02,1.02,1.03,2.34,2.16,3.99
407000,125,133,10.6,0.1,0.0,0.2,10.2,0.0,1.03,17.3,18,554,33.05,0.72,129,3,1,0.0,1.03,1.03,1.03,2.84,3.07,4.36
407000,138,117,6.8,0.0,0.0,0.0,6.8,0.0,1.00,18.7,12,371,19.80,0.43,101,13,3,0.0,1.00,1.00,1.01,2.27,1.49,5.18
407000,120,91,6.2,0.0,0.1,0.0,6.0,0.0,1.02,19.9,10,356,18.50,0.26,90,0,1,0.0,1.00,1.02,1.03,2.45,2.11,4.01
408000,125,134,10.0,0.1,0.0,0.1,9.8,0.0,1.04,17.7,17,556,32.73,0.68,134,0,0,0.0,1.05,1.03,1.04,2.56,3.11,4.06
408000,120,78,6.2,0.0,0.1,0.0,6.1,0.0,1.00,19.8,2,338,17.87,0.32,76,0,2,0.0,1.00,1.00,1.00,2.29,2.08,4.05
408000,138,62,8.7,0.0,0.0,0.0,8.6,0.0,1.01,17.0,14,395,21.84,0.61,50,11,1,0.0,1.02,1.00,1.01,2.63,1.94,5.58
409000,125,113,10.1,0.1,0.2,0.0,9.8,0.1,1.02,17.7,18,648,37.28,0.66,113,0,0,0.1,1.02,1.00,1.02,2.55,3.11,4.11
409000,120,89,6.9,0.5,0.0,0.0,6.4,0.0,1.14,19.3,8,394,21.05,0.36,89,0,0,0.0,1.06,1.17,1.16,2.46,2.16,4.18
409000,138,82,9.7,0.0,0.3,0.2,9.2,0.0,1.00,16.6,16,359,19.69,0.33,60,19,3,0.0,1.00,1.00,1.00,2.67,2.09,5.63
410000,125,122,10.3,0.0,0.0,0.0,10.3,0.0,1.00,17.3,20,544,32.25,0.56,122,0,0,0.0,1.00,1.00,1.00,2.63,3.11,4.22
410000,120,88,6.3,0.1,0.0,0.0,6.2,0.0,1.03,19.8,6,459,23.99,0.42,88,0,0,0.0,1.00,1.07,1.02,2.33,2.11,4.00
410000,138,47,7.9,0.0,0.0,0.0,7.9,0.0,1.00,18.3,7,473,24.47,0.32,47,0,0,0.0,1.00,1.00,1.00,2.40,1.66,5.19
411000,125,119,9.5,0.0,0.0,0.1,9.3,0.0,1.01,18.1,18,576,33.02,0.72,119,0,0,0.0,1.02,1.02,1.01,2.47,3.05,4.00
411000,120,91,6.8,0.3,0.1,0.1,6.4,0.0,1.07,19.3,11,405,20.87,0.33,91,0,0,0.0,1.01,1.11,1.07,2.34,2.21,4.18
411000,138,43,9.1,0.0,0.0,0.0,9.1,0.0,1.00,16.5,10,318,18.00,0.28,38,4,1,0.0,1.00,1.00,1.00,2.53,1.86,5.91
412000,125,119,9.1,0.0,0.1,0.1,8.9,0.0,1.01,18.4,17,686,37.66,0.69,119,0,0,0.0,1.01,1.01,1.01,2.53,3.05,3.76
412000,138,85,10.3,0.0,0.1,0.1,10.1,0.0,1.00,16.4,19,299,17.50,0.22,78,6,1,0.0,1.00,1.00,1.01,2.80,2.07,5.73
412000,120,75,6.9,0.1,0.5,0.0,6.3,0.0,1.03,19.1,6,364,19.33,0.32,74,0,1,0.1,1.01,1.02,1.04,2.51,2.32,4.12
413000,125,133,8.5,0.0,0.1,0.0,8.4,0.0,1.02,19.1,14,626,33.55,0.64,133,0,0,0.0,1.02,1.02,1.04,2.41,3.03,3.42
413000,120,82,6.8,0.0,0.3,0.0,6.5,0.0,1.00,19.1,7,422,22.07,0.32,82,0,0,0.0,1.00,1.00,1.00,2.55,2.40,4.02
413000,138,33,11.5,0.1,0.5,0.4,10.5,0.0,1.02,15.0,8,428,25.35,0.30,29,4,0,0.0,1.03,1.00,1.04,3.15,2.42,6.09
414000,125,122,8.0,0.0,0.0,0.0,8.0,0.0,1.00,19.4,13,742,39.51,0.64,122,0,0,0.0,1.00,1.00,1.00,2.27,2.99,3.33
414000,120,89,6.3,0.0,0.0,0.0,6.3,0.0,1.00,19.6,6,357,18.83,0.31,89,0,0,0.0,1.00,1.00,1.00,2.27,2.26,3.97
414000,138,23,11.7,0.0,0.0,0.0,11.7,0.0,1.00,15.0,5,458,28.19,0.33,13,10,0,0.0,1.00,1.00,1.00,2.83,2.30,6.17
414000,141,10,18.9,0.2,0.0,1.5,17.2,0.0,1.05,9.6,6,74,6.69,0.27,0,10,0,0.0,1.07,1.07,1.04,4.10,5.20,6.00
415000,125,136,8.2,0.3,0.0,0.0,8.0,0.0,1.07,19.2,14,743,38.87,0.60,136,0,0,0.0,1.10,1.09,1.05,2.43,3.10,3.32
415000,120,70,6.6,0.0,0.1,0.0,6.5,0.0,1.00,19.3,8,395,20.52,0.35,66,0,4,0.0,1.00,1.00,1.00,2.33,2.39,4.00
415000,138,32,8.2,0.2,0.1,0.0,7.8,0.0,1.09,17.1,9,255,15.40,0.22,26,4,2,0.0,1.10,1.11,1.07,2.66,1.88,5.62
415000,141,14,10.1,0.0,0.0,0.0,10.1,0.0,1.00,16.6,4,79,5.27,0.42,0,11,3,0.0,1.00,1.00,1.00,2.64,4.36,3.36
416000,125,140,8.0,0.0,0.1,0.0,7.9,0.0,1.00,19.5,13,665,34.54,0.62,140,0,0,0.0,1.00,1.00,1.00,2.46,3.19,3.16
416000,120,93,7.8,0.1,0.6,0.1,7.1,0.0,1.00,18.3,12,345,18.94,0.27,91,0,2,0.0,1.00,1.00,1.01,2.58,2.66,4.19
416000,138,23,6.2,0.0,0.0,0.0,6.2,0.0,1.00,18.4,3,305,16.17,0.10,21,0,2,0.0,1.00,1.00,1.00,2.39,1.39,5.39
417000,125,159,7.5,0.0,0.0,0.0,7.4,0.0,1.01,19.9,12,599,31.72,0.61,159,0,0,0.0,1.01,1.01,1.01,2.31,3.06,3.03
417000,120,112,6.6,0.0,0.0,0.0,6.6,0.0,1.00,19.0,9,439,23.51,0.37,111,0,1,0.0,1.00,1.00,1.00,2.45,2.54,3.94
417000,138,7,8.6,0.0,0.0,0.0,8.6,0.0,1.00,16.3,3,584,28.76,0.01,7,0,0,0.0,1.00,1.00,1.00,2.29,1.86,6.00
418000,125,183,8.0,0.0,0.1,0.0,7.9,0.0,1.00,19.5,17,634,34.20,0.71,183,0,0,0.0,1.00,1.00,1.00,2.31,3.15,3.13
418000,120,106,7.1,0.0,0.0,0.1,7.0,0.0,1.00,18.8,10,348,19.29,0.33,102,0,4,0.0,1.00,1.00,1.00,2.42,2.51,4.07
419000,125,155,7.8,0.0,0.0,0.0,7.8,0.0,1.00,19.7,12,657,35.03,0.80,155,0,0,0.0,1.00,1.00,1.00,2.35,3.14,3.04
419000,120,122,6.7,0.0,0.1,0.1,6.6,0.0,1.00,18.8,11,412,22.33,0.33,120,0,2,0.0,1.00,1.00,1.00,2.49,2.60,4.08
420000,125,164,7.8,0.0,0.0,0.0,7.8,0.0,1.00,19.6,11,689,36.25,0.68,164,0,0,0.0,1.00,1.00,1.00,2.35,3.18,3.03
420000,120,137,7.2,0.2,0.5,0.0,6.6,0.0,1.07,18.8,12,435,22.90,0.35,137,0,0,0.0,1.07,1.08,1.06,2.43,2.51,4.11
421000,125,180,8.0,0.0,0.0,0.0,8.0,0.0,1.00,19.5,16,622,33.67,0.68,180,0,0,0.0,1.00,1.00,1.00,2.33,3.26,3.07
421000,120,114,6.8,0.0,0.2,0.0,6.6,0.0,1.00,18.9,10,459,23.90,0.31,111,0,3,0.0,1.00,1.00,1.00,2.51,2.48,4.09
422000,125,160,8.0,0.0,0.0,0.1,7.9,0.0,1.00,19.5,13,688,37.73,0.89,160,0,0,0.0,1.00,1.00,1.00,2.34,3.17,3.09
422000,120,140,6.7,0.2,0.1,0.0,6.4,0.0,1.10,19.1,16,449,23.31,0.27,138,0,2,0.0,1.08,1.10,1.11,2.43,2.47,4.06
423000,120,152,6.8,0.0,0.2,0.0,6.6,0.0,1.00,19.0,14,362,19.00,0.24,152,0,0,0.0,1.00,1.00,1.00,2.45,2.41,4.08
423000,125,148,7.8,0.0,0.0,0.0,7.8,0.0,1.00,19.8,11,662,35.55,0.70,148,0,0,0.0,1.00,1.00,1.00,2.29,3.05,3.07
424000,120,170,7.1,0.1,0.1,0.0,6.8,0.0,1.04,18.7,16,428,22.78,0.31,169,0,1,0.0,1.01,1.07,1.05,2.44,2.55,4.12
424000,125,119,8.0,0.0,0.0,0.0,8.0,0.0,1.00,19.7,10,736,39.32,0.64,119,0,0,0.0,1.00,1.00,1.00,2.30,3.10,3.07
425000,120,214,7.3,0.0,0.3,0.0,7.0,0.0,1.00,18.5,21,408,21.89,0.33,187,22,5,0.0,1.00,1.00,1.00,2.51,2.62,4.15
425000,125,79,8.3,0.0,0.0,0.0,8.3,0.0,1.00,19.5,10,877,46.61,0.75,79,0,0,0.0,1.00,1.00,1.00,2.33,3.13,3.15
426000,120,175,7.7,0.1,0.3,0.0,7.4,0.0,1.03,17.9,20,383,20.69,0.28,147,25,3,0.0,1.02,1.05,1.03,2.62,2.70,4.41
426000,125,84,8.0,0.0,0.0,0.0,8.0,0.0,1.01,19.7,8,760,40.47,0.80,84,0,0,0.0,1.01,1.01,1.01,2.48,2.98,3.19
427000,120,148,7.3,0.0,0.1,0.0,7.2,0.0,1.00,18.4,16,385,21.06,0.32,127,21,0,0.0,1.00,1.00,1.00,2.47,2.57,4.25
427000,125,98,8.4,0.3,0.0,0.0,8.1,0.0,1.10,19.4,8,690,35.86,0.58,98,0,0,0.0,1.11,1.11,1.08,2.34,3.09,3.21
428000,120,158,8.0,0.0,0.5,0.1,7.4,0.0,1.00,17.8,18,369,20.33,0.30,138,16,4,0.0,1.00,1.00,1.00,2.63,2.52,4.58
428000,125,73,8.1,0.2,0.0,0.1,7.9,0.0,1.04,19.5,10,743,38.08,0.50,73,0,0,0.0,1.05,1.04,1.04,2.34,3.12,3.16
429000,120,163,8.9,0.3,0.4,0.1,8.2,0.0,1.07,17.1,22,380,21.60,0.29,146,16,1,0.0,1.03,1.10,1.08,2.74,2.83,4.60
429000,125,83,8.5,0.0,0.0,0.0,8.5,0.0,1.00,19.4,8,707,36.44,0.45,83,0,0,0.0,1.00,1.00,1.00,2.53,3.08,3.22
430000,120,123,8.3,0.2,0.5,0.0,7.5,0.0,1.05,18.1,24,418,22.55,0.27,105,13,5,0.0,1.00,1.10,1.06,2.54,2.71,4.33
430000,125,94,8.6,0.2,0.2,0.0,8.2,0.0,1.05,19.1,12,638,33.30,0.47,93,1,0,0.0,1.06,1.06,1.04,2.32,3.27,3.21
431000,125,166,8.0,0.0,0.0,0.0,8.0,0.0,1.00,19.7,14,637,34.24,0.62,159,6,1,0.0,1.00,1.00,1.00,2.45,3.16,3.10
431000,120,108,8.8,0.1,0.3,0.1,8.3,0.0,1.02,17.4,15,388,21.62,0.37,98,8,2,0.0,1.00,1.03,1.02,2.65,2.73,4.60
432000,125,162,8.2,0.0,0.0,0.0,8.2,0.0,1.00,19.8,7,598,32.26,0.70,156,5,1,0.0,1.00,1.00,1.00,2.46,3.01,3.09
432000,120,75,8.3,0.0,0.1,0.7,7.5,0.0,1.01,17.8,12,468,25.32,0.26,62,13,0,0.0,1.00,1.02,1.01,2.52,2.52,4.72
433000,125,196,8.3,0.0,0.0,0.1,8.2,0.0,1.00,19.5,13,497,27.21,0.69,187,9,0,0.0,1.00,1.00,1.00,2.37,3.19,3.14
433000,120,54,8.5,0.0,0.3,0.1,8.2,0.0,1.00,17.1,10,472,26.19,0.19,54,0,0,0.0,1.00,1.00,1.00,2.72,3.06,4.46
434000,125,229,8.8,0.1,0.0,0.0,8.7,0.0,1.04,19.1,21,524,29.47,0.71,215,11,3,0.0,1.03,1.03,1.04,2.57,3.30,3.24
434000,120,81,8.1,0.1,0.0,0.3,7.7,0.0,1.02,17.5,9,400,21.71,0.21,78,2,1,0.0,1.00,1.04,1.02,2.40,2.75,4.53
435000,125,237,8.7,0.0,0.0,0.0,8.7,0.0,1.00,19.3,20,505,28.12,0.67,224,10,3,0.0,1.00,1.00,1.00,2.47,3.23,3.20
435000,120,31,8.1,0.0,0.1,0.1,7.9,0.0,1.00,17.5,8,686,37.62,0.21,29,0,2,0.0,1.00,1.00,1.00,2.32,2.81,4.42
436000,125,220,8.0,0.0,0.0,0.0,8.0,0.0,1.02,19.8,14,582,31.85,0.74,220,0,0,0.0,1.02,1.02,1.03,2.35,3.06,3.07
436000,120,35,7.8,0.0,0.2,0.1,7.6,0.0,1.00,18.0,8,746,40.31,0.20,34,0,1,0.0,1.00,1.00,1.00,2.37,2.63,4.37
436000,143,17,8.2,0.8,0.0,0.3,7.1,0.0,1.34,17.8,3,338,20.24,0.38,17,0,0,0.0,1.37,1.76,1.26,2.35,2.35,4.76
437000,125,202,8.3,0.0,0.1,0.0,8.2,0.0,1.00,19.6,17,565,31.64,0.79,202,0,0,0.0,1.00,1.00,1.00,2.32,3.12,3.11
437000,120,70,7.5,0.1,0.4,0.4,6.5,0.0,1.04,18.7,13,444,24.01,0.23,69,0,1,0.0,1.00,1.05,1.07,2.47,2.47,4.19
437000,143,29,8.6,0.0,0.0,0.0,8.6,0.0,1.00,17.5,4,342,20.65,0.37,29,0,0,0.0,1.00,1.00,1.00,2.55,2.07,5.17
438000,120,156,6.9,0.0,0.5,0.0,6.4,0.0,1.00,19.4,16,295,16.18,0.30,83,35,38,0.0,1.00,1.00,1.00,2.36,2.22,4.11
438000,125,154,8.3,0.0,0.0,0.0,8.2,0.0,1.00,19.8,10,574,32.02,0.71,154,0,0,0.0,1.01,1.00,1.00,2.40,3.03,3.05
438000,143,13,13.0,3.3,1.8,0.2,7.7,0.0,1.73,15.8,4,278,16.92,0.34,13,0,0,0.4,1.00,2.38,1.75,3.31,2.92,5.15
439000,125,112,8.1,0.0,0.0,0.0,8.1,0.0,1.01,19.7,8,811,43.26,0.72,112,0,0,0.0,1.01,1.01,1.01,2.23,3.05,3.14
439000,120,56,7.1,0.1,0.6,0.0,6.4,0.0,1.02,19.4,6,470,23.84,0.40,40,14,2,0.0,1.00,1.02,1.04,2.29,2.29,4.00
439000,143,20,8.8,0.0,0.0,0.0,8.8,0.0,1.00,17.5,4,306,17.38,0.23,20,0,0,0.0,1.00,1.00,1.00,2.60,2.30,4.95
440000,125,114,8.1,0.0,0.0,0.0,8.1,0.0,1.00,19.8,9,742,38.73,0.64,114,0,0,0.0,1.00,1.00,1.00,2.37,3.06,3.05
440000,120,53,6.5,0.0,0.0,0.0,6.5,0.0,1.00,19.9,6,395,20.08,0.26,43,8,2,0.0,1.00,1.00,1.00,2.45,2.21,3.85
440000,143,13,8.2,0.0,0.0,0.0,8.2,0.0,1.00,18.0,3,672,38.43,0.62,13,0,0,0.0,1.00,1.00,1.00,2.38,2.15,4.85
441000,120,131,7.3,0.2,0.2,0.1,6.8,0.0,1.09,18.9,15,356,18.91,0.24,120,11,0,0.0,1.08,1.07,1.14,2.48,2.38,4.16
441000,125,121,8.3,0.0,0.0,0.0,8.3,0.0,1.00,19.6,11,704,37.77,0.74,121,0,0,0.0,1.00,1.00,1.00,2.29,3.12,3.13
441000,143,10,8.3,0.0,0.0,0.0,8.3,0.0,1.00,17.8,2,412,23.73,0.31,10,0,0,0.0,1.00,1.00,1.00,2.30,2.10,5.00
442000,125,153,8.5,0.0,0.0,0.0,8.4,0.0,1.01,19.3,13,557,30.02,0.57,153,0,0,0.0,1.02,1.00,1.01,2.57,3.05,3.29
442000,120,103,6.8,0.1,0.2,0.0,6.6,0.0,1.03,19.6,7,440,22.49,0.30,91,11,1,0.0,1.01,1.03,1.04,2.45,2.25,3.94
442000,143,11,8.0,0.0,0.0,0.0,8.0,0.0,1.00,18.0,1,427,23.84,0.31,11,0,0,0.0,1.00,1.00,1.00,2.45,2.00,5.00
443000,120,192,6.7,0.0,0.3,0.0,6.4,0.0,1.01,19.6,18,440,22.81,0.28,180,8,4,0.0,1.00,1.02,1.01,2.35,2.25,3.96
443000,125,182,8.9,0.1,0.0,0.0,8.8,0.0,1.01,18.8,14,596,33.09,0.72,181,0,1,0.0,1.02,1.01,1.01,2.45,3.16,3.47
444000,120,241,6.8,0.0,0.1,0.0,6.7,0.0,1.00,19.4,16,491,25.57,0.39,211,10,20,0.0,1.00,1.00,1.00,2.37,2.31,4.00
444000,125,206,8.8,0.0,0.1,0.0,8.7,0.0,1.00,18.7,14,566,32.15,0.78,206,0,0,0.0,1.00,1.00,1.00,2.40,3.11,3.54
445000,125,206,9.0,0.0,0.0,0.0,9.0,0.0,1.00,18.3,14,571,32.88,0.80,206,0,0,0.0,1.00,1.00,1.00,2.59,3.13,3.73
445000,120,180,7.9,0.1,0.1,0.0,7.7,0.0,1.02,18.7,14,479,26.06,0.35,173,7,0,0.0,1.02,1.03,1.02,2.54,2.64,3.99
445000,148,32,9.0,0.5,0.1,0.0,8.4,0.0,1.15,17.2,6,343,20.03,0.39,25,7,0,0.0,1.00,1.25,1.17,2.78,2.31,5.19
446000,125,210,9.4,0.1,0.0,0.0,9.2,0.0,1.04,18.1,23,569,33.23,0.85,210,0,0,0.0,1.04,1.04,1.04,2.72,3.15,3.86
446000,120,191,8.3,0.1,0.0,0.0,8.2,0.0,1.03,18.4,17,498,27.72,0.32,184,7,0,0.0,1.00,1.05,1.03,2.59,2.74,4.05
446000,148,26,8.1,0.0,0.0,0.0,8.0,0.0,1.00,17.8,2,379,21.67,0.41,26,0,0,0.0,1.00,1.00,1.00,2.50,2.04,5.12
447000,125,238,9.4,0.0,0.0,0.0,9.4,0.0,1.01,18.1,24,526,30.61,0.81,232,6,0,0.0,1.01,1.01,1.00,2.62,3.22,3.78
447000,120,179,8.9,0.0,0.1,0.0,8.8,0.0,1.00,17.9,19,490,28.07,0.38,175,4,0,0.0,1.00,1.00,1.00,2.64,2.89,4.15
447000,148,25,8.1,0.0,0.0,0.0,8.1,0.0,1.00,18.0,2,373,21.72,0.40,19,6,0,0.0,1.00,1.00,1.00,2.56,2.00,5.00
448000,125,237,9.0,0.0,0.1,0.0,8.9,0.0,1.00,18.2,20,552,32.44,0.83,234,3,0,0.0,1.01,1.01,1.00,2.61,3.17,3.80
448000,120,159,9.8,0.0,0.4,0.0,9.3,0.0,1.01,17.6,22,518,31.02,0.45,153,5,1,0.0,1.01,1.01,1.01,2.82,3.07,4.16
448000,148,50,8.1,0.0,0.0,0.0,8.1,0.0,1.00,18.0,5,262,15.91,0.32,48,2,0,0.0,1.00,1.00,1.00,2.56,2.02,5.00
449000,125,251,9.3,0.1,0.1,0.0,9.1,0.0,1.03,18.2,25,528,30.67,0.74,244,7,0,0.0,1.04,1.02,1.04,2.60,3.14,3.77
449000,120,151,9.5,0.0,0.1,0.1,9.3,0.0,1.01,17.5,18,497,29.30,0.42,141,6,4,0.0,1.01,1.02,1.01,2.72,3.11,4.11
449000,148,63,8.6,0.6,0.1,0.0,8.0,0.0,1.25,17.6,8,293,17.39,0.33,51,10,2,0.0,1.17,1.32,1.25,2.67,2.27,4.95
450000,125,243,9.1,0.0,0.0,0.0,9.1,0.0,1.00,18.2,24,547,31.98,0.80,242,1,0,0.0,1.00,1.00,1.00,2.54,3.15,3.78
450000,120,123,9.5,0.1,0.2,0.0,9.1,0.0,1.02,17.6,18,513,30.12,0.40,119,3,1,0.0,1.04,1.04,1.01,2.66,3.08,4.11
450000,148,79,8.2,0.1,0.0,0.2,7.9,0.0,1.08,17.9,11,374,21.73,0.36,73,5,1,0.0,1.08,1.08,1.08,2.66,2.14,4.92
451000,125,243,9.1,0.0,0.1,0.0,9.1,0.0,1.00,18.3,22,535,31.17,0.85,243,0,0,0.0,1.00,1.00,1.00,2.63,3.11,3.74
451000,120,122,9.3,0.0,0.0,0.0,9.3,0.0,1.00,17.6,12,469,27.43,0.34,119,0,3,0.0,1.00,1.00,1.00,2.61,3.07,4.12
451000,148,57,9.7,0.9,1.1,0.0,7.7,0.0,1.36,17.4,8,337,19.19,0.38,48,8,1,0.0,1.34,1.39,1.35,2.75,2.39,4.91
452000,125,232,9.2,0.0,0.0,0.0,9.1,0.0,1.00,18.3,19,597,34.77,0.94,232,0,0,0.0,1.00,1.00,1.00,2.66,3.13,3.72
452000,120,120,9.8,0.2,0.1,0.1,9.4,0.0,1.08,17.2,16,495,29.29,0.35,119,0,1,0.0,1.03,1.12,1.09,2.75,3.11,4.32
452000,148,51,8.4,0.2,0.0,0.3,7.8,0.0,1.06,17.9,11,427,23.93,0.41,49,2,0,0.0,1.00,1.10,1.07,2.57,2.37,4.76
453000,125,240,8.8,0.0,0.0,0.0,8.7,0.0,1.00,18.7,23,496,28.87,0.77,240,0,0,0.0,1.00,1.00,1.00,2.48,3.03,3.62
453000,120,98,9.7,0.0,0.0,0.0,9.7,0.0,1.00,17.4,11,549,32.62,0.43,97,0,1,0.0,1.00,1.00,1.00,2.80,3.03,4.28
453000,148,40,9.7,0.0,1.2,0.5,7.9,0.0,1.00,17.0,5,381,21.60,0.36,38,0,2,0.0,1.00,1.00,1.00,2.45,2.38,5.15
454000,125,234,8.8,0.0,0.0,0.0,8.7,0.0,1.00,18.6,22,500,29.29,0.79,234,0,0,0.0,1.01,1.00,1.00,2.63,3.06,3.66
454000,120,92,9.8,0.0,0.1,0.0,9.7,0.0,1.00,17.1,18,572,33.84,0.51,89,2,1,0.0,1.00,1.00,1.00,2.93,3.04,4.40
454000,148,65,9.1,0.3,0.3,0.0,8.5,0.0,1.11,17.4,11,344,20.24,0.34,65,0,0,0.0,1.00,1.23,1.11,2.60,2.31,5.02
455000,125,213,9.0,0.0,0.0,0.0,9.0,0.0,1.00,18.5,19,528,30.79,0.79,213,0,0,0.0,1.00,1.00,1.00,2.56,3.04,3.71
455000,120,97,9.6,0.1,0.0,0.0,9.5,0.0,1.04,17.3,18,481,27.82,0.38,84,11,2,0.0,1.04,1.04,1.04,2.62,2.97,4.36
455000,148,55,8.7,0.4,0.3,0.0,7.9,0.0,1.15,17.6,5,430,24.14,0.35,55,0,0,0.0,1.14,1.21,1.13,2.49,2.20,5.02
456000,125,212,9.2,0.0,0.1,0.1,9.0,0.0,1.00,18.5,16,555,32.28,0.87,212,0,0,0.0,1.01,1.00,1.00,2.49,3.12,3.66
456000,120,75,9.8,0.2,0.3,0.1,9.3,0.0,1.05,17.3,19,489,28.07,0.28,67,4,4,0.0,1.04,1.06,1.05,2.79,3.09,4.37
456000,148,55,7.8,0.0,0.0,0.1,7.7,0.0,1.00,18.3,6,460,26.87,0.55,55,0,0,0.0,1.00,1.00,1.00,2.31,1.98,4.89
457000,125,222,9.4,0.0,0.0,0.0,9.4,0.0,1.00,18.2,20,534,30.98,0.75,222,0,0,0.0,1.00,1.00,1.00,2.58,3.14,3.77
457000,120,109,9.6,0.1,0.1,0.0,9.5,0.0,1.02,17.4,15,420,25.08,0.28,96,11,2,0.0,1.01,1.03,1.03,2.71,3.12,4.16
457000,148,56,8.1,0.1,0.0,0.0,8.0,0.0,1.02,18.1,7,455,26.03,0.54,52,4,0,0.0,1.00,1.03,1.04,2.43,2.12,4.82
458000,125,235,9.4,0.0,0.1,0.0,9.3,0.0,1.00,18.1,24,517,29.95,0.73,235,0,0,0.0,1.01,1.01,1.00,2.57,3.21,3.77
458000,120,86,9.7,0.2,0.1,0.3,9.1,0.0,1.09,17.7,10,542,30.83,0.28,81,3,2,0.0,1.08,1.08,1.09,2.57,3.02,4.12
458000,148,59,8.8,0.4,0.8,0.1,7.6,0.0,1.07,17.9,10,311,18.14,0.39,47,9,3,0.1,1.00,1.14,1.08,2.49,2.34,4.75
459000,125,229,9.6,0.0,0.0,0.0,9.6,0.0,1.00,17.8,21,500,29.61,0.75,229,0,0,0.0,1.00,1.00,1.00,2.51,3.27,3.87
459000,120,62,10.2,0.3,0.1,0.2,9.6,0.0,1.06,17.2,9,529,30.24,0.25,52,9,1,0.0,1.10,1.00,1.06,2.82,3.15,4.26
459000,148,59,9.4,0.1,0.0,0.0,9.4,0.0,1.02,17.3,10,327,19.58,0.48,51,7,1,0.0,1.02,1.02,1.03,2.64,2.41,4.98
460000,125,221,9.8,0.1,0.0,0.0,9.7,0.0,1.03,17.6,22,528,31.36,0.89,221,0,0,0.0,1.03,1.03,1.03,2.65,3.24,3.95
460000,148,65,8.1,0.0,0.1,0.3,7.6,0.0,1.02,18.2,9,309,18.29,0.34,57,5,3,0.0,1.00,1.02,1.04,2.35,2.05,4.85
460000,120,55,9.7,0.0,0.2,0.0,9.5,0.0,1.00,17.7,8,544,30.59,0.26,43,8,4,0.0,1.00,1.00,1.00,2.78,3.05,4.11
461000,125,243,9.4,0.0,0.1,0.0,9.3,0.0,1.01,17.8,25,524,30.82,0.84,243,0,0,0.0,1.01,1.00,1.01,2.45,3.31,3.83
461000,148,51,8.2,0.0,0.0,0.0,8.2,0.0,1.00,18.4,7,314,18.73,0.27,49,2,0,0.0,1.00,1.00,1.00,2.41,2.10,4.73
461000,120,39,9.6,0.0,0.0,0.1,9.5,0.0,1.00,17.8,7,599,33.60,0.24,37,0,2,0.0,1.00,1.00,1.00,2.90,3.00,4.08
462000,125,239,9.2,0.0,0.0,0.0,9.2,0.0,1.02,17.9,24,516,30.80,0.80,239,0,0,0.0,1.02,1.02,1.03,2.66,3.30,3.78
462000,120,63,8.4,0.0,0.0,0.0,8.4,0.0,1.00,18.5,6,591,32.44,0.23,62,0,1,0.0,1.00,1.00,1.00,2.56,3.02,3.73
462000,148,52,10.3,0.5,0.5,0.8,8.6,0.0,1.12,16.8,7,310,18.67,0.36,50,1,1,0.0,1.00,1.18,1.15,2.79,2.50,5.12
463000,125,225,9.5,0.1,0.0,0.0,9.4,0.0,1.02,18.1,29,523,30.36,0.69,225,0,0,0.0,1.02,1.04,1.02,2.61,3.23,3.77
463000,148,58,8.7,0.3,0.0,0.0,8.3,0.0,1.12,17.6,9,320,19.32,0.33,57,0,1,0.0,1.08,1.18,1.14,2.53,2.21,5.00
463000,120,55,7.1,0.0,0.0,0.0,7.1,0.0,1.00,19.4,7,635,32.57,0.10,53,0,2,0.0,1.00,1.00,1.00,2.45,2.95,3.35
464000,125,230,9.3,0.0,0.0,0.0,9.3,0.0,1.00,18.2,25,550,31.79,0.74,230,0,0,0.0,1.00,1.00,1.00,2.59,3.19,3.76
464000,148,63,9.2,0.8,0.1,0.0,8.4,0.0,1.23,17.4,8,385,22.26,0.35,63,0,0,0.0,1.22,1.23,1.23,2.70,2.21,5.08
464000,120,38,6.6,0.0,0.0,0.2,6.4,0.0,1.00,19.6,6,500,25.58,0.08,37,0,1,0.0,1.00,1.00,1.00,2.47,3.00,3.18
465000,125,245,8.8,0.0,0.1,0.0,8.6,0.0,1.01,18.7,22,560,32.15,0.71,245,0,0,0.0,1.01,1.01,1.01,2.37,3.13,3.56
465000,148,48,8.2,0.0,0.0,0.0,8.2,0.0,1.00,17.9,4,381,22.00,0.38,48,0,0,0.0,1.00,1.00,1.00,2.58,2.00,5.04
465000,120,31,6.2,0.0,0.0,0.0,6.2,0.0,1.00,19.9,3,583,29.34,0.19,31,0,0,0.0,1.00,1.00,1.00,2.35,3.00,3.03
465000,151,15,10.3,0.9,0.1,0.0,9.3,0.0,1.45,16.8,4,205,14.33,0.43,0,15,0,0.1,1.47,1.47,1.44,2.53,3.80,3.80
466000,125,234,8.9,0.0,0.0,0.0,8.8,0.0,1.01,18.6,23,525,29.82,0.73,234,0,0,0.0,1.01,1.01,1.02,2.61,3.15,3.56
466000,120,74,7.6,0.5,0.2,0.1,6.8,0.0,1.16,19.2,12,230,12.77,0.18,73,0,1,0.0,1.09,1.23,1.17,2.45,3.12,3.26
466000,148,53,8.5,0.3,0.0,0.0,8.2,0.0,1.09,17.5,5,297,17.79,0.35,52,0,1,0.0,1.09,1.10,1.07,2.53,2.11,5.13
466000,151,9,11.0,0.0,0.0,0.0,11.0,0.0,1.00,16.0,3,246,16.51,0.31,0,7,2,0.0,1.00,1.00,1.00,2.78,3.89,4.11
467000,125,225,8.7,0.0,0.0,0.0,8.7,0.0,1.00,18.8,23,593,33.85,0.86,224,0,1,0.0,1.00,1.00,1.00,2.54,3.07,3.53
467000,120,82,7.1,0.0,0.0,0.0,7.1,0.0,1.00,19.6,8,387,21.02,0.17,82,0,0,0.0,1.00,1.00,1.00,2.40,3.05,3.16
467000,148,50,8.2,0.0,0.0,0.0,8.2,0.0,1.00,17.7,4,306,17.79,0.29,47,0,3,0.0,1.00,1.00,1.00,2.60,2.00,5.14
467000,151,11,20.5,1.5,4.8,0.0,14.2,0.0,1.32,9.6,7,133,13.40,1.23,0,9,2,0.2,1.00,1.62,1.32,4.09,5.45,6.36
468000,125,233,9.2,0.0,0.0,0.0,9.2,0.0,1.00,18.5,26,554,31.75,0.79,233,0,0,0.0,1.00,1.00,1.00,2.58,3.27,3.59
468000,120,123,8.6,0.1,0.0,0.0,8.6,0.0,1.02,18.7,13,405,23.18,0.28,121,0,2,0.0,1.00,1.02,1.02,2.53,3.05,3.62
468000,148,58,7.8,0.0,0.0,0.0,7.8,0.0,1.00,17.8,3,301,17.71,0.27,58,0,0,0.0,1.00,1.00,1.00,2.36,2.00,5.09
468000,151,21,14.1,0.5,0.4,0.0,13.2,0.0,1.20,13.0,8,114,10.67,0.66,0,17,4,0.0,1.00,1.23,1.31,3.62,4.10,5.38
469000,125,232,8.9,0.0,0.0,0.0,8.8,0.0,1.01,18.8,19,571,32.07,0.83,232,0,0,0.0,1.01,1.02,1.01,2.56,3.11,3.53
469000,120,186,8.9,0.0,0.0,0.1,8.8,0.0,1.01,18.5,21,424,23.89,0.40,184,0,2,0.0,1.01,1.01,1.01,2.52,3.15,3.61
469000,148,63,7.9,0.0,0.0,0.0,7.8,0.0,1.02,17.2,9,282,16.60,0.30,62,0,1,0.0,1.01,1.02,1.03,2.73,2.06,5.35
469000,151,11,15.1,0.0,0.1,0.1,14.9,0.0,1.00,13.5,7,105,7.96,0.29,0,10,1,0.0,1.00,1.00,1.00,3.36,3.82,5.45
470000,125,237,8.6,0.0,0.0,0.0,8.6,0.0,1.00,18.9,21,545,31.03,0.77,237,0,0,0.0,1.00,1.00,1.00,2.42,2.97,3.59
470000,120,161,8.7,0.0,0.2,0.1,8.5,0.0,1.00,18.7,14,476,26.79,0.43,160,1,0,0.0,1.00,1.00,1.00,2.68,3.04,3.61
470000,148,42,7.8,0.0,0.0,0.0,7.8,0.0,1.00,17.6,4,445,25.50,0.50,42,0,0,0.0,1.00,1.00,1.00,2.62,2.00,5.21
470000,151,19,10.3,0.5,0.0,0.0,9.7,0.0,1.18,17.1,9,100,6.95,0.25,0,14,5,0.0,1.00,1.21,1.27,2.84,2.95,4.53
471000,125,224,9.4,0.0,0.0,0.0,9.4,0.0,1.00,18.4,24,549,31.65,0.88,224,0,0,0.0,1.00,1.00,1.00,2.60,3.16,3.66
471000,120,178,8.8,0.0,0.1,0.2,8.6,0.0,1.02,18.6,18,431,24.28,0.40,176,0,2,0.0,1.04,1.03,1.02,2.65,2.97,3.71
471000,148,64,7.8,0.0,0.0,0.0,7.8,0.0,1.00,17.0,10,289,16.92,0.25,64,0,0,0.0,1.00,1.00,1.00,2.77,1.95,5.55
471000,151,20,13.6,0.0,0.9,0.2,12.5,0.0,1.00,14.8,11,85,6.08,0.33,0,16,4,0.0,1.00,1.00,1.00,3.15,3.25,5.55
472000,125,237,9.4,0.1,0.0,0.0,9.3,0.0,1.02,18.5,22,559,32.28,0.90,237,0,0,0.0,1.02,1.02,1.01,2.57,3.08,3.66
472000,120,106,8.2,0.0,0.0,0.0,8.2,0.0,1.00,19.0,11,564,30.72,0.43,106,0,0,0.0,1.00,1.00,1.00,2.42,2.90,3.61
472000,148,67,9.4,0.8,0.0,0.0,8.6,0.0,1.20,15.9,10,330,19.29,0.32,66,1,0,0.0,1.00,1.27,1.27,2.70,2.25,5.81
472000,151,14,17.0,0.0,2.1,0.0,14.9,0.0,1.00,13.1,5,124,11.23,0.45,0,11,3,0.0,1.00,1.00,1.00,3.00,3.64,5.79
473000,125,215,9.0,0.0,0.0,0.1,8.9,0.0,1.02,18.6,22,547,31.95,0.87,215,0,0,0.0,1.01,1.01,1.06,2.51,3.09,3.60
473000,120,160,8.7,0.0,0.0,0.0,8.7,0.0,1.00,18.7,18,462,26.07,0.33,160,0,0,0.0,1.00,1.00,1.00,2.68,2.98,3.68
473000,148,59,8.3,0.0,0.0,0.0,8.3,0.0,1.00,15.9,8,315,19.06,0.38,55,0,4,0.0,1.00,1.00,1.00,3.10,2.12,5.93
473000,151,23,13.4,0.0,0.8,1.3,11.3,0.0,1.00,16.4,10,80,6.73,0.29,0,21,2,0.0,1.00,1.00,1.00,2.61,3.30,4.48
474000,125,213,8.9,0.0,0.0,0.0,8.9,0.0,1.00,18.8,18,587,34.43,0.91,213,0,0,0.0,1.00,1.00,1.00,2.59,3.00,3.61
474000,120,191,9.0,0.0,0.0,0.1,8.9,0.0,1.00,18.5,19,475,27.11,0.36,191,0,0,0.0,1.00,1.00,1.00,2.55,3.08,3.68
474000,148,51,9.0,0.3,0.0,0.0,8.7,0.0,1.08,14.9,8,310,19.02,0.31,51,0,0,0.0,1.06,1.08,1.08,2.92,2.02,6.53
474000,151,15,18.6,2.2,0.8,0.0,15.6,0.0,1.56,13.9,7,70,6.91,0.35,0,9,6,0.0,2.00,1.00,1.63,3.13,4.00,5.07
475000,125,220,9.4,0.2,0.0,0.0,9.2,0.0,1.04,18.6,21,570,32.96,0.88,220,0,0,0.0,1.05,1.06,1.03,2.50,3.10,3.59
475000,120,167,8.7,0.0,0.0,0.1,8.6,0.0,1.00,18.7,18,472,26.45,0.34,166,0,1,0.0,1.00,1.00,1.00,2.43,3.02,3.63
475000,148,47,8.9,0.0,0.0,0.0,8.8,0.0,1.01,15.2,5,334,20.45,0.40,47,0,0,0.0,1.00,1.01,1.01,3.02,2.00,6.40
476000,125,213,9.5,0.0,0.0,0.0,9.4,0.0,1.00,18.4,23,602,35.36,0.92,213,0,0,0.0,1.00,1.00,1.00,2.69,3.15,3.69
476000,120,147,8.8,0.0,0.0,0.1,8.7,0.0,1.00,18.6,21,417,23.82,0.36,146,0,1,0.0,1.00,1.00,1.00,2.52,3.05,3.66
476000,148,55,8.5,0.2,0.0,0.2,8.1,0.0,1.12,15.6,7,298,17.99,0.30,55,0,0,0.0,1.13,1.13,1.10,2.82,2.11,6.09
477000,125,204,9.3,0.0,0.0,0.0,9.2,0.0,1.00,18.4,21,565,32.98,0.84,204,0,0,0.0,1.00,1.00,1.00,2.64,3.10,3.70
477000,120,155,8.7,0.2,0.0,0.1,8.5,0.0,1.05,18.7,25,340,19.38,0.31,127,23,5,0.0,1.05,1.05,1.06,2.71,3.12,3.55
477000,148,67,9.0,0.0,0.3,0.3,8.4,0.0,1.00,15.5,10,266,16.31,0.35,66,0,1,0.0,1.00,1.00,1.00,3.07,2.18,6.06
478000,125,191,9.4,0.0,0.0,0.2,9.2,0.0,1.00,18.3,19,503,29.56,0.82,191,0,0,0.0,1.00,1.00,1.00,2.59,3.07,3.79
478000,120,165,8.2,0.0,0.0,0.0,8.2,0.0,1.00,19.0,22,448,24.59,0.36,141,19,5,0.0,1.00,1.00,1.00,2.44,3.10,3.41
478000,148,69,8.5,0.0,0.0,0.0,8.5,0.0,1.00,15.7,9,287,17.37,0.28,69,0,0,0.0,1.00,1.00,1.01,3.00,2.10,6.03
479000,125,192,9.5,0.0,0.0,0.0,9.4,0.0,1.00,18.3,15,648,38.13,0.96,192,0,0,0.0,1.00,1.00,1.00,2.61,3.06,3.78
479000,120,187,8.7,0.2,0.3,0.1,8.1,0.0,1.09,18.5,35,415,23.42,0.33,161,25,1,0.0,1.09,1.09,1.10,2.50,3.17,3.59
479000,148,53,8.8,0.0,0.0,0.0,8.8,0.0,1.00,15.6,7,352,21.28,0.48,53,0,0,0.0,1.00,1.00,1.00,2.98,2.09,6.09
480000,125,196,9.4,0.0,0.1,0.0,9.3,0.0,1.00,18.3,15,636,37.26,0.86,196,0,0,0.0,1.01,1.00,1.00,2.52,3.08,3.76
480000,120,185,8.3,0.1,0.1,0.1,8.0,0.0,1.02,18.9,29,440,24.31,0.35,160,22,3,0.0,1.02,1.02,1.03,2.47,3.14,3.44
480000,148,66,8.7,0.2,0.0,0.1,8.4,0.0,1.09,15.7,7,320,19.31,0.38,65,0,1,0.0,1.08,1.12,1.09,2.88,2.12,6.05
481000,120,220,8.5,0.1,0.2,0.1,8.1,0.0,1.02,18.7,28,454,24.93,0.37,193,19,8,0.0,1.02,1.04,1.02,2.47,3.32,3.36
481000,125,194,10.0,0.0,0.0,0.0,10.0,0.0,1.00,18.0,21,517,29.78,0.74,194,0,0,0.0,1.01,1.00,1.00,2.59,3.14,3.88
481000,148,57,8.6,0.0,0.5,0.3,7.8,0.0,1.01,16.1,10,377,22.81,0.32,57,0,0,0.0,1.00,1.01,1.02,3.02,2.23,5.72
482000,120,280,8.5,0.1,0.1,0.1,8.2,0.0,1.02,18.6,34,398,22.16,0.34,259,16,5,0.0,1.01,1.04,1.02,2.56,3.24,3.54
482000,125,184,10.1,0.0,0.0,0.0,10.1,0.0,1.01,17.8,16,556,32.84,0.77,184,0,0,0.0,1.01,1.01,1.01,2.60,3.16,3.96
482000,148,49,8.0,0.0,0.0,0.0,7.9,0.0,1.01,17.0,6,325,18.72,0.30,49,0,0,0.0,1.00,1.01,1.01,2.59,2.06,5.43
483000,120,239,8.3,0.0,0.1,0.0,8.2,0.0,1.01,18.9,22,422,23.48,0.39,239,0,0,0.0,1.01,1.01,1.01,2.44,3.07,3.49
483000,125,191,10.2,0.0,0.0,0.0,10.2,0.0,1.00,17.9,16,559,33.78,0.85,191,0,0,0.0,1.00,1.00,1.00,2.70,3.12,3.94
483000,148,51,8.1,0.0,0.0,0.0,8.0,0.0,1.01,17.1,8,345,19.95,0.26,50,0,1,0.0,1.01,1.01,1.02,2.69,2.16,5.35
484000,120,283,8.3,0.1,0.1,0.0,8.1,0.0,1.04,18.9,31,424,23.41,0.35,283,0,0,0.0,1.02,1.04,1.04,2.44,3.14,3.42
484000,125,202,10.1,0.0,0.0,0.0,10.1,0.0,1.00,17.8,25,550,33.60,0.96,202,0,0,0.0,1.00,1.00,1.00,2.58,3.18,3.97
484000,148,33,7.6,0.0,0.0,0.0,7.6,0.0,1.00,16.8,6,377,21.58,0.34,32,0,1,0.0,1.00,1.00,1.00,2.88,1.94,5.67
485000,120,264,8.1,0.0,0.0,0.0,8.1,0.0,1.02,19.1,22,447,24.62,0.40,264,0,0,0.0,1.02,1.02,1.02,2.44,3.05,3.42
485000,125,193,10.6,0.0,0.0,0.0,10.5,0.0,1.01,17.7,19,468,28.38,0.82,193,0,0,0.0,1.01,1.01,1.00,2.78,3.18,3.99
485000,148,48,9.2,0.0,0.6,0.3,8.2,0.0,1.01,15.5,8,331,19.78,0.36,47,0,1,0.0,1.00,1.01,1.03,3.17,2.25,5.98
486000,120,257,8.2,0.0,0.0,0.0,8.1,0.0,1.01,19.0,28,449,24.84,0.43,257,0,0,0.0,1.01,1.01,1.02,2.56,3.01,3.51
486000,125,172,9.8,0.0,0.0,0.0,9.8,0.0,1.00,18.1,14,610,36.90,0.99,172,0,0,0.0,1.00,1.00,1.00,2.47,3.05,3.91
486000,148,31,8.4,0.3,0.0,0.0,8.1,0.0,1.09,16.0,10,430,25.06,0.42,31,0,0,0.0,1.03,1.09,1.16,3.00,2.13,5.87
487000,125,224,10.0,0.0,0.1,0.0,9.8,0.0,1.00,17.9,22,596,35.72,0.91,224,0,0,0.0,1.00,1.00,1.00,2.73,3.14,3.91
487000,120,217,8.3,0.1,0.0,0.0,8.2,0.0,1.02,19.0,27,441,24.36,0.40,217,0,0,0.0,1.02,1.02,1.02,2.57,3.06,3.44
487000,148,42,8.8,0.5,0.0,0.0,8.4,0.0,1.14,15.8,7,283,17.25,0.24,42,0,0,0.0,1.16,1.16,1.12,3.12,2.36,5.74
487000,152,20,11.1,0.0,0.2,0.3,10.6,0.0,1.00,15.7,4,134,10.48,0.83,0,18,2,0.0,1.00,1.00,1.00,3.15,4.70,3.45
488000,125,273,10.0,0.0,0.0,0.0,10.0,0.0,1.01,17.9,24,576,34.42,0.85,273,0,0,0.0,1.01,1.01,1.01,2.56,3.18,3.90
488000,120,166,9.1,0.2,0.1,0.0,8.8,0.0,1.05,18.4,24,470,26.89,0.54,164,0,2,0.0,1.04,1.06,1.06,2.71,3.12,3.70
488000,148,36,8.1,0.0,0.0,0.0,8.1,0.0,1.00,17.1,3,262,15.82,0.22,36,0,0,0.0,1.00,1.00,1.00,3.03,2.03,5.44
488000,152,26,10.1,0.0,1.2,0.1,8.8,0.0,1.00,16.7,11,79,5.85,0.18,0,20,6,0.0,1.00,1.00,1.00,2.58,4.69,3.23
489000,125,327,9.4,0.0,0.0,0.0,9.4,0.0,1.00,18.2,18,579,34.36,0.87,327,0,0,0.0,1.00,1.00,1.00,2.58,3.06,3.87
489000,120,113,9.3,0.4,0.0,0.0,8.9,0.0,1.12,18.1,20,389,22.27,0.42,110,0,3,0.0,1.10,1.15,1.12,2.69,3.22,3.73
489000,148,42,8.3,0.0,0.0,0.0,8.3,0.0,1.00,16.1,4,356,21.52,0.49,42,0,0,0.0,1.00,1.00,1.00,2.93,2.05,5.88
489000,152,25,10.6,0.1,0.3,0.3,9.9,0.0,1.04,16.6,12,130,7.73,0.17,0,23,2,0.0,1.00,1.10,1.03,2.48,4.76,2.96
490000,125,355,9.5,0.0,0.0,0.0,9.5,0.0,1.01,18.1,27,549,32.39,0.80,355,0,0,0.0,1.01,1.00,1.01,2.60,3.10,3.85
490000,120,82,7.7,0.0,0.0,0.0,7.7,0.0,1.00,19.4,9,405,22.54,0.42,82,0,0,0.0,1.00,1.00,1.00,2.26,3.04,3.26
490000,148,53,9.6,0.2,0.3,0.6,8.5,0.0,1.06,15.3,9,311,19.22,0.38,53,0,0,0.0,1.00,1.06,1.08,3.11,2.32,6.08
490000,152,24,12.0,0.0,0.0,0.0,11.9,0.0,1.00,16.3,7,124,8.46,0.31,0,23,1,0.0,1.00,1.00,1.00,2.83,4.62,3.21
491000,125,330,9.4,0.0,0.0,0.0,9.4,0.0,1.00,18.2,23,589,34.52,0.81,330,0,0,0.0,1.00,1.00,1.00,2.58,3.02,3.90
491000,120,84,8.4,0.0,0.0,0.0,8.4,0.0,1.01,18.9,16,451,25.88,0.42,83,0,1,0.0,1.01,1.01,1.02,2.40,3.08,3.54
491000,148,55,8.5,0.1,0.1,0.1,8.3,0.0,1.03,15.8,8,254,15.97,0.26,55,0,0,0.0,1.00,1.03,1.05,2.87,2.24,5.85
491000,152,28,9.8,0.0,0.0,0.0,9.8,0.0,1.00,18.0,15,107,6.86,0.60,0,26,2,0.0,1.00,1.00,1.00,2.39,4.39,2.61
492000,125,270,10.0,0.1,0.0,0.0,9.9,0.0,1.01,17.8,27,660,38.90,0.91,270,0,0,0.0,1.02,1.00,1.01,2.67,3.16,3.98
492000,120,100,7.8,0.0,0.0,0.0,7.8,0.0,1.01,19.0,16,358,20.00,0.32,100,0,0,0.0,1.01,1.01,1.02,2.43,2.92,3.59
492000,148,57,8.8,0.4,0.0,0.0,8.4,0.0,1.13,15.5,10,324,19.75,0.31,57,0,0,0.0,1.00,1.14,1.19,3.11,2.30,6.04
492000,152,18,9.1,0.0,0.3,0.1,8.7,0.0,1.00,18.3,9,158,10.95,0.64,0,16,2,0.0,1.00,1.00,1.00,2.72,4.22,2.61
493000,125,301,9.9,0.1,0.0,0.0,9.8,0.0,1.02,17.9,25,617,35.98,0.82,301,0,0,0.0,1.02,1.02,1.01,2.65,3.14,3.94
493000,148,107,8.4,0.0,0.0,0.0,8.4,0.0,1.01,15.9,13,312,19.06,0.31,105,0,2,0.0,1.01,1.01,1.01,2.85,2.06,6.02
493000,152,27,6.6,0.0,0.0,0.0,6.6,0.0,1.00,20.3,7,134,7.50,0.58,0,26,1,0.0,1.00,1.00,1.00,2.04,3.70,2.15
493000,120,17,8.7,0.0,0.0,0.0,8.7,0.0,1.00,18.1,5,404,23.27,0.44,17,0,0,0.0,1.00,1.00,1.00,2.94,3.06,3.88
494000,125,249,9.8,0.0,0.1,0.1,9.6,0.0,1.00,17.9,25,616,35.63,0.87,249,0,0,0.0,1.00,1.00,1.00,2.67,3.09,3.96
494000,148,112,9.1,0.4,0.0,0.0,8.7,0.0,1.11,15.4,19,311,18.61,0.26,109,0,3,0.0,1.01,1.15,1.16,3.19,2.29,6.07
494000,120,39,8.4,0.0,0.0,0.2,8.2,0.0,1.00,18.8,11,339,19.04,0.33,39,0,0,0.0,1.00,1.00,1.00,2.72,3.00,3.59
494000,152,14,8.7,0.0,0.0,1.3,7.4,0.0,1.00,17.6,6,146,9.77,0.88,0,14,0,0.0,1.00,1.00,1.00,2.64,4.36,3.00
495000,125,251,9.6,0.0,0.0,0.1,9.5,0.0,1.00,18.1,20,688,40.00,0.84,251,0,0,0.0,1.00,1.00,1.00,2.63,3.06,3.92
495000,148,130,9.8,0.2,0.0,0.0,9.6,0.0,1.07,15.1,9,353,22.18,0.41,122,6,2,0.0,1.05,1.08,1.07,3.02,2.12,6.35
495000,120,13,8.9,0.0,0.0,0.0,8.9,0.0,1.00,17.8,3,543,32.71,0.57,13,0,0,0.0,1.00,1.00,1.00,2.62,3.00,4.08
496000,125,268,9.7,0.0,0.0,0.1,9.7,0.0,1.00,17.9,25,541,31.41,0.67,268,0,0,0.0,1.00,1.00,1.00,2.60,3.16,3.93
496000,148,135,9.6,0.4,0.2,0.0,9.1,0.0,1.10,15.3,15,302,18.42,0.28,129,5,1,0.0,1.07,1.12,1.10,3.10,2.21,6.15
497000,125,225,10.0,0.0,0.0,0.0,9.9,0.0,1.00,17.9,21,641,36.45,0.65,225,0,0,0.0,1.00,1.00,1.00,2.64,3.11,3.97
497000,148,118,9.1,0.2,0.0,0.1,8.7,0.0,1.07,15.4,14,306,18.82,0.32,111,7,0,0.0,1.06,1.08,1.08,3.02,2.18,6.16
498000,125,235,9.8,0.0,0.0,0.0,9.8,0.0,1.00,18.0,20,620,35.36,0.65,235,0,0,0.0,1.00,1.00,1.00,2.60,3.06,3.96
498000,148,144,9.1,0.6,0.0,0.1,8.5,0.0,1.16,15.5,15,328,19.77,0.39,137,5,2,0.0,1.06,1.20,1.20,2.95,2.22,6.03
498000,155,15,15.1,0.8,0.5,0.0,13.8,0.0,1.31,13.3,5,148,12.24,1.41,3,12,0,0.2,1.23,1.31,1.38,3.67,4.80,4.60
499000,125,239,9.8,0.0,0.0,0.2,9.5,0.0,1.02,18.1,22,708,40.31,0.68,239,0,0,0.0,1.02,1.01,1.02,2.58,3.05,3.90
499000,148,148,9.4,0.4,0.0,0.1,9.0,0.0,1.10,14.9,20,285,17.41,0.36,137,8,3,0.0,1.03,1.15,1.12,2.97,2.40,6.14
499000,155,9,12.6,0.0,0.0,0.0,12.6,0.0,1.00,15.1,3,118,10.12,0.95,1,8,0,0.0,1.00,1.00,1.00,2.89,5.00,3.44
500000,125,271,10.0,0.0,0.1,0.0,9.8,0.0,1.01,18.1,24,612,35.02,0.75,271,0,0,0.0,1.01,1.00,1.01,2.61,3.12,3.85
500000,148,121,9.0,0.3,0.2,0.0,8.6,0.0,1.11,15.4,16,298,17.89,0.32,116,4,1,0.0,1.08,1.16,1.13,3.13,2.16,6.14
500000,155,19,11.2,0.3,0.5,0.1,10.4,0.0,1.04,16.2,6,87,6.32,0.43,1,17,1,0.1,1.00,1.05,1.05,2.74,4.79,3.11
501000,125,282,9.8,0.0,0.1,0.1,9.6,0.0,1.01,18.1,28,641,36.34,0.79,282,0,0,0.0,1.00,1.02,1.01,2.68,3.16,3.82
501000,148,129,8.4,0.1,0.0,0.0,8.2,0.0,1.04,15.7,12,308,18.36,0.34,119,9,1,0.0,1.00,1.06,1.05,2.99,2.09,6.04
501000,155,9,10.6,0.1,0.0,0.3,10.1,0.0,1.03,16.9,4,182,13.06,0.77,3,6,0,0.0,1.00,1.07,1.03,2.33,4.56,3.00
502000,125,344,9.5,0.0,0.0,0.0,9.5,0.0,1.01,18.3,23,596,34.54,0.79,339,5,0,0.0,1.01,1.00,1.02,2.62,3.07,3.78
502000,148,98,9.0,0.2,0.0,0.0,8.7,0.0,1.07,15.4,18,308,18.60,0.43,80,17,1,0.0,1.04,1.09,1.09,2.93,2.28,6.02
503000,125,383,9.4,0.1,0.0,0.0,9.3,0.0,1.02,18.4,25,562,33.03,0.80,372,11,0,0.0,1.02,1.02,1.01,2.53,3.06,3.76
503000,148,78,9.2,0.2,0.4,0.0,8.6,0.0,1.03,15.4,12,283,17.08,0.42,75,2,1,0.0,1.00,1.05,1.04,3.26,2.29,6.00
504000,125,363,9.4,0.0,0.0,0.0,9.4,0.0,1.00,18.3,25,559,32.76,0.81,354,9,0,0.0,1.00,1.00,1.00,2.50,3.08,3.77
504000,148,75,8.9,0.2,0.1,0.0,8.6,0.0,1.06,15.1,10,270,16.69,0.35,69,6,0,0.0,1.04,1.07,1.07,3.04,2.24,6.21
505000,125,377,9.4,0.0,0.1,0.0,9.2,0.0,1.00,18.4,31,549,32.33,0.84,365,12,0,0.0,1.00,1.00,1.00,2.54,3.12,3.73
505000,148,85,8.3,0.1,0.0,0.2,8.0,0.0,1.08,15.7,14,254,15.44,0.22,84,0,1,0.0,1.06,1.09,1.09,2.92,2.09,6.08
506000,125,405,9.6,0.0,0.0,0.0,9.6,0.0,1.00,18.2,37,576,34.31,0.83,396,9,0,0.0,1.00,1.00,1.00,2.63,3.11,3.82
506000,148,69,9.0,0.4,0.2,0.1,8.2,0.0,1.10,15.8,10,309,18.51,0.34,69,0,0,0.1,1.00,1.15,1.12,3.07,2.12,6.00
507000,125,367,9.8,0.1,0.0,0.0,9.7,0.0,1.01,18.1,35,621,36.53,0.92,360,7,0,0.0,1.02,1.01,1.01,2.73,3.15,3.84
507000,148,71,8.3,0.1,0.0,0.0,8.2,0.0,1.02,15.9,7,323,19.46,0.34,70,0,1,0.0,1.00,1.02,1.03,3.06,2.07,5.97
508000,125,397,9.4,0.0,0.1,0.0,9.3,0.0,1.02,18.3,38,631,36.76,0.97,390,7,0,0.0,1.02,1.03,1.03,2.50,3.08,3.76
508000,148,76,9.0,0.2,0.2,0.0,8.7,0.0,1.04,15.2,9,288,17.80,0.29,75,0,1,0.0,1.00,1.06,1.06,3.13,2.17,6.28
509000,125,406,9.6,0.1,0.1,0.0,9.4,0.0,1.03,18.2,41,601,34.96,0.92,396,10,0,0.0,1.03,1.02,1.04,2.65,3.17,3.77
509000,148,64,8.4,0.0,0.1,0.0,8.3,0.0,1.00,15.9,7,395,23.37,0.33,62,0,2,0.0,1.00,1.00,1.01,3.06,2.08,5.98
510000,125,378,9.4,0.0,0.0,0.0,9.4,0.0,1.00,18.3,27,567,32.87,0.87,373,5,0,0.0,1.00,1.00,1.00,2.49,3.10,3.74
510000,148,93,8.4,0.3,0.0,0.0,8.1,0.0,1.08,16.0,11,307,18.06,0.24,92,1,0,0.0,1.03,1.10,1.10,2.75,2.15,5.85
511000,125,375,9.6,0.0,0.3,0.0,9.3,0.0,1.01,18.2,26,542,31.59,0.93,369,6,0,0.0,1.01,1.01,1.01,2.62,3.14,3.76
511000,148,67,8.4,0.1,0.0,0.0,8.3,0.0,1.03,16.2,8,278,16.63,0.27,67,0,0,0.0,1.00,1.03,1.07,3.12,2.13,5.79
512000,125,343,9.3,0.0,0.0,0.0,9.3,0.0,1.00,18.4,19,627,36.08,0.97,336,7,0,0.0,1.00,1.00,1.00,2.43,3.09,3.72
512000,148,60,10.6,0.5,0.9,0.6,8.6,0.0,1.11,15.1,12,292,17.43,0.28,60,0,0,0.2,1.01,1.18,1.13,3.00,2.33,6.15
513000,125,365,9.7,0.0,0.0,0.0,9.7,0.0,1.00,18.2,27,592,34.41,0.91,355,10,0,0.0,1.00,1.00,1.00,2.54,3.12,3.80
513000,148,61,8.8,0.1,0.0,0.0,8.7,0.0,1.03,15.6,11,323,19.61,0.29,61,0,0,0.0,1.02,1.03,1.04,2.92,2.08,6.10
514000,125,222,10.3,0.0,0.0,0.0,10.3,0.0,1.00,17.7,22,556,33.73,0.95,215,7,0,0.0,1.00,1.00,1.00,2.64,3.15,4.03
514000,148,59,8.8,0.0,0.0,0.0,8.8,0.0,1.01,15.4,10,347,21.12,0.43,58,0,1,0.0,1.00,1.00,1.01,3.14,2.07,6.25
515000,125,258,10.1,0.1,0.1,0.0,9.9,0.0,1.04,17.9,20,501,30.46,0.86,247,11,0,0.0,1.04,1.04,1.03,2.56,3.09,3.97
515000,148,77,8.4,0.2,0.1,0.3,7.8,0.0,1.04,16.0,11,257,15.84,0.35,77,0,0,0.0,1.00,1.06,1.07,2.94,2.14,5.88
516000,125,205,10.4,0.0,0.1,0.0,10.2,0.0,1.00,17.7,23,659,39.98,1.12,197,8,0,0.0,1.00,1.00,1.00,2.70,3.20,4.00
516000,148,78,9.9,0.3,0.5,0.3,8.8,0.0,1.08,15.1,13,318,19.10,0.38,78,0,0,0.1,1.10,1.09,1.07,3.14,2.28,6.17
517000,125,188,10.2,0.0,0.0,0.0,10.1,0.0,1.00,17.9,10,540,32.76,0.87,180,8,0,0.0,1.00,1.00,1.00,2.73,3.08,3.97
517000,148,52,8.1,0.0,0.0,0.0,8.1,0.0,1.01,16.1,6,341,19.74,0.41,52,0,0,0.0,1.00,1.01,1.03,3.13,2.04,5.90
518000,125,270,9.7,0.0,0.0,0.0,9.7,0.0,1.00,18.3,23,690,39.76,0.97,258,12,0,0.0,1.00,1.00,1.00,2.54,3.07,3.78
518000,148,48,8.3,0.0,0.0,0.1,8.2,0.0,1.00,16.3,9,286,17.60,0.36,36,7,5,0.0,1.00,1.00,1.00,2.85,2.08,5.77
519000,125,187,10.6,0.1,0.1,0.0,10.4,0.0,1.02,17.6,25,538,32.33,0.92,177,10,0,0.0,1.02,1.02,1.02,2.75,3.24,4.00
519000,148,66,8.8,0.3,0.5,0.3,7.8,0.0,1.09,15.4,9,315,18.84,0.35,63,3,0,0.0,1.09,1.11,1.08,2.79,2.32,6.05
520000,125,163,10.1,0.0,0.0,0.0,10.1,0.0,1.00,17.9,19,582,34.67,0.88,152,11,0,0.0,1.00,1.00,1.00,2.75,3.10,3.94
520000,148,65,8.5,0.2,0.0,0.2,8.0,0.0,1.06,15.9,8,285,17.12,0.30,60,5,0,0.0,1.05,1.07,1.07,2.94,2.12,5.94
521000,125,117,10.0,0.0,0.0,0.0,10.0,0.0,1.00,18.0,15,602,35.00,0.98,108,9,0,0.0,1.00,1.00,1.00,2.63,3.09,3.89
521000,148,76,8.8,0.4,0.0,0.1,8.2,0.0,1.13,16.0,12,310,18.58,0.26,70,6,0,0.0,1.09,1.15,1.15,2.75,2.36,5.68
522000,125,149,10.4,0.0,0.0,0.1,10.3,0.0,1.00,17.7,22,546,31.90,0.85,132,16,1,0.0,1.00,1.00,1.00,2.65,3.20,3.95
522000,148,47,8.2,0.3,0.1,0.2,7.6,0.0,1.16,16.9,11,321,18.89,0.32,40,7,0,0.0,1.16,1.17,1.16,2.70,2.32,5.28
523000,125,261,9.3,0.0,0.0,0.0,9.3,0.0,1.00,18.4,20,646,36.16,0.74,250,11,0,0.0,1.00,1.00,1.00,2.43,3.09,3.71
523000,148,60,9.0,0.1,0.0,0.0,8.9,0.0,1.06,16.1,12,289,17.74,0.32,51,7,2,0.0,1.06,1.06,1.06,2.83,2.25,5.70
524000,125,165,8.6,0.0,0.1,0.0,8.6,0.0,1.00,18.7,11,652,35.60,0.55,165,0,0,0.0,1.00,1.00,1.00,2.57,3.01,3.68
524000,148,111,8.2,0.1,0.0,0.1,8.1,0.0,1.02,16.9,14,287,16.92,0.30,96,14,1,0.0,1.00,1.03,1.02,2.72,2.23,5.36
525000,125,187,8.7,0.0,0.0,0.0,8.7,0.0,1.00,18.7,17,644,34.92,0.58,187,0,0,0.0,1.00,1.00,1.00,2.42,2.98,3.67
525000,148,90,8.5,0.0,0.0,0.0,8.5,0.0,1.00,16.3,8,294,17.48,0.37,80,10,0,0.0,1.00,1.00,1.01,2.86,2.27,5.60
526000,125,176,8.6,0.0,0.0,0.0,8.6,0.0,1.00,18.7,11,692,37.44,0.70,176,0,0,0.0,1.00,1.00,1.00,2.44,2.97,3.67
526000,148,102,8.7,0.3,0.1,0.1,8.3,0.0,1.08,16.3,15,366,22.02,0.43,80,22,0,0.0,1.03,1.10,1.12,2.70,2.39,5.58
527000,125,163,8.7,0.0,0.0,0.0,8.7,0.0,1.00,18.7,14,758,41.09,0.73,163,0,0,0.0,1.00,1.00,1.00,2.44,2.95,3.71
527000,148,92,8.7,0.3,0.0,0.0,8.4,0.0,1.16,16.5,15,278,16.27,0.36,71,21,0,0.0,1.16,1.16,1.16,2.82,2.43,5.29
528000,125,149,8.7,0.0,0.0,0.0,8.7,0.0,1.04,18.6,15,699,38.32,0.64,147,2,0,0.0,1.04,1.04,1.04,2.37,2.94,3.80
528000,148,57,7.3,0.1,0.1,0.0,7.1,0.0,1.03,18.1,12,264,15.26,0.33,34,21,2,0.0,1.02,1.02,1.04,2.79,2.28,4.79
528000,161,45,9.2,0.0,0.0,0.4,8.8,0.0,1.00,18.0,7,681,38.29,0.73,45,0,0,0.0,1.00,1.00,1.00,2.82,3.04,3.96
528000,160,33,9.6,0.0,0.0,0.5,9.1,0.0,1.00,18.4,8,935,53.19,1.16,33,0,0,0.0,1.00,1.00,1.00,2.79,3.12,3.67
529000,125,137,9.0,0.0,0.0,0.0,9.0,0.0,1.00,18.3,13,782,42.72,0.73,137,0,0,0.0,1.00,1.00,1.00,2.22,2.98,3.85
529000,148,61,7.9,0.2,0.1,0.4,7.2,0.0,1.04,17.5,9,231,13.41,0.22,42,19,0,0.0,1.00,1.06,1.05,2.52,2.23,5.03
529000,161,54,9.6,0.1,0.5,0.0,9.1,0.0,1.00,17.8,7,726,40.90,0.72,54,0,0,0.0,1.00,1.00,1.01,2.43,3.06,4.04
529000,160,33,8.8,0.0,0.0,0.0,8.8,0.0,1.00,18.7,7,680,37.59,0.83,33,0,0,0.0,1.00,1.00,1.00,2.36,3.03,3.64
530000,125,129,8.7,0.0,0.0,0.0,8.7,0.0,1.00,18.7,11,761,41.22,0.74,124,5,0,0.0,1.00,1.00,1.00,2.32,2.91,3.74
530000,161,66,9.1,0.0,0.0,0.0,9.1,0.0,1.00,18.2,7,740,41.92,0.83,66,0,0,0.0,1.00,1.00,1.00,2.56,2.94,3.95
530000,162,55,9.4,0.0,0.0,0.0,9.4,0.0,1.01,18.1,9,510,29.91,0.82,55,0,0,0.0,1.01,1.01,1.01,2.45,3.27,3.84
530000,148,53,7.8,0.4,0.0,0.0,7.3,0.0,1.11,17.6,8,414,23.28,0.43,45,8,0,0.0,1.00,1.18,1.13,2.49,2.23,4.98
530000,160,23,8.6,0.0,0.0,0.0,8.6,0.0,1.00,19.3,4,998,52.84,1.17,23,0,0,0.0,1.00,1.00,1.00,2.26,3.00,3.35
531000,125,119,9.1,0.0,0.0,0.0,9.0,0.0,1.00,18.5,16,786,42.02,0.64,112,7,0,0.0,1.00,1.00,1.00,2.35,3.06,3.71
531000,148,79,7.3,0.1,0.1,0.0,7.2,0.0,1.03,17.5,6,287,16.41,0.25,60,19,0,0.0,1.01,1.03,1.04,2.53,2.10,5.15
531000,161,73,9.4,0.0,0.2,0.2,9.1,0.0,1.00,18.0,13,688,39.11,0.69,71,2,0,0.0,1.00,1.00,1.00,2.38,3.07,3.92
531000,162,45,8.9,0.0,0.0,0.0,8.9,0.0,1.00,18.8,5,649,37.91,1.15,45,0,0,0.0,1.00,1.00,1.00,2.69,3.02,3.60
531000,160,12,11.3,0.0,0.0,1.8,9.6,0.0,1.00,18.2,3,921,49.47,1.29,12,0,0,0.0,1.00,1.00,1.00,3.08,3.50,3.50
532000,125,107,9.3,0.0,0.0,0.1,9.2,0.0,1.00,18.5,14,909,48.14,0.67,104,3,0,0.0,1.00,1.00,1.00,2.30,2.98,3.79
532000,161,90,10.0,0.0,0.1,0.0,9.8,0.0,1.00,17.7,14,679,38.22,0.63,84,6,0,0.0,1.00,1.00,1.00,2.59,3.13,4.04
532000,162,88,8.6,0.0,0.0,0.0,8.6,0.0,1.00,19.0,12,607,35.29,0.99,88,0,0,0.0,1.00,1.00,1.00,2.41,3.02,3.49
532000,148,63,7.4,0.4,0.0,0.0,7.0,0.0,1.10,17.7,10,299,16.69,0.23,46,17,0,0.0,1.05,1.13,1.12,2.59,2.19,5.00
532000,164,31,9.8,0.2,0.1,0.0,9.6,0.0,1.05,15.1,5,341,21.33,0.40,30,0,1,0.0,1.00,1.07,1.08,3.13,2.35,6.10
532000,163,13,7.0,0.0,0.0,0.0,7.0,0.0,1.00,20.0,1,897,44.83,1.05,13,0,0,0.0,1.00,1.00,1.00,1.77,3.00,3.00
532000,160,12,8.7,0.0,0.0,0.0,8.7,0.0,1.00,20.2,2,1110,57.42,1.11,12,0,0,0.0,1.00,1.00,1.00,2.42,2.92,3.00
533000,125,106,9.6,0.0,0.0,0.0,9.6,0.0,1.00,18.2,12,668,37.23,0.69,102,4,0,0.0,1.00,1.00,1.00,2.42,2.98,3.95
533000,162,105,10.4,0.0,0.4,0.0,10.0,0.0,1.00,18.0,14,528,30.39,0.77,101,4,0,0.0,1.00,1.00,1.00,2.62,3.27,3.75
533000,161,104,9.1,0.0,0.0,0.0,9.0,0.0,1.01,18.1,10,636,35.67,0.73,101,3,0,0.0,1.01,1.01,1.01,2.36,2.97,4.00
533000,148,61,8.0,0.1,0.2,0.0,7.7,0.0,1.02,17.0,11,367,21.67,0.43,48,12,1,0.0,1.02,1.02,1.02,2.74,2.18,5.38
533000,163,20,7.3,0.0,0.0,0.0,7.3,0.0,1.00,19.7,2,1098,54.92,0.83,20,0,0,0.0,1.00,1.00,1.00,1.95,3.10,3.05
533000,160,18,8.4,0.0,0.0,0.0,8.4,0.0,1.00,20.3,3,1003,53.04,0.79,18,0,0,0.0,1.00,1.00,1.00,1.94,2.89,2.94
534000,162,120,9.1,0.0,0.0,0.0,9.1,0.0,1.00,18.7,12,504,28.88,0.64,120,0,0,0.0,1.00,1.00,1.00,2.52,3.12,3.54
534000,125,89,9.6,0.0,0.0,0.2,9.4,0.0,1.00,18.1,13,703,39.59,0.71,84,5,0,0.0,1.00,1.00,1.00,2.57,3.01,3.94
534000,161,73,9.2,0.0,0.0,0.1,9.1,0.0,1.00,18.2,12,740,42.66,0.89,71,2,0,0.0,1.00,1.00,1.00,2.59,2.95,3.97
534000,148,55,8.7,0.0,0.1,0.0,8.5,0.0,1.01,16.5,12,255,15.19,0.29,43,11,1,0.0,1.00,1.02,1.02,2.76,2.44,5.35
534000,163,26,7.1,0.0,0.0,0.0,7.1,0.0,1.00,19.9,2,1064,52.58,0.85,26,0,0,0.0,1.00,1.00,1.00,2.31,3.00,3.04
534000,160,22,9.0,0.0,0.0,0.0,9.0,0.0,1.00,19.8,3,757,41.37,0.57,22,0,0,0.0,1.00,1.00,1.00,2.41,3.00,3.09
535000,162,116,10.1,0.1,0.0,0.1,9.9,0.0,1.01,18.2,14,604,35.63,0.89,116,0,0,0.0,1.02,1.00,1.01,2.70,3.27,3.65
535000,125,105,9.8,0.0,0.0,0.0,9.8,0.0,1.00,17.9,15,709,39.72,0.59,99,6,0,0.0,1.00,1.00,1.00,2.50,3.04,4.03
535000,148,91,8.5,0.1,0.0,0.0,8.4,0.0,1.04,16.6,14,252,15.15,0.28,80,9,2,0.0,1.02,1.03,1.06,2.82,2.55,5.18
535000,161,57,8.9,0.0,0.1,0.0,8.8,0.0,1.00,18.2,10,584,33.23,0.62,57,0,0,0.0,1.00,1.00,1.00,2.60,2.93,4.00
535000,163,30,8.8,0.0,0.0,0.0,8.8,0.0,1.00,19.2,4,1000,49.84,0.77,29,1,0,0.0,1.00,1.00,1.00,2.60,3.17,3.23
535000,160,17,8.8,0.0,0.0,0.0,8.8,0.0,1.00,20.1,2,1068,57.24,0.82,17,0,0,0.0,1.00,1.00,1.00,2.41,2.94,3.00
536000,125,161,9.7,0.0,0.0,0.0,9.7,0.0,1.00,18.0,16,628,35.07,0.66,159,2,0,0.0,1.00,1.00,1.00,2.52,3.06,3.93
536000,162,122,9.5,0.0,0.0,0.0,9.5,0.0,1.04,18.5,17,557,32.44,0.87,122,0,0,0.0,1.03,1.03,1.05,2.41,3.16,3.60
536000,148,102,9.4,0.1,0.4,0.0,8.9,0.0,1.04,15.9,14,297,18.04,0.36,78,24,0,0.0,1.00,1.06,1.07,2.99,2.82,5.29
536000,161,58,8.6,0.0,0.0,0.0,8.6,0.0,1.00,18.4,7,667,37.28,0.75,58,0,0,0.0,1.00,1.00,1.00,2.55,2.83,3.98
536000,160,12,8.0,0.0,0.0,0.0,8.0,0.0,1.00,20.8,3,939,48.13,0.70,12,0,0,0.0,1.00,1.00,1.00,2.08,2.75,2.83
536000,166,6,7.5,0.0,0.0,0.0,7.5,0.0,1.00,16.7,2,453,24.03,0.49,4,2,0,0.0,1.00,1.00,1.00,2.33,2.00,5.67
537000,125,183,9.8,0.0,0.0,0.0,9.8,0.0,1.00,17.8,19,661,36.92,0.67,178,5,0,0.0,1.00,1.00,1.00,2.57,3.07,4.02
537000,148,131,9.7,0.4,0.0,0.0,9.3,0.0,1.10,15.5,22,279,17.37,0.29,106,22,3,0.0,1.08,1.12,1.11,2.92,2.88,5.51
537000,162,97,8.6,0.0,0.1,0.0,8.6,0.0,1.00,18.9,10,589,34.16,0.95,97,0,0,0.0,1.00,1.00,1.00,2.45,3.04,3.56
537000,161,40,8.4,0.0,0.0,0.0,8.4,0.0,1.00,18.5,7,859,46.63,0.80,39,0,1,0.0,1.00,1.00,1.00,2.75,2.80,3.92
537000,160,11,8.7,0.0,0.0,0.0,8.7,0.0,1.00,20.0,3,971,51.67,0.95,11,0,0,0.0,1.00,1.00,1.00,1.73,2.91,3.09
538000,148,144,9.2,0.0,0.2,0.1,8.9,0.0,1.01,15.9,27,278,17.54,0.37,117,27,0,0.0,1.00,1.01,1.02,2.83,2.74,5.36
538000,162,111,8.8,0.0,0.0,0.0,8.8,0.0,1.00,18.9,15,576,33.20,0.96,111,0,0,0.0,1.00,1.00,1.00,2.44,3.05,3.51
538000,125,97,11.1,0.0,0.0,0.0,11.1,0.0,1.00,16.7,14,514,31.05,0.56,96,1,0,0.0,1.00,1.00,1.00,2.72,3.01,4.64
538000,161,19,7.9,0.0,0.0,0.1,7.8,0.0,1.00,19.1,6,740,39.16,0.61,19,0,0,0.0,1.00,1.00,1.00,2.47,2.79,3.68
538000,160,13,8.8,0.0,0.0,0.0,8.8,0.0,1.00,20.0,3,892,47.53,1.00,13,0,0,0.0,1.00,1.00,1.00,2.15,2.92,3.08
539000,162,122,8.8,0.0,0.0,0.0,8.8,0.0,1.00,18.8,12,605,35.31,0.96,121,1,0,0.0,1.00,1.00,1.00,2.40,3.11,3.55
539000,148,117,8.7,0.0,0.0,0.2,8.5,0.0,1.00,16.1,19,325,19.34,0.35,101,16,0,0.0,1.00,1.00,1.00,2.81,2.69,5.26
539000,125,69,11.4,0.0,0.0,0.0,11.4,0.0,1.00,16.5,12,596,37.17,0.70,69,0,0,0.0,1.00,1.00,1.00,2.75,3.03,4.71
539000,161,35,8.7,0.0,0.0,0.0,8.7,0.0,1.00,18.5,5,429,24.00,0.38,34,1,0,0.0,1.00,1.00,1.00,2.60,3.00,3.77
539000,160,15,9.5,0.0,0.0,0.0,9.5,0.0,1.00,19.6,2,839,45.80,0.81,15,0,0,0.0,1.00,1.00,1.00,2.33,3.07,3.13
540000,162,133,8.9,0.0,0.0,0.0,8.9,0.0,1.00,18.6,15,517,29.63,0.79,133,0,0,0.0,1.00,1.00,1.00,2.50,3.05,3.65
540000,148,96,8.9,0.1,0.1,0.1,8.6,0.0,1.03,15.6,14,290,17.64,0.34,82,13,1,0.0,1.01,1.04,1.03,2.99,2.50,5.76
540000,125,52,11.9,0.0,0.0,0.0,11.9,0.0,1.00,16.2,11,497,32.04,0.77,49,3,0,0.0,1.00,1.00,1.00,2.88,3.10,4.81
540000,160,23,9.3,0.0,0.0,0.0,9.3,0.0,1.00,19.7,2,999,54.78,1.03,23,0,0,0.0,1.00,1.00,1.00,2.13,3.04,3.09
540000,161,17,8.9,0.0,0.2,0.0,8.8,0.0,1.00,18.4,4,402,22.17,0.51,16,1,0,0.0,1.00,1.00,1.00,2.82,3.29,3.76
541000,162,162,10.1,0.0,0.0,0.0,10.1,0.0,1.02,17.8,26,537,31.79,0.72,162,0,0,0.0,1.01,1.01,1.03,2.69,3.23,3.86
541000,148,129,8.6,0.0,0.0,0.1,8.4,0.0,1.01,15.6,20,330,19.99,0.28,118,7,4,0.0,1.00,1.01,1.02,2.79,2.07,6.21
541000,160,27,8.8,0.1,0.0,0.0,8.7,0.0,1.13,20.1,2,913,48.78,0.74,27,0,0,0.0,1.13,1.13,1.13,1.96,2.96,2.96
541000,125,19,11.7,0.0,0.0,0.0,11.7,0.0,1.00,16.3,3,852,54.23,1.35,19,0,0,0.0,1.00,1.00,1.00,3.05,2.95,4.89
542000,162,161,9.3,0.0,0.0,0.0,9.3,0.0,1.03,18.3,15,561,33.03,0.87,160,0,1,0.0,1.02,1.02,1.04,2.59,3.05,3.78
542000,167,104,8.6,0.0,0.0,0.0,8.6,0.0,1.00,18.8,8,598,32.14,0.53,95,9,0,0.0,1.00,1.00,1.00,2.41,3.00,3.60
542000,148,101,9.0,0.1,0.0,0.2,8.7,0.0,1.02,15.7,14,377,22.75,0.32,93,6,2,0.0,1.02,1.02,1.02,2.83,2.30,5.87
542000,160,26,9.0,0.0,0.0,0.0,9.0,0.0,1.00,20.0,1,1140,59.57,0.93,26,0,0,0.0,1.00,1.00,1.00,2.35,3.00,3.00
542000,125,10,11.2,0.0,0.0,0.0,11.2,0.0,1.00,16.6,3,767,48.91,0.81,10,0,0,0.0,1.00,1.00,1.00,2.80,2.90,4.80
542000,161,6,9.0,0.0,0.0,0.0,9.0,0.0,1.00,18.0,1,487,26.48,0.76,6,0,0,0.0,1.00,1.00,1.00,2.67,3.00,4.00
543000,162,187,9.5,0.0,0.1,0.0,9.4,0.0,1.01,18.3,22,654,38.74,0.97,186,1,0,0.0,1.02,1.01,1.01,2.53,3.13,3.76
543000,148,102,8.6,0.0,0.1,0.1,8.4,0.0,1.00,15.8,12,339,20.15,0.32,93,6,3,0.0,1.00,1.00,1.00,2.85,1.96,6.15
543000,167,97,10.0,0.0,0.1,0.0,10.0,0.0,1.00,17.9,11,596,32.33,0.56,89,8,0,0.0,1.00,1.00,1.00,2.66,3.15,3.89
543000,160,17,8.7,0.0,0.0,0.0,8.7,0.0,1.00,20.1,3,842,43.02,0.62,17,0,0,0.0,1.00,1.00,1.00,2.18,2.94,3.00
543000,161,6,9.0,0.0,0.0,0.0,9.0,0.0,1.00,18.0,1,718,38.70,0.61,6,0,0,0.0,1.00,1.00,1.00,2.33,3.00,4.00
544000,162,211,9.1,0.0,0.0,0.0,9.1,0.0,1.00,18.7,18,650,37.54,0.82,205,6,0,0.0,1.00,1.00,1.00,2.60,3.02,3.65
544000,167,111,8.9,0.0,0.0,0.0,8.9,0.0,1.00,18.8,8,681,37.60,0.65,106,5,0,0.0,1.00,1.00,1.00,2.54,2.99,3.63
544000,148,82,9.0,0.0,0.0,0.4,8.7,0.0,1.00,15.5,16,317,18.81,0.28,77,4,1,0.0,1.00,1.00,1.00,2.80,1.99,6.24
544000,161,14,8.9,0.0,0.0,0.1,8.8,0.0,1.00,18.1,3,678,38.62,0.71,14,0,0,0.0,1.00,1.00,1.00,2.21,3.00,3.93
544000,160,5,9.0,0.0,0.0,0.0,9.0,0.0,1.00,20.0,1,2041,106.42,1.22,5,0,0,0.0,1.00,1.00,1.00,2.20,3.00,3.00
545000,162,217,9.4,0.0,0.0,0.0,9.4,0.0,1.00,18.5,22,606,34.69,0.85,210,7,0,0.0,1.00,1.00,1.00,2.74,3.10,3.68
545000,167,115,9.3,0.0,0.0,0.0,9.3,0.0,1.00,18.5,8,744,41.71,0.79,108,7,0,0.0,1.00,1.00,1.00,2.65,3.01,3.76
545000,148,58,9.2,0.1,0.2,0.6,8.4,0.0,1.03,16.3,15,375,22.04,0.35,56,2,0,0.0,1.02,1.02,1.06,2.79,2.29,5.64
545000,161,15,12.5,0.0,0.0,0.1,12.3,0.0,1.00,16.9,6,687,37.81,0.90,15,0,0,0.0,1.00,1.00,1.00,3.07,3.33,4.20
546000,162,231,9.0,0.0,0.0,0.0,9.0,0.0,1.00,18.7,18,645,37.43,0.87,224,7,0,0.0,1.01,1.00,1.01,2.58,3.06,3.59
546000,167,118,9.6,0.0,0.5,0.0,9.0,0.0,1.00,18.5,13,554,30.93,0.61,110,8,0,0.0,1.00,1.00,1.00,2.65,3.05,3.70
546000,148,52,7.7,0.0,0.0,0.0,7.7,0.0,1.01,17.7,10,448,25.45,0.50,52,0,0,0.0,1.01,1.01,1.01,2.77,2.06,5.15
546000,161,11,9.1,0.0,0.0,0.2,8.9,0.0,1.00,18.0,3,765,41.37,0.89,11,0,0,0.0,1.00,1.00,1.00,2.73,3.00,4.00
546000,160,6,9.0,0.0,0.0,0.0,9.0,0.0,1.00,20.0,1,500,29.17,0.69,6,0,0,0.0,1.00,1.00,1.00,2.17,3.00,3.00
547000,162,222,9.7,0.0,0.1,0.0,9.6,0.0,1.01,18.3,24,581,33.54,0.77,218,4,0,0.0,1.01,1.01,1.01,2.66,3.17,3.74
547000,167,130,9.1,0.0,0.0,0.0,9.1,0.0,1.00,18.4,13,622,33.89,0.67,121,9,0,0.0,1.00,1.00,1.00,2.51,3.12,3.68
547000,148,76,7.7,0.0,0.0,0.0,7.7,0.0,1.00,17.7,9,390,21.40,0.35,75,0,1,0.0,1.00,1.00,1.00,2.59,2.01,5.13
547000,160,11,8.9,0.0,0.0,0.0,8.9,0.0,1.00,19.8,3,717,39.85,0.31,11,0,0,0.0,1.00,1.00,1.00,2.27,3.00,3.09
548000,162,214,9.3,0.1,0.0,0.0,9.2,0.0,1.03,18.6,24,572,32.73,0.76,214,0,0,0.0,1.03,1.02,1.04,2.36,3.05,3.64
548000,167,122,8.6,0.0,0.0,0.1,8.5,0.0,1.00,18.8,12,826,45.16,0.84,116,6,0,0.0,1.00,1.00,1.00,2.39,3.04,3.57
548000,148,82,8.2,0.0,0.0,0.4,7.8,0.0,1.02,16.4,17,266,15.23,0.22,80,2,0,0.0,1.02,1.02,1.02,2.71,1.85,5.96
548000,160,5,9.0,0.0,0.0,0.0,9.0,0.0,1.00,19.6,2,916,50.18,0.75,4,1,0,0.0,1.00,1.00,1.00,2.40,3.00,3.20
549000,162,233,8.9,0.0,0.0,0.0,8.9,0.0,1.00,18.9,25,616,34.81,0.77,233,0,0,0.0,1.00,1.00,1.00,2.46,3.05,3.51
549000,148,102,10.7,0.0,0.2,0.5,10.0,0.0,1.01,14.5,22,267,15.94,0.28,79,15,8,0.0,1.00,1.01,1.01,3.09,2.40,6.39
549000,167,82,9.2,0.0,0.0,0.0,9.2,0.0,1.00,18.5,7,729,40.06,0.93,77,5,0,0.0,1.00,1.00,1.00,2.41,3.00,3.76
550000,162,244,8.8,0.0,0.0,0.0,8.7,0.0,1.00,18.8,19,730,40.68,0.85,244,0,0,0.0,1.00,1.00,1.00,2.51,3.03,3.57
550000,148,80,8.6,0.2,0.3,0.1,8.1,0.0,1.07,16.2,15,333,19.43,0.33,78,2,0,0.0,1.04,1.09,1.08,2.67,2.11,5.80
550000,167,58,9.0,0.0,0.0,0.0,9.0,0.0,1.02,18.5,8,756,41.99,0.82,56,2,0,0.0,1.02,1.02,1.01,2.52,3.02,3.72
551000,162,249,9.1,0.0,0.0,0.0,9.0,0.0,1.01,18.7,24,686,37.94,0.81,249,0,0,0.0,1.01,1.00,1.01,2.49,3.09,3.58
551000,148,70,9.1,0.0,0.7,0.3,8.0,0.0,1.00,16.0,12,314,18.22,0.36,67,0,3,0.0,1.00,1.00,1.01,2.80,2.01,5.97
551000,167,42,9.7,0.0,0.0,0.0,9.7,0.0,1.00,18.1,6,728,41.73,0.91,41,1,0,0.0,1.00,1.00,1.00,2.74,3.02,3.93
552000,162,258,9.1,0.0,0.0,0.0,9.1,0.0,1.01,18.6,28,697,39.15,0.89,258,0,0,0.0,1.01,1.01,1.01,2.60,3.09,3.63
552000,167,46,9.8,0.0,0.0,0.0,9.8,0.0,1.00,18.0,7,702,39.75,0.77,46,0,0,0.0,1.00,1.00,1.00,2.48,3.04,3.93
552000,148,45,8.6,0.0,0.0,0.5,8.1,0.0,1.01,14.1,7,214,13.80,0.22,45,0,0,0.0,1.00,1.01,1.02,2.84,1.56,7.42
553000,162,272,9.0,0.0,0.0,0.0,9.0,0.0,1.02,18.6,33,631,35.30,0.79,272,0,0,0.0,1.03,1.03,1.02,2.39,3.01,3.67
553000,148,61,8.6,0.1,0.1,0.2,8.2,0.0,1.01,14.1,10,265,16.37,0.29,60,0,1,0.0,1.00,1.02,1.03,3.05,1.33,7.66
553000,167,23,10.0,0.0,0.0,0.0,10.0,0.0,1.00,18.0,3,423,24.54,0.34,23,0,0,0.0,1.00,1.00,1.00,2.70,3.00,4.00
554000,162,281,8.8,0.0,0.0,0.0,8.8,0.0,1.00,18.7,26,649,36.03,0.79,274,7,0,0.0,1.00,1.00,1.00,2.41,3.05,3.58
554000,148,41,8.7,0.0,0.0,0.3,8.4,0.0,1.00,13.8,10,245,15.03,0.29,41,0,0,0.0,1.00,1.00,1.00,2.98,1.37,7.76
554000,167,22,10.0,0.0,0.0,0.4,9.5,0.0,1.00,17.8,5,618,36.26,0.54,22,0,0,0.0,1.00,1.00,1.00,2.64,3.05,4.05
555000,162,215,8.8,0.0,0.0,0.1,8.7,0.0,1.00,18.8,18,639,35.15,0.77,210,5,0,0.0,1.00,1.00,1.00,2.48,3.06,3.53
555000,148,60,9.9,0.0,0.8,0.4,8.8,0.0,1.00,13.0,15,270,17.32,0.36,41,13,6,0.0,1.00,1.00,1.00,3.18,2.00,7.62
555000,167,36,9.8,0.0,0.0,0.0,9.8,0.0,1.00,18.0,2,596,34.20,0.45,36,0,0,0.0,1.00,1.00,1.00,2.69,3.00,4.00
556000,162,215,8.5,0.0,0.0,0.1,8.5,0.0,1.00,19.1,18,772,42.65,0.82,213,2,0,0.0,1.00,1.00,1.00,2.57,3.06,3.39
556000,171,71,6.5,0.1,0.0,0.0,6.5,0.0,1.02,18.5,9,311,16.45,0.28,57,14,0,0.0,1.00,1.02,1.03,2.44,2.08,4.66
556000,148,60,9.6,0.1,0.2,0.7,8.6,0.0,1.02,13.7,14,223,13.88,0.26,52,7,1,0.0,1.00,1.03,1.02,3.05,1.58,7.60
556000,167,52,9.8,0.0,0.2,0.0,9.5,0.0,1.00,17.9,5,707,39.65,0.47,52,0,0,0.0,1.00,1.00,1.00,2.46,3.04,4.00
557000,162,208,8.6,0.0,0.0,0.1,8.5,0.0,1.01,19.1,19,650,35.13,0.60,200,8,0,0.0,1.02,1.00,1.02,2.34,3.10,3.37
557000,171,99,7.3,0.0,0.3,0.4,6.6,0.0,1.01,18.2,12,311,16.34,0.32,73,26,0,0.0,1.00,1.02,1.02,2.57,2.13,4.77
557000,167,40,9.7,0.0,0.0,0.0,9.7,0.0,1.00,17.9,4,795,44.79,0.52,40,0,0,0.0,1.00,1.00,1.00,2.67,3.05,4.03
557000,148,40,8.5,0.0,0.2,0.2,8.1,0.0,1.00,13.8,8,217,13.13,0.20,40,0,0,0.0,1.00,1.00,1.00,3.08,1.35,7.82
558000,162,196,8.7,0.0,0.0,0.0,8.7,0.0,1.00,19.2,18,694,37.54,0.69,185,11,0,0.0,1.00,1.00,1.00,2.37,3.11,3.32
558000,171,131,8.7,0.0,0.0,0.1,8.6,0.0,1.00,16.7,20,291,16.96,0.31,116,11,4,0.0,1.00,1.00,1.00,2.68,2.20,5.49
558000,148,33,9.9,0.0,0.5,0.8,8.7,0.0,1.00,12.9,5,262,16.12,0.33,33,0,0,0.0,1.00,1.00,1.00,3.27,1.61,8.00
558000,167,26,11.6,0.0,0.0,0.0,11.6,0.0,1.00,16.8,6,754,41.59,0.42,25,1,0,0.0,1.00,1.00,1.00,2.50,3.46,4.15
559000,162,175,8.3,0.0,0.0,0.0,8.3,0.0,1.00,19.4,12,677,36.96,0.74,171,4,0,0.0,1.00,1.00,1.00,2.35,3.03,3.27
559000,171,132,9.6,0.3,0.2,0.2,9.0,0.0,1.07,16.1,23,242,14.50,0.32,120,10,2,0.0,1.00,1.11,1.08,2.83,2.24,5.77
559000,148,25,7.7,0.0,0.0,0.1,7.6,0.0,1.00,14.6,4,223,13.99,0.17,25,0,0,0.0,1.00,1.00,1.00,2.88,1.00,7.80
559000,167,14,10.1,0.0,0.0,0.0,10.1,0.0,1.00,17.9,2,561,31.32,0.33,14,0,0,0.0,1.00,1.00,1.00,2.86,3.07,4.00
560000,171,154,8.3,0.1,0.0,0.1,8.1,0.0,1.06,16.7,27,311,18.19,0.28,129,25,0,0.0,1.04,1.04,1.09,2.82,2.06,5.61
560000,162,132,8.7,0.0,0.0,0.0,8.6,0.0,1.02,19.2,17,738,39.35,0.71,132,0,0,0.0,1.02,1.02,1.04,2.42,3.08,3.30
560000,167,13,9.7,0.0,0.0,0.0,9.7,0.0,1.00,18.3,3,686,39.10,0.51,13,0,0,0.0,1.00,1.00,1.00,2.00,3.08,3.77
560000,148,12,8.0,0.0,0.0,0.0,8.0,0.0,1.00,14.0,1,241,15.49,0.30,7,5,0,0.0,1.00,1.00,1.00,2.92,1.00,8.00
561000,171,163,9.3,0.2,0.0,0.1,8.9,0.0,1.06,15.5,20,310,18.55,0.30,151,12,0,0.0,1.05,1.07,1.06,2.88,2.14,6.13
561000,162,97,8.5,0.0,0.0,0.0,8.5,0.0,1.00,19.3,9,816,43.09,0.63,93,4,0,0.0,1.00,1.00,1.00,2.39,3.07,3.28
561000,172,27,9.3,0.0,0.0,0.0,9.3,0.0,1.00,18.4,4,615,34.26,0.54,27,0,0,0.0,1.00,1.00,1.00,2.30,2.96,3.85
561000,167,15,9.8,0.0,0.0,0.0,9.8,0.0,1.00,18.0,4,1053,57.95,0.36,15,0,0,0.0,1.00,1.00,1.00,2.33,3.07,3.93
562000,171,162,9.3,0.3,0.1,0.1,8.9,0.0,1.08,15.5,23,309,18.30,0.30,143,18,1,0.0,1.02,1.10,1.11,2.85,2.22,6.06
562000,162,89,8.4,0.0,0.0,0.0,8.4,0.0,1.00,19.4,8,776,41.55,0.58,89,0,0,0.0,1.00,1.00,1.00,2.28,3.06,3.22
562000,172,25,9.7,0.0,0.0,0.0,9.7,0.0,1.00,18.1,4,616,34.21,0.54,25,0,0,0.0,1.00,1.00,1.00,2.60,2.96,4.00
562000,167,8,9.1,0.0,0.0,0.0,9.1,0.0,1.00,18.2,4,1169,60.70,0.46,8,0,0,0.0,1.00,1.00,1.00,2.50,3.00,3.88
563000,162,115,8.8,0.0,0.0,0.0,8.8,0.0,1.00,19.0,12,735,39.18,0.46,112,3,0,0.0,1.00,1.00,1.00,2.39,3.15,3.33
563000,171,115,8.8,0.1,0.1,0.0,8.7,0.0,1.03,15.9,18,365,20.90,0.25,113,2,0,0.0,1.03,1.03,1.03,2.78,2.17,5.88
563000,173,28,9.8,0.0,0.0,0.0,9.8,0.0,1.00,18.0,4,720,39.96,0.31,28,0,0,0.0,1.00,1.00,1.00,2.50,3.00,4.00
563000,172,17,9.5,0.0,0.0,0.0,9.5,0.0,1.00,18.2,4,792,43.41,0.50,17,0,0,0.0,1.00,1.00,1.00,2.47,2.88,4.00
563000,148,12,9.9,0.2,0.0,1.7,8.0,0.0,1.03,14.0,3,239,15.29,0.24,12,0,0,0.0,1.00,1.00,1.07,3.25,1.33,8.00
563000,167,8,9.4,0.0,0.0,0.0,9.4,0.0,1.00,18.0,3,891,46.51,0.76,8,0,0,0.0,1.00,1.00,1.00,2.62,3.00,4.00
564000,162,119,8.4,0.0,0.0,0.0,8.4,0.0,1.01,19.4,11,829,44.32,0.60,119,0,0,0.0,1.01,1.01,1.01,2.31,3.03,3.28
564000,171,94,9.7,0.4,0.0,0.0,9.2,0.0,1.13,15.4,16,326,19.33,0.32,84,10,0,0.0,1.06,1.15,1.17,2.90,2.23,6.11
564000,173,24,10.0,0.0,0.0,0.0,10.0,0.0,1.00,18.0,3,829,45.51,0.39,24,0,0,0.0,1.00,1.00,1.00,2.71,3.00,4.00
564000,148,11,7.9,0.0,0.0,0.2,7.7,0.0,1.00,14.2,2,173,11.11,0.19,7,4,0,0.0,1.00,1.00,1.00,2.82,1.09,8.00
564000,172,10,9.2,0.0,0.0,0.0,9.2,0.0,1.00,18.4,3,1136,60.58,0.48,10,0,0,0.0,1.00,1.00,1.00,2.70,2.80,4.00
564000,167,8,9.6,0.0,0.0,0.0,9.6,0.0,1.00,18.0,3,1100,58.65,0.62,8,0,0,0.0,1.00,1.00,1.00,2.62,3.00,4.00
565000,162,136,8.7,0.0,0.0,0.0,8.6,0.0,1.01,19.4,19,824,44.61,0.64,136,0,0,0.0,1.01,1.00,1.01,2.32,3.03,3.26
565000,171,102,9.6,0.3,0.0,0.0,9.2,0.0,1.08,15.1,17,305,18.72,0.24,96,4,2,0.0,1.06,1.09,1.08,2.82,2.25,6.27
565000,173,18,10.1,0.0,0.0,0.0,10.1,0.0,1.00,18.0,3,1332,72.84,0.75,18,0,0,0.0,1.00,1.00,1.00,2.89,3.00,4.00
565000,148,13,8.6,0.2,0.0,0.0,8.5,0.0,1.05,13.5,4,146,10.66,0.25,7,5,1,0.0,1.04,1.04,1.08,3.08,1.23,8.00
565000,167,5,9.6,0.0,0.0,0.0,9.6,0.0,1.00,18.0,2,1033,53.96,0.22,5,0,0,0.0,1.00,1.00,1.00,2.40,3.00,4.00
565000,172,5,9.8,0.0,0.0,0.0,9.8,0.0,1.00,18.0,2,1081,58.34,0.60,5,0,0,0.0,1.00,1.00,1.00,2.20,3.00,4.00
566000,162,122,8.6,0.0,0.0,0.0,8.5,0.0,1.00,19.3,17,831,44.67,0.71,122,0,0,0.0,1.00,1.00,1.00,2.33,3.07,3.27
566000,171,111,9.2,0.0,0.2,0.1,8.9,0.0,1.01,16.3,22,318,18.95,0.24,93,16,2,0.0,1.00,1.01,1.02,2.86,2.34,5.55
566000,173,21,9.9,0.0,0.0,0.0,9.9,0.0,1.00,18.2,4,1129,60.74,0.42,21,0,0,0.0,1.00,1.00,1.00,2.43,3.00,3.90
566000,172,5,9.6,0.0,0.0,0.0,9.6,0.0,1.00,18.0,2,1161,62.55,0.25,5,0,0,0.0,1.00,1.00,1.00,2.20,3.00,4.00
567000,162,135,9.0,0.0,0.0,0.0,8.9,0.0,1.00,19.2,17,928,49.78,0.67,135,0,0,0.0,1.00,1.00,1.00,2.37,3.13,3.28
567000,171,88,9.4,0.1,0.1,0.3,8.9,0.0,1.03,15.9,17,312,18.84,0.28,73,12,3,0.0,1.00,1.05,1.03,2.85,2.43,5.61
567000,173,27,10.0,0.0,0.0,0.0,10.0,0.0,1.00,17.9,4,825,46.26,0.58,27,0,0,0.0,1.00,1.00,1.00,2.11,3.04,4.00
567000,172,5,9.6,0.0,0.0,0.0,9.6,0.0,1.00,18.0,2,909,49.27,0.31,5,0,0,0.0,1.00,1.00,1.00,3.00,3.00,4.00
568000,171,108,10.0,0.0,0.4,0.1,9.5,0.0,1.01,14.9,17,350,21.65,0.32,97,10,1,0.0,1.00,1.01,1.01,2.94,2.34,6.23
568000,162,101,8.2,0.1,0.0,0.0,8.1,0.0,1.03,19.7,11,911,48.29,0.81,101,0,0,0.0,1.03,1.03,1.04,2.36,2.97,3.17
568000,173,16,9.6,0.0,0.0,0.0,9.6,0.0,1.00,18.0,6,1065,57.25,0.56,16,0,0,0.0,1.00,1.00,1.00,1.94,3.12,3.88
569000,171,157,9.6,0.2,0.4,0.2,8.7,0.0,1.06,15.9,25,345,20.71,0.27,140,14,3,0.0,1.01,1.08,1.07,2.83,2.43,5.64
569000,162,70,8.5,0.1,0.0,0.0,8.4,0.0,1.05,19.4,9,937,49.29,0.72,70,0,0,0.0,1.04,1.04,1.06,2.34,3.13,3.16
569000,173,14,11.1,0.0,0.0,0.0,11.1,0.0,1.00,17.0,5,723,40.84,0.36,14,0,0,0.0,1.00,1.00,1.00,2.64,3.36,4.14
569000,172,5,9.6,0.0,0.0,0.0,9.6,0.0,1.00,18.0,2,929,50.77,0.90,5,0,0,0.0,1.00,1.00,1.00,2.40,3.00,4.00
570000,171,245,8.3,0.3,0.0,0.0,8.0,0.0,1.07,17.1,29,320,18.30,0.21,226,13,6,0.0,1.00,1.12,1.08,2.63,2.30,5.16
570000,162,33,7.8,0.0,0.0,0.0,7.8,0.0,1.00,20.1,3,1038,53.37,0.69,33,0,0,0.0,1.00,1.00,1.00,2.42,2.94,3.00
570000,173,13,10.2,0.0,0.0,0.0,10.2,0.0,1.00,17.8,2,522,29.39,0.13,13,0,0,0.0,1.00,1.00,1.00,2.62,3.08,4.00
571000,171,328,8.4,0.3,0.0,0.1,7.9,0.0,1.12,17.4,40,396,22.28,0.28,316,6,6,0.0,1.08,1.13,1.13,2.61,2.46,4.85
571000,162,24,7.8,0.0,0.0,0.0,7.8,0.0,1.00,20.2,2,1000,49.20,0.49,24,0,0,0.0,1.00,1.00,1.00,2.08,2.92,3.00
571000,173,15,10.1,0.0,0.0,0.0,10.1,0.0,1.00,17.9,2,848,47.68,0.35,15,0,0,0.0,1.00,1.00,1.00,2.53,3.07,4.00
572000,171,347,8.7,0.1,0.0,0.0,8.5,0.0,1.04,17.5,39,425,24.10,0.36,338,7,2,0.0,1.04,1.05,1.04,2.64,2.96,4.29
572000,173,35,10.1,0.0,0.0,0.0,10.1,0.0,1.00,17.8,4,872,48.60,0.31,35,0,0,0.0,1.00,1.00,1.00,2.31,3.06,4.03
572000,162,12,8.0,0.0,0.0,0.0,8.0,0.0,1.00,20.0,1,1048,53.90,0.66,12,0,0,0.0,1.00,1.00,1.00,2.67,3.00,3.00
573000,171,291,8.4,0.2,0.2,0.0,8.0,0.0,1.05,18.2,31,469,25.97,0.38,290,0,1,0.0,1.06,1.04,1.05,2.57,3.29,3.63
573000,173,74,10.2,0.0,0.4,0.1,9.7,0.0,1.00,17.9,7,535,31.29,0.49,74,0,0,0.0,1.00,1.00,1.00,2.72,3.08,3.99
573000,162,9,8.0,0.0,0.0,0.0,8.0,0.0,1.00,20.0,1,616,32.64,0.43,9,0,0,0.0,1.00,1.00,1.00,2.00,3.00,3.00
574000,171,299,8.2,0.1,0.1,0.1,7.9,0.0,1.03,18.4,27,463,26.02,0.39,293,6,0,0.0,1.01,1.04,1.04,2.50,3.39,3.41
574000,173,126,10.2,0.0,0.0,0.0,10.1,0.0,1.00,17.8,6,503,29.73,0.62,126,0,0,0.0,1.00,1.00,1.00,2.60,3.08,4.02
574000,162,10,8.0,0.0,0.0,0.0,8.0,0.0,1.00,20.0,1,778,41.04,0.41,10,0,0,0.0,1.00,1.00,1.00,2.30,3.00,3.00
575000,171,278,8.4,0.0,0.1,0.1,8.2,0.0,1.01,18.3,27,461,25.77,0.35,278,0,0,0.0,1.01,1.01,1.01,2.48,3.47,3.39
575000,173,144,10.1,0.0,0.0,0.0,10.1,0.0,1.00,17.9,15,512,30.36,0.64,144,0,0,0.0,1.00,1.00,1.00,2.47,3.03,4.00
575000,162,11,7.6,0.0,0.0,0.0,7.6,0.0,1.00,20.2,2,742,38.39,0.39,11,0,0,0.0,1.00,1.00,1.00,2.18,2.91,3.00
576000,171,328,7.8,0.1,0.0,0.0,7.7,0.0,1.04,18.7,25,418,23.26,0.34,325,0,3,0.0,1.02,1.05,1.04,2.43,3.19,3.47
576000,173,102,10.7,0.0,0.3,0.1,10.3,0.0,1.00,17.7,7,604,35.83,0.76,102,0,0,0.0,1.01,1.00,1.00,2.62,3.10,4.07
576000,162,13,7.9,0.0,0.0,0.0,7.9,0.0,1.00,20.0,2,865,45.13,0.60,13,0,0,0.0,1.00,1.00,1.00,2.00,3.00,3.00
577000,171,287,8.3,0.1,0.1,0.1,7.9,0.0,1.04,18.3,31,516,28.42,0.41,286,0,1,0.0,1.03,1.05,1.05,2.45,3.07,3.82
577000,173,105,10.2,0.0,0.0,0.0,10.2,0.0,1.00,17.8,8,560,32.80,0.69,105,0,0,0.0,1.00,1.00,1.00,2.69,3.09,4.00
577000,162,20,9.2,0.0,0.0,0.0,9.2,0.0,1.00,19.1,3,493,26.42,0.54,20,0,0,0.0,1.00,1.00,1.00,3.00,3.30,3.15
577000,177,10,10.6,0.0,0.0,0.0,10.6,0.0,1.00,14.4,3,390,24.56,0.39,0,9,1,0.0,1.00,1.00,1.00,2.80,3.20,5.60
578000,171,270,7.7,0.1,0.1,0.0,7.4,0.0,1.04,18.9,26,527,28.67,0.43,270,0,0,0.0,1.03,1.04,1.04,2.44,2.91,3.66
578000,173,88,10.1,0.0,0.1,0.0,10.0,0.0,1.00,17.9,5,689,40.26,0.67,88,0,0,0.0,1.00,1.00,1.00,2.57,3.03,4.03
578000,162,21,8.3,0.0,0.0,0.0,8.3,0.0,1.00,19.6,3,1075,57.74,0.95,21,0,0,0.0,1.00,1.00,1.00,2.48,3.10,3.10
578000,177,6,12.0,0.0,0.0,0.0,12.0,0.0,1.00,10.0,1,72,5.91,0.06,0,6,0,0.0,1.00,1.00,1.00,3.00,3.00,8.00
579000,171,269,8.1,0.0,0.1,0.1,7.9,0.0,1.01,18.6,27,502,27.23,0.35,269,0,0,0.0,1.01,1.01,1.01,2.43,3.24,3.48
579000,173,71,9.8,0.0,0.0,0.1,9.7,0.0,1.00,18.3,7,778,45.30,0.79,71,0,0,0.0,1.00,1.00,1.00,2.56,2.96,3.92
579000,162,38,8.3,0.0,0.0,0.0,8.3,0.0,1.00,19.6,4,691,36.76,0.65,38,0,0,0.0,1.00,1.00,1.00,2.29,3.13,3.08
580000,171,236,8.1,0.1,0.1,0.1,7.9,0.0,1.02,18.4,28,521,28.35,0.38,235,0,1,0.0,1.02,1.02,1.02,2.42,3.13,3.67
580000,173,75,10.2,0.0,0.0,0.0,10.2,0.0,1.00,18.0,2,723,40.78,0.51,75,0,0,0.0,1.00,1.00,1.00,2.71,3.00,4.00
580000,162,38,8.7,0.0,0.0,0.0,8.7,0.0,1.00,19.5,3,800,42.91,0.78,38,0,0,0.0,1.00,1.00,1.00,2.29,3.13,3.11
581000,171,295,7.7,0.0,0.0,0.1,7.6,0.0,1.01,18.9,32,460,24.92,0.32,282,10,3,0.0,1.01,1.01,1.01,2.46,2.93,3.62
581000,162,47,8.5,0.0,0.0,0.0,8.5,0.0,1.00,19.6,6,716,37.56,0.51,47,0,0,0.0,1.00,1.00,1.00,2.57,3.09,3.13
581000,173,39,10.3,0.0,0.0,0.0,10.3,0.0,1.00,17.9,3,773,43.21,0.48,39,0,0,0.0,1.00,1.00,1.00,2.54,3.00,4.03
582000,171,201,8.3,0.0,0.1,0.0,8.1,0.0,1.01,19.0,20,568,31.27,0.41,201,0,0,0.0,1.01,1.01,1.01,2.32,3.31,3.21
582000,162,53,8.8,0.4,0.2,0.1,8.1,0.0,1.12,19.2,6,687,35.95,0.42,53,0,0,0.0,1.13,1.13,1.11,2.38,3.23,3.19
582000,173,32,10.3,0.0,0.0,0.0,10.3,0.0,1.00,17.9,3,886,49.99,0.62,32,0,0,0.0,1.00,1.00,1.00,3.00,3.00,4.03
583000,171,262,8.3,0.1,0.0,0.1,8.1,0.0,1.03,19.1,24,503,27.54,0.34,262,0,0,0.0,1.03,1.03,1.03,2.39,3.21,3.30
583000,162,56,8.0,0.0,0.0,0.0,8.0,0.0,1.00,19.9,4,857,45.43,0.59,56,0,0,0.0,1.00,1.00,1.00,2.20,3.07,3.05
583000,173,40,10.1,0.0,0.0,0.0,10.1,0.0,1.00,17.9,4,674,37.74,0.56,40,0,0,0.0,1.00,1.00,1.00,2.47,3.03,4.03
584000,171,210,8.5,0.1,0.0,0.2,8.3,0.0,1.02,18.9,23,555,30.94,0.45,209,0,1,0.0,1.02,1.02,1.02,2.52,3.22,3.36
584000,162,75,8.1,0.0,0.0,0.1,8.1,0.0,1.00,19.9,7,844,44.26,0.62,75,0,0,0.0,1.00,1.00,1.00,2.25,3.05,3.04
584000,173,29,9.7,0.0,0.0,0.0,9.6,0.0,1.00,18.3,4,960,54.08,0.59,29,0,0,0.0,1.00,1.00,1.00,2.59,2.97,3.86
585000,171,206,8.6,0.1,0.0,0.2,8.3,0.0,1.05,18.6,26,537,30.06,0.42,206,0,0,0.0,1.05,1.05,1.05,2.62,3.18,3.55
585000,162,95,8.1,0.0,0.0,0.0,8.1,0.0,1.00,19.8,7,726,38.87,0.74,95,0,0,0.0,1.00,1.00,1.00,2.35,3.03,3.05
585000,173,52,9.8,0.0,0.0,0.0,9.8,0.0,1.00,18.2,5,565,31.72,0.34,52,0,0,0.0,1.00,1.00,1.00,2.37,3.04,3.88
586000,171,174,8.1,0.0,0.0,0.1,8.0,0.0,1.01,19.4,17,514,28.58,0.39,174,0,0,0.0,1.01,1.01,1.01,2.45,3.07,3.28
586000,162,100,8.6,0.0,0.0,0.1,8.6,0.0,1.00,19.3,10,671,36.52,0.72,100,0,0,0.0,1.00,1.00,1.00,2.39,3.18,3.16
586000,178,79,6.4,0.2,0.0,0.0,6.3,0.0,1.08,19.2,9,442,23.45,0.34,64,12,3,0.0,1.14,1.14,1.05,2.38,2.11,4.29
586000,173,44,9.8,0.0,0.0,0.1,9.7,0.0,1.00,18.1,6,665,37.92,0.63,44,0,0,0.0,1.00,1.00,1.00,2.50,3.02,3.93
587000,171,181,8.3,0.0,0.0,0.0,8.3,0.0,1.00,19.1,12,548,30.42,0.44,181,0,0,0.0,1.00,1.00,1.00,2.49,3.09,3.36
587000,162,141,8.4,0.0,0.0,0.0,8.4,0.0,1.00,19.8,10,684,37.86,0.84,141,0,0,0.0,1.00,1.00,1.00,2.29,3.05,3.07
587000,178,78,6.4,0.1,0.0,0.0,6.3,0.0,1.03,19.1,8,336,18.16,0.28,77,0,1,0.0,1.01,1.04,1.04,2.69,2.08,4.36
587000,173,29,9.7,0.0,0.0,0.0,9.7,0.0,1.00,18.2,3,652,37.75,0.87,29,0,0,0.0,1.00,1.00,1.00,2.45,2.97,3.93
588000,162,199,9.0,0.0,0.0,0.1,8.9,0.0,1.00,19.2,17,593,33.16,0.81,199,0,0,0.0,1.01,1.00,1.00,2.32,3.18,3.22
588000,171,180,8.7,0.1,0.2,0.1,8.3,0.0,1.02,19.1,20,606,33.28,0.44,180,0,0,0.0,1.03,1.01,1.03,2.55,3.11,3.34
588000,178,76,6.7,0.2,0.0,0.0,6.5,0.0,1.06,18.8,7,417,22.60,0.39,76,0,0,0.0,1.00,1.10,1.09,2.46,2.18,4.45
589000,171,191,8.5,0.0,0.0,0.1,8.3,0.0,1.01,19.0,20,547,30.22,0.40,191,0,0,0.0,1.01,1.01,1.01,2.52,3.12,3.39
589000,162,176,8.8,0.0,0.0,0.1,8.6,0.0,1.00,19.3,16,679,37.72,0.92,176,0,0,0.0,1.01,1.00,1.00,2.34,3.20,3.16
589000,178,67,6.4,0.1,0.0,0.1,6.2,0.0,1.09,19.3,8,300,16.01,0.24,67,0,0,0.0,1.07,1.07,1.10,2.34,2.01,4.31
590000,171,225,8.4,0.0,0.0,0.1,8.3,0.0,1.01,18.8,28,541,29.99,0.35,224,0,1,0.0,1.01,1.01,1.01,2.53,3.10,3.49
590000,162,193,8.3,0.0,0.0,0.0,8.3,0.0,1.00,19.6,17,642,35.58,0.74,193,0,0,0.0,1.01,1.00,1.01,2.24,3.08,3.15
590000,178,66,7.1,0.0,0.0,0.0,7.0,0.0,1.05,18.1,6,271,15.20,0.22,63,0,3,0.0,1.08,1.08,1.03,2.42,2.00,4.94
591000,162,206,8.4,0.0,0.0,0.0,8.4,0.0,1.00,19.5,16,604,33.62,0.77,206,0,0,0.0,1.00,1.00,1.00,2.34,3.15,3.12
591000,171,175,8.2,0.0,0.0,0.0,8.2,0.0,1.00,19.2,19,634,34.81,0.46,174,0,1,0.0,1.00,1.00,1.00,2.43,3.16,3.28
591000,178,62,8.0,0.0,0.0,0.0,7.9,0.0,1.00,16.8,8,338,18.98,0.31,62,0,0,0.0,1.00,1.00,1.00,2.68,2.08,5.50
592000,162,177,8.5,0.0,0.0,0.0,8.4,0.0,1.01,19.4,14,608,34.29,0.85,177,0,0,0.0,1.01,1.01,1.01,2.55,3.15,3.14
592000,171,140,8.4,0.2,0.0,0.1,8.2,0.0,1.07,19.0,29,551,30.18,0.45,140,0,0,0.0,1.05,1.04,1.12,2.34,3.17,3.36
592000,178,87,7.3,0.1,0.0,0.1,7.2,0.0,1.03,17.4,9,358,20.44,0.25,86,0,1,0.0,1.00,1.04,1.04,2.51,2.03,5.24
593000,162,168,8.5,0.0,0.0,0.0,8.5,0.0,1.00,19.5,11,509,28.63,0.69,168,0,0,0.0,1.00,1.00,1.00,2.40,3.13,3.15
593000,178,105,8.5,0.6,0.2,0.1,7.6,0.0,1.20,16.1,19,360,20.23,0.34,104,0,1,0.0,1.09,1.31,1.21,2.73,2.32,5.66
593000,171,65,9.1,0.0,0.1,0.1,8.9,0.0,1.01,18.6,15,696,39.31,0.54,65,0,0,0.0,1.01,1.01,1.01,2.54,3.28,3.45
593000,181,18,13.7,0.0,0.1,0.0,13.6,0.0,1.00,16.2,4,312,19.01,0.32,18,0,0,0.0,1.00,1.00,1.00,2.78,3.56,4.33
594000,162,183,8.6,0.0,0.0,0.1,8.6,0.0,1.00,19.5,16,653,36.73,0.90,183,0,0,0.0,1.00,1.00,1.00,2.45,3.10,3.18
594000,171,100,8.4,0.1,0.1,0.0,8.2,0.0,1.03,19.1,14,648,34.81,0.50,99,0,1,0.0,1.02,1.03,1.04,2.39,3.11,3.33
594000,178,97,7.0,0.0,0.0,0.0,6.9,0.0,1.00,17.9,11,372,21.19,0.35,95,0,2,0.0,1.00,1.01,1.01,2.61,1.96,5.08
594000,181,22,10.3,0.0,0.0,0.0,10.3,0.0,1.00,17.7,3,362,21.12,0.39,22,0,0,0.0,1.00,1.00,1.00,2.73,3.14,4.00
595000,162,172,8.4,0.0,0.0,0.0,8.4,0.0,1.00,19.5,13,676,37.90,0.97,172,0,0,0.0,1.00,1.00,1.00,2.43,3.10,3.13
595000,178,82,7.5,0.2,0.0,0.0,7.4,0.0,1.04,17.8,10,384,21.73,0.33,82,0,0,0.0,1.00,1.07,1.05,2.46,2.13,4.99
595000,171,50,8.5,0.1,0.0,0.0,8.4,0.0,1.03,19.4,6,720,38.33,0.35,50,0,0,0.0,1.03,1.03,1.03,2.42,3.10,3.20
595000,181,35,10.9,0.0,0.0,0.0,10.9,0.0,1.00,17.5,3,561,33.20,0.52,35,0,0,0.0,1.00,1.00,1.00,2.80,3.23,4.03
596000,162,227,8.4,0.0,0.1,0.1,8.3,0.0,1.00,19.5,16,621,34.67,0.86,227,0,0,0.0,1.00,1.00,1.00,2.34,3.15,3.11
596000,181,58,10.3,0.0,0.1,0.0,10.3,0.0,1.00,17.7,6,523,30.85,0.57,58,0,0,0.0,1.00,1.00,1.00,2.71,3.09,4.07
596000,171,53,8.4,0.4,0.0,0.0,8.0,0.0,1.14,19.5,6,636,33.68,0.38,53,0,0,0.0,1.13,1.12,1.16,2.57,3.09,3.15
596000,178,53,8.3,0.6,0.0,0.1,7.6,0.0,1.15,17.1,9,391,21.63,0.42,53,0,0,0.0,1.04,1.19,1.19,2.62,2.21,5.25
597000,162,247,8.2,0.0,0.0,0.0,8.2,0.0,1.01,19.7,16,657,36.61,0.89,247,0,0,0.0,1.01,1.01,1.02,2.34,3.08,3.11
597000,181,56,10.2,0.0,0.0,0.0,10.2,0.0,1.00,17.8,5,523,30.54,0.53,56,0,0,0.0,1.00,1.00,1.00,2.68,3.11,4.02
597000,178,34,6.7,0.0,0.0,0.0,6.7,0.0,1.00,18.7,8,292,16.51,0.32,34,0,0,0.0,1.00,1.00,1.00,2.71,2.09,4.56
597000,171,19,8.0,0.0,0.0,0.0,8.0,0.0,1.00,20.0,1,884,44.98,0.58,19,0,0,0.0,1.00,1.00,1.00,2.32,3.00,3.00
598000,162,281,8.7,0.0,0.0,0.0,8.6,0.0,1.00,19.4,21,630,35.21,0.80,281,0,0,0.0,1.00,1.00,1.00,2.36,3.17,3.17
598000,181,57,10.8,0.0,0.0,0.0,10.8,0.0,1.00,17.7,9,705,40.68,0.66,57,0,0,0.0,1.00,1.00,1.00,2.58,3.11,4.04
598000,178,40,8.0,0.3,0.3,0.0,7.4,0.0,1.07,16.8,9,299,17.29,0.32,39,0,1,0.0,1.00,1.12,1.09,2.47,2.17,5.43
598000,171,5,8.0,0.0,0.0,0.0,8.0,0.0,1.00,20.0,1,1489,79.12,0.91,5,0,0,0.0,1.00,1.00,1.00,2.40,3.00,3.00
599000,162,296,8.2,0.0,0.0,0.0,8.2,0.0,1.00,19.8,17,597,33.29,0.79,296,0,0,0.0,1.00,1.00,1.00,2.23,3.05,3.06
599000,178,67,8.0,0.0,0.4,0.3,7.3,0.0,1.00,17.1,10,309,17.49,0.20,66,0,1,0.0,1.00,1.00,1.00,2.58,1.99,5.49
599000,181,37,11.5,0.0,1.7,0.0,9.7,0.0,1.00,17.5,4,684,39.57,0.69,37,0,0,0.0,1.00,1.00,1.00,2.51,3.16,4.08
599000,183,10,8.0,0.0,0.0,0.0,8.0,0.0,1.00,20.0,1,583,32.25,1.21,10,0,0,0.0,1.00,1.00,1.00,2.30,3.00,3.00
599000,171,9,8.4,0.0,0.0,0.0,8.4,0.0,1.00,19.1,2,562,29.42,0.44,9,0,0,0.0,1.00,1.00,1.00,2.56,3.22,3.22
600000,162,281,8.2,0.0,0.1,0.0,8.1,0.0,1.00,19.8,14,680,37.88,0.93,281,0,0,0.0,1.00,1.00,1.00,2.29,3.08,3.08
600000,178,46,9.1,0.0,0.2,0.0,8.9,0.0,1.00,16.7,8,329,18.29,0.25,46,0,0,0.0,1.00,1.01,1.00,2.63,2.26,5.41
600000,181,29,9.9,0.0,0.0,0.0,9.9,0.0,1.00,18.1,3,745,41.60,0.59,29,0,0,0.0,1.00,1.00,1.00,2.52,3.00,3.97
600000,171,8,7.4,0.0,0.0,0.2,7.1,0.0,1.00,20.5,3,605,31.73,0.38,8,0,0,0.0,1.00,1.00,1.00,2.25,2.88,2.88
600000,183,7,8.0,0.3,0.0,2.0,5.7,0.0,1.43,20.3,3,780,43.89,1.09,7,0,0,0.0,1.71,1.71,1.29,2.43,3.00,2.86
601000,162,287,8.2,0.0,0.0,0.0,8.2,0.0,1.00,19.8,16,648,35.81,0.88,287,0,0,0.0,1.00,1.00,1.00,2.25,3.05,3.07
601000,178,31,7.9,0.1,0.0,0.0,7.8,0.0,1.02,17.2,8,426,23.02,0.39,31,0,0,0.0,1.00,1.04,1.02,2.42,2.16,5.26
601000,181,18,9.4,0.0,0.0,0.0,9.4,0.0,1.00,18.6,2,848,46.53,0.43,18,0,0,0.0,1.00,1.00,1.00,2.83,3.00,3.72
602000,162,310,8.3,0.0,0.0,0.0,8.3,0.0,1.00,19.6,19,653,36.09,0.94,310,0,0,0.0,1.00,1.00,1.00,2.30,3.16,3.10
602000,178,53,7.3,0.1,0.0,0.0,7.2,0.0,1.10,17.5,9,264,15.20,0.17,50,0,3,0.0,1.09,1.10,1.11,2.53,1.98,5.26
602000,181,9,9.3,0.0,0.0,0.0,9.3,0.0,1.00,18.7,2,891,48.58,0.44,9,0,0,0.0,1.00,1.00,1.00,2.44,3.00,3.67
603000,162,359,8.3,0.0,0.0,0.0,8.3,0.0,1.00,19.6,20,646,35.84,0.91,359,0,0,0.0,1.00,1.00,1.00,2.38,3.13,3.08
603000,178,39,7.6,0.3,0.0,0.0,7.3,0.0,1.10,17.0,8,312,16.94,0.18,39,0,0,0.0,1.00,1.12,1.15,2.31,2.21,5.28
604000,162,363,8.4,0.0,0.0,0.0,8.3,0.0,1.00,19.6,21,699,39.02,0.97,363,0,0,0.0,1.00,1.00,1.00,2.29,3.09,3.10
604000,178,66,7.5,0.1,0.0,0.0,7.4,0.0,1.03,17.5,12,285,16.58,0.20,66,0,0,0.0,1.02,1.04,1.05,2.33,2.08,5.17
605000,162,392,8.2,0.0,0.0,0.0,8.2,0.0,1.01,19.8,21,633,35.31,0.88,392,0,0,0.0,1.01,1.01,1.01,2.25,3.05,3.06
605000,178,86,9.0,0.1,0.0,0.0,8.9,0.0,1.03,14.8,13,241,15.06,0.22,85,0,1,0.0,1.00,1.04,1.04,2.88,2.17,6.43
606000,162,354,8.3,0.0,0.0,0.0,8.3,0.0,1.00,19.7,17,689,38.30,0.93,354,0,0,0.0,1.00,1.00,1.00,2.33,3.05,3.10
606000,178,63,8.0,0.0,0.0,0.0,7.9,0.0,1.00,16.0,8,209,12.68,0.20,63,0,0,0.0,1.00,1.00,1.01,2.60,1.86,6.13
607000,162,337,8.0,0.0,0.0,0.0,8.0,0.0,1.00,19.8,18,795,44.20,1.11,337,0,0,0.0,1.00,1.00,1.00,2.33,3.05,3.07
607000,178,81,9.5,0.0,0.1,0.2,9.1,0.0,1.00,14.0,16,283,17.83,0.32,79,0,2,0.0,1.00,1.00,1.00,2.99,2.06,6.91
608000,162,333,8.5,0.0,0.0,0.0,8.5,0.0,1.00,19.6,20,768,42.42,1.08,333,0,0,0.0,1.00,1.00,1.00,2.26,3.13,3.12
608000,178,133,10.2,0.3,0.3,0.5,9.0,0.0,1.15,13.8,23,169,11.52,0.21,67,13,53,0.0,1.10,1.17,1.17,2.91,2.29,6.82
609000,162,345,8.3,0.0,0.1,0.0,8.2,0.0,1.00,19.5,22,687,37.87,0.89,345,0,0,0.0,1.00,1.00,1.00,2.32,3.10,3.13
609000,178,106,8.5,0.0,0.0,0.0,8.4,0.0,1.02,14.9,15,289,17.53,0.32,106,0,0,0.0,1.01,1.02,1.03,2.75,1.94,6.63
610000,162,310,8.3,0.0,0.0,0.0,8.3,0.0,1.00,19.6,21,779,41.78,0.86,310,0,0,0.0,1.00,1.00,1.00,2.38,3.05,3.14
610000,178,108,9.3,0.2,0.5,0.2,8.5,0.0,1.06,14.5,22,286,17.15,0.26,107,0,1,0.0,1.05,1.06,1.07,2.95,1.96,6.80
611000,162,317,8.1,0.0,0.0,0.0,8.1,0.0,1.00,19.8,15,797,42.87,0.89,317,0,0,0.0,1.00,1.00,1.00,2.20,3.00,3.13
611000,178,69,8.5,0.0,0.0,0.0,8.4,0.0,1.00,14.8,10,277,16.80,0.29,68,0,1,0.0,1.00,1.00,1.01,2.93,1.75,6.91
612000,162,304,8.3,0.0,0.0,0.0,8.3,0.0,1.00,19.5,17,754,40.61,0.91,304,0,0,0.0,1.00,1.00,1.00,2.16,3.05,3.19
612000,178,78,8.1,0.1,0.0,0.0,8.0,0.0,1.04,15.4,10,330,19.81,0.34,78,0,0,0.0,1.06,1.07,1.03,2.76,1.67,6.65
613000,162,318,8.3,0.0,0.0,0.1,8.2,0.0,1.00,19.5,26,741,40.15,0.89,318,0,0,0.0,1.00,1.00,1.00,2.34,3.08,3.21
613000,178,95,8.3,0.1,0.0,0.1,8.2,0.0,1.02,15.5,14,353,20.82,0.27,95,0,0,0.0,1.00,1.03,1.04,2.87,2.02,6.23
614000,162,319,8.3,0.0,0.0,0.0,8.3,0.0,1.00,19.4,21,692,37.43,0.77,318,0,1,0.0,1.00,1.00,1.00,2.24,3.07,3.22
614000,178,96,9.1,0.3,0.0,0.2,8.6,0.0,1.11,15.4,18,300,18.03,0.26,95,0,1,0.0,1.08,1.19,1.10,2.76,2.17,6.11
615000,162,304,8.3,0.0,0.0,0.0,8.3,0.0,1.00,19.5,21,747,40.47,0.84,304,0,0,0.0,1.00,1.00,1.00,2.34,3.08,3.20
615000,178,87,8.3,0.4,0.4,0.1,7.5,0.0,1.09,16.1,11,366,21.12,0.34,86,0,1,0.1,1.03,1.12,1.11,2.68,1.89,6.07
616000,162,294,8.4,0.0,0.0,0.0,8.3,0.0,1.01,19.3,24,737,40.24,0.80,294,0,0,0.0,1.01,1.00,1.01,2.34,3.09,3.28
616000,178,107,8.5,0.3,0.1,0.3,7.9,0.0,1.08,15.9,18,323,18.80,0.25,107,0,0,0.0,1.07,1.11,1.08,2.64,2.09,6.02
617000,162,283,8.6,0.0,0.0,0.0,8.6,0.0,1.00,19.3,19,801,43.34,0.83,283,0,0,0.0,1.00,1.00,1.00,2.32,3.07,3.30
617000,178,127,7.9,0.1,0.0,0.1,7.7,0.0,1.04,16.1,11,297,17.11,0.30,125,0,2,0.0,1.00,1.09,1.04,2.66,1.86,6.11
618000,162,306,8.5,0.0,0.0,0.0,8.5,0.0,1.00,19.2,20,750,40.73,0.74,306,0,0,0.0,1.01,1.00,1.00,2.40,3.07,3.38
618000,178,109,7.6,0.1,0.0,0.0,7.4,0.0,1.04,16.6,14,356,20.53,0.32,95,7,7,0.0,1.03,1.05,1.04,2.60,1.85,5.83
619000,162,291,8.5,0.0,0.0,0.0,8.5,0.0,1.00,19.1,15,801,43.37,0.84,291,0,0,0.0,1.00,1.00,1.00,2.44,3.06,3.38
619000,178,112,7.8,0.1,0.0,0.2,7.5,0.0,1.05,16.8,14,315,17.95,0.33,110,1,1,0.0,1.06,1.06,1.04,2.53,1.98,5.62
620000,178,377,10.5,0.8,1.2,0.5,8.0,0.0,1.28,15.8,80,152,10.00,0.21,132,2,243,0.0,1.10,1.39,1.31,2.83,2.97,5.21
620000,162,268,8.6,0.0,0.0,0.1,8.6,0.0,1.00,18.9,20,730,39.42,0.71,268,0,0,0.0,1.00,1.00,1.00,2.44,3.14,3.44
621000,162,226,8.5,0.0,0.0,0.1,8.4,0.0,1.00,19.2,18,863,45.70,0.74,226,0,0,0.0,1.00,1.00,1.00,2.33,3.06,3.34
621000,178,141,7.1,0.1,0.0,0.0,7.1,0.0,1.05,18.1,13,364,20.20,0.25,138,0,3,0.0,1.04,1.04,1.06,2.46,2.04,4.94
622000,162,232,8.6,0.0,0.1,0.0,8.5,0.0,1.00,19.1,22,693,37.45,0.65,232,0,0,0.0,1.00,1.00,1.00,2.35,3.06,3.41
622000,178,144,8.1,0.2,0.2,0.1,7.6,0.0,1.08,17.1,16,338,19.11,0.30,142,0,2,0.0,1.05,1.12,1.08,2.58,2.17,5.26
623000,162,283,8.7,0.0,0.1,0.0,8.6,0.0,1.01,18.9,26,642,35.62,0.61,283,0,0,0.0,1.01,1.00,1.01,2.33,3.12,3.45
623000,178,87,7.7,0.0,0.0,0.0,7.6,0.0,1.01,17.2,9,460,25.83,0.44,87,0,0,0.0,1.00,1.01,1.02,2.49,2.07,5.34
624000,162,289,8.6,0.0,0.0,0.0,8.6,0.0,1.00,18.9,21,710,39.05,0.76,289,0,0,0.0,1.00,1.00,1.00,2.38,3.09,3.48
624000,178,109,7.8,0.1,0.0,0.2,7.5,0.0,1.01,17.4,16,404,22.98,0.35,109,0,0,0.0,1.00,1.02,1.02,2.50,2.09,5.24
625000,162,277,8.5,0.0,0.0,0.1,8.4,0.0,1.00,19.0,21,708,38.95,0.77,277,0,0,0.0,1.00,1.00,1.00,2.31,3.06,3.47
625000,178,102,7.7,0.1,0.2,0.0,7.3,0.0,1.04,17.6,13,350,19.40,0.26,102,0,0,0.0,1.00,1.08,1.03,2.51,2.25,4.96
626000,162,286,8.8,0.0,0.0,0.0,8.8,0.0,1.00,18.6,26,733,40.92,0.84,286,0,0,0.0,1.00,1.00,1.00,2.32,3.15,3.58
626000,178,104,7.4,0.2,0.0,0.0,7.2,0.0,1.10,17.6,12,329,18.61,0.28,102,0,2,0.0,1.09,1.11,1.10,2.49,2.11,5.10
627000,162,285,9.1,0.0,0.0,0.0,9.0,0.0,1.00,18.4,24,797,44.41,0.93,285,0,0,0.0,1.00,1.00,1.00,2.51,3.16,3.65
627000,178,115,7.1,0.1,0.0,0.1,6.9,0.0,1.02,18.2,15,289,16.34,0.26,114,0,1,0.0,1.00,1.02,1.03,2.29,2.13,4.76
628000,162,280,8.6,0.0,0.1,0.0,8.4,0.0,1.01,19.0,23,761,42.25,0.88,280,0,0,0.0,1.01,1.01,1.01,2.27,3.10,3.42
628000,178,104,7.9,0.1,0.3,0.0,7.6,0.0,1.02,17.2,12,320,18.06,0.27,104,0,0,0.0,1.00,1.02,1.03,2.41,2.21,5.18
629000,162,279,8.6,0.0,0.0,0.0,8.5,0.0,1.00,18.9,20,764,41.60,0.80,279,0,0,0.0,1.00,1.00,1.00,2.33,3.10,3.44
629000,178,94,8.0,0.4,0.0,0.1,7.5,0.0,1.14,17.2,16,309,17.89,0.30,94,0,0,0.0,1.04,1.21,1.19,2.64,2.17,5.22
630000,162,277,8.3,0.0,0.0,0.0,8.3,0.0,1.00,19.1,17,752,40.59,0.82,277,0,0,0.0,1.00,1.00,1.00,2.30,3.08,3.37
630000,178,76,6.9,0.1,0.0,0.1,6.7,0.0,1.05,18.3,9,371,20.32,0.21,75,0,1,0.0,1.00,1.06,1.07,2.33,2.14,4.72
631000,162,256,8.0,0.0,0.0,0.0,7.9,0.0,1.00,19.7,20,733,38.96,0.78,256,0,0,0.0,1.00,1.00,1.00,2.28,2.95,3.19
631000,178,120,7.3,0.2,0.1,0.2,6.8,0.0,1.09,18.1,17,380,21.05,0.26,120,0,0,0.0,1.07,1.11,1.10,2.47,2.22,4.78
632000,162,270,8.2,0.0,0.0,0.0,8.2,0.0,1.00,19.5,17,760,40.79,0.73,270,0,0,0.0,1.00,1.00,1.00,2.33,2.96,3.26
632000,178,97,7.7,0.1,0.2,0.0,7.4,0.0,1.03,18.1,12,369,20.06,0.33,97,0,0,0.0,1.00,1.07,1.04,2.43,2.14,4.85
633000,162,250,8.1,0.0,0.0,0.0,8.1,0.0,1.00,19.6,19,723,39.10,0.78,250,0,0,0.0,1.00,1.00,1.00,2.31,2.93,3.26
633000,178,146,7.8,0.2,0.2,0.1,7.2,0.0,1.05,18.2,14,342,19.06,0.26,145,0,1,0.0,1.00,1.08,1.07,2.47,2.12,4.79
634000,162,236,8.0,0.0,0.1,0.0,7.9,0.0,1.00,19.7,22,707,37.57,0.72,236,0,0,0.0,1.00,1.00,1.00,2.38,2.94,3.19
634000,178,149,8.0,0.2,0.4,0.2,7.2,0.0,1.06,18.0,15,385,21.29,0.29,140,6,3,0.0,1.04,1.08,1.06,2.54,2.18,4.84
635000,162,251,8.4,0.0,0.0,0.0,8.4,0.0,1.01,19.4,23,774,41.18,0.64,251,0,0,0.0,1.01,1.01,1.01,2.30,3.05,3.28
635000,178,146,7.3,0.2,0.0,0.1,7.0,0.0,1.08,18.4,15,418,22.60,0.33,146,0,0,0.0,1.06,1.13,1.07,2.53,2.14,4.69
636000,162,265,8.2,0.0,0.0,0.0,8.2,0.0,1.01,19.5,20,704,37.34,0.64,265,0,0,0.0,1.01,1.01,1.02,2.36,3.02,3.23
636000,178,128,7.0,0.1,0.2,0.1,6.6,0.0,1.03,19.1,15,367,19.77,0.26,127,0,1,0.1,1.01,1.03,1.03,2.20,2.09,4.37
637000,162,284,8.0,0.0,0.0,0.0,7.9,0.0,1.03,19.6,16,779,41.30,0.71,284,0,0,0.0,1.03,1.03,1.03,2.27,3.02,3.18
637000,178,144,6.7,0.1,0.0,0.0,6.6,0.0,1.04,19.4,11,364,19.61,0.25,144,0,0,0.0,1.00,1.08,1.04,2.36,2.05,4.26
638000,162,362,7.9,0.0,0.0,0.0,7.8,0.0,1.01,19.8,23,626,33.53,0.62,362,0,0,0.0,1.01,1.01,1.01,2.27,3.02,3.09
638000,178,129,7.3,0.1,0.1,0.0,7.0,0.0,1.03,19.0,13,362,19.64,0.27,129,0,0,0.0,1.00,1.08,1.03,2.50,2.13,4.46
639000,162,348,8.2,0.0,0.0,0.0,8.1,0.0,1.00,19.6,26,757,40.84,0.75,348,0,0,0.0,1.00,1.00,1.00,2.28,3.08,3.14
639000,178,140,7.1,0.1,0.0,0.2,6.8,0.0,1.05,19.0,16,321,17.65,0.26,138,0,2,0.0,1.06,1.06,1.05,2.29,2.05,4.50
640000,162,360,7.9,0.0,0.0,0.0,7.8,0.0,1.00,19.8,22,710,38.43,0.75,358,0,2,0.0,1.00,1.00,1.00,2.29,3.07,3.08
640000,178,147,7.1,0.1,0.0,0.2,6.8,0.0,1.05,18.8,18,331,18.26,0.26,145,0,2,0.0,1.03,1.06,1.05,2.49,2.07,4.59
641000,162,353,8.3,0.0,0.0,0.0,8.3,0.0,1.00,19.5,26,720,39.31,0.85,353,0,0,0.0,1.00,1.00,1.00,2.27,3.16,3.11
641000,178,144,6.9,0.2,0.0,0.0,6.7,0.0,1.06,18.8,13,343,18.64,0.27,143,0,1,0.0,1.07,1.07,1.04,2.45,2.08,4.56
642000,162,323,7.9,0.0,0.0,0.0,7.9,0.0,1.01,19.8,24,773,41.89,0.86,322,0,1,0.0,1.01,1.01,1.01,2.23,3.05,3.07
642000,178,129,6.4,0.0,0.0,0.2,6.2,0.0,1.02,19.4,10,423,22.12,0.31,127,0,2,0.0,1.02,1.02,1.03,2.22,2.03,4.25
643000,162,309,8.1,0.0,0.0,0.0,8.0,0.0,1.01,19.5,33,719,39.04,0.78,309,0,0,0.0,1.01,1.01,1.02,2.31,3.14,3.13
643000,178,140,6.5,0.1,0.0,0.0,6.3,0.0,1.04,19.4,14,386,19.96,0.25,137,0,3,0.0,1.04,1.05,1.04,2.32,2.09,4.21
644000,162,317,8.0,0.0,0.0,0.0,8.0,0.0,1.00,19.7,27,675,36.07,0.65,317,0,0,0.0,1.00,1.00,1.00,2.32,3.08,3.09
644000,178,167,8.0,0.2,0.2,0.0,7.4,0.0,1.07,18.3,22,263,14.79,0.21,115,9,43,0.0,1.03,1.13,1.08,2.49,2.29,4.55
645000,162,344,7.9,0.0,0.0,0.0,7.9,0.0,1.00,19.7,22,750,40.28,0.67,344,0,0,0.0,1.00,1.00,1.00,2.24,3.06,3.11
645000,178,109,6.6,0.0,0.0,0.0,6.6,0.0,1.00,18.9,11,361,19.60,0.29,100,5,4,0.0,1.00,1.00,1.01,2.43,2.03,4.57
646000,162,338,8.2,0.0,0.0,0.0,8.2,0.0,1.00,19.5,20,743,40.35,0.76,338,0,0,0.0,1.00,1.00,1.00,2.24,3.06,3.17
646000,178,112,6.1,0.0,0.0,0.1,6.0,0.0,1.00,19.6,12,342,17.99,0.28,110,0,2,0.0,1.00,1.00,1.00,2.27,1.99,4.23
647000,162,342,8.3,0.0,0.0,0.0,8.3,0.0,1.00,19.4,30,734,39.71,0.76,342,0,0,0.0,1.00,1.00,1.00,2.39,3.07,3.22
647000,178,121,6.7,0.2,0.0,0.1,6.3,0.0,1.08,19.2,18,328,17.50,0.25,119,0,2,0.0,1.03,1.13,1.08,2.35,2.22,4.24
648000,162,331,8.3,0.0,0.0,0.0,8.3,0.0,1.00,19.4,28,760,41.25,0.74,331,0,0,0.0,1.00,1.00,1.00,2.35,3.06,3.24
648000,178,120,6.4,0.0,0.0,0.0,6.3,0.0,1.01,19.4,14,313,16.57,0.21,118,0,2,0.0,1.00,1.01,1.02,2.35,2.06,4.27
649000,162,343,8.4,0.0,0.0,0.0,8.4,0.0,1.00,19.3,25,766,41.58,0.76,343,0,0,0.0,1.00,1.00,1.00,2.37,3.09,3.24
649000,178,127,6.3,0.0,0.0,0.0,6.2,0.0,1.00,19.1,14,324,17.29,0.23,127,0,0,0.0,1.00,1.01,1.00,2.34,2.02,4.45
650000,162,348,8.3,0.0,0.0,0.1,8.2,0.0,1.01,19.4,24,720,39.27,0.70,348,0,0,0.0,1.01,1.01,1.01,2.23,3.09,3.23
650000,178,119,7.0,0.5,0.4,0.0,6.2,0.0,1.15,18.5,22,348,18.84,0.30,119,0,0,0.1,1.08,1.21,1.16,2.38,2.21,4.54
651000,162,334,8.4,0.0,0.0,0.0,8.4,0.0,1.01,19.4,24,762,41.48,0.74,334,0,0,0.0,1.02,1.01,1.01,2.39,3.05,3.23
651000,178,111,6.3,0.1,0.1,0.0,6.0,0.0,1.06,19.0,14,313,16.82,0.22,111,0,0,0.0,1.04,1.08,1.07,2.41,2.13,4.42
652000,162,343,8.7,0.0,0.0,0.0,8.7,0.0,1.01,19.1,28,724,39.79,0.76,343,0,0,0.0,1.01,1.01,1.01,2.46,3.11,3.36
652000,178,121,7.0,0.5,0.0,0.0,6.5,0.0,1.15,18.5,15,328,17.79,0.26,121,0,0,0.0,1.15,1.18,1.15,2.41,2.22,4.52
653000,162,369,8.8,0.0,0.0,0.0,8.8,0.0,1.00,18.9,29,667,37.19,0.75,369,0,0,0.0,1.00,1.00,1.00,2.43,3.12,3.42
653000,178,120,7.2,0.4,0.1,0.1,6.7,0.0,1.15,18.8,25,396,21.46,0.29,120,0,0,0.0,1.05,1.26,1.14,2.43,2.24,4.47
654000,162,259,8.6,0.0,0.0,0.0,8.6,0.0,1.00,19.0,23,654,37.28,0.79,259,0,0,0.0,1.00,1.00,1.00,2.41,3.05,3.46
654000,178,103,7.5,0.2,0.0,0.0,7.3,0.0,1.08,18.2,12,391,21.09,0.27,103,0,0,0.0,1.08,1.12,1.08,2.46,2.16,4.74
655000,162,386,8.6,0.0,0.0,0.0,8.6,0.0,1.00,19.0,26,691,38.24,0.76,386,0,0,0.0,1.00,1.00,1.00,2.35,3.09,3.42
655000,178,120,7.1,0.2,0.0,0.0,6.9,0.0,1.10,18.8,13,363,19.98,0.31,119,0,1,0.0,1.06,1.17,1.09,2.37,2.12,4.48
656000,162,405,8.9,0.0,0.0,0.0,8.9,0.0,1.00,19.0,28,624,34.51,0.72,405,0,0,0.0,1.00,1.00,1.00,2.33,3.12,3.39
656000,178,88,7.0,0.1,0.0,0.0,6.9,0.0,1.06,18.3,10,395,21.23,0.26,88,0,0,0.0,1.06,1.06,1.06,2.57,2.00,4.84
657000,162,391,8.8,0.0,0.0,0.0,8.8,0.0,1.00,19.0,29,689,37.99,0.80,390,0,1,0.0,1.00,1.00,1.00,2.41,3.13,3.39
657000,178,79,6.8,0.0,0.0,0.0,6.7,0.0,1.01,18.7,6,439,24.17,0.42,79,0,0,0.0,1.00,1.01,1.01,2.47,2.03,4.65
658000,162,400,8.5,0.0,0.0,0.0,8.5,0.0,1.00,19.3,19,721,40.21,0.90,400,0,0,0.0,1.00,1.00,1.00,2.31,3.08,3.29
658000,178,82,7.7,0.4,0.1,0.2,7.0,0.0,1.12,18.3,13,244,13.65,0.22,82,0,0,0.0,1.00,1.22,1.14,2.71,2.28,4.60
659000,162,370,8.7,0.0,0.0,0.0,8.7,0.0,1.00,19.1,24,659,36.55,0.79,370,0,0,0.0,1.00,1.00,1.00,2.31,3.09,3.38
659000,178,71,6.7,0.0,0.0,0.0,6.7,0.0,1.01,19.0,7,372,19.83,0.29,70,0,1,0.0,1.00,1.01,1.01,2.44,2.04,4.51
660000,162,387,8.5,0.0,0.0,0.1,8.4,0.0,1.01,19.2,27,709,39.19,0.81,387,0,0,0.0,1.01,1.01,1.01,2.30,3.03,3.36
660000,178,60,7.1,0.2,0.0,0.0,6.9,0.0,1.11,18.9,12,379,20.14,0.24,60,0,0,0.0,1.12,1.13,1.11,2.35,2.17,4.47
661000,162,397,8.4,0.0,0.0,0.0,8.4,0.0,1.00,19.2,23,686,38.43,0.79,397,0,0,0.0,1.00,1.00,1.00,2.34,3.03,3.38
661000,178,74,7.3,0.2,0.0,0.0,7.0,0.0,1.06,18.2,11,333,18.23,0.31,74,0,0,0.0,1.00,1.11,1.07,2.50,2.18,4.74
662000,162,427,8.9,0.0,0.0,0.0,8.9,0.0,1.01,18.8,35,638,36.18,0.80,427,0,0,0.0,1.01,1.00,1.01,2.40,3.14,3.46
662000,178,52,6.2,0.0,0.0,0.0,6.2,0.0,1.00,20.0,3,305,16.27,0.23,52,0,0,0.0,1.00,1.00,1.00,2.21,2.02,4.00
663000,162,429,8.7,0.0,0.0,0.0,8.7,0.0,1.00,19.0,29,669,38.24,0.88,429,0,0,0.0,1.00,1.00,1.00,2.43,3.09,3.40
663000,178,63,6.9,0.3,0.1,0.1,6.5,0.0,1.10,19.5,9,359,19.59,0.31,62,0,1,0.0,1.00,1.17,1.11,2.37,2.17,4.13
664000,162,403,9.0,0.0,0.0,0.0,9.0,0.0,1.01,18.9,33,655,37.80,0.91,403,0,0,0.0,1.02,1.00,1.02,2.41,3.16,3.42
664000,178,78,7.3,0.1,0.0,0.2,6.9,0.0,1.05,18.6,10,310,17.06,0.27,77,0,1,0.0,1.00,1.06,1.08,2.42,2.22,4.54
665000,162,400,8.9,0.0,0.0,0.0,8.9,0.0,1.00,18.9,24,658,37.77,0.83,400,0,0,0.0,1.01,1.00,1.00,2.35,3.13,3.42
665000,178,68,7.9,0.4,0.8,0.0,6.6,0.0,1.13,17.9,8,339,18.12,0.29,67,0,1,0.1,1.16,1.18,1.11,2.60,2.24,4.82
666000,162,417,8.8,0.0,0.0,0.0,8.7,0.0,1.00,19.0,32,684,38.96,0.86,417,0,0,0.0,1.00,1.00,1.00,2.40,3.13,3.40
666000,178,61,7.6,0.1,0.0,0.4,7.1,0.0,1.10,15.6,6,351,20.20,0.31,61,0,0,0.0,1.10,1.10,1.10,2.82,2.05,6.15
667000,162,418,8.9,0.0,0.0,0.0,8.8,0.0,1.01,19.0,29,645,36.74,0.85,418,0,0,0.0,1.01,1.01,1.01,2.51,3.14,3.37
667000,178,68,6.9,0.0,0.0,0.1,6.8,0.0,1.00,16.4,3,327,18.00,0.28,67,0,1,0.0,1.00,1.00,1.00,2.59,1.93,5.88
668000,162,404,9.0,0.0,0.0,0.0,8.9,0.0,1.01,18.9,37,679,39.02,0.93,404,0,0,0.0,1.01,1.01,1.01,2.38,3.17,3.41
668000,178,66,7.6,0.1,0.7,0.1,6.8,0.0,1.06,16.1,8,321,18.01,0.25,66,0,0,0.0,1.08,1.08,1.05,2.68,2.05,6.02
669000,162,373,8.5,0.0,0.0,0.1,8.4,0.0,1.01,19.2,34,743,42.33,0.96,373,0,0,0.0,1.01,1.00,1.01,2.31,3.13,3.26
669000,178,47,7.2,0.0,0.0,0.0,7.2,0.0,1.00,15.7,2,490,26.73,0.38,46,0,1,0.0,1.00,1.00,1.00,2.74,2.00,6.13
670000,162,367,8.6,0.0,0.0,0.0,8.5,0.0,1.01,19.3,28,642,36.42,0.85,367,0,0,0.0,1.01,1.01,1.01,2.30,3.15,3.20
670000,178,56,7.9,0.0,0.0,0.1,7.9,0.0,1.00,15.3,6,330,18.89,0.26,56,0,0,0.0,1.00,1.00,1.00,2.91,2.07,6.27
671000,162,385,8.5,0.0,0.0,0.1,8.4,0.0,1.00,19.3,34,666,37.53,0.86,385,0,0,0.0,1.00,1.00,1.00,2.36,3.12,3.24
671000,178,68,8.8,0.3,0.0,0.5,8.0,0.0,1.05,15.4,10,323,18.40,0.32,66,0,2,0.0,1.00,1.09,1.05,2.88,2.19,6.10
672000,162,404,8.4,0.0,0.0,0.0,8.4,0.0,1.00,19.4,32,667,37.78,0.90,404,0,0,0.0,1.00,1.00,1.00,2.23,3.09,3.23
672000,178,75,8.1,0.0,0.4,0.2,7.5,0.0,1.01,15.4,7,356,19.99,0.37,74,0,1,0.0,1.00,1.01,1.01,2.80,2.17,6.15
673000,162,410,8.4,0.0,0.0,0.0,8.4,0.0,1.00,19.4,28,636,36.22,0.91,410,0,0,0.0,1.00,1.00,1.00,2.42,3.11,3.19
673000,178,63,7.1,0.1,0.0,0.0,7.0,0.0,1.02,15.9,4,361,20.20,0.35,62,0,1,0.0,1.00,1.04,1.02,2.71,2.08,5.95
674000,162,394,8.8,0.0,0.0,0.0,8.8,0.0,1.00,19.2,29,650,37.00,0.94,394,0,0,0.0,1.00,1.00,1.00,2.29,3.19,3.23
674000,178,67,8.1,0.3,0.3,0.0,7.5,0.0,1.07,15.4,7,350,19.96,0.34,66,0,1,0.0,1.04,1.10,1.08,3.00,2.19,6.10
675000,162,402,8.7,0.0,0.0,0.0,8.7,0.0,1.00,19.2,27,677,38.35,0.83,402,0,0,0.0,1.00,1.00,1.00,2.40,3.16,3.24
675000,178,93,7.7,0.3,0.0,0.0,7.4,0.0,1.08,15.6,8,349,19.70,0.38,93,0,0,0.0,1.00,1.14,1.10,2.97,2.14,6.11
675000,190,7,20.1,0.0,0.0,0.0,20.1,0.0,1.00,11.4,3,164,15.44,0.51,0,6,1,0.0,1.00,1.00,1.00,3.00,4.14,6.14
676000,162,441,8.7,0.0,0.0,0.0,8.6,0.0,1.00,19.2,36,653,37.16,0.85,441,0,0,0.0,1.00,1.00,1.00,2.32,3.12,3.26
676000,178,85,7.8,0.2,0.0,0.0,7.6,0.0,1.05,15.7,8,449,24.97,0.45,84,0,1,0.0,1.02,1.05,1.06,2.86,2.07,6.06
676000,190,12,22.0,0.0,3.7,1.2,17.2,0.0,1.00,10.3,8,84,9.16,0.78,0,10,2,0.0,1.00,1.00,1.00,2.83,4.75,6.08
677000,162,419,8.8,0.0,0.0,0.1,8.6,0.0,1.01,19.2,44,662,37.72,0.92,419,0,0,0.0,1.02,1.01,1.02,2.38,3.12,3.31
677000,178,65,8.1,0.1,0.0,0.3,7.8,0.0,1.02,15.5,11,327,18.38,0.32,65,0,0,0.0,1.00,1.02,1.04,3.00,2.11,6.17
677000,190,15,16.1,0.0,1.9,1.0,13.2,0.0,1.00,13.2,7,78,7.22,0.52,0,11,4,0.0,1.00,1.00,1.00,3.13,4.47,4.93
678000,162,440,9.1,0.0,0.0,0.0,9.0,0.0,1.00,18.9,34,636,36.66,0.85,440,0,0,0.0,1.00,1.00,1.00,2.39,3.14,3.39
678000,178,72,8.0,0.1,0.8,0.2,6.9,0.0,1.01,15.7,5,462,25.45,0.42,72,0,0,0.1,1.00,1.03,1.01,2.72,2.17,6.00
678000,190,18,13.7,0.0,0.0,0.1,13.6,0.0,1.00,15.2,4,156,12.69,1.13,0,15,3,0.0,1.00,1.00,1.00,2.39,4.22,4.17
679000,162,406,8.9,0.0,0.0,0.0,8.9,0.0,1.00,19.1,33,659,38.10,0.93,406,0,0,0.0,1.00,1.00,1.00,2.39,3.09,3.34
679000,178,162,12.0,1.0,0.4,0.6,10.1,0.0,1.22,13.9,26,146,9.89,0.19,64,1,97,0.0,1.02,1.34,1.28,3.14,2.69,6.39
679000,190,11,13.0,0.0,0.0,0.0,13.0,0.0,1.00,16.0,1,152,12.01,0.41,0,9,2,0.0,1.00,1.00,1.00,2.73,4.00,4.00
680000,162,446,8.7,0.0,0.0,0.1,8.6,0.0,1.01,19.3,33,633,36.29,0.83,446,0,0,0.0,1.01,1.00,1.01,2.30,3.08,3.28
680000,178,91,7.6,0.0,0.1,0.2,7.3,0.0,1.00,15.6,8,301,16.97,0.25,84,7,0,0.0,1.00,1.00,1.01,2.76,2.11,6.15
680000,190,10,13.0,0.0,0.0,0.0,13.0,0.0,1.00,16.0,1,180,13.87,0.60,0,9,1,0.0,1.00,1.00,1.00,2.80,4.00,4.00
681000,162,438,9.0,0.0,0.0,0.1,8.9,0.0,1.00,19.1,35,596,33.85,0.78,438,0,0,0.0,1.00,1.00,1.00,2.39,3.15,3.32
681000,178,94,8.7,0.1,0.1,0.1,8.4,0.0,1.03,15.3,13,263,15.57,0.32,80,11,3,0.0,1.00,1.04,1.04,2.84,2.23,6.12
681000,190,9,18.0,0.0,3.7,0.0,14.3,0.0,1.00,13.8,3,263,19.29,0.73,0,6,3,0.0,1.00,1.00,1.00,3.22,4.56,4.56
682000,162,430,8.9,0.0,0.0,0.0,8.9,0.0,1.00,19.1,30,664,38.31,0.95,430,0,0,0.0,1.00,1.00,1.00,2.41,3.10,3.34
682000,178,67,7.9,0.0,0.0,0.1,7.9,0.0,1.00,15.3,7,335,19.67,0.43,59,4,4,0.0,1.00,1.00,1.00,2.90,2.09,6.25
682000,190,20,15.4,0.2,0.0,0.4,14.8,0.0,1.04,14.7,4,93,7.87,0.48,0,20,0,0.0,1.00,1.09,1.04,2.70,4.30,4.35
683000,162,432,8.7,0.0,0.0,0.0,8.7,0.0,1.01,19.3,22,657,37.59,0.89,432,0,0,0.0,1.01,1.01,1.01,2.37,3.05,3.29
683000,178,76,7.4,0.0,0.0,0.1,7.4,0.0,1.00,15.9,11,383,21.28,0.43,72,2,2,0.0,1.00,1.00,1.00,2.79,2.05,5.97
683000,190,17,13.0,0.0,0.0,0.0,13.0,0.0,1.00,16.0,1,230,18.46,0.88,0,14,3,0.0,1.00,1.00,1.00,2.65,4.00,4.00
684000,162,400,9.2,0.0,0.0,0.0,9.2,0.0,1.01,19.0,32,657,38.20,0.88,400,0,0,0.0,1.02,1.02,1.00,2.40,3.09,3.43
684000,178,65,7.5,0.0,0.0,0.0,7.5,0.0,1.01,15.7,7,376,21.55,0.50,64,0,1,0.0,1.00,1.01,1.01,2.78,2.03,6.11
684000,190,13,12.6,0.0,0.0,0.0,12.6,0.0,1.00,15.7,3,169,13.69,0.39,0,13,0,0.0,1.00,1.00,1.00,2.62,4.08,4.15
685000,162,382,9.3,0.0,0.0,0.0,9.3,0.0,1.00,18.9,27,695,40.82,0.97,382,0,0,0.0,1.00,1.00,1.00,2.45,3.08,3.46
685000,178,63,7.9,0.0,0.0,0.5,7.4,0.0,1.01,15.3,7,366,20.36,0.36,61,0,2,0.0,1.00,1.01,1.01,2.97,2.02,6.32
685000,190,10,13.0,0.0,0.0,0.0,13.0,0.0,1.00,16.0,1,232,18.05,0.67,0,9,1,0.0,1.00,1.00,1.00,2.60,4.00,4.00
686000,162,396,9.6,0.0,0.0,0.0,9.6,0.0,1.00,18.7,33,653,38.54,0.90,396,0,0,0.0,1.00,1.00,1.00,2.44,3.09,3.56
686000,178,70,7.1,0.0,0.0,0.0,7.1,0.0,1.00,16.0,5,279,15.79,0.30,70,0,0,0.0,1.00,1.00,1.00,2.67,1.91,6.07
686000,190,9,10.8,0.0,0.0,1.4,9.3,0.0,1.00,18.4,4,138,11.18,0.36,0,9,0,0.0,1.00,1.00,1.00,2.11,3.44,3.33
687000,162,389,9.8,0.0,0.0,0.0,9.7,0.0,1.01,18.5,33,619,36.90,0.89,389,0,0,0.0,1.01,1.01,1.02,2.51,3.09,3.68
687000,178,60,7.8,0.3,0.0,0.0,7.4,0.0,1.09,15.9,7,404,22.45,0.39,60,0,0,0.0,1.00,1.12,1.12,2.82,2.00,6.07
687000,190,17,13.4,0.0,0.0,1.1,12.3,0.0,1.00,15.9,4,178,13.79,0.72,0,15,2,0.0,1.00,1.00,1.00,2.76,4.00,4.06
688000,162,354,9.9,0.0,0.0,0.1,9.8,0.0,1.00,18.5,31,625,37.16,0.90,354,0,0,0.0,1.00,1.00,1.00,2.49,3.11,3.66
688000,178,60,7.8,0.2,0.2,0.1,7.4,0.0,1.06,15.6,8,352,19.94,0.32,60,0,0,0.0,1.04,1.07,1.06,2.80,2.20,6.07
688000,190,11,14.3,0.0,0.0,0.0,14.3,0.0,1.00,15.3,2,250,18.83,0.71,0,9,2,0.0,1.00,1.00,1.00,2.36,4.00,4.36
689000,162,355,10.2,0.0,0.1,0.0,10.1,0.0,1.01,18.3,41,637,38.55,0.94,355,0,0,0.0,1.01,1.01,1.01,2.48,3.11,3.74
689000,178,57,7.7,0.1,0.0,0.0,7.6,0.0,1.01,15.9,8,272,15.23,0.30,57,0,0,0.0,1.00,1.02,1.02,2.63,2.04,6.04
689000,190,10,16.4,0.0,3.0,1.4,12.0,0.0,1.00,14.0,2,178,13.66,0.27,0,7,3,0.0,1.00,1.00,1.00,3.30,4.20,4.80
690000,162,319,10.9,0.0,0.0,0.0,10.8,0.0,1.01,17.8,28,600,37.02,0.93,319,0,0,0.0,1.01,1.01,1.01,2.57,3.14,3.96
690000,178,63,7.2,0.0,0.0,0.0,7.1,0.0,1.00,16.0,4,303,16.99,0.36,63,0,0,0.0,1.00,1.00,1.00,2.78,1.97,6.06
691000,162,312,10.6,0.0,0.0,0.1,10.5,0.0,1.02,17.9,26,582,36.13,0.88,312,0,0,0.0,1.03,1.02,1.01,2.67,3.10,3.97
691000,178,63,7.6,0.4,0.0,0.0,7.2,0.0,1.11,15.9,6,365,20.65,0.43,63,0,0,0.0,1.09,1.13,1.10,2.78,2.05,6.00
692000,162,327,11.1,0.0,0.0,0.0,11.1,0.0,1.00,17.5,25,576,36.33,0.84,327,0,0,0.0,1.00,1.00,1.00,2.63,3.21,4.04
692000,178,61,7.4,0.0,0.0,0.0,7.4,0.0,1.00,15.9,5,384,21.51,0.39,61,0,0,0.0,1.00,1.00,1.00,2.67,2.10,5.97
693000,162,341,11.0,0.0,0.0,0.1,10.9,0.0,1.00,17.5,30,582,36.49,0.89,341,0,0,0.0,1.00,1.00,1.00,2.80,3.16,4.07
693000,178,81,7.3,0.0,0.0,0.0,7.3,0.0,1.00,16.3,7,340,18.68,0.38,81,0,0,0.0,1.00,1.00,1.00,2.69,2.00,5.86
694000,162,372,10.8,0.0,0.0,0.1,10.7,0.0,1.00,17.7,33,616,37.99,0.91,372,0,0,0.0,1.00,1.00,1.00,2.59,3.17,3.97
694000,178,77,7.4,0.0,0.0,0.0,7.4,0.0,1.00,16.2,3,307,16.99,0.35,77,0,0,0.0,1.00,1.00,1.00,2.69,2.03,5.87
695000,162,357,11.1,0.0,0.0,0.0,11.0,0.0,1.00,17.6,35,604,37.91,0.97,357,0,0,0.0,1.00,1.00,1.00,2.60,3.20,4.01
695000,178,88,8.0,0.0,0.0,0.1,7.8,0.0,1.00,15.7,10,363,20.51,0.39,87,0,1,0.0,1.00,1.00,1.00,2.80,2.05,6.11
696000,162,348,10.8,0.0,0.0,0.1,10.8,0.0,1.00,17.7,36,617,38.89,0.97,348,0,0,0.0,1.00,1.00,1.00,2.50,3.18,3.99
696000,178,81,7.1,0.0,0.0,0.0,7.1,0.0,1.00,16.0,4,397,22.16,0.38,81,0,0,0.0,1.00,1.00,1.01,2.65,2.00,6.01
697000,162,337,10.7,0.0,0.0,0.1,10.6,0.0,1.02,17.6,39,566,34.99,0.92,337,0,0,0.0,1.02,1.02,1.02,2.74,3.16,4.02
697000,178,79,7.7,0.1,0.0,0.0,7.6,0.0,1.01,15.9,5,349,19.35,0.33,74,3,2,0.0,1.00,1.02,1.01,2.76,2.06,6.00
698000,162,326,11.1,0.0,0.0,0.0,11.0,0.0,1.00,17.4,36,543,34.31,0.91,326,0,0,0.0,1.00,1.00,1.00,2.75,3.21,4.07
698000,178,68,7.3,0.0,0.0,0.0,7.3,0.0,1.00,15.6,2,339,19.16,0.34,68,0,0,0.0,1.00,1.00,1.00,2.79,2.00,6.21
699000,162,388,10.7,0.0,0.0,0.0,10.7,0.0,1.00,17.7,33,584,37.02,0.91,388,0,0,0.0,1.00,1.00,1.00,2.55,3.20,3.94
699000,178,84,8.3,0.0,0.0,0.0,8.2,0.0,1.01,15.0,9,302,17.52,0.27,84,0,0,0.0,1.00,1.02,1.02,2.93,2.05,6.48
700000,162,389,10.8,0.0,0.0,0.1,10.7,0.0,1.01,17.7,40,537,33.82,0.93,389,0,0,0.0,1.01,1.01,1.02,2.66,3.21,3.93
700000,178,66,7.5,0.0,0.0,0.0,7.5,0.0,1.00,15.5,4,440,24.86,0.39,66,0,0,0.0,1.00,1.00,1.00,2.64,2.03,6.24
701000,162,395,10.9,0.0,0.0,0.0,10.8,0.0,1.00,17.7,35,568,35.50,0.92,395,0,0,0.0,1.01,1.00,1.00,2.64,3.19,3.98
701000,178,78,7.6,0.2,0.0,0.0,7.4,0.0,1.06,15.6,5,348,19.44,0.37,77,0,1,0.0,1.05,1.07,1.08,2.76,2.12,6.10
702000,162,381,10.9,0.0,0.0,0.0,10.8,0.0,1.01,17.7,34,582,36.31,0.92,381,0,0,0.0,1.01,1.01,1.01,2.67,3.22,3.94
702000,178,118,7.3,0.0,0.0,0.0,7.2,0.0,1.01,15.8,7,361,19.92,0.33,117,0,1,0.0,1.00,1.01,1.01,2.65,2.03,6.07
703000,162,381,10.7,0.0,0.0,0.0,10.7,0.0,1.00,17.8,37,588,36.13,0.88,381,0,0,0.0,1.00,1.00,1.00,2.52,3.19,3.93
703000,178,116,9.2,1.1,0.1,0.1,7.9,0.0,1.31,15.1,11,287,16.54,0.33,109,4,3,0.0,1.19,1.43,1.32,2.91,2.35,6.14
704000,162,367,10.8,0.0,0.0,0.0,10.8,0.0,1.00,17.7,35,654,40.51,0.97,367,0,0,0.0,1.00,1.00,1.00,2.56,3.22,3.92
704000,178,84,8.5,0.3,0.0,0.0,8.1,0.0,1.07,15.5,9,305,17.46,0.36,84,0,0,0.0,1.00,1.11,1.10,2.89,2.13,6.18
705000,162,365,10.5,0.0,0.0,0.0,10.5,0.0,1.00,17.9,40,659,40.61,0.94,365,0,0,0.0,1.00,1.00,1.00,2.59,3.22,3.84
705000,178,94,7.5,0.3,0.0,0.0,7.2,0.0,1.08,15.9,8,350,19.45,0.32,94,0,0,0.0,1.06,1.09,1.08,2.74,2.06,5.99
706000,162,380,10.7,0.0,0.0,0.0,10.7,0.0,1.00,17.8,33,626,38.99,0.92,380,0,0,0.0,1.00,1.00,1.00,2.54,3.23,3.88
706000,178,85,8.4,0.7,0.2,0.1,7.5,0.0,1.18,15.2,11,328,18.64,0.36,84,0,1,0.0,1.12,1.27,1.17,2.87,2.29,6.15
707000,162,373,10.5,0.0,0.0,0.0,10.5,0.0,1.00,18.0,32,673,41.20,0.96,373,0,0,0.0,1.00,1.00,1.00,2.42,3.18,3.82
707000,178,93,7.8,0.6,0.0,0.0,7.3,0.0,1.16,15.7,5,359,20.25,0.42,93,0,0,0.0,1.08,1.20,1.19,2.86,2.10,6.05
708000,162,378,10.3,0.0,0.0,0.0,10.3,0.0,1.00,18.1,37,650,39.38,0.97,378,0,0,0.0,1.00,1.00,1.00,2.49,3.19,3.76
708000,178,102,8.1,0.2,0.0,0.0,7.9,0.0,1.05,15.5,10,270,15.53,0.29,102,0,0,0.0,1.03,1.07,1.06,2.75,2.17,6.09
709000,162,351,10.2,0.0,0.0,0.0,10.2,0.0,1.01,18.3,33,682,41.26,0.96,351,0,0,0.0,1.01,1.01,1.01,2.58,3.17,3.69
709000,178,112,7.2,0.0,0.0,0.0,7.2,0.0,1.01,16.2,6,289,15.88,0.36,112,0,0,0.0,1.00,1.01,1.02,2.68,2.00,5.91
710000,162,364,10.2,0.0,0.0,0.0,10.1,0.0,1.01,18.3,31,663,39.32,0.79,364,0,0,0.0,1.01,1.00,1.01,2.55,3.19,3.69
710000,178,103,8.1,0.4,0.0,0.0,7.6,0.0,1.13,15.4,13,340,19.34,0.38,102,0,1,0.0,1.00,1.18,1.18,2.85,2.38,5.97
711000,162,358,9.9,0.0,0.0,0.0,9.9,0.0,1.00,18.3,37,704,41.54,0.89,358,0,0,0.0,1.00,1.00,1.00,2.59,3.15,3.71
711000,178,106,8.3,0.4,0.1,0.2,7.6,0.0,1.09,15.5,12,298,16.99,0.31,106,0,0,0.0,1.00,1.13,1.13,2.86,2.27,6.00
712000,162,356,9.6,0.0,0.0,0.1,9.5,0.0,1.01,18.6,39,660,38.45,0.81,356,0,0,0.0,1.01,1.00,1.01,2.47,3.12,3.59
712000,178,107,7.5,0.2,0.1,0.1,7.1,0.0,1.04,15.8,8,314,17.60,0.27,96,2,9,0.0,1.00,1.06,1.06,2.77,2.11,5.98
713000,162,381,9.6,0.0,0.0,0.0,9.5,0.0,1.00,18.6,34,692,39.85,0.86,381,0,0,0.0,1.00,1.00,1.00,2.51,3.09,3.59
713000,178,113,9.5,0.0,0.1,0.1,9.3,0.0,1.01,14.7,11,280,16.70,0.37,98,8,7,0.0,1.00,1.01,1.02,2.95,2.41,6.25
714000,162,385,9.5,0.0,0.0,0.0,9.5,0.0,1.00,18.5,34,670,38.98,0.83,385,0,0,0.0,1.00,1.00,1.00,2.48,3.10,3.64
714000,178,90,8.8,0.0,0.0,0.2,8.6,0.0,1.01,15.2,7,335,18.81,0.32,87,1,2,0.0,1.00,1.01,1.01,3.00,2.23,6.17
715000,162,334,9.8,0.0,0.0,0.0,9.8,0.0,1.00,18.4,32,695,40.24,0.86,334,0,0,0.0,1.00,1.00,1.00,2.49,3.14,3.65
715000,178,119,9.4,0.0,0.0,0.2,9.2,0.0,1.00,15.0,9,280,16.40,0.44,106,9,4,0.0,1.00,1.00,1.00,2.87,2.24,6.26
716000,162,329,9.4,0.0,0.0,0.0,9.4,0.0,1.00,18.6,29,616,35.36,0.71,329,0,0,0.0,1.00,1.00,1.00,2.42,3.10,3.60
716000,178,167,9.4,0.0,0.0,0.1,9.3,0.0,1.01,15.0,12,332,19.20,0.45,151,8,8,0.0,1.00,1.01,1.01,3.02,2.31,6.18
717000,162,354,9.3,0.0,0.0,0.0,9.3,0.0,1.00,18.8,31,678,38.33,0.74,354,0,0,0.0,1.00,1.00,1.00,2.31,3.10,3.51
717000,178,124,8.3,0.0,0.1,0.2,8.1,0.0,1.00,15.6,9,343,19.67,0.47,112,10,2,0.0,1.00,1.00,1.00,2.77,2.12,6.11
718000,162,336,9.0,0.0,0.0,0.1,8.9,0.0,1.00,19.1,34,709,39.76,0.77,336,0,0,0.0,1.00,1.00,1.00,2.53,3.06,3.42
718000,178,140,7.6,0.2,0.0,0.0,7.4,0.0,1.04,15.7,8,359,19.90,0.39,139,0,1,0.0,1.00,1.07,1.06,2.73,2.09,6.06
719000,162,335,9.2,0.0,0.0,0.0,9.2,0.0,1.00,18.7,31,707,39.60,0.67,335,0,0,0.0,1.00,1.00,1.00,2.46,3.06,3.58
719000,178,169,8.2,0.2,0.0,0.2,7.8,0.0,1.05,15.7,19,352,19.81,0.36,143,19,7,0.0,1.03,1.06,1.06,2.64,2.40,5.77
720000,162,347,9.2,0.0,0.0,0.0,9.2,0.0,1.00,18.7,38,704,39.78,0.72,347,0,0,0.0,1.00,1.00,1.00,2.45,3.10,3.56
720000,178,121,7.3,0.0,0.0,0.1,7.2,0.0,1.00,16.0,8,373,20.72,0.41,119,0,2,0.0,1.00,1.00,1.00,2.73,2.02,6.01
721000,162,395,9.1,0.0,0.0,0.0,9.1,0.0,1.00,18.7,35,557,31.65,0.63,395,0,0,0.0,1.00,1.00,1.00,2.40,3.10,3.54
721000,178,132,7.0,0.0,0.0,0.0,7.0,0.0,1.00,16.1,5,342,18.85,0.29,130,0,2,0.0,1.00,1.00,1.01,2.70,2.00,5.95
722000,162,436,9.0,0.0,0.0,0.0,9.0,0.0,1.00,18.8,33,615,35.72,0.76,436,0,0,0.0,1.00,1.00,1.00,2.39,3.10,3.52
722000,178,107,7.3,0.2,0.0,0.0,7.1,0.0,1.04,16.0,4,318,17.64,0.29,107,0,0,0.0,1.03,1.06,1.04,2.79,2.05,5.93
723000,162,422,9.2,0.0,0.0,0.0,9.2,0.0,1.00,18.7,39,706,41.08,0.92,422,0,0,0.0,1.00,1.00,1.00,2.36,3.15,3.52
723000,178,99,8.3,0.5,0.0,0.0,7.7,0.0,1.10,15.5,9,277,15.76,0.25,98,0,1,0.0,1.00,1.17,1.13,2.75,2.17,6.07
724000,162,404,9.1,0.0,0.0,0.0,9.1,0.0,1.00,18.8,35,645,37.06,0.78,404,0,0,0.0,1.00,1.00,1.00,2.45,3.10,3.51
724000,178,117,7.9,0.0,0.2,0.0,7.7,0.0,1.01,15.7,7,307,16.81,0.27,117,0,0,0.0,1.00,1.01,1.01,2.76,2.12,6.03
725000,162,397,9.2,0.0,0.0,0.0,9.2,0.0,1.00,18.7,36,668,38.02,0.80,397,0,0,0.0,1.00,1.00,1.00,2.44,3.11,3.54
725000,178,104,7.1,0.0,0.1,0.1,6.9,0.0,1.00,16.0,6,312,17.32,0.33,103,0,1,0.0,1.00,1.00,1.00,2.79,2.02,6.00
726000,162,391,9.1,0.0,0.0,0.0,9.0,0.0,1.00,18.8,33,683,38.99,0.80,391,0,0,0.0,1.00,1.00,1.00,2.39,3.11,3.47
726000,178,118,7.2,0.2,0.0,0.0,7.0,0.0,1.05,15.9,5,310,17.06,0.32,116,0,2,0.0,1.00,1.07,1.06,2.61,2.04,6.00
727000,162,368,9.1,0.0,0.0,0.0,9.1,0.0,1.00,18.8,29,671,38.30,0.80,368,0,0,0.0,1.00,1.00,1.00,2.50,3.09,3.50
727000,178,131,7.3,0.0,0.1,0.0,7.2,0.0,1.00,15.9,7,310,17.59,0.31,129,0,2,0.0,1.00,1.00,1.01,2.77,1.98,6.08
728000,162,343,9.2,0.0,0.0,0.0,9.1,0.0,1.02,18.7,34,715,40.89,0.85,343,0,0,0.0,1.02,1.02,1.03,2.47,3.09,3.55
728000,178,146,7.6,0.2,0.1,0.3,7.0,0.0,1.05,15.6,13,325,18.07,0.34,144,0,2,0.0,1.02,1.09,1.05,2.81,2.09,6.14
729000,162,290,9.4,0.0,0.0,0.0,9.4,0.0,1.00,18.7,28,734,41.95,0.84,290,0,0,0.0,1.00,1.00,1.00,2.33,3.11,3.56
729000,178,131,7.7,0.4,0.0,0.0,7.2,0.0,1.13,15.7,10,309,16.67,0.28,130,0,1,0.0,1.07,1.16,1.14,2.77,2.08,6.06
730000,162,267,9.5,0.0,0.0,0.1,9.5,0.0,1.00,18.7,22,725,41.07,0.76,267,0,0,0.0,1.00,1.00,1.00,2.47,3.10,3.55
730000,178,138,8.2,0.3,0.3,0.0,7.6,0.0,1.09,15.4,12,254,14.31,0.24,137,0,1,0.0,1.04,1.12,1.11,2.86,2.22,6.09
731000,162,262,9.4,0.0,0.0,0.0,9.4,0.0,1.00,18.7,20,723,40.86,0.75,262,0,0,0.0,1.00,1.00,1.00,2.40,3.08,3.57
731000,178,138,7.4,0.0,0.3,0.0,7.1,0.0,1.01,15.9,8,333,18.52,0.26,137,0,1,0.0,1.00,1.01,1.01,2.75,2.05,6.03
732000,162,297,9.2,0.0,0.0,0.0,9.2,0.0,1.00,18.8,23,692,38.67,0.69,297,0,0,0.0,1.00,1.00,1.00,2.36,3.08,3.51
732000,178,122,7.2,0.0,0.0,0.0,7.2,0.0,1.00,15.9,7,326,18.04,0.28,120,0,2,0.0,1.00,1.00,1.00,2.75,2.00,6.07
733000,162,293,9.5,0.0,0.0,0.1,9.5,0.0,1.00,18.5,31,760,43.19,0.83,293,0,0,0.0,1.00,1.00,1.00,2.42,3.12,3.62
733000,178,122,8.0,0.3,0.0,0.0,7.6,0.0,1.09,15.9,9,296,16.64,0.27,121,0,1,0.0,1.02,1.13,1.10,2.77,2.14,5.93
733000,201,15,8.6,0.0,0.0,0.0,8.6,0.0,1.00,18.5,3,896,50.68,1.06,15,0,0,0.0,1.00,1.00,1.00,2.73,2.87,3.87
734000,162,297,9.6,0.0,0.0,0.0,9.6,0.0,1.00,18.5,30,659,38.33,0.82,297,0,0,0.0,1.00,1.00,1.00,2.51,3.15,3.61
734000,178,136,7.3,0.1,0.1,0.1,7.0,0.0,1.02,15.9,8,284,15.93,0.28,136,0,0,0.0,1.00,1.03,1.02,2.62,2.04,6.03
735000,162,339,9.5,0.0,0.0,0.1,9.4,0.0,1.01,18.6,30,640,36.63,0.73,339,0,0,0.0,1.01,1.01,1.01,2.47,3.10,3.59
735000,178,128,7.3,0.0,0.1,0.1,7.1,0.0,1.00,16.0,7,344,19.04,0.35,128,0,0,0.0,1.00,1.00,1.01,2.70,2.02,5.98
736000,162,319,9.6,0.0,0.0,0.1,9.4,0.0,1.00,18.5,31,697,40.84,0.83,319,0,0,0.0,1.00,1.00,1.00,2.45,3.10,3.63
736000,178,137,7.7,0.2,0.0,0.0,7.5,0.0,1.06,15.6,9,287,16.14,0.27,137,0,0,0.0,1.02,1.08,1.07,2.86,2.08,6.09
737000,162,280,9.7,0.0,0.0,0.0,9.7,0.0,1.00,18.4,27,611,35.41,0.72,280,0,0,0.0,1.00,1.00,1.00,2.46,3.09,3.72
737000,178,159,7.7,0.1,0.4,0.2,7.1,0.0,1.02,15.6,11,327,18.48,0.32,155,0,4,0.0,1.00,1.02,1.03,2.66,2.10,6.09
738000,162,280,9.7,0.0,0.0,0.0,9.7,0.0,1.01,18.4,23,721,41.66,0.81,280,0,0,0.0,1.01,1.01,1.01,2.49,3.06,3.72
738000,178,138,8.2,0.4,0.1,0.1,7.6,0.0,1.09,15.4,13,334,18.63,0.31,137,0,1,0.0,1.00,1.12,1.13,2.67,2.20,6.09
739000,162,260,10.0,0.0,0.0,0.1,9.9,0.0,1.00,18.1,25,653,37.82,0.68,260,0,0,0.0,1.00,1.00,1.00,2.45,3.09,3.86
739000,178,144,7.6,0.2,0.0,0.1,7.3,0.0,1.07,15.8,16,335,18.87,0.27,142,0,2,0.0,1.05,1.09,1.07,2.78,2.08,6.01
740000,162,239,9.8,0.0,0.0,0.1,9.7,0.0,1.00,18.2,22,741,42.75,0.91,239,0,0,0.0,1.00,1.00,1.00,2.34,3.08,3.80
740000,178,132,7.5,0.2,0.1,0.0,7.2,0.0,1.06,15.8,7,372,20.68,0.29,132,0,0,0.0,1.03,1.08,1.07,2.88,2.08,6.02
741000,162,269,10.0,0.0,0.0,0.0,10.0,0.0,1.00,18.2,25,660,38.37,0.78,269,0,0,0.0,1.00,1.00,1.00,2.46,3.12,3.80
741000,178,133,7.6,0.3,0.0,0.0,7.3,0.0,1.06,15.8,8,387,21.36,0.35,131,0,2,0.0,1.00,1.10,1.08,2.67,2.05,6.08
742000,162,271,9.5,0.0,0.0,0.0,9.5,0.0,1.00,18.5,25,684,39.21,0.77,271,0,0,0.0,1.00,1.00,1.00,2.45,3.03,3.72
742000,178,160,7.6,0.2,0.0,0.1,7.4,0.0,1.04,15.9,14,310,17.11,0.29,159,0,1,0.0,1.00,1.05,1.06,2.67,2.07,5.97
743000,162,297,9.5,0.0,0.0,0.1,9.5,0.0,1.01,18.5,33,708,40.93,0.76,297,0,0,0.0,1.01,1.01,1.01,2.60,3.07,3.67
743000,178,146,7.9,0.2,0.0,0.1,7.6,0.0,1.05,16.0,17,317,17.79,0.32,146,0,0,0.0,1.01,1.07,1.07,2.62,2.14,5.85
744000,162,322,9.3,0.0,0.0,0.0,9.2,0.0,1.02,18.8,30,648,37.35,0.74,322,0,0,0.0,1.02,1.02,1.02,2.51,3.04,3.59
744000,178,123,7.4,0.0,0.0,0.0,7.4,0.0,1.00,16.0,7,369,20.41,0.32,122,0,1,0.0,1.00,1.01,1.01,2.77,2.06,5.96
745000,162,292,9.8,0.0,0.0,0.1,9.8,0.0,1.00,18.4,26,671,39.33,0.80,292,0,0,0.0,1.00,1.00,1.00,2.52,3.09,3.74
745000,178,139,7.2,0.1,0.0,0.0,7.1,0.0,1.04,15.9,7,284,16.15,0.29,139,0,0,0.0,1.04,1.06,1.04,2.71,2.06,5.97
746000,162,277,9.7,0.0,0.0,0.0,9.7,0.0,1.00,18.3,25,668,39.05,0.79,277,0,0,0.0,1.00,1.00,1.00,2.52,3.06,3.77
746000,178,135,7.7,0.1,0.0,0.0,7.5,0.0,1.03,15.4,9,303,17.34,0.27,134,0,1,0.0,1.00,1.04,1.05,2.70,2.10,6.19
747000,162,261,10.0,0.0,0.0,0.0,10.0,0.0,1.01,18.3,22,770,44.84,0.82,261,0,0,0.0,1.01,1.01,1.01,2.50,3.08,3.77
747000,178,143,8.1,0.2,0.3,0.0,7.6,0.0,1.04,15.5,13,312,17.63,0.30,143,0,0,0.0,1.02,1.06,1.05,2.68,2.16,6.10
748000,162,243,10.2,0.0,0.0,0.0,10.2,0.0,1.00,18.1,31,700,41.20,0.80,243,0,0,0.0,1.00,1.00,1.00,2.55,3.13,3.83
748000,178,151,7.4,0.2,0.1,0.1,7.1,0.0,1.05,16.0,8,314,17.49,0.32,150,0,1,0.0,1.04,1.06,1.05,2.68,2.01,6.01
749000,162,218,9.7,0.0,0.0,0.0,9.7,0.0,1.00,18.2,28,639,37.29,0.70,218,0,0,0.0,1.00,1.00,1.00,2.49,3.06,3.83
749000,178,185,7.5,0.1,0.0,0.1,7.3,0.0,1.03,15.8,12,315,18.01,0.33,184,0,1,0.0,1.01,1.07,1.04,2.68,2.08,6.04
750000,178,228,7.9,0.0,0.2,0.0,7.7,0.0,1.01,15.7,15,263,15.13,0.28,225,0,3,0.0,1.01,1.02,1.01,2.76,2.14,6.02
750000,162,196,9.8,0.0,0.0,0.0,9.8,0.0,1.00,18.3,19,764,44.89,0.88,196,0,0,0.0,1.00,1.00,1.00,2.63,2.99,3.88
751000,162,232,10.1,0.0,0.0,0.0,10.0,0.0,1.02,18.1,26,675,39.87,0.71,232,0,0,0.0,1.03,1.01,1.03,2.54,3.09,3.85
751000,178,211,7.3,0.0,0.0,0.0,7.3,0.0,1.01,16.1,14,311,17.34,0.30,210,0,1,0.0,1.01,1.01,1.01,2.63,2.00,5.95
752000,162,199,10.1,0.0,0.1,0.0,9.9,0.0,1.00,18.2,31,678,39.17,0.73,199,0,0,0.0,1.00,1.00,1.00,2.52,3.12,3.80
752000,178,193,7.8,0.0,0.0,0.1,7.8,0.0,1.00,15.9,10,312,17.50,0.34,191,0,2,0.0,1.00,1.00,1.00,2.75,2.08,5.97
753000,162,207,10.1,0.0,0.0,0.0,10.0,0.0,1.00,18.2,24,733,42.14,0.80,207,0,0,0.0,1.00,1.00,1.00,2.49,3.12,3.79
753000,178,176,7.7,0.0,0.0,0.0,7.6,0.0,1.00,16.2,15,381,21.42,0.38,176,0,0,0.0,1.00,1.00,1.00,2.73,2.01,5.89
754000,162,214,9.6,0.0,0.0,0.1,9.5,0.0,1.00,18.4,24,687,39.35,0.74,214,0,0,0.0,1.00,1.00,1.00,2.59,3.08,3.73
754000,178,199,7.8,0.1,0.0,0.1,7.6,0.0,1.03,16.3,13,299,16.97,0.29,199,0,0,0.0,1.00,1.04,1.04,2.69,2.07,5.77
755000,162,282,10.3,0.0,0.0,0.0,10.2,0.0,1.00,18.1,27,716,42.22,0.78,282,0,0,0.0,1.00,1.00,1.00,2.55,3.09,3.88
755000,178,143,8.1,0.1,0.0,0.2,7.8,0.0,1.02,15.7,12,374,21.04,0.40,143,0,0,0.0,1.00,1.03,1.03,2.74,2.05,6.10
756000,162,287,10.2,0.0,0.0,0.0,10.2,0.0,1.00,18.2,33,662,39.23,0.77,287,0,0,0.0,1.00,1.00,1.00,2.52,3.06,3.85
756000,178,137,8.0,0.1,0.1,0.1,7.6,0.0,1.03,15.8,13,283,16.36,0.31,136,0,1,0.0,1.00,1.05,1.03,2.71,2.08,6.03
757000,162,268,9.9,0.0,0.0,0.0,9.9,0.0,1.00,18.4,29,705,40.45,0.72,268,0,0,0.0,1.00,1.00,1.00,2.40,3.03,3.78
757000,178,145,8.7,0.0,0.7,0.2,7.7,0.0,1.02,15.6,16,338,19.37,0.35,143,0,2,0.1,1.01,1.02,1.02,2.90,2.16,6.03
758000,162,236,9.7,0.0,0.0,0.0,9.7,0.0,1.00,18.5,24,710,39.99,0.67,236,0,0,0.0,1.00,1.00,1.00,2.47,2.99,3.77
758000,178,153,8.0,0.1,0.0,0.2,7.7,0.0,1.05,16.0,10,284,16.67,0.34,149,0,4,0.0,1.01,1.09,1.05,2.69,2.09,5.92
759000,162,270,10.4,0.0,0.1,0.0,10.3,0.0,1.00,17.9,31,590,34.03,0.58,270,0,0,0.0,1.00,1.00,1.00,2.60,3.11,3.92
759000,178,131,7.7,0.0,0.0,0.0,7.6,0.0,1.00,16.3,6,388,21.46,0.40,129,0,2,0.0,1.00,1.00,1.01,2.80,2.05,5.79
760000,178,147,8.5,0.4,0.1,0.2,7.7,0.0,1.12,16.1,10,274,15.77,0.24,146,0,1,0.0,1.07,1.17,1.12,2.74,2.18,5.74
760000,162,143,9.5,0.0,0.0,0.0,9.5,0.0,1.00,18.5,14,759,41.79,0.60,143,0,0,0.0,1.00,1.00,1.00,2.31,3.06,3.70
761000,162,130,9.3,0.0,0.0,0.0,9.3,0.0,1.00,18.6,10,848,46.94,0.66,130,0,0,0.0,1.00,1.00,1.00,2.53,2.98,3.72
761000,178,94,7.3,0.0,0.0,0.0,7.3,0.0,1.00,17.1,5,348,19.36,0.39,93,0,1,0.0,1.00,1.00,1.00,2.56,1.97,5.50
762000,178,154,7.9,0.0,0.2,0.0,7.6,0.0,1.00,16.8,8,332,18.77,0.33,154,0,0,0.0,1.00,1.00,1.00,2.62,2.03,5.56
762000,162,116,10.1,0.0,0.0,0.1,10.0,0.0,1.00,18.0,16,774,43.04,0.53,116,0,0,0.0,1.00,1.00,1.00,2.52,3.10,3.89
763000,178,140,7.7,0.0,0.0,0.0,7.7,0.0,1.00,16.8,10,313,17.44,0.30,140,0,0,0.0,1.00,1.00,1.00,2.74,2.00,5.64
763000,162,101,9.3,0.0,0.0,0.0,9.3,0.0,1.00,18.5,12,695,38.34,0.50,101,0,0,0.0,1.00,1.00,1.00,2.34,3.02,3.72
764000,204,219,11.0,0.0,0.2,0.1,10.7,0.0,1.00,17.0,41,613,37.44,0.73,219,0,0,0.0,1.00,1.00,1.00,2.40,3.54,3.97
764000,178,128,7.5,0.1,0.0,0.1,7.4,0.0,1.02,16.7,10,355,19.70,0.34,128,0,0,0.0,1.00,1.05,1.02,2.70,2.03,5.61
764000,162,94,9.4,0.0,0.0,0.1,9.3,0.0,1.00,18.4,13,702,38.82,0.49,94,0,0,0.0,1.00,1.00,1.00,2.51,3.06,3.76
765000,204,219,11.4,0.0,0.0,0.0,11.4,0.0,1.00,16.8,33,641,40.07,0.85,219,0,0,0.0,1.00,1.00,1.00,2.38,3.61,4.00
765000,178,113,8.3,0.0,0.0,0.0,8.3,0.0,1.00,16.1,9,322,18.64,0.29,113,0,0,0.0,1.00,1.01,1.01,2.60,2.01,5.96
765000,162,96,9.4,0.0,0.0,0.0,9.4,0.0,1.00,18.4,17,789,43.66,0.45,96,0,0,0.0,1.00,1.00,1.00,2.49,3.06,3.75
766000,204,211,12.2,0.0,0.1,0.0,12.1,0.0,1.00,16.2,34,569,37.10,0.81,209,0,2,0.0,1.00,1.00,1.00,2.41,3.79,4.10
766000,178,117,7.7,0.1,0.0,0.0,7.6,0.0,1.05,16.3,10,287,16.61,0.25,117,0,0,0.0,1.04,1.05,1.05,2.66,1.98,5.87
766000,162,92,9.3,0.0,0.0,0.0,9.3,0.0,1.00,18.4,18,897,48.78,0.55,92,0,0,0.0,1.00,1.00,1.00,2.35,3.08,3.71
767000,204,202,12.2,0.0,0.0,0.0,12.2,0.0,1.02,16.2,32,558,35.99,0.80,202,0,0,0.0,1.02,1.02,1.03,2.55,3.84,4.08
767000,178,175,8.2,0.5,0.0,0.0,7.7,0.0,1.14,16.3,14,311,17.71,0.29,173,0,2,0.0,1.08,1.18,1.15,2.67,1.98,5.87
767000,162,86,8.7,0.0,0.0,0.1,8.6,0.0,1.00,19.2,14,562,30.23,0.37,86,0,0,0.0,1.00,1.00,1.00,2.12,3.02,3.40
768000,204,216,12.1,0.0,0.0,0.0,12.1,0.0,1.00,16.3,24,587,38.36,0.93,216,0,0,0.0,1.00,1.00,1.00,2.48,3.75,4.11
768000,162,172,8.5,0.0,0.0,0.0,8.5,0.0,1.00,19.3,21,457,25.31,0.31,171,0,1,0.0,1.00,1.00,1.00,2.39,3.10,3.24
768000,178,110,8.1,0.0,0.0,0.0,8.1,0.0,1.00,16.7,12,351,19.99,0.30,110,0,0,0.0,1.00,1.00,1.00,2.66,1.96,5.67
769000,204,212,12.4,0.0,0.0,0.0,12.3,0.0,1.00,16.1,26,576,37.56,0.88,212,0,0,0.0,1.00,1.00,1.00,2.40,3.81,4.12
769000,162,207,8.4,0.0,0.0,0.0,8.4,0.0,1.00,19.2,26,535,29.33,0.34,207,0,0,0.0,1.00,1.00,1.00,2.16,3.18,3.24
769000,178,116,8.4,0.0,0.4,0.0,8.0,0.0,1.00,16.4,11,326,18.58,0.32,114,0,2,0.0,1.00,1.01,1.00,2.78,1.97,5.81
770000,204,200,12.8,0.0,0.0,0.1,12.8,0.0,1.00,16.0,29,618,41.23,0.96,200,0,0,0.0,1.00,1.00,1.00,2.49,3.91,4.12
770000,162,197,8.9,0.0,0.0,0.1,8.8,0.0,1.00,18.8,27,603,33.50,0.53,196,0,1,0.0,1.00,1.00,1.00,2.32,3.33,3.25
770000,178,119,9.3,0.1,0.5,0.5,8.2,0.0,1.04,16.5,15,363,20.09,0.30,119,0,0,0.0,1.02,1.04,1.04,2.70,2.15,5.61
771000,162,224,9.3,0.0,0.0,0.0,9.3,0.0,1.00,18.4,28,569,32.40,0.59,224,0,0,0.0,1.00,1.00,1.00,2.42,3.44,3.39
771000,204,194,12.9,0.0,0.1,0.1,12.7,0.0,1.01,16.1,25,566,38.20,0.88,194,0,0,0.0,1.01,1.01,1.01,2.32,3.97,3.96
771000,178,115,8.1,0.0,0.5,0.0,7.6,0.0,1.00,17.0,9,356,20.17,0.32,111,0,4,0.0,1.00,1.00,1.00,2.67,1.95,5.57
772000,162,220,9.8,0.0,0.0,0.1,9.7,0.0,1.00,17.8,32,505,29.98,0.58,220,0,0,0.0,1.00,1.00,1.00,2.29,3.51,3.57
772000,204,180,12.7,0.0,0.0,0.0,12.7,0.0,1.00,16.2,26,604,40.05,0.80,180,0,0,0.0,1.00,1.00,1.00,2.48,3.94,3.96
772000,178,140,7.5,0.0,0.0,0.0,7.5,0.0,1.00,16.6,9,332,18.88,0.37,140,0,0,0.0,1.00,1.00,1.00,2.52,1.93,5.79
773000,204,193,13.0,0.0,0.0,0.0,12.9,0.0,1.00,16.1,23,589,39.58,0.91,193,0,0,0.0,1.00,1.00,1.00,2.46,3.99,3.98
773000,162,190,10.2,0.0,0.0,0.0,10.2,0.0,1.00,17.8,28,568,34.16,0.71,190,0,0,0.0,1.00,1.00,1.00,2.50,3.51,3.61
773000,178,138,8.1,0.0,0.1,0.3,7.7,0.0,1.00,16.5,12,369,20.66,0.35,135,0,3,0.0,1.00,1.00,1.00,2.63,1.98,5.75
774000,162,178,9.9,0.0,0.0,0.0,9.9,0.0,1.00,18.0,26,570,34.51,0.76,178,0,0,0.0,1.00,1.00,1.00,2.45,3.49,3.51
774000,204,178,13.0,0.0,0.2,0.0,12.8,0.0,1.00,16.1,28,634,42.29,0.91,178,0,0,0.0,1.00,1.00,1.00,2.42,4.03,3.93
774000,178,144,7.7,0.0,0.1,0.1,7.5,0.0,1.00,16.5,8,347,19.66,0.40,144,0,0,0.0,1.00,1.00,1.00,2.65,1.97,5.81
775000,204,178,12.6,0.2,0.0,0.0,12.4,0.0,1.07,16.3,23,666,44.36,0.91,178,0,0,0.0,1.08,1.09,1.05,2.61,3.97,3.94
775000,178,163,8.1,0.2,0.3,0.1,7.5,0.0,1.06,16.1,11,313,17.36,0.31,163,0,0,0.0,1.02,1.08,1.07,2.77,2.14,5.83
775000,162,129,10.1,0.0,0.0,0.1,10.0,0.0,1.00,17.8,17,625,37.13,0.72,129,0,0,0.0,1.00,1.00,1.00,2.35,3.67,3.44
776000,204,188,13.0,0.0,0.0,0.0,13.0,0.0,1.00,16.1,25,599,39.74,0.83,188,0,0,0.0,1.00,1.00,1.00,2.41,3.98,3.98
776000,178,145,7.9,0.2,0.3,0.1,7.4,0.0,1.06,16.5,13,365,20.18,0.41,144,0,1,0.0,1.03,1.08,1.06,2.70,2.13,5.61
776000,162,105,9.2,0.0,0.0,0.0,9.2,0.0,1.00,18.6,17,746,41.74,0.68,105,0,0,0.0,1.00,1.00,1.00,2.14,3.49,3.23
777000,204,186,13.0,0.0,0.1,0.1,12.9,0.0,1.00,16.0,21,642,42.82,0.88,186,0,0,0.0,1.00,1.00,1.00,2.43,4.01,3.98
777000,178,147,7.4,0.0,0.0,0.0,7.4,0.0,1.00,16.5,6,367,20.29,0.39,146,0,1,0.0,1.00,1.00,1.00,2.63,2.02,5.73
777000,162,90,8.8,0.0,0.0,0.0,8.8,0.0,1.00,18.9,14,795,44.17,0.57,89,0,1,0.0,1.00,1.00,1.00,2.30,3.39,3.17
777000,207,31,9.7,0.0,0.0,0.0,9.7,0.0,1.00,18.3,4,692,39.35,0.56,31,0,0,0.0,1.00,1.00,1.00,2.35,3.00,3.84
778000,204,167,12.8,0.0,0.0,0.0,12.7,0.0,1.00,16.2,25,677,44.46,0.92,167,0,0,0.0,1.00,1.00,1.00,2.34,3.97,3.93
778000,178,132,7.5,0.0,0.0,0.2,7.3,0.0,1.00,16.6,10,346,19.44,0.37,131,0,1,0.0,1.00,1.00,1.01,2.64,2.04,5.68
778000,162,59,8.7,0.0,0.0,0.0,8.7,0.0,1.00,19.1,6,831,44.76,0.66,59,0,0,0.0,1.00,1.00,1.00,2.24,3.32,3.14
778000,207,53,9.1,0.0,0.0,0.0,9.1,0.0,1.00,18.9,8,662,37.12,0.56,53,0,0,0.0,1.00,1.00,1.00,2.36,3.00,3.57
779000,204,177,13.3,0.0,0.1,0.1,13.1,0.0,1.00,15.8,31,554,37.33,0.79,177,0,0,0.0,1.00,1.00,1.00,2.62,4.17,3.95
779000,178,122,7.5,0.0,0.1,0.1,7.3,0.0,1.00,16.5,11,373,20.70,0.36,120,0,2,0.0,1.00,1.00,1.01,2.70,1.97,5.76
779000,162,120,9.2,0.0,0.0,0.0,9.2,0.0,1.00,18.8,19,742,40.16,0.60,120,0,0,0.0,1.00,1.00,1.00,2.24,3.21,3.38
780000,204,176,12.9,0.0,0.0,0.0,12.9,0.0,1.00,16.2,23,586,38.83,0.83,176,0,0,0.0,1.00,1.00,1.00,2.34,3.99,3.90
780000,162,154,8.9,0.0,0.0,0.0,8.9,0.0,1.00,18.9,15,752,41.45,0.54,154,0,0,0.0,1.00,1.00,1.00,2.38,3.19,3.34
780000,178,117,8.0,0.1,0.0,0.0,7.9,0.0,1.04,16.2,14,376,21.08,0.41,115,0,2,0.0,1.01,1.04,1.05,2.68,2.11,5.77
780000,208,7,8.0,0.0,0.0,0.0,8.0,0.0,1.00,14.0,1,551,31.56,0.84,7,0,0,0.0,1.00,1.00,1.00,3.00,1.00,8.00
781000,204,203,12.8,0.0,0.0,0.0,12.7,0.0,1.00,16.2,18,610,40.62,0.82,203,0,0,0.0,1.00,1.00,1.00,2.40,3.93,3.96
781000,162,180,9.1,0.0,0.0,0.0,9.0,0.0,1.00,18.8,29,696,39.00,0.56,180,0,0,0.0,1.00,1.00,1.00,2.34,3.20,3.39
781000,178,107,7.4,0.0,0.1,0.0,7.2,0.0,1.01,16.7,9,378,21.21,0.47,106,0,1,0.0,1.00,1.01,1.02,2.58,2.01,5.67
781000,208,7,9.1,0.0,0.0,0.0,9.1,0.0,1.00,13.7,2,539,32.13,0.79,7,0,0,0.0,1.00,1.00,1.00,3.00,1.14,8.00
782000,204,191,12.8,0.0,0.0,0.0,12.8,0.0,1.00,16.2,23,591,39.94,0.95,191,0,0,0.0,1.00,1.00,1.00,2.55,3.96,3.94
782000,178,135,7.2,0.0,0.0,0.1,7.1,0.0,1.01,17.0,9,331,18.28,0.33,135,0,0,0.0,1.00,1.01,1.01,2.55,2.01,5.51
782000,162,105,10.1,0.0,0.0,0.0,10.0,0.0,1.00,18.1,14,549,32.36,0.65,105,0,0,0.0,1.00,1.00,1.00,2.63,2.97,3.97
783000,204,213,13.0,0.0,0.0,0.0,12.9,0.0,1.00,16.2,37,635,42.59,0.99,213,0,0,0.0,1.00,1.00,1.00,2.56,3.96,3.94
783000,178,142,8.8,0.3,0.2,0.3,8.0,0.0,1.07,16.4,13,287,16.41,0.41,122,15,5,0.0,1.00,1.11,1.09,2.65,2.26,5.57
783000,162,93,10.0,0.0,0.0,0.0,10.0,0.0,1.00,18.1,14,693,41.18,0.84,93,0,0,0.0,1.00,1.00,1.00,2.62,3.00,3.95
784000,204,209,12.4,0.0,0.0,0.1,12.3,0.0,1.00,16.5,35,562,36.69,0.83,209,0,0,0.0,1.00,1.00,1.00,2.54,3.86,3.90
784000,178,156,8.2,0.3,0.1,0.1,7.8,0.0,1.12,16.3,18,307,17.21,0.33,134,19,3,0.0,1.09,1.10,1.16,2.90,2.22,5.63
784000,162,66,10.8,0.0,0.0,0.0,10.7,0.0,1.00,17.6,13,692,41.56,0.85,66,0,0,0.0,1.00,1.00,1.00,2.70,3.12,4.08
785000,204,209,12.6,0.0,0.0,0.0,12.5,0.0,1.02,16.3,31,551,36.76,0.78,209,0,0,0.0,1.03,1.02,1.02,2.62,3.88,3.95
785000,178,157,8.8,0.4,0.0,0.3,8.2,0.0,1.10,15.9,17,293,16.75,0.42,143,10,4,0.0,1.07,1.12,1.10,2.79,2.20,5.83
785000,162,135,10.2,0.0,0.0,0.0,10.2,0.0,1.00,17.8,16,388,23.47,0.45,135,0,0,0.0,1.00,1.00,1.00,2.55,3.13,3.97
786000,204,206,12.7,0.0,0.0,0.0,12.6,0.0,1.00,16.2,28,599,40.13,0.95,206,0,0,0.0,1.00,1.00,1.00,2.51,3.89,3.99
786000,178,164,8.8,0.3,0.2,0.0,8.3,0.0,1.08,16.0,14,289,16.78,0.35,145,14,5,0.0,1.00,1.12,1.10,2.79,2.18,5.86
786000,162,130,9.9,0.0,0.0,0.0,9.9,0.0,1.00,18.0,14,608,36.58,0.63,130,0,0,0.0,1.00,1.00,1.00,2.41,3.08,3.92
786000,210,20,7.9,0.0,0.0,0.0,7.9,0.0,1.00,20.0,2,937,49.17,0.66,20,0,0,0.0,1.00,1.00,1.00,1.95,3.00,3.00
787000,204,205,13.4,0.0,0.0,0.0,13.4,0.0,1.00,16.0,34,548,36.43,0.84,205,0,0,0.0,1.00,1.00,1.00,2.35,3.93,4.07
787000,178,153,8.2,0.0,0.0,0.2,8.0,0.0,1.00,16.1,10,294,16.76,0.35,140,12,1,0.0,1.00,1.00,1.00,2.73,2.05,5.90
787000,162,52,9.7,0.0,0.0,0.0,9.7,0.0,1.00,18.2,10,712,41.94,0.85,52,0,0,0.0,1.00,1.00,1.00,2.56,3.04,3.85
787000,210,31,7.8,0.0,0.0,0.0,7.8,0.0,1.00,19.8,6,760,39.60,0.59,31,0,0,0.0,1.00,1.00,1.00,2.26,3.06,3.03
788000,204,188,12.3,0.0,0.0,0.1,12.2,0.0,1.00,16.5,31,596,39.42,0.83,188,0,0,0.0,1.00,1.00,1.00,2.35,3.78,3.95
788000,178,162,8.0,0.0,0.0,0.0,8.0,0.0,1.01,16.6,13,300,17.14,0.33,151,8,3,0.0,1.00,1.01,1.01,2.66,2.10,5.59
788000,162,71,10.4,0.0,0.0,0.0,10.4,0.0,1.00,17.8,8,694,40.85,0.70,71,0,0,0.0,1.00,1.00,1.00,2.61,3.10,3.99
788000,210,41,7.8,0.0,0.0,0.0,7.8,0.0,1.00,19.7,5,832,44.02,0.59,41,0,0,0.0,1.00,1.00,1.00,2.24,3.07,3.07
789000,204,203,12.7,0.0,0.1,0.0,12.6,0.0,1.00,16.4,32,617,40.76,0.93,203,0,0,0.0,1.00,1.00,1.00,2.34,3.88,3.94
789000,178,164,9.0,0.1,0.0,0.2,8.7,0.0,1.02,16.2,21,320,18.51,0.34,144,16,4,0.0,1.00,1.03,1.04,2.80,2.17,5.77
789000,162,74,9.9,0.0,0.0,0.1,9.8,0.0,1.00,18.2,13,612,35.65,0.62,74,0,0,0.0,1.00,1.00,1.00,2.47,2.99,3.91
789000,210,38,7.9,0.0,0.0,0.0,7.9,0.0,1.00,19.6,3,826,42.16,0.40,38,0,0,0.0,1.00,1.00,1.00,2.45,3.13,3.05
790000,204,193,12.6,0.0,0.2,0.0,12.4,0.0,1.00,16.3,29,667,44.08,1.09,193,0,0,0.0,1.00,1.00,1.00,2.47,3.97,3.90
790000,162,80,10.1,0.0,0.0,0.0,10.1,0.0,1.01,18.1,10,715,40.69,0.58,80,0,0,0.0,1.02,1.02,1.01,2.54,3.04,3.90
790000,178,74,9.5,0.3,0.0,0.1,9.1,0.0,1.07,17.1,9,282,16.85,0.33,69,3,2,0.0,1.00,1.09,1.09,2.69,2.23,5.20
790000,210,35,7.6,0.0,0.0,0.0,7.6,0.0,1.00,19.9,5,743,37.41,0.26,35,0,0,0.0,1.00,1.00,1.00,2.14,3.09,2.97
791000,204,184,12.5,0.0,0.1,0.0,12.4,0.0,1.00,16.3,21,629,41.95,0.95,184,0,0,0.0,1.00,1.00,1.00,2.38,3.92,3.91
791000,178,72,7.6,0.0,0.0,0.0,7.6,0.0,1.00,18.2,5,356,19.83,0.34,71,0,1,0.0,1.00,1.00,1.00,2.35,2.06,4.83
791000,162,65,10.0,0.0,0.0,0.0,10.0,0.0,1.02,18.1,12,594,33.47,0.49,65,0,0,0.0,1.03,1.03,1.02,2.42,3.03,3.92
791000,210,46,8.3,0.1,0.0,0.0,8.3,0.0,1.01,19.5,10,653,33.41,0.34,45,0,1,0.0,1.00,1.03,1.01,2.52,3.20,3.07
792000,204,192,12.6,0.0,0.0,0.1,12.5,0.0,1.00,16.2,30,638,42.20,0.93,192,0,0,0.0,1.00,1.00,1.00,2.46,3.97,3.93
792000,210,75,7.6,0.0,0.0,0.0,7.6,0.0,1.00,19.8,11,646,33.89,0.40,75,0,0,0.0,1.00,1.00,1.00,2.16,3.07,3.03
792000,178,43,7.1,0.0,0.2,0.0,6.9,0.0,1.00,18.6,4,399,21.55,0.42,43,0,0,0.0,1.00,1.00,1.00,2.26,2.07,4.67
792000,162,22,10.3,0.0,0.0,0.0,10.3,0.0,1.02,17.9,8,1063,60.80,0.72,22,0,0,0.0,1.03,1.03,1.02,2.27,3.14,3.91
793000,204,185,12.1,0.0,0.0,0.0,12.1,0.0,1.00,16.3,25,636,41.92,0.93,185,0,0,0.0,1.00,1.00,1.00,2.30,3.87,3.96
793000,210,46,7.7,0.0,0.0,0.0,7.7,0.0,1.00,19.8,5,856,45.60,0.70,46,0,0,0.0,1.00,1.00,1.00,2.20,3.09,3.00
793000,178,30,6.4,0.0,0.0,0.0,6.4,0.0,1.00,19.1,3,287,15.26,0.28,30,0,0,0.0,1.00,1.00,1.00,2.47,2.00,4.43
793000,162,6,10.8,0.0,0.0,0.0,10.8,0.0,1.00,17.7,3,1418,79.01,0.62,6,0,0,0.0,1.00,1.00,1.00,2.67,3.17,4.00
794000,204,181,12.4,0.0,0.1,0.0,12.3,0.0,1.00,16.2,33,651,42.91,0.88,181,0,0,0.0,1.00,1.00,1.00,2.43,3.88,4.01
794000,212,122,8.0,0.1,0.0,0.2,7.6,0.0,1.04,15.8,11,349,19.36,0.30,121,0,1,0.0,1.02,1.05,1.06,2.75,2.11,6.01
794000,210,108,7.8,0.0,0.0,0.1,7.7,0.0,1.01,19.8,13,543,28.21,0.35,108,0,0,0.0,1.03,1.03,1.01,2.31,3.06,3.04
794000,178,26,7.7,0.0,0.1,0.2,7.3,0.0,1.00,18.6,4,272,15.09,0.26,25,0,1,0.0,1.00,1.00,1.00,2.50,2.08,4.62
794000,162,7,10.9,0.0,0.0,0.0,10.9,0.0,1.00,17.7,3,1614,90.08,0.88,7,0,0,0.0,1.00,1.00,1.00,2.57,3.14,4.00
795000,204,172,12.5,0.0,0.0,0.0,12.5,0.0,1.00,16.2,30,611,39.30,0.72,172,0,0,0.0,1.00,1.00,1.00,2.51,3.88,4.01
795000,212,130,9.1,0.2,0.4,0.1,8.4,0.0,1.07,15.1,18,306,17.25,0.31,127,0,3,0.0,1.03,1.08,1.08,2.80,2.34,6.12
795000,210,119,7.8,0.0,0.1,0.0,7.7,0.0,1.00,19.8,12,732,38.01,0.46,119,0,0,0.0,1.00,1.00,1.00,2.18,3.05,3.06
795000,178,11,7.1,0.0,0.0,0.0,7.1,0.0,1.00,19.5,3,365,20.09,0.55,11,0,0,0.0,1.00,1.00,1.00,2.82,2.00,4.27
796000,204,162,11.7,0.0,0.0,0.0,11.7,0.0,1.00,16.8,28,696,43.29,0.70,162,0,0,0.0,1.00,1.00,1.00,2.27,3.68,3.94
796000,210,151,8.2,0.0,0.0,0.0,8.2,0.0,1.00,19.5,13,712,37.44,0.46,151,0,0,0.0,1.00,1.00,1.00,2.32,3.13,3.13
796000,212,114,9.1,0.5,0.9,0.4,7.4,0.0,1.11,15.4,13,334,18.75,0.34,114,0,0,0.0,1.05,1.17,1.11,2.90,2.26,6.02
796000,178,23,9.0,0.0,0.3,0.5,8.2,0.0,1.00,17.4,5,295,16.42,0.29,23,0,0,0.0,1.00,1.00,1.00,2.61,2.13,5.17
797000,210,176,7.6,0.0,0.0,0.0,7.6,0.0,1.02,20.0,13,649,34.61,0.50,176,0,0,0.0,1.02,1.02,1.02,2.11,3.02,3.00
797000,204,158,11.1,0.0,0.0,0.0,11.1,0.0,1.00,17.1,24,755,46.35,0.78,158,0,0,0.0,1.00,1.00,1.00,2.35,3.57,3.89
797000,212,108,8.0,0.1,0.0,0.0,7.9,0.0,1.03,15.6,11,341,18.57,0.32,108,0,0,0.0,1.00,1.05,1.04,2.81,2.06,6.11
797000,178,7,17.4,0.0,6.1,0.0,11.3,0.0,1.00,13.4,5,244,13.97,0.22,7,0,0,0.0,1.00,1.00,1.00,3.86,3.43,5.86
798000,210,239,7.8,0.0,0.0,0.0,7.7,0.0,1.02,19.8,23,626,33.86,0.52,239,0,0,0.0,1.02,1.02,1.02,2.22,3.08,3.00
798000,204,154,10.8,0.0,0.1,0.1,10.6,0.0,1.00,17.2,29,694,41.83,0.70,154,0,0,0.0,1.00,1.00,1.00,2.49,3.53,3.89
798000,212,85,9.2,1.0,0.3,0.2,7.7,0.0,1.24,14.9,9,324,18.25,0.34,85,0,0,0.1,1.03,1.33,1.30,2.88,2.38,6.15
798000,178,12,7.9,0.0,0.0,0.0,7.9,0.0,1.00,17.8,2,244,13.29,0.23,12,0,0,0.0,1.00,1.00,1.00,2.42,2.00,5.08
799000,210,245,7.8,0.0,0.0,0.0,7.8,0.0,1.02,19.7,24,623,33.96,0.51,244,0,1,0.0,1.02,1.02,1.02,2.13,3.09,3.04
799000,204,178,9.9,0.0,0.1,0.1,9.8,0.0,1.00,17.5,31,569,34.21,0.63,178,0,0,0.0,1.00,1.00,1.00,2.28,3.35,3.91
799000,212,108,7.1,0.0,0.0,0.0,7.1,0.0,1.00,16.1,5,335,18.48,0.31,106,0,2,0.0,1.00,1.00,1.00,2.73,1.99,5.96
799000,178,12,7.3,0.0,0.0,0.0,7.3,0.0,1.00,16.7,2,410,23.58,0.62,11,0,1,0.0,1.00,1.00,1.00,2.75,2.00,5.67
800000,210,224,7.8,0.1,0.0,0.1,7.6,0.0,1.02,19.8,22,701,38.13,0.59,224,0,0,0.0,1.03,1.02,1.02,2.17,3.08,3.03
800000,204,168,10.2,0.0,0.0,0.0,10.2,0.0,1.00,17.4,28,584,34.77,0.64,168,0,0,0.0,1.00,1.00,1.00,2.27,3.35,3.96
800000,212,110,7.9,0.4,0.0,0.1,7.4,0.0,1.10,15.5,7,315,17.65,0.34,102,3,5,0.0,1.05,1.14,1.11,2.76,2.14,6.09
800000,178,6,7.2,0.0,0.0,0.0,7.2,0.0,1.00,16.3,2,223,12.58,0.20,6,0,0,0.0,1.00,1.00,1.00,2.67,2.00,5.83
801000,210,217,7.9,0.0,0.0,0.0,7.9,0.0,1.01,19.7,20,702,38.85,0.66,217,0,0,0.0,1.00,1.01,1.00,2.25,3.13,3.04
801000,204,172,10.4,0.0,0.1,0.0,10.3,0.0,1.00,17.3,35,650,39.44,0.77,172,0,0,0.0,1.00,1.00,1.00,2.44,3.40,3.97
801000,212,103,8.1,0.3,0.0,0.0,7.7,0.0,1.11,15.6,9,359,20.39,0.42,97,2,4,0.0,1.05,1.14,1.14,2.78,2.17,6.04
802000,210,235,7.9,0.0,0.0,0.0,7.8,0.0,1.00,19.8,18,652,36.16,0.59,234,0,1,0.0,1.00,1.00,1.00,2.22,3.10,3.00
802000,204,179,11.1,0.0,0.0,0.0,11.1,0.0,1.00,17.0,28,650,39.39,0.68,179,0,0,0.0,1.00,1.00,1.00,2.32,3.57,3.94
802000,212,111,7.8,0.1,0.2,0.2,7.3,0.0,1.03,15.8,14,314,17.29,0.31,107,4,0,0.0,1.00,1.06,1.04,2.77,2.14,5.97
803000,210,222,8.0,0.0,0.0,0.0,8.0,0.0,1.02,19.7,18,699,38.95,0.69,221,0,1,0.0,1.03,1.03,1.02,2.19,3.14,3.01
803000,204,163,10.8,0.0,0.0,0.2,10.6,0.0,1.00,17.1,33,573,34.66,0.66,163,0,0,0.0,1.01,1.00,1.01,2.45,3.52,3.95
803000,212,127,7.3,0.1,0.0,0.0,7.2,0.0,1.06,15.9,9,356,19.65,0.30,123,0,4,0.0,1.06,1.06,1.07,2.74,2.03,6.00
804000,210,231,7.9,0.0,0.0,0.0,7.9,0.0,1.00,19.9,18,621,34.37,0.65,231,0,0,0.0,1.00,1.00,1.00,2.19,3.05,3.01
804000,204,182,11.1,0.0,0.0,0.2,11.0,0.0,1.00,16.9,32,668,41.07,0.81,182,0,0,0.0,1.00,1.00,1.00,2.28,3.56,4.01
804000,212,112,7.6,0.2,0.0,0.0,7.3,0.0,1.05,15.8,6,331,18.19,0.30,111,0,1,0.0,1.00,1.08,1.07,2.63,2.07,6.02
805000,210,257,8.3,0.1,0.0,0.1,8.2,0.0,1.06,19.6,25,585,32.32,0.61,257,0,0,0.0,1.07,1.06,1.06,2.29,3.14,3.07
805000,204,197,10.8,0.0,0.0,0.0,10.8,0.0,1.00,17.0,33,609,37.05,0.77,197,0,0,0.0,1.00,1.00,1.00,2.43,3.50,3.97
805000,212,126,7.2,0.0,0.0,0.1,7.0,0.0,1.01,16.0,7,318,17.77,0.38,126,0,0,0.0,1.00,1.01,1.01,2.69,2.02,5.96
806000,210,251,7.9,0.0,0.0,0.0,7.9,0.0,1.02,19.8,22,599,33.27,0.60,251,0,0,0.0,1.03,1.02,1.02,2.25,3.06,3.05
806000,204,191,11.2,0.0,0.0,0.0,11.1,0.0,1.00,16.8,32,550,34.16,0.72,191,0,0,0.0,1.00,1.00,1.00,2.32,3.66,3.96
806000,212,106,7.2,0.0,0.0,0.1,7.0,0.0,1.00,15.9,5,339,18.67,0.30,106,0,0,0.0,1.00,1.01,1.01,2.69,2.01,6.05
807000,210,255,8.3,0.0,0.0,0.0,8.3,0.0,1.02,19.6,25,674,37.69,0.69,255,0,0,0.0,1.02,1.01,1.02,2.27,3.17,3.04
807000,204,172,10.8,0.0,0.0,0.1,10.7,0.0,1.00,16.9,30,661,40.89,0.80,172,0,0,0.0,1.00,1.00,1.00,2.16,3.73,3.84
807000,212,108,7.6,0.4,0.1,0.1,6.9,0.0,1.16,15.8,7,320,17.99,0.36,106,0,2,0.0,1.12,1.16,1.20,2.80,2.06,6.06
808000,210,237,8.2,0.0,0.0,0.0,8.1,0.0,1.03,19.7,25,576,32.06,0.65,236,0,1,0.0,1.03,1.03,1.03,2.19,3.11,3.04
808000,204,183,9.8,0.0,0.0,0.0,9.8,0.0,1.00,17.8,25,555,32.99,0.64,183,0,0,0.0,1.00,1.00,1.00,2.28,3.35,3.77
808000,212,121,8.2,0.5,0.0,0.1,7.6,0.0,1.19,15.5,11,282,16.30,0.30,119,0,2,0.0,1.12,1.17,1.25,2.91,2.09,6.17
809000,210,248,8.1,0.0,0.0,0.0,8.1,0.0,1.00,19.7,16,665,37.23,0.61,248,0,0,0.0,1.00,1.00,1.00,2.23,3.14,3.02
809000,204,167,10.2,0.0,0.0,0.0,10.2,0.0,1.00,17.7,29,688,39.91,0.70,167,0,0,0.0,1.00,1.00,1.00,2.54,3.31,3.84
809000,212,104,7.3,0.0,0.0,0.0,7.2,0.0,1.01,15.9,7,293,16.71,0.31,104,0,0,0.0,1.00,1.01,1.03,2.64,2.03,6.00
810000,210,246,8.0,0.0,0.0,0.0,8.0,0.0,1.02,19.8,21,659,37.15,0.63,246,0,0,0.0,1.02,1.02,1.02,2.25,3.05,3.04
810000,204,180,9.7,0.0,0.0,0.0,9.7,0.0,1.00,18.0,28,625,36.47,0.73,180,0,0,0.0,1.00,1.00,1.00,2.34,3.17,3.84
810000,212,123,7.6,0.1,0.0,0.2,7.3,0.0,1.02,15.8,12,330,18.04,0.29,122,0,1,0.0,1.00,1.03,1.04,2.74,2.12,6.01
811000,210,231,8.2,0.0,0.1,0.1,8.0,0.0,1.01,19.7,24,643,35.58,0.66,231,0,0,0.0,1.01,1.01,1.01,2.36,3.09,3.08
811000,204,206,9.8,0.0,0.0,0.0,9.8,0.0,1.00,17.9,31,579,34.05,0.71,206,0,0,0.0,1.00,1.00,1.00,2.44,3.23,3.84
811000,212,107,7.4,0.0,0.0,0.1,7.3,0.0,1.01,15.9,6,356,20.19,0.33,104,3,0,0.0,1.00,1.02,1.03,2.81,2.10,6.02
812000,210,245,8.2,0.0,0.0,0.0,8.2,0.0,1.03,19.6,25,580,32.33,0.57,245,0,0,0.0,1.04,1.04,1.03,2.26,3.14,3.07
812000,204,210,10.2,0.0,0.1,0.0,10.1,0.0,1.00,17.7,36,630,37.19,0.78,210,0,0,0.0,1.00,1.00,1.00,2.50,3.29,3.86
812000,212,122,8.8,0.0,0.0,0.3,8.5,0.0,1.00,15.5,10,388,22.33,0.54,113,7,2,0.0,1.00,1.01,1.01,2.73,2.15,6.11
813000,210,253,8.2,0.1,0.0,0.0,8.0,0.0,1.06,19.6,29,641,36.20,0.65,253,0,0,0.0,1.05,1.05,1.07,2.25,3.12,3.08
813000,204,199,9.6,0.0,0.0,0.0,9.6,0.0,1.00,18.0,35,596,34.61,0.82,199,0,0,0.0,1.00,1.00,1.00,2.34,3.22,3.77
813000,212,122,8.8,0.1,0.2,0.2,8.3,0.0,1.04,15.5,13,266,15.36,0.33,116,4,2,0.0,1.04,1.05,1.03,2.82,2.20,6.06
814000,210,232,8.0,0.0,0.0,0.0,8.0,0.0,1.00,19.8,21,705,39.64,0.70,232,0,0,0.0,1.00,1.00,1.00,2.15,3.07,3.03
814000,204,187,9.4,0.0,0.0,0.0,9.4,0.0,1.00,18.3,29,635,36.73,0.84,187,0,0,0.0,1.00,1.00,1.00,2.35,3.22,3.64
814000,212,138,8.5,0.0,0.0,0.3,8.2,0.0,1.00,15.6,11,305,17.09,0.36,122,9,7,0.0,1.00,1.00,1.01,2.67,2.16,6.04
815000,210,239,8.3,0.0,0.0,0.0,8.3,0.0,1.02,19.5,24,631,35.41,0.64,239,0,0,0.0,1.02,1.02,1.03,2.19,3.16,3.07
815000,204,187,9.4,0.0,0.0,0.0,9.4,0.0,1.00,18.3,32,688,39.65,0.76,187,0,0,0.0,1.00,1.00,1.00,2.24,3.30,3.56
815000,212,130,7.8,0.0,0.2,0.2,7.3,0.0,1.01,15.8,10,341,18.62,0.36,120,7,3,0.0,1.00,1.01,1.01,2.70,2.14,5.95
816000,210,240,8.3,0.1,0.0,0.0,8.2,0.0,1.03,19.5,24,648,36.34,0.69,240,0,0,0.0,1.04,1.01,1.03,2.28,3.12,3.12
816000,204,182,9.7,0.0,0.1,0.0,9.7,0.0,1.00,18.2,27,763,43.44,0.79,182,0,0,0.0,1.00,1.00,1.00,2.33,3.36,3.52
816000,212,123,7.8,0.0,0.0,0.0,7.7,0.0,1.01,16.0,12,306,17.07,0.29,123,0,0,0.0,1.00,1.01,1.01,2.72,2.07,5.99
817000,210,258,8.1,0.0,0.0,0.0,8.1,0.0,1.01,19.7,27,600,34.06,0.65,258,0,0,0.0,1.01,1.01,1.01,2.39,3.03,3.13
817000,204,185,9.2,0.0,0.1,0.0,9.1,0.0,1.00,18.5,31,701,40.26,0.85,185,0,0,0.0,1.00,1.00,1.00,2.33,3.24,3.53
817000,212,91,7.4,0.0,0.1,0.1,7.1,0.0,1.01,15.9,8,349,19.48,0.33,91,0,0,0.0,1.00,1.01,1.01,2.74,2.01,6.04
818000,210,262,8.2,0.0,0.0,0.0,8.1,0.0,1.06,19.7,24,644,36.81,0.73,262,0,0,0.0,1.06,1.06,1.06,2.19,3.03,3.14
818000,204,169,9.4,0.0,0.0,0.0,9.4,0.0,1.00,18.4,27,679,38.35,0.82,169,0,0,0.0,1.00,1.00,1.00,2.15,3.28,3.50
818000,212,119,8.4,0.0,0.6,0.2,7.7,0.0,1.00,15.3,12,302,16.68,0.24,117,0,2,0.0,1.00,1.00,1.00,2.84,2.09,6.24
819000,210,251,8.4,0.0,0.0,0.1,8.3,0.0,1.01,19.4,26,599,34.23,0.63,251,0,0,0.0,1.00,1.01,1.01,2.31,3.10,3.22
819000,204,170,9.5,0.0,0.0,0.0,9.5,0.0,1.00,18.4,20,736,41.92,0.90,170,0,0,0.0,1.00,1.00,1.00,2.32,3.31,3.49
819000,212,115,7.5,0.0,0.0,0.0,7.5,0.0,1.01,15.8,8,304,17.03,0.27,115,0,0,0.0,1.00,1.01,1.02,2.78,2.06,6.03
820000,210,233,8.5,0.0,0.0,0.0,8.5,0.0,1.03,19.2,30,569,32.30,0.57,233,0,0,0.0,1.03,1.03,1.03,2.33,3.07,3.32
820000,204,192,9.1,0.0,0.0,0.0,9.0,0.0,1.00,18.8,27,650,36.68,0.80,192,0,0,0.0,1.00,1.00,1.00,2.17,3.20,3.41
820000,212,121,7.4,0.1,0.2,0.1,7.0,0.0,1.03,16.1,11,331,18.53,0.35,119,0,2,0.0,1.00,1.08,1.02,2.73,2.11,5.85
821000,210,220,8.3,0.0,0.0,0.0,8.2,0.0,1.02,19.5,25,541,30.41,0.56,220,0,0,0.0,1.02,1.02,1.03,2.34,3.08,3.15
821000,204,164,9.0,0.0,0.0,0.0,9.0,0.0,1.00,18.8,23,752,42.71,0.96,164,0,0,0.0,1.00,1.00,1.00,2.31,3.18,3.41
821000,212,119,7.1,0.0,0.0,0.1,7.0,0.0,1.01,16.4,14,317,17.67,0.27,118,0,1,0.0,1.00,1.01,1.01,2.66,1.99,5.84
821000,217,9,16.8,0.1,0.0,0.0,16.7,0.0,1.02,15.1,2,114,9.79,0.74,0,7,2,0.0,1.00,1.03,1.03,2.67,4.00,4.44
822000,210,188,8.2,0.1,0.0,0.0,8.2,0.0,1.08,19.6,21,644,36.28,0.62,188,0,0,0.0,1.08,1.08,1.08,2.29,3.10,3.08
822000,204,176,9.1,0.0,0.0,0.0,9.1,0.0,1.00,18.8,21,767,43.08,0.89,176,0,0,0.0,1.00,1.00,1.00,2.31,3.20,3.40
822000,212,131,7.3,0.2,0.0,0.0,7.1,0.0,1.05,16.1,10,330,18.46,0.30,126,0,5,0.0,1.02,1.06,1.05,2.61,2.00,5.96
823000,210,214,8.4,0.0,0.0,0.0,8.4,0.0,1.01,19.5,20,710,39.30,0.68,214,0,0,0.0,1.01,1.01,1.01,2.39,3.13,3.11
823000,204,175,8.4,0.0,0.0,0.0,8.4,0.0,1.00,19.4,16,801,43.99,0.91,175,0,0,0.0,1.00,1.00,1.00,2.20,3.08,3.21
823000,212,115,7.5,0.0,0.0,0.4,7.1,0.0,1.00,15.9,7,299,16.79,0.33,115,0,0,0.0,1.00,1.01,1.01,2.75,2.06,6.01
824000,210,207,8.2,0.0,0.0,0.0,8.1,0.0,1.02,19.8,15,655,35.65,0.60,207,0,0,0.0,1.02,1.02,1.02,2.28,3.05,3.05
824000,204,128,8.2,0.0,0.0,0.0,8.2,0.0,1.00,19.7,8,838,45.88,0.94,128,0,0,0.0,1.00,1.00,1.00,2.16,3.07,3.09
824000,212,120,7.4,0.0,0.0,0.3,7.1,0.0,1.00,16.0,6,332,18.39,0.30,116,0,4,0.0,1.00,1.00,1.00,2.88,2.04,5.97
825000,210,216,8.2,0.0,0.0,0.0,8.2,0.0,1.00,19.8,14,751,40.99,0.65,216,0,0,0.0,1.00,1.00,1.00,2.35,3.06,3.05
825000,204,192,9.0,0.0,0.1,0.0,8.8,0.0,1.00,18.9,19,630,35.11,0.71,192,0,0,0.0,1.00,1.00,1.00,2.42,3.16,3.43
825000,212,110,7.1,0.0,0.0,0.0,7.1,0.0,1.00,16.1,5,354,19.30,0.39,109,0,1,0.0,1.00,1.00,1.00,2.74,1.99,5.95
826000,210,213,8.1,0.0,0.0,0.0,8.1,0.0,1.00,19.8,20,640,34.64,0.58,213,0,0,0.0,1.00,1.00,1.00,2.31,3.07,3.03
826000,204,174,8.6,0.0,0.0,0.0,8.6,0.0,1.00,19.1,16,714,39.58,0.81,174,0,0,0.0,1.00,1.00,1.00,2.28,3.13,3.35
826000,212,111,7.4,0.0,0.0,0.0,7.3,0.0,1.01,15.8,6,307,17.35,0.31,109,0,2,0.0,1.00,1.02,1.02,2.78,2.11,6.04
827000,210,188,8.2,0.0,0.0,0.0,8.2,0.0,1.04,19.7,15,714,39.21,0.68,188,0,0,0.0,1.04,1.04,1.04,2.23,3.11,3.02
827000,212,152,7.1,0.0,0.0,0.0,7.1,0.0,1.00,16.1,8,293,16.32,0.25,151,0,1,0.0,1.00,1.01,1.01,2.66,2.03,5.93
827000,204,112,8.5,0.0,0.0,0.0,8.5,0.0,1.00,19.5,12,753,40.57,0.85,112,0,0,0.0,1.00,1.00,1.00,2.17,3.12,3.13
828000,210,174,8.2,0.0,0.0,0.0,8.2,0.0,1.03,19.7,12,675,36.46,0.59,174,0,0,0.0,1.03,1.03,1.03,2.44,3.13,3.01
828000,212,122,7.5,0.3,0.0,0.2,7.1,0.0,1.06,16.0,9,363,19.91,0.33,120,0,2,0.0,1.00,1.09,1.08,2.75,2.07,5.95
828000,204,115,8.5,0.0,0.0,0.0,8.5,0.0,1.00,19.4,14,618,33.44,0.68,115,0,0,0.0,1.00,1.00,1.00,2.28,3.05,3.23
829000,204,192,8.9,0.0,0.0,0.0,8.8,0.0,1.00,18.8,18,691,38.36,0.76,192,0,0,0.0,1.00,1.00,1.00,2.19,3.16,3.48
829000,210,164,8.2,0.0,0.0,0.0,8.2,0.0,1.01,19.7,20,711,38.13,0.60,164,0,0,0.0,1.00,1.01,1.01,2.31,3.10,3.05
829000,212,110,7.3,0.0,0.0,0.0,7.2,0.0,1.00,15.9,8,382,20.94,0.38,108,0,2,0.0,1.00,1.01,1.01,2.65,1.98,6.05
830000,210,186,8.2,0.0,0.0,0.0,8.2,0.0,1.01,19.7,15,729,39.44,0.70,186,0,0,0.0,1.01,1.01,1.01,2.37,3.05,3.10
830000,212,124,8.0,0.1,0.1,0.2,7.7,0.0,1.01,15.7,14,378,20.87,0.34,122,0,2,0.0,1.00,1.02,1.02,2.79,2.06,6.12
830000,204,108,10.1,0.0,0.1,0.2,9.9,0.0,1.00,17.2,18,475,27.74,0.61,108,0,0,0.0,1.00,1.00,1.00,2.46,3.31,4.07
831000,210,198,8.6,0.0,0.0,0.0,8.6,0.0,1.04,19.4,24,638,35.42,0.66,198,0,0,0.0,1.04,1.04,1.05,2.39,3.09,3.21
831000,212,104,7.5,0.0,0.0,0.0,7.5,0.0,1.01,15.7,9,331,18.49,0.32,102,0,2,0.0,1.00,1.01,1.01,2.63,2.06,6.12
831000,204,98,9.3,0.0,0.0,0.0,9.3,0.0,1.00,17.9,14,577,33.59,0.71,98,0,0,0.0,1.00,1.00,1.00,2.43,3.13,3.92
832000,210,212,8.4,0.0,0.0,0.0,8.3,0.0,1.02,19.7,27,620,34.60,0.65,212,0,0,0.0,1.02,1.01,1.04,2.36,3.07,3.11
832000,212,115,7.2,0.0,0.0,0.1,7.1,0.0,1.00,15.9,7,333,18.59,0.28,112,0,3,0.0,1.00,1.01,1.01,2.70,2.00,6.07
832000,204,109,10.0,0.0,0.0,0.0,10.0,0.0,1.00,17.3,17,541,31.29,0.62,109,0,0,0.0,1.00,1.00,1.00,2.31,3.38,3.95
833000,210,218,8.8,0.0,0.0,0.1,8.7,0.0,1.01,19.4,25,604,34.12,0.63,218,0,0,0.0,1.01,1.00,1.01,2.37,3.12,3.17
833000,204,120,9.5,0.0,0.1,0.0,9.5,0.0,1.00,17.6,13,548,31.93,0.70,120,0,0,0.0,1.00,1.00,1.00,2.17,3.27,3.97
833000,212,114,7.1,0.0,0.0,0.0,7.0,0.0,1.01,16.1,6,343,18.69,0.28,112,0,2,0.0,1.00,1.01,1.02,2.71,2.01,5.93
834000,210,236,8.3,0.1,0.0,0.0,8.2,0.0,1.06,19.7,23,608,34.48,0.56,236,0,0,0.0,1.06,1.06,1.06,2.31,3.07,3.06
834000,212,120,7.7,0.2,0.1,0.1,7.3,0.0,1.09,15.9,15,286,16.09,0.28,108,7,5,0.0,1.14,1.14,1.08,2.73,2.08,5.97
834000,223,102,9.5,0.0,0.0,0.0,9.5,0.0,1.00,18.4,14,549,31.85,0.69,102,0,0,0.0,1.00,1.00,1.00,2.53,3.13,3.67
834000,204,80,9.8,0.0,0.0,0.0,9.8,0.0,1.00,17.3,12,634,37.57,0.88,80,0,0,0.0,1.00,1.00,1.00,2.41,3.36,3.97
835000,210,207,8.8,0.1,0.0,0.0,8.7,0.0,1.02,19.5,22,625,35.79,0.59,207,0,0,0.0,1.02,1.01,1.02,2.37,3.15,3.11
835000,212,119,7.6,0.0,0.0,0.2,7.3,0.0,1.00,15.8,6,309,17.26,0.32,115,3,1,0.0,1.00,1.00,1.01,2.83,2.07,6.05
835000,204,84,10.0,0.0,0.0,0.0,10.0,0.0,1.00,17.3,14,752,44.64,0.92,84,0,0,0.0,1.00,1.00,1.00,2.38,3.37,3.98
835000,223,68,9.5,0.0,0.0,0.0,9.5,0.0,1.00,18.4,6,655,38.01,0.76,68,0,0,0.0,1.00,1.00,1.00,2.44,3.07,3.75
836000,210,261,8.6,0.1,0.0,0.0,8.5,0.0,1.04,19.7,25,566,32.80,0.61,261,0,0,0.0,1.03,1.04,1.04,2.26,3.10,3.08
836000,212,94,7.2,0.0,0.0,0.0,7.2,0.0,1.00,16.2,8,301,16.66,0.31,93,0,1,0.0,1.00,1.00,1.00,2.66,1.94,5.98
836000,223,92,9.5,0.0,0.0,0.0,9.5,0.0,1.00,18.3,11,572,33.92,0.75,92,0,0,0.0,1.00,1.00,1.00,2.47,3.03,3.79
836000,204,79,10.1,0.0,0.0,0.0,10.1,0.0,1.00,17.2,13,843,50.38,1.09,79,0,0,0.0,1.00,1.00,1.00,2.33,3.41,3.99
837000,210,237,8.6,0.1,0.0,0.0,8.5,0.0,1.05,19.6,30,602,34.61,0.62,237,0,0,0.0,1.04,1.08,1.05,2.32,3.11,3.08
837000,223,124,9.6,0.0,0.0,0.0,9.6,0.0,1.00,18.4,16,550,32.39,0.77,124,0,0,0.0,1.00,1.00,1.00,2.40,3.09,3.73
837000,212,102,8.0,0.4,0.0,0.1,7.5,0.0,1.09,15.7,6,415,22.97,0.44,102,0,0,0.0,1.00,1.12,1.11,2.80,2.10,6.06
837000,204,72,9.9,0.0,0.0,0.0,9.9,0.0,1.00,17.5,15,627,36.47,0.78,72,0,0,0.0,1.00,1.00,1.00,2.38,3.29,3.97
838000,210,194,8.3,0.0,0.0,0.0,8.2,0.0,1.04,19.7,23,624,35.14,0.57,194,0,0,0.0,1.04,1.04,1.03,2.24,3.11,3.05
838000,223,140,9.4,0.0,0.0,0.0,9.4,0.0,1.00,18.6,21,609,35.29,0.84,140,0,0,0.0,1.00,1.00,1.00,2.29,3.12,3.60
838000,212,114,7.8,0.1,0.1,0.1,7.6,0.0,1.02,15.6,10,346,19.81,0.32,111,0,3,0.0,1.01,1.02,1.02,2.82,2.10,6.09
838000,204,54,10.0,0.0,0.0,0.4,9.6,0.0,1.00,17.6,10,721,41.86,0.98,54,0,0,0.0,1.00,1.00,1.00,2.22,3.37,3.85
839000,210,240,8.5,0.0,0.0,0.0,8.5,0.0,1.02,19.6,21,588,33.59,0.57,240,0,0,0.0,1.02,1.01,1.02,2.25,3.10,3.08
839000,223,139,9.2,0.0,0.0,0.0,9.2,0.0,1.00,18.7,17,657,37.35,0.89,139,0,0,0.0,1.00,1.00,1.00,2.51,3.11,3.53
839000,212,110,7.6,0.1,0.1,0.0,7.5,0.0,1.01,15.7,7,309,17.58,0.37,107,0,3,0.0,1.00,1.02,1.02,2.82,2.09,6.15
839000,204,56,9.5,0.0,0.0,0.0,9.5,0.0,1.00,17.8,12,702,40.53,1.05,56,0,0,0.0,1.00,1.00,1.00,2.23,3.27,3.82
840000,210,237,8.6,0.0,0.0,0.0,8.6,0.0,1.04,19.7,21,561,31.98,0.59,237,0,0,0.0,1.04,1.04,1.04,2.32,3.10,3.06
840000,223,135,9.7,0.0,0.0,0.0,9.7,0.0,1.00,18.4,22,715,40.81,0.98,135,0,0,0.0,1.00,1.00,1.00,2.28,3.14,3.65
840000,212,71,7.8,0.2,0.0,0.0,7.6,0.0,1.06,15.4,5,278,15.97,0.28,70,0,1,0.0,1.00,1.08,1.09,2.75,2.11,6.20
840000,204,47,8.8,0.0,0.0,0.3,8.5,0.0,1.00,18.9,12,610,35.95,0.91,47,0,0,0.0,1.00,1.00,1.00,1.98,3.19,3.36
841000,223,142,9.4,0.0,0.0,0.0,9.4,0.0,1.00,18.7,18,675,38.79,0.88,142,0,0,0.0,1.00,1.00,1.00,2.45,3.08,3.58
841000,210,138,8.1,0.0,0.0,0.0,8.1,0.0,1.03,19.8,13,611,34.19,0.55,138,0,0,0.0,1.03,1.03,1.03,2.12,3.07,3.04
841000,212,107,7.1,0.0,0.0,0.0,7.1,0.0,1.01,16.0,4,357,19.82,0.29,105,0,2,0.0,1.00,1.01,1.01,2.69,2.02,5.97
841000,204,47,9.6,0.0,0.0,0.0,9.6,0.0,1.00,18.0,16,754,45.53,1.06,47,0,0,0.0,1.00,1.00,1.00,2.00,3.45,3.53
842000,210,180,8.0,0.1,0.0,0.2,7.8,0.0,1.09,19.9,20,531,30.03,0.54,180,0,0,0.0,1.09,1.09,1.09,2.28,3.06,2.99
842000,223,156,9.0,0.0,0.0,0.0,9.0,0.0,1.00,18.9,12,593,33.97,0.74,156,0,0,0.0,1.00,1.00,1.00,2.33,3.04,3.51
842000,212,69,8.9,0.5,0.5,0.4,7.4,0.0,1.13,15.5,7,314,17.25,0.23,68,0,1,0.1,1.07,1.20,1.13,2.87,2.25,6.01
842000,204,14,8.5,0.0,0.0,0.0,8.5,0.0,1.00,18.6,6,1066,61.98,1.29,14,0,0,0.0,1.00,1.00,1.00,2.21,3.29,3.43
843000,223,184,9.4,0.0,0.0,0.0,9.3,0.0,1.00,18.7,14,633,35.84,0.78,184,0,0,0.0,1.00,1.00,1.00,2.28,3.08,3.56
843000,210,182,8.3,0.0,0.0,0.0,8.3,0.0,1.02,19.6,20,568,32.34,0.58,182,0,0,0.0,1.02,1.02,1.02,2.46,3.09,3.10
843000,212,67,7.4,0.0,0.0,0.0,7.4,0.0,1.00,15.7,4,367,20.60,0.37,66,0,1,0.0,1.00,1.00,1.00,2.82,2.03,6.10
844000,210,189,8.1,0.0,0.0,0.0,8.1,0.0,1.00,19.8,17,581,32.93,0.63,189,0,0,0.0,1.00,1.00,1.00,2.35,3.07,3.04
844000,223,178,8.9,0.0,0.1,0.0,8.8,0.0,1.00,19.0,23,720,40.19,0.84,177,0,1,0.0,1.00,1.00,1.00,2.58,3.12,3.38
844000,212,56,8.0,0.2,0.2,0.3,7.3,0.0,1.05,15.3,6,286,16.09,0.30,55,0,1,0.0,1.00,1.07,1.06,2.80,2.21,6.12
845000,223,182,8.6,0.0,0.0,0.0,8.5,0.0,1.03,19.3,19,717,39.17,0.77,182,0,0,0.0,1.03,1.02,1.03,2.20,3.11,3.23
845000,210,157,8.3,0.0,0.0,0.0,8.3,0.0,1.00,19.7,17,622,34.45,0.54,157,0,0,0.0,1.00,1.00,1.00,2.46,3.09,3.06
845000,227,81,9.1,0.0,0.0,0.0,9.1,0.0,1.00,19.5,11,595,34.05,0.56,81,0,0,0.0,1.01,1.00,1.00,2.48,3.12,3.15
845000,212,55,8.7,0.4,0.0,0.0,8.3,0.0,1.10,15.1,6,292,16.96,0.34,54,0,1,0.0,1.00,1.14,1.13,2.95,2.20,6.24
846000,223,171,8.6,0.0,0.0,0.0,8.5,0.0,1.00,19.4,20,742,40.01,0.80,171,0,0,0.0,1.00,1.00,1.00,2.40,3.12,3.18
846000,210,149,8.1,0.0,0.0,0.1,8.0,0.0,1.01,19.8,20,596,33.06,0.54,149,0,0,0.0,1.02,1.01,1.01,2.35,3.08,3.00
846000,227,92,8.6,0.0,0.0,0.0,8.6,0.0,1.01,19.7,13,677,38.40,0.65,92,0,0,0.0,1.01,1.00,1.01,2.26,3.05,3.12
846000,212,63,8.3,0.0,0.6,0.2,7.6,0.0,1.00,15.5,7,309,17.73,0.29,63,0,0,0.0,1.00,1.00,1.00,2.83,2.06,6.17
846000,228,44,7.3,0.0,0.0,0.0,7.3,0.0,1.01,16.0,5,364,20.25,0.34,44,0,0,0.0,1.00,1.01,1.02,2.61,2.07,5.91
847000,210,239,8.5,0.0,0.0,0.0,8.5,0.0,1.00,19.7,26,653,36.95,0.68,239,0,0,0.0,1.00,1.00,1.00,2.38,3.09,3.08
847000,223,165,8.7,0.0,0.0,0.0,8.7,0.0,1.00,19.5,15,793,42.52,0.83,165,0,0,0.0,1.00,1.00,1.00,2.21,3.12,3.14
847000,228,52,7.6,0.0,0.0,0.0,7.6,0.0,1.01,15.7,4,287,16.57,0.25,52,0,0,0.0,1.00,1.01,1.02,2.81,2.06,6.12
847000,212,44,8.3,0.5,0.0,0.0,7.8,0.0,1.15,15.3,4,388,21.56,0.43,43,0,1,0.0,1.13,1.18,1.14,2.86,2.18,6.18
848000,210,200,8.3,0.0,0.0,0.0,8.3,0.0,1.00,19.9,22,686,38.87,0.67,200,0,0,0.0,1.00,1.00,1.00,2.16,3.05,2.99
848000,223,144,8.5,0.0,0.0,0.0,8.5,0.0,1.00,19.6,14,756,40.55,0.74,144,0,0,0.0,1.00,1.00,1.00,2.37,3.06,3.15
848000,212,65,7.8,0.3,0.0,0.0,7.5,0.0,1.08,15.7,7,371,20.10,0.32,64,0,1,0.0,1.00,1.11,1.11,2.82,2.09,6.05
848000,228,58,7.5,0.0,0.0,0.0,7.4,0.0,1.01,15.8,5,314,17.71,0.33,58,0,0,0.0,1.00,1.01,1.01,2.71,2.02,6.07
849000,210,147,8.9,0.0,0.0,0.0,8.8,0.0,1.00,19.6,18,614,34.88,0.62,147,0,0,0.0,1.00,1.00,1.00,2.33,3.08,3.11
849000,223,138,8.7,0.0,0.0,0.0,8.7,0.0,1.00,19.5,11,835,45.02,0.83,138,0,0,0.0,1.00,1.00,1.00,2.29,3.04,3.20
849000,212,60,7.4,0.1,0.0,0.6,6.6,0.0,1.10,16.0,7,293,16.50,0.29,60,0,0,0.0,1.10,1.10,1.10,2.70,2.07,5.92
849000,228,45,7.2,0.0,0.0,0.2,7.0,0.0,1.00,16.1,5,337,18.63,0.26,45,0,0,0.0,1.00,1.00,1.00,2.67,2.00,5.98
850000,223,150,8.9,0.0,0.0,0.0,8.9,0.0,1.00,19.4,18,814,43.57,0.68,150,0,0,0.0,1.00,1.00,1.00,2.31,3.09,3.20
850000,210,145,8.6,0.2,0.0,0.0,8.4,0.0,1.15,19.8,18,649,36.88,0.59,145,0,0,0.0,1.16,1.13,1.15,2.30,3.03,3.07
850000,212,61,8.3,0.7,0.1,0.2,7.2,0.0,1.17,15.6,6,270,15.35,0.29,61,0,0,0.0,1.03,1.23,1.21,2.84,2.16,6.03
850000,228,50,6.9,0.0,0.0,0.0,6.9,0.0,1.00,16.4,4,307,16.85,0.27,49,0,1,0.0,1.00,1.00,1.01,2.70,1.94,5.84
851000,210,161,8.7,0.1,0.0,0.0,8.6,0.0,1.05,19.7,17,588,32.98,0.53,161,0,0,0.0,1.05,1.06,1.05,2.37,3.07,3.11
851000,223,135,9.0,0.0,0.0,0.0,9.0,0.0,1.00,19.5,20,731,39.66,0.70,135,0,0,0.0,1.00,1.00,1.00,2.30,3.07,3.19
851000,212,65,7.1,0.0,0.0,0.0,7.1,0.0,1.00,16.0,4,349,19.54,0.39,65,0,0,0.0,1.00,1.00,1.00,2.66,2.03,5.95
851000,228,38,6.9,0.0,0.0,0.0,6.9,0.0,1.00,16.2,2,327,18.27,0.35,38,0,0,0.0,1.00,1.00,1.00,2.82,1.97,5.95
852000,210,137,8.7,0.1,0.0,0.0,8.6,0.0,1.05,19.7,13,729,40.26,0.58,137,0,0,0.0,1.05,1.05,1.05,2.28,3.01,3.12
852000,223,121,8.7,0.0,0.0,0.0,8.7,0.0,1.00,19.7,17,879,47.01,0.81,121,0,0,0.0,1.00,1.00,1.00,2.41,3.03,3.14
852000,212,71,7.6,0.0,0.0,0.0,7.6,0.0,1.01,15.8,7,297,17.03,0.34,71,0,0,0.0,1.00,1.01,1.01,2.75,2.10,6.01
852000,228,56,7.7,0.1,0.0,0.0,7.6,0.0,1.07,15.7,4,219,12.49,0.18,55,0,1,0.0,1.09,1.09,1.05,2.82,2.05,6.11
853000,210,131,8.8,0.0,0.0,0.0,8.7,0.0,1.03,19.6,14,748,40.82,0.56,131,0,0,0.0,1.04,1.02,1.03,2.27,3.05,3.18
853000,223,108,9.0,0.0,0.0,0.0,9.0,0.0,1.00,19.4,13,913,48.26,0.82,108,0,0,0.0,1.00,1.00,1.00,2.41,3.14,3.14
853000,212,79,7.7,0.1,0.0,0.0,7.6,0.0,1.02,15.7,6,339,19.25,0.35,79,0,0,0.0,1.00,1.02,1.03,2.82,2.09,6.06
853000,228,65,7.3,0.0,0.2,0.1,7.0,0.0,1.00,15.9,4,309,17.33,0.27,64,0,1,0.0,1.00,1.00,1.00,2.80,2.02,6.02
853000,231,43,8.0,0.0,0.0,0.0,8.0,0.0,1.00,20.0,2,837,44.65,0.70,43,0,0,0.0,1.00,1.00,1.00,2.42,3.00,3.02
854000,210,119,8.7,0.2,0.0,0.0,8.5,0.0,1.08,19.6,11,747,40.89,0.64,119,0,0,0.0,1.05,1.12,1.08,2.39,3.08,3.11
854000,223,87,8.4,0.0,0.0,0.0,8.4,0.0,1.00,19.8,9,916,47.67,0.74,87,0,0,0.0,1.00,1.00,1.00,2.44,3.00,3.08
854000,212,73,8.7,0.1,0.0,0.3,8.3,0.0,1.06,15.4,10,347,19.91,0.32,73,0,0,0.0,1.07,1.08,1.06,2.74,2.16,6.12
854000,228,59,7.6,0.0,0.0,0.0,7.6,0.0,1.00,15.9,6,328,18.41,0.32,59,0,0,0.0,1.00,1.00,1.00,2.80,2.10,5.95
854000,231,43,7.8,0.0,0.0,0.0,7.8,0.0,1.00,20.1,5,863,46.04,0.94,43,0,0,0.0,1.00,1.00,1.00,2.28,3.02,2.93
855000,212,111,9.8,0.8,0.0,0.1,8.9,0.0,1.21,14.9,14,256,15.65,0.38,84,25,2,0.0,1.05,1.30,1.25,2.99,2.27,6.29
855000,228,81,7.1,0.0,0.0,0.3,6.8,0.0,1.00,16.2,5,287,16.67,0.30,80,0,1,0.0,1.00,1.00,1.00,2.65,2.04,5.85
855000,223,78,8.3,0.0,0.0,0.0,8.3,0.0,1.00,19.7,9,991,50.53,0.73,78,0,0,0.0,1.00,1.00,1.00,2.36,3.03,3.10
855000,210,77,8.5,0.0,0.0,0.0,8.5,0.0,1.00,19.8,8,835,44.04,0.56,77,0,0,0.0,1.00,1.00,1.00,2.29,3.00,3.10
855000,231,55,7.7,0.0,0.0,0.1,7.7,0.0,1.00,20.0,8,640,33.64,0.56,55,0,0,0.0,1.00,1.00,1.00,2.27,2.96,3.02
856000,212,101,10.1,0.7,0.6,0.0,8.8,0.0,1.15,14.5,19,359,20.71,0.50,83,14,4,0.2,1.04,1.24,1.15,2.97,2.54,6.21
856000,231,90,7.9,0.1,0.0,0.0,7.8,0.0,1.06,20.0,16,820,43.84,0.61,90,0,0,0.0,1.06,1.06,1.06,2.10,2.94,3.08
856000,223,86,8.2,0.0,0.0,0.0,8.2,0.0,1.00,19.8,9,780,40.01,0.71,86,0,0,0.0,1.00,1.00,1.00,2.34,3.02,3.06
856000,228,56,9.2,0.4,0.3,0.4,8.0,0.0,1.10,15.1,8,398,22.05,0.35,56,0,0,0.1,1.00,1.15,1.13,3.12,2.29,6.16
856000,210,49,8.2,0.1,0.0,0.0,8.1,0.0,1.12,20.0,5,976,51.07,0.61,49,0,0,0.0,1.12,1.12,1.12,2.29,2.98,3.02
857000,223,98,8.1,0.0,0.0,0.0,8.1,0.0,1.00,19.9,10,891,46.28,0.68,98,0,0,0.0,1.00,1.00,1.00,2.26,2.99,3.04
857000,231,88,7.7,0.0,0.0,0.0,7.6,0.0,1.04,20.0,11,810,42.82,0.64,88,0,0,0.0,1.04,1.04,1.04,2.33,2.97,3.02
857000,212,81,10.6,0.3,0.7,0.0,9.6,0.0,1.10,14.9,14,314,18.25,0.33,70,9,2,0.0,1.07,1.13,1.09,2.88,2.51,6.04
857000,228,67,8.2,0.4,0.2,0.3,7.3,0.0,1.09,15.3,6,279,15.95,0.26,67,0,0,0.0,1.00,1.14,1.11,2.88,2.22,6.10
857000,210,51,8.9,0.0,0.0,0.4,8.6,0.0,1.00,19.3,9,873,46.40,0.56,51,0,0,0.0,1.00,1.00,1.00,2.18,3.08,3.25
858000,223,110,8.3,0.0,0.0,0.0,8.3,0.0,1.03,19.9,11,912,48.18,0.76,110,0,0,0.0,1.05,1.05,1.02,2.37,3.01,3.02
858000,228,80,7.1,0.0,0.0,0.0,7.1,0.0,1.00,15.9,3,294,16.42,0.26,78,0,2,0.0,1.00,1.00,1.00,2.65,2.00,6.03
858000,210,66,8.7,0.3,0.0,0.0,8.4,0.0,1.16,19.6,6,744,39.76,0.42,66,0,0,0.0,1.09,1.19,1.18,2.33,3.08,3.12
858000,212,56,8.8,0.5,0.0,0.0,8.3,0.0,1.15,15.9,6,271,15.79,0.17,56,0,0,0.0,1.01,1.18,1.22,2.77,2.21,5.91
858000,231,45,8.3,0.0,0.0,0.0,8.3,0.0,1.00,19.4,8,909,47.03,0.71,44,0,1,0.0,1.00,1.00,1.00,2.22,3.11,3.18
859000,223,77,8.4,0.0,0.0,0.0,8.4,0.0,1.00,19.9,10,939,48.91,0.73,77,0,0,0.0,1.00,1.00,1.00,2.27,3.03,3.01
859000,210,75,8.6,0.0,0.0,0.0,8.6,0.0,1.00,19.7,7,762,40.54,0.49,75,0,0,0.0,1.00,1.00,1.00,2.36,3.05,3.09
859000,228,74,7.5,0.1,0.0,0.2,7.1,0.0,1.02,15.6,7,316,17.93,0.33,73,0,1,0.0,1.00,1.03,1.04,2.70,2.09,6.11
859000,212,71,10.1,0.4,0.3,0.2,9.2,0.0,1.12,14.6,14,253,16.02,0.24,67,0,4,0.0,1.08,1.16,1.11,3.10,2.34,6.35
859000,231,36,8.0,0.0,0.0,0.0,8.0,0.0,1.00,19.6,6,899,45.85,0.55,36,0,0,0.0,1.00,1.00,1.00,2.22,3.03,3.19
860000,212,88,8.4,0.1,0.0,0.0,8.2,0.0,1.10,15.8,7,359,21.07,0.24,88,0,0,0.0,1.10,1.10,1.10,2.57,2.01,6.09
860000,210,84,8.8,0.0,0.0,0.1,8.7,0.0,1.00,19.6,12,927,48.77,0.39,84,0,0,0.0,1.00,1.00,1.00,2.38,3.05,3.17
860000,223,60,8.7,0.0,0.1,0.0,8.6,0.0,1.00,19.5,8,979,50.10,0.56,60,0,0,0.0,1.00,1.00,1.00,2.23,3.12,3.12
860000,228,51,7.0,0.0,0.0,0.1,6.9,0.0,1.00,16.0,2,354,19.64,0.22,51,0,0,0.0,1.00,1.00,1.00,2.69,1.98,6.04
860000,231,29,8.1,0.0,0.0,0.0,8.1,0.0,1.00,19.5,7,980,48.78,0.46,29,0,0,0.0,1.00,1.00,1.00,2.31,3.07,3.17
861000,210,92,8.8,0.1,0.0,0.0,8.7,0.0,1.03,19.6,14,923,48.79,0.34,92,0,0,0.0,1.03,1.03,1.04,2.32,3.13,3.10
861000,212,88,7.4,0.1,0.0,0.0,7.3,0.0,1.04,16.4,9,362,20.89,0.27,87,0,1,0.0,1.02,1.05,1.05,2.59,2.03,5.76
861000,228,67,7.4,0.0,0.0,0.0,7.4,0.0,1.00,15.8,7,334,18.80,0.29,67,0,0,0.0,1.00,1.00,1.00,2.69,2.03,6.06
861000,223,27,8.9,0.0,0.0,0.0,8.9,0.0,1.00,19.8,4,1433,73.72,0.69,27,0,0,0.0,1.00,1.00,1.00,2.11,3.04,3.07
861000,231,18,8.2,0.0,0.0,0.0,8.2,0.0,1.00,19.2,5,1192,58.96,0.71,18,0,0,0.0,1.00,1.00,1.00,2.39,3.28,3.11
861000,233,10,17.1,0.5,0.4,0.5,15.7,0.0,1.26,12.6,8,104,9.45,0.92,0,9,1,0.0,1.24,1.24,1.33,3.50,2.60,7.10
862000,210,118,8.7,0.1,0.0,0.0,8.6,0.0,1.06,19.6,17,780,40.66,0.31,118,0,0,0.0,1.06,1.06,1.06,2.39,3.14,3.06
862000,212,92,8.5,0.3,0.1,0.1,8.2,0.0,1.11,15.5,10,314,18.16,0.32,91,0,1,0.0,1.05,1.14,1.12,2.71,2.22,6.03
862000,228,58,7.4,0.0,0.0,0.0,7.4,0.0,1.01,15.9,6,326,18.02,0.25,58,0,0,0.0,1.00,1.01,1.01,2.64,2.03,6.03
862000,223,34,9.0,0.0,0.0,0.0,9.0,0.0,1.00,19.6,7,786,40.60,0.71,34,0,0,0.0,1.00,1.00,1.00,2.50,3.12,3.06
862000,233,13,22.5,0.4,5.1,0.2,16.8,0.0,1.38,9.4,9,78,8.60,0.79,0,11,2,0.0,1.50,1.50,1.31,5.00,3.85,7.54
862000,234,7,29.4,0.0,4.3,0.3,24.9,0.0,1.00,3.4,4,116,13.21,0.81,0,5,2,0.0,1.00,1.00,1.00,5.57,6.29,8.00
863000,212,142,7.1,0.0,0.0,0.0,7.1,0.0,1.00,16.0,4,331,18.28,0.26,141,0,1,0.0,1.00,1.00,1.00,2.56,2.00,5.99
863000,210,83,8.3,0.0,0.0,0.0,8.3,0.0,1.01,20.0,11,961,49.17,0.48,83,0,0,0.0,1.02,1.00,1.01,2.61,2.99,3.01
863000,223,55,9.0,0.0,0.0,0.0,9.0,0.0,1.00,19.6,11,745,40.08,0.60,55,0,0,0.0,1.00,1.00,1.00,2.22,3.15,3.07
863000,233,14,10.4,0.0,0.2,0.4,9.8,0.0,1.00,18.4,3,92,7.41,0.27,0,11,3,0.0,1.00,1.00,1.00,2.36,2.93,3.86
863000,234,12,26.8,1.0,1.7,0.2,23.9,0.0,1.16,5.5,4,72,10.16,0.54,0,10,2,0.0,1.00,1.33,1.16,4.17,5.42,7.83
863000,235,10,7.0,0.0,0.0,0.0,7.0,0.0,1.00,20.0,1,1182,56.93,0.67,10,0,0,0.0,1.00,1.00,1.00,2.40,3.00,3.00
864000,212,77,7.6,0.0,0.2,0.0,7.3,0.0,1.00,15.8,6,406,22.28,0.25,77,0,0,0.0,1.00,1.00,1.00,2.77,2.10,6.01
864000,223,61,9.0,0.0,0.0,0.0,9.0,0.0,1.00,19.6,10,958,51.09,0.64,61,0,0,0.0,1.00,1.00,1.00,2.15,3.08,3.11
864000,210,51,8.5,0.0,0.0,0.0,8.5,0.0,1.01,19.8,7,1079,54.75,0.52,51,0,0,0.0,1.01,1.00,1.01,2.31,3.06,3.04
864000,234,23,11.7,0.7,0.0,0.0,10.9,0.0,1.20,15.7,7,86,7.04,0.73,0,18,5,0.0,1.23,1.23,1.17,2.74,3.30,4.83
864000,233,20,12.2,0.0,0.2,0.1,11.9,0.0,1.00,16.4,4,61,4.86,0.10,0,15,5,0.0,1.00,1.00,1.00,2.80,3.15,4.65
864000,235,13,7.0,0.0,0.0,0.0,7.0,0.0,1.00,20.0,3,1176,56.07,0.43,13,0,0,0.0,1.00,1.00,1.00,2.77,3.00,3.00
865000,212,77,7.1,0.0,0.0,0.0,7.1,0.0,1.00,16.0,3,352,19.50,0.21,77,0,0,0.0,1.00,1.00,1.00,2.65,2.01,6.00
865000,223,52,8.8,0.0,0.0,0.0,8.8,0.0,1.00,19.8,8,1053,54.92,0.72,52,0,0,0.0,1.00,1.00,1.00,2.40,3.04,3.04
865000,210,31,8.5,0.0,0.0,0.0,8.5,0.0,1.01,19.7,6,1550,77.92,0.40,31,0,0,0.0,1.02,1.00,1.01,2.13,3.10,3.06
865000,233,16,13.6,1.1,0.0,0.0,12.4,0.0,1.33,15.6,5,104,8.78,0.81,0,12,4,0.0,1.00,1.33,1.60,3.50,3.19,5.00
865000,235,9,7.0,0.0,0.0,0.0,7.0,0.0,1.00,20.0,1,1454,68.91,0.65,9,0,0,0.0,1.00,1.00,1.00,2.44,3.00,3.00
865000,234,6,14.3,0.0,0.0,0.0,14.3,0.0,1.00,13.0,3,208,16.85,1.62,0,5,1,0.0,1.00,1.00,1.00,3.33,3.50,6.00
866000,212,81,7.3,0.0,0.1,0.1,7.0,0.0,1.00,15.9,5,309,17.14,0.30,81,0,0,0.0,1.00,1.00,1.00,2.65,2.01,6.05
866000,223,33,8.8,0.0,0.0,0.0,8.8,0.0,1.00,19.9,7,983,52.59,0.74,33,0,0,0.0,1.00,1.00,1.00,2.06,3.03,3.03
866000,234,12,13.7,0.2,0.0,0.0,13.5,0.0,1.05,12.7,6,62,6.81,0.60,0,8,4,0.0,1.04,1.04,1.05,2.75,4.33,5.33
866000,235,11,7.0,0.0,0.0,0.0,7.0,0.0,1.00,20.0,1,1097,52.27,0.80,11,0,0,0.0,1.00,1.00,1.00,2.00,3.00,3.00
866000,210,9,10.4,0.0,0.0,0.0,10.4,0.0,1.00,18.0,3,792,41.82,0.68,9,0,0,0.0,1.00,1.00,1.00,2.22,3.33,3.67
866000,233,7,8.6,0.0,0.0,0.0,8.6,0.0,1.00,18.3,2,148,10.14,0.22,0,6,1,0.0,1.00,1.00,1.00,2.14,2.43,4.43
867000,212,105,7.2,0.0,0.0,0.0,7.1,0.0,1.00,16.1,5,349,18.77,0.23,102,0,3,0.0,1.00,1.00,1.00,2.69,2.01,5.95
867000,223,28,10.5,0.0,0.0,0.0,10.5,0.0,1.00,19.2,5,1040,55.52,0.75,28,0,0,0.0,1.00,1.00,1.00,2.64,3.21,3.18
867000,234,12,15.8,1.0,0.0,0.0,14.8,0.0,1.24,12.8,4,75,8.37,0.51,0,10,2,0.0,1.34,1.29,1.16,3.67,4.67,4.92
867000,235,11,9.3,0.0,0.0,0.0,9.3,0.0,1.00,18.5,3,1043,49.60,0.83,11,0,0,0.0,1.00,1.00,1.00,2.55,3.55,3.18
867000,210,7,8.3,0.0,0.0,0.0,8.3,0.0,1.00,19.7,2,1278,63.38,1.06,7,0,0,0.0,1.00,1.00,1.00,2.14,3.14,3.00
868000,212,95,7.2,0.0,0.0,0.1,7.1,0.0,1.00,16.1,6,277,15.75,0.23,95,0,0,0.0,1.00,1.00,1.00,2.63,2.00,5.95
868000,237,64,8.5,0.2,0.0,0.6,7.8,0.0,1.06,15.4,8,311,18.12,0.20,64,0,0,0.0,1.00,1.07,1.10,2.88,2.27,6.03
868000,223,40,8.8,0.0,0.0,0.0,8.8,0.0,1.00,19.8,6,1039,55.30,0.63,40,0,0,0.0,1.00,1.00,1.00,2.42,3.08,3.05
868000,238,21,8.4,0.0,0.0,0.0,8.4,0.0,1.00,19.5,7,622,32.41,0.32,21,0,0,0.0,1.00,1.00,1.00,2.10,3.19,3.05
868000,234,14,11.9,0.0,0.0,0.0,11.9,0.0,1.00,14.1,2,113,8.38,0.40,0,14,0,0.0,1.00,1.00,1.00,2.86,4.07,4.86
868000,235,6,7.0,0.0,0.0,0.0,7.0,0.0,1.00,20.0,3,1544,73.89,1.79,6,0,0,0.0,1.00,1.00,1.00,2.67,3.17,2.83
869000,212,129,8.0,0.0,0.4,0.0,7.6,0.0,1.01,16.6,12,298,16.88,0.29,128,0,1,0.0,1.00,1.01,1.01,2.54,2.05,5.67
869000,223,60,8.5,0.0,0.0,0.0,8.5,0.0,1.00,19.8,10,958,50.73,0.70,60,0,0,0.0,1.00,1.00,1.00,2.12,3.05,3.05
869000,237,43,8.0,0.0,0.0,0.0,7.9,0.0,1.01,15.7,6,483,27.45,0.34,43,0,0,0.0,1.00,1.01,1.02,2.88,2.07,6.09
869000,234,27,11.8,0.0,0.0,0.0,11.8,0.0,1.00,13.9,3,62,5.39,0.36,0,20,7,0.0,1.00,1.00,1.00,2.70,4.15,4.93
869000,238,12,9.2,0.0,0.0,0.0,9.2,0.0,1.00,19.2,2,833,43.04,0.13,12,0,0,0.0,1.00,1.00,1.00,2.00,3.42,3.00
870000,212,95,7.7,0.0,0.0,0.0,7.7,0.0,1.00,17.1,7,371,20.37,0.31,93,0,2,0.0,1.00,1.00,1.00,2.56,1.97,5.47
870000,223,53,9.0,0.0,0.0,0.0,9.0,0.0,1.00,19.8,6,1025,53.77,0.69,53,0,0,0.0,1.00,1.00,1.00,2.13,3.06,3.06
870000,237,38,8.4,0.0,0.0,0.0,8.4,0.0,1.00,15.5,7,377,21.60,0.31,37,0,1,0.0,1.00,1.00,1.00,2.76,2.08,6.16
870000,239,23,8.4,0.0,0.0,0.0,8.4,0.0,1.00,19.7,6,552,28.97,0.29,23,0,0,0.0,1.00,1.00,1.00,2.04,3.04,3.09
870000,238,16,7.2,0.0,0.0,0.0,7.2,0.0,1.00,20.8,2,690,34.69,0.23,16,0,0,0.0,1.00,1.00,1.00,1.94,3.00,2.62
870000,234,15,11.6,0.0,0.0,0.0,11.6,0.0,1.00,14.5,2,92,6.60,0.85,0,14,1,0.0,1.00,1.00,1.00,2.73,3.87,4.87
871000,212,56,9.0,0.4,0.0,0.8,7.9,0.0,1.06,16.1,7,286,16.36,0.34,56,0,0,0.0,1.00,1.12,1.06,2.73,2.18,5.75
871000,223,46,8.7,0.0,0.0,0.0,8.7,0.0,1.00,19.7,9,1285,66.52,0.72,46,0,0,0.0,1.00,1.00,1.00,2.24,3.07,3.07
871000,237,40,8.6,0.0,0.0,0.0,8.6,0.0,1.00,16.2,9,346,19.91,0.29,39,0,1,0.0,1.00,1.00,1.00,2.65,2.03,5.85
871000,239,28,8.2,0.3,0.1,0.0,7.8,0.0,1.20,20.0,4,975,50.95,0.33,28,0,0,0.0,1.21,1.21,1.19,2.11,2.96,3.04
871000,238,24,6.8,0.0,0.0,0.0,6.8,0.0,1.00,21.2,2,866,42.00,0.25,24,0,0,0.0,1.00,1.00,1.00,2.17,3.00,2.38
871000,234,18,13.9,0.0,0.0,0.0,13.9,0.0,1.00,12.7,6,82,7.93,1.43,0,14,4,0.0,1.00,1.00,1.00,3.17,4.78,4.89
871000,210,8,7.6,0.0,0.0,0.0,7.6,0.0,1.00,20.2,2,1280,64.27,0.52,8,0,0,0.0,1.00,1.00,1.00,1.88,3.00,2.88
872000,212,74,9.0,0.0,1.0,0.1,7.9,0.0,1.00,16.0,13,343,19.19,0.26,73,0,1,0.0,1.00,1.01,1.01,2.59,2.30,5.69
872000,241,73,10.7,1.0,0.0,0.5,9.2,0.0,1.33,12.8,11,155,10.38,0.18,73,0,0,0.0,1.32,1.40,1.31,3.32,2.33,7.25
872000,223,36,9.0,0.0,0.0,0.0,9.0,0.0,1.00,19.8,5,1190,61.11,0.74,36,0,0,0.0,1.00,1.00,1.00,2.28,3.06,3.06
872000,239,33,7.9,0.0,0.0,0.0,7.9,0.0,1.00,20.1,6,1128,57.44,0.34,33,0,0,0.0,1.00,1.00,1.00,2.12,3.03,2.94
872000,237,27,9.1,0.0,0.1,0.1,9.0,0.0,1.00,16.4,9,380,22.98,0.48,25,0,2,0.0,1.00,1.00,1.00,2.67,2.07,5.89
872000,234,14,13.1,0.1,0.0,0.0,12.9,0.0,1.05,14.0,6,156,12.51,0.46,0,9,5,0.0,1.00,1.06,1.07,3.00,4.07,4.93
872000,238,13,7.1,0.0,0.0,0.0,7.1,0.0,1.00,20.9,2,1954,92.51,0.25,13,0,0,0.0,1.00,1.00,1.00,2.00,3.00,2.54
872000,210,5,7.4,0.0,0.0,0.0,7.4,0.0,1.00,20.4,2,1443,73.60,0.37,5,0,0,0.0,1.00,1.00,1.00,1.40,3.00,2.80
873000,241,247,9.4,0.2,0.1,0.1,9.0,0.0,1.05,14.9,22,254,15.22,0.33,247,0,0,0.0,1.02,1.07,1.05,2.90,2.17,6.37
873000,237,25,8.7,0.4,0.1,0.2,8.0,0.0,1.20,15.4,8,141,8.81,0.10,9,15,1,0.0,1.08,1.33,1.19,2.80,2.24,6.08
873000,239,20,7.8,0.0,0.0,0.0,7.8,0.0,1.00,20.2,3,912,46.35,0.52,20,0,0,0.0,1.00,1.00,1.00,1.95,3.00,2.90
873000,234,20,18.3,0.6,0.9,0.0,16.8,0.0,1.03,9.5,6,75,7.24,0.72,0,12,8,0.0,1.00,1.12,1.01,4.10,4.25,7.00
873000,238,6,8.3,0.0,0.0,0.0,8.3,0.0,1.00,19.7,3,1863,88.57,0.38,6,0,0,0.0,1.00,1.00,1.00,2.17,3.67,2.50
873000,210,5,7.8,0.0,0.0,0.0,7.8,0.0,1.00,20.0,2,1469,74.59,0.14,5,0,0,0.0,1.00,1.00,1.00,1.80,3.00,3.00
873000,223,5,9.0,0.0,0.0,0.0,9.0,0.0,1.00,20.0,1,1105,57.93,0.61,5,0,0,0.0,1.00,1.00,1.00,2.60,3.00,3.00
874000,241,232,9.1,0.1,0.2,0.0,8.7,0.0,1.02,16.7,22,316,18.43,0.34,232,0,0,0.0,1.01,1.03,1.02,2.58,2.10,5.57
874000,234,27,9.1,0.0,0.6,0.0,8.5,0.0,1.00,19.0,6,85,5.75,0.26,0,22,5,0.0,1.00,1.00,1.00,2.48,2.26,4.22
874000,239,22,8.1,0.0,0.0,0.0,8.1,0.0,1.00,20.0,2,1173,59.01,0.46,22,0,0,0.0,1.00,1.00,1.00,2.36,3.00,3.00
874000,237,7,9.6,0.0,0.0,0.0,9.6,0.0,1.00,13.4,3,158,9.67,0.23,0,7,0,0.0,1.00,1.00,1.00,2.71,2.00,7.29
874000,210,6,9.3,0.0,0.0,0.0,9.3,0.0,1.00,18.3,5,178,9.65,0.30,6,0,0,0.0,1.00,1.00,1.00,3.00,3.33,3.50
874000,238,5,9.6,0.0,0.0,0.0,9.6,0.0,1.00,18.0,3,1296,68.34,1.11,5,0,0,0.0,1.00,1.00,1.00,2.20,3.80,3.20
875000,241,223,8.0,0.1,0.0,0.0,7.9,0.0,1.01,17.5,8,410,22.96,0.34,223,0,0,0.0,1.00,1.02,1.01,2.53,2.04,5.23
875000,234,23,11.2,0.7,0.5,0.0,9.9,0.0,1.24,16.7,7,119,8.51,0.35,0,19,4,0.0,1.00,1.34,1.30,2.87,2.30,5.35
875000,239,19,8.0,0.0,0.0,0.0,8.0,0.0,1.00,20.0,1,1449,71.84,0.42,19,0,0,0.0,1.00,1.00,1.00,2.11,3.00,3.00
875000,210,7,8.4,0.0,0.0,0.0,8.4,0.0,1.00,19.1,4,930,47.83,0.34,7,0,0,0.0,1.00,1.00,1.00,2.14,3.14,3.29
876000,241,235,8.2,0.1,0.1,0.1,7.9,0.0,1.02,17.3,11,452,25.13,0.37,234,0,1,0.0,1.00,1.03,1.02,2.51,2.07,5.27
876000,239,34,8.9,0.1,0.0,0.0,8.8,0.0,1.04,19.1,8,710,36.36,0.27,34,0,0,0.0,1.01,1.07,1.03,2.26,3.24,3.21
876000,234,8,17.2,0.0,3.1,0.0,14.1,0.0,1.00,12.0,5,102,8.90,0.30,0,7,1,0.0,1.00,1.00,1.00,4.38,3.62,6.62
877000,241,293,8.0,0.0,0.0,0.0,7.9,0.0,1.00,17.6,12,401,22.62,0.35,290,0,3,0.0,1.00,1.00,1.00,2.57,2.01,5.17
877000,239,61,8.7,0.0,0.0,0.0,8.6,0.0,1.00,19.4,10,630,34.15,0.37,61,0,0,0.0,1.00,1.00,1.00,2.16,3.07,3.28
877000,234,19,11.5,0.0,0.0,0.0,11.5,0.0,1.00,16.4,2,124,10.31,0.46,0,18,1,0.0,1.00,1.00,1.00,2.89,2.89,4.89
878000,241,233,8.7,0.0,0.2,0.0,8.4,0.0,1.01,17.2,15,413,23.01,0.36,233,0,0,0.0,1.01,1.01,1.01,2.60,2.07,5.32
878000,239,97,9.5,0.2,0.1,0.0,9.2,0.0,1.11,18.8,16,696,39.96,0.50,97,0,0,0.0,1.11,1.08,1.14,2.40,3.09,3.53
878000,243,34,9.7,0.2,0.7,0.2,8.6,0.0,1.05,15.8,7,347,19.33,0.37,34,0,0,0.0,1.00,1.06,1.08,2.82,2.35,5.74
878000,234,12,11.6,0.0,0.0,0.0,11.6,0.0,1.00,16.2,3,88,6.19,0.33,0,10,2,0.0,1.00,1.00,1.00,3.33,2.92,5.00
879000,241,220,8.2,0.0,0.0,0.2,7.9,0.0,1.01,17.8,10,429,23.97,0.35,219,0,1,0.0,1.00,1.01,1.01,2.42,2.05,5.09
879000,239,111,9.2,0.1,0.0,0.0,9.2,0.0,1.03,18.8,17,774,42.99,0.66,111,0,0,0.0,1.04,1.03,1.03,2.40,3.14,3.43
879000,243,41,10.1,0.0,0.0,0.3,9.8,0.0,1.00,16.9,6,347,20.10,0.30,41,0,0,0.0,1.00,1.00,1.00,2.66,2.24,5.32
879000,234,27,12.6,0.7,0.0,0.0,11.8,0.0,1.38,16.3,12,82,6.37,0.42,0,23,4,0.0,1.29,1.33,1.49,3.00,2.81,5.04
880000,241,202,8.1,0.0,0.0,0.0,8.1,0.0,1.00,18.1,13,442,25.03,0.38,201,0,1,0.0,1.00,1.00,1.01,2.52,2.04,4.94
880000,239,134,9.7,0.1,0.1,0.0,9.5,0.0,1.04,18.3,22,520,28.90,0.40,134,0,0,0.0,1.04,1.02,1.04,2.40,3.23,3.60
880000,243,39,8.8,0.4,0.0,0.2,8.3,0.0,1.09,17.5,3,460,25.69,0.43,39,0,0,0.0,1.00,1.12,1.12,2.62,2.18,5.08
880000,234,16,8.1,0.0,0.0,0.0,8.1,0.0,1.00,18.1,5,93,6.31,0.54,0,15,1,0.0,1.00,1.00,1.00,2.31,3.00,3.94
881000,241,185,8.3,0.0,0.0,0.1,8.1,0.0,1.00,18.0,11,463,25.72,0.40,184,0,1,0.0,1.00,1.00,1.00,2.51,2.05,4.94
881000,239,147,9.6,0.1,0.1,0.0,9.3,0.0,1.05,18.5,23,601,34.63,0.49,147,0,0,0.0,1.05,1.04,1.05,2.35,3.19,3.57
881000,234,20,9.4,0.2,0.0,0.0,9.3,0.0,1.03,18.2,7,93,6.52,0.27,0,20,0,0.0,1.00,1.04,1.06,2.55,2.10,4.80
882000,241,183,9.5,0.1,0.1,0.6,8.7,0.0,1.03,17.1,15,375,21.20,0.32,168,9,6,0.0,1.03,1.04,1.03,2.59,2.33,5.11
882000,239,135,8.9,0.1,0.0,0.0,8.8,0.0,1.05,19.1,19,780,43.66,0.57,135,0,0,0.0,1.05,1.02,1.06,2.28,3.13,3.34
882000,234,14,10.4,0.0,0.0,0.0,10.4,0.0,1.00,18.0,4,108,7.73,0.58,0,14,0,0.0,1.00,1.00,1.00,2.36,2.43,4.57
883000,241,150,8.6,0.1,0.1,0.1,8.4,0.0,1.01,17.5,13,430,24.21,0.31,146,3,1,0.0,1.00,1.02,1.01,2.67,2.24,5.03
883000,239,136,8.8,0.0,0.0,0.0,8.8,0.0,1.00,19.3,8,729,39.81,0.48,136,0,0,0.0,1.00,1.00,1.00,2.52,3.01,3.35
884000,241,149,8.8,0.0,0.6,0.2,8.0,0.0,1.00,17.8,19,389,21.31,0.27,137,12,0,0.0,1.00,1.00,1.00,2.59,2.32,4.78
884000,239,132,9.3,0.1,0.1,0.0,9.1,0.0,1.04,18.8,14,783,42.57,0.45,132,0,0,0.0,1.05,1.04,1.04,2.42,3.11,3.46
884000,234,14,12.3,0.0,0.0,0.0,12.3,0.0,1.00,17.3,6,103,8.16,0.33,0,14,0,0.0,1.00,1.00,1.00,3.29,3.29,4.07
885000,239,158,9.8,0.0,0.1,0.0,9.6,0.0,1.02,18.4,20,717,39.78,0.53,158,0,0,0.0,1.03,1.01,1.02,2.51,3.20,3.59
885000,241,133,8.2,0.0,0.3,0.1,7.7,0.0,1.01,18.2,13,428,23.11,0.27,130,3,0,0.0,1.00,1.01,1.02,2.43,2.19,4.70
885000,234,14,7.4,0.0,0.0,0.0,7.4,0.0,1.00,20.7,5,149,8.69,0.24,0,12,2,0.0,1.00,1.00,1.00,1.79,2.43,3.21
886000,239,138,9.1,0.1,0.0,0.0,9.0,0.0,1.05,19.0,16,756,42.35,0.69,138,0,0,0.0,1.05,1.05,1.05,2.41,3.07,3.42
886000,241,138,7.4,0.0,0.0,0.0,7.3,0.0,1.01,18.9,14,412,22.08,0.28,131,2,5,0.0,1.00,1.01,1.01,2.46,2.13,4.41
886000,234,27,10.4,0.0,0.3,0.0,10.1,0.0,1.00,17.7,11,86,6.39,0.44,0,20,7,0.0,1.00,1.00,1.00,2.41,3.26,4.04
887000,239,148,8.9,0.0,0.1,0.0,8.8,0.0,1.03,19.1,16,763,42.55,0.63,148,0,0,0.0,1.04,1.02,1.03,2.32,3.07,3.36
887000,241,133,7.8,0.1,0.0,0.1,7.6,0.0,1.05,18.5,13,500,26.74,0.26,127,5,1,0.0,1.05,1.05,1.05,2.49,2.07,4.68
887000,234,12,10.2,0.0,0.0,0.0,10.2,0.0,1.00,18.3,9,139,10.20,0.59,0,12,0,0.0,1.00,1.00,1.00,2.83,3.00,3.83
888000,241,181,8.0,0.3,0.1,0.1,7.5,0.0,1.07,18.9,18,451,24.16,0.31,162,15,4,0.0,1.05,1.09,1.07,2.46,2.13,4.48
888000,239,152,9.0,0.1,0.0,0.0,8.9,0.0,1.05,19.1,14,775,43.08,0.60,152,0,0,0.0,1.05,1.05,1.05,2.61,3.06,3.39
888000,234,16,13.4,1.5,0.0,0.0,11.9,0.0,1.47,16.6,8,98,7.67,0.37,0,13,3,0.0,1.53,1.52,1.41,2.81,3.19,4.50
889000,239,178,9.1,0.0,0.1,0.1,8.9,0.0,1.00,19.1,20,679,37.48,0.55,178,0,0,0.0,1.00,1.00,1.00,2.43,3.11,3.35
889000,241,96,8.9,0.0,0.3,0.4,8.1,0.0,1.00,17.5,15,357,19.81,0.31,78,10,8,0.0,1.00,1.01,1.01,2.51,2.26,5.01
889000,234,12,13.7,1.8,0.0,0.0,11.9,0.0,1.59,16.0,7,93,7.64,0.19,0,11,1,0.0,1.55,1.57,1.68,3.00,3.25,4.75
890000,239,143,8.6,0.1,0.0,0.1,8.5,0.0,1.05,19.5,14,762,41.03,0.53,143,0,0,0.0,1.05,1.03,1.06,2.24,3.03,3.24
890000,241,116,8.2,0.1,0.3,0.1,7.8,0.0,1.04,18.2,17,286,16.48,0.23,97,19,0,0.0,1.00,1.05,1.05,2.57,2.28,4.66
890000,234,15,11.7,0.5,0.0,0.0,11.2,0.0,1.15,17.6,5,78,6.38,0.27,0,9,6,0.0,1.22,1.14,1.11,2.47,3.20,4.00
891000,241,150,8.3,0.1,0.0,0.1,8.1,0.0,1.03,18.0,19,371,20.54,0.27,133,11,6,0.0,1.00,1.05,1.04,2.50,2.23,4.78
891000,239,148,8.8,0.0,0.0,0.0,8.8,0.0,1.00,19.4,17,698,37.58,0.53,148,0,0,0.0,1.00,1.00,1.00,2.27,3.14,3.16
891000,234,14,11.5,0.0,0.0,0.0,11.5,0.0,1.00,17.4,5,116,8.79,0.25,0,12,2,0.0,1.00,1.00,1.00,2.07,3.43,3.86
892000,241,156,8.1,0.0,0.0,0.1,8.0,0.0,1.00,18.3,12,379,20.53,0.25,137,14,5,0.0,1.00,1.00,1.00,2.57,2.12,4.74
892000,239,155,8.6,0.1,0.1,0.0,8.4,0.0,1.07,19.5,18,823,44.59,0.58,155,0,0,0.0,1.08,1.05,1.07,2.46,3.05,3.21
892000,234,16,9.0,0.0,0.0,0.0,9.0,0.0,1.00,18.6,6,55,4.37,0.11,0,13,3,0.0,1.00,1.00,1.00,2.38,2.56,4.12
893000,239,162,8.7,0.0,0.0,0.0,8.7,0.0,1.00,19.4,16,750,41.84,0.55,161,0,1,0.0,1.00,1.00,1.00,2.31,3.10,3.20
893000,241,110,7.8,0.0,0.0,0.1,7.7,0.0,1.00,18.2,10,358,19.88,0.31,93,13,4,0.0,1.00,1.00,1.00,2.51,2.13,4.77
894000,239,167,8.3,0.1,0.0,0.0,8.2,0.0,1.06,19.6,22,623,33.75,0.47,167,0,0,0.0,1.06,1.03,1.08,2.31,3.05,3.13
894000,241,91,7.8,0.1,0.0,0.2,7.5,0.0,1.03,18.0,10,384,21.41,0.27,79,10,2,0.0,1.00,1.06,1.04,2.57,2.22,4.78
895000,239,123,8.3,0.1,0.0,0.0,8.3,0.0,1.06,19.6,13,778,41.86,0.64,123,0,0,0.0,1.05,1.04,1.07,2.22,3.04,3.15
895000,241,120,8.9,0.1,0.5,0.2,8.1,0.0,1.01,17.9,18,336,18.89,0.37,102,14,4,0.0,1.00,1.02,1.01,2.78,2.26,4.84
896000,241,116,7.6,0.1,0.2,0.1,7.1,0.0,1.03,18.1,8,360,19.30,0.25,108,7,1,0.0,1.00,1.06,1.03,2.58,2.14,4.84
896000,239,108,8.6,0.1,0.1,0.1,8.3,0.0,1.03,19.4,13,851,45.49,0.63,108,0,0,0.0,1.03,1.03,1.03,2.37,3.02,3.27
897000,241,125,8.5,0.4,0.2,0.2,7.7,0.0,1.09,17.6,12,415,22.31,0.30,124,0,1,0.0,1.08,1.08,1.11,2.62,2.22,5.00
897000,239,95,8.2,0.0,0.0,0.0,8.2,0.0,1.00,19.8,6,960,50.14,0.58,95,0,0,0.0,1.00,1.00,1.00,2.23,3.00,3.11
898000,241,123,7.6,0.2,0.3,0.1,7.1,0.0,1.03,18.2,12,452,23.79,0.27,121,0,2,0.0,1.00,1.05,1.03,2.44,2.10,4.83
898000,239,86,8.2,0.0,0.0,0.0,8.2,0.0,1.00,19.8,7,964,49.70,0.51,86,0,0,0.0,1.00,1.00,1.00,2.31,3.03,3.06
899000,241,118,7.4,0.0,0.1,0.2,7.1,0.0,1.00,18.0,9,389,20.90,0.23,116,0,2,0.0,1.00,1.00,1.00,2.39,2.04,4.97
899000,239,81,8.2,0.0,0.0,0.0,8.2,0.0,1.00,19.8,10,986,50.84,0.46,81,0,0,0.0,1.00,1.00,1.00,2.47,3.04,3.06
900000,241,141,8.0,0.0,0.2,0.2,7.6,0.0,1.00,18.1,17,503,26.45,0.24,140,0,1,0.0,1.00,1.00,1.00,2.56,2.15,4.83
900000,239,94,8.2,0.0,0.0,0.0,8.2,0.0,1.00,19.8,13,913,47.58,0.44,94,0,0,0.0,1.00,1.00,1.00,2.19,3.06,3.03
900000,247,13,8.5,0.5,0.0,0.0,8.0,0.0,1.18,18.3,4,205,12.93,0.62,0,13,0,0.0,1.00,1.33,1.19,2.85,2.38,4.46
901000,241,123,8.0,0.0,0.5,0.2,7.3,0.0,1.01,18.3,14,417,22.43,0.20,120,0,3,0.0,1.00,1.01,1.01,2.37,2.24,4.63
901000,239,80,8.3,0.0,0.0,0.0,8.3,0.0,1.00,19.7,12,823,41.73,0.44,80,0,0,0.0,1.00,1.00,1.00,2.34,3.09,3.06
901000,247,19,11.8,0.0,0.0,0.0,11.8,0.0,1.00,16.3,4,129,8.02,0.22,0,18,1,0.0,1.00,1.00,1.00,3.05,3.16,4.68
902000,241,112,7.9,0.3,0.1,0.1,7.4,0.0,1.08,18.7,12,517,27.25,0.24,111,0,1,0.0,1.05,1.10,1.08,2.41,2.17,4.48
902000,239,65,8.0,0.0,0.0,0.0,8.0,0.0,1.00,19.9,5,1064,54.80,0.56,65,0,0,0.0,1.00,1.00,1.00,2.22,3.00,3.03
902000,247,9,25.2,0.0,0.4,5.2,19.6,0.0,1.00,7.6,4,106,11.46,0.46,0,9,0,0.0,1.00,1.00,1.00,4.89,5.00,7.22
903000,241,168,8.6,0.2,0.2,0.4,7.8,0.0,1.05,17.3,22,391,21.58,0.29,166,0,2,0.0,1.03,1.09,1.05,2.58,2.46,4.89
903000,239,60,8.6,0.0,0.0,0.1,8.5,0.0,1.00,19.4,8,997,50.07,0.38,60,0,0,0.0,1.00,1.00,1.00,2.43,3.10,3.18
903000,247,14,11.0,0.2,0.6,0.1,10.0,0.0,1.09,14.7,7,137,10.11,0.35,0,13,1,0.1,1.08,1.08,1.11,2.93,3.50,5.21
904000,241,141,7.7,0.2,0.0,0.0,7.4,0.0,1.05,17.4,16,440,23.45,0.30,141,0,0,0.0,1.00,1.07,1.08,2.57,2.26,5.05
904000,239,44,8.1,0.0,0.0,0.0,8.1,0.0,1.02,19.8,9,1219,60.83,0.35,44,0,0,0.0,1.03,1.00,1.02,2.07,3.02,3.07
905000,241,119,7.5,0.0,0.0,0.0,7.5,0.0,1.00,19.0,7,438,24.19,0.40,118,0,1,0.0,1.00,1.00,1.00,2.31,2.29,4.19
905000,239,47,8.6,0.1,0.0,0.0,8.6,0.0,1.03,19.4,10,983,49.82,0.34,47,0,0,0.0,1.04,1.01,1.02,2.09,3.06,3.21
905000,247,9,17.7,0.0,0.0,0.0,17.7,0.0,1.00,9.3,4,128,11.74,0.31,0,7,2,0.0,1.00,1.00,1.00,4.44,4.00,7.33
906000,241,216,7.9,0.1,0.0,0.2,7.6,0.0,1.02,18.1,13,472,26.20,0.34,215,0,1,0.0,1.00,1.04,1.03,2.46,2.25,4.72
906000,239,49,8.2,0.0,0.0,0.2,8.0,0.0,1.00,19.8,7,1026,52.39,0.43,49,0,0,0.0,1.00,1.00,1.00,2.39,3.02,3.10
907000,241,201,8.3,0.0,0.0,0.1,8.2,0.0,1.00,18.2,18,496,27.95,0.38,200,0,1,0.0,1.00,1.00,1.00,2.52,2.33,4.55
907000,239,57,7.9,0.1,0.0,0.0,7.8,0.0,1.12,20.1,5,978,49.25,0.38,57,0,0,0.0,1.12,1.12,1.12,2.25,2.98,2.98
908000,241,204,8.7,0.0,0.0,0.2,8.5,0.0,1.01,18.0,15,469,26.18,0.37,204,0,0,0.0,1.00,1.01,1.02,2.62,2.56,4.44
908000,239,53,8.0,0.0,0.0,0.0,8.0,0.0,1.00,20.0,2,1357,67.63,0.49,53,0,0,0.0,1.00,1.00,1.00,2.02,3.00,3.02
909000,241,163,8.5,0.0,0.0,0.1,8.4,0.0,1.00,18.4,17,457,25.51,0.36,162,0,1,0.0,1.00,1.00,1.00,2.52,2.66,4.15
909000,239,44,8.0,0.0,0.0,0.0,8.0,0.0,1.00,19.9,6,1186,58.67,0.51,44,0,0,0.0,1.00,1.00,1.00,2.09,3.02,3.02
910000,241,204,8.6,0.0,0.1,0.0,8.4,0.0,1.00,18.5,16,487,27.09,0.36,203,1,0,0.0,1.00,1.00,1.00,2.62,2.73,4.02
910000,239,47,8.5,0.0,0.1,0.0,8.4,0.0,1.00,19.5,9,1105,54.89,0.40,47,0,0,0.0,1.00,1.00,1.00,2.13,3.13,3.13
911000,241,183,9.0,0.2,0.1,0.0,8.6,0.0,1.07,18.1,22,528,29.12,0.40,182,0,1,0.0,1.07,1.06,1.09,2.66,2.93,4.03
911000,239,53,8.4,0.0,0.0,0.0,8.4,0.0,1.00,19.6,6,809,42.28,0.34,53,0,0,0.0,1.00,1.00,1.00,2.30,3.19,3.02
912000,241,162,9.0,0.0,0.1,0.1,8.7,0.0,1.02,18.0,16,513,28.82,0.46,159,0,3,0.0,1.01,1.01,1.02,2.51,2.99,4.07
912000,239,63,8.5,0.0,0.0,0.0,8.5,0.0,1.00,19.5,7,878,46.01,0.39,63,0,0,0.0,1.00,1.00,1.00,2.19,3.19,3.08
913000,241,124,7.8,0.1,0.0,0.1,7.6,0.0,1.04,18.9,9,411,22.58,0.32,111,9,4,0.0,1.00,1.06,1.04,2.35,2.14,4.43
913000,239,60,8.3,0.0,0.0,0.0,8.2,0.0,1.00,19.7,8,924,47.46,0.34,60,0,0,0.0,1.00,1.00,1.00,2.15,3.10,3.07
914000,241,72,7.9,0.0,0.3,0.1,7.5,0.0,1.00,18.4,5,440,23.22,0.36,62,6,4,0.0,1.00,1.00,1.00,2.62,2.19,4.61
914000,239,61,8.3,0.0,0.0,0.0,8.3,0.0,1.00,19.6,6,842,44.17,0.48,61,0,0,0.0,1.00,1.00,1.00,2.43,3.10,3.08
915000,241,73,7.5,0.0,0.0,0.2,7.3,0.0,1.00,19.0,9,393,21.20,0.34,71,2,0,0.0,1.00,1.00,1.00,2.40,2.07,4.41
915000,239,64,8.2,0.0,0.0,0.0,8.2,0.0,1.00,19.8,5,979,50.54,0.39,64,0,0,0.0,1.00,1.00,1.00,2.16,3.03,3.08
916000,241,99,8.4,0.3,0.6,0.3,7.2,0.0,1.10,17.4,10,302,16.63,0.19,87,5,7,0.1,1.06,1.14,1.10,2.71,2.19,5.16
916000,239,36,8.1,0.0,0.0,0.0,8.1,0.0,1.00,19.8,2,1619,80.62,0.38,36,0,0,0.0,1.00,1.00,1.00,1.92,3.00,3.11
917000,251,148,9.5,0.0,0.1,0.0,9.4,0.0,1.00,17.7,12,584,33.34,0.50,148,0,0,0.0,1.00,1.00,1.00,2.49,4.15,3.00
917000,241,93,8.0,0.2,0.1,0.2,7.5,0.0,1.05,17.5,11,411,22.31,0.27,85,6,2,0.1,1.03,1.07,1.05,2.54,2.09,5.20
917000,239,22,8.5,0.0,0.0,0.0,8.5,0.0,1.00,19.4,4,1231,61.55,0.46,22,0,0,0.0,1.00,1.00,1.00,2.41,3.05,3.27
918000,251,177,9.5,0.2,0.0,0.0,9.3,0.0,1.04,17.7,12,603,34.30,0.42,177,0,0,0.0,1.02,1.05,1.04,2.53,4.14,3.03
918000,241,83,9.0,0.1,0.0,0.0,8.9,0.0,1.02,16.9,10,288,16.20,0.31,71,8,4,0.0,1.00,1.03,1.03,2.57,2.19,5.37
918000,239,30,8.3,0.0,0.0,0.0,8.3,0.0,1.00,19.8,3,868,45.07,0.27,30,0,0,0.0,1.00,1.00,1.00,2.27,3.00,3.10
919000,251,135,9.3,0.0,0.0,0.0,9.3,0.0,1.00,17.9,12,835,46.63,0.61,134,0,1,0.0,1.00,1.00,1.00,2.48,4.10,2.96
919000,241,122,8.0,0.0,0.1,0.2,7.6,0.0,1.01,17.2,12,321,17.95,0.29,116,6,0,0.0,1.00,1.02,1.03,2.61,2.13,5.25
919000,239,20,8.6,0.0,0.0,0.0,8.6,0.0,1.00,19.8,3,1265,64.35,0.41,20,0,0,0.0,1.00,1.00,1.00,1.95,3.10,3.00
920000,251,133,9.8,0.0,0.0,0.1,9.8,0.0,1.00,17.6,19,705,39.48,0.47,133,0,0,0.0,1.00,1.00,1.00,2.53,4.14,3.05
920000,241,101,7.8,0.0,0.0,0.1,7.6,0.0,1.00,17.2,6,331,18.59,0.27,101,0,0,0.0,1.00,1.00,1.01,2.60,2.06,5.33
920000,239,13,8.0,0.0,0.0,0.0,8.0,0.0,1.00,20.0,1,1427,70.53,0.56,13,0,0,0.0,1.00,1.00,1.00,2.23,3.00,3.00
921000,251,106,9.7,0.0,0.1,0.0,9.6,0.0,1.00,17.6,16,713,39.63,0.47,105,0,1,0.0,1.00,1.00,1.00,2.41,4.19,3.03
921000,241,102,8.3,0.0,0.0,0.3,7.9,0.0,1.01,16.8,9,358,20.45,0.34,101,0,1,0.0,1.00,1.02,1.03,2.66,2.12,5.50
921000,239,13,7.8,0.0,0.0,0.0,7.8,0.0,1.00,20.0,3,657,32.54,0.39,13,0,0,0.0,1.00,1.00,1.00,2.08,3.00,3.00
922000,241,88,7.6,0.0,0.0,0.0,7.6,0.0,1.00,17.2,2,434,23.71,0.31,88,0,0,0.0,1.00,1.00,1.00,2.48,2.00,5.42
922000,251,73,9.3,0.0,0.1,0.0,9.2,0.0,1.00,17.9,13,876,47.78,0.42,73,0,0,0.0,1.00,1.00,1.00,2.53,4.03,3.03
922000,239,13,8.2,0.2,0.0,0.0,8.1,0.0,1.04,19.7,2,1278,64.01,0.44,13,0,0,0.0,1.10,1.00,1.04,2.15,3.08,3.08
923000,241,116,9.1,0.2,0.7,0.2,8.1,0.0,1.04,16.7,12,378,21.20,0.31,112,0,4,0.1,1.00,1.06,1.06,2.68,2.26,5.38
923000,251,75,8.6,0.0,0.0,0.0,8.6,0.0,1.00,18.4,12,945,50.10,0.39,75,0,0,0.0,1.00,1.00,1.00,2.24,3.81,2.97
923000,239,7,8.7,0.0,0.0,0.0,8.7,0.0,1.00,19.4,2,1104,55.48,0.16,7,0,0,0.0,1.00,1.00,1.00,2.57,3.14,3.14
924000,241,120,8.5,0.1,0.3,0.1,8.0,0.0,1.03,16.7,13,438,24.07,0.28,120,0,0,0.0,1.00,1.04,1.04,2.54,2.14,5.53
924000,251,39,8.8,0.0,0.0,0.0,8.8,0.0,1.00,18.4,10,1279,68.40,0.50,39,0,0,0.0,1.00,1.00,1.00,2.38,3.69,3.13
924000,239,36,8.4,0.0,0.0,0.0,8.4,0.0,1.00,19.8,3,884,47.18,0.21,36,0,0,0.0,1.00,1.00,1.00,1.86,3.11,3.00
925000,241,88,9.1,0.2,0.5,0.0,8.3,0.0,1.06,16.1,12,425,23.47,0.29,86,0,2,0.1,1.03,1.08,1.06,2.85,2.20,5.73
925000,251,39,10.4,0.0,0.2,0.0,10.1,0.0,1.01,16.8,10,577,32.38,0.33,39,0,0,0.0,1.01,1.01,1.01,2.56,4.18,3.46
925000,239,38,8.0,0.0,0.0,0.1,7.9,0.0,1.00,20.0,4,1163,59.43,0.38,38,0,0,0.0,1.00,1.00,1.00,2.37,3.00,3.00
926000,241,117,7.6,0.0,0.0,0.0,7.6,0.0,1.00,16.9,13,373,20.21,0.24,115,0,2,0.0,1.00,1.01,1.01,2.56,2.01,5.59
926000,239,32,8.1,0.0,0.0,0.0,8.1,0.0,1.00,19.9,3,1537,76.34,0.44,32,0,0,0.0,1.00,1.00,1.00,2.19,3.00,3.03
926000,251,23,10.9,0.1,0.0,0.0,10.8,0.0,1.03,16.2,5,1082,60.15,0.52,23,0,0,0.0,1.04,1.03,1.03,2.43,4.35,3.57
927000,241,153,8.2,0.4,0.0,0.3,7.5,0.0,1.11,16.7,17,335,18.05,0.28,129,20,4,0.0,1.05,1.14,1.13,2.59,2.10,5.53
927000,239,22,8.2,0.0,0.0,0.0,8.2,0.0,1.00,19.6,6,1473,72.76,0.65,22,0,0,0.0,1.00,1.00,1.00,2.59,3.05,3.14
927000,251,17,10.4,0.0,0.0,0.0,10.4,0.0,1.00,16.6,2,1540,85.38,0.74,17,0,0,0.0,1.00,1.00,1.00,2.82,4.35,3.35
928000,241,183,10.7,0.7,0.1,0.1,9.8,0.0,1.17,16.3,28,322,18.40,0.35,140,28,15,0.0,1.03,1.23,1.22,2.86,2.50,5.37
928000,251,13,9.9,0.0,0.0,0.0,9.9,0.0,1.00,17.1,2,927,50.25,0.37,13,0,0,0.0,1.00,1.00,1.00,2.15,4.23,3.23
928000,239,7,8.0,0.0,0.0,0.0,8.0,0.0,1.00,19.4,3,1413,69.52,0.39,7,0,0,0.0,1.00,1.00,1.00,2.86,3.00,3.29
929000,241,139,8.3,0.3,0.1,0.3,7.6,0.0,1.07,18.0,16,455,24.42,0.39,132,4,3,0.0,1.00,1.10,1.09,2.55,2.18,4.85
929000,251,18,9.4,0.0,0.0,0.0,9.4,0.0,1.00,17.6,2,1006,52.57,0.34,18,0,0,0.0,1.00,1.00,1.00,2.22,4.11,3.11
929000,239,15,8.3,0.0,0.0,0.0,8.3,0.0,1.00,19.6,4,890,44.36,0.15,15,0,0,0.0,1.00,1.00,1.00,2.33,3.07,3.13
930000,241,122,8.4,0.0,0.0,0.1,8.2,0.0,1.02,17.9,14,470,25.52,0.33,116,4,2,0.0,1.02,1.02,1.02,2.64,2.17,4.94
930000,239,27,8.2,0.0,0.0,0.0,8.2,0.0,1.00,19.9,3,1100,56.50,0.21,27,0,0,0.0,1.00,1.00,1.00,2.00,3.00,3.07
930000,251,16,9.5,0.0,0.0,0.0,9.5,0.0,1.00,17.5,2,1731,89.92,0.39,16,0,0,0.0,1.00,1.00,1.00,2.00,4.12,3.12
931000,241,129,8.8,0.2,0.1,0.1,8.4,0.0,1.05,17.3,19,511,27.99,0.30,124,4,1,0.0,1.00,1.08,1.06,2.62,2.30,5.10
931000,239,32,7.8,0.0,0.0,0.1,7.8,0.0,1.00,20.1,4,1260,63.30,0.28,32,0,0,0.0,1.00,1.00,1.00,2.22,2.97,2.97
931000,251,12,9.7,0.0,0.0,0.0,9.7,0.0,1.00,17.3,2,1876,99.84,0.33,12,0,0,0.0,1.00,1.00,1.00,2.33,4.17,3.17
932000,241,116,8.4,0.3,0.0,0.1,8.1,0.0,1.09,17.4,16,509,28.11,0.40,112,1,3,0.0,1.04,1.08,1.12,2.54,2.39,4.95
932000,239,22,8.0,0.0,0.0,0.0,8.0,0.0,1.00,20.0,2,1209,62.22,0.29,22,0,0,0.0,1.00,1.00,1.00,1.91,3.00,3.00
932000,251,19,10.6,0.0,0.8,0.4,9.3,0.0,1.00,16.8,3,885,46.91,0.42,19,0,0,0.0,1.00,1.00,1.00,2.26,4.26,3.32
933000,241,109,8.5,0.0,0.0,0.0,8.5,0.0,1.00,16.8,12,452,25.19,0.25,107,0,2,0.0,1.00,1.01,1.01,2.67,2.16,5.49
933000,251,33,9.2,0.0,0.0,0.0,9.2,0.0,1.00,17.8,3,873,47.54,0.47,33,0,0,0.0,1.00,1.00,1.00,2.39,4.06,3.06
933000,239,25,8.0,0.0,0.0,0.1,7.9,0.0,1.00,20.0,2,863,43.54,0.31,25,0,0,0.0,1.00,1.00,1.00,2.08,3.00,3.00
933000,254,11,15.7,0.0,0.0,0.0,15.7,0.0,1.00,12.0,4,119,11.59,0.57,0,9,2,0.0,1.00,1.00,1.00,4.36,2.00,8.00
934000,241,80,9.3,0.1,0.0,0.0,9.2,0.0,1.02,16.0,11,358,21.75,0.30,79,0,1,0.0,1.00,1.03,1.05,2.59,2.17,5.80
934000,239,30,8.2,0.0,0.0,0.0,8.2,0.0,1.00,19.9,4,1011,50.90,0.41,30,0,0,0.0,1.00,1.00,1.00,2.30,3.03,3.03
934000,251,29,9.0,0.0,0.0,0.0,9.0,0.0,1.00,17.9,5,906,49.18,0.62,29,0,0,0.0,1.00,1.00,1.00,2.07,4.03,3.00
934000,254,17,17.1,0.0,0.2,0.0,16.8,0.0,1.00,11.3,5,72,6.78,0.46,0,12,5,0.0,1.00,1.00,1.00,4.29,2.88,7.47
935000,241,86,8.8,0.0,0.0,0.3,8.5,0.0,1.00,16.7,12,430,24.76,0.25,86,0,0,0.0,1.00,1.00,1.00,2.50,2.09,5.57
935000,251,42,9.1,0.0,0.0,0.0,9.1,0.0,1.00,18.0,5,767,41.40,0.42,42,0,0,0.0,1.00,1.00,1.00,2.55,4.02,3.00
935000,239,13,8.0,0.0,0.0,0.0,8.0,0.0,1.00,20.0,1,1029,51.26,0.21,13,0,0,0.0,1.00,1.00,1.00,1.77,3.00,3.00
935000,254,10,31.0,0.0,0.0,0.0,31.0,0.0,1.00,6.8,2,134,16.55,1.40,0,8,2,0.0,1.00,1.00,1.00,5.20,4.70,7.90
936000,241,86,9.6,0.0,0.0,0.1,9.5,0.0,1.01,15.9,8,381,23.11,0.22,83,0,3,0.0,1.00,1.01,1.01,2.55,2.16,5.88
936000,251,19,14.5,0.2,1.8,0.0,12.5,0.0,1.05,15.7,7,926,48.23,0.27,19,0,0,0.0,1.06,1.06,1.04,2.53,4.47,3.68
936000,239,11,8.5,0.0,0.0,0.0,8.5,0.0,1.00,19.5,3,883,44.47,0.44,11,0,0,0.0,1.00,1.00,1.00,2.55,3.09,3.18
937000,241,129,8.8,0.0,0.0,0.0,8.7,0.0,1.00,16.6,9,377,21.90,0.27,129,0,0,0.0,1.00,1.00,1.01,2.57,2.09,5.62
937000,251,22,9.6,0.0,0.0,0.0,9.6,0.0,1.00,17.5,3,771,41.26,0.20,22,0,0,0.0,1.00,1.00,1.00,2.73,4.23,3.00
938000,241,116,9.2,0.2,0.0,0.0,9.0,0.0,1.06,15.9,11,491,28.27,0.41,107,7,2,0.0,1.02,1.09,1.07,2.70,2.19,5.87
938000,251,30,10.1,0.0,0.0,0.0,10.1,0.0,1.00,17.3,5,543,29.94,0.20,30,0,0,0.0,1.00,1.00,1.00,2.57,4.23,3.13
939000,241,96,10.1,0.1,0.0,0.2,9.8,0.0,1.01,15.0,14,563,32.75,0.34,91,0,5,0.0,1.00,1.02,1.02,2.89,2.26,6.23
939000,251,21,9.2,0.0,0.0,0.0,9.2,0.0,1.00,17.8,3,1003,53.99,0.40,21,0,0,0.0,1.00,1.00,1.00,2.00,4.05,3.05
940000,241,98,8.6,0.1,0.1,0.2,8.2,0.0,1.04,16.4,16,378,22.81,0.31,96,0,2,0.0,1.00,1.08,1.04,2.62,2.12,5.73
940000,251,31,10.0,0.0,1.4,0.0,8.5,0.0,1.00,17.7,6,893,47.42,0.39,31,0,0,0.0,1.00,1.00,1.00,2.19,4.06,3.10
941000,241,113,9.3,0.2,0.1,0.1,8.9,0.0,1.05,16.2,14,353,20.10,0.34,89,21,3,0.0,1.00,1.07,1.07,2.77,2.19,5.73
941000,251,27,8.7,0.0,0.0,0.0,8.7,0.0,1.00,18.2,3,673,36.29,0.35,27,0,0,0.0,1.00,1.00,1.00,2.30,3.96,2.93
942000,241,98,9.3,0.1,0.3,0.0,8.8,0.0,1.02,16.1,13,369,21.90,0.31,90,8,0,0.1,1.00,1.04,1.02,2.66,2.13,5.87
942000,251,18,9.0,0.0,0.0,0.0,9.0,0.0,1.00,18.0,1,818,43.42,0.19,18,0,0,0.0,1.00,1.00,1.00,2.06,4.00,3.00
943000,241,190,9.4,0.1,0.4,0.1,8.8,0.0,1.03,15.6,23,363,21.62,0.29,172,12,6,0.0,1.00,1.04,1.04,2.77,2.26,5.95
943000,251,14,9.0,0.0,0.0,0.0,9.0,0.0,1.00,18.0,1,1216,63.58,0.20,14,0,0,0.0,1.00,1.00,1.00,2.36,4.00,3.00
944000,241,193,9.4,0.0,0.3,0.0,9.1,0.0,1.00,16.0,18,441,25.37,0.35,172,18,3,0.0,1.00,1.00,1.00,2.75,2.28,5.76
944000,251,14,9.1,0.0,0.0,0.0,9.1,0.0,1.00,18.0,3,814,42.53,0.43,14,0,0,0.0,1.00,1.00,1.00,2.36,4.00,3.00
945000,241,171,8.3,0.0,0.0,0.1,8.2,0.0,1.00,17.1,14,386,22.18,0.36,159,8,4,0.0,1.00,1.00,1.00,2.60,2.12,5.41
945000,251,19,10.3,0.3,0.0,0.0,10.0,0.0,1.10,17.1,5,565,31.88,0.36,19,0,0,0.0,1.12,1.12,1.07,2.89,4.21,3.26
946000,241,160,8.7,0.0,0.0,0.2,8.4,0.0,1.01,17.2,17,406,23.53,0.40,151,8,1,0.0,1.00,1.01,1.01,2.56,2.22,5.22
946000,251,14,9.4,0.0,0.0,0.0,9.4,0.0,1.00,17.6,4,1148,63.01,0.68,14,0,0,0.0,1.00,1.00,1.00,2.36,4.29,2.93
947000,241,228,8.5,0.0,0.1,0.1,8.3,0.0,1.00,17.4,21,274,16.26,0.33,190,36,2,0.0,1.00,1.00,1.00,2.50,2.19,5.12
947000,251,10,10.2,0.0,0.0,0.0,10.2,0.0,1.00,16.4,5,961,53.21,0.45,10,0,0,0.0,1.00,1.00,1.00,2.50,4.80,3.00
948000,241,231,9.1,0.2,0.2,0.2,8.4,0.0,1.07,17.1,20,356,20.51,0.33,188,41,2,0.0,1.04,1.10,1.07,2.56,2.37,5.09
948000,251,6,10.0,0.0,0.0,0.0,10.0,0.0,1.00,16.7,4,1438,76.79,0.16,6,0,0,0.0,1.00,1.00,1.00,2.83,4.67,3.00
949000,241,267,8.8,0.2,0.1,0.1,8.4,0.0,1.06,17.3,32,371,20.96,0.32,231,31,5,0.0,1.00,1.07,1.08,2.61,2.28,5.05
950000,241,242,8.9,0.0,0.1,0.3,8.6,0.0,1.00,17.6,26,364,20.59,0.38,202,38,2,0.0,1.00,1.00,1.00,2.57,2.36,4.86
951000,241,254,8.7,0.1,0.0,0.1,8.4,0.0,1.04,17.7,28,374,21.14,0.34,211,33,10,0.0,1.04,1.04,1.04,2.43,2.29,4.87
952000,241,249,8.3,0.2,0.0,0.0,8.2,0.0,1.05,17.9,18,414,22.96,0.32,223,21,5,0.0,1.05,1.05,1.05,2.52,2.25,4.80
953000,241,221,8.1,0.2,0.0,0.0,7.8,0.0,1.08,18.4,22,445,24.52,0.37,190,25,6,0.0,1.08,1.09,1.07,2.41,2.33,4.48
954000,241,126,7.6,0.0,0.0,0.0,7.6,0.0,1.00,18.7,10,540,28.76,0.43,122,4,0,0.0,1.00,1.00,1.00,2.42,2.12,4.55
955000,241,178,8.4,0.0,0.1,0.5,7.8,0.0,1.00,17.6,22,389,21.50,0.32,148,27,3,0.0,1.00,1.00,1.00,2.51,2.49,4.70
956000,241,131,7.9,0.0,0.1,0.1,7.7,0.0,1.00,18.7,17,414,22.64,0.37,110,20,1,0.0,1.00,1.00,1.00,2.32,2.70,3.98
957000,241,249,7.7,0.0,0.0,0.0,7.6,0.0,1.00,18.1,21,381,20.65,0.24,227,20,2,0.0,1.00,1.00,1.00,2.49,2.21,4.73
958000,241,229,8.0,0.1,0.1,0.3,7.6,0.0,1.01,18.2,20,432,23.66,0.35,226,0,3,0.0,1.00,1.02,1.01,2.43,2.12,4.78
959000,241,265,7.8,0.0,0.0,0.0,7.8,0.0,1.00,18.8,15,414,22.48,0.35,235,26,4,0.0,1.00,1.00,1.00,2.40,2.34,4.25
960000,241,228,8.1,0.1,0.0,0.0,8.0,0.0,1.04,18.5,15,465,25.34,0.40,206,20,2,0.0,1.04,1.04,1.03,2.47,2.39,4.35
961000,241,305,7.9,0.0,0.2,0.0,7.6,0.0,1.02,17.9,23,484,26.18,0.40,303,0,2,0.0,1.01,1.01,1.03,2.41,2.16,4.90
962000,241,372,8.1,0.1,0.0,0.2,7.8,0.0,1.03,17.9,28,437,23.77,0.33,372,0,0,0.0,1.00,1.03,1.04,2.55,2.10,4.95
963000,241,357,8.2,0.1,0.0,0.3,7.7,0.0,1.04,17.9,30,430,23.40,0.37,336,20,1,0.0,1.03,1.05,1.04,2.50,2.29,4.76
964000,241,289,7.8,0.0,0.2,0.0,7.6,0.0,1.00,18.3,18,415,22.70,0.35,288,0,1,0.0,1.00,1.00,1.00,2.48,2.14,4.71
965000,241,295,7.8,0.1,0.3,0.1,7.3,0.0,1.01,18.5,25,459,25.08,0.40,295,0,0,0.0,1.00,1.02,1.02,2.46,2.07,4.68
966000,241,217,7.5,0.0,0.0,0.1,7.3,0.0,1.01,18.7,17,513,27.56,0.34,217,0,0,0.0,1.00,1.01,1.02,2.42,2.03,4.64
967000,241,207,7.6,0.0,0.2,0.0,7.3,0.0,1.01,19.3,15,505,26.90,0.37,207,0,0,0.0,1.00,1.01,1.02,2.38,2.09,4.25
968000,241,212,7.5,0.0,0.2,0.1,7.2,0.0,1.00,18.9,13,542,28.60,0.40,212,0,0,0.0,1.00,1.00,1.00,2.51,2.02,4.53
969000,241,198,7.6,0.1,0.0,0.1,7.4,0.0,1.04,18.8,16,499,26.34,0.34,198,0,0,0.0,1.00,1.06,1.04,2.56,2.12,4.48
970000,241,172,7.8,0.0,0.2,0.0,7.6,0.0,1.01,19.3,13,528,28.39,0.44,172,0,0,0.0,1.00,1.02,1.01,2.45,2.16,4.17
971000,241,146,7.1,0.0,0.0,0.0,7.1,0.0,1.00,19.8,7,495,25.84,0.36,145,1,0,0.0,1.00,1.00,1.00,2.36,2.02,4.05
972000,241,293,7.8,0.1,0.2,0.1,7.4,0.0,1.03,18.8,22,448,24.49,0.34,276,17,0,0.0,1.00,1.05,1.04,2.48,2.28,4.33
973000,241,277,7.7,0.1,0.1,0.1,7.3,0.0,1.04,18.7,17,534,28.71,0.37,265,2,10,0.0,1.01,1.06,1.04,2.45,2.13,4.53
974000,241,319,8.3,0.1,0.0,0.2,8.0,0.0,1.02,18.4,23,468,25.53,0.37,301,17,1,0.0,1.00,1.03,1.03,2.56,2.28,4.55
975000,241,410,7.6,0.0,0.0,0.0,7.6,0.0,1.01,18.9,21,462,25.08,0.38,393,12,5,0.0,1.00,1.01,1.01,2.45,2.12,4.44
976000,241,409,8.2,0.0,0.1,0.3,7.7,0.0,1.01,18.5,23,504,27.13,0.41,401,7,1,0.0,1.00,1.02,1.02,2.41,2.16,4.58
977000,241,321,7.5,0.0,0.0,0.0,7.4,0.0,1.01,19.0,17,514,27.18,0.38,304,14,3,0.0,1.00,1.01,1.01,2.41,2.10,4.42
978000,241,359,7.8,0.0,0.0,0.1,7.7,0.0,1.01,18.7,17,417,22.90,0.39,344,10,5,0.0,1.00,1.01,1.02,2.36,2.15,4.48
979000,241,422,7.5,0.0,0.0,0.0,7.5,0.0,1.00,18.9,20,439,24.03,0.36,405,13,4,0.0,1.00,1.00,1.00,2.41,2.10,4.45
980000,241,428,8.2,0.1,0.2,0.2,7.7,0.0,1.02,18.5,29,451,24.69,0.47,406,17,5,0.0,1.00,1.03,1.02,2.49,2.19,4.58
981000,241,437,7.8,0.0,0.0,0.1,7.7,0.0,1.01,18.6,23,478,26.14,0.42,429,7,1,0.0,1.00,1.02,1.01,2.41,2.15,4.59
982000,241,382,7.9,0.0,0.1,0.1,7.7,0.0,1.01,18.7,16,484,26.30,0.40,377,3,2,0.0,1.00,1.01,1.01,2.37,2.09,4.60
983000,241,375,7.9,0.0,0.1,0.1,7.7,0.0,1.00,18.8,15,467,25.41,0.36,374,0,1,0.0,1.00,1.00,1.00,2.46,2.06,4.54
984000,241,325,7.7,0.0,0.1,0.0,7.6,0.0,1.01,18.8,12,469,25.67,0.38,325,0,0,0.0,1.00,1.02,1.01,2.38,2.08,4.57
985000,241,286,7.8,0.0,0.1,0.1,7.6,0.0,1.00,18.6,20,455,24.45,0.35,284,0,2,0.0,1.00,1.00,1.00,2.47,2.10,4.61
986000,241,285,8.0,0.1,0.2,0.2,7.6,0.0,1.02,18.4,19,431,23.31,0.35,285,0,0,0.0,1.01,1.02,1.02,2.53,2.09,4.69
987000,241,339,7.8,0.1,0.0,0.0,7.7,0.0,1.02,18.5,19,393,21.78,0.37,338,0,1,0.0,1.01,1.02,1.04,2.49,2.07,4.71
988000,241,368,8.1,0.1,0.0,0.1,7.9,0.0,1.02,18.2,23,464,25.39,0.36,368,0,0,0.0,1.00,1.02,1.02,2.45,2.13,4.76
989000,241,312,8.3,0.0,0.1,0.2,7.9,0.0,1.01,18.1,22,466,26.04,0.43,311,0,1,0.0,1.01,1.02,1.02,2.50,2.16,4.86
990000,241,353,8.0,0.1,0.0,0.1,7.8,0.0,1.03,18.4,20,464,25.57,0.40,351,0,2,0.0,1.04,1.02,1.03,2.38,2.04,4.75
991000,241,307,8.0,0.0,0.0,0.0,7.9,0.0,1.00,18.3,21,505,27.82,0.46,305,1,1,0.0,1.00,1.00,1.00,2.40,2.07,4.79
992000,241,310,8.4,0.0,0.0,0.0,8.4,0.0,1.00,17.8,23,451,25.14,0.43,309,0,1,0.0,1.00,1.00,1.00,2.49,2.17,4.94
993000,241,285,8.7,0.1,0.1,0.0,8.5,0.0,1.03,17.4,23,406,22.87,0.35,283,0,2,0.0,1.02,1.03,1.03,2.53,2.25,5.07
994000,241,267,8.5,0.0,0.1,0.2,8.3,0.0,1.00,17.8,17,475,26.31,0.41,266,0,1,0.0,1.00,1.00,1.00,2.46,2.10,5.00
995000,241,233,8.3,0.1,0.0,0.0,8.2,0.0,1.02,17.8,15,488,27.17,0.46,233,0,0,0.0,1.00,1.02,1.02,2.54,2.07,5.10
996000,241,276,8.1,0.1,0.0,0.0,7.9,0.0,1.02,18.3,15,483,26.50,0.37,275,0,1,0.0,1.00,1.02,1.02,2.52,2.09,4.74
997000,241,301,8.0,0.1,0.1,0.0,7.8,0.0,1.01,18.5,16,431,23.58,0.38,301,0,0,0.0,1.01,1.02,1.01,2.44,2.14,4.60
998000,241,341,7.7,0.0,0.0,0.0,7.7,0.0,1.00,18.8,26,461,25.16,0.37,339,0,2,0.0,1.00,1.00,1.00,2.42,2.14,4.47
999000,241,312,8.1,0.1,0.1,0.0,8.0,0.0,1.02,18.7,29,502,27.55,0.40,312,0,0,0.0,1.00,1.03,1.02,2.43,2.32,4.36
1000000,241,317,8.3,0.1,0.2,0.2,7.8,0.0,1.01,18.4,34,466,25.85,0.38,317,0,0,0.0,1.00,1.02,1.02,2.47,2.38,4.41
