step,year,land_temp,land_rain,land_evap,sea_evap,sea_rain,to_sea,water,water_err,a,b,a_err,b_err,weathered_a,weathered_b,river_a,river_b,buried_a,buried_b,rivers,lakes,storms,land_water,land_biomass,sea_biomass,land_cover,sea_cover,land_height,litter,eaters,eater_cells,gpp,resp,transp,eaten,decayed,burnt,burnt_cells,genotypes,eater_genotypes,leading,mutant_share,matter,c_err,ms_step,wind_net,air_err
11880,1,11.685,1309.3,56.2,6.915248e7,4.581510e7,1058.6,9.934777e6,2.284e-13,1.153293e4,1.568750e4,1.388e-14,4.221e-14,1.341642e4,1.630302e4,8.957596e3,3.449315e3,1.883492e3,6.155221e2,1246,407,0,6.495754e6,0.00000,0.00000,0.0000,0.0000,0.000,0.00000,0.0000e0,0,0.000000e0,0.000000e0,0.0,0.000000e0,0.000000e0,0.000000e0,0,0,0,0,-0.000000e0,0.000000e0,0.000e0,1.395,-1.118121e7,1.027e-13
23760,2,14.453,1413.1,67.0,7.505120e7,5.098672e7,1333.9,1.099961e7,1.444e-13,2.204704e4,3.341329e4,2.591e-14,1.089e-14,1.726626e4,2.096101e4,1.465698e4,8.727184e3,6.752147e3,3.235215e3,1536,480,0,6.814977e6,0.00000,0.00000,0.0000,0.0000,0.000,0.00000,0.0000e0,0,0.000000e0,0.000000e0,0.0,0.000000e0,0.000000e0,0.000000e0,0,0,0,0,-0.000000e0,0.000000e0,0.000e0,1.385,-1.196863e7,9.685e-14
35640,3,16.188,1453.2,72.4,7.928355e7,5.487541e7,1378.8,1.145792e7,2.289e-13,3.026791e4,5.011553e4,1.959e-14,7.114e-15,1.939422e4,2.354104e4,1.799603e4,1.319836e4,1.117335e4,6.838801e3,1564,482,0,6.866050e6,0.00000,0.00000,0.0000,0.0000,0.000,0.00000,0.0000e0,0,0.000000e0,0.000000e0,0.0,0.000000e0,0.000000e0,0.000000e0,0,0,0,0,-0.000000e0,0.000000e0,0.000e0,1.431,-1.219620e7,9.005e-14
47520,4,17.649,1463.0,76.5,7.329719e7,5.161167e7,1386.4,1.198061e7,1.786e-13,3.675815e4,6.526016e4,7.918e-16,1.148e-14,2.103044e4,2.549365e4,1.924414e4,1.573627e4,1.454021e4,1.034902e4,1596,485,0,6.868609e6,0.00000,0.00000,0.0000,0.0000,0.000,0.00000,0.0000e0,0,0.000000e0,0.000000e0,0.0,0.000000e0,0.000000e0,0.000000e0,0,0,0,0,-0.000000e0,0.000000e0,0.000e0,1.395,-1.518203e7,9.663e-14
59400,5,19.160,1367.4,81.2,5.938962e7,4.363924e7,1290.9,1.243916e7,1.719e-13,4.247501e4,7.949963e4,2.501e-14,8.237e-15,2.267621e4,2.744371e4,2.069503e4,1.760798e4,1.695935e4,1.320424e4,1497,477,0,6.744495e6,0.00000,0.00000,0.0000,0.0000,0.000,0.00000,0.0000e0,0,0.000000e0,0.000000e0,0.0,0.000000e0,0.000000e0,0.000000e0,0,0,0,0,-0.000000e0,0.000000e0,0.000e0,1.396,-1.855029e7,1.177e-13
71280,6,19.254,2016.2,83.2,7.354266e7,4.979090e7,1910.2,1.284539e7,9.425e-14,4.567939e4,9.031725e4,2.596e-14,9.506e-15,2.289608e4,2.773277e4,2.429408e4,2.512114e4,1.969170e4,1.691516e4,1998,517,0,7.342149e6,0.00000,0.00000,0.0000,0.0000,0.000,0.00000,0.0000e0,0,0.000000e0,0.000000e0,0.0,0.000000e0,0.000000e0,0.000000e0,0,0,0,0,-0.000000e0,0.000000e0,0.000e0,1.390,-2.673044e7,1.038e-13
83160,7,18.985,1759.0,81.5,8.268645e7,5.709571e7,1688.2,1.249403e7,2.007e-13,4.728743e4,9.752191e4,4.339e-14,1.015e-14,2.263427e4,2.742523e4,2.154490e4,2.245584e4,2.102624e4,2.022056e4,1830,513,0,7.062000e6,0.00000,0.00000,0.0000,0.0000,0.000,0.00000,0.0000e0,0,0.000000e0,0.000000e0,0.0,0.000000e0,0.000000e0,0.000000e0,0,0,0,0,-0.000000e0,0.000000e0,0.000e0,1.398,-1.831308e7,1.123e-13
95040,8,18.826,1842.4,80.2,8.567440e7,5.837880e7,1757.5,1.256264e7,1.690e-14,4.833391e4,1.032995e5,2.815e-14,1.958e-14,2.232092e4,2.706444e4,2.189804e4,2.356124e4,2.127443e4,2.128685e4,1886,512,0,7.184883e6,0.00000,0.00000,0.0000,0.0000,0.000,0.00000,0.0000e0,0,0.000000e0,0.000000e0,0.0,0.000000e0,0.000000e0,0.000000e0,0,0,0,0,-0.000000e0,0.000000e0,0.000e0,1.384,-1.884627e7,9.750e-14
106920,9,18.396,2149.3,80.1,9.342259e7,6.121847e7,2060.8,1.257958e7,1.759e-13,4.852046e4,1.069427e5,4.049e-15,5.851e-15,2.199208e4,2.668759e4,2.259795e4,2.632662e4,2.180554e4,2.304437e4,2132,528,0,7.407589e6,0.00000,0.00000,0.0000,0.0000,0.000,0.00000,0.0000e0,0,0.000000e0,0.000000e0,0.0,0.000000e0,0.000000e0,0.000000e0,0,0,0,0,-0.000000e0,0.000000e0,0.000e0,1.411,-2.183587e7,8.872e-14
118800,10,19.348,2068.8,84.2,6.981699e7,4.697205e7,1988.5,1.307575e7,1.184e-13,4.974706e4,1.108535e5,3.218e-15,1.457e-14,2.318889e4,2.813121e4,2.196001e4,2.469616e4,2.196229e4,2.422046e4,2065,528,0,7.304633e6,0.00000,0.00000,0.0000,0.0000,0.000,0.00000,0.0000e0,0,0.000000e0,0.000000e0,0.0,0.000000e0,0.000000e0,0.000000e0,0,0,0,0,-0.000000e0,0.000000e0,0.000e0,1.430,-2.978020e7,1.064e-13
130680,11,19.889,1747.4,84.1,6.555871e7,4.607965e7,1670.8,1.288971e7,2.907e-13,5.952313e4,1.250938e5,5.024e-14,3.839e-15,2.350096e4,2.848900e4,1.778054e4,1.679702e4,1.372489e4,1.424866e4,1818,512,0,7.050993e6,0.00909,0.00292,0.2073,0.4432,0.956,0.00178,1.3556e-7,261077,1.901288e3,1.247534e2,2.1,4.754685e-1,2.775661e2,0.000000e0,0,8316,161,337,-0.000000e0,1.427025e3,5.615e-12,3.790,-2.413539e7,1.032e-13
142560,12,19.374,2071.9,78.6,8.170565e7,5.498201e7,1965.3,1.284667e7,2.143e-13,7.772944e4,1.483832e5,1.110e-13,3.236e-14,2.279860e4,2.762041e4,1.330470e4,1.171140e4,4.592292e3,4.331040e3,2061,522,0,7.330529e6,0.03964,0.00637,0.5802,0.4401,0.967,0.00501,3.4312e-6,72598,7.749783e3,4.259456e2,17.4,8.422062e0,6.624528e2,0.000000e0,0,9710,187,454,1.138351e-3,4.020228e3,1.978e-12,3.359,-2.475286e7,9.571e-14
154440,13,19.230,1974.8,71.5,8.159798e7,5.585426e7,1869.0,1.272307e7,2.426e-13,9.756665e4,1.728296e5,1.104e-14,9.262e-15,2.215331e4,2.675865e4,8.622005e3,6.113095e3,2.316106e3,2.312289e3,1998,521,0,7.170808e6,0.07261,0.00776,0.7158,0.4315,1.079,0.00871,2.3551e-5,52814,1.235909e4,6.991864e2,40.4,9.110263e1,1.401214e3,1.948852e0,18,10811,600,488,1.528518e-3,6.308168e3,1.216e-12,3.199,-2.312864e7,9.861e-14
166320,14,18.133,1781.3,65.2,1.027061e8,7.135656e7,1666.8,1.201344e7,1.834e-13,1.167171e5,1.962671e5,2.494e-16,4.745e-15,2.092165e4,2.532805e4,6.643845e3,4.097946e3,1.771184e3,1.890490e3,1813,510,0,7.039038e6,0.10264,0.00855,0.7795,0.4192,1.270,0.01189,4.7893e-5,68295,1.456819e4,8.206415e2,54.3,2.121933e2,2.063794e3,2.591672e0,10,11394,667,521,1.648802e-3,8.219369e3,8.618e-13,3.194,-1.163658e7,8.838e-14
178200,15,18.408,1867.8,64.4,8.774631e7,6.022445e7,1739.8,1.243996e7,2.126e-13,1.364209e5,2.202107e5,7.766e-14,4.890e-14,2.117953e4,2.557194e4,6.271668e3,3.703477e3,1.475758e3,1.628384e3,1899,513,0,7.114318e6,0.13413,0.00922,0.8164,0.4071,1.496,0.01466,6.9289e-5,79231,1.526625e4,9.249935e2,60.7,3.100020e2,2.636881e3,2.475441e0,16,12252,810,543,1.709952e-3,1.002708e4,8.249e-13,3.204,-1.851403e7,9.916e-14
190080,16,17.388,2051.1,60.9,1.088404e8,7.273325e7,1921.8,1.194169e7,1.270e-13,1.551047e5,2.428647e5,3.697e-14,1.114e-13,1.999884e4,2.411342e4,5.904535e3,3.534207e3,1.315050e3,1.459385e3,2014,522,0,7.250327e6,0.16128,0.00986,0.8332,0.3956,1.765,0.01733,9.0557e-5,88054,1.569421e4,9.813839e2,63.2,3.851159e2,3.040213e3,8.474098e0,19,13227,1059,556,1.725967e-3,1.166461e4,6.080e-13,3.172,-1.377547e7,9.084e-14
201960,17,17.486,2341.8,60.8,9.802782e7,6.342980e7,2207.5,1.240580e7,1.003e-13,1.739829e5,2.657421e5,9.083e-14,2.409e-15,2.012798e4,2.422214e4,5.949803e3,3.626269e3,1.249772e3,1.344792e3,2299,532,0,7.442631e6,0.19280,0.01041,0.8441,0.3860,1.962,0.01961,1.1448e-4,96185,1.594809e4,1.043991e3,66.0,4.583433e2,3.464040e3,3.374084e1,88,13752,1175,569,1.774104e-3,1.330696e4,6.127e-13,3.206,-2.373645e7,1.075e-13
213840,18,16.667,2398.9,59.1,1.131227e8,7.251562e7,2272.8,1.192516e7,1.991e-13,1.921250e5,2.877963e5,1.251e-13,9.728e-14,1.932329e4,2.330432e4,5.739203e3,3.565528e3,1.181191e3,1.250038e3,2339,537,0,7.443534e6,0.21908,0.01100,0.8504,0.3772,2.177,0.02198,1.4295e-4,101134,1.615735e4,1.082229e3,66.9,5.807363e2,3.776079e3,3.472541e1,92,14121,1287,566,1.807828e-3,1.481047e4,5.578e-13,3.194,-1.849493e7,8.555e-14
225720,19,15.504,2626.6,57.2,1.249572e8,7.847123e7,2499.1,1.176354e7,2.017e-13,2.092246e5,3.086386e5,1.010e-13,3.772e-14,1.823193e4,2.200264e4,5.861577e3,3.912219e3,1.132272e3,1.160384e3,2495,545,0,7.617716e6,0.24051,0.01152,0.8527,0.3684,2.392,0.02414,1.4750e-4,107594,1.563504e4,1.043148e3,63.6,5.872359e2,3.936519e3,4.212952e-1,2,14581,1493,576,1.811886e-3,1.609960e4,4.170e-13,3.151,-1.886704e7,1.029e-13
237600,20,15.362,2684.4,57.3,1.179935e8,7.307553e7,2564.1,1.182440e7,1.284e-13,2.262035e5,3.294123e5,1.355e-13,2.668e-14,1.808304e4,2.188265e4,6.033464e3,4.474929e3,1.104123e3,1.108913e3,2550,550,0,7.607812e6,0.26411,0.01211,0.8550,0.3593,2.536,0.02585,1.6081e-4,108067,1.556889e4,1.065001e3,63.3,6.089525e2,4.212963e3,3.479881e0,7,15274,1616,646,1.846850e-3,1.735508e4,4.000e-13,3.151,-2.236205e7,9.195e-14
249480,21,16.101,2282.3,58.0,1.033156e8,6.651190e7,2166.3,1.186701e7,2.102e-13,2.439534e5,3.510531e5,3.507e-14,6.334e-14,1.883216e4,2.271958e4,5.865173e3,4.340312e3,1.082300e3,1.078852e3,2231,536,0,7.359331e6,0.29792,0.01281,0.8600,0.3493,2.600,0.02719,1.9384e-4,115922,1.618053e4,1.158697e3,67.4,7.057547e2,4.575601e3,0.000000e0,0,15458,1675,603,1.869723e-3,1.876276e4,3.374e-13,3.108,-2.002981e7,9.372e-14
261360,22,15.730,2132.3,56.8,1.137626e8,7.429388e7,2010.7,1.151917e7,1.957e-13,2.612626e5,3.722476e5,8.934e-14,1.830e-14,1.836352e4,2.225796e4,5.460128e3,3.988867e3,1.054296e3,1.063486e3,2095,528,0,7.279999e6,0.32083,0.01338,0.8645,0.3408,2.693,0.02905,2.0852e-4,114553,1.636959e4,1.207842e3,67.8,7.986497e2,4.786120e3,2.958402e0,6,15966,1693,616,1.890617e-3,2.002231e4,3.385e-13,3.123,-1.289495e7,8.723e-14
273240,23,16.865,1871.8,58.3,9.162613e7,6.155655e7,1748.7,1.194141e7,4.960e-14,2.798160e5,3.948639e5,1.408e-13,6.280e-14,1.957808e4,2.365148e4,5.431335e3,3.675156e3,1.024715e3,1.035154e3,1879,515,0,7.089491e6,0.35732,0.01391,0.8729,0.3318,2.671,0.03029,2.2639e-4,119652,1.710175e4,1.337493e3,72.1,8.223094e2,5.271968e3,6.257941e1,96,16482,1697,625,1.925016e-3,2.151467e4,2.898e-13,3.102,-1.619367e7,9.043e-14
285120,24,16.851,1532.8,56.3,1.010262e8,7.228308e7,1412.4,1.139952e7,2.186e-13,2.981310e5,4.171391e5,1.986e-13,1.443e-13,1.930712e4,2.329583e4,4.757716e3,2.926621e3,9.921461e2,1.020560e3,1616,492,0,6.793281e6,0.38316,0.01440,0.8813,0.3255,2.714,0.03254,2.7311e-4,120814,1.780856e4,1.446682e3,75.4,1.024043e3,5.549519e3,8.219933e0,12,17841,1729,630,1.985720e-3,2.295718e4,2.635e-13,3.074,-7.741244e6,1.018e-13
297000,25,16.028,1715.8,55.1,1.152323e8,8.026472e7,1580.0,1.135696e7,1.632e-13,3.157179e5,4.386000e5,3.278e-13,1.086e-13,1.856421e4,2.246047e4,5.015183e3,3.374495e3,9.772412e2,9.996624e2,1743,498,0,7.038711e6,0.40598,0.01488,0.8862,0.3198,2.812,0.03412,2.5045e-4,123102,1.736443e4,1.401938e3,71.4,9.791463e2,5.622578e3,9.110545e-1,4,19287,1781,625,1.978421e-3,2.410234e4,1.161e-13,3.078,-6.409909e6,8.529e-14
308880,26,15.129,1561.4,53.5,1.241517e8,8.878495e7,1445.9,1.092622e7,1.776e-13,3.324451e5,4.589868e5,3.575e-13,4.565e-15,1.768143e4,2.136376e4,4.905151e3,4.157405e3,9.542620e2,9.768969e2,1625,488,0,6.869135e6,0.42438,0.01535,0.8893,0.3130,2.893,0.03563,2.3609e-4,126151,1.708881e4,1.349068e3,68.5,9.104227e2,5.625862e3,1.093198e1,14,19846,2000,637,1.998795e-3,2.511646e4,1.469e-13,3.055,-2.107080e6,9.834e-14
320760,27,16.888,1630.3,56.1,8.757362e7,6.129359e7,1496.9,1.187147e7,1.371e-13,3.508846e5,4.812912e5,2.968e-13,1.033e-13,1.938143e4,2.327602e4,5.332970e3,4.380068e3,9.419403e2,9.716477e2,1695,491,0,6.927406e6,0.46489,0.01593,0.8958,0.3068,2.800,0.03659,2.5897e-4,125938,1.817095e4,1.531640e3,75.1,9.230575e2,6.181959e3,4.944789e1,69,21287,1972,641,2.030418e-3,2.668115e4,1.610e-13,3.047,-1.390747e7,9.315e-14
332640,28,17.921,1504.4,56.0,8.133824e7,5.830832e7,1370.7,1.182172e7,2.042e-13,3.700712e5,5.044185e5,1.521e-13,2.078e-13,2.009927e4,2.408526e4,4.818902e3,2.919024e3,9.126273e2,9.579500e2,1606,486,0,6.732804e6,0.49984,0.01647,0.9017,0.3015,2.768,0.03899,3.4844e-4,123013,1.984957e4,1.803718e3,85.2,1.265717e3,6.735236e3,1.758509e0,3,22998,1724,634,2.040102e-3,2.844956e4,7.238e-14,2.986,-1.285212e7,9.488e-14
344520,29,17.498,1753.2,56.3,9.766290e7,6.766548e7,1602.4,1.184780e7,1.596e-13,3.890191e5,5.274342e5,3.429e-13,3.373e-13,1.986207e4,2.395464e4,5.259923e3,3.172475e3,9.141531e2,9.389867e2,1778,495,0,7.034890e6,0.52274,0.01694,0.9045,0.2969,2.843,0.04045,3.3297e-4,124374,1.959854e4,1.821963e3,82.9,1.316697e3,6.998626e3,4.479722e1,60,24878,1712,635,1.964901e-3,2.958544e4,7.747e-14,2.979,-1.203595e7,1.027e-13
356400,30,17.611,1651.4,57.1,9.424447e7,6.620839e7,1516.3,1.186653e7,1.681e-13,4.082447e5,5.508620e5,5.938e-13,5.465e-13,2.014561e4,2.435424e4,5.438637e3,3.544535e3,9.200511e2,9.264449e2,1700,499,0,6.879764e6,0.54970,0.01743,0.9083,0.2923,2.847,0.04153,3.1050e-4,126535,2.000383e4,1.884962e3,83.9,1.225980e3,7.356563e3,1.068620e2,108,26525,1700,670,2.034612e-3,3.074597e4,1.173e-13,3.033,-1.173319e7,8.775e-14
368280,31,16.695,1567.5,54.8,1.122655e8,8.055687e7,1429.7,1.134140e7,1.199e-13,4.265591e5,5.732251e5,4.809e-13,4.769e-13,1.922950e4,2.327880e4,5.118345e3,3.613928e3,9.150612e2,9.156992e2,1604,486,0,6.850517e6,0.57583,0.01799,0.9117,0.2883,2.892,0.04320,3.4093e-4,122913,2.018246e4,1.843291e3,84.2,1.339375e3,7.258095e3,3.217123e1,35,27368,1691,647,2.050332e-3,3.192999e4,1.278e-13,2.957,-5.245008e6,8.964e-14
380160,32,16.109,1588.9,53.7,1.149004e8,8.179093e7,1454.7,1.128976e7,1.820e-13,4.441461e5,5.947479e5,4.895e-13,5.582e-13,1.850404e4,2.243196e4,5.306509e3,4.784310e3,9.170765e2,9.090725e2,1645,487,0,6.864105e6,0.59456,0.01845,0.9134,0.2844,2.945,0.04471,3.1105e-4,122921,1.979597e4,1.777719e3,80.0,1.233799e3,7.266080e3,4.724378e1,51,28507,1734,660,2.068303e-3,3.292530e4,2.579e-13,2.992,-4.974625e6,8.837e-14
392040,33,17.232,2150.4,56.5,9.072964e7,5.998399e7,1992.1,1.229350e7,1.758e-13,4.629562e5,6.176509e5,5.130e-13,4.791e-13,1.977118e4,2.381959e4,6.628161e3,5.613838e3,9.611177e2,9.166768e2,2104,520,0,7.324095e6,0.63228,0.01903,0.9147,0.2811,2.920,0.04547,3.3383e-4,126609,2.041637e4,1.939013e3,84.3,1.241361e3,7.826338e3,2.805917e0,2,29258,1610,658,2.149364e-3,3.435683e4,3.291e-13,3.013,-2.247982e7,1.031e-13
403920,34,17.681,1934.8,56.9,9.009467e7,6.095675e7,1794.5,1.208451e7,1.777e-13,4.822748e5,6.411238e5,6.029e-13,4.912e-13,2.029803e4,2.438455e4,6.242590e3,4.019760e3,9.793917e2,9.115544e2,1938,515,0,7.099816e6,0.66335,0.01961,0.9161,0.2777,2.907,0.04703,3.9830e-4,130797,2.177711e4,2.141112e3,91.9,1.505325e3,8.305657e3,3.348176e1,44,30128,1563,659,2.172912e-3,3.579852e4,2.874e-13,2.996,-1.769673e7,9.980e-14
415800,35,19.049,2146.0,59.7,6.637855e7,4.579912e7,1984.6,1.297645e7,1.590e-13,5.029467e5,6.662271e5,6.406e-13,6.212e-13,2.167065e4,2.600453e4,6.908088e3,3.968652e3,9.987342e2,9.012860e2,2112,521,0,7.285756e6,0.69766,0.02021,0.9180,0.2748,2.880,0.04749,3.6781e-4,128071,2.186494e4,2.407699e3,94.5,1.465169e3,9.031727e3,2.010748e1,42,31437,1466,663,2.219103e-3,3.704450e4,4.343e-13,2.994,-3.233920e7,9.945e-14
427680,36,19.615,2703.0,61.2,6.731086e7,4.437799e7,2530.8,1.324628e7,1.178e-13,5.240483e5,6.919328e5,6.206e-13,5.892e-13,2.214126e4,2.661650e4,7.925615e3,4.858239e3,1.039642e3,9.107593e2,2580,542,0,7.527203e6,0.72299,0.02089,0.9182,0.2717,2.863,0.04867,4.0065e-4,122667,2.306648e4,2.673165e3,101.7,1.621497e3,9.446670e3,2.732210e1,27,33899,1608,670,2.251154e-3,3.824608e4,3.265e-13,2.967,-4.368275e7,9.438e-14
439560,37,19.917,2072.9,60.1,6.611300e7,4.594085e7,1930.7,1.299811e7,2.439e-13,5.453303e5,7.178402e5,7.280e-13,6.557e-13,2.232547e4,2.680938e4,6.975513e3,4.015683e3,1.043466e3,9.019959e2,2086,527,0,7.121815e6,0.74328,0.02145,0.9192,0.2690,2.874,0.04933,3.8804e-4,124757,2.269887e4,2.767339e3,97.6,1.623238e3,9.671899e3,4.493445e1,45,35788,1661,673,2.287029e-3,3.914485e4,4.825e-13,2.918,-3.019405e7,1.057e-13
451440,38,18.625,1651.8,56.7,9.770001e7,6.994309e7,1507.9,1.198413e7,1.540e-13,5.654064e5,7.423933e5,7.301e-13,7.290e-13,2.107995e4,2.543414e4,6.027492e3,4.254954e3,1.003841e3,8.810062e2,1712,495,0,6.857394e6,0.75428,0.02201,0.9211,0.2668,2.938,0.05081,4.1512e-4,122297,2.339757e4,2.635304e3,97.2,1.688449e3,9.359849e3,3.213224e2,279,37367,1814,662,2.319186e-3,3.996874e4,3.972e-13,2.953,-1.075957e7,8.649e-14
463320,39,17.121,1619.0,53.2,1.163815e8,8.360725e7,1474.2,1.153458e7,1.820e-13,5.838490e5,7.650197e5,7.395e-13,7.285e-13,1.944433e4,2.349901e4,5.948553e3,5.307955e3,1.001731e3,8.726653e2,1670,491,0,6.887662e6,0.75855,0.02252,0.9227,0.2639,3.027,0.05343,4.0002e-4,125724,2.255317e4,2.359442e3,90.4,1.665211e3,8.895401e3,4.137784e1,46,38307,1720,667,2.320303e-3,4.086993e4,5.998e-13,2.887,-5.422000e6,8.981e-14
475200,40,16.320,1441.0,51.3,1.178266e8,8.643439e7,1312.1,1.113938e7,2.379e-13,6.013229e5,7.863763e5,6.805e-13,6.059e-13,1.846656e4,2.223390e4,5.765324e3,5.906433e3,9.926973e2,8.772827e2,1526,478,0,6.671797e6,0.76935,0.02310,0.9242,0.2613,3.059,0.05552,3.6417e-4,125471,2.213972e4,2.216370e3,85.9,1.510511e3,8.792419e3,3.830060e1,47,38589,1716,684,2.338899e-3,4.182941e4,5.081e-13,2.899,-2.610525e6,9.716e-14
487080,41,16.708,1583.6,53.0,1.029197e8,7.296077e7,1434.5,1.160112e7,1.506e-13,6.194460e5,8.085130e5,7.143e-13,5.398e-13,1.913770e4,2.302162e4,6.539188e3,6.828990e3,1.014556e3,8.849558e2,1634,487,0,6.892004e6,0.80536,0.02395,0.9254,0.2593,3.030,0.05611,3.6622e-4,129183,2.251917e4,2.265988e3,87.7,1.421648e3,9.228005e3,0.000000e0,0,38943,1476,668,2.388385e-3,4.308405e4,4.300e-13,2.893,-8.108423e6,9.224e-14
498960,42,17.941,1471.2,54.8,8.142363e7,5.871734e7,1327.3,1.191160e7,3.753e-15,6.386662e5,8.320241e5,6.143e-13,5.962e-13,2.024657e4,2.440595e4,6.281732e3,5.236216e3,1.026459e3,8.948624e2,1553,486,0,6.688477e6,0.84196,0.02462,0.9273,0.2569,2.967,0.05716,3.8274e-4,124221,2.387663e4,2.574004e3,96.9,1.523492e3,9.965933e3,3.234542e1,31,39216,1537,667,2.420193e-3,4.456727e4,4.176e-13,2.925,-1.239838e7,9.271e-14
510840,43,17.967,1912.5,54.7,9.040155e7,6.149767e7,1740.6,1.215816e7,1.146e-13,6.578950e5,8.555200e5,4.479e-13,4.874e-13,2.028298e4,2.441703e4,7.174114e3,5.033845e3,1.054156e3,9.210725e2,1915,513,0,7.145534e6,0.86455,0.02533,0.9278,0.2551,2.975,0.05908,4.5052e-4,125865,2.457109e4,2.695475e3,99.8,1.737799e3,1.017933e4,8.767283e1,56,40721,1471,671,2.468027e-3,4.589701e4,3.446e-13,2.841,-1.697128e7,9.764e-14
522720,44,18.581,2126.6,56.4,7.939188e7,5.289824e7,1968.5,1.264628e7,6.716e-14,6.776460e5,8.797622e5,3.642e-13,4.044e-13,2.090368e4,2.517518e4,8.274175e3,5.654934e3,1.152714e3,9.329476e2,2087,524,0,7.236301e6,0.88862,0.02617,0.9286,0.2537,2.971,0.05877,3.8180e-4,124194,2.441978e4,2.853921e3,98.2,1.618137e3,1.072456e4,3.033635e2,226,42587,1514,654,2.489657e-3,4.668261e4,2.894e-13,2.871,-2.559982e7,9.165e-14
534600,45,19.025,2111.6,57.2,7.648344e7,5.144915e7,1951.6,1.268501e7,1.066e-13,6.978872e5,9.046712e5,3.390e-13,4.229e-13,2.141962e4,2.583137e4,8.100402e3,5.473647e3,1.178424e3,9.223711e2,2092,523,0,7.207928e6,0.91973,0.02696,0.9293,0.2525,2.926,0.05985,4.2710e-4,121477,2.538494e4,3.054027e3,103.9,1.709652e3,1.101255e4,1.174827e0,1,44741,1587,664,2.556461e-3,4.806659e4,1.788e-13,2.854,-2.616503e7,9.301e-14
546480,46,18.657,2232.5,56.2,8.825033e7,5.853826e7,2069.3,1.255077e7,1.109e-13,7.177634e5,9.291116e5,3.424e-13,4.677e-13,2.105428e4,2.535759e4,8.042674e3,5.781551e3,1.178020e3,9.171875e2,2200,527,0,7.294941e6,0.93730,0.02773,0.9296,0.2512,2.939,0.06151,4.4383e-4,124878,2.564320e4,3.084526e3,103.7,1.839115e3,1.113397e4,1.714893e1,15,46258,1626,665,2.483160e-3,4.917098e4,1.520e-13,2.866,-2.440001e7,1.164e-13
558360,47,18.553,2250.8,55.6,8.831437e7,5.831758e7,2095.2,1.255278e7,1.527e-13,7.373985e5,9.532126e5,4.971e-13,4.616e-13,2.083326e4,2.501674e4,8.289959e3,6.245193e3,1.198220e3,9.157311e2,2232,529,0,7.280482e6,0.95450,0.02854,0.9297,0.2501,2.967,0.06282,4.0249e-4,123732,2.532543e4,3.061558e3,100.5,1.716097e3,1.116001e4,1.488066e1,11,46872,1680,668,2.458955e-3,5.020338e4,9.536e-14,2.883,-2.493163e7,9.467e-14
570240,48,17.887,1731.6,53.7,1.004403e8,7.056182e7,1590.0,1.183455e7,1.684e-13,7.564325e5,9.767119e5,4.337e-13,3.303e-13,2.023022e4,2.440864e4,7.346003e3,5.911110e3,1.196133e3,9.094374e2,1775,507,0,6.892814e6,0.96920,0.02922,0.9306,0.2491,2.997,0.06491,4.3553e-4,124738,2.607629e4,3.016916e3,102.7,1.770502e3,1.119187e4,1.425706e2,87,48148,1619,663,2.466308e-3,5.134118e4,1.215e-13,2.830,-1.108428e7,9.650e-14
582120,49,18.085,1598.9,54.1,9.076656e7,6.488834e7,1442.0,1.201673e7,2.119e-13,7.758566e5,1.000616e6,3.885e-13,4.755e-13,2.062715e4,2.481269e4,7.413864e3,5.851160e3,1.203085e3,9.084439e2,1648,489,0,6.857803e6,0.99345,0.02990,0.9322,0.2480,2.972,0.06583,4.1560e-4,130535,2.630583e4,3.063095e3,104.1,1.755070e3,1.163284e4,5.719953e1,49,48898,1522,659,2.493695e-3,5.245669e4,1.369e-13,2.871,-1.210470e7,9.651e-14
594000,50,18.794,1591.3,54.3,7.777240e7,5.595839e7,1433.2,1.226663e7,7.608e-14,7.956804e5,1.024917e6,1.965e-13,3.076e-13,2.100537e4,2.521783e4,7.683391e3,5.522806e3,1.181618e3,9.168243e2,1663,488,0,6.815012e6,1.00842,0.03057,0.9335,0.2472,2.966,0.06659,4.1839e-4,127901,2.654113e4,3.287995e3,105.4,1.755677e3,1.205442e4,3.894651e2,320,50592,1455,713,2.527520e-3,5.324786e4,1.544e-13,2.831,-1.600799e7,9.715e-14
605880,51,18.460,1671.3,53.3,8.989989e7,6.375124e7,1507.3,1.203544e7,1.295e-13,8.151898e5,1.048869e6,2.568e-13,2.824e-13,2.068317e4,2.486840e4,7.407930e3,5.486401e3,1.173714e3,9.169416e2,1714,491,0,6.886966e6,1.03438,0.03149,0.9344,0.2467,2.983,0.06821,4.6622e-4,127552,2.716626e4,3.301937e3,108.0,1.901990e3,1.209739e4,6.181350e1,74,51760,1461,662,2.575956e-3,5.443270e4,9.825e-14,2.829,-1.313327e7,9.890e-14
617760,52,17.938,1512.5,52.0,9.785589e7,7.115737e7,1361.4,1.173401e7,2.162e-13,8.341279e5,1.072149e6,3.196e-13,2.380e-13,2.011793e4,2.419777e4,7.252384e3,6.037152e3,1.179843e3,9.173241e2,1585,488,0,6.728929e6,1.04671,0.03216,0.9351,0.2458,3.017,0.07006,4.3176e-4,128515,2.704780e4,3.231568e3,105.1,1.859136e3,1.212139e4,4.730618e1,56,52804,1498,661,2.635459e-3,5.539139e4,2.330e-13,2.830,-8.689653e6,9.264e-14
629640,53,16.838,1494.1,50.2,1.141385e8,8.342270e7,1338.4,1.130041e7,1.579e-13,8.520589e5,1.094188e6,2.200e-13,2.832e-13,1.910831e4,2.296018e4,7.527608e3,7.390200e3,1.177342e3,9.207246e2,1555,480,0,6.772100e6,1.05096,0.03279,0.9360,0.2452,3.072,0.07188,4.3217e-4,130101,2.722182e4,3.027622e3,103.8,1.795402e3,1.177563e4,4.692175e2,311,54073,1484,673,2.662775e-3,5.614364e4,1.287e-13,2.795,-3.937693e6,1.110e-13
641520,54,17.998,1941.8,53.3,8.337842e7,5.680779e7,1767.0,1.242097e7,9.687e-14,8.711855e5,1.117741e6,2.201e-13,3.191e-13,2.036197e4,2.449734e4,9.048253e3,8.463586e3,1.235346e3,9.451213e2,1926,512,0,7.130954e6,1.08040,0.03349,0.9364,0.2452,3.038,0.07210,3.9656e-4,125694,2.777453e4,3.278807e3,107.7,1.665189e3,1.277930e4,9.322682e1,96,55142,1441,649,2.695684e-3,5.723772e4,6.890e-14,2.847,-2.087263e7,8.818e-14
653400,55,18.459,1891.5,53.4,8.290919e7,5.738338e7,1729.8,1.225898e7,2.150e-13,8.905992e5,1.141631e6,1.034e-13,9.280e-14,2.074229e4,2.485767e4,9.043373e3,6.567519e3,1.328536e3,9.671362e2,1900,510,0,7.051983e6,1.10243,0.03406,0.9371,0.2453,3.025,0.07350,4.7468e-4,131705,2.853014e4,3.496739e3,111.3,1.853207e3,1.310994e4,1.059059e2,99,55699,1252,666,2.772854e-3,5.842086e4,8.270e-14,2.785,-1.965896e7,1.027e-13
665280,56,18.297,1851.8,52.7,8.936748e7,6.173587e7,1687.0,1.218276e7,9.388e-14,9.097584e5,1.165249e6,1.373e-13,2.324e-13,2.052114e4,2.463989e4,8.379384e3,6.456977e3,1.361961e3,1.022328e3,1867,505,0,7.015578e6,1.11274,0.03442,0.9373,0.2463,3.062,0.07564,4.5233e-4,128563,2.897850e4,3.553938e3,113.5,1.961859e3,1.333130e4,1.472509e2,70,56986,1359,662,2.781865e-3,5.933822e4,4.169e-15,2.802,-1.651709e7,1.125e-13
677160,57,17.404,1582.6,51.0,1.061508e8,7.650757e7,1428.4,1.156717e7,2.354e-13,9.282023e5,1.188048e6,1.047e-13,2.595e-13,1.982562e4,2.384991e4,8.155142e3,6.856723e3,1.381738e3,1.050928e3,1636,492,0,6.827319e6,1.12603,0.03466,0.9379,0.2480,3.083,0.07781,4.5223e-4,131765,2.914557e4,3.384230e3,110.4,1.882793e3,1.319739e4,6.557685e1,50,58710,1339,652,2.841924e-3,6.038987e4,1.090e-13,2.794,-7.186906e6,9.943e-14
689040,58,17.960,1987.2,51.6,8.889219e7,6.050766e7,1811.1,1.237166e7,1.629e-13,9.469471e5,1.211133e6,1.785e-13,2.691e-13,2.017468e4,2.414818e4,9.274235e3,7.833933e3,1.429898e3,1.062503e3,1961,515,0,7.177373e6,1.14529,0.03497,0.9382,0.2492,3.069,0.07889,3.9604e-4,128300,2.944655e4,3.519150e3,111.1,1.726122e3,1.372487e4,1.047464e2,56,60857,1406,648,2.921034e-3,6.131064e4,4.581e-14,2.828,-1.989820e7,1.081e-13
700920,59,18.574,1807.6,53.5,8.077833e7,5.624270e7,1643.1,1.230939e7,1.495e-13,9.665536e5,1.235431e6,1.447e-13,6.634e-14,2.112590e4,2.538692e4,9.134369e3,6.784141e3,1.519430e3,1.089821e3,1828,511,0,6.982987e6,1.16936,0.03500,0.9390,0.2509,3.031,0.08004,4.5826e-4,129810,3.056575e4,3.773330e3,118.5,1.836279e3,1.456071e4,1.461398e2,71,63002,1245,645,3.016054e-3,6.240070e4,6.914e-14,2.844,-1.847481e7,9.247e-14
712800,60,19.954,1816.2,54.5,5.558152e7,4.074527e7,1643.5,1.305152e7,1.787e-13,9.870768e5,1.260868e6,2.282e-13,1.440e-13,2.217415e4,2.653210e4,9.808784e3,6.721502e3,1.650921e3,1.094880e3,1849,506,0,6.986232e6,1.16485,0.03509,0.9400,0.2527,3.008,0.07916,4.1598e-4,127669,3.031195e4,4.183179e3,118.1,1.872739e3,1.542933e4,7.917568e2,530,65741,1369,706,3.068301e-3,6.207136e4,2.591e-14,2.790,-2.899032e7,9.168e-14
724680,61,18.435,1773.3,50.6,1.001288e8,7.095807e7,1607.1,1.188391e7,1.133e-13,1.005838e6,1.284362e6,2.124e-13,7.505e-14,2.048037e4,2.457804e4,8.506736e3,6.928182e3,1.719330e3,1.083614e3,1800,497,0,6.929667e6,1.16405,0.03535,0.9407,0.2541,3.017,0.08436,5.2678e-4,124689,3.120955e4,3.915306e3,117.8,2.122231e3,1.447304e4,4.037247e0,3,67912,1454,644,3.171454e-3,6.327343e4,3.392e-14,2.772,-1.179236e7,9.002e-14
736560,62,17.758,1811.8,50.3,1.021973e8,7.113649e7,1640.5,1.204255e7,1.986e-13,1.024211e6,1.307496e6,2.012e-13,2.057e-13,2.018163e4,2.418669e4,9.511727e3,8.089990e3,1.808149e3,1.053006e3,1807,504,0,7.018497e6,1.16596,0.03570,0.9411,0.2550,3.038,0.08688,4.2648e-4,132721,3.171823e4,3.730803e3,117.6,1.951619e3,1.502049e4,0.000000e0,0,70581,1463,627,3.210042e-3,6.407718e4,7.313e-14,2.787,-1.210314e7,9.796e-14
748440,63,17.372,1699.6,49.5,1.043836e8,7.378360e7,1535.6,1.171922e7,1.860e-13,1.042041e6,1.330150e6,9.183e-14,1.946e-13,1.972162e4,2.368256e4,9.246581e3,7.686171e3,1.892187e3,1.028059e3,1737,497,0,6.909635e6,1.17073,0.03609,0.9415,0.2556,3.028,0.08968,4.2000e-4,129262,3.202669e4,3.669107e3,118.6,1.830111e3,1.497671e4,4.262202e1,21,72715,1292,627,3.207042e-3,6.510748e4,1.028e-14,2.781,-9.331803e6,9.317e-14
760320,64,18.341,2304.1,52.1,8.121877e7,5.363987e7,2110.4,1.279308e7,1.587e-14,1.060882e6,1.354081e6,9.810e-14,8.064e-14,2.083725e4,2.496145e4,1.116280e4,8.730062e3,1.996334e3,1.031201e3,2217,532,0,7.400472e6,1.19393,0.03673,0.9415,0.2562,2.981,0.08940,4.1732e-4,130049,3.274526e4,3.940364e3,122.8,1.784215e3,1.617679e4,3.130422e1,22,74884,1252,605,3.341879e-3,6.591526e4,7.948e-14,2.837,-2.881915e7,1.017e-13
772200,65,19.569,2978.6,55.8,6.330995e7,4.173402e7,2783.9,1.351425e7,1.914e-13,1.080930e6,1.379728e6,1.637e-13,1.755e-14,2.227960e4,2.668932e4,1.355419e4,9.600834e3,2.231287e3,1.041947e3,2817,549,0,7.708757e6,1.21650,0.03759,0.9415,0.2568,2.921,0.08755,4.6516e-4,129957,3.275616e4,4.373454e3,127.1,1.942824e3,1.708226e4,5.650423e0,6,76762,1250,606,3.401490e-3,6.633787e4,9.454e-14,2.774,-5.212580e7,9.842e-14
784080,66,17.998,2391.3,50.9,1.050768e8,6.945903e7,2227.7,1.213687e7,1.750e-13,1.099033e6,1.403124e6,4.597e-14,1.040e-13,2.036480e4,2.443037e4,1.051085e4,8.448784e3,2.262272e3,1.034075e3,2324,538,0,7.297650e6,1.21580,0.03859,0.9408,0.2576,2.958,0.09165,5.1040e-4,129824,3.401878e4,4.154472e3,128.3,2.200157e3,1.580410e4,6.054713e1,40,78668,1305,598,3.376701e-3,6.760038e4,2.131e-14,2.778,-2.140525e7,8.881e-14
795960,67,17.819,1917.3,50.3,9.707298e7,6.652753e7,1751.9,1.215890e7,3.324e-14,1.117234e6,1.426579e6,9.503e-14,6.741e-14,2.043171e4,2.446683e4,1.054162e4,8.075103e3,2.229964e3,1.012556e3,1899,518,0,7.067139e6,1.23143,0.03953,0.9409,0.2580,2.960,0.09199,4.1194e-4,133287,3.363215e4,4.027278e3,123.9,1.884634e3,1.616588e4,2.213383e2,107,79556,1287,608,3.460025e-3,6.839706e4,4.659e-14,2.784,-1.540285e7,1.111e-13
807840,68,17.970,2065.7,49.6,9.316055e7,6.263663e7,1884.0,1.226259e7,1.220e-13,1.135278e6,1.449799e6,8.429e-14,1.603e-13,2.023717e4,2.423677e4,1.059997e4,7.868739e3,2.193784e3,1.016348e3,2024,517,0,7.183601e6,1.24801,0.04053,0.9408,0.2583,2.926,0.09324,4.2453e-4,127591,3.441034e4,4.156307e3,127.5,1.861713e3,1.630608e4,2.711222e2,150,80692,1338,584,3.344035e-3,6.948996e4,2.618e-14,2.771,-1.896983e7,8.961e-14
819720,69,18.200,1537.7,49.2,8.812267e7,6.408652e7,1378.7,1.189483e7,1.062e-13,1.153662e6,1.473358e6,2.868e-13,1.511e-13,2.050272e4,2.457006e4,8.851583e3,6.550557e3,2.118837e3,1.010814e3,1623,490,0,6.702419e6,1.27223,0.04140,0.9418,0.2589,2.897,0.09453,4.4416e-4,131651,3.460825e4,4.249523e3,128.2,1.896022e3,1.665992e4,4.262990e1,23,82065,1203,585,3.412389e-3,7.076444e4,1.008e-14,2.766,-1.173795e7,9.715e-14
831600,70,17.921,1283.0,47.0,9.532426e7,7.246946e7,1116.4,1.148632e7,1.419e-13,1.171621e6,1.496118e6,2.007e-14,1.594e-13,1.992229e4,2.376675e4,7.965543e3,5.918589e3,1.963139e3,1.007195e3,1350,456,0,6.468515e6,1.27657,0.04227,0.9426,0.2593,2.918,0.09687,4.4794e-4,130691,3.496690e4,4.254044e3,128.5,1.965603e3,1.651016e4,4.275502e2,189,83614,1240,693,3.492773e-3,7.170802e4,2.131e-14,2.743,-6.002581e6,9.087e-14
843480,71,18.037,1552.4,47.7,9.100008e7,6.568800e7,1365.1,1.191471e7,2.264e-13,1.189894e6,1.519238e6,5.909e-14,3.372e-14,2.014808e4,2.412722e4,9.239665e3,6.856471e3,1.874494e3,1.007237e3,1588,476,0,6.787907e6,1.30420,0.04362,0.9435,0.2599,2.887,0.09727,4.2101e-4,127563,3.481093e4,4.262041e3,127.3,1.853526e3,1.690204e4,1.902457e2,128,84115,1161,587,3.586367e-3,7.265924e4,3.665e-14,2.756,-1.090316e7,8.985e-14
855360,72,18.347,1564.9,48.2,8.597264e7,6.205340e7,1387.4,1.200530e7,1.576e-13,1.208594e6,1.542760e6,2.017e-13,5.343e-14,2.050434e4,2.453571e4,9.549054e3,6.804216e3,1.804909e3,1.013036e3,1625,486,0,6.754252e6,1.32433,0.04465,0.9436,0.2605,2.877,0.09790,4.4372e-4,129168,3.547091e4,4.451842e3,130.6,1.902238e3,1.751987e4,1.448446e2,53,85311,1161,584,3.735882e-3,7.365400e4,1.347e-13,2.766,-1.254103e7,9.699e-14
867240,73,17.809,1559.6,47.3,9.872253e7,7.154125e7,1377.9,1.169338e7,2.142e-13,1.226946e6,1.565855e6,2.049e-14,1.072e-13,2.012315e4,2.410088e4,9.230012e3,6.732979e3,1.771202e3,1.006471e3,1607,484,0,6.775120e6,1.33856,0.04554,0.9445,0.2610,2.884,0.10037,4.7678e-4,131914,3.608322e4,4.389778e3,133.5,2.035018e3,1.739852e4,3.920717e1,45,86394,1269,578,3.810125e-3,7.492851e4,2.059e-14,2.751,-8.629356e6,1.032e-13
879120,74,18.578,1496.0,48.0,7.940034e7,5.818853e7,1321.4,1.214611e7,1.046e-13,1.245901e6,1.589540e6,6.672e-14,1.747e-13,2.070123e4,2.469422e4,9.480010e3,6.996551e3,1.745978e3,1.008707e3,1569,478,0,6.694168e6,1.35167,0.04639,0.9455,0.2615,2.873,0.09975,4.1449e-4,129762,3.541769e4,4.595222e3,129.6,1.871903e3,1.803044e4,2.982009e2,117,87712,1353,584,3.872888e-3,7.534352e4,1.066e-13,2.748,-1.388210e7,1.148e-13
891000,75,17.823,1381.5,46.0,1.004786e8,7.524562e7,1206.6,1.144330e7,2.035e-13,1.264051e6,1.612197e6,1.087e-14,7.250e-14,1.985136e4,2.366909e4,8.887559e3,6.509246e3,1.700807e3,1.011993e3,1427,469,0,6.592752e6,1.34949,0.04718,0.9461,0.2621,2.902,0.10202,4.8509e-4,130999,3.621363e4,4.463411e3,132.7,2.005738e3,1.733628e4,7.249508e2,316,88160,1279,585,3.936729e-3,7.611294e4,4.646e-14,2.726,-5.696311e6,9.823e-14
902880,76,17.833,1281.0,45.8,9.403714e7,7.131342e7,1109.6,1.152780e7,3.545e-13,1.282216e6,1.634779e6,5.030e-14,6.936e-14,1.979452e4,2.359269e4,9.099636e3,6.801727e3,1.629860e3,1.011429e3,1340,456,0,6.441396e6,1.35083,0.04793,0.9469,0.2627,2.884,0.10381,4.2424e-4,127738,3.613703e4,4.459486e3,131.4,1.911000e3,1.776622e4,3.642955e2,219,88652,1412,600,4.016083e-3,7.682117e4,5.342e-14,2.735,-6.447878e6,8.985e-14
914760,77,17.971,1825.9,47.1,9.218550e7,6.437138e7,1622.7,1.210097e7,2.955e-13,1.300748e6,1.657729e6,1.092e-13,1.098e-13,2.017497e4,2.397163e4,1.114643e4,8.261126e3,1.643214e3,1.021474e3,1810,498,0,7.055680e6,1.36372,0.04885,0.9477,0.2632,2.835,0.10516,4.5819e-4,132521,3.648364e4,4.509975e3,132.6,1.915510e3,1.829267e4,2.348461e0,2,89447,1345,597,4.196942e-3,7.781881e4,1.748e-13,2.722,-1.529900e7,9.633e-14
926640,78,17.626,2185.6,47.6,9.923463e7,6.612092e7,1993.2,1.216234e7,2.362e-13,1.319028e6,1.680563e6,2.754e-14,5.265e-14,1.997524e4,2.387264e4,1.179027e4,9.487945e3,1.695291e3,1.038060e3,2106,521,0,7.266529e6,1.36947,0.04982,0.9478,0.2640,2.832,0.10719,4.7418e-4,129566,3.720809e4,4.542063e3,136.7,2.088355e3,1.854354e4,2.572475e0,1,90127,1328,582,4.306089e-3,7.877899e4,3.251e-14,2.743,-1.920001e7,9.461e-14
938520,79,16.163,2957.4,47.4,1.226655e8,7.580152e7,2755.4,1.199673e7,2.248e-13,1.335997e6,1.701965e6,2.266e-14,7.620e-14,1.876317e4,2.246135e4,1.410559e4,1.333575e4,1.793752e3,1.059727e3,2719,549,0,7.733228e6,1.36183,0.05112,0.9468,0.2646,2.887,0.11061,4.8507e-4,134050,3.764705e4,4.203672e3,136.8,2.180903e3,1.788191e4,1.146191e2,77,90597,1407,594,4.450681e-3,7.978198e4,3.174e-14,2.759,-2.520392e7,9.169e-14
950400,80,15.416,2213.4,45.5,1.227848e8,8.131829e7,2060.3,1.141939e7,2.546e-13,1.351890e6,1.722182e6,5.546e-14,8.166e-14,1.778620e4,2.127620e4,1.332892e4,1.261871e4,1.893492e3,1.059417e3,2146,533,0,7.224889e6,1.35231,0.05214,0.9462,0.2648,2.926,0.11311,4.0355e-4,132424,3.691809e4,3.964366e3,127.0,1.923686e3,1.758152e4,7.371930e1,31,91043,1422,756,4.453191e-3,8.040005e4,1.095e-13,2.778,-1.196663e7,9.089e-14
962280,81,14.537,1828.4,43.6,1.290456e8,9.019020e7,1667.9,1.090658e7,3.069e-13,1.366751e6,1.741199e6,8.313e-14,5.884e-14,1.679421e4,2.009585e4,1.295764e4,1.166626e4,1.932749e3,1.079186e3,1799,508,0,7.040274e6,1.35669,0.05358,0.9457,0.2653,2.936,0.11561,3.8838e-4,136039,3.679049e4,3.723208e3,123.9,1.790238e3,1.709968e4,2.810429e0,2,90871,1533,580,4.410052e-3,8.126551e4,5.372e-16,2.752,-4.354855e6,9.384e-14
974160,82,16.162,2318.6,47.5,9.538197e7,6.162034e7,2127.5,1.209509e7,2.190e-13,1.383539e6,1.762493e6,4.460e-14,1.083e-13,1.869931e4,2.239026e4,1.464947e4,1.303602e4,1.912176e3,1.095908e3,2222,533,0,7.394202e6,1.38900,0.05489,0.9451,0.2662,2.895,0.11336,3.8966e-4,131939,3.800044e4,4.082859e3,130.1,1.701212e3,1.888946e4,5.627533e0,7,91064,1729,608,4.412334e-3,8.199607e4,2.272e-14,2.764,-2.320043e7,8.295e-14
986040,83,18.199,2515.7,49.4,6.988676e7,4.589462e7,2325.8,1.277066e7,1.765e-13,1.402266e6,1.785859e6,1.124e-13,1.630e-14,2.051017e4,2.447572e4,1.444449e4,1.082999e4,1.782559e3,1.109164e3,2416,536,0,7.453164e6,1.41562,0.05610,0.9450,0.2673,2.860,0.11099,4.8329e-4,130938,3.858422e4,4.758989e3,138.3,1.870837e3,2.011169e4,4.319053e1,33,91568,1486,576,4.439051e-3,8.250292e4,8.378e-14,2.731,-3.765428e7,1.001e-13
997920,84,19.277,2067.2,50.3,6.359253e7,4.396680e7,1888.3,1.272635e7,3.281e-13,1.422178e6,1.810909e6,2.002e-13,1.083e-13,2.173070e4,2.616566e4,1.291246e4,8.819334e3,1.818790e3,1.115665e3,2030,527,0,7.064818e6,1.43483,0.05729,0.9453,0.2687,2.828,0.10750,4.8625e-4,127808,3.917475e4,5.318421e3,143.3,2.050466e3,2.108895e4,2.206783e2,111,92798,1486,564,4.453212e-3,8.242944e4,2.489e-14,2.749,-2.983199e7,9.863e-14
1009800,85,18.483,1586.5,46.4,9.119734e7,6.654407e7,1410.9,1.185472e7,1.716e-13,1.441077e6,1.834513e6,1.716e-13,1.555e-13,2.062882e4,2.469576e4,1.033922e4,7.049480e3,1.729982e3,1.091994e3,1643,488,1,6.758410e6,1.43515,0.05824,0.9459,0.2701,2.776,0.11087,5.2350e-4,126944,3.949672e4,5.195640e3,140.9,2.192087e3,1.972251e4,0.000000e0,0,94115,1484,585,4.567601e-3,8.358011e4,7.626e-14,2.736,-1.146291e7,9.967e-14
1021680,86,17.983,1591.8,45.6,9.705093e7,7.003744e7,1407.7,1.183051e7,2.368e-13,1.459464e6,1.857382e6,4.914e-14,2.097e-13,2.006806e4,2.394283e4,1.029171e4,7.171904e3,1.680614e3,1.074353e3,1637,485,1,6.760114e6,1.43685,0.05910,0.9445,0.2709,2.801,0.11203,4.3485e-4,128420,3.971329e4,5.042112e3,138.5,2.007339e3,1.964024e4,5.236854e2,260,96279,1584,569,4.630967e-3,8.414208e4,6.295e-14,2.744,-9.864592e6,1.116e-13
1033560,87,17.630,1661.8,45.0,1.005278e8,7.182029e7,1474.0,1.177669e7,1.416e-13,1.477551e6,1.879872e6,2.216e-13,4.335e-15,1.973153e4,2.355355e4,1.030000e4,7.473773e3,1.645287e3,1.063648e3,1683,489,1,6.878104e6,1.45119,0.05999,0.9471,0.2717,2.800,0.11406,4.5792e-4,129327,3.974887e4,4.920679e3,138.4,1.936342e3,1.954742e4,3.872279e1,16,97969,1531,568,4.707332e-3,8.535400e4,2.421e-14,2.723,-9.878630e6,9.087e-14
1045440,88,17.332,1871.2,45.2,1.024920e8,7.081425e7,1678.0,1.186929e7,2.746e-13,1.495446e6,1.902173e6,1.622e-13,1.209e-13,1.951997e4,2.336295e4,1.059250e4,7.945915e3,1.624448e3,1.061996e3,1838,504,1,7.028558e6,1.46796,0.06108,0.9464,0.2726,2.808,0.11605,4.4606e-4,128114,4.057348e4,4.911695e3,142.3,1.992424e3,1.982568e4,4.841589e-1,1,99012,1587,570,4.762444e-3,8.662008e4,1.714e-14,2.742,-1.240412e7,1.074e-13
1057320,89,17.570,1567.9,45.1,9.497482e7,6.857133e7,1394.3,1.171434e7,1.504e-13,1.513629e6,1.924669e6,5.368e-14,6.859e-14,1.968676e4,2.355689e4,9.879413e3,7.466817e3,1.504194e3,1.060833e3,1624,492,1,6.739432e6,1.48135,0.06195,0.9465,0.2733,2.807,0.11686,4.3948e-4,127438,3.989127e4,4.957401e3,139.6,1.923233e3,2.005797e4,1.145884e2,29,100006,1448,587,4.782129e-3,8.746422e4,4.575e-14,2.713,-9.993387e6,8.452e-14
1069200,90,18.158,1809.7,46.3,8.518478e7,5.924619e7,1611.0,1.221278e7,1.923e-13,1.532405e6,1.947939e6,5.257e-14,7.614e-14,2.031580e4,2.434511e4,1.073101e4,8.054192e3,1.538996e3,1.074318e3,1803,499,1,6.977923e6,1.50065,0.06293,0.9470,0.2740,2.775,0.11669,4.4313e-4,123816,4.035566e4,5.211491e3,143.4,1.919618e3,2.081338e4,5.302512e0,3,101161,1566,737,4.839460e-3,8.823429e4,1.306e-13,2.735,-1.679118e7,8.944e-14
1081080,91,19.742,1720.6,48.8,5.646103e7,4.179961e7,1535.6,1.289041e7,1.686e-13,1.552792e6,1.973136e6,1.257e-13,1.652e-15,2.198721e4,2.628887e4,1.156553e4,8.542102e3,1.600252e3,1.092444e3,1764,497,1,6.898073e6,1.53160,0.06445,0.9472,0.2747,2.717,0.11165,4.2449e-4,129302,3.881321e4,5.724574e3,139.2,1.807425e3,2.200809e4,3.624660e1,11,102090,1505,579,4.952826e-3,8.778824e4,1.412e-13,2.745,-2.627104e7,9.298e-14
1092960,92,20.513,1526.0,49.1,5.276836e7,4.083838e7,1345.0,1.282456e7,1.628e-13,1.573682e6,1.999238e6,1.048e-13,9.293e-14,2.262644e4,2.720831e4,1.113607e4,8.576728e3,1.736585e3,1.105877e3,1619,486,1,6.674104e6,1.53582,0.06560,0.9484,0.2756,2.710,0.10817,4.6781e-4,124607,3.884183e4,6.148632e3,140.5,1.941285e3,2.211473e4,1.522318e2,71,103254,1615,578,4.969401e-3,8.724509e4,6.672e-14,2.736,-2.326252e7,1.028e-13
1104840,93,20.863,1575.5,49.7,5.253939e7,4.064554e7,1387.4,1.306657e7,2.976e-13,1.594827e6,2.025757e6,2.029e-14,7.011e-14,2.299281e4,2.763515e4,1.159455e4,9.677148e3,1.847617e3,1.116484e3,1638,486,1,6.784865e6,1.52977,0.06658,0.9499,0.2767,2.718,0.10465,4.1708e-4,124056,3.758364e4,6.249038e3,134.2,1.861051e3,2.169810e4,2.670959e2,112,103967,1909,569,4.968948e-3,8.641221e4,1.199e-13,2.714,-2.471920e7,1.024e-13
1116720,94,20.007,1635.7,48.4,7.777748e7,5.687259e7,1447.1,1.253434e7,1.819e-13,1.615227e6,2.051465e6,1.698e-13,2.656e-14,2.225719e4,2.681457e4,1.155206e4,9.369347e3,1.857954e3,1.106019e3,1675,490,1,6.803664e6,1.53630,0.06771,0.9509,0.2777,2.710,0.10605,4.8566e-4,120090,3.941114e4,6.077621e3,139.5,2.036011e3,2.078821e4,2.373326e2,104,105074,2187,576,4.979305e-3,8.725793e4,3.686e-14,2.732,-1.649830e7,9.197e-14
1128600,95,19.607,1376.3,47.3,8.022537e7,6.084543e7,1198.5,1.225453e7,1.882e-13,1.635275e6,2.076511e6,6.322e-14,9.374e-14,2.180680e4,2.614231e4,9.978660e3,8.247124e3,1.758600e3,1.096744e3,1445,472,1,6.562096e6,1.53898,0.06829,0.9520,0.2785,2.729,0.10849,4.4017e-4,124819,3.946519e4,5.925065e3,139.7,2.035749e3,2.055437e4,2.263471e2,88,105562,2134,583,5.009547e-3,8.814358e4,2.493e-14,2.697,-1.175975e7,9.640e-14
1140480,96,19.267,1728.7,47.1,8.441305e7,6.043588e7,1525.0,1.248134e7,1.845e-13,1.655026e6,2.101159e6,1.055e-13,6.117e-14,2.152516e4,2.576406e4,1.123668e4,9.060901e3,1.774095e3,1.116299e3,1741,491,1,6.954108e6,1.55000,0.06929,0.9527,0.2793,2.687,0.11134,4.6750e-4,124964,4.037229e4,5.880640e3,141.6,2.044415e3,2.079422e4,9.040142e1,40,106094,2066,581,5.115147e-3,8.947579e4,2.440e-14,2.724,-1.622826e7,9.317e-14
1152360,97,17.500,1853.3,44.6,1.154184e8,8.108099e7,1660.0,1.168347e7,3.243e-13,1.673093e6,2.123787e6,7.988e-14,7.477e-14,1.979084e4,2.374535e4,1.132277e4,9.617252e3,1.723322e3,1.117006e3,1808,507,1,7.005199e6,1.54893,0.07018,0.9525,0.2798,2.714,0.11814,4.8841e-4,125581,4.182217e4,5.379709e3,146.7,2.180084e3,1.975635e4,3.864561e2,192,106851,1801,579,5.247054e-3,9.149910e4,8.095e-14,2.725,-8.381031e6,9.392e-14
1164240,98,17.148,1898.7,44.0,1.069426e8,7.391432e7,1708.1,1.187640e7,2.400e-13,1.690649e6,2.145723e6,8.924e-14,7.292e-14,1.933139e4,2.304866e4,1.351607e4,1.034279e4,1.775417e3,1.112681e3,1856,509,1,7.045302e6,1.55525,0.07094,0.9522,0.2804,2.730,0.12279,4.4799e-4,127449,4.222691e4,5.227184e3,145.0,2.076993e3,2.032674e4,2.476955e2,101,106941,1472,577,5.493999e-3,9.311298e4,7.236e-14,2.706,-1.194205e7,1.017e-13
1176120,99,17.376,1454.0,43.5,9.839032e7,7.250587e7,1283.7,1.146700e7,1.943e-13,1.708157e6,2.167593e6,5.180e-14,1.817e-13,1.934171e4,2.298545e4,1.113234e4,8.790038e3,1.833951e3,1.115500e3,1523,480,1,6.591256e6,1.56333,0.07136,0.9526,0.2810,2.745,0.12573,4.4575e-4,126914,4.183283e4,5.253729e3,144.2,1.978993e3,2.069684e4,3.411191e2,146,107160,1333,569,5.577687e-3,9.426704e4,4.631e-15,2.713,-7.357117e6,1.053e-13
1188000,100,17.082,1265.1,42.5,1.035131e8,7.886911e7,1083.7,1.118993e7,1.888e-13,1.725436e6,2.189079e6,2.564e-15,4.765e-14,1.906260e4,2.260932e4,1.019843e4,7.931673e3,1.783799e3,1.123599e3,1305,455,1,6.458387e6,1.57180,0.07160,0.9532,0.2820,2.735,0.12837,4.6422e-4,129444,4.231585e4,5.207499e3,143.9,2.033249e3,2.103025e4,3.724000e2,160,108140,1278,798,5.714940e-3,9.529296e4,6.979e-14,2.744,-3.487871e6,9.636e-14
1199880,101,15.061,1080.6,39.6,1.338894e8,1.063477e8,906.0,1.013653e7,2.196e-13,1.740688e6,2.208256e6,1.462e-13,2.050e-13,1.705876e4,2.029595e4,9.837225e3,7.949687e3,1.806280e3,1.119003e3,1095,429,1,6.229336e6,1.57965,0.07213,0.9537,0.2827,2.753,0.13442,4.3778e-4,129965,4.260786e4,4.678790e3,143.8,2.004357e3,1.973305e4,3.306469e2,87,108020,1481,576,5.863779e-3,9.684079e4,2.960e-14,2.717,4.845143e6,8.914e-14
1211760,102,14.522,1157.4,39.5,1.265665e8,9.802454e7,976.0,1.036176e7,2.491e-13,1.755075e6,2.226660e6,1.538e-13,8.888e-14,1.649425e4,1.952408e4,1.327026e4,9.648373e3,2.107975e3,1.120136e3,1149,428,1,6.364613e6,1.57881,0.07202,0.9540,0.2830,2.773,0.13918,3.8520e-4,132044,4.191229e4,4.429374e3,136.7,1.843241e3,1.994106e4,7.208051e0,2,108368,1611,581,5.965121e-3,9.798667e4,9.059e-15,2.717,2.729779e6,9.946e-14
1223640,103,13.952,1112.7,39.0,1.293101e8,1.006928e8,943.5,1.005014e7,1.994e-13,1.768494e6,2.244254e6,6.161e-14,1.239e-13,1.586814e4,1.873144e4,1.332868e4,1.033308e4,2.448634e3,1.137077e3,1109,429,1,6.310849e6,1.56795,0.07175,0.9538,0.2836,2.801,0.14216,3.7809e-4,134952,4.098029e4,4.201697e3,132.1,1.783590e3,1.972490e4,4.453559e2,198,108551,1619,594,5.989912e-3,9.842685e4,9.551e-14,2.731,4.193828e6,9.119e-14
1235520,104,15.184,1397.8,41.5,1.049745e8,7.684026e7,1207.3,1.098164e7,2.130e-13,1.783198e6,2.263547e6,3.826e-14,3.148e-14,1.720421e4,2.045411e4,1.286038e4,1.165064e4,2.500311e3,1.161057e3,1420,463,1,6.637984e6,1.59278,0.07153,0.9539,0.2846,2.778,0.14121,4.1026e-4,128581,4.166187e4,4.475053e3,136.5,1.881552e3,2.142132e4,7.336779e1,40,109156,2193,591,6.185320e-3,9.892805e4,8.487e-14,2.733,-4.446714e6,8.923e-14
1247400,105,15.956,1506.7,42.0,1.011818e8,7.287234e7,1318.4,1.112449e7,1.607e-13,1.798806e6,2.283589e6,1.386e-13,9.788e-14,1.786900e4,2.123145e4,1.179516e4,1.282784e4,2.260869e3,1.189368e3,1541,476,1,6.713866e6,1.60214,0.07116,0.9538,0.2861,2.784,0.14130,5.1231e-4,126161,4.219323e4,4.761212e3,143.4,2.217770e3,2.185256e4,2.628986e2,102,109795,2241,576,6.328798e-3,9.918419e4,3.477e-14,2.722,-6.394428e6,9.597e-14
1259280,106,16.209,1510.3,42.5,1.026754e8,7.445231e7,1331.5,1.119788e7,2.214e-13,1.814610e6,2.303674e6,7.314e-14,1.839e-13,1.799753e4,2.129078e4,1.166848e4,1.298048e4,2.194097e3,1.206084e3,1567,472,1,6.697511e6,1.59609,0.07053,0.9537,0.2877,2.804,0.14033,4.4610e-4,128238,4.118170e4,4.855877e3,137.0,2.156069e3,2.187410e4,5.538049e2,220,110122,2185,579,6.473146e-3,9.861421e4,4.752e-14,2.727,-6.755560e6,9.074e-14
1271160,107,17.099,1536.4,43.9,9.055572e7,6.526577e7,1350.9,1.155379e7,4.224e-14,1.831362e6,2.325049e6,1.016e-13,3.905e-14,1.901732e4,2.257326e4,1.155112e4,1.287582e4,2.264801e3,1.198345e3,1603,477,1,6.694716e6,1.62244,0.07038,0.9540,0.2891,2.793,0.13865,4.8212e-4,126080,4.180433e4,5.133018e3,141.6,2.164091e3,2.259475e4,4.743382e0,4,111316,2079,565,6.732553e-3,9.897517e4,2.852e-14,2.708,-1.048102e7,1.070e-13
1283040,108,18.956,1081.3,45.5,6.183708e7,4.949121e7,918.4,1.180826e7,1.915e-13,1.849750e6,2.348441e6,4.330e-14,1.013e-13,2.067713e4,2.458433e4,1.055105e4,1.276971e4,2.289613e3,1.192259e3,1191,438,1,6.122817e6,1.59648,0.07034,0.9554,0.2903,2.826,0.12850,4.7135e-4,127556,4.081963e4,5.741540e3,139.2,2.052059e3,2.349750e4,2.968500e3,1037,112254,1927,579,6.616364e-3,9.561788e4,1.431e-14,2.735,-1.198406e7,9.795e-14
1294920,109,19.808,1301.7,45.9,5.981529e7,4.646277e7,1101.1,1.226137e7,1.083e-13,1.868898e6,2.373087e6,2.990e-15,4.906e-14,2.152633e4,2.584951e4,1.097312e4,1.525084e4,2.377888e3,1.203076e3,1379,450,1,6.465148e6,1.61490,0.07087,0.9570,0.2914,2.820,0.12644,5.2283e-4,119937,4.093051e4,6.152120e3,141.6,2.136294e3,2.332831e4,4.536856e1,14,113750,1746,571,6.837567e-3,9.579465e4,4.557e-16,2.744,-1.596488e7,8.650e-14
1306800,110,19.567,1514.7,45.4,7.447168e7,5.541396e7,1320.2,1.228280e7,1.589e-13,1.887826e6,2.397478e6,5.081e-14,1.845e-14,2.140938e4,2.559504e4,1.181108e4,1.375232e4,2.481873e3,1.204452e3,1567,473,1,6.657907e6,1.62272,0.07181,0.9576,0.2924,2.819,0.12671,5.2136e-4,123486,4.173683e4,6.271389e3,141.8,2.285450e3,2.301255e4,2.911269e2,99,115824,1388,820,7.029168e-3,9.633114e4,1.133e-14,2.713,-1.557253e7,9.212e-14
1318680,111,20.065,1510.2,47.1,6.365379e7,4.770955e7,1321.0,1.263026e7,2.836e-13,1.907186e6,2.422773e6,1.039e-13,4.651e-14,2.210393e4,2.649598e4,1.160051e4,1.376321e4,2.743472e3,1.200804e3,1557,478,1,6.669744e6,1.65313,0.07362,0.9582,0.2929,2.812,0.12378,4.6904e-4,122279,4.122760e4,6.489691e3,141.7,2.143279e3,2.356904e4,6.763855e1,26,116742,1459,574,7.306605e-3,9.648935e4,9.818e-14,2.699,-1.903338e7,8.713e-14
1330560,112,20.270,2210.0,48.9,6.468807e7,4.534439e7,1994.6,1.323913e7,7.189e-14,1.926779e6,2.448540e6,4.918e-14,8.653e-14,2.252002e4,2.700620e4,1.596469e4,1.899317e4,2.927200e3,1.238960e3,2119,524,1,7.277672e6,1.65367,0.07524,0.9584,0.2937,2.801,0.12217,5.2241e-4,124012,4.163734e4,6.693748e3,143.3,2.196956e3,2.376756e4,3.247838e2,134,117593,1381,576,7.504973e-3,9.650150e4,2.503e-14,2.740,-3.355411e7,1.007e-13
1342440,113,19.681,2678.6,49.1,8.028521e7,5.242695e7,2474.5,1.313290e7,1.051e-13,1.945747e6,2.473777e6,3.159e-14,2.918e-14,2.208490e4,2.647637e4,1.590562e4,1.900128e4,3.117001e3,1.239451e3,2528,543,1,7.529670e6,1.64837,0.07683,0.9580,0.2944,2.836,0.12465,5.5816e-4,122603,4.221792e4,6.550052e3,145.4,2.485343e3,2.321467e4,2.853616e1,18,118067,1525,564,7.685587e-3,9.741569e4,3.376e-14,2.726,-3.690496e7,9.485e-14
1354320,114,19.616,1905.2,48.0,7.691678e7,5.430718e7,1738.9,1.262321e7,8.455e-14,1.964431e6,2.498626e6,6.531e-14,1.435e-14,2.178828e4,2.607201e4,1.282685e4,1.477656e4,3.103729e3,1.223118e3,1931,516,1,6.887763e6,1.64096,0.07821,0.9579,0.2952,2.852,0.12649,4.8190e-4,122299,4.218457e4,6.546851e3,142.8,2.344155e3,2.341631e4,4.355715e1,27,118543,1461,540,7.855118e-3,9.802569e4,9.145e-14,2.736,-2.246663e7,9.335e-14
1366200,115,20.121,2406.3,49.8,6.523119e7,4.492161e7,2197.2,1.339339e7,1.218e-13,1.983729e6,2.524218e6,1.995e-14,1.013e-13,2.250407e4,2.687963e4,1.606584e4,1.987185e4,3.206053e3,1.287297e3,2303,530,1,7.431003e6,1.63416,0.07971,0.9574,0.2958,2.839,0.12351,4.8118e-4,127447,4.120473e4,6.650355e3,138.5,2.131034e3,2.402554e4,3.831280e2,142,119001,1594,545,7.851712e-3,9.750718e4,6.089e-14,2.694,-3.806126e7,9.519e-14
1378080,116,20.657,2047.4,50.4,5.630228e7,4.070239e7,1872.3,1.327829e7,3.184e-14,2.003556e6,2.550567e6,6.508e-15,3.615e-14,2.301003e4,2.763834e4,1.471810e4,1.748085e4,3.183739e3,1.290136e3,2026,525,1,7.056614e6,1.63359,0.08123,0.9583,0.2965,2.821,0.12038,4.5498e-4,123566,4.131153e4,6.939894e3,138.9,2.143719e3,2.434496e4,2.401567e2,99,119415,1642,548,7.927465e-3,9.705176e4,5.278e-14,2.718,-3.336739e7,1.026e-13
1389960,117,19.868,1700.0,47.9,7.919645e7,5.778096e7,1515.6,1.251303e7,5.508e-14,2.022928e6,2.576133e6,1.462e-13,8.387e-14,2.231280e4,2.681124e4,1.313990e4,1.498964e4,2.940165e3,1.244970e3,1723,498,1,6.859183e6,1.63984,0.08242,0.9586,0.2973,2.798,0.12295,5.6463e-4,126801,4.269157e4,6.762453e3,144.1,2.461042e3,2.336641e4,2.506989e2,119,119344,1552,563,8.078293e-3,9.829244e4,1.836e-14,2.718,-1.755035e7,1.188e-13
1401840,118,19.491,1912.0,47.0,8.156282e7,5.744530e7,1716.6,1.265817e7,1.742e-13,2.041966e6,2.600677e6,6.157e-15,6.804e-14,2.162228e4,2.578857e4,1.353936e4,1.539158e4,2.584917e3,1.244162e3,1928,508,1,6.990554e6,1.63602,0.08379,0.9588,0.2978,2.814,0.12649,4.8516e-4,124827,4.311058e4,6.679494e3,143.4,2.491775e3,2.331277e4,1.928245e2,84,119682,1713,563,8.213125e-3,9.940680e4,4.070e-14,2.724,-2.102824e7,9.613e-14
1413720,119,20.018,1698.2,47.9,6.656425e7,4.859813e7,1522.6,1.278579e7,2.364e-13,2.061507e6,2.625717e6,1.037e-13,7.750e-14,2.211589e4,2.634028e4,1.404015e4,1.653594e4,2.574783e3,1.300234e3,1745,492,1,6.825957e6,1.62998,0.08471,0.9591,0.2986,2.801,0.12597,4.7307e-4,125669,4.146229e4,6.725757e3,134.0,2.202940e3,2.399608e4,7.763606e1,34,119864,1548,549,8.163840e-3,9.938708e4,1.025e-15,2.736,-2.207590e7,1.135e-13
1425600,120,19.495,1511.5,46.1,8.165184e7,6.049154e7,1329.9,1.219925e7,6.260e-15,2.080540e6,2.650146e6,2.708e-14,4.955e-14,2.146444e4,2.573234e4,1.312664e4,1.482715e4,2.431654e3,1.303902e3,1579,481,1,6.631917e6,1.61962,0.08589,0.9597,0.2996,2.802,0.12628,5.0988e-4,122034,4.342184e4,6.670769e3,142.9,2.389213e3,2.349008e4,1.564958e3,754,120397,1553,820,7.897142e-3,9.949778e4,3.013e-14,2.748,-1.311636e7,1.006e-13
1437480,121,18.085,1284.5,43.5,1.058961e8,8.143945e7,1101.4,1.140080e7,1.064e-13,2.098645e6,2.673115e6,3.639e-14,1.622e-13,2.023778e4,2.421526e4,1.178329e4,1.278212e4,2.132605e3,1.245787e3,1319,456,1,6.441439e6,1.64758,0.08756,0.9600,0.3001,2.782,0.13299,5.6637e-4,127751,4.495169e4,6.248484e3,146.8,2.688613e3,2.280177e4,1.759578e2,97,119741,1428,581,8.578844e-3,1.021174e5,8.807e-14,2.701,-3.618828e6,8.910e-14
1449360,122,17.565,1463.4,43.3,1.042948e8,7.724151e7,1264.2,1.162429e7,1.554e-13,2.116125e6,2.695097e6,1.380e-13,1.313e-14,1.955378e4,2.327609e4,1.243400e4,1.478143e4,2.074022e3,1.294579e3,1483,467,1,6.685502e6,1.65578,0.08832,0.9601,0.3007,2.798,0.13933,5.0466e-4,129457,4.539079e4,6.093316e3,146.7,2.550071e3,2.328252e4,1.527427e2,145,119639,1234,570,8.980396e-3,1.041502e5,7.531e-14,2.732,-6.310194e6,1.000e-13
1461240,123,18.231,1312.9,44.7,8.584358e7,6.500287e7,1131.7,1.174860e7,2.050e-13,2.134365e6,2.717962e6,6.240e-14,1.163e-13,2.033745e4,2.423777e4,1.355518e4,1.589231e4,2.097159e3,1.372448e3,1365,461,1,6.474685e6,1.64824,0.08903,0.9607,0.3012,2.799,0.13735,5.1148e-4,129268,4.434380e4,6.204411e3,144.6,2.368543e3,2.412294e4,1.822636e3,770,119854,1123,571,8.569446e-3,1.036796e5,8.421e-15,2.776,-8.951003e6,9.356e-14
1473120,124,18.432,1518.7,44.8,8.584943e7,6.286083e7,1316.6,1.195689e7,2.550e-13,2.152899e6,2.741116e6,2.200e-13,7.220e-14,2.053765e4,2.455681e4,1.326572e4,1.626605e4,2.003541e3,1.402774e3,1547,472,1,6.702737e6,1.67185,0.09005,0.9610,0.3020,2.795,0.13922,5.2786e-4,127054,4.526943e4,6.403461e3,148.7,2.454368e3,2.461930e4,1.843821e2,80,120136,1207,557,9.129908e-3,1.051063e5,1.426e-14,2.741,-1.173340e7,1.019e-13
1485000,125,17.703,1693.8,42.9,1.014316e8,7.242984e7,1497.4,1.173865e7,7.854e-14,2.170602e6,2.763004e6,4.462e-14,8.932e-14,1.952211e4,2.323933e4,1.276624e4,1.510706e4,1.818745e3,1.351671e3,1712,485,1,6.863558e6,1.67039,0.09073,0.9611,0.3027,2.801,0.14512,5.4383e-4,127598,4.542551e4,6.232263e3,147.4,2.621562e3,2.387251e4,2.784893e2,69,120850,1169,575,9.384544e-3,1.067871e5,1.281e-14,2.741,-1.003512e7,9.432e-14
1496880,126,16.340,1484.2,41.8,1.202058e8,8.895558e7,1301.0,1.105663e7,1.338e-13,2.187229e6,2.783636e6,1.874e-14,4.918e-14,1.846918e4,2.201293e4,1.307787e4,1.468380e4,1.842618e3,1.380304e3,1512,477,1,6.660420e6,1.68385,0.09119,0.9606,0.3033,2.810,0.15162,5.0595e-4,128582,4.667276e4,5.855507e3,149.1,2.496332e3,2.387115e4,1.045214e2,48,121456,1119,582,9.994564e-3,1.089792e5,3.645e-14,2.745,-2.172727e6,8.868e-14
1508760,127,16.295,1342.4,40.6,1.099394e8,8.242352e7,1163.5,1.105786e7,2.210e-13,2.203222e6,2.803302e6,1.036e-14,5.997e-14,1.795985e4,2.113560e4,1.366007e4,1.432392e4,1.966969e3,1.469678e3,1380,463,1,6.512823e6,1.67796,0.09141,0.9610,0.3038,2.827,0.15759,4.9448e-4,128478,4.593827e4,5.712559e3,144.0,2.410845e3,2.362840e4,3.788065e2,165,121625,1067,599,1.004330e-2,1.104497e5,3.017e-14,2.712,-2.986856e6,9.035e-14
1520640,128,17.451,1606.0,43.8,8.784833e7,6.260918e7,1404.1,1.185469e7,1.618e-13,2.220551e6,2.825175e6,1.145e-13,2.720e-14,1.953002e4,2.330682e4,1.500382e4,1.502034e4,2.201276e3,1.434049e3,1622,482,1,6.810765e6,1.70228,0.09211,0.9611,0.3046,2.817,0.15448,5.3654e-4,129109,4.607788e4,6.089716e3,146.7,2.416081e3,2.623608e4,2.304711e2,58,122245,1195,582,1.030058e-2,1.105777e5,1.171e-14,2.775,-1.236540e7,8.646e-14
1532520,129,16.221,1466.8,40.8,1.170799e8,8.667405e7,1281.2,1.091027e7,1.653e-13,2.236592e6,2.845263e6,2.290e-14,1.352e-13,1.802392e4,2.148048e4,1.218238e4,1.372743e4,1.982144e3,1.392370e3,1501,479,1,6.635380e6,1.69962,0.09271,0.9613,0.3054,2.827,0.16103,5.5844e-4,125756,4.687953e4,5.877646e3,151.4,2.761216e3,2.447432e4,7.586676e1,26,122331,1213,599,1.062046e-2,1.123292e5,5.933e-14,2.743,-2.237260e6,8.338e-14
1544400,130,14.866,1170.8,39.2,1.294381e8,1.004510e8,1002.0,1.033130e7,1.749e-13,2.251133e6,2.863528e6,1.434e-13,4.033e-14,1.665396e4,1.963619e4,1.434324e4,1.365669e4,2.113101e3,1.371250e3,1182,444,1,6.338832e6,1.69079,0.09292,0.9613,0.3059,2.857,0.16765,4.7092e-4,134371,4.618579e4,5.405907e3,140.9,2.455521e3,2.363965e4,5.985399e1,22,122783,1303,813,1.064287e-2,1.137976e5,2.916e-14,2.724,3.299143e6,9.684e-14
1556280,131,15.368,840.8,39.8,1.116433e8,9.203833e7,678.6,1.011533e7,2.151e-13,2.265719e6,2.882381e6,1.470e-13,8.062e-14,1.721586e4,2.027688e4,1.506650e4,1.222549e4,2.629625e3,1.424532e3,841,395,1,5.812629e6,1.72345,0.09378,0.9620,0.3062,2.848,0.16777,4.8840e-4,136545,4.632753e4,5.393054e3,142.4,2.366278e3,2.445208e4,3.927716e2,111,122587,1337,575,1.092148e-2,1.146845e5,4.213e-14,2.746,2.030651e6,8.012e-14
1568160,132,17.205,1060.4,42.5,8.249940e7,6.528102e7,857.0,1.120365e7,1.616e-13,2.282276e6,2.903551e6,2.469e-14,1.026e-13,1.914093e4,2.260995e4,1.357143e4,1.365429e4,2.584271e3,1.439861e3,1074,408,1,6.177151e6,1.74737,0.09459,0.9629,0.3071,2.828,0.16180,5.5427e-4,133999,4.627391e4,6.006354e3,147.0,2.578622e3,2.664666e4,7.282353e2,252,122798,1461,546,1.085675e-2,1.140562e5,3.304e-14,2.756,-6.336936e6,9.557e-14
1580040,133,18.826,1409.3,45.3,6.466295e7,4.881709e7,1196.1,1.210933e7,5.876e-14,2.300822e6,2.927080e6,1.374e-13,5.616e-14,2.098148e4,2.510404e4,1.434105e4,1.822453e4,2.435704e3,1.574225e3,1427,462,1,6.576729e6,1.77171,0.09600,0.9633,0.3084,2.808,0.15394,5.7174e-4,130097,4.602341e4,6.733204e3,152.6,2.574815e3,2.822156e4,9.099914e0,3,123643,1389,544,1.103343e-2,1.130498e5,3.849e-14,2.780,-1.641677e7,1.027e-13
1591920,134,20.011,1903.6,47.4,5.378469e7,3.951614e7,1691.8,1.301581e7,1.946e-13,2.320597e6,2.951781e6,3.953e-14,2.713e-14,2.207472e4,2.653138e4,1.654758e4,2.310545e4,2.299864e3,1.830960e3,1892,509,1,7.026175e6,1.76535,0.09743,0.9638,0.3099,2.816,0.14589,5.1577e-4,124940,4.482305e4,7.378652e3,147.4,2.478849e3,2.844359e4,1.514854e2,70,124154,1269,563,1.098323e-2,1.111141e5,1.257e-14,2.751,-3.098752e7,1.000e-13
1603800,135,19.246,1897.0,45.1,8.313723e7,5.830313e7,1701.6,1.236424e7,1.378e-13,2.339771e6,2.975595e6,3.204e-14,4.319e-14,2.128473e4,2.561671e4,1.569605e4,2.097807e4,2.110274e3,1.802062e3,1877,511,1,7.003573e6,1.77610,0.09907,0.9635,0.3112,2.822,0.14655,5.9569e-4,123927,4.651824e4,7.244934e3,151.1,2.702576e3,2.656660e4,1.422423e2,54,124316,1353,567,1.116545e-2,1.120433e5,6.793e-14,2.754,-1.912053e7,1.089e-13
1615680,136,18.154,1400.8,42.7,1.011260e8,7.601808e7,1224.7,1.158571e7,1.997e-13,2.358008e6,2.998061e6,5.174e-14,2.563e-14,2.014404e4,2.398714e4,1.313422e4,1.586632e4,1.907469e3,1.521605e3,1455,475,1,6.547048e6,1.78047,0.10006,0.9639,0.3121,2.843,0.15168,5.6518e-4,129499,4.783879e4,6.950818e3,150.7,2.845049e3,2.577082e4,3.951241e2,130,124170,1258,555,1.150748e-2,1.137674e5,1.714e-14,2.755,-6.220208e6,1.014e-13
1627560,137,18.304,1551.2,43.8,9.015036e7,6.587080e7,1349.7,1.196222e7,1.048e-13,2.376347e6,3.020774e6,1.166e-13,1.042e-13,2.040809e4,2.438742e4,1.432812e4,1.769476e4,2.068352e3,1.674528e3,1573,475,1,6.739423e6,1.79186,0.10087,0.9643,0.3129,2.844,0.15415,5.4189e-4,126727,4.742243e4,6.944680e3,150.4,2.675570e3,2.653153e4,4.407366e0,2,125241,1276,552,1.176284e-2,1.149632e5,3.709e-14,2.767,-1.147871e7,8.921e-14
1639440,138,16.854,1978.5,42.2,1.172768e8,8.099607e7,1767.6,1.159886e7,1.288e-13,2.393306e6,3.041690e6,1.333e-13,9.599e-14,1.903228e4,2.271760e4,1.497305e4,1.837052e4,2.073936e3,1.801333e3,1905,510,1,7.119336e6,1.79864,0.10180,0.9642,0.3137,2.829,0.16158,5.8280e-4,128966,4.889493e4,6.581474e3,154.2,2.894982e3,2.587746e4,0.000000e0,0,125447,1130,568,1.199939e-2,1.173209e5,3.721e-14,2.779,-9.693928e6,9.238e-14
1651320,139,16.873,1751.7,42.6,1.045012e8,7.349395e7,1567.4,1.163674e7,1.695e-13,2.410042e6,3.062578e6,1.758e-14,3.877e-14,1.892360e4,2.249300e4,1.578508e4,1.702326e4,2.187702e3,1.605169e3,1771,499,1,6.885736e6,1.79931,0.10240,0.9641,0.3142,2.845,0.16614,5.3203e-4,127520,4.825141e4,6.467974e3,150.5,2.831046e3,2.625857e4,4.356122e1,15,125636,1169,589,1.211136e-2,1.187073e5,4.291e-15,2.766,-1.012078e7,1.002e-13
1663200,140,18.786,1677.7,46.1,6.711262e7,4.811040e7,1483.5,1.245434e7,6.162e-14,2.428605e6,3.085887e6,1.856e-13,9.959e-15,2.105769e4,2.522688e4,1.630166e4,1.828818e4,2.493980e3,1.918339e3,1733,493,1,6.809849e6,1.81780,0.10317,0.9639,0.3152,2.837,0.15966,5.4288e-4,125234,4.738141e4,7.124810e3,150.9,2.585555e3,2.904620e4,2.321901e1,6,126000,1305,826,1.213887e-2,1.177684e5,3.089e-15,2.774,-2.070568e7,9.683e-14
1675080,141,20.095,2313.9,48.4,5.350599e7,3.813676e7,2097.5,1.334143e7,1.322e-13,2.448413e6,3.110378e6,1.141e-14,1.367e-13,2.232867e4,2.684144e4,1.985586e4,2.596538e4,2.520726e3,2.350196e3,2232,526,1,7.355010e6,1.82935,0.10550,0.9639,0.3164,2.846,0.14960,5.0843e-4,124277,4.558018e4,7.699192e3,147.3,2.438500e3,2.929306e4,1.200457e2,33,125635,1366,587,1.205482e-2,1.156530e5,7.927e-15,2.756,-4.050316e7,9.534e-14
1686960,142,18.098,2240.0,43.5,1.070740e8,7.228401e7,2044.2,1.201088e7,3.278e-13,2.466311e6,3.132595e6,9.969e-14,5.916e-14,2.016686e4,2.414513e4,1.681584e4,2.129178e4,2.268965e3,1.927716e3,2165,525,1,7.191645e6,1.83673,0.10713,0.9637,0.3179,2.846,0.15677,6.4934e-4,124672,4.974680e4,7.266882e3,158.5,3.049064e3,2.657103e4,3.266876e2,88,125606,1433,580,1.226637e-2,1.182106e5,3.693e-15,2.755,-1.746896e7,9.507e-14
1698840,143,17.632,1927.0,43.4,1.020227e8,7.063238e7,1741.7,1.201294e7,1.879e-13,2.483624e6,3.154150e6,1.594e-13,2.185e-14,1.970956e4,2.340652e4,1.795681e4,1.979557e4,2.396712e3,1.851654e3,1913,509,1,7.018304e6,1.83530,0.10753,0.9635,0.3190,2.855,0.16166,5.1944e-4,132232,4.868405e4,6.971726e3,148.5,2.821178e3,2.684756e4,8.148642e1,29,125826,1369,577,1.244851e-2,1.195288e5,4.054e-14,2.763,-1.427114e7,1.082e-13
1710720,144,18.627,1721.8,44.6,7.891444e7,5.618100e7,1538.3,1.227050e7,2.609e-13,2.501398e6,3.175837e6,1.253e-13,5.762e-14,2.055440e4,2.440782e4,1.943804e4,2.267429e4,2.780392e3,2.720815e3,1752,494,1,6.802100e6,1.80898,0.10794,0.9638,0.3202,2.878,0.15740,5.3025e-4,129316,4.796318e4,7.209951e3,147.2,2.568859e3,2.788428e4,2.138391e3,611,125655,1445,571,1.212053e-2,1.178343e5,2.964e-15,2.774,-1.784994e7,9.480e-14
1722600,145,19.153,1723.7,44.2,7.428409e7,5.336052e7,1532.8,1.237333e7,1.913e-13,2.519635e6,3.198252e6,6.579e-14,1.390e-13,2.090367e4,2.487880e4,1.712173e4,2.025933e4,2.666816e3,2.463460e3,1749,490,1,6.821512e6,1.80241,0.10868,0.9643,0.3217,2.857,0.15823,5.3168e-4,125395,4.742305e4,7.426227e3,146.0,2.579009e3,2.795135e4,1.168281e2,35,126099,1402,585,1.228341e-2,1.181560e5,1.860e-14,2.765,-1.936172e7,9.429e-14
1734480,146,19.316,1789.0,44.7,7.544350e7,5.350183e7,1591.6,1.252599e7,1.378e-13,2.538346e6,3.221501e6,4.128e-14,5.276e-14,2.122697e4,2.536458e4,1.806073e4,2.263998e4,2.516190e3,2.115937e3,1789,493,1,6.902956e6,1.80001,0.10971,0.9642,0.3231,2.868,0.15788,5.6295e-4,127825,4.870198e4,7.642282e3,149.7,2.707294e3,2.864799e4,4.799627e2,129,126563,1544,583,1.259531e-2,1.183132e5,3.911e-14,2.796,-1.993401e7,1.000e-13
1746360,147,19.439,2136.5,45.9,7.542383e7,5.182699e7,1932.6,1.284229e7,1.529e-13,2.557326e6,3.244703e6,1.639e-15,9.917e-14,2.152533e4,2.575083e4,1.948141e4,2.647421e4,2.544697e3,2.548648e3,2080,522,1,7.196696e6,1.79446,0.11002,0.9643,0.3245,2.883,0.15482,5.2884e-4,126911,4.783691e4,7.690170e3,146.8,2.621211e3,2.866538e4,9.529183e2,384,127073,1582,571,1.249807e-2,1.175103e5,8.693e-14,2.777,-2.738269e7,1.160e-13
1758240,148,19.059,3074.5,46.5,8.575394e7,5.426700e7,2854.4,1.312515e7,2.430e-13,2.575922e6,3.267400e6,1.511e-13,5.701e-14,2.135146e4,2.553386e4,2.226816e4,3.117552e4,2.755978e3,2.837488e3,2869,549,1,7.694158e6,1.80897,0.11079,0.9640,0.3260,2.866,0.15735,5.8006e-4,126152,4.981499e4,7.720742e3,154.6,2.804445e3,2.868977e4,8.497930e-1,2,126766,1542,584,1.286783e-2,1.188485e5,1.873e-14,2.776,-4.362382e7,1.039e-13
1770120,149,18.128,2300.8,44.2,1.011655e8,6.753589e7,2123.8,1.219720e7,1.249e-13,2.593402e6,3.289440e6,6.841e-14,6.285e-14,2.029688e4,2.426723e4,1.804161e4,2.309396e4,2.816774e3,2.226607e3,2258,535,1,7.178240e6,1.81376,0.11094,0.9639,0.3270,2.857,0.16377,5.7676e-4,127908,5.029504e4,7.422514e3,152.5,2.926929e3,2.798982e4,1.822150e2,51,127161,1582,564,1.313310e-2,1.207296e5,1.471e-14,2.792,-2.111893e7,1.067e-13
1782000,150,18.332,1700.3,43.2,8.904730e7,6.333660e7,1518.3,1.210415e7,1.299e-13,2.610719e6,3.311339e6,2.782e-14,3.614e-14,2.028749e4,2.411889e4,1.613351e4,1.841498e4,2.970126e3,2.219868e3,1729,496,1,6.803050e6,1.82218,0.11051,0.9639,0.3281,2.873,0.16768,5.5744e-4,131367,5.075333e4,7.503849e3,153.0,2.906144e3,2.883180e4,2.062403e2,71,127994,1598,816,1.320110e-2,1.218972e5,2.519e-14,2.791,-1.399948e7,9.296e-14
1793880,151,19.111,1283.7,43.4,7.372302e7,5.664557e7,1108.0,1.199285e7,2.651e-13,2.628430e6,3.333663e6,1.006e-13,2.500e-14,2.085790e4,2.489236e4,1.453017e4,1.697692e4,3.146798e3,2.568218e3,1369,464,2,6.395671e6,1.83629,0.11105,0.9646,0.3292,2.825,0.16449,5.1326e-4,128239,4.906718e4,7.709134e3,147.9,2.607831e3,2.950142e4,6.760827e2,310,127890,1620,560,1.323287e-2,1.212054e5,1.072e-13,2.756,-1.185722e7,9.996e-14
1805760,152,19.172,1292.4,42.7,7.819478e7,6.017220e7,1095.4,1.197619e7,9.829e-14,2.646463e6,3.356749e6,6.704e-14,1.748e-14,2.103104e4,2.513343e4,1.470478e4,1.816202e4,2.998207e3,2.047809e3,1339,452,2,6.452605e6,1.85295,0.11122,0.9653,0.3306,2.827,0.16474,5.8013e-4,131456,5.052174e4,7.866744e3,152.1,2.805295e3,2.992543e4,4.243710e1,21,128503,1587,566,1.342875e-2,1.218304e5,6.331e-15,2.808,-1.067695e7,1.078e-13
1817640,153,18.313,1748.6,42.4,9.703095e7,6.892260e7,1532.8,1.199006e7,2.343e-13,2.663684e6,3.378965e6,1.697e-13,8.379e-14,2.030122e4,2.422643e4,1.611411e4,2.001990e4,3.080067e3,2.010370e3,1731,491,2,6.914977e6,1.86221,0.11122,0.9654,0.3316,2.829,0.16952,5.9412e-4,129461,5.140350e4,7.636630e3,155.8,3.042348e3,2.903751e4,1.800849e2,86,129133,1665,564,1.377806e-2,1.233967e5,8.833e-14,2.796,-1.208693e7,1.141e-13
1829520,154,18.610,2091.8,44.1,8.483306e7,5.769201e7,1886.5,1.256317e7,1.213e-13,2.680699e6,3.401170e6,9.901e-14,6.024e-15,2.062524e4,2.456550e4,1.897038e4,2.323028e4,3.610982e3,2.360982e3,2035,518,2,7.156645e6,1.86597,0.11142,0.9650,0.3324,2.842,0.17051,5.4616e-4,129066,5.084513e4,7.719954e3,152.0,2.867784e3,2.989336e4,3.424846e1,14,130144,1703,577,1.396898e-2,1.238049e5,2.280e-14,2.814,-2.288670e7,9.711e-14
1841400,155,18.738,2289.2,44.6,8.449381e7,5.659131e7,2085.3,1.262265e7,1.495e-13,2.697260e6,3.423560e6,8.166e-14,1.235e-13,2.085503e4,2.486007e4,2.237492e4,2.481462e4,4.294167e3,2.469728e3,2212,525,2,7.296051e6,1.87581,0.11175,0.9649,0.3334,2.833,0.16974,5.7064e-4,132380,5.083468e4,7.768684e3,153.9,2.824720e3,2.988192e4,5.467466e2,212,129692,1639,570,1.408816e-2,1.240237e5,2.652e-14,2.791,-2.682388e7,1.095e-13
1853280,156,17.944,2599.0,44.1,1.007842e8,6.478055e7,2389.6,1.242609e7,1.168e-13,2.712941e6,3.445607e6,1.111e-13,8.920e-14,2.022621e4,2.417984e4,1.977115e4,2.450290e4,4.544590e3,2.132324e3,2451,540,2,7.468496e6,1.88083,0.11257,0.9647,0.3345,2.832,0.17377,6.1981e-4,132956,5.253809e4,7.631688e3,158.8,3.176124e3,2.965562e4,2.904422e2,141,130172,1705,557,1.442764e-2,1.254760e5,1.276e-14,2.803,-2.644349e7,9.295e-14
1865160,157,17.903,1975.3,43.7,9.505567e7,6.516507e7,1794.7,1.207178e7,1.193e-13,2.728081e6,3.467225e6,1.741e-14,7.172e-14,2.006977e4,2.390273e4,1.835290e4,2.199322e4,4.929661e3,2.285672e3,1956,518,2,7.004823e6,1.88068,0.11307,0.9647,0.3352,2.852,0.17554,5.7352e-4,132311,5.192928e4,7.524094e3,154.6,3.042177e3,2.956281e4,7.609036e2,195,130659,1745,558,1.418406e-2,1.260842e5,1.270e-13,2.793,-1.680307e7,8.956e-14
1877040,158,17.563,1391.3,41.2,1.004697e8,7.521708e7,1214.3,1.135336e7,1.207e-13,2.742491e6,3.488070e6,1.783e-14,1.017e-13,1.939996e4,2.309756e4,1.644265e4,1.741062e4,4.990186e3,2.252072e3,1451,474,2,6.476469e6,1.87745,0.11395,0.9650,0.3359,2.866,0.18002,5.9126e-4,128253,5.255083e4,7.463690e3,156.0,3.149099e3,2.914878e4,7.202418e2,214,131178,1767,576,1.437465e-2,1.274507e5,4.145e-14,2.812,-5.861621e6,9.570e-14
1888920,159,16.083,1158.6,39.2,1.227102e8,9.612835e7,969.7,1.056966e7,1.790e-13,2.755738e6,3.507528e6,2.724e-13,8.337e-14,1.806681e4,2.137262e4,1.441168e4,1.678928e4,4.819780e3,1.914673e3,1144,436,3,6.306502e6,1.86960,0.11521,0.9654,0.3364,2.764,0.19015,6.2923e-4,138378,5.369710e4,6.932808e3,156.2,3.344291e3,2.837443e4,3.535062e2,95,131793,1625,574,1.484982e-2,1.302413e5,7.073e-14,2.817,1.945203e6,9.243e-14
1900800,160,16.057,1359.5,40.0,1.114409e8,8.338110e7,1158.6,1.107289e7,1.432e-13,2.768666e6,3.526807e6,3.162e-14,1.532e-14,1.804567e4,2.133559e4,1.671580e4,1.858732e4,5.117934e3,2.057046e3,1364,454,3,6.582467e6,1.86680,0.11567,0.9655,0.3369,2.788,0.19452,5.9699e-4,138471,5.274183e4,6.814026e3,150.3,3.396320e3,2.956138e4,3.945338e1,13,132373,1807,868,1.512740e-2,1.314105e5,3.433e-14,2.828,-2.815786e6,9.429e-14
1912680,161,16.881,2006.4,42.7,9.631104e7,6.559015e7,1789.5,1.191866e7,6.376e-14,2.782191e6,3.546659e6,4.419e-14,9.322e-14,1.896680e4,2.249944e4,1.935467e4,2.437493e4,5.441234e3,2.646775e3,1951,505,3,7.162826e6,1.88612,0.11813,0.9653,0.3377,2.799,0.19069,6.0323e-4,136966,5.195065e4,7.017206e3,152.1,3.212484e3,3.071227e4,3.668166e2,107,132434,1937,576,1.531878e-2,1.312106e5,2.994e-14,2.791,-1.703640e7,1.159e-13
1924560,162,15.690,1800.9,40.3,1.210701e8,8.502671e7,1619.1,1.103883e7,1.105e-13,2.795140e6,3.565030e6,2.149e-14,1.075e-13,1.757665e4,2.090613e4,1.596615e4,2.246377e4,4.627601e3,2.534907e3,1792,503,3,6.893433e6,1.87797,0.11966,0.9651,0.3385,2.832,0.19629,6.1760e-4,135890,5.293807e4,6.798671e3,151.8,3.477423e3,2.936526e4,7.661102e1,16,133351,2210,596,1.558589e-2,1.328485e5,5.652e-14,2.810,-5.522169e6,8.908e-14
1936440,163,16.319,1704.5,41.7,1.018680e8,7.164194e7,1515.8,1.153051e7,1.890e-13,2.808762e6,3.584002e6,5.803e-15,6.730e-14,1.833181e4,2.173724e4,1.863575e4,2.311388e4,4.710214e3,2.765670e3,1711,490,3,6.893893e6,1.87997,0.12057,0.9650,0.3392,2.866,0.19411,6.1093e-4,138140,5.221115e4,6.829990e3,146.9,3.361840e3,3.032536e4,6.085485e2,165,133525,2295,569,1.567603e-2,1.325822e5,1.778e-14,2.788,-1.000321e7,9.625e-14
1948320,164,15.674,1634.7,40.7,1.172668e8,8.388421e7,1448.9,1.098470e7,2.247e-13,2.821783e6,3.601713e6,1.028e-13,5.107e-14,1.758162e4,2.094129e4,1.629201e4,2.457716e4,4.560968e3,3.230619e3,1657,492,3,6.802593e6,1.87867,0.12203,0.9648,0.3400,2.907,0.19602,5.9412e-4,136528,5.247534e4,6.736145e3,148.6,3.322336e3,2.964995e4,3.712993e2,93,133551,2433,560,1.589116e-2,1.334330e5,4.886e-14,2.812,-4.053664e6,8.227e-14
1960200,165,15.648,1619.3,41.0,1.120618e8,8.012451e7,1430.1,1.116858e7,2.033e-13,2.835242e6,3.619412e6,5.157e-14,6.947e-15,1.768336e4,2.106888e4,1.676906e4,2.383313e4,4.224220e3,3.369622e3,1634,486,3,6.843034e6,1.88339,0.12309,0.9647,0.3407,2.934,0.19781,6.1533e-4,139416,5.268329e4,6.666597e3,146.7,3.466583e3,2.999858e4,1.100900e2,20,133398,2354,573,1.598527e-2,1.343585e5,3.358e-14,2.830,-5.736260e6,9.069e-14
1972080,166,16.360,1930.6,43.6,1.006031e8,6.875027e7,1729.1,1.167895e7,1.707e-13,2.849794e6,3.637549e6,9.869e-14,8.833e-15,1.866376e4,2.231238e4,1.920602e4,3.162316e4,4.111623e3,4.175660e3,1872,510,3,7.078162e6,1.89359,0.12423,0.9644,0.3417,2.929,0.19427,6.2490e-4,142156,5.256617e4,6.939478e3,148.9,3.402393e3,3.150723e4,2.224598e2,51,133680,2340,581,1.621498e-2,1.340434e5,1.759e-14,2.857,-1.398715e7,8.569e-14
1983960,167,16.879,2133.3,44.2,9.647777e7,6.367019e7,1931.7,1.191480e7,2.092e-13,2.865313e6,3.655945e6,1.593e-14,8.126e-14,1.908149e4,2.287988e4,1.963885e4,3.312581e4,3.562300e3,4.483423e3,2061,526,3,7.202342e6,1.88966,0.12597,0.9644,0.3428,2.933,0.19126,6.4523e-4,136416,5.282725e4,7.219386e3,152.7,3.547185e3,3.144486e4,7.796737e2,221,134149,2575,558,1.643752e-2,1.336688e5,9.362e-15,2.823,-1.806769e7,8.608e-14
1995840,168,16.434,1998.2,43.3,1.085583e8,7.354983e7,1807.1,1.156390e7,1.145e-13,2.880930e6,3.673723e6,8.825e-14,9.114e-14,1.862259e4,2.232940e4,1.783245e4,3.136098e4,3.006110e3,4.551103e3,1935,519,3,7.076528e6,1.87896,0.12735,0.9641,0.3439,2.961,0.19433,6.6879e-4,136858,5.368175e4,7.212908e3,152.6,3.821124e3,3.110016e4,1.439341e2,32,134236,2541,560,1.670669e-2,1.345294e5,1.082e-14,2.833,-1.201328e7,7.973e-14
2007720,169,15.950,2277.8,43.3,1.141793e8,7.520190e7,2079.4,1.165517e7,2.034e-13,2.895986e6,3.690333e6,1.302e-14,2.789e-14,1.810484e4,2.159449e4,1.915010e4,3.209699e4,3.048630e3,4.984617e3,2178,522,3,7.311531e6,1.85993,0.12805,0.9643,0.3448,2.989,0.19768,6.5036e-4,140219,5.263411e4,6.962203e3,146.1,3.768626e3,3.051831e4,7.250315e1,13,134419,2207,575,1.687196e-2,1.351013e5,4.632e-14,2.835,-1.562587e7,9.049e-14
2019600,170,16.573,2243.8,44.6,1.002068e8,6.540507e7,2056.7,1.196149e7,2.787e-13,2.911343e6,3.707465e6,8.429e-14,2.374e-14,1.876072e4,2.241675e4,1.947606e4,3.430580e4,3.403628e3,5.285276e3,2165,528,3,7.259057e6,1.85804,0.12906,0.9639,0.3458,2.994,0.19566,6.4006e-4,140422,5.277054e4,7.125473e3,144.5,3.638720e3,3.162646e4,9.813144e1,26,134930,2359,800,1.716075e-2,1.348353e5,7.425e-14,2.836,-1.942217e7,1.025e-13
2031480,171,16.887,1703.9,43.2,9.872965e7,6.964445e7,1532.5,1.151268e7,3.237e-13,2.926753e6,3.724613e6,1.771e-13,1.838e-14,1.880600e4,2.246039e4,1.642141e4,2.575937e4,3.396269e3,5.312288e3,1740,499,3,6.811124e6,1.86856,0.13105,0.9641,0.3468,2.995,0.19405,6.5850e-4,136270,5.238628e4,7.257738e3,145.3,3.708184e3,3.120274e4,1.574064e2,44,134920,2399,549,1.749263e-2,1.348321e5,4.749e-14,2.831,-1.064095e7,9.196e-14
2043360,172,16.533,1179.7,41.2,1.070277e8,8.276766e7,1013.9,1.086170e7,2.205e-13,2.942160e6,3.741752e6,1.097e-13,2.725e-14,1.828135e4,2.169108e4,1.334280e4,1.976381e4,2.874131e3,4.551594e3,1220,444,3,6.300001e6,1.86179,0.13188,0.9646,0.3479,3.007,0.19618,6.8435e-4,138433,5.320653e4,7.205811e3,144.1,3.926985e3,3.077406e4,2.157943e2,66,135131,2047,546,1.747370e-2,1.354617e5,1.203e-14,2.807,-1.667205e6,9.100e-14
2055240,173,16.308,1111.0,42.1,1.087655e8,8.504594e7,932.7,1.075482e7,1.799e-13,2.957613e6,3.759094e6,3.731e-14,7.928e-15,1.818838e4,2.162618e4,1.431563e4,2.279300e4,2.735655e3,4.284475e3,1117,425,3,6.250149e6,1.83012,0.13200,0.9648,0.3490,3.040,0.19539,7.1462e-4,139707,5.180081e4,6.992081e3,138.1,4.124772e3,3.053912e4,9.895575e2,240,135402,2086,537,1.761814e-2,1.344719e5,9.133e-14,2.853,-6.248616e5,9.593e-14
2067120,174,17.274,1311.6,44.8,9.009784e7,6.747553e7,1125.0,1.146906e7,6.545e-14,2.973770e6,3.777237e6,8.879e-14,9.258e-14,1.916623e4,2.284614e4,1.602907e4,3.061294e4,3.009251e3,4.702941e3,1354,454,3,6.473566e6,1.80056,0.13282,0.9654,0.3502,3.065,0.19096,6.9447e-4,139287,5.067929e4,7.178542e3,133.3,4.038836e3,3.146096e4,3.664794e2,88,135894,1979,531,1.805295e-2,1.327361e5,2.653e-14,2.856,-7.584173e6,8.627e-14
2079000,175,17.690,1530.9,46.0,8.982729e7,6.499803e7,1342.7,1.171190e7,2.036e-13,2.990627e6,3.795496e6,9.451e-14,8.797e-14,1.968932e4,2.355227e4,1.681075e4,3.777246e4,2.832339e3,5.293752e3,1575,476,3,6.723941e6,1.78957,0.13388,0.9654,0.3516,3.094,0.18602,7.0330e-4,137100,5.015958e4,7.331260e3,132.7,3.786913e3,3.112973e4,2.539558e2,82,136349,2021,519,1.826928e-2,1.315464e5,3.828e-14,2.856,-1.061243e7,1.084e-13
2090880,176,17.342,2061.7,45.9,1.002082e8,6.787972e7,1863.7,1.198099e7,2.422e-13,3.007454e6,3.812772e6,1.943e-13,3.725e-14,1.929371e4,2.305352e4,1.869307e4,3.921255e4,2.465822e3,5.777004e3,2006,507,3,7.157891e6,1.77181,0.13536,0.9649,0.3527,3.109,0.18450,7.1296e-4,136861,5.137182e4,7.357256e3,135.5,4.073374e3,3.035593e4,7.767866e2,230,135979,1962,523,1.849793e-2,1.310621e5,4.252e-14,2.829,-1.679838e7,9.734e-14
2102760,177,18.632,2982.6,52.0,7.396607e7,4.707055e7,2778.2,1.322674e7,3.380e-13,3.025693e6,3.830415e6,7.680e-14,1.137e-13,2.119314e4,2.547447e4,2.597535e4,5.367606e4,2.954137e3,7.831953e3,2800,547,3,7.702740e6,1.76258,0.13612,0.9646,0.3540,3.106,0.17585,7.1431e-4,136816,4.983854e4,7.664453e3,131.6,3.834915e3,3.198533e4,2.652283e2,70,135732,2042,535,1.868350e-2,1.288595e5,5.556e-14,2.867,-4.718052e7,1.004e-13
2114640,178,17.618,2259.1,48.0,1.039855e8,6.917598e7,2091.4,1.191945e7,2.569e-13,3.042766e6,3.846184e6,9.289e-14,1.253e-13,1.996332e4,2.408049e4,2.021053e4,3.897596e4,2.890660e3,8.310945e3,2185,534,3,7.163779e6,1.75470,0.13784,0.9645,0.3555,3.110,0.17919,8.2407e-4,134443,5.227559e4,7.615253e3,140.4,4.416418e3,3.031702e4,3.449692e1,13,135874,2236,549,1.915786e-2,1.300574e5,6.064e-14,2.867,-1.870802e7,9.494e-14
2126520,179,17.908,2275.3,50.2,9.081879e7,5.930350e7,2095.8,1.249425e7,1.734e-13,3.060029e6,3.863257e6,1.488e-13,7.292e-14,2.020742e4,2.432990e4,2.197439e4,3.848363e4,2.944580e3,7.256700e3,2204,529,3,7.325184e6,1.70898,0.13862,0.9647,0.3566,3.175,0.17720,7.2650e-4,135303,4.982974e4,7.483705e3,123.2,4.389455e3,3.053020e4,5.777532e2,160,135940,2305,557,1.936458e-2,1.284720e5,8.053e-14,2.875,-2.399979e7,1.025e-13
2138400,180,18.309,1801.2,50.5,8.601015e7,5.978778e7,1639.7,1.210359e7,2.567e-13,3.077452e6,3.879866e6,6.340e-14,2.328e-14,2.067294e4,2.489912e4,1.943942e4,3.749838e4,3.249436e3,8.290167e3,1815,510,3,6.881273e6,1.70926,0.13955,0.9648,0.3583,3.183,0.17417,7.3422e-4,137693,5.043778e4,7.637289e3,128.0,3.954235e3,3.070990e4,2.742963e2,98,136628,2220,768,1.964122e-2,1.280340e5,7.763e-14,2.867,-1.637095e7,9.313e-14
2150280,181,17.538,1349.1,46.2,1.029172e8,7.731509e7,1188.6,1.132750e7,2.564e-13,3.094372e6,3.896556e6,9.736e-14,4.039e-14,1.950767e4,2.341992e4,1.462373e4,2.632644e4,2.588609e3,6.730337e3,1412,470,3,6.518485e6,1.70666,0.14240,0.9654,0.3596,3.210,0.17769,7.7801e-4,137744,5.136538e4,7.463538e3,128.2,4.430644e3,2.929802e4,2.995942e2,126,136893,2120,564,1.984336e-2,1.292306e5,1.464e-15,2.841,-4.781362e6,9.782e-14
2162160,182,17.130,1266.8,46.5,1.047874e8,7.953605e7,1104.8,1.119747e7,3.220e-13,3.110937e6,3.913231e6,1.001e-13,1.577e-13,1.900646e4,2.281911e4,1.441603e4,2.625816e4,2.441022e3,6.144614e3,1324,453,3,6.422449e6,1.68481,0.14241,0.9657,0.3610,3.265,0.18151,7.6293e-4,137666,5.050268e4,7.227419e3,119.1,4.505507e3,2.945386e4,0.000000e0,0,137711,2139,572,2.032108e-2,1.295903e5,1.050e-13,2.857,-3.581244e6,9.846e-14
2174040,183,17.123,1890.3,49.0,1.017985e8,7.008469e7,1697.4,1.187751e7,3.607e-13,3.127359e6,3.929139e6,2.010e-14,1.487e-13,1.932191e4,2.321202e4,1.866634e4,3.895482e4,2.899617e3,7.303160e3,1848,503,3,7.109618e6,1.67238,0.14288,0.9649,0.3624,3.308,0.18059,7.4424e-4,142276,4.952112e4,7.054726e3,117.7,4.193834e3,2.968514e4,2.220787e2,64,137885,1917,563,2.060957e-2,1.291699e5,4.146e-14,2.862,-1.346424e7,1.075e-13
2185920,184,16.714,2098.6,48.8,1.081745e8,7.204339e7,1926.4,1.174622e7,2.739e-13,3.143435e6,3.944328e6,1.475e-13,1.051e-14,1.892590e4,2.279048e4,1.868041e4,3.604648e4,2.850244e3,7.602165e3,2036,520,3,7.159266e6,1.66356,0.14415,0.9654,0.3640,3.331,0.18319,7.9394e-4,139449,5.078554e4,7.023864e3,121.5,4.498569e3,2.935775e4,2.436847e2,61,138014,2167,586,2.090157e-2,1.299868e5,8.956e-16,2.897,-1.423895e7,8.296e-14
2197800,185,17.188,2126.0,50.3,9.615383e7,6.357704e7,1956.6,1.209497e7,2.852e-13,3.159885e6,3.959550e6,2.844e-14,7.644e-15,1.948048e4,2.343917e4,2.031100e4,3.781050e4,3.029968e3,8.217084e3,2061,526,3,7.228685e6,1.64841,0.14457,0.9651,0.3652,3.348,0.18218,7.6667e-4,143281,4.952790e4,7.027125e3,116.5,4.393089e3,2.991203e4,1.412145e2,45,137958,2231,550,2.116578e-2,1.294527e5,9.038e-14,2.870,-1.906370e7,9.982e-14
2209680,186,16.940,2366.2,50.2,1.041880e8,6.747013e7,2190.1,1.202342e7,1.837e-13,3.175936e6,3.974057e6,5.924e-14,2.062e-14,1.928749e4,2.325380e4,2.160029e4,3.990175e4,3.237005e3,8.746566e3,2272,530,3,7.377368e6,1.64419,0.14554,0.9646,0.3669,3.361,0.18253,7.9988e-4,142515,5.020392e4,7.043585e3,120.2,4.373148e3,2.969773e4,2.710812e2,62,138027,2391,560,2.144052e-2,1.297338e5,5.642e-14,2.929,-2.062291e7,1.164e-13
2221560,187,18.031,2607.3,53.0,8.180779e7,5.259217e7,2431.3,1.274956e7,3.395e-13,3.193139e6,3.990188e6,9.931e-14,3.945e-14,2.044908e4,2.460564e4,2.354450e4,4.167085e4,3.246282e3,8.474173e3,2487,541,3,7.498438e6,1.64091,0.14637,0.9645,0.3686,3.391,0.17957,7.4637e-4,142876,4.984763e4,7.331582e3,118.5,4.275226e3,3.058760e4,2.787438e1,8,138909,2370,565,2.158417e-2,1.291363e5,4.091e-14,2.873,-3.524644e7,9.706e-14
2233440,188,18.133,2349.9,51.0,8.893854e7,5.839733e7,2183.6,1.236520e7,2.588e-13,3.210134e6,4.006267e6,9.908e-14,2.139e-14,2.034019e4,2.450379e4,2.203498e4,3.663411e4,3.344712e3,8.425627e3,2297,535,3,7.294552e6,1.64010,0.14733,0.9643,0.3704,3.408,0.17752,7.9782e-4,140203,5.085852e4,7.569478e3,123.1,4.244194e3,3.026638e4,9.386744e2,309,139073,2408,554,2.150306e-2,1.289001e5,4.313e-14,2.865,-2.631670e7,9.754e-14
2245320,189,17.458,1749.5,48.9,1.024963e8,7.226517e7,1595.2,1.167791e7,2.763e-13,3.226872e6,4.024008e6,1.156e-13,2.048e-14,1.964853e4,2.363632e4,1.828388e4,2.887692e4,2.910440e3,5.894624e3,1769,504,3,6.880875e6,1.61865,0.14816,0.9648,0.3720,3.440,0.18187,8.1876e-4,143489,5.174784e4,7.414882e3,121.2,4.667861e3,2.979103e4,3.841022e2,137,139480,2343,568,2.189473e-2,1.297552e5,1.783e-14,2.877,-1.089974e7,9.373e-14
2257200,190,17.857,1883.6,50.9,9.076879e7,6.248182e7,1711.2,1.215334e7,2.845e-13,3.243669e6,4.041958e6,6.073e-14,9.021e-14,2.010182e4,2.416835e4,2.014660e4,3.436874e4,3.304788e3,6.218279e3,1878,502,3,7.046838e6,1.61117,0.14794,0.9648,0.3735,3.462,0.18157,7.8638e-4,143758,5.071908e4,7.450434e3,115.2,4.453555e3,3.058517e4,8.067622e1,35,140350,2373,802,2.226785e-2,1.294340e5,2.811e-14,2.928,-1.704747e7,1.115e-13
2269080,191,19.273,2217.7,53.7,6.518397e7,4.451917e7,2038.1,1.297086e7,2.201e-13,3.261577e6,4.060862e6,6.639e-14,8.222e-14,2.156529e4,2.599209e4,2.369458e4,4.020364e4,3.657556e3,7.088324e3,2171,528,3,7.255283e6,1.62845,0.15063,0.9648,0.3750,3.428,0.17286,7.0164e-4,139056,5.016038e4,7.893784e3,118.0,3.856470e3,3.144254e4,6.448168e2,166,140483,2534,562,2.215426e-2,1.278851e5,5.576e-14,2.878,-3.358045e7,9.321e-14
2280960,192,19.445,1925.7,52.1,7.291548e7,5.129603e7,1754.0,1.258407e7,2.315e-13,3.280339e6,4.081147e6,4.557e-14,4.142e-14,2.192332e4,2.651307e4,2.171599e4,3.677956e4,3.161407e3,6.227751e3,1913,519,3,7.001985e6,1.64124,0.15266,0.9654,0.3768,3.416,0.17216,8.3213e-4,141721,5.318394e4,8.370702e3,129.3,4.255201e3,3.174264e4,1.494239e2,100,141212,2418,552,2.206666e-2,1.287182e5,2.973e-14,2.900,-2.397586e7,1.010e-13
2292840,193,19.954,2223.3,53.9,6.443313e7,4.554919e7,2038.9,1.314268e7,1.739e-13,3.299355e6,4.101265e6,2.385e-14,9.640e-14,2.236871e4,2.698246e4,2.568281e4,4.323327e4,3.352459e3,6.864562e3,2160,524,3,7.242655e6,1.61760,0.15325,0.9660,0.3788,3.432,0.17007,6.9692e-4,143006,5.153683e4,8.576627e3,121.3,4.152852e3,3.210792e4,7.875842e1,28,141524,2267,564,2.222253e-2,1.276811e5,7.773e-14,2.910,-3.512321e7,1.055e-13
2304720,194,19.313,2064.8,51.8,8.424041e7,5.765266e7,1889.8,1.254578e7,1.877e-13,3.317528e6,4.119804e6,8.015e-14,5.991e-14,2.171846e4,2.629159e4,2.230920e4,3.807949e4,3.546166e3,7.752750e3,2023,521,3,7.105429e6,1.61959,0.15434,0.9660,0.3806,3.425,0.17337,8.4221e-4,138257,5.362979e4,8.534253e3,128.5,4.356842e3,3.143723e4,5.808401e1,25,141819,2572,526,2.233461e-2,1.289979e5,4.287e-15,2.916,-2.235566e7,9.344e-14
2316600,195,18.112,2039.1,51.1,1.037756e8,7.013163e7,1864.2,1.213208e7,1.795e-13,3.334992e6,4.138420e6,4.175e-14,7.370e-14,2.052769e4,2.484747e4,2.069278e4,3.603684e4,3.062902e3,6.232134e3,1981,521,3,7.159439e6,1.58313,0.15486,0.9661,0.3818,3.492,0.17989,8.5613e-4,135465,5.338041e4,8.059129e3,121.7,5.010866e3,3.070210e4,1.733412e2,90,142438,2817,549,2.283079e-2,1.298838e5,1.037e-13,2.910,-1.481211e7,1.219e-13
2328480,196,16.837,1657.0,49.5,1.174339e8,8.393982e7,1507.4,1.138329e7,2.294e-13,3.350748e6,4.154425e6,6.462e-14,2.847e-14,1.909363e4,2.311524e4,1.836478e4,3.276816e4,3.337721e3,7.109391e3,1699,498,3,6.822259e6,1.56207,0.15398,0.9659,0.3830,3.535,0.18588,8.6093e-4,138320,5.264188e4,7.429662e3,112.9,4.957416e3,2.990033e4,3.854849e2,188,143146,2806,553,2.369154e-2,1.306295e5,4.701e-14,2.921,-5.274585e6,9.811e-14
2340360,197,17.678,1321.7,51.1,9.033202e7,6.757177e7,1172.6,1.164975e7,3.166e-13,3.367164e6,4.171493e6,1.427e-13,1.290e-13,1.999695e4,2.418050e4,1.835254e4,2.909463e4,3.581493e3,7.113253e3,1393,469,3,6.522240e6,1.55369,0.15305,0.9662,0.3842,3.561,0.18480,7.8669e-4,144868,5.090573e4,7.343050e3,109.4,4.487413e3,3.063465e4,3.415784e2,142,143784,2570,546,2.430220e-2,1.299532e5,2.228e-14,2.924,-8.246506e6,1.019e-13
2352240,198,17.665,1272.8,49.4,9.571997e7,7.254443e7,1106.5,1.137946e7,1.490e-13,3.383428e6,4.189501e6,5.657e-14,2.434e-14,1.982095e4,2.395767e4,1.716991e4,2.685918e4,3.556381e3,5.949180e3,1328,452,3,6.460291e6,1.55755,0.15360,0.9670,0.3854,3.564,0.18755,8.6402e-4,143874,5.282574e4,7.506500e3,119.3,4.699889e3,3.055790e4,3.423919e2,155,144515,2646,540,2.449409e-2,1.310108e5,2.999e-15,2.918,-5.559905e6,9.120e-14
2364120,199,17.182,1579.2,50.0,1.037435e8,7.435018e7,1401.4,1.157725e7,2.455e-13,3.399253e6,4.207250e6,1.152e-13,8.854e-16,1.940290e4,2.348099e4,1.803049e4,3.048470e4,3.578380e3,5.732217e3,1582,483,3,6.824462e6,1.53961,0.15290,0.9675,0.3867,3.604,0.19099,8.2773e-4,140811,5.182698e4,7.323595e3,113.9,4.862713e3,3.027057e4,2.793551e2,185,144981,2988,522,2.497654e-2,1.312930e5,2.749e-14,2.941,-7.542694e6,8.989e-14
2376000,200,16.278,1461.8,47.8,1.161834e8,8.526051e7,1308.5,1.108834e7,2.100e-13,3.413522e6,4.223609e6,1.599e-13,4.675e-14,1.835952e4,2.216747e4,2.163156e4,2.895515e4,4.090317e3,5.807962e3,1515,478,3,6.669104e6,1.53420,0.15266,0.9677,0.3875,3.629,0.19629,8.6271e-4,143762,5.250002e4,7.028823e3,111.4,4.881556e3,2.968638e4,2.873752e2,108,145653,2802,765,2.554480e-2,1.325059e5,9.357e-14,2.914,-2.890276e6,1.014e-13
2387880,201,16.762,1413.5,49.9,1.003187e8,7.351387e7,1256.6,1.141028e7,1.959e-13,3.427931e6,4.240729e6,7.852e-14,1.348e-13,1.894189e4,2.290396e4,1.827317e4,2.850436e4,4.532661e3,5.784025e3,1468,474,3,6.644963e6,1.54404,0.15345,0.9677,0.3884,3.644,0.19708,8.1376e-4,143630,5.129871e4,6.982266e3,108.0,4.690641e3,3.026198e4,3.599209e1,17,146058,3140,528,2.597518e-2,1.327421e5,1.973e-15,2.931,-6.459536e6,9.715e-14
2399760,202,17.042,1556.3,49.8,9.846932e7,7.038180e7,1385.3,1.155636e7,1.957e-13,3.442408e6,4.258448e6,1.092e-13,1.662e-13,1.929129e4,2.332156e4,1.874713e4,3.156937e4,4.814445e3,5.602447e3,1578,479,3,6.783911e6,1.55520,0.15427,0.9679,0.3894,3.643,0.19850,8.6759e-4,145233,5.296260e4,7.190021e3,115.9,4.752252e3,3.097063e4,4.430499e1,20,146137,3082,536,2.638666e-2,1.336998e5,6.008e-14,2.989,-8.375343e6,9.456e-14
2411640,203,17.010,1477.3,49.5,1.005598e8,7.293536e7,1318.3,1.143254e7,2.335e-13,3.457028e6,4.276346e6,2.128e-14,2.178e-16,1.916309e4,2.318694e4,1.760205e4,2.839370e4,4.542707e3,5.289267e3,1521,479,3,6.688511e6,1.54422,0.15443,0.9678,0.3904,3.704,0.20133,8.6633e-4,142813,5.259394e4,7.226706e3,113.1,5.025471e3,3.090350e4,0.000000e0,0,146821,3385,535,2.639874e-2,1.342626e5,1.227e-13,2.942,-6.809733e6,1.019e-13
2423520,204,17.503,1394.4,50.2,9.180473e7,6.738132e7,1235.1,1.157556e7,1.392e-13,3.471568e6,4.294345e6,1.663e-14,5.140e-14,1.957788e4,2.370687e4,1.928114e4,2.963755e4,5.038465e3,5.707693e3,1456,471,3,6.573060e6,1.54171,0.15552,0.9685,0.3915,3.756,0.19876,8.4827e-4,143361,5.296738e4,7.394107e3,113.5,4.805803e3,3.148779e4,8.359081e2,243,147185,3290,530,2.660764e-2,1.338042e5,3.915e-14,2.962,-8.097969e6,9.048e-14
2435400,205,18.637,1485.3,52.1,7.380276e7,5.373633e7,1315.3,1.217595e7,1.146e-13,3.487105e6,4.313880e6,5.542e-14,1.123e-14,2.080582e4,2.518103e4,2.203715e4,3.502398e4,5.268185e3,5.645941e3,1525,477,3,6.707388e6,1.54019,0.15691,0.9689,0.3929,3.776,0.19438,8.1723e-4,144265,5.271555e4,7.789032e3,112.7,4.538086e3,3.244211e4,2.991467e2,63,147948,3111,530,2.666050e-2,1.330708e5,1.400e-14,2.966,-1.501553e7,9.476e-14
2447280,206,19.675,1419.7,52.1,6.137674e7,4.635150e7,1251.3,1.244461e7,2.019e-13,3.503371e6,4.334669e6,2.087e-14,9.239e-15,2.178765e4,2.634619e4,2.275989e4,3.518943e4,5.522220e3,5.557940e3,1500,474,3,6.582470e6,1.55053,0.15937,0.9697,0.3945,3.788,0.18991,7.9007e-4,141683,5.443558e4,8.462349e3,121.1,4.391871e3,3.346156e4,1.144985e2,83,148197,3150,520,2.649996e-2,1.328926e5,5.475e-15,2.951,-1.804606e7,1.047e-13
2459160,207,20.885,1029.6,52.1,4.294449e7,3.743983e7,880.2,1.247557e7,2.343e-13,3.520565e6,4.357126e6,1.848e-13,1.261e-14,2.269983e4,2.747067e4,2.264964e4,3.210559e4,5.506051e3,5.013035e3,1159,431,3,6.061833e6,1.54263,0.16184,0.9713,0.3963,3.790,0.18384,6.8418e-4,139284,5.367188e4,9.111723e3,117.2,3.858645e3,3.374700e4,3.784984e2,157,148716,3005,527,2.609404e-2,1.317923e5,2.341e-14,2.939,-1.760094e7,1.037e-13
2471040,208,19.202,1160.3,46.2,9.323352e7,7.360280e7,972.3,1.153936e7,2.105e-13,3.536767e6,4.378807e6,4.740e-14,1.280e-13,2.102363e4,2.542546e4,1.888280e4,3.050986e4,4.821619e3,3.744315e3,1200,427,3,6.293582e6,1.55087,0.16555,0.9731,0.3979,3.753,0.19367,1.0087e-3,135106,5.886178e4,9.094194e3,133.0,5.052123e3,3.250258e4,1.736084e1,6,148953,3151,531,2.578607e-2,1.357255e5,1.561e-13,2.960,-4.920951e6,9.200e-14
2482920,209,17.924,1438.5,49.6,1.068822e8,7.931170e7,1262.1,1.164998e7,2.007e-13,3.552195e6,4.398645e6,7.197e-14,3.663e-14,1.997676e4,2.418009e4,2.532035e4,3.999232e4,4.548445e3,4.343046e3,1467,470,3,6.674260e6,1.48910,0.16637,0.9728,0.3986,3.852,0.19910,8.8787e-4,136605,5.611113e4,8.357653e3,112.3,5.604609e3,3.250674e4,4.759448e2,218,149151,3116,517,2.651939e-2,1.355791e5,6.333e-14,2.935,-5.626236e6,9.760e-14
2494800,210,17.504,1456.7,50.1,1.046080e8,7.679695e7,1292.5,1.153997e7,1.679e-13,3.566682e6,4.415664e6,3.995e-14,6.918e-14,1.976675e4,2.391483e4,2.404022e4,4.019472e4,5.279833e3,6.895830e3,1492,475,3,6.655973e6,1.48990,0.16633,0.9727,0.3994,3.842,0.20167,9.3840e-4,142604,5.604041e4,7.952887e3,114.8,5.181474e3,3.239217e4,3.341492e2,87,149984,2926,717,2.694722e-2,1.363112e5,8.412e-14,2.961,-5.960702e6,9.169e-14
2506680,211,18.761,1765.5,54.1,7.438665e7,5.256604e7,1587.9,1.253993e7,2.308e-13,3.582486e6,4.434668e6,1.189e-13,5.208e-14,2.117443e4,2.563520e4,2.885504e4,4.315353e4,5.370226e3,6.630510e3,1788,501,3,6.981911e6,1.49432,0.16992,0.9729,0.4002,3.850,0.19624,8.0836e-4,142818,5.454174e4,8.169917e3,111.2,4.841567e3,3.368063e4,4.298506e0,3,150099,2998,500,2.722285e-2,1.354517e5,8.809e-14,2.899,-2.080508e7,8.632e-14
2518560,212,19.415,2462.9,54.6,7.026061e7,4.664090e7,2268.5,1.308038e7,2.145e-13,3.598620e6,4.453264e6,7.337e-14,7.654e-14,2.196441e4,2.648712e4,3.447137e4,5.432459e4,5.830993e3,7.891400e3,2337,533,3,7.439658e6,1.51083,0.17216,0.9724,0.4015,3.785,0.19362,9.0233e-4,143581,5.642150e4,8.694635e3,122.3,4.721354e3,3.430304e4,9.834016e1,28,149776,2826,503,2.713442e-2,1.358652e5,1.692e-14,2.953,-3.638901e7,9.265e-14
2530440,213,18.925,1542.3,50.9,8.559537e7,6.294470e7,1398.1,1.197153e7,2.738e-13,3.614807e6,4.472467e6,1.128e-13,5.206e-15,2.121541e4,2.561187e4,2.373540e4,3.500716e4,5.027933e3,6.408343e3,1632,489,3,6.638866e6,1.50260,0.17440,0.9729,0.4027,3.783,0.19743,9.1425e-4,141686,5.760185e4,8.766955e3,123.9,5.265234e3,3.367200e4,7.507881e1,30,149349,2903,509,2.731897e-2,1.373050e5,3.391e-15,2.949,-1.289182e7,9.052e-14
2542320,214,18.190,1496.7,49.8,9.776145e7,7.162529e7,1328.2,1.179776e7,2.275e-13,3.630474e6,4.490886e6,3.797e-14,5.807e-15,2.015061e4,2.432932e4,2.399055e4,3.736124e4,4.484025e3,5.910738e3,1552,475,3,6.723557e6,1.48360,0.17537,0.9730,0.4036,3.826,0.20210,8.9859e-4,140144,5.728616e4,8.511473e3,115.5,5.338716e3,3.316715e4,2.561651e2,53,150095,2904,502,2.775226e-2,1.382516e5,2.989e-14,2.920,-8.508291e6,1.076e-13
2554200,215,18.174,1468.6,50.3,9.231296e7,6.753430e7,1306.5,1.179854e7,2.359e-13,3.646083e6,4.507545e6,5.109e-14,1.506e-13,2.022826e4,2.444411e4,2.372988e4,3.757572e4,4.619107e3,7.785169e3,1522,476,3,6.645378e6,1.48077,0.17642,0.9735,0.4045,3.825,0.20477,8.9719e-4,138859,5.697311e4,8.312567e3,114.8,5.131012e3,3.322817e4,9.793246e1,33,150179,3104,506,2.818848e-2,1.392035e5,9.116e-14,2.947,-9.471157e6,8.903e-14
2566080,216,18.726,1735.1,51.5,8.051770e7,5.683989e7,1558.7,1.234591e7,1.874e-13,3.662131e6,4.525386e6,6.472e-14,6.071e-14,2.077048e4,2.506792e4,2.758883e4,4.249018e4,4.722207e3,7.226548e3,1754,493,3,6.927719e6,1.48055,0.17785,0.9731,0.4054,3.817,0.20362,8.7163e-4,139383,5.698475e4,8.543643e3,114.1,4.984498e3,3.401989e4,4.570083e2,160,150500,3277,509,2.845874e-2,1.392977e5,3.531e-14,2.956,-1.773027e7,1.016e-13
2577960,217,19.307,1871.2,52.7,7.234381e7,5.086274e7,1696.1,1.262207e7,9.046e-14,3.678458e6,4.542981e6,3.405e-14,3.485e-15,2.160661e4,2.601513e4,3.287561e4,4.732577e4,5.279465e3,8.420113e3,1884,510,3,7.010379e6,1.48900,0.17959,0.9735,0.4062,3.796,0.20181,8.9032e-4,145535,5.775723e4,8.849355e3,119.2,4.936460e3,3.485684e4,2.148072e2,115,150601,2912,477,2.851939e-2,1.396149e5,3.711e-14,2.937,-2.325886e7,9.302e-14
2589840,218,20.104,2591.6,55.2,6.023511e7,4.110650e7,2398.7,1.350228e7,2.468e-13,3.695119e6,4.559693e6,2.420e-14,9.865e-14,2.252124e4,2.719068e4,3.899408e4,6.165931e4,5.860625e3,1.047920e4,2470,541,3,7.512437e6,1.48454,0.18143,0.9736,0.4077,3.794,0.19776,8.0432e-4,140236,5.750379e4,9.349361e3,118.6,4.679581e3,3.590116e4,1.105906e2,28,150561,3206,487,2.851145e-2,1.389462e5,9.677e-14,2.980,-4.463254e7,1.024e-13
2601720,219,20.125,2381.7,54.3,6.734381e7,4.625140e7,2205.2,1.314955e7,2.604e-13,3.711823e6,4.577816e6,1.648e-13,4.455e-14,2.278844e4,2.748161e4,3.699035e4,5.388753e4,6.084194e3,9.358055e3,2283,536,3,7.315106e6,1.49763,0.18394,0.9738,0.4089,3.725,0.19835,9.2710e-4,143612,5.991383e4,9.680171e3,129.7,4.888583e3,3.595906e4,5.706892e1,22,150164,3058,487,2.819991e-2,1.402904e5,4.481e-14,2.961,-3.636490e7,9.737e-14
2613600,220,19.961,2321.7,54.4,7.225206e7,4.853817e7,2145.4,1.310918e7,2.725e-13,3.728278e6,4.594725e6,1.168e-13,2.372e-14,2.249603e4,2.725514e4,3.615431e4,5.449531e4,6.041510e3,1.034613e4,2259,535,3,7.297362e6,1.47886,0.18529,0.9734,0.4103,3.752,0.19777,8.6403e-4,138019,5.966733e4,9.767503e3,122.6,5.198318e3,3.622044e4,6.985239e2,163,150822,3401,737,2.808828e-2,1.399478e5,2.204e-14,2.978,-3.248631e7,9.542e-14
2625480,221,19.369,2993.2,54.4,8.516841e7,5.453966e7,2796.7,1.317749e7,2.124e-13,3.743914e6,4.610043e6,5.112e-14,5.616e-14,2.203828e4,2.663057e4,3.983933e4,6.052698e4,6.402243e3,1.131283e4,2796,551,3,7.710566e6,1.49122,0.18895,0.9731,0.4114,3.719,0.19872,9.8636e-4,143158,6.057275e4,9.545609e3,126.3,5.472099e3,3.580343e4,3.464886e2,121,150554,3398,486,2.798134e-2,1.410009e5,1.166e-13,2.936,-4.275563e7,9.281e-14
2637360,222,18.850,3096.0,55.9,9.110289e7,5.691781e7,2918.6,1.302193e7,2.323e-13,3.758898e6,4.623506e6,1.473e-13,1.670e-13,2.168211e4,2.622114e4,4.014938e4,6.129448e4,6.697897e3,1.275871e4,2886,557,3,7.685830e6,1.47272,0.18977,0.9733,0.4127,3.749,0.20174,9.6437e-4,143863,6.053544e4,9.314503e3,122.5,5.729003e3,3.603861e4,1.860845e2,39,149979,3452,484,2.832866e-2,1.415466e5,6.251e-14,2.980,-4.216936e7,9.381e-14
2649240,223,18.666,2445.9,54.2,8.968919e7,5.850853e7,2284.4,1.263560e7,2.497e-13,3.773691e6,4.635525e6,3.319e-14,9.824e-14,2.132851e4,2.575281e4,3.231215e4,4.783071e4,6.535128e3,1.373288e4,2333,545,3,7.345455e6,1.46595,0.18978,0.9728,0.4140,3.756,0.20552,9.7651e-4,146504,6.003574e4,9.076811e3,120.3,5.626154e3,3.571043e4,2.037335e1,6,150530,3367,479,2.869764e-2,1.424256e5,4.291e-14,2.981,-2.831909e7,1.009e-13
2661120,224,17.353,1804.0,49.9,1.120748e8,7.926211e7,1651.8,1.162514e7,2.890e-13,3.787832e6,4.648892e6,1.363e-13,1.831e-13,1.969519e4,2.376315e4,2.551854e4,3.921162e4,5.554724e3,1.039634e4,1812,513,3,6.937156e6,1.44926,0.19057,0.9729,0.4153,3.801,0.21403,9.9656e-4,147052,6.093188e4,8.673649e3,117.9,5.951965e3,3.488486e4,9.148187e0,6,150602,3157,485,2.918313e-2,1.444546e5,1.934e-14,3.011,-9.478407e6,1.070e-13
2673000,225,17.990,1624.3,51.8,8.861998e7,6.322285e7,1462.2,1.206977e7,5.043e-13,3.802580e6,4.663486e6,6.650e-14,4.853e-14,2.038806e4,2.460649e4,2.597667e4,3.674212e4,5.639503e3,1.001271e4,1673,489,3,6.840720e6,1.44674,0.18932,0.9733,0.4165,3.813,0.21576,9.6295e-4,149097,5.937580e4,8.546311e3,114.0,5.707597e3,3.569027e4,7.081174e0,2,150525,3350,501,2.997160e-2,1.445714e5,5.959e-14,2.977,-1.337790e7,1.000e-13
2684880,226,18.379,1723.7,51.1,8.544322e7,6.007314e7,1554.2,1.210732e7,2.808e-13,3.816993e6,4.677829e6,1.114e-13,1.931e-13,2.045620e4,2.467844e4,2.668947e4,3.694021e4,6.043071e3,1.033543e4,1752,494,3,6.873821e6,1.44623,0.19127,0.9732,0.4178,3.794,0.21668,9.3598e-4,143038,5.986569e4,8.755187e3,117.2,5.356807e3,3.592852e4,7.808851e1,21,150890,3595,487,3.030477e-2,1.453064e5,1.763e-14,2.998,-1.541016e7,1.208e-13
2696760,227,18.204,1539.9,49.7,9.095229e7,6.572642e7,1378.7,1.186773e7,2.929e-13,3.832201e6,4.695269e6,4.703e-14,5.891e-14,2.018589e4,2.434176e4,2.387087e4,3.499659e4,4.978560e3,6.902216e3,1605,486,3,6.733537e6,1.43860,0.19257,0.9733,0.4194,3.804,0.22138,1.0087e-3,144752,6.124425e4,8.851049e3,116.8,5.812514e3,3.576395e4,2.790945e1,12,151330,3574,487,3.100562e-2,1.468403e5,5.490e-14,2.957,-1.067785e7,9.198e-14
2708640,228,17.145,1735.5,49.3,1.101922e8,7.765909e7,1561.1,1.161394e7,1.894e-13,3.846276e6,4.710693e6,6.998e-14,1.277e-13,1.931001e4,2.333745e4,2.542963e4,3.890012e4,5.234833e3,7.913359e3,1743,495,3,6.942896e6,1.42992,0.19295,0.9726,0.4207,3.802,0.22689,1.0286e-3,147033,6.166135e4,8.564351e3,117.1,6.160230e3,3.575344e4,1.496202e0,1,151914,3511,480,3.210929e-2,1.481606e5,4.125e-15,3.011,-8.138025e6,9.860e-14
2720520,229,16.302,1823.4,48.9,1.165643e8,8.091010e7,1661.9,1.148737e7,2.847e-13,3.859835e6,4.725201e6,5.429e-15,8.791e-14,1.852203e4,2.234111e4,2.480253e4,3.824463e4,4.962508e3,7.832539e3,1811,501,3,7.037959e6,1.41194,0.19273,0.9722,0.4220,3.846,0.23267,1.0129e-3,149543,6.036391e4,8.081338e3,109.0,6.067761e3,3.507900e4,1.160047e1,5,152100,3484,492,3.330894e-2,1.491777e5,1.658e-14,2.996,-7.786356e6,1.021e-13
2732400,230,16.468,1694.3,49.7,1.064138e8,7.472827e7,1539.1,1.150349e7,4.822e-13,3.873370e6,4.739277e6,7.995e-14,9.629e-15,1.874668e4,2.265834e4,2.414006e4,3.493873e4,5.212305e3,8.582928e3,1716,494,3,6.879405e6,1.40819,0.19274,0.9720,0.4232,3.851,0.23586,1.0243e-3,151408,6.091782e4,8.016541e3,111.6,6.043047e3,3.580653e4,8.059708e0,2,152809,3516,691,3.431812e-2,1.499741e5,6.986e-14,2.970,-8.677772e6,9.941e-14
2744280,231,15.361,2096.7,48.9,1.244098e8,8.282655e7,1924.4,1.133981e7,3.637e-13,3.885865e6,4.752551e6,9.539e-14,6.859e-15,1.768991e4,2.139192e4,2.528302e4,3.867279e4,5.194269e3,8.118135e3,2002,524,3,7.266851e6,1.40908,0.19512,0.9716,0.4245,3.878,0.23894,1.0314e-3,151928,6.005566e4,7.673860e3,108.6,6.092671e3,3.491590e4,2.832885e2,58,152443,3703,484,3.477279e-2,1.509110e5,6.326e-14,2.961,-8.701509e6,8.832e-14
2756160,232,16.929,2261.1,52.5,8.890177e7,5.812526e7,2096.9,1.232987e7,1.940e-13,3.899497e6,4.767607e6,9.171e-14,1.563e-14,1.943332e4,2.346279e4,3.038644e4,3.994218e4,5.802069e3,8.406247e3,2191,527,3,7.326047e6,1.41663,0.19431,0.9719,0.4257,3.862,0.23466,1.0279e-3,155739,6.043487e4,7.955590e3,109.4,6.105956e3,3.707192e4,4.700517e2,114,152779,3858,470,3.536144e-2,1.497775e5,5.208e-14,2.998,-2.518447e7,9.034e-14
2768040,233,19.221,1663.5,55.3,5.570903e7,4.053974e7,1515.1,1.258643e7,3.379e-13,3.913864e6,4.782794e6,9.126e-14,6.465e-14,2.159598e4,2.612441e4,3.172238e4,4.165408e4,7.228330e3,1.093764e4,1750,502,3,6.791686e6,1.42826,0.19579,0.9719,0.4278,3.814,0.22236,9.2837e-4,150112,5.900626e4,8.761978e3,113.6,5.090492e3,3.864031e4,3.400727e2,138,153035,4174,464,3.473843e-2,1.472843e5,8.240e-14,3.019,-2.480540e7,9.778e-14
2779920,234,18.462,1286.4,48.4,8.955315e7,6.830582e7,1123.7,1.152565e7,1.146e-13,3.929615e6,4.801047e6,1.849e-14,2.658e-14,2.043234e4,2.472789e4,2.364509e4,3.240564e4,4.682082e3,6.474499e3,1362,464,3,6.441967e6,1.43495,0.19994,0.9727,0.4300,3.766,0.22733,1.1501e-3,147088,6.504716e4,9.296444e3,127.7,6.297760e3,3.748638e4,7.313150e1,86,153278,4183,478,3.445951e-2,1.500357e5,3.860e-14,2.989,-7.149100e6,9.716e-14
2791800,235,17.928,1052.5,50.0,9.662238e7,7.665181e7,899.4,1.125564e7,3.167e-13,3.945035e6,4.818806e6,7.070e-14,8.890e-14,2.009100e4,2.432324e4,2.431270e4,3.448574e4,4.670860e3,6.564265e3,1099,428,3,6.201388e6,1.41228,0.19854,0.9738,0.4315,3.821,0.23005,1.0472e-3,151248,6.280802e4,8.998586e3,112.3,6.430013e3,3.768010e4,2.753640e1,7,152753,3871,465,3.531381e-2,1.498277e5,1.068e-14,3.022,-3.337206e6,8.964e-14
2803680,236,18.684,1255.9,50.7,7.900727e7,6.041307e7,1081.0,1.189926e7,2.663e-13,3.959988e6,4.835526e6,4.904e-14,5.874e-14,2.076268e4,2.506066e4,2.648649e4,3.803327e4,5.809869e3,8.340670e3,1306,446,3,6.431562e6,1.41806,0.19949,0.9744,0.4332,3.792,0.22764,9.7106e-4,149763,6.242755e4,9.137424e3,115.4,5.590873e3,3.813978e4,3.322954e1,18,153261,3893,470,3.514502e-2,1.496447e5,7.779e-15,2.983,-1.038760e7,9.590e-14
2815560,237,17.808,1519.3,48.6,1.017551e8,7.404685e7,1342.3,1.157020e7,3.609e-13,3.975193e6,4.853868e6,3.877e-14,5.910e-14,1.975358e4,2.389086e4,2.377355e4,3.708471e4,4.547771e3,5.549025e3,1549,477,3,6.722182e6,1.40973,0.20215,0.9743,0.4347,3.786,0.23414,1.0892e-3,144561,6.472064e4,9.083931e3,117.4,6.180491e3,3.704545e4,4.969808e1,13,153933,3921,466,3.533555e-2,1.520046e5,1.474e-14,2.997,-7.150189e6,8.979e-14
2827440,238,17.807,1709.4,51.2,9.490715e7,6.676123e7,1536.1,1.200843e7,2.671e-13,3.990471e6,4.871395e6,2.731e-14,1.151e-13,2.013238e4,2.431830e4,2.697820e4,4.194627e4,4.855174e3,6.791146e3,1730,493,3,6.927135e6,1.40269,0.20108,0.9740,0.4363,3.802,0.23620,1.0636e-3,149343,6.447140e4,9.015459e3,114.3,6.452507e3,3.827664e4,1.695799e2,52,154976,3657,467,3.593951e-2,1.521101e5,1.223e-13,2.989,-1.256022e7,1.181e-13
2839320,239,17.071,2455.0,50.4,1.090437e8,7.086092e7,2271.9,1.204251e7,3.858e-13,4.004230e6,4.886636e6,1.186e-13,1.443e-13,1.926668e4,2.315482e4,2.993186e4,4.596034e4,5.507463e3,7.914244e3,2358,533,3,7.423267e6,1.39363,0.20192,0.9738,0.4380,3.820,0.24027,1.0689e-3,149441,6.352561e4,8.667104e3,113.8,6.172802e3,3.714554e4,5.645118e0,3,155286,3664,492,3.639678e-2,1.532161e5,1.371e-13,2.981,-2.140821e7,8.877e-14
2851200,240,17.619,2478.3,52.9,9.221281e7,5.922872e7,2316.4,1.245880e7,1.627e-13,4.019008e6,4.903647e6,6.894e-14,4.558e-15,1.995811e4,2.405979e4,3.093913e4,4.470771e4,5.180241e3,7.048540e3,2387,543,3,7.393002e6,1.38373,0.20178,0.9730,0.4394,3.829,0.24063,1.0671e-3,151155,6.419199e4,8.764422e3,110.1,6.409123e3,3.820009e4,3.590216e2,83,155332,3392,682,3.708371e-2,1.530692e5,1.388e-14,3.021,-2.815714e7,9.119e-14
2863080,241,18.110,2774.4,53.4,8.719314e7,5.524531e7,2597.7,1.271495e7,3.358e-13,4.033143e6,4.918348e6,1.697e-14,5.188e-14,2.045344e4,2.464869e4,3.404741e4,4.821524e4,6.317975e3,9.947423e3,2620,544,3,7.596112e6,1.40788,0.20510,0.9720,0.4409,3.775,0.23467,1.0393e-3,150846,6.338621e4,8.899281e3,115.6,5.892564e3,3.844774e4,6.478870e2,177,155300,3488,468,3.725653e-2,1.524344e5,4.334e-14,2.971,-3.640637e7,8.999e-14
2874960,242,18.804,2348.8,53.6,7.643618e7,5.064413e7,2192.6,1.271978e7,2.453e-13,4.048577e6,4.936129e6,2.760e-15,1.228e-13,2.103823e4,2.535994e4,3.141416e4,4.182587e4,5.604011e3,7.579080e3,2315,537,3,7.248092e6,1.40669,0.20707,0.9715,0.4425,3.769,0.23144,1.0289e-3,147897,6.501498e4,9.377616e3,115.9,6.087593e3,3.920043e4,7.408669e2,347,155856,3821,442,3.723259e-2,1.521226e5,5.166e-14,3.022,-3.169226e7,8.934e-14
2886840,243,18.395,2037.0,51.0,9.108529e7,6.203689e7,1872.8,1.222530e7,2.139e-13,4.063147e6,4.952481e6,6.555e-14,6.450e-14,2.054195e4,2.473106e4,3.087524e4,3.989951e4,5.972485e3,8.379214e3,2022,516,3,7.115011e6,1.39593,0.20839,0.9717,0.4441,3.791,0.23277,1.0941e-3,149388,6.577638e4,9.384337e3,118.3,6.183881e3,3.857567e4,1.003802e3,320,156780,3545,444,3.743585e-2,1.526481e5,6.482e-15,3.000,-1.955233e7,9.710e-14
2898720,244,17.376,1264.1,48.6,1.075280e8,8.218854e7,1127.8,1.116023e7,3.914e-13,4.077601e6,4.969768e6,6.053e-14,3.204e-14,1.948399e4,2.350095e4,2.204504e4,3.110822e4,5.029905e3,6.213531e3,1338,468,3,6.403776e6,1.38740,0.20880,0.9721,0.4454,3.807,0.24006,1.1256e-3,151530,6.683440e4,9.151437e3,114.8,6.717315e3,3.829295e4,2.396005e1,13,157184,3300,450,3.793931e-2,1.545151e5,1.189e-13,3.040,-3.159812e6,8.580e-14
2910600,245,17.966,959.5,49.6,8.850020e7,7.148303e7,811.3,1.122916e7,3.658e-13,4.092056e6,4.986991e6,1.378e-13,2.015e-13,1.991757e4,2.408520e4,2.016181e4,2.787449e4,5.461955e3,6.862859e3,990,416,3,6.051907e6,1.38834,0.20819,0.9731,0.4467,3.819,0.24132,1.0656e-3,150701,6.525315e4,9.045962e3,112.1,6.348217e3,3.871436e4,1.199191e2,28,157822,3364,446,3.839397e-2,1.547241e5,8.465e-14,3.003,-4.318910e6,9.285e-14
2922480,246,19.274,1121.6,51.4,6.587188e7,5.207028e7,947.5,1.198928e7,2.843e-13,4.107543e6,5.005653e6,1.916e-14,6.084e-14,2.123253e4,2.566074e4,2.407744e4,3.340061e4,5.746138e3,6.998136e3,1182,427,3,6.274168e6,1.39588,0.20975,0.9747,0.4482,3.793,0.23692,1.0008e-3,149505,6.520368e4,9.589738e3,114.2,5.756345e3,4.022907e4,1.392128e2,75,158263,3488,448,3.808420e-2,1.542193e5,1.070e-13,3.048,-1.179692e7,9.484e-14
2934360,247,19.724,1188.7,49.6,6.649322e7,5.211629e7,1017.5,1.208208e7,3.475e-13,4.123385e6,5.025197e6,3.004e-14,1.149e-13,2.145885e4,2.587740e4,2.666265e4,3.604645e4,5.616318e3,6.333440e3,1266,447,3,6.350621e6,1.40151,0.21203,0.9758,0.4498,3.767,0.23637,1.0336e-3,148681,6.701760e4,1.009558e4,118.7,5.829312e3,4.023637e4,2.710746e2,106,158721,3404,464,3.768117e-2,1.549752e5,3.831e-14,2.995,-1.239056e7,1.005e-13
2946240,248,19.998,1200.4,50.1,6.543961e7,5.155494e7,1034.2,1.221888e7,3.197e-13,4.139307e6,5.044269e6,4.860e-14,2.345e-14,2.169965e4,2.616092e4,2.477414e4,3.700303e4,5.778144e3,7.089406e3,1282,444,3,6.325822e6,1.39802,0.21333,0.9769,0.4514,3.758,0.23604,9.8265e-4,145759,6.752790e4,1.047568e4,117.1,5.878188e3,4.097100e4,1.539895e2,43,159796,3409,459,3.736873e-2,1.551676e5,5.346e-14,3.017,-1.336320e7,9.809e-14
2958120,249,18.479,1301.8,47.5,1.014576e8,7.741872e7,1124.1,1.149341e7,2.875e-13,4.154312e6,5.062596e6,3.049e-14,1.039e-13,2.037371e4,2.456015e4,2.263222e4,3.678288e4,5.368610e3,6.232736e3,1345,453,3,6.491992e6,1.39660,0.21460,0.9774,0.4529,3.739,0.24502,1.1649e-3,147204,6.994595e4,1.014924e4,124.0,6.598039e3,3.987402e4,3.811338e1,9,160421,3183,449,3.735604e-2,1.580390e5,2.210e-15,2.995,-4.702968e6,1.062e-13
2970000,250,18.416,1461.3,50.6,9.085752e7,6.676181e7,1292.1,1.197526e7,4.802e-13,4.168685e6,5.079748e6,2.201e-14,3.098e-14,2.043322e4,2.467635e4,2.611211e4,3.980989e4,6.059897e3,7.524105e3,1512,468,3,6.663547e6,1.37644,0.21357,0.9773,0.4539,3.788,0.24616,1.0473e-3,148368,6.853740e4,9.848474e3,112.0,6.661480e3,4.071929e4,5.983214e2,144,161345,3182,639,3.819958e-2,1.574416e5,6.544e-14,3.038,-1.025859e7,8.683e-14
2981880,251,17.326,1424.8,47.4,1.106129e8,8.210368e7,1259.8,1.128922e7,4.024e-13,4.181620e6,5.095289e6,3.007e-15,1.362e-13,1.925139e4,2.321019e4,2.265497e4,3.509932e4,6.316927e3,7.669553e3,1465,473,3,6.633250e6,1.39453,0.21731,0.9773,0.4549,3.774,0.25096,1.1582e-3,149035,6.894739e4,9.401525e3,118.7,6.657126e3,3.925431e4,2.552060e2,79,161288,3073,428,3.854748e-2,1.596312e5,2.206e-14,2.976,-3.830994e6,9.006e-14
2993760,252,16.476,1233.7,47.8,1.153372e8,8.813510e7,1081.3,1.095362e7,3.676e-13,4.194130e6,5.111523e6,1.377e-13,2.061e-13,1.852714e4,2.243713e4,2.146119e4,3.160543e4,6.017280e3,6.203304e3,1281,457,3,6.429296e6,1.38276,0.21655,0.9775,0.4557,3.829,0.25689,1.1714e-3,154760,6.955053e4,9.007396e3,112.4,7.263770e3,3.932783e4,6.761873e2,236,161560,3063,422,3.979677e-2,1.606852e5,5.289e-14,3.034,-8.074106e5,8.889e-14
3005640,253,16.723,1314.7,48.9,1.037228e8,7.759941e7,1150.7,1.122000e7,3.521e-13,4.206330e6,5.126990e6,2.613e-14,8.065e-14,1.885973e4,2.282689e4,2.257360e4,3.269721e4,6.659739e3,7.360236e3,1365,458,3,6.532892e6,1.38450,0.21587,0.9771,0.4565,3.822,0.25582,1.1437e-3,152277,6.678253e4,8.741804e3,111.2,6.752314e3,3.952984e4,7.568739e2,138,161906,3248,422,4.059692e-2,1.602611e5,1.308e-14,3.080,-4.307411e6,8.704e-14
3017520,254,18.159,1246.1,51.3,7.724570e7,5.855517e7,1085.8,1.174738e7,4.138e-13,4.220201e6,5.145042e6,1.620e-13,9.123e-14,2.031480e4,2.460154e4,2.381125e4,3.275851e4,6.443832e3,6.549362e3,1324,454,3,6.393637e6,1.39369,0.21787,0.9769,0.4576,3.792,0.25110,1.1050e-3,153137,6.799760e4,9.248745e3,114.2,6.557813e3,4.123632e4,4.258199e2,102,162356,3328,431,4.068308e-2,1.598282e5,1.876e-14,3.055,-1.030200e7,9.989e-14
3029400,255,18.885,1772.3,51.4,7.392376e7,5.197422e7,1581.5,1.242952e7,3.537e-13,4.234439e6,5.162319e6,1.192e-13,5.971e-14,2.093899e4,2.530799e4,2.959126e4,4.328705e4,6.700776e3,8.030424e3,1778,495,3,6.979832e6,1.39989,0.22026,0.9774,0.4590,3.772,0.24677,1.1093e-3,151233,6.786921e4,9.744364e3,117.0,6.277158e3,4.142724e4,3.130603e2,81,163087,3602,442,4.040079e-2,1.596241e5,7.603e-14,3.032,-2.019271e7,9.546e-14
3041280,256,17.780,2226.1,49.9,1.027225e8,6.763807e7,2044.3,1.212895e7,3.580e-13,4.247925e6,5.178923e6,4.867e-14,6.726e-14,1.980030e4,2.393314e4,3.116053e4,4.597555e4,6.313928e3,7.329660e3,2137,530,3,7.272222e6,1.39777,0.22400,0.9769,0.4604,3.801,0.25223,1.2006e-3,150034,7.132752e4,9.805105e3,120.7,7.130770e3,4.064309e4,2.343455e2,67,163022,3527,436,4.045195e-2,1.620287e5,3.790e-14,3.069,-1.820633e7,8.938e-14
3053160,257,17.219,2119.7,51.5,1.058569e8,7.111411e7,1956.1,1.200890e7,3.425e-13,4.260841e6,5.193872e6,6.601e-14,1.183e-14,1.974121e4,2.387095e4,3.199050e4,4.830858e4,6.825825e3,8.922066e3,2046,524,3,7.214173e6,1.39303,0.22309,0.9768,0.4614,3.822,0.25554,1.2077e-3,157103,6.966108e4,9.411693e3,114.4,7.233017e3,4.099599e4,1.430452e0,1,162951,3305,424,4.094475e-2,1.626115e5,6.980e-14,3.062,-1.641564e7,9.957e-14
3065040,258,16.660,2282.1,50.6,1.114583e8,7.289751e7,2112.0,1.190227e7,3.714e-13,4.272901e6,5.207495e6,6.953e-14,9.300e-15,1.900463e4,2.298007e4,2.874169e4,4.173995e4,6.943739e3,9.356904e3,2199,530,3,7.331281e6,1.38454,0.22452,0.9764,0.4623,3.853,0.25982,1.1721e-3,155347,6.976988e4,9.157679e3,115.0,7.120372e3,4.046850e4,1.280206e2,22,163334,3443,430,4.156742e-2,1.638779e5,3.978e-14,3.082,-1.669846e7,1.138e-13
3076920,259,16.549,1684.5,50.0,1.074680e8,7.585312e7,1541.0,1.145153e7,4.697e-13,4.285567e6,5.222392e6,2.738e-14,3.674e-14,1.890124e4,2.286623e4,2.407374e4,3.312308e4,6.236206e3,7.969238e3,1720,506,3,6.848316e6,1.38242,0.22477,0.9759,0.4631,3.881,0.26266,1.2087e-3,158633,6.941805e4,8.977198e3,111.9,7.227401e3,4.036589e4,4.549502e2,186,163160,3438,423,4.209182e-2,1.647313e5,3.445e-14,3.088,-8.331702e6,9.462e-14
3088800,260,16.478,1201.0,48.7,1.068511e8,8.180935e7,1056.0,1.094541e7,3.490e-13,4.298365e6,5.237174e6,1.040e-13,1.268e-13,1.869647e4,2.262018e4,2.105378e4,2.871878e4,5.897974e3,7.838392e3,1266,455,3,6.372597e6,1.38664,0.22547,0.9760,0.4641,3.907,0.26581,1.1956e-3,157886,6.965973e4,8.953386e3,114.5,7.203206e3,4.073373e4,4.229830e1,5,164169,3695,630,4.252834e-2,1.658746e5,3.527e-14,3.060,-2.133911e6,8.140e-14
3100680,261,17.923,1254.8,50.8,7.911230e7,5.987580e7,1088.1,1.175903e7,3.016e-13,4.312375e6,5.254339e6,9.502e-15,3.811e-14,2.004803e4,2.421672e4,2.334823e4,3.096792e4,6.038429e3,7.051601e3,1324,451,3,6.481068e6,1.41008,0.22915,0.9764,0.4653,3.876,0.26032,1.1542e-3,158503,6.855977e4,9.304213e3,111.7,6.783299e3,4.191455e4,1.177217e2,31,164019,3828,419,4.228796e-2,1.653773e5,1.047e-13,3.024,-1.010248e7,9.308e-14
3112560,262,17.254,1073.2,47.7,1.029689e8,8.139566e7,915.2,1.085655e7,3.364e-13,4.326305e6,5.270742e6,1.182e-13,6.520e-14,1.926586e4,2.328831e4,2.046726e4,3.060302e4,5.335773e3,6.885245e3,1116,431,3,6.176639e6,1.42099,0.23248,0.9766,0.4668,3.862,0.26375,1.2319e-3,155903,7.163803e4,9.533232e3,121.9,7.149471e3,4.153151e4,9.769499e1,24,164171,3932,405,4.231937e-2,1.675254e5,7.349e-14,3.077,-1.516982e6,9.648e-14
3124440,263,17.293,1312.4,49.1,9.769582e7,7.334929e7,1134.8,1.144924e7,3.595e-13,4.340774e6,5.287788e6,2.596e-14,2.818e-14,1.941578e4,2.350094e4,2.253096e4,3.360788e4,4.945999e3,6.454711e3,1352,450,3,6.547382e6,1.41629,0.23190,0.9773,0.4681,3.903,0.26711,1.2059e-3,157386,7.116685e4,9.484069e3,114.2,7.431428e3,4.186559e4,0.000000e0,0,164718,3970,416,4.272050e-2,1.681710e5,6.230e-15,3.073,-5.996243e6,9.094e-14
3136320,264,17.465,2182.7,52.0,9.635974e7,6.426417e7,1983.5,1.221341e7,3.797e-13,4.354655e6,5.302811e6,8.255e-14,3.302e-14,1.993959e4,2.412773e4,3.252857e4,4.989871e4,6.059390e3,9.105088e3,2073,523,3,7.316749e6,1.42348,0.23389,0.9767,0.4695,3.885,0.26408,1.1854e-3,159313,7.115732e4,9.577957e3,117.8,6.888670e3,4.286189e4,3.435824e2,40,164416,3870,411,4.293384e-2,1.681101e5,3.462e-16,3.104,-2.066688e7,1.055e-13
3148200,265,17.065,2553.8,52.0,1.045755e8,6.592411e7,2376.3,1.216334e7,3.049e-13,4.368634e6,5.318229e6,7.248e-15,4.325e-14,1.955641e4,2.368450e4,3.167713e4,4.782894e4,5.576968e3,8.266240e3,2414,544,3,7.472517e6,1.42127,0.23509,0.9763,0.4708,3.911,0.26790,1.2525e-3,154856,7.286400e4,9.588634e3,119.6,7.536670e3,4.235413e4,1.698498e2,33,164600,4180,401,4.318923e-2,1.695034e5,5.100e-14,3.098,-2.359413e7,8.852e-14
3160080,266,15.950,2783.7,50.5,1.207733e8,7.460538e7,2614.4,1.186894e7,1.714e-13,4.381112e6,5.330040e6,1.911e-13,1.188e-13,1.830111e4,2.218139e4,3.049643e4,4.512691e4,5.823227e3,1.037068e4,2594,549,3,7.596240e6,1.41021,0.23457,0.9757,0.4720,3.978,0.27323,1.2334e-3,154810,7.228833e4,9.217857e3,114.1,7.482831e3,4.173172e4,3.564517e2,124,165055,4365,412,4.403000e-2,1.704772e5,4.951e-15,3.082,-2.207317e7,8.422e-14
3171960,267,17.002,2071.3,51.7,9.347457e7,6.190697e7,1925.4,1.201676e7,2.513e-13,4.394545e6,5.344843e6,1.352e-13,4.879e-14,1.937337e4,2.346318e4,2.719456e4,3.562730e4,5.939925e3,8.659712e3,2048,528,3,7.103005e6,1.41997,0.23378,0.9754,0.4731,3.992,0.27311,1.2388e-3,158529,7.174065e4,9.256969e3,113.0,7.397000e3,4.273083e4,1.940109e0,1,164831,4400,410,4.455814e-2,1.705463e5,1.485e-13,3.061,-1.905379e7,8.806e-14
3183840,268,18.409,1528.5,52.1,7.406361e7,5.344966e7,1379.4,1.204703e7,3.321e-13,4.408437e6,5.360866e6,5.007e-14,6.567e-14,2.054433e4,2.481553e4,2.781631e4,3.581642e4,6.652579e3,8.792845e3,1619,491,3,6.675711e6,1.42577,0.23454,0.9756,0.4746,3.961,0.26636,1.1379e-3,158997,7.104562e4,9.859122e3,113.4,6.617286e3,4.422774e4,2.578949e2,66,164694,4398,394,4.450743e-2,1.691516e5,6.504e-14,3.101,-1.557622e7,9.122e-14
3195720,269,19.097,1334.3,50.6,7.072300e7,5.312119e7,1169.2,1.203366e7,3.396e-13,4.423988e6,5.378914e6,8.400e-14,3.948e-14,2.103563e4,2.547783e4,2.536677e4,3.529664e4,5.484589e3,7.429397e3,1432,467,3,6.495454e6,1.43222,0.23685,0.9762,0.4763,3.945,0.26444,1.1646e-3,155402,7.365087e4,1.049565e4,121.4,6.817531e3,4.443186e4,5.540862e0,5,164869,4600,407,4.426835e-2,1.696248e5,1.235e-14,3.080,-1.303527e7,8.669e-14
3207600,270,19.740,1519.9,52.2,6.435875e7,4.764904e7,1340.7,1.256355e7,2.747e-13,4.440039e6,5.396622e6,5.433e-14,1.104e-14,2.184321e4,2.643483e4,3.083592e4,4.441959e4,5.792224e3,8.727393e3,1558,480,3,6.731821e6,1.42913,0.23794,0.9769,0.4785,3.944,0.25904,1.0916e-3,152731,7.391172e4,1.105494e4,118.0,6.547790e3,4.569548e4,3.851156e2,90,165319,4617,648,4.418825e-2,1.684948e5,8.636e-16,3.108,-1.896690e7,1.023e-13
3219480,271,20.174,1772.6,52.4,6.189508e7,4.475211e7,1589.9,1.289596e7,3.241e-13,4.456245e6,5.414002e6,5.058e-14,9.754e-14,2.238147e4,2.707081e4,3.448002e4,5.027905e4,6.175483e3,9.690029e3,1791,505,4,6.950806e6,1.43197,0.24372,0.9770,0.4806,3.752,0.25320,1.0826e-3,151420,7.516696e4,1.147863e4,122.0,6.316933e3,4.604947e4,5.058764e2,93,165313,4672,413,4.360758e-2,1.679412e5,3.431e-14,3.071,-2.486748e7,9.560e-14
3231360,272,19.257,2478.0,51.8,8.748753e7,5.750738e7,2281.2,1.282369e7,2.222e-13,4.471379e6,5.429996e6,9.290e-14,6.998e-14,2.164384e4,2.611712e4,3.740099e4,5.623543e4,6.509935e3,1.012399e4,2379,534,4,7.438414e6,1.42954,0.24578,0.9766,0.4828,3.771,0.25522,1.2343e-3,151549,7.777561e4,1.152378e4,126.4,7.140121e3,4.560891e4,5.001097e2,113,165578,4416,430,4.327060e-2,1.690833e5,2.496e-14,3.108,-2.974936e7,1.074e-13
3243240,273,17.924,1653.6,49.8,1.071630e8,7.725667e7,1508.5,1.166537e7,3.465e-13,4.485714e6,5.445155e6,6.083e-14,2.052e-15,2.024973e4,2.448736e4,2.583306e4,3.983024e4,5.914386e3,9.328423e3,1707,496,4,6.768516e6,1.41293,0.24550,0.9768,0.4844,3.808,0.26425,1.2751e-3,151359,7.804828e4,1.088821e4,120.9,7.821889e3,4.445241e4,1.253536e1,4,166224,4270,425,4.391978e-2,1.709972e5,1.479e-13,3.069,-8.480751e6,9.878e-14
3255120,274,18.170,1742.1,50.6,9.142538e7,6.432108e7,1570.5,1.215212e7,2.655e-13,4.499905e6,5.460801e6,1.761e-13,4.946e-15,2.026485e4,2.447640e4,2.626324e4,3.777785e4,6.074510e3,8.830028e3,1763,497,4,6.932597e6,1.40495,0.24401,0.9768,0.4857,3.840,0.26683,1.1824e-3,150761,7.590856e4,1.060116e4,114.8,7.417167e3,4.476765e4,6.528467e0,3,166724,4621,433,4.453370e-2,1.710358e5,9.563e-14,3.077,-1.455221e7,9.492e-14
3267000,275,18.443,1912.7,51.5,8.666599e7,5.970402e7,1738.9,1.226623e7,3.139e-13,4.514164e6,5.477186e6,1.267e-13,3.469e-14,2.073142e4,2.497854e4,2.885790e4,4.098622e4,6.472620e3,8.593173e3,1922,509,4,7.045747e6,1.41357,0.24581,0.9767,0.4871,3.840,0.26622,1.2160e-3,156026,7.589135e4,1.059441e4,117.9,7.045545e3,4.489915e4,0.000000e0,0,167042,4421,422,4.472928e-2,1.717139e5,2.932e-14,3.050,-1.873788e7,1.032e-13
3278880,276,18.192,1962.9,50.9,9.275056e7,6.325379e7,1789.7,1.219642e7,3.219e-13,4.528425e6,5.494179e6,7.507e-14,3.407e-14,2.043199e4,2.465014e4,2.874466e4,4.003013e4,6.170798e3,7.657727e3,1947,515,4,7.089931e6,1.40816,0.24664,0.9760,0.4888,3.853,0.26986,1.2542e-3,156244,7.747275e4,1.070249e4,120.6,7.673445e3,4.497974e4,1.326086e2,51,167602,4078,443,4.513076e-2,1.728329e5,5.725e-14,3.137,-1.735127e7,1.136e-13
3290760,277,17.678,1993.9,50.4,1.008186e8,6.875908e7,1823.7,1.199525e7,3.267e-13,4.542010e6,5.510331e6,6.172e-14,1.175e-13,1.987123e4,2.395205e4,2.906133e4,3.918860e4,6.285962e3,7.799590e3,1971,513,4,7.112153e6,1.39926,0.24686,0.9759,0.4901,3.887,0.27227,1.2668e-3,154978,7.686628e4,1.040312e4,119.0,7.622780e3,4.437260e4,8.504247e2,209,168045,4329,433,4.581784e-2,1.733875e5,5.908e-14,3.070,-1.554741e7,1.062e-13
3302640,278,18.028,2033.9,51.3,8.996113e7,6.085067e7,1866.0,1.227475e7,2.015e-13,4.556050e6,5.527292e6,1.921e-14,9.908e-14,2.023599e4,2.431874e4,2.931608e4,3.995982e4,6.196435e3,7.357369e3,2024,517,4,7.110201e6,1.40208,0.24745,0.9757,0.4915,3.920,0.27392,1.2304e-3,156523,7.726144e4,1.044566e4,116.7,7.560717e3,4.525465e4,4.448015e0,1,168266,4400,441,4.645504e-2,1.740865e5,3.828e-14,3.086,-2.008659e7,1.042e-13
3314520,279,18.508,2007.7,52.5,8.285607e7,5.624408e7,1832.1,1.241126e7,3.446e-13,4.570390e6,5.544650e6,2.533e-13,2.889e-14,2.097213e4,2.524212e4,3.080374e4,4.201303e4,6.631860e3,7.885054e3,1981,519,4,7.118927e6,1.40640,0.24899,0.9753,0.4929,3.911,0.27250,1.2727e-3,159383,7.736261e4,1.064927e4,122.7,7.394572e3,4.587073e4,3.111715e2,73,168528,4194,431,4.626928e-2,1.744147e5,6.841e-15,3.087,-2.155320e7,9.854e-14
3326400,280,19.246,1718.8,52.9,7.101210e7,5.068472e7,1555.2,1.249339e7,3.457e-13,4.585716e6,5.562783e6,6.336e-14,6.379e-14,2.156018e4,2.603878e4,2.925861e4,3.988800e4,6.234333e3,7.905439e3,1771,503,4,6.829882e6,1.41115,0.25138,0.9755,0.4945,3.892,0.26941,1.2370e-3,156284,7.844041e4,1.113333e4,121.7,7.386561e3,4.688001e4,2.748263e2,79,168863,4224,630,4.620676e-2,1.744041e5,7.843e-15,3.088,-2.052418e7,8.445e-14
3338280,281,19.215,1821.6,51.2,7.852835e7,5.509897e7,1640.4,1.249669e7,3.358e-13,4.601109e6,5.580521e6,1.540e-13,6.008e-14,2.140634e4,2.574491e4,3.012569e4,4.146750e4,6.013018e3,8.007230e3,1824,499,4,7.007186e6,1.43013,0.25780,0.9759,0.4959,3.846,0.26639,1.2700e-3,155690,7.867374e4,1.133011e4,123.2,7.362006e3,4.646074e4,3.069626e2,65,169109,3928,429,4.595881e-2,1.751022e5,3.989e-14,3.090,-1.957582e7,9.707e-14
3350160,282,19.242,1957.2,52.5,7.858625e7,5.420843e7,1776.6,1.267278e7,3.916e-13,4.616634e6,5.598684e6,6.234e-14,8.933e-14,2.161389e4,2.606574e4,3.344992e4,4.504830e4,6.088618e3,7.902342e3,1952,513,4,7.085380e6,1.42496,0.26034,0.9756,0.4975,3.848,0.26390,1.2887e-3,155508,8.053570e4,1.152242e4,125.2,7.727932e3,4.720976e4,9.786301e2,180,169299,3640,438,4.617849e-2,1.750093e5,2.494e-14,3.097,-2.237093e7,9.959e-14
3362040,283,18.158,1514.4,49.2,1.013539e8,7.442175e7,1356.2,1.167156e7,5.335e-13,4.631023e6,5.615323e6,6.938e-14,2.040e-13,2.034013e4,2.457429e4,2.538234e4,3.681621e4,5.951127e3,7.935727e3,1568,490,4,6.689933e6,1.42056,0.26156,0.9760,0.4988,3.863,0.26977,1.3871e-3,154599,8.017580e4,1.112992e4,124.0,7.976060e3,4.578045e4,2.057126e2,64,169575,3399,453,4.675402e-2,1.768630e5,1.277e-13,3.137,-7.619367e6,1.034e-13
3373920,284,17.962,1491.4,50.5,9.625237e7,7.032309e7,1320.1,1.185480e7,4.120e-13,4.645827e6,5.632314e6,6.655e-14,2.480e-14,2.033633e4,2.457212e4,2.670830e4,3.952095e4,5.533019e3,7.580712e3,1528,476,4,6.729665e6,1.40520,0.26105,0.9763,0.4998,3.903,0.27241,1.3563e-3,156314,7.978756e4,1.082894e4,119.3,8.277912e3,4.646019e4,2.653934e2,71,169751,3184,449,4.790069e-2,1.770041e5,4.275e-14,3.147,-8.861149e6,9.320e-14
3385800,285,18.394,1931.2,51.7,8.595044e7,5.924953e7,1744.5,1.240925e7,4.647e-13,4.659814e6,5.647882e6,6.555e-14,1.270e-14,2.074765e4,2.499134e4,2.996508e4,4.404996e4,6.760438e3,9.423069e3,1905,506,4,7.127951e6,1.40720,0.26093,0.9762,0.5008,3.878,0.27095,1.3590e-3,160611,7.712068e4,1.071677e4,119.8,7.605699e3,4.622195e4,1.457167e2,29,170814,2933,426,4.830064e-2,1.767316e5,1.169e-14,3.102,-1.958502e7,9.451e-14
3397680,286,19.282,2317.0,54.8,7.018555e7,4.739543e7,2132.2,1.302792e7,2.679e-13,4.674442e6,5.664285e6,3.507e-14,1.534e-13,2.179991e4,2.624233e4,3.448815e4,5.093028e4,7.171882e3,9.839425e3,2249,529,4,7.320904e6,1.40055,0.26265,0.9761,0.5019,3.870,0.26729,1.2857e-3,159241,7.784403e4,1.117427e4,122.6,7.599035e3,4.745700e4,4.527021e0,2,171213,3090,416,4.856818e-2,1.760787e5,7.372e-14,3.131,-3.372525e7,1.017e-13
3409560,287,18.537,1954.6,51.5,9.283111e7,6.465236e7,1787.8,1.217574e7,3.933e-13,4.688032e6,5.679153e6,8.244e-14,1.425e-13,2.098760e4,2.532468e4,3.202877e4,4.731830e4,7.397093e3,1.045649e4,1939,518,4,7.041371e6,1.39927,0.26445,0.9759,0.5032,3.864,0.26995,1.4342e-3,160132,7.845646e4,1.110453e4,126.0,7.711241e3,4.616261e4,2.242514e2,64,171709,3022,438,4.889359e-2,1.773999e5,1.337e-13,3.132,-1.783695e7,1.111e-13
3421440,288,19.038,1859.2,52.9,7.701985e7,5.387473e7,1689.4,1.266449e7,3.408e-13,4.702698e6,5.695552e6,1.703e-14,1.302e-13,2.138753e4,2.576778e4,3.128714e4,4.533697e4,6.722375e3,9.369002e3,1867,504,4,7.034836e6,1.37857,0.26424,0.9760,0.5042,3.893,0.26949,1.2719e-3,158960,7.812111e4,1.122702e4,117.2,7.838196e3,4.720582e4,1.462242e2,19,172426,3250,442,4.984581e-2,1.766450e5,9.062e-15,3.128,-2.163031e7,9.620e-14
3433320,289,19.783,1806.0,53.5,6.567644e7,4.688311e7,1634.2,1.280496e7,4.271e-13,4.716650e6,5.710506e6,1.688e-13,6.948e-14,2.211751e4,2.663695e4,3.251511e4,4.702231e4,8.165381e3,1.168304e4,1835,505,4,6.969878e6,1.38831,0.26560,0.9761,0.5056,3.854,0.26400,1.2414e-3,157242,7.626340e4,1.144721e4,120.7,6.809765e3,4.712097e4,1.407144e2,49,172724,3568,437,4.984208e-2,1.759007e5,6.354e-14,3.073,-2.418882e7,1.018e-13
3445200,290,20.273,1583.7,52.4,6.034812e7,4.515894e7,1417.4,1.278515e7,3.971e-13,4.732319e6,5.728183e6,7.026e-14,5.658e-14,2.238438e4,2.703107e4,3.085228e4,4.290447e4,6.714728e3,9.354377e3,1655,492,4,6.737566e6,1.38246,0.26866,0.9768,0.5071,3.844,0.26161,1.2995e-3,155823,7.894279e4,1.205466e4,122.8,7.257436e3,4.742010e4,6.177901e2,139,172791,4098,627,4.989659e-2,1.760021e5,1.088e-13,3.206,-2.194895e7,1.134e-13
3457080,291,19.750,1244.2,51.3,7.726957e7,6.023087e7,1083.5,1.204718e7,3.803e-13,4.747440e6,5.744027e6,9.769e-14,7.702e-14,2.198102e4,2.662338e4,2.642250e4,4.127048e4,6.860573e3,1.077931e4,1330,460,4,6.396882e6,1.40292,0.27356,0.9776,0.5083,3.796,0.26014,1.3338e-3,153754,7.840018e4,1.194152e4,122.4,7.303132e3,4.698369e4,3.037221e1,20,172768,4643,437,4.958985e-2,1.767145e5,5.863e-14,3.079,-1.062637e7,1.002e-13
3468960,292,21.571,1181.0,55.0,2.956172e7,2.920455e7,1020.2,1.326769e7,4.024e-13,4.764360e6,5.762187e6,1.468e-13,9.956e-14,2.346900e4,2.838061e4,2.987853e4,4.196295e4,6.548474e3,1.022056e4,1311,448,4,6.317174e6,1.36669,0.27421,0.9783,0.5094,3.815,0.24712,1.0024e-3,151837,7.558295e4,1.256516e4,108.8,6.403341e3,4.860911e4,1.295510e3,348,173656,5055,431,4.968196e-2,1.723151e5,1.127e-13,3.138,-2.760899e7,8.521e-14
3480840,293,20.920,1442.2,51.2,6.286191e7,4.862177e7,1253.2,1.264386e7,4.026e-13,4.780159e6,5.778443e6,8.845e-14,8.204e-14,2.294251e4,2.775799e4,3.414976e4,5.050850e4,7.143436e3,1.150136e4,1495,468,4,6.645039e6,1.39510,0.27778,0.9796,0.5109,3.681,0.24649,1.2876e-3,150230,7.815646e4,1.270148e4,125.2,6.288727e3,4.680948e4,2.610580e2,160,173790,5196,431,4.778042e-2,1.740811e5,1.572e-14,3.097,-1.798981e7,9.878e-14
3492720,294,20.012,1705.8,51.8,7.923424e7,5.707403e7,1520.1,1.270239e7,3.663e-13,4.796956e6,5.796760e6,8.504e-14,8.917e-14,2.239533e4,2.710207e4,3.108203e4,4.736287e4,5.599106e3,8.785322e3,1738,496,4,6.898402e6,1.37338,0.28052,0.9797,0.5118,3.720,0.25226,1.3528e-3,149234,8.173419e4,1.268887e4,124.3,7.711683e3,4.708494e4,8.656007e2,235,174381,5571,413,4.683520e-2,1.758220e5,1.523e-14,3.130,-1.774797e7,9.047e-14
3504600,295,19.151,1422.7,50.9,9.152138e7,6.844844e7,1264.5,1.199035e7,4.225e-13,4.811781e6,5.811855e6,8.710e-14,2.724e-15,2.125991e4,2.569070e4,2.652498e4,4.267789e4,6.434877e3,1.059557e4,1500,480,4,6.599952e6,1.36224,0.27863,0.9799,0.5126,3.732,0.25854,1.3331e-3,152148,7.930043e4,1.195576e4,118.7,7.750074e3,4.638198e4,2.917205e2,163,175127,5477,423,4.757329e-2,1.766666e5,6.968e-14,3.109,-9.363181e6,9.323e-14
3516480,296,19.593,1466.3,52.0,7.334490e7,5.450710e7,1296.1,1.247119e7,4.209e-13,4.827285e6,5.828473e6,1.601e-14,4.330e-14,2.163093e4,2.612384e4,2.541861e4,3.859433e4,6.126068e3,9.506185e3,1544,476,4,6.666114e6,1.34182,0.27822,0.9803,0.5136,3.762,0.25983,1.2796e-3,153343,7.804101e4,1.180451e4,115.7,7.549891e3,4.689994e4,8.911403e1,51,175239,5505,442,4.865659e-2,1.763623e5,1.353e-14,3.161,-1.561954e7,9.496e-14
3528360,297,20.041,1599.2,53.5,6.608638e7,4.860999e7,1424.3,1.266779e7,4.005e-13,4.842440e6,5.845028e6,4.289e-14,1.753e-15,2.220375e4,2.685563e4,2.944528e4,4.460806e4,7.049087e3,1.030103e4,1651,488,4,6.783286e6,1.35286,0.27918,0.9801,0.5145,3.720,0.25741,1.2801e-3,153607,7.724689e4,1.184915e4,116.9,6.950403e3,4.675550e4,7.507091e1,37,175667,5533,439,4.872720e-2,1.763589e5,7.938e-14,3.118,-2.005934e7,9.526e-14
3540240,298,19.503,1854.2,51.2,8.127566e7,5.711804e7,1673.9,1.257984e7,4.113e-13,4.857224e6,5.861540e6,8.552e-14,3.130e-14,2.157611e4,2.599705e4,2.976527e4,4.469341e4,6.792219e3,9.484841e3,1859,503,4,7.026725e6,1.34083,0.28135,0.9800,0.5154,3.732,0.26014,1.3551e-3,154593,7.933299e4,1.194571e4,119.7,7.578252e3,4.629343e4,8.020032e2,324,175861,5504,422,4.896832e-2,1.773959e5,4.577e-14,3.128,-1.963523e7,9.308e-14
3552120,299,20.008,1895.4,54.7,6.600609e7,4.733047e7,1723.8,1.298749e7,3.809e-13,4.872000e6,5.878989e6,1.784e-13,6.669e-14,2.240587e4,2.703844e4,3.362724e4,4.922421e4,7.630192e3,9.589637e3,1902,512,4,7.034676e6,1.33862,0.28104,0.9800,0.5160,3.722,0.25899,1.2479e-3,155950,7.793383e4,1.192648e4,116.6,7.326929e3,4.720285e4,2.701119e1,64,176160,5497,421,4.977423e-2,1.770436e5,1.195e-13,3.136,-2.692082e7,9.978e-14
3564000,300,19.711,2112.9,52.9,7.726971e7,5.293285e7,1932.5,1.280185e7,2.897e-13,4.886159e6,5.895629e6,2.916e-14,1.327e-14,2.198041e4,2.649835e4,3.157634e4,4.651106e4,7.820926e3,9.858216e3,2084,521,4,7.167490e6,1.34015,0.28379,0.9799,0.5170,3.705,0.26187,1.3051e-3,152747,7.908448e4,1.204826e4,122.4,7.207005e3,4.681606e4,6.453654e1,20,176522,5571,620,4.996904e-2,1.786097e5,4.188e-14,3.123,-2.613886e7,9.790e-14
3575880,301,19.148,2223.7,52.7,8.670109e7,5.792662e7,2047.9,1.270132e7,3.684e-13,4.900647e6,5.913139e6,8.552e-14,0.000e0,2.140883e4,2.584488e4,3.249715e4,4.550176e4,6.921077e3,8.334791e3,2169,526,4,7.276196e6,1.34057,0.28881,0.9792,0.5177,3.721,0.26348,1.3396e-3,153566,8.011300e4,1.183371e4,119.0,7.877270e3,4.652149e4,6.730527e2,303,176359,5606,393,5.040057e-2,1.796134e5,7.130e-14,3.120,-2.481097e7,1.036e-13
3587760,302,17.359,1644.7,49.2,1.169181e8,8.451514e7,1490.9,1.144369e7,3.934e-13,4.913134e6,5.927819e6,9.857e-15,7.478e-14,1.966225e4,2.374430e4,2.642365e4,4.027330e4,7.175122e3,9.064452e3,1673,498,4,6.815955e6,1.34110,0.28835,0.9799,0.5183,3.710,0.27494,1.5078e-3,160464,8.089468e4,1.113322e4,122.2,8.451819e3,4.548453e4,6.362915e1,5,176087,5233,410,5.135103e-2,1.825828e5,4.607e-14,3.158,-5.423146e6,9.596e-14
3599640,303,16.054,1358.5,47.6,1.242828e8,9.332855e7,1207.3,1.091243e7,4.557e-13,4.924965e6,5.941755e6,1.002e-13,6.489e-14,1.825710e4,2.209040e4,2.280466e4,3.317877e4,6.426437e3,8.154128e3,1399,467,4,6.593539e6,1.31721,0.28505,0.9794,0.5186,3.805,0.28562,1.4609e-3,161960,7.855709e4,1.017018e4,112.1,8.778565e3,4.422534e4,5.137230e2,291,176350,5434,416,5.324354e-2,1.838405e5,7.377e-14,3.163,-1.634336e5,8.665e-14
3611520,304,16.484,1500.6,48.2,1.053685e8,7.615483e7,1338.2,1.138511e7,4.092e-13,4.936056e6,5.955590e6,2.425e-13,7.897e-14,1.844860e4,2.224911e4,2.308885e4,3.151481e4,7.357016e3,8.414347e3,1549,474,4,6.737153e6,1.31674,0.28440,0.9795,0.5189,3.823,0.28965,1.4354e-3,160612,7.694379e4,9.867210e3,108.7,8.073951e3,4.468823e4,2.089905e2,119,176774,5699,402,5.437500e-2,1.846903e5,6.618e-15,3.133,-6.340982e6,8.550e-14
3623400,305,17.300,1344.4,50.6,9.181581e7,6.800711e7,1189.1,1.144306e7,4.304e-13,4.948743e6,5.971773e6,1.769e-14,5.271e-14,1.945299e4,2.349877e4,2.330402e4,3.168406e4,6.766461e3,7.315126e3,1418,473,4,6.548259e6,1.31946,0.28452,0.9794,0.5196,3.830,0.28969,1.4129e-3,164425,7.678300e4,1.006988e4,111.9,8.029458e3,4.577760e4,5.897036e1,17,176821,5683,380,5.525786e-2,1.849288e5,2.361e-14,3.194,-7.421152e6,8.763e-14
3635280,306,17.492,1452.8,50.7,9.369725e7,6.856541e7,1282.4,1.158785e7,3.901e-13,4.962006e6,5.988384e6,2.158e-14,6.128e-14,1.971111e4,2.382284e4,2.749445e4,3.736957e4,6.447884e3,7.212416e3,1485,469,4,6.680141e6,1.33000,0.28654,0.9796,0.5206,3.815,0.28750,1.4209e-3,166266,7.830122e4,1.037661e4,114.7,7.921051e3,4.649195e4,6.099380e2,112,176553,5438,414,5.589010e-2,1.852154e5,1.524e-14,3.135,-8.630898e6,9.387e-14
3647160,307,16.908,1605.3,49.7,1.064567e8,7.603832e7,1431.5,1.145512e7,4.288e-13,4.975240e6,6.004178e6,7.619e-14,1.024e-14,1.916989e4,2.317790e4,2.598799e4,3.737712e4,5.936399e3,7.383590e3,1621,482,4,6.840060e6,1.33119,0.28626,0.9792,0.5215,3.831,0.28967,1.4906e-3,164873,7.910064e4,1.032329e4,118.0,8.484485e3,4.583694e4,9.321787e2,164,176906,6058,424,5.677487e-2,1.859478e5,7.904e-14,3.176,-6.976598e6,8.439e-14
3659040,308,18.031,2082.9,53.5,8.182418e7,5.501538e7,1902.7,1.251039e7,2.568e-13,4.988696e6,6.020054e6,1.699e-14,2.568e-14,2.035299e4,2.458819e4,3.221550e4,4.458126e4,6.897028e3,8.712757e3,2036,520,4,7.212321e6,1.33336,0.28672,0.9792,0.5226,3.832,0.28692,1.4264e-3,165963,7.836322e4,1.058925e4,112.5,8.017542e3,4.744830e4,9.442840e1,14,176831,6150,414,5.729146e-2,1.853535e5,1.586e-14,3.172,-2.412670e7,1.027e-13
3670920,309,17.741,1979.8,51.4,9.640343e7,6.547688e7,1815.5,1.196921e7,3.427e-13,5.001779e6,6.034685e6,1.693e-13,1.073e-13,1.998443e4,2.413720e4,3.047374e4,4.418788e4,6.901221e3,9.505683e3,1950,521,4,7.094620e6,1.33812,0.28789,0.9796,0.5239,3.842,0.28752,1.4663e-3,164757,7.897643e4,1.072793e4,117.4,7.994515e3,4.682035e4,2.019796e2,138,176769,6263,395,5.716715e-2,1.861413e5,2.033e-15,3.169,-1.612434e7,1.105e-13
3682800,310,17.026,2174.3,51.2,1.074209e8,7.143531e7,1999.6,1.196276e7,2.485e-13,5.014365e6,6.049355e6,9.918e-14,8.591e-14,1.945395e4,2.353010e4,3.325975e4,4.649137e4,6.867421e3,8.860570e3,2096,525,4,7.262302e6,1.33599,0.28842,0.9792,0.5251,3.868,0.29340,1.4922e-3,167188,8.152066e4,1.064548e4,117.1,8.657606e3,4.686720e4,1.258715e2,32,177163,6192,578,5.756544e-2,1.878839e5,1.812e-14,3.115,-1.642824e7,1.014e-13
