step,measure,value,count
50000,hamming,0,446
50000,hamming,1,956
50000,hamming,2,1260
50000,hamming,3,1467
50000,hamming,4,1654
50000,hamming,5,1637
50000,hamming,6,1911
50000,hamming,7,1982
50000,hamming,8,2007
50000,hamming,9,2174
50000,hamming,10,2152
50000,hamming,11,2198
50000,hamming,12,2350
50000,hamming,13,2408
50000,hamming,14,2688
50000,hamming,15,2884
50000,hamming,16,2868
50000,hamming,17,3102
50000,hamming,18,3251
50000,hamming,19,3354
50000,hamming,20,3458
50000,hamming,21,3437
50000,hamming,22,3502
50000,hamming,23,3561
50000,hamming,24,3695
50000,hamming,25,3512
50000,hamming,26,3585
50000,hamming,27,3530
50000,hamming,28,3492
50000,hamming,29,3407
50000,hamming,30,3256
50000,hamming,31,3358
50000,hamming,32,3298
50000,hamming,33,3221
50000,hamming,34,3240
50000,hamming,35,3281
50000,hamming,36,3343
50000,hamming,37,3525
50000,hamming,38,3664
50000,hamming,39,3743
50000,hamming,40,3817
50000,hamming,41,3963
50000,hamming,42,4177
50000,hamming,43,4239
50000,hamming,44,4365
50000,hamming,45,4330
50000,hamming,46,4412
50000,hamming,47,4279
50000,hamming,48,4223
50000,hamming,49,4036
50000,hamming,50,4065
50000,hamming,51,4058
50000,hamming,52,4121
50000,hamming,53,3912
50000,hamming,54,3726
50000,hamming,55,4163
50000,hamming,56,4168
50000,hamming,57,4546
50000,hamming,58,4668
50000,hamming,59,4787
50000,hamming,60,5049
50000,hamming,61,5467
50000,hamming,62,5803
50000,hamming,63,6165
50000,hamming,64,6713
50000,hamming,65,7329
50000,hamming,66,8125
50000,hamming,67,8685
50000,hamming,68,9505
50000,hamming,69,10314
50000,hamming,70,10755
50000,hamming,71,11496
50000,hamming,72,12019
50000,hamming,73,12886
50000,hamming,74,13852
50000,hamming,75,14586
50000,hamming,76,15841
50000,hamming,77,17254
50000,hamming,78,18553
50000,hamming,79,20222
50000,hamming,80,22011
50000,hamming,81,23516
50000,hamming,82,25071
50000,hamming,83,27134
50000,hamming,84,28601
50000,hamming,85,30260
50000,hamming,86,32014
50000,hamming,87,34419
50000,hamming,88,37604
50000,hamming,89,39936
50000,hamming,90,43822
50000,hamming,91,47544
50000,hamming,92,50516
50000,hamming,93,55077
50000,hamming,94,59360
50000,hamming,95,62681
50000,hamming,96,66377
50000,hamming,97,70441
50000,hamming,98,74516
50000,hamming,99,77946
50000,hamming,100,81958
50000,hamming,101,85284
50000,hamming,102,88373
50000,hamming,103,92061
50000,hamming,104,95422
50000,hamming,105,98184
50000,hamming,106,100695
50000,hamming,107,102762
50000,hamming,108,104221
50000,hamming,109,106476
50000,hamming,110,107761
50000,hamming,111,109776
50000,hamming,112,109600
50000,hamming,113,108860
50000,hamming,114,108308
50000,hamming,115,106397
50000,hamming,116,104738
50000,hamming,117,102515
50000,hamming,118,99993
50000,hamming,119,97589
50000,hamming,120,95375
50000,hamming,121,92089
50000,hamming,122,88056
50000,hamming,123,83529
50000,hamming,124,79008
50000,hamming,125,73951
50000,hamming,126,69169
50000,hamming,127,63644
50000,hamming,128,58326
50000,hamming,129,53359
50000,hamming,130,49131
50000,hamming,131,44316
50000,hamming,132,40883
50000,hamming,133,36705
50000,hamming,134,33676
50000,hamming,135,31043
50000,hamming,136,28480
50000,hamming,137,26419
50000,hamming,138,24766
50000,hamming,139,23136
50000,hamming,140,22287
50000,hamming,141,21874
50000,hamming,142,21588
50000,hamming,143,20990
50000,hamming,144,20358
50000,hamming,145,19093
50000,hamming,146,17784
50000,hamming,147,16059
50000,hamming,148,14525
50000,hamming,149,13090
50000,hamming,150,11309
50000,hamming,151,10031
50000,hamming,152,8935
50000,hamming,153,8138
50000,hamming,154,7416
50000,hamming,155,6418
50000,hamming,156,5813
50000,hamming,157,5152
50000,hamming,158,4351
50000,hamming,159,3609
50000,hamming,160,3009
50000,hamming,161,2443
50000,hamming,162,1762
50000,hamming,163,1374
50000,hamming,164,1058
50000,hamming,165,811
50000,hamming,166,598
50000,hamming,167,466
50000,hamming,168,419
50000,hamming,169,378
50000,hamming,170,376
50000,hamming,171,430
50000,hamming,172,414
50000,hamming,173,437
50000,hamming,174,442
50000,hamming,175,425
50000,hamming,176,461
50000,hamming,177,469
50000,hamming,178,485
50000,hamming,179,468
50000,hamming,180,480
50000,hamming,181,406
50000,hamming,182,405
50000,hamming,183,343
50000,hamming,184,310
50000,hamming,185,286
50000,hamming,186,238
50000,hamming,187,233
50000,hamming,188,208
50000,hamming,189,220
50000,hamming,190,237
50000,hamming,191,219
50000,hamming,192,187
50000,hamming,193,230
50000,hamming,194,243
50000,hamming,195,265
50000,hamming,196,282
50000,hamming,197,351
50000,hamming,198,405
50000,hamming,199,416
50000,hamming,200,462
50000,hamming,201,358
50000,hamming,202,379
50000,hamming,203,371
50000,hamming,204,338
50000,hamming,205,397
50000,hamming,206,298
50000,hamming,207,342
50000,hamming,208,357
50000,hamming,209,400
50000,hamming,210,431
50000,hamming,211,420
50000,hamming,212,516
50000,hamming,213,562
50000,hamming,214,533
50000,hamming,215,459
50000,hamming,216,443
50000,hamming,217,442
50000,hamming,218,429
50000,hamming,219,458
50000,hamming,220,388
50000,hamming,221,374
50000,hamming,222,341
50000,hamming,223,346
50000,hamming,224,329
50000,hamming,225,359
50000,hamming,226,373
50000,hamming,227,328
50000,hamming,228,398
50000,hamming,229,370
50000,hamming,230,349
50000,hamming,231,327
50000,hamming,232,354
50000,hamming,233,378
50000,hamming,234,344
50000,hamming,235,320
50000,hamming,236,319
50000,hamming,237,334
50000,hamming,238,339
50000,hamming,239,303
50000,hamming,240,359
50000,hamming,241,417
50000,hamming,242,453
50000,hamming,243,454
50000,hamming,244,515
50000,hamming,245,588
50000,hamming,246,659
50000,hamming,247,648
50000,hamming,248,657
50000,hamming,249,704
50000,hamming,250,719
50000,hamming,251,730
50000,hamming,252,718
50000,hamming,253,816
50000,hamming,254,811
50000,hamming,255,771
50000,hamming,256,749
50000,hamming,257,854
50000,hamming,258,933
50000,hamming,259,1056
50000,hamming,260,963
50000,hamming,261,960
50000,hamming,262,1049
50000,hamming,263,1067
50000,hamming,264,1070
50000,hamming,265,1164
50000,hamming,266,1227
50000,hamming,267,1305
50000,hamming,268,1375
50000,hamming,269,1481
50000,hamming,270,1551
50000,hamming,271,1580
50000,hamming,272,1695
50000,hamming,273,1774
50000,hamming,274,1913
50000,hamming,275,2044
50000,hamming,276,2196
50000,hamming,277,2114
50000,hamming,278,2324
50000,hamming,279,2494
50000,hamming,280,2578
50000,hamming,281,2777
50000,hamming,282,2983
50000,hamming,283,3086
50000,hamming,284,3199
50000,hamming,285,3487
50000,hamming,286,3619
50000,hamming,287,3756
50000,hamming,288,3869
50000,hamming,289,3987
50000,hamming,290,4236
50000,hamming,291,4299
50000,hamming,292,4261
50000,hamming,293,4531
50000,hamming,294,4734
50000,hamming,295,4741
50000,hamming,296,4920
50000,hamming,297,4892
50000,hamming,298,4891
50000,hamming,299,5008
50000,hamming,300,5369
50000,hamming,301,5510
50000,hamming,302,5761
50000,hamming,303,6113
50000,hamming,304,6398
50000,hamming,305,6581
50000,hamming,306,6766
50000,hamming,307,7014
50000,hamming,308,7278
50000,hamming,309,7565
50000,hamming,310,8371
50000,hamming,311,8771
50000,hamming,312,9549
50000,hamming,313,10290
50000,hamming,314,10738
50000,hamming,315,11075
50000,hamming,316,11856
50000,hamming,317,12047
50000,hamming,318,13138
50000,hamming,319,14342
50000,hamming,320,16101
50000,hamming,321,18310
50000,hamming,322,20744
50000,hamming,323,24835
50000,hamming,324,27918
50000,hamming,325,32878
50000,hamming,326,37577
50000,hamming,327,42100
50000,hamming,328,47070
50000,hamming,329,53160
50000,hamming,330,60442
50000,hamming,331,67573
50000,hamming,332,75332
50000,hamming,333,83589
50000,hamming,334,91650
50000,hamming,335,102168
50000,hamming,336,109509
50000,hamming,337,115477
50000,hamming,338,122968
50000,hamming,339,128169
50000,hamming,340,130967
50000,hamming,341,134143
50000,hamming,342,136920
50000,hamming,343,137934
50000,hamming,344,138995
50000,hamming,345,136604
50000,hamming,346,131815
50000,hamming,347,125702
50000,hamming,348,117485
50000,hamming,349,108798
50000,hamming,350,98698
50000,hamming,351,89371
50000,hamming,352,77077
50000,hamming,353,65623
50000,hamming,354,54163
50000,hamming,355,43428
50000,hamming,356,33676
50000,hamming,357,25117
50000,hamming,358,18673
50000,hamming,359,13813
50000,hamming,360,9445
50000,hamming,361,6769
50000,hamming,362,4652
50000,hamming,363,3050
50000,hamming,364,2015
50000,hamming,365,1433
50000,hamming,366,1025
50000,hamming,367,786
50000,hamming,368,514
50000,hamming,369,312
50000,hamming,370,196
50000,hamming,371,106
50000,hamming,372,84
50000,hamming,373,59
50000,hamming,374,38
50000,hamming,375,23
50000,hamming,376,13
50000,hamming,377,9
50000,hamming,378,3
50000,hamming,379,2
50000,hamming,380,1
50000,hamming,382,3
50000,genes,0,23954
50000,genes,1,10029
50000,genes,2,47550
50000,genes,3,36407
50000,genes,4,78515
50000,genes,5,71220
50000,genes,6,85179
50000,genes,7,76693
50000,genes,8,88434
50000,genes,9,117156
50000,genes,10,132249
50000,genes,11,185298
50000,genes,12,197437
50000,genes,13,243655
50000,genes,14,255786
50000,genes,15,266268
50000,genes,16,276104
50000,genes,17,287870
50000,genes,18,305894
50000,genes,19,301185
50000,genes,20,279405
50000,genes,21,269907
50000,genes,22,238604
50000,genes,23,213026
50000,genes,24,182729
50000,genes,25,171027
50000,genes,26,145154
50000,genes,27,126259
50000,genes,28,105083
50000,genes,29,91354
50000,genes,30,73396
50000,genes,31,61628
50000,genes,32,53791
50000,genes,33,58184
50000,genes,34,88360
50000,genes,35,208557
50000,genes,36,453915
50000,genes,37,603937
50000,genes,38,628501
50000,genes,39,449773
50000,genes,40,256896
50000,genes,41,188940
50000,genes,42,92561
50000,genes,43,22176
50000,genes,44,4052
50000,genes,45,496
50000,genes,46,86
50000,genes,47,34
50000,genes,48,15
50000,genes,49,8
50000,genes,50,1
50000,genes,51,1
50000,genes,52,2
50000,body,0,51077
50000,body,1,71990
50000,body,2,127146
50000,body,3,200547
50000,body,4,231410
50000,body,5,277985
50000,body,6,313156
50000,body,7,380471
50000,body,8,421464
50000,body,9,435221
50000,body,10,432376
50000,body,11,397505
50000,body,12,354132
50000,body,13,314478
50000,body,14,299991
50000,body,15,277543
50000,body,16,256773
50000,body,17,238517
50000,body,18,226651
50000,body,19,215763
50000,body,20,195255
50000,body,21,196030
50000,body,22,182334
50000,body,23,176683
50000,body,24,169158
50000,body,25,159358
50000,body,26,148187
50000,body,27,138713
50000,body,28,126805
50000,body,29,121870
50000,body,30,112498
50000,body,31,101277
50000,body,32,89565
50000,body,33,86857
50000,body,34,70884
50000,body,35,58874
50000,body,36,55801
50000,body,37,46670
50000,body,38,42466
50000,body,39,36822
50000,body,40,29358
50000,body,41,27488
50000,body,42,24753
50000,body,43,20217
50000,body,44,17116
50000,body,45,15267
50000,body,46,13932
50000,body,47,11426
50000,body,48,9234
50000,body,49,7906
50000,body,50,7147
50000,body,51,7359
50000,body,52,6656
50000,body,53,5922
50000,body,54,4992
50000,body,55,6142
50000,body,56,4604
50000,body,57,6178
50000,body,58,5013
50000,body,59,5214
50000,body,60,4763
50000,body,61,4428
50000,body,62,4634
50000,body,63,3978
50000,body,64,4661
50000,body,65,4072
50000,body,66,4144
50000,body,67,3994
50000,body,68,3188
50000,body,69,3477
50000,body,70,3052
50000,body,71,2754
50000,body,72,2793
50000,body,73,2284
50000,body,74,2134
50000,body,75,2527
50000,body,76,2593
50000,body,77,1902
50000,body,78,1633
50000,body,79,1441
50000,body,80,1280
50000,body,81,1367
50000,body,82,978
50000,body,83,1283
50000,body,84,993
50000,body,85,633
50000,body,86,1050
50000,body,87,734
50000,body,88,494
50000,body,89,456
50000,body,90,403
50000,body,91,360
50000,body,92,181
50000,body,93,130
50000,body,94,102
50000,body,95,160
50000,body,96,112
50000,body,97,73
50000,body,98,125
50000,body,99,130
50000,body,100,240
50000,body,101,181
50000,body,102,459
50000,body,103,254
50000,body,104,177
50000,body,105,238
50000,body,106,168
50000,body,107,245
50000,body,108,232
50000,body,109,142
50000,body,110,151
50000,body,111,123
50000,body,112,119
50000,body,113,46
50000,body,114,41
50000,body,115,56
50000,body,116,52
50000,body,117,17
50000,body,118,15
50000,body,119,7
50000,body,120,11
50000,body,121,19
50000,body,122,3
50000,body,123,6
50000,body,124,4
50000,body,125,4
50000,body,126,2
50000,body,127,3
50000,body,134,1
50000,body,136,1
50000,body,148,1
100000,hamming,0,222
100000,hamming,1,422
100000,hamming,2,539
100000,hamming,3,602
100000,hamming,4,615
100000,hamming,5,566
100000,hamming,6,553
100000,hamming,7,548
100000,hamming,8,506
100000,hamming,9,505
100000,hamming,10,578
100000,hamming,11,500
100000,hamming,12,526
100000,hamming,13,488
100000,hamming,14,511
100000,hamming,15,471
100000,hamming,16,431
100000,hamming,17,422
100000,hamming,18,405
100000,hamming,19,394
100000,hamming,20,459
100000,hamming,21,460
100000,hamming,22,518
100000,hamming,23,551
100000,hamming,24,567
100000,hamming,25,633
100000,hamming,26,632
100000,hamming,27,683
100000,hamming,28,721
100000,hamming,29,682
100000,hamming,30,742
100000,hamming,31,747
100000,hamming,32,758
100000,hamming,33,743
100000,hamming,34,848
100000,hamming,35,914
100000,hamming,36,920
100000,hamming,37,1000
100000,hamming,38,1126
100000,hamming,39,1131
100000,hamming,40,1225
100000,hamming,41,1309
100000,hamming,42,1371
100000,hamming,43,1435
100000,hamming,44,1510
100000,hamming,45,1597
100000,hamming,46,1635
100000,hamming,47,1714
100000,hamming,48,1763
100000,hamming,49,1945
100000,hamming,50,2017
100000,hamming,51,1986
100000,hamming,52,2161
100000,hamming,53,2210
100000,hamming,54,2379
100000,hamming,55,2599
100000,hamming,56,2767
100000,hamming,57,2971
100000,hamming,58,2966
100000,hamming,59,3306
100000,hamming,60,3528
100000,hamming,61,3854
100000,hamming,62,4108
100000,hamming,63,4374
100000,hamming,64,4564
100000,hamming,65,4895
100000,hamming,66,5080
100000,hamming,67,5393
100000,hamming,68,5756
100000,hamming,69,6083
100000,hamming,70,6273
100000,hamming,71,6325
100000,hamming,72,6710
100000,hamming,73,6913
100000,hamming,74,7075
100000,hamming,75,7293
100000,hamming,76,8007
100000,hamming,77,7985
100000,hamming,78,8546
100000,hamming,79,8846
100000,hamming,80,9164
100000,hamming,81,9356
100000,hamming,82,9861
100000,hamming,83,10314
100000,hamming,84,10600
100000,hamming,85,10789
100000,hamming,86,11254
100000,hamming,87,11856
100000,hamming,88,12100
100000,hamming,89,12571
100000,hamming,90,13073
100000,hamming,91,13558
100000,hamming,92,13692
100000,hamming,93,14023
100000,hamming,94,14419
100000,hamming,95,14641
100000,hamming,96,14952
100000,hamming,97,15139
100000,hamming,98,15055
100000,hamming,99,15470
100000,hamming,100,15989
100000,hamming,101,16485
100000,hamming,102,17014
100000,hamming,103,17710
100000,hamming,104,17946
100000,hamming,105,18302
100000,hamming,106,18736
100000,hamming,107,19094
100000,hamming,108,19291
100000,hamming,109,19915
100000,hamming,110,20413
100000,hamming,111,21250
100000,hamming,112,21680
100000,hamming,113,22029
100000,hamming,114,22769
100000,hamming,115,23256
100000,hamming,116,23635
100000,hamming,117,23831
100000,hamming,118,24361
100000,hamming,119,25314
100000,hamming,120,25923
100000,hamming,121,26569
100000,hamming,122,27573
100000,hamming,123,27779
100000,hamming,124,27547
100000,hamming,125,27652
100000,hamming,126,27669
100000,hamming,127,27552
100000,hamming,128,27409
100000,hamming,129,26570
100000,hamming,130,25613
100000,hamming,131,24578
100000,hamming,132,23427
100000,hamming,133,22430
100000,hamming,134,20780
100000,hamming,135,19086
100000,hamming,136,17858
100000,hamming,137,16440
100000,hamming,138,15219
100000,hamming,139,14070
100000,hamming,140,12400
100000,hamming,141,10847
100000,hamming,142,9735
100000,hamming,143,8586
100000,hamming,144,7593
100000,hamming,145,6588
100000,hamming,146,5885
100000,hamming,147,4871
100000,hamming,148,4190
100000,hamming,149,3462
100000,hamming,150,2822
100000,hamming,151,2339
100000,hamming,152,1875
100000,hamming,153,1683
100000,hamming,154,1313
100000,hamming,155,1092
100000,hamming,156,886
100000,hamming,157,822
100000,hamming,158,687
100000,hamming,159,662
100000,hamming,160,537
100000,hamming,161,560
100000,hamming,162,561
100000,hamming,163,545
100000,hamming,164,508
100000,hamming,165,481
100000,hamming,166,436
100000,hamming,167,422
100000,hamming,168,413
100000,hamming,169,454
100000,hamming,170,433
100000,hamming,171,441
100000,hamming,172,429
100000,hamming,173,402
100000,hamming,174,406
100000,hamming,175,359
100000,hamming,176,363
100000,hamming,177,356
100000,hamming,178,438
100000,hamming,179,440
100000,hamming,180,498
100000,hamming,181,546
100000,hamming,182,615
100000,hamming,183,643
100000,hamming,184,676
100000,hamming,185,734
100000,hamming,186,752
100000,hamming,187,728
100000,hamming,188,747
100000,hamming,189,825
100000,hamming,190,859
100000,hamming,191,896
100000,hamming,192,956
100000,hamming,193,933
100000,hamming,194,1063
100000,hamming,195,1083
100000,hamming,196,1083
100000,hamming,197,1177
100000,hamming,198,1058
100000,hamming,199,1072
100000,hamming,200,1156
100000,hamming,201,1091
100000,hamming,202,1114
100000,hamming,203,1144
100000,hamming,204,1221
100000,hamming,205,1393
100000,hamming,206,1342
100000,hamming,207,1325
100000,hamming,208,1427
100000,hamming,209,1469
100000,hamming,210,1512
100000,hamming,211,1488
100000,hamming,212,1599
100000,hamming,213,1689
100000,hamming,214,1659
100000,hamming,215,1724
100000,hamming,216,1861
100000,hamming,217,1946
100000,hamming,218,2040
100000,hamming,219,2019
100000,hamming,220,2022
100000,hamming,221,2133
100000,hamming,222,2264
100000,hamming,223,2292
100000,hamming,224,2390
100000,hamming,225,2578
100000,hamming,226,2835
100000,hamming,227,2846
100000,hamming,228,3089
100000,hamming,229,3282
100000,hamming,230,3516
100000,hamming,231,3844
100000,hamming,232,3903
100000,hamming,233,4106
100000,hamming,234,4169
100000,hamming,235,4482
100000,hamming,236,4477
100000,hamming,237,4756
100000,hamming,238,5237
100000,hamming,239,5506
100000,hamming,240,5711
100000,hamming,241,5868
100000,hamming,242,5959
100000,hamming,243,6133
100000,hamming,244,6288
100000,hamming,245,6934
100000,hamming,246,7095
100000,hamming,247,7342
100000,hamming,248,7588
100000,hamming,249,7756
100000,hamming,250,8095
100000,hamming,251,8122
100000,hamming,252,8391
100000,hamming,253,8850
100000,hamming,254,9066
100000,hamming,255,9609
100000,hamming,256,9877
100000,hamming,257,10304
100000,hamming,258,10597
100000,hamming,259,10602
100000,hamming,260,10666
100000,hamming,261,11056
100000,hamming,262,10834
100000,hamming,263,11171
100000,hamming,264,11564
100000,hamming,265,11617
100000,hamming,266,11404
100000,hamming,267,11566
100000,hamming,268,11153
100000,hamming,269,11197
100000,hamming,270,11159
100000,hamming,271,10787
100000,hamming,272,10862
100000,hamming,273,10086
100000,hamming,274,9790
100000,hamming,275,9638
100000,hamming,276,9248
100000,hamming,277,9132
100000,hamming,278,9024
100000,hamming,279,8486
100000,hamming,280,8206
100000,hamming,281,7805
100000,hamming,282,7558
100000,hamming,283,7276
100000,hamming,284,6980
100000,hamming,285,6501
100000,hamming,286,5979
100000,hamming,287,5408
100000,hamming,288,4858
100000,hamming,289,4408
100000,hamming,290,3663
100000,hamming,291,3061
100000,hamming,292,2410
100000,hamming,293,1900
100000,hamming,294,1591
100000,hamming,295,1368
100000,hamming,296,1013
100000,hamming,297,777
100000,hamming,298,577
100000,hamming,299,401
100000,hamming,300,348
100000,hamming,301,260
100000,hamming,302,216
100000,hamming,303,176
100000,hamming,304,129
100000,hamming,305,105
100000,hamming,306,81
100000,hamming,307,73
100000,hamming,308,69
100000,hamming,309,50
100000,hamming,310,57
100000,hamming,311,48
100000,hamming,312,26
100000,hamming,313,14
100000,hamming,314,13
100000,hamming,315,10
100000,hamming,316,8
100000,hamming,317,6
100000,hamming,318,2
100000,hamming,319,1
100000,hamming,326,3
100000,hamming,327,2
100000,hamming,328,7
100000,hamming,329,10
100000,hamming,330,20
100000,hamming,331,33
100000,hamming,332,47
100000,hamming,333,84
100000,hamming,334,145
100000,hamming,335,185
100000,hamming,336,237
100000,hamming,337,405
100000,hamming,338,666
100000,hamming,339,1075
100000,hamming,340,1595
100000,hamming,341,2587
100000,hamming,342,3551
100000,hamming,343,5232
100000,hamming,344,6622
100000,hamming,345,9113
100000,hamming,346,12475
100000,hamming,347,15755
100000,hamming,348,19320
100000,hamming,349,23084
100000,hamming,350,26482
100000,hamming,351,30487
100000,hamming,352,34675
100000,hamming,353,38683
100000,hamming,354,43566
100000,hamming,355,48714
100000,hamming,356,53488
100000,hamming,357,58242
100000,hamming,358,64184
100000,hamming,359,67963
100000,hamming,360,70845
100000,hamming,361,73934
100000,hamming,362,75866
100000,hamming,363,77547
100000,hamming,364,77779
100000,hamming,365,78200
100000,hamming,366,76576
100000,hamming,367,73997
100000,hamming,368,70990
100000,hamming,369,68643
100000,hamming,370,63172
100000,hamming,371,58232
100000,hamming,372,54278
100000,hamming,373,49869
100000,hamming,374,44973
100000,hamming,375,40227
100000,hamming,376,34986
100000,hamming,377,30794
100000,hamming,378,27112
100000,hamming,379,23504
100000,hamming,380,20586
100000,hamming,381,16749
100000,hamming,382,13548
100000,hamming,383,10959
100000,hamming,384,9059
100000,hamming,385,7145
100000,hamming,386,5375
100000,hamming,387,4023
100000,hamming,388,2906
100000,hamming,389,1933
100000,hamming,390,1273
100000,hamming,391,788
100000,hamming,392,538
100000,hamming,393,358
100000,hamming,394,215
100000,hamming,395,111
100000,hamming,396,82
100000,hamming,397,28
100000,hamming,398,16
100000,hamming,399,5
100000,hamming,400,2
100000,genes,0,33273
100000,genes,1,19325
100000,genes,2,104163
100000,genes,3,84281
100000,genes,4,200613
100000,genes,5,148493
100000,genes,6,251880
100000,genes,7,171656
100000,genes,8,220003
100000,genes,9,137441
100000,genes,10,147181
100000,genes,11,103127
100000,genes,12,87786
100000,genes,13,69613
100000,genes,14,54952
100000,genes,15,44529
100000,genes,16,30153
100000,genes,17,23550
100000,genes,18,17799
100000,genes,19,11716
100000,genes,20,9042
100000,genes,21,5840
100000,genes,22,4658
100000,genes,23,2456
100000,genes,24,1965
100000,genes,25,967
100000,genes,26,708
100000,genes,27,358
100000,genes,28,227
100000,genes,29,140
100000,genes,30,140
100000,genes,31,751
100000,genes,32,5462
100000,genes,33,26405
100000,genes,34,101457
100000,genes,35,298740
100000,genes,36,796241
100000,genes,37,451197
100000,genes,38,129444
100000,genes,39,22284
100000,genes,40,3576
100000,genes,41,374
100000,genes,42,27
100000,genes,43,2
100000,body,0,64414
100000,body,1,51322
100000,body,2,40454
100000,body,3,44171
100000,body,4,105489
100000,body,5,96753
100000,body,6,89434
100000,body,7,94340
100000,body,8,105101
100000,body,9,109307
100000,body,10,113323
100000,body,11,105972
100000,body,12,100325
100000,body,13,98760
100000,body,14,96657
100000,body,15,94079
100000,body,16,85971
100000,body,17,80106
100000,body,18,76496
100000,body,19,79338
100000,body,20,80080
100000,body,21,74883
100000,body,22,73660
100000,body,23,82434
100000,body,24,79857
100000,body,25,78834
100000,body,26,84367
100000,body,27,87138
100000,body,28,85435
100000,body,29,84543
100000,body,30,90735
100000,body,31,98528
100000,body,32,95587
100000,body,33,92774
100000,body,34,103390
100000,body,35,93795
100000,body,36,76013
100000,body,37,66406
100000,body,38,73074
100000,body,39,53564
100000,body,40,55024
100000,body,41,48690
100000,body,42,35249
100000,body,43,34636
100000,body,44,32229
100000,body,45,22823
100000,body,46,22277
100000,body,47,20212
100000,body,48,16560
100000,body,49,14226
100000,body,50,11977
100000,body,51,11432
100000,body,52,9564
100000,body,53,8995
100000,body,54,7363
100000,body,55,7179
100000,body,56,6568
100000,body,57,6622
100000,body,58,6046
100000,body,59,4655
100000,body,60,4155
100000,body,61,4197
100000,body,62,3217
100000,body,63,3162
100000,body,64,3210
100000,body,65,3013
100000,body,66,3318
100000,body,67,2584
100000,body,68,2545
100000,body,69,2217
100000,body,70,1683
100000,body,71,1849
100000,body,72,1972
100000,body,73,1464
100000,body,74,757
100000,body,75,1013
100000,body,76,1371
100000,body,77,587
100000,body,78,519
100000,body,79,757
100000,body,80,577
100000,body,81,611
100000,body,82,285
100000,body,83,277
100000,body,84,233
100000,body,85,289
100000,body,86,243
100000,body,87,257
100000,body,88,271
100000,body,89,461
100000,body,90,370
100000,body,91,500
100000,body,92,314
100000,body,93,439
100000,body,94,191
100000,body,95,412
100000,body,96,161
100000,body,97,135
100000,body,98,132
100000,body,99,88
100000,body,100,80
100000,body,101,83
100000,body,102,90
100000,body,103,79
100000,body,104,105
100000,body,105,335
100000,body,106,146
100000,body,107,375
100000,body,108,312
100000,body,109,164
100000,body,110,90
100000,body,111,82
100000,body,112,75
100000,body,113,35
100000,body,114,32
100000,body,115,28
100000,body,116,22
100000,body,117,34
100000,body,118,26
100000,body,119,24
100000,body,120,33
100000,body,121,26
100000,body,122,43
100000,body,123,36
100000,body,124,93
100000,body,125,56
100000,body,126,90
100000,body,127,75
100000,body,128,142
100000,body,129,99
100000,body,130,75
100000,body,131,100
100000,body,132,71
100000,body,133,91
100000,body,134,82
100000,body,135,69
100000,body,136,56
100000,body,137,75
100000,body,138,39
100000,body,139,44
100000,body,140,98
100000,body,141,114
100000,body,142,260
100000,body,143,149
100000,body,144,49
100000,body,145,59
100000,body,146,264
100000,body,147,40
100000,body,148,37
100000,body,149,32
100000,body,150,39
100000,body,151,32
100000,body,152,16
100000,body,153,18
100000,body,154,13
100000,body,155,5
100000,body,156,9
100000,body,157,15
100000,body,158,12
100000,body,159,2
100000,body,160,4
100000,body,161,2
100000,body,162,4
100000,body,163,1
100000,body,164,11
100000,body,165,4
100000,body,166,2
100000,body,167,3
100000,body,168,2
100000,body,169,2
100000,body,170,3
100000,body,171,2
100000,body,172,1
100000,body,173,1
100000,body,174,3
100000,body,181,1
100000,body,186,1
100000,body,188,1
150000,hamming,0,291
150000,hamming,1,582
150000,hamming,2,917
150000,hamming,3,991
150000,hamming,4,1105
150000,hamming,5,1114
150000,hamming,6,1135
150000,hamming,7,1102
150000,hamming,8,1116
150000,hamming,9,1135
150000,hamming,10,1148
150000,hamming,11,1038
150000,hamming,12,1091
150000,hamming,13,1074
150000,hamming,14,1100
150000,hamming,15,1058
150000,hamming,16,984
150000,hamming,17,937
150000,hamming,18,887
150000,hamming,19,835
150000,hamming,20,759
150000,hamming,21,790
150000,hamming,22,804
150000,hamming,23,875
150000,hamming,24,893
150000,hamming,25,983
150000,hamming,26,995
150000,hamming,27,1079
150000,hamming,28,1176
150000,hamming,29,1194
150000,hamming,30,1274
150000,hamming,31,1298
150000,hamming,32,1337
150000,hamming,33,1358
150000,hamming,34,1447
150000,hamming,35,1543
150000,hamming,36,1595
150000,hamming,37,1621
150000,hamming,38,1758
150000,hamming,39,1715
150000,hamming,40,1665
150000,hamming,41,1754
150000,hamming,42,1655
150000,hamming,43,1692
150000,hamming,44,1693
150000,hamming,45,1725
150000,hamming,46,1828
150000,hamming,47,1754
150000,hamming,48,1936
150000,hamming,49,1943
150000,hamming,50,2053
150000,hamming,51,2147
150000,hamming,52,2192
150000,hamming,53,2321
150000,hamming,54,2363
150000,hamming,55,2699
150000,hamming,56,2827
150000,hamming,57,3124
150000,hamming,58,3535
150000,hamming,59,3688
150000,hamming,60,4123
150000,hamming,61,4379
150000,hamming,62,4628
150000,hamming,63,4701
150000,hamming,64,5083
150000,hamming,65,5283
150000,hamming,66,5364
150000,hamming,67,5447
150000,hamming,68,5735
150000,hamming,69,5884
150000,hamming,70,5915
150000,hamming,71,5992
150000,hamming,72,6053
150000,hamming,73,6229
150000,hamming,74,6410
150000,hamming,75,6628
150000,hamming,76,6753
150000,hamming,77,6655
150000,hamming,78,6837
150000,hamming,79,6920
150000,hamming,80,7260
150000,hamming,81,7344
150000,hamming,82,7519
150000,hamming,83,7604
150000,hamming,84,7494
150000,hamming,85,7556
150000,hamming,86,7455
150000,hamming,87,7286
150000,hamming,88,7614
150000,hamming,89,7717
150000,hamming,90,7912
150000,hamming,91,8216
150000,hamming,92,8664
150000,hamming,93,9056
150000,hamming,94,9402
150000,hamming,95,9942
150000,hamming,96,10218
150000,hamming,97,10209
150000,hamming,98,10500
150000,hamming,99,10618
150000,hamming,100,10897
150000,hamming,101,11118
150000,hamming,102,11263
150000,hamming,103,11797
150000,hamming,104,12013
150000,hamming,105,13077
150000,hamming,106,13835
150000,hamming,107,14883
150000,hamming,108,16045
150000,hamming,109,16662
150000,hamming,110,18089
150000,hamming,111,19193
150000,hamming,112,20535
150000,hamming,113,22023
150000,hamming,114,23736
150000,hamming,115,24976
150000,hamming,116,26360
150000,hamming,117,28133
150000,hamming,118,29654
150000,hamming,119,31053
150000,hamming,120,32891
150000,hamming,121,34857
150000,hamming,122,35999
150000,hamming,123,37254
150000,hamming,124,38877
150000,hamming,125,40961
150000,hamming,126,42674
150000,hamming,127,45139
150000,hamming,128,47292
150000,hamming,129,48900
150000,hamming,130,51043
150000,hamming,131,53001
150000,hamming,132,54724
150000,hamming,133,57448
150000,hamming,134,59721
150000,hamming,135,61759
150000,hamming,136,62931
150000,hamming,137,64648
150000,hamming,138,65491
150000,hamming,139,67805
150000,hamming,140,69572
150000,hamming,141,71287
150000,hamming,142,72975
150000,hamming,143,73289
150000,hamming,144,74019
150000,hamming,145,74750
150000,hamming,146,75650
150000,hamming,147,76614
150000,hamming,148,77931
150000,hamming,149,78668
150000,hamming,150,78135
150000,hamming,151,78180
150000,hamming,152,77604
150000,hamming,153,78039
150000,hamming,154,77779
150000,hamming,155,77605
150000,hamming,156,77449
150000,hamming,157,76806
150000,hamming,158,75223
150000,hamming,159,73214
150000,hamming,160,71278
150000,hamming,161,69558
150000,hamming,162,67821
150000,hamming,163,66023
150000,hamming,164,63458
150000,hamming,165,60814
150000,hamming,166,58795
150000,hamming,167,56283
150000,hamming,168,54051
150000,hamming,169,50681
150000,hamming,170,48914
150000,hamming,171,45921
150000,hamming,172,44244
150000,hamming,173,41009
150000,hamming,174,38523
150000,hamming,175,36035
150000,hamming,176,33728
150000,hamming,177,31448
150000,hamming,178,29292
150000,hamming,179,26893
150000,hamming,180,24557
150000,hamming,181,22512
150000,hamming,182,20531
150000,hamming,183,18417
150000,hamming,184,16732
150000,hamming,185,15240
150000,hamming,186,13791
150000,hamming,187,12466
150000,hamming,188,11471
150000,hamming,189,10232
150000,hamming,190,9164
150000,hamming,191,7910
150000,hamming,192,7351
150000,hamming,193,6369
150000,hamming,194,5583
150000,hamming,195,4872
150000,hamming,196,4354
150000,hamming,197,3874
150000,hamming,198,3281
150000,hamming,199,2846
150000,hamming,200,2708
150000,hamming,201,2394
150000,hamming,202,2250
150000,hamming,203,2060
150000,hamming,204,1938
150000,hamming,205,1884
150000,hamming,206,1591
150000,hamming,207,1515
150000,hamming,208,1364
150000,hamming,209,1222
150000,hamming,210,1064
150000,hamming,211,975
150000,hamming,212,947
150000,hamming,213,864
150000,hamming,214,906
150000,hamming,215,893
150000,hamming,216,980
150000,hamming,217,1039
150000,hamming,218,935
150000,hamming,219,979
150000,hamming,220,895
150000,hamming,221,884
150000,hamming,222,883
150000,hamming,223,709
150000,hamming,224,630
150000,hamming,225,546
150000,hamming,226,570
150000,hamming,227,548
150000,hamming,228,524
150000,hamming,229,495
150000,hamming,230,540
150000,hamming,231,499
150000,hamming,232,482
150000,hamming,233,443
150000,hamming,234,387
150000,hamming,235,360
150000,hamming,236,357
150000,hamming,237,317
150000,hamming,238,371
150000,hamming,239,390
150000,hamming,240,381
150000,hamming,241,436
150000,hamming,242,433
150000,hamming,243,513
150000,hamming,244,470
150000,hamming,245,523
150000,hamming,246,517
150000,hamming,247,539
150000,hamming,248,560
150000,hamming,249,505
150000,hamming,250,569
150000,hamming,251,442
150000,hamming,252,473
150000,hamming,253,453
150000,hamming,254,493
150000,hamming,255,489
150000,hamming,256,421
150000,hamming,257,437
150000,hamming,258,476
150000,hamming,259,505
150000,hamming,260,523
150000,hamming,261,543
150000,hamming,262,564
150000,hamming,263,573
150000,hamming,264,503
150000,hamming,265,427
150000,hamming,266,456
150000,hamming,267,501
150000,hamming,268,575
150000,hamming,269,639
150000,hamming,270,793
150000,hamming,271,847
150000,hamming,272,975
150000,hamming,273,1069
150000,hamming,274,1114
150000,hamming,275,1235
150000,hamming,276,1327
150000,hamming,277,1410
150000,hamming,278,1405
150000,hamming,279,1455
150000,hamming,280,1317
150000,hamming,281,1280
150000,hamming,282,1166
150000,hamming,283,1076
150000,hamming,284,965
150000,hamming,285,797
150000,hamming,286,771
150000,hamming,287,811
150000,hamming,288,807
150000,hamming,289,879
150000,hamming,290,999
150000,hamming,291,1157
150000,hamming,292,1242
150000,hamming,293,1211
150000,hamming,294,1138
150000,hamming,295,1113
150000,hamming,296,1082
150000,hamming,297,999
150000,hamming,298,889
150000,hamming,299,735
150000,hamming,300,759
150000,hamming,301,786
150000,hamming,302,885
150000,hamming,303,958
150000,hamming,304,975
150000,hamming,305,892
150000,hamming,306,835
150000,hamming,307,795
150000,hamming,308,686
150000,hamming,309,557
150000,hamming,310,534
150000,hamming,311,519
150000,hamming,312,535
150000,hamming,313,488
150000,hamming,314,415
150000,hamming,315,375
150000,hamming,316,369
150000,hamming,317,394
150000,hamming,318,317
150000,hamming,319,203
150000,hamming,320,152
150000,hamming,321,82
150000,hamming,322,43
150000,hamming,323,43
150000,hamming,324,35
150000,hamming,325,33
150000,hamming,326,22
150000,hamming,327,29
150000,hamming,328,46
150000,hamming,329,40
150000,hamming,330,54
150000,hamming,331,77
150000,hamming,332,111
150000,hamming,333,192
150000,hamming,334,260
150000,hamming,335,399
150000,hamming,336,542
150000,hamming,337,699
150000,hamming,338,1053
150000,hamming,339,1338
150000,hamming,340,1762
150000,hamming,341,2240
150000,hamming,342,2644
150000,hamming,343,3140
150000,hamming,344,3671
150000,hamming,345,4170
150000,hamming,346,4780
150000,hamming,347,5682
150000,hamming,348,6728
150000,hamming,349,7766
150000,hamming,350,8478
150000,hamming,351,9560
150000,hamming,352,10899
150000,hamming,353,12072
150000,hamming,354,14105
150000,hamming,355,16032
150000,hamming,356,19205
150000,hamming,357,23004
150000,hamming,358,27722
150000,hamming,359,33003
150000,hamming,360,39342
150000,hamming,361,46762
150000,hamming,362,55412
150000,hamming,363,64739
150000,hamming,364,75494
150000,hamming,365,85873
150000,hamming,366,96384
150000,hamming,367,106572
150000,hamming,368,112855
150000,hamming,369,118705
150000,hamming,370,120744
150000,hamming,371,119946
150000,hamming,372,118145
150000,hamming,373,113077
150000,hamming,374,105075
150000,hamming,375,95749
150000,hamming,376,84797
150000,hamming,377,72687
150000,hamming,378,60774
150000,hamming,379,49635
150000,hamming,380,39048
150000,hamming,381,29389
150000,hamming,382,22358
150000,hamming,383,16784
150000,hamming,384,12471
150000,hamming,385,9280
150000,hamming,386,6538
150000,hamming,387,4468
150000,hamming,388,3137
150000,hamming,389,1986
150000,hamming,390,1325
150000,hamming,391,995
150000,hamming,392,658
150000,hamming,393,399
150000,hamming,394,269
150000,hamming,395,147
150000,hamming,396,110
150000,hamming,397,53
150000,hamming,398,25
150000,hamming,399,14
150000,hamming,400,8
150000,hamming,401,4
150000,hamming,402,4
150000,hamming,403,1
150000,genes,0,32454
150000,genes,1,14913
150000,genes,2,116066
150000,genes,3,52128
150000,genes,4,242455
150000,genes,5,116683
150000,genes,6,311992
150000,genes,7,170377
150000,genes,8,290858
150000,genes,9,226692
150000,genes,10,247651
150000,genes,11,205874
150000,genes,12,213156
150000,genes,13,202488
150000,genes,14,220362
150000,genes,15,226727
150000,genes,16,225303
150000,genes,17,247217
150000,genes,18,217034
150000,genes,19,250179
150000,genes,20,189691
150000,genes,21,178108
150000,genes,22,125388
150000,genes,23,104352
150000,genes,24,71442
150000,genes,25,58397
150000,genes,26,39351
150000,genes,27,31162
150000,genes,28,22930
150000,genes,29,30072
150000,genes,30,55876
150000,genes,31,129125
150000,genes,32,189105
150000,genes,33,168851
150000,genes,34,124136
150000,genes,35,163858
150000,genes,36,517625
150000,genes,37,517953
150000,genes,38,115972
150000,genes,39,28752
150000,genes,40,2890
150000,genes,41,314
150000,genes,42,9
150000,genes,43,2
150000,body,0,36825
150000,body,1,34519
150000,body,2,35116
150000,body,3,49495
150000,body,4,80855
150000,body,5,101699
150000,body,6,137588
150000,body,7,171397
150000,body,8,216761
150000,body,9,253544
150000,body,10,283951
150000,body,11,314623
150000,body,12,341651
150000,body,13,354353
150000,body,14,358466
150000,body,15,349496
150000,body,16,323248
150000,body,17,297219
150000,body,18,263210
150000,body,19,231021
150000,body,20,198638
150000,body,21,180303
150000,body,22,151060
150000,body,23,134783
150000,body,24,131982
150000,body,25,122659
150000,body,26,111453
150000,body,27,107223
150000,body,28,110069
150000,body,29,99158
150000,body,30,93850
150000,body,31,87694
150000,body,32,108819
150000,body,33,82962
150000,body,34,65205
150000,body,35,66126
150000,body,36,57150
150000,body,37,54259
150000,body,38,48800
150000,body,39,48538
150000,body,40,42741
150000,body,41,39491
150000,body,42,35683
150000,body,43,37558
150000,body,44,27148
150000,body,45,19457
150000,body,46,19438
150000,body,47,18879
150000,body,48,14892
150000,body,49,12252
150000,body,50,13100
150000,body,51,11364
150000,body,52,9452
150000,body,53,8703
150000,body,54,7778
150000,body,55,7119
150000,body,56,6468
150000,body,57,6146
150000,body,58,6265
150000,body,59,4866
150000,body,60,4332
150000,body,61,3907
150000,body,62,3134
150000,body,63,3569
150000,body,64,2975
150000,body,65,2756
150000,body,66,2276
150000,body,67,2643
150000,body,68,2240
150000,body,69,1817
150000,body,70,2108
150000,body,71,1582
150000,body,72,1429
150000,body,73,1794
150000,body,74,1286
150000,body,75,998
150000,body,76,1119
150000,body,77,763
150000,body,78,569
150000,body,79,526
150000,body,80,509
150000,body,81,736
150000,body,82,638
150000,body,83,472
150000,body,84,395
150000,body,85,333
150000,body,86,393
150000,body,87,234
150000,body,88,192
150000,body,89,178
150000,body,90,214
150000,body,91,174
150000,body,92,299
150000,body,93,143
150000,body,94,332
150000,body,95,207
150000,body,96,92
150000,body,97,97
150000,body,98,82
150000,body,99,98
150000,body,100,101
150000,body,101,95
150000,body,102,100
150000,body,103,76
150000,body,104,86
150000,body,105,149
150000,body,106,214
150000,body,107,338
150000,body,108,171
150000,body,109,159
150000,body,110,175
150000,body,111,270
150000,body,112,338
150000,body,113,364
150000,body,114,275
150000,body,115,203
150000,body,116,248
150000,body,117,87
150000,body,118,53
150000,body,119,170
150000,body,120,24
150000,body,121,6
150000,body,122,10
150000,body,123,6
150000,body,124,5
150000,body,125,2
150000,body,126,2
150000,body,127,5
150000,body,128,3
150000,body,129,10
150000,body,130,3
150000,body,135,2
150000,body,140,1
150000,body,141,1
150000,body,142,1
150000,body,147,4
150000,body,149,1
150000,body,151,1
150000,body,164,1
150000,body,173,1
200000,hamming,0,226
200000,hamming,1,415
200000,hamming,2,561
200000,hamming,3,648
200000,hamming,4,647
200000,hamming,5,703
200000,hamming,6,606
200000,hamming,7,613
200000,hamming,8,680
200000,hamming,9,672
200000,hamming,10,653
200000,hamming,11,715
200000,hamming,12,639
200000,hamming,13,605
200000,hamming,14,667
200000,hamming,15,609
200000,hamming,16,639
200000,hamming,17,599
200000,hamming,18,630
200000,hamming,19,620
200000,hamming,20,605
200000,hamming,21,619
200000,hamming,22,587
200000,hamming,23,540
200000,hamming,24,558
200000,hamming,25,508
200000,hamming,26,473
200000,hamming,27,502
200000,hamming,28,543
200000,hamming,29,514
200000,hamming,30,526
200000,hamming,31,521
200000,hamming,32,534
200000,hamming,33,528
200000,hamming,34,545
200000,hamming,35,555
200000,hamming,36,543
200000,hamming,37,572
200000,hamming,38,578
200000,hamming,39,608
200000,hamming,40,632
200000,hamming,41,631
200000,hamming,42,701
200000,hamming,43,729
200000,hamming,44,801
200000,hamming,45,845
200000,hamming,46,776
200000,hamming,47,793
200000,hamming,48,799
200000,hamming,49,806
200000,hamming,50,876
200000,hamming,51,863
200000,hamming,52,834
200000,hamming,53,910
200000,hamming,54,960
200000,hamming,55,993
200000,hamming,56,1010
200000,hamming,57,955
200000,hamming,58,1005
200000,hamming,59,1048
200000,hamming,60,1077
200000,hamming,61,1105
200000,hamming,62,1200
200000,hamming,63,1261
200000,hamming,64,1348
200000,hamming,65,1468
200000,hamming,66,1567
200000,hamming,67,1529
200000,hamming,68,1596
200000,hamming,69,1652
200000,hamming,70,1676
200000,hamming,71,1784
200000,hamming,72,1750
200000,hamming,73,1930
200000,hamming,74,1929
200000,hamming,75,2092
200000,hamming,76,2158
200000,hamming,77,2362
200000,hamming,78,2319
200000,hamming,79,2448
200000,hamming,80,2401
200000,hamming,81,2458
200000,hamming,82,2556
200000,hamming,83,2786
200000,hamming,84,2874
200000,hamming,85,3046
200000,hamming,86,3098
200000,hamming,87,3284
200000,hamming,88,3366
200000,hamming,89,3497
200000,hamming,90,3522
200000,hamming,91,3653
200000,hamming,92,3661
200000,hamming,93,3955
200000,hamming,94,4025
200000,hamming,95,4137
200000,hamming,96,4174
200000,hamming,97,4310
200000,hamming,98,4450
200000,hamming,99,4610
200000,hamming,100,4787
200000,hamming,101,5250
200000,hamming,102,5315
200000,hamming,103,5328
200000,hamming,104,5718
200000,hamming,105,5892
200000,hamming,106,6210
200000,hamming,107,6501
200000,hamming,108,6767
200000,hamming,109,7035
200000,hamming,110,7175
200000,hamming,111,7689
200000,hamming,112,7536
200000,hamming,113,7774
200000,hamming,114,7891
200000,hamming,115,8606
200000,hamming,116,9026
200000,hamming,117,9418
200000,hamming,118,9539
200000,hamming,119,10164
200000,hamming,120,10608
200000,hamming,121,11144
200000,hamming,122,11825
200000,hamming,123,12375
200000,hamming,124,12711
200000,hamming,125,13523
200000,hamming,126,13943
200000,hamming,127,14680
200000,hamming,128,15120
200000,hamming,129,15939
200000,hamming,130,15892
200000,hamming,131,16604
200000,hamming,132,16812
200000,hamming,133,17738
200000,hamming,134,18275
200000,hamming,135,18797
200000,hamming,136,19367
200000,hamming,137,19761
200000,hamming,138,20317
200000,hamming,139,20626
200000,hamming,140,21198
200000,hamming,141,21727
200000,hamming,142,22432
200000,hamming,143,22996
200000,hamming,144,23243
200000,hamming,145,23491
200000,hamming,146,23937
200000,hamming,147,24195
200000,hamming,148,24416
200000,hamming,149,24299
200000,hamming,150,24409
200000,hamming,151,24331
200000,hamming,152,24069
200000,hamming,153,23970
200000,hamming,154,23731
200000,hamming,155,23414
200000,hamming,156,22702
200000,hamming,157,22653
200000,hamming,158,22324
200000,hamming,159,21986
200000,hamming,160,21333
200000,hamming,161,20739
200000,hamming,162,20552
200000,hamming,163,19613
200000,hamming,164,18922
200000,hamming,165,18489
200000,hamming,166,17908
200000,hamming,167,17109
200000,hamming,168,16674
200000,hamming,169,15871
200000,hamming,170,14739
200000,hamming,171,13781
200000,hamming,172,12507
200000,hamming,173,11476
200000,hamming,174,10612
200000,hamming,175,9382
200000,hamming,176,8207
200000,hamming,177,7167
200000,hamming,178,6381
200000,hamming,179,5541
200000,hamming,180,5074
200000,hamming,181,4508
200000,hamming,182,3956
200000,hamming,183,3420
200000,hamming,184,2939
200000,hamming,185,2472
200000,hamming,186,2176
200000,hamming,187,1884
200000,hamming,188,1699
200000,hamming,189,1529
200000,hamming,190,1444
200000,hamming,191,1337
200000,hamming,192,1380
200000,hamming,193,1259
200000,hamming,194,1227
200000,hamming,195,1205
200000,hamming,196,1293
200000,hamming,197,1329
200000,hamming,198,1364
200000,hamming,199,1445
200000,hamming,200,1361
200000,hamming,201,1458
200000,hamming,202,1545
200000,hamming,203,1636
200000,hamming,204,1589
200000,hamming,205,1631
200000,hamming,206,1876
200000,hamming,207,1985
200000,hamming,208,1939
200000,hamming,209,1904
200000,hamming,210,1870
200000,hamming,211,1737
200000,hamming,212,1796
200000,hamming,213,1666
200000,hamming,214,1688
200000,hamming,215,1778
200000,hamming,216,1825
200000,hamming,217,1961
200000,hamming,218,1875
200000,hamming,219,1780
200000,hamming,220,1812
200000,hamming,221,1922
200000,hamming,222,2033
200000,hamming,223,2027
200000,hamming,224,2139
200000,hamming,225,2295
200000,hamming,226,2364
200000,hamming,227,2450
200000,hamming,228,2525
200000,hamming,229,2612
200000,hamming,230,2664
200000,hamming,231,2696
200000,hamming,232,2719
200000,hamming,233,2777
200000,hamming,234,2771
200000,hamming,235,2880
200000,hamming,236,2961
200000,hamming,237,2989
200000,hamming,238,3076
200000,hamming,239,3223
200000,hamming,240,3118
200000,hamming,241,3232
200000,hamming,242,3342
200000,hamming,243,3372
200000,hamming,244,3403
200000,hamming,245,3572
200000,hamming,246,3518
200000,hamming,247,3557
200000,hamming,248,3750
200000,hamming,249,3732
200000,hamming,250,3897
200000,hamming,251,3976
200000,hamming,252,3923
200000,hamming,253,4049
200000,hamming,254,3868
200000,hamming,255,4054
200000,hamming,256,4145
200000,hamming,257,4201
200000,hamming,258,4028
200000,hamming,259,3858
200000,hamming,260,3706
200000,hamming,261,3655
200000,hamming,262,3811
200000,hamming,263,3969
200000,hamming,264,4023
200000,hamming,265,3879
200000,hamming,266,3644
200000,hamming,267,3532
200000,hamming,268,3593
200000,hamming,269,3561
200000,hamming,270,3886
200000,hamming,271,4263
200000,hamming,272,4348
200000,hamming,273,4506
200000,hamming,274,4537
200000,hamming,275,4554
200000,hamming,276,4332
200000,hamming,277,4144
200000,hamming,278,3676
200000,hamming,279,3516
200000,hamming,280,3220
200000,hamming,281,3049
200000,hamming,282,2690
200000,hamming,283,2577
200000,hamming,284,2462
200000,hamming,285,2567
200000,hamming,286,2681
200000,hamming,287,2872
200000,hamming,288,2898
200000,hamming,289,2923
200000,hamming,290,3005
200000,hamming,291,2996
200000,hamming,292,3063
200000,hamming,293,3286
200000,hamming,294,3188
200000,hamming,295,3376
200000,hamming,296,3421
200000,hamming,297,3481
200000,hamming,298,3503
200000,hamming,299,3726
200000,hamming,300,3695
200000,hamming,301,3636
200000,hamming,302,3697
200000,hamming,303,3709
200000,hamming,304,3485
200000,hamming,305,3087
200000,hamming,306,2816
200000,hamming,307,2595
200000,hamming,308,2505
200000,hamming,309,2266
200000,hamming,310,1976
200000,hamming,311,1628
200000,hamming,312,1295
200000,hamming,313,1139
200000,hamming,314,948
200000,hamming,315,739
200000,hamming,316,566
200000,hamming,317,546
200000,hamming,318,465
200000,hamming,319,343
200000,hamming,320,327
200000,hamming,321,258
200000,hamming,322,205
200000,hamming,323,147
200000,hamming,324,91
200000,hamming,325,47
200000,hamming,326,48
200000,hamming,327,44
200000,hamming,328,49
200000,hamming,329,38
200000,hamming,330,63
200000,hamming,331,99
200000,hamming,332,154
200000,hamming,333,234
200000,hamming,334,412
200000,hamming,335,574
200000,hamming,336,926
200000,hamming,337,1346
200000,hamming,338,1801
200000,hamming,339,2174
200000,hamming,340,2744
200000,hamming,341,3413
200000,hamming,342,3925
200000,hamming,343,4614
200000,hamming,344,5371
200000,hamming,345,6279
200000,hamming,346,7530
200000,hamming,347,8976
200000,hamming,348,10177
200000,hamming,349,11438
200000,hamming,350,12523
200000,hamming,351,13857
200000,hamming,352,16122
200000,hamming,353,18368
200000,hamming,354,20741
200000,hamming,355,23130
200000,hamming,356,25983
200000,hamming,357,28705
200000,hamming,358,32009
200000,hamming,359,35078
200000,hamming,360,38908
200000,hamming,361,43787
200000,hamming,362,48307
200000,hamming,363,54311
200000,hamming,364,60186
200000,hamming,365,67266
200000,hamming,366,73927
200000,hamming,367,81841
200000,hamming,368,88480
200000,hamming,369,94131
200000,hamming,370,96583
200000,hamming,371,99697
200000,hamming,372,101383
200000,hamming,373,99195
200000,hamming,374,95717
200000,hamming,375,89946
200000,hamming,376,83192
200000,hamming,377,76743
200000,hamming,378,67878
200000,hamming,379,58902
200000,hamming,380,49725
200000,hamming,381,40584
200000,hamming,382,32623
200000,hamming,383,25539
200000,hamming,384,19355
200000,hamming,385,14054
200000,hamming,386,10455
200000,hamming,387,7317
200000,hamming,388,5461
200000,hamming,389,3710
200000,hamming,390,2523
200000,hamming,391,1686
200000,hamming,392,1127
200000,hamming,393,663
200000,hamming,394,448
200000,hamming,395,226
200000,hamming,396,108
200000,hamming,397,69
200000,hamming,398,12
200000,hamming,399,13
200000,hamming,400,10
200000,hamming,401,2
200000,genes,0,35391
200000,genes,1,16378
200000,genes,2,90418
200000,genes,3,55194
200000,genes,4,159207
200000,genes,5,107920
200000,genes,6,215032
200000,genes,7,156244
200000,genes,8,221874
200000,genes,9,228304
200000,genes,10,195030
200000,genes,11,133376
200000,genes,12,107953
200000,genes,13,64119
200000,genes,14,50892
200000,genes,15,34043
200000,genes,16,24425
200000,genes,17,16389
200000,genes,18,12504
200000,genes,19,8124
200000,genes,20,6441
200000,genes,21,3757
200000,genes,22,2989
200000,genes,23,1475
200000,genes,24,1002
200000,genes,25,524
200000,genes,26,297
200000,genes,27,152
200000,genes,28,94
200000,genes,29,141
200000,genes,30,862
200000,genes,31,2669
200000,genes,32,4612
200000,genes,33,15395
200000,genes,34,64186
200000,genes,35,240584
200000,genes,36,658441
200000,genes,37,597202
200000,genes,38,184334
200000,genes,39,51039
200000,genes,40,7483
200000,genes,41,590
200000,genes,42,39
200000,genes,43,1
200000,body,0,143430
200000,body,1,147051
200000,body,2,42520
200000,body,3,49642
200000,body,4,47144
200000,body,5,51439
200000,body,6,63098
200000,body,7,68173
200000,body,8,60512
200000,body,9,66112
200000,body,10,80258
200000,body,11,90611
200000,body,12,85868
200000,body,13,86967
200000,body,14,87622
200000,body,15,87950
200000,body,16,88050
200000,body,17,81285
200000,body,18,76630
200000,body,19,75829
200000,body,20,81122
200000,body,21,80278
200000,body,22,86645
200000,body,23,85333
200000,body,24,82062
200000,body,25,84656
200000,body,26,77041
200000,body,27,80064
200000,body,28,81422
200000,body,29,89347
200000,body,30,89210
200000,body,31,93831
200000,body,32,124967
200000,body,33,120981
200000,body,34,76788
200000,body,35,76362
200000,body,36,70659
200000,body,37,67666
200000,body,38,59282
200000,body,39,58920
200000,body,40,51925
200000,body,41,45321
200000,body,42,49897
200000,body,43,57924
200000,body,44,53624
200000,body,45,32538
200000,body,46,24003
200000,body,47,23565
200000,body,48,22363
200000,body,49,14610
200000,body,50,11831
200000,body,51,12153
200000,body,52,13273
200000,body,53,10490
200000,body,54,9207
200000,body,55,7701
200000,body,56,6580
200000,body,57,4201
200000,body,58,4610
200000,body,59,4634
200000,body,60,6082
200000,body,61,6276
200000,body,62,3350
200000,body,63,3537
200000,body,64,3589
200000,body,65,3815
200000,body,66,2919
200000,body,67,2183
200000,body,68,2240
200000,body,69,2207
200000,body,70,2412
200000,body,71,2028
200000,body,72,1075
200000,body,73,1542
200000,body,74,1213
200000,body,75,1107
200000,body,76,1196
200000,body,77,663
200000,body,78,707
200000,body,79,984
200000,body,80,1014
200000,body,81,608
200000,body,82,585
200000,body,83,559
200000,body,84,706
200000,body,85,973
200000,body,86,1080
200000,body,87,834
200000,body,88,898
200000,body,89,945
200000,body,90,881
200000,body,91,495
200000,body,92,827
200000,body,93,877
200000,body,94,315
200000,body,95,253
200000,body,96,359
200000,body,97,282
200000,body,98,1034
200000,body,99,216
200000,body,100,224
200000,body,101,192
200000,body,102,192
200000,body,103,213
200000,body,104,175
200000,body,105,162
200000,body,106,140
200000,body,107,586
200000,body,108,513
200000,body,109,170
200000,body,110,528
200000,body,111,595
200000,body,112,143
200000,body,113,158
200000,body,114,170
200000,body,115,138
200000,body,116,120
200000,body,117,109
200000,body,118,106
200000,body,119,105
200000,body,120,459
200000,body,121,518
200000,body,122,80
200000,body,123,221
200000,body,124,98
200000,body,125,86
200000,body,126,100
200000,body,127,63
200000,body,128,81
200000,body,129,55
200000,body,130,75
200000,body,131,61
200000,body,132,89
200000,body,133,49
200000,body,134,47
200000,body,135,24
200000,body,136,29
200000,body,137,18
200000,body,138,16
200000,body,139,14
200000,body,140,12
200000,body,141,6
200000,body,142,2
200000,body,143,6
200000,body,144,1
200000,body,145,5
200000,body,146,3
200000,body,147,5
200000,body,148,2
200000,body,149,1
200000,body,150,4
200000,body,152,3
200000,body,156,2
200000,body,157,1
200000,body,160,1
200000,body,161,3
200000,body,167,1
200000,body,173,1
200000,body,176,1
200000,body,178,1
250000,hamming,0,308
250000,hamming,1,615
250000,hamming,2,796
250000,hamming,3,795
250000,hamming,4,791
250000,hamming,5,831
250000,hamming,6,822
250000,hamming,7,725
250000,hamming,8,752
250000,hamming,9,754
250000,hamming,10,779
250000,hamming,11,797
250000,hamming,12,756
250000,hamming,13,853
250000,hamming,14,847
250000,hamming,15,930
250000,hamming,16,1073
250000,hamming,17,1119
250000,hamming,18,1195
250000,hamming,19,1227
250000,hamming,20,1279
250000,hamming,21,1287
250000,hamming,22,1355
250000,hamming,23,1421
250000,hamming,24,1430
250000,hamming,25,1548
250000,hamming,26,1695
250000,hamming,27,1803
250000,hamming,28,1922
250000,hamming,29,2222
250000,hamming,30,2388
250000,hamming,31,2756
250000,hamming,32,3154
250000,hamming,33,3445
250000,hamming,34,3947
250000,hamming,35,4398
250000,hamming,36,5047
250000,hamming,37,5691
250000,hamming,38,6503
250000,hamming,39,7312
250000,hamming,40,8166
250000,hamming,41,9365
250000,hamming,42,10218
250000,hamming,43,11080
250000,hamming,44,12182
250000,hamming,45,13285
250000,hamming,46,14229
250000,hamming,47,14982
250000,hamming,48,15982
250000,hamming,49,16635
250000,hamming,50,17233
250000,hamming,51,17905
250000,hamming,52,18758
250000,hamming,53,19246
250000,hamming,54,19573
250000,hamming,55,20279
250000,hamming,56,20600
250000,hamming,57,20843
250000,hamming,58,20880
250000,hamming,59,20409
250000,hamming,60,19643
250000,hamming,61,19140
250000,hamming,62,18063
250000,hamming,63,17095
250000,hamming,64,16279
250000,hamming,65,15049
250000,hamming,66,14444
250000,hamming,67,13299
250000,hamming,68,12112
250000,hamming,69,10778
250000,hamming,70,9752
250000,hamming,71,8716
250000,hamming,72,7801
250000,hamming,73,6899
250000,hamming,74,6011
250000,hamming,75,5266
250000,hamming,76,4507
250000,hamming,77,3888
250000,hamming,78,3400
250000,hamming,79,3018
250000,hamming,80,2628
250000,hamming,81,2369
250000,hamming,82,2164
250000,hamming,83,2065
250000,hamming,84,1892
250000,hamming,85,1832
250000,hamming,86,1765
250000,hamming,87,1769
250000,hamming,88,1775
250000,hamming,89,1885
250000,hamming,90,1980
250000,hamming,91,2141
250000,hamming,92,2264
250000,hamming,93,2368
250000,hamming,94,2399
250000,hamming,95,2613
250000,hamming,96,2819
250000,hamming,97,3040
250000,hamming,98,3379
250000,hamming,99,3680
250000,hamming,100,4157
250000,hamming,101,4616
250000,hamming,102,5092
250000,hamming,103,5945
250000,hamming,104,6667
250000,hamming,105,7625
250000,hamming,106,8446
250000,hamming,107,9662
250000,hamming,108,10920
250000,hamming,109,12236
250000,hamming,110,13618
250000,hamming,111,15504
250000,hamming,112,17417
250000,hamming,113,19689
250000,hamming,114,21743
250000,hamming,115,24378
250000,hamming,116,27375
250000,hamming,117,30148
250000,hamming,118,33419
250000,hamming,119,36260
250000,hamming,120,39014
250000,hamming,121,41834
250000,hamming,122,44878
250000,hamming,123,47588
250000,hamming,124,49635
250000,hamming,125,52197
250000,hamming,126,54103
250000,hamming,127,56108
250000,hamming,128,56702
250000,hamming,129,57780
250000,hamming,130,57827
250000,hamming,131,57802
250000,hamming,132,58482
250000,hamming,133,57760
250000,hamming,134,57376
250000,hamming,135,56767
250000,hamming,136,56015
250000,hamming,137,56272
250000,hamming,138,55657
250000,hamming,139,56096
250000,hamming,140,57129
250000,hamming,141,57950
250000,hamming,142,59879
250000,hamming,143,62314
250000,hamming,144,63974
250000,hamming,145,67228
250000,hamming,146,70356
250000,hamming,147,72992
250000,hamming,148,77488
250000,hamming,149,80211
250000,hamming,150,83518
250000,hamming,151,87049
250000,hamming,152,89480
250000,hamming,153,91674
250000,hamming,154,94470
250000,hamming,155,95435
250000,hamming,156,96179
250000,hamming,157,94698
250000,hamming,158,92679
250000,hamming,159,88273
250000,hamming,160,83127
250000,hamming,161,77611
250000,hamming,162,71464
250000,hamming,163,64534
250000,hamming,164,58346
250000,hamming,165,51694
250000,hamming,166,45006
250000,hamming,167,39504
250000,hamming,168,33426
250000,hamming,169,28050
250000,hamming,170,23410
250000,hamming,171,18642
250000,hamming,172,15124
250000,hamming,173,12386
250000,hamming,174,9905
250000,hamming,175,7626
250000,hamming,176,5816
250000,hamming,177,4383
250000,hamming,178,3477
250000,hamming,179,2522
250000,hamming,180,2005
250000,hamming,181,1591
250000,hamming,182,1430
250000,hamming,183,1367
250000,hamming,184,1212
250000,hamming,185,1146
250000,hamming,186,1141
250000,hamming,187,1009
250000,hamming,188,1042
250000,hamming,189,1092
250000,hamming,190,1046
250000,hamming,191,1146
250000,hamming,192,1164
250000,hamming,193,1251
250000,hamming,194,1346
250000,hamming,195,1418
250000,hamming,196,1630
250000,hamming,197,1612
250000,hamming,198,1603
250000,hamming,199,1605
250000,hamming,200,1644
250000,hamming,201,1493
250000,hamming,202,1559
250000,hamming,203,1480
250000,hamming,204,1556
250000,hamming,205,1555
250000,hamming,206,1491
250000,hamming,207,1566
250000,hamming,208,1551
250000,hamming,209,1657
250000,hamming,210,1575
250000,hamming,211,1694
250000,hamming,212,1732
250000,hamming,213,1725
250000,hamming,214,1824
250000,hamming,215,1948
250000,hamming,216,1946
250000,hamming,217,2037
250000,hamming,218,2095
250000,hamming,219,2085
250000,hamming,220,2077
250000,hamming,221,2017
250000,hamming,222,2143
250000,hamming,223,2205
250000,hamming,224,2317
250000,hamming,225,2441
250000,hamming,226,2522
250000,hamming,227,2513
250000,hamming,228,2686
250000,hamming,229,2692
250000,hamming,230,2787
250000,hamming,231,2745
250000,hamming,232,2561
250000,hamming,233,2511
250000,hamming,234,2407
250000,hamming,235,2289
250000,hamming,236,2219
250000,hamming,237,2101
250000,hamming,238,2096
250000,hamming,239,1975
250000,hamming,240,2041
250000,hamming,241,1908
250000,hamming,242,2064
250000,hamming,243,2120
250000,hamming,244,2161
250000,hamming,245,2096
250000,hamming,246,2164
250000,hamming,247,2193
250000,hamming,248,2349
250000,hamming,249,2290
250000,hamming,250,2348
250000,hamming,251,2529
250000,hamming,252,2658
250000,hamming,253,2815
250000,hamming,254,2990
250000,hamming,255,3235
250000,hamming,256,3223
250000,hamming,257,3211
250000,hamming,258,3356
250000,hamming,259,3467
250000,hamming,260,3566
250000,hamming,261,3551
250000,hamming,262,3544
250000,hamming,263,3670
250000,hamming,264,3795
250000,hamming,265,3896
250000,hamming,266,4077
250000,hamming,267,4282
250000,hamming,268,4210
250000,hamming,269,4259
250000,hamming,270,4573
250000,hamming,271,4738
250000,hamming,272,4615
250000,hamming,273,4455
250000,hamming,274,4255
250000,hamming,275,4269
250000,hamming,276,4107
250000,hamming,277,3939
250000,hamming,278,4105
250000,hamming,279,3890
250000,hamming,280,3863
250000,hamming,281,3873
250000,hamming,282,3863
250000,hamming,283,4019
250000,hamming,284,4149
250000,hamming,285,4350
250000,hamming,286,4405
250000,hamming,287,4641
250000,hamming,288,5013
250000,hamming,289,5223
250000,hamming,290,5854
250000,hamming,291,6095
250000,hamming,292,6329
250000,hamming,293,6410
250000,hamming,294,6053
250000,hamming,295,6184
250000,hamming,296,5788
250000,hamming,297,5537
250000,hamming,298,5548
250000,hamming,299,5609
250000,hamming,300,5909
250000,hamming,301,6096
250000,hamming,302,6275
250000,hamming,303,6285
250000,hamming,304,6091
250000,hamming,305,6375
250000,hamming,306,6542
250000,hamming,307,6889
250000,hamming,308,7041
250000,hamming,309,6805
250000,hamming,310,6844
250000,hamming,311,6464
250000,hamming,312,6469
250000,hamming,313,6513
250000,hamming,314,6199
250000,hamming,315,6004
250000,hamming,316,5633
250000,hamming,317,5551
250000,hamming,318,5484
250000,hamming,319,5517
250000,hamming,320,5562
250000,hamming,321,5695
250000,hamming,322,5490
250000,hamming,323,5370
250000,hamming,324,4825
250000,hamming,325,4441
250000,hamming,326,4052
250000,hamming,327,3731
250000,hamming,328,3264
250000,hamming,329,2611
250000,hamming,330,2151
250000,hamming,331,1899
250000,hamming,332,1670
250000,hamming,333,1466
250000,hamming,334,1355
250000,hamming,335,1105
250000,hamming,336,937
250000,hamming,337,849
250000,hamming,338,725
250000,hamming,339,669
250000,hamming,340,789
250000,hamming,341,924
250000,hamming,342,1415
250000,hamming,343,2042
250000,hamming,344,2954
250000,hamming,345,4050
250000,hamming,346,5806
250000,hamming,347,8046
250000,hamming,348,11026
250000,hamming,349,14625
250000,hamming,350,19061
250000,hamming,351,24750
250000,hamming,352,31603
250000,hamming,353,39367
250000,hamming,354,47584
250000,hamming,355,57576
250000,hamming,356,67536
250000,hamming,357,78875
250000,hamming,358,88972
250000,hamming,359,97254
250000,hamming,360,104610
250000,hamming,361,109926
250000,hamming,362,113979
250000,hamming,363,116493
250000,hamming,364,116554
250000,hamming,365,116451
250000,hamming,366,115298
250000,hamming,367,112981
250000,hamming,368,111086
250000,hamming,369,107526
250000,hamming,370,102493
250000,hamming,371,98896
250000,hamming,372,94671
250000,hamming,373,91555
250000,hamming,374,89310
250000,hamming,375,87312
250000,hamming,376,85518
250000,hamming,377,83484
250000,hamming,378,81822
250000,hamming,379,78585
250000,hamming,380,74864
250000,hamming,381,70842
250000,hamming,382,65899
250000,hamming,383,60062
250000,hamming,384,53150
250000,hamming,385,46238
250000,hamming,386,39318
250000,hamming,387,32938
250000,hamming,388,27219
250000,hamming,389,22185
250000,hamming,390,17629
250000,hamming,391,13852
250000,hamming,392,10459
250000,hamming,393,7437
250000,hamming,394,5517
250000,hamming,395,3960
250000,hamming,396,2694
250000,hamming,397,1758
250000,hamming,398,1181
250000,hamming,399,751
250000,hamming,400,489
250000,hamming,401,313
250000,hamming,402,179
250000,hamming,403,87
250000,hamming,404,41
250000,hamming,405,25
250000,hamming,406,13
250000,hamming,407,4
250000,hamming,408,2
250000,genes,0,51901
250000,genes,1,27116
250000,genes,2,168742
250000,genes,3,108158
250000,genes,4,306053
250000,genes,5,200167
250000,genes,6,336311
250000,genes,7,244893
250000,genes,8,301715
250000,genes,9,225376
250000,genes,10,246729
250000,genes,11,225272
250000,genes,12,195674
250000,genes,13,289384
250000,genes,14,195412
250000,genes,15,356117
250000,genes,16,192102
250000,genes,17,315059
250000,genes,18,163124
250000,genes,19,188610
250000,genes,20,111428
250000,genes,21,100681
250000,genes,22,68801
250000,genes,23,53024
250000,genes,24,39454
250000,genes,25,24692
250000,genes,26,18272
250000,genes,27,12232
250000,genes,28,8097
250000,genes,29,8117
250000,genes,30,5301
250000,genes,31,6199
250000,genes,32,7172
250000,genes,33,10078
250000,genes,34,28685
250000,genes,35,105458
250000,genes,36,374646
250000,genes,37,983545
250000,genes,38,1046156
250000,genes,39,491753
250000,genes,40,129297
250000,genes,41,21848
250000,genes,42,1066
250000,genes,43,65
250000,genes,44,17
250000,genes,46,2
250000,body,0,47260
250000,body,1,67252
250000,body,2,109967
250000,body,3,150336
250000,body,4,185587
250000,body,5,240050
250000,body,6,297598
250000,body,7,338354
250000,body,8,401366
250000,body,9,404115
250000,body,10,394202
250000,body,11,367408
250000,body,12,323459
250000,body,13,295157
250000,body,14,274994
250000,body,15,264182
250000,body,16,258147
250000,body,17,253480
250000,body,18,239098
250000,body,19,238779
250000,body,20,232540
250000,body,21,221395
250000,body,22,213612
250000,body,23,200902
250000,body,24,180262
250000,body,25,169040
250000,body,26,161336
250000,body,27,152081
250000,body,28,143412
250000,body,29,138505
250000,body,30,120194
250000,body,31,112448
250000,body,32,95849
250000,body,33,81541
250000,body,34,73758
250000,body,35,64517
250000,body,36,56259
250000,body,37,53446
250000,body,38,41966
250000,body,39,36936
250000,body,40,30362
250000,body,41,26902
250000,body,42,23041
250000,body,43,21738
250000,body,44,20733
250000,body,45,18621
250000,body,46,16689
250000,body,47,14758
250000,body,48,14214
250000,body,49,12082
250000,body,50,10523
250000,body,51,9896
250000,body,52,8836
250000,body,53,7103
250000,body,54,5641
250000,body,55,4973
250000,body,56,4766
250000,body,57,4282
250000,body,58,3810
250000,body,59,3802
250000,body,60,3189
250000,body,61,2604
250000,body,62,2270
250000,body,63,2153
250000,body,64,2025
250000,body,65,1479
250000,body,66,1205
250000,body,67,921
250000,body,68,936
250000,body,69,718
250000,body,70,555
250000,body,71,438
250000,body,72,413
250000,body,73,461
250000,body,74,505
250000,body,75,635
250000,body,76,1007
250000,body,77,923
250000,body,78,534
250000,body,79,528
250000,body,80,475
250000,body,81,443
250000,body,82,442
250000,body,83,408
250000,body,84,455
250000,body,85,837
250000,body,86,515
250000,body,87,452
250000,body,88,570
250000,body,89,619
250000,body,90,416
250000,body,91,380
250000,body,92,558
250000,body,93,73
250000,body,94,67
250000,body,95,57
250000,body,96,32
250000,body,97,29
250000,body,98,26
250000,body,99,7
250000,body,100,10
250000,body,101,15
250000,body,102,9
250000,body,103,7
250000,body,104,7
250000,body,105,6
250000,body,106,6
250000,body,107,5
250000,body,108,1
250000,body,109,3
250000,body,110,5
250000,body,111,1
250000,body,112,1
250000,body,115,1
250000,body,117,1
250000,body,128,1
300000,hamming,0,300
300000,hamming,1,666
300000,hamming,2,936
300000,hamming,3,1105
300000,hamming,4,1139
300000,hamming,5,1210
300000,hamming,6,1286
300000,hamming,7,1323
300000,hamming,8,1403
300000,hamming,9,1497
300000,hamming,10,1533
300000,hamming,11,1553
300000,hamming,12,1564
300000,hamming,13,1489
300000,hamming,14,1403
300000,hamming,15,1378
300000,hamming,16,1364
300000,hamming,17,1355
300000,hamming,18,1331
300000,hamming,19,1441
300000,hamming,20,1433
300000,hamming,21,1495
300000,hamming,22,1485
300000,hamming,23,1680
300000,hamming,24,1764
300000,hamming,25,1956
300000,hamming,26,2153
300000,hamming,27,2151
300000,hamming,28,2319
300000,hamming,29,2483
300000,hamming,30,2698
300000,hamming,31,2856
300000,hamming,32,3131
300000,hamming,33,3472
300000,hamming,34,3921
300000,hamming,35,4331
300000,hamming,36,5095
300000,hamming,37,5721
300000,hamming,38,6615
300000,hamming,39,7609
300000,hamming,40,8674
300000,hamming,41,9663
300000,hamming,42,10820
300000,hamming,43,11797
300000,hamming,44,13098
300000,hamming,45,14142
300000,hamming,46,14799
300000,hamming,47,15422
300000,hamming,48,15762
300000,hamming,49,15817
300000,hamming,50,15797
300000,hamming,51,15620
300000,hamming,52,15860
300000,hamming,53,15529
300000,hamming,54,15362
300000,hamming,55,15220
300000,hamming,56,14825
300000,hamming,57,14666
300000,hamming,58,14655
300000,hamming,59,14462
300000,hamming,60,14869
300000,hamming,61,14724
300000,hamming,62,14982
300000,hamming,63,15013
300000,hamming,64,15423
300000,hamming,65,15557
300000,hamming,66,15826
300000,hamming,67,16031
300000,hamming,68,15827
300000,hamming,69,15547
300000,hamming,70,15337
300000,hamming,71,15107
300000,hamming,72,14498
300000,hamming,73,13987
300000,hamming,74,13559
300000,hamming,75,12767
300000,hamming,76,11887
300000,hamming,77,11177
300000,hamming,78,10545
300000,hamming,79,9523
300000,hamming,80,8957
300000,hamming,81,8216
300000,hamming,82,7618
300000,hamming,83,7128
300000,hamming,84,6281
300000,hamming,85,5649
300000,hamming,86,5117
300000,hamming,87,4525
300000,hamming,88,3787
300000,hamming,89,3168
300000,hamming,90,2450
300000,hamming,91,2046
300000,hamming,92,1547
300000,hamming,93,1317
300000,hamming,94,1087
300000,hamming,95,874
300000,hamming,96,781
300000,hamming,97,706
300000,hamming,98,684
300000,hamming,99,666
300000,hamming,100,588
300000,hamming,101,643
300000,hamming,102,558
300000,hamming,103,614
300000,hamming,104,612
300000,hamming,105,611
300000,hamming,106,630
300000,hamming,107,623
300000,hamming,108,648
300000,hamming,109,606
300000,hamming,110,533
300000,hamming,111,589
300000,hamming,112,637
300000,hamming,113,593
300000,hamming,114,614
300000,hamming,115,615
300000,hamming,116,534
300000,hamming,117,612
300000,hamming,118,611
300000,hamming,119,595
300000,hamming,120,675
300000,hamming,121,699
300000,hamming,122,733
300000,hamming,123,770
300000,hamming,124,885
300000,hamming,125,1010
300000,hamming,126,1065
300000,hamming,127,1071
300000,hamming,128,1092
300000,hamming,129,1067
300000,hamming,130,1172
300000,hamming,131,1179
300000,hamming,132,1232
300000,hamming,133,1377
300000,hamming,134,1366
300000,hamming,135,1370
300000,hamming,136,1303
300000,hamming,137,1297
300000,hamming,138,1322
300000,hamming,139,1384
300000,hamming,140,1411
300000,hamming,141,1429
300000,hamming,142,1363
300000,hamming,143,1263
300000,hamming,144,1171
300000,hamming,145,1192
300000,hamming,146,1239
300000,hamming,147,1143
300000,hamming,148,1101
300000,hamming,149,1075
300000,hamming,150,973
300000,hamming,151,1073
300000,hamming,152,985
300000,hamming,153,1021
300000,hamming,154,1120
300000,hamming,155,1138
300000,hamming,156,1278
300000,hamming,157,1195
300000,hamming,158,1208
300000,hamming,159,1283
300000,hamming,160,1367
300000,hamming,161,1474
300000,hamming,162,1452
300000,hamming,163,1580
300000,hamming,164,1625
300000,hamming,165,1640
300000,hamming,166,1778
300000,hamming,167,1834
300000,hamming,168,1817
300000,hamming,169,1845
300000,hamming,170,1799
300000,hamming,171,1734
300000,hamming,172,1785
300000,hamming,173,1836
300000,hamming,174,1945
300000,hamming,175,2202
300000,hamming,176,2553
300000,hamming,177,3165
300000,hamming,178,4051
300000,hamming,179,5345
300000,hamming,180,7014
300000,hamming,181,9235
300000,hamming,182,11906
300000,hamming,183,14605
300000,hamming,184,17674
300000,hamming,185,21682
300000,hamming,186,24269
300000,hamming,187,26099
300000,hamming,188,26987
300000,hamming,189,27633
300000,hamming,190,27801
300000,hamming,191,28386
300000,hamming,192,28149
300000,hamming,193,28253
300000,hamming,194,28971
300000,hamming,195,30434
300000,hamming,196,31831
300000,hamming,197,33643
300000,hamming,198,35940
300000,hamming,199,38469
300000,hamming,200,42635
300000,hamming,201,46323
300000,hamming,202,50793
300000,hamming,203,53654
300000,hamming,204,55394
300000,hamming,205,55101
300000,hamming,206,53758
300000,hamming,207,49317
300000,hamming,208,43796
300000,hamming,209,36256
300000,hamming,210,29533
300000,hamming,211,23495
300000,hamming,212,18336
300000,hamming,213,14347
300000,hamming,214,10734
300000,hamming,215,8561
300000,hamming,216,6738
300000,hamming,217,5399
300000,hamming,218,4511
300000,hamming,219,3874
300000,hamming,220,3517
300000,hamming,221,3261
300000,hamming,222,3103
300000,hamming,223,2885
300000,hamming,224,2813
300000,hamming,225,2818
300000,hamming,226,2824
300000,hamming,227,2978
300000,hamming,228,3106
300000,hamming,229,3355
300000,hamming,230,3555
300000,hamming,231,3880
300000,hamming,232,3932
300000,hamming,233,4196
300000,hamming,234,4488
300000,hamming,235,4583
300000,hamming,236,4657
300000,hamming,237,5038
300000,hamming,238,4899
300000,hamming,239,5208
300000,hamming,240,5091
300000,hamming,241,5098
300000,hamming,242,5070
300000,hamming,243,5181
300000,hamming,244,5136
300000,hamming,245,5268
300000,hamming,246,5345
300000,hamming,247,5631
300000,hamming,248,5962
300000,hamming,249,6010
300000,hamming,250,6244
300000,hamming,251,6410
300000,hamming,252,6865
300000,hamming,253,7043
300000,hamming,254,7235
300000,hamming,255,7397
300000,hamming,256,7806
300000,hamming,257,7774
300000,hamming,258,7770
300000,hamming,259,7950
300000,hamming,260,7828
300000,hamming,261,7983
300000,hamming,262,8258
300000,hamming,263,8672
300000,hamming,264,9038
300000,hamming,265,9434
300000,hamming,266,9842
300000,hamming,267,10361
300000,hamming,268,10981
300000,hamming,269,11884
300000,hamming,270,12331
300000,hamming,271,12506
300000,hamming,272,12655
300000,hamming,273,12762
300000,hamming,274,12664
300000,hamming,275,12967
300000,hamming,276,12996
300000,hamming,277,13022
300000,hamming,278,13297
300000,hamming,279,13801
300000,hamming,280,13805
300000,hamming,281,14049
300000,hamming,282,14204
300000,hamming,283,14851
300000,hamming,284,14921
300000,hamming,285,15539
300000,hamming,286,16260
300000,hamming,287,16725
300000,hamming,288,17568
300000,hamming,289,17935
300000,hamming,290,18395
300000,hamming,291,18299
300000,hamming,292,18724
300000,hamming,293,18570
300000,hamming,294,18859
300000,hamming,295,19321
300000,hamming,296,19677
300000,hamming,297,20019
300000,hamming,298,20485
300000,hamming,299,20174
300000,hamming,300,20010
300000,hamming,301,19800
300000,hamming,302,19817
300000,hamming,303,19517
300000,hamming,304,19232
300000,hamming,305,19371
300000,hamming,306,19662
300000,hamming,307,19704
300000,hamming,308,19526
300000,hamming,309,18863
300000,hamming,310,19020
300000,hamming,311,18773
300000,hamming,312,18488
300000,hamming,313,18598
300000,hamming,314,17649
300000,hamming,315,17801
300000,hamming,316,17413
300000,hamming,317,17263
300000,hamming,318,17422
300000,hamming,319,16986
300000,hamming,320,17369
300000,hamming,321,17318
300000,hamming,322,17895
300000,hamming,323,18234
300000,hamming,324,19053
300000,hamming,325,19513
300000,hamming,326,19984
300000,hamming,327,20829
300000,hamming,328,21224
300000,hamming,329,21666
300000,hamming,330,21999
300000,hamming,331,22315
300000,hamming,332,22585
300000,hamming,333,22839
300000,hamming,334,22396
300000,hamming,335,22154
300000,hamming,336,21813
300000,hamming,337,21325
300000,hamming,338,20851
300000,hamming,339,20000
300000,hamming,340,19164
300000,hamming,341,18320
300000,hamming,342,17315
300000,hamming,343,16619
300000,hamming,344,16808
300000,hamming,345,17717
300000,hamming,346,18767
300000,hamming,347,20076
300000,hamming,348,22854
300000,hamming,349,25187
300000,hamming,350,28476
300000,hamming,351,32667
300000,hamming,352,37647
300000,hamming,353,42300
300000,hamming,354,47688
300000,hamming,355,53881
300000,hamming,356,59392
300000,hamming,357,65879
300000,hamming,358,73510
300000,hamming,359,82659
300000,hamming,360,92920
300000,hamming,361,104639
300000,hamming,362,116529
300000,hamming,363,126612
300000,hamming,364,138994
300000,hamming,365,148985
300000,hamming,366,157001
300000,hamming,367,161461
300000,hamming,368,162739
300000,hamming,369,162045
300000,hamming,370,160030
300000,hamming,371,155621
300000,hamming,372,147753
300000,hamming,373,139591
300000,hamming,374,131095
300000,hamming,375,122259
300000,hamming,376,111425
300000,hamming,377,101708
300000,hamming,378,92179
300000,hamming,379,82028
300000,hamming,380,71159
300000,hamming,381,62232
300000,hamming,382,52443
300000,hamming,383,44127
300000,hamming,384,35829
300000,hamming,385,28238
300000,hamming,386,21597
300000,hamming,387,16673
300000,hamming,388,12553
300000,hamming,389,9615
300000,hamming,390,7068
300000,hamming,391,5163
300000,hamming,392,3633
300000,hamming,393,2745
300000,hamming,394,2056
300000,hamming,395,1471
300000,hamming,396,1112
300000,hamming,397,794
300000,hamming,398,604
300000,hamming,399,391
300000,hamming,400,244
300000,hamming,401,141
300000,hamming,402,67
300000,hamming,403,38
300000,hamming,404,34
300000,hamming,405,18
300000,hamming,406,11
300000,hamming,407,3
300000,genes,0,31126
300000,genes,1,15919
300000,genes,2,80777
300000,genes,3,65685
300000,genes,4,174443
300000,genes,5,196325
300000,genes,6,339608
300000,genes,7,400164
300000,genes,8,416294
300000,genes,9,299296
300000,genes,10,201329
300000,genes,11,133617
300000,genes,12,107810
300000,genes,13,114797
300000,genes,14,100190
300000,genes,15,166903
300000,genes,16,116071
300000,genes,17,152693
300000,genes,18,98426
300000,genes,19,100193
300000,genes,20,71334
300000,genes,21,60330
300000,genes,22,45892
300000,genes,23,35876
300000,genes,24,25387
300000,genes,25,18534
300000,genes,26,12133
300000,genes,27,9305
300000,genes,28,6633
300000,genes,29,4174
300000,genes,30,2337
300000,genes,31,1599
300000,genes,32,1899
300000,genes,33,8814
300000,genes,34,34195
300000,genes,35,113328
300000,genes,36,407151
300000,genes,37,1014453
300000,genes,38,1124428
300000,genes,39,600253
300000,genes,40,206286
300000,genes,41,58341
300000,genes,42,24284
300000,genes,43,8910
300000,genes,44,2130
300000,genes,45,766
300000,genes,46,60
300000,genes,47,5
300000,body,0,13293
300000,body,1,17508
300000,body,2,28237
300000,body,3,46870
300000,body,4,71301
300000,body,5,103226
300000,body,6,145973
300000,body,7,197247
300000,body,8,245794
300000,body,9,281889
300000,body,10,311206
300000,body,11,325469
300000,body,12,328828
300000,body,13,319729
300000,body,14,304815
300000,body,15,286767
300000,body,16,268872
300000,body,17,252447
300000,body,18,236790
300000,body,19,229076
300000,body,20,219814
300000,body,21,213354
300000,body,22,202760
300000,body,23,200616
300000,body,24,195229
300000,body,25,192844
300000,body,26,183916
300000,body,27,177684
300000,body,28,170459
300000,body,29,164368
300000,body,30,153826
300000,body,31,141332
300000,body,32,126240
300000,body,33,115582
300000,body,34,103354
300000,body,35,97234
300000,body,36,69979
300000,body,37,59624
300000,body,38,50337
300000,body,39,41220
300000,body,40,35743
300000,body,41,33127
300000,body,42,25727
300000,body,43,22947
300000,body,44,20278
300000,body,45,19829
300000,body,46,16793
300000,body,47,15087
300000,body,48,13319
300000,body,49,12256
300000,body,50,10142
300000,body,51,9133
300000,body,52,7559
300000,body,53,7054
300000,body,54,6356
300000,body,55,5233
300000,body,56,4801
300000,body,57,4637
300000,body,58,4862
300000,body,59,3603
300000,body,60,2905
300000,body,61,3035
300000,body,62,2401
300000,body,63,2054
300000,body,64,1712
300000,body,65,1369
300000,body,66,1449
300000,body,67,1717
300000,body,68,1517
300000,body,69,1835
300000,body,70,1630
300000,body,71,1508
300000,body,72,1436
300000,body,73,1101
300000,body,74,844
300000,body,75,749
300000,body,76,826
300000,body,77,762
300000,body,78,786
300000,body,79,668
300000,body,80,576
300000,body,81,527
300000,body,82,475
300000,body,83,483
300000,body,84,528
300000,body,85,525
300000,body,86,461
300000,body,87,308
300000,body,88,403
300000,body,89,310
300000,body,90,209
300000,body,91,220
300000,body,92,222
300000,body,93,213
300000,body,94,198
300000,body,95,147
300000,body,96,300
300000,body,97,138
300000,body,98,76
300000,body,99,39
300000,body,100,32
300000,body,101,30
300000,body,102,32
300000,body,103,28
300000,body,104,25
300000,body,105,12
300000,body,106,16
300000,body,107,9
300000,body,108,11
300000,body,109,10
300000,body,110,9
300000,body,111,4
300000,body,112,4
300000,body,113,7
300000,body,114,2
300000,body,115,2
300000,body,116,3
300000,body,118,2
300000,body,119,1
300000,body,121,3
300000,body,123,2
300000,body,138,1
300000,body,142,1
350000,hamming,0,229
350000,hamming,1,508
350000,hamming,2,609
350000,hamming,3,705
350000,hamming,4,717
350000,hamming,5,650
350000,hamming,6,640
350000,hamming,7,636
350000,hamming,8,568
350000,hamming,9,565
350000,hamming,10,517
350000,hamming,11,455
350000,hamming,12,404
350000,hamming,13,359
350000,hamming,14,372
350000,hamming,15,365
350000,hamming,16,358
350000,hamming,17,365
350000,hamming,18,359
350000,hamming,19,370
350000,hamming,20,356
350000,hamming,21,363
350000,hamming,22,375
350000,hamming,23,343
350000,hamming,24,322
350000,hamming,25,314
350000,hamming,26,370
350000,hamming,27,309
350000,hamming,28,293
350000,hamming,29,283
350000,hamming,30,322
350000,hamming,31,268
350000,hamming,32,271
350000,hamming,33,259
350000,hamming,34,277
350000,hamming,35,283
350000,hamming,36,304
350000,hamming,37,293
350000,hamming,38,307
350000,hamming,39,319
350000,hamming,40,359
350000,hamming,41,410
350000,hamming,42,333
350000,hamming,43,388
350000,hamming,44,386
350000,hamming,45,362
350000,hamming,46,401
350000,hamming,47,441
350000,hamming,48,431
350000,hamming,49,410
350000,hamming,50,466
350000,hamming,51,504
350000,hamming,52,470
350000,hamming,53,483
350000,hamming,54,492
350000,hamming,55,494
350000,hamming,56,474
350000,hamming,57,389
350000,hamming,58,467
350000,hamming,59,501
350000,hamming,60,488
350000,hamming,61,463
350000,hamming,62,532
350000,hamming,63,485
350000,hamming,64,483
350000,hamming,65,462
350000,hamming,66,396
350000,hamming,67,427
350000,hamming,68,458
350000,hamming,69,483
350000,hamming,70,502
350000,hamming,71,506
350000,hamming,72,503
350000,hamming,73,625
350000,hamming,74,583
350000,hamming,75,596
350000,hamming,76,581
350000,hamming,77,679
350000,hamming,78,683
350000,hamming,79,740
350000,hamming,80,732
350000,hamming,81,760
350000,hamming,82,726
350000,hamming,83,859
350000,hamming,84,912
350000,hamming,85,986
350000,hamming,86,1026
350000,hamming,87,1005
350000,hamming,88,1034
350000,hamming,89,1062
350000,hamming,90,1086
350000,hamming,91,1248
350000,hamming,92,1200
350000,hamming,93,1208
350000,hamming,94,1313
350000,hamming,95,1266
350000,hamming,96,1347
350000,hamming,97,1459
350000,hamming,98,1443
350000,hamming,99,1581
350000,hamming,100,1595
350000,hamming,101,1702
350000,hamming,102,1816
350000,hamming,103,1982
350000,hamming,104,2050
350000,hamming,105,2201
350000,hamming,106,2363
350000,hamming,107,2575
350000,hamming,108,2694
350000,hamming,109,2868
350000,hamming,110,3157
350000,hamming,111,3328
350000,hamming,112,3500
350000,hamming,113,3984
350000,hamming,114,4230
350000,hamming,115,4492
350000,hamming,116,4765
350000,hamming,117,5042
350000,hamming,118,5652
350000,hamming,119,6111
350000,hamming,120,6644
350000,hamming,121,7409
350000,hamming,122,8189
350000,hamming,123,9119
350000,hamming,124,10165
350000,hamming,125,11259
350000,hamming,126,12670
350000,hamming,127,14149
350000,hamming,128,16093
350000,hamming,129,17778
350000,hamming,130,20015
350000,hamming,131,22540
350000,hamming,132,25348
350000,hamming,133,28813
350000,hamming,134,31982
350000,hamming,135,36161
350000,hamming,136,40911
350000,hamming,137,45372
350000,hamming,138,51382
350000,hamming,139,57250
350000,hamming,140,63158
350000,hamming,141,70425
350000,hamming,142,76865
350000,hamming,143,85116
350000,hamming,144,92316
350000,hamming,145,99848
350000,hamming,146,108044
350000,hamming,147,117363
350000,hamming,148,124641
350000,hamming,149,132023
350000,hamming,150,138265
350000,hamming,151,144913
350000,hamming,152,149624
350000,hamming,153,154354
350000,hamming,154,158288
350000,hamming,155,161291
350000,hamming,156,163347
350000,hamming,157,163112
350000,hamming,158,161888
350000,hamming,159,158769
350000,hamming,160,155453
350000,hamming,161,150474
350000,hamming,162,144501
350000,hamming,163,137122
350000,hamming,164,128991
350000,hamming,165,119890
350000,hamming,166,110538
350000,hamming,167,102247
350000,hamming,168,92646
350000,hamming,169,83634
350000,hamming,170,73664
350000,hamming,171,64972
350000,hamming,172,56301
350000,hamming,173,48288
350000,hamming,174,41032
350000,hamming,175,34703
350000,hamming,176,28229
350000,hamming,177,23363
350000,hamming,178,19062
350000,hamming,179,14875
350000,hamming,180,11705
350000,hamming,181,9139
350000,hamming,182,7075
350000,hamming,183,5474
350000,hamming,184,4124
350000,hamming,185,3052
350000,hamming,186,2302
350000,hamming,187,1723
350000,hamming,188,1354
350000,hamming,189,1071
350000,hamming,190,901
350000,hamming,191,654
350000,hamming,192,580
350000,hamming,193,444
350000,hamming,194,316
350000,hamming,195,291
350000,hamming,196,257
350000,hamming,197,262
350000,hamming,198,268
350000,hamming,199,263
350000,hamming,200,282
350000,hamming,201,277
350000,hamming,202,239
350000,hamming,203,257
350000,hamming,204,254
350000,hamming,205,247
350000,hamming,206,260
350000,hamming,207,214
350000,hamming,208,219
350000,hamming,209,205
350000,hamming,210,199
350000,hamming,211,211
350000,hamming,212,194
350000,hamming,213,218
350000,hamming,214,293
350000,hamming,215,362
350000,hamming,216,412
350000,hamming,217,391
350000,hamming,218,415
350000,hamming,219,415
350000,hamming,220,414
350000,hamming,221,390
350000,hamming,222,334
350000,hamming,223,305
350000,hamming,224,314
350000,hamming,225,328
350000,hamming,226,380
350000,hamming,227,362
350000,hamming,228,342
350000,hamming,229,353
350000,hamming,230,313
350000,hamming,231,339
350000,hamming,232,318
350000,hamming,233,343
350000,hamming,234,332
350000,hamming,235,347
350000,hamming,236,312
350000,hamming,237,266
350000,hamming,238,250
350000,hamming,239,270
350000,hamming,240,266
350000,hamming,241,264
350000,hamming,242,312
350000,hamming,243,315
350000,hamming,244,334
350000,hamming,245,355
350000,hamming,246,345
350000,hamming,247,373
350000,hamming,248,401
350000,hamming,249,435
350000,hamming,250,452
350000,hamming,251,615
350000,hamming,252,715
350000,hamming,253,809
350000,hamming,254,788
350000,hamming,255,831
350000,hamming,256,841
350000,hamming,257,888
350000,hamming,258,864
350000,hamming,259,870
350000,hamming,260,894
350000,hamming,261,879
350000,hamming,262,939
350000,hamming,263,1106
350000,hamming,264,1358
350000,hamming,265,1481
350000,hamming,266,1548
350000,hamming,267,1703
350000,hamming,268,1852
350000,hamming,269,1936
350000,hamming,270,1939
350000,hamming,271,1893
350000,hamming,272,2046
350000,hamming,273,2129
350000,hamming,274,2393
350000,hamming,275,2574
350000,hamming,276,2757
350000,hamming,277,2911
350000,hamming,278,2892
350000,hamming,279,2845
350000,hamming,280,2937
350000,hamming,281,2894
350000,hamming,282,2891
350000,hamming,283,3104
350000,hamming,284,3333
350000,hamming,285,3457
350000,hamming,286,3797
350000,hamming,287,4116
350000,hamming,288,4554
350000,hamming,289,4656
350000,hamming,290,4843
350000,hamming,291,5003
350000,hamming,292,4922
350000,hamming,293,4826
350000,hamming,294,4736
350000,hamming,295,4736
350000,hamming,296,4643
350000,hamming,297,4525
350000,hamming,298,4290
350000,hamming,299,4114
350000,hamming,300,4203
350000,hamming,301,3948
350000,hamming,302,3887
350000,hamming,303,3756
350000,hamming,304,3589
350000,hamming,305,3504
350000,hamming,306,3594
350000,hamming,307,3658
350000,hamming,308,3751
350000,hamming,309,3823
350000,hamming,310,3781
350000,hamming,311,3767
350000,hamming,312,3631
350000,hamming,313,3685
350000,hamming,314,3879
350000,hamming,315,3983
350000,hamming,316,4366
350000,hamming,317,4414
350000,hamming,318,4681
350000,hamming,319,4473
350000,hamming,320,4299
350000,hamming,321,4299
350000,hamming,322,4429
350000,hamming,323,4496
350000,hamming,324,4475
350000,hamming,325,4603
350000,hamming,326,4473
350000,hamming,327,4461
350000,hamming,328,4389
350000,hamming,329,4598
350000,hamming,330,4597
350000,hamming,331,4476
350000,hamming,332,4614
350000,hamming,333,4341
350000,hamming,334,4266
350000,hamming,335,4222
350000,hamming,336,4229
350000,hamming,337,4552
350000,hamming,338,4956
350000,hamming,339,5346
350000,hamming,340,5688
350000,hamming,341,6094
350000,hamming,342,6392
350000,hamming,343,6571
350000,hamming,344,6904
350000,hamming,345,7595
350000,hamming,346,8174
350000,hamming,347,9034
350000,hamming,348,10048
350000,hamming,349,11545
350000,hamming,350,13194
350000,hamming,351,15364
350000,hamming,352,17929
350000,hamming,353,20846
350000,hamming,354,24171
350000,hamming,355,27774
350000,hamming,356,32100
350000,hamming,357,37005
350000,hamming,358,41824
350000,hamming,359,46883
350000,hamming,360,52459
350000,hamming,361,58478
350000,hamming,362,65692
350000,hamming,363,71650
350000,hamming,364,77856
350000,hamming,365,84404
350000,hamming,366,90227
350000,hamming,367,94643
350000,hamming,368,99504
350000,hamming,369,103294
350000,hamming,370,106552
350000,hamming,371,108338
350000,hamming,372,109564
350000,hamming,373,109659
350000,hamming,374,108886
350000,hamming,375,106559
350000,hamming,376,104206
350000,hamming,377,98998
350000,hamming,378,94629
350000,hamming,379,88989
350000,hamming,380,84658
350000,hamming,381,78050
350000,hamming,382,72133
350000,hamming,383,66568
350000,hamming,384,60066
350000,hamming,385,53496
350000,hamming,386,47911
350000,hamming,387,42389
350000,hamming,388,36829
350000,hamming,389,31539
350000,hamming,390,27171
350000,hamming,391,22871
350000,hamming,392,19021
350000,hamming,393,15229
350000,hamming,394,12619
350000,hamming,395,9804
350000,hamming,396,7339
350000,hamming,397,5497
350000,hamming,398,3912
350000,hamming,399,2818
350000,hamming,400,2016
350000,hamming,401,1399
350000,hamming,402,1006
350000,hamming,403,681
350000,hamming,404,501
350000,hamming,405,295
350000,hamming,406,192
350000,hamming,407,103
350000,hamming,408,77
350000,hamming,409,46
350000,hamming,410,17
350000,hamming,411,10
350000,hamming,412,4
350000,hamming,413,2
350000,genes,0,78388
350000,genes,1,32913
350000,genes,2,284114
350000,genes,3,127308
350000,genes,4,478405
350000,genes,5,246382
350000,genes,6,560281
350000,genes,7,338637
350000,genes,8,582259
350000,genes,9,385770
350000,genes,10,513624
350000,genes,11,312592
350000,genes,12,336294
350000,genes,13,205638
350000,genes,14,191119
350000,genes,15,123339
350000,genes,16,104145
350000,genes,17,72103
350000,genes,18,59964
350000,genes,19,40522
350000,genes,20,33722
350000,genes,21,19257
350000,genes,22,15522
350000,genes,23,9215
350000,genes,24,7502
350000,genes,25,4596
350000,genes,26,2470
350000,genes,27,1474
350000,genes,28,805
350000,genes,29,509
350000,genes,30,383
350000,genes,31,779
350000,genes,32,2881
350000,genes,33,12121
350000,genes,34,43090
350000,genes,35,161991
350000,genes,36,538286
350000,genes,37,935265
350000,genes,38,638045
350000,genes,39,389708
350000,genes,40,98724
350000,genes,41,16386
350000,genes,42,3239
350000,genes,43,227
350000,genes,44,9
350000,body,0,34940
350000,body,1,76292
350000,body,2,142750
350000,body,3,217815
350000,body,4,307457
350000,body,5,392757
350000,body,6,438323
350000,body,7,446711
350000,body,8,428281
350000,body,9,391832
350000,body,10,353657
350000,body,11,319818
350000,body,12,291399
350000,body,13,263091
350000,body,14,242338
350000,body,15,230566
350000,body,16,216227
350000,body,17,208651
350000,body,18,203738
350000,body,19,202257
350000,body,20,201990
350000,body,21,202054
350000,body,22,198379
350000,body,23,197114
350000,body,24,189211
350000,body,25,180185
350000,body,26,169744
350000,body,27,150754
350000,body,28,135339
350000,body,29,118443
350000,body,30,102656
350000,body,31,91606
350000,body,32,81032
350000,body,33,71733
350000,body,34,64052
350000,body,35,54127
350000,body,36,47946
350000,body,37,41284
350000,body,38,36560
350000,body,39,32498
350000,body,40,28791
350000,body,41,25380
350000,body,42,23406
350000,body,43,19860
350000,body,44,17097
350000,body,45,15454
350000,body,46,13173
350000,body,47,10744
350000,body,48,8835
350000,body,49,7598
350000,body,50,6353
350000,body,51,5838
350000,body,52,4775
350000,body,53,4139
350000,body,54,4024
350000,body,55,3818
350000,body,56,3602
350000,body,57,2556
350000,body,58,2247
350000,body,59,1870
350000,body,60,1936
350000,body,61,1655
350000,body,62,1403
350000,body,63,985
350000,body,64,967
350000,body,65,1097
350000,body,66,1198
350000,body,67,1656
350000,body,68,1551
350000,body,69,1596
350000,body,70,1662
350000,body,71,2330
350000,body,72,1305
350000,body,73,894
350000,body,74,706
350000,body,75,600
350000,body,76,498
350000,body,77,488
350000,body,78,418
350000,body,79,432
350000,body,80,236
350000,body,81,216
350000,body,82,176
350000,body,83,147
350000,body,84,126
350000,body,85,87
350000,body,86,57
350000,body,87,71
350000,body,88,52
350000,body,89,47
350000,body,90,35
350000,body,91,39
350000,body,92,25
350000,body,93,35
350000,body,94,13
350000,body,95,12
350000,body,96,13
350000,body,97,9
350000,body,98,9
350000,body,99,11
350000,body,100,4
350000,body,101,4
350000,body,102,4
350000,body,103,3
350000,body,104,5
350000,body,105,4
350000,body,106,3
350000,body,107,2
350000,body,108,5
350000,body,109,1
350000,body,111,1
350000,body,113,1
350000,body,114,2
350000,body,117,1
350000,body,126,2
350000,body,136,1
400000,hamming,0,295
400000,hamming,1,662
400000,hamming,2,846
400000,hamming,3,972
400000,hamming,4,1033
400000,hamming,5,1068
400000,hamming,6,1056
400000,hamming,7,1148
400000,hamming,8,1128
400000,hamming,9,1132
400000,hamming,10,1086
400000,hamming,11,1177
400000,hamming,12,1113
400000,hamming,13,1155
400000,hamming,14,1127
400000,hamming,15,1060
400000,hamming,16,1095
400000,hamming,17,1045
400000,hamming,18,1125
400000,hamming,19,1209
400000,hamming,20,1253
400000,hamming,21,1279
400000,hamming,22,1290
400000,hamming,23,1381
400000,hamming,24,1480
400000,hamming,25,1599
400000,hamming,26,1818
400000,hamming,27,1865
400000,hamming,28,2085
400000,hamming,29,2447
400000,hamming,30,2692
400000,hamming,31,3061
400000,hamming,32,3623
400000,hamming,33,4195
400000,hamming,34,4858
400000,hamming,35,5473
400000,hamming,36,6094
400000,hamming,37,7049
400000,hamming,38,8020
400000,hamming,39,9388
400000,hamming,40,10654
400000,hamming,41,11979
400000,hamming,42,13638
400000,hamming,43,15049
400000,hamming,44,16749
400000,hamming,45,18170
400000,hamming,46,19593
400000,hamming,47,21272
400000,hamming,48,23002
400000,hamming,49,24168
400000,hamming,50,25468
400000,hamming,51,26685
400000,hamming,52,28082
400000,hamming,53,29061
400000,hamming,54,30316
400000,hamming,55,31519
400000,hamming,56,32368
400000,hamming,57,33317
400000,hamming,58,33765
400000,hamming,59,33789
400000,hamming,60,34127
400000,hamming,61,33934
400000,hamming,62,34137
400000,hamming,63,33945
400000,hamming,64,33593
400000,hamming,65,34111
400000,hamming,66,33516
400000,hamming,67,33115
400000,hamming,68,32800
400000,hamming,69,32179
400000,hamming,70,32146
400000,hamming,71,31108
400000,hamming,72,30213
400000,hamming,73,29659
400000,hamming,74,28887
400000,hamming,75,27989
400000,hamming,76,26650
400000,hamming,77,25771
400000,hamming,78,24598
400000,hamming,79,23355
400000,hamming,80,21814
400000,hamming,81,20353
400000,hamming,82,19029
400000,hamming,83,17249
400000,hamming,84,16138
400000,hamming,85,14878
400000,hamming,86,13445
400000,hamming,87,11952
400000,hamming,88,10337
400000,hamming,89,9115
400000,hamming,90,8034
400000,hamming,91,6943
400000,hamming,92,5919
400000,hamming,93,5147
400000,hamming,94,4299
400000,hamming,95,3718
400000,hamming,96,3068
400000,hamming,97,2571
400000,hamming,98,2105
400000,hamming,99,1815
400000,hamming,100,1575
400000,hamming,101,1459
400000,hamming,102,1295
400000,hamming,103,1164
400000,hamming,104,1085
400000,hamming,105,916
400000,hamming,106,976
400000,hamming,107,1122
400000,hamming,108,1166
400000,hamming,109,1392
400000,hamming,110,1575
400000,hamming,111,1769
400000,hamming,112,1892
400000,hamming,113,2139
400000,hamming,114,2246
400000,hamming,115,2214
400000,hamming,116,2279
400000,hamming,117,2002
400000,hamming,118,1905
400000,hamming,119,1683
400000,hamming,120,1653
400000,hamming,121,1486
400000,hamming,122,1551
400000,hamming,123,1469
400000,hamming,124,1695
400000,hamming,125,1688
400000,hamming,126,1724
400000,hamming,127,1629
400000,hamming,128,1609
400000,hamming,129,1591
400000,hamming,130,1597
400000,hamming,131,1519
400000,hamming,132,1595
400000,hamming,133,1693
400000,hamming,134,1724
400000,hamming,135,2134
400000,hamming,136,2369
400000,hamming,137,2881
400000,hamming,138,3328
400000,hamming,139,3401
400000,hamming,140,3785
400000,hamming,141,3839
400000,hamming,142,4077
400000,hamming,143,4003
400000,hamming,144,4091
400000,hamming,145,3664
400000,hamming,146,3578
400000,hamming,147,3164
400000,hamming,148,2968
400000,hamming,149,2625
400000,hamming,150,2295
400000,hamming,151,2121
400000,hamming,152,1639
400000,hamming,153,1459
400000,hamming,154,1226
400000,hamming,155,974
400000,hamming,156,797
400000,hamming,157,733
400000,hamming,158,673
400000,hamming,159,586
400000,hamming,160,559
400000,hamming,161,556
400000,hamming,162,557
400000,hamming,163,543
400000,hamming,164,604
400000,hamming,165,597
400000,hamming,166,710
400000,hamming,167,838
400000,hamming,168,1026
400000,hamming,169,1219
400000,hamming,170,1623
400000,hamming,171,1974
400000,hamming,172,2583
400000,hamming,173,3046
400000,hamming,174,3688
400000,hamming,175,4108
400000,hamming,176,4622
400000,hamming,177,5253
400000,hamming,178,6121
400000,hamming,179,7030
400000,hamming,180,7728
400000,hamming,181,8115
400000,hamming,182,8043
400000,hamming,183,8600
400000,hamming,184,8678
400000,hamming,185,8859
400000,hamming,186,9203
400000,hamming,187,9891
400000,hamming,188,11013
400000,hamming,189,12601
400000,hamming,190,14282
400000,hamming,191,16081
400000,hamming,192,18733
400000,hamming,193,21062
400000,hamming,194,23905
400000,hamming,195,27078
400000,hamming,196,29676
400000,hamming,197,33798
400000,hamming,198,37147
400000,hamming,199,39933
400000,hamming,200,42381
400000,hamming,201,45021
400000,hamming,202,46607
400000,hamming,203,49357
400000,hamming,204,52417
400000,hamming,205,56930
400000,hamming,206,62273
400000,hamming,207,68179
400000,hamming,208,74984
400000,hamming,209,80479
400000,hamming,210,86596
400000,hamming,211,87845
400000,hamming,212,86962
400000,hamming,213,83976
400000,hamming,214,77957
400000,hamming,215,70228
400000,hamming,216,61088
400000,hamming,217,51976
400000,hamming,218,44012
400000,hamming,219,36790
400000,hamming,220,30957
400000,hamming,221,25608
400000,hamming,222,20752
400000,hamming,223,16418
400000,hamming,224,13080
400000,hamming,225,10042
400000,hamming,226,7428
400000,hamming,227,5794
400000,hamming,228,4319
400000,hamming,229,3430
400000,hamming,230,2687
400000,hamming,231,2439
400000,hamming,232,2172
400000,hamming,233,2175
400000,hamming,234,2200
400000,hamming,235,2066
400000,hamming,236,2047
400000,hamming,237,2045
400000,hamming,238,2012
400000,hamming,239,1935
400000,hamming,240,1992
400000,hamming,241,1935
400000,hamming,242,1986
400000,hamming,243,1969
400000,hamming,244,1986
400000,hamming,245,1941
400000,hamming,246,1939
400000,hamming,247,2027
400000,hamming,248,1937
400000,hamming,249,1980
400000,hamming,250,2044
400000,hamming,251,2052
400000,hamming,252,2145
400000,hamming,253,2386
400000,hamming,254,2365
400000,hamming,255,2273
400000,hamming,256,2371
400000,hamming,257,2326
400000,hamming,258,2482
400000,hamming,259,2547
400000,hamming,260,2628
400000,hamming,261,2504
400000,hamming,262,2370
400000,hamming,263,2644
400000,hamming,264,2888
400000,hamming,265,3108
400000,hamming,266,3329
400000,hamming,267,3473
400000,hamming,268,3764
400000,hamming,269,3724
400000,hamming,270,4011
400000,hamming,271,3960
400000,hamming,272,4095
400000,hamming,273,4371
400000,hamming,274,4297
400000,hamming,275,4361
400000,hamming,276,4505
400000,hamming,277,4675
400000,hamming,278,4701
400000,hamming,279,4753
400000,hamming,280,5102
400000,hamming,281,5116
400000,hamming,282,5265
400000,hamming,283,5390
400000,hamming,284,5444
400000,hamming,285,5304
400000,hamming,286,5512
400000,hamming,287,5627
400000,hamming,288,5966
400000,hamming,289,6243
400000,hamming,290,6525
400000,hamming,291,6834
400000,hamming,292,7024
400000,hamming,293,7558
400000,hamming,294,7607
400000,hamming,295,7809
400000,hamming,296,8048
400000,hamming,297,7889
400000,hamming,298,7993
400000,hamming,299,8455
400000,hamming,300,9143
400000,hamming,301,9666
400000,hamming,302,10119
400000,hamming,303,10398
400000,hamming,304,10806
400000,hamming,305,11076
400000,hamming,306,11595
400000,hamming,307,12264
400000,hamming,308,12915
400000,hamming,309,13172
400000,hamming,310,13574
400000,hamming,311,13712
400000,hamming,312,14401
400000,hamming,313,15084
400000,hamming,314,15840
400000,hamming,315,16483
400000,hamming,316,17376
400000,hamming,317,18107
400000,hamming,318,18525
400000,hamming,319,19087
400000,hamming,320,19175
400000,hamming,321,19209
400000,hamming,322,19807
400000,hamming,323,19716
400000,hamming,324,19741
400000,hamming,325,19871
400000,hamming,326,20503
400000,hamming,327,20246
400000,hamming,328,20198
400000,hamming,329,20136
400000,hamming,330,19522
400000,hamming,331,19400
400000,hamming,332,18788
400000,hamming,333,17886
400000,hamming,334,17208
400000,hamming,335,16376
400000,hamming,336,15587
400000,hamming,337,14831
400000,hamming,338,14469
400000,hamming,339,14054
400000,hamming,340,13612
400000,hamming,341,12502
400000,hamming,342,11955
400000,hamming,343,11532
400000,hamming,344,10630
400000,hamming,345,9936
400000,hamming,346,9185
400000,hamming,347,8992
400000,hamming,348,8833
400000,hamming,349,9393
400000,hamming,350,9941
400000,hamming,351,11633
400000,hamming,352,14073
400000,hamming,353,17110
400000,hamming,354,20395
400000,hamming,355,24470
400000,hamming,356,29594
400000,hamming,357,34968
400000,hamming,358,41180
400000,hamming,359,48834
400000,hamming,360,57965
400000,hamming,361,67011
400000,hamming,362,77690
400000,hamming,363,87382
400000,hamming,364,96733
400000,hamming,365,105926
400000,hamming,366,112454
400000,hamming,367,118063
400000,hamming,368,123420
400000,hamming,369,126141
400000,hamming,370,127389
400000,hamming,371,129673
400000,hamming,372,132251
400000,hamming,373,133568
400000,hamming,374,134755
400000,hamming,375,135117
400000,hamming,376,134494
400000,hamming,377,133468
400000,hamming,378,131905
400000,hamming,379,128659
400000,hamming,380,125039
400000,hamming,381,121215
400000,hamming,382,116671
400000,hamming,383,112700
400000,hamming,384,108320
400000,hamming,385,103609
400000,hamming,386,97633
400000,hamming,387,89730
400000,hamming,388,80869
400000,hamming,389,70984
400000,hamming,390,59715
400000,hamming,391,49360
400000,hamming,392,39303
400000,hamming,393,31274
400000,hamming,394,23278
400000,hamming,395,16850
400000,hamming,396,11992
400000,hamming,397,7884
400000,hamming,398,5095
400000,hamming,399,3462
400000,hamming,400,2213
400000,hamming,401,1354
400000,hamming,402,847
400000,hamming,403,565
400000,hamming,404,334
400000,hamming,405,164
400000,hamming,406,52
400000,hamming,407,12
400000,hamming,408,4
400000,genes,0,127541
400000,genes,1,42108
400000,genes,2,271561
400000,genes,3,131634
400000,genes,4,284184
400000,genes,5,192375
400000,genes,6,257486
400000,genes,7,238148
400000,genes,8,269078
400000,genes,9,233907
400000,genes,10,173737
400000,genes,11,138592
400000,genes,12,123538
400000,genes,13,100667
400000,genes,14,194453
400000,genes,15,118677
400000,genes,16,243457
400000,genes,17,326853
400000,genes,18,175628
400000,genes,19,235300
400000,genes,20,121915
400000,genes,21,122046
400000,genes,22,66647
400000,genes,23,53810
400000,genes,24,31479
400000,genes,25,24228
400000,genes,26,15884
400000,genes,27,9661
400000,genes,28,5349
400000,genes,29,2748
400000,genes,30,1421
400000,genes,31,715
400000,genes,32,458
400000,genes,33,1691
400000,genes,34,11758
400000,genes,35,61106
400000,genes,36,259501
400000,genes,37,778770
400000,genes,38,1362413
400000,genes,39,949505
400000,genes,40,301280
400000,genes,41,54760
400000,genes,42,8396
400000,genes,43,7172
400000,genes,44,15974
400000,genes,45,2880
400000,genes,46,205
400000,genes,47,7
400000,body,0,17576
400000,body,1,45456
400000,body,2,90607
400000,body,3,144233
400000,body,4,207958
400000,body,5,276606
400000,body,6,335599
400000,body,7,377900
400000,body,8,384644
400000,body,9,366067
400000,body,10,336301
400000,body,11,306726
400000,body,12,282746
400000,body,13,259814
400000,body,14,248757
400000,body,15,238193
400000,body,16,228234
400000,body,17,226732
400000,body,18,226123
400000,body,19,228017
400000,body,20,227077
400000,body,21,228237
400000,body,22,230166
400000,body,23,230709
400000,body,24,226029
400000,body,25,219854
400000,body,26,215027
400000,body,27,206424
400000,body,28,196219
400000,body,29,177410
400000,body,30,155374
400000,body,31,131617
400000,body,32,116519
400000,body,33,99730
400000,body,34,87808
400000,body,35,73854
400000,body,36,65591
400000,body,37,54771
400000,body,38,47671
400000,body,39,40427
400000,body,40,35978
400000,body,41,31224
400000,body,42,26169
400000,body,43,23246
400000,body,44,20100
400000,body,45,18134
400000,body,46,15553
400000,body,47,13304
400000,body,48,11476
400000,body,49,10667
400000,body,50,9934
400000,body,51,9007
400000,body,52,8401
400000,body,53,7193
400000,body,54,5978
400000,body,55,5466
400000,body,56,4360
400000,body,57,3921
400000,body,58,3256
400000,body,59,2986
400000,body,60,3252
400000,body,61,3225
400000,body,62,2737
400000,body,63,2895
400000,body,64,2242
400000,body,65,1920
400000,body,66,1845
400000,body,67,1811
400000,body,68,1345
400000,body,69,1125
400000,body,70,800
400000,body,71,461
400000,body,72,402
400000,body,73,345
400000,body,74,229
400000,body,75,167
400000,body,76,126
400000,body,77,128
400000,body,78,102
400000,body,79,71
400000,body,80,58
400000,body,81,35
400000,body,82,34
400000,body,83,42
400000,body,84,27
400000,body,85,21
400000,body,86,17
400000,body,87,9
400000,body,88,13
400000,body,89,8
400000,body,90,9
400000,body,91,5
400000,body,92,5
400000,body,93,7
400000,body,94,4
400000,body,95,4
400000,body,96,4
400000,body,97,3
400000,body,98,4
400000,body,99,4
400000,body,100,4
400000,body,103,1
400000,body,107,1
450000,hamming,0,243
450000,hamming,1,473
450000,hamming,2,603
450000,hamming,3,650
450000,hamming,4,641
450000,hamming,5,671
450000,hamming,6,720
450000,hamming,7,631
450000,hamming,8,661
450000,hamming,9,641
450000,hamming,10,612
450000,hamming,11,646
450000,hamming,12,627
450000,hamming,13,611
450000,hamming,14,659
450000,hamming,15,572
450000,hamming,16,601
450000,hamming,17,662
450000,hamming,18,636
450000,hamming,19,638
450000,hamming,20,676
450000,hamming,21,613
450000,hamming,22,661
450000,hamming,23,690
450000,hamming,24,723
450000,hamming,25,666
450000,hamming,26,732
450000,hamming,27,779
450000,hamming,28,785
450000,hamming,29,721
450000,hamming,30,750
450000,hamming,31,727
450000,hamming,32,715
450000,hamming,33,729
450000,hamming,34,717
450000,hamming,35,797
450000,hamming,36,769
450000,hamming,37,731
450000,hamming,38,734
450000,hamming,39,738
450000,hamming,40,710
450000,hamming,41,712
450000,hamming,42,749
450000,hamming,43,663
450000,hamming,44,716
450000,hamming,45,658
450000,hamming,46,656
450000,hamming,47,683
450000,hamming,48,662
450000,hamming,49,629
450000,hamming,50,668
450000,hamming,51,673
450000,hamming,52,670
450000,hamming,53,784
450000,hamming,54,777
450000,hamming,55,765
450000,hamming,56,715
450000,hamming,57,768
450000,hamming,58,793
450000,hamming,59,784
450000,hamming,60,855
450000,hamming,61,870
450000,hamming,62,848
450000,hamming,63,834
450000,hamming,64,875
450000,hamming,65,831
450000,hamming,66,862
450000,hamming,67,850
450000,hamming,68,828
450000,hamming,69,873
450000,hamming,70,907
450000,hamming,71,907
450000,hamming,72,878
450000,hamming,73,990
450000,hamming,74,1035
450000,hamming,75,1125
450000,hamming,76,1256
450000,hamming,77,1305
450000,hamming,78,1418
450000,hamming,79,1477
450000,hamming,80,1613
450000,hamming,81,1641
450000,hamming,82,1842
450000,hamming,83,2003
450000,hamming,84,2225
450000,hamming,85,2522
450000,hamming,86,2867
450000,hamming,87,3097
450000,hamming,88,3395
450000,hamming,89,3552
450000,hamming,90,3858
450000,hamming,91,4109
450000,hamming,92,4366
450000,hamming,93,4737
450000,hamming,94,5319
450000,hamming,95,5882
450000,hamming,96,6590
450000,hamming,97,7148
450000,hamming,98,7903
450000,hamming,99,8625
450000,hamming,100,9849
450000,hamming,101,10699
450000,hamming,102,11855
450000,hamming,103,13002
450000,hamming,104,14385
450000,hamming,105,15478
450000,hamming,106,17341
450000,hamming,107,18961
450000,hamming,108,21106
450000,hamming,109,23098
450000,hamming,110,25560
450000,hamming,111,28287
450000,hamming,112,31823
450000,hamming,113,34689
450000,hamming,114,37810
450000,hamming,115,41801
450000,hamming,116,45377
450000,hamming,117,49235
450000,hamming,118,53262
450000,hamming,119,57178
450000,hamming,120,60599
450000,hamming,121,64712
450000,hamming,122,68855
450000,hamming,123,71813
450000,hamming,124,74981
450000,hamming,125,77924
450000,hamming,126,80136
450000,hamming,127,81809
450000,hamming,128,82887
450000,hamming,129,82997
450000,hamming,130,83059
450000,hamming,131,82700
450000,hamming,132,80884
450000,hamming,133,79503
450000,hamming,134,76998
450000,hamming,135,74299
450000,hamming,136,70895
450000,hamming,137,66443
450000,hamming,138,62481
450000,hamming,139,58658
450000,hamming,140,54351
450000,hamming,141,49707
450000,hamming,142,45434
450000,hamming,143,41451
450000,hamming,144,37053
450000,hamming,145,32699
450000,hamming,146,28681
450000,hamming,147,24999
450000,hamming,148,21240
450000,hamming,149,18557
450000,hamming,150,15751
450000,hamming,151,13328
450000,hamming,152,11023
450000,hamming,153,9424
450000,hamming,154,7920
450000,hamming,155,6334
450000,hamming,156,5291
450000,hamming,157,4263
450000,hamming,158,3394
450000,hamming,159,2764
450000,hamming,160,2315
450000,hamming,161,1887
450000,hamming,162,1525
450000,hamming,163,1177
450000,hamming,164,993
450000,hamming,165,835
450000,hamming,166,634
450000,hamming,167,507
450000,hamming,168,472
450000,hamming,169,381
450000,hamming,170,342
450000,hamming,171,328
450000,hamming,172,295
450000,hamming,173,272
450000,hamming,174,300
450000,hamming,175,250
450000,hamming,176,286
450000,hamming,177,308
450000,hamming,178,340
450000,hamming,179,420
450000,hamming,180,509
450000,hamming,181,557
450000,hamming,182,771
450000,hamming,183,1015
450000,hamming,184,1362
450000,hamming,185,1912
450000,hamming,186,2490
450000,hamming,187,3377
450000,hamming,188,4537
450000,hamming,189,6087
450000,hamming,190,8116
450000,hamming,191,10816
450000,hamming,192,13867
450000,hamming,193,18077
450000,hamming,194,22100
450000,hamming,195,27633
450000,hamming,196,32882
450000,hamming,197,38416
450000,hamming,198,44702
450000,hamming,199,50605
450000,hamming,200,57115
450000,hamming,201,62422
450000,hamming,202,67113
450000,hamming,203,71041
450000,hamming,204,73662
450000,hamming,205,74767
450000,hamming,206,74963
450000,hamming,207,73313
450000,hamming,208,71013
450000,hamming,209,66637
450000,hamming,210,61376
450000,hamming,211,55540
450000,hamming,212,48759
450000,hamming,213,42620
450000,hamming,214,35774
450000,hamming,215,30210
450000,hamming,216,24898
450000,hamming,217,19811
450000,hamming,218,15938
450000,hamming,219,12733
450000,hamming,220,10037
450000,hamming,221,7469
450000,hamming,222,5638
450000,hamming,223,4465
450000,hamming,224,3517
450000,hamming,225,2728
450000,hamming,226,2068
450000,hamming,227,1732
450000,hamming,228,1530
450000,hamming,229,1321
450000,hamming,230,1347
450000,hamming,231,1435
450000,hamming,232,1442
450000,hamming,233,1571
450000,hamming,234,1477
450000,hamming,235,1403
450000,hamming,236,1348
450000,hamming,237,1437
450000,hamming,238,1524
450000,hamming,239,1542
450000,hamming,240,1734
450000,hamming,241,1724
450000,hamming,242,1821
450000,hamming,243,1965
450000,hamming,244,1838
450000,hamming,245,1893
450000,hamming,246,1820
450000,hamming,247,1834
450000,hamming,248,1941
450000,hamming,249,1808
450000,hamming,250,1621
450000,hamming,251,1468
450000,hamming,252,1486
450000,hamming,253,1607
450000,hamming,254,1681
450000,hamming,255,1792
450000,hamming,256,1676
450000,hamming,257,1599
450000,hamming,258,1472
450000,hamming,259,1306
450000,hamming,260,1208
450000,hamming,261,1100
450000,hamming,262,1049
450000,hamming,263,1181
450000,hamming,264,1193
450000,hamming,265,1290
450000,hamming,266,1350
450000,hamming,267,1284
450000,hamming,268,1279
450000,hamming,269,1096
450000,hamming,270,1048
450000,hamming,271,1007
450000,hamming,272,886
450000,hamming,273,823
450000,hamming,274,808
450000,hamming,275,708
450000,hamming,276,759
450000,hamming,277,699
450000,hamming,278,574
450000,hamming,279,582
450000,hamming,280,441
450000,hamming,281,430
450000,hamming,282,447
450000,hamming,283,538
450000,hamming,284,612
450000,hamming,285,779
450000,hamming,286,829
450000,hamming,287,878
450000,hamming,288,954
450000,hamming,289,1114
450000,hamming,290,1295
450000,hamming,291,1636
450000,hamming,292,1884
450000,hamming,293,1976
450000,hamming,294,2098
450000,hamming,295,2079
450000,hamming,296,2114
450000,hamming,297,2204
450000,hamming,298,2202
450000,hamming,299,2270
450000,hamming,300,2320
450000,hamming,301,2234
450000,hamming,302,2345
450000,hamming,303,2247
450000,hamming,304,2293
450000,hamming,305,2313
450000,hamming,306,2214
450000,hamming,307,2324
450000,hamming,308,2238
450000,hamming,309,2378
450000,hamming,310,2408
450000,hamming,311,2579
450000,hamming,312,2757
450000,hamming,313,3056
450000,hamming,314,3299
450000,hamming,315,3714
450000,hamming,316,4107
450000,hamming,317,4125
450000,hamming,318,4148
450000,hamming,319,4182
450000,hamming,320,4430
450000,hamming,321,4544
450000,hamming,322,4672
450000,hamming,323,4417
450000,hamming,324,4207
450000,hamming,325,4101
450000,hamming,326,4054
450000,hamming,327,4161
450000,hamming,328,4215
450000,hamming,329,4519
450000,hamming,330,4532
450000,hamming,331,4376
450000,hamming,332,4085
450000,hamming,333,4156
450000,hamming,334,4191
450000,hamming,335,4178
450000,hamming,336,4335
450000,hamming,337,4731
450000,hamming,338,5246
450000,hamming,339,6064
450000,hamming,340,6675
450000,hamming,341,7180
450000,hamming,342,7877
450000,hamming,343,8590
450000,hamming,344,9433
450000,hamming,345,10867
450000,hamming,346,12750
450000,hamming,347,15513
450000,hamming,348,17778
450000,hamming,349,20510
450000,hamming,350,24252
450000,hamming,351,28521
450000,hamming,352,33306
450000,hamming,353,38783
450000,hamming,354,44999
450000,hamming,355,51844
450000,hamming,356,60380
450000,hamming,357,67613
450000,hamming,358,75670
450000,hamming,359,84655
450000,hamming,360,93177
450000,hamming,361,101278
450000,hamming,362,108682
450000,hamming,363,116023
450000,hamming,364,122263
450000,hamming,365,127142
450000,hamming,366,131187
450000,hamming,367,133071
450000,hamming,368,132552
450000,hamming,369,129010
450000,hamming,370,126378
450000,hamming,371,122253
450000,hamming,372,116831
450000,hamming,373,109756
450000,hamming,374,101709
450000,hamming,375,93945
450000,hamming,376,85284
450000,hamming,377,75644
450000,hamming,378,65609
450000,hamming,379,56858
450000,hamming,380,49077
450000,hamming,381,41504
450000,hamming,382,34534
450000,hamming,383,28927
450000,hamming,384,24304
450000,hamming,385,20174
450000,hamming,386,16464
450000,hamming,387,13397
450000,hamming,388,10715
450000,hamming,389,7818
450000,hamming,390,5903
450000,hamming,391,4480
450000,hamming,392,3399
450000,hamming,393,2321
450000,hamming,394,1573
450000,hamming,395,987
450000,hamming,396,723
450000,hamming,397,535
450000,hamming,398,323
450000,hamming,399,203
450000,hamming,400,139
450000,hamming,401,98
450000,hamming,402,79
450000,hamming,403,24
450000,hamming,404,20
450000,hamming,405,30
450000,hamming,406,7
450000,hamming,407,13
450000,hamming,408,30
450000,hamming,409,6
450000,genes,0,96285
450000,genes,1,27721
450000,genes,2,293616
450000,genes,3,107195
450000,genes,4,411569
450000,genes,5,179185
450000,genes,6,410027
450000,genes,7,204485
450000,genes,8,338261
450000,genes,9,177931
450000,genes,10,226699
450000,genes,11,167495
450000,genes,12,142328
450000,genes,13,92529
450000,genes,14,65230
450000,genes,15,47150
450000,genes,16,33875
450000,genes,17,52724
450000,genes,18,38956
450000,genes,19,150379
450000,genes,20,100745
450000,genes,21,239789
450000,genes,22,140535
450000,genes,23,159605
450000,genes,24,107402
450000,genes,25,131021
450000,genes,26,79126
450000,genes,27,57242
450000,genes,28,50205
450000,genes,29,28568
450000,genes,30,23967
450000,genes,31,10653
450000,genes,32,11158
450000,genes,33,7399
450000,genes,34,6667
450000,genes,35,25936
450000,genes,36,100045
450000,genes,37,421146
450000,genes,38,917792
450000,genes,39,721716
450000,genes,40,410669
450000,genes,41,182384
450000,genes,42,70441
450000,genes,43,18446
450000,genes,44,3519
450000,genes,45,541
450000,genes,46,104
450000,genes,47,10
450000,body,0,24803
450000,body,1,59049
450000,body,2,104078
450000,body,3,171171
450000,body,4,246722
450000,body,5,320759
450000,body,6,369964
450000,body,7,395061
450000,body,8,393705
450000,body,9,368111
450000,body,10,329921
450000,body,11,295892
450000,body,12,270851
450000,body,13,244742
450000,body,14,222741
450000,body,15,213789
450000,body,16,207734
450000,body,17,208266
450000,body,18,206654
450000,body,19,207256
450000,body,20,208593
450000,body,21,206291
450000,body,22,204097
450000,body,23,195790
450000,body,24,183385
450000,body,25,172925
450000,body,26,154263
450000,body,27,137204
450000,body,28,117653
450000,body,29,102937
450000,body,30,86895
450000,body,31,72775
450000,body,32,63714
450000,body,33,54855
450000,body,34,48745
450000,body,35,43967
450000,body,36,39571
450000,body,37,35226
450000,body,38,30068
450000,body,39,26763
450000,body,40,24349
450000,body,41,21786
450000,body,42,20476
450000,body,43,17267
450000,body,44,15818
450000,body,45,14172
450000,body,46,13062
450000,body,47,11818
450000,body,48,11299
450000,body,49,10643
450000,body,50,9473
450000,body,51,7961
450000,body,52,7526
450000,body,53,6945
450000,body,54,6095
450000,body,55,4750
450000,body,56,4550
450000,body,57,3764
450000,body,58,3833
450000,body,59,3455
450000,body,60,2918
450000,body,61,2442
450000,body,62,2581
450000,body,63,1587
450000,body,64,1265
450000,body,65,928
450000,body,66,927
450000,body,67,810
450000,body,68,734
450000,body,69,621
450000,body,70,330
450000,body,71,312
450000,body,72,217
450000,body,73,173
450000,body,74,150
450000,body,75,618
450000,body,76,438
450000,body,77,265
450000,body,78,245
450000,body,79,309
450000,body,80,285
450000,body,81,299
450000,body,82,356
450000,body,83,252
450000,body,84,311
450000,body,85,262
450000,body,86,294
450000,body,87,179
450000,body,88,74
450000,body,89,113
450000,body,90,49
450000,body,91,35
450000,body,92,38
450000,body,93,36
450000,body,94,25
450000,body,95,24
450000,body,96,21
450000,body,97,47
450000,body,98,62
450000,body,99,43
450000,body,100,52
450000,body,101,178
450000,body,102,133
450000,body,103,137
450000,body,104,111
450000,body,105,106
450000,body,106,116
450000,body,107,135
450000,body,108,137
450000,body,109,123
450000,body,110,1753
450000,body,111,374
450000,body,112,282
450000,body,113,23
450000,body,114,64
450000,body,115,8
450000,body,116,9
450000,body,117,6
450000,body,118,2
450000,body,119,1
450000,body,120,2
450000,body,121,2
450000,body,122,2
450000,body,123,2
450000,body,124,1
450000,body,125,1
450000,body,126,1
450000,body,127,1
450000,body,130,2
450000,body,135,1
450000,body,136,1
450000,body,143,1
450000,body,144,1
500000,hamming,0,278
500000,hamming,1,608
500000,hamming,2,795
500000,hamming,3,925
500000,hamming,4,990
500000,hamming,5,977
500000,hamming,6,911
500000,hamming,7,955
500000,hamming,8,1026
500000,hamming,9,991
500000,hamming,10,1054
500000,hamming,11,1127
500000,hamming,12,1125
500000,hamming,13,1170
500000,hamming,14,1186
500000,hamming,15,1264
500000,hamming,16,1376
500000,hamming,17,1557
500000,hamming,18,1597
500000,hamming,19,1737
500000,hamming,20,1862
500000,hamming,21,2084
500000,hamming,22,2095
500000,hamming,23,2174
500000,hamming,24,2186
500000,hamming,25,2358
500000,hamming,26,2270
500000,hamming,27,2205
500000,hamming,28,2063
500000,hamming,29,1961
500000,hamming,30,1722
500000,hamming,31,1587
500000,hamming,32,1416
500000,hamming,33,1359
500000,hamming,34,1113
500000,hamming,35,934
500000,hamming,36,827
500000,hamming,37,644
500000,hamming,38,590
500000,hamming,39,560
500000,hamming,40,541
500000,hamming,41,494
500000,hamming,42,544
500000,hamming,43,538
500000,hamming,44,613
500000,hamming,45,621
500000,hamming,46,664
500000,hamming,47,686
500000,hamming,48,815
500000,hamming,49,846
500000,hamming,50,891
500000,hamming,51,976
500000,hamming,52,1085
500000,hamming,53,1073
500000,hamming,54,1172
500000,hamming,55,1215
500000,hamming,56,1299
500000,hamming,57,1367
500000,hamming,58,1518
500000,hamming,59,1690
500000,hamming,60,1759
500000,hamming,61,1902
500000,hamming,62,2050
500000,hamming,63,2123
500000,hamming,64,2196
500000,hamming,65,2357
500000,hamming,66,2378
500000,hamming,67,2298
500000,hamming,68,2405
500000,hamming,69,2396
500000,hamming,70,2525
500000,hamming,71,2575
500000,hamming,72,2680
500000,hamming,73,2868
500000,hamming,74,3014
500000,hamming,75,3285
500000,hamming,76,3430
500000,hamming,77,3608
500000,hamming,78,3682
500000,hamming,79,3918
500000,hamming,80,4034
500000,hamming,81,4397
500000,hamming,82,4481
500000,hamming,83,4634
500000,hamming,84,5006
500000,hamming,85,5179
500000,hamming,86,5403
500000,hamming,87,5670
500000,hamming,88,6160
500000,hamming,89,6540
500000,hamming,90,7044
500000,hamming,91,7221
500000,hamming,92,7481
500000,hamming,93,7849
500000,hamming,94,8374
500000,hamming,95,8802
500000,hamming,96,9552
500000,hamming,97,9957
500000,hamming,98,10729
500000,hamming,99,11396
500000,hamming,100,12159
500000,hamming,101,12982
500000,hamming,102,13657
500000,hamming,103,14199
500000,hamming,104,14715
500000,hamming,105,15197
500000,hamming,106,15992
500000,hamming,107,16584
500000,hamming,108,17498
500000,hamming,109,18190
500000,hamming,110,19136
500000,hamming,111,20324
500000,hamming,112,21475
500000,hamming,113,22583
500000,hamming,114,24075
500000,hamming,115,25301
500000,hamming,116,26739
500000,hamming,117,28367
500000,hamming,118,29283
500000,hamming,119,30560
500000,hamming,120,32057
500000,hamming,121,33211
500000,hamming,122,34028
500000,hamming,123,35018
500000,hamming,124,35650
500000,hamming,125,37089
500000,hamming,126,37790
500000,hamming,127,38717
500000,hamming,128,40046
500000,hamming,129,40552
500000,hamming,130,41283
500000,hamming,131,41153
500000,hamming,132,42453
500000,hamming,133,42229
500000,hamming,134,43022
500000,hamming,135,42691
500000,hamming,136,43143
500000,hamming,137,43101
500000,hamming,138,42752
500000,hamming,139,42782
500000,hamming,140,41913
500000,hamming,141,41982
500000,hamming,142,40512
500000,hamming,143,39317
500000,hamming,144,38231
500000,hamming,145,37835
500000,hamming,146,36339
500000,hamming,147,35443
500000,hamming,148,34845
500000,hamming,149,33708
500000,hamming,150,32373
500000,hamming,151,30476
500000,hamming,152,28687
500000,hamming,153,26057
500000,hamming,154,24269
500000,hamming,155,22246
500000,hamming,156,20123
500000,hamming,157,18439
500000,hamming,158,16676
500000,hamming,159,14517
500000,hamming,160,12969
500000,hamming,161,11266
500000,hamming,162,9627
500000,hamming,163,8487
500000,hamming,164,7303
500000,hamming,165,6253
500000,hamming,166,5275
500000,hamming,167,4197
500000,hamming,168,3580
500000,hamming,169,2973
500000,hamming,170,2650
500000,hamming,171,2404
500000,hamming,172,2301
500000,hamming,173,2065
500000,hamming,174,1783
500000,hamming,175,1673
500000,hamming,176,1411
500000,hamming,177,1295
500000,hamming,178,1172
500000,hamming,179,1071
500000,hamming,180,1094
500000,hamming,181,936
500000,hamming,182,959
500000,hamming,183,988
500000,hamming,184,888
500000,hamming,185,868
500000,hamming,186,852
500000,hamming,187,942
500000,hamming,188,919
500000,hamming,189,950
500000,hamming,190,911
500000,hamming,191,1004
500000,hamming,192,945
500000,hamming,193,1037
500000,hamming,194,1085
500000,hamming,195,1157
500000,hamming,196,1297
500000,hamming,197,1303
500000,hamming,198,1345
500000,hamming,199,1428
500000,hamming,200,1398
500000,hamming,201,1413
500000,hamming,202,1424
500000,hamming,203,1612
500000,hamming,204,1751
500000,hamming,205,1877
500000,hamming,206,2018
500000,hamming,207,2159
500000,hamming,208,2324
500000,hamming,209,2447
500000,hamming,210,2423
500000,hamming,211,2301
500000,hamming,212,2305
500000,hamming,213,2299
500000,hamming,214,2096
500000,hamming,215,2206
500000,hamming,216,2319
500000,hamming,217,2313
500000,hamming,218,2386
500000,hamming,219,2507
500000,hamming,220,2594
500000,hamming,221,2717
500000,hamming,222,2890
500000,hamming,223,3253
500000,hamming,224,3402
500000,hamming,225,3548
500000,hamming,226,3919
500000,hamming,227,4021
500000,hamming,228,4133
500000,hamming,229,4146
500000,hamming,230,4417
500000,hamming,231,4655
500000,hamming,232,4963
500000,hamming,233,4832
500000,hamming,234,5145
500000,hamming,235,5409
500000,hamming,236,5514
500000,hamming,237,5747
500000,hamming,238,5991
500000,hamming,239,6317
500000,hamming,240,6391
500000,hamming,241,6611
500000,hamming,242,6833
500000,hamming,243,6986
500000,hamming,244,7486
500000,hamming,245,7762
500000,hamming,246,8028
500000,hamming,247,8344
500000,hamming,248,8711
500000,hamming,249,8705
500000,hamming,250,8742
500000,hamming,251,8614
500000,hamming,252,8751
500000,hamming,253,8727
500000,hamming,254,9213
500000,hamming,255,9384
500000,hamming,256,9884
500000,hamming,257,10292
500000,hamming,258,10972
500000,hamming,259,11450
500000,hamming,260,11725
500000,hamming,261,12335
500000,hamming,262,12922
500000,hamming,263,13262
500000,hamming,264,13764
500000,hamming,265,14115
500000,hamming,266,14455
500000,hamming,267,14228
500000,hamming,268,14617
500000,hamming,269,14758
500000,hamming,270,15341
500000,hamming,271,15426
500000,hamming,272,15868
500000,hamming,273,16109
500000,hamming,274,16565
500000,hamming,275,16466
500000,hamming,276,16429
500000,hamming,277,16356
500000,hamming,278,16095
500000,hamming,279,15861
500000,hamming,280,15957
500000,hamming,281,15771
500000,hamming,282,15159
500000,hamming,283,14698
500000,hamming,284,13698
500000,hamming,285,12711
500000,hamming,286,12149
500000,hamming,287,11372
500000,hamming,288,10306
500000,hamming,289,9638
500000,hamming,290,8727
500000,hamming,291,8289
500000,hamming,292,7574
500000,hamming,293,6802
500000,hamming,294,6044
500000,hamming,295,5395
500000,hamming,296,4888
500000,hamming,297,4465
500000,hamming,298,3890
500000,hamming,299,3352
500000,hamming,300,2932
500000,hamming,301,2313
500000,hamming,302,1836
500000,hamming,303,1382
500000,hamming,304,1149
500000,hamming,305,885
500000,hamming,306,659
500000,hamming,307,438
500000,hamming,308,358
500000,hamming,309,236
500000,hamming,310,185
500000,hamming,311,119
500000,hamming,312,85
500000,hamming,313,68
500000,hamming,314,57
500000,hamming,315,64
500000,hamming,316,53
500000,hamming,317,30
500000,hamming,318,21
500000,hamming,319,26
500000,hamming,320,33
500000,hamming,321,37
500000,hamming,322,50
500000,hamming,323,87
500000,hamming,324,115
500000,hamming,325,164
500000,hamming,326,225
500000,hamming,327,318
500000,hamming,328,405
500000,hamming,329,545
500000,hamming,330,648
500000,hamming,331,785
500000,hamming,332,828
500000,hamming,333,928
500000,hamming,334,1133
500000,hamming,335,1339
500000,hamming,336,1544
500000,hamming,337,1665
500000,hamming,338,1980
500000,hamming,339,2325
500000,hamming,340,2710
500000,hamming,341,3260
500000,hamming,342,3655
500000,hamming,343,4180
500000,hamming,344,4797
500000,hamming,345,5452
500000,hamming,346,6288
500000,hamming,347,6962
500000,hamming,348,7844
500000,hamming,349,9420
500000,hamming,350,11379
500000,hamming,351,13871
500000,hamming,352,16598
500000,hamming,353,19898
500000,hamming,354,24209
500000,hamming,355,28862
500000,hamming,356,34492
500000,hamming,357,40935
500000,hamming,358,48501
500000,hamming,359,55125
500000,hamming,360,64007
500000,hamming,361,72548
500000,hamming,362,81799
500000,hamming,363,91218
500000,hamming,364,101060
500000,hamming,365,107438
500000,hamming,366,114636
500000,hamming,367,120785
500000,hamming,368,124874
500000,hamming,369,127798
500000,hamming,370,128224
500000,hamming,371,127468
500000,hamming,372,126738
500000,hamming,373,124651
500000,hamming,374,119419
500000,hamming,375,114300
500000,hamming,376,106224
500000,hamming,377,97446
500000,hamming,378,87710
500000,hamming,379,77826
500000,hamming,380,69369
500000,hamming,381,60138
500000,hamming,382,52117
500000,hamming,383,44099
500000,hamming,384,36227
500000,hamming,385,29292
500000,hamming,386,23502
500000,hamming,387,18271
500000,hamming,388,14077
500000,hamming,389,10757
500000,hamming,390,7601
500000,hamming,391,5659
500000,hamming,392,4159
500000,hamming,393,2856
500000,hamming,394,1918
500000,hamming,395,1307
500000,hamming,396,810
500000,hamming,397,583
500000,hamming,398,373
500000,hamming,399,241
500000,hamming,400,97
500000,hamming,401,83
500000,hamming,402,56
500000,hamming,403,31
500000,hamming,404,19
500000,hamming,405,7
500000,hamming,406,5
500000,hamming,407,1
500000,hamming,408,1
500000,genes,0,25513
500000,genes,1,19614
500000,genes,2,72713
500000,genes,3,85943
500000,genes,4,182291
500000,genes,5,199437
500000,genes,6,279662
500000,genes,7,253651
500000,genes,8,278512
500000,genes,9,215881
500000,genes,10,215963
500000,genes,11,183719
500000,genes,12,208765
500000,genes,13,159893
500000,genes,14,161507
500000,genes,15,117545
500000,genes,16,100700
500000,genes,17,70142
500000,genes,18,55895
500000,genes,19,39832
500000,genes,20,30859
500000,genes,21,21156
500000,genes,22,17315
500000,genes,23,11904
500000,genes,24,9047
500000,genes,25,5932
500000,genes,26,4274
500000,genes,27,3153
500000,genes,28,1791
500000,genes,29,1346
500000,genes,30,706
500000,genes,31,656
500000,genes,32,365
500000,genes,33,1072
500000,genes,34,2076
500000,genes,35,8432
500000,genes,36,29871
500000,genes,37,103640
500000,genes,38,325536
500000,genes,39,626276
500000,genes,40,892289
500000,genes,41,500300
500000,genes,42,220082
500000,genes,43,73102
500000,genes,44,20134
500000,genes,45,3968
500000,genes,46,575
500000,genes,47,36
500000,body,0,12978
500000,body,1,31209
500000,body,2,59686
500000,body,3,94665
500000,body,4,133680
500000,body,5,175757
500000,body,6,210736
500000,body,7,232394
500000,body,8,240557
500000,body,9,236622
500000,body,10,232089
500000,body,11,222004
500000,body,12,216432
500000,body,13,210195
500000,body,14,207044
500000,body,15,203719
500000,body,16,200269
500000,body,17,196385
500000,body,18,196533
500000,body,19,195839
500000,body,20,196886
500000,body,21,198259
500000,body,22,193086
500000,body,23,188895
500000,body,24,180823
500000,body,25,170659
500000,body,26,152672
500000,body,27,129853
500000,body,28,103854
500000,body,29,85274
500000,body,30,79033
500000,body,31,68727
500000,body,32,61861
500000,body,33,54261
500000,body,34,48927
500000,body,35,44038
500000,body,36,37152
500000,body,37,32948
500000,body,38,28543
500000,body,39,27105
500000,body,40,23310
500000,body,41,22031
500000,body,42,19552
500000,body,43,18232
500000,body,44,16384
500000,body,45,15446
500000,body,46,13454
500000,body,47,13186
500000,body,48,10923
500000,body,49,8654
500000,body,50,6924
500000,body,51,6459
500000,body,52,5613
500000,body,53,5364
500000,body,54,4858
500000,body,55,4896
500000,body,56,4329
500000,body,57,4359
500000,body,58,4353
500000,body,59,4263
500000,body,60,4180
500000,body,61,3191
500000,body,62,3434
500000,body,63,3168
500000,body,64,3480
500000,body,65,2965
500000,body,66,2448
500000,body,67,1575
500000,body,68,1005
500000,body,69,1082
500000,body,70,691
500000,body,71,532
500000,body,72,519
500000,body,73,531
500000,body,74,486
500000,body,75,880
500000,body,76,461
500000,body,77,531
500000,body,78,458
500000,body,79,466
500000,body,80,443
500000,body,81,336
500000,body,82,447
500000,body,83,390
500000,body,84,383
500000,body,85,374
500000,body,86,288
500000,body,87,276
500000,body,88,296
500000,body,89,238
500000,body,90,251
500000,body,91,255
500000,body,92,223
500000,body,93,202
500000,body,94,329
500000,body,95,506
500000,body,96,304
500000,body,97,234
500000,body,98,538
500000,body,99,90
500000,body,100,77
500000,body,101,46
500000,body,102,56
500000,body,103,34
500000,body,104,19
500000,body,105,21
500000,body,106,11
500000,body,107,17
500000,body,108,20
500000,body,109,8
500000,body,110,8
500000,body,111,6
500000,body,112,5
500000,body,113,2
500000,body,115,1
500000,body,116,1
500000,body,117,3
500000,body,118,1
500000,body,120,4
500000,body,121,1
500000,body,125,2
500000,body,129,1
500000,body,132,1
500000,body,133,1
