step,measure,value,count
50000,hamming,2,225
50000,hamming,3,28
50000,hamming,4,142
50000,hamming,5,53
50000,hamming,6,104
50000,hamming,7,54
50000,hamming,8,125
50000,hamming,9,57
50000,hamming,10,132
50000,hamming,11,76
50000,hamming,12,137
50000,hamming,13,103
50000,hamming,14,138
50000,hamming,15,121
50000,hamming,16,123
50000,hamming,17,134
50000,hamming,18,124
50000,hamming,19,94
50000,hamming,20,133
50000,hamming,21,90
50000,hamming,22,132
50000,hamming,23,98
50000,hamming,24,127
50000,hamming,25,100
50000,hamming,26,130
50000,hamming,27,119
50000,hamming,28,115
50000,hamming,29,123
50000,hamming,30,122
50000,hamming,31,118
50000,hamming,32,137
50000,hamming,33,112
50000,hamming,34,104
50000,hamming,35,109
50000,hamming,36,79
50000,hamming,37,87
50000,hamming,38,76
50000,hamming,39,53
50000,hamming,40,63
50000,hamming,41,47
50000,hamming,42,49
50000,hamming,43,43
50000,hamming,44,46
50000,hamming,45,43
50000,hamming,46,43
50000,hamming,47,40
50000,hamming,48,52
50000,hamming,49,42
50000,hamming,50,52
50000,hamming,51,55
50000,hamming,52,65
50000,hamming,53,53
50000,hamming,54,49
50000,hamming,55,49
50000,hamming,56,48
50000,hamming,57,59
50000,hamming,58,55
50000,hamming,59,78
50000,hamming,60,62
50000,hamming,61,102
50000,hamming,62,80
50000,hamming,63,115
50000,hamming,64,105
50000,hamming,65,125
50000,hamming,66,112
50000,hamming,67,118
50000,hamming,68,140
50000,hamming,69,141
50000,hamming,70,124
50000,hamming,71,131
50000,hamming,72,141
50000,hamming,73,135
50000,hamming,74,126
50000,hamming,75,155
50000,hamming,76,155
50000,hamming,77,146
50000,hamming,78,159
50000,hamming,79,150
50000,hamming,80,141
50000,hamming,81,132
50000,hamming,82,119
50000,hamming,83,117
50000,hamming,84,119
50000,hamming,85,88
50000,hamming,86,116
50000,hamming,87,93
50000,hamming,88,94
50000,hamming,89,88
50000,hamming,90,101
50000,hamming,91,108
50000,hamming,92,107
50000,hamming,93,88
50000,hamming,94,122
50000,hamming,95,119
50000,hamming,96,147
50000,hamming,97,150
50000,hamming,98,155
50000,hamming,99,153
50000,hamming,100,192
50000,hamming,101,180
50000,hamming,102,183
50000,hamming,103,178
50000,hamming,104,181
50000,hamming,105,211
50000,hamming,106,217
50000,hamming,107,239
50000,hamming,108,240
50000,hamming,109,235
50000,hamming,110,238
50000,hamming,111,242
50000,hamming,112,197
50000,hamming,113,256
50000,hamming,114,263
50000,hamming,115,292
50000,hamming,116,310
50000,hamming,117,301
50000,hamming,118,356
50000,hamming,119,360
50000,hamming,120,368
50000,hamming,121,354
50000,hamming,122,408
50000,hamming,123,397
50000,hamming,124,372
50000,hamming,125,377
50000,hamming,126,396
50000,hamming,127,408
50000,hamming,128,477
50000,hamming,129,475
50000,hamming,130,497
50000,hamming,131,480
50000,hamming,132,486
50000,hamming,133,518
50000,hamming,134,498
50000,hamming,135,544
50000,hamming,136,561
50000,hamming,137,601
50000,hamming,138,541
50000,hamming,139,595
50000,hamming,140,564
50000,hamming,141,563
50000,hamming,142,645
50000,hamming,143,622
50000,hamming,144,617
50000,hamming,145,656
50000,hamming,146,601
50000,hamming,147,643
50000,hamming,148,624
50000,hamming,149,589
50000,hamming,150,625
50000,hamming,151,639
50000,hamming,152,688
50000,hamming,153,648
50000,hamming,154,714
50000,hamming,155,690
50000,hamming,156,654
50000,hamming,157,666
50000,hamming,158,652
50000,hamming,159,659
50000,hamming,160,684
50000,hamming,161,740
50000,hamming,162,718
50000,hamming,163,805
50000,hamming,164,764
50000,hamming,165,789
50000,hamming,166,801
50000,hamming,167,769
50000,hamming,168,806
50000,hamming,169,695
50000,hamming,170,734
50000,hamming,171,686
50000,hamming,172,658
50000,hamming,173,647
50000,hamming,174,721
50000,hamming,175,717
50000,hamming,176,675
50000,hamming,177,650
50000,hamming,178,655
50000,hamming,179,688
50000,hamming,180,691
50000,hamming,181,681
50000,hamming,182,651
50000,hamming,183,635
50000,hamming,184,664
50000,hamming,185,664
50000,hamming,186,697
50000,hamming,187,700
50000,hamming,188,734
50000,hamming,189,781
50000,hamming,190,825
50000,hamming,191,857
50000,hamming,192,970
50000,hamming,193,943
50000,hamming,194,952
50000,hamming,195,951
50000,hamming,196,896
50000,hamming,197,911
50000,hamming,198,882
50000,hamming,199,787
50000,hamming,200,824
50000,hamming,201,847
50000,hamming,202,838
50000,hamming,203,743
50000,hamming,204,705
50000,hamming,205,704
50000,hamming,206,602
50000,hamming,207,546
50000,hamming,208,565
50000,hamming,209,529
50000,hamming,210,499
50000,hamming,211,505
50000,hamming,212,546
50000,hamming,213,524
50000,hamming,214,536
50000,hamming,215,544
50000,hamming,216,590
50000,hamming,217,622
50000,hamming,218,561
50000,hamming,219,559
50000,hamming,220,575
50000,hamming,221,562
50000,hamming,222,698
50000,hamming,223,815
50000,hamming,224,938
50000,hamming,225,1003
50000,hamming,226,1166
50000,hamming,227,1221
50000,hamming,228,1307
50000,hamming,229,1474
50000,hamming,230,1561
50000,hamming,231,1722
50000,hamming,232,1856
50000,hamming,233,2033
50000,hamming,234,2239
50000,hamming,235,2314
50000,hamming,236,2428
50000,hamming,237,2523
50000,hamming,238,2637
50000,hamming,239,2783
50000,hamming,240,2860
50000,hamming,241,2797
50000,hamming,242,2861
50000,hamming,243,2780
50000,hamming,244,2767
50000,hamming,245,2594
50000,hamming,246,2398
50000,hamming,247,2288
50000,hamming,248,2224
50000,hamming,249,2056
50000,hamming,250,2063
50000,hamming,251,2126
50000,hamming,252,2124
50000,hamming,253,2029
50000,hamming,254,2157
50000,hamming,255,2306
50000,hamming,256,2352
50000,hamming,257,2485
50000,hamming,258,2516
50000,hamming,259,2682
50000,hamming,260,2735
50000,hamming,261,2882
50000,hamming,262,2910
50000,hamming,263,3153
50000,hamming,264,3269
50000,hamming,265,3351
50000,hamming,266,3542
50000,hamming,267,3618
50000,hamming,268,3833
50000,hamming,269,3862
50000,hamming,270,3889
50000,hamming,271,4144
50000,hamming,272,4121
50000,hamming,273,4347
50000,hamming,274,4146
50000,hamming,275,4112
50000,hamming,276,3921
50000,hamming,277,3685
50000,hamming,278,3431
50000,hamming,279,3367
50000,hamming,280,3269
50000,hamming,281,3287
50000,hamming,282,3352
50000,hamming,283,3182
50000,hamming,284,3151
50000,hamming,285,2835
50000,hamming,286,2748
50000,hamming,287,2537
50000,hamming,288,2221
50000,hamming,289,2200
50000,hamming,290,1990
50000,hamming,291,1854
50000,hamming,292,1727
50000,hamming,293,1535
50000,hamming,294,1307
50000,hamming,295,1078
50000,hamming,296,861
50000,hamming,297,673
50000,hamming,298,563
50000,hamming,299,445
50000,hamming,300,341
50000,hamming,301,252
50000,hamming,302,184
50000,hamming,303,123
50000,hamming,304,109
50000,hamming,305,85
50000,hamming,306,82
50000,hamming,307,49
50000,hamming,308,48
50000,hamming,309,53
50000,hamming,310,70
50000,hamming,311,69
50000,hamming,312,91
50000,hamming,313,136
50000,hamming,314,213
50000,hamming,315,243
50000,hamming,316,200
50000,hamming,317,180
50000,hamming,318,164
50000,hamming,319,190
50000,hamming,320,194
50000,hamming,321,225
50000,hamming,322,209
50000,hamming,323,236
50000,hamming,324,257
50000,hamming,325,285
50000,hamming,326,288
50000,hamming,327,355
50000,hamming,328,392
50000,hamming,329,509
50000,hamming,330,641
50000,hamming,331,710
50000,hamming,332,757
50000,hamming,333,665
50000,hamming,334,674
50000,hamming,335,608
50000,hamming,336,560
50000,hamming,337,563
50000,hamming,338,618
50000,hamming,339,664
50000,hamming,340,740
50000,hamming,341,729
50000,hamming,342,781
50000,hamming,343,742
50000,hamming,344,664
50000,hamming,345,686
50000,hamming,346,733
50000,hamming,347,785
50000,hamming,348,746
50000,hamming,349,709
50000,hamming,350,606
50000,hamming,351,513
50000,hamming,352,437
50000,hamming,353,391
50000,hamming,354,259
50000,hamming,355,266
50000,hamming,356,194
50000,hamming,357,138
50000,hamming,358,119
50000,hamming,359,79
50000,hamming,360,68
50000,hamming,361,72
50000,hamming,362,41
50000,hamming,363,57
50000,hamming,364,26
50000,hamming,365,22
50000,hamming,366,17
50000,hamming,367,8
50000,hamming,369,2
50000,genes,0,50125
50000,genes,1,2657
50000,genes,2,55845
50000,genes,3,3076
50000,genes,4,10393
50000,genes,5,2889
50000,genes,6,4470
50000,genes,7,55856
50000,genes,8,14229
50000,genes,9,47700
50000,genes,10,13577
50000,genes,11,8317
50000,genes,12,1974
50000,genes,13,13013
50000,genes,14,6251
50000,genes,15,824
50000,genes,16,3683
50000,genes,17,1124
50000,genes,18,62
50000,body,0,99835
50000,body,1,13000
50000,body,2,3737
50000,body,3,5421
50000,body,4,3278
50000,body,5,2473
50000,body,6,3318
50000,body,7,8614
50000,body,8,16044
50000,body,9,38039
50000,body,10,22292
50000,body,11,11647
50000,body,12,35947
50000,body,13,4074
50000,body,14,2022
50000,body,15,4648
50000,body,16,1242
50000,body,17,652
50000,body,18,1183
50000,body,19,830
50000,body,20,2038
50000,body,21,1733
50000,body,22,3100
50000,body,23,1668
50000,body,24,944
50000,body,25,3159
50000,body,26,233
50000,body,27,703
50000,body,28,231
50000,body,29,1455
50000,body,30,102
50000,body,31,226
50000,body,32,351
50000,body,33,217
50000,body,34,506
50000,body,35,131
50000,body,36,51
50000,body,37,35
50000,body,38,26
50000,body,39,35
50000,body,40,16
50000,body,41,14
50000,body,42,7
50000,body,43,21
50000,body,44,97
50000,body,45,43
50000,body,46,21
50000,body,47,75
50000,body,48,489
50000,body,49,15
50000,body,50,2
50000,body,51,15
50000,body,52,4
50000,body,53,4
50000,body,54,2
100000,hamming,1,1
100000,hamming,2,214
100000,hamming,3,34
100000,hamming,4,167
100000,hamming,5,50
100000,hamming,6,164
100000,hamming,7,69
100000,hamming,8,157
100000,hamming,9,117
100000,hamming,10,191
100000,hamming,11,132
100000,hamming,12,185
100000,hamming,13,168
100000,hamming,14,209
100000,hamming,15,177
100000,hamming,16,245
100000,hamming,17,186
100000,hamming,18,254
100000,hamming,19,208
100000,hamming,20,213
100000,hamming,21,236
100000,hamming,22,247
100000,hamming,23,234
100000,hamming,24,294
100000,hamming,25,244
100000,hamming,26,298
100000,hamming,27,297
100000,hamming,28,284
100000,hamming,29,273
100000,hamming,30,313
100000,hamming,31,287
100000,hamming,32,264
100000,hamming,33,210
100000,hamming,34,199
100000,hamming,35,142
100000,hamming,36,128
100000,hamming,37,107
100000,hamming,38,86
100000,hamming,39,67
100000,hamming,40,57
100000,hamming,41,38
100000,hamming,42,46
100000,hamming,43,47
100000,hamming,44,28
100000,hamming,45,26
100000,hamming,46,27
100000,hamming,47,28
100000,hamming,48,23
100000,hamming,49,38
100000,hamming,50,37
100000,hamming,51,43
100000,hamming,52,41
100000,hamming,53,61
100000,hamming,54,51
100000,hamming,55,57
100000,hamming,56,70
100000,hamming,57,53
100000,hamming,58,95
100000,hamming,59,61
100000,hamming,60,93
100000,hamming,61,82
100000,hamming,62,108
100000,hamming,63,105
100000,hamming,64,93
100000,hamming,65,101
100000,hamming,66,117
100000,hamming,67,106
100000,hamming,68,106
100000,hamming,69,107
100000,hamming,70,109
100000,hamming,71,101
100000,hamming,72,94
100000,hamming,73,95
100000,hamming,74,110
100000,hamming,75,107
100000,hamming,76,113
100000,hamming,77,122
100000,hamming,78,121
100000,hamming,79,127
100000,hamming,80,114
100000,hamming,81,123
100000,hamming,82,111
100000,hamming,83,147
100000,hamming,84,119
100000,hamming,85,154
100000,hamming,86,151
100000,hamming,87,178
100000,hamming,88,195
100000,hamming,89,240
100000,hamming,90,218
100000,hamming,91,250
100000,hamming,92,228
100000,hamming,93,266
100000,hamming,94,252
100000,hamming,95,243
100000,hamming,96,256
100000,hamming,97,278
100000,hamming,98,268
100000,hamming,99,305
100000,hamming,100,324
100000,hamming,101,317
100000,hamming,102,332
100000,hamming,103,334
100000,hamming,104,324
100000,hamming,105,308
100000,hamming,106,345
100000,hamming,107,341
100000,hamming,108,350
100000,hamming,109,323
100000,hamming,110,390
100000,hamming,111,349
100000,hamming,112,390
100000,hamming,113,378
100000,hamming,114,442
100000,hamming,115,443
100000,hamming,116,479
100000,hamming,117,456
100000,hamming,118,485
100000,hamming,119,483
100000,hamming,120,471
100000,hamming,121,525
100000,hamming,122,531
100000,hamming,123,517
100000,hamming,124,510
100000,hamming,125,489
100000,hamming,126,519
100000,hamming,127,543
100000,hamming,128,549
100000,hamming,129,580
100000,hamming,130,625
100000,hamming,131,676
100000,hamming,132,658
100000,hamming,133,739
100000,hamming,134,706
100000,hamming,135,726
100000,hamming,136,746
100000,hamming,137,717
100000,hamming,138,779
100000,hamming,139,765
100000,hamming,140,791
100000,hamming,141,798
100000,hamming,142,873
100000,hamming,143,864
100000,hamming,144,850
100000,hamming,145,871
100000,hamming,146,908
100000,hamming,147,975
100000,hamming,148,1005
100000,hamming,149,1024
100000,hamming,150,998
100000,hamming,151,1019
100000,hamming,152,1057
100000,hamming,153,1051
100000,hamming,154,1002
100000,hamming,155,1138
100000,hamming,156,1158
100000,hamming,157,1237
100000,hamming,158,1118
100000,hamming,159,1149
100000,hamming,160,1148
100000,hamming,161,1071
100000,hamming,162,1101
100000,hamming,163,1037
100000,hamming,164,1049
100000,hamming,165,1024
100000,hamming,166,1079
100000,hamming,167,1082
100000,hamming,168,1023
100000,hamming,169,959
100000,hamming,170,947
100000,hamming,171,904
100000,hamming,172,907
100000,hamming,173,888
100000,hamming,174,926
100000,hamming,175,936
100000,hamming,176,949
100000,hamming,177,905
100000,hamming,178,836
100000,hamming,179,900
100000,hamming,180,814
100000,hamming,181,768
100000,hamming,182,788
100000,hamming,183,722
100000,hamming,184,678
100000,hamming,185,642
100000,hamming,186,645
100000,hamming,187,590
100000,hamming,188,521
100000,hamming,189,496
100000,hamming,190,486
100000,hamming,191,493
100000,hamming,192,480
100000,hamming,193,480
100000,hamming,194,389
100000,hamming,195,357
100000,hamming,196,336
100000,hamming,197,284
100000,hamming,198,287
100000,hamming,199,252
100000,hamming,200,213
100000,hamming,201,205
100000,hamming,202,191
100000,hamming,203,138
100000,hamming,204,152
100000,hamming,205,121
100000,hamming,206,110
100000,hamming,207,99
100000,hamming,208,64
100000,hamming,209,65
100000,hamming,210,61
100000,hamming,211,61
100000,hamming,212,60
100000,hamming,213,53
100000,hamming,214,51
100000,hamming,215,43
100000,hamming,216,33
100000,hamming,217,24
100000,hamming,218,19
100000,hamming,219,33
100000,hamming,220,34
100000,hamming,221,24
100000,hamming,222,36
100000,hamming,223,24
100000,hamming,224,26
100000,hamming,225,19
100000,hamming,226,20
100000,hamming,227,21
100000,hamming,228,14
100000,hamming,229,6
100000,hamming,230,5
100000,hamming,231,9
100000,hamming,232,12
100000,hamming,233,8
100000,hamming,234,4
100000,hamming,235,4
100000,hamming,236,4
100000,hamming,237,1
100000,hamming,238,4
100000,hamming,239,1
100000,hamming,240,1
100000,hamming,244,1
100000,hamming,245,1
100000,hamming,247,1
100000,hamming,248,1
100000,hamming,249,1
100000,hamming,254,1
100000,hamming,255,2
100000,hamming,295,1
100000,hamming,296,10
100000,hamming,297,36
100000,hamming,298,80
100000,hamming,299,134
100000,hamming,300,217
100000,hamming,301,301
100000,hamming,302,431
100000,hamming,303,504
100000,hamming,304,557
100000,hamming,305,658
100000,hamming,306,690
100000,hamming,307,714
100000,hamming,308,835
100000,hamming,309,990
100000,hamming,310,1214
100000,hamming,311,1602
100000,hamming,312,1902
100000,hamming,313,2392
100000,hamming,314,2833
100000,hamming,315,3365
100000,hamming,316,3922
100000,hamming,317,4386
100000,hamming,318,5024
100000,hamming,319,5579
100000,hamming,320,6111
100000,hamming,321,6653
100000,hamming,322,7320
100000,hamming,323,7851
100000,hamming,324,8234
100000,hamming,325,8794
100000,hamming,326,8930
100000,hamming,327,9383
100000,hamming,328,9524
100000,hamming,329,9444
100000,hamming,330,9356
100000,hamming,331,9203
100000,hamming,332,8925
100000,hamming,333,8428
100000,hamming,334,7668
100000,hamming,335,7400
100000,hamming,336,7011
100000,hamming,337,6494
100000,hamming,338,5940
100000,hamming,339,5519
100000,hamming,340,4990
100000,hamming,341,4516
100000,hamming,342,4257
100000,hamming,343,3814
100000,hamming,344,3445
100000,hamming,345,2957
100000,hamming,346,2532
100000,hamming,347,1953
100000,hamming,348,1741
100000,hamming,349,1479
100000,hamming,350,1319
100000,hamming,351,1229
100000,hamming,352,1116
100000,hamming,353,924
100000,hamming,354,777
100000,hamming,355,688
100000,hamming,356,581
100000,hamming,357,445
100000,hamming,358,315
100000,hamming,359,313
100000,hamming,360,255
100000,hamming,361,222
100000,hamming,362,179
100000,hamming,363,131
100000,hamming,364,96
100000,hamming,365,61
100000,hamming,366,35
100000,hamming,367,45
100000,hamming,368,17
100000,hamming,369,3
100000,hamming,370,1
100000,hamming,371,4
100000,hamming,373,2
100000,hamming,375,1
100000,hamming,376,1
100000,genes,0,27177
100000,genes,1,4182
100000,genes,2,42238
100000,genes,3,7176
100000,genes,4,33237
100000,genes,5,5955
100000,genes,6,13844
100000,genes,7,15688
100000,genes,8,10828
100000,genes,9,57464
100000,genes,10,32030
100000,genes,11,41482
100000,genes,12,23756
100000,genes,13,5555
100000,genes,14,2021
100000,genes,15,401
100000,genes,16,333
100000,genes,17,233
100000,genes,18,10
100000,body,0,63453
100000,body,1,27381
100000,body,2,19297
100000,body,3,12023
100000,body,4,6274
100000,body,5,5705
100000,body,6,2887
100000,body,7,3457
100000,body,8,6682
100000,body,9,33879
100000,body,10,21022
100000,body,11,19050
100000,body,12,21255
100000,body,13,34279
100000,body,14,18756
100000,body,15,5911
100000,body,16,2590
100000,body,17,1947
100000,body,18,2325
100000,body,19,1711
100000,body,20,806
100000,body,21,1053
100000,body,22,882
100000,body,23,886
100000,body,24,880
100000,body,25,483
100000,body,26,638
100000,body,27,203
100000,body,28,160
100000,body,29,190
100000,body,30,109
100000,body,31,465
100000,body,32,259
100000,body,33,135
100000,body,34,155
100000,body,35,455
100000,body,36,1042
100000,body,37,499
100000,body,38,860
100000,body,39,485
100000,body,40,269
100000,body,41,437
100000,body,42,118
100000,body,43,86
100000,body,44,26
100000,body,45,31
100000,body,46,59
100000,body,47,35
100000,body,48,453
100000,body,49,242
100000,body,50,764
100000,body,51,388
100000,body,52,79
100000,body,53,29
100000,body,54,19
100000,body,55,23
100000,body,56,2
100000,body,57,7
100000,body,58,5
100000,body,59,4
100000,body,61,4
100000,body,63,1
150000,hamming,1,1
150000,hamming,2,184
150000,hamming,3,23
150000,hamming,4,134
150000,hamming,5,23
150000,hamming,6,118
150000,hamming,7,25
150000,hamming,8,92
150000,hamming,9,31
150000,hamming,10,74
150000,hamming,11,37
150000,hamming,12,70
150000,hamming,13,32
150000,hamming,14,80
150000,hamming,15,34
150000,hamming,16,67
150000,hamming,17,41
150000,hamming,18,43
150000,hamming,19,54
150000,hamming,20,57
150000,hamming,21,36
150000,hamming,22,56
150000,hamming,23,36
150000,hamming,24,52
150000,hamming,25,39
150000,hamming,26,59
150000,hamming,27,54
150000,hamming,28,68
150000,hamming,29,61
150000,hamming,30,70
150000,hamming,31,68
150000,hamming,32,69
150000,hamming,33,74
150000,hamming,34,106
150000,hamming,35,95
150000,hamming,36,95
150000,hamming,37,119
150000,hamming,38,99
150000,hamming,39,95
150000,hamming,40,103
150000,hamming,41,69
150000,hamming,42,99
150000,hamming,43,84
150000,hamming,44,76
150000,hamming,45,89
150000,hamming,46,69
150000,hamming,47,81
150000,hamming,48,72
150000,hamming,49,89
150000,hamming,50,86
150000,hamming,51,84
150000,hamming,52,84
150000,hamming,53,98
150000,hamming,54,107
150000,hamming,55,134
150000,hamming,56,104
150000,hamming,57,142
150000,hamming,58,134
150000,hamming,59,139
150000,hamming,60,147
150000,hamming,61,182
150000,hamming,62,183
150000,hamming,63,203
150000,hamming,64,183
150000,hamming,65,207
150000,hamming,66,194
150000,hamming,67,202
150000,hamming,68,224
150000,hamming,69,249
150000,hamming,70,218
150000,hamming,71,257
150000,hamming,72,278
150000,hamming,73,287
150000,hamming,74,307
150000,hamming,75,330
150000,hamming,76,349
150000,hamming,77,359
150000,hamming,78,374
150000,hamming,79,382
150000,hamming,80,408
150000,hamming,81,403
150000,hamming,82,484
150000,hamming,83,457
150000,hamming,84,475
150000,hamming,85,520
150000,hamming,86,507
150000,hamming,87,534
150000,hamming,88,576
150000,hamming,89,655
150000,hamming,90,677
150000,hamming,91,687
150000,hamming,92,729
150000,hamming,93,740
150000,hamming,94,742
150000,hamming,95,787
150000,hamming,96,762
150000,hamming,97,753
150000,hamming,98,762
150000,hamming,99,789
150000,hamming,100,792
150000,hamming,101,776
150000,hamming,102,780
150000,hamming,103,820
150000,hamming,104,815
150000,hamming,105,853
150000,hamming,106,824
150000,hamming,107,784
150000,hamming,108,859
150000,hamming,109,804
150000,hamming,110,879
150000,hamming,111,862
150000,hamming,112,878
150000,hamming,113,939
150000,hamming,114,914
150000,hamming,115,898
150000,hamming,116,924
150000,hamming,117,891
150000,hamming,118,821
150000,hamming,119,825
150000,hamming,120,778
150000,hamming,121,848
150000,hamming,122,797
150000,hamming,123,784
150000,hamming,124,845
150000,hamming,125,742
150000,hamming,126,820
150000,hamming,127,819
150000,hamming,128,720
150000,hamming,129,750
150000,hamming,130,783
150000,hamming,131,767
150000,hamming,132,736
150000,hamming,133,804
150000,hamming,134,743
150000,hamming,135,768
150000,hamming,136,731
150000,hamming,137,778
150000,hamming,138,761
150000,hamming,139,717
150000,hamming,140,768
150000,hamming,141,790
150000,hamming,142,742
150000,hamming,143,759
150000,hamming,144,814
150000,hamming,145,768
150000,hamming,146,802
150000,hamming,147,773
150000,hamming,148,813
150000,hamming,149,768
150000,hamming,150,730
150000,hamming,151,756
150000,hamming,152,707
150000,hamming,153,770
150000,hamming,154,767
150000,hamming,155,761
150000,hamming,156,719
150000,hamming,157,676
150000,hamming,158,704
150000,hamming,159,689
150000,hamming,160,639
150000,hamming,161,646
150000,hamming,162,631
150000,hamming,163,630
150000,hamming,164,663
150000,hamming,165,631
150000,hamming,166,605
150000,hamming,167,558
150000,hamming,168,502
150000,hamming,169,479
150000,hamming,170,405
150000,hamming,171,441
150000,hamming,172,460
150000,hamming,173,405
150000,hamming,174,379
150000,hamming,175,431
150000,hamming,176,407
150000,hamming,177,380
150000,hamming,178,402
150000,hamming,179,332
150000,hamming,180,268
150000,hamming,181,230
150000,hamming,182,202
150000,hamming,183,166
150000,hamming,184,140
150000,hamming,185,140
150000,hamming,186,122
150000,hamming,187,122
150000,hamming,188,103
150000,hamming,189,102
150000,hamming,190,102
150000,hamming,191,78
150000,hamming,192,77
150000,hamming,193,69
150000,hamming,194,61
150000,hamming,195,54
150000,hamming,196,49
150000,hamming,197,34
150000,hamming,198,39
150000,hamming,199,39
150000,hamming,200,30
150000,hamming,201,33
150000,hamming,202,18
150000,hamming,203,20
150000,hamming,204,9
150000,hamming,205,15
150000,hamming,206,11
150000,hamming,207,8
150000,hamming,208,5
150000,hamming,209,12
150000,hamming,210,32
150000,hamming,211,42
150000,hamming,212,54
150000,hamming,213,70
150000,hamming,214,99
150000,hamming,215,100
150000,hamming,216,89
150000,hamming,217,108
150000,hamming,218,88
150000,hamming,219,107
150000,hamming,220,100
150000,hamming,221,98
150000,hamming,222,83
150000,hamming,223,85
150000,hamming,224,93
150000,hamming,225,85
150000,hamming,226,67
150000,hamming,227,43
150000,hamming,228,35
150000,hamming,229,27
150000,hamming,230,21
150000,hamming,231,20
150000,hamming,232,14
150000,hamming,233,4
150000,hamming,234,1
150000,hamming,310,1
150000,hamming,311,2
150000,hamming,312,1
150000,hamming,313,2
150000,hamming,314,11
150000,hamming,315,21
150000,hamming,316,46
150000,hamming,317,59
150000,hamming,318,145
150000,hamming,319,245
150000,hamming,320,337
150000,hamming,321,529
150000,hamming,322,613
150000,hamming,323,780
150000,hamming,324,1014
150000,hamming,325,1330
150000,hamming,326,1651
150000,hamming,327,1967
150000,hamming,328,2288
150000,hamming,329,2771
150000,hamming,330,3097
150000,hamming,331,3407
150000,hamming,332,3887
150000,hamming,333,4117
150000,hamming,334,4424
150000,hamming,335,4653
150000,hamming,336,5061
150000,hamming,337,5330
150000,hamming,338,5441
150000,hamming,339,5595
150000,hamming,340,5619
150000,hamming,341,5657
150000,hamming,342,5495
150000,hamming,343,5710
150000,hamming,344,5564
150000,hamming,345,5717
150000,hamming,346,5591
150000,hamming,347,5454
150000,hamming,348,5248
150000,hamming,349,5149
150000,hamming,350,5083
150000,hamming,351,5140
150000,hamming,352,4873
150000,hamming,353,4672
150000,hamming,354,4481
150000,hamming,355,4054
150000,hamming,356,3571
150000,hamming,357,3151
150000,hamming,358,2708
150000,hamming,359,2211
150000,hamming,360,1785
150000,hamming,361,1539
150000,hamming,362,1260
150000,hamming,363,1046
150000,hamming,364,800
150000,hamming,365,597
150000,hamming,366,466
150000,hamming,367,353
150000,hamming,368,266
150000,hamming,369,201
150000,hamming,370,110
150000,hamming,371,90
150000,hamming,372,31
150000,hamming,373,4
150000,genes,0,18169
150000,genes,1,2505
150000,genes,2,29540
150000,genes,3,7699
150000,genes,4,34947
150000,genes,5,13144
150000,genes,6,45979
150000,genes,7,7694
150000,genes,8,3571
150000,genes,9,26027
150000,genes,10,21735
150000,genes,11,6051
150000,genes,12,2694
150000,genes,13,6433
150000,genes,14,12519
150000,genes,15,3484
150000,genes,16,1240
150000,genes,17,1487
150000,genes,18,782
150000,genes,19,269
150000,genes,20,74
150000,genes,21,8
150000,body,0,33707
150000,body,1,12903
150000,body,2,28586
150000,body,3,36663
150000,body,4,8751
150000,body,5,15018
150000,body,6,8683
150000,body,7,4535
150000,body,8,3234
150000,body,9,3249
150000,body,10,2916
150000,body,11,5973
150000,body,12,6993
150000,body,13,10082
150000,body,14,20250
150000,body,15,12985
150000,body,16,6895
150000,body,17,4620
150000,body,18,5238
150000,body,19,3619
150000,body,20,2466
150000,body,21,1900
150000,body,22,1414
150000,body,23,673
150000,body,24,696
150000,body,25,727
150000,body,26,394
150000,body,27,497
150000,body,28,219
150000,body,29,471
150000,body,30,209
150000,body,31,285
150000,body,32,385
150000,body,33,197
150000,body,34,339
150000,body,35,76
150000,body,36,85
150000,body,37,49
150000,body,38,19
150000,body,39,27
150000,body,40,9
150000,body,41,5
150000,body,42,1
150000,body,43,6
150000,body,45,2
200000,hamming,0,1
200000,hamming,1,1
200000,hamming,2,148
200000,hamming,3,21
200000,hamming,4,98
200000,hamming,5,16
200000,hamming,6,67
200000,hamming,7,25
200000,hamming,8,62
200000,hamming,9,28
200000,hamming,10,68
200000,hamming,11,23
200000,hamming,12,69
200000,hamming,13,26
200000,hamming,14,45
200000,hamming,15,29
200000,hamming,16,31
200000,hamming,17,29
200000,hamming,18,42
200000,hamming,19,30
200000,hamming,20,41
200000,hamming,21,44
200000,hamming,22,37
200000,hamming,23,55
200000,hamming,24,55
200000,hamming,25,65
200000,hamming,26,44
200000,hamming,27,63
200000,hamming,28,54
200000,hamming,29,64
200000,hamming,30,60
200000,hamming,31,58
200000,hamming,32,43
200000,hamming,33,58
200000,hamming,34,54
200000,hamming,35,57
200000,hamming,36,75
200000,hamming,37,60
200000,hamming,38,78
200000,hamming,39,53
200000,hamming,40,65
200000,hamming,41,64
200000,hamming,42,60
200000,hamming,43,64
200000,hamming,44,65
200000,hamming,45,68
200000,hamming,46,59
200000,hamming,47,77
200000,hamming,48,74
200000,hamming,49,85
200000,hamming,50,84
200000,hamming,51,89
200000,hamming,52,77
200000,hamming,53,99
200000,hamming,54,104
200000,hamming,55,106
200000,hamming,56,93
200000,hamming,57,111
200000,hamming,58,113
200000,hamming,59,101
200000,hamming,60,130
200000,hamming,61,109
200000,hamming,62,161
200000,hamming,63,127
200000,hamming,64,144
200000,hamming,65,165
200000,hamming,66,157
200000,hamming,67,163
200000,hamming,68,187
200000,hamming,69,190
200000,hamming,70,204
200000,hamming,71,248
200000,hamming,72,198
200000,hamming,73,249
200000,hamming,74,213
200000,hamming,75,274
200000,hamming,76,237
200000,hamming,77,282
200000,hamming,78,299
200000,hamming,79,324
200000,hamming,80,337
200000,hamming,81,342
200000,hamming,82,358
200000,hamming,83,347
200000,hamming,84,373
200000,hamming,85,348
200000,hamming,86,351
200000,hamming,87,372
200000,hamming,88,378
200000,hamming,89,433
200000,hamming,90,451
200000,hamming,91,466
200000,hamming,92,470
200000,hamming,93,524
200000,hamming,94,533
200000,hamming,95,583
200000,hamming,96,555
200000,hamming,97,635
200000,hamming,98,631
200000,hamming,99,691
200000,hamming,100,662
200000,hamming,101,751
200000,hamming,102,669
200000,hamming,103,696
200000,hamming,104,769
200000,hamming,105,751
200000,hamming,106,779
200000,hamming,107,773
200000,hamming,108,835
200000,hamming,109,823
200000,hamming,110,890
200000,hamming,111,891
200000,hamming,112,910
200000,hamming,113,974
200000,hamming,114,962
200000,hamming,115,997
200000,hamming,116,1023
200000,hamming,117,1142
200000,hamming,118,1106
200000,hamming,119,1084
200000,hamming,120,1067
200000,hamming,121,1196
200000,hamming,122,1183
200000,hamming,123,1141
200000,hamming,124,1172
200000,hamming,125,1212
200000,hamming,126,1178
200000,hamming,127,1261
200000,hamming,128,1204
200000,hamming,129,1270
200000,hamming,130,1226
200000,hamming,131,1284
200000,hamming,132,1430
200000,hamming,133,1340
200000,hamming,134,1394
200000,hamming,135,1444
200000,hamming,136,1381
200000,hamming,137,1415
200000,hamming,138,1373
200000,hamming,139,1369
200000,hamming,140,1343
200000,hamming,141,1344
200000,hamming,142,1397
200000,hamming,143,1364
200000,hamming,144,1353
200000,hamming,145,1343
200000,hamming,146,1234
200000,hamming,147,1248
200000,hamming,148,1215
200000,hamming,149,1146
200000,hamming,150,1150
200000,hamming,151,1043
200000,hamming,152,954
200000,hamming,153,989
200000,hamming,154,879
200000,hamming,155,898
200000,hamming,156,833
200000,hamming,157,814
200000,hamming,158,761
200000,hamming,159,795
200000,hamming,160,758
200000,hamming,161,730
200000,hamming,162,673
200000,hamming,163,633
200000,hamming,164,566
200000,hamming,165,514
200000,hamming,166,444
200000,hamming,167,445
200000,hamming,168,388
200000,hamming,169,462
200000,hamming,170,392
200000,hamming,171,410
200000,hamming,172,351
200000,hamming,173,325
200000,hamming,174,313
200000,hamming,175,282
200000,hamming,176,255
200000,hamming,177,230
200000,hamming,178,218
200000,hamming,179,210
200000,hamming,180,211
200000,hamming,181,146
200000,hamming,182,117
200000,hamming,183,103
200000,hamming,184,106
200000,hamming,185,77
200000,hamming,186,84
200000,hamming,187,79
200000,hamming,188,51
200000,hamming,189,49
200000,hamming,190,42
200000,hamming,191,35
200000,hamming,192,22
200000,hamming,193,14
200000,hamming,194,9
200000,hamming,195,7
200000,hamming,196,5
200000,hamming,197,5
200000,hamming,198,3
200000,hamming,199,5
200000,hamming,200,5
200000,hamming,201,1
200000,hamming,203,5
200000,hamming,204,3
200000,hamming,205,1
200000,hamming,206,1
200000,hamming,288,6
200000,hamming,291,7
200000,hamming,292,8
200000,hamming,293,14
200000,hamming,294,23
200000,hamming,295,35
200000,hamming,296,28
200000,hamming,297,44
200000,hamming,298,40
200000,hamming,299,46
200000,hamming,300,58
200000,hamming,301,62
200000,hamming,302,77
200000,hamming,303,83
200000,hamming,304,115
200000,hamming,305,127
200000,hamming,306,145
200000,hamming,307,125
200000,hamming,308,145
200000,hamming,309,152
200000,hamming,310,188
200000,hamming,311,186
200000,hamming,312,182
200000,hamming,313,178
200000,hamming,314,152
200000,hamming,315,145
200000,hamming,316,124
200000,hamming,317,86
200000,hamming,318,71
200000,hamming,319,44
200000,hamming,320,38
200000,hamming,321,31
200000,hamming,322,27
200000,hamming,323,25
200000,hamming,324,22
200000,hamming,325,22
200000,hamming,326,38
200000,hamming,327,34
200000,hamming,328,63
200000,hamming,329,110
200000,hamming,330,139
200000,hamming,331,196
200000,hamming,332,227
200000,hamming,333,328
200000,hamming,334,476
200000,hamming,335,678
200000,hamming,336,878
200000,hamming,337,1111
200000,hamming,338,1340
200000,hamming,339,1717
200000,hamming,340,1954
200000,hamming,341,2351
200000,hamming,342,2930
200000,hamming,343,3434
200000,hamming,344,4110
200000,hamming,345,4668
200000,hamming,346,5419
200000,hamming,347,6088
200000,hamming,348,6562
200000,hamming,349,7290
200000,hamming,350,7941
200000,hamming,351,8316
200000,hamming,352,8640
200000,hamming,353,8589
200000,hamming,354,8344
200000,hamming,355,8057
200000,hamming,356,7732
200000,hamming,357,7187
200000,hamming,358,6614
200000,hamming,359,5929
200000,hamming,360,5201
200000,hamming,361,4485
200000,hamming,362,3688
200000,hamming,363,3011
200000,hamming,364,2465
200000,hamming,365,2059
200000,hamming,366,1604
200000,hamming,367,1133
200000,hamming,368,794
200000,hamming,369,619
200000,hamming,370,413
200000,hamming,371,270
200000,hamming,372,143
200000,hamming,373,106
200000,hamming,374,45
200000,hamming,375,25
200000,hamming,376,17
200000,hamming,377,17
200000,hamming,378,11
200000,hamming,379,8
200000,hamming,380,9
200000,hamming,381,6
200000,hamming,382,5
200000,hamming,383,1
200000,hamming,384,2
200000,hamming,386,1
200000,genes,0,29338
200000,genes,1,5912
200000,genes,2,35346
200000,genes,3,4225
200000,genes,4,17485
200000,genes,5,67923
200000,genes,6,6735
200000,genes,7,10787
200000,genes,8,2985
200000,genes,9,19295
200000,genes,10,23419
200000,genes,11,14019
200000,genes,12,11318
200000,genes,13,1389
200000,genes,14,100
200000,genes,15,2
200000,body,0,38684
200000,body,1,5626
200000,body,2,16201
200000,body,3,10886
200000,body,4,24271
200000,body,5,12873
200000,body,6,45476
200000,body,7,9399
200000,body,8,5699
200000,body,9,5055
200000,body,10,4045
200000,body,11,3970
200000,body,12,3156
200000,body,13,11895
200000,body,14,25397
200000,body,15,8527
200000,body,16,7453
200000,body,17,2914
200000,body,18,1502
200000,body,19,2030
200000,body,20,880
200000,body,21,412
200000,body,22,498
200000,body,23,657
200000,body,24,176
200000,body,25,538
200000,body,26,333
200000,body,27,343
200000,body,28,476
200000,body,29,289
200000,body,30,146
200000,body,31,66
200000,body,32,140
200000,body,33,42
200000,body,34,204
200000,body,35,11
200000,body,37,3
200000,body,39,1
200000,body,40,1
200000,body,42,1
200000,body,43,1
200000,body,44,1
250000,hamming,2,170
250000,hamming,3,16
250000,hamming,4,109
250000,hamming,5,35
250000,hamming,6,100
250000,hamming,7,36
250000,hamming,8,83
250000,hamming,9,34
250000,hamming,10,91
250000,hamming,11,46
250000,hamming,12,94
250000,hamming,13,57
250000,hamming,14,83
250000,hamming,15,63
250000,hamming,16,77
250000,hamming,17,86
250000,hamming,18,78
250000,hamming,19,90
250000,hamming,20,73
250000,hamming,21,89
250000,hamming,22,76
250000,hamming,23,97
250000,hamming,24,75
250000,hamming,25,89
250000,hamming,26,77
250000,hamming,27,75
250000,hamming,28,84
250000,hamming,29,78
250000,hamming,30,71
250000,hamming,31,54
250000,hamming,32,73
250000,hamming,33,46
250000,hamming,34,74
250000,hamming,35,55
250000,hamming,36,69
250000,hamming,37,47
250000,hamming,38,69
250000,hamming,39,61
250000,hamming,40,62
250000,hamming,41,52
250000,hamming,42,40
250000,hamming,43,44
250000,hamming,44,38
250000,hamming,45,40
250000,hamming,46,44
250000,hamming,47,46
250000,hamming,48,52
250000,hamming,49,60
250000,hamming,50,41
250000,hamming,51,63
250000,hamming,52,48
250000,hamming,53,66
250000,hamming,54,60
250000,hamming,55,54
250000,hamming,56,70
250000,hamming,57,65
250000,hamming,58,62
250000,hamming,59,75
250000,hamming,60,95
250000,hamming,61,86
250000,hamming,62,75
250000,hamming,63,78
250000,hamming,64,108
250000,hamming,65,81
250000,hamming,66,102
250000,hamming,67,65
250000,hamming,68,71
250000,hamming,69,75
250000,hamming,70,87
250000,hamming,71,91
250000,hamming,72,91
250000,hamming,73,130
250000,hamming,74,140
250000,hamming,75,133
250000,hamming,76,138
250000,hamming,77,137
250000,hamming,78,146
250000,hamming,79,131
250000,hamming,80,145
250000,hamming,81,133
250000,hamming,82,132
250000,hamming,83,140
250000,hamming,84,122
250000,hamming,85,135
250000,hamming,86,146
250000,hamming,87,140
250000,hamming,88,161
250000,hamming,89,216
250000,hamming,90,220
250000,hamming,91,247
250000,hamming,92,234
250000,hamming,93,234
250000,hamming,94,250
250000,hamming,95,202
250000,hamming,96,263
250000,hamming,97,218
250000,hamming,98,266
250000,hamming,99,241
250000,hamming,100,224
250000,hamming,101,253
250000,hamming,102,229
250000,hamming,103,221
250000,hamming,104,258
250000,hamming,105,236
250000,hamming,106,238
250000,hamming,107,225
250000,hamming,108,241
250000,hamming,109,257
250000,hamming,110,269
250000,hamming,111,267
250000,hamming,112,278
250000,hamming,113,268
250000,hamming,114,241
250000,hamming,115,256
250000,hamming,116,268
250000,hamming,117,262
250000,hamming,118,277
250000,hamming,119,274
250000,hamming,120,285
250000,hamming,121,277
250000,hamming,122,332
250000,hamming,123,295
250000,hamming,124,323
250000,hamming,125,363
250000,hamming,126,343
250000,hamming,127,342
250000,hamming,128,413
250000,hamming,129,401
250000,hamming,130,402
250000,hamming,131,459
250000,hamming,132,429
250000,hamming,133,453
250000,hamming,134,493
250000,hamming,135,470
250000,hamming,136,483
250000,hamming,137,434
250000,hamming,138,442
250000,hamming,139,426
250000,hamming,140,433
250000,hamming,141,437
250000,hamming,142,427
250000,hamming,143,456
250000,hamming,144,466
250000,hamming,145,456
250000,hamming,146,462
250000,hamming,147,471
250000,hamming,148,483
250000,hamming,149,466
250000,hamming,150,470
250000,hamming,151,498
250000,hamming,152,502
250000,hamming,153,437
250000,hamming,154,482
250000,hamming,155,443
250000,hamming,156,475
250000,hamming,157,482
250000,hamming,158,439
250000,hamming,159,502
250000,hamming,160,475
250000,hamming,161,450
250000,hamming,162,457
250000,hamming,163,439
250000,hamming,164,463
250000,hamming,165,440
250000,hamming,166,464
250000,hamming,167,428
250000,hamming,168,413
250000,hamming,169,409
250000,hamming,170,483
250000,hamming,171,447
250000,hamming,172,484
250000,hamming,173,474
250000,hamming,174,523
250000,hamming,175,543
250000,hamming,176,549
250000,hamming,177,533
250000,hamming,178,521
250000,hamming,179,517
250000,hamming,180,596
250000,hamming,181,574
250000,hamming,182,565
250000,hamming,183,574
250000,hamming,184,608
250000,hamming,185,619
250000,hamming,186,624
250000,hamming,187,631
250000,hamming,188,614
250000,hamming,189,625
250000,hamming,190,568
250000,hamming,191,535
250000,hamming,192,578
250000,hamming,193,519
250000,hamming,194,534
250000,hamming,195,521
250000,hamming,196,510
250000,hamming,197,536
250000,hamming,198,492
250000,hamming,199,458
250000,hamming,200,417
250000,hamming,201,417
250000,hamming,202,404
250000,hamming,203,361
250000,hamming,204,371
250000,hamming,205,349
250000,hamming,206,359
250000,hamming,207,347
250000,hamming,208,360
250000,hamming,209,336
250000,hamming,210,361
250000,hamming,211,328
250000,hamming,212,348
250000,hamming,213,361
250000,hamming,214,354
250000,hamming,215,339
250000,hamming,216,290
250000,hamming,217,302
250000,hamming,218,293
250000,hamming,219,294
250000,hamming,220,369
250000,hamming,221,347
250000,hamming,222,328
250000,hamming,223,334
250000,hamming,224,314
250000,hamming,225,312
250000,hamming,226,295
250000,hamming,227,284
250000,hamming,228,302
250000,hamming,229,283
250000,hamming,230,292
250000,hamming,231,264
250000,hamming,232,267
250000,hamming,233,273
250000,hamming,234,276
250000,hamming,235,289
250000,hamming,236,288
250000,hamming,237,260
250000,hamming,238,263
250000,hamming,239,259
250000,hamming,240,255
250000,hamming,241,237
250000,hamming,242,217
250000,hamming,243,244
250000,hamming,244,223
250000,hamming,245,254
250000,hamming,246,274
250000,hamming,247,263
250000,hamming,248,292
250000,hamming,249,333
250000,hamming,250,299
250000,hamming,251,400
250000,hamming,252,379
250000,hamming,253,427
250000,hamming,254,406
250000,hamming,255,351
250000,hamming,256,378
250000,hamming,257,405
250000,hamming,258,415
250000,hamming,259,425
250000,hamming,260,385
250000,hamming,261,369
250000,hamming,262,349
250000,hamming,263,305
250000,hamming,264,378
250000,hamming,265,324
250000,hamming,266,288
250000,hamming,267,226
250000,hamming,268,211
250000,hamming,269,217
250000,hamming,270,185
250000,hamming,271,170
250000,hamming,272,185
250000,hamming,273,151
250000,hamming,274,146
250000,hamming,275,173
250000,hamming,276,183
250000,hamming,277,163
250000,hamming,278,171
250000,hamming,279,149
250000,hamming,280,139
250000,hamming,281,184
250000,hamming,282,176
250000,hamming,283,144
250000,hamming,284,146
250000,hamming,285,181
250000,hamming,286,167
250000,hamming,287,170
250000,hamming,288,156
250000,hamming,289,155
250000,hamming,290,180
250000,hamming,291,166
250000,hamming,292,166
250000,hamming,293,189
250000,hamming,294,213
250000,hamming,295,207
250000,hamming,296,237
250000,hamming,297,228
250000,hamming,298,235
250000,hamming,299,245
250000,hamming,300,262
250000,hamming,301,250
250000,hamming,302,261
250000,hamming,303,286
250000,hamming,304,302
250000,hamming,305,318
250000,hamming,306,359
250000,hamming,307,366
250000,hamming,308,385
250000,hamming,309,442
250000,hamming,310,409
250000,hamming,311,396
250000,hamming,312,440
250000,hamming,313,509
250000,hamming,314,548
250000,hamming,315,575
250000,hamming,316,551
250000,hamming,317,617
250000,hamming,318,635
250000,hamming,319,751
250000,hamming,320,756
250000,hamming,321,783
250000,hamming,322,804
250000,hamming,323,835
250000,hamming,324,843
250000,hamming,325,1039
250000,hamming,326,1133
250000,hamming,327,1269
250000,hamming,328,1370
250000,hamming,329,1441
250000,hamming,330,1514
250000,hamming,331,1645
250000,hamming,332,1694
250000,hamming,333,1837
250000,hamming,334,1896
250000,hamming,335,2176
250000,hamming,336,2354
250000,hamming,337,2539
250000,hamming,338,2731
250000,hamming,339,3021
250000,hamming,340,3357
250000,hamming,341,3418
250000,hamming,342,3715
250000,hamming,343,3907
250000,hamming,344,4135
250000,hamming,345,4310
250000,hamming,346,4597
250000,hamming,347,4706
250000,hamming,348,4978
250000,hamming,349,5097
250000,hamming,350,5211
250000,hamming,351,5330
250000,hamming,352,5292
250000,hamming,353,5292
250000,hamming,354,5031
250000,hamming,355,4800
250000,hamming,356,4412
250000,hamming,357,4046
250000,hamming,358,3763
250000,hamming,359,3315
250000,hamming,360,2825
250000,hamming,361,2460
250000,hamming,362,2108
250000,hamming,363,1873
250000,hamming,364,1675
250000,hamming,365,1586
250000,hamming,366,1526
250000,hamming,367,1500
250000,hamming,368,1430
250000,hamming,369,1302
250000,hamming,370,1137
250000,hamming,371,972
250000,hamming,372,762
250000,hamming,373,753
250000,hamming,374,665
250000,hamming,375,493
250000,hamming,376,465
250000,hamming,377,509
250000,hamming,378,529
250000,hamming,379,522
250000,hamming,380,522
250000,hamming,381,526
250000,hamming,382,475
250000,hamming,383,469
250000,hamming,384,422
250000,hamming,385,340
250000,hamming,386,293
250000,hamming,387,202
250000,hamming,388,144
250000,hamming,389,121
250000,hamming,390,66
250000,hamming,391,47
250000,hamming,392,31
250000,hamming,393,14
250000,hamming,394,15
250000,hamming,395,7
250000,hamming,396,8
250000,hamming,397,7
250000,hamming,398,4
250000,hamming,399,3
250000,genes,0,17693
250000,genes,1,5870
250000,genes,2,19887
250000,genes,3,9345
250000,genes,4,15606
250000,genes,5,38038
250000,genes,6,8236
250000,genes,7,8269
250000,genes,8,14874
250000,genes,9,3120
250000,genes,10,20162
250000,genes,11,36204
250000,genes,12,8020
250000,genes,13,5968
250000,genes,14,3665
250000,genes,15,3810
250000,genes,16,8982
250000,genes,17,6354
250000,genes,18,590
250000,genes,19,1758
250000,genes,20,1816
250000,genes,21,128
250000,body,0,34510
250000,body,1,5593
250000,body,2,9205
250000,body,3,5099
250000,body,4,16169
250000,body,5,5635
250000,body,6,42257
250000,body,7,8062
250000,body,8,4760
250000,body,9,5902
250000,body,10,4263
250000,body,11,3748
250000,body,12,4658
250000,body,13,19862
250000,body,14,16358
250000,body,15,18742
250000,body,16,3787
250000,body,17,4532
250000,body,18,2887
250000,body,19,6462
250000,body,20,1394
250000,body,21,1785
250000,body,22,2874
250000,body,23,1283
250000,body,24,2536
250000,body,25,1259
250000,body,26,553
250000,body,27,736
250000,body,28,808
250000,body,29,303
250000,body,30,497
250000,body,31,531
250000,body,32,284
250000,body,33,269
250000,body,34,94
250000,body,35,75
250000,body,36,276
250000,body,37,56
250000,body,38,45
250000,body,39,191
250000,body,40,36
250000,body,41,9
250000,body,42,4
250000,body,43,1
250000,body,44,2
250000,body,45,1
250000,body,46,1
250000,body,51,1
300000,hamming,0,1
300000,hamming,2,158
300000,hamming,3,10
300000,hamming,4,108
300000,hamming,5,22
300000,hamming,6,94
300000,hamming,7,30
300000,hamming,8,95
300000,hamming,9,49
300000,hamming,10,113
300000,hamming,11,61
300000,hamming,12,106
300000,hamming,13,76
300000,hamming,14,90
300000,hamming,15,85
300000,hamming,16,79
300000,hamming,17,81
300000,hamming,18,70
300000,hamming,19,86
300000,hamming,20,71
300000,hamming,21,64
300000,hamming,22,44
300000,hamming,23,57
300000,hamming,24,40
300000,hamming,25,47
300000,hamming,26,26
300000,hamming,27,43
300000,hamming,28,27
300000,hamming,29,41
300000,hamming,30,40
300000,hamming,31,53
300000,hamming,32,59
300000,hamming,33,61
300000,hamming,34,68
300000,hamming,35,48
300000,hamming,36,63
300000,hamming,37,55
300000,hamming,38,69
300000,hamming,39,48
300000,hamming,40,73
300000,hamming,41,52
300000,hamming,42,54
300000,hamming,43,45
300000,hamming,44,31
300000,hamming,45,43
300000,hamming,46,37
300000,hamming,47,33
300000,hamming,48,45
300000,hamming,49,65
300000,hamming,50,57
300000,hamming,51,89
300000,hamming,52,70
300000,hamming,53,93
300000,hamming,54,66
300000,hamming,55,90
300000,hamming,56,80
300000,hamming,57,99
300000,hamming,58,110
300000,hamming,59,110
300000,hamming,60,130
300000,hamming,61,122
300000,hamming,62,106
300000,hamming,63,103
300000,hamming,64,79
300000,hamming,65,87
300000,hamming,66,82
300000,hamming,67,82
300000,hamming,68,71
300000,hamming,69,60
300000,hamming,70,60
300000,hamming,71,74
300000,hamming,72,72
300000,hamming,73,76
300000,hamming,74,93
300000,hamming,75,78
300000,hamming,76,117
300000,hamming,77,113
300000,hamming,78,117
300000,hamming,79,120
300000,hamming,80,131
300000,hamming,81,119
300000,hamming,82,104
300000,hamming,83,109
300000,hamming,84,100
300000,hamming,85,88
300000,hamming,86,78
300000,hamming,87,62
300000,hamming,88,80
300000,hamming,89,74
300000,hamming,90,76
300000,hamming,91,54
300000,hamming,92,66
300000,hamming,93,64
300000,hamming,94,57
300000,hamming,95,75
300000,hamming,96,63
300000,hamming,97,78
300000,hamming,98,61
300000,hamming,99,66
300000,hamming,100,64
300000,hamming,101,63
300000,hamming,102,46
300000,hamming,103,72
300000,hamming,104,62
300000,hamming,105,84
300000,hamming,106,98
300000,hamming,107,86
300000,hamming,108,74
300000,hamming,109,93
300000,hamming,110,117
300000,hamming,111,106
300000,hamming,112,121
300000,hamming,113,128
300000,hamming,114,134
300000,hamming,115,150
300000,hamming,116,157
300000,hamming,117,188
300000,hamming,118,187
300000,hamming,119,241
300000,hamming,120,213
300000,hamming,121,267
300000,hamming,122,252
300000,hamming,123,298
300000,hamming,124,319
300000,hamming,125,307
300000,hamming,126,319
300000,hamming,127,290
300000,hamming,128,281
300000,hamming,129,255
300000,hamming,130,247
300000,hamming,131,251
300000,hamming,132,266
300000,hamming,133,274
300000,hamming,134,296
300000,hamming,135,264
300000,hamming,136,253
300000,hamming,137,264
300000,hamming,138,289
300000,hamming,139,291
300000,hamming,140,332
300000,hamming,141,334
300000,hamming,142,334
300000,hamming,143,293
300000,hamming,144,337
300000,hamming,145,332
300000,hamming,146,347
300000,hamming,147,389
300000,hamming,148,395
300000,hamming,149,373
300000,hamming,150,435
300000,hamming,151,401
300000,hamming,152,492
300000,hamming,153,444
300000,hamming,154,509
300000,hamming,155,469
300000,hamming,156,512
300000,hamming,157,504
300000,hamming,158,554
300000,hamming,159,535
300000,hamming,160,556
300000,hamming,161,586
300000,hamming,162,591
300000,hamming,163,591
300000,hamming,164,644
300000,hamming,165,624
300000,hamming,166,649
300000,hamming,167,657
300000,hamming,168,692
300000,hamming,169,684
300000,hamming,170,694
300000,hamming,171,759
300000,hamming,172,733
300000,hamming,173,808
300000,hamming,174,754
300000,hamming,175,787
300000,hamming,176,790
300000,hamming,177,821
300000,hamming,178,770
300000,hamming,179,861
300000,hamming,180,790
300000,hamming,181,854
300000,hamming,182,799
300000,hamming,183,814
300000,hamming,184,866
300000,hamming,185,847
300000,hamming,186,863
300000,hamming,187,850
300000,hamming,188,811
300000,hamming,189,801
300000,hamming,190,830
300000,hamming,191,813
300000,hamming,192,794
300000,hamming,193,797
300000,hamming,194,836
300000,hamming,195,789
300000,hamming,196,791
300000,hamming,197,815
300000,hamming,198,755
300000,hamming,199,849
300000,hamming,200,809
300000,hamming,201,801
300000,hamming,202,862
300000,hamming,203,832
300000,hamming,204,867
300000,hamming,205,809
300000,hamming,206,839
300000,hamming,207,823
300000,hamming,208,781
300000,hamming,209,819
300000,hamming,210,848
300000,hamming,211,823
300000,hamming,212,782
300000,hamming,213,809
300000,hamming,214,847
300000,hamming,215,869
300000,hamming,216,808
300000,hamming,217,803
300000,hamming,218,811
300000,hamming,219,812
300000,hamming,220,820
300000,hamming,221,854
300000,hamming,222,823
300000,hamming,223,799
300000,hamming,224,833
300000,hamming,225,845
300000,hamming,226,807
300000,hamming,227,805
300000,hamming,228,786
300000,hamming,229,770
300000,hamming,230,780
300000,hamming,231,759
300000,hamming,232,708
300000,hamming,233,650
300000,hamming,234,681
300000,hamming,235,683
300000,hamming,236,636
300000,hamming,237,615
300000,hamming,238,627
300000,hamming,239,578
300000,hamming,240,608
300000,hamming,241,511
300000,hamming,242,503
300000,hamming,243,507
300000,hamming,244,456
300000,hamming,245,474
300000,hamming,246,507
300000,hamming,247,511
300000,hamming,248,447
300000,hamming,249,448
300000,hamming,250,449
300000,hamming,251,429
300000,hamming,252,436
300000,hamming,253,394
300000,hamming,254,380
300000,hamming,255,420
300000,hamming,256,428
300000,hamming,257,455
300000,hamming,258,410
300000,hamming,259,372
300000,hamming,260,353
300000,hamming,261,347
300000,hamming,262,330
300000,hamming,263,285
300000,hamming,264,321
300000,hamming,265,305
300000,hamming,266,280
300000,hamming,267,263
300000,hamming,268,226
300000,hamming,269,237
300000,hamming,270,188
300000,hamming,271,142
300000,hamming,272,168
300000,hamming,273,164
300000,hamming,274,169
300000,hamming,275,144
300000,hamming,276,96
300000,hamming,277,103
300000,hamming,278,105
300000,hamming,279,99
300000,hamming,280,65
300000,hamming,281,83
300000,hamming,282,80
300000,hamming,283,99
300000,hamming,284,102
300000,hamming,285,128
300000,hamming,286,143
300000,hamming,287,188
300000,hamming,288,255
300000,hamming,289,250
300000,hamming,290,224
300000,hamming,291,265
300000,hamming,292,304
300000,hamming,293,357
300000,hamming,294,365
300000,hamming,295,435
300000,hamming,296,451
300000,hamming,297,484
300000,hamming,298,500
300000,hamming,299,473
300000,hamming,300,405
300000,hamming,301,297
300000,hamming,302,270
300000,hamming,303,201
300000,hamming,304,227
300000,hamming,305,179
300000,hamming,306,149
300000,hamming,307,99
300000,hamming,308,60
300000,hamming,309,25
300000,hamming,310,13
300000,hamming,311,5
300000,hamming,330,2
300000,hamming,331,1
300000,hamming,332,1
300000,hamming,333,7
300000,hamming,334,18
300000,hamming,335,22
300000,hamming,336,24
300000,hamming,337,49
300000,hamming,338,85
300000,hamming,339,120
300000,hamming,340,208
300000,hamming,341,258
300000,hamming,342,367
300000,hamming,343,509
300000,hamming,344,648
300000,hamming,345,814
300000,hamming,346,1034
300000,hamming,347,1254
300000,hamming,348,1534
300000,hamming,349,1880
300000,hamming,350,2061
300000,hamming,351,2503
300000,hamming,352,2726
300000,hamming,353,3147
300000,hamming,354,3536
300000,hamming,355,3786
300000,hamming,356,4001
300000,hamming,357,3989
300000,hamming,358,4076
300000,hamming,359,3815
300000,hamming,360,3947
300000,hamming,361,3925
300000,hamming,362,3663
300000,hamming,363,3241
300000,hamming,364,3249
300000,hamming,365,3049
300000,hamming,366,2851
300000,hamming,367,2597
300000,hamming,368,2287
300000,hamming,369,2066
300000,hamming,370,1854
300000,hamming,371,1722
300000,hamming,372,1414
300000,hamming,373,1274
300000,hamming,374,1253
300000,hamming,375,1154
300000,hamming,376,1196
300000,hamming,377,1139
300000,hamming,378,1088
300000,hamming,379,1037
300000,hamming,380,926
300000,hamming,381,946
300000,hamming,382,910
300000,hamming,383,908
300000,hamming,384,950
300000,hamming,385,864
300000,hamming,386,869
300000,hamming,387,674
300000,hamming,388,604
300000,hamming,389,456
300000,hamming,390,312
300000,hamming,391,276
300000,hamming,392,252
300000,hamming,393,221
300000,hamming,394,159
300000,hamming,395,155
300000,hamming,396,110
300000,hamming,397,80
300000,hamming,398,29
300000,hamming,399,19
300000,hamming,400,8
300000,hamming,401,8
300000,hamming,402,9
300000,hamming,403,6
300000,hamming,404,1
300000,hamming,405,2
300000,hamming,406,1
300000,genes,0,22196
300000,genes,1,4418
300000,genes,2,37595
300000,genes,3,4879
300000,genes,4,18286
300000,genes,5,1491
300000,genes,6,5412
300000,genes,7,1099
300000,genes,8,5327
300000,genes,9,802
300000,genes,10,1856
300000,genes,11,45013
300000,genes,12,16981
300000,genes,13,8711
300000,genes,14,2827
300000,genes,15,4082
300000,genes,16,1884
300000,genes,17,3296
300000,genes,18,7147
300000,genes,19,2829
300000,genes,20,1441
300000,genes,21,2314
300000,genes,22,1325
300000,genes,23,560
300000,genes,24,137
300000,genes,25,21
300000,genes,26,1
300000,body,0,31468
300000,body,1,26128
300000,body,2,6569
300000,body,3,14564
300000,body,4,5652
300000,body,5,2975
300000,body,6,4784
300000,body,7,5253
300000,body,8,1761
300000,body,9,2641
300000,body,10,3910
300000,body,11,3322
300000,body,12,4896
300000,body,13,7953
300000,body,14,7112
300000,body,15,16225
300000,body,16,23061
300000,body,17,10117
300000,body,18,4596
300000,body,19,5695
300000,body,20,3240
300000,body,21,1297
300000,body,22,433
300000,body,23,401
300000,body,24,294
300000,body,25,203
300000,body,26,677
300000,body,27,690
300000,body,28,346
300000,body,29,311
300000,body,30,168
300000,body,31,441
300000,body,32,343
300000,body,33,710
300000,body,34,1161
300000,body,35,652
300000,body,36,327
300000,body,37,360
300000,body,38,286
300000,body,39,359
300000,body,40,167
300000,body,41,154
300000,body,42,64
300000,body,43,116
300000,body,44,29
300000,body,45,4
300000,body,46,5
300000,body,47,1
300000,body,48,1
300000,body,49,2
300000,body,50,1
300000,body,51,2
300000,body,52,1
300000,body,56,2
350000,hamming,1,2
350000,hamming,2,177
350000,hamming,3,16
350000,hamming,4,117
350000,hamming,5,37
350000,hamming,6,112
350000,hamming,7,50
350000,hamming,8,113
350000,hamming,9,64
350000,hamming,10,98
350000,hamming,11,87
350000,hamming,12,76
350000,hamming,13,84
350000,hamming,14,70
350000,hamming,15,69
350000,hamming,16,58
350000,hamming,17,45
350000,hamming,18,54
350000,hamming,19,32
350000,hamming,20,74
350000,hamming,21,38
350000,hamming,22,83
350000,hamming,23,53
350000,hamming,24,79
350000,hamming,25,73
350000,hamming,26,55
350000,hamming,27,53
350000,hamming,28,50
350000,hamming,29,40
350000,hamming,30,62
350000,hamming,31,43
350000,hamming,32,72
350000,hamming,33,49
350000,hamming,34,74
350000,hamming,35,66
350000,hamming,36,69
350000,hamming,37,64
350000,hamming,38,70
350000,hamming,39,87
350000,hamming,40,107
350000,hamming,41,134
350000,hamming,42,135
350000,hamming,43,162
350000,hamming,44,177
350000,hamming,45,196
350000,hamming,46,178
350000,hamming,47,188
350000,hamming,48,212
350000,hamming,49,210
350000,hamming,50,235
350000,hamming,51,305
350000,hamming,52,269
350000,hamming,53,330
350000,hamming,54,285
350000,hamming,55,284
350000,hamming,56,279
350000,hamming,57,271
350000,hamming,58,286
350000,hamming,59,301
350000,hamming,60,287
350000,hamming,61,312
350000,hamming,62,277
350000,hamming,63,316
350000,hamming,64,242
350000,hamming,65,224
350000,hamming,66,252
350000,hamming,67,194
350000,hamming,68,224
350000,hamming,69,210
350000,hamming,70,194
350000,hamming,71,191
350000,hamming,72,194
350000,hamming,73,210
350000,hamming,74,210
350000,hamming,75,235
350000,hamming,76,187
350000,hamming,77,214
350000,hamming,78,188
350000,hamming,79,193
350000,hamming,80,182
350000,hamming,81,189
350000,hamming,82,196
350000,hamming,83,211
350000,hamming,84,196
350000,hamming,85,227
350000,hamming,86,222
350000,hamming,87,219
350000,hamming,88,262
350000,hamming,89,249
350000,hamming,90,267
350000,hamming,91,262
350000,hamming,92,246
350000,hamming,93,260
350000,hamming,94,256
350000,hamming,95,275
350000,hamming,96,275
350000,hamming,97,286
350000,hamming,98,303
350000,hamming,99,319
350000,hamming,100,340
350000,hamming,101,362
350000,hamming,102,322
350000,hamming,103,387
350000,hamming,104,354
350000,hamming,105,416
350000,hamming,106,351
350000,hamming,107,401
350000,hamming,108,384
350000,hamming,109,399
350000,hamming,110,400
350000,hamming,111,434
350000,hamming,112,388
350000,hamming,113,422
350000,hamming,114,363
350000,hamming,115,385
350000,hamming,116,351
350000,hamming,117,340
350000,hamming,118,381
350000,hamming,119,315
350000,hamming,120,354
350000,hamming,121,341
350000,hamming,122,364
350000,hamming,123,340
350000,hamming,124,370
350000,hamming,125,357
350000,hamming,126,345
350000,hamming,127,374
350000,hamming,128,382
350000,hamming,129,424
350000,hamming,130,431
350000,hamming,131,427
350000,hamming,132,415
350000,hamming,133,417
350000,hamming,134,434
350000,hamming,135,460
350000,hamming,136,454
350000,hamming,137,464
350000,hamming,138,470
350000,hamming,139,506
350000,hamming,140,413
350000,hamming,141,473
350000,hamming,142,431
350000,hamming,143,399
350000,hamming,144,405
350000,hamming,145,383
350000,hamming,146,400
350000,hamming,147,370
350000,hamming,148,395
350000,hamming,149,374
350000,hamming,150,408
350000,hamming,151,379
350000,hamming,152,391
350000,hamming,153,390
350000,hamming,154,376
350000,hamming,155,411
350000,hamming,156,387
350000,hamming,157,415
350000,hamming,158,389
350000,hamming,159,386
350000,hamming,160,390
350000,hamming,161,392
350000,hamming,162,413
350000,hamming,163,385
350000,hamming,164,401
350000,hamming,165,371
350000,hamming,166,367
350000,hamming,167,388
350000,hamming,168,330
350000,hamming,169,338
350000,hamming,170,307
350000,hamming,171,335
350000,hamming,172,361
350000,hamming,173,337
350000,hamming,174,345
350000,hamming,175,382
350000,hamming,176,344
350000,hamming,177,343
350000,hamming,178,338
350000,hamming,179,333
350000,hamming,180,313
350000,hamming,181,312
350000,hamming,182,311
350000,hamming,183,269
350000,hamming,184,240
350000,hamming,185,255
350000,hamming,186,218
350000,hamming,187,227
350000,hamming,188,214
350000,hamming,189,258
350000,hamming,190,215
350000,hamming,191,223
350000,hamming,192,235
350000,hamming,193,215
350000,hamming,194,222
350000,hamming,195,230
350000,hamming,196,213
350000,hamming,197,215
350000,hamming,198,230
350000,hamming,199,211
350000,hamming,200,203
350000,hamming,201,231
350000,hamming,202,191
350000,hamming,203,187
350000,hamming,204,176
350000,hamming,205,184
350000,hamming,206,164
350000,hamming,207,160
350000,hamming,208,173
350000,hamming,209,175
350000,hamming,210,176
350000,hamming,211,163
350000,hamming,212,162
350000,hamming,213,148
350000,hamming,214,174
350000,hamming,215,141
350000,hamming,216,124
350000,hamming,217,111
350000,hamming,218,122
350000,hamming,219,120
350000,hamming,220,100
350000,hamming,221,83
350000,hamming,222,78
350000,hamming,223,93
350000,hamming,224,87
350000,hamming,225,93
350000,hamming,226,99
350000,hamming,227,85
350000,hamming,228,87
350000,hamming,229,75
350000,hamming,230,68
350000,hamming,231,72
350000,hamming,232,100
350000,hamming,233,132
350000,hamming,234,153
350000,hamming,235,163
350000,hamming,236,192
350000,hamming,237,212
350000,hamming,238,250
350000,hamming,239,293
350000,hamming,240,350
350000,hamming,241,449
350000,hamming,242,520
350000,hamming,243,587
350000,hamming,244,588
350000,hamming,245,592
350000,hamming,246,606
350000,hamming,247,577
350000,hamming,248,673
350000,hamming,249,717
350000,hamming,250,759
350000,hamming,251,788
350000,hamming,252,794
350000,hamming,253,683
350000,hamming,254,553
350000,hamming,255,492
350000,hamming,256,467
350000,hamming,257,381
350000,hamming,258,299
350000,hamming,259,258
350000,hamming,260,218
350000,hamming,261,192
350000,hamming,262,196
350000,hamming,263,197
350000,hamming,264,206
350000,hamming,265,154
350000,hamming,266,175
350000,hamming,267,153
350000,hamming,268,198
350000,hamming,269,177
350000,hamming,270,178
350000,hamming,271,211
350000,hamming,272,198
350000,hamming,273,183
350000,hamming,274,197
350000,hamming,275,209
350000,hamming,276,204
350000,hamming,277,171
350000,hamming,278,130
350000,hamming,279,136
350000,hamming,280,75
350000,hamming,281,86
350000,hamming,282,64
350000,hamming,283,58
350000,hamming,284,57
350000,hamming,285,56
350000,hamming,286,56
350000,hamming,287,53
350000,hamming,288,47
350000,hamming,289,51
350000,hamming,290,67
350000,hamming,291,83
350000,hamming,292,120
350000,hamming,293,155
350000,hamming,294,196
350000,hamming,295,221
350000,hamming,296,289
350000,hamming,297,429
350000,hamming,298,505
350000,hamming,299,612
350000,hamming,300,738
350000,hamming,301,909
350000,hamming,302,1109
350000,hamming,303,1297
350000,hamming,304,1473
350000,hamming,305,1660
350000,hamming,306,1736
350000,hamming,307,1907
350000,hamming,308,1869
350000,hamming,309,1872
350000,hamming,310,1903
350000,hamming,311,1924
350000,hamming,312,1914
350000,hamming,313,1760
350000,hamming,314,1778
350000,hamming,315,1712
350000,hamming,316,1557
350000,hamming,317,1483
350000,hamming,318,1420
350000,hamming,319,1351
350000,hamming,320,1198
350000,hamming,321,1032
350000,hamming,322,899
350000,hamming,323,915
350000,hamming,324,775
350000,hamming,325,775
350000,hamming,326,664
350000,hamming,327,590
350000,hamming,328,588
350000,hamming,329,479
350000,hamming,330,406
350000,hamming,331,397
350000,hamming,332,355
350000,hamming,333,332
350000,hamming,334,318
350000,hamming,335,411
350000,hamming,336,460
350000,hamming,337,614
350000,hamming,338,780
350000,hamming,339,937
350000,hamming,340,1158
350000,hamming,341,1444
350000,hamming,342,1722
350000,hamming,343,2026
350000,hamming,344,2404
350000,hamming,345,2882
350000,hamming,346,3259
350000,hamming,347,3801
350000,hamming,348,4238
350000,hamming,349,4543
350000,hamming,350,4717
350000,hamming,351,4896
350000,hamming,352,5129
350000,hamming,353,4952
350000,hamming,354,4949
350000,hamming,355,4739
350000,hamming,356,4830
350000,hamming,357,4556
350000,hamming,358,4362
350000,hamming,359,3952
350000,hamming,360,3644
350000,hamming,361,3368
350000,hamming,362,3082
350000,hamming,363,2679
350000,hamming,364,2169
350000,hamming,365,1885
350000,hamming,366,1501
350000,hamming,367,1234
350000,hamming,368,1085
350000,hamming,369,864
350000,hamming,370,760
350000,hamming,371,604
350000,hamming,372,458
350000,hamming,373,365
350000,hamming,374,313
350000,hamming,375,225
350000,hamming,376,190
350000,hamming,377,188
350000,hamming,378,150
350000,hamming,379,128
350000,hamming,380,79
350000,hamming,381,51
350000,hamming,382,40
350000,hamming,383,35
350000,hamming,384,13
350000,hamming,385,9
350000,hamming,386,3
350000,hamming,387,2
350000,genes,0,14071
350000,genes,1,2374
350000,genes,2,16624
350000,genes,3,4437
350000,genes,4,10816
350000,genes,5,2815
350000,genes,6,16662
350000,genes,7,5714
350000,genes,8,34434
350000,genes,9,5094
350000,genes,10,8666
350000,genes,11,82847
350000,genes,12,12732
350000,genes,13,2044
350000,genes,14,493
350000,genes,15,273
350000,genes,16,17
350000,genes,17,2
350000,genes,18,1
350000,body,0,26532
350000,body,1,16745
350000,body,2,12170
350000,body,3,3567
350000,body,4,3786
350000,body,5,3891
350000,body,6,6190
350000,body,7,3216
350000,body,8,21867
350000,body,9,7834
350000,body,10,6468
350000,body,11,5755
350000,body,12,7421
350000,body,13,23570
350000,body,14,14360
350000,body,15,7900
350000,body,16,5537
350000,body,17,4816
350000,body,18,9318
350000,body,19,19335
350000,body,20,3747
350000,body,21,1195
350000,body,22,347
350000,body,23,873
350000,body,24,284
350000,body,25,455
350000,body,26,239
350000,body,27,662
350000,body,28,108
350000,body,29,232
350000,body,30,478
350000,body,31,238
350000,body,32,39
350000,body,33,19
350000,body,34,16
350000,body,35,10
350000,body,36,6
350000,body,37,7
350000,body,38,149
350000,body,39,81
350000,body,40,24
350000,body,41,6
350000,body,42,117
350000,body,43,8
350000,body,44,49
350000,body,45,20
350000,body,46,134
350000,body,47,25
350000,body,48,32
350000,body,49,156
350000,body,50,64
350000,body,51,12
350000,body,52,3
350000,body,53,2
350000,body,54,1
400000,hamming,2,172
400000,hamming,3,26
400000,hamming,4,115
400000,hamming,5,26
400000,hamming,6,119
400000,hamming,7,40
400000,hamming,8,116
400000,hamming,9,49
400000,hamming,10,121
400000,hamming,11,65
400000,hamming,12,126
400000,hamming,13,66
400000,hamming,14,119
400000,hamming,15,71
400000,hamming,16,116
400000,hamming,17,96
400000,hamming,18,99
400000,hamming,19,128
400000,hamming,20,105
400000,hamming,21,124
400000,hamming,22,99
400000,hamming,23,116
400000,hamming,24,85
400000,hamming,25,122
400000,hamming,26,92
400000,hamming,27,96
400000,hamming,28,97
400000,hamming,29,88
400000,hamming,30,85
400000,hamming,31,111
400000,hamming,32,82
400000,hamming,33,105
400000,hamming,34,87
400000,hamming,35,107
400000,hamming,36,113
400000,hamming,37,133
400000,hamming,38,120
400000,hamming,39,147
400000,hamming,40,138
400000,hamming,41,128
400000,hamming,42,116
400000,hamming,43,127
400000,hamming,44,129
400000,hamming,45,122
400000,hamming,46,121
400000,hamming,47,126
400000,hamming,48,93
400000,hamming,49,73
400000,hamming,50,78
400000,hamming,51,64
400000,hamming,52,83
400000,hamming,53,87
400000,hamming,54,93
400000,hamming,55,105
400000,hamming,56,100
400000,hamming,57,123
400000,hamming,58,96
400000,hamming,59,122
400000,hamming,60,135
400000,hamming,61,119
400000,hamming,62,115
400000,hamming,63,131
400000,hamming,64,117
400000,hamming,65,143
400000,hamming,66,123
400000,hamming,67,127
400000,hamming,68,123
400000,hamming,69,107
400000,hamming,70,101
400000,hamming,71,88
400000,hamming,72,93
400000,hamming,73,109
400000,hamming,74,114
400000,hamming,75,135
400000,hamming,76,143
400000,hamming,77,142
400000,hamming,78,155
400000,hamming,79,164
400000,hamming,80,200
400000,hamming,81,233
400000,hamming,82,228
400000,hamming,83,253
400000,hamming,84,270
400000,hamming,85,295
400000,hamming,86,276
400000,hamming,87,297
400000,hamming,88,287
400000,hamming,89,315
400000,hamming,90,274
400000,hamming,91,292
400000,hamming,92,316
400000,hamming,93,298
400000,hamming,94,305
400000,hamming,95,289
400000,hamming,96,282
400000,hamming,97,277
400000,hamming,98,241
400000,hamming,99,265
400000,hamming,100,239
400000,hamming,101,258
400000,hamming,102,229
400000,hamming,103,239
400000,hamming,104,216
400000,hamming,105,247
400000,hamming,106,240
400000,hamming,107,327
400000,hamming,108,262
400000,hamming,109,282
400000,hamming,110,315
400000,hamming,111,317
400000,hamming,112,368
400000,hamming,113,380
400000,hamming,114,386
400000,hamming,115,409
400000,hamming,116,400
400000,hamming,117,386
400000,hamming,118,344
400000,hamming,119,375
400000,hamming,120,376
400000,hamming,121,363
400000,hamming,122,380
400000,hamming,123,400
400000,hamming,124,381
400000,hamming,125,410
400000,hamming,126,436
400000,hamming,127,442
400000,hamming,128,414
400000,hamming,129,432
400000,hamming,130,487
400000,hamming,131,495
400000,hamming,132,528
400000,hamming,133,525
400000,hamming,134,552
400000,hamming,135,512
400000,hamming,136,527
400000,hamming,137,595
400000,hamming,138,530
400000,hamming,139,538
400000,hamming,140,541
400000,hamming,141,584
400000,hamming,142,553
400000,hamming,143,578
400000,hamming,144,615
400000,hamming,145,562
400000,hamming,146,592
400000,hamming,147,587
400000,hamming,148,557
400000,hamming,149,653
400000,hamming,150,641
400000,hamming,151,638
400000,hamming,152,634
400000,hamming,153,586
400000,hamming,154,595
400000,hamming,155,605
400000,hamming,156,640
400000,hamming,157,635
400000,hamming,158,626
400000,hamming,159,655
400000,hamming,160,691
400000,hamming,161,587
400000,hamming,162,563
400000,hamming,163,541
400000,hamming,164,579
400000,hamming,165,567
400000,hamming,166,581
400000,hamming,167,487
400000,hamming,168,543
400000,hamming,169,529
400000,hamming,170,528
400000,hamming,171,534
400000,hamming,172,496
400000,hamming,173,516
400000,hamming,174,459
400000,hamming,175,458
400000,hamming,176,466
400000,hamming,177,478
400000,hamming,178,508
400000,hamming,179,584
400000,hamming,180,600
400000,hamming,181,729
400000,hamming,182,775
400000,hamming,183,802
400000,hamming,184,792
400000,hamming,185,783
400000,hamming,186,723
400000,hamming,187,716
400000,hamming,188,657
400000,hamming,189,526
400000,hamming,190,535
400000,hamming,191,408
400000,hamming,192,469
400000,hamming,193,410
400000,hamming,194,376
400000,hamming,195,306
400000,hamming,196,295
400000,hamming,197,218
400000,hamming,198,213
400000,hamming,199,238
400000,hamming,200,244
400000,hamming,201,233
400000,hamming,202,257
400000,hamming,203,288
400000,hamming,204,314
400000,hamming,205,300
400000,hamming,206,335
400000,hamming,207,313
400000,hamming,208,332
400000,hamming,209,274
400000,hamming,210,241
400000,hamming,211,232
400000,hamming,212,189
400000,hamming,213,133
400000,hamming,214,145
400000,hamming,215,157
400000,hamming,216,151
400000,hamming,217,148
400000,hamming,218,146
400000,hamming,219,155
400000,hamming,220,194
400000,hamming,221,195
400000,hamming,222,210
400000,hamming,223,236
400000,hamming,224,255
400000,hamming,225,234
400000,hamming,226,188
400000,hamming,227,163
400000,hamming,228,144
400000,hamming,229,107
400000,hamming,230,100
400000,hamming,231,87
400000,hamming,232,59
400000,hamming,233,52
400000,hamming,234,40
400000,hamming,235,35
400000,hamming,236,16
400000,hamming,237,10
400000,hamming,238,8
400000,hamming,239,7
400000,hamming,240,3
400000,hamming,241,5
400000,hamming,242,11
400000,hamming,243,23
400000,hamming,244,45
400000,hamming,245,71
400000,hamming,246,84
400000,hamming,247,106
400000,hamming,248,102
400000,hamming,249,112
400000,hamming,250,77
400000,hamming,251,92
400000,hamming,252,101
400000,hamming,253,80
400000,hamming,254,54
400000,hamming,255,33
400000,hamming,256,36
400000,hamming,257,35
400000,hamming,258,38
400000,hamming,259,38
400000,hamming,260,19
400000,hamming,261,31
400000,hamming,262,26
400000,hamming,263,29
400000,hamming,264,39
400000,hamming,265,51
400000,hamming,266,88
400000,hamming,267,70
400000,hamming,268,57
400000,hamming,269,50
400000,hamming,270,44
400000,hamming,271,39
400000,hamming,272,30
400000,hamming,273,21
400000,hamming,274,43
400000,hamming,275,86
400000,hamming,276,107
400000,hamming,277,105
400000,hamming,278,144
400000,hamming,279,154
400000,hamming,280,110
400000,hamming,281,125
400000,hamming,282,92
400000,hamming,283,69
400000,hamming,284,56
400000,hamming,285,29
400000,hamming,286,20
400000,hamming,287,8
400000,hamming,288,4
400000,hamming,289,3
400000,hamming,290,1
400000,hamming,291,11
400000,hamming,292,23
400000,hamming,293,41
400000,hamming,294,64
400000,hamming,295,57
400000,hamming,296,84
400000,hamming,297,66
400000,hamming,298,53
400000,hamming,299,33
400000,hamming,300,24
400000,hamming,301,20
400000,hamming,302,16
400000,hamming,303,14
400000,hamming,304,13
400000,hamming,305,12
400000,hamming,306,6
400000,hamming,307,3
400000,hamming,308,5
400000,hamming,309,7
400000,hamming,310,11
400000,hamming,311,22
400000,hamming,312,41
400000,hamming,313,35
400000,hamming,314,29
400000,hamming,315,16
400000,hamming,316,14
400000,hamming,317,7
400000,hamming,318,1
400000,hamming,319,6
400000,hamming,320,3
400000,hamming,321,4
400000,hamming,322,7
400000,hamming,323,11
400000,hamming,324,20
400000,hamming,325,24
400000,hamming,326,66
400000,hamming,327,82
400000,hamming,328,120
400000,hamming,329,166
400000,hamming,330,249
400000,hamming,331,366
400000,hamming,332,528
400000,hamming,333,662
400000,hamming,334,830
400000,hamming,335,1044
400000,hamming,336,1240
400000,hamming,337,1445
400000,hamming,338,1724
400000,hamming,339,1940
400000,hamming,340,2199
400000,hamming,341,2484
400000,hamming,342,2568
400000,hamming,343,2832
400000,hamming,344,2933
400000,hamming,345,3218
400000,hamming,346,3518
400000,hamming,347,3681
400000,hamming,348,3861
400000,hamming,349,4124
400000,hamming,350,4247
400000,hamming,351,4603
400000,hamming,352,4840
400000,hamming,353,5079
400000,hamming,354,5270
400000,hamming,355,5214
400000,hamming,356,5106
400000,hamming,357,4625
400000,hamming,358,4628
400000,hamming,359,4682
400000,hamming,360,4538
400000,hamming,361,4523
400000,hamming,362,4463
400000,hamming,363,4460
400000,hamming,364,4222
400000,hamming,365,4358
400000,hamming,366,4234
400000,hamming,367,4210
400000,hamming,368,3917
400000,hamming,369,3611
400000,hamming,370,3455
400000,hamming,371,3389
400000,hamming,372,3047
400000,hamming,373,2732
400000,hamming,374,2424
400000,hamming,375,1951
400000,hamming,376,1635
400000,hamming,377,1389
400000,hamming,378,1123
400000,hamming,379,966
400000,hamming,380,692
400000,hamming,381,520
400000,hamming,382,414
400000,hamming,383,312
400000,hamming,384,218
400000,hamming,385,172
400000,hamming,386,110
400000,hamming,387,89
400000,hamming,388,60
400000,hamming,389,32
400000,hamming,390,10
400000,hamming,391,9
400000,hamming,392,1
400000,hamming,393,1
400000,hamming,394,2
400000,hamming,395,1
400000,genes,0,8231
400000,genes,1,1936
400000,genes,2,16106
400000,genes,3,5242
400000,genes,4,12481
400000,genes,5,7245
400000,genes,6,6906
400000,genes,7,5177
400000,genes,8,30810
400000,genes,9,22505
400000,genes,10,11923
400000,genes,11,62497
400000,genes,12,26282
400000,genes,13,7482
400000,genes,14,2617
400000,genes,15,2987
400000,genes,16,386
400000,genes,17,45
400000,genes,18,2
400000,body,0,20819
400000,body,1,19538
400000,body,2,6798
400000,body,3,3206
400000,body,4,8506
400000,body,5,15783
400000,body,6,16974
400000,body,7,13779
400000,body,8,5543
400000,body,9,6912
400000,body,10,3872
400000,body,11,2775
400000,body,12,4645
400000,body,13,18539
400000,body,14,26560
400000,body,15,13233
400000,body,16,3200
400000,body,17,6981
400000,body,18,7904
400000,body,19,6664
400000,body,20,3891
400000,body,21,1715
400000,body,22,2042
400000,body,23,1092
400000,body,24,937
400000,body,25,429
400000,body,26,363
400000,body,27,407
400000,body,28,483
400000,body,29,1476
400000,body,30,1242
400000,body,31,461
400000,body,32,570
400000,body,33,655
400000,body,34,267
400000,body,35,615
400000,body,36,233
400000,body,37,218
400000,body,38,142
400000,body,39,94
400000,body,40,41
400000,body,41,43
400000,body,42,33
400000,body,43,19
400000,body,44,23
400000,body,45,43
400000,body,46,25
400000,body,47,134
400000,body,48,141
400000,body,49,43
400000,body,50,26
400000,body,51,118
400000,body,52,32
400000,body,53,38
400000,body,54,130
400000,body,55,130
400000,body,56,28
400000,body,57,30
400000,body,58,103
400000,body,59,86
400000,body,60,24
400000,body,61,4
400000,body,62,1
400000,body,64,2
450000,hamming,0,1
450000,hamming,2,184
450000,hamming,3,15
450000,hamming,4,128
450000,hamming,5,26
450000,hamming,6,117
450000,hamming,7,37
450000,hamming,8,118
450000,hamming,9,46
450000,hamming,10,118
450000,hamming,11,63
450000,hamming,12,120
450000,hamming,13,73
450000,hamming,14,116
450000,hamming,15,73
450000,hamming,16,110
450000,hamming,17,83
450000,hamming,18,84
450000,hamming,19,81
450000,hamming,20,86
450000,hamming,21,64
450000,hamming,22,100
450000,hamming,23,68
450000,hamming,24,97
450000,hamming,25,89
450000,hamming,26,82
450000,hamming,27,83
450000,hamming,28,69
450000,hamming,29,82
450000,hamming,30,71
450000,hamming,31,96
450000,hamming,32,82
450000,hamming,33,127
450000,hamming,34,86
450000,hamming,35,122
450000,hamming,36,84
450000,hamming,37,114
450000,hamming,38,117
450000,hamming,39,106
450000,hamming,40,147
450000,hamming,41,147
450000,hamming,42,180
450000,hamming,43,181
450000,hamming,44,190
450000,hamming,45,194
450000,hamming,46,172
450000,hamming,47,181
450000,hamming,48,137
450000,hamming,49,148
450000,hamming,50,120
450000,hamming,51,108
450000,hamming,52,96
450000,hamming,53,92
450000,hamming,54,94
450000,hamming,55,91
450000,hamming,56,92
450000,hamming,57,109
450000,hamming,58,127
450000,hamming,59,160
450000,hamming,60,148
450000,hamming,61,185
450000,hamming,62,154
450000,hamming,63,179
450000,hamming,64,162
450000,hamming,65,165
450000,hamming,66,158
450000,hamming,67,145
450000,hamming,68,177
450000,hamming,69,175
450000,hamming,70,165
450000,hamming,71,161
450000,hamming,72,175
450000,hamming,73,163
450000,hamming,74,178
450000,hamming,75,207
450000,hamming,76,215
450000,hamming,77,204
450000,hamming,78,206
450000,hamming,79,252
450000,hamming,80,238
450000,hamming,81,222
450000,hamming,82,237
450000,hamming,83,244
450000,hamming,84,233
450000,hamming,85,265
450000,hamming,86,245
450000,hamming,87,285
450000,hamming,88,295
450000,hamming,89,287
450000,hamming,90,295
450000,hamming,91,317
450000,hamming,92,297
450000,hamming,93,324
450000,hamming,94,294
450000,hamming,95,293
450000,hamming,96,307
450000,hamming,97,309
450000,hamming,98,332
450000,hamming,99,337
450000,hamming,100,288
450000,hamming,101,295
450000,hamming,102,278
450000,hamming,103,302
450000,hamming,104,303
450000,hamming,105,305
450000,hamming,106,266
450000,hamming,107,272
450000,hamming,108,249
450000,hamming,109,259
450000,hamming,110,287
450000,hamming,111,303
450000,hamming,112,283
450000,hamming,113,316
450000,hamming,114,329
450000,hamming,115,337
450000,hamming,116,356
450000,hamming,117,355
450000,hamming,118,352
450000,hamming,119,432
450000,hamming,120,430
450000,hamming,121,424
450000,hamming,122,386
450000,hamming,123,402
450000,hamming,124,414
450000,hamming,125,409
450000,hamming,126,459
450000,hamming,127,409
450000,hamming,128,461
450000,hamming,129,450
450000,hamming,130,484
450000,hamming,131,502
450000,hamming,132,512
450000,hamming,133,553
450000,hamming,134,550
450000,hamming,135,549
450000,hamming,136,535
450000,hamming,137,536
450000,hamming,138,534
450000,hamming,139,534
450000,hamming,140,556
450000,hamming,141,496
450000,hamming,142,541
450000,hamming,143,583
450000,hamming,144,598
450000,hamming,145,654
450000,hamming,146,661
450000,hamming,147,652
450000,hamming,148,620
450000,hamming,149,676
450000,hamming,150,625
450000,hamming,151,652
450000,hamming,152,625
450000,hamming,153,637
450000,hamming,154,513
450000,hamming,155,520
450000,hamming,156,505
450000,hamming,157,484
450000,hamming,158,480
450000,hamming,159,451
450000,hamming,160,432
450000,hamming,161,417
450000,hamming,162,405
450000,hamming,163,391
450000,hamming,164,361
450000,hamming,165,303
450000,hamming,166,269
450000,hamming,167,289
450000,hamming,168,246
450000,hamming,169,224
450000,hamming,170,225
450000,hamming,171,179
450000,hamming,172,198
450000,hamming,173,161
450000,hamming,174,149
450000,hamming,175,141
450000,hamming,176,121
450000,hamming,177,123
450000,hamming,178,137
450000,hamming,179,130
450000,hamming,180,141
450000,hamming,181,116
450000,hamming,182,111
450000,hamming,183,109
450000,hamming,184,103
450000,hamming,185,111
450000,hamming,186,102
450000,hamming,187,120
450000,hamming,188,128
450000,hamming,189,138
450000,hamming,190,159
450000,hamming,191,205
450000,hamming,192,246
450000,hamming,193,240
450000,hamming,194,308
450000,hamming,195,330
450000,hamming,196,454
450000,hamming,197,505
450000,hamming,198,583
450000,hamming,199,654
450000,hamming,200,582
450000,hamming,201,584
450000,hamming,202,536
450000,hamming,203,389
450000,hamming,204,319
450000,hamming,205,273
450000,hamming,206,226
450000,hamming,207,180
450000,hamming,208,119
450000,hamming,209,81
450000,hamming,210,70
450000,hamming,211,84
450000,hamming,212,87
450000,hamming,213,108
450000,hamming,214,93
450000,hamming,215,101
450000,hamming,216,80
450000,hamming,217,81
450000,hamming,218,52
450000,hamming,219,52
450000,hamming,220,25
450000,hamming,221,20
450000,hamming,222,9
450000,hamming,223,6
450000,hamming,225,1
450000,hamming,245,1
450000,hamming,246,2
450000,hamming,247,2
450000,hamming,248,6
450000,hamming,249,12
450000,hamming,250,15
450000,hamming,251,27
450000,hamming,252,32
450000,hamming,253,40
450000,hamming,254,67
450000,hamming,255,115
450000,hamming,256,157
450000,hamming,257,230
450000,hamming,258,240
450000,hamming,259,276
450000,hamming,260,378
450000,hamming,261,448
450000,hamming,262,577
450000,hamming,263,668
450000,hamming,264,738
450000,hamming,265,808
450000,hamming,266,882
450000,hamming,267,897
450000,hamming,268,968
450000,hamming,269,958
450000,hamming,270,889
450000,hamming,271,845
450000,hamming,272,758
450000,hamming,273,683
450000,hamming,274,614
450000,hamming,275,512
450000,hamming,276,411
450000,hamming,277,318
450000,hamming,278,251
450000,hamming,279,231
450000,hamming,280,185
450000,hamming,281,147
450000,hamming,282,99
450000,hamming,283,84
450000,hamming,284,52
450000,hamming,285,56
450000,hamming,286,59
450000,hamming,287,51
450000,hamming,288,49
450000,hamming,289,23
450000,hamming,290,16
450000,hamming,291,2
450000,hamming,292,3
450000,hamming,294,1
450000,hamming,303,3
450000,hamming,304,9
450000,hamming,305,12
450000,hamming,306,4
450000,hamming,307,10
450000,hamming,308,22
450000,hamming,309,27
450000,hamming,310,43
450000,hamming,311,53
450000,hamming,312,26
450000,hamming,313,30
450000,hamming,314,30
450000,hamming,315,31
450000,hamming,316,38
450000,hamming,317,51
450000,hamming,318,63
450000,hamming,319,80
450000,hamming,320,77
450000,hamming,321,96
450000,hamming,322,115
450000,hamming,323,136
450000,hamming,324,152
450000,hamming,325,173
450000,hamming,326,163
450000,hamming,327,186
450000,hamming,328,198
450000,hamming,329,169
450000,hamming,330,129
450000,hamming,331,86
450000,hamming,332,134
450000,hamming,333,179
450000,hamming,334,325
450000,hamming,335,448
450000,hamming,336,565
450000,hamming,337,728
450000,hamming,338,959
450000,hamming,339,1213
450000,hamming,340,1675
450000,hamming,341,2013
450000,hamming,342,2448
450000,hamming,343,2819
450000,hamming,344,3289
450000,hamming,345,3673
450000,hamming,346,4124
450000,hamming,347,4528
450000,hamming,348,4795
450000,hamming,349,5000
450000,hamming,350,5332
450000,hamming,351,5410
450000,hamming,352,5597
450000,hamming,353,5655
450000,hamming,354,5674
450000,hamming,355,5647
450000,hamming,356,5420
450000,hamming,357,5208
450000,hamming,358,4835
450000,hamming,359,4606
450000,hamming,360,4544
450000,hamming,361,4439
450000,hamming,362,4040
450000,hamming,363,3802
450000,hamming,364,3526
450000,hamming,365,3335
450000,hamming,366,3130
450000,hamming,367,2984
450000,hamming,368,2924
450000,hamming,369,2773
450000,hamming,370,2688
450000,hamming,371,2541
450000,hamming,372,2340
450000,hamming,373,2154
450000,hamming,374,1900
450000,hamming,375,1589
450000,hamming,376,1352
450000,hamming,377,1167
450000,hamming,378,874
450000,hamming,379,645
450000,hamming,380,497
450000,hamming,381,333
450000,hamming,382,219
450000,hamming,383,136
450000,hamming,384,97
450000,hamming,385,72
450000,hamming,386,39
450000,hamming,387,11
450000,hamming,388,5
450000,hamming,389,1
450000,genes,0,16668
450000,genes,1,3662
450000,genes,2,18695
450000,genes,3,2824
450000,genes,4,6134
450000,genes,5,2314
450000,genes,6,4548
450000,genes,7,1134
450000,genes,8,1735
450000,genes,9,7582
450000,genes,10,56564
450000,genes,11,33542
450000,genes,12,18152
450000,genes,13,34632
450000,genes,14,8239
450000,genes,15,2872
450000,genes,16,765
450000,genes,17,53
450000,genes,18,1
450000,body,0,28029
450000,body,1,11728
450000,body,2,3489
450000,body,3,3521
450000,body,4,6937
450000,body,5,19792
450000,body,6,15551
450000,body,7,4789
450000,body,8,6397
450000,body,9,17113
450000,body,10,4794
450000,body,11,4458
450000,body,12,12788
450000,body,13,9085
450000,body,14,15354
450000,body,15,20084
450000,body,16,5039
450000,body,17,7731
450000,body,18,13959
450000,body,19,1696
450000,body,20,1122
450000,body,21,516
450000,body,22,1252
450000,body,23,600
450000,body,24,357
450000,body,25,521
450000,body,26,318
450000,body,27,342
450000,body,28,542
450000,body,29,162
450000,body,30,108
450000,body,31,83
450000,body,32,131
450000,body,33,32
450000,body,34,86
450000,body,35,237
450000,body,36,140
450000,body,37,98
450000,body,38,297
450000,body,39,198
450000,body,40,46
450000,body,41,105
450000,body,42,158
450000,body,43,173
450000,body,44,129
450000,body,45,14
450000,body,46,1
450000,body,47,2
450000,body,48,5
450000,body,49,2
450000,body,50,2
450000,body,51,1
450000,body,52,2
500000,hamming,1,1
500000,hamming,2,158
500000,hamming,3,17
500000,hamming,4,104
500000,hamming,5,25
500000,hamming,6,61
500000,hamming,7,23
500000,hamming,8,58
500000,hamming,9,31
500000,hamming,10,48
500000,hamming,11,36
500000,hamming,12,57
500000,hamming,13,42
500000,hamming,14,45
500000,hamming,15,52
500000,hamming,16,46
500000,hamming,17,54
500000,hamming,18,48
500000,hamming,19,68
500000,hamming,20,66
500000,hamming,21,78
500000,hamming,22,80
500000,hamming,23,74
500000,hamming,24,84
500000,hamming,25,74
500000,hamming,26,88
500000,hamming,27,61
500000,hamming,28,79
500000,hamming,29,59
500000,hamming,30,107
500000,hamming,31,70
500000,hamming,32,102
500000,hamming,33,72
500000,hamming,34,97
500000,hamming,35,57
500000,hamming,36,94
500000,hamming,37,76
500000,hamming,38,107
500000,hamming,39,88
500000,hamming,40,76
500000,hamming,41,82
500000,hamming,42,87
500000,hamming,43,62
500000,hamming,44,75
500000,hamming,45,83
500000,hamming,46,82
500000,hamming,47,79
500000,hamming,48,75
500000,hamming,49,90
500000,hamming,50,78
500000,hamming,51,90
500000,hamming,52,109
500000,hamming,53,118
500000,hamming,54,134
500000,hamming,55,141
500000,hamming,56,168
500000,hamming,57,151
500000,hamming,58,169
500000,hamming,59,174
500000,hamming,60,149
500000,hamming,61,202
500000,hamming,62,144
500000,hamming,63,190
500000,hamming,64,182
500000,hamming,65,222
500000,hamming,66,228
500000,hamming,67,254
500000,hamming,68,209
500000,hamming,69,256
500000,hamming,70,227
500000,hamming,71,223
500000,hamming,72,203
500000,hamming,73,203
500000,hamming,74,191
500000,hamming,75,169
500000,hamming,76,159
500000,hamming,77,193
500000,hamming,78,169
500000,hamming,79,183
500000,hamming,80,187
500000,hamming,81,170
500000,hamming,82,181
500000,hamming,83,160
500000,hamming,84,180
500000,hamming,85,201
500000,hamming,86,189
500000,hamming,87,218
500000,hamming,88,241
500000,hamming,89,233
500000,hamming,90,270
500000,hamming,91,219
500000,hamming,92,269
500000,hamming,93,242
500000,hamming,94,252
500000,hamming,95,294
500000,hamming,96,248
500000,hamming,97,282
500000,hamming,98,300
500000,hamming,99,286
500000,hamming,100,346
500000,hamming,101,336
500000,hamming,102,348
500000,hamming,103,356
500000,hamming,104,359
500000,hamming,105,430
500000,hamming,106,430
500000,hamming,107,430
500000,hamming,108,473
500000,hamming,109,393
500000,hamming,110,457
500000,hamming,111,446
500000,hamming,112,474
500000,hamming,113,480
500000,hamming,114,457
500000,hamming,115,464
500000,hamming,116,498
500000,hamming,117,486
500000,hamming,118,506
500000,hamming,119,554
500000,hamming,120,604
500000,hamming,121,603
500000,hamming,122,622
500000,hamming,123,620
500000,hamming,124,652
500000,hamming,125,643
500000,hamming,126,654
500000,hamming,127,700
500000,hamming,128,712
500000,hamming,129,761
500000,hamming,130,691
500000,hamming,131,767
500000,hamming,132,758
500000,hamming,133,769
500000,hamming,134,797
500000,hamming,135,771
500000,hamming,136,795
500000,hamming,137,805
500000,hamming,138,802
500000,hamming,139,900
500000,hamming,140,947
500000,hamming,141,916
500000,hamming,142,985
500000,hamming,143,976
500000,hamming,144,950
500000,hamming,145,952
500000,hamming,146,944
500000,hamming,147,984
500000,hamming,148,988
500000,hamming,149,1059
500000,hamming,150,1057
500000,hamming,151,1058
500000,hamming,152,1020
500000,hamming,153,1040
500000,hamming,154,1015
500000,hamming,155,1075
500000,hamming,156,1006
500000,hamming,157,994
500000,hamming,158,994
500000,hamming,159,993
500000,hamming,160,1049
500000,hamming,161,958
500000,hamming,162,997
500000,hamming,163,957
500000,hamming,164,979
500000,hamming,165,954
500000,hamming,166,950
500000,hamming,167,864
500000,hamming,168,924
500000,hamming,169,910
500000,hamming,170,809
500000,hamming,171,834
500000,hamming,172,754
500000,hamming,173,762
500000,hamming,174,703
500000,hamming,175,685
500000,hamming,176,611
500000,hamming,177,593
500000,hamming,178,548
500000,hamming,179,508
500000,hamming,180,552
500000,hamming,181,480
500000,hamming,182,426
500000,hamming,183,443
500000,hamming,184,435
500000,hamming,185,406
500000,hamming,186,348
500000,hamming,187,312
500000,hamming,188,290
500000,hamming,189,292
500000,hamming,190,256
500000,hamming,191,233
500000,hamming,192,282
500000,hamming,193,203
500000,hamming,194,214
500000,hamming,195,190
500000,hamming,196,193
500000,hamming,197,174
500000,hamming,198,120
500000,hamming,199,112
500000,hamming,200,124
500000,hamming,201,106
500000,hamming,202,126
500000,hamming,203,122
500000,hamming,204,102
500000,hamming,205,120
500000,hamming,206,109
500000,hamming,207,97
500000,hamming,208,87
500000,hamming,209,88
500000,hamming,210,89
500000,hamming,211,64
500000,hamming,212,46
500000,hamming,213,38
500000,hamming,214,28
500000,hamming,215,21
500000,hamming,216,13
500000,hamming,217,10
500000,hamming,218,5
500000,hamming,219,2
500000,hamming,220,3
500000,hamming,221,5
500000,hamming,222,4
500000,hamming,223,4
500000,hamming,224,13
500000,hamming,225,8
500000,hamming,226,11
500000,hamming,227,18
500000,hamming,228,17
500000,hamming,229,13
500000,hamming,230,15
500000,hamming,231,17
500000,hamming,232,5
500000,hamming,233,9
500000,hamming,234,6
500000,hamming,235,7
500000,hamming,236,3
500000,hamming,237,1
500000,hamming,238,2
500000,hamming,239,1
500000,hamming,255,1
500000,hamming,256,2
500000,hamming,257,3
500000,hamming,258,14
500000,hamming,259,18
500000,hamming,260,24
500000,hamming,261,26
500000,hamming,262,28
500000,hamming,263,25
500000,hamming,264,28
500000,hamming,265,55
500000,hamming,266,93
500000,hamming,267,88
500000,hamming,268,98
500000,hamming,269,145
500000,hamming,270,203
500000,hamming,271,212
500000,hamming,272,255
500000,hamming,273,254
500000,hamming,274,283
500000,hamming,275,344
500000,hamming,276,392
500000,hamming,277,428
500000,hamming,278,461
500000,hamming,279,485
500000,hamming,280,516
500000,hamming,281,486
500000,hamming,282,518
500000,hamming,283,503
500000,hamming,284,445
500000,hamming,285,377
500000,hamming,286,307
500000,hamming,287,272
500000,hamming,288,259
500000,hamming,289,207
500000,hamming,290,161
500000,hamming,291,149
500000,hamming,292,170
500000,hamming,293,166
500000,hamming,294,149
500000,hamming,295,139
500000,hamming,296,129
500000,hamming,297,137
500000,hamming,298,124
500000,hamming,299,97
500000,hamming,300,90
500000,hamming,301,57
500000,hamming,302,40
500000,hamming,303,39
500000,hamming,304,22
500000,hamming,305,20
500000,hamming,306,16
500000,hamming,307,9
500000,hamming,308,5
500000,hamming,309,2
500000,hamming,318,2
500000,hamming,319,3
500000,hamming,320,2
500000,hamming,321,2
500000,hamming,322,4
500000,hamming,323,6
500000,hamming,324,7
500000,hamming,325,3
500000,hamming,326,14
500000,hamming,327,12
500000,hamming,328,19
500000,hamming,329,36
500000,hamming,330,44
500000,hamming,331,72
500000,hamming,332,124
500000,hamming,333,177
500000,hamming,334,274
500000,hamming,335,345
500000,hamming,336,466
500000,hamming,337,666
500000,hamming,338,898
500000,hamming,339,1175
500000,hamming,340,1539
500000,hamming,341,1916
500000,hamming,342,2433
500000,hamming,343,2927
500000,hamming,344,3310
500000,hamming,345,4071
500000,hamming,346,4533
500000,hamming,347,5213
500000,hamming,348,5877
500000,hamming,349,6481
500000,hamming,350,7039
500000,hamming,351,7456
500000,hamming,352,7917
500000,hamming,353,8135
500000,hamming,354,8291
500000,hamming,355,8371
500000,hamming,356,8143
500000,hamming,357,7626
500000,hamming,358,7163
500000,hamming,359,7141
500000,hamming,360,6614
500000,hamming,361,6096
500000,hamming,362,5665
500000,hamming,363,5202
500000,hamming,364,4736
500000,hamming,365,4293
500000,hamming,366,3734
500000,hamming,367,3226
500000,hamming,368,2828
500000,hamming,369,2459
500000,hamming,370,2021
500000,hamming,371,1719
500000,hamming,372,1353
500000,hamming,373,963
500000,hamming,374,711
500000,hamming,375,506
500000,hamming,376,373
500000,hamming,377,261
500000,hamming,378,181
500000,hamming,379,142
500000,hamming,380,115
500000,hamming,381,74
500000,hamming,382,61
500000,hamming,383,33
500000,hamming,384,22
500000,hamming,385,10
500000,hamming,386,3
500000,hamming,387,1
500000,hamming,388,2
500000,hamming,389,2
500000,hamming,390,1
500000,genes,0,16238
500000,genes,1,8059
500000,genes,2,21320
500000,genes,3,11911
500000,genes,4,9717
500000,genes,5,5850
500000,genes,6,2770
500000,genes,7,2264
500000,genes,8,4254
500000,genes,9,8080
500000,genes,10,42747
500000,genes,11,38908
500000,genes,12,16971
500000,genes,13,30123
500000,genes,14,19064
500000,genes,15,16606
500000,genes,16,6952
500000,genes,17,1124
500000,genes,18,209
500000,genes,19,8
500000,body,0,35867
500000,body,1,7551
500000,body,2,14216
500000,body,3,8407
500000,body,4,6541
500000,body,5,6011
500000,body,6,6721
500000,body,7,9720
500000,body,8,6211
500000,body,9,39011
500000,body,10,8839
500000,body,11,8140
500000,body,12,6113
500000,body,13,6370
500000,body,14,21129
500000,body,15,32723
500000,body,16,18620
500000,body,17,7916
500000,body,18,2874
500000,body,19,1714
500000,body,20,1317
500000,body,21,874
500000,body,22,807
500000,body,23,436
500000,body,24,628
500000,body,25,216
500000,body,26,670
500000,body,27,404
500000,body,28,77
500000,body,29,22
500000,body,30,445
500000,body,31,374
500000,body,32,153
500000,body,33,504
500000,body,34,289
500000,body,35,218
500000,body,36,46
500000,body,37,154
500000,body,38,249
500000,body,39,101
500000,body,40,50
500000,body,41,36
500000,body,42,46
500000,body,43,128
500000,body,44,28
500000,body,45,6
500000,body,46,7
500000,body,47,13
500000,body,48,44
500000,body,49,130
500000,body,50,3
500000,body,51,3
500000,body,52,3
550000,hamming,2,147
550000,hamming,3,13
550000,hamming,4,112
550000,hamming,5,31
550000,hamming,6,93
550000,hamming,7,63
550000,hamming,8,103
550000,hamming,9,62
550000,hamming,10,107
550000,hamming,11,67
550000,hamming,12,114
550000,hamming,13,77
550000,hamming,14,92
550000,hamming,15,69
550000,hamming,16,70
550000,hamming,17,44
550000,hamming,18,70
550000,hamming,19,43
550000,hamming,20,65
550000,hamming,21,47
550000,hamming,22,64
550000,hamming,23,45
550000,hamming,24,51
550000,hamming,25,38
550000,hamming,26,39
550000,hamming,27,35
550000,hamming,28,41
550000,hamming,29,25
550000,hamming,30,44
550000,hamming,31,35
550000,hamming,32,58
550000,hamming,33,38
550000,hamming,34,74
550000,hamming,35,35
550000,hamming,36,87
550000,hamming,37,46
550000,hamming,38,91
550000,hamming,39,48
550000,hamming,40,94
550000,hamming,41,62
550000,hamming,42,74
550000,hamming,43,65
550000,hamming,44,66
550000,hamming,45,68
550000,hamming,46,65
550000,hamming,47,65
550000,hamming,48,42
550000,hamming,49,68
550000,hamming,50,56
550000,hamming,51,57
550000,hamming,52,58
550000,hamming,53,40
550000,hamming,54,62
550000,hamming,55,46
550000,hamming,56,68
550000,hamming,57,65
550000,hamming,58,83
550000,hamming,59,64
550000,hamming,60,90
550000,hamming,61,50
550000,hamming,62,76
550000,hamming,63,46
550000,hamming,64,76
550000,hamming,65,44
550000,hamming,66,49
550000,hamming,67,45
550000,hamming,68,65
550000,hamming,69,37
550000,hamming,70,59
550000,hamming,71,59
550000,hamming,72,62
550000,hamming,73,53
550000,hamming,74,66
550000,hamming,75,59
550000,hamming,76,74
550000,hamming,77,79
550000,hamming,78,82
550000,hamming,79,72
550000,hamming,80,78
550000,hamming,81,81
550000,hamming,82,96
550000,hamming,83,94
550000,hamming,84,84
550000,hamming,85,85
550000,hamming,86,108
550000,hamming,87,98
550000,hamming,88,125
550000,hamming,89,114
550000,hamming,90,116
550000,hamming,91,118
550000,hamming,92,119
550000,hamming,93,133
550000,hamming,94,132
550000,hamming,95,142
550000,hamming,96,156
550000,hamming,97,147
550000,hamming,98,118
550000,hamming,99,149
550000,hamming,100,147
550000,hamming,101,149
550000,hamming,102,183
550000,hamming,103,160
550000,hamming,104,179
550000,hamming,105,188
550000,hamming,106,192
550000,hamming,107,211
550000,hamming,108,187
550000,hamming,109,227
550000,hamming,110,229
550000,hamming,111,230
550000,hamming,112,223
550000,hamming,113,242
550000,hamming,114,275
550000,hamming,115,250
550000,hamming,116,273
550000,hamming,117,281
550000,hamming,118,320
550000,hamming,119,326
550000,hamming,120,344
550000,hamming,121,381
550000,hamming,122,385
550000,hamming,123,396
550000,hamming,124,438
550000,hamming,125,378
550000,hamming,126,436
550000,hamming,127,425
550000,hamming,128,483
550000,hamming,129,534
550000,hamming,130,500
550000,hamming,131,492
550000,hamming,132,595
550000,hamming,133,530
550000,hamming,134,593
550000,hamming,135,608
550000,hamming,136,609
550000,hamming,137,604
550000,hamming,138,643
550000,hamming,139,647
550000,hamming,140,648
550000,hamming,141,677
550000,hamming,142,776
550000,hamming,143,730
550000,hamming,144,717
550000,hamming,145,750
550000,hamming,146,755
550000,hamming,147,813
550000,hamming,148,804
550000,hamming,149,811
550000,hamming,150,804
550000,hamming,151,788
550000,hamming,152,898
550000,hamming,153,848
550000,hamming,154,828
550000,hamming,155,821
550000,hamming,156,796
550000,hamming,157,855
550000,hamming,158,841
550000,hamming,159,890
550000,hamming,160,880
550000,hamming,161,892
550000,hamming,162,1030
550000,hamming,163,1003
550000,hamming,164,962
550000,hamming,165,960
550000,hamming,166,934
550000,hamming,167,906
550000,hamming,168,971
550000,hamming,169,911
550000,hamming,170,913
550000,hamming,171,916
550000,hamming,172,901
550000,hamming,173,844
550000,hamming,174,907
550000,hamming,175,786
550000,hamming,176,797
550000,hamming,177,826
550000,hamming,178,772
550000,hamming,179,805
550000,hamming,180,717
550000,hamming,181,773
550000,hamming,182,742
550000,hamming,183,685
550000,hamming,184,675
550000,hamming,185,613
550000,hamming,186,643
550000,hamming,187,585
550000,hamming,188,584
550000,hamming,189,592
550000,hamming,190,564
550000,hamming,191,499
550000,hamming,192,464
550000,hamming,193,444
550000,hamming,194,407
550000,hamming,195,317
550000,hamming,196,307
550000,hamming,197,302
550000,hamming,198,264
550000,hamming,199,265
550000,hamming,200,210
550000,hamming,201,186
550000,hamming,202,206
550000,hamming,203,166
550000,hamming,204,116
550000,hamming,205,112
550000,hamming,206,123
550000,hamming,207,126
550000,hamming,208,134
550000,hamming,209,191
550000,hamming,210,182
550000,hamming,211,150
550000,hamming,212,156
550000,hamming,213,175
550000,hamming,214,135
550000,hamming,215,128
550000,hamming,216,114
550000,hamming,217,114
550000,hamming,218,114
550000,hamming,219,93
550000,hamming,220,175
550000,hamming,221,161
550000,hamming,222,188
550000,hamming,223,224
550000,hamming,224,206
550000,hamming,225,187
550000,hamming,226,177
550000,hamming,227,172
550000,hamming,228,166
550000,hamming,229,144
550000,hamming,230,117
550000,hamming,231,111
550000,hamming,232,93
550000,hamming,233,86
550000,hamming,234,84
550000,hamming,235,70
550000,hamming,236,54
550000,hamming,237,60
550000,hamming,238,62
550000,hamming,239,50
550000,hamming,240,49
550000,hamming,241,56
550000,hamming,242,61
550000,hamming,243,71
550000,hamming,244,64
550000,hamming,245,71
550000,hamming,246,65
550000,hamming,247,43
550000,hamming,248,27
550000,hamming,249,15
550000,hamming,250,14
550000,hamming,251,7
550000,hamming,252,11
550000,hamming,253,12
550000,hamming,254,24
550000,hamming,255,55
550000,hamming,256,68
550000,hamming,257,126
550000,hamming,258,172
550000,hamming,259,216
550000,hamming,260,234
550000,hamming,261,253
550000,hamming,262,234
550000,hamming,263,226
550000,hamming,264,220
550000,hamming,265,239
550000,hamming,266,171
550000,hamming,267,124
550000,hamming,268,74
550000,hamming,269,32
550000,hamming,270,23
550000,hamming,271,8
550000,hamming,272,6
550000,hamming,273,17
550000,hamming,274,22
550000,hamming,275,24
550000,hamming,276,17
550000,hamming,277,24
550000,hamming,278,28
550000,hamming,279,10
550000,hamming,280,3
550000,hamming,281,15
550000,hamming,282,35
550000,hamming,283,44
550000,hamming,284,46
550000,hamming,285,55
550000,hamming,286,75
550000,hamming,287,81
550000,hamming,288,54
550000,hamming,289,39
550000,hamming,290,47
550000,hamming,291,41
550000,hamming,292,20
550000,hamming,293,10
550000,hamming,294,9
550000,hamming,295,4
550000,hamming,296,1
550000,hamming,297,1
550000,hamming,311,1
550000,hamming,312,2
550000,hamming,313,5
550000,hamming,314,6
550000,hamming,315,10
550000,hamming,316,9
550000,hamming,317,6
550000,hamming,318,26
550000,hamming,319,37
550000,hamming,320,60
550000,hamming,321,67
550000,hamming,322,64
550000,hamming,323,89
550000,hamming,324,141
550000,hamming,325,180
550000,hamming,326,229
550000,hamming,327,270
550000,hamming,328,339
550000,hamming,329,367
550000,hamming,330,480
550000,hamming,331,626
550000,hamming,332,754
550000,hamming,333,786
550000,hamming,334,1003
550000,hamming,335,1200
550000,hamming,336,1379
550000,hamming,337,1614
550000,hamming,338,1790
550000,hamming,339,2061
550000,hamming,340,2254
550000,hamming,341,2644
550000,hamming,342,3022
550000,hamming,343,3255
550000,hamming,344,3522
550000,hamming,345,3937
550000,hamming,346,4208
550000,hamming,347,4561
550000,hamming,348,4687
550000,hamming,349,4881
550000,hamming,350,4987
550000,hamming,351,5101
550000,hamming,352,5129
550000,hamming,353,4906
550000,hamming,354,4826
550000,hamming,355,4812
550000,hamming,356,4848
550000,hamming,357,4804
550000,hamming,358,4830
550000,hamming,359,4534
550000,hamming,360,4362
550000,hamming,361,4170
550000,hamming,362,3927
550000,hamming,363,3551
550000,hamming,364,3162
550000,hamming,365,2926
550000,hamming,366,2464
550000,hamming,367,2238
550000,hamming,368,1951
550000,hamming,369,1468
550000,hamming,370,1091
550000,hamming,371,848
550000,hamming,372,647
550000,hamming,373,464
550000,hamming,374,373
550000,hamming,375,252
550000,hamming,376,185
550000,hamming,377,100
550000,hamming,378,74
550000,hamming,379,57
550000,hamming,380,28
550000,hamming,381,26
550000,hamming,382,20
550000,hamming,383,15
550000,hamming,384,15
550000,hamming,385,3
550000,hamming,386,3
550000,hamming,387,4
550000,hamming,388,3
550000,hamming,389,2
550000,hamming,390,4
550000,genes,0,24245
550000,genes,1,8245
550000,genes,2,19638
550000,genes,3,6459
550000,genes,4,6306
550000,genes,5,3431
550000,genes,6,1418
550000,genes,7,759
550000,genes,8,1130
550000,genes,9,5511
550000,genes,10,46267
550000,genes,11,29710
550000,genes,12,12935
550000,genes,13,30369
550000,genes,14,7530
550000,genes,15,4087
550000,genes,16,847
550000,genes,17,76
550000,genes,18,15
550000,genes,19,3
550000,body,0,35978
550000,body,1,6599
550000,body,2,5262
550000,body,3,4878
550000,body,4,5024
550000,body,5,9151
550000,body,6,4876
550000,body,7,6376
550000,body,8,6996
550000,body,9,31794
550000,body,10,6857
550000,body,11,2868
550000,body,12,7829
550000,body,13,7250
550000,body,14,13423
550000,body,15,8451
550000,body,16,6392
550000,body,17,21625
550000,body,18,5578
550000,body,19,1351
550000,body,20,4323
550000,body,21,520
550000,body,22,402
550000,body,23,442
550000,body,24,446
550000,body,25,754
550000,body,26,215
550000,body,27,604
550000,body,28,298
550000,body,29,159
550000,body,30,80
550000,body,31,176
550000,body,32,397
550000,body,33,196
550000,body,34,123
550000,body,35,386
550000,body,36,345
550000,body,37,198
550000,body,38,268
550000,body,39,30
550000,body,40,26
550000,body,41,5
550000,body,42,11
550000,body,43,4
550000,body,44,4
550000,body,45,3
550000,body,46,1
550000,body,47,2
550000,body,48,3
550000,body,50,1
550000,body,54,1
600000,hamming,2,143
600000,hamming,3,17
600000,hamming,4,104
600000,hamming,5,19
600000,hamming,6,92
600000,hamming,7,32
600000,hamming,8,103
600000,hamming,9,37
600000,hamming,10,89
600000,hamming,11,44
600000,hamming,12,62
600000,hamming,13,60
600000,hamming,14,70
600000,hamming,15,57
600000,hamming,16,59
600000,hamming,17,65
600000,hamming,18,74
600000,hamming,19,75
600000,hamming,20,53
600000,hamming,21,81
600000,hamming,22,90
600000,hamming,23,68
600000,hamming,24,87
600000,hamming,25,69
600000,hamming,26,75
600000,hamming,27,77
600000,hamming,28,69
600000,hamming,29,65
600000,hamming,30,66
600000,hamming,31,76
600000,hamming,32,76
600000,hamming,33,59
600000,hamming,34,64
600000,hamming,35,69
600000,hamming,36,74
600000,hamming,37,64
600000,hamming,38,74
600000,hamming,39,50
600000,hamming,40,51
600000,hamming,41,50
600000,hamming,42,49
600000,hamming,43,31
600000,hamming,44,56
600000,hamming,45,39
600000,hamming,46,54
600000,hamming,47,44
600000,hamming,48,48
600000,hamming,49,46
600000,hamming,50,40
600000,hamming,51,40
600000,hamming,52,35
600000,hamming,53,46
600000,hamming,54,29
600000,hamming,55,42
600000,hamming,56,44
600000,hamming,57,50
600000,hamming,58,44
600000,hamming,59,71
600000,hamming,60,40
600000,hamming,61,53
600000,hamming,62,44
600000,hamming,63,71
600000,hamming,64,67
600000,hamming,65,68
600000,hamming,66,72
600000,hamming,67,57
600000,hamming,68,59
600000,hamming,69,75
600000,hamming,70,94
600000,hamming,71,71
600000,hamming,72,100
600000,hamming,73,110
600000,hamming,74,119
600000,hamming,75,135
600000,hamming,76,136
600000,hamming,77,133
600000,hamming,78,138
600000,hamming,79,128
600000,hamming,80,129
600000,hamming,81,152
600000,hamming,82,147
600000,hamming,83,158
600000,hamming,84,201
600000,hamming,85,201
600000,hamming,86,236
600000,hamming,87,232
600000,hamming,88,265
600000,hamming,89,244
600000,hamming,90,213
600000,hamming,91,258
600000,hamming,92,247
600000,hamming,93,271
600000,hamming,94,286
600000,hamming,95,288
600000,hamming,96,295
600000,hamming,97,359
600000,hamming,98,323
600000,hamming,99,331
600000,hamming,100,381
600000,hamming,101,367
600000,hamming,102,420
600000,hamming,103,417
600000,hamming,104,446
600000,hamming,105,451
600000,hamming,106,461
600000,hamming,107,422
600000,hamming,108,443
600000,hamming,109,495
600000,hamming,110,520
600000,hamming,111,619
600000,hamming,112,572
600000,hamming,113,583
600000,hamming,114,656
600000,hamming,115,613
600000,hamming,116,618
600000,hamming,117,662
600000,hamming,118,633
600000,hamming,119,659
600000,hamming,120,681
600000,hamming,121,783
600000,hamming,122,804
600000,hamming,123,787
600000,hamming,124,812
600000,hamming,125,832
600000,hamming,126,823
600000,hamming,127,913
600000,hamming,128,923
600000,hamming,129,987
600000,hamming,130,1009
600000,hamming,131,974
600000,hamming,132,963
600000,hamming,133,1030
600000,hamming,134,1061
600000,hamming,135,1030
600000,hamming,136,1005
600000,hamming,137,1041
600000,hamming,138,1048
600000,hamming,139,1061
600000,hamming,140,1085
600000,hamming,141,1129
600000,hamming,142,1112
600000,hamming,143,1137
600000,hamming,144,1112
600000,hamming,145,1105
600000,hamming,146,1104
600000,hamming,147,1121
600000,hamming,148,1014
600000,hamming,149,1112
600000,hamming,150,1061
600000,hamming,151,996
600000,hamming,152,1003
600000,hamming,153,943
600000,hamming,154,952
600000,hamming,155,949
600000,hamming,156,944
600000,hamming,157,917
600000,hamming,158,875
600000,hamming,159,890
600000,hamming,160,832
600000,hamming,161,819
600000,hamming,162,793
600000,hamming,163,815
600000,hamming,164,767
600000,hamming,165,785
600000,hamming,166,782
600000,hamming,167,786
600000,hamming,168,726
600000,hamming,169,749
600000,hamming,170,642
600000,hamming,171,689
600000,hamming,172,610
600000,hamming,173,605
600000,hamming,174,553
600000,hamming,175,521
600000,hamming,176,464
600000,hamming,177,471
600000,hamming,178,453
600000,hamming,179,395
600000,hamming,180,389
600000,hamming,181,404
600000,hamming,182,393
600000,hamming,183,350
600000,hamming,184,341
600000,hamming,185,287
600000,hamming,186,298
600000,hamming,187,267
600000,hamming,188,259
600000,hamming,189,238
600000,hamming,190,260
600000,hamming,191,208
600000,hamming,192,198
600000,hamming,193,196
600000,hamming,194,176
600000,hamming,195,138
600000,hamming,196,141
600000,hamming,197,121
600000,hamming,198,160
600000,hamming,199,95
600000,hamming,200,124
600000,hamming,201,128
600000,hamming,202,161
600000,hamming,203,137
600000,hamming,204,156
600000,hamming,205,149
600000,hamming,206,161
600000,hamming,207,161
600000,hamming,208,217
600000,hamming,209,233
600000,hamming,210,230
600000,hamming,211,259
600000,hamming,212,232
600000,hamming,213,243
600000,hamming,214,256
600000,hamming,215,247
600000,hamming,216,294
600000,hamming,217,288
600000,hamming,218,316
600000,hamming,219,327
600000,hamming,220,315
600000,hamming,221,299
600000,hamming,222,359
600000,hamming,223,345
600000,hamming,224,360
600000,hamming,225,324
600000,hamming,226,310
600000,hamming,227,297
600000,hamming,228,255
600000,hamming,229,210
600000,hamming,230,228
600000,hamming,231,216
600000,hamming,232,220
600000,hamming,233,214
600000,hamming,234,210
600000,hamming,235,201
600000,hamming,236,181
600000,hamming,237,174
600000,hamming,238,168
600000,hamming,239,129
600000,hamming,240,132
600000,hamming,241,136
600000,hamming,242,104
600000,hamming,243,80
600000,hamming,244,60
600000,hamming,245,45
600000,hamming,246,30
600000,hamming,247,49
600000,hamming,248,35
600000,hamming,249,37
600000,hamming,250,20
600000,hamming,251,25
600000,hamming,252,16
600000,hamming,253,8
600000,hamming,254,3
600000,hamming,255,3
600000,hamming,275,1
600000,hamming,276,1
600000,hamming,277,3
600000,hamming,278,5
600000,hamming,279,5
600000,hamming,280,17
600000,hamming,281,21
600000,hamming,282,43
600000,hamming,283,51
600000,hamming,284,73
600000,hamming,285,92
600000,hamming,286,141
600000,hamming,287,190
600000,hamming,288,254
600000,hamming,289,300
600000,hamming,290,421
600000,hamming,291,542
600000,hamming,292,705
600000,hamming,293,921
600000,hamming,294,1141
600000,hamming,295,1374
600000,hamming,296,1603
600000,hamming,297,1937
600000,hamming,298,2108
600000,hamming,299,2316
600000,hamming,300,2655
600000,hamming,301,2977
600000,hamming,302,3331
600000,hamming,303,3450
600000,hamming,304,3762
600000,hamming,305,3773
600000,hamming,306,3943
600000,hamming,307,3941
600000,hamming,308,4062
600000,hamming,309,4024
600000,hamming,310,4122
600000,hamming,311,3742
600000,hamming,312,3508
600000,hamming,313,3188
600000,hamming,314,2968
600000,hamming,315,2668
600000,hamming,316,2323
600000,hamming,317,2051
600000,hamming,318,1746
600000,hamming,319,1602
600000,hamming,320,1364
600000,hamming,321,1094
600000,hamming,322,821
600000,hamming,323,609
600000,hamming,324,517
600000,hamming,325,405
600000,hamming,326,327
600000,hamming,327,267
600000,hamming,328,220
600000,hamming,329,153
600000,hamming,330,107
600000,hamming,331,68
600000,hamming,332,56
600000,hamming,333,37
600000,hamming,334,27
600000,hamming,335,23
600000,hamming,336,12
600000,hamming,337,14
600000,hamming,338,24
600000,hamming,339,23
600000,hamming,340,46
600000,hamming,341,78
600000,hamming,342,95
600000,hamming,343,173
600000,hamming,344,263
600000,hamming,345,358
600000,hamming,346,491
600000,hamming,347,627
600000,hamming,348,823
600000,hamming,349,1064
600000,hamming,350,1263
600000,hamming,351,1418
600000,hamming,352,1609
600000,hamming,353,1808
600000,hamming,354,2101
600000,hamming,355,2420
600000,hamming,356,2810
600000,hamming,357,3072
600000,hamming,358,3148
600000,hamming,359,3325
600000,hamming,360,3420
600000,hamming,361,3771
600000,hamming,362,3678
600000,hamming,363,3689
600000,hamming,364,3617
600000,hamming,365,3497
600000,hamming,366,3359
600000,hamming,367,3087
600000,hamming,368,2849
600000,hamming,369,2615
600000,hamming,370,2446
600000,hamming,371,2180
600000,hamming,372,1938
600000,hamming,373,1744
600000,hamming,374,1561
600000,hamming,375,1326
600000,hamming,376,1118
600000,hamming,377,897
600000,hamming,378,705
600000,hamming,379,567
600000,hamming,380,462
600000,hamming,381,346
600000,hamming,382,259
600000,hamming,383,209
600000,hamming,384,112
600000,hamming,385,50
600000,hamming,386,46
600000,hamming,387,20
600000,hamming,388,18
600000,hamming,389,22
600000,hamming,390,8
600000,hamming,391,5
600000,hamming,392,1
600000,genes,0,8743
600000,genes,1,7608
600000,genes,2,22097
600000,genes,3,18737
600000,genes,4,49465
600000,genes,5,20691
600000,genes,6,27378
600000,genes,7,8038
600000,genes,8,6837
600000,genes,9,1520
600000,genes,10,774
600000,genes,11,969
600000,genes,12,8609
600000,genes,13,38428
600000,genes,14,8753
600000,genes,15,18046
600000,genes,16,1962
600000,genes,17,167
600000,genes,18,42
600000,genes,19,1
600000,body,0,37491
600000,body,1,30496
600000,body,2,21527
600000,body,3,26492
600000,body,4,22604
600000,body,5,10343
600000,body,6,6747
600000,body,7,5019
600000,body,8,3213
600000,body,9,2244
600000,body,10,1871
600000,body,11,1700
600000,body,12,6338
600000,body,13,9691
600000,body,14,10474
600000,body,15,8475
600000,body,16,21734
600000,body,17,13438
600000,body,18,3770
600000,body,19,811
600000,body,20,779
600000,body,21,412
600000,body,22,469
600000,body,23,309
600000,body,24,231
600000,body,25,354
600000,body,26,82
600000,body,27,54
600000,body,28,115
600000,body,29,140
600000,body,30,338
600000,body,31,218
600000,body,32,341
600000,body,33,99
600000,body,34,64
600000,body,35,82
600000,body,36,118
600000,body,37,54
600000,body,38,100
600000,body,39,14
600000,body,40,10
600000,body,42,2
600000,body,44,2
650000,hamming,2,127
650000,hamming,3,14
650000,hamming,4,90
650000,hamming,5,18
650000,hamming,6,72
650000,hamming,7,32
650000,hamming,8,63
650000,hamming,9,27
650000,hamming,10,59
650000,hamming,11,29
650000,hamming,12,59
650000,hamming,13,34
650000,hamming,14,42
650000,hamming,15,43
650000,hamming,16,47
650000,hamming,17,50
650000,hamming,18,63
650000,hamming,19,58
650000,hamming,20,53
650000,hamming,21,32
650000,hamming,22,52
650000,hamming,23,57
650000,hamming,24,65
650000,hamming,25,74
650000,hamming,26,86
650000,hamming,27,81
650000,hamming,28,72
650000,hamming,29,80
650000,hamming,30,70
650000,hamming,31,90
650000,hamming,32,85
650000,hamming,33,95
650000,hamming,34,86
650000,hamming,35,111
650000,hamming,36,84
650000,hamming,37,110
650000,hamming,38,108
650000,hamming,39,120
650000,hamming,40,92
650000,hamming,41,103
650000,hamming,42,74
650000,hamming,43,92
650000,hamming,44,86
650000,hamming,45,102
650000,hamming,46,114
650000,hamming,47,104
650000,hamming,48,133
650000,hamming,49,114
650000,hamming,50,116
650000,hamming,51,116
650000,hamming,52,98
650000,hamming,53,120
650000,hamming,54,120
650000,hamming,55,105
650000,hamming,56,124
650000,hamming,57,125
650000,hamming,58,124
650000,hamming,59,115
650000,hamming,60,87
650000,hamming,61,155
650000,hamming,62,103
650000,hamming,63,131
650000,hamming,64,132
650000,hamming,65,127
650000,hamming,66,112
650000,hamming,67,141
650000,hamming,68,143
650000,hamming,69,140
650000,hamming,70,158
650000,hamming,71,165
650000,hamming,72,168
650000,hamming,73,161
650000,hamming,74,171
650000,hamming,75,167
650000,hamming,76,181
650000,hamming,77,212
650000,hamming,78,218
650000,hamming,79,230
650000,hamming,80,268
650000,hamming,81,249
650000,hamming,82,243
650000,hamming,83,255
650000,hamming,84,284
650000,hamming,85,277
650000,hamming,86,304
650000,hamming,87,236
650000,hamming,88,295
650000,hamming,89,268
650000,hamming,90,318
650000,hamming,91,320
650000,hamming,92,322
650000,hamming,93,330
650000,hamming,94,325
650000,hamming,95,317
650000,hamming,96,348
650000,hamming,97,352
650000,hamming,98,397
650000,hamming,99,408
650000,hamming,100,420
650000,hamming,101,433
650000,hamming,102,391
650000,hamming,103,444
650000,hamming,104,487
650000,hamming,105,445
650000,hamming,106,458
650000,hamming,107,489
650000,hamming,108,486
650000,hamming,109,513
650000,hamming,110,522
650000,hamming,111,509
650000,hamming,112,531
650000,hamming,113,515
650000,hamming,114,512
650000,hamming,115,494
650000,hamming,116,522
650000,hamming,117,503
650000,hamming,118,565
650000,hamming,119,552
650000,hamming,120,539
650000,hamming,121,562
650000,hamming,122,560
650000,hamming,123,532
650000,hamming,124,576
650000,hamming,125,563
650000,hamming,126,585
650000,hamming,127,552
650000,hamming,128,576
650000,hamming,129,527
650000,hamming,130,570
650000,hamming,131,519
650000,hamming,132,532
650000,hamming,133,539
650000,hamming,134,565
650000,hamming,135,577
650000,hamming,136,585
650000,hamming,137,584
650000,hamming,138,599
650000,hamming,139,614
650000,hamming,140,566
650000,hamming,141,602
650000,hamming,142,603
650000,hamming,143,593
650000,hamming,144,568
650000,hamming,145,621
650000,hamming,146,587
650000,hamming,147,621
650000,hamming,148,641
650000,hamming,149,605
650000,hamming,150,579
650000,hamming,151,579
650000,hamming,152,526
650000,hamming,153,581
650000,hamming,154,554
650000,hamming,155,582
650000,hamming,156,583
650000,hamming,157,538
650000,hamming,158,494
650000,hamming,159,540
650000,hamming,160,506
650000,hamming,161,529
650000,hamming,162,476
650000,hamming,163,519
650000,hamming,164,475
650000,hamming,165,453
650000,hamming,166,498
650000,hamming,167,447
650000,hamming,168,449
650000,hamming,169,431
650000,hamming,170,425
650000,hamming,171,387
650000,hamming,172,367
650000,hamming,173,341
650000,hamming,174,310
650000,hamming,175,301
650000,hamming,176,308
650000,hamming,177,280
650000,hamming,178,265
650000,hamming,179,271
650000,hamming,180,262
650000,hamming,181,233
650000,hamming,182,249
650000,hamming,183,207
650000,hamming,184,198
650000,hamming,185,208
650000,hamming,186,183
650000,hamming,187,178
650000,hamming,188,163
650000,hamming,189,131
650000,hamming,190,123
650000,hamming,191,125
650000,hamming,192,146
650000,hamming,193,126
650000,hamming,194,107
650000,hamming,195,105
650000,hamming,196,104
650000,hamming,197,107
650000,hamming,198,88
650000,hamming,199,95
650000,hamming,200,92
650000,hamming,201,108
650000,hamming,202,82
650000,hamming,203,107
650000,hamming,204,77
650000,hamming,205,85
650000,hamming,206,86
650000,hamming,207,70
650000,hamming,208,80
650000,hamming,209,82
650000,hamming,210,76
650000,hamming,211,83
650000,hamming,212,78
650000,hamming,213,79
650000,hamming,214,82
650000,hamming,215,101
650000,hamming,216,101
650000,hamming,217,117
650000,hamming,218,145
650000,hamming,219,115
650000,hamming,220,142
650000,hamming,221,109
650000,hamming,222,138
650000,hamming,223,130
650000,hamming,224,157
650000,hamming,225,201
650000,hamming,226,224
650000,hamming,227,262
650000,hamming,228,274
650000,hamming,229,287
650000,hamming,230,275
650000,hamming,231,307
650000,hamming,232,364
650000,hamming,233,384
650000,hamming,234,421
650000,hamming,235,426
650000,hamming,236,386
650000,hamming,237,422
650000,hamming,238,434
650000,hamming,239,404
650000,hamming,240,457
650000,hamming,241,403
650000,hamming,242,444
650000,hamming,243,489
650000,hamming,244,464
650000,hamming,245,519
650000,hamming,246,494
650000,hamming,247,570
650000,hamming,248,534
650000,hamming,249,519
650000,hamming,250,536
650000,hamming,251,519
650000,hamming,252,508
650000,hamming,253,476
650000,hamming,254,421
650000,hamming,255,350
650000,hamming,256,303
650000,hamming,257,252
650000,hamming,258,244
650000,hamming,259,221
650000,hamming,260,284
650000,hamming,261,261
650000,hamming,262,242
650000,hamming,263,188
650000,hamming,264,213
650000,hamming,265,186
650000,hamming,266,214
650000,hamming,267,186
650000,hamming,268,125
650000,hamming,269,104
650000,hamming,270,86
650000,hamming,271,102
650000,hamming,272,90
650000,hamming,273,86
650000,hamming,274,95
650000,hamming,275,86
650000,hamming,276,105
650000,hamming,277,106
650000,hamming,278,123
650000,hamming,279,148
650000,hamming,280,149
650000,hamming,281,169
650000,hamming,282,171
650000,hamming,283,179
650000,hamming,284,187
650000,hamming,285,201
650000,hamming,286,201
650000,hamming,287,210
650000,hamming,288,211
650000,hamming,289,201
650000,hamming,290,196
650000,hamming,291,188
650000,hamming,292,240
650000,hamming,293,261
650000,hamming,294,241
650000,hamming,295,260
650000,hamming,296,301
650000,hamming,297,324
650000,hamming,298,354
650000,hamming,299,359
650000,hamming,300,323
650000,hamming,301,316
650000,hamming,302,275
650000,hamming,303,295
650000,hamming,304,279
650000,hamming,305,333
650000,hamming,306,293
650000,hamming,307,296
650000,hamming,308,322
650000,hamming,309,310
650000,hamming,310,312
650000,hamming,311,307
650000,hamming,312,287
650000,hamming,313,319
650000,hamming,314,293
650000,hamming,315,322
650000,hamming,316,321
650000,hamming,317,315
650000,hamming,318,345
650000,hamming,319,374
650000,hamming,320,330
650000,hamming,321,399
650000,hamming,322,427
650000,hamming,323,505
650000,hamming,324,511
650000,hamming,325,561
650000,hamming,326,586
650000,hamming,327,678
650000,hamming,328,643
650000,hamming,329,711
650000,hamming,330,756
650000,hamming,331,881
650000,hamming,332,941
650000,hamming,333,1007
650000,hamming,334,1156
650000,hamming,335,1298
650000,hamming,336,1406
650000,hamming,337,1504
650000,hamming,338,1650
650000,hamming,339,1844
650000,hamming,340,2084
650000,hamming,341,2140
650000,hamming,342,2256
650000,hamming,343,2369
650000,hamming,344,2365
650000,hamming,345,2409
650000,hamming,346,2423
650000,hamming,347,2386
650000,hamming,348,2515
650000,hamming,349,2449
650000,hamming,350,2426
650000,hamming,351,2328
650000,hamming,352,2372
650000,hamming,353,2465
650000,hamming,354,2411
650000,hamming,355,2578
650000,hamming,356,2750
650000,hamming,357,2878
650000,hamming,358,3002
650000,hamming,359,3137
650000,hamming,360,3133
650000,hamming,361,3525
650000,hamming,362,3661
650000,hamming,363,3768
650000,hamming,364,3888
650000,hamming,365,3878
650000,hamming,366,3779
650000,hamming,367,3829
650000,hamming,368,3593
650000,hamming,369,3259
650000,hamming,370,3070
650000,hamming,371,2845
650000,hamming,372,2414
650000,hamming,373,2092
650000,hamming,374,1776
650000,hamming,375,1413
650000,hamming,376,1140
650000,hamming,377,942
650000,hamming,378,703
650000,hamming,379,564
650000,hamming,380,425
650000,hamming,381,281
650000,hamming,382,194
650000,hamming,383,113
650000,hamming,384,86
650000,hamming,385,66
650000,hamming,386,70
650000,hamming,387,69
650000,hamming,388,45
650000,hamming,389,38
650000,hamming,390,34
650000,hamming,391,32
650000,hamming,392,32
650000,hamming,393,32
650000,hamming,394,24
650000,hamming,395,10
650000,hamming,396,7
650000,hamming,397,2
650000,hamming,398,2
650000,genes,0,10142
650000,genes,1,7346
650000,genes,2,14246
650000,genes,3,7205
650000,genes,4,15539
650000,genes,5,26686
650000,genes,6,15517
650000,genes,7,15540
650000,genes,8,13683
650000,genes,9,13217
650000,genes,10,6748
650000,genes,11,2901
650000,genes,12,17002
650000,genes,13,28627
650000,genes,14,11745
650000,genes,15,3516
650000,genes,16,594
650000,genes,17,22
650000,body,0,19211
650000,body,1,13005
650000,body,2,17484
650000,body,3,26142
650000,body,4,19227
650000,body,5,8893
650000,body,6,13405
650000,body,7,7331
650000,body,8,4209
650000,body,9,2051
650000,body,10,1975
650000,body,11,2295
650000,body,12,3973
650000,body,13,4257
650000,body,14,8051
650000,body,15,6102
650000,body,16,18008
650000,body,17,12724
650000,body,18,6792
650000,body,19,3786
650000,body,20,2596
650000,body,21,949
650000,body,22,749
650000,body,23,568
650000,body,24,607
650000,body,25,668
650000,body,26,324
650000,body,27,145
650000,body,28,335
650000,body,29,397
650000,body,30,161
650000,body,31,177
650000,body,32,144
650000,body,33,164
650000,body,34,72
650000,body,35,201
650000,body,36,270
650000,body,37,87
650000,body,38,82
650000,body,39,104
650000,body,40,287
650000,body,41,138
650000,body,42,89
650000,body,43,54
650000,body,44,245
650000,body,45,102
650000,body,46,126
650000,body,47,55
650000,body,48,100
650000,body,49,51
650000,body,50,142
650000,body,51,96
650000,body,52,216
650000,body,53,255
650000,body,54,101
650000,body,55,54
650000,body,56,119
650000,body,57,58
650000,body,58,197
650000,body,59,50
650000,body,60,10
650000,body,61,2
650000,body,62,1
650000,body,63,3
650000,body,64,4
700000,hamming,2,167
700000,hamming,3,12
700000,hamming,4,112
700000,hamming,5,24
700000,hamming,6,107
700000,hamming,7,32
700000,hamming,8,90
700000,hamming,9,41
700000,hamming,10,88
700000,hamming,11,56
700000,hamming,12,86
700000,hamming,13,57
700000,hamming,14,88
700000,hamming,15,49
700000,hamming,16,86
700000,hamming,17,67
700000,hamming,18,81
700000,hamming,19,52
700000,hamming,20,68
700000,hamming,21,55
700000,hamming,22,58
700000,hamming,23,49
700000,hamming,24,51
700000,hamming,25,49
700000,hamming,26,58
700000,hamming,27,53
700000,hamming,28,58
700000,hamming,29,51
700000,hamming,30,40
700000,hamming,31,43
700000,hamming,32,25
700000,hamming,33,25
700000,hamming,34,28
700000,hamming,35,19
700000,hamming,36,31
700000,hamming,37,38
700000,hamming,38,27
700000,hamming,39,34
700000,hamming,40,25
700000,hamming,41,31
700000,hamming,42,24
700000,hamming,43,46
700000,hamming,44,23
700000,hamming,45,59
700000,hamming,46,34
700000,hamming,47,62
700000,hamming,48,39
700000,hamming,49,44
700000,hamming,50,41
700000,hamming,51,29
700000,hamming,52,32
700000,hamming,53,33
700000,hamming,54,37
700000,hamming,55,27
700000,hamming,56,32
700000,hamming,57,35
700000,hamming,58,34
700000,hamming,59,44
700000,hamming,60,41
700000,hamming,61,41
700000,hamming,62,33
700000,hamming,63,45
700000,hamming,64,41
700000,hamming,65,41
700000,hamming,66,31
700000,hamming,67,39
700000,hamming,68,52
700000,hamming,69,53
700000,hamming,70,59
700000,hamming,71,65
700000,hamming,72,74
700000,hamming,73,64
700000,hamming,74,73
700000,hamming,75,101
700000,hamming,76,112
700000,hamming,77,110
700000,hamming,78,143
700000,hamming,79,128
700000,hamming,80,147
700000,hamming,81,138
700000,hamming,82,141
700000,hamming,83,143
700000,hamming,84,143
700000,hamming,85,134
700000,hamming,86,149
700000,hamming,87,165
700000,hamming,88,147
700000,hamming,89,179
700000,hamming,90,151
700000,hamming,91,194
700000,hamming,92,153
700000,hamming,93,198
700000,hamming,94,190
700000,hamming,95,227
700000,hamming,96,208
700000,hamming,97,234
700000,hamming,98,253
700000,hamming,99,251
700000,hamming,100,306
700000,hamming,101,291
700000,hamming,102,335
700000,hamming,103,319
700000,hamming,104,300
700000,hamming,105,296
700000,hamming,106,266
700000,hamming,107,262
700000,hamming,108,249
700000,hamming,109,275
700000,hamming,110,304
700000,hamming,111,321
700000,hamming,112,318
700000,hamming,113,338
700000,hamming,114,395
700000,hamming,115,358
700000,hamming,116,365
700000,hamming,117,372
700000,hamming,118,421
700000,hamming,119,388
700000,hamming,120,433
700000,hamming,121,415
700000,hamming,122,469
700000,hamming,123,505
700000,hamming,124,506
700000,hamming,125,541
700000,hamming,126,553
700000,hamming,127,567
700000,hamming,128,601
700000,hamming,129,634
700000,hamming,130,628
700000,hamming,131,638
700000,hamming,132,587
700000,hamming,133,585
700000,hamming,134,634
700000,hamming,135,630
700000,hamming,136,618
700000,hamming,137,608
700000,hamming,138,675
700000,hamming,139,624
700000,hamming,140,677
700000,hamming,141,706
700000,hamming,142,729
700000,hamming,143,759
700000,hamming,144,739
700000,hamming,145,729
700000,hamming,146,725
700000,hamming,147,765
700000,hamming,148,765
700000,hamming,149,837
700000,hamming,150,753
700000,hamming,151,829
700000,hamming,152,762
700000,hamming,153,851
700000,hamming,154,777
700000,hamming,155,872
700000,hamming,156,837
700000,hamming,157,866
700000,hamming,158,868
700000,hamming,159,869
700000,hamming,160,857
700000,hamming,161,761
700000,hamming,162,859
700000,hamming,163,829
700000,hamming,164,796
700000,hamming,165,767
700000,hamming,166,787
700000,hamming,167,759
700000,hamming,168,771
700000,hamming,169,702
700000,hamming,170,755
700000,hamming,171,733
700000,hamming,172,687
700000,hamming,173,688
700000,hamming,174,676
700000,hamming,175,620
700000,hamming,176,661
700000,hamming,177,575
700000,hamming,178,593
700000,hamming,179,542
700000,hamming,180,541
700000,hamming,181,511
700000,hamming,182,503
700000,hamming,183,500
700000,hamming,184,538
700000,hamming,185,553
700000,hamming,186,572
700000,hamming,187,546
700000,hamming,188,513
700000,hamming,189,499
700000,hamming,190,479
700000,hamming,191,514
700000,hamming,192,479
700000,hamming,193,439
700000,hamming,194,416
700000,hamming,195,363
700000,hamming,196,380
700000,hamming,197,366
700000,hamming,198,392
700000,hamming,199,332
700000,hamming,200,263
700000,hamming,201,229
700000,hamming,202,245
700000,hamming,203,216
700000,hamming,204,240
700000,hamming,205,249
700000,hamming,206,288
700000,hamming,207,281
700000,hamming,208,270
700000,hamming,209,273
700000,hamming,210,271
700000,hamming,211,271
700000,hamming,212,263
700000,hamming,213,273
700000,hamming,214,267
700000,hamming,215,262
700000,hamming,216,250
700000,hamming,217,285
700000,hamming,218,328
700000,hamming,219,367
700000,hamming,220,399
700000,hamming,221,412
700000,hamming,222,490
700000,hamming,223,549
700000,hamming,224,616
700000,hamming,225,687
700000,hamming,226,756
700000,hamming,227,740
700000,hamming,228,920
700000,hamming,229,1014
700000,hamming,230,1091
700000,hamming,231,1052
700000,hamming,232,1176
700000,hamming,233,1252
700000,hamming,234,1314
700000,hamming,235,1380
700000,hamming,236,1388
700000,hamming,237,1476
700000,hamming,238,1556
700000,hamming,239,1686
700000,hamming,240,1741
700000,hamming,241,1752
700000,hamming,242,1717
700000,hamming,243,1676
700000,hamming,244,1638
700000,hamming,245,1674
700000,hamming,246,1676
700000,hamming,247,1599
700000,hamming,248,1583
700000,hamming,249,1469
700000,hamming,250,1386
700000,hamming,251,1275
700000,hamming,252,1185
700000,hamming,253,1128
700000,hamming,254,1032
700000,hamming,255,964
700000,hamming,256,907
700000,hamming,257,735
700000,hamming,258,628
700000,hamming,259,565
700000,hamming,260,502
700000,hamming,261,440
700000,hamming,262,393
700000,hamming,263,326
700000,hamming,264,247
700000,hamming,265,209
700000,hamming,266,214
700000,hamming,267,157
700000,hamming,268,132
700000,hamming,269,91
700000,hamming,270,73
700000,hamming,271,74
700000,hamming,272,37
700000,hamming,273,24
700000,hamming,274,12
700000,hamming,275,9
700000,hamming,276,7
700000,hamming,277,2
700000,hamming,278,3
700000,hamming,279,1
700000,hamming,280,1
700000,hamming,329,1
700000,hamming,331,3
700000,hamming,332,2
700000,hamming,333,4
700000,hamming,334,14
700000,hamming,335,21
700000,hamming,336,28
700000,hamming,337,68
700000,hamming,338,93
700000,hamming,339,114
700000,hamming,340,206
700000,hamming,341,309
700000,hamming,342,425
700000,hamming,343,631
700000,hamming,344,792
700000,hamming,345,1166
700000,hamming,346,1489
700000,hamming,347,1833
700000,hamming,348,2280
700000,hamming,349,2683
700000,hamming,350,2923
700000,hamming,351,3068
700000,hamming,352,3332
700000,hamming,353,3454
700000,hamming,354,3735
700000,hamming,355,4003
700000,hamming,356,4001
700000,hamming,357,4119
700000,hamming,358,4160
700000,hamming,359,4198
700000,hamming,360,4421
700000,hamming,361,4479
700000,hamming,362,4469
700000,hamming,363,4227
700000,hamming,364,4099
700000,hamming,365,3760
700000,hamming,366,3256
700000,hamming,367,2940
700000,hamming,368,2459
700000,hamming,369,2001
700000,hamming,370,1578
700000,hamming,371,1280
700000,hamming,372,889
700000,hamming,373,730
700000,hamming,374,546
700000,hamming,375,401
700000,hamming,376,325
700000,hamming,377,239
700000,hamming,378,159
700000,hamming,379,88
700000,hamming,380,50
700000,hamming,381,49
700000,hamming,382,27
700000,hamming,383,15
700000,hamming,384,11
700000,hamming,385,9
700000,hamming,386,4
700000,hamming,387,3
700000,hamming,388,1
700000,genes,0,8770
700000,genes,1,6366
700000,genes,2,14642
700000,genes,3,9435
700000,genes,4,11900
700000,genes,5,9975
700000,genes,6,14989
700000,genes,7,14009
700000,genes,8,14165
700000,genes,9,5676
700000,genes,10,4900
700000,genes,11,3205
700000,genes,12,14422
700000,genes,13,25648
700000,genes,14,40244
700000,genes,15,5986
700000,genes,16,5181
700000,genes,17,1519
700000,genes,18,265
700000,genes,19,257
700000,genes,20,17
700000,genes,21,4
700000,body,0,22642
700000,body,1,19325
700000,body,2,14429
700000,body,3,11928
700000,body,4,10527
700000,body,5,7927
700000,body,6,5324
700000,body,7,5895
700000,body,8,5290
700000,body,9,2772
700000,body,10,2930
700000,body,11,2354
700000,body,12,3860
700000,body,13,3382
700000,body,14,5962
700000,body,15,5626
700000,body,16,6177
700000,body,17,16022
700000,body,18,12876
700000,body,19,21535
700000,body,20,15416
700000,body,21,1441
700000,body,22,892
700000,body,23,980
700000,body,24,718
700000,body,25,793
700000,body,26,941
700000,body,27,549
700000,body,28,473
700000,body,29,219
700000,body,30,237
700000,body,31,130
700000,body,32,239
700000,body,33,79
700000,body,34,338
700000,body,35,35
700000,body,36,39
700000,body,37,33
700000,body,38,45
700000,body,39,180
700000,body,40,164
700000,body,41,25
700000,body,42,19
700000,body,43,159
700000,body,44,103
700000,body,45,131
700000,body,46,55
700000,body,47,80
700000,body,48,13
700000,body,49,6
700000,body,50,27
700000,body,51,9
700000,body,52,12
700000,body,53,5
700000,body,54,3
700000,body,55,5
700000,body,56,9
700000,body,57,4
700000,body,58,158
700000,body,59,12
700000,body,60,13
700000,body,61,1
700000,body,62,2
750000,hamming,0,1
750000,hamming,2,150
750000,hamming,3,13
750000,hamming,4,100
750000,hamming,5,16
750000,hamming,6,99
750000,hamming,7,18
750000,hamming,8,83
750000,hamming,9,31
750000,hamming,10,81
750000,hamming,11,36
750000,hamming,12,62
750000,hamming,13,32
750000,hamming,14,53
750000,hamming,15,42
750000,hamming,16,43
750000,hamming,17,45
750000,hamming,18,38
750000,hamming,19,30
750000,hamming,20,35
750000,hamming,21,34
750000,hamming,22,43
750000,hamming,23,27
750000,hamming,24,46
750000,hamming,25,43
750000,hamming,26,41
750000,hamming,27,39
750000,hamming,28,44
750000,hamming,29,39
750000,hamming,30,63
750000,hamming,31,51
750000,hamming,32,64
750000,hamming,33,56
750000,hamming,34,53
750000,hamming,35,60
750000,hamming,36,34
750000,hamming,37,39
750000,hamming,38,27
750000,hamming,39,39
750000,hamming,40,30
750000,hamming,41,42
750000,hamming,42,42
750000,hamming,43,47
750000,hamming,44,47
750000,hamming,45,51
750000,hamming,46,55
750000,hamming,47,64
750000,hamming,48,60
750000,hamming,49,69
750000,hamming,50,70
750000,hamming,51,93
750000,hamming,52,78
750000,hamming,53,90
750000,hamming,54,71
750000,hamming,55,88
750000,hamming,56,87
750000,hamming,57,75
750000,hamming,58,83
750000,hamming,59,73
750000,hamming,60,72
750000,hamming,61,65
750000,hamming,62,77
750000,hamming,63,58
750000,hamming,64,76
750000,hamming,65,83
750000,hamming,66,71
750000,hamming,67,86
750000,hamming,68,72
750000,hamming,69,96
750000,hamming,70,82
750000,hamming,71,102
750000,hamming,72,88
750000,hamming,73,92
750000,hamming,74,111
750000,hamming,75,106
750000,hamming,76,125
750000,hamming,77,149
750000,hamming,78,175
750000,hamming,79,152
750000,hamming,80,169
750000,hamming,81,176
750000,hamming,82,200
750000,hamming,83,185
750000,hamming,84,161
750000,hamming,85,190
750000,hamming,86,163
750000,hamming,87,200
750000,hamming,88,217
750000,hamming,89,240
750000,hamming,90,235
750000,hamming,91,268
750000,hamming,92,246
750000,hamming,93,280
750000,hamming,94,304
750000,hamming,95,311
750000,hamming,96,364
750000,hamming,97,306
750000,hamming,98,356
750000,hamming,99,369
750000,hamming,100,355
750000,hamming,101,419
750000,hamming,102,407
750000,hamming,103,399
750000,hamming,104,421
750000,hamming,105,433
750000,hamming,106,405
750000,hamming,107,392
750000,hamming,108,401
750000,hamming,109,418
750000,hamming,110,398
750000,hamming,111,407
750000,hamming,112,402
750000,hamming,113,409
750000,hamming,114,442
750000,hamming,115,429
750000,hamming,116,456
750000,hamming,117,516
750000,hamming,118,494
750000,hamming,119,531
750000,hamming,120,549
750000,hamming,121,570
750000,hamming,122,546
750000,hamming,123,606
750000,hamming,124,568
750000,hamming,125,625
750000,hamming,126,615
750000,hamming,127,652
750000,hamming,128,655
750000,hamming,129,746
750000,hamming,130,750
750000,hamming,131,781
750000,hamming,132,823
750000,hamming,133,798
750000,hamming,134,828
750000,hamming,135,796
750000,hamming,136,743
750000,hamming,137,733
750000,hamming,138,699
750000,hamming,139,705
750000,hamming,140,692
750000,hamming,141,728
750000,hamming,142,680
750000,hamming,143,656
750000,hamming,144,674
750000,hamming,145,656
750000,hamming,146,640
750000,hamming,147,640
750000,hamming,148,658
750000,hamming,149,680
750000,hamming,150,604
750000,hamming,151,600
750000,hamming,152,593
750000,hamming,153,607
750000,hamming,154,619
750000,hamming,155,589
750000,hamming,156,562
750000,hamming,157,531
750000,hamming,158,566
750000,hamming,159,531
750000,hamming,160,547
750000,hamming,161,452
750000,hamming,162,464
750000,hamming,163,416
750000,hamming,164,432
750000,hamming,165,376
750000,hamming,166,424
750000,hamming,167,385
750000,hamming,168,377
750000,hamming,169,332
750000,hamming,170,335
750000,hamming,171,299
750000,hamming,172,299
750000,hamming,173,251
750000,hamming,174,241
750000,hamming,175,252
750000,hamming,176,242
750000,hamming,177,233
750000,hamming,178,197
750000,hamming,179,163
750000,hamming,180,132
750000,hamming,181,164
750000,hamming,182,145
750000,hamming,183,110
750000,hamming,184,119
750000,hamming,185,77
750000,hamming,186,71
750000,hamming,187,65
750000,hamming,188,56
750000,hamming,189,56
750000,hamming,190,56
750000,hamming,191,37
750000,hamming,192,33
750000,hamming,193,28
750000,hamming,194,39
750000,hamming,195,34
750000,hamming,196,29
750000,hamming,197,30
750000,hamming,198,17
750000,hamming,199,13
750000,hamming,200,12
750000,hamming,201,42
750000,hamming,202,49
750000,hamming,203,84
750000,hamming,204,106
750000,hamming,205,119
750000,hamming,206,165
750000,hamming,207,200
750000,hamming,208,221
750000,hamming,209,249
750000,hamming,210,215
750000,hamming,211,235
750000,hamming,212,253
750000,hamming,213,232
750000,hamming,214,196
750000,hamming,215,196
750000,hamming,216,174
750000,hamming,217,128
750000,hamming,218,98
750000,hamming,219,99
750000,hamming,220,86
750000,hamming,221,76
750000,hamming,222,68
750000,hamming,223,63
750000,hamming,224,55
750000,hamming,225,64
750000,hamming,226,50
750000,hamming,227,33
750000,hamming,228,16
750000,hamming,229,42
750000,hamming,230,32
750000,hamming,231,21
750000,hamming,232,27
750000,hamming,233,33
750000,hamming,234,26
750000,hamming,235,33
750000,hamming,236,37
750000,hamming,237,65
750000,hamming,238,83
750000,hamming,239,94
750000,hamming,240,115
750000,hamming,241,124
750000,hamming,242,129
750000,hamming,243,109
750000,hamming,244,122
750000,hamming,245,101
750000,hamming,246,116
750000,hamming,247,132
750000,hamming,248,163
750000,hamming,249,187
750000,hamming,250,237
750000,hamming,251,249
750000,hamming,252,296
750000,hamming,253,372
750000,hamming,254,316
750000,hamming,255,311
750000,hamming,256,292
750000,hamming,257,237
750000,hamming,258,239
750000,hamming,259,227
750000,hamming,260,211
750000,hamming,261,169
750000,hamming,262,137
750000,hamming,263,108
750000,hamming,264,115
750000,hamming,265,117
750000,hamming,266,89
750000,hamming,267,44
750000,hamming,268,35
750000,hamming,269,19
750000,hamming,270,8
750000,hamming,271,9
750000,hamming,272,1
750000,hamming,273,1
750000,hamming,295,1
750000,hamming,296,2
750000,hamming,297,2
750000,hamming,298,3
750000,hamming,299,10
750000,hamming,300,18
750000,hamming,301,29
750000,hamming,302,34
750000,hamming,303,51
750000,hamming,304,83
750000,hamming,305,112
750000,hamming,306,131
750000,hamming,307,185
750000,hamming,308,250
750000,hamming,309,302
750000,hamming,310,397
750000,hamming,311,492
750000,hamming,312,580
750000,hamming,313,718
750000,hamming,314,877
750000,hamming,315,1079
750000,hamming,316,1269
750000,hamming,317,1472
750000,hamming,318,1701
750000,hamming,319,1870
750000,hamming,320,2137
750000,hamming,321,2304
750000,hamming,322,2360
750000,hamming,323,2557
750000,hamming,324,2602
750000,hamming,325,2574
750000,hamming,326,2530
750000,hamming,327,2558
750000,hamming,328,2436
750000,hamming,329,2168
750000,hamming,330,1963
750000,hamming,331,1802
750000,hamming,332,1613
750000,hamming,333,1283
750000,hamming,334,1132
750000,hamming,335,937
750000,hamming,336,853
750000,hamming,337,815
750000,hamming,338,793
750000,hamming,339,850
750000,hamming,340,1021
750000,hamming,341,1061
750000,hamming,342,1169
750000,hamming,343,1324
750000,hamming,344,1467
750000,hamming,345,1756
750000,hamming,346,1977
750000,hamming,347,2150
750000,hamming,348,2418
750000,hamming,349,2597
750000,hamming,350,2829
750000,hamming,351,3103
750000,hamming,352,3165
750000,hamming,353,3264
750000,hamming,354,3469
750000,hamming,355,3882
750000,hamming,356,4018
750000,hamming,357,4345
750000,hamming,358,4362
750000,hamming,359,4418
750000,hamming,360,4092
750000,hamming,361,3887
750000,hamming,362,3678
750000,hamming,363,3486
750000,hamming,364,2970
750000,hamming,365,2375
750000,hamming,366,2069
750000,hamming,367,1664
750000,hamming,368,1402
750000,hamming,369,1089
750000,hamming,370,878
750000,hamming,371,724
750000,hamming,372,480
750000,hamming,373,374
750000,hamming,374,250
750000,hamming,375,167
750000,hamming,376,130
750000,hamming,377,67
750000,hamming,378,69
750000,hamming,379,35
750000,hamming,380,13
750000,hamming,381,5
750000,hamming,382,6
750000,genes,0,6184
750000,genes,1,4999
750000,genes,2,10464
750000,genes,3,11950
750000,genes,4,19506
750000,genes,5,12230
750000,genes,6,16492
750000,genes,7,11919
750000,genes,8,7253
750000,genes,9,6249
750000,genes,10,2346
750000,genes,11,3026
750000,genes,12,14697
750000,genes,13,27738
750000,genes,14,24488
750000,genes,15,8207
750000,genes,16,4856
750000,genes,17,777
750000,genes,18,307
750000,genes,19,36
750000,genes,20,28
750000,genes,21,1
750000,body,0,18729
750000,body,1,8900
750000,body,2,12645
750000,body,3,16994
750000,body,4,8049
750000,body,5,11734
750000,body,6,9170
750000,body,7,4238
750000,body,8,4091
750000,body,9,3340
750000,body,10,3091
750000,body,11,4690
750000,body,12,3466
750000,body,13,2859
750000,body,14,3788
750000,body,15,4255
750000,body,16,7085
750000,body,17,20979
750000,body,18,13248
750000,body,19,7883
750000,body,20,14500
750000,body,21,1567
750000,body,22,1773
750000,body,23,1016
750000,body,24,507
750000,body,25,501
750000,body,26,288
750000,body,27,434
750000,body,28,556
750000,body,29,261
750000,body,30,203
750000,body,31,100
750000,body,32,291
750000,body,33,205
750000,body,34,190
750000,body,35,42
750000,body,36,34
750000,body,37,19
750000,body,38,63
750000,body,39,314
750000,body,40,67
750000,body,41,22
750000,body,42,76
750000,body,43,23
750000,body,44,24
750000,body,45,32
750000,body,46,33
750000,body,47,160
750000,body,48,188
750000,body,49,82
750000,body,50,148
750000,body,51,116
750000,body,52,30
750000,body,53,142
750000,body,54,26
750000,body,55,30
750000,body,56,35
750000,body,57,49
750000,body,58,310
750000,body,59,26
750000,body,60,20
750000,body,61,8
750000,body,62,8
800000,hamming,0,1
800000,hamming,1,1
800000,hamming,2,174
800000,hamming,3,13
800000,hamming,4,128
800000,hamming,5,20
800000,hamming,6,91
800000,hamming,7,23
800000,hamming,8,87
800000,hamming,9,39
800000,hamming,10,71
800000,hamming,11,47
800000,hamming,12,59
800000,hamming,13,37
800000,hamming,14,59
800000,hamming,15,33
800000,hamming,16,70
800000,hamming,17,33
800000,hamming,18,72
800000,hamming,19,39
800000,hamming,20,69
800000,hamming,21,53
800000,hamming,22,64
800000,hamming,23,64
800000,hamming,24,83
800000,hamming,25,77
800000,hamming,26,90
800000,hamming,27,75
800000,hamming,28,97
800000,hamming,29,68
800000,hamming,30,75
800000,hamming,31,76
800000,hamming,32,72
800000,hamming,33,79
800000,hamming,34,95
800000,hamming,35,98
800000,hamming,36,95
800000,hamming,37,85
800000,hamming,38,109
800000,hamming,39,96
800000,hamming,40,114
800000,hamming,41,111
800000,hamming,42,127
800000,hamming,43,99
800000,hamming,44,115
800000,hamming,45,120
800000,hamming,46,136
800000,hamming,47,130
800000,hamming,48,133
800000,hamming,49,135
800000,hamming,50,154
800000,hamming,51,161
800000,hamming,52,148
800000,hamming,53,139
800000,hamming,54,170
800000,hamming,55,129
800000,hamming,56,156
800000,hamming,57,162
800000,hamming,58,180
800000,hamming,59,153
800000,hamming,60,195
800000,hamming,61,180
800000,hamming,62,167
800000,hamming,63,183
800000,hamming,64,181
800000,hamming,65,204
800000,hamming,66,176
800000,hamming,67,214
800000,hamming,68,187
800000,hamming,69,179
800000,hamming,70,184
800000,hamming,71,199
800000,hamming,72,190
800000,hamming,73,180
800000,hamming,74,196
800000,hamming,75,192
800000,hamming,76,196
800000,hamming,77,204
800000,hamming,78,189
800000,hamming,79,147
800000,hamming,80,217
800000,hamming,81,177
800000,hamming,82,256
800000,hamming,83,212
800000,hamming,84,280
800000,hamming,85,199
800000,hamming,86,265
800000,hamming,87,240
800000,hamming,88,233
800000,hamming,89,213
800000,hamming,90,241
800000,hamming,91,263
800000,hamming,92,256
800000,hamming,93,290
800000,hamming,94,251
800000,hamming,95,308
800000,hamming,96,274
800000,hamming,97,258
800000,hamming,98,261
800000,hamming,99,264
800000,hamming,100,273
800000,hamming,101,272
800000,hamming,102,234
800000,hamming,103,246
800000,hamming,104,262
800000,hamming,105,244
800000,hamming,106,268
800000,hamming,107,279
800000,hamming,108,280
800000,hamming,109,295
800000,hamming,110,268
800000,hamming,111,293
800000,hamming,112,320
800000,hamming,113,337
800000,hamming,114,323
800000,hamming,115,348
800000,hamming,116,339
800000,hamming,117,368
800000,hamming,118,336
800000,hamming,119,356
800000,hamming,120,330
800000,hamming,121,343
800000,hamming,122,368
800000,hamming,123,386
800000,hamming,124,367
800000,hamming,125,399
800000,hamming,126,417
800000,hamming,127,421
800000,hamming,128,451
800000,hamming,129,389
800000,hamming,130,476
800000,hamming,131,413
800000,hamming,132,439
800000,hamming,133,395
800000,hamming,134,438
800000,hamming,135,372
800000,hamming,136,386
800000,hamming,137,404
800000,hamming,138,428
800000,hamming,139,387
800000,hamming,140,434
800000,hamming,141,421
800000,hamming,142,437
800000,hamming,143,422
800000,hamming,144,450
800000,hamming,145,456
800000,hamming,146,470
800000,hamming,147,481
800000,hamming,148,448
800000,hamming,149,489
800000,hamming,150,493
800000,hamming,151,470
800000,hamming,152,515
800000,hamming,153,558
800000,hamming,154,527
800000,hamming,155,591
800000,hamming,156,554
800000,hamming,157,612
800000,hamming,158,587
800000,hamming,159,581
800000,hamming,160,614
800000,hamming,161,599
800000,hamming,162,625
800000,hamming,163,553
800000,hamming,164,593
800000,hamming,165,614
800000,hamming,166,589
800000,hamming,167,614
800000,hamming,168,633
800000,hamming,169,602
800000,hamming,170,632
800000,hamming,171,561
800000,hamming,172,584
800000,hamming,173,600
800000,hamming,174,577
800000,hamming,175,582
800000,hamming,176,601
800000,hamming,177,546
800000,hamming,178,559
800000,hamming,179,598
800000,hamming,180,500
800000,hamming,181,498
800000,hamming,182,509
800000,hamming,183,479
800000,hamming,184,496
800000,hamming,185,503
800000,hamming,186,584
800000,hamming,187,539
800000,hamming,188,571
800000,hamming,189,538
800000,hamming,190,541
800000,hamming,191,483
800000,hamming,192,540
800000,hamming,193,495
800000,hamming,194,492
800000,hamming,195,483
800000,hamming,196,485
800000,hamming,197,463
800000,hamming,198,448
800000,hamming,199,452
800000,hamming,200,455
800000,hamming,201,401
800000,hamming,202,399
800000,hamming,203,346
800000,hamming,204,409
800000,hamming,205,328
800000,hamming,206,340
800000,hamming,207,303
800000,hamming,208,287
800000,hamming,209,232
800000,hamming,210,211
800000,hamming,211,196
800000,hamming,212,181
800000,hamming,213,153
800000,hamming,214,119
800000,hamming,215,133
800000,hamming,216,110
800000,hamming,217,116
800000,hamming,218,108
800000,hamming,219,100
800000,hamming,220,74
800000,hamming,221,89
800000,hamming,222,96
800000,hamming,223,79
800000,hamming,224,78
800000,hamming,225,66
800000,hamming,226,66
800000,hamming,227,66
800000,hamming,228,49
800000,hamming,229,65
800000,hamming,230,67
800000,hamming,231,74
800000,hamming,232,60
800000,hamming,233,46
800000,hamming,234,37
800000,hamming,235,52
800000,hamming,236,43
800000,hamming,237,42
800000,hamming,238,31
800000,hamming,239,28
800000,hamming,240,23
800000,hamming,241,30
800000,hamming,242,37
800000,hamming,243,44
800000,hamming,244,70
800000,hamming,245,99
800000,hamming,246,99
800000,hamming,247,98
800000,hamming,248,95
800000,hamming,249,85
800000,hamming,250,59
800000,hamming,251,52
800000,hamming,252,55
800000,hamming,253,59
800000,hamming,254,57
800000,hamming,255,53
800000,hamming,256,56
800000,hamming,257,69
800000,hamming,258,55
800000,hamming,259,64
800000,hamming,260,63
800000,hamming,261,51
800000,hamming,262,45
800000,hamming,263,44
800000,hamming,264,41
800000,hamming,265,41
800000,hamming,266,39
800000,hamming,267,65
800000,hamming,268,49
800000,hamming,269,71
800000,hamming,270,63
800000,hamming,271,66
800000,hamming,272,61
800000,hamming,273,46
800000,hamming,274,55
800000,hamming,275,66
800000,hamming,276,96
800000,hamming,277,118
800000,hamming,278,185
800000,hamming,279,188
800000,hamming,280,186
800000,hamming,281,150
800000,hamming,282,160
800000,hamming,283,167
800000,hamming,284,168
800000,hamming,285,189
800000,hamming,286,188
800000,hamming,287,197
800000,hamming,288,226
800000,hamming,289,240
800000,hamming,290,326
800000,hamming,291,356
800000,hamming,292,386
800000,hamming,293,377
800000,hamming,294,383
800000,hamming,295,361
800000,hamming,296,368
800000,hamming,297,302
800000,hamming,298,285
800000,hamming,299,223
800000,hamming,300,129
800000,hamming,301,87
800000,hamming,302,59
800000,hamming,303,13
800000,hamming,304,9
800000,hamming,305,3
800000,hamming,321,1
800000,hamming,322,3
800000,hamming,323,1
800000,hamming,324,5
800000,hamming,325,5
800000,hamming,326,15
800000,hamming,327,49
800000,hamming,328,79
800000,hamming,329,117
800000,hamming,330,164
800000,hamming,331,228
800000,hamming,332,305
800000,hamming,333,426
800000,hamming,334,656
800000,hamming,335,895
800000,hamming,336,1249
800000,hamming,337,1499
800000,hamming,338,1815
800000,hamming,339,2184
800000,hamming,340,2534
800000,hamming,341,2938
800000,hamming,342,3553
800000,hamming,343,3783
800000,hamming,344,4273
800000,hamming,345,4665
800000,hamming,346,5101
800000,hamming,347,5284
800000,hamming,348,5536
800000,hamming,349,5799
800000,hamming,350,5849
800000,hamming,351,5681
800000,hamming,352,5752
800000,hamming,353,5550
800000,hamming,354,5261
800000,hamming,355,5169
800000,hamming,356,5057
800000,hamming,357,4920
800000,hamming,358,4720
800000,hamming,359,4713
800000,hamming,360,4332
800000,hamming,361,4204
800000,hamming,362,3761
800000,hamming,363,3554
800000,hamming,364,3327
800000,hamming,365,2947
800000,hamming,366,2776
800000,hamming,367,2257
800000,hamming,368,2092
800000,hamming,369,1949
800000,hamming,370,1753
800000,hamming,371,1472
800000,hamming,372,1261
800000,hamming,373,979
800000,hamming,374,887
800000,hamming,375,755
800000,hamming,376,712
800000,hamming,377,555
800000,hamming,378,454
800000,hamming,379,385
800000,hamming,380,251
800000,hamming,381,185
800000,hamming,382,110
800000,hamming,383,60
800000,hamming,384,44
800000,hamming,385,35
800000,hamming,386,12
800000,hamming,387,5
800000,hamming,388,1
800000,genes,0,4039
800000,genes,1,4524
800000,genes,2,10666
800000,genes,3,11540
800000,genes,4,18634
800000,genes,5,15589
800000,genes,6,24353
800000,genes,7,12673
800000,genes,8,13991
800000,genes,9,7737
800000,genes,10,3546
800000,genes,11,4513
800000,genes,12,16308
800000,genes,13,39379
800000,genes,14,15057
800000,genes,15,14303
800000,genes,16,4131
800000,genes,17,371
800000,genes,18,87
800000,genes,19,4
800000,body,0,14631
800000,body,1,17582
800000,body,2,12970
800000,body,3,15297
800000,body,4,18623
800000,body,5,16923
800000,body,6,9624
800000,body,7,6546
800000,body,8,3854
800000,body,9,2238
800000,body,10,1759
800000,body,11,2911
800000,body,12,5873
800000,body,13,9514
800000,body,14,6865
800000,body,15,4649
800000,body,16,9108
800000,body,17,21150
800000,body,18,19786
800000,body,19,9592
800000,body,20,4018
800000,body,21,1321
800000,body,22,452
800000,body,23,299
800000,body,24,501
800000,body,25,366
800000,body,26,354
800000,body,27,495
800000,body,28,488
800000,body,29,436
800000,body,30,422
800000,body,31,276
800000,body,32,454
800000,body,33,207
800000,body,34,162
800000,body,35,209
800000,body,36,133
800000,body,37,148
800000,body,38,141
800000,body,39,158
800000,body,40,59
800000,body,41,21
800000,body,42,65
800000,body,43,209
800000,body,44,136
800000,body,45,36
800000,body,46,61
800000,body,47,15
800000,body,48,63
800000,body,49,25
800000,body,50,5
800000,body,51,21
800000,body,52,4
800000,body,53,3
800000,body,55,1
800000,body,56,29
800000,body,57,105
800000,body,58,45
800000,body,59,3
800000,body,60,3
800000,body,62,1
850000,hamming,2,168
850000,hamming,3,17
850000,hamming,4,117
850000,hamming,5,28
850000,hamming,6,88
850000,hamming,7,33
850000,hamming,8,67
850000,hamming,9,32
850000,hamming,10,71
850000,hamming,11,37
850000,hamming,12,56
850000,hamming,13,49
850000,hamming,14,60
850000,hamming,15,57
850000,hamming,16,65
850000,hamming,17,59
850000,hamming,18,70
850000,hamming,19,52
850000,hamming,20,96
850000,hamming,21,75
850000,hamming,22,139
850000,hamming,23,85
850000,hamming,24,147
850000,hamming,25,87
850000,hamming,26,144
850000,hamming,27,82
850000,hamming,28,150
850000,hamming,29,81
850000,hamming,30,111
850000,hamming,31,85
850000,hamming,32,97
850000,hamming,33,82
850000,hamming,34,88
850000,hamming,35,73
850000,hamming,36,78
850000,hamming,37,56
850000,hamming,38,72
850000,hamming,39,72
850000,hamming,40,71
850000,hamming,41,77
850000,hamming,42,68
850000,hamming,43,71
850000,hamming,44,61
850000,hamming,45,77
850000,hamming,46,77
850000,hamming,47,70
850000,hamming,48,81
850000,hamming,49,68
850000,hamming,50,77
850000,hamming,51,63
850000,hamming,52,72
850000,hamming,53,71
850000,hamming,54,71
850000,hamming,55,87
850000,hamming,56,70
850000,hamming,57,79
850000,hamming,58,82
850000,hamming,59,95
850000,hamming,60,66
850000,hamming,61,95
850000,hamming,62,59
850000,hamming,63,74
850000,hamming,64,64
850000,hamming,65,66
850000,hamming,66,54
850000,hamming,67,72
850000,hamming,68,67
850000,hamming,69,78
850000,hamming,70,78
850000,hamming,71,82
850000,hamming,72,80
850000,hamming,73,84
850000,hamming,74,82
850000,hamming,75,100
850000,hamming,76,107
850000,hamming,77,101
850000,hamming,78,128
850000,hamming,79,146
850000,hamming,80,163
850000,hamming,81,171
850000,hamming,82,171
850000,hamming,83,186
850000,hamming,84,169
850000,hamming,85,197
850000,hamming,86,211
850000,hamming,87,208
850000,hamming,88,205
850000,hamming,89,194
850000,hamming,90,214
850000,hamming,91,215
850000,hamming,92,230
850000,hamming,93,235
850000,hamming,94,246
850000,hamming,95,253
850000,hamming,96,292
850000,hamming,97,244
850000,hamming,98,279
850000,hamming,99,280
850000,hamming,100,256
850000,hamming,101,281
850000,hamming,102,239
850000,hamming,103,300
850000,hamming,104,278
850000,hamming,105,306
850000,hamming,106,326
850000,hamming,107,355
850000,hamming,108,340
850000,hamming,109,372
850000,hamming,110,381
850000,hamming,111,399
850000,hamming,112,435
850000,hamming,113,408
850000,hamming,114,428
850000,hamming,115,460
850000,hamming,116,496
850000,hamming,117,532
850000,hamming,118,555
850000,hamming,119,539
850000,hamming,120,608
850000,hamming,121,635
850000,hamming,122,587
850000,hamming,123,607
850000,hamming,124,589
850000,hamming,125,636
850000,hamming,126,648
850000,hamming,127,591
850000,hamming,128,584
850000,hamming,129,604
850000,hamming,130,647
850000,hamming,131,631
850000,hamming,132,596
850000,hamming,133,560
850000,hamming,134,561
850000,hamming,135,543
850000,hamming,136,574
850000,hamming,137,575
850000,hamming,138,594
850000,hamming,139,563
850000,hamming,140,518
850000,hamming,141,542
850000,hamming,142,515
850000,hamming,143,437
850000,hamming,144,445
850000,hamming,145,413
850000,hamming,146,441
850000,hamming,147,416
850000,hamming,148,338
850000,hamming,149,372
850000,hamming,150,374
850000,hamming,151,322
850000,hamming,152,311
850000,hamming,153,316
850000,hamming,154,317
850000,hamming,155,337
850000,hamming,156,324
850000,hamming,157,285
850000,hamming,158,295
850000,hamming,159,312
850000,hamming,160,286
850000,hamming,161,336
850000,hamming,162,305
850000,hamming,163,293
850000,hamming,164,288
850000,hamming,165,302
850000,hamming,166,258
850000,hamming,167,305
850000,hamming,168,318
850000,hamming,169,314
850000,hamming,170,327
850000,hamming,171,272
850000,hamming,172,241
850000,hamming,173,219
850000,hamming,174,231
850000,hamming,175,217
850000,hamming,176,190
850000,hamming,177,222
850000,hamming,178,218
850000,hamming,179,199
850000,hamming,180,244
850000,hamming,181,181
850000,hamming,182,202
850000,hamming,183,185
850000,hamming,184,194
850000,hamming,185,170
850000,hamming,186,167
850000,hamming,187,163
850000,hamming,188,168
850000,hamming,189,141
850000,hamming,190,142
850000,hamming,191,103
850000,hamming,192,84
850000,hamming,193,85
850000,hamming,194,56
850000,hamming,195,66
850000,hamming,196,61
850000,hamming,197,47
850000,hamming,198,39
850000,hamming,199,26
850000,hamming,200,27
850000,hamming,201,34
850000,hamming,202,36
850000,hamming,203,37
850000,hamming,204,41
850000,hamming,205,38
850000,hamming,206,38
850000,hamming,207,44
850000,hamming,208,35
850000,hamming,209,21
850000,hamming,210,22
850000,hamming,211,9
850000,hamming,212,11
850000,hamming,213,12
850000,hamming,214,12
850000,hamming,215,11
850000,hamming,216,17
850000,hamming,217,19
850000,hamming,218,22
850000,hamming,219,22
850000,hamming,220,22
850000,hamming,221,12
850000,hamming,222,21
850000,hamming,223,9
850000,hamming,224,10
850000,hamming,225,9
850000,hamming,226,7
850000,hamming,227,8
850000,hamming,228,9
850000,hamming,229,5
850000,hamming,230,7
850000,hamming,231,5
850000,hamming,232,4
850000,hamming,233,2
850000,hamming,234,2
850000,hamming,236,2
850000,hamming,237,4
850000,hamming,238,7
850000,hamming,239,5
850000,hamming,240,3
850000,hamming,241,6
850000,hamming,242,14
850000,hamming,243,22
850000,hamming,244,19
850000,hamming,245,29
850000,hamming,246,32
850000,hamming,247,24
850000,hamming,248,16
850000,hamming,249,20
850000,hamming,250,34
850000,hamming,251,34
850000,hamming,252,46
850000,hamming,253,34
850000,hamming,254,35
850000,hamming,255,36
850000,hamming,256,22
850000,hamming,257,22
850000,hamming,258,19
850000,hamming,259,19
850000,hamming,260,21
850000,hamming,261,22
850000,hamming,262,20
850000,hamming,263,18
850000,hamming,264,16
850000,hamming,265,14
850000,hamming,266,11
850000,hamming,267,14
850000,hamming,268,14
850000,hamming,269,14
850000,hamming,270,21
850000,hamming,271,36
850000,hamming,272,50
850000,hamming,273,71
850000,hamming,274,92
850000,hamming,275,104
850000,hamming,276,100
850000,hamming,277,87
850000,hamming,278,71
850000,hamming,279,84
850000,hamming,280,104
850000,hamming,281,119
850000,hamming,282,131
850000,hamming,283,156
850000,hamming,284,184
850000,hamming,285,233
850000,hamming,286,225
850000,hamming,287,196
850000,hamming,288,187
850000,hamming,289,137
850000,hamming,290,124
850000,hamming,291,101
850000,hamming,292,138
850000,hamming,293,156
850000,hamming,294,222
850000,hamming,295,268
850000,hamming,296,282
850000,hamming,297,294
850000,hamming,298,350
850000,hamming,299,329
850000,hamming,300,326
850000,hamming,301,390
850000,hamming,302,432
850000,hamming,303,455
850000,hamming,304,588
850000,hamming,305,600
850000,hamming,306,694
850000,hamming,307,730
850000,hamming,308,836
850000,hamming,309,986
850000,hamming,310,950
850000,hamming,311,1031
850000,hamming,312,1069
850000,hamming,313,1111
850000,hamming,314,1117
850000,hamming,315,1201
850000,hamming,316,1125
850000,hamming,317,1018
850000,hamming,318,887
850000,hamming,319,721
850000,hamming,320,572
850000,hamming,321,541
850000,hamming,322,446
850000,hamming,323,469
850000,hamming,324,476
850000,hamming,325,494
850000,hamming,326,490
850000,hamming,327,475
850000,hamming,328,439
850000,hamming,329,519
850000,hamming,330,512
850000,hamming,331,558
850000,hamming,332,599
850000,hamming,333,655
850000,hamming,334,734
850000,hamming,335,823
850000,hamming,336,944
850000,hamming,337,1155
850000,hamming,338,1336
850000,hamming,339,1585
850000,hamming,340,1923
850000,hamming,341,2220
850000,hamming,342,2518
850000,hamming,343,2826
850000,hamming,344,3413
850000,hamming,345,3973
850000,hamming,346,4679
850000,hamming,347,4960
850000,hamming,348,5335
850000,hamming,349,5557
850000,hamming,350,5898
850000,hamming,351,6014
850000,hamming,352,5911
850000,hamming,353,5981
850000,hamming,354,6088
850000,hamming,355,6125
850000,hamming,356,5958
850000,hamming,357,5615
850000,hamming,358,5397
850000,hamming,359,5187
850000,hamming,360,4715
850000,hamming,361,4418
850000,hamming,362,3938
850000,hamming,363,3664
850000,hamming,364,3136
850000,hamming,365,2821
850000,hamming,366,2538
850000,hamming,367,2194
850000,hamming,368,1874
850000,hamming,369,1578
850000,hamming,370,1378
850000,hamming,371,1237
850000,hamming,372,1119
850000,hamming,373,951
850000,hamming,374,814
850000,hamming,375,692
850000,hamming,376,574
850000,hamming,377,466
850000,hamming,378,415
850000,hamming,379,314
850000,hamming,380,235
850000,hamming,381,252
850000,hamming,382,266
850000,hamming,383,157
850000,hamming,384,136
850000,hamming,385,118
850000,hamming,386,80
850000,hamming,387,36
850000,hamming,388,26
850000,hamming,389,15
850000,hamming,390,5
850000,hamming,391,3
850000,hamming,392,3
850000,hamming,393,1
850000,genes,0,5395
850000,genes,1,3574
850000,genes,2,9845
850000,genes,3,7378
850000,genes,4,10532
850000,genes,5,9378
850000,genes,6,12499
850000,genes,7,18207
850000,genes,8,17297
850000,genes,9,12032
850000,genes,10,6936
850000,genes,11,5556
850000,genes,12,10937
850000,genes,13,37384
850000,genes,14,29953
850000,genes,15,13807
850000,genes,16,5013
850000,genes,17,1426
850000,genes,18,280
850000,genes,19,37
850000,genes,20,4
850000,body,0,12256
850000,body,1,19856
850000,body,2,14667
850000,body,3,10690
850000,body,4,10673
850000,body,5,9000
850000,body,6,9365
850000,body,7,11216
850000,body,8,11547
850000,body,9,10010
850000,body,10,8326
850000,body,11,6053
850000,body,12,6099
850000,body,13,7061
850000,body,14,7771
850000,body,15,5364
850000,body,16,6748
850000,body,17,7562
850000,body,18,10435
850000,body,19,11754
850000,body,20,8913
850000,body,21,4435
850000,body,22,1342
850000,body,23,799
850000,body,24,627
850000,body,25,641
850000,body,26,560
850000,body,27,411
850000,body,28,300
850000,body,29,147
850000,body,30,312
850000,body,31,383
850000,body,32,486
850000,body,33,318
850000,body,34,327
850000,body,35,211
850000,body,36,210
850000,body,37,98
850000,body,38,76
850000,body,39,97
850000,body,40,83
850000,body,41,37
850000,body,42,99
850000,body,43,68
850000,body,44,12
850000,body,45,7
850000,body,46,4
850000,body,47,3
850000,body,48,1
850000,body,49,1
850000,body,50,2
850000,body,51,2
850000,body,52,1
850000,body,53,1
850000,body,55,1
850000,body,56,1
850000,body,58,1
900000,hamming,0,1
900000,hamming,1,2
900000,hamming,2,95
900000,hamming,3,18
900000,hamming,4,58
900000,hamming,5,6
900000,hamming,6,65
900000,hamming,7,10
900000,hamming,8,54
900000,hamming,9,25
900000,hamming,10,50
900000,hamming,11,30
900000,hamming,12,53
900000,hamming,13,33
900000,hamming,14,48
900000,hamming,15,49
900000,hamming,16,40
900000,hamming,17,47
900000,hamming,18,52
900000,hamming,19,58
900000,hamming,20,78
900000,hamming,21,56
900000,hamming,22,104
900000,hamming,23,65
900000,hamming,24,97
900000,hamming,25,81
900000,hamming,26,85
900000,hamming,27,56
900000,hamming,28,72
900000,hamming,29,39
900000,hamming,30,45
900000,hamming,31,65
900000,hamming,32,63
900000,hamming,33,102
900000,hamming,34,72
900000,hamming,35,91
900000,hamming,36,59
900000,hamming,37,95
900000,hamming,38,74
900000,hamming,39,99
900000,hamming,40,78
900000,hamming,41,103
900000,hamming,42,85
900000,hamming,43,90
900000,hamming,44,73
900000,hamming,45,61
900000,hamming,46,49
900000,hamming,47,48
900000,hamming,48,52
900000,hamming,49,35
900000,hamming,50,30
900000,hamming,51,36
900000,hamming,52,43
900000,hamming,53,26
900000,hamming,54,56
900000,hamming,55,48
900000,hamming,56,47
900000,hamming,57,33
900000,hamming,58,40
900000,hamming,59,29
900000,hamming,60,37
900000,hamming,61,23
900000,hamming,62,42
900000,hamming,63,30
900000,hamming,64,30
900000,hamming,65,22
900000,hamming,66,19
900000,hamming,67,28
900000,hamming,68,24
900000,hamming,69,35
900000,hamming,70,40
900000,hamming,71,43
900000,hamming,72,56
900000,hamming,73,54
900000,hamming,74,66
900000,hamming,75,60
900000,hamming,76,75
900000,hamming,77,75
900000,hamming,78,78
900000,hamming,79,76
900000,hamming,80,65
900000,hamming,81,59
900000,hamming,82,59
900000,hamming,83,57
900000,hamming,84,68
900000,hamming,85,43
900000,hamming,86,62
900000,hamming,87,49
900000,hamming,88,50
900000,hamming,89,34
900000,hamming,90,30
900000,hamming,91,40
900000,hamming,92,41
900000,hamming,93,48
900000,hamming,94,41
900000,hamming,95,44
900000,hamming,96,47
900000,hamming,97,51
900000,hamming,98,61
900000,hamming,99,56
900000,hamming,100,62
900000,hamming,101,57
900000,hamming,102,60
900000,hamming,103,53
900000,hamming,104,47
900000,hamming,105,63
900000,hamming,106,67
900000,hamming,107,64
900000,hamming,108,66
900000,hamming,109,74
900000,hamming,110,82
900000,hamming,111,64
900000,hamming,112,77
900000,hamming,113,64
900000,hamming,114,87
900000,hamming,115,94
900000,hamming,116,98
900000,hamming,117,112
900000,hamming,118,109
900000,hamming,119,120
900000,hamming,120,114
900000,hamming,121,108
900000,hamming,122,106
900000,hamming,123,124
900000,hamming,124,127
900000,hamming,125,138
900000,hamming,126,119
900000,hamming,127,144
900000,hamming,128,134
900000,hamming,129,114
900000,hamming,130,158
900000,hamming,131,160
900000,hamming,132,170
900000,hamming,133,178
900000,hamming,134,188
900000,hamming,135,199
900000,hamming,136,199
900000,hamming,137,208
900000,hamming,138,204
900000,hamming,139,219
900000,hamming,140,205
900000,hamming,141,210
900000,hamming,142,240
900000,hamming,143,238
900000,hamming,144,290
900000,hamming,145,314
900000,hamming,146,278
900000,hamming,147,313
900000,hamming,148,330
900000,hamming,149,312
900000,hamming,150,329
900000,hamming,151,341
900000,hamming,152,359
900000,hamming,153,371
900000,hamming,154,365
900000,hamming,155,426
900000,hamming,156,413
900000,hamming,157,431
900000,hamming,158,455
900000,hamming,159,480
900000,hamming,160,463
900000,hamming,161,496
900000,hamming,162,508
900000,hamming,163,519
900000,hamming,164,526
900000,hamming,165,598
900000,hamming,166,589
900000,hamming,167,568
900000,hamming,168,625
900000,hamming,169,619
900000,hamming,170,619
900000,hamming,171,723
900000,hamming,172,711
900000,hamming,173,761
900000,hamming,174,708
900000,hamming,175,734
900000,hamming,176,804
900000,hamming,177,839
900000,hamming,178,822
900000,hamming,179,893
900000,hamming,180,846
900000,hamming,181,853
900000,hamming,182,926
900000,hamming,183,923
900000,hamming,184,964
900000,hamming,185,1051
900000,hamming,186,994
900000,hamming,187,1048
900000,hamming,188,1034
900000,hamming,189,984
900000,hamming,190,1022
900000,hamming,191,1007
900000,hamming,192,1048
900000,hamming,193,1058
900000,hamming,194,1064
900000,hamming,195,1089
900000,hamming,196,1112
900000,hamming,197,1058
900000,hamming,198,1048
900000,hamming,199,1020
900000,hamming,200,1054
900000,hamming,201,1096
900000,hamming,202,1088
900000,hamming,203,1119
900000,hamming,204,1036
900000,hamming,205,1076
900000,hamming,206,1044
900000,hamming,207,992
900000,hamming,208,960
900000,hamming,209,979
900000,hamming,210,981
900000,hamming,211,947
900000,hamming,212,955
900000,hamming,213,864
900000,hamming,214,882
900000,hamming,215,828
900000,hamming,216,781
900000,hamming,217,787
900000,hamming,218,706
900000,hamming,219,687
900000,hamming,220,638
900000,hamming,221,599
900000,hamming,222,597
900000,hamming,223,551
900000,hamming,224,564
900000,hamming,225,517
900000,hamming,226,469
900000,hamming,227,444
900000,hamming,228,447
900000,hamming,229,397
900000,hamming,230,352
900000,hamming,231,336
900000,hamming,232,313
900000,hamming,233,279
900000,hamming,234,266
900000,hamming,235,225
900000,hamming,236,205
900000,hamming,237,207
900000,hamming,238,145
900000,hamming,239,160
900000,hamming,240,126
900000,hamming,241,101
900000,hamming,242,110
900000,hamming,243,101
900000,hamming,244,68
900000,hamming,245,78
900000,hamming,246,40
900000,hamming,247,45
900000,hamming,248,41
900000,hamming,249,56
900000,hamming,250,71
900000,hamming,251,85
900000,hamming,252,126
900000,hamming,253,137
900000,hamming,254,196
900000,hamming,255,220
900000,hamming,256,236
900000,hamming,257,238
900000,hamming,258,264
900000,hamming,259,236
900000,hamming,260,233
900000,hamming,261,281
900000,hamming,262,243
900000,hamming,263,244
900000,hamming,264,198
900000,hamming,265,177
900000,hamming,266,120
900000,hamming,267,107
900000,hamming,268,80
900000,hamming,269,70
900000,hamming,270,52
900000,hamming,271,41
900000,hamming,272,40
900000,hamming,273,30
900000,hamming,274,27
900000,hamming,275,23
900000,hamming,276,15
900000,hamming,277,17
900000,hamming,278,11
900000,hamming,279,4
900000,hamming,280,1
900000,hamming,320,2
900000,hamming,321,2
900000,hamming,322,4
900000,hamming,323,10
900000,hamming,324,24
900000,hamming,325,34
900000,hamming,326,52
900000,hamming,327,47
900000,hamming,328,59
900000,hamming,329,78
900000,hamming,330,89
900000,hamming,331,140
900000,hamming,332,144
900000,hamming,333,198
900000,hamming,334,255
900000,hamming,335,393
900000,hamming,336,508
900000,hamming,337,636
900000,hamming,338,756
900000,hamming,339,814
900000,hamming,340,974
900000,hamming,341,1121
900000,hamming,342,1223
900000,hamming,343,1425
900000,hamming,344,1571
900000,hamming,345,1609
900000,hamming,346,1738
900000,hamming,347,1938
900000,hamming,348,2042
900000,hamming,349,2081
900000,hamming,350,2214
900000,hamming,351,2082
900000,hamming,352,2027
900000,hamming,353,2022
900000,hamming,354,1955
900000,hamming,355,1857
900000,hamming,356,1844
900000,hamming,357,1663
900000,hamming,358,1634
900000,hamming,359,1383
900000,hamming,360,1214
900000,hamming,361,1215
900000,hamming,362,1110
900000,hamming,363,1026
900000,hamming,364,805
900000,hamming,365,693
900000,hamming,366,633
900000,hamming,367,463
900000,hamming,368,366
900000,hamming,369,239
900000,hamming,370,182
900000,hamming,371,168
900000,hamming,372,148
900000,hamming,373,114
900000,hamming,374,72
900000,hamming,375,51
900000,hamming,376,29
900000,hamming,377,16
900000,hamming,378,21
900000,hamming,379,11
900000,hamming,380,2
900000,hamming,381,2
900000,hamming,382,3
900000,hamming,384,1
900000,genes,0,4425
900000,genes,1,5052
900000,genes,2,9666
900000,genes,3,12348
900000,genes,4,12776
900000,genes,5,12093
900000,genes,6,9236
900000,genes,7,6211
900000,genes,8,4519
900000,genes,9,1739
900000,genes,10,1256
900000,genes,11,894
900000,genes,12,2767
900000,genes,13,14790
900000,genes,14,20198
900000,genes,15,7473
900000,genes,16,1677
900000,genes,17,879
900000,genes,18,241
900000,genes,19,27
900000,genes,20,4
900000,body,0,16948
900000,body,1,21368
900000,body,2,13957
900000,body,3,6581
900000,body,4,5111
900000,body,5,4070
900000,body,6,4724
900000,body,7,2656
900000,body,8,1546
900000,body,9,903
900000,body,10,780
900000,body,11,655
900000,body,12,1206
900000,body,13,1651
900000,body,14,2255
900000,body,15,2087
900000,body,16,3565
900000,body,17,9631
900000,body,18,12221
900000,body,19,8892
900000,body,20,3974
900000,body,21,736
900000,body,22,420
900000,body,23,288
900000,body,24,336
900000,body,25,102
900000,body,26,340
900000,body,27,293
900000,body,28,215
900000,body,29,71
900000,body,30,43
900000,body,31,10
900000,body,32,83
900000,body,33,113
900000,body,34,157
900000,body,35,29
900000,body,36,29
900000,body,37,50
900000,body,38,45
900000,body,39,30
900000,body,40,47
900000,body,41,31
900000,body,42,7
900000,body,43,9
900000,body,44,1
900000,body,46,3
900000,body,49,2
950000,hamming,2,100
950000,hamming,3,11
950000,hamming,4,64
950000,hamming,5,19
950000,hamming,6,65
950000,hamming,7,35
950000,hamming,8,50
950000,hamming,9,37
950000,hamming,10,45
950000,hamming,11,24
950000,hamming,12,32
950000,hamming,13,32
950000,hamming,14,37
950000,hamming,15,34
950000,hamming,16,32
950000,hamming,17,36
950000,hamming,18,21
950000,hamming,19,33
950000,hamming,20,34
950000,hamming,21,27
950000,hamming,22,31
950000,hamming,23,42
950000,hamming,24,41
950000,hamming,25,35
950000,hamming,26,33
950000,hamming,27,33
950000,hamming,28,32
950000,hamming,29,30
950000,hamming,30,16
950000,hamming,31,19
950000,hamming,32,21
950000,hamming,33,27
950000,hamming,34,13
950000,hamming,35,27
950000,hamming,36,17
950000,hamming,37,20
950000,hamming,38,17
950000,hamming,39,18
950000,hamming,40,18
950000,hamming,41,22
950000,hamming,42,31
950000,hamming,43,41
950000,hamming,44,36
950000,hamming,45,52
950000,hamming,46,52
950000,hamming,47,51
950000,hamming,48,43
950000,hamming,49,41
950000,hamming,50,28
950000,hamming,51,41
950000,hamming,52,24
950000,hamming,53,36
950000,hamming,54,40
950000,hamming,55,33
950000,hamming,56,29
950000,hamming,57,30
950000,hamming,58,38
950000,hamming,59,30
950000,hamming,60,37
950000,hamming,61,36
950000,hamming,62,35
950000,hamming,63,41
950000,hamming,64,51
950000,hamming,65,63
950000,hamming,66,45
950000,hamming,67,48
950000,hamming,68,45
950000,hamming,69,41
950000,hamming,70,43
950000,hamming,71,51
950000,hamming,72,36
950000,hamming,73,38
950000,hamming,74,49
950000,hamming,75,53
950000,hamming,76,59
950000,hamming,77,64
950000,hamming,78,73
950000,hamming,79,70
950000,hamming,80,57
950000,hamming,81,60
950000,hamming,82,63
950000,hamming,83,69
950000,hamming,84,58
950000,hamming,85,66
950000,hamming,86,59
950000,hamming,87,99
950000,hamming,88,74
950000,hamming,89,78
950000,hamming,90,77
950000,hamming,91,83
950000,hamming,92,85
950000,hamming,93,90
950000,hamming,94,100
950000,hamming,95,109
950000,hamming,96,109
950000,hamming,97,91
950000,hamming,98,131
950000,hamming,99,128
950000,hamming,100,123
950000,hamming,101,135
950000,hamming,102,157
950000,hamming,103,134
950000,hamming,104,176
950000,hamming,105,154
950000,hamming,106,173
950000,hamming,107,155
950000,hamming,108,154
950000,hamming,109,182
950000,hamming,110,177
950000,hamming,111,186
950000,hamming,112,208
950000,hamming,113,201
950000,hamming,114,193
950000,hamming,115,188
950000,hamming,116,165
950000,hamming,117,214
950000,hamming,118,211
950000,hamming,119,226
950000,hamming,120,246
950000,hamming,121,256
950000,hamming,122,249
950000,hamming,123,249
950000,hamming,124,258
950000,hamming,125,272
950000,hamming,126,283
950000,hamming,127,289
950000,hamming,128,257
950000,hamming,129,320
950000,hamming,130,312
950000,hamming,131,326
950000,hamming,132,344
950000,hamming,133,344
950000,hamming,134,364
950000,hamming,135,366
950000,hamming,136,362
950000,hamming,137,358
950000,hamming,138,372
950000,hamming,139,394
950000,hamming,140,382
950000,hamming,141,414
950000,hamming,142,373
950000,hamming,143,402
950000,hamming,144,417
950000,hamming,145,460
950000,hamming,146,449
950000,hamming,147,487
950000,hamming,148,462
950000,hamming,149,442
950000,hamming,150,485
950000,hamming,151,512
950000,hamming,152,559
950000,hamming,153,557
950000,hamming,154,621
950000,hamming,155,555
950000,hamming,156,615
950000,hamming,157,598
950000,hamming,158,627
950000,hamming,159,629
950000,hamming,160,647
950000,hamming,161,621
950000,hamming,162,685
950000,hamming,163,683
950000,hamming,164,709
950000,hamming,165,714
950000,hamming,166,724
950000,hamming,167,754
950000,hamming,168,774
950000,hamming,169,798
950000,hamming,170,810
950000,hamming,171,859
950000,hamming,172,911
950000,hamming,173,902
950000,hamming,174,954
950000,hamming,175,963
950000,hamming,176,931
950000,hamming,177,1019
950000,hamming,178,999
950000,hamming,179,1025
950000,hamming,180,1073
950000,hamming,181,1067
950000,hamming,182,1092
950000,hamming,183,1142
950000,hamming,184,1193
950000,hamming,185,1222
950000,hamming,186,1284
950000,hamming,187,1242
950000,hamming,188,1259
950000,hamming,189,1262
950000,hamming,190,1263
950000,hamming,191,1270
950000,hamming,192,1276
950000,hamming,193,1328
950000,hamming,194,1329
950000,hamming,195,1451
950000,hamming,196,1496
950000,hamming,197,1466
950000,hamming,198,1525
950000,hamming,199,1497
950000,hamming,200,1550
950000,hamming,201,1584
950000,hamming,202,1572
950000,hamming,203,1573
950000,hamming,204,1606
950000,hamming,205,1554
950000,hamming,206,1558
950000,hamming,207,1637
950000,hamming,208,1561
950000,hamming,209,1528
950000,hamming,210,1532
950000,hamming,211,1366
950000,hamming,212,1388
950000,hamming,213,1343
950000,hamming,214,1379
950000,hamming,215,1279
950000,hamming,216,1255
950000,hamming,217,1225
950000,hamming,218,1165
950000,hamming,219,1122
950000,hamming,220,1130
950000,hamming,221,1127
950000,hamming,222,1021
950000,hamming,223,944
950000,hamming,224,897
950000,hamming,225,844
950000,hamming,226,763
950000,hamming,227,726
950000,hamming,228,610
950000,hamming,229,647
950000,hamming,230,529
950000,hamming,231,472
950000,hamming,232,508
950000,hamming,233,452
950000,hamming,234,406
950000,hamming,235,398
950000,hamming,236,332
950000,hamming,237,291
950000,hamming,238,189
950000,hamming,239,164
950000,hamming,240,163
950000,hamming,241,134
950000,hamming,242,114
950000,hamming,243,114
950000,hamming,244,67
950000,hamming,245,66
950000,hamming,246,55
950000,hamming,247,40
950000,hamming,248,29
950000,hamming,249,21
950000,hamming,250,28
950000,hamming,251,13
950000,hamming,252,13
950000,hamming,253,6
950000,hamming,254,5
950000,hamming,255,4
950000,hamming,256,3
950000,hamming,257,2
950000,hamming,260,4
950000,hamming,261,3
950000,hamming,262,5
950000,hamming,330,1
950000,hamming,331,1
950000,hamming,332,7
950000,hamming,333,25
950000,hamming,334,37
950000,hamming,335,60
950000,hamming,336,105
950000,hamming,337,147
950000,hamming,338,209
950000,hamming,339,276
950000,hamming,340,385
950000,hamming,341,456
950000,hamming,342,586
950000,hamming,343,706
950000,hamming,344,907
950000,hamming,345,1042
950000,hamming,346,1263
950000,hamming,347,1353
950000,hamming,348,1555
950000,hamming,349,1792
950000,hamming,350,2034
950000,hamming,351,2036
950000,hamming,352,2128
950000,hamming,353,2333
950000,hamming,354,2394
950000,hamming,355,2513
950000,hamming,356,2529
950000,hamming,357,2506
950000,hamming,358,2525
950000,hamming,359,2476
950000,hamming,360,2474
950000,hamming,361,2428
950000,hamming,362,2202
950000,hamming,363,2113
950000,hamming,364,1985
950000,hamming,365,1763
950000,hamming,366,1778
950000,hamming,367,1603
950000,hamming,368,1592
950000,hamming,369,1539
950000,hamming,370,1438
950000,hamming,371,1267
950000,hamming,372,1262
950000,hamming,373,1178
950000,hamming,374,1060
950000,hamming,375,891
950000,hamming,376,718
950000,hamming,377,601
950000,hamming,378,516
950000,hamming,379,452
950000,hamming,380,386
950000,hamming,381,324
950000,hamming,382,229
950000,hamming,383,209
950000,hamming,384,161
950000,hamming,385,131
950000,hamming,386,107
950000,hamming,387,66
950000,hamming,388,54
950000,hamming,389,37
950000,hamming,390,21
950000,hamming,391,9
950000,hamming,392,15
950000,hamming,393,5
950000,hamming,394,8
950000,hamming,395,4
950000,hamming,396,5
950000,hamming,397,2
950000,hamming,398,1
950000,genes,0,4690
950000,genes,1,9014
950000,genes,2,16729
950000,genes,3,18812
950000,genes,4,24313
950000,genes,5,12914
950000,genes,6,13083
950000,genes,7,4739
950000,genes,8,3152
950000,genes,9,668
950000,genes,10,474
950000,genes,11,113
950000,genes,12,415
950000,genes,13,2971
950000,genes,14,11333
950000,genes,15,19979
950000,genes,16,10844
950000,genes,17,12827
950000,genes,18,5249
950000,genes,19,1267
950000,genes,20,169
950000,body,0,37552
950000,body,1,20311
950000,body,2,7588
950000,body,3,8273
950000,body,4,8654
950000,body,5,9636
950000,body,6,2887
950000,body,7,2759
950000,body,8,2335
950000,body,9,1476
950000,body,10,1429
950000,body,11,1396
950000,body,12,1581
950000,body,13,1844
950000,body,14,4474
950000,body,15,2995
950000,body,16,7165
950000,body,17,22726
950000,body,18,6305
950000,body,19,1448
950000,body,20,2279
950000,body,21,4110
950000,body,22,1838
950000,body,23,729
950000,body,24,1358
950000,body,25,2832
950000,body,26,965
950000,body,27,1390
950000,body,28,849
950000,body,29,1017
950000,body,30,490
950000,body,31,509
950000,body,32,83
950000,body,33,379
950000,body,34,297
950000,body,35,342
950000,body,36,177
950000,body,37,133
950000,body,38,356
950000,body,39,25
950000,body,40,34
950000,body,41,12
950000,body,42,13
950000,body,43,8
950000,body,44,18
950000,body,45,6
950000,body,46,74
950000,body,47,21
950000,body,48,6
950000,body,49,10
950000,body,50,14
950000,body,51,265
950000,body,52,84
950000,body,53,11
950000,body,54,11
950000,body,55,21
950000,body,56,38
950000,body,57,14
950000,body,58,70
950000,body,59,12
950000,body,60,13
950000,body,61,2
950000,body,62,3
950000,body,63,1
950000,body,64,2
1000000,hamming,2,159
1000000,hamming,3,27
1000000,hamming,4,111
1000000,hamming,5,37
1000000,hamming,6,107
1000000,hamming,7,35
1000000,hamming,8,85
1000000,hamming,9,57
1000000,hamming,10,86
1000000,hamming,11,63
1000000,hamming,12,82
1000000,hamming,13,84
1000000,hamming,14,73
1000000,hamming,15,84
1000000,hamming,16,53
1000000,hamming,17,64
1000000,hamming,18,55
1000000,hamming,19,60
1000000,hamming,20,51
1000000,hamming,21,70
1000000,hamming,22,53
1000000,hamming,23,55
1000000,hamming,24,65
1000000,hamming,25,37
1000000,hamming,26,50
1000000,hamming,27,52
1000000,hamming,28,60
1000000,hamming,29,52
1000000,hamming,30,66
1000000,hamming,31,63
1000000,hamming,32,77
1000000,hamming,33,76
1000000,hamming,34,80
1000000,hamming,35,111
1000000,hamming,36,88
1000000,hamming,37,136
1000000,hamming,38,95
1000000,hamming,39,120
1000000,hamming,40,98
1000000,hamming,41,116
1000000,hamming,42,118
1000000,hamming,43,101
1000000,hamming,44,120
1000000,hamming,45,95
1000000,hamming,46,97
1000000,hamming,47,115
1000000,hamming,48,102
1000000,hamming,49,84
1000000,hamming,50,104
1000000,hamming,51,100
1000000,hamming,52,116
1000000,hamming,53,131
1000000,hamming,54,123
1000000,hamming,55,126
1000000,hamming,56,135
1000000,hamming,57,92
1000000,hamming,58,114
1000000,hamming,59,105
1000000,hamming,60,144
1000000,hamming,61,150
1000000,hamming,62,172
1000000,hamming,63,184
1000000,hamming,64,164
1000000,hamming,65,212
1000000,hamming,66,206
1000000,hamming,67,246
1000000,hamming,68,206
1000000,hamming,69,226
1000000,hamming,70,210
1000000,hamming,71,241
1000000,hamming,72,224
1000000,hamming,73,218
1000000,hamming,74,245
1000000,hamming,75,215
1000000,hamming,76,272
1000000,hamming,77,290
1000000,hamming,78,272
1000000,hamming,79,351
1000000,hamming,80,312
1000000,hamming,81,343
1000000,hamming,82,346
1000000,hamming,83,354
1000000,hamming,84,374
1000000,hamming,85,452
1000000,hamming,86,467
1000000,hamming,87,480
1000000,hamming,88,535
1000000,hamming,89,508
1000000,hamming,90,545
1000000,hamming,91,548
1000000,hamming,92,639
1000000,hamming,93,582
1000000,hamming,94,624
1000000,hamming,95,674
1000000,hamming,96,636
1000000,hamming,97,674
1000000,hamming,98,668
1000000,hamming,99,777
1000000,hamming,100,775
1000000,hamming,101,794
1000000,hamming,102,851
1000000,hamming,103,837
1000000,hamming,104,911
1000000,hamming,105,962
1000000,hamming,106,1053
1000000,hamming,107,1026
1000000,hamming,108,1125
1000000,hamming,109,1190
1000000,hamming,110,1247
1000000,hamming,111,1272
1000000,hamming,112,1278
1000000,hamming,113,1294
1000000,hamming,114,1253
1000000,hamming,115,1272
1000000,hamming,116,1274
1000000,hamming,117,1268
1000000,hamming,118,1227
1000000,hamming,119,1300
1000000,hamming,120,1189
1000000,hamming,121,1247
1000000,hamming,122,1255
1000000,hamming,123,1193
1000000,hamming,124,1123
1000000,hamming,125,1123
1000000,hamming,126,1096
1000000,hamming,127,1005
1000000,hamming,128,1057
1000000,hamming,129,917
1000000,hamming,130,931
1000000,hamming,131,940
1000000,hamming,132,900
1000000,hamming,133,860
1000000,hamming,134,858
1000000,hamming,135,828
1000000,hamming,136,818
1000000,hamming,137,773
1000000,hamming,138,791
1000000,hamming,139,751
1000000,hamming,140,796
1000000,hamming,141,722
1000000,hamming,142,673
1000000,hamming,143,664
1000000,hamming,144,650
1000000,hamming,145,637
1000000,hamming,146,624
1000000,hamming,147,587
1000000,hamming,148,551
1000000,hamming,149,554
1000000,hamming,150,533
1000000,hamming,151,545
1000000,hamming,152,490
1000000,hamming,153,500
1000000,hamming,154,486
1000000,hamming,155,446
1000000,hamming,156,445
1000000,hamming,157,446
1000000,hamming,158,397
1000000,hamming,159,349
1000000,hamming,160,333
1000000,hamming,161,259
1000000,hamming,162,271
1000000,hamming,163,264
1000000,hamming,164,231
1000000,hamming,165,206
1000000,hamming,166,193
1000000,hamming,167,162
1000000,hamming,168,157
1000000,hamming,169,135
1000000,hamming,170,111
1000000,hamming,171,135
1000000,hamming,172,99
1000000,hamming,173,76
1000000,hamming,174,49
1000000,hamming,175,45
1000000,hamming,176,39
1000000,hamming,177,29
1000000,hamming,178,23
1000000,hamming,179,28
1000000,hamming,180,23
1000000,hamming,181,16
1000000,hamming,182,6
1000000,hamming,183,7
1000000,hamming,184,3
1000000,hamming,185,9
1000000,hamming,186,4
1000000,hamming,187,7
1000000,hamming,188,5
1000000,hamming,189,2
1000000,hamming,190,4
1000000,hamming,191,1
1000000,hamming,192,2
1000000,hamming,282,2
1000000,hamming,283,1
1000000,hamming,284,8
1000000,hamming,285,13
1000000,hamming,286,17
1000000,hamming,287,38
1000000,hamming,288,47
1000000,hamming,289,65
1000000,hamming,290,91
1000000,hamming,291,122
1000000,hamming,292,156
1000000,hamming,293,182
1000000,hamming,294,184
1000000,hamming,295,245
1000000,hamming,296,273
1000000,hamming,297,364
1000000,hamming,298,358
1000000,hamming,299,340
1000000,hamming,300,322
1000000,hamming,301,290
1000000,hamming,302,316
1000000,hamming,303,328
1000000,hamming,304,325
1000000,hamming,305,427
1000000,hamming,306,569
1000000,hamming,307,747
1000000,hamming,308,959
1000000,hamming,309,1221
1000000,hamming,310,1386
1000000,hamming,311,1730
1000000,hamming,312,2025
1000000,hamming,313,2373
1000000,hamming,314,2653
1000000,hamming,315,2999
1000000,hamming,316,3253
1000000,hamming,317,3450
1000000,hamming,318,3703
1000000,hamming,319,3859
1000000,hamming,320,3870
1000000,hamming,321,3735
1000000,hamming,322,3776
1000000,hamming,323,3900
1000000,hamming,324,3414
1000000,hamming,325,3264
1000000,hamming,326,2921
1000000,hamming,327,2612
1000000,hamming,328,2290
1000000,hamming,329,1936
1000000,hamming,330,1661
1000000,hamming,331,1341
1000000,hamming,332,1240
1000000,hamming,333,900
1000000,hamming,334,795
1000000,hamming,335,593
1000000,hamming,336,428
1000000,hamming,337,321
1000000,hamming,338,293
1000000,hamming,339,210
1000000,hamming,340,223
1000000,hamming,341,205
1000000,hamming,342,247
1000000,hamming,343,305
1000000,hamming,344,308
1000000,hamming,345,341
1000000,hamming,346,409
1000000,hamming,347,474
1000000,hamming,348,566
1000000,hamming,349,725
1000000,hamming,350,865
1000000,hamming,351,997
1000000,hamming,352,1196
1000000,hamming,353,1352
1000000,hamming,354,1664
1000000,hamming,355,1961
1000000,hamming,356,2326
1000000,hamming,357,2697
1000000,hamming,358,3030
1000000,hamming,359,3291
1000000,hamming,360,3595
1000000,hamming,361,3777
1000000,hamming,362,3957
1000000,hamming,363,3869
1000000,hamming,364,3810
1000000,hamming,365,3936
1000000,hamming,366,3792
1000000,hamming,367,3755
1000000,hamming,368,3655
1000000,hamming,369,3594
1000000,hamming,370,3341
1000000,hamming,371,2935
1000000,hamming,372,2643
1000000,hamming,373,2513
1000000,hamming,374,2208
1000000,hamming,375,1924
1000000,hamming,376,1711
1000000,hamming,377,1430
1000000,hamming,378,1151
1000000,hamming,379,814
1000000,hamming,380,716
1000000,hamming,381,516
1000000,hamming,382,409
1000000,hamming,383,303
1000000,hamming,384,244
1000000,hamming,385,164
1000000,hamming,386,80
1000000,hamming,387,60
1000000,hamming,388,37
1000000,hamming,389,26
1000000,hamming,390,12
1000000,hamming,391,5
1000000,genes,0,4349
1000000,genes,1,5819
1000000,genes,2,10987
1000000,genes,3,12263
1000000,genes,4,14402
1000000,genes,5,10339
1000000,genes,6,10785
1000000,genes,7,8836
1000000,genes,8,12218
1000000,genes,9,14879
1000000,genes,10,22490
1000000,genes,11,18848
1000000,genes,12,4024
1000000,genes,13,4872
1000000,genes,14,11989
1000000,genes,15,24540
1000000,genes,16,19514
1000000,genes,17,15591
1000000,genes,18,7325
1000000,genes,19,820
1000000,genes,20,64
1000000,genes,21,1
1000000,body,0,50887
1000000,body,1,26441
1000000,body,2,12515
1000000,body,3,13025
1000000,body,4,19063
1000000,body,5,5987
1000000,body,6,4576
1000000,body,7,7134
1000000,body,8,3711
1000000,body,9,1824
1000000,body,10,1542
1000000,body,11,3769
1000000,body,12,4245
1000000,body,13,3226
1000000,body,14,7263
1000000,body,15,8555
1000000,body,16,38391
1000000,body,17,14168
1000000,body,18,3109
1000000,body,19,1544
1000000,body,20,527
1000000,body,21,563
1000000,body,22,219
1000000,body,23,810
1000000,body,24,548
1000000,body,25,288
1000000,body,26,227
1000000,body,27,190
1000000,body,28,341
1000000,body,29,65
1000000,body,30,20
1000000,body,31,7
1000000,body,32,16
1000000,body,33,119
1000000,body,34,25
1000000,body,35,7
1000000,body,36,3
1000000,body,37,1
1000000,body,38,1
1000000,body,39,2
1000000,body,45,1
