step,cause,age,size,mass,n,worn
10000,hunger,0,0,0,10,0
10000,hunger,0,4,0,2,0
10000,hunger,0,4,4,8,0
10000,hunger,0,4,8,1,0
10000,hunger,0,8,4,5,0
10000,hunger,0,8,8,8,0
10000,hunger,0,8,12,2,0
10000,hunger,0,12,4,1,0
10000,hunger,0,12,8,6,0
10000,hunger,0,12,12,11,0
10000,hunger,0,12,16,6,0
10000,hunger,0,16,8,2,0
10000,hunger,0,16,12,3,0
10000,hunger,0,16,16,7,0
10000,hunger,0,16,20,2,0
10000,hunger,0,16,36,1,0
10000,hunger,0,20,8,5,0
10000,hunger,0,20,16,6,0
10000,hunger,0,20,20,4,0
10000,hunger,0,20,24,4,0
10000,hunger,0,20,28,3,0
10000,hunger,0,24,12,2,0
10000,hunger,0,24,20,1,0
10000,hunger,0,24,24,2,0
10000,hunger,0,24,28,1,0
10000,hunger,0,24,32,2,0
10000,hunger,0,24,40,2,0
10000,hunger,0,24,44,2,0
10000,hunger,0,28,12,3,0
10000,hunger,0,28,16,2,0
10000,hunger,0,28,20,3,0
10000,hunger,0,28,24,3,0
10000,hunger,0,28,28,1,0
10000,hunger,0,28,32,3,0
10000,hunger,0,28,36,3,0
10000,hunger,0,32,12,2,0
10000,hunger,0,32,16,1,0
10000,hunger,0,32,20,3,0
10000,hunger,0,32,24,1,0
10000,hunger,0,32,28,1,0
10000,hunger,0,32,32,4,0
10000,hunger,0,32,36,1,0
10000,hunger,0,32,40,4,0
10000,hunger,0,32,48,2,0
10000,hunger,0,32,52,3,0
10000,hunger,0,36,12,4,0
10000,hunger,0,36,16,4,0
10000,hunger,0,36,20,1,0
10000,hunger,0,36,24,8,0
10000,hunger,0,36,28,5,0
10000,hunger,0,36,32,15,0
10000,hunger,0,36,36,26,0
10000,hunger,0,36,40,21,0
10000,hunger,0,36,44,19,0
10000,hunger,0,36,48,17,0
10000,hunger,0,36,52,9,0
10000,hunger,0,36,56,5,0
10000,hunger,0,36,60,3,0
10000,hunger,0,40,12,1,0
10000,hunger,0,40,16,6,0
10000,hunger,0,40,20,1,0
10000,hunger,0,40,24,1,0
10000,hunger,0,40,32,2,0
10000,hunger,0,40,36,2,0
10000,hunger,0,40,40,1,0
10000,hunger,0,40,44,1,0
10000,hunger,0,44,24,6,1
10000,hunger,0,44,40,3,0
10000,hunger,0,44,44,3,0
10000,hunger,0,44,48,2,0
10000,hunger,0,44,52,1,0
10000,hunger,0,44,56,1,0
10000,hunger,0,44,60,1,0
10000,hunger,0,48,16,8,0
10000,hunger,0,48,20,16,0
10000,hunger,0,48,24,10,0
10000,hunger,0,48,32,2,0
10000,hunger,0,48,36,3,0
10000,hunger,0,48,40,8,0
10000,hunger,0,48,44,11,0
10000,hunger,0,48,48,22,0
10000,hunger,0,48,52,28,0
10000,hunger,0,48,56,30,0
10000,hunger,0,48,60,13,0
10000,hunger,0,48,64,18,0
10000,hunger,0,48,68,24,0
10000,hunger,0,48,72,12,0
10000,hunger,0,48,76,5,0
10000,hunger,0,48,80,3,0
10000,hunger,0,52,20,1,0
10000,hunger,0,52,24,2,0
10000,hunger,0,52,28,2,0
10000,hunger,0,52,48,1,0
10000,hunger,0,52,52,1,0
10000,hunger,0,52,76,1,0
10000,hunger,0,56,44,1,0
10000,hunger,0,56,48,1,0
10000,hunger,0,60,52,1,0
10000,hunger,0,60,60,1,0
10000,hunger,0,60,72,1,0
10000,hunger,0,64,20,4,0
10000,hunger,0,64,24,4,0
10000,hunger,0,64,28,4,0
10000,hunger,0,64,32,1,0
10000,hunger,0,64,36,1,0
10000,hunger,0,64,40,1,0
10000,hunger,0,64,48,1,0
10000,hunger,0,64,52,1,0
10000,hunger,0,64,60,4,0
10000,hunger,0,64,64,5,0
10000,hunger,0,64,68,7,0
10000,hunger,0,64,72,6,0
10000,hunger,0,64,76,1,0
10000,hunger,0,64,80,3,0
10000,hunger,0,64,84,3,0
10000,hunger,0,64,88,7,0
10000,hunger,0,64,92,2,0
10000,hunger,0,64,100,2,0
10000,hunger,0,76,60,1,0
10000,hunger,0,76,68,1,0
10000,hunger,0,76,76,1,0
10000,hunger,0,80,44,1,0
10000,hunger,0,80,52,1,0
10000,hunger,0,80,60,2,0
10000,hunger,0,80,68,1,0
10000,hunger,0,80,72,1,0
10000,hunger,0,80,76,2,0
10000,hunger,0,80,80,2,0
10000,hunger,0,80,84,5,0
10000,hunger,0,80,88,2,0
10000,hunger,0,80,96,1,0
10000,hunger,0,80,100,1,0
10000,hunger,0,88,76,1,0
10000,hunger,0,100,84,1,0
10000,hunger,0,100,104,1,0
10000,hunger,0,100,108,1,0
10000,hunger,0,120,48,1,0
10000,hunger,0,120,92,1,0
10000,hunger,0,168,148,1,0
10000,hunger,50,0,0,164,0
10000,hunger,50,0,4,10,0
10000,hunger,50,0,8,1,0
10000,hunger,50,4,0,54,0
10000,hunger,50,4,4,116,0
10000,hunger,50,4,8,19,0
10000,hunger,50,4,12,5,0
10000,hunger,50,4,16,1,0
10000,hunger,50,8,0,7,1
10000,hunger,50,8,4,31,0
10000,hunger,50,8,8,86,0
10000,hunger,50,8,12,28,0
10000,hunger,50,8,16,12,0
10000,hunger,50,8,20,1,0
10000,hunger,50,8,24,3,0
10000,hunger,50,12,4,8,0
10000,hunger,50,12,8,38,1
10000,hunger,50,12,12,72,0
10000,hunger,50,12,16,32,0
10000,hunger,50,12,20,13,0
10000,hunger,50,12,24,14,0
10000,hunger,50,12,28,2,0
10000,hunger,50,16,8,12,0
10000,hunger,50,16,12,18,0
10000,hunger,50,16,16,40,0
10000,hunger,50,16,20,23,0
10000,hunger,50,16,24,6,0
10000,hunger,50,16,28,1,0
10000,hunger,50,16,32,5,0
10000,hunger,50,16,36,2,0
10000,hunger,50,16,40,2,0
10000,hunger,50,16,44,1,0
10000,hunger,50,20,8,10,0
10000,hunger,50,20,12,3,0
10000,hunger,50,20,16,15,0
10000,hunger,50,20,20,23,1
10000,hunger,50,20,24,27,0
10000,hunger,50,20,28,8,0
10000,hunger,50,20,32,2,0
10000,hunger,50,20,36,3,0
10000,hunger,50,20,40,1,0
10000,hunger,50,20,44,1,0
10000,hunger,50,20,48,6,0
10000,hunger,50,24,8,3,0
10000,hunger,50,24,12,11,0
10000,hunger,50,24,16,5,0
10000,hunger,50,24,20,9,0
10000,hunger,50,24,24,21,0
10000,hunger,50,24,28,23,0
10000,hunger,50,24,32,10,0
10000,hunger,50,24,36,3,0
10000,hunger,50,24,40,10,0
10000,hunger,50,24,44,5,0
10000,hunger,50,24,48,2,0
10000,hunger,50,24,60,1,0
10000,hunger,50,24,64,1,0
10000,hunger,50,28,12,6,0
10000,hunger,50,28,16,10,0
10000,hunger,50,28,20,4,0
10000,hunger,50,28,24,8,0
10000,hunger,50,28,28,13,0
10000,hunger,50,28,32,21,0
10000,hunger,50,28,36,5,0
10000,hunger,50,28,40,5,0
10000,hunger,50,28,44,1,0
10000,hunger,50,28,48,1,0
10000,hunger,50,28,52,2,0
10000,hunger,50,28,56,1,0
10000,hunger,50,28,64,2,0
10000,hunger,50,32,12,3,0
10000,hunger,50,32,20,7,0
10000,hunger,50,32,24,1,0
10000,hunger,50,32,28,12,0
10000,hunger,50,32,32,29,0
10000,hunger,50,32,36,17,0
10000,hunger,50,32,40,10,0
10000,hunger,50,32,44,7,0
10000,hunger,50,32,48,4,0
10000,hunger,50,32,52,3,0
10000,hunger,50,32,56,1,0
10000,hunger,50,32,64,1,0
10000,hunger,50,32,72,2,0
10000,hunger,50,36,16,7,0
10000,hunger,50,36,20,6,0
10000,hunger,50,36,24,11,0
10000,hunger,50,36,28,26,0
10000,hunger,50,36,32,54,0
10000,hunger,50,36,36,115,0
10000,hunger,50,36,40,133,1
10000,hunger,50,36,44,64,0
10000,hunger,50,36,48,79,1
10000,hunger,50,36,52,37,0
10000,hunger,50,36,56,30,0
10000,hunger,50,36,60,33,0
10000,hunger,50,36,64,21,0
10000,hunger,50,36,68,8,0
10000,hunger,50,36,72,5,0
10000,hunger,50,36,76,2,0
10000,hunger,50,36,80,1,0
10000,hunger,50,36,84,1,0
10000,hunger,50,40,20,1,0
10000,hunger,50,40,28,2,0
10000,hunger,50,40,32,1,0
10000,hunger,50,40,36,6,0
10000,hunger,50,40,40,8,0
10000,hunger,50,40,44,5,0
10000,hunger,50,40,48,8,0
10000,hunger,50,40,52,3,0
10000,hunger,50,40,56,1,0
10000,hunger,50,40,60,1,0
10000,hunger,50,40,80,1,0
10000,hunger,50,44,24,2,0
10000,hunger,50,44,32,3,0
10000,hunger,50,44,36,2,1
10000,hunger,50,44,40,12,0
10000,hunger,50,44,44,8,0
10000,hunger,50,44,48,8,0
10000,hunger,50,44,52,6,0
10000,hunger,50,44,56,6,0
10000,hunger,50,44,60,3,0
10000,hunger,50,44,64,3,0
10000,hunger,50,44,68,2,0
10000,hunger,50,44,72,2,0
10000,hunger,50,44,96,1,0
10000,hunger,50,48,20,5,0
10000,hunger,50,48,24,7,0
10000,hunger,50,48,28,12,0
10000,hunger,50,48,32,13,0
10000,hunger,50,48,36,22,0
10000,hunger,50,48,40,33,0
10000,hunger,50,48,44,61,1
10000,hunger,50,48,48,103,0
10000,hunger,50,48,52,120,1
10000,hunger,50,48,56,96,1
10000,hunger,50,48,60,77,0
10000,hunger,50,48,64,67,0
10000,hunger,50,48,68,85,0
10000,hunger,50,48,72,42,1
10000,hunger,50,48,76,17,0
10000,hunger,50,48,80,13,0
10000,hunger,50,48,84,11,0
10000,hunger,50,48,88,17,0
10000,hunger,50,48,92,1,0
10000,hunger,50,48,96,12,0
10000,hunger,50,48,100,8,0
10000,hunger,50,48,120,1,0
10000,hunger,50,52,28,1,0
10000,hunger,50,52,36,2,0
10000,hunger,50,52,44,1,0
10000,hunger,50,52,48,2,0
10000,hunger,50,52,52,27,0
10000,hunger,50,52,56,6,0
10000,hunger,50,52,60,1,0
10000,hunger,50,52,64,2,0
10000,hunger,50,52,72,1,0
10000,hunger,50,52,76,2,0
10000,hunger,50,52,80,1,0
10000,hunger,50,52,84,1,0
10000,hunger,50,56,32,1,0
10000,hunger,50,56,44,2,0
10000,hunger,50,56,48,2,0
10000,hunger,50,56,52,2,0
10000,hunger,50,56,56,5,0
10000,hunger,50,56,60,8,1
10000,hunger,50,56,64,2,0
10000,hunger,50,56,68,1,0
10000,hunger,50,56,72,1,0
10000,hunger,50,56,76,1,0
10000,hunger,50,56,88,2,0
10000,hunger,50,56,96,2,0
10000,hunger,50,60,28,1,0
10000,hunger,50,60,52,3,0
10000,hunger,50,60,56,4,0
10000,hunger,50,60,60,3,0
10000,hunger,50,60,64,1,0
10000,hunger,50,60,68,4,0
10000,hunger,50,60,72,4,1
10000,hunger,50,60,76,2,0
10000,hunger,50,60,80,3,0
10000,hunger,50,60,88,2,0
10000,hunger,50,64,28,8,0
10000,hunger,50,64,32,10,1
10000,hunger,50,64,36,2,0
10000,hunger,50,64,40,7,0
10000,hunger,50,64,44,15,0
10000,hunger,50,64,48,6,0
10000,hunger,50,64,52,12,0
10000,hunger,50,64,56,20,0
10000,hunger,50,64,60,21,1
10000,hunger,50,64,64,21,0
10000,hunger,50,64,68,38,0
10000,hunger,50,64,72,25,0
10000,hunger,50,64,76,17,0
10000,hunger,50,64,80,16,0
10000,hunger,50,64,84,17,0
10000,hunger,50,64,88,14,0
10000,hunger,50,64,92,15,0
10000,hunger,50,64,96,7,1
10000,hunger,50,64,100,8,0
10000,hunger,50,64,104,1,0
10000,hunger,50,64,108,1,0
10000,hunger,50,64,116,1,0
10000,hunger,50,64,124,2,0
10000,hunger,50,64,128,1,0
10000,hunger,50,64,132,1,0
10000,hunger,50,64,136,2,0
10000,hunger,50,64,140,1,0
10000,hunger,50,68,44,2,0
10000,hunger,50,68,48,1,0
10000,hunger,50,68,68,2,0
10000,hunger,50,68,88,1,0
10000,hunger,50,68,104,1,0
10000,hunger,50,68,120,1,0
10000,hunger,50,68,124,1,0
10000,hunger,50,72,32,1,0
10000,hunger,50,72,64,2,0
10000,hunger,50,72,68,1,0
10000,hunger,50,72,104,2,0
10000,hunger,50,72,116,1,0
10000,hunger,50,72,144,1,0
10000,hunger,50,72,148,1,0
10000,hunger,50,76,48,1,0
10000,hunger,50,76,56,1,0
10000,hunger,50,76,68,1,1
10000,hunger,50,76,72,1,0
10000,hunger,50,76,116,2,0
10000,hunger,50,76,124,1,0
10000,hunger,50,76,160,1,0
10000,hunger,50,80,32,1,0
10000,hunger,50,80,36,7,0
10000,hunger,50,80,40,3,0
10000,hunger,50,80,44,6,0
10000,hunger,50,80,48,4,0
10000,hunger,50,80,52,1,0
10000,hunger,50,80,56,4,0
10000,hunger,50,80,60,5,0
10000,hunger,50,80,64,2,0
10000,hunger,50,80,68,1,0
10000,hunger,50,80,72,9,0
10000,hunger,50,80,76,9,0
10000,hunger,50,80,80,5,0
10000,hunger,50,80,84,2,0
10000,hunger,50,80,88,8,0
10000,hunger,50,80,92,7,0
10000,hunger,50,80,96,5,0
10000,hunger,50,80,104,1,0
10000,hunger,50,80,108,4,0
10000,hunger,50,80,112,3,0
10000,hunger,50,80,116,4,0
10000,hunger,50,80,120,1,0
10000,hunger,50,80,128,1,0
10000,hunger,50,80,132,2,0
10000,hunger,50,80,136,5,0
10000,hunger,50,80,140,2,0
10000,hunger,50,80,144,1,0
10000,hunger,50,80,152,4,0
10000,hunger,50,80,156,5,0
10000,hunger,50,80,160,3,0
10000,hunger,50,80,164,4,0
10000,hunger,50,80,168,1,0
10000,hunger,50,80,172,3,0
10000,hunger,50,80,176,4,0
10000,hunger,50,80,180,2,0
10000,hunger,50,80,184,1,0
10000,hunger,50,80,196,2,0
10000,hunger,50,80,204,1,0
10000,hunger,50,84,36,1,0
10000,hunger,50,88,44,1,0
10000,hunger,50,88,100,1,0
10000,hunger,50,92,44,1,0
10000,hunger,50,92,56,1,0
10000,hunger,50,92,60,1,0
10000,hunger,50,92,104,1,0
10000,hunger,50,100,40,1,0
10000,hunger,50,100,48,2,0
10000,hunger,50,100,56,2,0
10000,hunger,50,100,64,1,0
10000,hunger,50,100,88,2,0
10000,hunger,50,100,92,1,0
10000,hunger,50,100,100,1,0
10000,hunger,50,100,108,2,0
10000,hunger,50,100,112,1,0
10000,hunger,50,100,120,1,0
10000,hunger,50,100,124,1,0
10000,hunger,50,100,132,1,0
10000,hunger,50,100,144,1,0
10000,hunger,50,100,148,1,0
10000,hunger,50,100,152,2,0
10000,hunger,50,100,156,1,0
10000,hunger,50,100,168,1,0
10000,hunger,50,100,176,1,0
10000,hunger,50,100,184,2,0
10000,hunger,50,100,188,2,0
10000,hunger,50,100,212,1,0
10000,hunger,50,100,216,1,0
10000,hunger,50,100,228,1,0
10000,hunger,50,100,232,1,0
10000,hunger,50,120,88,1,0
10000,hunger,50,120,100,1,0
10000,hunger,50,120,108,1,0
10000,hunger,50,120,116,1,0
10000,hunger,50,120,124,1,0
10000,hunger,50,120,136,1,0
10000,hunger,50,120,148,1,0
10000,hunger,50,120,192,1,0
10000,hunger,50,120,200,1,0
10000,hunger,50,120,264,1,0
10000,hunger,50,120,276,1,0
10000,hunger,50,128,84,1,0
10000,hunger,50,144,156,1,0
10000,hunger,50,168,280,1,0
10000,hunger,50,168,304,1,0
10000,hunger,100,0,0,102,0
10000,hunger,100,0,4,6,0
10000,hunger,100,0,8,3,0
10000,hunger,100,4,0,14,0
10000,hunger,100,4,4,98,0
10000,hunger,100,4,8,33,0
10000,hunger,100,4,12,3,0
10000,hunger,100,4,16,1,0
10000,hunger,100,8,4,23,0
10000,hunger,100,8,8,65,0
10000,hunger,100,8,12,14,0
10000,hunger,100,8,16,8,0
10000,hunger,100,8,20,3,0
10000,hunger,100,8,24,1,0
10000,hunger,100,12,4,1,0
10000,hunger,100,12,8,24,0
10000,hunger,100,12,12,57,0
10000,hunger,100,12,16,22,0
10000,hunger,100,12,20,9,0
10000,hunger,100,12,24,5,0
10000,hunger,100,12,32,1,0
10000,hunger,100,16,8,1,0
10000,hunger,100,16,12,14,0
10000,hunger,100,16,16,31,0
10000,hunger,100,16,20,12,0
10000,hunger,100,16,24,2,0
10000,hunger,100,16,32,1,0
10000,hunger,100,16,40,4,0
10000,hunger,100,16,48,1,0
10000,hunger,100,20,12,1,0
10000,hunger,100,20,16,4,0
10000,hunger,100,20,20,21,0
10000,hunger,100,20,24,20,0
10000,hunger,100,20,28,4,0
10000,hunger,100,20,36,2,0
10000,hunger,100,20,40,2,0
10000,hunger,100,24,12,1,0
10000,hunger,100,24,16,4,0
10000,hunger,100,24,20,6,0
10000,hunger,100,24,24,20,0
10000,hunger,100,24,28,22,0
10000,hunger,100,24,36,6,0
10000,hunger,100,24,40,12,0
10000,hunger,100,24,44,10,0
10000,hunger,100,24,48,3,0
10000,hunger,100,24,52,1,0
10000,hunger,100,28,16,8,0
10000,hunger,100,28,20,2,0
10000,hunger,100,28,24,6,0
10000,hunger,100,28,28,13,0
10000,hunger,100,28,32,38,1
10000,hunger,100,28,36,10,0
10000,hunger,100,28,40,5,0
10000,hunger,100,28,44,2,0
10000,hunger,100,28,48,3,0
10000,hunger,100,28,52,1,0
10000,hunger,100,28,56,1,0
10000,hunger,100,32,20,1,0
10000,hunger,100,32,24,1,0
10000,hunger,100,32,28,9,1
10000,hunger,100,32,32,34,1
10000,hunger,100,32,36,21,0
10000,hunger,100,32,40,16,0
10000,hunger,100,32,44,9,0
10000,hunger,100,32,48,4,0
10000,hunger,100,32,52,4,0
10000,hunger,100,32,56,9,0
10000,hunger,100,32,60,2,0
10000,hunger,100,32,64,4,0
10000,hunger,100,32,72,2,0
10000,hunger,100,32,76,1,0
10000,hunger,100,36,16,2,0
10000,hunger,100,36,20,9,0
10000,hunger,100,36,24,8,0
10000,hunger,100,36,28,20,0
10000,hunger,100,36,32,84,0
10000,hunger,100,36,36,119,1
10000,hunger,100,36,40,154,1
10000,hunger,100,36,44,69,0
10000,hunger,100,36,48,90,0
10000,hunger,100,36,52,45,0
10000,hunger,100,36,56,34,0
10000,hunger,100,36,60,64,0
10000,hunger,100,36,64,27,0
10000,hunger,100,36,68,4,0
10000,hunger,100,36,72,6,0
10000,hunger,100,36,76,1,0
10000,hunger,100,36,80,3,0
10000,hunger,100,36,84,1,0
10000,hunger,100,36,88,2,0
10000,hunger,100,40,28,1,0
10000,hunger,100,40,32,2,0
10000,hunger,100,40,36,12,0
10000,hunger,100,40,40,11,0
10000,hunger,100,40,44,15,0
10000,hunger,100,40,48,9,0
10000,hunger,100,40,52,3,0
10000,hunger,100,40,56,2,0
10000,hunger,100,40,60,3,0
10000,hunger,100,40,64,2,0
10000,hunger,100,40,68,1,0
10000,hunger,100,40,72,4,0
10000,hunger,100,40,76,3,0
10000,hunger,100,40,88,1,0
10000,hunger,100,44,32,2,0
10000,hunger,100,44,36,4,0
10000,hunger,100,44,40,16,0
10000,hunger,100,44,44,11,0
10000,hunger,100,44,48,13,0
10000,hunger,100,44,52,18,0
10000,hunger,100,44,56,4,0
10000,hunger,100,44,64,3,0
10000,hunger,100,44,68,2,0
10000,hunger,100,44,72,1,0
10000,hunger,100,44,76,2,0
10000,hunger,100,44,80,1,0
10000,hunger,100,44,84,3,0
10000,hunger,100,44,92,1,0
10000,hunger,100,44,104,1,0
10000,hunger,100,48,20,1,0
10000,hunger,100,48,24,3,0
10000,hunger,100,48,28,1,0
10000,hunger,100,48,32,4,0
10000,hunger,100,48,36,8,0
10000,hunger,100,48,40,33,1
10000,hunger,100,48,44,80,2
10000,hunger,100,48,48,83,0
10000,hunger,100,48,52,136,1
10000,hunger,100,48,56,121,1
10000,hunger,100,48,60,96,1
10000,hunger,100,48,64,91,0
10000,hunger,100,48,68,110,2
10000,hunger,100,48,72,63,0
10000,hunger,100,48,76,23,0
10000,hunger,100,48,80,18,0
10000,hunger,100,48,84,8,0
10000,hunger,100,48,88,8,0
10000,hunger,100,48,92,5,0
10000,hunger,100,48,96,7,0
10000,hunger,100,48,100,4,0
10000,hunger,100,48,104,4,0
10000,hunger,100,48,108,2,0
10000,hunger,100,48,112,3,0
10000,hunger,100,48,120,1,0
10000,hunger,100,48,124,1,0
10000,hunger,100,48,128,2,0
10000,hunger,100,48,132,1,0
10000,hunger,100,48,136,1,0
10000,hunger,100,52,48,2,0
10000,hunger,100,52,52,18,0
10000,hunger,100,52,56,1,0
10000,hunger,100,52,60,4,0
10000,hunger,100,52,64,2,0
10000,hunger,100,52,72,2,0
10000,hunger,100,52,76,5,0
10000,hunger,100,52,80,2,0
10000,hunger,100,52,92,1,0
10000,hunger,100,52,100,1,0
10000,hunger,100,52,108,2,0
10000,hunger,100,52,120,1,0
10000,hunger,100,56,36,1,0
10000,hunger,100,56,44,1,0
10000,hunger,100,56,52,6,0
10000,hunger,100,56,56,12,0
10000,hunger,100,56,60,10,0
10000,hunger,100,56,64,2,1
10000,hunger,100,56,68,1,0
10000,hunger,100,56,76,1,0
10000,hunger,100,56,84,1,0
10000,hunger,100,56,92,2,0
10000,hunger,100,56,96,2,0
10000,hunger,100,56,104,1,0
10000,hunger,100,56,108,1,0
10000,hunger,100,56,112,1,0
10000,hunger,100,56,132,1,0
10000,hunger,100,60,48,1,0
10000,hunger,100,60,52,1,0
10000,hunger,100,60,56,5,0
10000,hunger,100,60,60,2,0
10000,hunger,100,60,64,5,0
10000,hunger,100,60,68,1,0
10000,hunger,100,60,72,1,0
10000,hunger,100,60,76,1,0
10000,hunger,100,60,80,1,0
10000,hunger,100,60,92,3,0
10000,hunger,100,60,100,1,0
10000,hunger,100,60,108,1,0
10000,hunger,100,60,120,1,0
10000,hunger,100,60,124,1,0
10000,hunger,100,60,132,1,0
10000,hunger,100,60,140,1,0
10000,hunger,100,60,156,1,0
10000,hunger,100,64,32,1,0
10000,hunger,100,64,40,1,0
10000,hunger,100,64,44,3,0
10000,hunger,100,64,48,2,0
10000,hunger,100,64,52,5,0
10000,hunger,100,64,56,11,1
10000,hunger,100,64,60,22,0
10000,hunger,100,64,64,10,0
10000,hunger,100,64,68,40,0
10000,hunger,100,64,72,25,0
10000,hunger,100,64,76,17,1
10000,hunger,100,64,80,24,1
10000,hunger,100,64,84,11,0
10000,hunger,100,64,88,7,0
10000,hunger,100,64,92,9,0
10000,hunger,100,64,96,11,0
10000,hunger,100,64,100,13,0
10000,hunger,100,64,104,5,0
10000,hunger,100,64,108,6,0
10000,hunger,100,64,112,2,0
10000,hunger,100,64,116,6,0
10000,hunger,100,64,120,5,0
10000,hunger,100,64,124,3,0
10000,hunger,100,64,128,5,0
10000,hunger,100,64,132,2,0
10000,hunger,100,64,136,5,0
10000,hunger,100,64,140,1,0
10000,hunger,100,64,144,1,0
10000,hunger,100,64,148,2,0
10000,hunger,100,64,152,2,0
10000,hunger,100,64,168,1,1
10000,hunger,100,64,180,1,0
10000,hunger,100,68,148,1,0
10000,hunger,100,68,160,1,0
10000,hunger,100,72,68,2,0
10000,hunger,100,72,76,1,0
10000,hunger,100,72,116,4,0
10000,hunger,100,76,76,2,0
10000,hunger,100,76,120,1,0
10000,hunger,100,80,68,6,0
10000,hunger,100,80,72,8,0
10000,hunger,100,80,76,4,0
10000,hunger,100,80,80,2,0
10000,hunger,100,80,84,2,0
10000,hunger,100,80,88,5,0
10000,hunger,100,80,92,2,0
10000,hunger,100,80,96,1,0
10000,hunger,100,80,108,1,0
10000,hunger,100,80,120,2,0
10000,hunger,100,80,128,1,0
10000,hunger,100,80,152,1,0
10000,hunger,100,80,180,1,0
10000,hunger,100,80,224,1,0
10000,hunger,100,80,248,1,0
10000,hunger,100,96,80,1,0
10000,hunger,100,100,92,2,0
10000,hunger,100,100,132,1,0
10000,hunger,100,120,308,1,0
10000,hunger,100,136,248,1,0
10000,hunger,150,0,0,71,0
10000,hunger,150,0,4,1,0
10000,hunger,150,4,0,13,0
10000,hunger,150,4,4,124,1
10000,hunger,150,4,8,15,0
10000,hunger,150,4,12,1,0
10000,hunger,150,8,4,24,1
10000,hunger,150,8,8,93,0
10000,hunger,150,8,12,10,0
10000,hunger,150,8,16,4,0
10000,hunger,150,12,8,53,0
10000,hunger,150,12,12,76,1
10000,hunger,150,12,16,40,1
10000,hunger,150,12,20,3,0
10000,hunger,150,12,28,5,0
10000,hunger,150,16,8,1,0
10000,hunger,150,16,12,31,0
10000,hunger,150,16,16,48,0
10000,hunger,150,16,20,24,0
10000,hunger,150,16,24,4,0
10000,hunger,150,16,28,6,0
10000,hunger,150,16,32,1,0
10000,hunger,150,16,36,4,0
10000,hunger,150,16,40,5,0
10000,hunger,150,20,8,1,0
10000,hunger,150,20,12,2,0
10000,hunger,150,20,16,10,0
10000,hunger,150,20,20,31,0
10000,hunger,150,20,24,18,0
10000,hunger,150,20,28,5,0
10000,hunger,150,20,32,3,0
10000,hunger,150,20,36,2,0
10000,hunger,150,20,40,1,0
10000,hunger,150,20,48,1,0
10000,hunger,150,20,52,1,0
10000,hunger,150,24,16,2,0
10000,hunger,150,24,20,8,0
10000,hunger,150,24,24,33,1
10000,hunger,150,24,28,25,0
10000,hunger,150,24,32,4,0
10000,hunger,150,24,36,3,0
10000,hunger,150,24,40,9,0
10000,hunger,150,24,44,16,0
10000,hunger,150,24,48,3,0
10000,hunger,150,24,52,1,0
10000,hunger,150,24,60,1,0
10000,hunger,150,24,64,1,0
10000,hunger,150,28,16,14,0
10000,hunger,150,28,20,3,0
10000,hunger,150,28,24,14,0
10000,hunger,150,28,28,10,0
10000,hunger,150,28,32,42,0
10000,hunger,150,28,36,3,0
10000,hunger,150,28,40,4,0
10000,hunger,150,28,44,1,0
10000,hunger,150,28,64,3,0
10000,hunger,150,28,76,1,0
10000,hunger,150,28,80,2,0
10000,hunger,150,32,24,3,0
10000,hunger,150,32,28,9,0
10000,hunger,150,32,32,25,0
10000,hunger,150,32,36,19,0
10000,hunger,150,32,40,18,0
10000,hunger,150,32,44,3,0
10000,hunger,150,32,48,2,0
10000,hunger,150,32,56,2,0
10000,hunger,150,32,60,1,0
10000,hunger,150,32,64,1,0
10000,hunger,150,32,68,1,0
10000,hunger,150,32,88,1,0
10000,hunger,150,36,16,3,0
10000,hunger,150,36,20,8,0
10000,hunger,150,36,24,10,0
10000,hunger,150,36,28,22,0
10000,hunger,150,36,32,80,0
10000,hunger,150,36,36,121,0
10000,hunger,150,36,40,150,1
10000,hunger,150,36,44,62,0
10000,hunger,150,36,48,81,0
10000,hunger,150,36,52,34,1
10000,hunger,150,36,56,22,0
10000,hunger,150,36,60,42,0
10000,hunger,150,36,64,38,0
10000,hunger,150,36,76,1,0
10000,hunger,150,36,84,1,0
10000,hunger,150,36,88,1,0
10000,hunger,150,40,28,1,0
10000,hunger,150,40,32,1,0
10000,hunger,150,40,36,9,0
10000,hunger,150,40,40,14,0
10000,hunger,150,40,44,9,0
10000,hunger,150,40,48,11,0
10000,hunger,150,40,52,2,0
10000,hunger,150,40,56,1,0
10000,hunger,150,40,64,3,0
10000,hunger,150,40,68,1,0
10000,hunger,150,40,72,1,0
10000,hunger,150,44,32,2,0
10000,hunger,150,44,36,2,0
10000,hunger,150,44,40,7,0
10000,hunger,150,44,44,11,0
10000,hunger,150,44,48,16,0
10000,hunger,150,44,52,14,0
10000,hunger,150,44,56,9,0
10000,hunger,150,44,60,2,0
10000,hunger,150,44,64,1,0
10000,hunger,150,44,72,1,0
10000,hunger,150,44,104,1,0
10000,hunger,150,48,28,2,0
10000,hunger,150,48,32,4,0
10000,hunger,150,48,36,21,0
10000,hunger,150,48,40,30,0
10000,hunger,150,48,44,88,0
10000,hunger,150,48,48,104,1
10000,hunger,150,48,52,130,1
10000,hunger,150,48,56,135,1
10000,hunger,150,48,60,81,0
10000,hunger,150,48,64,75,0
10000,hunger,150,48,68,91,0
10000,hunger,150,48,72,51,0
10000,hunger,150,48,76,9,1
10000,hunger,150,48,80,14,0
10000,hunger,150,48,84,1,0
10000,hunger,150,48,88,2,0
10000,hunger,150,48,92,1,0
10000,hunger,150,48,96,2,0
10000,hunger,150,52,20,1,0
10000,hunger,150,52,48,2,0
10000,hunger,150,52,52,23,0
10000,hunger,150,52,56,5,0
10000,hunger,150,52,68,1,0
10000,hunger,150,52,76,3,0
10000,hunger,150,56,40,1,0
10000,hunger,150,56,52,7,0
10000,hunger,150,56,56,5,0
10000,hunger,150,56,60,5,0
10000,hunger,150,56,64,1,0
10000,hunger,150,56,68,2,0
10000,hunger,150,56,92,1,0
10000,hunger,150,60,40,1,0
10000,hunger,150,60,48,1,0
10000,hunger,150,60,52,2,0
10000,hunger,150,60,64,4,0
10000,hunger,150,60,68,2,0
10000,hunger,150,60,88,1,0
10000,hunger,150,60,92,1,0
10000,hunger,150,60,96,1,0
10000,hunger,150,64,28,1,0
10000,hunger,150,64,40,1,0
10000,hunger,150,64,44,2,0
10000,hunger,150,64,48,1,0
10000,hunger,150,64,52,4,0
10000,hunger,150,64,56,11,0
10000,hunger,150,64,60,12,0
10000,hunger,150,64,64,26,0
10000,hunger,150,64,68,44,1
10000,hunger,150,64,72,18,1
10000,hunger,150,64,76,17,0
10000,hunger,150,64,80,24,0
10000,hunger,150,64,84,15,0
10000,hunger,150,64,88,7,0
10000,hunger,150,64,92,17,0
10000,hunger,150,64,96,7,0
10000,hunger,150,64,100,13,0
10000,hunger,150,64,120,1,0
10000,hunger,150,64,136,1,0
10000,hunger,150,72,116,4,0
10000,hunger,150,76,72,1,0
10000,hunger,150,76,76,1,0
10000,hunger,150,76,84,2,0
10000,hunger,150,80,52,1,0
10000,hunger,150,80,56,1,0
10000,hunger,150,80,60,1,0
10000,hunger,150,80,68,5,0
10000,hunger,150,80,72,3,0
10000,hunger,150,80,76,3,0
10000,hunger,150,80,80,3,0
10000,hunger,150,80,84,2,0
10000,hunger,150,80,88,5,0
10000,hunger,150,80,92,1,0
10000,hunger,150,80,96,3,0
10000,hunger,150,80,100,1,0
10000,hunger,150,80,104,2,0
10000,hunger,150,80,108,4,0
10000,hunger,150,80,112,1,0
10000,hunger,150,80,116,1,0
10000,hunger,150,80,120,2,0
10000,hunger,150,80,124,2,0
10000,hunger,150,80,140,1,0
10000,hunger,150,100,80,1,0
10000,hunger,150,100,112,1,0
10000,hunger,150,100,136,1,0
10000,hunger,150,100,144,1,0
10000,hunger,200,0,0,40,0
10000,hunger,200,4,0,17,1
10000,hunger,200,4,4,133,0
10000,hunger,200,4,8,16,0
10000,hunger,200,8,4,26,0
10000,hunger,200,8,8,138,0
10000,hunger,200,8,12,14,0
10000,hunger,200,8,16,1,0
10000,hunger,200,12,8,66,0
10000,hunger,200,12,12,87,0
10000,hunger,200,12,16,47,0
10000,hunger,200,12,20,4,0
10000,hunger,200,16,12,27,0
10000,hunger,200,16,16,46,0
10000,hunger,200,16,20,27,0
10000,hunger,200,16,24,3,1
10000,hunger,200,16,28,1,0
10000,hunger,200,16,40,1,0
10000,hunger,200,16,52,1,0
10000,hunger,200,20,8,2,0
10000,hunger,200,20,16,13,0
10000,hunger,200,20,20,37,0
10000,hunger,200,20,24,20,1
10000,hunger,200,20,28,8,0
10000,hunger,200,20,32,1,0
10000,hunger,200,20,44,1,0
10000,hunger,200,24,12,1,0
10000,hunger,200,24,16,4,0
10000,hunger,200,24,20,27,0
10000,hunger,200,24,24,24,0
10000,hunger,200,24,28,29,0
10000,hunger,200,24,32,4,0
10000,hunger,200,24,36,4,0
10000,hunger,200,24,40,13,0
10000,hunger,200,24,44,5,0
10000,hunger,200,28,16,14,0
10000,hunger,200,28,20,6,0
10000,hunger,200,28,24,14,0
10000,hunger,200,28,28,19,0
10000,hunger,200,28,32,62,0
10000,hunger,200,28,36,10,0
10000,hunger,200,28,40,5,0
10000,hunger,200,28,44,1,0
10000,hunger,200,28,48,1,0
10000,hunger,200,28,52,2,0
10000,hunger,200,28,56,1,0
10000,hunger,200,32,20,3,0
10000,hunger,200,32,24,8,1
10000,hunger,200,32,28,14,0
10000,hunger,200,32,32,36,0
10000,hunger,200,32,36,32,0
10000,hunger,200,32,40,14,0
10000,hunger,200,32,44,4,0
10000,hunger,200,32,48,1,0
10000,hunger,200,32,52,1,0
10000,hunger,200,32,56,2,0
10000,hunger,200,32,60,4,0
10000,hunger,200,36,16,6,1
10000,hunger,200,36,20,10,0
10000,hunger,200,36,24,18,0
10000,hunger,200,36,28,29,1
10000,hunger,200,36,32,89,0
10000,hunger,200,36,36,144,1
10000,hunger,200,36,40,168,3
10000,hunger,200,36,44,54,0
10000,hunger,200,36,48,56,0
10000,hunger,200,36,52,30,1
10000,hunger,200,36,56,33,1
10000,hunger,200,36,60,47,1
10000,hunger,200,36,64,20,0
10000,hunger,200,40,28,3,0
10000,hunger,200,40,32,3,0
10000,hunger,200,40,36,16,0
10000,hunger,200,40,40,7,0
10000,hunger,200,40,44,12,0
10000,hunger,200,40,48,8,0
10000,hunger,200,40,52,2,0
10000,hunger,200,40,56,5,0
10000,hunger,200,40,60,3,0
10000,hunger,200,40,64,1,0
10000,hunger,200,40,76,1,0
10000,hunger,200,40,80,1,0
10000,hunger,200,40,108,1,0
10000,hunger,200,44,24,1,0
10000,hunger,200,44,32,5,0
10000,hunger,200,44,36,3,0
10000,hunger,200,44,40,11,1
10000,hunger,200,44,44,8,0
10000,hunger,200,44,48,22,0
10000,hunger,200,44,52,15,0
10000,hunger,200,44,56,4,0
10000,hunger,200,44,64,3,0
10000,hunger,200,44,72,3,0
10000,hunger,200,48,24,1,0
10000,hunger,200,48,28,3,0
10000,hunger,200,48,32,3,0
10000,hunger,200,48,36,19,0
10000,hunger,200,48,40,48,1
10000,hunger,200,48,44,81,0
10000,hunger,200,48,48,110,0
10000,hunger,200,48,52,142,3
10000,hunger,200,48,56,130,1
10000,hunger,200,48,60,72,2
10000,hunger,200,48,64,96,1
10000,hunger,200,48,68,88,0
10000,hunger,200,48,72,49,0
10000,hunger,200,48,76,5,0
10000,hunger,200,48,80,8,0
10000,hunger,200,48,84,1,0
10000,hunger,200,48,88,4,0
10000,hunger,200,52,20,1,0
10000,hunger,200,52,36,2,0
10000,hunger,200,52,40,1,0
10000,hunger,200,52,52,24,0
10000,hunger,200,52,56,2,0
10000,hunger,200,52,60,3,0
10000,hunger,200,52,64,2,0
10000,hunger,200,52,72,1,0
10000,hunger,200,52,76,4,0
10000,hunger,200,52,84,1,0
10000,hunger,200,56,32,3,0
10000,hunger,200,56,44,1,0
10000,hunger,200,56,48,3,0
10000,hunger,200,56,52,2,0
10000,hunger,200,56,56,4,0
10000,hunger,200,56,60,2,0
10000,hunger,200,56,64,6,0
10000,hunger,200,56,68,1,0
10000,hunger,200,56,76,1,0
10000,hunger,200,56,80,1,0
10000,hunger,200,60,40,1,1
10000,hunger,200,60,48,1,0
10000,hunger,200,60,52,2,0
10000,hunger,200,60,56,2,0
10000,hunger,200,60,60,4,0
10000,hunger,200,60,64,1,0
10000,hunger,200,60,68,3,0
10000,hunger,200,60,72,1,0
10000,hunger,200,60,76,3,0
10000,hunger,200,60,80,1,0
10000,hunger,200,64,32,1,0
10000,hunger,200,64,40,1,0
10000,hunger,200,64,44,3,0
10000,hunger,200,64,48,3,0
10000,hunger,200,64,52,6,0
10000,hunger,200,64,56,8,0
10000,hunger,200,64,60,12,0
10000,hunger,200,64,64,28,0
10000,hunger,200,64,68,36,0
10000,hunger,200,64,72,17,0
10000,hunger,200,64,76,14,0
10000,hunger,200,64,80,32,0
10000,hunger,200,64,84,11,1
10000,hunger,200,64,88,7,0
10000,hunger,200,64,92,13,1
10000,hunger,200,64,96,6,1
10000,hunger,200,64,100,10,0
10000,hunger,200,64,104,1,0
10000,hunger,200,64,124,1,0
10000,hunger,200,68,36,1,0
10000,hunger,200,68,68,1,0
10000,hunger,200,68,72,1,0
10000,hunger,200,72,84,1,0
10000,hunger,200,72,100,1,1
10000,hunger,200,72,116,6,0
10000,hunger,200,76,76,2,0
10000,hunger,200,76,84,1,0
10000,hunger,200,76,120,1,0
10000,hunger,200,80,44,1,0
10000,hunger,200,80,68,10,0
10000,hunger,200,80,72,11,0
10000,hunger,200,80,76,7,0
10000,hunger,200,80,80,2,0
10000,hunger,200,80,84,2,0
10000,hunger,200,80,88,4,0
10000,hunger,200,80,92,1,0
10000,hunger,200,80,96,2,0
10000,hunger,200,80,100,2,0
10000,hunger,200,80,104,1,0
10000,hunger,200,80,108,6,0
10000,hunger,200,80,112,1,0
10000,hunger,200,80,128,1,0
10000,hunger,200,92,72,1,0
10000,hunger,200,100,160,1,0
10000,hunger,200,120,100,1,0
10000,hunger,250,0,0,14,0
10000,hunger,250,4,0,13,0
10000,hunger,250,4,4,103,1
10000,hunger,250,4,8,9,0
10000,hunger,250,8,4,14,0
10000,hunger,250,8,8,96,0
10000,hunger,250,8,12,7,0
10000,hunger,250,12,8,51,0
10000,hunger,250,12,12,78,0
10000,hunger,250,12,16,32,0
10000,hunger,250,12,20,7,0
10000,hunger,250,16,12,31,1
10000,hunger,250,16,16,51,0
10000,hunger,250,16,20,20,1
10000,hunger,250,16,24,4,0
10000,hunger,250,16,28,3,1
10000,hunger,250,20,12,3,0
10000,hunger,250,20,16,16,0
10000,hunger,250,20,20,32,1
10000,hunger,250,20,24,28,0
10000,hunger,250,20,28,5,0
10000,hunger,250,20,32,2,0
10000,hunger,250,20,36,1,0
10000,hunger,250,24,20,23,1
10000,hunger,250,24,24,41,0
10000,hunger,250,24,28,36,1
10000,hunger,250,24,32,2,0
10000,hunger,250,24,36,4,0
10000,hunger,250,24,40,14,0
10000,hunger,250,24,44,7,1
10000,hunger,250,28,16,5,0
10000,hunger,250,28,20,2,0
10000,hunger,250,28,24,8,0
10000,hunger,250,28,28,11,0
10000,hunger,250,28,32,65,0
10000,hunger,250,28,36,16,0
10000,hunger,250,28,40,1,0
10000,hunger,250,28,44,2,1
10000,hunger,250,28,48,1,0
10000,hunger,250,28,52,1,0
10000,hunger,250,32,20,2,0
10000,hunger,250,32,24,3,0
10000,hunger,250,32,28,7,0
10000,hunger,250,32,32,40,0
10000,hunger,250,32,36,26,0
10000,hunger,250,32,40,12,0
10000,hunger,250,32,44,4,0
10000,hunger,250,32,48,1,0
10000,hunger,250,32,52,3,0
10000,hunger,250,32,56,2,0
10000,hunger,250,32,60,1,0
10000,hunger,250,36,16,2,1
10000,hunger,250,36,20,16,0
10000,hunger,250,36,24,9,0
10000,hunger,250,36,28,19,0
10000,hunger,250,36,32,84,0
10000,hunger,250,36,36,145,2
10000,hunger,250,36,40,155,1
10000,hunger,250,36,44,36,1
10000,hunger,250,36,48,67,0
10000,hunger,250,36,52,32,0
10000,hunger,250,36,56,25,0
10000,hunger,250,36,60,44,0
10000,hunger,250,36,64,13,0
10000,hunger,250,36,68,1,0
10000,hunger,250,40,28,2,0
10000,hunger,250,40,32,6,0
10000,hunger,250,40,36,12,1
10000,hunger,250,40,40,18,0
10000,hunger,250,40,44,12,0
10000,hunger,250,40,48,9,0
10000,hunger,250,40,52,7,0
10000,hunger,250,40,56,1,0
10000,hunger,250,40,64,2,0
10000,hunger,250,44,24,1,0
10000,hunger,250,44,28,1,0
10000,hunger,250,44,32,3,0
10000,hunger,250,44,36,1,0
10000,hunger,250,44,40,9,0
10000,hunger,250,44,44,6,0
10000,hunger,250,44,48,19,0
10000,hunger,250,44,52,12,0
10000,hunger,250,44,56,5,0
10000,hunger,250,44,60,2,0
10000,hunger,250,44,68,2,0
10000,hunger,250,44,92,1,1
10000,hunger,250,44,96,1,0
10000,hunger,250,48,20,1,0
10000,hunger,250,48,24,4,0
10000,hunger,250,48,28,6,0
10000,hunger,250,48,32,6,0
10000,hunger,250,48,36,22,0
10000,hunger,250,48,40,62,0
10000,hunger,250,48,44,82,0
10000,hunger,250,48,48,128,2
10000,hunger,250,48,52,141,4
10000,hunger,250,48,56,129,2
10000,hunger,250,48,60,105,0
10000,hunger,250,48,64,77,0
10000,hunger,250,48,68,77,0
10000,hunger,250,48,72,37,0
10000,hunger,250,48,76,18,0
10000,hunger,250,48,80,12,0
10000,hunger,250,48,84,2,0
10000,hunger,250,48,88,4,0
10000,hunger,250,52,36,2,0
10000,hunger,250,52,40,1,0
10000,hunger,250,52,44,2,0
10000,hunger,250,52,48,5,0
10000,hunger,250,52,52,29,1
10000,hunger,250,52,56,5,0
10000,hunger,250,52,64,1,0
10000,hunger,250,52,76,1,0
10000,hunger,250,52,80,1,0
10000,hunger,250,52,84,1,0
10000,hunger,250,56,48,2,0
10000,hunger,250,56,52,4,0
10000,hunger,250,56,56,6,0
10000,hunger,250,56,60,5,0
10000,hunger,250,56,64,2,0
10000,hunger,250,56,76,1,0
10000,hunger,250,56,88,1,0
10000,hunger,250,60,40,1,0
10000,hunger,250,60,48,2,0
10000,hunger,250,60,52,2,0
10000,hunger,250,60,56,5,1
10000,hunger,250,60,60,4,0
10000,hunger,250,60,64,4,0
10000,hunger,250,60,68,1,0
10000,hunger,250,60,72,2,1
10000,hunger,250,60,76,1,0
10000,hunger,250,60,80,3,0
10000,hunger,250,60,84,1,0
10000,hunger,250,64,44,5,1
10000,hunger,250,64,48,4,0
10000,hunger,250,64,52,6,0
10000,hunger,250,64,56,16,0
10000,hunger,250,64,60,27,1
10000,hunger,250,64,64,18,0
10000,hunger,250,64,68,44,3
10000,hunger,250,64,72,16,0
10000,hunger,250,64,76,24,1
10000,hunger,250,64,80,21,0
10000,hunger,250,64,84,20,0
10000,hunger,250,64,88,9,0
10000,hunger,250,64,92,12,0
10000,hunger,250,64,96,7,0
10000,hunger,250,64,100,13,1
10000,hunger,250,64,104,1,0
10000,hunger,250,64,108,1,0
10000,hunger,250,64,128,1,0
10000,hunger,250,64,160,1,0
10000,hunger,250,68,68,2,0
10000,hunger,250,68,100,1,0
10000,hunger,250,68,104,1,0
10000,hunger,250,68,108,1,0
10000,hunger,250,72,40,1,0
10000,hunger,250,72,72,1,0
10000,hunger,250,72,76,1,0
10000,hunger,250,72,108,1,0
10000,hunger,250,72,116,4,0
10000,hunger,250,76,76,1,0
10000,hunger,250,76,108,1,0
10000,hunger,250,76,116,1,0
10000,hunger,250,76,120,2,0
10000,hunger,250,80,48,1,0
10000,hunger,250,80,56,1,0
10000,hunger,250,80,68,10,0
10000,hunger,250,80,72,7,0
10000,hunger,250,80,76,11,0
10000,hunger,250,80,80,8,0
10000,hunger,250,80,84,5,1
10000,hunger,250,80,88,11,0
10000,hunger,250,80,96,4,0
10000,hunger,250,80,100,2,0
10000,hunger,250,80,108,7,0
10000,hunger,250,80,112,1,0
10000,hunger,250,80,180,1,0
10000,hunger,250,96,52,1,0
10000,hunger,250,96,184,1,0
10000,hunger,250,100,88,2,0
10000,hunger,250,100,92,1,0
10000,hunger,250,100,96,2,0
10000,hunger,250,100,112,3,1
10000,hunger,300,0,0,20,0
10000,hunger,300,4,0,4,0
10000,hunger,300,4,4,42,0
10000,hunger,300,4,8,5,0
10000,hunger,300,8,4,8,0
10000,hunger,300,8,8,75,1
10000,hunger,300,8,12,3,0
10000,hunger,300,8,16,2,0
10000,hunger,300,12,8,50,0
10000,hunger,300,12,12,44,0
10000,hunger,300,12,16,16,0
10000,hunger,300,12,20,6,0
10000,hunger,300,12,28,1,0
10000,hunger,300,16,12,16,0
10000,hunger,300,16,16,36,0
10000,hunger,300,16,20,14,0
10000,hunger,300,16,24,7,0
10000,hunger,300,16,28,3,0
10000,hunger,300,20,12,2,0
10000,hunger,300,20,16,12,1
10000,hunger,300,20,20,26,0
10000,hunger,300,20,24,29,0
10000,hunger,300,20,28,3,0
10000,hunger,300,20,32,2,0
10000,hunger,300,20,40,1,0
10000,hunger,300,20,44,1,0
10000,hunger,300,24,16,4,0
10000,hunger,300,24,20,23,0
10000,hunger,300,24,24,39,1
10000,hunger,300,24,28,33,1
10000,hunger,300,24,32,1,0
10000,hunger,300,24,40,4,0
10000,hunger,300,24,44,4,1
10000,hunger,300,28,16,5,0
10000,hunger,300,28,20,2,0
10000,hunger,300,28,24,17,0
10000,hunger,300,28,28,19,1
10000,hunger,300,28,32,38,3
10000,hunger,300,28,36,9,0
10000,hunger,300,28,40,2,0
10000,hunger,300,28,44,1,0
10000,hunger,300,28,52,1,0
10000,hunger,300,32,20,1,0
10000,hunger,300,32,24,8,0
10000,hunger,300,32,28,9,0
10000,hunger,300,32,32,29,0
10000,hunger,300,32,36,19,0
10000,hunger,300,32,40,14,0
10000,hunger,300,32,44,4,0
10000,hunger,300,32,48,1,0
10000,hunger,300,32,52,4,0
10000,hunger,300,32,56,1,0
10000,hunger,300,32,60,3,0
10000,hunger,300,32,64,1,0
10000,hunger,300,36,16,3,0
10000,hunger,300,36,20,7,0
10000,hunger,300,36,24,10,0
10000,hunger,300,36,28,15,1
10000,hunger,300,36,32,56,1
10000,hunger,300,36,36,118,2
10000,hunger,300,36,40,135,4
10000,hunger,300,36,44,44,0
10000,hunger,300,36,48,46,0
10000,hunger,300,36,52,29,0
10000,hunger,300,36,56,22,1
10000,hunger,300,36,60,37,1
10000,hunger,300,36,64,22,0
10000,hunger,300,36,76,1,0
10000,hunger,300,40,24,1,1
10000,hunger,300,40,28,5,0
10000,hunger,300,40,32,7,0
10000,hunger,300,40,36,9,0
10000,hunger,300,40,40,13,0
10000,hunger,300,40,44,17,0
10000,hunger,300,40,48,12,0
10000,hunger,300,40,52,5,0
10000,hunger,300,40,56,1,0
10000,hunger,300,40,60,1,0
10000,hunger,300,40,64,2,0
10000,hunger,300,40,76,1,0
10000,hunger,300,44,24,1,0
10000,hunger,300,44,28,1,0
10000,hunger,300,44,32,9,0
10000,hunger,300,44,36,1,0
10000,hunger,300,44,40,12,0
10000,hunger,300,44,44,6,0
10000,hunger,300,44,48,27,0
10000,hunger,300,44,52,21,0
10000,hunger,300,44,56,7,0
10000,hunger,300,44,60,1,0
10000,hunger,300,44,64,1,0
10000,hunger,300,44,72,2,1
10000,hunger,300,44,84,1,0
10000,hunger,300,48,24,1,0
10000,hunger,300,48,28,4,0
10000,hunger,300,48,32,8,0
10000,hunger,300,48,36,23,0
10000,hunger,300,48,40,36,2
10000,hunger,300,48,44,83,2
10000,hunger,300,48,48,96,1
10000,hunger,300,48,52,145,4
10000,hunger,300,48,56,118,4
10000,hunger,300,48,60,88,3
10000,hunger,300,48,64,68,4
10000,hunger,300,48,68,92,2
10000,hunger,300,48,72,42,1
10000,hunger,300,48,76,8,0
10000,hunger,300,48,80,14,1
10000,hunger,300,48,84,5,0
10000,hunger,300,48,92,1,0
10000,hunger,300,48,96,2,0
10000,hunger,300,52,44,2,0
10000,hunger,300,52,48,2,0
10000,hunger,300,52,52,20,3
10000,hunger,300,52,56,13,0
10000,hunger,300,52,60,1,0
10000,hunger,300,52,64,2,0
10000,hunger,300,52,68,1,0
10000,hunger,300,52,76,7,1
10000,hunger,300,56,32,1,0
10000,hunger,300,56,44,1,0
10000,hunger,300,56,48,1,0
10000,hunger,300,56,52,10,1
10000,hunger,300,56,56,5,0
10000,hunger,300,56,60,7,0
10000,hunger,300,56,64,4,0
10000,hunger,300,56,108,1,0
10000,hunger,300,60,40,1,0
10000,hunger,300,60,52,3,0
10000,hunger,300,60,56,2,0
10000,hunger,300,60,60,7,0
10000,hunger,300,60,64,4,0
10000,hunger,300,60,68,3,0
10000,hunger,300,60,72,1,0
10000,hunger,300,60,76,1,0
10000,hunger,300,60,80,3,0
10000,hunger,300,64,36,1,0
10000,hunger,300,64,40,3,1
10000,hunger,300,64,44,2,0
10000,hunger,300,64,48,2,0
10000,hunger,300,64,52,9,0
10000,hunger,300,64,56,24,2
10000,hunger,300,64,60,30,0
10000,hunger,300,64,64,27,1
10000,hunger,300,64,68,65,3
10000,hunger,300,64,72,25,0
10000,hunger,300,64,76,28,2
10000,hunger,300,64,80,22,1
10000,hunger,300,64,84,16,0
10000,hunger,300,64,88,12,2
10000,hunger,300,64,92,8,0
10000,hunger,300,64,96,4,0
10000,hunger,300,64,100,12,0
10000,hunger,300,64,104,4,0
10000,hunger,300,64,108,1,0
10000,hunger,300,64,116,2,0
10000,hunger,300,68,60,2,0
10000,hunger,300,68,72,2,0
10000,hunger,300,68,76,1,0
10000,hunger,300,72,40,1,0
10000,hunger,300,72,60,1,0
10000,hunger,300,72,68,1,0
10000,hunger,300,72,72,1,1
10000,hunger,300,72,92,2,0
10000,hunger,300,72,104,1,0
10000,hunger,300,72,116,2,0
10000,hunger,300,76,84,1,0
10000,hunger,300,76,120,3,0
10000,hunger,300,80,52,1,0
10000,hunger,300,80,68,3,0
10000,hunger,300,80,72,5,2
10000,hunger,300,80,76,6,0
10000,hunger,300,80,80,8,0
10000,hunger,300,80,84,1,1
10000,hunger,300,80,88,5,0
10000,hunger,300,80,92,1,0
10000,hunger,300,80,96,3,0
10000,hunger,300,80,108,3,0
10000,hunger,300,80,112,1,0
10000,hunger,300,80,128,1,0
10000,hunger,300,80,132,1,0
10000,hunger,300,80,136,1,0
10000,hunger,300,100,76,1,0
10000,hunger,300,100,84,2,0
10000,hunger,300,100,88,2,0
10000,hunger,300,100,96,3,0
10000,hunger,300,100,112,2,0
10000,hunger,300,100,140,1,0
10000,hunger,300,100,164,1,0
10000,hunger,300,100,168,1,0
10000,hunger,300,100,212,1,0
10000,hunger,350,0,0,6,0
10000,hunger,350,4,0,3,0
10000,hunger,350,4,4,26,1
10000,hunger,350,4,8,5,0
10000,hunger,350,8,4,2,0
10000,hunger,350,8,8,32,1
10000,hunger,350,8,12,3,0
10000,hunger,350,8,16,2,0
10000,hunger,350,12,8,15,0
10000,hunger,350,12,12,39,0
10000,hunger,350,12,16,21,2
10000,hunger,350,12,20,4,0
10000,hunger,350,16,12,17,0
10000,hunger,350,16,16,25,0
10000,hunger,350,16,20,4,0
10000,hunger,350,16,24,5,0
10000,hunger,350,16,28,1,0
10000,hunger,350,20,12,1,0
10000,hunger,350,20,16,9,0
10000,hunger,350,20,20,20,0
10000,hunger,350,20,24,13,0
10000,hunger,350,20,28,1,0
10000,hunger,350,20,32,5,0
10000,hunger,350,20,36,1,0
10000,hunger,350,24,16,1,0
10000,hunger,350,24,20,17,0
10000,hunger,350,24,24,32,1
10000,hunger,350,24,28,23,0
10000,hunger,350,24,32,4,0
10000,hunger,350,24,40,9,0
10000,hunger,350,24,44,4,0
10000,hunger,350,24,56,1,0
10000,hunger,350,24,60,1,0
10000,hunger,350,28,16,2,0
10000,hunger,350,28,20,1,0
10000,hunger,350,28,24,5,0
10000,hunger,350,28,28,15,0
10000,hunger,350,28,32,35,0
10000,hunger,350,28,36,5,0
10000,hunger,350,28,48,2,1
10000,hunger,350,32,12,1,0
10000,hunger,350,32,24,8,0
10000,hunger,350,32,28,6,0
10000,hunger,350,32,32,30,2
10000,hunger,350,32,36,21,0
10000,hunger,350,32,40,14,0
10000,hunger,350,32,44,6,0
10000,hunger,350,32,48,1,0
10000,hunger,350,32,56,3,1
10000,hunger,350,36,16,1,0
10000,hunger,350,36,20,4,0
10000,hunger,350,36,24,8,0
10000,hunger,350,36,28,15,0
10000,hunger,350,36,32,50,1
10000,hunger,350,36,36,108,4
10000,hunger,350,36,40,106,1
10000,hunger,350,36,44,44,0
10000,hunger,350,36,48,38,1
10000,hunger,350,36,52,35,0
10000,hunger,350,36,56,25,0
10000,hunger,350,36,60,40,0
10000,hunger,350,36,64,22,1
10000,hunger,350,36,68,1,0
10000,hunger,350,36,72,1,0
10000,hunger,350,40,32,6,0
10000,hunger,350,40,36,10,0
10000,hunger,350,40,40,10,0
10000,hunger,350,40,44,13,0
10000,hunger,350,40,48,8,0
10000,hunger,350,40,52,4,0
10000,hunger,350,40,60,1,0
10000,hunger,350,40,64,1,0
10000,hunger,350,40,100,1,0
10000,hunger,350,44,32,2,0
10000,hunger,350,44,36,3,0
10000,hunger,350,44,40,8,0
10000,hunger,350,44,44,7,0
10000,hunger,350,44,48,13,0
10000,hunger,350,44,52,26,0
10000,hunger,350,44,56,7,1
10000,hunger,350,44,64,1,0
10000,hunger,350,48,24,1,0
10000,hunger,350,48,28,3,0
10000,hunger,350,48,32,3,0
10000,hunger,350,48,36,15,1
10000,hunger,350,48,40,30,1
10000,hunger,350,48,44,77,2
10000,hunger,350,48,48,81,1
10000,hunger,350,48,52,116,3
10000,hunger,350,48,56,113,6
10000,hunger,350,48,60,66,0
10000,hunger,350,48,64,60,0
10000,hunger,350,48,68,55,0
10000,hunger,350,48,72,54,1
10000,hunger,350,48,76,16,0
10000,hunger,350,48,80,14,0
10000,hunger,350,48,84,3,0
10000,hunger,350,48,88,2,0
10000,hunger,350,48,92,1,0
10000,hunger,350,48,96,1,0
10000,hunger,350,48,108,1,0
10000,hunger,350,52,36,1,0
10000,hunger,350,52,40,2,0
10000,hunger,350,52,44,3,0
10000,hunger,350,52,48,4,0
10000,hunger,350,52,52,14,0
10000,hunger,350,52,56,17,1
10000,hunger,350,52,60,2,0
10000,hunger,350,52,64,1,0
10000,hunger,350,52,72,2,0
10000,hunger,350,52,76,6,0
10000,hunger,350,56,32,1,0
10000,hunger,350,56,48,1,0
10000,hunger,350,56,52,1,0
10000,hunger,350,56,56,2,0
10000,hunger,350,56,60,7,0
10000,hunger,350,56,64,5,0
10000,hunger,350,56,80,1,0
10000,hunger,350,56,88,1,0
10000,hunger,350,60,40,3,1
10000,hunger,350,60,52,5,0
10000,hunger,350,60,56,4,0
10000,hunger,350,60,60,6,0
10000,hunger,350,60,68,7,0
10000,hunger,350,60,72,1,1
10000,hunger,350,60,76,2,0
10000,hunger,350,60,96,1,0
10000,hunger,350,64,32,1,0
10000,hunger,350,64,36,2,0
10000,hunger,350,64,44,7,0
10000,hunger,350,64,48,6,0
10000,hunger,350,64,52,10,1
10000,hunger,350,64,56,16,0
10000,hunger,350,64,60,40,0
10000,hunger,350,64,64,38,4
10000,hunger,350,64,68,51,2
10000,hunger,350,64,72,18,1
10000,hunger,350,64,76,19,0
10000,hunger,350,64,80,28,1
10000,hunger,350,64,84,14,0
10000,hunger,350,64,88,5,0
10000,hunger,350,64,92,11,1
10000,hunger,350,64,96,8,0
10000,hunger,350,64,100,6,0
10000,hunger,350,64,104,2,0
10000,hunger,350,64,108,1,0
10000,hunger,350,64,128,1,0
10000,hunger,350,68,72,1,0
10000,hunger,350,72,80,2,0
10000,hunger,350,72,116,5,1
10000,hunger,350,76,76,1,0
10000,hunger,350,76,84,1,0
10000,hunger,350,76,96,1,0
10000,hunger,350,80,64,1,0
10000,hunger,350,80,68,7,0
10000,hunger,350,80,72,3,0
10000,hunger,350,80,76,11,1
10000,hunger,350,80,80,6,0
10000,hunger,350,80,84,4,0
10000,hunger,350,80,88,5,0
10000,hunger,350,80,96,2,0
10000,hunger,350,80,100,3,0
10000,hunger,350,80,104,1,1
10000,hunger,350,80,108,10,0
10000,hunger,350,80,112,1,0
10000,hunger,350,80,116,1,0
10000,hunger,350,80,120,1,0
10000,hunger,350,80,128,1,0
10000,hunger,350,80,172,1,0
10000,hunger,350,88,80,1,0
10000,hunger,350,92,72,1,0
10000,hunger,350,100,72,1,0
10000,hunger,350,100,84,1,0
10000,hunger,350,100,92,2,0
10000,hunger,350,100,96,1,0
10000,hunger,350,100,108,1,0
10000,hunger,350,100,112,2,0
10000,hunger,350,100,116,1,0
10000,hunger,350,100,120,1,0
10000,hunger,350,112,136,1,0
10000,hunger,350,120,76,1,0
10000,hunger,400,0,0,4,0
10000,hunger,400,4,0,1,0
10000,hunger,400,4,4,16,0
10000,hunger,400,8,4,4,0
10000,hunger,400,8,8,34,0
10000,hunger,400,8,12,4,0
10000,hunger,400,8,16,1,0
10000,hunger,400,12,8,17,0
10000,hunger,400,12,12,23,0
10000,hunger,400,12,16,10,0
10000,hunger,400,12,20,4,0
10000,hunger,400,12,28,1,0
10000,hunger,400,16,12,11,0
10000,hunger,400,16,16,17,0
10000,hunger,400,16,20,9,0
10000,hunger,400,16,24,2,0
10000,hunger,400,16,28,1,0
10000,hunger,400,16,36,1,0
10000,hunger,400,20,16,5,1
10000,hunger,400,20,20,19,0
10000,hunger,400,20,24,7,0
10000,hunger,400,20,28,1,0
10000,hunger,400,20,32,1,0
10000,hunger,400,20,36,1,0
10000,hunger,400,24,16,1,0
10000,hunger,400,24,20,10,0
10000,hunger,400,24,24,18,1
10000,hunger,400,24,28,27,1
10000,hunger,400,24,32,5,0
10000,hunger,400,24,36,1,0
10000,hunger,400,24,40,6,0
10000,hunger,400,24,44,3,0
10000,hunger,400,24,56,1,0
10000,hunger,400,28,20,2,0
10000,hunger,400,28,24,3,0
10000,hunger,400,28,28,11,1
10000,hunger,400,28,32,34,1
10000,hunger,400,28,36,6,0
10000,hunger,400,28,40,3,0
10000,hunger,400,28,44,1,0
10000,hunger,400,28,52,1,0
10000,hunger,400,28,56,3,0
10000,hunger,400,32,24,6,0
10000,hunger,400,32,28,9,0
10000,hunger,400,32,32,30,0
10000,hunger,400,32,36,17,0
10000,hunger,400,32,40,8,0
10000,hunger,400,32,44,4,0
10000,hunger,400,32,48,1,0
10000,hunger,400,32,52,3,0
10000,hunger,400,32,56,2,0
10000,hunger,400,32,60,1,0
10000,hunger,400,36,16,1,0
10000,hunger,400,36,20,1,0
10000,hunger,400,36,24,12,1
10000,hunger,400,36,28,9,0
10000,hunger,400,36,32,24,0
10000,hunger,400,36,36,62,2
10000,hunger,400,36,40,91,3
10000,hunger,400,36,44,41,1
10000,hunger,400,36,48,37,0
10000,hunger,400,36,52,26,1
10000,hunger,400,36,56,21,1
10000,hunger,400,36,60,28,0
10000,hunger,400,36,64,15,0
10000,hunger,400,36,72,1,0
10000,hunger,400,40,28,1,0
10000,hunger,400,40,32,5,0
10000,hunger,400,40,36,9,0
10000,hunger,400,40,40,6,0
10000,hunger,400,40,44,15,0
10000,hunger,400,40,48,8,0
10000,hunger,400,40,52,5,0
10000,hunger,400,40,60,2,0
10000,hunger,400,40,64,2,0
10000,hunger,400,40,68,1,0
10000,hunger,400,44,32,4,0
10000,hunger,400,44,36,4,0
10000,hunger,400,44,40,11,1
10000,hunger,400,44,44,4,0
10000,hunger,400,44,48,7,0
10000,hunger,400,44,52,15,0
10000,hunger,400,44,56,5,0
10000,hunger,400,44,60,2,0
10000,hunger,400,44,68,1,0
10000,hunger,400,44,72,1,0
10000,hunger,400,48,24,1,0
10000,hunger,400,48,28,1,0
10000,hunger,400,48,32,4,0
10000,hunger,400,48,36,17,0
10000,hunger,400,48,40,19,0
10000,hunger,400,48,44,56,0
10000,hunger,400,48,48,62,1
10000,hunger,400,48,52,94,2
10000,hunger,400,48,56,88,1
10000,hunger,400,48,60,56,1
10000,hunger,400,48,64,66,0
10000,hunger,400,48,68,68,0
10000,hunger,400,48,72,31,0
10000,hunger,400,48,76,9,0
10000,hunger,400,48,80,11,0
10000,hunger,400,48,84,4,0
10000,hunger,400,48,88,1,1
10000,hunger,400,48,92,2,0
10000,hunger,400,48,96,2,0
10000,hunger,400,48,100,1,0
10000,hunger,400,52,36,2,0
10000,hunger,400,52,40,2,0
10000,hunger,400,52,48,2,2
10000,hunger,400,52,52,12,0
10000,hunger,400,52,56,11,0
10000,hunger,400,52,60,3,0
10000,hunger,400,52,76,7,0
10000,hunger,400,56,32,1,0
10000,hunger,400,56,48,1,0
10000,hunger,400,56,52,2,1
10000,hunger,400,56,56,6,0
10000,hunger,400,56,60,7,0
10000,hunger,400,56,64,2,0
10000,hunger,400,56,68,1,0
10000,hunger,400,56,88,2,0
10000,hunger,400,56,128,1,0
10000,hunger,400,60,36,1,0
10000,hunger,400,60,40,1,1
10000,hunger,400,60,44,1,0
10000,hunger,400,60,48,1,0
10000,hunger,400,60,52,3,0
10000,hunger,400,60,56,2,0
10000,hunger,400,60,60,1,1
10000,hunger,400,60,64,2,0
10000,hunger,400,60,68,3,0
10000,hunger,400,60,72,1,0
10000,hunger,400,60,76,3,0
10000,hunger,400,60,104,1,0
10000,hunger,400,64,32,1,0
10000,hunger,400,64,36,2,0
10000,hunger,400,64,40,2,0
10000,hunger,400,64,44,6,1
10000,hunger,400,64,48,5,0
10000,hunger,400,64,52,6,0
10000,hunger,400,64,56,12,2
10000,hunger,400,64,60,35,0
10000,hunger,400,64,64,39,1
10000,hunger,400,64,68,44,3
10000,hunger,400,64,72,25,0
10000,hunger,400,64,76,37,2
10000,hunger,400,64,80,24,2
10000,hunger,400,64,84,7,1
10000,hunger,400,64,88,11,0
10000,hunger,400,64,92,14,1
10000,hunger,400,64,96,11,0
10000,hunger,400,64,100,7,0
10000,hunger,400,64,104,2,0
10000,hunger,400,64,108,1,0
10000,hunger,400,64,112,1,0
10000,hunger,400,64,116,1,0
10000,hunger,400,64,124,1,0
10000,hunger,400,68,68,1,0
10000,hunger,400,68,72,1,0
10000,hunger,400,68,80,1,0
10000,hunger,400,72,68,1,0
10000,hunger,400,72,76,1,0
10000,hunger,400,72,116,2,0
10000,hunger,400,76,84,1,0
10000,hunger,400,76,88,1,0
10000,hunger,400,76,116,1,0
10000,hunger,400,76,120,1,0
10000,hunger,400,80,48,1,0
10000,hunger,400,80,60,2,0
10000,hunger,400,80,64,3,0
10000,hunger,400,80,68,8,0
10000,hunger,400,80,72,5,1
10000,hunger,400,80,76,12,0
10000,hunger,400,80,80,7,0
10000,hunger,400,80,84,2,0
10000,hunger,400,80,88,5,0
10000,hunger,400,80,92,1,0
10000,hunger,400,80,96,3,1
10000,hunger,400,80,100,4,0
10000,hunger,400,80,104,2,0
10000,hunger,400,80,108,4,0
10000,hunger,400,80,112,1,0
10000,hunger,400,80,116,1,0
10000,hunger,400,80,124,1,0
10000,hunger,400,80,128,2,0
10000,hunger,400,80,132,1,0
10000,hunger,400,88,80,1,0
10000,hunger,400,100,68,1,0
10000,hunger,400,100,84,1,0
10000,hunger,400,100,92,1,0
10000,hunger,400,100,96,2,0
10000,hunger,400,100,100,1,0
10000,hunger,400,100,108,1,0
10000,hunger,400,100,112,2,0
10000,hunger,400,100,120,1,0
10000,hunger,400,120,100,1,0
10000,hunger,450,0,0,5,0
10000,hunger,450,4,0,2,0
10000,hunger,450,4,4,7,0
10000,hunger,450,8,4,2,0
10000,hunger,450,8,8,21,0
10000,hunger,450,8,12,5,0
10000,hunger,450,12,8,6,0
10000,hunger,450,12,12,13,0
10000,hunger,450,12,16,12,0
10000,hunger,450,12,20,2,0
10000,hunger,450,12,24,1,0
10000,hunger,450,16,8,1,0
10000,hunger,450,16,12,7,0
10000,hunger,450,16,16,8,0
10000,hunger,450,16,20,5,0
10000,hunger,450,16,24,1,0
10000,hunger,450,16,28,2,0
10000,hunger,450,20,20,12,1
10000,hunger,450,20,24,7,0
10000,hunger,450,20,28,2,0
10000,hunger,450,24,20,8,0
10000,hunger,450,24,24,14,0
10000,hunger,450,24,28,14,0
10000,hunger,450,24,32,3,0
10000,hunger,450,24,36,2,0
10000,hunger,450,24,40,3,0
10000,hunger,450,24,44,4,0
10000,hunger,450,24,68,1,0
10000,hunger,450,28,20,2,0
10000,hunger,450,28,24,5,0
10000,hunger,450,28,28,6,0
10000,hunger,450,28,32,23,0
10000,hunger,450,28,36,2,0
10000,hunger,450,28,40,2,0
10000,hunger,450,28,44,1,0
10000,hunger,450,28,48,1,0
10000,hunger,450,28,52,2,0
10000,hunger,450,28,56,3,0
10000,hunger,450,32,24,4,0
10000,hunger,450,32,28,5,3
10000,hunger,450,32,32,21,0
10000,hunger,450,32,36,8,0
10000,hunger,450,32,40,6,0
10000,hunger,450,32,44,1,0
10000,hunger,450,32,52,3,0
10000,hunger,450,36,20,3,0
10000,hunger,450,36,24,2,0
10000,hunger,450,36,28,11,0
10000,hunger,450,36,32,26,0
10000,hunger,450,36,36,49,3
10000,hunger,450,36,40,74,2
10000,hunger,450,36,44,26,1
10000,hunger,450,36,48,38,2
10000,hunger,450,36,52,25,0
10000,hunger,450,36,56,23,1
10000,hunger,450,36,60,20,1
10000,hunger,450,36,64,13,0
10000,hunger,450,36,72,1,0
10000,hunger,450,40,28,4,0
10000,hunger,450,40,32,3,1
10000,hunger,450,40,36,2,0
10000,hunger,450,40,40,5,0
10000,hunger,450,40,44,10,0
10000,hunger,450,40,48,5,0
10000,hunger,450,40,52,6,0
10000,hunger,450,40,60,1,0
10000,hunger,450,40,64,2,0
10000,hunger,450,40,68,1,1
10000,hunger,450,44,24,1,0
10000,hunger,450,44,28,1,0
10000,hunger,450,44,32,3,0
10000,hunger,450,44,36,1,0
10000,hunger,450,44,40,7,0
10000,hunger,450,44,44,1,0
10000,hunger,450,44,48,12,2
10000,hunger,450,44,52,13,0
10000,hunger,450,44,56,5,0
10000,hunger,450,44,60,3,0
10000,hunger,450,44,64,2,0
10000,hunger,450,44,72,2,0
10000,hunger,450,48,28,2,0
10000,hunger,450,48,32,1,0
10000,hunger,450,48,36,2,0
10000,hunger,450,48,40,21,0
10000,hunger,450,48,44,38,1
10000,hunger,450,48,48,56,1
10000,hunger,450,48,52,75,2
10000,hunger,450,48,56,63,2
10000,hunger,450,48,60,50,1
10000,hunger,450,48,64,55,2
10000,hunger,450,48,68,52,1
10000,hunger,450,48,72,32,3
10000,hunger,450,48,76,13,1
10000,hunger,450,48,80,13,0
10000,hunger,450,48,84,4,0
10000,hunger,450,48,88,1,0
10000,hunger,450,48,92,4,0
10000,hunger,450,52,36,2,0
10000,hunger,450,52,48,1,0
10000,hunger,450,52,52,9,0
10000,hunger,450,52,56,12,1
10000,hunger,450,52,60,2,0
10000,hunger,450,52,64,1,0
10000,hunger,450,52,68,1,0
10000,hunger,450,52,76,4,1
10000,hunger,450,52,80,1,0
10000,hunger,450,56,44,2,0
10000,hunger,450,56,48,2,0
10000,hunger,450,56,52,1,0
10000,hunger,450,56,56,4,0
10000,hunger,450,56,60,6,0
10000,hunger,450,56,64,2,0
10000,hunger,450,56,76,1,0
10000,hunger,450,56,80,1,0
10000,hunger,450,56,84,1,1
10000,hunger,450,56,108,1,0
10000,hunger,450,60,40,2,0
10000,hunger,450,60,48,2,1
10000,hunger,450,60,52,3,0
10000,hunger,450,60,56,6,0
10000,hunger,450,60,60,2,0
10000,hunger,450,60,64,5,1
10000,hunger,450,60,68,7,0
10000,hunger,450,60,72,1,0
10000,hunger,450,60,76,4,0
10000,hunger,450,64,40,1,0
10000,hunger,450,64,44,2,0
10000,hunger,450,64,48,3,0
10000,hunger,450,64,52,4,0
10000,hunger,450,64,56,8,1
10000,hunger,450,64,60,25,2
10000,hunger,450,64,64,24,1
10000,hunger,450,64,68,24,0
10000,hunger,450,64,72,14,0
10000,hunger,450,64,76,12,0
10000,hunger,450,64,80,15,0
10000,hunger,450,64,84,11,0
10000,hunger,450,64,88,5,0
10000,hunger,450,64,92,5,1
10000,hunger,450,64,96,6,0
10000,hunger,450,64,100,16,0
10000,hunger,450,64,108,3,0
10000,hunger,450,64,116,1,0
10000,hunger,450,64,124,1,0
10000,hunger,450,64,128,1,0
10000,hunger,450,68,52,1,0
10000,hunger,450,68,68,1,0
10000,hunger,450,72,52,1,0
10000,hunger,450,72,68,2,0
10000,hunger,450,72,72,1,0
10000,hunger,450,72,76,1,0
10000,hunger,450,72,116,2,0
10000,hunger,450,76,84,2,0
10000,hunger,450,76,120,2,0
10000,hunger,450,80,52,1,0
10000,hunger,450,80,56,4,0
10000,hunger,450,80,64,2,0
10000,hunger,450,80,68,10,0
10000,hunger,450,80,72,8,0
10000,hunger,450,80,76,9,1
10000,hunger,450,80,80,11,1
10000,hunger,450,80,84,3,0
10000,hunger,450,80,88,1,0
10000,hunger,450,80,92,1,0
10000,hunger,450,80,96,4,0
10000,hunger,450,80,100,2,0
10000,hunger,450,80,104,2,0
10000,hunger,450,80,108,7,0
10000,hunger,450,80,116,1,1
10000,hunger,450,80,124,4,0
10000,hunger,450,80,128,1,0
10000,hunger,450,80,136,1,0
10000,hunger,450,80,140,2,0
10000,hunger,450,80,144,1,0
10000,hunger,450,88,80,2,0
10000,hunger,450,92,72,2,0
10000,hunger,450,100,84,1,0
10000,hunger,450,100,96,4,0
10000,hunger,450,100,116,2,0
10000,hunger,450,100,124,1,0
10000,hunger,450,100,128,1,1
10000,hunger,450,108,116,1,0
10000,hunger,450,116,124,1,0
10000,hunger,450,120,144,1,0
10000,hunger,500,0,0,2,0
10000,hunger,500,4,0,1,0
10000,hunger,500,4,4,6,0
10000,hunger,500,8,4,1,0
10000,hunger,500,8,8,7,0
10000,hunger,500,8,12,3,1
10000,hunger,500,12,8,5,1
10000,hunger,500,12,12,7,0
10000,hunger,500,12,16,9,1
10000,hunger,500,12,20,4,0
10000,hunger,500,16,12,4,0
10000,hunger,500,16,16,8,0
10000,hunger,500,16,20,3,0
10000,hunger,500,16,24,3,0
10000,hunger,500,20,16,4,0
10000,hunger,500,20,20,7,0
10000,hunger,500,20,24,5,0
10000,hunger,500,20,28,1,0
10000,hunger,500,20,32,1,0
10000,hunger,500,20,36,1,0
10000,hunger,500,24,16,1,0
10000,hunger,500,24,20,1,0
10000,hunger,500,24,24,12,1
10000,hunger,500,24,28,16,3
10000,hunger,500,24,32,2,0
10000,hunger,500,24,36,3,0
10000,hunger,500,24,40,1,0
10000,hunger,500,24,44,2,0
10000,hunger,500,28,28,6,1
10000,hunger,500,28,32,11,2
10000,hunger,500,28,36,1,0
10000,hunger,500,28,40,4,0
10000,hunger,500,28,44,4,0
10000,hunger,500,28,52,1,0
10000,hunger,500,32,24,2,0
10000,hunger,500,32,28,6,0
10000,hunger,500,32,32,13,1
10000,hunger,500,32,36,13,0
10000,hunger,500,32,40,6,0
10000,hunger,500,32,44,1,0
10000,hunger,500,32,48,3,1
10000,hunger,500,32,52,4,0
10000,hunger,500,32,56,1,0
10000,hunger,500,32,60,1,0
10000,hunger,500,36,20,1,0
10000,hunger,500,36,24,3,0
10000,hunger,500,36,28,5,0
10000,hunger,500,36,32,22,0
10000,hunger,500,36,36,44,2
10000,hunger,500,36,40,44,1
10000,hunger,500,36,44,20,0
10000,hunger,500,36,48,26,2
10000,hunger,500,36,52,12,0
10000,hunger,500,36,56,13,0
10000,hunger,500,36,60,20,0
10000,hunger,500,36,64,6,0
10000,hunger,500,36,72,1,0
10000,hunger,500,40,28,1,0
10000,hunger,500,40,32,4,0
10000,hunger,500,40,36,2,0
10000,hunger,500,40,40,3,0
10000,hunger,500,40,44,9,2
10000,hunger,500,40,48,6,1
10000,hunger,500,40,60,1,0
10000,hunger,500,40,64,2,0
10000,hunger,500,44,32,3,0
10000,hunger,500,44,36,1,0
10000,hunger,500,44,40,4,0
10000,hunger,500,44,44,4,0
10000,hunger,500,44,48,7,0
10000,hunger,500,44,52,8,0
10000,hunger,500,44,56,5,1
10000,hunger,500,44,68,1,0
10000,hunger,500,44,72,2,0
10000,hunger,500,48,24,1,0
10000,hunger,500,48,28,2,0
10000,hunger,500,48,32,4,1
10000,hunger,500,48,36,5,0
10000,hunger,500,48,40,10,1
10000,hunger,500,48,44,24,2
10000,hunger,500,48,48,40,1
10000,hunger,500,48,52,59,7
10000,hunger,500,48,56,51,2
10000,hunger,500,48,60,45,2
10000,hunger,500,48,64,42,2
10000,hunger,500,48,68,59,2
10000,hunger,500,48,72,24,0
10000,hunger,500,48,76,7,0
10000,hunger,500,48,80,11,2
10000,hunger,500,48,84,2,0
10000,hunger,500,48,100,1,0
10000,hunger,500,52,32,1,0
10000,hunger,500,52,44,1,0
10000,hunger,500,52,48,2,0
10000,hunger,500,52,52,13,0
10000,hunger,500,52,56,3,0
10000,hunger,500,52,60,1,0
10000,hunger,500,52,64,1,0
10000,hunger,500,52,76,3,0
10000,hunger,500,56,32,1,0
10000,hunger,500,56,48,2,1
10000,hunger,500,56,52,2,0
10000,hunger,500,56,56,3,1
10000,hunger,500,56,60,8,2
10000,hunger,500,56,64,4,0
10000,hunger,500,60,40,2,0
10000,hunger,500,60,44,1,0
10000,hunger,500,60,48,1,0
10000,hunger,500,60,52,2,0
10000,hunger,500,60,56,6,1
10000,hunger,500,60,60,2,0
10000,hunger,500,60,64,3,0
10000,hunger,500,60,68,5,1
10000,hunger,500,60,76,1,0
10000,hunger,500,60,84,1,0
10000,hunger,500,64,44,1,0
10000,hunger,500,64,48,2,0
10000,hunger,500,64,52,8,0
10000,hunger,500,64,56,10,2
10000,hunger,500,64,60,22,2
10000,hunger,500,64,64,11,0
10000,hunger,500,64,68,18,1
10000,hunger,500,64,72,17,2
10000,hunger,500,64,76,9,0
10000,hunger,500,64,80,16,2
10000,hunger,500,64,84,7,0
10000,hunger,500,64,88,7,0
10000,hunger,500,64,92,7,0
10000,hunger,500,64,96,5,0
10000,hunger,500,64,100,10,0
10000,hunger,500,64,108,1,0
10000,hunger,500,64,112,1,0
10000,hunger,500,64,128,1,0
10000,hunger,500,68,52,1,0
10000,hunger,500,68,68,1,0
10000,hunger,500,68,80,2,0
10000,hunger,500,72,68,1,0
10000,hunger,500,72,96,1,0
10000,hunger,500,72,112,1,0
10000,hunger,500,72,116,5,0
10000,hunger,500,72,128,1,0
10000,hunger,500,72,144,1,0
10000,hunger,500,72,148,1,0
10000,hunger,500,76,120,2,0
10000,hunger,500,80,48,1,0
10000,hunger,500,80,64,4,0
10000,hunger,500,80,68,8,0
10000,hunger,500,80,72,6,0
10000,hunger,500,80,76,7,1
10000,hunger,500,80,80,4,1
10000,hunger,500,80,84,3,0
10000,hunger,500,80,88,3,0
10000,hunger,500,80,96,2,0
10000,hunger,500,80,104,1,0
10000,hunger,500,80,108,2,0
10000,hunger,500,80,136,1,0
10000,hunger,500,80,148,1,0
10000,hunger,500,80,176,1,0
10000,hunger,500,88,80,2,0
10000,hunger,500,92,124,1,0
10000,hunger,500,96,100,1,0
10000,hunger,500,100,68,1,0
10000,hunger,500,100,72,1,0
10000,hunger,500,100,76,1,0
10000,hunger,500,100,80,2,0
10000,hunger,500,100,88,1,0
10000,hunger,500,100,108,2,0
10000,hunger,500,100,112,1,0
10000,hunger,500,100,116,1,0
10000,hunger,500,100,124,1,1
10000,hunger,500,100,128,1,0
10000,hunger,500,100,140,1,0
10000,hunger,500,120,128,1,0
10000,hunger,500,120,144,1,0
10000,hunger,500,120,196,1,0
10000,hunger,500,144,108,1,0
10000,hunger,550,0,0,1,0
10000,hunger,550,4,4,6,0
10000,hunger,550,8,8,3,0
10000,hunger,550,12,8,1,0
10000,hunger,550,12,12,4,0
10000,hunger,550,12,16,2,0
10000,hunger,550,12,20,2,0
10000,hunger,550,16,12,2,0
10000,hunger,550,16,16,5,1
10000,hunger,550,16,20,3,0
10000,hunger,550,20,16,1,0
10000,hunger,550,20,20,4,0
10000,hunger,550,20,24,6,0
10000,hunger,550,20,28,2,0
10000,hunger,550,20,36,1,0
10000,hunger,550,24,16,2,1
10000,hunger,550,24,20,3,0
10000,hunger,550,24,24,9,0
10000,hunger,550,24,28,8,1
10000,hunger,550,24,32,2,1
10000,hunger,550,24,40,3,0
10000,hunger,550,24,44,1,0
10000,hunger,550,28,20,2,0
10000,hunger,550,28,24,2,0
10000,hunger,550,28,28,3,0
10000,hunger,550,28,32,8,0
10000,hunger,550,28,36,4,0
10000,hunger,550,28,40,1,0
10000,hunger,550,28,44,1,0
10000,hunger,550,28,48,1,0
10000,hunger,550,32,24,1,0
10000,hunger,550,32,28,3,0
10000,hunger,550,32,32,4,0
10000,hunger,550,32,36,6,0
10000,hunger,550,32,40,4,0
10000,hunger,550,32,44,2,0
10000,hunger,550,32,64,1,0
10000,hunger,550,36,24,2,0
10000,hunger,550,36,28,7,0
10000,hunger,550,36,32,15,1
10000,hunger,550,36,36,29,1
10000,hunger,550,36,40,52,7
10000,hunger,550,36,44,20,0
10000,hunger,550,36,48,25,1
10000,hunger,550,36,52,22,1
10000,hunger,550,36,56,8,0
10000,hunger,550,36,60,8,0
10000,hunger,550,36,64,7,0
10000,hunger,550,40,32,3,0
10000,hunger,550,40,36,1,0
10000,hunger,550,40,40,1,0
10000,hunger,550,40,44,1,0
10000,hunger,550,40,48,9,0
10000,hunger,550,40,52,1,0
10000,hunger,550,44,32,1,0
10000,hunger,550,44,36,1,0
10000,hunger,550,44,40,4,0
10000,hunger,550,44,44,1,0
10000,hunger,550,44,48,6,0
10000,hunger,550,44,52,4,0
10000,hunger,550,44,56,1,0
10000,hunger,550,44,60,1,0
10000,hunger,550,44,64,2,0
10000,hunger,550,44,96,1,0
10000,hunger,550,48,32,2,0
10000,hunger,550,48,36,6,0
10000,hunger,550,48,40,9,1
10000,hunger,550,48,44,23,2
10000,hunger,550,48,48,42,2
10000,hunger,550,48,52,48,5
10000,hunger,550,48,56,29,1
10000,hunger,550,48,60,39,2
10000,hunger,550,48,64,33,0
10000,hunger,550,48,68,42,0
10000,hunger,550,48,72,27,1
10000,hunger,550,48,76,3,0
10000,hunger,550,48,80,4,0
10000,hunger,550,48,84,2,0
10000,hunger,550,48,88,1,1
10000,hunger,550,48,92,1,0
10000,hunger,550,48,108,1,0
10000,hunger,550,52,32,1,0
10000,hunger,550,52,40,3,0
10000,hunger,550,52,52,9,1
10000,hunger,550,52,56,3,1
10000,hunger,550,52,60,1,0
10000,hunger,550,52,76,2,0
10000,hunger,550,56,48,1,0
10000,hunger,550,56,52,1,0
10000,hunger,550,56,56,7,2
10000,hunger,550,56,60,2,0
10000,hunger,550,56,68,1,0
10000,hunger,550,56,76,1,1
10000,hunger,550,56,80,3,1
10000,hunger,550,56,84,1,0
10000,hunger,550,56,88,1,1
10000,hunger,550,60,40,1,0
10000,hunger,550,60,56,1,0
10000,hunger,550,60,60,4,0
10000,hunger,550,60,64,1,0
10000,hunger,550,60,68,2,0
10000,hunger,550,60,72,2,0
10000,hunger,550,60,76,2,0
10000,hunger,550,60,92,1,0
10000,hunger,550,64,40,1,0
10000,hunger,550,64,44,3,0
10000,hunger,550,64,48,1,0
10000,hunger,550,64,52,2,0
10000,hunger,550,64,56,7,0
10000,hunger,550,64,60,8,0
10000,hunger,550,64,64,20,2
10000,hunger,550,64,68,21,1
10000,hunger,550,64,72,9,1
10000,hunger,550,64,76,8,0
10000,hunger,550,64,80,16,1
10000,hunger,550,64,84,2,0
10000,hunger,550,64,88,8,0
10000,hunger,550,64,92,7,0
10000,hunger,550,64,96,5,0
10000,hunger,550,64,100,8,0
10000,hunger,550,64,104,1,0
10000,hunger,550,64,112,1,0
10000,hunger,550,64,140,1,0
10000,hunger,550,68,60,1,0
10000,hunger,550,68,68,1,0
10000,hunger,550,68,80,1,0
10000,hunger,550,72,36,1,0
10000,hunger,550,72,68,3,0
10000,hunger,550,72,72,1,0
10000,hunger,550,72,76,1,0
10000,hunger,550,72,116,3,0
10000,hunger,550,76,72,1,0
10000,hunger,550,76,84,1,0
10000,hunger,550,76,116,1,0
10000,hunger,550,76,120,1,0
10000,hunger,550,80,56,3,0
10000,hunger,550,80,68,9,0
10000,hunger,550,80,72,1,0
10000,hunger,550,80,76,6,0
10000,hunger,550,80,80,7,0
10000,hunger,550,80,84,2,0
10000,hunger,550,80,88,1,0
10000,hunger,550,80,92,1,0
10000,hunger,550,80,96,1,0
10000,hunger,550,80,100,3,1
10000,hunger,550,80,104,2,0
10000,hunger,550,80,108,3,1
10000,hunger,550,80,116,1,0
10000,hunger,550,80,124,1,0
10000,hunger,550,80,132,1,0
10000,hunger,550,80,136,1,0
10000,hunger,550,80,140,1,0
10000,hunger,550,80,168,1,0
10000,hunger,550,100,84,1,0
10000,hunger,550,100,88,1,0
10000,hunger,550,100,104,2,0
10000,hunger,550,100,136,1,1
10000,hunger,550,116,124,1,0
10000,hunger,600,0,0,1,0
10000,hunger,600,4,4,1,0
10000,hunger,600,8,8,4,0
10000,hunger,600,8,12,1,0
10000,hunger,600,12,8,2,0
10000,hunger,600,12,12,2,0
10000,hunger,600,12,16,4,0
10000,hunger,600,12,20,3,1
10000,hunger,600,16,12,2,0
10000,hunger,600,16,16,2,0
10000,hunger,600,16,20,3,0
10000,hunger,600,16,28,2,0
10000,hunger,600,20,16,3,0
10000,hunger,600,20,20,2,1
10000,hunger,600,20,24,2,0
10000,hunger,600,20,28,1,0
10000,hunger,600,24,20,2,0
10000,hunger,600,24,24,9,0
10000,hunger,600,24,28,2,0
10000,hunger,600,24,32,3,1
10000,hunger,600,24,40,1,0
10000,hunger,600,24,44,4,1
10000,hunger,600,24,48,1,0
10000,hunger,600,28,28,4,0
10000,hunger,600,28,32,11,1
10000,hunger,600,28,36,2,0
10000,hunger,600,32,24,2,0
10000,hunger,600,32,28,3,0
10000,hunger,600,32,32,13,0
10000,hunger,600,32,36,8,0
10000,hunger,600,32,40,2,0
10000,hunger,600,32,44,1,0
10000,hunger,600,32,48,1,0
10000,hunger,600,32,52,2,0
10000,hunger,600,32,56,1,0
10000,hunger,600,36,24,1,0
10000,hunger,600,36,28,5,0
10000,hunger,600,36,32,17,0
10000,hunger,600,36,36,29,0
10000,hunger,600,36,40,25,0
10000,hunger,600,36,44,8,0
10000,hunger,600,36,48,26,0
10000,hunger,600,36,52,16,0
10000,hunger,600,36,56,10,0
10000,hunger,600,36,60,14,0
10000,hunger,600,36,64,7,3
10000,hunger,600,40,36,4,0
10000,hunger,600,40,40,3,0
10000,hunger,600,40,48,1,0
10000,hunger,600,40,52,1,0
10000,hunger,600,40,64,2,0
10000,hunger,600,40,72,1,0
10000,hunger,600,44,32,2,0
10000,hunger,600,44,40,1,0
10000,hunger,600,44,48,6,1
10000,hunger,600,44,52,6,0
10000,hunger,600,44,56,1,0
10000,hunger,600,44,60,1,0
10000,hunger,600,44,64,2,0
10000,hunger,600,44,72,3,0
10000,hunger,600,48,36,4,0
10000,hunger,600,48,40,7,1
10000,hunger,600,48,44,16,0
10000,hunger,600,48,48,16,2
10000,hunger,600,48,52,26,0
10000,hunger,600,48,56,21,2
10000,hunger,600,48,60,21,0
10000,hunger,600,48,64,21,0
10000,hunger,600,48,68,39,1
10000,hunger,600,48,72,11,2
10000,hunger,600,48,76,5,0
10000,hunger,600,48,80,6,0
10000,hunger,600,48,84,3,0
10000,hunger,600,48,88,1,0
10000,hunger,600,48,92,1,0
10000,hunger,600,52,40,3,0
10000,hunger,600,52,48,1,0
10000,hunger,600,52,52,1,0
10000,hunger,600,52,56,1,0
10000,hunger,600,52,60,2,0
10000,hunger,600,52,68,1,0
10000,hunger,600,52,76,6,0
10000,hunger,600,56,32,1,0
10000,hunger,600,56,48,2,0
10000,hunger,600,56,52,3,0
10000,hunger,600,56,56,4,0
10000,hunger,600,56,60,1,0
10000,hunger,600,56,64,2,0
10000,hunger,600,56,68,1,0
10000,hunger,600,56,84,1,0
10000,hunger,600,60,40,1,0
10000,hunger,600,60,56,4,1
10000,hunger,600,60,60,2,0
10000,hunger,600,60,68,1,0
10000,hunger,600,60,104,1,0
10000,hunger,600,64,44,1,0
10000,hunger,600,64,52,2,0
10000,hunger,600,64,56,6,0
10000,hunger,600,64,60,3,0
10000,hunger,600,64,64,11,0
10000,hunger,600,64,68,16,2
10000,hunger,600,64,72,11,0
10000,hunger,600,64,76,10,0
10000,hunger,600,64,80,15,1
10000,hunger,600,64,84,4,0
10000,hunger,600,64,88,4,0
10000,hunger,600,64,92,4,0
10000,hunger,600,64,96,1,0
10000,hunger,600,64,100,7,0
10000,hunger,600,64,104,1,0
10000,hunger,600,64,108,1,0
10000,hunger,600,64,116,1,0
10000,hunger,600,68,68,1,0
10000,hunger,600,68,72,1,0
10000,hunger,600,68,80,2,0
10000,hunger,600,68,100,1,0
10000,hunger,600,72,68,1,1
10000,hunger,600,72,108,1,0
10000,hunger,600,72,116,2,0
10000,hunger,600,76,76,1,0
10000,hunger,600,76,84,1,0
10000,hunger,600,76,120,2,0
10000,hunger,600,80,64,2,0
10000,hunger,600,80,68,2,0
10000,hunger,600,80,72,4,0
10000,hunger,600,80,76,5,1
10000,hunger,600,80,80,2,1
10000,hunger,600,80,84,2,0
10000,hunger,600,80,88,1,0
10000,hunger,600,80,96,1,0
10000,hunger,600,80,100,5,0
10000,hunger,600,80,108,3,0
10000,hunger,600,80,112,1,0
10000,hunger,600,80,128,3,0
10000,hunger,600,80,136,2,0
10000,hunger,600,80,144,1,0
10000,hunger,600,100,76,1,0
10000,hunger,600,100,84,1,0
10000,hunger,600,100,116,1,0
10000,hunger,600,100,120,1,0
10000,hunger,600,100,124,2,0
10000,hunger,600,100,128,1,0
10000,hunger,600,100,132,1,0
10000,hunger,600,100,144,1,0
10000,hunger,600,120,100,1,0
10000,hunger,600,144,236,1,0
10000,hunger,650,0,0,3,0
10000,hunger,650,4,4,1,0
10000,hunger,650,4,8,2,0
10000,hunger,650,8,8,2,0
10000,hunger,650,12,12,2,0
10000,hunger,650,12,16,1,0
10000,hunger,650,16,12,1,0
10000,hunger,650,16,16,3,0
10000,hunger,650,16,20,2,0
10000,hunger,650,20,24,4,0
10000,hunger,650,20,36,1,0
10000,hunger,650,24,24,2,0
10000,hunger,650,24,28,1,0
10000,hunger,650,24,36,1,0
10000,hunger,650,24,40,1,0
10000,hunger,650,28,28,1,0
10000,hunger,650,28,32,10,1
10000,hunger,650,28,36,2,0
10000,hunger,650,28,40,1,0
10000,hunger,650,28,48,1,0
10000,hunger,650,28,52,1,0
10000,hunger,650,32,28,1,0
10000,hunger,650,32,32,13,1
10000,hunger,650,32,36,6,1
10000,hunger,650,32,40,1,0
10000,hunger,650,32,52,3,1
10000,hunger,650,36,20,1,0
10000,hunger,650,36,28,1,0
10000,hunger,650,36,32,9,0
10000,hunger,650,36,36,26,3
10000,hunger,650,36,40,29,2
10000,hunger,650,36,44,12,2
10000,hunger,650,36,48,12,0
10000,hunger,650,36,52,11,0
10000,hunger,650,36,56,11,1
10000,hunger,650,36,60,3,0
10000,hunger,650,36,64,5,0
10000,hunger,650,36,68,3,0
10000,hunger,650,40,32,2,1
10000,hunger,650,40,36,2,0
10000,hunger,650,40,40,2,1
10000,hunger,650,40,44,1,0
10000,hunger,650,40,48,4,0
10000,hunger,650,40,52,2,0
10000,hunger,650,40,64,1,0
10000,hunger,650,44,40,2,1
10000,hunger,650,44,44,2,0
10000,hunger,650,44,48,1,0
10000,hunger,650,44,52,6,0
10000,hunger,650,44,56,1,0
10000,hunger,650,48,36,3,0
10000,hunger,650,48,40,5,0
10000,hunger,650,48,44,14,6
10000,hunger,650,48,48,16,1
10000,hunger,650,48,52,25,1
10000,hunger,650,48,56,21,0
10000,hunger,650,48,60,19,1
10000,hunger,650,48,64,21,1
10000,hunger,650,48,68,32,3
10000,hunger,650,48,72,8,1
10000,hunger,650,48,76,5,0
10000,hunger,650,48,80,5,0
10000,hunger,650,48,84,1,0
10000,hunger,650,48,92,1,0
10000,hunger,650,48,96,1,0
10000,hunger,650,52,52,6,1
10000,hunger,650,52,56,2,0
10000,hunger,650,52,68,1,0
10000,hunger,650,52,76,3,0
10000,hunger,650,52,104,1,0
10000,hunger,650,56,32,1,0
10000,hunger,650,56,48,2,0
10000,hunger,650,56,56,3,0
10000,hunger,650,56,60,1,0
10000,hunger,650,56,64,1,0
10000,hunger,650,60,40,1,0
10000,hunger,650,60,52,1,0
10000,hunger,650,60,56,1,1
10000,hunger,650,60,60,1,0
10000,hunger,650,60,76,1,0
10000,hunger,650,60,92,1,0
10000,hunger,650,60,108,1,0
10000,hunger,650,64,56,5,0
10000,hunger,650,64,60,4,0
10000,hunger,650,64,64,1,1
10000,hunger,650,64,68,11,0
10000,hunger,650,64,72,8,0
10000,hunger,650,64,76,12,1
10000,hunger,650,64,80,13,0
10000,hunger,650,64,84,6,2
10000,hunger,650,64,88,4,1
10000,hunger,650,64,92,3,0
10000,hunger,650,64,96,2,0
10000,hunger,650,64,100,4,1
10000,hunger,650,64,108,2,0
10000,hunger,650,64,116,1,0
10000,hunger,650,64,120,1,0
10000,hunger,650,68,68,2,1
10000,hunger,650,68,72,1,0
10000,hunger,650,68,76,1,0
10000,hunger,650,68,88,1,0
10000,hunger,650,68,104,1,1
10000,hunger,650,72,72,1,0
10000,hunger,650,72,116,5,0
10000,hunger,650,76,116,1,0
10000,hunger,650,76,120,2,0
10000,hunger,650,80,64,1,0
10000,hunger,650,80,68,3,0
10000,hunger,650,80,72,4,1
10000,hunger,650,80,76,2,0
10000,hunger,650,80,80,1,0
10000,hunger,650,80,84,1,0
10000,hunger,650,80,92,2,0
10000,hunger,650,80,100,2,0
10000,hunger,650,80,104,1,0
10000,hunger,650,80,108,3,1
10000,hunger,650,80,144,1,0
10000,hunger,650,80,164,1,0
10000,hunger,650,100,96,3,0
10000,hunger,650,100,112,1,0
10000,hunger,650,100,128,1,0
10000,hunger,650,116,124,1,0
10000,hunger,700,8,4,1,0
10000,hunger,700,8,12,1,0
10000,hunger,700,12,12,1,0
10000,hunger,700,12,16,5,0
10000,hunger,700,12,20,1,0
10000,hunger,700,16,16,1,0
10000,hunger,700,16,28,1,0
10000,hunger,700,20,20,1,0
10000,hunger,700,20,24,3,0
10000,hunger,700,24,24,3,1
10000,hunger,700,24,28,1,0
10000,hunger,700,24,32,1,0
10000,hunger,700,28,24,1,0
10000,hunger,700,28,28,1,0
10000,hunger,700,28,32,2,1
10000,hunger,700,28,52,1,0
10000,hunger,700,32,28,2,0
10000,hunger,700,32,32,4,0
10000,hunger,700,32,36,4,0
10000,hunger,700,32,40,1,0
10000,hunger,700,32,44,1,0
10000,hunger,700,32,52,1,0
10000,hunger,700,32,60,1,0
10000,hunger,700,36,32,5,0
10000,hunger,700,36,36,8,0
10000,hunger,700,36,40,20,0
10000,hunger,700,36,44,10,0
10000,hunger,700,36,48,13,0
10000,hunger,700,36,52,8,1
10000,hunger,700,36,56,5,0
10000,hunger,700,36,60,8,1
10000,hunger,700,36,64,2,0
10000,hunger,700,40,28,1,1
10000,hunger,700,40,32,1,0
10000,hunger,700,40,36,1,0
10000,hunger,700,40,44,1,0
10000,hunger,700,40,48,2,0
10000,hunger,700,40,52,2,0
10000,hunger,700,40,60,2,0
10000,hunger,700,40,84,1,1
10000,hunger,700,44,32,1,0
10000,hunger,700,44,40,4,0
10000,hunger,700,44,48,2,0
10000,hunger,700,44,52,2,0
10000,hunger,700,44,60,1,0
10000,hunger,700,44,72,2,0
10000,hunger,700,48,40,5,1
10000,hunger,700,48,44,8,1
10000,hunger,700,48,48,14,1
10000,hunger,700,48,52,23,2
10000,hunger,700,48,56,16,1
10000,hunger,700,48,60,15,0
10000,hunger,700,48,64,16,0
10000,hunger,700,48,68,29,2
10000,hunger,700,48,72,13,1
10000,hunger,700,48,76,4,0
10000,hunger,700,48,80,5,0
10000,hunger,700,48,84,1,0
10000,hunger,700,48,88,1,0
10000,hunger,700,48,92,1,0
10000,hunger,700,48,96,1,0
10000,hunger,700,48,112,1,0
10000,hunger,700,52,44,1,0
10000,hunger,700,52,52,4,1
10000,hunger,700,52,56,2,0
10000,hunger,700,52,92,1,0
10000,hunger,700,56,48,1,0
10000,hunger,700,56,56,2,0
10000,hunger,700,56,60,4,2
10000,hunger,700,56,64,2,0
10000,hunger,700,56,88,1,0
10000,hunger,700,56,96,1,0
10000,hunger,700,60,56,1,1
10000,hunger,700,64,52,1,0
10000,hunger,700,64,56,4,0
10000,hunger,700,64,60,1,0
10000,hunger,700,64,64,10,1
10000,hunger,700,64,68,14,0
10000,hunger,700,64,72,5,0
10000,hunger,700,64,76,5,0
10000,hunger,700,64,80,8,1
10000,hunger,700,64,84,2,1
10000,hunger,700,64,88,1,0
10000,hunger,700,64,92,3,0
10000,hunger,700,64,96,2,0
10000,hunger,700,64,100,4,0
10000,hunger,700,64,104,4,1
10000,hunger,700,64,108,1,0
10000,hunger,700,64,112,1,0
10000,hunger,700,68,72,1,0
10000,hunger,700,68,80,1,1
10000,hunger,700,72,72,1,0
10000,hunger,700,72,92,1,0
10000,hunger,700,72,116,2,1
10000,hunger,700,80,64,1,0
10000,hunger,700,80,72,4,0
10000,hunger,700,80,84,1,0
10000,hunger,700,80,96,1,1
10000,hunger,700,80,100,1,0
10000,hunger,700,80,104,1,0
10000,hunger,700,80,112,1,1
10000,hunger,700,80,116,1,0
10000,hunger,700,80,124,2,0
10000,hunger,700,80,176,1,0
10000,hunger,700,92,124,1,0
10000,hunger,700,100,108,1,0
10000,hunger,700,100,120,2,0
10000,hunger,700,100,128,1,0
10000,hunger,700,120,196,1,0
10000,hunger,750,4,4,1,0
10000,hunger,750,12,16,4,0
10000,hunger,750,12,20,2,0
10000,hunger,750,16,16,1,1
10000,hunger,750,16,20,2,0
10000,hunger,750,20,20,1,0
10000,hunger,750,20,24,2,0
10000,hunger,750,20,40,1,0
10000,hunger,750,24,24,2,0
10000,hunger,750,24,28,3,0
10000,hunger,750,24,32,2,0
10000,hunger,750,24,40,2,0
10000,hunger,750,24,44,1,0
10000,hunger,750,28,28,1,0
10000,hunger,750,28,32,5,0
10000,hunger,750,28,36,1,0
10000,hunger,750,32,32,4,0
10000,hunger,750,32,36,4,0
10000,hunger,750,32,40,1,1
10000,hunger,750,36,24,1,0
10000,hunger,750,36,32,5,0
10000,hunger,750,36,36,12,4
10000,hunger,750,36,40,27,1
10000,hunger,750,36,44,7,1
10000,hunger,750,36,48,8,1
10000,hunger,750,36,52,10,0
10000,hunger,750,36,56,5,1
10000,hunger,750,36,60,6,0
10000,hunger,750,36,64,5,1
10000,hunger,750,40,36,1,0
10000,hunger,750,40,40,3,1
10000,hunger,750,40,76,1,0
10000,hunger,750,40,84,1,0
10000,hunger,750,44,36,1,1
10000,hunger,750,44,48,2,0
10000,hunger,750,44,52,1,0
10000,hunger,750,48,36,1,0
10000,hunger,750,48,44,4,0
10000,hunger,750,48,48,13,2
10000,hunger,750,48,52,17,1
10000,hunger,750,48,56,16,2
10000,hunger,750,48,60,10,0
10000,hunger,750,48,64,11,2
10000,hunger,750,48,68,17,1
10000,hunger,750,48,72,11,0
10000,hunger,750,48,76,3,0
10000,hunger,750,48,80,4,0
10000,hunger,750,48,88,1,0
10000,hunger,750,48,108,1,0
10000,hunger,750,52,44,1,0
10000,hunger,750,52,52,5,1
10000,hunger,750,52,56,1,0
10000,hunger,750,52,68,1,0
10000,hunger,750,52,76,2,0
10000,hunger,750,56,48,1,0
10000,hunger,750,56,56,2,0
10000,hunger,750,56,64,1,0
10000,hunger,750,56,84,1,0
10000,hunger,750,56,96,1,0
10000,hunger,750,60,56,1,0
10000,hunger,750,60,64,1,0
10000,hunger,750,60,68,2,0
10000,hunger,750,60,76,1,1
10000,hunger,750,64,44,1,1
10000,hunger,750,64,52,1,0
10000,hunger,750,64,60,1,1
10000,hunger,750,64,64,4,0
10000,hunger,750,64,68,9,0
10000,hunger,750,64,72,5,0
10000,hunger,750,64,76,8,2
10000,hunger,750,64,80,5,0
10000,hunger,750,64,84,1,0
10000,hunger,750,64,88,2,0
10000,hunger,750,64,92,1,0
10000,hunger,750,64,96,2,0
10000,hunger,750,64,100,5,1
10000,hunger,750,64,124,1,0
10000,hunger,750,64,128,1,0
10000,hunger,750,64,132,1,0
10000,hunger,750,68,68,2,0
10000,hunger,750,72,116,1,0
10000,hunger,750,76,84,1,1
10000,hunger,750,76,120,1,0
10000,hunger,750,80,68,1,0
10000,hunger,750,80,80,4,0
10000,hunger,750,80,84,1,0
10000,hunger,750,80,132,1,0
10000,hunger,750,80,176,1,0
10000,hunger,750,100,124,1,0
10000,hunger,750,100,128,1,0
10000,hunger,800,12,16,1,0
10000,hunger,800,16,20,2,0
10000,hunger,800,20,16,1,0
10000,hunger,800,20,20,1,0
10000,hunger,800,20,24,1,0
10000,hunger,800,20,28,1,0
10000,hunger,800,20,32,1,0
10000,hunger,800,20,36,1,0
10000,hunger,800,24,28,2,0
10000,hunger,800,24,40,1,0
10000,hunger,800,28,28,1,0
10000,hunger,800,28,32,5,2
10000,hunger,800,28,44,1,0
10000,hunger,800,32,32,3,0
10000,hunger,800,32,36,2,0
10000,hunger,800,32,40,2,1
10000,hunger,800,32,44,2,0
10000,hunger,800,32,52,1,0
10000,hunger,800,36,28,1,0
10000,hunger,800,36,32,3,0
10000,hunger,800,36,36,16,4
10000,hunger,800,36,40,16,1
10000,hunger,800,36,44,6,1
10000,hunger,800,36,48,9,0
10000,hunger,800,36,52,10,2
10000,hunger,800,36,56,2,0
10000,hunger,800,36,60,7,1
10000,hunger,800,40,48,3,0
10000,hunger,800,40,52,1,0
10000,hunger,800,40,92,1,0
10000,hunger,800,44,40,2,0
10000,hunger,800,44,44,1,0
10000,hunger,800,44,48,1,0
10000,hunger,800,44,52,4,0
10000,hunger,800,44,64,1,1
10000,hunger,800,48,36,3,0
10000,hunger,800,48,40,3,0
10000,hunger,800,48,44,4,0
10000,hunger,800,48,48,10,0
10000,hunger,800,48,52,7,1
10000,hunger,800,48,56,10,1
10000,hunger,800,48,60,13,0
10000,hunger,800,48,64,8,2
10000,hunger,800,48,68,14,1
10000,hunger,800,48,72,17,2
10000,hunger,800,48,76,2,0
10000,hunger,800,48,80,3,0
10000,hunger,800,52,52,4,0
10000,hunger,800,52,76,1,0
10000,hunger,800,60,80,1,0
10000,hunger,800,60,88,1,0
10000,hunger,800,64,56,1,0
10000,hunger,800,64,60,2,0
10000,hunger,800,64,64,5,0
10000,hunger,800,64,68,8,1
10000,hunger,800,64,72,6,0
10000,hunger,800,64,76,4,1
10000,hunger,800,64,80,3,0
10000,hunger,800,64,84,4,1
10000,hunger,800,64,88,2,0
10000,hunger,800,64,96,2,0
10000,hunger,800,64,100,7,0
10000,hunger,800,64,112,1,0
10000,hunger,800,68,52,1,1
10000,hunger,800,72,116,2,0
10000,hunger,800,76,100,1,0
10000,hunger,800,76,120,1,1
10000,hunger,800,80,56,1,0
10000,hunger,800,80,68,3,0
10000,hunger,800,80,76,1,0
10000,hunger,800,80,84,3,1
10000,hunger,800,80,100,1,0
10000,hunger,800,80,104,1,0
10000,hunger,800,80,128,1,0
10000,hunger,800,96,108,1,0
10000,hunger,800,100,100,1,0
10000,hunger,800,120,216,1,0
10000,hunger,850,12,16,2,0
10000,hunger,850,20,20,2,0
10000,hunger,850,24,20,1,0
10000,hunger,850,24,28,1,0
10000,hunger,850,24,32,1,0
10000,hunger,850,24,44,1,0
10000,hunger,850,28,28,3,0
10000,hunger,850,28,32,5,0
10000,hunger,850,32,32,3,0
10000,hunger,850,32,36,1,0
10000,hunger,850,32,40,1,0
10000,hunger,850,32,44,1,0
10000,hunger,850,32,48,1,0
10000,hunger,850,32,52,1,0
10000,hunger,850,32,60,1,0
10000,hunger,850,36,32,3,0
10000,hunger,850,36,36,9,1
10000,hunger,850,36,40,20,0
10000,hunger,850,36,44,1,0
10000,hunger,850,36,48,4,0
10000,hunger,850,36,52,7,0
10000,hunger,850,36,56,6,0
10000,hunger,850,36,60,3,0
10000,hunger,850,36,64,3,0
10000,hunger,850,40,44,1,0
10000,hunger,850,40,48,1,0
10000,hunger,850,44,40,1,0
10000,hunger,850,44,44,2,0
10000,hunger,850,44,48,2,0
10000,hunger,850,44,56,2,1
10000,hunger,850,48,40,2,1
10000,hunger,850,48,44,3,0
10000,hunger,850,48,48,11,0
10000,hunger,850,48,52,6,0
10000,hunger,850,48,56,13,1
10000,hunger,850,48,60,6,0
10000,hunger,850,48,64,9,0
10000,hunger,850,48,68,14,2
10000,hunger,850,48,72,6,1
10000,hunger,850,48,80,2,0
10000,hunger,850,48,84,1,1
10000,hunger,850,48,104,1,0
10000,hunger,850,52,52,2,0
10000,hunger,850,52,60,1,1
10000,hunger,850,52,76,1,0
10000,hunger,850,56,56,2,1
10000,hunger,850,56,60,2,0
10000,hunger,850,56,64,2,0
10000,hunger,850,60,52,1,0
10000,hunger,850,64,52,1,0
10000,hunger,850,64,56,1,0
10000,hunger,850,64,60,1,0
10000,hunger,850,64,64,3,0
10000,hunger,850,64,68,2,0
10000,hunger,850,64,72,1,0
10000,hunger,850,64,76,4,0
10000,hunger,850,64,80,2,1
10000,hunger,850,64,84,1,0
10000,hunger,850,64,88,2,0
10000,hunger,850,64,92,4,2
10000,hunger,850,64,96,2,0
10000,hunger,850,64,100,2,1
10000,hunger,850,64,112,1,0
10000,hunger,850,64,116,1,0
10000,hunger,850,68,72,1,0
10000,hunger,850,72,72,1,0
10000,hunger,850,72,76,1,0
10000,hunger,850,72,116,1,0
10000,hunger,850,80,68,2,0
10000,hunger,850,80,80,2,0
10000,hunger,850,80,84,2,0
10000,hunger,850,80,88,1,0
10000,hunger,850,120,100,1,0
10000,hunger,900,12,12,4,0
10000,hunger,900,12,16,1,0
10000,hunger,900,16,16,1,0
10000,hunger,900,20,20,1,1
10000,hunger,900,20,24,1,0
10000,hunger,900,24,24,1,0
10000,hunger,900,24,32,1,0
10000,hunger,900,28,28,1,0
10000,hunger,900,28,32,3,0
10000,hunger,900,32,32,3,0
10000,hunger,900,32,36,1,0
10000,hunger,900,32,40,2,0
10000,hunger,900,36,28,1,1
10000,hunger,900,36,32,3,0
10000,hunger,900,36,36,13,4
10000,hunger,900,36,40,17,2
10000,hunger,900,36,44,2,0
10000,hunger,900,36,48,6,1
10000,hunger,900,36,52,5,0
10000,hunger,900,36,56,8,1
10000,hunger,900,36,60,2,0
10000,hunger,900,36,64,1,0
10000,hunger,900,40,32,1,1
10000,hunger,900,40,36,1,0
10000,hunger,900,40,40,1,0
10000,hunger,900,40,44,1,0
10000,hunger,900,40,48,1,0
10000,hunger,900,40,52,1,0
10000,hunger,900,44,36,1,0
10000,hunger,900,44,40,1,0
10000,hunger,900,44,48,1,0
10000,hunger,900,44,52,1,0
10000,hunger,900,44,60,1,0
10000,hunger,900,48,40,2,0
10000,hunger,900,48,44,4,0
10000,hunger,900,48,48,6,0
10000,hunger,900,48,52,9,2
10000,hunger,900,48,56,6,0
10000,hunger,900,48,60,10,1
10000,hunger,900,48,64,6,1
10000,hunger,900,48,68,8,0
10000,hunger,900,48,72,11,2
10000,hunger,900,48,76,1,0
10000,hunger,900,48,80,2,0
10000,hunger,900,52,52,5,1
10000,hunger,900,52,56,1,0
10000,hunger,900,52,76,1,0
10000,hunger,900,56,56,3,1
10000,hunger,900,56,60,1,0
10000,hunger,900,64,48,1,0
10000,hunger,900,64,60,1,0
10000,hunger,900,64,64,5,1
10000,hunger,900,64,68,7,0
10000,hunger,900,64,72,2,1
10000,hunger,900,64,76,4,0
10000,hunger,900,64,80,3,0
10000,hunger,900,64,84,1,1
10000,hunger,900,64,88,1,1
10000,hunger,900,64,92,1,0
10000,hunger,900,64,100,2,0
10000,hunger,900,64,104,1,0
10000,hunger,900,76,96,1,0
10000,hunger,900,80,60,1,0
10000,hunger,900,80,68,1,0
10000,hunger,900,80,72,1,0
10000,hunger,900,80,136,1,0
10000,hunger,900,100,128,1,1
10000,hunger,950,8,8,1,0
10000,hunger,950,12,12,3,1
10000,hunger,950,12,16,1,0
10000,hunger,950,16,24,1,0
10000,hunger,950,20,20,2,0
10000,hunger,950,24,28,2,0
10000,hunger,950,24,32,1,0
10000,hunger,950,28,32,2,0
10000,hunger,950,28,36,3,0
10000,hunger,950,28,52,1,0
10000,hunger,950,32,32,6,0
10000,hunger,950,32,36,2,0
10000,hunger,950,32,40,1,0
10000,hunger,950,32,60,1,0
10000,hunger,950,32,88,1,0
10000,hunger,950,36,32,2,0
10000,hunger,950,36,36,4,1
10000,hunger,950,36,40,8,1
10000,hunger,950,36,44,1,0
10000,hunger,950,36,48,7,0
10000,hunger,950,36,52,4,0
10000,hunger,950,36,56,3,0
10000,hunger,950,36,60,5,2
10000,hunger,950,36,64,3,0
10000,hunger,950,40,36,1,0
10000,hunger,950,40,44,1,0
10000,hunger,950,40,48,2,0
10000,hunger,950,40,56,1,0
10000,hunger,950,40,64,1,0
10000,hunger,950,44,44,1,1
10000,hunger,950,44,48,4,1
10000,hunger,950,44,52,1,0
10000,hunger,950,44,68,1,1
10000,hunger,950,48,48,2,0
10000,hunger,950,48,52,6,0
10000,hunger,950,48,56,4,0
10000,hunger,950,48,60,6,0
10000,hunger,950,48,64,9,0
10000,hunger,950,48,68,10,0
10000,hunger,950,48,72,6,0
10000,hunger,950,48,76,1,0
10000,hunger,950,48,92,1,0
10000,hunger,950,52,52,2,1
10000,hunger,950,52,60,1,0
10000,hunger,950,56,52,1,0
10000,hunger,950,56,56,2,0
10000,hunger,950,56,80,1,0
10000,hunger,950,60,72,1,0
10000,hunger,950,64,56,1,0
10000,hunger,950,64,68,2,0
10000,hunger,950,64,72,1,0
10000,hunger,950,64,76,4,0
10000,hunger,950,64,80,3,0
10000,hunger,950,64,84,2,0
10000,hunger,950,64,100,2,0
10000,hunger,950,72,116,1,0
10000,hunger,950,80,72,2,0
10000,hunger,950,80,76,2,1
10000,hunger,950,80,80,1,0
10000,hunger,950,80,84,1,0
10000,hunger,950,80,88,1,0
10000,hunger,950,80,140,1,0
10000,hunger,1000,8,8,1,0
10000,hunger,1000,12,16,1,0
10000,hunger,1000,16,20,1,0
10000,hunger,1000,20,12,1,0
10000,hunger,1000,20,20,1,0
10000,hunger,1000,20,24,1,0
10000,hunger,1000,28,32,3,0
10000,hunger,1000,28,44,1,0
10000,hunger,1000,28,60,1,0
10000,hunger,1000,32,32,5,0
10000,hunger,1000,32,56,1,0
10000,hunger,1000,36,32,4,0
10000,hunger,1000,36,36,5,0
10000,hunger,1000,36,40,13,1
10000,hunger,1000,36,44,1,0
10000,hunger,1000,36,48,7,0
10000,hunger,1000,36,52,5,0
10000,hunger,1000,36,56,2,0
10000,hunger,1000,36,60,2,0
10000,hunger,1000,36,64,2,0
10000,hunger,1000,40,48,1,0
10000,hunger,1000,44,68,1,0
10000,hunger,1000,48,40,1,1
10000,hunger,1000,48,44,3,3
10000,hunger,1000,48,48,5,0
10000,hunger,1000,48,52,2,0
10000,hunger,1000,48,56,6,1
10000,hunger,1000,48,60,7,0
10000,hunger,1000,48,64,6,1
10000,hunger,1000,48,68,7,2
10000,hunger,1000,48,72,6,1
10000,hunger,1000,48,76,1,0
10000,hunger,1000,48,80,4,1
10000,hunger,1000,48,96,1,0
10000,hunger,1000,52,52,6,1
10000,hunger,1000,56,60,2,1
10000,hunger,1000,64,48,1,0
10000,hunger,1000,64,52,1,0
10000,hunger,1000,64,60,1,0
10000,hunger,1000,64,64,3,0
10000,hunger,1000,64,68,6,4
10000,hunger,1000,64,72,1,0
10000,hunger,1000,64,76,1,0
10000,hunger,1000,64,80,4,0
10000,hunger,1000,64,84,2,0
10000,hunger,1000,64,88,1,0
10000,hunger,1000,64,92,1,0
10000,hunger,1000,64,96,1,0
10000,hunger,1000,64,100,2,0
10000,hunger,1000,76,96,1,0
10000,hunger,1050,16,20,1,0
10000,hunger,1050,16,24,1,0
10000,hunger,1050,20,20,1,0
10000,hunger,1050,20,24,1,0
10000,hunger,1050,24,28,1,0
10000,hunger,1050,24,32,1,0
10000,hunger,1050,28,28,1,0
10000,hunger,1050,28,32,4,1
10000,hunger,1050,32,32,1,0
10000,hunger,1050,32,40,1,0
10000,hunger,1050,36,36,7,0
10000,hunger,1050,36,40,12,3
10000,hunger,1050,36,44,5,1
10000,hunger,1050,36,48,2,0
10000,hunger,1050,36,52,2,1
10000,hunger,1050,36,56,3,1
10000,hunger,1050,36,60,2,1
10000,hunger,1050,40,36,1,0
10000,hunger,1050,40,48,1,1
10000,hunger,1050,44,48,3,1
10000,hunger,1050,44,52,2,0
10000,hunger,1050,48,40,1,1
10000,hunger,1050,48,44,2,0
10000,hunger,1050,48,48,8,2
10000,hunger,1050,48,52,8,1
10000,hunger,1050,48,56,5,2
10000,hunger,1050,48,60,4,0
10000,hunger,1050,48,64,5,2
10000,hunger,1050,48,68,3,1
10000,hunger,1050,48,72,5,0
10000,hunger,1050,48,76,2,1
10000,hunger,1050,48,80,4,0
10000,hunger,1050,48,88,1,1
10000,hunger,1050,52,52,1,0
10000,hunger,1050,56,60,1,0
10000,hunger,1050,64,52,1,0
10000,hunger,1050,64,64,5,2
10000,hunger,1050,64,68,1,0
10000,hunger,1050,64,80,2,0
10000,hunger,1050,64,100,4,0
10000,hunger,1050,72,116,2,0
10000,hunger,1050,80,80,1,0
10000,hunger,1050,80,84,1,0
10000,hunger,1100,4,4,2,0
10000,hunger,1100,24,24,1,1
10000,hunger,1100,24,28,1,0
10000,hunger,1100,24,32,1,0
10000,hunger,1100,32,32,1,0
10000,hunger,1100,32,36,1,0
10000,hunger,1100,36,24,1,0
10000,hunger,1100,36,32,1,0
10000,hunger,1100,36,36,2,1
10000,hunger,1100,36,40,13,1
10000,hunger,1100,36,48,6,0
10000,hunger,1100,36,52,1,0
10000,hunger,1100,36,56,2,0
10000,hunger,1100,36,60,1,0
10000,hunger,1100,36,64,1,1
10000,hunger,1100,40,36,1,0
10000,hunger,1100,44,36,1,0
10000,hunger,1100,44,48,1,0
10000,hunger,1100,44,52,1,0
10000,hunger,1100,48,44,2,0
10000,hunger,1100,48,48,3,0
10000,hunger,1100,48,52,3,0
10000,hunger,1100,48,56,1,0
10000,hunger,1100,48,60,5,1
10000,hunger,1100,48,64,6,2
10000,hunger,1100,48,68,6,0
10000,hunger,1100,48,72,3,0
10000,hunger,1100,52,52,4,0
10000,hunger,1100,52,56,1,0
10000,hunger,1100,52,64,1,0
10000,hunger,1100,56,52,1,0
10000,hunger,1100,56,60,2,0
10000,hunger,1100,56,76,1,0
10000,hunger,1100,60,44,1,0
10000,hunger,1100,60,52,1,0
10000,hunger,1100,60,80,1,0
10000,hunger,1100,64,56,1,0
10000,hunger,1100,64,64,1,0
10000,hunger,1100,64,68,4,1
10000,hunger,1100,64,72,1,0
10000,hunger,1100,64,76,3,1
10000,hunger,1100,64,84,2,1
10000,hunger,1100,64,88,1,1
10000,hunger,1100,64,100,5,1
10000,hunger,1100,64,116,1,0
10000,hunger,1100,72,116,1,1
10000,hunger,1100,80,116,1,0
10000,hunger,1150,16,12,1,0
10000,hunger,1150,20,20,1,0
10000,hunger,1150,24,28,1,1
10000,hunger,1150,28,32,2,0
10000,hunger,1150,28,52,1,0
10000,hunger,1150,32,32,4,0
10000,hunger,1150,32,40,1,0
10000,hunger,1150,32,56,1,0
10000,hunger,1150,36,32,1,0
10000,hunger,1150,36,36,8,1
10000,hunger,1150,36,40,2,0
10000,hunger,1150,36,44,1,0
10000,hunger,1150,36,48,4,1
10000,hunger,1150,36,52,3,1
10000,hunger,1150,36,56,2,1
10000,hunger,1150,36,60,1,0
10000,hunger,1150,36,64,2,0
10000,hunger,1150,40,36,1,0
10000,hunger,1150,40,52,1,0
10000,hunger,1150,44,56,1,0
10000,hunger,1150,48,44,1,0
10000,hunger,1150,48,48,2,0
10000,hunger,1150,48,52,4,0
10000,hunger,1150,48,56,3,0
10000,hunger,1150,48,60,5,0
10000,hunger,1150,48,64,6,0
10000,hunger,1150,48,68,9,1
10000,hunger,1150,48,72,8,0
10000,hunger,1150,48,76,1,1
10000,hunger,1150,48,80,2,0
10000,hunger,1150,48,84,1,1
10000,hunger,1150,52,52,2,0
10000,hunger,1150,56,60,1,1
10000,hunger,1150,56,64,1,0
10000,hunger,1150,64,52,1,0
10000,hunger,1150,64,60,1,0
10000,hunger,1150,64,64,1,0
10000,hunger,1150,64,68,3,1
10000,hunger,1150,64,72,3,0
10000,hunger,1150,64,76,3,0
10000,hunger,1150,64,80,2,0
10000,hunger,1150,64,84,2,1
10000,hunger,1150,64,92,1,0
10000,hunger,1150,64,100,4,0
10000,hunger,1150,72,68,1,0
10000,hunger,1150,72,116,4,0
10000,hunger,1150,80,68,1,0
10000,hunger,1150,80,72,1,1
10000,hunger,1150,80,80,1,1
10000,hunger,1200,12,16,1,0
10000,hunger,1200,20,24,1,0
10000,hunger,1200,24,24,1,0
10000,hunger,1200,28,32,2,1
10000,hunger,1200,32,36,1,0
10000,hunger,1200,36,36,1,0
10000,hunger,1200,36,40,2,0
10000,hunger,1200,36,44,1,0
10000,hunger,1200,36,48,2,0
10000,hunger,1200,36,52,4,0
10000,hunger,1200,36,56,1,0
10000,hunger,1200,36,60,1,0
10000,hunger,1200,40,36,1,0
10000,hunger,1200,40,40,1,1
10000,hunger,1200,44,36,1,1
10000,hunger,1200,44,48,1,0
10000,hunger,1200,44,52,1,0
10000,hunger,1200,48,48,1,0
10000,hunger,1200,48,56,4,1
10000,hunger,1200,48,60,3,0
10000,hunger,1200,48,64,1,0
10000,hunger,1200,48,68,1,0
10000,hunger,1200,48,72,9,1
10000,hunger,1200,48,80,1,1
10000,hunger,1200,48,92,1,0
10000,hunger,1200,52,52,1,0
10000,hunger,1200,52,68,1,1
10000,hunger,1200,56,64,1,1
10000,hunger,1200,64,64,3,0
10000,hunger,1200,64,68,3,0
10000,hunger,1200,64,72,2,0
10000,hunger,1200,64,76,1,0
10000,hunger,1200,64,104,1,0
10000,hunger,1200,72,116,1,0
10000,hunger,1200,80,68,1,0
10000,hunger,1200,80,80,1,0
10000,hunger,1200,120,188,1,0
10000,hunger,1250,12,16,2,0
10000,hunger,1250,24,28,1,0
10000,hunger,1250,24,40,1,0
10000,hunger,1250,28,32,2,0
10000,hunger,1250,28,36,1,0
10000,hunger,1250,32,36,1,0
10000,hunger,1250,36,32,2,0
10000,hunger,1250,36,36,3,1
10000,hunger,1250,36,40,6,1
10000,hunger,1250,36,44,1,0
10000,hunger,1250,36,48,4,0
10000,hunger,1250,36,52,5,0
10000,hunger,1250,36,56,2,1
10000,hunger,1250,36,64,2,0
10000,hunger,1250,40,36,1,0
10000,hunger,1250,40,48,1,0
10000,hunger,1250,40,56,1,0
10000,hunger,1250,44,36,1,0
10000,hunger,1250,44,40,1,0
10000,hunger,1250,44,52,1,0
10000,hunger,1250,48,44,2,0
10000,hunger,1250,48,48,2,0
10000,hunger,1250,48,52,2,0
10000,hunger,1250,48,56,1,1
10000,hunger,1250,48,64,4,0
10000,hunger,1250,48,68,6,0
10000,hunger,1250,48,72,2,2
10000,hunger,1250,48,76,1,0
10000,hunger,1250,52,52,2,0
10000,hunger,1250,56,52,1,0
10000,hunger,1250,56,60,1,0
10000,hunger,1250,64,64,1,0
10000,hunger,1250,64,68,3,2
10000,hunger,1250,64,72,2,0
10000,hunger,1250,64,76,3,0
10000,hunger,1250,64,80,2,1
10000,hunger,1250,64,96,1,0
10000,hunger,1250,64,100,2,0
10000,hunger,1250,64,116,1,1
10000,hunger,1250,72,116,2,1
10000,hunger,1250,76,120,1,0
10000,hunger,1250,80,68,1,0
10000,hunger,1250,80,80,1,0
10000,hunger,1250,80,84,1,0
10000,hunger,1250,88,84,1,0
10000,hunger,1300,12,12,1,1
10000,hunger,1300,20,16,1,0
10000,hunger,1300,36,36,2,0
10000,hunger,1300,36,40,6,1
10000,hunger,1300,36,48,1,0
10000,hunger,1300,36,52,2,0
10000,hunger,1300,36,56,2,0
10000,hunger,1300,36,60,1,0
10000,hunger,1300,36,64,1,0
10000,hunger,1300,44,48,2,0
10000,hunger,1300,48,48,3,1
10000,hunger,1300,48,52,3,1
10000,hunger,1300,48,56,2,0
10000,hunger,1300,48,60,3,0
10000,hunger,1300,48,64,4,1
10000,hunger,1300,48,68,6,3
10000,hunger,1300,48,72,4,1
10000,hunger,1300,48,76,1,1
10000,hunger,1300,48,80,1,0
10000,hunger,1300,52,52,1,0
10000,hunger,1300,52,56,1,0
10000,hunger,1300,52,76,2,0
10000,hunger,1300,56,60,1,0
10000,hunger,1300,64,64,2,0
10000,hunger,1300,64,68,3,2
10000,hunger,1300,64,72,1,1
10000,hunger,1300,64,76,3,1
10000,hunger,1300,64,84,1,0
10000,hunger,1300,64,92,1,0
10000,hunger,1300,64,100,2,0
10000,hunger,1300,68,72,1,0
10000,hunger,1300,72,116,1,0
10000,hunger,1300,80,68,1,0
10000,hunger,1300,80,72,1,0
10000,hunger,1300,80,80,1,0
10000,hunger,1350,12,16,1,0
10000,hunger,1350,20,16,1,0
10000,hunger,1350,20,32,1,0
10000,hunger,1350,28,32,1,0
10000,hunger,1350,32,32,1,0
10000,hunger,1350,32,36,1,0
10000,hunger,1350,32,44,1,0
10000,hunger,1350,36,32,3,1
10000,hunger,1350,36,36,3,1
10000,hunger,1350,36,40,3,1
10000,hunger,1350,36,44,1,0
10000,hunger,1350,36,52,2,0
10000,hunger,1350,36,60,1,0
10000,hunger,1350,36,64,1,0
10000,hunger,1350,40,32,1,0
10000,hunger,1350,40,52,1,0
10000,hunger,1350,48,52,3,3
10000,hunger,1350,48,56,3,0
10000,hunger,1350,48,60,2,0
10000,hunger,1350,48,64,2,0
10000,hunger,1350,48,68,2,0
10000,hunger,1350,48,72,1,0
10000,hunger,1350,48,80,1,0
10000,hunger,1350,60,52,1,1
10000,hunger,1350,60,64,1,1
10000,hunger,1350,60,80,1,1
10000,hunger,1350,64,64,3,0
10000,hunger,1350,64,72,1,0
10000,hunger,1350,64,76,3,1
10000,hunger,1350,64,92,1,0
10000,hunger,1350,64,100,1,1
10000,hunger,1350,76,76,1,0
10000,hunger,1350,80,80,1,0
10000,hunger,1400,12,12,1,0
10000,hunger,1400,28,28,1,0
10000,hunger,1400,32,36,1,0
10000,hunger,1400,36,36,1,0
10000,hunger,1400,36,40,4,1
10000,hunger,1400,36,48,2,0
10000,hunger,1400,36,52,2,2
10000,hunger,1400,36,56,1,0
10000,hunger,1400,36,64,1,0
10000,hunger,1400,40,48,2,0
10000,hunger,1400,48,48,2,1
10000,hunger,1400,48,52,2,1
10000,hunger,1400,48,56,5,2
10000,hunger,1400,48,60,1,0
10000,hunger,1400,48,64,1,0
10000,hunger,1400,48,68,1,0
10000,hunger,1400,48,72,5,0
10000,hunger,1400,48,92,1,0
10000,hunger,1400,48,96,1,1
10000,hunger,1400,52,52,2,0
10000,hunger,1400,60,68,1,0
10000,hunger,1400,64,56,2,2
10000,hunger,1400,64,64,1,0
10000,hunger,1400,64,68,3,1
10000,hunger,1400,64,76,2,0
10000,hunger,1400,64,100,1,0
10000,hunger,1400,80,68,1,0
10000,hunger,1400,80,84,1,0
10000,hunger,1450,12,16,1,0
10000,hunger,1450,20,20,1,0
10000,hunger,1450,28,32,2,0
10000,hunger,1450,36,36,4,1
10000,hunger,1450,36,40,1,0
10000,hunger,1450,36,48,1,0
10000,hunger,1450,36,52,2,1
10000,hunger,1450,36,60,1,0
10000,hunger,1450,40,48,1,0
10000,hunger,1450,44,52,1,1
10000,hunger,1450,48,44,1,1
10000,hunger,1450,48,52,2,2
10000,hunger,1450,48,64,5,2
10000,hunger,1450,48,68,3,1
10000,hunger,1450,48,72,2,1
10000,hunger,1450,52,52,1,0
10000,hunger,1450,56,56,2,1
10000,hunger,1450,64,64,2,1
10000,hunger,1450,64,68,1,0
10000,hunger,1450,64,76,1,0
10000,hunger,1450,64,80,1,0
10000,hunger,1450,64,100,2,0
10000,hunger,1450,76,96,1,0
10000,hunger,1450,80,100,1,0
10000,hunger,1500,28,40,1,0
10000,hunger,1500,32,32,2,0
10000,hunger,1500,36,32,1,0
10000,hunger,1500,36,36,1,1
10000,hunger,1500,36,40,5,0
10000,hunger,1500,36,60,3,0
10000,hunger,1500,36,68,1,0
10000,hunger,1500,40,36,1,1
10000,hunger,1500,40,48,1,0
10000,hunger,1500,44,48,1,1
10000,hunger,1500,48,36,1,0
10000,hunger,1500,48,48,2,0
10000,hunger,1500,48,52,3,0
10000,hunger,1500,48,56,1,0
10000,hunger,1500,48,60,5,1
10000,hunger,1500,48,64,1,0
10000,hunger,1500,48,68,2,0
10000,hunger,1500,48,72,2,1
10000,hunger,1500,48,80,1,0
10000,hunger,1500,60,52,1,1
10000,hunger,1500,60,64,1,1
10000,hunger,1500,60,68,1,1
10000,hunger,1500,64,68,1,0
10000,hunger,1500,64,72,1,0
10000,hunger,1500,64,76,1,1
10000,hunger,1500,64,100,1,1
10000,hunger,1500,72,68,1,0
10000,hunger,1500,80,60,1,1
10000,hunger,1500,80,80,1,0
10000,hunger,1500,80,96,1,0
10000,hunger,1550,28,32,1,0
10000,hunger,1550,32,32,1,0
10000,hunger,1550,32,36,1,0
10000,hunger,1550,36,36,2,0
10000,hunger,1550,36,40,2,1
10000,hunger,1550,36,44,2,0
10000,hunger,1550,36,48,2,1
10000,hunger,1550,36,52,2,0
10000,hunger,1550,36,56,1,0
10000,hunger,1550,36,60,1,1
10000,hunger,1550,48,36,1,1
10000,hunger,1550,48,44,1,0
10000,hunger,1550,48,48,1,1
10000,hunger,1550,48,60,1,0
10000,hunger,1550,48,64,1,1
10000,hunger,1550,48,68,2,0
10000,hunger,1550,48,72,1,0
10000,hunger,1550,48,76,1,0
10000,hunger,1550,52,52,3,1
10000,hunger,1550,52,56,1,1
10000,hunger,1550,56,88,1,1
10000,hunger,1550,64,64,2,0
10000,hunger,1550,64,76,2,0
10000,hunger,1550,64,84,1,0
10000,hunger,1550,72,68,1,0
10000,hunger,1550,80,72,1,0
10000,hunger,1600,28,32,1,0
10000,hunger,1600,32,28,1,0
10000,hunger,1600,32,36,2,1
10000,hunger,1600,36,36,2,1
10000,hunger,1600,36,40,3,0
10000,hunger,1600,36,48,2,0
10000,hunger,1600,36,52,4,2
10000,hunger,1600,36,56,2,2
10000,hunger,1600,36,64,1,0
10000,hunger,1600,40,48,1,0
10000,hunger,1600,44,48,1,1
10000,hunger,1600,48,52,1,0
10000,hunger,1600,48,56,1,1
10000,hunger,1600,48,60,1,1
10000,hunger,1600,48,64,3,0
10000,hunger,1600,48,68,2,0
10000,hunger,1600,48,72,1,1
10000,hunger,1600,48,80,1,0
10000,hunger,1600,48,96,1,0
10000,hunger,1600,64,68,1,0
10000,hunger,1600,64,76,1,1
10000,hunger,1600,64,84,1,0
10000,hunger,1600,72,116,1,1
10000,hunger,1650,28,32,2,1
10000,hunger,1650,32,32,1,0
10000,hunger,1650,36,40,4,1
10000,hunger,1650,36,48,1,0
10000,hunger,1650,36,52,2,0
10000,hunger,1650,36,56,1,1
10000,hunger,1650,48,44,1,0
10000,hunger,1650,48,48,1,1
10000,hunger,1650,48,52,3,0
10000,hunger,1650,48,56,1,1
10000,hunger,1650,48,64,1,0
10000,hunger,1650,48,68,1,0
10000,hunger,1650,48,72,2,0
10000,hunger,1650,48,80,1,0
10000,hunger,1650,64,52,1,1
10000,hunger,1650,64,68,1,1
10000,hunger,1650,64,80,1,0
10000,hunger,1650,64,84,1,0
10000,hunger,1650,64,92,1,0
10000,hunger,1650,64,100,1,0
10000,hunger,1650,80,68,1,1
10000,hunger,1650,80,80,2,2
10000,hunger,1650,80,136,1,0
10000,hunger,1700,12,16,1,1
10000,hunger,1700,28,32,1,1
10000,hunger,1700,28,40,1,0
10000,hunger,1700,36,28,1,0
10000,hunger,1700,36,36,2,1
10000,hunger,1700,36,40,3,0
10000,hunger,1700,36,44,1,0
10000,hunger,1700,36,48,2,1
10000,hunger,1700,40,44,1,1
10000,hunger,1700,40,56,1,0
10000,hunger,1700,48,52,1,0
10000,hunger,1700,48,60,1,1
10000,hunger,1700,48,68,2,0
10000,hunger,1700,48,72,4,1
10000,hunger,1700,52,52,1,0
10000,hunger,1700,56,60,1,0
10000,hunger,1700,64,100,1,0
10000,hunger,1700,80,68,1,0
10000,hunger,1750,36,36,3,1
10000,hunger,1750,36,40,1,1
10000,hunger,1750,36,52,1,0
10000,hunger,1750,48,44,1,0
10000,hunger,1750,48,48,2,0
10000,hunger,1750,48,56,1,1
10000,hunger,1750,48,60,1,0
10000,hunger,1750,48,64,1,0
10000,hunger,1750,48,68,1,1
10000,hunger,1750,48,72,4,1
10000,hunger,1750,64,64,1,0
10000,hunger,1750,64,80,1,1
10000,hunger,1750,64,84,1,0
10000,hunger,1750,64,100,1,0
10000,hunger,1750,80,68,2,1
10000,hunger,1750,80,72,2,1
10000,hunger,1800,24,24,1,0
10000,hunger,1800,28,28,1,1
10000,hunger,1800,28,32,1,1
10000,hunger,1800,36,32,1,0
10000,hunger,1800,36,40,1,0
10000,hunger,1800,36,44,2,1
10000,hunger,1800,36,48,1,1
10000,hunger,1800,36,64,1,0
10000,hunger,1800,48,48,1,1
10000,hunger,1800,48,60,1,0
10000,hunger,1800,48,72,1,1
10000,hunger,1800,52,76,1,1
10000,hunger,1800,60,64,1,1
10000,hunger,1800,64,52,1,0
10000,hunger,1800,64,60,1,0
10000,hunger,1800,64,64,1,0
10000,hunger,1800,72,116,1,0
10000,hunger,1850,12,16,1,0
10000,hunger,1850,24,24,1,0
10000,hunger,1850,28,32,1,1
10000,hunger,1850,36,36,1,0
10000,hunger,1850,48,60,1,0
10000,hunger,1850,48,68,1,0
10000,hunger,1850,48,72,2,1
10000,hunger,1850,52,52,2,2
10000,hunger,1850,56,60,1,1
10000,hunger,1850,64,64,1,1
10000,hunger,1850,64,76,1,1
10000,hunger,1900,28,36,1,1
10000,hunger,1900,36,40,1,1
10000,hunger,1900,36,48,1,1
10000,hunger,1900,36,52,1,0
10000,hunger,1900,44,40,1,1
10000,hunger,1900,64,72,1,0
10000,hunger,1900,64,76,1,1
10000,hunger,1900,80,72,1,1
10000,hunger,1950,36,36,2,1
10000,hunger,1950,36,48,1,0
10000,hunger,1950,36,52,1,1
10000,hunger,1950,36,56,1,1
10000,hunger,1950,48,48,1,1
10000,hunger,1950,48,56,1,1
10000,hunger,1950,48,60,1,0
10000,hunger,1950,48,64,1,1
10000,hunger,1950,48,68,2,0
10000,hunger,1950,48,72,2,1
10000,hunger,1950,48,80,1,0
10000,hunger,1950,52,40,1,1
10000,hunger,1950,64,76,1,1
10000,hunger,1950,80,68,1,1
10000,hunger,1950,80,84,1,1
10000,hunger,1950,80,136,1,1
10000,hunger,2000,32,36,1,0
10000,hunger,2000,36,40,1,0
10000,hunger,2000,44,48,1,1
10000,hunger,2000,48,48,1,0
10000,hunger,2000,48,60,1,0
10000,hunger,2000,48,64,1,1
10000,hunger,2000,48,68,2,0
10000,hunger,2000,64,68,1,1
10000,hunger,2000,80,68,1,1
10000,hunger,2050,20,24,1,0
10000,hunger,2050,32,40,1,0
10000,hunger,2050,36,48,1,1
10000,hunger,2050,36,60,1,0
10000,hunger,2050,48,60,2,2
10000,hunger,2050,48,64,1,1
10000,hunger,2050,52,52,1,1
10000,hunger,2050,64,76,1,1
10000,hunger,2050,76,96,1,1
10000,hunger,2100,36,40,1,1
10000,hunger,2100,36,52,1,0
10000,hunger,2100,36,56,1,1
10000,hunger,2100,48,52,1,1
10000,hunger,2100,48,60,2,0
10000,hunger,2100,48,68,1,0
10000,hunger,2100,48,72,1,1
10000,hunger,2100,48,96,1,1
10000,hunger,2100,64,88,1,1
10000,hunger,2100,64,100,1,0
10000,hunger,2100,100,92,1,0
10000,hunger,2150,36,56,1,0
10000,hunger,2150,48,60,1,1
10000,hunger,2150,48,64,1,1
10000,hunger,2150,52,52,1,0
10000,hunger,2150,56,60,1,1
10000,hunger,2150,60,60,1,1
10000,hunger,2150,64,100,1,1
10000,hunger,2200,36,36,1,1
10000,hunger,2200,36,40,1,1
10000,hunger,2200,48,48,1,1
10000,hunger,2200,48,96,1,1
10000,hunger,2200,52,60,1,1
10000,hunger,2200,64,68,1,1
10000,hunger,2200,64,72,1,1
10000,hunger,2200,64,76,1,1
10000,hunger,2200,64,80,1,0
10000,hunger,2250,36,52,1,0
10000,hunger,2250,48,68,1,1
10000,hunger,2250,48,72,2,1
10000,hunger,2250,56,60,1,1
10000,hunger,2300,32,36,1,0
10000,hunger,2300,36,48,2,0
10000,hunger,2300,48,60,1,1
10000,hunger,2300,48,80,1,1
10000,hunger,2350,36,36,1,1
10000,hunger,2350,36,40,1,0
10000,hunger,2350,48,68,1,0
10000,hunger,2350,48,72,1,1
10000,hunger,2350,48,80,1,1
10000,hunger,2400,36,44,1,1
10000,hunger,2400,40,48,1,1
10000,hunger,2400,48,72,1,0
10000,hunger,2400,64,68,1,1
10000,hunger,2400,80,84,1,1
10000,hunger,2450,36,52,1,1
10000,hunger,2450,56,60,1,1
10000,hunger,2450,64,68,1,1
10000,hunger,2500,40,36,1,1
10000,hunger,2500,48,52,1,1
10000,hunger,2500,64,96,1,0
10000,hunger,2550,48,60,1,1
10000,hunger,2600,48,72,1,1
10000,hunger,2600,60,64,1,1
10000,hunger,2650,36,40,2,2
10000,hunger,2650,48,72,1,1
10000,hunger,2700,36,40,1,1
10000,hunger,2700,64,52,1,1
10000,hunger,2700,64,68,1,1
10000,hunger,2700,64,100,1,1
10000,hunger,2750,36,36,1,1
10000,hunger,2850,36,56,1,1
10000,hunger,2850,48,64,1,1
10000,hunger,2850,64,76,1,1
10000,hunger,2900,28,32,1,1
10000,hunger,2900,64,60,1,1
10000,hunger,2900,64,76,1,1
10000,hunger,3050,60,68,1,1
10000,hunger,3100,48,64,1,1
10000,hunger,3100,56,60,1,1
10000,hunger,3150,48,48,1,1
10000,hunger,3150,56,60,1,1
10000,hunger,3250,48,52,1,1
10000,hunger,3250,60,60,1,1
10000,hunger,3250,60,68,1,1
10000,hunger,3250,64,100,1,1
10000,hunger,3350,64,52,1,1
10000,hunger,3400,32,32,1,1
10000,hunger,3400,76,96,1,1
10000,hunger,3600,36,36,1,1
10000,hunger,3600,36,40,1,1
10000,hunger,3850,68,68,1,1
10000,hunger,3950,56,60,1,1
10000,broken,0,0,0,28,0
10000,broken,0,4,0,6,0
10000,broken,0,4,4,21,0
10000,broken,0,8,4,3,0
10000,broken,0,8,8,8,0
10000,broken,0,12,8,5,0
10000,broken,0,12,12,9,0
10000,broken,0,12,16,1,0
10000,broken,0,16,12,11,0
10000,broken,0,16,16,15,0
10000,broken,0,16,20,1,0
10000,broken,0,20,16,4,0
10000,broken,0,20,20,8,0
10000,broken,0,20,24,3,0
10000,broken,0,20,28,1,0
10000,broken,0,20,36,1,0
10000,broken,0,24,16,1,0
10000,broken,0,24,20,3,0
10000,broken,0,24,24,3,0
10000,broken,0,24,28,5,0
10000,broken,0,24,36,1,0
10000,broken,0,24,40,4,0
10000,broken,0,24,44,1,0
10000,broken,0,28,24,2,0
10000,broken,0,28,28,2,0
10000,broken,0,28,32,5,0
10000,broken,0,28,36,3,1
10000,broken,0,28,44,1,0
10000,broken,0,28,48,1,0
10000,broken,0,32,28,1,0
10000,broken,0,32,32,8,0
10000,broken,0,32,36,5,0
10000,broken,0,32,40,4,0
10000,broken,0,32,52,1,0
10000,broken,0,32,56,1,0
10000,broken,0,36,12,2,0
10000,broken,0,36,20,1,0
10000,broken,0,36,24,1,0
10000,broken,0,36,28,4,0
10000,broken,0,36,32,29,0
10000,broken,0,36,36,33,0
10000,broken,0,36,40,23,0
10000,broken,0,36,44,14,0
10000,broken,0,36,48,11,0
10000,broken,0,36,52,6,0
10000,broken,0,36,56,2,0
10000,broken,0,36,60,12,0
10000,broken,0,36,64,2,0
10000,broken,0,40,12,1,0
10000,broken,0,40,36,2,0
10000,broken,0,40,48,3,0
10000,broken,0,40,52,1,0
10000,broken,0,40,60,1,0
10000,broken,0,44,24,1,0
10000,broken,0,44,36,1,0
10000,broken,0,44,40,4,0
10000,broken,0,44,44,1,0
10000,broken,0,44,48,2,0
10000,broken,0,44,52,4,0
10000,broken,0,44,56,3,0
10000,broken,0,44,60,1,0
10000,broken,0,48,32,2,0
10000,broken,0,48,36,4,0
10000,broken,0,48,40,6,0
10000,broken,0,48,44,14,0
10000,broken,0,48,48,24,0
10000,broken,0,48,52,18,0
10000,broken,0,48,56,14,0
10000,broken,0,48,60,21,1
10000,broken,0,48,64,15,0
10000,broken,0,48,68,20,0
10000,broken,0,48,72,6,0
10000,broken,0,48,76,1,0
10000,broken,0,52,36,2,0
10000,broken,0,52,52,1,0
10000,broken,0,52,56,1,0
10000,broken,0,52,76,1,0
10000,broken,0,56,52,1,0
10000,broken,0,56,56,1,0
10000,broken,0,56,60,1,0
10000,broken,0,56,76,1,0
10000,broken,0,60,56,1,0
10000,broken,0,64,48,1,0
10000,broken,0,64,52,1,0
10000,broken,0,64,56,5,0
10000,broken,0,64,60,3,0
10000,broken,0,64,64,2,0
10000,broken,0,64,68,4,0
10000,broken,0,64,72,4,0
10000,broken,0,64,76,4,0
10000,broken,0,64,80,1,0
10000,broken,0,64,84,1,0
10000,broken,0,64,92,2,0
10000,broken,0,64,96,1,0
10000,broken,0,64,100,1,0
10000,broken,0,80,60,3,0
10000,broken,0,80,68,3,0
10000,broken,0,80,76,1,0
10000,broken,0,80,80,1,0
10000,broken,50,0,0,7,0
10000,broken,50,4,4,5,0
10000,broken,50,4,8,1,0
10000,broken,50,8,4,2,0
10000,broken,50,8,8,3,0
10000,broken,50,12,8,3,0
10000,broken,50,12,12,6,0
10000,broken,50,12,16,2,0
10000,broken,50,16,12,4,0
10000,broken,50,16,16,8,0
10000,broken,50,16,20,2,0
10000,broken,50,20,20,5,0
10000,broken,50,20,24,2,0
10000,broken,50,20,28,1,0
10000,broken,50,24,16,2,0
10000,broken,50,24,20,3,0
10000,broken,50,24,24,2,0
10000,broken,50,24,28,3,0
10000,broken,50,24,40,8,0
10000,broken,50,24,44,1,0
10000,broken,50,28,16,1,0
10000,broken,50,28,24,1,0
10000,broken,50,28,32,4,0
10000,broken,50,28,36,2,0
10000,broken,50,28,44,1,0
10000,broken,50,28,52,1,0
10000,broken,50,32,20,1,0
10000,broken,50,32,28,1,0
10000,broken,50,32,32,7,0
10000,broken,50,32,36,3,0
10000,broken,50,32,40,2,0
10000,broken,50,32,44,1,0
10000,broken,50,32,56,2,0
10000,broken,50,32,60,1,0
10000,broken,50,36,24,1,0
10000,broken,50,36,28,6,0
10000,broken,50,36,32,36,0
10000,broken,50,36,36,39,0
10000,broken,50,36,40,18,0
10000,broken,50,36,44,16,0
10000,broken,50,36,48,10,0
10000,broken,50,36,52,4,0
10000,broken,50,36,56,4,0
10000,broken,50,36,60,13,0
10000,broken,50,36,64,5,0
10000,broken,50,40,32,1,0
10000,broken,50,40,36,6,0
10000,broken,50,40,40,1,0
10000,broken,50,40,48,1,0
10000,broken,50,40,52,1,0
10000,broken,50,40,56,2,0
10000,broken,50,40,60,1,0
10000,broken,50,44,32,1,0
10000,broken,50,44,40,9,0
10000,broken,50,44,44,1,0
10000,broken,50,44,48,5,0
10000,broken,50,44,52,4,0
10000,broken,50,44,56,3,0
10000,broken,50,44,60,1,0
10000,broken,50,48,32,1,0
10000,broken,50,48,36,2,0
10000,broken,50,48,40,11,0
10000,broken,50,48,44,13,0
10000,broken,50,48,48,16,0
10000,broken,50,48,52,28,0
10000,broken,50,48,56,26,0
10000,broken,50,48,60,10,0
10000,broken,50,48,64,27,0
10000,broken,50,48,68,26,0
10000,broken,50,48,72,9,0
10000,broken,50,48,76,2,0
10000,broken,50,48,80,4,0
10000,broken,50,52,48,1,0
10000,broken,50,52,56,1,0
10000,broken,50,52,76,1,0
10000,broken,50,56,52,2,0
10000,broken,50,60,48,1,0
10000,broken,50,60,60,1,0
10000,broken,50,64,52,2,0
10000,broken,50,64,56,1,0
10000,broken,50,64,60,3,0
10000,broken,50,64,64,1,0
10000,broken,50,64,68,5,0
10000,broken,50,64,72,2,0
10000,broken,50,64,76,1,0
10000,broken,50,64,80,5,0
10000,broken,50,64,84,1,0
10000,broken,50,64,88,2,0
10000,broken,50,64,92,4,0
10000,broken,50,64,96,2,0
10000,broken,50,80,96,1,0
10000,broken,100,0,0,5,0
10000,broken,100,4,4,3,0
10000,broken,100,8,4,1,0
10000,broken,100,8,8,5,0
10000,broken,100,12,12,4,0
10000,broken,100,12,16,4,0
10000,broken,100,16,12,4,0
10000,broken,100,16,16,1,0
10000,broken,100,16,20,6,0
10000,broken,100,20,8,1,0
10000,broken,100,20,16,1,0
10000,broken,100,20,20,2,0
10000,broken,100,20,24,4,0
10000,broken,100,24,16,1,0
10000,broken,100,24,20,1,0
10000,broken,100,24,28,3,0
10000,broken,100,24,40,3,0
10000,broken,100,28,20,1,0
10000,broken,100,28,28,1,0
10000,broken,100,28,32,1,0
10000,broken,100,28,36,1,0
10000,broken,100,32,20,1,0
10000,broken,100,32,28,1,0
10000,broken,100,32,32,9,0
10000,broken,100,32,36,4,0
10000,broken,100,32,40,2,0
10000,broken,100,32,44,1,0
10000,broken,100,32,60,2,0
10000,broken,100,36,20,2,0
10000,broken,100,36,24,1,0
10000,broken,100,36,28,3,0
10000,broken,100,36,32,20,0
10000,broken,100,36,36,18,0
10000,broken,100,36,40,8,0
10000,broken,100,36,44,17,0
10000,broken,100,36,48,8,0
10000,broken,100,36,52,5,0
10000,broken,100,36,56,4,0
10000,broken,100,36,60,9,0
10000,broken,100,36,64,2,0
10000,broken,100,40,36,3,0
10000,broken,100,40,40,1,0
10000,broken,100,40,48,1,0
10000,broken,100,44,40,5,0
10000,broken,100,44,48,3,0
10000,broken,100,44,52,3,0
10000,broken,100,44,56,2,0
10000,broken,100,44,64,1,0
10000,broken,100,48,36,1,0
10000,broken,100,48,40,10,0
10000,broken,100,48,44,7,0
10000,broken,100,48,48,8,0
10000,broken,100,48,52,15,0
10000,broken,100,48,56,30,0
10000,broken,100,48,60,10,0
10000,broken,100,48,64,10,0
10000,broken,100,48,68,11,0
10000,broken,100,48,72,8,0
10000,broken,100,48,76,1,0
10000,broken,100,48,80,1,0
10000,broken,100,48,84,1,0
10000,broken,100,52,52,3,0
10000,broken,100,56,56,1,0
10000,broken,100,60,64,1,0
10000,broken,100,64,60,2,1
10000,broken,100,64,64,1,0
10000,broken,100,64,68,11,0
10000,broken,100,64,76,7,0
10000,broken,100,64,80,6,0
10000,broken,100,64,84,3,0
10000,broken,100,64,92,3,0
10000,broken,100,64,96,2,0
10000,broken,100,64,100,1,0
10000,broken,100,72,72,1,0
10000,broken,100,80,60,1,0
10000,broken,100,80,76,1,0
10000,broken,100,80,112,1,0
10000,broken,100,80,120,1,0
10000,broken,100,100,84,1,0
10000,broken,150,4,4,2,0
10000,broken,150,8,4,2,0
10000,broken,150,8,8,5,0
10000,broken,150,12,8,1,0
10000,broken,150,12,12,4,0
10000,broken,150,12,16,3,0
10000,broken,150,16,12,8,0
10000,broken,150,16,16,1,0
10000,broken,150,20,16,1,0
10000,broken,150,20,20,3,0
10000,broken,150,20,24,1,0
10000,broken,150,24,24,3,0
10000,broken,150,24,28,3,0
10000,broken,150,24,40,1,0
10000,broken,150,24,44,1,0
10000,broken,150,28,28,1,0
10000,broken,150,28,32,3,0
10000,broken,150,32,20,1,0
10000,broken,150,32,32,7,0
10000,broken,150,32,36,1,0
10000,broken,150,32,40,2,0
10000,broken,150,32,44,1,0
10000,broken,150,32,48,1,0
10000,broken,150,36,28,2,0
10000,broken,150,36,32,12,0
10000,broken,150,36,36,22,0
10000,broken,150,36,40,14,0
10000,broken,150,36,44,8,0
10000,broken,150,36,48,9,0
10000,broken,150,36,52,3,0
10000,broken,150,36,60,10,0
10000,broken,150,40,32,1,0
10000,broken,150,40,36,2,0
10000,broken,150,44,40,5,0
10000,broken,150,44,44,1,0
10000,broken,150,44,48,1,0
10000,broken,150,44,52,2,0
10000,broken,150,44,56,1,0
10000,broken,150,48,32,1,0
10000,broken,150,48,40,8,0
10000,broken,150,48,44,8,1
10000,broken,150,48,48,8,0
10000,broken,150,48,52,13,0
10000,broken,150,48,56,17,0
10000,broken,150,48,60,10,0
10000,broken,150,48,64,15,0
10000,broken,150,48,68,18,0
10000,broken,150,48,72,8,0
10000,broken,150,48,76,2,0
10000,broken,150,52,52,2,0
10000,broken,150,56,60,1,0
10000,broken,150,56,64,1,0
10000,broken,150,60,60,1,0
10000,broken,150,60,72,1,0
10000,broken,150,60,92,1,0
10000,broken,150,64,44,1,0
10000,broken,150,64,60,2,0
10000,broken,150,64,68,4,0
10000,broken,150,64,72,5,0
10000,broken,150,64,76,1,0
10000,broken,150,64,84,1,0
10000,broken,150,64,92,3,0
10000,broken,150,64,100,2,0
10000,broken,150,72,68,1,0
10000,broken,150,80,76,1,0
10000,broken,150,80,88,1,0
10000,broken,150,80,108,1,0
10000,broken,150,92,92,1,0
10000,broken,200,0,0,1,0
10000,broken,200,4,4,1,0
10000,broken,200,8,4,1,0
10000,broken,200,8,8,3,0
10000,broken,200,12,8,5,0
10000,broken,200,12,12,4,0
10000,broken,200,12,16,1,0
10000,broken,200,16,12,2,0
10000,broken,200,16,16,2,0
10000,broken,200,20,24,2,0
10000,broken,200,24,24,2,0
10000,broken,200,24,28,1,0
10000,broken,200,24,32,2,0
10000,broken,200,24,40,1,0
10000,broken,200,28,32,3,0
10000,broken,200,32,32,10,0
10000,broken,200,36,28,1,0
10000,broken,200,36,32,10,0
10000,broken,200,36,36,26,0
10000,broken,200,36,40,11,0
10000,broken,200,36,44,15,0
10000,broken,200,36,48,12,0
10000,broken,200,36,56,1,0
10000,broken,200,36,60,6,0
10000,broken,200,36,64,5,0
10000,broken,200,40,40,2,0
10000,broken,200,40,44,2,0
10000,broken,200,44,40,1,0
10000,broken,200,44,52,1,0
10000,broken,200,44,56,3,0
10000,broken,200,48,40,5,0
10000,broken,200,48,44,1,0
10000,broken,200,48,48,10,0
10000,broken,200,48,52,14,0
10000,broken,200,48,56,22,0
10000,broken,200,48,60,13,1
10000,broken,200,48,64,7,0
10000,broken,200,48,68,14,0
10000,broken,200,48,72,4,0
10000,broken,200,48,80,2,0
10000,broken,200,52,48,1,0
10000,broken,200,52,52,1,0
10000,broken,200,56,88,1,0
10000,broken,200,60,60,1,0
10000,broken,200,60,68,1,0
10000,broken,200,64,52,1,0
10000,broken,200,64,60,2,0
10000,broken,200,64,68,7,0
10000,broken,200,64,72,4,0
10000,broken,200,64,76,1,0
10000,broken,200,64,80,4,0
10000,broken,200,64,84,2,0
10000,broken,200,64,88,1,0
10000,broken,200,64,92,1,0
10000,broken,200,64,96,1,0
10000,broken,200,68,72,1,0
10000,broken,200,72,72,1,0
10000,broken,200,80,96,1,0
10000,broken,250,0,0,2,0
10000,broken,250,8,4,2,0
10000,broken,250,12,12,1,0
10000,broken,250,16,16,1,0
10000,broken,250,16,20,1,0
10000,broken,250,20,24,1,0
10000,broken,250,24,20,1,0
10000,broken,250,24,24,1,0
10000,broken,250,24,32,1,0
10000,broken,250,24,40,1,0
10000,broken,250,28,28,1,0
10000,broken,250,28,32,3,0
10000,broken,250,28,36,1,0
10000,broken,250,32,28,3,0
10000,broken,250,32,32,2,0
10000,broken,250,32,36,1,0
10000,broken,250,32,40,2,0
10000,broken,250,32,44,1,0
10000,broken,250,32,52,1,0
10000,broken,250,32,60,1,0
10000,broken,250,36,32,4,0
10000,broken,250,36,36,8,0
10000,broken,250,36,40,10,1
10000,broken,250,36,44,14,0
10000,broken,250,36,48,8,0
10000,broken,250,36,52,3,0
10000,broken,250,36,56,1,0
10000,broken,250,36,60,5,0
10000,broken,250,36,64,2,0
10000,broken,250,40,36,1,0
10000,broken,250,40,48,1,0
10000,broken,250,44,40,3,0
10000,broken,250,44,44,2,0
10000,broken,250,44,48,1,0
10000,broken,250,44,52,1,0
10000,broken,250,48,40,3,0
10000,broken,250,48,44,2,0
10000,broken,250,48,48,9,0
10000,broken,250,48,52,12,0
10000,broken,250,48,56,17,0
10000,broken,250,48,60,8,1
10000,broken,250,48,64,9,0
10000,broken,250,48,68,16,1
10000,broken,250,48,72,2,0
10000,broken,250,48,76,2,0
10000,broken,250,48,80,2,0
10000,broken,250,48,84,1,0
10000,broken,250,52,60,1,0
10000,broken,250,56,48,1,0
10000,broken,250,60,48,1,0
10000,broken,250,60,68,1,0
10000,broken,250,60,72,1,1
10000,broken,250,64,56,1,0
10000,broken,250,64,60,2,0
10000,broken,250,64,64,2,0
10000,broken,250,64,68,5,0
10000,broken,250,64,72,1,0
10000,broken,250,64,76,4,0
10000,broken,250,64,80,3,0
10000,broken,250,64,84,2,0
10000,broken,250,64,92,1,0
10000,broken,250,64,96,1,0
10000,broken,250,64,100,1,0
10000,broken,300,8,8,1,0
10000,broken,300,12,12,3,0
10000,broken,300,12,16,1,0
10000,broken,300,20,20,1,0
10000,broken,300,20,24,1,0
10000,broken,300,28,32,3,0
10000,broken,300,32,32,2,0
10000,broken,300,32,44,1,0
10000,broken,300,36,28,2,0
10000,broken,300,36,32,9,0
10000,broken,300,36,36,13,0
10000,broken,300,36,40,6,0
10000,broken,300,36,44,16,1
10000,broken,300,36,48,7,0
10000,broken,300,36,52,2,0
10000,broken,300,36,60,3,0
10000,broken,300,36,64,2,0
10000,broken,300,40,56,2,0
10000,broken,300,40,68,1,0
10000,broken,300,44,36,1,0
10000,broken,300,44,44,2,0
10000,broken,300,44,48,1,0
10000,broken,300,44,56,1,0
10000,broken,300,48,40,2,0
10000,broken,300,48,44,1,0
10000,broken,300,48,48,7,0
10000,broken,300,48,52,7,0
10000,broken,300,48,56,7,0
10000,broken,300,48,60,12,0
10000,broken,300,48,64,11,0
10000,broken,300,48,68,10,0
10000,broken,300,48,72,1,0
10000,broken,300,52,44,1,0
10000,broken,300,52,48,1,0
10000,broken,300,52,76,1,0
10000,broken,300,64,52,1,0
10000,broken,300,64,60,1,0
10000,broken,300,64,68,8,0
10000,broken,300,64,72,2,0
10000,broken,300,64,76,1,0
10000,broken,300,64,80,2,0
10000,broken,300,64,84,2,0
10000,broken,300,64,88,3,1
10000,broken,300,64,92,1,0
10000,broken,300,64,96,1,0
10000,broken,300,120,132,1,0
10000,broken,350,12,12,1,0
10000,broken,350,16,16,1,0
10000,broken,350,24,24,2,0
10000,broken,350,24,28,2,0
10000,broken,350,24,32,1,0
10000,broken,350,28,24,1,0
10000,broken,350,28,32,4,0
10000,broken,350,32,32,1,0
10000,broken,350,32,44,1,0
10000,broken,350,32,60,1,0
10000,broken,350,36,28,3,0
10000,broken,350,36,32,5,0
10000,broken,350,36,36,10,0
10000,broken,350,36,40,5,0
10000,broken,350,36,44,4,0
10000,broken,350,36,48,8,1
10000,broken,350,36,56,2,0
10000,broken,350,36,60,1,0
10000,broken,350,44,56,1,0
10000,broken,350,44,72,1,0
10000,broken,350,48,40,1,0
10000,broken,350,48,44,2,0
10000,broken,350,48,48,3,0
10000,broken,350,48,52,7,0
10000,broken,350,48,56,14,0
10000,broken,350,48,60,3,1
10000,broken,350,48,64,8,0
10000,broken,350,48,68,8,1
10000,broken,350,48,72,1,0
10000,broken,350,64,68,3,0
10000,broken,350,64,76,1,0
10000,broken,350,64,80,3,0
10000,broken,350,64,92,2,0
10000,broken,350,64,100,1,0
10000,broken,350,72,116,2,0
10000,broken,350,100,144,1,0
10000,broken,400,16,20,1,0
10000,broken,400,20,24,1,0
10000,broken,400,24,24,1,0
10000,broken,400,24,32,1,0
10000,broken,400,28,40,1,0
10000,broken,400,32,32,3,0
10000,broken,400,36,28,1,0
10000,broken,400,36,32,4,0
10000,broken,400,36,36,10,0
10000,broken,400,36,40,5,0
10000,broken,400,36,44,4,0
10000,broken,400,36,52,2,0
10000,broken,400,36,60,2,0
10000,broken,400,36,64,1,0
10000,broken,400,40,44,1,0
10000,broken,400,44,40,1,0
10000,broken,400,44,44,1,0
10000,broken,400,48,32,1,0
10000,broken,400,48,40,2,0
10000,broken,400,48,44,1,0
10000,broken,400,48,48,5,0
10000,broken,400,48,52,5,0
10000,broken,400,48,56,12,0
10000,broken,400,48,60,8,1
10000,broken,400,48,64,8,0
10000,broken,400,48,68,5,1
10000,broken,400,48,72,3,1
10000,broken,400,48,76,1,0
10000,broken,400,52,52,1,0
10000,broken,400,52,76,1,1
10000,broken,400,56,48,1,0
10000,broken,400,56,76,1,0
10000,broken,400,64,68,3,0
10000,broken,400,64,76,1,0
10000,broken,400,64,84,1,0
10000,broken,400,64,92,1,0
10000,broken,400,64,96,2,0
10000,broken,400,80,112,1,0
10000,broken,400,80,120,1,0
10000,broken,450,8,8,1,0
10000,broken,450,16,20,1,0
10000,broken,450,20,20,1,0
10000,broken,450,20,28,1,0
10000,broken,450,28,32,2,0
10000,broken,450,28,36,1,0
10000,broken,450,32,32,2,0
10000,broken,450,32,36,1,0
10000,broken,450,36,28,1,0
10000,broken,450,36,32,5,0
10000,broken,450,36,36,8,2
10000,broken,450,36,40,4,1
10000,broken,450,36,44,3,0
10000,broken,450,36,48,5,0
10000,broken,450,36,60,3,0
10000,broken,450,44,52,1,0
10000,broken,450,48,40,1,0
10000,broken,450,48,48,2,0
10000,broken,450,48,52,7,0
10000,broken,450,48,56,6,0
10000,broken,450,48,60,5,0
10000,broken,450,48,64,5,0
10000,broken,450,48,68,5,1
10000,broken,450,48,72,1,0
10000,broken,450,48,80,2,0
10000,broken,450,52,52,1,0
10000,broken,450,56,48,1,0
10000,broken,450,56,80,1,0
10000,broken,450,64,68,2,0
10000,broken,450,64,72,1,0
10000,broken,450,64,76,2,0
10000,broken,450,64,80,2,0
10000,broken,450,64,92,1,0
10000,broken,450,80,72,1,0
10000,broken,500,8,8,1,0
10000,broken,500,20,24,1,0
10000,broken,500,32,32,3,0
10000,broken,500,32,60,1,0
10000,broken,500,36,32,2,0
10000,broken,500,36,36,8,0
10000,broken,500,36,40,3,0
10000,broken,500,36,44,4,0
10000,broken,500,36,48,4,0
10000,broken,500,36,56,1,0
10000,broken,500,36,60,5,1
10000,broken,500,36,64,1,0
10000,broken,500,44,40,1,0
10000,broken,500,48,44,2,0
10000,broken,500,48,48,4,0
10000,broken,500,48,52,8,1
10000,broken,500,48,56,5,0
10000,broken,500,48,60,4,1
10000,broken,500,48,64,9,0
10000,broken,500,48,68,4,0
10000,broken,500,48,72,1,0
10000,broken,500,48,80,1,0
10000,broken,500,52,52,1,0
10000,broken,500,64,64,2,0
10000,broken,500,64,68,5,0
10000,broken,500,64,72,1,0
10000,broken,500,64,76,1,0
10000,broken,500,64,84,2,0
10000,broken,500,64,88,2,0
10000,broken,500,80,108,1,0
10000,broken,500,80,112,1,0
10000,broken,550,12,12,1,0
10000,broken,550,16,16,2,0
10000,broken,550,24,28,1,0
10000,broken,550,32,32,1,0
10000,broken,550,36,32,6,0
10000,broken,550,36,36,7,1
10000,broken,550,36,40,4,0
10000,broken,550,36,44,4,0
10000,broken,550,36,48,1,0
10000,broken,550,36,60,1,0
10000,broken,550,40,48,1,0
10000,broken,550,44,44,1,0
10000,broken,550,48,44,4,1
10000,broken,550,48,48,2,0
10000,broken,550,48,52,4,0
10000,broken,550,48,56,8,0
10000,broken,550,48,60,7,0
10000,broken,550,48,64,7,0
10000,broken,550,48,68,1,0
10000,broken,550,48,72,3,0
10000,broken,550,52,64,1,0
10000,broken,550,60,64,1,0
10000,broken,550,64,68,1,0
10000,broken,550,64,72,1,0
10000,broken,550,64,84,1,0
10000,broken,550,80,132,1,0
10000,broken,600,16,16,1,0
10000,broken,600,24,28,1,0
10000,broken,600,28,32,2,0
10000,broken,600,32,32,1,0
10000,broken,600,32,60,1,0
10000,broken,600,36,36,5,0
10000,broken,600,36,40,3,0
10000,broken,600,36,44,2,0
10000,broken,600,36,48,2,0
10000,broken,600,36,56,1,0
10000,broken,600,36,60,4,0
10000,broken,600,44,32,1,0
10000,broken,600,44,44,1,0
10000,broken,600,44,48,1,0
10000,broken,600,44,52,1,0
10000,broken,600,48,40,3,0
10000,broken,600,48,44,1,0
10000,broken,600,48,48,2,0
10000,broken,600,48,52,8,0
10000,broken,600,48,56,6,0
10000,broken,600,48,60,3,0
10000,broken,600,48,64,5,0
10000,broken,600,48,68,1,0
10000,broken,600,48,72,1,0
10000,broken,600,52,68,1,1
10000,broken,600,64,64,1,1
10000,broken,600,64,68,3,1
10000,broken,600,64,72,1,0
10000,broken,600,64,84,1,0
10000,broken,600,64,92,1,0
10000,broken,600,64,96,1,0
10000,broken,600,72,60,1,0
10000,broken,650,16,20,1,0
10000,broken,650,24,24,1,0
10000,broken,650,28,32,1,0
10000,broken,650,32,28,2,0
10000,broken,650,36,24,1,0
10000,broken,650,36,32,1,0
10000,broken,650,36,36,3,0
10000,broken,650,36,44,2,0
10000,broken,650,36,60,1,0
10000,broken,650,44,40,1,0
10000,broken,650,44,56,1,0
10000,broken,650,48,44,1,0
10000,broken,650,48,48,1,0
10000,broken,650,48,52,7,1
10000,broken,650,48,56,5,0
10000,broken,650,48,60,4,1
10000,broken,650,48,64,5,0
10000,broken,650,48,68,5,1
10000,broken,650,48,72,1,0
10000,broken,650,48,76,1,0
10000,broken,650,64,64,1,0
10000,broken,650,64,68,1,0
10000,broken,650,64,76,2,0
10000,broken,650,64,88,1,0
10000,broken,650,64,92,1,0
10000,broken,650,80,72,1,0
10000,broken,700,16,20,1,0
10000,broken,700,24,28,1,0
10000,broken,700,28,32,1,0
10000,broken,700,28,36,1,0
10000,broken,700,32,28,2,1
10000,broken,700,32,32,1,0
10000,broken,700,32,40,1,0
10000,broken,700,36,32,2,0
10000,broken,700,36,36,3,1
10000,broken,700,36,40,1,0
10000,broken,700,36,48,2,0
10000,broken,700,36,60,1,0
10000,broken,700,40,36,1,0
10000,broken,700,48,48,4,0
10000,broken,700,48,52,3,0
10000,broken,700,48,56,2,1
10000,broken,700,48,60,2,0
10000,broken,700,48,64,4,0
10000,broken,700,48,68,3,0
10000,broken,700,48,72,1,0
10000,broken,700,52,80,1,0
10000,broken,700,64,64,1,0
10000,broken,700,64,76,1,0
10000,broken,700,64,80,2,0
10000,broken,750,4,0,1,0
10000,broken,750,32,32,1,0
10000,broken,750,36,28,1,0
10000,broken,750,36,32,1,0
10000,broken,750,36,36,1,0
10000,broken,750,36,40,2,0
10000,broken,750,36,44,1,0
10000,broken,750,36,48,1,0
10000,broken,750,40,48,1,0
10000,broken,750,40,64,1,0
10000,broken,750,48,40,1,1
10000,broken,750,48,44,1,0
10000,broken,750,48,48,1,0
10000,broken,750,48,52,1,0
10000,broken,750,48,56,3,0
10000,broken,750,48,64,4,0
10000,broken,750,48,80,1,0
10000,broken,750,52,52,1,0
10000,broken,750,56,56,1,0
10000,broken,750,64,68,2,0
10000,broken,750,64,72,2,0
10000,broken,750,64,76,1,0
10000,broken,750,64,80,3,1
10000,broken,800,16,16,1,0
10000,broken,800,24,20,1,0
10000,broken,800,32,44,1,0
10000,broken,800,36,28,1,0
10000,broken,800,36,32,1,0
10000,broken,800,36,36,4,0
10000,broken,800,36,40,1,0
10000,broken,800,36,52,1,0
10000,broken,800,48,44,1,0
10000,broken,800,48,52,2,0
10000,broken,800,48,56,3,1
10000,broken,800,48,60,2,0
10000,broken,800,48,64,6,1
10000,broken,800,48,68,2,0
10000,broken,800,48,72,2,0
10000,broken,800,52,76,1,0
10000,broken,800,60,68,1,0
10000,broken,800,64,60,1,0
10000,broken,800,64,64,1,0
10000,broken,800,64,68,3,2
10000,broken,800,64,72,1,0
10000,broken,800,64,80,1,1
10000,broken,800,64,92,1,0
10000,broken,800,64,100,1,0
10000,broken,850,24,40,1,0
10000,broken,850,28,28,1,0
10000,broken,850,32,32,1,1
10000,broken,850,36,32,2,0
10000,broken,850,36,36,4,0
10000,broken,850,36,40,1,0
10000,broken,850,36,48,2,0
10000,broken,850,48,44,1,0
10000,broken,850,48,48,2,0
10000,broken,850,48,60,4,0
10000,broken,850,48,64,2,0
10000,broken,850,48,68,2,0
10000,broken,850,64,64,1,0
10000,broken,850,64,68,3,0
10000,broken,850,64,72,3,0
10000,broken,850,64,76,1,0
10000,broken,900,16,16,1,0
10000,broken,900,28,32,1,1
10000,broken,900,32,32,3,1
10000,broken,900,36,36,3,1
10000,broken,900,36,40,1,1
10000,broken,900,36,60,1,0
10000,broken,900,48,52,1,0
10000,broken,900,48,56,1,0
10000,broken,900,48,64,1,0
10000,broken,900,48,68,1,0
10000,broken,900,64,68,2,0
10000,broken,900,64,84,1,1
10000,broken,900,80,80,1,0
10000,broken,900,80,124,1,0
10000,broken,950,28,36,1,0
10000,broken,950,32,32,1,0
10000,broken,950,36,32,1,0
10000,broken,950,36,52,1,0
10000,broken,950,48,44,1,0
10000,broken,950,48,48,1,0
10000,broken,950,48,52,2,1
10000,broken,950,48,56,2,0
10000,broken,950,48,60,1,0
10000,broken,950,48,64,1,1
10000,broken,950,48,68,1,0
10000,broken,950,48,72,1,0
10000,broken,950,52,76,1,0
10000,broken,950,64,68,2,0
10000,broken,950,64,80,1,0
10000,broken,1000,16,16,1,1
10000,broken,1000,16,20,1,0
10000,broken,1000,32,32,2,0
10000,broken,1000,36,36,2,0
10000,broken,1000,36,44,1,0
10000,broken,1000,36,60,1,0
10000,broken,1000,36,64,1,0
10000,broken,1000,44,52,1,0
10000,broken,1000,48,44,2,0
10000,broken,1000,48,52,5,1
10000,broken,1000,48,56,2,0
10000,broken,1000,48,64,1,0
10000,broken,1000,48,68,1,0
10000,broken,1000,48,72,1,0
10000,broken,1000,48,76,1,0
10000,broken,1000,64,68,2,0
10000,broken,1000,64,76,1,0
10000,broken,1050,32,32,1,0
10000,broken,1050,36,32,1,0
10000,broken,1050,36,36,1,0
10000,broken,1050,36,56,1,0
10000,broken,1050,40,40,1,0
10000,broken,1050,48,56,2,1
10000,broken,1050,48,60,2,0
10000,broken,1050,48,64,1,0
10000,broken,1050,64,64,1,0
10000,broken,1100,32,32,2,0
10000,broken,1100,36,36,1,0
10000,broken,1100,36,52,1,0
10000,broken,1100,36,56,1,0
10000,broken,1100,48,48,1,0
10000,broken,1100,48,52,1,0
10000,broken,1100,48,64,1,0
10000,broken,1100,48,80,1,0
10000,broken,1100,52,52,1,0
10000,broken,1150,32,32,1,0
10000,broken,1150,36,28,1,1
10000,broken,1150,36,36,1,1
10000,broken,1150,48,52,1,0
10000,broken,1150,48,56,1,0
10000,broken,1150,48,60,2,0
10000,broken,1150,48,64,2,0
10000,broken,1150,48,72,1,0
10000,broken,1150,64,76,2,0
10000,broken,1150,64,92,1,0
10000,broken,1200,36,32,2,1
10000,broken,1200,36,40,2,0
10000,broken,1200,36,44,2,0
10000,broken,1200,48,44,1,0
10000,broken,1200,48,48,1,0
10000,broken,1200,48,52,1,1
10000,broken,1200,48,60,1,0
10000,broken,1200,48,68,1,0
10000,broken,1200,48,80,1,0
10000,broken,1200,64,68,1,0
10000,broken,1200,64,100,1,0
10000,broken,1250,48,48,1,0
10000,broken,1250,56,56,1,0
10000,broken,1250,64,64,1,1
10000,broken,1300,28,28,1,0
10000,broken,1300,28,32,1,0
10000,broken,1300,36,36,1,0
10000,broken,1300,36,60,1,1
10000,broken,1300,48,56,1,0
10000,broken,1300,64,80,1,0
10000,broken,1350,32,32,1,0
10000,broken,1350,36,48,1,0
10000,broken,1350,48,56,2,1
10000,broken,1350,48,68,1,0
10000,broken,1350,48,72,1,0
10000,broken,1350,64,60,1,1
10000,broken,1350,64,72,1,0
10000,broken,1350,72,116,1,0
10000,broken,1400,32,32,1,0
10000,broken,1400,48,52,1,0
10000,broken,1400,48,56,1,1
10000,broken,1450,48,64,1,1
10000,broken,1450,64,68,2,0
10000,broken,1450,64,76,1,1
10000,broken,1500,36,40,1,1
10000,broken,1500,48,44,1,0
10000,broken,1500,48,48,1,0
10000,broken,1500,48,60,1,0
10000,broken,1550,36,48,1,0
10000,broken,1600,36,52,1,1
10000,broken,1600,48,52,1,0
10000,broken,1600,48,68,1,1
10000,broken,1600,48,76,1,0
10000,broken,1650,36,36,1,0
10000,broken,1650,36,40,1,1
10000,broken,1650,48,68,1,0
10000,broken,1700,48,60,1,0
10000,broken,1750,32,32,2,1
10000,broken,1750,48,64,2,1
10000,broken,1850,40,48,2,1
10000,broken,1900,32,32,1,0
10000,broken,2000,36,36,1,0
10000,broken,2050,28,32,1,1
10000,broken,2050,64,76,1,0
10000,broken,2050,64,100,1,0
10000,broken,2400,48,64,1,1
10000,broken,3350,48,52,1,1
10000,broken,3650,40,36,1,1
10000,broken,4250,48,60,1,1
10000,wear,3400,36,40,1,1
10000,wear,4000,52,52,1,1
20000,hunger,0,0,0,2,0
20000,hunger,0,4,4,1,0
20000,hunger,0,4,8,1,0
20000,hunger,0,8,8,2,0
20000,hunger,0,8,12,2,0
20000,hunger,0,12,8,1,0
20000,hunger,0,12,12,2,0
20000,hunger,0,12,16,4,0
20000,hunger,0,12,20,1,0
20000,hunger,0,12,24,1,0
20000,hunger,0,16,12,1,0
20000,hunger,0,16,16,3,0
20000,hunger,0,16,20,5,0
20000,hunger,0,16,24,1,0
20000,hunger,0,20,24,2,0
20000,hunger,0,20,28,1,0
20000,hunger,0,24,28,2,0
20000,hunger,0,24,44,2,0
20000,hunger,0,28,32,1,0
20000,hunger,0,28,36,1,0
20000,hunger,0,32,36,1,0
20000,hunger,0,32,40,2,0
20000,hunger,0,36,32,1,0
20000,hunger,0,36,36,1,0
20000,hunger,0,36,40,1,0
20000,hunger,0,36,44,11,0
20000,hunger,0,36,48,3,0
20000,hunger,0,36,52,1,0
20000,hunger,0,36,56,3,0
20000,hunger,0,36,60,8,0
20000,hunger,0,36,64,4,0
20000,hunger,0,40,40,2,0
20000,hunger,0,40,48,1,0
20000,hunger,0,40,52,1,0
20000,hunger,0,44,44,1,0
20000,hunger,0,44,52,2,0
20000,hunger,0,44,56,1,0
20000,hunger,0,44,60,1,0
20000,hunger,0,48,44,1,0
20000,hunger,0,48,48,2,0
20000,hunger,0,48,52,12,0
20000,hunger,0,48,56,5,0
20000,hunger,0,48,60,11,0
20000,hunger,0,48,64,8,0
20000,hunger,0,48,68,2,0
20000,hunger,0,48,72,3,0
20000,hunger,0,48,76,1,0
20000,hunger,0,48,80,10,0
20000,hunger,0,48,84,6,0
20000,hunger,0,56,68,1,0
20000,hunger,0,56,76,1,0
20000,hunger,0,60,48,1,0
20000,hunger,0,60,68,2,0
20000,hunger,0,60,88,1,0
20000,hunger,0,64,60,2,0
20000,hunger,0,64,72,3,0
20000,hunger,0,64,76,1,0
20000,hunger,0,64,80,1,0
20000,hunger,0,64,84,1,0
20000,hunger,0,64,88,1,0
20000,hunger,0,64,92,3,0
20000,hunger,0,64,96,1,0
20000,hunger,0,64,100,1,0
20000,hunger,0,64,104,1,0
20000,hunger,0,64,108,3,0
20000,hunger,0,72,44,1,0
20000,hunger,0,80,128,1,0
20000,hunger,50,0,0,6,0
20000,hunger,50,0,4,1,0
20000,hunger,50,4,0,1,0
20000,hunger,50,4,4,6,0
20000,hunger,50,4,8,2,0
20000,hunger,50,4,12,2,0
20000,hunger,50,8,4,2,0
20000,hunger,50,8,8,10,0
20000,hunger,50,8,12,2,0
20000,hunger,50,8,20,1,0
20000,hunger,50,12,8,2,0
20000,hunger,50,12,12,2,0
20000,hunger,50,12,16,3,0
20000,hunger,50,16,8,1,0
20000,hunger,50,16,12,1,0
20000,hunger,50,16,16,2,0
20000,hunger,50,16,20,10,0
20000,hunger,50,16,24,5,0
20000,hunger,50,20,20,3,0
20000,hunger,50,20,24,12,1
20000,hunger,50,20,28,9,0
20000,hunger,50,20,32,1,0
20000,hunger,50,24,24,5,0
20000,hunger,50,24,28,11,0
20000,hunger,50,24,32,12,0
20000,hunger,50,24,36,2,0
20000,hunger,50,24,40,8,0
20000,hunger,50,24,44,4,0
20000,hunger,50,28,20,1,0
20000,hunger,50,28,28,3,0
20000,hunger,50,28,32,8,0
20000,hunger,50,28,36,9,0
20000,hunger,50,28,40,3,0
20000,hunger,50,28,48,1,0
20000,hunger,50,32,28,1,0
20000,hunger,50,32,32,2,0
20000,hunger,50,32,36,11,0
20000,hunger,50,32,40,5,0
20000,hunger,50,32,44,9,0
20000,hunger,50,32,52,1,0
20000,hunger,50,36,28,1,0
20000,hunger,50,36,32,2,0
20000,hunger,50,36,36,3,0
20000,hunger,50,36,40,3,0
20000,hunger,50,36,44,26,1
20000,hunger,50,36,48,26,0
20000,hunger,50,36,52,6,0
20000,hunger,50,36,56,10,0
20000,hunger,50,36,60,22,0
20000,hunger,50,36,64,7,0
20000,hunger,50,36,68,2,0
20000,hunger,50,36,72,1,0
20000,hunger,50,40,36,1,0
20000,hunger,50,40,40,1,0
20000,hunger,50,40,44,2,0
20000,hunger,50,40,48,7,0
20000,hunger,50,40,52,4,0
20000,hunger,50,40,56,3,0
20000,hunger,50,44,40,1,0
20000,hunger,50,44,48,1,0
20000,hunger,50,44,52,9,0
20000,hunger,50,44,56,8,0
20000,hunger,50,44,60,10,0
20000,hunger,50,44,64,1,0
20000,hunger,50,44,72,1,0
20000,hunger,50,48,36,2,0
20000,hunger,50,48,40,3,0
20000,hunger,50,48,44,3,0
20000,hunger,50,48,48,7,0
20000,hunger,50,48,52,19,0
20000,hunger,50,48,56,51,0
20000,hunger,50,48,60,67,0
20000,hunger,50,48,64,82,0
20000,hunger,50,48,68,17,0
20000,hunger,50,48,72,12,0
20000,hunger,50,48,76,3,1
20000,hunger,50,48,80,30,0
20000,hunger,50,48,84,62,0
20000,hunger,50,48,88,6,0
20000,hunger,50,48,100,1,0
20000,hunger,50,48,108,1,0
20000,hunger,50,48,112,1,0
20000,hunger,50,52,48,1,0
20000,hunger,50,52,64,1,0
20000,hunger,50,52,68,1,0
20000,hunger,50,52,72,1,0
20000,hunger,50,56,56,1,0
20000,hunger,50,56,68,2,0
20000,hunger,50,56,84,1,0
20000,hunger,50,60,48,1,0
20000,hunger,50,60,56,1,0
20000,hunger,50,60,60,1,0
20000,hunger,50,60,68,2,0
20000,hunger,50,60,76,3,0
20000,hunger,50,60,84,1,0
20000,hunger,50,60,92,1,0
20000,hunger,50,64,48,1,0
20000,hunger,50,64,52,3,0
20000,hunger,50,64,60,4,0
20000,hunger,50,64,64,4,0
20000,hunger,50,64,68,13,0
20000,hunger,50,64,72,9,0
20000,hunger,50,64,76,11,0
20000,hunger,50,64,80,11,1
20000,hunger,50,64,84,19,0
20000,hunger,50,64,88,8,0
20000,hunger,50,64,92,2,0
20000,hunger,50,64,96,6,0
20000,hunger,50,64,100,8,0
20000,hunger,50,64,104,8,0
20000,hunger,50,64,108,10,0
20000,hunger,50,64,112,3,0
20000,hunger,50,64,128,1,0
20000,hunger,50,64,148,1,0
20000,hunger,50,68,48,1,0
20000,hunger,50,68,72,1,0
20000,hunger,50,72,96,1,0
20000,hunger,50,76,116,1,0
20000,hunger,50,76,120,1,0
20000,hunger,50,76,124,1,0
20000,hunger,50,76,132,1,0
20000,hunger,50,80,80,1,0
20000,hunger,50,80,84,1,0
20000,hunger,50,80,88,4,0
20000,hunger,50,80,92,2,0
20000,hunger,50,80,100,5,0
20000,hunger,50,80,104,3,0
20000,hunger,50,80,112,2,0
20000,hunger,50,80,116,3,0
20000,hunger,50,80,120,1,0
20000,hunger,50,80,124,2,0
20000,hunger,50,80,132,1,0
20000,hunger,50,80,136,1,0
20000,hunger,50,80,140,1,0
20000,hunger,50,80,144,1,0
20000,hunger,50,100,88,1,0
20000,hunger,50,100,96,1,0
20000,hunger,50,100,160,1,0
20000,hunger,50,116,108,1,0
20000,hunger,50,120,128,1,0
20000,hunger,100,0,0,2,0
20000,hunger,100,4,0,2,0
20000,hunger,100,4,4,4,0
20000,hunger,100,4,8,1,0
20000,hunger,100,8,8,4,0
20000,hunger,100,8,12,3,1
20000,hunger,100,12,8,1,0
20000,hunger,100,12,12,2,0
20000,hunger,100,12,16,9,0
20000,hunger,100,12,20,2,0
20000,hunger,100,12,24,1,0
20000,hunger,100,16,16,2,0
20000,hunger,100,16,20,5,0
20000,hunger,100,16,24,1,0
20000,hunger,100,20,24,7,0
20000,hunger,100,20,28,4,0
20000,hunger,100,20,32,3,0
20000,hunger,100,20,36,2,0
20000,hunger,100,24,24,11,0
20000,hunger,100,24,28,9,0
20000,hunger,100,24,32,7,0
20000,hunger,100,24,36,5,0
20000,hunger,100,24,40,8,0
20000,hunger,100,24,44,27,1
20000,hunger,100,24,48,1,0
20000,hunger,100,28,32,3,0
20000,hunger,100,28,36,6,0
20000,hunger,100,28,40,3,0
20000,hunger,100,28,44,1,1
20000,hunger,100,32,28,1,0
20000,hunger,100,32,32,2,0
20000,hunger,100,32,36,12,0
20000,hunger,100,32,40,15,0
20000,hunger,100,32,44,10,0
20000,hunger,100,32,56,1,0
20000,hunger,100,36,36,2,0
20000,hunger,100,36,40,11,0
20000,hunger,100,36,44,33,1
20000,hunger,100,36,48,37,1
20000,hunger,100,36,52,9,0
20000,hunger,100,36,56,10,0
20000,hunger,100,36,60,51,0
20000,hunger,100,36,64,40,0
20000,hunger,100,36,68,2,0
20000,hunger,100,36,80,1,0
20000,hunger,100,40,36,1,0
20000,hunger,100,40,40,1,0
20000,hunger,100,40,44,6,0
20000,hunger,100,40,48,13,0
20000,hunger,100,40,52,8,0
20000,hunger,100,40,56,11,0
20000,hunger,100,40,60,6,0
20000,hunger,100,40,64,1,0
20000,hunger,100,40,68,1,0
20000,hunger,100,44,40,1,0
20000,hunger,100,44,44,2,0
20000,hunger,100,44,48,5,0
20000,hunger,100,44,52,13,0
20000,hunger,100,44,56,20,1
20000,hunger,100,44,60,10,0
20000,hunger,100,44,64,1,0
20000,hunger,100,44,68,4,0
20000,hunger,100,44,72,1,0
20000,hunger,100,48,44,4,0
20000,hunger,100,48,48,7,0
20000,hunger,100,48,52,18,0
20000,hunger,100,48,56,73,0
20000,hunger,100,48,60,105,0
20000,hunger,100,48,64,134,3
20000,hunger,100,48,68,27,0
20000,hunger,100,48,72,9,0
20000,hunger,100,48,76,13,0
20000,hunger,100,48,80,50,0
20000,hunger,100,48,84,130,3
20000,hunger,100,48,88,14,1
20000,hunger,100,48,92,2,0
20000,hunger,100,48,96,3,0
20000,hunger,100,48,104,2,0
20000,hunger,100,48,108,1,0
20000,hunger,100,52,60,2,0
20000,hunger,100,52,64,2,0
20000,hunger,100,52,68,5,0
20000,hunger,100,52,72,1,0
20000,hunger,100,52,76,4,0
20000,hunger,100,56,56,3,0
20000,hunger,100,56,64,1,0
20000,hunger,100,56,68,2,1
20000,hunger,100,56,72,2,0
20000,hunger,100,56,76,1,0
20000,hunger,100,56,80,1,0
20000,hunger,100,56,88,1,0
20000,hunger,100,60,56,2,0
20000,hunger,100,60,68,2,0
20000,hunger,100,60,72,1,0
20000,hunger,100,60,76,6,0
20000,hunger,100,60,80,4,0
20000,hunger,100,60,84,1,0
20000,hunger,100,60,88,2,0
20000,hunger,100,60,104,1,0
20000,hunger,100,64,56,2,0
20000,hunger,100,64,60,3,0
20000,hunger,100,64,64,4,0
20000,hunger,100,64,68,10,0
20000,hunger,100,64,72,10,0
20000,hunger,100,64,76,23,0
20000,hunger,100,64,80,20,0
20000,hunger,100,64,84,20,0
20000,hunger,100,64,88,22,1
20000,hunger,100,64,92,11,0
20000,hunger,100,64,96,4,0
20000,hunger,100,64,100,9,0
20000,hunger,100,64,104,6,0
20000,hunger,100,64,108,4,0
20000,hunger,100,64,112,2,0
20000,hunger,100,64,116,1,0
20000,hunger,100,64,120,1,0
20000,hunger,100,64,132,1,0
20000,hunger,100,64,148,1,0
20000,hunger,100,72,72,1,0
20000,hunger,100,72,116,4,0
20000,hunger,100,76,100,1,0
20000,hunger,100,76,104,1,0
20000,hunger,100,76,132,1,0
20000,hunger,100,80,84,2,0
20000,hunger,100,80,88,9,0
20000,hunger,100,80,92,4,0
20000,hunger,100,80,96,2,0
20000,hunger,100,80,100,3,0
20000,hunger,100,80,104,7,0
20000,hunger,100,80,108,3,0
20000,hunger,100,80,112,3,0
20000,hunger,100,80,120,1,0
20000,hunger,100,80,124,3,0
20000,hunger,100,80,128,2,0
20000,hunger,100,80,196,1,0
20000,hunger,100,100,104,2,0
20000,hunger,100,112,112,1,0
20000,hunger,150,0,0,1,0
20000,hunger,150,4,8,1,0
20000,hunger,150,8,8,6,0
20000,hunger,150,8,12,2,0
20000,hunger,150,12,12,1,0
20000,hunger,150,12,16,6,0
20000,hunger,150,12,20,1,0
20000,hunger,150,12,24,1,0
20000,hunger,150,16,16,1,0
20000,hunger,150,16,20,4,0
20000,hunger,150,20,20,1,0
20000,hunger,150,20,24,6,0
20000,hunger,150,20,28,9,0
20000,hunger,150,20,32,1,0
20000,hunger,150,20,36,1,0
20000,hunger,150,24,24,4,0
20000,hunger,150,24,28,4,0
20000,hunger,150,24,32,5,1
20000,hunger,150,24,36,5,0
20000,hunger,150,24,40,4,0
20000,hunger,150,24,44,24,0
20000,hunger,150,24,52,1,0
20000,hunger,150,28,28,1,0
20000,hunger,150,28,32,5,0
20000,hunger,150,28,36,8,0
20000,hunger,150,28,40,6,1
20000,hunger,150,28,44,1,0
20000,hunger,150,28,52,1,0
20000,hunger,150,28,68,1,0
20000,hunger,150,32,28,2,0
20000,hunger,150,32,36,7,0
20000,hunger,150,32,40,9,0
20000,hunger,150,32,44,9,0
20000,hunger,150,32,48,3,0
20000,hunger,150,32,52,2,0
20000,hunger,150,32,60,1,0
20000,hunger,150,36,28,2,0
20000,hunger,150,36,36,1,0
20000,hunger,150,36,40,4,0
20000,hunger,150,36,44,31,0
20000,hunger,150,36,48,21,1
20000,hunger,150,36,52,5,0
20000,hunger,150,36,56,10,0
20000,hunger,150,36,60,34,0
20000,hunger,150,36,64,42,0
20000,hunger,150,36,68,5,0
20000,hunger,150,36,72,2,0
20000,hunger,150,36,76,1,0
20000,hunger,150,36,92,1,0
20000,hunger,150,40,36,1,0
20000,hunger,150,40,44,7,0
20000,hunger,150,40,48,4,0
20000,hunger,150,40,52,9,0
20000,hunger,150,40,56,9,0
20000,hunger,150,40,60,5,0
20000,hunger,150,40,64,1,0
20000,hunger,150,40,68,1,0
20000,hunger,150,44,44,1,0
20000,hunger,150,44,48,5,0
20000,hunger,150,44,52,8,0
20000,hunger,150,44,56,14,0
20000,hunger,150,44,60,6,0
20000,hunger,150,44,64,4,0
20000,hunger,150,44,68,1,0
20000,hunger,150,44,80,1,0
20000,hunger,150,48,36,1,1
20000,hunger,150,48,40,2,0
20000,hunger,150,48,44,1,0
20000,hunger,150,48,48,2,0
20000,hunger,150,48,52,18,0
20000,hunger,150,48,56,69,0
20000,hunger,150,48,60,100,2
20000,hunger,150,48,64,119,3
20000,hunger,150,48,68,19,0
20000,hunger,150,48,72,12,0
20000,hunger,150,48,76,5,0
20000,hunger,150,48,80,33,0
20000,hunger,150,48,84,87,0
20000,hunger,150,48,88,14,0
20000,hunger,150,48,92,4,0
20000,hunger,150,48,96,4,0
20000,hunger,150,48,100,1,0
20000,hunger,150,48,108,1,0
20000,hunger,150,48,116,1,0
20000,hunger,150,48,124,2,0
20000,hunger,150,52,64,1,0
20000,hunger,150,52,68,2,0
20000,hunger,150,52,72,1,0
20000,hunger,150,56,60,1,0
20000,hunger,150,56,64,1,0
20000,hunger,150,56,68,2,0
20000,hunger,150,56,72,4,0
20000,hunger,150,56,76,1,0
20000,hunger,150,56,80,2,0
20000,hunger,150,56,88,1,0
20000,hunger,150,60,48,1,0
20000,hunger,150,60,72,2,0
20000,hunger,150,60,76,4,0
20000,hunger,150,60,80,3,0
20000,hunger,150,60,84,1,0
20000,hunger,150,64,52,1,0
20000,hunger,150,64,60,8,0
20000,hunger,150,64,64,3,0
20000,hunger,150,64,68,6,0
20000,hunger,150,64,72,11,0
20000,hunger,150,64,76,11,0
20000,hunger,150,64,80,24,0
20000,hunger,150,64,84,25,0
20000,hunger,150,64,88,20,0
20000,hunger,150,64,92,12,0
20000,hunger,150,64,96,3,0
20000,hunger,150,64,100,10,0
20000,hunger,150,64,104,3,0
20000,hunger,150,64,108,5,1
20000,hunger,150,64,112,2,0
20000,hunger,150,64,116,2,0
20000,hunger,150,64,128,1,0
20000,hunger,150,64,144,1,0
20000,hunger,150,68,56,1,0
20000,hunger,150,68,88,1,1
20000,hunger,150,68,96,1,0
20000,hunger,150,72,68,1,0
20000,hunger,150,72,76,1,0
20000,hunger,150,72,116,4,0
20000,hunger,150,76,116,1,0
20000,hunger,150,80,84,2,0
20000,hunger,150,80,88,3,1
20000,hunger,150,80,92,2,0
20000,hunger,150,80,96,1,0
20000,hunger,150,80,104,4,0
20000,hunger,150,80,108,5,0
20000,hunger,150,80,112,1,0
20000,hunger,150,80,116,1,0
20000,hunger,150,80,120,2,0
20000,hunger,150,80,124,4,0
20000,hunger,150,100,104,1,0
20000,hunger,200,4,8,1,0
20000,hunger,200,8,8,4,0
20000,hunger,200,12,8,2,0
20000,hunger,200,12,16,1,0
20000,hunger,200,16,12,1,0
20000,hunger,200,16,16,1,0
20000,hunger,200,16,20,4,0
20000,hunger,200,16,40,1,0
20000,hunger,200,20,20,1,0
20000,hunger,200,20,24,6,0
20000,hunger,200,20,28,5,0
20000,hunger,200,20,36,3,0
20000,hunger,200,24,24,4,0
20000,hunger,200,24,28,5,0
20000,hunger,200,24,32,8,0
20000,hunger,200,24,36,1,0
20000,hunger,200,24,40,8,0
20000,hunger,200,24,44,22,0
20000,hunger,200,28,32,2,0
20000,hunger,200,28,36,6,0
20000,hunger,200,28,40,5,0
20000,hunger,200,28,44,1,0
20000,hunger,200,32,36,6,0
20000,hunger,200,32,40,6,0
20000,hunger,200,32,44,10,0
20000,hunger,200,32,48,2,0
20000,hunger,200,32,52,1,0
20000,hunger,200,32,64,1,0
20000,hunger,200,36,28,1,0
20000,hunger,200,36,36,1,0
20000,hunger,200,36,40,3,0
20000,hunger,200,36,44,23,1
20000,hunger,200,36,48,34,0
20000,hunger,200,36,52,3,0
20000,hunger,200,36,56,6,0
20000,hunger,200,36,60,42,0
20000,hunger,200,36,64,35,0
20000,hunger,200,36,68,1,0
20000,hunger,200,36,72,3,0
20000,hunger,200,40,44,5,0
20000,hunger,200,40,48,6,0
20000,hunger,200,40,52,7,0
20000,hunger,200,40,56,8,0
20000,hunger,200,40,60,3,0
20000,hunger,200,40,64,2,0
20000,hunger,200,44,44,1,0
20000,hunger,200,44,48,4,0
20000,hunger,200,44,52,8,0
20000,hunger,200,44,56,14,0
20000,hunger,200,44,60,8,0
20000,hunger,200,44,64,3,0
20000,hunger,200,44,68,1,0
20000,hunger,200,44,72,2,0
20000,hunger,200,48,40,1,0
20000,hunger,200,48,44,1,0
20000,hunger,200,48,48,6,0
20000,hunger,200,48,52,11,0
20000,hunger,200,48,56,59,1
20000,hunger,200,48,60,91,1
20000,hunger,200,48,64,121,1
20000,hunger,200,48,68,34,0
20000,hunger,200,48,72,12,1
20000,hunger,200,48,76,8,0
20000,hunger,200,48,80,28,0
20000,hunger,200,48,84,66,0
20000,hunger,200,48,88,9,0
20000,hunger,200,48,92,2,0
20000,hunger,200,48,96,1,0
20000,hunger,200,48,100,1,0
20000,hunger,200,48,104,1,0
20000,hunger,200,48,108,1,0
20000,hunger,200,52,52,1,0
20000,hunger,200,52,56,1,0
20000,hunger,200,52,68,4,0
20000,hunger,200,52,72,3,0
20000,hunger,200,56,60,2,0
20000,hunger,200,56,64,1,0
20000,hunger,200,56,68,1,0
20000,hunger,200,56,72,3,0
20000,hunger,200,56,76,5,0
20000,hunger,200,56,80,1,0
20000,hunger,200,56,84,1,0
20000,hunger,200,60,56,1,0
20000,hunger,200,60,60,1,0
20000,hunger,200,60,64,1,0
20000,hunger,200,60,68,1,0
20000,hunger,200,60,72,1,0
20000,hunger,200,60,76,1,0
20000,hunger,200,60,80,3,0
20000,hunger,200,60,84,2,0
20000,hunger,200,60,88,1,0
20000,hunger,200,60,92,2,0
20000,hunger,200,60,108,1,0
20000,hunger,200,64,56,1,0
20000,hunger,200,64,60,10,0
20000,hunger,200,64,64,5,1
20000,hunger,200,64,68,5,0
20000,hunger,200,64,72,14,0
20000,hunger,200,64,76,24,0
20000,hunger,200,64,80,17,1
20000,hunger,200,64,84,20,1
20000,hunger,200,64,88,23,0
20000,hunger,200,64,92,13,0
20000,hunger,200,64,96,11,0
20000,hunger,200,64,100,14,1
20000,hunger,200,64,104,2,0
20000,hunger,200,64,108,6,0
20000,hunger,200,64,112,2,0
20000,hunger,200,64,116,1,0
20000,hunger,200,64,144,1,0
20000,hunger,200,68,60,1,0
20000,hunger,200,72,116,6,0
20000,hunger,200,76,80,1,0
20000,hunger,200,76,108,1,0
20000,hunger,200,76,124,1,0
20000,hunger,200,76,152,1,0
20000,hunger,200,80,80,1,0
20000,hunger,200,80,84,1,0
20000,hunger,200,80,88,9,0
20000,hunger,200,80,92,4,0
20000,hunger,200,80,96,1,0
20000,hunger,200,80,100,3,0
20000,hunger,200,80,104,6,1
20000,hunger,200,80,108,5,0
20000,hunger,200,80,112,1,0
20000,hunger,200,80,116,1,0
20000,hunger,200,80,124,3,0
20000,hunger,200,80,128,1,0
20000,hunger,200,80,132,1,0
20000,hunger,200,80,136,1,0
20000,hunger,200,92,92,1,0
20000,hunger,200,100,88,2,0
20000,hunger,200,100,108,1,0
20000,hunger,200,100,124,1,0
20000,hunger,200,100,152,1,0
20000,hunger,250,0,0,1,0
20000,hunger,250,0,4,1,0
20000,hunger,250,8,8,3,0
20000,hunger,250,12,12,1,0
20000,hunger,250,12,16,1,0
20000,hunger,250,16,20,6,0
20000,hunger,250,16,40,1,0
20000,hunger,250,20,20,1,0
20000,hunger,250,20,24,1,0
20000,hunger,250,20,28,5,0
20000,hunger,250,20,36,1,0
20000,hunger,250,24,24,3,0
20000,hunger,250,24,28,2,0
20000,hunger,250,24,32,4,0
20000,hunger,250,24,36,2,0
20000,hunger,250,24,40,3,0
20000,hunger,250,24,44,20,2
20000,hunger,250,28,32,1,0
20000,hunger,250,28,36,5,0
20000,hunger,250,28,40,4,0
20000,hunger,250,28,48,1,0
20000,hunger,250,32,36,7,0
20000,hunger,250,32,40,7,0
20000,hunger,250,32,44,7,0
20000,hunger,250,32,52,2,0
20000,hunger,250,32,60,1,0
20000,hunger,250,36,28,1,0
20000,hunger,250,36,36,1,0
20000,hunger,250,36,40,5,0
20000,hunger,250,36,44,24,0
20000,hunger,250,36,48,22,1
20000,hunger,250,36,52,2,0
20000,hunger,250,36,56,5,1
20000,hunger,250,36,60,26,0
20000,hunger,250,36,64,39,0
20000,hunger,250,36,68,4,0
20000,hunger,250,36,76,1,0
20000,hunger,250,36,80,1,0
20000,hunger,250,40,40,1,0
20000,hunger,250,40,44,1,0
20000,hunger,250,40,48,5,0
20000,hunger,250,40,52,5,0
20000,hunger,250,40,56,5,0
20000,hunger,250,40,60,1,0
20000,hunger,250,44,48,1,0
20000,hunger,250,44,52,6,1
20000,hunger,250,44,56,10,0
20000,hunger,250,44,60,6,0
20000,hunger,250,44,64,3,0
20000,hunger,250,44,68,1,0
20000,hunger,250,48,44,1,0
20000,hunger,250,48,48,3,0
20000,hunger,250,48,52,8,0
20000,hunger,250,48,56,55,0
20000,hunger,250,48,60,96,2
20000,hunger,250,48,64,113,1
20000,hunger,250,48,68,29,0
20000,hunger,250,48,72,9,0
20000,hunger,250,48,76,7,0
20000,hunger,250,48,80,31,0
20000,hunger,250,48,84,46,0
20000,hunger,250,48,88,7,0
20000,hunger,250,48,92,1,0
20000,hunger,250,48,108,4,0
20000,hunger,250,48,116,1,0
20000,hunger,250,48,128,1,0
20000,hunger,250,52,64,2,0
20000,hunger,250,52,68,5,0
20000,hunger,250,52,72,2,0
20000,hunger,250,56,56,2,0
20000,hunger,250,56,60,1,0
20000,hunger,250,56,72,2,0
20000,hunger,250,56,76,2,0
20000,hunger,250,56,88,1,0
20000,hunger,250,60,56,1,0
20000,hunger,250,60,80,2,0
20000,hunger,250,60,88,1,0
20000,hunger,250,60,92,2,0
20000,hunger,250,64,48,1,0
20000,hunger,250,64,60,2,0
20000,hunger,250,64,64,4,0
20000,hunger,250,64,68,6,0
20000,hunger,250,64,72,5,0
20000,hunger,250,64,76,16,0
20000,hunger,250,64,80,19,0
20000,hunger,250,64,84,22,1
20000,hunger,250,64,88,17,0
20000,hunger,250,64,92,8,0
20000,hunger,250,64,96,5,0
20000,hunger,250,64,100,4,0
20000,hunger,250,64,104,4,0
20000,hunger,250,64,108,1,0
20000,hunger,250,64,128,1,0
20000,hunger,250,64,132,1,0
20000,hunger,250,64,136,1,0
20000,hunger,250,72,68,1,0
20000,hunger,250,72,92,1,0
20000,hunger,250,72,116,1,0
20000,hunger,250,76,96,1,0
20000,hunger,250,76,112,1,0
20000,hunger,250,76,116,1,0
20000,hunger,250,80,68,3,1
20000,hunger,250,80,88,11,0
20000,hunger,250,80,92,1,1
20000,hunger,250,80,96,2,0
20000,hunger,250,80,100,4,0
20000,hunger,250,80,104,4,0
20000,hunger,250,80,108,4,0
20000,hunger,250,80,112,2,0
20000,hunger,250,80,120,2,0
20000,hunger,250,80,124,4,0
20000,hunger,250,92,92,1,0
20000,hunger,250,100,96,1,0
20000,hunger,250,100,108,1,0
20000,hunger,250,100,152,1,0
20000,hunger,300,8,8,1,0
20000,hunger,300,12,16,1,0
20000,hunger,300,16,16,1,0
20000,hunger,300,16,20,1,0
20000,hunger,300,16,24,1,0
20000,hunger,300,20,24,1,0
20000,hunger,300,20,28,2,0
20000,hunger,300,20,32,2,0
20000,hunger,300,24,24,2,0
20000,hunger,300,24,36,1,0
20000,hunger,300,24,40,5,0
20000,hunger,300,24,44,13,0
20000,hunger,300,28,32,1,0
20000,hunger,300,28,36,2,0
20000,hunger,300,28,40,1,0
20000,hunger,300,32,36,2,0
20000,hunger,300,32,40,6,0
20000,hunger,300,32,44,11,0
20000,hunger,300,32,52,1,0
20000,hunger,300,32,56,1,0
20000,hunger,300,36,32,1,0
20000,hunger,300,36,36,1,0
20000,hunger,300,36,40,1,0
20000,hunger,300,36,44,17,0
20000,hunger,300,36,48,26,0
20000,hunger,300,36,52,3,0
20000,hunger,300,36,56,7,0
20000,hunger,300,36,60,14,0
20000,hunger,300,36,64,28,0
20000,hunger,300,36,72,2,1
20000,hunger,300,36,76,1,0
20000,hunger,300,40,36,2,0
20000,hunger,300,40,40,1,0
20000,hunger,300,40,48,7,0
20000,hunger,300,40,52,6,0
20000,hunger,300,40,56,5,0
20000,hunger,300,40,60,2,0
20000,hunger,300,40,64,2,0
20000,hunger,300,44,44,1,0
20000,hunger,300,44,48,3,0
20000,hunger,300,44,52,6,0
20000,hunger,300,44,56,9,0
20000,hunger,300,44,60,5,0
20000,hunger,300,44,64,2,0
20000,hunger,300,44,68,1,0
20000,hunger,300,48,36,1,0
20000,hunger,300,48,48,4,0
20000,hunger,300,48,52,12,0
20000,hunger,300,48,56,37,1
20000,hunger,300,48,60,91,1
20000,hunger,300,48,64,104,0
20000,hunger,300,48,68,21,1
20000,hunger,300,48,72,8,0
20000,hunger,300,48,76,6,0
20000,hunger,300,48,80,27,0
20000,hunger,300,48,84,58,1
20000,hunger,300,48,88,4,0
20000,hunger,300,48,92,3,0
20000,hunger,300,48,96,1,0
20000,hunger,300,52,60,1,0
20000,hunger,300,52,68,1,0
20000,hunger,300,52,72,1,0
20000,hunger,300,56,72,3,0
20000,hunger,300,56,80,2,1
20000,hunger,300,56,88,1,0
20000,hunger,300,60,56,1,0
20000,hunger,300,60,60,1,0
20000,hunger,300,60,68,1,0
20000,hunger,300,60,72,1,0
20000,hunger,300,60,80,4,0
20000,hunger,300,60,96,1,0
20000,hunger,300,60,104,1,0
20000,hunger,300,64,60,3,0
20000,hunger,300,64,64,1,0
20000,hunger,300,64,68,3,0
20000,hunger,300,64,72,10,0
20000,hunger,300,64,76,11,0
20000,hunger,300,64,80,24,1
20000,hunger,300,64,84,22,1
20000,hunger,300,64,88,24,0
20000,hunger,300,64,92,7,1
20000,hunger,300,64,96,7,0
20000,hunger,300,64,100,4,0
20000,hunger,300,64,104,9,1
20000,hunger,300,64,108,3,0
20000,hunger,300,64,112,1,0
20000,hunger,300,64,120,1,0
20000,hunger,300,64,128,1,0
20000,hunger,300,64,152,1,0
20000,hunger,300,72,96,1,0
20000,hunger,300,72,116,2,0
20000,hunger,300,76,100,1,0
20000,hunger,300,76,104,1,0
20000,hunger,300,76,108,1,0
20000,hunger,300,76,116,2,0
20000,hunger,300,76,132,1,0
20000,hunger,300,80,84,1,0
20000,hunger,300,80,88,5,1
20000,hunger,300,80,92,2,0
20000,hunger,300,80,96,1,0
20000,hunger,300,80,100,2,0
20000,hunger,300,80,104,3,0
20000,hunger,300,80,108,3,0
20000,hunger,300,80,112,1,0
20000,hunger,300,80,116,4,0
20000,hunger,300,80,124,2,0
20000,hunger,300,80,148,1,0
20000,hunger,300,88,88,2,0
20000,hunger,300,100,124,1,0
20000,hunger,300,100,136,1,0
20000,hunger,300,100,140,1,0
20000,hunger,350,16,20,4,0
20000,hunger,350,20,24,1,0
20000,hunger,350,20,28,1,0
20000,hunger,350,20,32,1,0
20000,hunger,350,20,36,2,0
20000,hunger,350,24,24,1,0
20000,hunger,350,24,28,2,0
20000,hunger,350,24,32,2,0
20000,hunger,350,24,40,7,0
20000,hunger,350,24,44,16,0
20000,hunger,350,28,32,2,0
20000,hunger,350,28,40,2,0
20000,hunger,350,28,44,1,0
20000,hunger,350,28,52,1,0
20000,hunger,350,32,36,2,0
20000,hunger,350,32,40,6,1
20000,hunger,350,32,44,3,0
20000,hunger,350,32,48,1,0
20000,hunger,350,32,56,1,0
20000,hunger,350,32,64,1,0
20000,hunger,350,36,40,4,0
20000,hunger,350,36,44,13,0
20000,hunger,350,36,48,18,0
20000,hunger,350,36,52,3,0
20000,hunger,350,36,56,3,1
20000,hunger,350,36,60,27,0
20000,hunger,350,36,64,23,1
20000,hunger,350,36,68,2,0
20000,hunger,350,36,72,1,0
20000,hunger,350,40,44,5,0
20000,hunger,350,40,48,4,0
20000,hunger,350,40,52,5,0
20000,hunger,350,40,56,6,0
20000,hunger,350,40,68,1,0
20000,hunger,350,44,44,1,0
20000,hunger,350,44,48,2,0
20000,hunger,350,44,52,6,0
20000,hunger,350,44,56,7,0
20000,hunger,350,44,60,6,0
20000,hunger,350,44,64,4,0
20000,hunger,350,44,68,3,1
20000,hunger,350,44,72,1,0
20000,hunger,350,48,44,1,0
20000,hunger,350,48,48,1,0
20000,hunger,350,48,52,6,0
20000,hunger,350,48,56,25,0
20000,hunger,350,48,60,75,1
20000,hunger,350,48,64,91,1
20000,hunger,350,48,68,29,0
20000,hunger,350,48,72,6,0
20000,hunger,350,48,76,3,0
20000,hunger,350,48,80,23,0
20000,hunger,350,48,84,53,0
20000,hunger,350,48,88,2,0
20000,hunger,350,48,92,1,0
20000,hunger,350,48,96,1,0
20000,hunger,350,52,64,2,0
20000,hunger,350,52,72,1,0
20000,hunger,350,52,76,1,1
20000,hunger,350,56,72,1,0
20000,hunger,350,56,76,3,0
20000,hunger,350,56,84,1,0
20000,hunger,350,56,88,2,1
20000,hunger,350,56,100,1,0
20000,hunger,350,60,56,1,0
20000,hunger,350,60,72,1,0
20000,hunger,350,64,56,1,0
20000,hunger,350,64,60,4,0
20000,hunger,350,64,64,1,0
20000,hunger,350,64,68,2,0
20000,hunger,350,64,72,5,0
20000,hunger,350,64,76,11,0
20000,hunger,350,64,80,12,0
20000,hunger,350,64,84,17,1
20000,hunger,350,64,88,19,0
20000,hunger,350,64,92,17,0
20000,hunger,350,64,96,9,1
20000,hunger,350,64,100,2,0
20000,hunger,350,64,104,5,1
20000,hunger,350,64,108,1,0
20000,hunger,350,64,112,1,0
20000,hunger,350,64,116,1,0
20000,hunger,350,64,128,1,0
20000,hunger,350,64,136,1,0
20000,hunger,350,72,116,5,0
20000,hunger,350,76,96,1,0
20000,hunger,350,76,104,2,0
20000,hunger,350,76,124,1,0
20000,hunger,350,80,88,8,0
20000,hunger,350,80,92,3,0
20000,hunger,350,80,104,3,0
20000,hunger,350,80,108,4,1
20000,hunger,350,80,112,1,0
20000,hunger,350,80,116,8,0
20000,hunger,350,80,120,1,0
20000,hunger,350,80,124,2,0
20000,hunger,350,80,188,1,0
20000,hunger,350,100,88,1,0
20000,hunger,350,100,92,1,0
20000,hunger,350,100,108,1,0
20000,hunger,400,4,4,1,0
20000,hunger,400,16,20,1,1
20000,hunger,400,20,44,1,0
20000,hunger,400,24,24,1,0
20000,hunger,400,24,28,1,0
20000,hunger,400,24,36,2,0
20000,hunger,400,24,40,4,0
20000,hunger,400,24,44,19,1
20000,hunger,400,28,32,1,0
20000,hunger,400,28,36,1,0
20000,hunger,400,28,40,2,0
20000,hunger,400,28,48,1,0
20000,hunger,400,32,36,2,0
20000,hunger,400,32,40,2,0
20000,hunger,400,32,44,4,0
20000,hunger,400,32,48,1,0
20000,hunger,400,32,52,1,0
20000,hunger,400,32,56,2,1
20000,hunger,400,32,60,2,0
20000,hunger,400,32,80,1,0
20000,hunger,400,36,40,2,0
20000,hunger,400,36,44,8,0
20000,hunger,400,36,48,16,1
20000,hunger,400,36,52,1,0
20000,hunger,400,36,56,6,0
20000,hunger,400,36,60,27,2
20000,hunger,400,36,64,24,0
20000,hunger,400,36,68,2,0
20000,hunger,400,40,48,5,0
20000,hunger,400,40,52,3,0
20000,hunger,400,40,56,3,0
20000,hunger,400,44,48,1,0
20000,hunger,400,44,52,3,0
20000,hunger,400,44,56,4,0
20000,hunger,400,44,60,3,0
20000,hunger,400,44,68,1,0
20000,hunger,400,44,80,1,0
20000,hunger,400,48,48,1,0
20000,hunger,400,48,52,1,0
20000,hunger,400,48,56,27,2
20000,hunger,400,48,60,42,0
20000,hunger,400,48,64,81,3
20000,hunger,400,48,68,14,0
20000,hunger,400,48,72,7,0
20000,hunger,400,48,76,5,0
20000,hunger,400,48,80,11,0
20000,hunger,400,48,84,35,1
20000,hunger,400,48,88,6,0
20000,hunger,400,48,92,1,0
20000,hunger,400,48,96,2,0
20000,hunger,400,52,64,2,1
20000,hunger,400,52,76,2,0
20000,hunger,400,56,56,1,0
20000,hunger,400,56,60,1,0
20000,hunger,400,56,76,1,0
20000,hunger,400,56,80,1,0
20000,hunger,400,56,84,1,0
20000,hunger,400,60,56,2,0
20000,hunger,400,60,68,1,0
20000,hunger,400,60,80,2,0
20000,hunger,400,60,84,1,0
20000,hunger,400,64,64,1,0
20000,hunger,400,64,68,1,0
20000,hunger,400,64,76,9,0
20000,hunger,400,64,80,7,0
20000,hunger,400,64,84,13,1
20000,hunger,400,64,88,13,0
20000,hunger,400,64,92,5,0
20000,hunger,400,64,96,8,1
20000,hunger,400,64,100,8,0
20000,hunger,400,64,108,3,0
20000,hunger,400,64,112,1,0
20000,hunger,400,64,120,1,0
20000,hunger,400,72,72,1,0
20000,hunger,400,72,92,1,0
20000,hunger,400,72,116,1,0
20000,hunger,400,76,116,1,0
20000,hunger,400,76,124,1,0
20000,hunger,400,80,88,6,0
20000,hunger,400,80,92,1,0
20000,hunger,400,80,100,2,0
20000,hunger,400,80,104,4,0
20000,hunger,400,80,108,2,0
20000,hunger,400,80,116,1,0
20000,hunger,400,80,136,1,0
20000,hunger,450,16,20,3,1
20000,hunger,450,16,28,1,0
20000,hunger,450,20,28,1,0
20000,hunger,450,20,36,1,0
20000,hunger,450,20,40,1,0
20000,hunger,450,24,24,1,0
20000,hunger,450,24,28,2,0
20000,hunger,450,24,32,3,0
20000,hunger,450,24,40,5,0
20000,hunger,450,24,44,13,0
20000,hunger,450,24,48,2,0
20000,hunger,450,28,36,2,0
20000,hunger,450,32,44,3,0
20000,hunger,450,32,56,1,0
20000,hunger,450,36,44,5,0
20000,hunger,450,36,48,12,0
20000,hunger,450,36,52,6,0
20000,hunger,450,36,56,1,0
20000,hunger,450,36,60,16,0
20000,hunger,450,36,64,31,4
20000,hunger,450,36,68,4,0
20000,hunger,450,40,44,1,0
20000,hunger,450,40,52,2,0
20000,hunger,450,40,56,5,0
20000,hunger,450,40,60,1,0
20000,hunger,450,40,64,1,0
20000,hunger,450,44,48,1,0
20000,hunger,450,44,52,2,0
20000,hunger,450,44,56,3,0
20000,hunger,450,44,64,6,1
20000,hunger,450,48,48,2,0
20000,hunger,450,48,52,2,0
20000,hunger,450,48,56,22,0
20000,hunger,450,48,60,27,2
20000,hunger,450,48,64,56,1
20000,hunger,450,48,68,14,1
20000,hunger,450,48,72,6,0
20000,hunger,450,48,76,7,0
20000,hunger,450,48,80,12,0
20000,hunger,450,48,84,25,0
20000,hunger,450,48,88,5,0
20000,hunger,450,48,92,1,0
20000,hunger,450,48,96,2,0
20000,hunger,450,48,104,1,0
20000,hunger,450,52,68,1,0
20000,hunger,450,52,76,2,0
20000,hunger,450,56,76,1,0
20000,hunger,450,56,84,1,0
20000,hunger,450,56,88,1,0
20000,hunger,450,60,88,1,0
20000,hunger,450,64,72,2,0
20000,hunger,450,64,76,6,0
20000,hunger,450,64,80,9,0
20000,hunger,450,64,84,15,0
20000,hunger,450,64,88,12,0
20000,hunger,450,64,92,8,0
20000,hunger,450,64,96,9,1
20000,hunger,450,64,100,3,0
20000,hunger,450,64,104,4,0
20000,hunger,450,64,108,2,0
20000,hunger,450,64,112,1,0
20000,hunger,450,64,128,2,0
20000,hunger,450,72,116,2,0
20000,hunger,450,72,136,1,0
20000,hunger,450,76,116,1,0
20000,hunger,450,76,124,1,0
20000,hunger,450,80,88,7,0
20000,hunger,450,80,92,3,0
20000,hunger,450,80,100,1,0
20000,hunger,450,80,104,3,0
20000,hunger,450,80,108,4,0
20000,hunger,450,80,116,3,0
20000,hunger,450,80,124,1,0
20000,hunger,450,100,104,1,0
20000,hunger,450,100,108,1,0
20000,hunger,500,12,16,1,0
20000,hunger,500,20,28,4,0
20000,hunger,500,20,32,1,0
20000,hunger,500,24,32,2,0
20000,hunger,500,24,36,1,0
20000,hunger,500,24,40,6,0
20000,hunger,500,24,44,10,0
20000,hunger,500,28,44,1,0
20000,hunger,500,28,48,1,0
20000,hunger,500,32,40,1,0
20000,hunger,500,32,80,1,0
20000,hunger,500,36,40,2,0
20000,hunger,500,36,44,3,0
20000,hunger,500,36,48,8,0
20000,hunger,500,36,52,2,0
20000,hunger,500,36,56,5,0
20000,hunger,500,36,60,16,0
20000,hunger,500,36,64,17,0
20000,hunger,500,36,68,2,0
20000,hunger,500,36,72,1,0
20000,hunger,500,36,84,1,0
20000,hunger,500,40,48,2,0
20000,hunger,500,40,56,4,1
20000,hunger,500,40,60,1,0
20000,hunger,500,44,48,1,0
20000,hunger,500,44,52,3,0
20000,hunger,500,44,56,3,0
20000,hunger,500,44,132,1,0
20000,hunger,500,48,48,3,0
20000,hunger,500,48,52,2,0
20000,hunger,500,48,56,21,0
20000,hunger,500,48,60,35,0
20000,hunger,500,48,64,36,0
20000,hunger,500,48,68,9,1
20000,hunger,500,48,72,10,1
20000,hunger,500,48,76,2,1
20000,hunger,500,48,80,10,0
20000,hunger,500,48,84,28,1
20000,hunger,500,48,88,1,0
20000,hunger,500,48,92,3,0
20000,hunger,500,52,68,1,0
20000,hunger,500,52,72,1,0
20000,hunger,500,52,76,1,0
20000,hunger,500,56,72,2,0
20000,hunger,500,56,88,1,0
20000,hunger,500,60,76,1,0
20000,hunger,500,64,60,1,0
20000,hunger,500,64,68,2,0
20000,hunger,500,64,72,2,0
20000,hunger,500,64,76,4,0
20000,hunger,500,64,80,7,0
20000,hunger,500,64,84,7,0
20000,hunger,500,64,88,10,0
20000,hunger,500,64,92,6,0
20000,hunger,500,64,96,2,0
20000,hunger,500,64,100,2,0
20000,hunger,500,64,104,1,0
20000,hunger,500,64,108,2,0
20000,hunger,500,64,112,1,0
20000,hunger,500,64,128,1,0
20000,hunger,500,64,148,1,0
20000,hunger,500,68,64,1,0
20000,hunger,500,72,116,2,0
20000,hunger,500,76,104,1,0
20000,hunger,500,76,120,1,0
20000,hunger,500,80,88,6,0
20000,hunger,500,80,92,1,0
20000,hunger,500,80,100,1,0
20000,hunger,500,80,104,2,0
20000,hunger,500,80,108,1,0
20000,hunger,500,80,120,1,0
20000,hunger,500,80,132,1,0
20000,hunger,550,20,20,1,0
20000,hunger,550,20,32,1,0
20000,hunger,550,24,40,2,0
20000,hunger,550,24,44,11,0
20000,hunger,550,32,36,2,0
20000,hunger,550,32,40,1,0
20000,hunger,550,32,44,1,0
20000,hunger,550,32,48,1,0
20000,hunger,550,32,52,1,0
20000,hunger,550,32,56,1,0
20000,hunger,550,32,60,2,0
20000,hunger,550,36,40,2,0
20000,hunger,550,36,44,4,0
20000,hunger,550,36,48,9,0
20000,hunger,550,36,56,1,0
20000,hunger,550,36,60,11,0
20000,hunger,550,36,64,17,2
20000,hunger,550,36,68,1,0
20000,hunger,550,40,44,1,0
20000,hunger,550,40,52,5,0
20000,hunger,550,40,56,1,0
20000,hunger,550,40,60,3,0
20000,hunger,550,44,48,1,0
20000,hunger,550,44,56,2,0
20000,hunger,550,44,60,2,0
20000,hunger,550,48,48,4,0
20000,hunger,550,48,52,5,2
20000,hunger,550,48,56,14,0
20000,hunger,550,48,60,21,1
20000,hunger,550,48,64,47,3
20000,hunger,550,48,68,9,0
20000,hunger,550,48,72,6,1
20000,hunger,550,48,76,6,0
20000,hunger,550,48,80,6,0
20000,hunger,550,48,84,29,1
20000,hunger,550,48,92,1,0
20000,hunger,550,48,96,1,0
20000,hunger,550,52,68,1,0
20000,hunger,550,52,72,1,0
20000,hunger,550,52,76,2,0
20000,hunger,550,52,80,1,0
20000,hunger,550,56,56,1,1
20000,hunger,550,56,68,1,0
20000,hunger,550,56,72,1,0
20000,hunger,550,56,84,1,0
20000,hunger,550,56,88,1,0
20000,hunger,550,60,76,1,0
20000,hunger,550,64,64,1,0
20000,hunger,550,64,72,2,0
20000,hunger,550,64,76,4,0
20000,hunger,550,64,80,7,1
20000,hunger,550,64,84,4,0
20000,hunger,550,64,88,9,0
20000,hunger,550,64,92,6,0
20000,hunger,550,64,96,3,0
20000,hunger,550,64,100,5,0
20000,hunger,550,64,104,3,0
20000,hunger,550,64,108,3,0
20000,hunger,550,64,112,1,0
20000,hunger,550,64,124,1,0
20000,hunger,550,72,96,1,0
20000,hunger,550,72,116,2,1
20000,hunger,550,76,116,1,0
20000,hunger,550,80,84,1,0
20000,hunger,550,80,88,4,0
20000,hunger,550,80,92,1,0
20000,hunger,550,80,100,2,0
20000,hunger,550,80,104,2,1
20000,hunger,550,80,108,1,0
20000,hunger,550,80,116,2,0
20000,hunger,550,100,104,1,0
20000,hunger,600,24,28,1,0
20000,hunger,600,24,40,2,0
20000,hunger,600,24,44,6,0
20000,hunger,600,28,36,1,0
20000,hunger,600,32,36,1,0
20000,hunger,600,32,44,2,0
20000,hunger,600,36,36,1,0
20000,hunger,600,36,44,4,0
20000,hunger,600,36,48,2,0
20000,hunger,600,36,52,3,0
20000,hunger,600,36,56,2,1
20000,hunger,600,36,60,9,0
20000,hunger,600,36,64,16,5
20000,hunger,600,40,48,1,0
20000,hunger,600,40,56,1,0
20000,hunger,600,40,60,1,0
20000,hunger,600,44,56,5,0
20000,hunger,600,44,60,2,0
20000,hunger,600,44,64,1,0
20000,hunger,600,44,72,1,0
20000,hunger,600,48,48,1,0
20000,hunger,600,48,52,2,0
20000,hunger,600,48,56,12,1
20000,hunger,600,48,60,23,0
20000,hunger,600,48,64,26,0
20000,hunger,600,48,68,7,1
20000,hunger,600,48,72,4,1
20000,hunger,600,48,76,1,0
20000,hunger,600,48,80,1,0
20000,hunger,600,48,84,23,0
20000,hunger,600,48,88,1,0
20000,hunger,600,48,104,1,0
20000,hunger,600,52,76,1,0
20000,hunger,600,56,56,1,0
20000,hunger,600,56,72,1,0
20000,hunger,600,64,68,1,0
20000,hunger,600,64,72,4,0
20000,hunger,600,64,76,3,0
20000,hunger,600,64,80,4,1
20000,hunger,600,64,84,7,0
20000,hunger,600,64,88,5,1
20000,hunger,600,64,92,5,0
20000,hunger,600,64,100,1,0
20000,hunger,600,64,104,2,0
20000,hunger,600,64,108,2,0
20000,hunger,600,64,112,1,0
20000,hunger,600,64,120,1,0
20000,hunger,600,72,116,4,0
20000,hunger,600,76,124,1,0
20000,hunger,600,80,88,3,0
20000,hunger,600,80,92,1,0
20000,hunger,600,80,100,1,0
20000,hunger,600,80,104,2,0
20000,hunger,600,80,116,2,0
20000,hunger,600,100,140,1,1
20000,hunger,650,20,32,1,0
20000,hunger,650,24,44,4,0
20000,hunger,650,28,32,1,1
20000,hunger,650,28,36,1,0
20000,hunger,650,32,32,1,0
20000,hunger,650,32,44,1,0
20000,hunger,650,36,44,6,0
20000,hunger,650,36,48,4,0
20000,hunger,650,36,60,9,1
20000,hunger,650,36,64,8,0
20000,hunger,650,36,72,1,0
20000,hunger,650,40,48,1,0
20000,hunger,650,40,56,1,0
20000,hunger,650,40,60,1,0
20000,hunger,650,44,56,3,0
20000,hunger,650,48,52,1,0
20000,hunger,650,48,56,12,1
20000,hunger,650,48,60,23,1
20000,hunger,650,48,64,28,2
20000,hunger,650,48,68,7,1
20000,hunger,650,48,72,3,0
20000,hunger,650,48,76,1,0
20000,hunger,650,48,80,10,0
20000,hunger,650,48,84,21,2
20000,hunger,650,48,88,2,0
20000,hunger,650,48,96,1,0
20000,hunger,650,52,72,1,0
20000,hunger,650,52,76,1,0
20000,hunger,650,56,84,1,0
20000,hunger,650,56,96,1,1
20000,hunger,650,60,80,1,0
20000,hunger,650,64,68,1,0
20000,hunger,650,64,76,2,0
20000,hunger,650,64,80,4,0
20000,hunger,650,64,84,2,0
20000,hunger,650,64,88,5,0
20000,hunger,650,64,92,3,0
20000,hunger,650,64,96,3,0
20000,hunger,650,64,100,1,0
20000,hunger,650,64,108,3,1
20000,hunger,650,72,96,1,0
20000,hunger,650,80,88,2,0
20000,hunger,650,80,92,1,1
20000,hunger,650,80,108,1,0
20000,hunger,650,80,116,1,0
20000,hunger,650,80,148,1,0
20000,hunger,700,24,40,2,0
20000,hunger,700,24,44,7,0
20000,hunger,700,32,36,1,1
20000,hunger,700,32,44,1,0
20000,hunger,700,32,56,1,0
20000,hunger,700,36,44,2,1
20000,hunger,700,36,48,6,0
20000,hunger,700,36,60,4,0
20000,hunger,700,36,64,11,0
20000,hunger,700,40,48,1,0
20000,hunger,700,40,56,1,0
20000,hunger,700,44,56,1,0
20000,hunger,700,44,60,1,0
20000,hunger,700,48,52,1,0
20000,hunger,700,48,56,15,1
20000,hunger,700,48,60,16,3
20000,hunger,700,48,64,26,1
20000,hunger,700,48,68,4,1
20000,hunger,700,48,72,1,1
20000,hunger,700,48,76,2,0
20000,hunger,700,48,80,4,0
20000,hunger,700,48,84,10,1
20000,hunger,700,48,92,1,0
20000,hunger,700,56,72,2,0
20000,hunger,700,56,84,1,1
20000,hunger,700,56,88,1,0
20000,hunger,700,60,76,1,0
20000,hunger,700,60,96,1,0
20000,hunger,700,64,76,1,0
20000,hunger,700,64,80,2,0
20000,hunger,700,64,84,1,0
20000,hunger,700,64,88,4,0
20000,hunger,700,64,92,1,0
20000,hunger,700,64,96,1,0
20000,hunger,700,64,100,2,0
20000,hunger,700,64,104,1,0
20000,hunger,700,64,108,1,0
20000,hunger,700,64,112,1,0
20000,hunger,700,68,88,1,1
20000,hunger,700,72,116,1,0
20000,hunger,700,76,124,1,0
20000,hunger,700,80,88,3,0
20000,hunger,700,80,104,2,0
20000,hunger,700,80,108,1,0
20000,hunger,700,80,116,2,0
20000,hunger,700,100,140,1,0
20000,hunger,700,100,160,1,0
20000,hunger,700,100,172,1,0
20000,hunger,750,12,16,1,0
20000,hunger,750,20,28,1,0
20000,hunger,750,20,36,1,0
20000,hunger,750,24,44,4,0
20000,hunger,750,28,60,1,0
20000,hunger,750,32,36,1,0
20000,hunger,750,32,44,2,0
20000,hunger,750,36,40,1,0
20000,hunger,750,36,44,1,0
20000,hunger,750,36,48,3,1
20000,hunger,750,36,56,1,0
20000,hunger,750,36,60,6,0
20000,hunger,750,36,64,7,1
20000,hunger,750,40,48,3,1
20000,hunger,750,40,56,1,0
20000,hunger,750,40,60,1,0
20000,hunger,750,44,56,1,0
20000,hunger,750,44,60,3,0
20000,hunger,750,48,48,1,0
20000,hunger,750,48,52,1,0
20000,hunger,750,48,56,7,0
20000,hunger,750,48,60,22,2
20000,hunger,750,48,64,24,2
20000,hunger,750,48,68,2,0
20000,hunger,750,48,76,2,0
20000,hunger,750,48,80,4,1
20000,hunger,750,48,84,17,1
20000,hunger,750,48,88,1,0
20000,hunger,750,48,92,2,0
20000,hunger,750,52,76,1,0
20000,hunger,750,56,88,1,0
20000,hunger,750,56,96,1,0
20000,hunger,750,60,96,1,0
20000,hunger,750,64,64,1,0
20000,hunger,750,64,68,1,0
20000,hunger,750,64,72,1,0
20000,hunger,750,64,80,3,0
20000,hunger,750,64,84,2,0
20000,hunger,750,64,88,5,0
20000,hunger,750,64,92,2,0
20000,hunger,750,64,100,2,0
20000,hunger,750,64,104,2,0
20000,hunger,750,64,108,1,0
20000,hunger,750,64,120,1,1
20000,hunger,750,72,116,1,0
20000,hunger,750,80,88,3,0
20000,hunger,750,80,92,1,0
20000,hunger,750,80,100,1,0
20000,hunger,750,80,104,3,1
20000,hunger,800,16,40,1,0
20000,hunger,800,24,44,6,0
20000,hunger,800,28,32,1,0
20000,hunger,800,28,60,1,0
20000,hunger,800,36,44,1,1
20000,hunger,800,36,48,1,1
20000,hunger,800,36,60,5,1
20000,hunger,800,36,64,8,1
20000,hunger,800,36,68,1,0
20000,hunger,800,40,44,1,0
20000,hunger,800,40,52,1,0
20000,hunger,800,40,60,1,0
20000,hunger,800,44,56,3,0
20000,hunger,800,44,64,1,0
20000,hunger,800,48,48,1,0
20000,hunger,800,48,56,10,0
20000,hunger,800,48,60,28,2
20000,hunger,800,48,64,18,1
20000,hunger,800,48,68,2,0
20000,hunger,800,48,80,3,0
20000,hunger,800,48,84,2,0
20000,hunger,800,48,88,1,0
20000,hunger,800,48,92,3,0
20000,hunger,800,52,88,1,0
20000,hunger,800,56,72,1,0
20000,hunger,800,64,72,1,0
20000,hunger,800,64,80,1,0
20000,hunger,800,64,84,3,1
20000,hunger,800,64,88,6,0
20000,hunger,800,64,92,3,2
20000,hunger,800,64,96,2,0
20000,hunger,800,64,100,3,0
20000,hunger,800,64,104,3,0
20000,hunger,800,72,108,1,0
20000,hunger,800,72,116,2,0
20000,hunger,800,80,84,1,0
20000,hunger,800,80,88,3,1
20000,hunger,800,80,92,1,0
20000,hunger,800,80,100,1,0
20000,hunger,800,80,104,2,0
20000,hunger,800,80,128,1,0
20000,hunger,850,20,36,1,0
20000,hunger,850,24,40,1,0
20000,hunger,850,24,44,3,0
20000,hunger,850,28,40,1,0
20000,hunger,850,32,36,1,0
20000,hunger,850,32,40,1,0
20000,hunger,850,32,52,1,0
20000,hunger,850,32,60,1,0
20000,hunger,850,36,48,5,0
20000,hunger,850,36,60,6,0
20000,hunger,850,36,64,8,0
20000,hunger,850,36,68,1,0
20000,hunger,850,40,48,1,0
20000,hunger,850,40,52,1,0
20000,hunger,850,40,56,1,0
20000,hunger,850,44,48,1,0
20000,hunger,850,44,60,2,0
20000,hunger,850,48,56,5,1
20000,hunger,850,48,60,11,1
20000,hunger,850,48,64,22,2
20000,hunger,850,48,68,2,0
20000,hunger,850,48,72,3,0
20000,hunger,850,48,84,7,2
20000,hunger,850,52,64,1,0
20000,hunger,850,52,76,1,0
20000,hunger,850,56,88,1,0
20000,hunger,850,64,76,2,0
20000,hunger,850,64,80,1,0
20000,hunger,850,64,84,2,1
20000,hunger,850,64,92,2,0
20000,hunger,850,64,100,2,0
20000,hunger,850,64,104,1,0
20000,hunger,850,64,108,1,0
20000,hunger,850,72,116,3,0
20000,hunger,900,16,20,1,0
20000,hunger,900,24,44,1,0
20000,hunger,900,36,44,2,0
20000,hunger,900,36,48,1,0
20000,hunger,900,36,60,3,0
20000,hunger,900,36,64,8,0
20000,hunger,900,44,60,1,0
20000,hunger,900,44,64,1,1
20000,hunger,900,48,56,6,1
20000,hunger,900,48,60,10,0
20000,hunger,900,48,64,21,2
20000,hunger,900,48,68,5,0
20000,hunger,900,48,80,2,0
20000,hunger,900,48,84,9,1
20000,hunger,900,48,96,1,0
20000,hunger,900,56,56,2,0
20000,hunger,900,56,88,1,0
20000,hunger,900,60,96,1,0
20000,hunger,900,64,72,1,0
20000,hunger,900,64,76,3,2
20000,hunger,900,64,84,2,0
20000,hunger,900,64,88,1,0
20000,hunger,900,64,92,3,0
20000,hunger,900,64,100,1,0
20000,hunger,900,80,88,1,0
20000,hunger,950,24,40,1,0
20000,hunger,950,24,44,2,0
20000,hunger,950,28,32,1,0
20000,hunger,950,36,48,1,0
20000,hunger,950,36,56,1,0
20000,hunger,950,36,60,1,0
20000,hunger,950,36,64,14,1
20000,hunger,950,40,68,1,0
20000,hunger,950,44,56,1,1
20000,hunger,950,44,68,1,0
20000,hunger,950,48,48,2,0
20000,hunger,950,48,52,1,1
20000,hunger,950,48,56,3,0
20000,hunger,950,48,60,12,1
20000,hunger,950,48,64,17,2
20000,hunger,950,48,68,4,1
20000,hunger,950,48,72,1,0
20000,hunger,950,48,80,1,0
20000,hunger,950,48,84,9,0
20000,hunger,950,48,88,2,0
20000,hunger,950,56,72,1,0
20000,hunger,950,56,88,1,0
20000,hunger,950,64,72,1,0
20000,hunger,950,64,84,2,0
20000,hunger,950,64,92,2,0
20000,hunger,950,64,100,2,0
20000,hunger,950,64,104,1,0
20000,hunger,950,72,116,1,0
20000,hunger,950,80,88,2,0
20000,hunger,1000,16,40,1,0
20000,hunger,1000,24,40,1,0
20000,hunger,1000,24,44,2,0
20000,hunger,1000,32,36,1,0
20000,hunger,1000,36,48,4,0
20000,hunger,1000,36,52,1,0
20000,hunger,1000,36,60,3,0
20000,hunger,1000,36,64,8,0
20000,hunger,1000,36,68,1,0
20000,hunger,1000,40,48,1,0
20000,hunger,1000,40,52,1,0
20000,hunger,1000,40,56,1,0
20000,hunger,1000,40,60,1,0
20000,hunger,1000,44,52,1,0
20000,hunger,1000,44,60,1,0
20000,hunger,1000,48,56,8,1
20000,hunger,1000,48,60,13,0
20000,hunger,1000,48,64,12,2
20000,hunger,1000,48,68,1,0
20000,hunger,1000,48,72,1,0
20000,hunger,1000,48,80,1,0
20000,hunger,1000,48,84,5,1
20000,hunger,1000,48,88,1,0
20000,hunger,1000,56,84,1,0
20000,hunger,1000,64,72,1,1
20000,hunger,1000,64,80,1,0
20000,hunger,1000,64,84,3,0
20000,hunger,1000,64,88,1,0
20000,hunger,1000,64,92,2,0
20000,hunger,1000,64,96,1,0
20000,hunger,1000,64,100,3,2
20000,hunger,1000,72,96,1,0
20000,hunger,1000,72,116,2,0
20000,hunger,1000,76,120,1,0
20000,hunger,1000,80,88,2,0
20000,hunger,1000,80,92,2,0
20000,hunger,1050,24,44,2,0
20000,hunger,1050,32,40,1,0
20000,hunger,1050,32,52,1,0
20000,hunger,1050,32,60,1,0
20000,hunger,1050,36,48,2,1
20000,hunger,1050,36,56,1,0
20000,hunger,1050,36,60,4,2
20000,hunger,1050,36,64,6,1
20000,hunger,1050,36,68,1,0
20000,hunger,1050,40,52,1,0
20000,hunger,1050,40,56,1,0
20000,hunger,1050,44,56,2,1
20000,hunger,1050,44,60,1,0
20000,hunger,1050,44,64,1,0
20000,hunger,1050,44,68,1,0
20000,hunger,1050,48,56,3,1
20000,hunger,1050,48,60,6,0
20000,hunger,1050,48,64,16,0
20000,hunger,1050,48,68,1,0
20000,hunger,1050,48,72,1,0
20000,hunger,1050,48,80,4,0
20000,hunger,1050,48,84,3,1
20000,hunger,1050,48,92,1,0
20000,hunger,1050,52,64,1,0
20000,hunger,1050,56,72,1,0
20000,hunger,1050,60,84,1,0
20000,hunger,1050,64,76,3,1
20000,hunger,1050,64,84,3,0
20000,hunger,1050,64,88,2,0
20000,hunger,1050,64,100,1,0
20000,hunger,1050,64,104,1,0
20000,hunger,1050,76,116,1,0
20000,hunger,1050,80,88,1,0
20000,hunger,1100,24,44,2,0
20000,hunger,1100,32,44,2,0
20000,hunger,1100,36,40,1,0
20000,hunger,1100,36,44,1,0
20000,hunger,1100,36,60,4,0
20000,hunger,1100,36,64,7,2
20000,hunger,1100,40,48,1,0
20000,hunger,1100,40,56,2,0
20000,hunger,1100,44,56,1,0
20000,hunger,1100,48,56,3,0
20000,hunger,1100,48,60,11,3
20000,hunger,1100,48,64,16,3
20000,hunger,1100,48,68,2,0
20000,hunger,1100,48,72,7,2
20000,hunger,1100,48,80,1,1
20000,hunger,1100,48,84,11,2
20000,hunger,1100,60,72,1,1
20000,hunger,1100,64,64,1,0
20000,hunger,1100,64,84,1,1
20000,hunger,1100,64,92,3,2
20000,hunger,1100,64,100,1,0
20000,hunger,1100,64,108,1,1
20000,hunger,1100,72,116,2,0
20000,hunger,1100,76,124,1,0
20000,hunger,1100,80,88,1,0
20000,hunger,1100,80,92,1,0
20000,hunger,1100,80,108,1,0
20000,hunger,1100,80,112,1,0
20000,hunger,1100,80,116,1,1
20000,hunger,1150,12,16,1,0
20000,hunger,1150,24,40,1,0
20000,hunger,1150,24,44,2,1
20000,hunger,1150,32,44,1,1
20000,hunger,1150,36,44,1,1
20000,hunger,1150,36,48,1,0
20000,hunger,1150,36,60,2,0
20000,hunger,1150,36,64,6,1
20000,hunger,1150,36,68,1,0
20000,hunger,1150,40,48,1,0
20000,hunger,1150,40,60,1,0
20000,hunger,1150,44,60,1,0
20000,hunger,1150,48,52,1,0
20000,hunger,1150,48,56,5,1
20000,hunger,1150,48,60,10,2
20000,hunger,1150,48,64,7,1
20000,hunger,1150,48,72,1,0
20000,hunger,1150,48,80,3,0
20000,hunger,1150,48,84,4,0
20000,hunger,1150,48,88,1,0
20000,hunger,1150,52,68,1,0
20000,hunger,1150,60,80,1,0
20000,hunger,1150,64,72,1,1
20000,hunger,1150,64,76,1,0
20000,hunger,1150,64,80,1,0
20000,hunger,1150,64,84,1,0
20000,hunger,1150,64,92,2,0
20000,hunger,1150,64,100,1,1
20000,hunger,1150,72,116,1,0
20000,hunger,1150,76,120,1,1
20000,hunger,1150,80,88,1,0
20000,hunger,1150,80,92,1,1
20000,hunger,1150,80,100,1,1
20000,hunger,1150,80,104,2,1
20000,hunger,1200,24,44,1,0
20000,hunger,1200,36,48,1,0
20000,hunger,1200,36,60,1,0
20000,hunger,1200,36,64,3,0
20000,hunger,1200,44,60,1,0
20000,hunger,1200,48,52,1,0
20000,hunger,1200,48,56,6,1
20000,hunger,1200,48,60,13,4
20000,hunger,1200,48,64,6,1
20000,hunger,1200,48,68,3,0
20000,hunger,1200,48,80,2,0
20000,hunger,1200,48,84,5,1
20000,hunger,1200,48,96,1,0
20000,hunger,1200,64,72,1,0
20000,hunger,1200,64,84,1,0
20000,hunger,1200,64,88,1,0
20000,hunger,1200,64,96,1,0
20000,hunger,1200,64,100,1,0
20000,hunger,1200,64,104,1,0
20000,hunger,1200,72,116,1,0
20000,hunger,1200,76,116,1,0
20000,hunger,1200,80,104,1,1
20000,hunger,1250,24,44,2,0
20000,hunger,1250,36,52,1,0
20000,hunger,1250,36,60,1,0
20000,hunger,1250,36,64,6,1
20000,hunger,1250,48,56,4,0
20000,hunger,1250,48,60,5,0
20000,hunger,1250,48,64,15,4
20000,hunger,1250,48,68,1,0
20000,hunger,1250,48,72,2,1
20000,hunger,1250,48,76,1,0
20000,hunger,1250,48,84,4,1
20000,hunger,1250,64,80,1,0
20000,hunger,1250,64,88,1,0
20000,hunger,1250,64,96,1,0
20000,hunger,1250,64,100,1,0
20000,hunger,1250,64,104,1,0
20000,hunger,1250,72,116,2,1
20000,hunger,1250,80,88,1,0
20000,hunger,1250,80,100,1,1
20000,hunger,1250,80,104,1,0
20000,hunger,1300,24,44,3,1
20000,hunger,1300,36,48,1,0
20000,hunger,1300,36,56,1,0
20000,hunger,1300,36,60,4,1
20000,hunger,1300,36,64,6,0
20000,hunger,1300,40,48,2,0
20000,hunger,1300,40,56,1,1
20000,hunger,1300,44,56,1,0
20000,hunger,1300,44,60,1,0
20000,hunger,1300,48,56,2,1
20000,hunger,1300,48,60,5,2
20000,hunger,1300,48,64,7,3
20000,hunger,1300,48,68,1,0
20000,hunger,1300,48,72,1,0
20000,hunger,1300,48,80,1,0
20000,hunger,1300,48,84,2,0
20000,hunger,1300,48,92,1,0
20000,hunger,1300,56,76,1,0
20000,hunger,1300,56,88,1,0
20000,hunger,1300,64,76,1,0
20000,hunger,1300,64,88,1,0
20000,hunger,1300,64,92,1,0
20000,hunger,1300,64,104,1,0
20000,hunger,1300,64,112,1,0
20000,hunger,1300,80,88,1,0
20000,hunger,1350,24,44,4,0
20000,hunger,1350,36,48,1,0
20000,hunger,1350,36,52,1,0
20000,hunger,1350,36,60,3,0
20000,hunger,1350,44,56,1,1
20000,hunger,1350,48,56,5,1
20000,hunger,1350,48,60,5,0
20000,hunger,1350,48,64,7,2
20000,hunger,1350,48,68,1,0
20000,hunger,1350,48,80,1,1
20000,hunger,1350,48,84,3,0
20000,hunger,1350,48,88,1,0
20000,hunger,1350,52,68,1,0
20000,hunger,1350,52,80,1,1
20000,hunger,1350,64,76,1,0
20000,hunger,1350,64,80,1,1
20000,hunger,1350,64,84,1,1
20000,hunger,1350,64,88,1,1
20000,hunger,1350,64,100,1,0
20000,hunger,1350,72,116,3,1
20000,hunger,1400,36,64,1,0
20000,hunger,1400,48,56,1,0
20000,hunger,1400,48,60,3,2
20000,hunger,1400,48,64,7,2
20000,hunger,1400,48,68,1,0
20000,hunger,1400,48,84,3,0
20000,hunger,1400,64,76,1,1
20000,hunger,1400,64,84,1,0
20000,hunger,1400,64,88,1,0
20000,hunger,1400,64,132,1,1
20000,hunger,1450,24,36,1,0
20000,hunger,1450,24,44,2,0
20000,hunger,1450,36,60,2,0
20000,hunger,1450,36,64,4,0
20000,hunger,1450,40,48,1,0
20000,hunger,1450,48,56,2,0
20000,hunger,1450,48,60,3,2
20000,hunger,1450,48,64,4,2
20000,hunger,1450,48,72,1,1
20000,hunger,1450,48,80,1,0
20000,hunger,1450,48,84,1,0
20000,hunger,1450,56,84,1,0
20000,hunger,1450,64,76,1,0
20000,hunger,1450,64,84,2,1
20000,hunger,1450,64,92,1,0
20000,hunger,1500,36,48,1,0
20000,hunger,1500,36,56,1,0
20000,hunger,1500,36,60,2,0
20000,hunger,1500,36,64,1,0
20000,hunger,1500,40,56,1,0
20000,hunger,1500,48,48,1,0
20000,hunger,1500,48,56,2,1
20000,hunger,1500,48,60,3,2
20000,hunger,1500,48,64,4,0
20000,hunger,1500,48,72,1,0
20000,hunger,1500,48,80,1,0
20000,hunger,1500,48,84,1,0
20000,hunger,1500,64,84,1,0
20000,hunger,1500,64,92,2,1
20000,hunger,1500,64,104,1,0
20000,hunger,1500,72,116,1,0
20000,hunger,1500,80,104,1,0
20000,hunger,1550,36,60,2,1
20000,hunger,1550,36,64,2,1
20000,hunger,1550,40,56,1,0
20000,hunger,1550,48,56,1,0
20000,hunger,1550,48,60,4,1
20000,hunger,1550,48,64,7,3
20000,hunger,1550,48,68,1,1
20000,hunger,1550,48,80,1,0
20000,hunger,1550,48,84,3,1
20000,hunger,1550,64,72,1,0
20000,hunger,1550,72,116,2,0
20000,hunger,1550,80,88,1,0
20000,hunger,1600,32,68,1,0
20000,hunger,1600,36,48,1,1
20000,hunger,1600,36,60,1,0
20000,hunger,1600,36,64,2,0
20000,hunger,1600,40,64,1,0
20000,hunger,1600,44,56,1,1
20000,hunger,1600,44,60,1,0
20000,hunger,1600,48,56,5,2
20000,hunger,1600,48,60,3,0
20000,hunger,1600,48,64,7,1
20000,hunger,1600,48,80,1,0
20000,hunger,1600,48,84,1,0
20000,hunger,1600,52,72,1,1
20000,hunger,1600,64,88,1,0
20000,hunger,1600,64,104,1,0
20000,hunger,1600,64,112,1,0
20000,hunger,1600,76,124,1,0
20000,hunger,1650,24,44,1,0
20000,hunger,1650,36,64,1,0
20000,hunger,1650,48,56,1,0
20000,hunger,1650,48,60,3,0
20000,hunger,1650,48,64,7,1
20000,hunger,1650,48,68,1,0
20000,hunger,1650,64,76,1,1
20000,hunger,1650,64,92,1,1
20000,hunger,1650,64,96,1,1
20000,hunger,1650,64,100,2,2
20000,hunger,1650,72,116,1,1
20000,hunger,1700,36,44,1,1
20000,hunger,1700,36,60,1,0
20000,hunger,1700,36,64,2,0
20000,hunger,1700,48,56,2,1
20000,hunger,1700,48,60,2,0
20000,hunger,1700,48,64,3,1
20000,hunger,1700,48,68,2,0
20000,hunger,1700,48,72,1,0
20000,hunger,1700,48,84,3,1
20000,hunger,1700,56,84,1,0
20000,hunger,1700,64,84,2,0
20000,hunger,1700,64,88,1,0
20000,hunger,1700,72,116,2,1
20000,hunger,1700,76,116,1,1
20000,hunger,1700,80,104,1,0
20000,hunger,1750,36,52,1,0
20000,hunger,1750,36,64,3,0
20000,hunger,1750,48,56,3,1
20000,hunger,1750,48,60,2,2
20000,hunger,1750,48,64,3,0
20000,hunger,1750,48,68,2,1
20000,hunger,1750,48,72,2,1
20000,hunger,1750,64,92,1,0
20000,hunger,1750,64,96,1,0
20000,hunger,1750,64,108,1,0
20000,hunger,1750,72,116,1,0
20000,hunger,1800,36,44,1,0
20000,hunger,1800,36,64,2,1
20000,hunger,1800,48,56,1,0
20000,hunger,1800,48,64,2,0
20000,hunger,1800,48,72,1,1
20000,hunger,1800,48,80,1,0
20000,hunger,1800,48,84,1,0
20000,hunger,1800,56,84,1,1
20000,hunger,1800,64,88,2,0
20000,hunger,1800,76,120,1,0
20000,hunger,1800,80,104,1,1
20000,hunger,1850,36,48,1,1
20000,hunger,1850,36,64,1,1
20000,hunger,1850,36,68,1,0
20000,hunger,1850,44,52,1,1
20000,hunger,1850,48,56,3,0
20000,hunger,1850,48,60,2,1
20000,hunger,1850,48,64,1,1
20000,hunger,1850,48,68,1,1
20000,hunger,1850,52,72,1,1
20000,hunger,1850,64,84,1,1
20000,hunger,1850,64,88,1,1
20000,hunger,1850,72,116,2,1
20000,hunger,1900,36,64,2,0
20000,hunger,1900,44,60,1,1
20000,hunger,1900,48,56,2,1
20000,hunger,1900,48,60,2,0
20000,hunger,1900,48,64,3,0
20000,hunger,1900,48,72,2,1
20000,hunger,1900,48,84,1,0
20000,hunger,1900,64,84,1,0
20000,hunger,1950,24,44,1,0
20000,hunger,1950,36,64,2,1
20000,hunger,1950,48,56,1,1
20000,hunger,1950,48,60,2,2
20000,hunger,1950,48,64,3,1
20000,hunger,1950,48,72,1,1
20000,hunger,1950,56,88,1,0
20000,hunger,1950,64,84,1,0
20000,hunger,1950,64,88,1,0
20000,hunger,1950,64,96,1,1
20000,hunger,2000,24,44,1,0
20000,hunger,2000,28,40,1,0
20000,hunger,2000,36,48,1,0
20000,hunger,2000,44,56,1,0
20000,hunger,2000,48,56,1,0
20000,hunger,2000,48,68,1,0
20000,hunger,2000,48,80,2,0
20000,hunger,2000,64,72,1,0
20000,hunger,2000,64,84,2,0
20000,hunger,2000,72,116,2,0
20000,hunger,2050,36,48,1,1
20000,hunger,2050,36,64,1,0
20000,hunger,2050,48,64,1,1
20000,hunger,2050,48,80,1,0
20000,hunger,2050,52,72,1,1
20000,hunger,2050,64,84,1,1
20000,hunger,2050,72,116,1,0
20000,hunger,2100,36,48,1,0
20000,hunger,2100,48,60,1,1
20000,hunger,2100,48,64,2,0
20000,hunger,2100,64,76,1,1
20000,hunger,2100,64,112,1,1
20000,hunger,2100,72,116,1,1
20000,hunger,2150,36,64,1,0
20000,hunger,2150,48,56,1,1
20000,hunger,2150,48,60,1,1
20000,hunger,2150,48,80,1,0
20000,hunger,2150,48,84,1,1
20000,hunger,2150,64,84,1,1
20000,hunger,2150,64,100,1,1
20000,hunger,2150,72,116,1,0
20000,hunger,2200,36,60,1,0
20000,hunger,2200,36,64,1,0
20000,hunger,2200,40,52,1,1
20000,hunger,2200,48,56,1,0
20000,hunger,2200,48,60,1,1
20000,hunger,2200,48,92,1,1
20000,hunger,2200,64,100,1,1
20000,hunger,2200,80,104,1,0
20000,hunger,2250,32,48,1,1
20000,hunger,2250,36,64,1,1
20000,hunger,2250,36,72,1,0
20000,hunger,2250,48,60,2,0
20000,hunger,2250,48,64,2,2
20000,hunger,2250,64,100,2,1
20000,hunger,2300,40,56,1,0
20000,hunger,2300,48,72,1,0
20000,hunger,2300,64,84,1,1
20000,hunger,2300,64,92,1,0
20000,hunger,2350,36,64,1,1
20000,hunger,2350,48,60,2,2
20000,hunger,2350,64,100,2,1
20000,hunger,2350,72,116,1,0
20000,hunger,2400,36,48,1,1
20000,hunger,2400,36,52,1,1
20000,hunger,2400,48,56,1,1
20000,hunger,2400,48,64,3,3
20000,hunger,2400,48,80,1,1
20000,hunger,2400,56,84,1,0
20000,hunger,2450,48,56,1,1
20000,hunger,2450,48,60,1,1
20000,hunger,2450,48,72,1,1
20000,hunger,2500,48,60,1,1
20000,hunger,2500,48,68,1,1
20000,hunger,2500,48,84,1,0
20000,hunger,2550,40,56,1,1
20000,hunger,2550,48,56,2,2
20000,hunger,2550,48,64,1,1
20000,hunger,2600,48,60,2,2
20000,hunger,2650,48,60,1,1
20000,hunger,2650,48,84,1,1
20000,hunger,2700,32,48,1,1
20000,hunger,2700,36,48,1,0
20000,hunger,2700,36,60,1,1
20000,hunger,2700,48,60,2,1
20000,hunger,2700,48,64,1,1
20000,hunger,2700,80,104,1,1
20000,hunger,2750,48,64,2,2
20000,hunger,2750,48,68,1,1
20000,hunger,2800,40,52,1,1
20000,hunger,2800,48,64,1,1
20000,hunger,2850,36,64,1,1
20000,hunger,2850,48,56,1,1
20000,hunger,2900,48,64,1,1
20000,hunger,2900,48,68,1,1
20000,hunger,2900,76,120,1,1
20000,hunger,2950,48,84,1,1
20000,hunger,3000,32,36,1,1
20000,hunger,3000,36,64,1,1
20000,hunger,3000,72,116,1,1
20000,hunger,3050,48,60,1,1
20000,hunger,3050,48,64,1,1
20000,hunger,3050,64,84,1,1
20000,hunger,3100,48,60,2,2
20000,hunger,3200,36,64,1,1
20000,hunger,3250,44,56,1,1
20000,hunger,3300,48,56,1,1
20000,hunger,3300,48,64,2,2
20000,hunger,3400,36,48,1,1
20000,hunger,3500,36,64,1,1
20000,hunger,3550,80,104,1,1
20000,hunger,3800,36,64,1,1
20000,hunger,4050,48,84,1,1
20000,hunger,4250,48,64,1,1
20000,broken,0,4,0,1,0
20000,broken,0,4,4,1,0
20000,broken,0,8,8,4,0
20000,broken,0,12,12,3,0
20000,broken,0,12,16,1,0
20000,broken,0,12,20,1,0
20000,broken,0,16,20,2,0
20000,broken,0,20,24,3,0
20000,broken,0,20,28,3,0
20000,broken,0,20,36,1,0
20000,broken,0,24,28,5,0
20000,broken,0,24,32,2,0
20000,broken,0,24,40,1,0
20000,broken,0,24,44,6,0
20000,broken,0,28,32,1,0
20000,broken,0,28,36,1,0
20000,broken,0,32,36,2,0
20000,broken,0,32,40,2,0
20000,broken,0,32,44,1,0
20000,broken,0,32,52,2,0
20000,broken,0,32,60,1,0
20000,broken,0,36,32,1,0
20000,broken,0,36,40,3,0
20000,broken,0,36,44,6,0
20000,broken,0,36,48,4,0
20000,broken,0,36,52,1,0
20000,broken,0,36,56,2,0
20000,broken,0,36,60,9,0
20000,broken,0,36,64,7,0
20000,broken,0,36,68,1,0
20000,broken,0,40,36,1,0
20000,broken,0,40,44,3,0
20000,broken,0,40,48,3,0
20000,broken,0,40,52,3,0
20000,broken,0,40,60,1,0
20000,broken,0,40,68,1,0
20000,broken,0,44,48,2,0
20000,broken,0,44,52,4,0
20000,broken,0,44,56,3,0
20000,broken,0,44,60,1,0
20000,broken,0,44,64,1,0
20000,broken,0,48,48,1,0
20000,broken,0,48,52,4,0
20000,broken,0,48,56,6,0
20000,broken,0,48,60,19,0
20000,broken,0,48,64,13,0
20000,broken,0,48,72,4,0
20000,broken,0,48,76,3,0
20000,broken,0,48,80,8,0
20000,broken,0,48,84,11,0
20000,broken,0,52,76,1,0
20000,broken,0,56,88,1,0
20000,broken,0,64,52,1,0
20000,broken,0,64,60,1,0
20000,broken,0,64,76,3,0
20000,broken,0,64,80,1,0
20000,broken,0,64,84,3,0
20000,broken,0,64,88,1,0
20000,broken,0,64,92,1,0
20000,broken,0,64,100,1,0
20000,broken,0,64,116,1,0
20000,broken,0,80,100,1,0
20000,broken,0,80,112,1,0
20000,broken,50,0,0,1,0
20000,broken,50,4,4,1,0
20000,broken,50,4,8,1,0
20000,broken,50,8,8,1,0
20000,broken,50,12,16,1,0
20000,broken,50,20,24,2,0
20000,broken,50,20,28,4,0
20000,broken,50,24,24,2,0
20000,broken,50,24,28,3,0
20000,broken,50,24,32,1,0
20000,broken,50,24,40,1,0
20000,broken,50,24,44,1,0
20000,broken,50,28,20,1,0
20000,broken,50,28,32,3,0
20000,broken,50,28,36,1,0
20000,broken,50,28,40,1,0
20000,broken,50,32,36,5,0
20000,broken,50,32,40,4,0
20000,broken,50,32,44,2,0
20000,broken,50,36,40,2,0
20000,broken,50,36,44,8,0
20000,broken,50,36,48,11,0
20000,broken,50,36,52,1,0
20000,broken,50,36,56,1,0
20000,broken,50,36,60,6,0
20000,broken,50,36,64,3,0
20000,broken,50,40,36,1,0
20000,broken,50,40,44,1,0
20000,broken,50,40,52,2,0
20000,broken,50,40,60,1,0
20000,broken,50,44,48,1,0
20000,broken,50,44,52,4,0
20000,broken,50,44,56,2,0
20000,broken,50,44,64,1,0
20000,broken,50,48,52,3,0
20000,broken,50,48,56,8,0
20000,broken,50,48,60,16,0
20000,broken,50,48,64,19,0
20000,broken,50,48,68,1,0
20000,broken,50,48,72,2,0
20000,broken,50,48,80,6,0
20000,broken,50,48,84,7,0
20000,broken,50,56,72,2,0
20000,broken,50,56,96,1,0
20000,broken,50,60,56,1,0
20000,broken,50,60,72,3,0
20000,broken,50,60,76,1,0
20000,broken,50,64,60,1,0
20000,broken,50,64,72,1,0
20000,broken,50,64,76,4,0
20000,broken,50,64,80,2,0
20000,broken,50,64,84,4,0
20000,broken,50,64,92,2,0
20000,broken,50,64,96,2,0
20000,broken,50,64,100,1,0
20000,broken,50,64,108,1,0
20000,broken,50,68,92,1,0
20000,broken,50,80,88,2,0
20000,broken,100,8,8,1,0
20000,broken,100,12,16,3,0
20000,broken,100,16,20,2,0
20000,broken,100,20,28,1,0
20000,broken,100,24,24,2,0
20000,broken,100,24,28,2,0
20000,broken,100,24,36,1,0
20000,broken,100,24,40,1,0
20000,broken,100,28,28,1,0
20000,broken,100,28,32,1,0
20000,broken,100,28,36,1,0
20000,broken,100,32,36,3,0
20000,broken,100,32,40,4,0
20000,broken,100,32,44,1,1
20000,broken,100,36,44,8,0
20000,broken,100,36,48,5,1
20000,broken,100,36,52,1,0
20000,broken,100,36,56,1,0
20000,broken,100,36,60,8,0
20000,broken,100,36,64,1,0
20000,broken,100,40,48,2,0
20000,broken,100,40,52,2,0
20000,broken,100,44,48,2,0
20000,broken,100,44,52,1,0
20000,broken,100,44,56,3,0
20000,broken,100,48,40,1,0
20000,broken,100,48,48,1,0
20000,broken,100,48,52,3,0
20000,broken,100,48,56,4,0
20000,broken,100,48,60,7,0
20000,broken,100,48,64,19,0
20000,broken,100,48,68,2,0
20000,broken,100,48,72,1,0
20000,broken,100,48,80,4,0
20000,broken,100,48,84,8,0
20000,broken,100,48,88,1,0
20000,broken,100,60,64,1,0
20000,broken,100,60,72,1,0
20000,broken,100,60,80,2,0
20000,broken,100,64,60,2,0
20000,broken,100,64,68,1,0
20000,broken,100,64,72,3,0
20000,broken,100,64,76,1,0
20000,broken,100,64,80,2,0
20000,broken,100,64,84,1,0
20000,broken,100,64,100,1,0
20000,broken,150,0,0,1,0
20000,broken,150,16,20,1,0
20000,broken,150,20,24,3,0
20000,broken,150,20,28,1,0
20000,broken,150,24,28,1,0
20000,broken,150,24,32,2,0
20000,broken,150,24,36,1,0
20000,broken,150,24,40,2,0
20000,broken,150,24,44,1,0
20000,broken,150,28,28,1,0
20000,broken,150,28,32,2,0
20000,broken,150,28,36,1,0
20000,broken,150,28,40,1,0
20000,broken,150,28,44,1,0
20000,broken,150,32,36,2,0
20000,broken,150,32,40,2,0
20000,broken,150,32,44,3,0
20000,broken,150,32,56,1,0
20000,broken,150,36,40,1,0
20000,broken,150,36,44,3,0
20000,broken,150,36,48,2,0
20000,broken,150,36,56,1,0
20000,broken,150,36,60,1,0
20000,broken,150,36,64,3,0
20000,broken,150,40,48,2,0
20000,broken,150,40,52,2,0
20000,broken,150,44,56,2,0
20000,broken,150,44,60,1,0
20000,broken,150,48,40,1,0
20000,broken,150,48,52,4,0
20000,broken,150,48,56,6,0
20000,broken,150,48,60,6,0
20000,broken,150,48,64,15,0
20000,broken,150,48,68,1,0
20000,broken,150,48,72,1,0
20000,broken,150,48,80,1,0
20000,broken,150,48,84,5,0
20000,broken,150,56,60,1,0
20000,broken,150,56,76,1,0
20000,broken,150,60,72,1,0
20000,broken,150,60,92,1,0
20000,broken,150,64,64,1,0
20000,broken,150,64,72,1,0
20000,broken,150,64,76,2,0
20000,broken,150,64,80,3,0
20000,broken,150,64,84,2,0
20000,broken,150,64,88,1,0
20000,broken,150,64,92,2,0
20000,broken,150,64,96,1,0
20000,broken,150,72,92,1,0
20000,broken,150,80,84,1,0
20000,broken,200,24,28,1,0
20000,broken,200,24,32,1,0
20000,broken,200,24,40,1,0
20000,broken,200,28,28,1,0
20000,broken,200,32,36,3,0
20000,broken,200,32,40,2,0
20000,broken,200,32,44,4,0
20000,broken,200,36,44,4,0
20000,broken,200,36,48,2,0
20000,broken,200,36,60,2,0
20000,broken,200,40,36,1,0
20000,broken,200,40,48,1,0
20000,broken,200,40,52,1,0
20000,broken,200,44,48,1,0
20000,broken,200,44,56,3,0
20000,broken,200,44,60,1,0
20000,broken,200,48,52,1,0
20000,broken,200,48,56,7,0
20000,broken,200,48,60,6,1
20000,broken,200,48,64,8,0
20000,broken,200,48,68,1,0
20000,broken,200,48,80,1,0
20000,broken,200,48,84,3,0
20000,broken,200,64,60,1,0
20000,broken,200,64,68,1,0
20000,broken,200,64,76,3,0
20000,broken,200,64,80,3,0
20000,broken,200,64,92,2,0
20000,broken,200,64,100,1,0
20000,broken,200,64,104,1,0
20000,broken,200,72,116,1,1
20000,broken,200,80,68,1,0
20000,broken,200,80,88,2,0
20000,broken,200,80,92,1,0
20000,broken,200,80,100,1,0
20000,broken,250,4,4,1,0
20000,broken,250,20,24,1,0
20000,broken,250,20,28,1,0
20000,broken,250,20,36,1,0
20000,broken,250,24,28,1,0
20000,broken,250,24,36,1,0
20000,broken,250,24,44,1,0
20000,broken,250,28,36,1,0
20000,broken,250,32,44,1,0
20000,broken,250,32,48,1,0
20000,broken,250,36,44,2,0
20000,broken,250,36,48,2,0
20000,broken,250,36,60,4,0
20000,broken,250,36,68,1,0
20000,broken,250,40,52,1,0
20000,broken,250,40,60,1,0
20000,broken,250,44,52,2,0
20000,broken,250,44,56,3,0
20000,broken,250,48,52,1,0
20000,broken,250,48,56,3,0
20000,broken,250,48,60,3,0
20000,broken,250,48,64,14,0
20000,broken,250,48,68,1,0
20000,broken,250,48,76,1,0
20000,broken,250,48,80,3,0
20000,broken,250,48,84,4,1
20000,broken,250,48,88,1,0
20000,broken,250,52,56,1,0
20000,broken,250,52,72,1,0
20000,broken,250,56,56,1,0
20000,broken,250,60,72,1,0
20000,broken,250,64,64,1,0
20000,broken,250,64,72,2,0
20000,broken,250,64,76,2,0
20000,broken,250,64,88,2,0
20000,broken,250,64,92,1,0
20000,broken,250,72,116,2,0
20000,broken,300,20,28,1,0
20000,broken,300,24,44,2,0
20000,broken,300,28,44,1,0
20000,broken,300,32,40,1,0
20000,broken,300,32,44,2,0
20000,broken,300,32,56,1,0
20000,broken,300,36,40,1,0
20000,broken,300,36,48,2,0
20000,broken,300,36,60,2,0
20000,broken,300,36,64,2,0
20000,broken,300,40,48,3,0
20000,broken,300,40,52,2,0
20000,broken,300,40,56,1,0
20000,broken,300,44,48,1,0
20000,broken,300,44,56,1,0
20000,broken,300,44,60,1,0
20000,broken,300,48,52,1,0
20000,broken,300,48,56,4,0
20000,broken,300,48,60,5,0
20000,broken,300,48,64,11,0
20000,broken,300,48,80,1,0
20000,broken,300,48,84,2,0
20000,broken,300,48,88,1,0
20000,broken,300,64,72,1,0
20000,broken,300,64,76,1,0
20000,broken,300,64,80,1,0
20000,broken,300,64,84,2,0
20000,broken,300,72,96,1,0
20000,broken,300,80,92,1,0
20000,broken,350,24,24,1,0
20000,broken,350,24,44,2,0
20000,broken,350,32,40,1,0
20000,broken,350,32,44,4,0
20000,broken,350,36,44,4,0
20000,broken,350,36,48,1,0
20000,broken,350,36,64,1,0
20000,broken,350,40,56,1,0
20000,broken,350,48,52,1,0
20000,broken,350,48,56,4,0
20000,broken,350,48,60,2,0
20000,broken,350,48,64,8,0
20000,broken,350,48,80,2,0
20000,broken,350,48,84,2,0
20000,broken,350,52,68,1,0
20000,broken,350,60,88,1,0
20000,broken,350,64,80,1,0
20000,broken,350,64,84,1,0
20000,broken,350,64,88,2,0
20000,broken,350,64,92,1,0
20000,broken,350,64,100,1,0
20000,broken,350,64,108,1,0
20000,broken,350,80,88,2,0
20000,broken,400,24,28,1,0
20000,broken,400,24,36,1,0
20000,broken,400,28,32,2,0
20000,broken,400,36,28,1,0
20000,broken,400,36,40,1,0
20000,broken,400,36,44,5,0
20000,broken,400,36,48,2,0
20000,broken,400,36,60,1,0
20000,broken,400,40,36,1,0
20000,broken,400,40,68,1,0
20000,broken,400,44,52,2,0
20000,broken,400,44,60,1,0
20000,broken,400,48,52,1,0
20000,broken,400,48,56,2,0
20000,broken,400,48,60,1,0
20000,broken,400,48,64,5,0
20000,broken,400,48,68,1,0
20000,broken,400,64,72,1,0
20000,broken,400,64,76,1,0
20000,broken,400,64,80,1,0
20000,broken,400,64,88,1,0
20000,broken,400,64,100,1,0
20000,broken,400,72,116,1,0
20000,broken,450,20,24,1,0
20000,broken,450,24,28,1,0
20000,broken,450,28,36,1,0
20000,broken,450,36,44,2,0
20000,broken,450,36,48,2,0
20000,broken,450,36,64,1,0
20000,broken,450,40,48,1,0
20000,broken,450,44,52,1,0
20000,broken,450,44,56,1,0
20000,broken,450,48,56,1,0
20000,broken,450,48,60,3,0
20000,broken,450,48,64,6,0
20000,broken,450,48,68,1,0
20000,broken,450,48,84,1,0
20000,broken,450,64,80,1,0
20000,broken,450,64,84,3,0
20000,broken,450,64,88,1,0
20000,broken,450,64,92,2,0
20000,broken,450,64,96,1,0
20000,broken,450,64,100,1,0
20000,broken,450,72,116,1,0
20000,broken,450,80,88,2,0
20000,broken,500,20,28,1,0
20000,broken,500,32,44,1,1
20000,broken,500,36,48,2,0
20000,broken,500,44,48,1,0
20000,broken,500,44,56,2,0
20000,broken,500,44,60,1,0
20000,broken,500,48,56,1,0
20000,broken,500,48,60,1,0
20000,broken,500,48,64,5,1
20000,broken,500,56,72,1,0
20000,broken,500,64,72,1,0
20000,broken,500,64,76,1,0
20000,broken,500,64,84,1,0
20000,broken,500,64,104,1,0
20000,broken,500,64,108,1,0
20000,broken,500,80,88,1,0
20000,broken,550,24,40,1,0
20000,broken,550,28,32,1,0
20000,broken,550,32,36,1,0
20000,broken,550,36,44,1,0
20000,broken,550,36,48,1,0
20000,broken,550,36,60,1,0
20000,broken,550,40,48,1,0
20000,broken,550,48,48,1,0
20000,broken,550,48,56,4,0
20000,broken,550,48,64,5,1
20000,broken,550,48,68,1,0
20000,broken,550,48,80,1,0
20000,broken,550,56,88,1,0
20000,broken,550,64,76,1,0
20000,broken,550,64,80,1,0
20000,broken,550,64,84,1,0
20000,broken,550,64,88,1,0
20000,broken,550,64,96,1,1
20000,broken,550,80,88,2,0
20000,broken,550,80,104,1,0
20000,broken,600,24,28,1,0
20000,broken,600,24,40,2,0
20000,broken,600,32,36,1,0
20000,broken,600,32,44,1,0
20000,broken,600,32,56,1,0
20000,broken,600,36,40,1,0
20000,broken,600,36,44,2,0
20000,broken,600,36,48,1,0
20000,broken,600,40,56,2,0
20000,broken,600,48,56,3,0
20000,broken,600,48,60,2,0
20000,broken,600,48,64,6,0
20000,broken,600,48,80,1,1
20000,broken,600,48,84,1,0
20000,broken,600,64,88,1,0
20000,broken,600,64,92,1,0
20000,broken,600,80,88,1,0
20000,broken,650,24,40,1,0
20000,broken,650,36,60,1,0
20000,broken,650,44,48,1,0
20000,broken,650,48,56,2,0
20000,broken,650,48,60,1,0
20000,broken,650,48,64,3,0
20000,broken,650,48,80,2,0
20000,broken,650,64,88,1,0
20000,broken,650,64,92,1,1
20000,broken,700,24,28,1,0
20000,broken,700,36,60,1,0
20000,broken,700,36,64,1,0
20000,broken,700,44,52,1,0
20000,broken,700,44,56,1,0
20000,broken,700,44,60,1,0
20000,broken,700,48,56,3,0
20000,broken,700,48,60,1,0
20000,broken,700,48,64,4,0
20000,broken,700,48,80,1,0
20000,broken,700,48,84,1,0
20000,broken,700,64,88,1,0
20000,broken,700,72,116,1,0
20000,broken,750,32,44,1,0
20000,broken,750,36,44,1,0
20000,broken,750,40,60,1,0
20000,broken,750,44,60,1,1
20000,broken,750,48,60,1,0
20000,broken,750,48,68,2,0
20000,broken,750,48,84,1,0
20000,broken,750,64,80,1,0
20000,broken,750,64,84,1,0
20000,broken,750,80,88,1,0
20000,broken,750,80,92,2,0
20000,broken,800,36,60,2,0
20000,broken,800,36,64,1,0
20000,broken,800,40,56,1,0
20000,broken,800,44,52,1,0
20000,broken,800,48,56,4,0
20000,broken,800,48,64,3,0
20000,broken,800,48,84,1,0
20000,broken,800,60,72,1,0
20000,broken,800,64,76,1,0
20000,broken,800,64,80,2,0
20000,broken,800,64,88,1,0
20000,broken,800,64,92,1,0
20000,broken,800,72,116,1,1
20000,broken,850,28,36,1,0
20000,broken,850,36,48,2,0
20000,broken,850,36,60,2,0
20000,broken,850,36,64,1,0
20000,broken,850,48,60,2,0
20000,broken,850,48,64,2,0
20000,broken,850,64,76,1,0
20000,broken,850,64,84,1,0
20000,broken,850,64,88,1,0
20000,broken,850,64,100,1,0
20000,broken,850,72,116,1,0
20000,broken,850,80,104,1,0
20000,broken,900,48,48,1,0
20000,broken,900,48,60,1,0
20000,broken,900,48,64,7,0
20000,broken,900,48,68,1,0
20000,broken,900,64,84,1,0
20000,broken,900,80,104,1,1
20000,broken,950,36,44,1,0
20000,broken,950,36,64,1,0
20000,broken,950,48,56,1,0
20000,broken,950,48,64,11,1
20000,broken,950,48,80,1,0
20000,broken,950,64,80,1,0
20000,broken,950,80,100,1,0
20000,broken,1000,36,44,2,0
20000,broken,1000,36,48,1,0
20000,broken,1000,40,56,1,0
20000,broken,1000,48,64,2,0
20000,broken,1000,64,84,1,0
20000,broken,1000,64,92,1,0
20000,broken,1050,32,44,1,0
20000,broken,1050,36,48,1,0
20000,broken,1050,36,60,1,0
20000,broken,1050,40,48,1,0
20000,broken,1050,48,60,1,0
20000,broken,1050,48,64,1,1
20000,broken,1050,48,84,1,0
20000,broken,1100,36,44,1,0
20000,broken,1100,36,52,1,0
20000,broken,1100,36,64,1,0
20000,broken,1100,48,56,1,0
20000,broken,1100,48,64,4,0
20000,broken,1100,64,84,1,0
20000,broken,1100,64,92,1,0
20000,broken,1100,64,100,1,0
20000,broken,1100,80,88,1,0
20000,broken,1150,36,64,1,0
20000,broken,1150,48,56,1,0
20000,broken,1150,48,64,3,0
20000,broken,1200,44,52,1,0
20000,broken,1200,48,64,2,0
20000,broken,1200,64,88,1,0
20000,broken,1250,24,44,1,0
20000,broken,1250,48,64,1,0
20000,broken,1250,64,88,1,0
20000,broken,1250,76,116,1,0
20000,broken,1300,36,44,1,0
20000,broken,1300,48,56,1,1
20000,broken,1300,48,64,3,2
20000,broken,1300,64,92,1,0
20000,broken,1300,72,116,1,1
20000,broken,1350,36,64,1,0
20000,broken,1350,48,64,1,0
20000,broken,1350,64,84,2,0
20000,broken,1400,40,56,1,1
20000,broken,1400,64,72,1,0
20000,broken,1450,48,60,1,0
20000,broken,1450,48,64,2,2
20000,broken,1450,64,84,1,0
20000,broken,1500,36,60,1,0
20000,broken,1500,48,64,2,1
20000,broken,1500,48,76,1,1
20000,broken,1550,36,44,1,1
20000,broken,1550,36,60,1,1
20000,broken,1550,36,64,1,1
20000,broken,1550,48,56,1,0
20000,broken,1550,48,64,2,1
20000,broken,1550,64,80,1,0
20000,broken,1550,64,100,1,0
20000,broken,1600,48,56,1,1
20000,broken,1600,64,84,1,1
20000,broken,1600,64,88,1,0
20000,broken,1650,48,56,1,0
20000,broken,1650,48,68,1,0
20000,broken,1650,48,84,1,0
20000,broken,1700,48,56,1,1
20000,broken,1700,48,64,2,0
20000,broken,1700,48,68,1,0
20000,broken,1700,64,72,1,0
20000,broken,1750,48,56,1,0
20000,broken,1900,72,116,1,1
20000,broken,1950,44,56,1,1
20000,broken,1950,48,56,1,0
20000,broken,2000,48,60,1,0
20000,broken,2000,48,68,1,0
20000,broken,2100,48,64,1,0
20000,broken,2250,48,84,1,0
20000,broken,2400,48,64,1,0
20000,broken,2600,48,60,1,1
20000,broken,2650,48,56,1,1
20000,broken,2650,80,104,1,1
20000,broken,2900,48,56,1,1
20000,broken,3000,48,68,1,1
20000,broken,3200,48,64,1,1
20000,broken,3300,48,56,1,1
20000,broken,3350,48,56,1,1
20000,broken,3500,64,84,1,1
30000,hunger,0,4,4,2,0
30000,hunger,0,8,8,1,0
30000,hunger,0,8,12,2,0
30000,hunger,0,12,8,1,0
30000,hunger,0,12,12,3,0
30000,hunger,0,16,16,3,0
30000,hunger,0,16,28,7,0
30000,hunger,0,16,32,2,0
30000,hunger,0,20,20,4,0
30000,hunger,0,20,24,1,0
30000,hunger,0,24,24,1,0
30000,hunger,0,24,28,5,0
30000,hunger,0,24,32,5,0
30000,hunger,0,24,40,2,0
30000,hunger,0,24,44,54,0
30000,hunger,0,24,48,164,0
30000,hunger,0,24,60,1,0
30000,hunger,0,28,28,1,0
30000,hunger,0,28,36,1,0
30000,hunger,0,32,28,1,0
30000,hunger,0,32,32,1,0
30000,hunger,0,32,36,4,0
30000,hunger,0,32,40,2,0
30000,hunger,0,32,44,1,0
30000,hunger,0,32,64,2,0
30000,hunger,0,36,28,1,0
30000,hunger,0,36,32,2,0
30000,hunger,0,36,36,10,0
30000,hunger,0,36,40,14,0
30000,hunger,0,36,44,7,0
30000,hunger,0,36,48,3,0
30000,hunger,0,36,52,3,0
30000,hunger,0,36,56,6,0
30000,hunger,0,36,60,31,0
30000,hunger,0,36,64,43,0
30000,hunger,0,36,68,113,0
30000,hunger,0,36,72,1,0
30000,hunger,0,36,76,1,0
30000,hunger,0,40,32,1,0
30000,hunger,0,40,40,1,0
30000,hunger,0,40,48,1,0
30000,hunger,0,44,56,1,0
30000,hunger,0,44,60,1,0
30000,hunger,0,48,36,1,0
30000,hunger,0,48,40,2,0
30000,hunger,0,48,44,1,0
30000,hunger,0,48,48,2,0
30000,hunger,0,48,52,7,0
30000,hunger,0,48,56,2,0
30000,hunger,0,48,60,6,1
30000,hunger,0,48,64,3,0
30000,hunger,0,48,68,1,0
30000,hunger,0,48,72,3,0
30000,hunger,0,48,76,4,0
30000,hunger,0,48,80,13,0
30000,hunger,0,48,84,18,0
30000,hunger,0,48,88,26,0
30000,hunger,0,48,92,16,0
30000,hunger,0,48,96,6,0
30000,hunger,0,48,104,1,0
30000,hunger,0,52,60,1,0
30000,hunger,0,56,56,1,0
30000,hunger,0,64,64,1,0
30000,hunger,0,64,72,3,0
30000,hunger,0,64,80,2,0
30000,hunger,0,64,84,1,0
30000,hunger,0,64,88,1,0
30000,hunger,0,64,92,1,0
30000,hunger,0,64,104,1,0
30000,hunger,0,64,108,7,0
30000,hunger,0,64,112,8,0
30000,hunger,0,64,116,6,0
30000,hunger,0,64,120,2,0
30000,hunger,0,64,124,1,0
30000,hunger,0,80,108,1,0
30000,hunger,0,80,132,2,0
30000,hunger,0,80,136,2,0
30000,hunger,0,80,140,1,0
30000,hunger,0,80,144,2,0
30000,hunger,0,80,148,1,0
30000,hunger,0,100,168,1,0
30000,hunger,50,0,0,5,0
30000,hunger,50,4,0,2,0
30000,hunger,50,4,4,6,0
30000,hunger,50,4,8,2,0
30000,hunger,50,4,12,1,0
30000,hunger,50,4,16,1,0
30000,hunger,50,8,8,10,0
30000,hunger,50,8,12,7,0
30000,hunger,50,8,16,1,0
30000,hunger,50,12,12,9,0
30000,hunger,50,12,16,15,0
30000,hunger,50,12,20,1,0
30000,hunger,50,12,24,1,0
30000,hunger,50,16,16,7,0
30000,hunger,50,16,20,3,0
30000,hunger,50,16,24,2,0
30000,hunger,50,16,28,33,0
30000,hunger,50,16,32,1,0
30000,hunger,50,20,20,9,0
30000,hunger,50,20,24,7,0
30000,hunger,50,20,28,7,0
30000,hunger,50,20,36,3,0
30000,hunger,50,20,40,1,0
30000,hunger,50,24,20,3,0
30000,hunger,50,24,24,13,0
30000,hunger,50,24,28,37,0
30000,hunger,50,24,32,13,0
30000,hunger,50,24,36,9,0
30000,hunger,50,24,40,22,0
30000,hunger,50,24,44,162,0
30000,hunger,50,24,48,547,2
30000,hunger,50,24,52,8,0
30000,hunger,50,24,56,1,0
30000,hunger,50,24,64,2,0
30000,hunger,50,24,88,1,0
30000,hunger,50,28,28,2,0
30000,hunger,50,28,32,4,0
30000,hunger,50,28,36,5,0
30000,hunger,50,28,40,1,0
30000,hunger,50,28,44,1,0
30000,hunger,50,28,48,1,0
30000,hunger,50,28,52,2,0
30000,hunger,50,32,24,2,0
30000,hunger,50,32,28,4,0
30000,hunger,50,32,32,3,0
30000,hunger,50,32,36,14,0
30000,hunger,50,32,40,17,0
30000,hunger,50,32,44,3,0
30000,hunger,50,32,48,1,0
30000,hunger,50,32,56,1,0
30000,hunger,50,32,60,2,0
30000,hunger,50,32,64,2,0
30000,hunger,50,36,24,1,0
30000,hunger,50,36,28,3,0
30000,hunger,50,36,32,5,0
30000,hunger,50,36,36,29,0
30000,hunger,50,36,40,58,0
30000,hunger,50,36,44,19,0
30000,hunger,50,36,48,21,0
30000,hunger,50,36,52,16,1
30000,hunger,50,36,56,25,0
30000,hunger,50,36,60,80,0
30000,hunger,50,36,64,212,0
30000,hunger,50,36,68,292,1
30000,hunger,50,36,72,21,0
30000,hunger,50,36,76,9,0
30000,hunger,50,36,80,3,0
30000,hunger,50,36,88,2,0
30000,hunger,50,36,92,1,0
30000,hunger,50,36,104,2,0
30000,hunger,50,36,140,1,0
30000,hunger,50,40,36,1,0
30000,hunger,50,40,40,4,0
30000,hunger,50,40,44,4,0
30000,hunger,50,40,48,7,0
30000,hunger,50,40,52,8,0
30000,hunger,50,40,56,5,0
30000,hunger,50,40,64,1,0
30000,hunger,50,40,68,1,0
30000,hunger,50,44,40,1,0
30000,hunger,50,44,44,3,0
30000,hunger,50,44,48,3,0
30000,hunger,50,44,52,4,0
30000,hunger,50,44,56,6,0
30000,hunger,50,44,60,6,1
30000,hunger,50,48,44,2,0
30000,hunger,50,48,48,4,0
30000,hunger,50,48,52,19,0
30000,hunger,50,48,56,20,0
30000,hunger,50,48,60,29,0
30000,hunger,50,48,64,21,0
30000,hunger,50,48,68,5,0
30000,hunger,50,48,72,9,0
30000,hunger,50,48,76,22,0
30000,hunger,50,48,80,45,0
30000,hunger,50,48,84,103,0
30000,hunger,50,48,88,149,2
30000,hunger,50,48,92,93,1
30000,hunger,50,48,96,24,0
30000,hunger,50,48,100,7,0
30000,hunger,50,48,104,4,0
30000,hunger,50,48,108,1,0
30000,hunger,50,48,112,3,0
30000,hunger,50,48,124,1,0
30000,hunger,50,48,132,3,0
30000,hunger,50,48,144,1,0
30000,hunger,50,48,152,1,0
30000,hunger,50,52,72,1,0
30000,hunger,50,52,104,1,0
30000,hunger,50,56,64,1,0
30000,hunger,50,56,72,3,0
30000,hunger,50,56,76,6,0
30000,hunger,50,60,72,1,0
30000,hunger,50,60,84,1,0
30000,hunger,50,60,108,1,0
30000,hunger,50,60,116,1,0
30000,hunger,50,64,64,1,0
30000,hunger,50,64,68,3,0
30000,hunger,50,64,72,2,0
30000,hunger,50,64,76,1,0
30000,hunger,50,64,80,9,0
30000,hunger,50,64,84,6,0
30000,hunger,50,64,88,2,0
30000,hunger,50,64,92,3,0
30000,hunger,50,64,96,4,0
30000,hunger,50,64,100,8,0
30000,hunger,50,64,104,12,0
30000,hunger,50,64,108,28,0
30000,hunger,50,64,112,32,0
30000,hunger,50,64,116,20,0
30000,hunger,50,64,120,5,0
30000,hunger,50,64,124,1,0
30000,hunger,50,64,128,1,0
30000,hunger,50,64,132,3,0
30000,hunger,50,64,136,1,0
30000,hunger,50,64,144,1,0
30000,hunger,50,64,148,1,0
30000,hunger,50,64,152,1,0
30000,hunger,50,64,160,1,0
30000,hunger,50,64,172,1,0
30000,hunger,50,64,180,2,0
30000,hunger,50,68,160,1,0
30000,hunger,50,76,100,1,0
30000,hunger,50,80,88,1,0
30000,hunger,50,80,96,1,0
30000,hunger,50,80,120,1,0
30000,hunger,50,80,128,1,0
30000,hunger,50,80,132,2,0
30000,hunger,50,80,136,4,0
30000,hunger,50,80,140,1,0
30000,hunger,50,80,148,4,0
30000,hunger,50,80,164,3,0
30000,hunger,50,80,192,1,0
30000,hunger,50,80,236,1,0
30000,hunger,50,100,172,1,0
30000,hunger,50,100,176,1,0
30000,hunger,50,120,192,1,0
30000,hunger,100,0,0,1,0
30000,hunger,100,4,0,1,0
30000,hunger,100,4,4,3,0
30000,hunger,100,4,8,2,0
30000,hunger,100,8,8,5,0
30000,hunger,100,8,12,4,0
30000,hunger,100,8,16,1,0
30000,hunger,100,12,12,7,0
30000,hunger,100,12,16,10,0
30000,hunger,100,12,20,1,0
30000,hunger,100,12,24,2,0
30000,hunger,100,16,12,1,0
30000,hunger,100,16,16,9,0
30000,hunger,100,16,20,6,0
30000,hunger,100,16,24,4,1
30000,hunger,100,16,28,32,0
30000,hunger,100,16,32,2,0
30000,hunger,100,16,36,2,0
30000,hunger,100,20,16,2,0
30000,hunger,100,20,20,4,0
30000,hunger,100,20,24,4,0
30000,hunger,100,20,28,6,0
30000,hunger,100,20,32,1,0
30000,hunger,100,20,36,3,0
30000,hunger,100,20,40,2,0
30000,hunger,100,20,44,3,0
30000,hunger,100,24,24,6,0
30000,hunger,100,24,28,33,0
30000,hunger,100,24,32,16,0
30000,hunger,100,24,36,8,0
30000,hunger,100,24,40,28,0
30000,hunger,100,24,44,154,0
30000,hunger,100,24,48,666,0
30000,hunger,100,24,52,11,0
30000,hunger,100,24,56,8,0
30000,hunger,100,24,60,4,0
30000,hunger,100,24,64,4,0
30000,hunger,100,24,68,1,0
30000,hunger,100,24,72,1,0
30000,hunger,100,24,84,2,0
30000,hunger,100,28,28,1,0
30000,hunger,100,28,32,5,0
30000,hunger,100,28,36,4,0
30000,hunger,100,28,40,1,0
30000,hunger,100,32,28,4,0
30000,hunger,100,32,32,3,0
30000,hunger,100,32,36,16,0
30000,hunger,100,32,40,14,0
30000,hunger,100,32,44,13,0
30000,hunger,100,32,60,1,0
30000,hunger,100,32,64,2,0
30000,hunger,100,32,72,1,0
30000,hunger,100,36,24,1,0
30000,hunger,100,36,28,3,0
30000,hunger,100,36,32,7,0
30000,hunger,100,36,36,20,0
30000,hunger,100,36,40,62,0
30000,hunger,100,36,44,35,1
30000,hunger,100,36,48,43,0
30000,hunger,100,36,52,13,0
30000,hunger,100,36,56,27,0
30000,hunger,100,36,60,115,0
30000,hunger,100,36,64,241,0
30000,hunger,100,36,68,249,0
30000,hunger,100,36,72,21,1
30000,hunger,100,36,76,17,0
30000,hunger,100,36,80,4,0
30000,hunger,100,36,84,3,0
30000,hunger,100,36,88,4,0
30000,hunger,100,36,92,2,0
30000,hunger,100,36,104,3,0
30000,hunger,100,36,108,2,0
30000,hunger,100,36,120,2,0
30000,hunger,100,36,124,3,0
30000,hunger,100,36,132,1,0
30000,hunger,100,40,40,3,0
30000,hunger,100,40,44,1,0
30000,hunger,100,40,48,13,0
30000,hunger,100,40,52,6,0
30000,hunger,100,40,56,7,0
30000,hunger,100,40,60,2,0
30000,hunger,100,44,52,6,0
30000,hunger,100,44,56,12,0
30000,hunger,100,44,60,10,0
30000,hunger,100,44,64,1,0
30000,hunger,100,48,40,2,0
30000,hunger,100,48,44,2,0
30000,hunger,100,48,48,10,0
30000,hunger,100,48,52,16,0
30000,hunger,100,48,56,25,0
30000,hunger,100,48,60,30,0
30000,hunger,100,48,64,31,0
30000,hunger,100,48,68,11,0
30000,hunger,100,48,72,14,0
30000,hunger,100,48,76,32,0
30000,hunger,100,48,80,47,1
30000,hunger,100,48,84,153,3
30000,hunger,100,48,88,208,0
30000,hunger,100,48,92,105,0
30000,hunger,100,48,96,9,0
30000,hunger,100,48,100,3,0
30000,hunger,100,48,104,6,0
30000,hunger,100,48,108,1,0
30000,hunger,100,48,112,5,0
30000,hunger,100,48,116,1,0
30000,hunger,100,48,120,5,0
30000,hunger,100,48,124,2,0
30000,hunger,100,48,132,3,0
30000,hunger,100,48,136,2,0
30000,hunger,100,48,148,2,0
30000,hunger,100,48,152,1,0
30000,hunger,100,48,156,1,0
30000,hunger,100,52,64,1,0
30000,hunger,100,52,68,3,0
30000,hunger,100,56,56,1,0
30000,hunger,100,56,76,1,0
30000,hunger,100,60,68,1,0
30000,hunger,100,60,72,1,0
30000,hunger,100,60,76,1,0
30000,hunger,100,64,64,1,0
30000,hunger,100,64,68,1,0
30000,hunger,100,64,72,3,0
30000,hunger,100,64,76,5,0
30000,hunger,100,64,80,14,0
30000,hunger,100,64,84,13,0
30000,hunger,100,64,88,5,0
30000,hunger,100,64,92,6,0
30000,hunger,100,64,96,1,0
30000,hunger,100,64,100,5,1
30000,hunger,100,64,104,16,0
30000,hunger,100,64,108,32,0
30000,hunger,100,64,112,55,0
30000,hunger,100,64,116,29,0
30000,hunger,100,64,120,26,0
30000,hunger,100,64,124,2,0
30000,hunger,100,64,128,2,0
30000,hunger,100,64,152,1,0
30000,hunger,100,64,172,1,0
30000,hunger,100,64,176,1,0
30000,hunger,100,64,180,1,0
30000,hunger,100,64,184,1,0
30000,hunger,100,72,88,1,0
30000,hunger,100,80,92,1,0
30000,hunger,100,80,96,1,0
30000,hunger,100,80,104,1,0
30000,hunger,100,80,116,1,0
30000,hunger,100,80,120,1,0
30000,hunger,100,80,124,1,0
30000,hunger,100,80,128,2,0
30000,hunger,100,80,132,3,0
30000,hunger,100,80,136,2,0
30000,hunger,100,80,140,3,0
30000,hunger,100,80,144,1,0
30000,hunger,100,80,148,1,0
30000,hunger,100,80,152,1,0
30000,hunger,100,80,192,1,0
30000,hunger,100,80,232,1,0
30000,hunger,100,80,272,1,0
30000,hunger,100,100,124,1,0
30000,hunger,100,100,152,1,0
30000,hunger,100,100,156,1,0
30000,hunger,100,100,168,1,0
30000,hunger,100,100,272,1,0
30000,hunger,150,4,4,4,0
30000,hunger,150,4,8,1,0
30000,hunger,150,8,8,3,0
30000,hunger,150,8,16,1,0
30000,hunger,150,12,12,2,0
30000,hunger,150,12,16,3,0
30000,hunger,150,12,20,1,0
30000,hunger,150,12,24,2,0
30000,hunger,150,16,16,5,0
30000,hunger,150,16,20,4,0
30000,hunger,150,16,24,4,0
30000,hunger,150,16,28,26,0
30000,hunger,150,16,32,2,0
30000,hunger,150,20,20,6,1
30000,hunger,150,20,24,10,0
30000,hunger,150,20,28,7,0
30000,hunger,150,20,32,1,0
30000,hunger,150,20,36,1,0
30000,hunger,150,20,40,1,0
30000,hunger,150,20,44,2,0
30000,hunger,150,24,24,8,0
30000,hunger,150,24,28,41,0
30000,hunger,150,24,32,8,0
30000,hunger,150,24,36,4,0
30000,hunger,150,24,40,12,0
30000,hunger,150,24,44,126,0
30000,hunger,150,24,48,520,2
30000,hunger,150,24,52,10,0
30000,hunger,150,24,56,4,0
30000,hunger,150,24,60,1,0
30000,hunger,150,24,64,1,0
30000,hunger,150,24,68,1,0
30000,hunger,150,24,76,1,0
30000,hunger,150,24,96,1,0
30000,hunger,150,28,32,2,0
30000,hunger,150,28,36,3,0
30000,hunger,150,28,40,2,0
30000,hunger,150,28,44,1,0
30000,hunger,150,28,48,1,0
30000,hunger,150,32,28,2,0
30000,hunger,150,32,32,3,0
30000,hunger,150,32,36,15,0
30000,hunger,150,32,40,19,0
30000,hunger,150,32,44,11,0
30000,hunger,150,32,60,1,0
30000,hunger,150,32,64,1,0
30000,hunger,150,32,72,1,0
30000,hunger,150,36,16,1,0
30000,hunger,150,36,28,1,0
30000,hunger,150,36,32,3,0
30000,hunger,150,36,36,25,0
30000,hunger,150,36,40,53,1
30000,hunger,150,36,44,21,0
30000,hunger,150,36,48,33,0
30000,hunger,150,36,52,12,0
30000,hunger,150,36,56,25,0
30000,hunger,150,36,60,88,1
30000,hunger,150,36,64,221,2
30000,hunger,150,36,68,222,2
30000,hunger,150,36,72,24,0
30000,hunger,150,36,76,15,1
30000,hunger,150,36,80,7,0
30000,hunger,150,36,84,3,0
30000,hunger,150,36,88,5,0
30000,hunger,150,36,92,2,0
30000,hunger,150,36,96,1,0
30000,hunger,150,36,124,1,0
30000,hunger,150,40,36,1,0
30000,hunger,150,40,40,3,0
30000,hunger,150,40,44,4,0
30000,hunger,150,40,48,5,0
30000,hunger,150,40,52,16,0
30000,hunger,150,40,56,1,0
30000,hunger,150,44,36,1,0
30000,hunger,150,44,44,3,0
30000,hunger,150,44,48,3,0
30000,hunger,150,44,52,4,0
30000,hunger,150,44,56,14,1
30000,hunger,150,44,60,10,0
30000,hunger,150,44,64,1,0
30000,hunger,150,48,44,3,0
30000,hunger,150,48,48,8,0
30000,hunger,150,48,52,18,1
30000,hunger,150,48,56,32,0
30000,hunger,150,48,60,30,0
30000,hunger,150,48,64,30,0
30000,hunger,150,48,68,7,0
30000,hunger,150,48,72,7,0
30000,hunger,150,48,76,36,0
30000,hunger,150,48,80,53,0
30000,hunger,150,48,84,157,2
30000,hunger,150,48,88,197,0
30000,hunger,150,48,92,97,0
30000,hunger,150,48,96,9,0
30000,hunger,150,48,100,6,0
30000,hunger,150,48,104,6,0
30000,hunger,150,48,108,1,0
30000,hunger,150,48,112,1,0
30000,hunger,150,48,128,3,0
30000,hunger,150,48,156,1,0
30000,hunger,150,52,64,2,0
30000,hunger,150,52,68,2,0
30000,hunger,150,52,76,1,0
30000,hunger,150,52,84,1,0
30000,hunger,150,56,60,1,0
30000,hunger,150,56,64,1,0
30000,hunger,150,56,68,1,0
30000,hunger,150,56,72,5,0
30000,hunger,150,56,76,3,0
30000,hunger,150,56,80,1,0
30000,hunger,150,56,84,1,0
30000,hunger,150,60,72,3,0
30000,hunger,150,60,80,1,0
30000,hunger,150,60,88,1,0
30000,hunger,150,64,52,1,0
30000,hunger,150,64,60,1,0
30000,hunger,150,64,68,1,0
30000,hunger,150,64,72,2,0
30000,hunger,150,64,76,12,0
30000,hunger,150,64,80,13,1
30000,hunger,150,64,84,14,1
30000,hunger,150,64,88,3,0
30000,hunger,150,64,92,5,0
30000,hunger,150,64,96,4,0
30000,hunger,150,64,100,4,0
30000,hunger,150,64,104,20,1
30000,hunger,150,64,108,34,0
30000,hunger,150,64,112,47,0
30000,hunger,150,64,116,26,0
30000,hunger,150,64,120,13,0
30000,hunger,150,64,124,5,0
30000,hunger,150,64,128,2,0
30000,hunger,150,64,132,1,0
30000,hunger,150,64,156,2,0
30000,hunger,150,72,88,1,0
30000,hunger,150,80,84,1,0
30000,hunger,150,80,88,4,0
30000,hunger,150,80,96,1,0
30000,hunger,150,80,100,1,0
30000,hunger,150,80,104,1,0
30000,hunger,150,80,108,2,0
30000,hunger,150,80,116,2,0
30000,hunger,150,80,120,1,0
30000,hunger,150,80,124,3,0
30000,hunger,150,80,128,1,0
30000,hunger,150,80,132,3,0
30000,hunger,150,80,136,2,0
30000,hunger,150,80,144,2,0
30000,hunger,150,80,148,3,0
30000,hunger,150,80,152,1,0
30000,hunger,150,100,148,1,0
30000,hunger,150,120,188,1,0
30000,hunger,200,4,0,1,0
30000,hunger,200,8,8,3,0
30000,hunger,200,8,16,2,0
30000,hunger,200,12,12,5,0
30000,hunger,200,12,16,5,0
30000,hunger,200,12,24,1,0
30000,hunger,200,12,28,1,0
30000,hunger,200,16,16,4,0
30000,hunger,200,16,20,7,0
30000,hunger,200,16,28,14,0
30000,hunger,200,16,60,1,0
30000,hunger,200,20,16,1,0
30000,hunger,200,20,20,7,1
30000,hunger,200,20,24,3,0
30000,hunger,200,20,28,2,0
30000,hunger,200,20,40,1,0
30000,hunger,200,24,24,7,0
30000,hunger,200,24,28,41,0
30000,hunger,200,24,32,8,0
30000,hunger,200,24,36,3,0
30000,hunger,200,24,40,11,0
30000,hunger,200,24,44,84,1
30000,hunger,200,24,48,480,4
30000,hunger,200,24,52,4,0
30000,hunger,200,24,56,4,0
30000,hunger,200,24,60,2,0
30000,hunger,200,24,68,1,0
30000,hunger,200,24,72,1,0
30000,hunger,200,24,84,1,0
30000,hunger,200,24,88,1,0
30000,hunger,200,28,28,2,0
30000,hunger,200,28,32,9,0
30000,hunger,200,28,36,5,0
30000,hunger,200,32,24,1,0
30000,hunger,200,32,28,1,0
30000,hunger,200,32,32,3,0
30000,hunger,200,32,36,12,0
30000,hunger,200,32,40,17,0
30000,hunger,200,32,44,5,0
30000,hunger,200,32,60,1,0
30000,hunger,200,32,64,1,0
30000,hunger,200,32,72,1,0
30000,hunger,200,36,32,1,0
30000,hunger,200,36,36,19,0
30000,hunger,200,36,40,34,0
30000,hunger,200,36,44,21,0
30000,hunger,200,36,48,48,2
30000,hunger,200,36,52,20,0
30000,hunger,200,36,56,16,0
30000,hunger,200,36,60,90,0
30000,hunger,200,36,64,223,0
30000,hunger,200,36,68,163,3
30000,hunger,200,36,72,20,0
30000,hunger,200,36,76,13,0
30000,hunger,200,36,80,2,0
30000,hunger,200,36,84,7,0
30000,hunger,200,36,88,2,0
30000,hunger,200,36,92,1,0
30000,hunger,200,36,120,1,0
30000,hunger,200,40,40,1,0
30000,hunger,200,40,44,3,0
30000,hunger,200,40,48,8,0
30000,hunger,200,40,52,11,0
30000,hunger,200,40,56,5,0
30000,hunger,200,40,64,1,0
30000,hunger,200,44,40,1,0
30000,hunger,200,44,44,2,0
30000,hunger,200,44,48,2,0
30000,hunger,200,44,52,5,0
30000,hunger,200,44,56,6,0
30000,hunger,200,44,60,11,0
30000,hunger,200,44,64,1,0
30000,hunger,200,48,44,2,0
30000,hunger,200,48,48,9,0
30000,hunger,200,48,52,27,0
30000,hunger,200,48,56,31,0
30000,hunger,200,48,60,33,0
30000,hunger,200,48,64,18,0
30000,hunger,200,48,68,12,0
30000,hunger,200,48,72,18,2
30000,hunger,200,48,76,27,1
30000,hunger,200,48,80,41,0
30000,hunger,200,48,84,134,5
30000,hunger,200,48,88,210,0
30000,hunger,200,48,92,85,4
30000,hunger,200,48,96,16,0
30000,hunger,200,48,100,6,0
30000,hunger,200,48,104,1,0
30000,hunger,200,48,124,1,0
30000,hunger,200,48,164,1,0
30000,hunger,200,52,56,1,0
30000,hunger,200,52,68,5,0
30000,hunger,200,52,72,2,0
30000,hunger,200,56,72,2,0
30000,hunger,200,56,80,1,0
30000,hunger,200,56,84,1,0
30000,hunger,200,60,68,1,0
30000,hunger,200,60,72,2,0
30000,hunger,200,60,80,1,0
30000,hunger,200,60,88,1,0
30000,hunger,200,64,52,1,0
30000,hunger,200,64,60,2,0
30000,hunger,200,64,64,1,0
30000,hunger,200,64,68,1,0
30000,hunger,200,64,72,2,1
30000,hunger,200,64,76,7,0
30000,hunger,200,64,80,12,0
30000,hunger,200,64,84,12,0
30000,hunger,200,64,88,3,0
30000,hunger,200,64,92,2,0
30000,hunger,200,64,96,3,0
30000,hunger,200,64,100,4,0
30000,hunger,200,64,104,20,0
30000,hunger,200,64,108,28,0
30000,hunger,200,64,112,46,0
30000,hunger,200,64,116,31,0
30000,hunger,200,64,120,14,0
30000,hunger,200,64,128,2,0
30000,hunger,200,64,132,1,0
30000,hunger,200,72,96,1,0
30000,hunger,200,80,80,1,0
30000,hunger,200,80,84,1,0
30000,hunger,200,80,88,1,0
30000,hunger,200,80,96,1,0
30000,hunger,200,80,104,2,0
30000,hunger,200,80,108,5,0
30000,hunger,200,80,112,1,0
30000,hunger,200,80,116,1,0
30000,hunger,200,80,128,1,0
30000,hunger,200,80,132,1,0
30000,hunger,200,80,136,2,0
30000,hunger,200,80,140,1,0
30000,hunger,200,80,144,2,0
30000,hunger,200,80,152,3,0
30000,hunger,200,100,184,1,0
30000,hunger,250,4,0,2,0
30000,hunger,250,8,8,1,0
30000,hunger,250,8,12,2,0
30000,hunger,250,12,12,2,0
30000,hunger,250,12,16,4,0
30000,hunger,250,16,16,2,0
30000,hunger,250,16,20,3,0
30000,hunger,250,16,24,1,0
30000,hunger,250,16,28,22,0
30000,hunger,250,16,32,3,0
30000,hunger,250,20,20,3,0
30000,hunger,250,20,24,3,0
30000,hunger,250,20,28,5,0
30000,hunger,250,20,32,1,0
30000,hunger,250,20,36,2,0
30000,hunger,250,20,40,1,0
30000,hunger,250,24,24,6,0
30000,hunger,250,24,28,20,0
30000,hunger,250,24,32,9,0
30000,hunger,250,24,36,5,0
30000,hunger,250,24,40,9,0
30000,hunger,250,24,44,100,0
30000,hunger,250,24,48,435,7
30000,hunger,250,24,52,4,0
30000,hunger,250,24,56,3,0
30000,hunger,250,24,64,2,0
30000,hunger,250,28,28,1,0
30000,hunger,250,28,32,4,0
30000,hunger,250,28,36,2,0
30000,hunger,250,28,44,1,0
30000,hunger,250,32,28,1,0
30000,hunger,250,32,32,2,0
30000,hunger,250,32,36,10,0
30000,hunger,250,32,40,12,0
30000,hunger,250,32,44,6,0
30000,hunger,250,32,48,2,0
30000,hunger,250,32,52,1,0
30000,hunger,250,36,32,1,0
30000,hunger,250,36,36,10,0
30000,hunger,250,36,40,55,0
30000,hunger,250,36,44,20,0
30000,hunger,250,36,48,37,0
30000,hunger,250,36,52,12,0
30000,hunger,250,36,56,22,0
30000,hunger,250,36,60,82,0
30000,hunger,250,36,64,218,3
30000,hunger,250,36,68,157,0
30000,hunger,250,36,72,17,0
30000,hunger,250,36,76,14,1
30000,hunger,250,36,80,5,0
30000,hunger,250,36,84,2,0
30000,hunger,250,36,88,3,0
30000,hunger,250,36,92,1,0
30000,hunger,250,36,96,1,0
30000,hunger,250,36,100,1,0
30000,hunger,250,40,40,2,0
30000,hunger,250,40,44,5,0
30000,hunger,250,40,48,6,0
30000,hunger,250,40,52,18,0
30000,hunger,250,40,56,3,0
30000,hunger,250,44,48,1,0
30000,hunger,250,44,52,1,0
30000,hunger,250,44,56,7,0
30000,hunger,250,44,60,13,0
30000,hunger,250,44,64,2,0
30000,hunger,250,48,44,1,0
30000,hunger,250,48,48,8,0
30000,hunger,250,48,52,16,0
30000,hunger,250,48,56,20,0
30000,hunger,250,48,60,19,0
30000,hunger,250,48,64,29,2
30000,hunger,250,48,68,12,0
30000,hunger,250,48,72,13,1
30000,hunger,250,48,76,19,1
30000,hunger,250,48,80,45,1
30000,hunger,250,48,84,125,2
30000,hunger,250,48,88,187,2
30000,hunger,250,48,92,83,0
30000,hunger,250,48,96,13,0
30000,hunger,250,48,100,3,0
30000,hunger,250,48,104,3,0
30000,hunger,250,48,108,2,0
30000,hunger,250,48,120,1,1
30000,hunger,250,48,124,2,0
30000,hunger,250,48,132,1,0
30000,hunger,250,52,68,1,0
30000,hunger,250,52,112,1,0
30000,hunger,250,56,56,1,0
30000,hunger,250,56,60,2,0
30000,hunger,250,56,72,2,0
30000,hunger,250,56,76,1,0
30000,hunger,250,56,80,1,0
30000,hunger,250,60,60,1,0
30000,hunger,250,60,72,1,0
30000,hunger,250,60,76,2,0
30000,hunger,250,60,80,2,0
30000,hunger,250,60,96,1,0
30000,hunger,250,64,68,2,0
30000,hunger,250,64,76,8,0
30000,hunger,250,64,80,17,0
30000,hunger,250,64,84,17,0
30000,hunger,250,64,88,2,0
30000,hunger,250,64,92,4,0
30000,hunger,250,64,96,3,0
30000,hunger,250,64,100,6,0
30000,hunger,250,64,104,19,0
30000,hunger,250,64,108,30,0
30000,hunger,250,64,112,70,1
30000,hunger,250,64,116,31,0
30000,hunger,250,64,120,23,0
30000,hunger,250,64,124,2,0
30000,hunger,250,64,128,1,0
30000,hunger,250,64,132,1,0
30000,hunger,250,64,140,2,0
30000,hunger,250,64,144,1,0
30000,hunger,250,64,196,1,0
30000,hunger,250,64,200,1,0
30000,hunger,250,72,92,1,0
30000,hunger,250,76,104,1,0
30000,hunger,250,80,88,1,0
30000,hunger,250,80,96,2,0
30000,hunger,250,80,100,2,0
30000,hunger,250,80,104,3,0
30000,hunger,250,80,108,2,0
30000,hunger,250,80,116,4,0
30000,hunger,250,80,124,2,0
30000,hunger,250,80,128,3,0
30000,hunger,250,80,132,2,0
30000,hunger,250,80,136,1,0
30000,hunger,250,80,144,1,0
30000,hunger,250,80,148,1,0
30000,hunger,250,100,152,1,0
30000,hunger,250,100,164,1,0
30000,hunger,250,100,176,1,0
30000,hunger,300,4,8,1,0
30000,hunger,300,8,8,2,0
30000,hunger,300,8,16,1,0
30000,hunger,300,12,12,1,0
30000,hunger,300,12,24,1,0
30000,hunger,300,16,16,4,0
30000,hunger,300,16,28,12,0
30000,hunger,300,16,32,1,0
30000,hunger,300,20,16,1,0
30000,hunger,300,20,20,1,0
30000,hunger,300,20,24,2,0
30000,hunger,300,20,28,4,0
30000,hunger,300,20,32,1,0
30000,hunger,300,20,36,4,0
30000,hunger,300,20,44,1,0
30000,hunger,300,24,20,1,0
30000,hunger,300,24,24,4,0
30000,hunger,300,24,28,16,0
30000,hunger,300,24,32,5,0
30000,hunger,300,24,36,2,0
30000,hunger,300,24,40,9,0
30000,hunger,300,24,44,67,1
30000,hunger,300,24,48,345,1
30000,hunger,300,24,52,5,1
30000,hunger,300,24,56,3,0
30000,hunger,300,24,60,2,0
30000,hunger,300,24,80,1,0
30000,hunger,300,24,84,1,0
30000,hunger,300,28,24,1,0
30000,hunger,300,28,32,4,0
30000,hunger,300,28,36,2,0
30000,hunger,300,28,40,1,0
30000,hunger,300,28,44,1,0
30000,hunger,300,32,32,2,0
30000,hunger,300,32,36,8,0
30000,hunger,300,32,40,10,0
30000,hunger,300,32,44,4,1
30000,hunger,300,32,56,1,0
30000,hunger,300,32,64,1,0
30000,hunger,300,36,36,10,0
30000,hunger,300,36,40,38,1
30000,hunger,300,36,44,16,1
30000,hunger,300,36,48,29,0
30000,hunger,300,36,52,15,1
30000,hunger,300,36,56,23,1
30000,hunger,300,36,60,92,0
30000,hunger,300,36,64,200,4
30000,hunger,300,36,68,145,2
30000,hunger,300,36,72,16,0
30000,hunger,300,36,76,10,0
30000,hunger,300,36,80,2,0
30000,hunger,300,36,84,3,0
30000,hunger,300,36,88,4,0
30000,hunger,300,36,100,1,0
30000,hunger,300,36,104,1,0
30000,hunger,300,40,40,1,0
30000,hunger,300,40,44,4,0
30000,hunger,300,40,48,7,0
30000,hunger,300,40,52,11,0
30000,hunger,300,40,56,5,0
30000,hunger,300,40,72,1,0
30000,hunger,300,44,44,1,0
30000,hunger,300,44,48,1,0
30000,hunger,300,44,52,1,0
30000,hunger,300,44,56,10,0
30000,hunger,300,44,60,13,2
30000,hunger,300,44,64,3,0
30000,hunger,300,44,68,1,0
30000,hunger,300,44,72,1,0
30000,hunger,300,48,48,6,0
30000,hunger,300,48,52,19,1
30000,hunger,300,48,56,12,0
30000,hunger,300,48,60,16,0
30000,hunger,300,48,64,27,1
30000,hunger,300,48,68,12,0
30000,hunger,300,48,72,16,0
30000,hunger,300,48,76,30,0
30000,hunger,300,48,80,41,0
30000,hunger,300,48,84,111,2
30000,hunger,300,48,88,207,1
30000,hunger,300,48,92,97,2
30000,hunger,300,48,96,8,0
30000,hunger,300,48,100,1,0
30000,hunger,300,48,104,1,0
30000,hunger,300,48,108,1,0
30000,hunger,300,48,112,1,0
30000,hunger,300,48,116,2,0
30000,hunger,300,48,120,2,0
30000,hunger,300,52,68,2,0
30000,hunger,300,52,72,1,0
30000,hunger,300,52,76,2,0
30000,hunger,300,56,64,1,0
30000,hunger,300,56,72,3,0
30000,hunger,300,56,76,2,0
30000,hunger,300,56,80,1,0
30000,hunger,300,56,84,1,0
30000,hunger,300,56,88,1,0
30000,hunger,300,60,68,1,0
30000,hunger,300,60,108,1,0
30000,hunger,300,64,64,1,0
30000,hunger,300,64,76,5,0
30000,hunger,300,64,80,12,0
30000,hunger,300,64,84,12,0
30000,hunger,300,64,88,3,0
30000,hunger,300,64,92,4,0
30000,hunger,300,64,96,6,0
30000,hunger,300,64,100,6,1
30000,hunger,300,64,104,11,0
30000,hunger,300,64,108,24,0
30000,hunger,300,64,112,48,0
30000,hunger,300,64,116,24,1
30000,hunger,300,64,120,18,1
30000,hunger,300,64,124,3,0
30000,hunger,300,64,128,1,0
30000,hunger,300,64,132,2,0
30000,hunger,300,64,140,1,0
30000,hunger,300,64,188,1,0
30000,hunger,300,72,72,1,0
30000,hunger,300,80,88,2,0
30000,hunger,300,80,104,1,0
30000,hunger,300,80,108,2,0
30000,hunger,300,80,112,1,1
30000,hunger,300,80,132,1,0
30000,hunger,300,80,136,1,0
30000,hunger,300,80,140,1,0
30000,hunger,300,80,144,1,0
30000,hunger,300,80,148,1,0
30000,hunger,300,80,152,2,1
30000,hunger,300,100,152,2,0
30000,hunger,350,8,8,1,0
30000,hunger,350,12,12,1,0
30000,hunger,350,12,16,1,0
30000,hunger,350,12,24,1,0
30000,hunger,350,16,16,1,0
30000,hunger,350,16,28,16,0
30000,hunger,350,16,32,1,0
30000,hunger,350,16,36,1,0
30000,hunger,350,20,28,2,0
30000,hunger,350,20,40,2,0
30000,hunger,350,24,20,1,0
30000,hunger,350,24,24,5,0
30000,hunger,350,24,28,11,1
30000,hunger,350,24,32,2,1
30000,hunger,350,24,36,2,0
30000,hunger,350,24,40,12,0
30000,hunger,350,24,44,49,0
30000,hunger,350,24,48,294,3
30000,hunger,350,24,52,7,0
30000,hunger,350,24,56,3,0
30000,hunger,350,24,60,2,0
30000,hunger,350,28,32,3,0
30000,hunger,350,28,36,1,0
30000,hunger,350,28,44,2,0
30000,hunger,350,28,48,2,0
30000,hunger,350,32,36,3,0
30000,hunger,350,32,40,1,0
30000,hunger,350,32,44,8,0
30000,hunger,350,32,64,2,0
30000,hunger,350,32,72,1,0
30000,hunger,350,36,36,18,1
30000,hunger,350,36,40,30,3
30000,hunger,350,36,44,10,0
30000,hunger,350,36,48,24,1
30000,hunger,350,36,52,12,1
30000,hunger,350,36,56,11,0
30000,hunger,350,36,60,88,1
30000,hunger,350,36,64,168,1
30000,hunger,350,36,68,123,4
30000,hunger,350,36,72,23,1
30000,hunger,350,36,76,18,0
30000,hunger,350,36,80,1,0
30000,hunger,350,36,84,4,0
30000,hunger,350,36,88,3,0
30000,hunger,350,36,92,2,0
30000,hunger,350,36,96,1,0
30000,hunger,350,36,104,2,0
30000,hunger,350,40,40,1,0
30000,hunger,350,40,44,2,0
30000,hunger,350,40,48,5,0
30000,hunger,350,40,52,9,0
30000,hunger,350,40,56,2,0
30000,hunger,350,40,60,1,0
30000,hunger,350,44,48,1,0
30000,hunger,350,44,52,3,0
30000,hunger,350,44,56,8,0
30000,hunger,350,44,60,6,0
30000,hunger,350,44,68,1,0
30000,hunger,350,44,72,1,0
30000,hunger,350,48,44,1,0
30000,hunger,350,48,48,3,0
30000,hunger,350,48,52,9,1
30000,hunger,350,48,56,15,1
30000,hunger,350,48,60,13,0
30000,hunger,350,48,64,23,1
30000,hunger,350,48,68,14,0
30000,hunger,350,48,72,6,0
30000,hunger,350,48,76,22,1
30000,hunger,350,48,80,35,0
30000,hunger,350,48,84,92,1
30000,hunger,350,48,88,174,1
30000,hunger,350,48,92,86,1
30000,hunger,350,48,96,9,0
30000,hunger,350,48,100,7,0
30000,hunger,350,48,104,3,0
30000,hunger,350,48,108,2,0
30000,hunger,350,48,112,2,0
30000,hunger,350,48,120,2,0
30000,hunger,350,48,136,1,0
30000,hunger,350,52,60,1,0
30000,hunger,350,52,68,1,0
30000,hunger,350,52,72,1,0
30000,hunger,350,52,76,2,0
30000,hunger,350,56,68,1,0
30000,hunger,350,56,72,1,0
30000,hunger,350,56,76,2,0
30000,hunger,350,56,80,1,0
30000,hunger,350,56,84,1,0
30000,hunger,350,60,76,3,0
30000,hunger,350,60,80,1,0
30000,hunger,350,64,72,1,0
30000,hunger,350,64,76,3,0
30000,hunger,350,64,80,13,1
30000,hunger,350,64,84,10,0
30000,hunger,350,64,88,2,0
30000,hunger,350,64,92,3,0
30000,hunger,350,64,96,2,0
30000,hunger,350,64,100,4,0
30000,hunger,350,64,104,12,0
30000,hunger,350,64,108,26,0
30000,hunger,350,64,112,44,2
30000,hunger,350,64,116,25,1
30000,hunger,350,64,120,14,0
30000,hunger,350,64,124,1,0
30000,hunger,350,64,128,2,0
30000,hunger,350,64,132,3,0
30000,hunger,350,64,136,2,0
30000,hunger,350,64,144,1,0
30000,hunger,350,64,164,1,0
30000,hunger,350,76,80,1,0
30000,hunger,350,80,88,1,0
30000,hunger,350,80,92,1,0
30000,hunger,350,80,96,2,0
30000,hunger,350,80,100,2,0
30000,hunger,350,80,108,3,0
30000,hunger,350,80,112,1,0
30000,hunger,350,80,120,1,0
30000,hunger,350,80,128,1,0
30000,hunger,350,80,132,4,0
30000,hunger,350,80,136,2,0
30000,hunger,350,80,144,2,0
30000,hunger,350,80,152,1,0
30000,hunger,350,100,160,1,0
30000,hunger,350,100,168,1,0
30000,hunger,350,120,172,1,0
30000,hunger,400,12,24,1,0
30000,hunger,400,16,16,1,0
30000,hunger,400,16,28,4,0
30000,hunger,400,20,20,1,0
30000,hunger,400,20,24,2,0
30000,hunger,400,20,28,1,0
30000,hunger,400,20,40,1,0
30000,hunger,400,24,24,1,0
30000,hunger,400,24,28,7,0
30000,hunger,400,24,32,8,0
30000,hunger,400,24,40,8,1
30000,hunger,400,24,44,54,1
30000,hunger,400,24,48,261,1
30000,hunger,400,24,52,3,0
30000,hunger,400,24,56,1,0
30000,hunger,400,24,60,1,0
30000,hunger,400,24,64,1,0
30000,hunger,400,24,68,1,0
30000,hunger,400,28,32,4,1
30000,hunger,400,28,36,1,0
30000,hunger,400,28,44,2,0
30000,hunger,400,32,32,3,0
30000,hunger,400,32,36,6,0
30000,hunger,400,32,40,4,0
30000,hunger,400,32,44,2,0
30000,hunger,400,36,32,1,0
30000,hunger,400,36,36,6,0
30000,hunger,400,36,40,18,0
30000,hunger,400,36,44,12,0
30000,hunger,400,36,48,16,1
30000,hunger,400,36,52,5,0
30000,hunger,400,36,56,10,1
30000,hunger,400,36,60,67,2
30000,hunger,400,36,64,154,2
30000,hunger,400,36,68,97,3
30000,hunger,400,36,72,21,1
30000,hunger,400,36,76,14,0
30000,hunger,400,36,80,4,0
30000,hunger,400,36,104,1,0
30000,hunger,400,40,40,2,0
30000,hunger,400,40,44,3,0
30000,hunger,400,40,48,1,0
30000,hunger,400,40,52,4,0
30000,hunger,400,40,56,1,0
30000,hunger,400,40,60,1,0
30000,hunger,400,44,52,3,0
30000,hunger,400,44,56,8,0
30000,hunger,400,44,60,7,0
30000,hunger,400,44,64,2,0
30000,hunger,400,44,68,2,0
30000,hunger,400,48,40,2,0
30000,hunger,400,48,48,2,0
30000,hunger,400,48,52,7,0
30000,hunger,400,48,56,13,1
30000,hunger,400,48,60,8,1
30000,hunger,400,48,64,16,0
30000,hunger,400,48,68,4,0
30000,hunger,400,48,72,3,1
30000,hunger,400,48,76,18,1
30000,hunger,400,48,80,32,0
30000,hunger,400,48,84,87,2
30000,hunger,400,48,88,178,2
30000,hunger,400,48,92,69,0
30000,hunger,400,48,96,11,0
30000,hunger,400,48,100,4,0
30000,hunger,400,48,112,4,0
30000,hunger,400,48,116,1,1
30000,hunger,400,48,148,1,0
30000,hunger,400,52,60,1,0
30000,hunger,400,56,56,1,0
30000,hunger,400,56,72,2,0
30000,hunger,400,56,80,1,0
30000,hunger,400,60,76,4,0
30000,hunger,400,60,80,3,0
30000,hunger,400,60,88,1,0
30000,hunger,400,64,72,4,0
30000,hunger,400,64,76,4,0
30000,hunger,400,64,80,9,0
30000,hunger,400,64,84,15,0
30000,hunger,400,64,88,3,0
30000,hunger,400,64,96,2,0
30000,hunger,400,64,100,2,0
30000,hunger,400,64,104,16,1
30000,hunger,400,64,108,21,0
30000,hunger,400,64,112,39,0
30000,hunger,400,64,116,24,1
30000,hunger,400,64,120,18,0
30000,hunger,400,64,124,1,0
30000,hunger,400,64,128,1,0
30000,hunger,400,64,136,1,0
30000,hunger,400,64,140,1,0
30000,hunger,400,64,144,1,0
30000,hunger,400,80,88,3,0
30000,hunger,400,80,104,4,1
30000,hunger,400,80,108,1,0
30000,hunger,400,80,120,1,0
30000,hunger,400,80,128,1,0
30000,hunger,400,80,132,1,0
30000,hunger,400,80,136,1,0
30000,hunger,400,80,144,2,0
30000,hunger,400,80,148,1,0
30000,hunger,400,80,196,1,0
30000,hunger,400,80,204,1,0
30000,hunger,400,100,236,1,0
30000,hunger,450,12,12,1,0
30000,hunger,450,12,16,1,0
30000,hunger,450,16,20,1,0
30000,hunger,450,16,28,9,0
30000,hunger,450,20,48,1,0
30000,hunger,450,20,76,1,0
30000,hunger,450,24,24,1,0
30000,hunger,450,24,28,8,0
30000,hunger,450,24,32,1,0
30000,hunger,450,24,40,6,0
30000,hunger,450,24,44,32,0
30000,hunger,450,24,48,177,3
30000,hunger,450,24,52,1,0
30000,hunger,450,24,56,3,0
30000,hunger,450,24,64,2,0
30000,hunger,450,24,76,1,0
30000,hunger,450,28,44,2,0
30000,hunger,450,32,36,7,0
30000,hunger,450,32,40,2,0
30000,hunger,450,32,44,3,0
30000,hunger,450,36,36,4,0
30000,hunger,450,36,40,15,0
30000,hunger,450,36,44,6,1
30000,hunger,450,36,48,15,1
30000,hunger,450,36,52,7,0
30000,hunger,450,36,56,6,0
30000,hunger,450,36,60,41,1
30000,hunger,450,36,64,145,5
30000,hunger,450,36,68,83,0
30000,hunger,450,36,72,14,1
30000,hunger,450,36,76,4,0
30000,hunger,450,36,80,1,0
30000,hunger,450,36,84,6,1
30000,hunger,450,36,88,1,0
30000,hunger,450,36,96,2,0
30000,hunger,450,36,108,1,0
30000,hunger,450,40,44,1,0
30000,hunger,450,40,52,2,0
30000,hunger,450,40,56,1,0
30000,hunger,450,40,60,1,0
30000,hunger,450,44,52,1,0
30000,hunger,450,44,56,6,0
30000,hunger,450,44,60,6,0
30000,hunger,450,44,76,1,0
30000,hunger,450,48,48,4,0
30000,hunger,450,48,52,8,0
30000,hunger,450,48,56,6,0
30000,hunger,450,48,60,5,1
30000,hunger,450,48,64,12,1
30000,hunger,450,48,68,3,0
30000,hunger,450,48,72,7,1
30000,hunger,450,48,76,16,0
30000,hunger,450,48,80,18,0
30000,hunger,450,48,84,75,0
30000,hunger,450,48,88,147,4
30000,hunger,450,48,92,59,2
30000,hunger,450,48,96,9,0
30000,hunger,450,48,100,1,0
30000,hunger,450,48,108,2,0
30000,hunger,450,48,112,2,0
30000,hunger,450,48,124,1,0
30000,hunger,450,52,76,1,1
30000,hunger,450,56,56,1,0
30000,hunger,450,56,76,1,0
30000,hunger,450,56,80,1,0
30000,hunger,450,60,92,1,0
30000,hunger,450,64,68,1,0
30000,hunger,450,64,76,8,0
30000,hunger,450,64,80,5,0
30000,hunger,450,64,84,12,0
30000,hunger,450,64,88,3,0
30000,hunger,450,64,92,1,0
30000,hunger,450,64,96,4,1
30000,hunger,450,64,100,3,0
30000,hunger,450,64,104,10,0
30000,hunger,450,64,108,9,2
30000,hunger,450,64,112,40,1
30000,hunger,450,64,116,12,0
30000,hunger,450,64,120,14,0
30000,hunger,450,64,124,2,0
30000,hunger,450,64,128,1,0
30000,hunger,450,64,132,2,0
30000,hunger,450,64,136,2,0
30000,hunger,450,64,140,1,0
30000,hunger,450,64,148,1,0
30000,hunger,450,76,112,2,0
30000,hunger,450,80,88,1,0
30000,hunger,450,80,96,1,0
30000,hunger,450,80,112,2,0
30000,hunger,450,80,128,1,0
30000,hunger,450,80,132,1,0
30000,hunger,450,80,140,1,0
30000,hunger,450,80,144,1,0
30000,hunger,450,80,152,1,0
30000,hunger,500,12,16,1,0
30000,hunger,500,16,28,6,0
30000,hunger,500,16,36,1,0
30000,hunger,500,20,28,1,0
30000,hunger,500,20,36,1,0
30000,hunger,500,24,28,4,0
30000,hunger,500,24,32,1,0
30000,hunger,500,24,36,2,0
30000,hunger,500,24,40,5,0
30000,hunger,500,24,44,30,0
30000,hunger,500,24,48,170,5
30000,hunger,500,24,52,3,0
30000,hunger,500,24,56,3,0
30000,hunger,500,24,64,1,0
30000,hunger,500,24,76,2,0
30000,hunger,500,28,36,2,0
30000,hunger,500,32,36,2,1
30000,hunger,500,32,44,5,0
30000,hunger,500,32,64,1,0
30000,hunger,500,36,36,5,1
30000,hunger,500,36,40,12,0
30000,hunger,500,36,44,3,0
30000,hunger,500,36,48,11,0
30000,hunger,500,36,52,5,0
30000,hunger,500,36,56,2,0
30000,hunger,500,36,60,35,0
30000,hunger,500,36,64,107,4
30000,hunger,500,36,68,80,2
30000,hunger,500,36,72,9,0
30000,hunger,500,36,76,12,0
30000,hunger,500,36,80,2,0
30000,hunger,500,36,84,1,0
30000,hunger,500,36,88,1,0
30000,hunger,500,40,40,1,0
30000,hunger,500,40,44,3,0
30000,hunger,500,40,48,1,0
30000,hunger,500,40,52,2,0
30000,hunger,500,40,56,1,0
30000,hunger,500,40,64,1,0
30000,hunger,500,44,56,4,0
30000,hunger,500,44,60,3,0
30000,hunger,500,44,68,1,0
30000,hunger,500,48,48,2,1
30000,hunger,500,48,52,6,0
30000,hunger,500,48,56,7,0
30000,hunger,500,48,60,4,0
30000,hunger,500,48,64,13,0
30000,hunger,500,48,68,6,0
30000,hunger,500,48,72,6,1
30000,hunger,500,48,76,11,0
30000,hunger,500,48,80,21,0
30000,hunger,500,48,84,57,2
30000,hunger,500,48,88,107,3
30000,hunger,500,48,92,65,1
30000,hunger,500,48,96,2,0
30000,hunger,500,48,100,5,1
30000,hunger,500,48,104,2,0
30000,hunger,500,48,116,1,0
30000,hunger,500,48,140,1,0
30000,hunger,500,52,68,1,0
30000,hunger,500,52,104,1,0
30000,hunger,500,56,76,1,0
30000,hunger,500,56,84,1,0
30000,hunger,500,60,72,1,0
30000,hunger,500,60,76,1,0
30000,hunger,500,60,88,1,0
30000,hunger,500,64,72,2,0
30000,hunger,500,64,76,2,0
30000,hunger,500,64,80,6,0
30000,hunger,500,64,84,9,1
30000,hunger,500,64,92,2,0
30000,hunger,500,64,96,1,0
30000,hunger,500,64,100,4,0
30000,hunger,500,64,104,5,0
30000,hunger,500,64,108,14,1
30000,hunger,500,64,112,44,1
30000,hunger,500,64,116,20,0
30000,hunger,500,64,120,9,0
30000,hunger,500,64,124,7,0
30000,hunger,500,64,128,1,0
30000,hunger,500,64,132,3,0
30000,hunger,500,64,136,1,0
30000,hunger,500,80,88,2,0
30000,hunger,500,80,96,1,0
30000,hunger,500,80,116,3,0
30000,hunger,500,80,128,1,0
30000,hunger,500,80,132,2,0
30000,hunger,500,80,140,1,0
30000,hunger,500,80,144,2,0
30000,hunger,500,80,152,1,0
30000,hunger,500,100,148,1,0
30000,hunger,500,100,160,1,0
30000,hunger,500,100,176,1,0
30000,hunger,550,20,28,1,0
30000,hunger,550,20,36,1,0
30000,hunger,550,24,24,1,0
30000,hunger,550,24,28,3,0
30000,hunger,550,24,36,2,0
30000,hunger,550,24,40,2,0
30000,hunger,550,24,44,22,0
30000,hunger,550,24,48,132,4
30000,hunger,550,24,52,3,0
30000,hunger,550,24,56,3,0
30000,hunger,550,24,60,1,0
30000,hunger,550,24,64,2,0
30000,hunger,550,24,68,1,0
30000,hunger,550,28,32,1,0
30000,hunger,550,32,36,2,0
30000,hunger,550,32,40,3,0
30000,hunger,550,32,44,4,0
30000,hunger,550,36,36,4,0
30000,hunger,550,36,40,9,1
30000,hunger,550,36,44,1,0
30000,hunger,550,36,48,11,0
30000,hunger,550,36,52,6,2
30000,hunger,550,36,56,2,0
30000,hunger,550,36,60,27,1
30000,hunger,550,36,64,106,4
30000,hunger,550,36,68,61,2
30000,hunger,550,36,72,12,0
30000,hunger,550,36,76,14,2
30000,hunger,550,36,80,5,1
30000,hunger,550,36,84,2,0
30000,hunger,550,36,88,2,0
30000,hunger,550,36,92,2,0
30000,hunger,550,36,100,1,0
30000,hunger,550,40,36,1,0
30000,hunger,550,40,52,2,0
30000,hunger,550,40,56,2,0
30000,hunger,550,44,48,1,0
30000,hunger,550,44,56,3,0
30000,hunger,550,44,60,3,0
30000,hunger,550,48,44,1,0
30000,hunger,550,48,48,3,0
30000,hunger,550,48,52,2,0
30000,hunger,550,48,56,8,0
30000,hunger,550,48,60,4,0
30000,hunger,550,48,64,5,0
30000,hunger,550,48,68,1,0
30000,hunger,550,48,72,4,0
30000,hunger,550,48,76,5,1
30000,hunger,550,48,80,23,2
30000,hunger,550,48,84,60,2
30000,hunger,550,48,88,120,4
30000,hunger,550,48,92,59,2
30000,hunger,550,48,96,3,1
30000,hunger,550,48,100,5,0
30000,hunger,550,48,108,3,0
30000,hunger,550,48,120,2,1
30000,hunger,550,52,64,1,0
30000,hunger,550,56,72,1,0
30000,hunger,550,56,76,1,0
30000,hunger,550,60,68,1,0
30000,hunger,550,60,76,4,0
30000,hunger,550,60,80,1,0
30000,hunger,550,64,64,1,0
30000,hunger,550,64,80,4,0
30000,hunger,550,64,84,9,0
30000,hunger,550,64,88,2,0
30000,hunger,550,64,92,1,0
30000,hunger,550,64,96,2,0
30000,hunger,550,64,104,7,0
30000,hunger,550,64,108,14,0
30000,hunger,550,64,112,25,1
30000,hunger,550,64,116,19,1
30000,hunger,550,64,120,11,0
30000,hunger,550,64,128,2,0
30000,hunger,550,64,136,1,0
30000,hunger,550,64,140,1,0
30000,hunger,550,64,152,1,0
30000,hunger,550,64,176,1,0
30000,hunger,550,76,112,1,0
30000,hunger,550,80,88,1,1
30000,hunger,550,80,104,1,0
30000,hunger,550,80,108,1,0
30000,hunger,550,80,116,2,0
30000,hunger,550,80,148,1,0
30000,hunger,550,80,200,1,0
30000,hunger,550,100,192,1,0
30000,hunger,600,16,28,1,0
30000,hunger,600,20,20,1,0
30000,hunger,600,24,28,4,0
30000,hunger,600,24,40,2,0
30000,hunger,600,24,44,14,0
30000,hunger,600,24,48,114,4
30000,hunger,600,24,52,1,0
30000,hunger,600,24,68,1,0
30000,hunger,600,32,36,2,0
30000,hunger,600,32,40,2,0
30000,hunger,600,32,64,1,0
30000,hunger,600,36,36,1,0
30000,hunger,600,36,40,6,0
30000,hunger,600,36,44,3,0
30000,hunger,600,36,48,5,0
30000,hunger,600,36,52,1,0
30000,hunger,600,36,60,26,0
30000,hunger,600,36,64,72,5
30000,hunger,600,36,68,49,3
30000,hunger,600,36,72,14,2
30000,hunger,600,36,76,3,0
30000,hunger,600,36,80,2,0
30000,hunger,600,36,84,3,0
30000,hunger,600,36,92,1,0
30000,hunger,600,40,44,1,0
30000,hunger,600,40,52,1,0
30000,hunger,600,40,64,1,0
30000,hunger,600,44,56,4,0
30000,hunger,600,44,60,2,0
30000,hunger,600,48,48,1,0
30000,hunger,600,48,52,3,0
30000,hunger,600,48,56,6,0
30000,hunger,600,48,60,3,0
30000,hunger,600,48,64,3,0
30000,hunger,600,48,68,2,0
30000,hunger,600,48,72,3,0
30000,hunger,600,48,76,6,0
30000,hunger,600,48,80,9,0
30000,hunger,600,48,84,49,1
30000,hunger,600,48,88,101,5
30000,hunger,600,48,92,45,4
30000,hunger,600,48,96,5,0
30000,hunger,600,48,100,5,0
30000,hunger,600,48,104,2,0
30000,hunger,600,48,132,1,0
30000,hunger,600,48,136,1,0
30000,hunger,600,56,60,1,0
30000,hunger,600,56,80,2,0
30000,hunger,600,60,72,1,0
30000,hunger,600,64,76,1,0
30000,hunger,600,64,80,4,0
30000,hunger,600,64,84,4,0
30000,hunger,600,64,100,1,0
30000,hunger,600,64,104,4,0
30000,hunger,600,64,108,13,2
30000,hunger,600,64,112,23,0
30000,hunger,600,64,116,11,0
30000,hunger,600,64,120,12,0
30000,hunger,600,64,124,1,0
30000,hunger,600,64,128,2,0
30000,hunger,600,64,132,1,1
30000,hunger,600,64,136,1,0
30000,hunger,600,64,144,1,0
30000,hunger,600,64,152,1,0
30000,hunger,600,80,88,1,0
30000,hunger,600,80,96,2,0
30000,hunger,600,80,104,1,0
30000,hunger,600,80,108,1,0
30000,hunger,600,80,148,1,0
30000,hunger,600,80,152,1,0
30000,hunger,600,100,112,1,0
30000,hunger,600,100,156,1,0
30000,hunger,600,100,160,1,0
30000,hunger,650,20,24,1,0
30000,hunger,650,24,28,3,0
30000,hunger,650,24,32,1,0
30000,hunger,650,24,44,21,0
30000,hunger,650,24,48,68,2
30000,hunger,650,24,52,1,0
30000,hunger,650,24,56,1,0
30000,hunger,650,24,60,1,0
30000,hunger,650,24,64,1,0
30000,hunger,650,32,36,5,1
30000,hunger,650,32,40,2,0
30000,hunger,650,32,44,2,0
30000,hunger,650,36,36,2,0
30000,hunger,650,36,40,4,0
30000,hunger,650,36,44,5,0
30000,hunger,650,36,48,9,1
30000,hunger,650,36,52,4,0
30000,hunger,650,36,60,21,0
30000,hunger,650,36,64,74,6
30000,hunger,650,36,68,32,0
30000,hunger,650,36,72,18,1
30000,hunger,650,36,76,5,0
30000,hunger,650,36,80,1,0
30000,hunger,650,36,84,1,0
30000,hunger,650,36,88,3,0
30000,hunger,650,36,92,1,0
30000,hunger,650,36,96,1,0
30000,hunger,650,40,52,4,0
30000,hunger,650,40,56,1,0
30000,hunger,650,44,56,3,0
30000,hunger,650,44,60,1,0
30000,hunger,650,44,100,1,1
30000,hunger,650,48,48,1,0
30000,hunger,650,48,52,5,0
30000,hunger,650,48,56,1,0
30000,hunger,650,48,60,5,0
30000,hunger,650,48,64,1,0
30000,hunger,650,48,68,1,0
30000,hunger,650,48,72,1,0
30000,hunger,650,48,76,3,0
30000,hunger,650,48,80,6,0
30000,hunger,650,48,84,33,1
30000,hunger,650,48,88,78,1
30000,hunger,650,48,92,36,2
30000,hunger,650,48,96,3,0
30000,hunger,650,48,100,2,0
30000,hunger,650,48,104,1,0
30000,hunger,650,48,108,1,0
30000,hunger,650,48,112,1,0
30000,hunger,650,56,76,1,0
30000,hunger,650,64,80,1,0
30000,hunger,650,64,84,3,0
30000,hunger,650,64,92,1,0
30000,hunger,650,64,100,1,0
30000,hunger,650,64,104,5,0
30000,hunger,650,64,108,10,0
30000,hunger,650,64,112,26,2
30000,hunger,650,64,116,12,0
30000,hunger,650,64,120,9,0
30000,hunger,650,64,124,2,0
30000,hunger,650,64,132,2,0
30000,hunger,650,64,172,1,0
30000,hunger,650,80,144,1,0
30000,hunger,650,80,192,1,0
30000,hunger,700,16,28,2,0
30000,hunger,700,24,24,1,0
30000,hunger,700,24,28,3,0
30000,hunger,700,24,36,1,0
30000,hunger,700,24,40,1,0
30000,hunger,700,24,44,10,0
30000,hunger,700,24,48,75,3
30000,hunger,700,24,60,1,0
30000,hunger,700,32,32,2,0
30000,hunger,700,32,36,2,0
30000,hunger,700,36,40,5,0
30000,hunger,700,36,44,5,0
30000,hunger,700,36,48,3,0
30000,hunger,700,36,52,1,0
30000,hunger,700,36,56,1,0
30000,hunger,700,36,60,13,1
30000,hunger,700,36,64,63,3
30000,hunger,700,36,68,38,1
30000,hunger,700,36,72,8,0
30000,hunger,700,36,76,4,0
30000,hunger,700,36,80,2,0
30000,hunger,700,36,84,4,0
30000,hunger,700,36,88,1,0
30000,hunger,700,36,92,1,0
30000,hunger,700,36,96,1,0
30000,hunger,700,40,52,2,0
30000,hunger,700,44,56,2,0
30000,hunger,700,44,60,2,0
30000,hunger,700,48,52,1,0
30000,hunger,700,48,56,5,0
30000,hunger,700,48,60,1,0
30000,hunger,700,48,64,7,0
30000,hunger,700,48,72,2,0
30000,hunger,700,48,76,5,0
30000,hunger,700,48,80,7,0
30000,hunger,700,48,84,40,2
30000,hunger,700,48,88,68,6
30000,hunger,700,48,92,37,2
30000,hunger,700,48,96,4,0
30000,hunger,700,48,100,2,0
30000,hunger,700,48,104,4,0
30000,hunger,700,48,108,1,0
30000,hunger,700,48,116,1,0
30000,hunger,700,48,120,1,0
30000,hunger,700,48,136,1,0
30000,hunger,700,48,148,1,0
30000,hunger,700,60,68,1,0
30000,hunger,700,60,76,1,0
30000,hunger,700,60,92,1,0
30000,hunger,700,64,72,1,0
30000,hunger,700,64,76,2,0
30000,hunger,700,64,80,4,0
30000,hunger,700,64,84,1,0
30000,hunger,700,64,88,1,0
30000,hunger,700,64,92,1,0
30000,hunger,700,64,100,2,0
30000,hunger,700,64,104,2,0
30000,hunger,700,64,108,8,0
30000,hunger,700,64,112,16,1
30000,hunger,700,64,116,14,0
30000,hunger,700,64,120,6,0
30000,hunger,700,64,128,1,0
30000,hunger,700,64,136,1,0
30000,hunger,700,64,140,2,0
30000,hunger,700,80,104,1,1
30000,hunger,700,80,112,1,0
30000,hunger,700,80,148,1,0
30000,hunger,750,12,12,1,0
30000,hunger,750,16,28,1,0
30000,hunger,750,16,44,1,0
30000,hunger,750,24,28,4,0
30000,hunger,750,24,36,1,0
30000,hunger,750,24,44,9,0
30000,hunger,750,24,48,73,0
30000,hunger,750,24,56,2,0
30000,hunger,750,24,64,1,0
30000,hunger,750,28,28,1,0
30000,hunger,750,32,36,2,0
30000,hunger,750,32,44,1,0
30000,hunger,750,36,36,1,0
30000,hunger,750,36,40,7,0
30000,hunger,750,36,44,5,0
30000,hunger,750,36,48,4,1
30000,hunger,750,36,52,1,0
30000,hunger,750,36,56,2,0
30000,hunger,750,36,60,17,1
30000,hunger,750,36,64,48,2
30000,hunger,750,36,68,27,1
30000,hunger,750,36,72,5,0
30000,hunger,750,36,76,5,0
30000,hunger,750,36,80,1,0
30000,hunger,750,36,84,2,0
30000,hunger,750,36,88,1,0
30000,hunger,750,40,48,1,1
30000,hunger,750,40,52,1,0
30000,hunger,750,44,56,2,0
30000,hunger,750,44,60,1,0
30000,hunger,750,48,48,1,0
30000,hunger,750,48,52,1,1
30000,hunger,750,48,56,1,0
30000,hunger,750,48,60,3,0
30000,hunger,750,48,64,3,0
30000,hunger,750,48,68,2,0
30000,hunger,750,48,72,1,0
30000,hunger,750,48,76,5,0
30000,hunger,750,48,80,6,0
30000,hunger,750,48,84,40,0
30000,hunger,750,48,88,65,2
30000,hunger,750,48,92,21,1
30000,hunger,750,48,96,2,0
30000,hunger,750,48,100,3,1
30000,hunger,750,48,108,1,0
30000,hunger,750,48,112,3,0
30000,hunger,750,48,116,1,0
30000,hunger,750,48,132,1,0
30000,hunger,750,64,76,1,0
30000,hunger,750,64,80,2,0
30000,hunger,750,64,84,3,0
30000,hunger,750,64,88,1,0
30000,hunger,750,64,92,1,0
30000,hunger,750,64,96,1,0
30000,hunger,750,64,100,1,0
30000,hunger,750,64,108,7,1
30000,hunger,750,64,112,13,1
30000,hunger,750,64,116,13,1
30000,hunger,750,64,120,7,1
30000,hunger,750,64,124,3,0
30000,hunger,750,64,128,2,0
30000,hunger,750,64,136,2,0
30000,hunger,750,76,80,1,0
30000,hunger,750,80,128,1,0
30000,hunger,750,80,132,1,0
30000,hunger,750,80,144,1,0
30000,hunger,750,80,156,1,0
30000,hunger,800,16,16,2,0
30000,hunger,800,20,40,1,0
30000,hunger,800,24,28,1,0
30000,hunger,800,24,32,1,0
30000,hunger,800,24,40,1,0
30000,hunger,800,24,44,2,0
30000,hunger,800,24,48,42,1
30000,hunger,800,24,52,1,0
30000,hunger,800,24,60,1,0
30000,hunger,800,28,32,1,0
30000,hunger,800,28,44,1,0
30000,hunger,800,32,36,1,0
30000,hunger,800,32,44,1,0
30000,hunger,800,32,60,1,0
30000,hunger,800,32,64,1,0
30000,hunger,800,36,36,1,0
30000,hunger,800,36,40,1,0
30000,hunger,800,36,44,2,0
30000,hunger,800,36,48,3,1
30000,hunger,800,36,60,10,0
30000,hunger,800,36,64,48,3
30000,hunger,800,36,68,28,1
30000,hunger,800,36,72,5,0
30000,hunger,800,36,76,7,0
30000,hunger,800,36,80,2,0
30000,hunger,800,36,88,1,0
30000,hunger,800,40,44,1,0
30000,hunger,800,44,56,2,0
30000,hunger,800,44,60,2,0
30000,hunger,800,48,52,1,0
30000,hunger,800,48,56,2,0
30000,hunger,800,48,60,4,0
30000,hunger,800,48,64,3,0
30000,hunger,800,48,68,1,0
30000,hunger,800,48,76,3,0
30000,hunger,800,48,80,6,0
30000,hunger,800,48,84,12,0
30000,hunger,800,48,88,54,3
30000,hunger,800,48,92,35,0
30000,hunger,800,48,96,3,0
30000,hunger,800,48,104,1,0
30000,hunger,800,48,108,1,0
30000,hunger,800,48,116,1,0
30000,hunger,800,64,76,4,0
30000,hunger,800,64,84,2,0
30000,hunger,800,64,92,1,0
30000,hunger,800,64,104,2,0
30000,hunger,800,64,108,2,0
30000,hunger,800,64,112,21,2
30000,hunger,800,64,116,5,0
30000,hunger,800,64,120,5,0
30000,hunger,800,64,128,1,0
30000,hunger,800,64,136,1,0
30000,hunger,800,80,108,1,0
30000,hunger,800,80,116,1,1
30000,hunger,800,80,124,1,1
30000,hunger,800,80,224,1,0
30000,hunger,850,16,28,1,0
30000,hunger,850,24,28,3,0
30000,hunger,850,24,44,9,2
30000,hunger,850,24,48,39,2
30000,hunger,850,24,64,1,0
30000,hunger,850,28,32,1,0
30000,hunger,850,28,44,1,0
30000,hunger,850,32,36,2,0
30000,hunger,850,36,36,1,0
30000,hunger,850,36,40,5,1
30000,hunger,850,36,44,4,1
30000,hunger,850,36,48,2,0
30000,hunger,850,36,52,2,0
30000,hunger,850,36,56,3,0
30000,hunger,850,36,60,9,0
30000,hunger,850,36,64,31,2
30000,hunger,850,36,68,17,1
30000,hunger,850,36,72,7,1
30000,hunger,850,36,76,6,1
30000,hunger,850,36,80,1,0
30000,hunger,850,40,56,1,0
30000,hunger,850,44,56,1,0
30000,hunger,850,48,56,2,0
30000,hunger,850,48,60,1,1
30000,hunger,850,48,64,3,0
30000,hunger,850,48,72,1,0
30000,hunger,850,48,76,1,0
30000,hunger,850,48,80,3,0
30000,hunger,850,48,84,17,2
30000,hunger,850,48,88,55,4
30000,hunger,850,48,92,31,1
30000,hunger,850,48,100,1,0
30000,hunger,850,48,108,1,0
30000,hunger,850,48,112,1,0
30000,hunger,850,48,120,1,0
30000,hunger,850,48,132,1,0
30000,hunger,850,64,76,1,0
30000,hunger,850,64,80,5,0
30000,hunger,850,64,84,3,0
30000,hunger,850,64,104,6,1
30000,hunger,850,64,108,6,1
30000,hunger,850,64,112,8,0
30000,hunger,850,64,116,4,0
30000,hunger,850,64,120,2,0
30000,hunger,850,64,124,1,0
30000,hunger,850,64,128,1,0
30000,hunger,850,64,156,1,0
30000,hunger,850,80,144,1,1
30000,hunger,850,80,148,1,0
30000,hunger,900,24,28,4,0
30000,hunger,900,24,44,5,0
30000,hunger,900,24,48,43,3
30000,hunger,900,24,56,1,0
30000,hunger,900,24,64,1,0
30000,hunger,900,28,56,1,0
30000,hunger,900,32,36,2,0
30000,hunger,900,32,44,1,0
30000,hunger,900,36,36,1,0
30000,hunger,900,36,40,3,0
30000,hunger,900,36,48,1,0
30000,hunger,900,36,56,3,1
30000,hunger,900,36,60,6,0
30000,hunger,900,36,64,31,3
30000,hunger,900,36,68,16,1
30000,hunger,900,36,72,9,0
30000,hunger,900,36,76,2,0
30000,hunger,900,36,88,1,0
30000,hunger,900,48,56,3,0
30000,hunger,900,48,60,2,0
30000,hunger,900,48,64,4,0
30000,hunger,900,48,68,1,0
30000,hunger,900,48,72,2,0
30000,hunger,900,48,76,4,0
30000,hunger,900,48,80,3,0
30000,hunger,900,48,84,14,1
30000,hunger,900,48,88,52,1
30000,hunger,900,48,92,19,4
30000,hunger,900,48,96,1,1
30000,hunger,900,48,104,2,0
30000,hunger,900,48,108,1,0
30000,hunger,900,48,120,1,0
30000,hunger,900,56,56,1,1
30000,hunger,900,60,88,1,0
30000,hunger,900,64,80,1,0
30000,hunger,900,64,84,4,1
30000,hunger,900,64,88,1,0
30000,hunger,900,64,104,2,1
30000,hunger,900,64,108,4,0
30000,hunger,900,64,112,9,0
30000,hunger,900,64,116,7,1
30000,hunger,900,64,132,1,0
30000,hunger,900,80,92,1,0
30000,hunger,900,80,180,1,1
30000,hunger,950,24,28,1,0
30000,hunger,950,24,44,5,0
30000,hunger,950,24,48,22,1
30000,hunger,950,24,52,1,0
30000,hunger,950,24,60,1,0
30000,hunger,950,32,32,1,0
30000,hunger,950,36,44,1,0
30000,hunger,950,36,48,1,0
30000,hunger,950,36,52,1,0
30000,hunger,950,36,56,3,1
30000,hunger,950,36,60,5,0
30000,hunger,950,36,64,35,2
30000,hunger,950,36,68,12,0
30000,hunger,950,36,72,1,0
30000,hunger,950,36,76,3,0
30000,hunger,950,36,84,2,1
30000,hunger,950,36,88,1,0
30000,hunger,950,36,104,1,0
30000,hunger,950,36,116,1,0
30000,hunger,950,40,52,1,0
30000,hunger,950,44,60,3,1
30000,hunger,950,48,48,1,0
30000,hunger,950,48,56,1,0
30000,hunger,950,48,60,2,0
30000,hunger,950,48,64,4,0
30000,hunger,950,48,68,1,0
30000,hunger,950,48,72,2,0
30000,hunger,950,48,76,2,0
30000,hunger,950,48,80,2,0
30000,hunger,950,48,84,13,2
30000,hunger,950,48,88,40,3
30000,hunger,950,48,92,22,4
30000,hunger,950,56,72,1,0
30000,hunger,950,56,80,1,0
30000,hunger,950,64,76,1,0
30000,hunger,950,64,80,1,0
30000,hunger,950,64,84,2,0
30000,hunger,950,64,96,1,0
30000,hunger,950,64,104,5,0
30000,hunger,950,64,108,3,0
30000,hunger,950,64,112,15,1
30000,hunger,950,64,116,6,0
30000,hunger,950,64,120,2,0
30000,hunger,950,64,140,2,1
30000,hunger,950,64,172,1,0
30000,hunger,950,80,96,1,0
30000,hunger,950,80,116,1,1
30000,hunger,1000,16,28,1,0
30000,hunger,1000,24,28,1,0
30000,hunger,1000,24,44,4,0
30000,hunger,1000,24,48,24,1
30000,hunger,1000,36,40,1,0
30000,hunger,1000,36,48,1,0
30000,hunger,1000,36,52,1,0
30000,hunger,1000,36,60,4,0
30000,hunger,1000,36,64,33,3
30000,hunger,1000,36,68,14,2
30000,hunger,1000,36,80,2,0
30000,hunger,1000,36,96,1,0
30000,hunger,1000,44,60,1,0
30000,hunger,1000,48,52,1,1
30000,hunger,1000,48,56,1,0
30000,hunger,1000,48,60,1,0
30000,hunger,1000,48,68,2,1
30000,hunger,1000,48,76,1,0
30000,hunger,1000,48,80,2,0
30000,hunger,1000,48,84,10,1
30000,hunger,1000,48,88,37,2
30000,hunger,1000,48,92,24,3
30000,hunger,1000,48,96,2,0
30000,hunger,1000,48,100,4,1
30000,hunger,1000,60,76,2,0
30000,hunger,1000,64,80,2,0
30000,hunger,1000,64,84,1,0
30000,hunger,1000,64,92,1,0
30000,hunger,1000,64,100,1,0
30000,hunger,1000,64,104,1,0
30000,hunger,1000,64,112,7,2
30000,hunger,1000,64,116,3,0
30000,hunger,1000,64,120,2,0
30000,hunger,1000,64,132,1,0
30000,hunger,1050,16,28,1,0
30000,hunger,1050,24,44,5,0
30000,hunger,1050,24,48,15,1
30000,hunger,1050,24,56,2,1
30000,hunger,1050,32,32,1,0
30000,hunger,1050,32,40,1,0
30000,hunger,1050,32,44,1,0
30000,hunger,1050,36,40,1,0
30000,hunger,1050,36,48,3,0
30000,hunger,1050,36,52,1,0
30000,hunger,1050,36,60,3,0
30000,hunger,1050,36,64,23,1
30000,hunger,1050,36,68,8,0
30000,hunger,1050,36,72,5,0
30000,hunger,1050,36,76,2,0
30000,hunger,1050,36,84,2,0
30000,hunger,1050,44,88,1,0
30000,hunger,1050,48,56,1,0
30000,hunger,1050,48,64,1,0
30000,hunger,1050,48,72,1,0
30000,hunger,1050,48,80,1,0
30000,hunger,1050,48,84,10,0
30000,hunger,1050,48,88,27,4
30000,hunger,1050,48,92,10,0
30000,hunger,1050,48,96,3,0
30000,hunger,1050,64,80,2,1
30000,hunger,1050,64,100,1,1
30000,hunger,1050,64,104,1,0
30000,hunger,1050,64,112,11,1
30000,hunger,1050,64,116,2,0
30000,hunger,1050,64,120,3,0
30000,hunger,1050,80,116,1,0
30000,hunger,1050,80,128,1,0
30000,hunger,1050,80,132,1,0
30000,hunger,1050,80,136,1,0
30000,hunger,1050,84,204,1,0
30000,hunger,1100,24,28,3,0
30000,hunger,1100,24,44,1,0
30000,hunger,1100,24,48,19,4
30000,hunger,1100,24,56,1,0
30000,hunger,1100,24,60,1,0
30000,hunger,1100,36,40,1,0
30000,hunger,1100,36,44,2,0
30000,hunger,1100,36,52,1,0
30000,hunger,1100,36,60,4,1
30000,hunger,1100,36,64,21,1
30000,hunger,1100,36,68,2,0
30000,hunger,1100,36,72,5,0
30000,hunger,1100,36,76,1,0
30000,hunger,1100,36,80,1,0
30000,hunger,1100,36,88,1,0
30000,hunger,1100,44,60,2,0
30000,hunger,1100,48,68,1,0
30000,hunger,1100,48,72,1,0
30000,hunger,1100,48,80,1,0
30000,hunger,1100,48,84,12,0
30000,hunger,1100,48,88,30,2
30000,hunger,1100,48,92,12,2
30000,hunger,1100,48,96,1,0
30000,hunger,1100,48,100,1,0
30000,hunger,1100,48,120,1,1
30000,hunger,1100,48,132,1,0
30000,hunger,1100,48,144,1,1
30000,hunger,1100,60,92,1,0
30000,hunger,1100,64,104,5,0
30000,hunger,1100,64,108,1,0
30000,hunger,1100,64,112,6,0
30000,hunger,1100,64,116,6,3
30000,hunger,1100,64,120,2,1
30000,hunger,1100,64,144,1,0
30000,hunger,1100,64,148,1,0
30000,hunger,1100,80,148,1,0
30000,hunger,1100,80,152,1,0
30000,hunger,1150,24,48,18,3
30000,hunger,1150,32,44,1,0
30000,hunger,1150,36,44,2,0
30000,hunger,1150,36,52,1,1
30000,hunger,1150,36,60,2,0
30000,hunger,1150,36,64,23,2
30000,hunger,1150,36,68,11,1
30000,hunger,1150,36,72,3,0
30000,hunger,1150,36,76,4,0
30000,hunger,1150,44,48,1,0
30000,hunger,1150,48,52,1,0
30000,hunger,1150,48,56,1,0
30000,hunger,1150,48,60,1,0
30000,hunger,1150,48,64,4,1
30000,hunger,1150,48,72,1,0
30000,hunger,1150,48,76,2,1
30000,hunger,1150,48,80,1,0
30000,hunger,1150,48,84,11,1
30000,hunger,1150,48,88,24,1
30000,hunger,1150,48,92,10,0
30000,hunger,1150,48,96,1,0
30000,hunger,1150,48,100,1,0
30000,hunger,1150,48,108,1,0
30000,hunger,1150,56,76,1,0
30000,hunger,1150,64,104,1,0
30000,hunger,1150,64,108,1,0
30000,hunger,1150,64,112,4,0
30000,hunger,1150,64,116,7,2
30000,hunger,1150,64,120,2,0
30000,hunger,1150,80,88,1,0
30000,hunger,1200,16,28,1,1
30000,hunger,1200,24,44,3,0
30000,hunger,1200,24,48,3,1
30000,hunger,1200,24,56,1,0
30000,hunger,1200,32,40,1,0
30000,hunger,1200,36,48,3,0
30000,hunger,1200,36,60,6,0
30000,hunger,1200,36,64,17,3
30000,hunger,1200,36,68,8,1
30000,hunger,1200,36,72,1,0
30000,hunger,1200,36,76,4,0
30000,hunger,1200,36,80,1,0
30000,hunger,1200,36,96,1,0
30000,hunger,1200,40,48,1,0
30000,hunger,1200,44,56,2,1
30000,hunger,1200,48,72,1,0
30000,hunger,1200,48,76,1,0
30000,hunger,1200,48,80,1,0
30000,hunger,1200,48,84,5,1
30000,hunger,1200,48,88,18,0
30000,hunger,1200,48,92,12,2
30000,hunger,1200,48,104,1,0
30000,hunger,1200,52,72,1,1
30000,hunger,1200,64,88,1,0
30000,hunger,1200,64,104,1,0
30000,hunger,1200,64,108,3,0
30000,hunger,1200,64,112,5,1
30000,hunger,1200,64,116,6,0
30000,hunger,1200,64,120,2,0
30000,hunger,1200,80,156,1,0
30000,hunger,1250,24,28,1,0
30000,hunger,1250,24,48,13,1
30000,hunger,1250,36,40,1,0
30000,hunger,1250,36,60,2,0
30000,hunger,1250,36,64,14,1
30000,hunger,1250,36,68,4,0
30000,hunger,1250,36,72,3,0
30000,hunger,1250,36,76,2,1
30000,hunger,1250,36,84,1,0
30000,hunger,1250,44,56,1,0
30000,hunger,1250,48,64,6,1
30000,hunger,1250,48,72,2,0
30000,hunger,1250,48,76,1,0
30000,hunger,1250,48,84,6,0
30000,hunger,1250,48,88,20,2
30000,hunger,1250,48,92,9,1
30000,hunger,1250,48,96,1,0
30000,hunger,1250,48,116,1,0
30000,hunger,1250,48,164,1,0
30000,hunger,1250,64,88,1,1
30000,hunger,1250,64,104,2,0
30000,hunger,1250,64,108,1,1
30000,hunger,1250,64,112,6,1
30000,hunger,1250,64,116,3,0
30000,hunger,1250,64,120,1,0
30000,hunger,1250,64,124,1,0
30000,hunger,1250,100,168,1,0
30000,hunger,1300,24,44,1,0
30000,hunger,1300,24,48,7,0
30000,hunger,1300,24,64,1,0
30000,hunger,1300,36,40,3,0
30000,hunger,1300,36,44,1,0
30000,hunger,1300,36,64,21,4
30000,hunger,1300,36,68,7,1
30000,hunger,1300,36,72,3,2
30000,hunger,1300,36,76,3,0
30000,hunger,1300,48,64,1,0
30000,hunger,1300,48,76,1,0
30000,hunger,1300,48,84,5,0
30000,hunger,1300,48,88,17,2
30000,hunger,1300,48,92,15,3
30000,hunger,1300,48,96,1,1
30000,hunger,1300,64,80,1,0
30000,hunger,1300,64,104,2,0
30000,hunger,1300,64,108,1,0
30000,hunger,1300,64,112,7,0
30000,hunger,1300,64,116,2,0
30000,hunger,1300,64,120,3,0
30000,hunger,1300,64,124,3,0
30000,hunger,1300,80,128,1,0
30000,hunger,1300,80,140,1,1
30000,hunger,1350,24,28,1,0
30000,hunger,1350,24,32,1,0
30000,hunger,1350,24,44,3,0
30000,hunger,1350,24,48,10,0
30000,hunger,1350,36,60,2,0
30000,hunger,1350,36,64,15,0
30000,hunger,1350,36,68,5,2
30000,hunger,1350,36,72,2,1
30000,hunger,1350,48,60,1,0
30000,hunger,1350,48,64,2,1
30000,hunger,1350,48,68,1,0
30000,hunger,1350,48,76,1,1
30000,hunger,1350,48,80,1,0
30000,hunger,1350,48,84,7,2
30000,hunger,1350,48,88,13,1
30000,hunger,1350,48,92,12,2
30000,hunger,1350,48,96,1,0
30000,hunger,1350,64,88,1,0
30000,hunger,1350,64,108,2,0
30000,hunger,1350,64,112,4,0
30000,hunger,1350,64,116,2,1
30000,hunger,1350,64,124,1,0
30000,hunger,1350,64,132,1,0
30000,hunger,1350,64,144,1,0
30000,hunger,1400,24,28,1,0
30000,hunger,1400,24,40,1,0
30000,hunger,1400,24,44,1,0
30000,hunger,1400,24,48,6,1
30000,hunger,1400,32,44,1,0
30000,hunger,1400,36,40,2,1
30000,hunger,1400,36,60,1,0
30000,hunger,1400,36,64,18,0
30000,hunger,1400,36,68,4,1
30000,hunger,1400,36,72,1,1
30000,hunger,1400,36,76,1,0
30000,hunger,1400,48,60,1,0
30000,hunger,1400,48,64,2,0
30000,hunger,1400,48,76,1,0
30000,hunger,1400,48,84,4,1
30000,hunger,1400,48,88,10,2
30000,hunger,1400,48,92,5,2
30000,hunger,1400,64,100,1,0
30000,hunger,1400,64,108,1,0
30000,hunger,1400,64,112,3,0
30000,hunger,1400,64,116,2,0
30000,hunger,1400,64,120,4,1
30000,hunger,1400,64,124,2,0
30000,hunger,1400,64,128,1,0
30000,hunger,1400,72,96,1,0
30000,hunger,1400,80,152,1,0
30000,hunger,1450,24,48,7,0
30000,hunger,1450,36,48,1,0
30000,hunger,1450,36,60,1,0
30000,hunger,1450,36,64,11,3
30000,hunger,1450,36,68,7,0
30000,hunger,1450,36,72,2,0
30000,hunger,1450,36,76,3,0
30000,hunger,1450,48,72,1,0
30000,hunger,1450,48,80,1,0
30000,hunger,1450,48,84,3,0
30000,hunger,1450,48,88,7,1
30000,hunger,1450,48,92,7,1
30000,hunger,1450,48,104,1,1
30000,hunger,1450,60,84,1,0
30000,hunger,1450,64,108,1,0
30000,hunger,1450,64,112,2,1
30000,hunger,1450,64,116,4,1
30000,hunger,1450,64,120,2,1
30000,hunger,1500,24,44,2,0
30000,hunger,1500,24,48,2,0
30000,hunger,1500,36,48,1,0
30000,hunger,1500,36,60,1,0
30000,hunger,1500,36,64,10,1
30000,hunger,1500,36,68,2,1
30000,hunger,1500,36,76,3,1
30000,hunger,1500,48,84,4,0
30000,hunger,1500,48,88,7,1
30000,hunger,1500,48,92,8,1
30000,hunger,1500,48,108,1,1
30000,hunger,1500,48,152,1,0
30000,hunger,1500,64,108,1,0
30000,hunger,1500,64,112,4,1
30000,hunger,1500,64,116,2,0
30000,hunger,1500,64,124,1,0
30000,hunger,1500,80,196,1,0
30000,hunger,1550,24,44,2,0
30000,hunger,1550,24,48,3,0
30000,hunger,1550,36,40,1,0
30000,hunger,1550,36,48,1,0
30000,hunger,1550,36,60,1,0
30000,hunger,1550,36,64,12,2
30000,hunger,1550,36,68,2,0
30000,hunger,1550,48,56,1,0
30000,hunger,1550,48,80,1,1
30000,hunger,1550,48,84,4,0
30000,hunger,1550,48,88,10,3
30000,hunger,1550,48,92,6,2
30000,hunger,1550,48,116,1,0
30000,hunger,1550,64,76,2,0
30000,hunger,1550,64,80,1,0
30000,hunger,1550,64,108,2,1
30000,hunger,1550,64,112,1,0
30000,hunger,1550,64,116,2,0
30000,hunger,1550,64,120,1,0
30000,hunger,1550,64,172,1,0
30000,hunger,1600,24,40,1,0
30000,hunger,1600,24,48,2,0
30000,hunger,1600,36,44,1,0
30000,hunger,1600,36,64,7,0
30000,hunger,1600,36,68,1,0
30000,hunger,1600,36,72,2,1
30000,hunger,1600,48,60,1,0
30000,hunger,1600,48,80,1,0
30000,hunger,1600,48,84,6,2
30000,hunger,1600,48,88,7,1
30000,hunger,1600,48,92,6,3
30000,hunger,1600,48,96,1,0
30000,hunger,1600,64,80,2,0
30000,hunger,1600,64,112,2,1
30000,hunger,1600,64,116,5,0
30000,hunger,1600,64,128,1,0
30000,hunger,1600,80,88,1,0
30000,hunger,1600,80,172,1,0
30000,hunger,1650,16,16,1,1
30000,hunger,1650,24,44,1,0
30000,hunger,1650,24,64,1,0
30000,hunger,1650,32,36,1,0
30000,hunger,1650,36,60,1,1
30000,hunger,1650,36,64,5,2
30000,hunger,1650,36,68,2,0
30000,hunger,1650,36,72,1,0
30000,hunger,1650,36,76,1,0
30000,hunger,1650,48,80,1,0
30000,hunger,1650,48,84,2,0
30000,hunger,1650,48,88,4,1
30000,hunger,1650,48,92,3,1
30000,hunger,1650,48,100,1,1
30000,hunger,1650,64,108,1,0
30000,hunger,1650,64,112,1,0
30000,hunger,1650,64,120,1,0
30000,hunger,1650,80,152,1,0
30000,hunger,1700,24,28,1,0
30000,hunger,1700,24,48,4,0
30000,hunger,1700,24,56,1,1
30000,hunger,1700,36,64,7,1
30000,hunger,1700,36,68,1,0
30000,hunger,1700,36,72,2,0
30000,hunger,1700,36,76,1,1
30000,hunger,1700,48,84,2,0
30000,hunger,1700,48,88,4,2
30000,hunger,1700,48,92,5,1
30000,hunger,1700,48,112,1,0
30000,hunger,1700,64,116,1,0
30000,hunger,1750,24,48,3,2
30000,hunger,1750,36,56,1,1
30000,hunger,1750,36,60,1,0
30000,hunger,1750,36,64,5,3
30000,hunger,1750,36,68,2,2
30000,hunger,1750,36,76,1,0
30000,hunger,1750,48,64,1,0
30000,hunger,1750,48,80,1,0
30000,hunger,1750,48,84,5,1
30000,hunger,1750,48,88,4,1
30000,hunger,1750,48,92,3,1
30000,hunger,1750,48,120,1,0
30000,hunger,1750,64,72,1,0
30000,hunger,1750,64,88,1,0
30000,hunger,1750,64,108,3,1
30000,hunger,1750,64,112,1,0
30000,hunger,1750,64,120,1,0
30000,hunger,1750,64,128,1,0
30000,hunger,1800,24,44,1,1
30000,hunger,1800,24,48,1,1
30000,hunger,1800,36,64,5,3
30000,hunger,1800,36,68,1,0
30000,hunger,1800,36,76,1,0
30000,hunger,1800,48,64,1,1
30000,hunger,1800,48,84,1,1
30000,hunger,1800,48,88,6,3
30000,hunger,1800,48,92,7,3
30000,hunger,1800,48,96,1,0
30000,hunger,1800,64,84,1,0
30000,hunger,1800,64,112,1,0
30000,hunger,1800,64,128,1,0
30000,hunger,1850,24,48,1,0
30000,hunger,1850,36,48,1,0
30000,hunger,1850,36,60,1,0
30000,hunger,1850,36,64,5,0
30000,hunger,1850,36,68,3,0
30000,hunger,1850,36,72,1,0
30000,hunger,1850,48,64,1,0
30000,hunger,1850,48,84,2,2
30000,hunger,1850,48,88,3,1
30000,hunger,1850,48,92,3,2
30000,hunger,1850,64,108,1,0
30000,hunger,1850,64,112,1,1
30000,hunger,1850,64,120,1,0
30000,hunger,1850,64,124,1,0
30000,hunger,1900,36,60,1,0
30000,hunger,1900,36,64,5,1
30000,hunger,1900,44,60,1,0
30000,hunger,1900,48,72,1,0
30000,hunger,1900,48,84,1,1
30000,hunger,1900,48,88,1,0
30000,hunger,1900,48,100,1,0
30000,hunger,1900,48,116,1,1
30000,hunger,1900,64,112,1,0
30000,hunger,1900,64,116,1,1
30000,hunger,1950,24,44,1,1
30000,hunger,1950,36,64,2,1
30000,hunger,1950,36,68,1,0
30000,hunger,1950,36,76,1,0
30000,hunger,1950,48,64,1,0
30000,hunger,1950,48,88,1,0
30000,hunger,1950,48,92,1,0
30000,hunger,1950,48,96,1,1
30000,hunger,1950,48,120,1,0
30000,hunger,1950,64,72,1,0
30000,hunger,1950,64,104,1,1
30000,hunger,1950,64,116,3,1
30000,hunger,1950,64,120,1,1
30000,hunger,2000,36,64,2,0
30000,hunger,2000,36,68,1,0
30000,hunger,2000,36,72,1,0
30000,hunger,2000,48,88,3,2
30000,hunger,2000,48,92,2,2
30000,hunger,2000,64,72,1,1
30000,hunger,2000,64,112,3,0
30000,hunger,2000,64,120,1,0
30000,hunger,2050,24,44,1,1
30000,hunger,2050,36,60,1,1
30000,hunger,2050,36,64,3,2
30000,hunger,2050,36,68,1,0
30000,hunger,2050,36,72,1,0
30000,hunger,2050,48,84,1,0
30000,hunger,2050,48,88,4,4
30000,hunger,2050,48,92,2,1
30000,hunger,2050,64,116,2,0
30000,hunger,2050,64,120,1,0
30000,hunger,2100,36,64,1,0
30000,hunger,2100,48,84,1,0
30000,hunger,2100,48,88,4,2
30000,hunger,2100,48,92,1,0
30000,hunger,2100,48,104,1,0
30000,hunger,2100,64,112,1,1
30000,hunger,2150,36,64,2,2
30000,hunger,2150,48,64,1,0
30000,hunger,2150,48,92,5,2
30000,hunger,2150,64,84,1,1
30000,hunger,2150,64,116,2,1
30000,hunger,2200,24,24,1,1
30000,hunger,2200,36,64,2,1
30000,hunger,2200,36,68,1,0
30000,hunger,2200,48,84,1,0
30000,hunger,2200,48,88,1,0
30000,hunger,2200,48,92,1,0
30000,hunger,2250,36,64,3,3
30000,hunger,2250,36,68,1,1
30000,hunger,2250,36,76,1,0
30000,hunger,2250,48,88,1,1
30000,hunger,2250,48,92,1,1
30000,hunger,2250,48,100,1,1
30000,hunger,2250,64,112,1,0
30000,hunger,2300,36,64,1,1
30000,hunger,2300,36,68,1,1
30000,hunger,2300,48,56,1,1
30000,hunger,2300,48,84,1,1
30000,hunger,2300,48,88,2,2
30000,hunger,2300,48,92,2,0
30000,hunger,2300,56,72,1,0
30000,hunger,2300,64,116,1,1
30000,hunger,2350,36,64,2,2
30000,hunger,2350,48,88,5,3
30000,hunger,2350,64,112,1,1
30000,hunger,2350,64,116,1,1
30000,hunger,2350,64,120,1,0
30000,hunger,2400,36,64,3,3
30000,hunger,2400,48,88,4,3
30000,hunger,2400,48,92,1,1
30000,hunger,2450,36,64,1,1
30000,hunger,2450,48,80,1,1
30000,hunger,2500,36,64,3,3
30000,hunger,2500,36,68,1,1
30000,hunger,2500,36,76,1,0
30000,hunger,2500,48,84,2,1
30000,hunger,2500,48,88,1,1
30000,hunger,2550,36,64,2,2
30000,hunger,2550,48,88,2,1
30000,hunger,2550,48,92,1,0
30000,hunger,2600,36,64,1,1
30000,hunger,2600,48,68,1,1
30000,hunger,2600,48,88,4,3
30000,hunger,2600,48,92,1,1
30000,hunger,2600,64,88,1,1
30000,hunger,2600,64,112,1,1
30000,hunger,2650,48,64,1,1
30000,hunger,2650,48,92,1,1
30000,hunger,2700,36,64,2,1
30000,hunger,2750,36,68,1,1
30000,hunger,2750,48,84,1,0
30000,hunger,2800,36,68,1,1
30000,hunger,2900,36,64,2,2
30000,hunger,2900,48,88,1,1
30000,hunger,2950,48,64,1,1
30000,hunger,2950,48,84,1,1
30000,hunger,3000,48,88,1,1
30000,hunger,3100,48,88,1,1
30000,hunger,3200,36,64,1,1
30000,hunger,3200,64,108,1,1
30000,hunger,3250,48,92,1,1
30000,hunger,3300,36,64,1,1
30000,hunger,3350,48,88,1,1
30000,hunger,3450,64,88,1,1
30000,hunger,3600,36,64,1,1
30000,hunger,3700,36,64,1,1
30000,hunger,3700,48,84,1,1
30000,hunger,3700,48,88,1,1
30000,hunger,3750,48,92,1,1
30000,hunger,3800,36,64,1,1
30000,hunger,4100,48,64,1,1
30000,hunger,4100,48,88,1,1
30000,broken,0,0,0,4,0
30000,broken,0,4,4,5,0
30000,broken,0,4,8,1,0
30000,broken,0,8,8,2,0
30000,broken,0,8,12,2,0
30000,broken,0,8,16,1,0
30000,broken,0,12,12,2,0
30000,broken,0,12,16,2,0
30000,broken,0,12,24,1,0
30000,broken,0,16,20,4,0
30000,broken,0,16,24,1,0
30000,broken,0,16,28,15,0
30000,broken,0,20,16,2,0
30000,broken,0,20,20,3,0
30000,broken,0,20,24,2,0
30000,broken,0,20,28,3,0
30000,broken,0,20,44,1,0
30000,broken,0,24,24,3,0
30000,broken,0,24,28,11,0
30000,broken,0,24,32,6,0
30000,broken,0,24,36,1,0
30000,broken,0,24,40,8,0
30000,broken,0,24,44,63,0
30000,broken,0,24,48,276,0
30000,broken,0,28,28,1,0
30000,broken,0,28,32,6,0
30000,broken,0,28,36,4,0
30000,broken,0,28,44,1,0
30000,broken,0,32,28,2,0
30000,broken,0,32,32,1,0
30000,broken,0,32,36,3,0
30000,broken,0,32,40,3,0
30000,broken,0,32,44,5,0
30000,broken,0,36,32,5,0
30000,broken,0,36,36,12,0
30000,broken,0,36,40,19,0
30000,broken,0,36,44,5,1
30000,broken,0,36,48,11,0
30000,broken,0,36,52,5,0
30000,broken,0,36,56,1,0
30000,broken,0,36,60,33,0
30000,broken,0,36,64,64,0
30000,broken,0,36,68,49,0
30000,broken,0,40,40,1,0
30000,broken,0,40,48,1,0
30000,broken,0,40,52,3,0
30000,broken,0,40,56,1,0
30000,broken,0,44,44,1,0
30000,broken,0,44,48,1,0
30000,broken,0,44,56,5,0
30000,broken,0,44,60,2,0
30000,broken,0,44,64,1,0
30000,broken,0,48,36,1,0
30000,broken,0,48,44,1,0
30000,broken,0,48,48,2,0
30000,broken,0,48,52,2,0
30000,broken,0,48,60,4,0
30000,broken,0,48,64,7,0
30000,broken,0,48,68,1,0
30000,broken,0,48,76,4,0
30000,broken,0,48,80,12,0
30000,broken,0,48,84,23,0
30000,broken,0,48,88,41,1
30000,broken,0,48,92,10,0
30000,broken,0,48,96,2,0
30000,broken,0,56,68,1,0
30000,broken,0,60,68,1,0
30000,broken,0,60,76,1,0
30000,broken,0,60,80,1,0
30000,broken,0,64,72,2,0
30000,broken,0,64,80,6,0
30000,broken,0,64,84,2,0
30000,broken,0,64,92,1,0
30000,broken,0,64,96,1,0
30000,broken,0,64,100,1,0
30000,broken,0,64,104,3,0
30000,broken,0,64,108,5,0
30000,broken,0,64,112,7,0
30000,broken,0,64,116,3,0
30000,broken,0,80,88,1,0
30000,broken,50,0,0,2,0
30000,broken,50,4,4,1,0
30000,broken,50,8,12,4,0
30000,broken,50,12,16,1,0
30000,broken,50,12,20,1,0
30000,broken,50,12,24,2,0
30000,broken,50,16,16,4,0
30000,broken,50,16,20,2,0
30000,broken,50,16,28,18,0
30000,broken,50,16,36,1,0
30000,broken,50,20,20,4,0
30000,broken,50,20,24,4,0
30000,broken,50,20,28,1,0
30000,broken,50,20,32,1,0
30000,broken,50,20,36,1,0
30000,broken,50,20,40,1,0
30000,broken,50,24,24,2,0
30000,broken,50,24,28,14,0
30000,broken,50,24,32,7,0
30000,broken,50,24,36,3,0
30000,broken,50,24,40,5,0
30000,broken,50,24,44,58,0
30000,broken,50,24,48,223,0
30000,broken,50,28,24,1,0
30000,broken,50,28,32,1,0
30000,broken,50,28,36,2,0
30000,broken,50,32,28,2,0
30000,broken,50,32,32,2,0
30000,broken,50,32,36,4,0
30000,broken,50,32,40,5,0
30000,broken,50,32,44,5,0
30000,broken,50,36,36,13,0
30000,broken,50,36,40,33,0
30000,broken,50,36,44,9,0
30000,broken,50,36,48,20,0
30000,broken,50,36,52,2,0
30000,broken,50,36,56,5,0
30000,broken,50,36,60,39,0
30000,broken,50,36,64,74,0
30000,broken,50,36,68,65,0
30000,broken,50,40,40,1,0
30000,broken,50,40,44,1,0
30000,broken,50,40,48,1,0
30000,broken,50,40,52,1,0
30000,broken,50,40,56,4,0
30000,broken,50,40,64,1,0
30000,broken,50,44,56,8,0
30000,broken,50,44,60,7,0
30000,broken,50,48,44,2,0
30000,broken,50,48,48,5,0
30000,broken,50,48,52,1,0
30000,broken,50,48,56,5,0
30000,broken,50,48,60,11,0
30000,broken,50,48,64,8,0
30000,broken,50,48,68,3,1
30000,broken,50,48,72,4,0
30000,broken,50,48,76,10,0
30000,broken,50,48,80,13,0
30000,broken,50,48,84,37,0
30000,broken,50,48,88,60,0
30000,broken,50,48,92,11,0
30000,broken,50,48,96,1,0
30000,broken,50,52,68,1,0
30000,broken,50,56,68,1,0
30000,broken,50,56,76,2,0
30000,broken,50,56,80,1,0
30000,broken,50,60,72,2,0
30000,broken,50,60,80,2,0
30000,broken,50,64,60,1,0
30000,broken,50,64,72,1,0
30000,broken,50,64,76,2,0
30000,broken,50,64,80,6,0
30000,broken,50,64,84,4,0
30000,broken,50,64,92,1,0
30000,broken,50,64,96,1,0
30000,broken,50,64,100,1,0
30000,broken,50,64,104,4,0
30000,broken,50,64,108,8,0
30000,broken,50,64,112,9,0
30000,broken,50,64,116,8,0
30000,broken,50,64,120,1,0
30000,broken,50,76,80,1,0
30000,broken,50,80,88,1,0
30000,broken,50,80,92,2,0
30000,broken,100,4,4,1,0
30000,broken,100,4,8,1,0
30000,broken,100,12,16,1,0
30000,broken,100,16,16,1,0
30000,broken,100,16,20,3,0
30000,broken,100,16,28,9,0
30000,broken,100,20,24,2,0
30000,broken,100,20,28,2,0
30000,broken,100,24,28,13,0
30000,broken,100,24,32,5,0
30000,broken,100,24,36,1,0
30000,broken,100,24,40,5,0
30000,broken,100,24,44,39,0
30000,broken,100,24,48,187,0
30000,broken,100,28,24,1,0
30000,broken,100,28,32,1,0
30000,broken,100,28,36,2,0
30000,broken,100,32,28,3,0
30000,broken,100,32,36,7,0
30000,broken,100,32,40,6,0
30000,broken,100,32,44,3,0
30000,broken,100,36,36,10,0
30000,broken,100,36,40,26,0
30000,broken,100,36,44,11,0
30000,broken,100,36,48,18,0
30000,broken,100,36,52,2,0
30000,broken,100,36,56,6,0
30000,broken,100,36,60,30,0
30000,broken,100,36,64,61,0
30000,broken,100,36,68,55,0
30000,broken,100,40,44,1,0
30000,broken,100,40,48,3,0
30000,broken,100,40,52,6,0
30000,broken,100,40,56,1,0
30000,broken,100,44,56,7,0
30000,broken,100,44,60,6,0
30000,broken,100,48,52,4,0
30000,broken,100,48,56,9,0
30000,broken,100,48,60,8,0
30000,broken,100,48,64,11,0
30000,broken,100,48,68,4,0
30000,broken,100,48,72,2,0
30000,broken,100,48,76,6,0
30000,broken,100,48,80,14,0
30000,broken,100,48,84,33,1
30000,broken,100,48,88,67,0
30000,broken,100,48,92,10,0
30000,broken,100,48,96,2,0
30000,broken,100,52,56,1,0
30000,broken,100,52,68,1,0
30000,broken,100,56,64,1,0
30000,broken,100,56,76,1,0
30000,broken,100,60,76,1,0
30000,broken,100,60,80,2,0
30000,broken,100,64,76,2,0
30000,broken,100,64,80,4,0
30000,broken,100,64,84,5,0
30000,broken,100,64,88,3,0
30000,broken,100,64,92,1,0
30000,broken,100,64,96,3,0
30000,broken,100,64,104,7,0
30000,broken,100,64,108,7,0
30000,broken,100,64,112,16,0
30000,broken,100,64,116,4,0
30000,broken,100,80,88,1,0
30000,broken,100,80,148,1,0
30000,broken,150,4,8,1,0
30000,broken,150,16,20,2,0
30000,broken,150,16,24,1,0
30000,broken,150,16,28,8,0
30000,broken,150,20,20,2,0
30000,broken,150,20,24,4,0
30000,broken,150,20,28,1,0
30000,broken,150,20,36,1,0
30000,broken,150,20,44,1,0
30000,broken,150,24,24,2,0
30000,broken,150,24,28,14,0
30000,broken,150,24,32,1,0
30000,broken,150,24,40,1,0
30000,broken,150,24,44,22,0
30000,broken,150,24,48,130,1
30000,broken,150,28,24,1,0
30000,broken,150,28,32,1,0
30000,broken,150,28,36,3,0
30000,broken,150,28,44,1,0
30000,broken,150,32,28,1,0
30000,broken,150,32,36,2,0
30000,broken,150,32,40,8,0
30000,broken,150,32,44,3,0
30000,broken,150,36,32,2,0
30000,broken,150,36,36,7,0
30000,broken,150,36,40,19,1
30000,broken,150,36,44,6,0
30000,broken,150,36,48,15,0
30000,broken,150,36,52,3,0
30000,broken,150,36,56,5,0
30000,broken,150,36,60,27,0
30000,broken,150,36,64,53,0
30000,broken,150,36,68,36,0
30000,broken,150,40,48,3,0
30000,broken,150,40,52,3,0
30000,broken,150,40,56,1,0
30000,broken,150,44,52,1,0
30000,broken,150,44,56,3,0
30000,broken,150,44,60,8,0
30000,broken,150,44,72,1,0
30000,broken,150,48,44,1,0
30000,broken,150,48,52,2,0
30000,broken,150,48,56,8,0
30000,broken,150,48,60,6,0
30000,broken,150,48,64,8,0
30000,broken,150,48,68,4,0
30000,broken,150,48,72,4,0
30000,broken,150,48,76,6,0
30000,broken,150,48,80,11,0
30000,broken,150,48,84,30,0
30000,broken,150,48,88,55,0
30000,broken,150,48,92,30,0
30000,broken,150,48,96,1,0
30000,broken,150,52,72,2,0
30000,broken,150,52,76,1,0
30000,broken,150,60,76,1,0
30000,broken,150,64,72,1,0
30000,broken,150,64,80,2,0
30000,broken,150,64,84,3,0
30000,broken,150,64,92,1,0
30000,broken,150,64,100,1,0
30000,broken,150,64,104,1,0
30000,broken,150,64,108,5,0
30000,broken,150,64,112,14,0
30000,broken,150,64,116,4,0
30000,broken,150,64,120,1,0
30000,broken,150,64,124,1,0
30000,broken,150,80,104,1,0
30000,broken,150,80,136,1,0
30000,broken,200,8,12,2,0
30000,broken,200,12,12,1,0
30000,broken,200,12,16,1,0
30000,broken,200,16,16,1,0
30000,broken,200,16,20,2,0
30000,broken,200,16,28,2,0
30000,broken,200,20,24,4,0
30000,broken,200,20,36,2,0
30000,broken,200,24,24,3,0
30000,broken,200,24,28,9,0
30000,broken,200,24,32,3,0
30000,broken,200,24,40,3,0
30000,broken,200,24,44,13,0
30000,broken,200,24,48,115,1
30000,broken,200,28,32,2,0
30000,broken,200,28,44,1,0
30000,broken,200,32,32,2,0
30000,broken,200,32,36,7,0
30000,broken,200,32,40,2,0
30000,broken,200,32,44,2,0
30000,broken,200,36,32,1,0
30000,broken,200,36,36,3,0
30000,broken,200,36,40,15,0
30000,broken,200,36,44,5,0
30000,broken,200,36,48,10,0
30000,broken,200,36,52,5,0
30000,broken,200,36,56,1,0
30000,broken,200,36,60,27,1
30000,broken,200,36,64,46,1
30000,broken,200,36,68,33,0
30000,broken,200,40,44,1,0
30000,broken,200,40,48,2,0
30000,broken,200,40,52,5,0
30000,broken,200,40,56,1,0
30000,broken,200,40,60,1,0
30000,broken,200,44,48,1,1
30000,broken,200,44,52,3,0
30000,broken,200,44,56,1,0
30000,broken,200,44,60,7,0
30000,broken,200,48,44,1,0
30000,broken,200,48,48,4,0
30000,broken,200,48,52,3,0
30000,broken,200,48,56,6,0
30000,broken,200,48,60,8,0
30000,broken,200,48,64,6,0
30000,broken,200,48,68,1,0
30000,broken,200,48,76,6,0
30000,broken,200,48,80,10,0
30000,broken,200,48,84,28,0
30000,broken,200,48,88,52,0
30000,broken,200,48,92,12,1
30000,broken,200,48,96,2,0
30000,broken,200,52,64,1,0
30000,broken,200,52,72,1,0
30000,broken,200,56,76,1,0
30000,broken,200,60,72,1,0
30000,broken,200,60,76,1,0
30000,broken,200,60,80,1,0
30000,broken,200,64,60,1,0
30000,broken,200,64,80,9,0
30000,broken,200,64,84,2,0
30000,broken,200,64,96,1,0
30000,broken,200,64,100,2,0
30000,broken,200,64,104,8,0
30000,broken,200,64,108,7,0
30000,broken,200,64,112,13,0
30000,broken,200,64,116,5,0
30000,broken,200,64,120,3,0
30000,broken,200,80,80,1,0
30000,broken,200,80,132,2,0
30000,broken,200,80,144,1,0
30000,broken,250,16,16,2,0
30000,broken,250,16,20,1,0
30000,broken,250,16,28,3,0
30000,broken,250,20,20,1,0
30000,broken,250,24,24,1,0
30000,broken,250,24,28,9,0
30000,broken,250,24,32,1,0
30000,broken,250,24,36,2,0
30000,broken,250,24,40,3,0
30000,broken,250,24,44,10,0
30000,broken,250,24,48,100,1
30000,broken,250,24,56,1,0
30000,broken,250,28,40,1,0
30000,broken,250,32,32,1,0
30000,broken,250,32,36,3,0
30000,broken,250,32,40,2,0
30000,broken,250,32,44,4,0
30000,broken,250,36,36,5,0
30000,broken,250,36,40,11,0
30000,broken,250,36,44,5,0
30000,broken,250,36,48,11,0
30000,broken,250,36,52,2,0
30000,broken,250,36,56,1,0
30000,broken,250,36,60,11,0
30000,broken,250,36,64,51,4
30000,broken,250,36,68,33,0
30000,broken,250,40,44,2,0
30000,broken,250,40,48,1,0
30000,broken,250,40,52,5,0
30000,broken,250,40,56,2,0
30000,broken,250,44,48,1,0
30000,broken,250,44,56,4,0
30000,broken,250,44,64,1,0
30000,broken,250,48,48,1,0
30000,broken,250,48,56,4,0
30000,broken,250,48,60,8,0
30000,broken,250,48,64,8,0
30000,broken,250,48,68,1,0
30000,broken,250,48,72,4,0
30000,broken,250,48,76,7,0
30000,broken,250,48,80,4,0
30000,broken,250,48,84,28,0
30000,broken,250,48,88,52,0
30000,broken,250,48,92,12,1
30000,broken,250,60,84,1,0
30000,broken,250,64,64,1,0
30000,broken,250,64,76,2,0
30000,broken,250,64,80,2,0
30000,broken,250,64,84,7,0
30000,broken,250,64,100,1,0
30000,broken,250,64,104,2,0
30000,broken,250,64,108,4,0
30000,broken,250,64,112,10,0
30000,broken,250,64,116,3,0
30000,broken,250,64,120,1,0
30000,broken,250,76,68,1,0
30000,broken,250,80,88,1,0
30000,broken,250,80,92,1,0
30000,broken,250,80,104,1,0
30000,broken,250,80,124,1,0
30000,broken,250,80,128,1,0
30000,broken,300,16,16,1,0
30000,broken,300,16,20,1,0
30000,broken,300,16,28,1,0
30000,broken,300,20,28,1,0
30000,broken,300,24,24,1,0
30000,broken,300,24,28,8,0
30000,broken,300,24,36,1,0
30000,broken,300,24,40,2,0
30000,broken,300,24,44,13,0
30000,broken,300,24,48,88,0
30000,broken,300,28,44,1,0
30000,broken,300,32,28,1,0
30000,broken,300,32,36,4,0
30000,broken,300,32,40,5,0
30000,broken,300,32,44,1,0
30000,broken,300,32,60,1,0
30000,broken,300,36,32,1,0
30000,broken,300,36,36,6,0
30000,broken,300,36,40,15,0
30000,broken,300,36,44,3,0
30000,broken,300,36,48,9,0
30000,broken,300,36,52,1,0
30000,broken,300,36,56,3,0
30000,broken,300,36,60,14,0
30000,broken,300,36,64,28,0
30000,broken,300,36,68,27,0
30000,broken,300,40,36,1,0
30000,broken,300,40,52,1,0
30000,broken,300,44,56,1,0
30000,broken,300,44,60,2,0
30000,broken,300,44,68,2,0
30000,broken,300,48,40,1,0
30000,broken,300,48,48,2,0
30000,broken,300,48,52,2,0
30000,broken,300,48,56,5,1
30000,broken,300,48,60,3,0
30000,broken,300,48,64,9,0
30000,broken,300,48,68,1,0
30000,broken,300,48,76,5,0
30000,broken,300,48,80,2,0
30000,broken,300,48,84,22,0
30000,broken,300,48,88,44,1
30000,broken,300,48,92,13,0
30000,broken,300,52,76,1,0
30000,broken,300,56,76,1,0
30000,broken,300,60,68,1,0
30000,broken,300,64,72,1,0
30000,broken,300,64,80,1,0
30000,broken,300,64,84,7,0
30000,broken,300,64,92,1,0
30000,broken,300,64,104,2,0
30000,broken,300,64,108,3,0
30000,broken,300,64,112,5,0
30000,broken,300,64,116,6,0
30000,broken,300,64,120,6,0
30000,broken,300,80,88,1,0
30000,broken,300,80,96,1,0
30000,broken,300,80,104,1,0
30000,broken,350,16,28,2,0
30000,broken,350,24,28,3,0
30000,broken,350,24,32,2,0
30000,broken,350,24,44,8,0
30000,broken,350,24,48,66,0
30000,broken,350,28,44,1,0
30000,broken,350,32,28,1,0
30000,broken,350,32,36,2,0
30000,broken,350,32,40,5,0
30000,broken,350,32,44,3,1
30000,broken,350,36,36,4,1
30000,broken,350,36,40,12,0
30000,broken,350,36,44,2,0
30000,broken,350,36,48,7,0
30000,broken,350,36,52,4,0
30000,broken,350,36,56,1,0
30000,broken,350,36,60,6,0
30000,broken,350,36,64,26,0
30000,broken,350,36,68,12,0
30000,broken,350,40,44,1,0
30000,broken,350,40,52,2,0
30000,broken,350,44,56,1,0
30000,broken,350,44,60,3,0
30000,broken,350,48,48,1,0
30000,broken,350,48,56,4,0
30000,broken,350,48,60,7,0
30000,broken,350,48,64,8,0
30000,broken,350,48,68,1,0
30000,broken,350,48,72,1,0
30000,broken,350,48,76,2,0
30000,broken,350,48,80,2,0
30000,broken,350,48,84,12,0
30000,broken,350,48,88,36,0
30000,broken,350,48,92,8,0
30000,broken,350,56,76,1,0
30000,broken,350,64,76,2,0
30000,broken,350,64,80,7,1
30000,broken,350,64,84,2,0
30000,broken,350,64,88,1,0
30000,broken,350,64,96,1,0
30000,broken,350,64,100,1,0
30000,broken,350,64,104,4,0
30000,broken,350,64,108,6,0
30000,broken,350,64,112,13,0
30000,broken,350,64,116,4,0
30000,broken,350,64,124,1,0
30000,broken,350,80,144,1,0
30000,broken,400,16,16,3,0
30000,broken,400,20,28,1,0
30000,broken,400,24,28,2,0
30000,broken,400,24,32,1,0
30000,broken,400,24,36,1,0
30000,broken,400,24,40,2,0
30000,broken,400,24,44,10,0
30000,broken,400,24,48,44,1
30000,broken,400,28,32,1,0
30000,broken,400,28,44,1,0
30000,broken,400,32,28,1,0
30000,broken,400,32,36,2,0
30000,broken,400,32,40,1,0
30000,broken,400,36,32,1,0
30000,broken,400,36,36,2,0
30000,broken,400,36,40,7,0
30000,broken,400,36,44,2,0
30000,broken,400,36,48,6,0
30000,broken,400,36,60,13,0
30000,broken,400,36,64,27,0
30000,broken,400,36,68,15,0
30000,broken,400,36,72,2,0
30000,broken,400,40,40,1,0
30000,broken,400,40,52,4,0
30000,broken,400,44,56,2,0
30000,broken,400,44,60,3,0
30000,broken,400,48,48,2,0
30000,broken,400,48,52,5,0
30000,broken,400,48,56,6,0
30000,broken,400,48,60,1,0
30000,broken,400,48,64,4,0
30000,broken,400,48,68,1,0
30000,broken,400,48,72,2,0
30000,broken,400,48,76,3,0
30000,broken,400,48,80,3,0
30000,broken,400,48,84,17,0
30000,broken,400,48,88,29,1
30000,broken,400,48,92,7,0
30000,broken,400,56,60,1,0
30000,broken,400,56,76,1,0
30000,broken,400,56,80,1,0
30000,broken,400,60,64,1,0
30000,broken,400,64,76,2,0
30000,broken,400,64,80,3,0
30000,broken,400,64,84,4,0
30000,broken,400,64,100,1,0
30000,broken,400,64,108,6,0
30000,broken,400,64,112,8,0
30000,broken,400,64,116,4,0
30000,broken,400,64,120,1,0
30000,broken,400,72,84,1,0
30000,broken,400,80,116,1,0
30000,broken,400,80,128,1,0
30000,broken,400,80,132,1,0
30000,broken,400,80,144,2,0
30000,broken,450,16,16,1,0
30000,broken,450,16,28,2,0
30000,broken,450,20,24,1,0
30000,broken,450,24,28,4,0
30000,broken,450,24,32,2,0
30000,broken,450,24,44,5,0
30000,broken,450,24,48,54,1
30000,broken,450,32,40,1,0
30000,broken,450,32,44,1,0
30000,broken,450,36,36,1,0
30000,broken,450,36,40,9,0
30000,broken,450,36,44,2,0
30000,broken,450,36,48,9,0
30000,broken,450,36,52,1,0
30000,broken,450,36,56,1,0
30000,broken,450,36,60,5,0
30000,broken,450,36,64,28,0
30000,broken,450,36,68,20,0
30000,broken,450,40,40,1,0
30000,broken,450,40,52,1,0
30000,broken,450,40,56,1,0
30000,broken,450,44,56,3,0
30000,broken,450,44,60,4,0
30000,broken,450,44,72,1,0
30000,broken,450,48,48,2,0
30000,broken,450,48,52,2,1
30000,broken,450,48,56,2,0
30000,broken,450,48,60,2,0
30000,broken,450,48,64,4,0
30000,broken,450,48,72,4,0
30000,broken,450,48,76,7,0
30000,broken,450,48,80,5,0
30000,broken,450,48,84,27,0
30000,broken,450,48,88,25,1
30000,broken,450,48,92,9,1
30000,broken,450,56,76,1,0
30000,broken,450,64,68,1,0
30000,broken,450,64,76,2,0
30000,broken,450,64,80,3,0
30000,broken,450,64,84,4,0
30000,broken,450,64,88,1,0
30000,broken,450,64,92,1,0
30000,broken,450,64,96,1,0
30000,broken,450,64,104,4,0
30000,broken,450,64,108,3,0
30000,broken,450,64,112,16,1
30000,broken,450,64,116,3,0
30000,broken,450,64,120,1,0
30000,broken,450,80,88,1,0
30000,broken,500,16,28,3,0
30000,broken,500,24,28,5,1
30000,broken,500,24,44,10,0
30000,broken,500,24,48,33,0
30000,broken,500,28,44,1,0
30000,broken,500,32,36,3,0
30000,broken,500,32,44,2,0
30000,broken,500,36,36,1,0
30000,broken,500,36,40,6,0
30000,broken,500,36,44,2,0
30000,broken,500,36,48,4,0
30000,broken,500,36,60,5,0
30000,broken,500,36,64,17,0
30000,broken,500,36,68,11,0
30000,broken,500,40,52,1,0
30000,broken,500,44,60,1,0
30000,broken,500,48,60,3,1
30000,broken,500,48,64,2,0
30000,broken,500,48,72,2,1
30000,broken,500,48,76,4,0
30000,broken,500,48,80,2,0
30000,broken,500,48,84,13,0
30000,broken,500,48,88,25,2
30000,broken,500,48,92,5,0
30000,broken,500,60,76,1,0
30000,broken,500,60,84,1,0
30000,broken,500,64,80,4,0
30000,broken,500,64,84,2,0
30000,broken,500,64,88,1,0
30000,broken,500,64,108,2,0
30000,broken,500,64,112,9,0
30000,broken,500,64,116,3,0
30000,broken,500,64,120,1,0
30000,broken,500,80,128,1,0
30000,broken,500,80,132,1,0
30000,broken,500,80,148,1,0
30000,broken,550,16,28,2,0
30000,broken,550,24,28,1,0
30000,broken,550,24,44,7,0
30000,broken,550,24,48,31,0
30000,broken,550,32,40,1,0
30000,broken,550,32,44,2,0
30000,broken,550,36,36,2,0
30000,broken,550,36,40,6,1
30000,broken,550,36,48,3,0
30000,broken,550,36,52,2,0
30000,broken,550,36,56,1,0
30000,broken,550,36,60,7,1
30000,broken,550,36,64,17,0
30000,broken,550,36,68,7,0
30000,broken,550,40,36,1,0
30000,broken,550,40,40,1,0
30000,broken,550,40,44,1,0
30000,broken,550,40,48,2,0
30000,broken,550,44,60,2,1
30000,broken,550,48,48,1,0
30000,broken,550,48,52,1,0
30000,broken,550,48,56,2,0
30000,broken,550,48,60,5,0
30000,broken,550,48,64,3,0
30000,broken,550,48,72,3,0
30000,broken,550,48,76,5,0
30000,broken,550,48,80,5,0
30000,broken,550,48,84,9,0
30000,broken,550,48,88,26,0
30000,broken,550,48,92,9,0
30000,broken,550,56,80,1,0
30000,broken,550,64,72,1,0
30000,broken,550,64,76,1,0
30000,broken,550,64,80,5,0
30000,broken,550,64,84,4,0
30000,broken,550,64,100,1,0
30000,broken,550,64,104,2,0
30000,broken,550,64,108,4,0
30000,broken,550,64,112,7,0
30000,broken,550,64,116,2,1
30000,broken,550,76,80,1,0
30000,broken,550,80,88,2,0
30000,broken,600,12,12,1,0
30000,broken,600,24,24,1,0
30000,broken,600,24,28,2,1
30000,broken,600,24,44,3,0
30000,broken,600,24,48,13,0
30000,broken,600,32,36,2,1
30000,broken,600,36,40,3,1
30000,broken,600,36,48,5,0
30000,broken,600,36,52,2,0
30000,broken,600,36,60,3,0
30000,broken,600,36,64,23,0
30000,broken,600,36,68,10,0
30000,broken,600,40,52,1,0
30000,broken,600,44,56,1,1
30000,broken,600,48,56,2,0
30000,broken,600,48,64,4,0
30000,broken,600,48,68,1,0
30000,broken,600,48,76,2,0
30000,broken,600,48,84,5,0
30000,broken,600,48,88,21,1
30000,broken,600,48,92,8,0
30000,broken,600,56,76,1,0
30000,broken,600,64,80,3,0
30000,broken,600,64,84,6,0
30000,broken,600,64,104,1,0
30000,broken,600,64,108,1,0
30000,broken,600,64,112,8,0
30000,broken,600,64,116,4,0
30000,broken,600,64,120,1,0
30000,broken,600,80,104,1,0
30000,broken,600,80,136,1,0
30000,broken,650,20,24,1,0
30000,broken,650,24,28,2,0
30000,broken,650,24,44,3,0
30000,broken,650,24,48,25,1
30000,broken,650,32,36,1,0
30000,broken,650,36,36,1,0
30000,broken,650,36,40,4,0
30000,broken,650,36,44,2,0
30000,broken,650,36,48,1,0
30000,broken,650,36,60,2,0
30000,broken,650,36,64,14,2
30000,broken,650,36,68,9,0
30000,broken,650,40,48,1,0
30000,broken,650,44,52,1,0
30000,broken,650,44,64,1,0
30000,broken,650,48,56,4,0
30000,broken,650,48,60,1,0
30000,broken,650,48,64,2,0
30000,broken,650,48,68,1,0
30000,broken,650,48,76,5,0
30000,broken,650,48,80,1,0
30000,broken,650,48,84,6,0
30000,broken,650,48,88,25,0
30000,broken,650,48,92,7,1
30000,broken,650,48,96,1,0
30000,broken,650,56,60,1,0
30000,broken,650,56,72,1,0
30000,broken,650,64,80,3,1
30000,broken,650,64,84,3,0
30000,broken,650,64,104,1,0
30000,broken,650,64,108,2,0
30000,broken,650,64,112,5,1
30000,broken,650,64,116,5,0
30000,broken,650,80,100,1,0
30000,broken,650,80,144,1,0
30000,broken,650,80,152,1,0
30000,broken,700,24,28,3,0
30000,broken,700,24,32,1,0
30000,broken,700,24,44,2,0
30000,broken,700,24,48,16,0
30000,broken,700,32,44,1,0
30000,broken,700,36,40,3,0
30000,broken,700,36,44,1,0
30000,broken,700,36,48,3,0
30000,broken,700,36,56,1,0
30000,broken,700,36,60,5,0
30000,broken,700,36,64,10,0
30000,broken,700,36,68,7,0
30000,broken,700,40,52,1,0
30000,broken,700,44,56,1,0
30000,broken,700,44,60,1,0
30000,broken,700,48,56,3,1
30000,broken,700,48,60,2,0
30000,broken,700,48,76,1,0
30000,broken,700,48,80,2,1
30000,broken,700,48,84,12,0
30000,broken,700,48,88,16,1
30000,broken,700,48,92,7,0
30000,broken,700,56,88,1,0
30000,broken,700,64,80,1,0
30000,broken,700,64,84,2,0
30000,broken,700,64,104,4,0
30000,broken,700,64,112,7,1
30000,broken,700,80,100,1,0
30000,broken,750,16,20,1,0
30000,broken,750,16,28,1,0
30000,broken,750,24,44,1,0
30000,broken,750,24,48,8,0
30000,broken,750,32,36,1,1
30000,broken,750,36,40,6,0
30000,broken,750,36,48,6,0
30000,broken,750,36,52,1,0
30000,broken,750,36,60,5,0
30000,broken,750,36,64,11,0
30000,broken,750,36,68,5,0
30000,broken,750,40,52,1,0
30000,broken,750,44,56,1,0
30000,broken,750,48,48,1,1
30000,broken,750,48,52,1,0
30000,broken,750,48,56,1,0
30000,broken,750,48,60,1,0
30000,broken,750,48,64,2,0
30000,broken,750,48,72,1,0
30000,broken,750,48,76,1,0
30000,broken,750,48,80,1,0
30000,broken,750,48,84,10,0
30000,broken,750,48,88,16,0
30000,broken,750,48,92,4,0
30000,broken,750,64,80,2,0
30000,broken,750,64,112,8,1
30000,broken,750,64,116,3,0
30000,broken,750,80,136,1,0
30000,broken,800,24,28,1,0
30000,broken,800,24,48,21,2
30000,broken,800,32,32,1,0
30000,broken,800,36,44,1,0
30000,broken,800,36,48,2,0
30000,broken,800,36,52,1,0
30000,broken,800,36,60,3,0
30000,broken,800,36,64,7,0
30000,broken,800,36,68,6,0
30000,broken,800,40,48,1,0
30000,broken,800,48,56,2,0
30000,broken,800,48,64,1,0
30000,broken,800,48,76,1,0
30000,broken,800,48,80,1,0
30000,broken,800,48,84,8,0
30000,broken,800,48,88,15,3
30000,broken,800,48,92,2,0
30000,broken,800,52,80,1,0
30000,broken,800,56,76,1,0
30000,broken,800,64,76,1,0
30000,broken,800,64,80,1,0
30000,broken,800,64,108,4,0
30000,broken,800,64,112,4,0
30000,broken,800,64,116,3,0
30000,broken,800,80,108,1,0
30000,broken,850,16,20,1,0
30000,broken,850,24,36,1,0
30000,broken,850,24,48,15,1
30000,broken,850,36,36,1,0
30000,broken,850,36,52,2,1
30000,broken,850,36,60,1,0
30000,broken,850,36,64,12,1
30000,broken,850,36,68,2,0
30000,broken,850,40,52,1,0
30000,broken,850,44,52,1,0
30000,broken,850,44,60,1,0
30000,broken,850,48,48,1,0
30000,broken,850,48,56,1,0
30000,broken,850,48,64,1,1
30000,broken,850,48,72,1,0
30000,broken,850,48,76,1,0
30000,broken,850,48,84,7,2
30000,broken,850,48,88,12,0
30000,broken,850,48,92,5,0
30000,broken,850,64,76,1,0
30000,broken,850,64,80,1,0
30000,broken,850,64,84,2,1
30000,broken,850,64,108,1,0
30000,broken,850,64,112,3,0
30000,broken,850,64,116,1,0
30000,broken,850,64,120,1,0
30000,broken,900,24,28,1,0
30000,broken,900,24,44,1,0
30000,broken,900,24,48,5,0
30000,broken,900,32,36,1,0
30000,broken,900,36,44,2,0
30000,broken,900,36,48,2,0
30000,broken,900,36,60,2,0
30000,broken,900,36,64,10,0
30000,broken,900,36,68,4,0
30000,broken,900,40,52,1,1
30000,broken,900,48,56,1,0
30000,broken,900,48,60,1,0
30000,broken,900,48,76,1,0
30000,broken,900,48,84,4,0
30000,broken,900,48,88,18,3
30000,broken,900,48,92,2,0
30000,broken,900,64,76,1,0
30000,broken,900,64,80,2,0
30000,broken,900,64,84,2,0
30000,broken,900,64,104,1,0
30000,broken,900,64,108,3,0
30000,broken,900,64,112,3,1
30000,broken,900,64,116,2,0
30000,broken,900,64,120,1,0
30000,broken,950,16,16,1,0
30000,broken,950,24,40,1,0
30000,broken,950,36,40,4,2
30000,broken,950,36,48,1,0
30000,broken,950,36,56,1,0
30000,broken,950,36,60,1,0
30000,broken,950,36,64,6,0
30000,broken,950,36,68,3,0
30000,broken,950,48,52,1,0
30000,broken,950,48,56,2,0
30000,broken,950,48,60,2,0
30000,broken,950,48,64,1,0
30000,broken,950,48,68,1,0
30000,broken,950,48,72,1,0
30000,broken,950,48,84,2,0
30000,broken,950,48,88,10,1
30000,broken,950,48,92,6,0
30000,broken,950,64,84,1,1
30000,broken,950,64,112,6,0
30000,broken,1000,24,44,1,0
30000,broken,1000,24,48,3,0
30000,broken,1000,32,32,1,0
30000,broken,1000,36,60,3,0
30000,broken,1000,36,64,5,0
30000,broken,1000,36,68,5,0
30000,broken,1000,40,56,1,0
30000,broken,1000,44,60,3,0
30000,broken,1000,48,56,1,0
30000,broken,1000,48,64,1,0
30000,broken,1000,48,72,1,0
30000,broken,1000,48,76,1,0
30000,broken,1000,48,84,4,0
30000,broken,1000,48,88,8,1
30000,broken,1000,48,92,2,0
30000,broken,1000,60,76,1,0
30000,broken,1000,64,76,1,0
30000,broken,1000,64,80,2,0
30000,broken,1000,64,84,2,0
30000,broken,1000,64,108,2,0
30000,broken,1000,64,116,1,0
30000,broken,1000,76,112,1,0
30000,broken,1000,80,96,1,0
30000,broken,1050,24,40,1,0
30000,broken,1050,24,48,1,0
30000,broken,1050,28,32,1,0
30000,broken,1050,28,36,2,0
30000,broken,1050,36,40,1,0
30000,broken,1050,36,44,1,0
30000,broken,1050,36,48,1,0
30000,broken,1050,36,60,1,0
30000,broken,1050,36,64,4,1
30000,broken,1050,36,68,3,0
30000,broken,1050,40,48,1,0
30000,broken,1050,48,64,1,0
30000,broken,1050,48,84,1,0
30000,broken,1050,48,88,6,1
30000,broken,1050,48,92,4,0
30000,broken,1050,60,76,1,1
30000,broken,1050,64,108,1,0
30000,broken,1050,64,112,1,0
30000,broken,1100,24,28,1,0
30000,broken,1100,24,48,4,1
30000,broken,1100,36,40,1,0
30000,broken,1100,36,48,1,0
30000,broken,1100,36,60,1,0
30000,broken,1100,36,64,2,0
30000,broken,1100,36,68,5,0
30000,broken,1100,40,52,1,0
30000,broken,1100,48,84,1,0
30000,broken,1100,48,88,4,2
30000,broken,1100,48,92,1,0
30000,broken,1100,64,80,1,0
30000,broken,1100,80,100,1,0
30000,broken,1150,24,44,2,0
30000,broken,1150,24,48,2,0
30000,broken,1150,36,40,2,0
30000,broken,1150,36,60,1,0
30000,broken,1150,36,64,2,0
30000,broken,1150,36,68,1,0
30000,broken,1150,44,60,1,0
30000,broken,1150,48,56,1,0
30000,broken,1150,48,84,2,0
30000,broken,1150,48,88,6,0
30000,broken,1150,48,92,2,0
30000,broken,1150,64,84,1,0
30000,broken,1150,64,108,1,0
30000,broken,1150,64,112,4,0
30000,broken,1150,64,116,1,0
30000,broken,1200,24,28,1,0
30000,broken,1200,24,48,1,0
30000,broken,1200,36,44,1,0
30000,broken,1200,36,48,1,0
30000,broken,1200,36,60,1,0
30000,broken,1200,36,64,5,0
30000,broken,1200,36,68,1,0
30000,broken,1200,48,56,1,0
30000,broken,1200,48,84,1,0
30000,broken,1200,48,88,5,0
30000,broken,1200,48,92,3,1
30000,broken,1200,64,76,1,0
30000,broken,1200,64,80,1,0
30000,broken,1200,64,108,1,0
30000,broken,1200,64,112,4,1
30000,broken,1200,64,116,2,0
30000,broken,1200,64,124,1,0
30000,broken,1250,24,28,1,0
30000,broken,1250,24,48,4,0
30000,broken,1250,32,36,1,0
30000,broken,1250,36,60,3,0
30000,broken,1250,36,64,6,0
30000,broken,1250,48,72,1,0
30000,broken,1250,48,88,4,0
30000,broken,1250,48,92,3,0
30000,broken,1250,64,108,1,0
30000,broken,1250,64,112,2,0
30000,broken,1300,24,44,1,0
30000,broken,1300,24,48,2,0
30000,broken,1300,36,44,1,0
30000,broken,1300,36,68,1,0
30000,broken,1300,48,84,2,0
30000,broken,1300,48,88,7,3
30000,broken,1300,48,92,1,1
30000,broken,1300,64,80,1,0
30000,broken,1300,64,88,1,0
30000,broken,1300,64,108,1,0
30000,broken,1300,64,112,2,0
30000,broken,1300,64,116,1,0
30000,broken,1350,24,48,3,0
30000,broken,1350,36,60,2,1
30000,broken,1350,36,64,1,0
30000,broken,1350,36,68,1,0
30000,broken,1350,48,64,1,1
30000,broken,1350,48,84,4,0
30000,broken,1350,48,88,4,0
30000,broken,1350,48,92,1,0
30000,broken,1350,64,80,1,0
30000,broken,1350,64,104,1,0
30000,broken,1350,64,112,1,1
30000,broken,1350,64,116,2,0
30000,broken,1350,64,120,1,0
30000,broken,1400,24,44,1,0
30000,broken,1400,24,48,1,0
30000,broken,1400,36,36,1,0
30000,broken,1400,36,52,1,1
30000,broken,1400,48,76,1,0
30000,broken,1400,48,84,1,1
30000,broken,1400,48,88,2,0
30000,broken,1450,36,48,1,0
30000,broken,1450,36,60,2,0
30000,broken,1450,36,64,2,0
30000,broken,1450,48,84,1,0
30000,broken,1450,48,88,2,0
30000,broken,1450,48,92,1,0
30000,broken,1450,64,84,1,0
30000,broken,1450,64,112,1,0
30000,broken,1500,24,44,1,0
30000,broken,1500,24,48,1,0
30000,broken,1500,48,48,1,0
30000,broken,1500,48,88,1,0
30000,broken,1500,64,120,1,0
30000,broken,1550,24,48,1,0
30000,broken,1550,36,64,1,0
30000,broken,1550,48,84,1,0
30000,broken,1550,48,88,1,0
30000,broken,1550,64,112,1,0
30000,broken,1550,80,88,1,0
30000,broken,1600,36,64,4,1
30000,broken,1600,36,68,1,1
30000,broken,1600,64,104,1,0
30000,broken,1600,64,108,2,0
30000,broken,1600,64,112,1,0
30000,broken,1650,24,48,2,0
30000,broken,1650,36,68,2,0
30000,broken,1650,48,56,1,0
30000,broken,1650,48,88,1,0
30000,broken,1700,36,52,1,0
30000,broken,1700,36,60,1,1
30000,broken,1700,48,84,1,0
30000,broken,1700,64,112,2,0
30000,broken,1750,48,68,1,0
30000,broken,1750,48,84,1,1
30000,broken,1750,48,92,1,0
30000,broken,1750,64,80,1,0
30000,broken,1750,80,88,1,0
30000,broken,1850,36,64,1,0
30000,broken,1900,36,64,1,1
30000,broken,1950,36,64,1,0
30000,broken,1950,48,84,1,0
30000,broken,1950,48,92,1,0
30000,broken,2000,64,112,1,1
30000,broken,2050,64,112,1,1
30000,broken,2100,64,112,1,0
30000,broken,2150,36,64,1,1
30000,broken,2150,48,84,1,1
30000,broken,2150,48,88,1,0
30000,broken,2200,48,92,1,0
30000,broken,2250,36,64,1,1
30000,broken,2250,48,88,1,0
30000,broken,2450,64,120,1,0
30000,broken,2600,48,88,1,1
30000,broken,2700,48,84,1,1
40000,hunger,0,12,12,1,0
40000,hunger,0,16,16,1,0
40000,hunger,0,16,20,1,0
40000,hunger,0,16,24,2,0
40000,hunger,0,16,28,10,0
40000,hunger,0,20,40,1,0
40000,hunger,0,24,24,4,0
40000,hunger,0,24,32,1,0
40000,hunger,0,24,36,4,0
40000,hunger,0,24,40,4,0
40000,hunger,0,24,44,18,0
40000,hunger,0,24,48,125,0
40000,hunger,0,32,44,1,0
40000,hunger,0,36,56,1,0
40000,hunger,0,36,60,5,0
40000,hunger,0,36,64,3,0
40000,hunger,0,36,68,58,0
40000,hunger,0,36,72,3,0
40000,hunger,0,48,48,1,0
40000,hunger,0,48,60,1,0
40000,hunger,0,48,80,1,0
40000,hunger,0,48,88,1,0
40000,hunger,0,48,92,5,0
40000,hunger,0,48,96,16,0
40000,hunger,0,64,100,1,0
40000,hunger,0,64,120,1,0
40000,hunger,0,64,124,3,0
40000,hunger,0,64,128,1,0
40000,hunger,50,0,4,2,0
40000,hunger,50,4,4,3,0
40000,hunger,50,4,12,3,0
40000,hunger,50,8,8,1,0
40000,hunger,50,16,12,1,0
40000,hunger,50,16,16,1,0
40000,hunger,50,16,20,3,0
40000,hunger,50,16,24,12,0
40000,hunger,50,16,28,78,0
40000,hunger,50,16,32,1,0
40000,hunger,50,16,36,1,0
40000,hunger,50,16,48,1,0
40000,hunger,50,20,24,1,0
40000,hunger,50,20,48,1,0
40000,hunger,50,24,24,19,0
40000,hunger,50,24,28,4,0
40000,hunger,50,24,32,18,0
40000,hunger,50,24,36,17,0
40000,hunger,50,24,40,24,0
40000,hunger,50,24,44,89,0
40000,hunger,50,24,48,511,0
40000,hunger,50,24,52,11,1
40000,hunger,50,24,56,5,0
40000,hunger,50,24,60,4,0
40000,hunger,50,24,64,1,0
40000,hunger,50,24,80,1,0
40000,hunger,50,28,32,1,0
40000,hunger,50,28,40,1,0
40000,hunger,50,28,48,1,0
40000,hunger,50,28,100,1,0
40000,hunger,50,32,44,2,0
40000,hunger,50,32,60,1,0
40000,hunger,50,36,32,2,0
40000,hunger,50,36,40,3,0
40000,hunger,50,36,44,5,1
40000,hunger,50,36,48,4,0
40000,hunger,50,36,52,6,0
40000,hunger,50,36,56,11,0
40000,hunger,50,36,60,6,0
40000,hunger,50,36,64,21,0
40000,hunger,50,36,68,190,0
40000,hunger,50,36,72,10,0
40000,hunger,50,36,76,6,0
40000,hunger,50,36,80,7,0
40000,hunger,50,36,84,4,0
40000,hunger,50,36,88,3,0
40000,hunger,50,36,96,1,0
40000,hunger,50,36,104,1,0
40000,hunger,50,44,80,1,0
40000,hunger,50,48,44,1,0
40000,hunger,50,48,52,1,0
40000,hunger,50,48,56,1,0
40000,hunger,50,48,64,1,0
40000,hunger,50,48,76,2,0
40000,hunger,50,48,84,2,0
40000,hunger,50,48,88,3,0
40000,hunger,50,48,92,11,0
40000,hunger,50,48,96,34,1
40000,hunger,50,48,100,2,0
40000,hunger,50,48,104,4,0
40000,hunger,50,48,112,1,0
40000,hunger,50,48,124,1,0
40000,hunger,50,48,128,1,0
40000,hunger,50,48,160,1,0
40000,hunger,50,64,72,1,0
40000,hunger,50,64,80,1,0
40000,hunger,50,64,112,2,0
40000,hunger,50,64,124,12,0
40000,hunger,50,64,136,1,0
40000,hunger,50,64,140,1,0
40000,hunger,50,80,168,1,0
40000,hunger,50,100,156,1,0
40000,hunger,100,0,4,1,0
40000,hunger,100,4,4,3,0
40000,hunger,100,8,12,1,0
40000,hunger,100,8,24,2,0
40000,hunger,100,12,20,4,1
40000,hunger,100,12,24,1,0
40000,hunger,100,16,16,2,0
40000,hunger,100,16,20,7,0
40000,hunger,100,16,24,8,0
40000,hunger,100,16,28,101,0
40000,hunger,100,16,32,11,0
40000,hunger,100,16,36,3,0
40000,hunger,100,16,44,2,0
40000,hunger,100,16,56,1,0
40000,hunger,100,16,60,1,0
40000,hunger,100,20,40,2,0
40000,hunger,100,20,44,1,0
40000,hunger,100,24,20,1,0
40000,hunger,100,24,24,8,0
40000,hunger,100,24,28,6,0
40000,hunger,100,24,32,25,0
40000,hunger,100,24,36,30,0
40000,hunger,100,24,40,49,0
40000,hunger,100,24,44,129,0
40000,hunger,100,24,48,878,1
40000,hunger,100,24,52,24,0
40000,hunger,100,24,56,13,0
40000,hunger,100,24,60,7,0
40000,hunger,100,24,64,2,0
40000,hunger,100,24,68,2,0
40000,hunger,100,24,72,1,0
40000,hunger,100,24,80,4,0
40000,hunger,100,24,84,3,0
40000,hunger,100,24,88,2,0
40000,hunger,100,24,92,3,0
40000,hunger,100,24,96,2,0
40000,hunger,100,32,48,1,0
40000,hunger,100,32,52,1,0
40000,hunger,100,32,56,1,0
40000,hunger,100,32,60,1,0
40000,hunger,100,32,80,1,0
40000,hunger,100,32,136,1,0
40000,hunger,100,36,40,1,0
40000,hunger,100,36,44,1,0
40000,hunger,100,36,48,2,0
40000,hunger,100,36,52,16,0
40000,hunger,100,36,56,22,0
40000,hunger,100,36,60,18,0
40000,hunger,100,36,64,21,0
40000,hunger,100,36,68,153,0
40000,hunger,100,36,72,7,0
40000,hunger,100,36,76,1,0
40000,hunger,100,36,88,1,0
40000,hunger,100,36,96,1,0
40000,hunger,100,36,100,2,0
40000,hunger,100,36,104,4,0
40000,hunger,100,36,108,1,0
40000,hunger,100,36,112,2,0
40000,hunger,100,36,116,1,0
40000,hunger,100,36,120,3,1
40000,hunger,100,36,140,2,0
40000,hunger,100,40,76,1,0
40000,hunger,100,44,68,1,0
40000,hunger,100,48,56,3,0
40000,hunger,100,48,68,2,0
40000,hunger,100,48,72,1,0
40000,hunger,100,48,76,1,0
40000,hunger,100,48,80,2,0
40000,hunger,100,48,84,5,0
40000,hunger,100,48,88,5,0
40000,hunger,100,48,92,8,0
40000,hunger,100,48,96,24,0
40000,hunger,100,48,108,1,0
40000,hunger,100,48,136,2,0
40000,hunger,100,48,184,1,0
40000,hunger,100,48,192,1,0
40000,hunger,100,64,72,1,0
40000,hunger,100,64,76,2,0
40000,hunger,100,64,100,1,0
40000,hunger,100,64,104,2,0
40000,hunger,100,64,124,6,0
40000,hunger,100,64,128,1,0
40000,hunger,100,80,100,1,0
40000,hunger,100,80,156,2,0
40000,hunger,100,80,184,1,0
40000,hunger,100,100,212,1,0
40000,hunger,150,4,8,1,0
40000,hunger,150,4,12,1,0
40000,hunger,150,12,20,1,0
40000,hunger,150,12,24,2,0
40000,hunger,150,16,20,2,0
40000,hunger,150,16,24,9,0
40000,hunger,150,16,28,67,0
40000,hunger,150,16,32,2,0
40000,hunger,150,16,36,3,0
40000,hunger,150,16,40,5,0
40000,hunger,150,16,48,1,0
40000,hunger,150,16,60,1,0
40000,hunger,150,20,40,1,0
40000,hunger,150,24,24,2,0
40000,hunger,150,24,28,3,0
40000,hunger,150,24,32,14,0
40000,hunger,150,24,36,19,0
40000,hunger,150,24,40,44,0
40000,hunger,150,24,44,140,0
40000,hunger,150,24,48,685,2
40000,hunger,150,24,52,30,1
40000,hunger,150,24,56,12,0
40000,hunger,150,24,60,8,0
40000,hunger,150,24,64,2,0
40000,hunger,150,24,68,2,0
40000,hunger,150,24,72,3,0
40000,hunger,150,24,76,2,0
40000,hunger,150,24,80,2,0
40000,hunger,150,24,88,1,0
40000,hunger,150,24,92,1,0
40000,hunger,150,28,40,1,0
40000,hunger,150,32,48,1,0
40000,hunger,150,32,52,1,0
40000,hunger,150,36,36,1,0
40000,hunger,150,36,40,2,0
40000,hunger,150,36,48,9,0
40000,hunger,150,36,52,14,0
40000,hunger,150,36,56,21,0
40000,hunger,150,36,60,11,0
40000,hunger,150,36,64,22,1
40000,hunger,150,36,68,147,1
40000,hunger,150,36,72,6,0
40000,hunger,150,36,76,4,0
40000,hunger,150,36,80,3,0
40000,hunger,150,36,88,2,0
40000,hunger,150,36,100,1,0
40000,hunger,150,36,104,1,0
40000,hunger,150,36,112,1,0
40000,hunger,150,40,64,1,0
40000,hunger,150,44,64,1,0
40000,hunger,150,48,44,1,0
40000,hunger,150,48,60,1,0
40000,hunger,150,48,64,1,0
40000,hunger,150,48,68,3,0
40000,hunger,150,48,72,3,0
40000,hunger,150,48,76,3,0
40000,hunger,150,48,80,3,0
40000,hunger,150,48,84,2,0
40000,hunger,150,48,88,9,0
40000,hunger,150,48,92,7,0
40000,hunger,150,48,96,29,0
40000,hunger,150,64,96,2,0
40000,hunger,150,64,100,1,0
40000,hunger,150,64,116,3,0
40000,hunger,150,64,124,9,0
40000,hunger,150,80,148,1,0
40000,hunger,150,120,148,1,0
40000,hunger,200,4,8,1,0
40000,hunger,200,8,16,2,0
40000,hunger,200,8,24,2,0
40000,hunger,200,12,28,1,0
40000,hunger,200,16,20,5,0
40000,hunger,200,16,24,4,0
40000,hunger,200,16,28,83,0
40000,hunger,200,16,32,3,0
40000,hunger,200,16,36,3,0
40000,hunger,200,16,52,2,0
40000,hunger,200,20,24,2,0
40000,hunger,200,20,36,1,0
40000,hunger,200,20,40,2,0
40000,hunger,200,24,24,1,0
40000,hunger,200,24,28,2,0
40000,hunger,200,24,32,11,1
40000,hunger,200,24,36,22,0
40000,hunger,200,24,40,52,1
40000,hunger,200,24,44,130,1
40000,hunger,200,24,48,725,7
40000,hunger,200,24,52,15,0
40000,hunger,200,24,56,8,0
40000,hunger,200,24,60,5,0
40000,hunger,200,24,64,1,0
40000,hunger,200,24,68,1,0
40000,hunger,200,24,72,1,0
40000,hunger,200,24,80,1,0
40000,hunger,200,24,88,1,0
40000,hunger,200,36,40,2,0
40000,hunger,200,36,44,5,0
40000,hunger,200,36,48,6,0
40000,hunger,200,36,52,12,0
40000,hunger,200,36,56,37,0
40000,hunger,200,36,60,14,0
40000,hunger,200,36,64,22,0
40000,hunger,200,36,68,164,2
40000,hunger,200,36,72,8,0
40000,hunger,200,36,76,2,0
40000,hunger,200,36,80,2,0
40000,hunger,200,36,84,1,0
40000,hunger,200,36,88,1,0
40000,hunger,200,36,136,1,0
40000,hunger,200,44,76,1,0
40000,hunger,200,48,44,1,0
40000,hunger,200,48,56,2,0
40000,hunger,200,48,64,1,0
40000,hunger,200,48,72,1,0
40000,hunger,200,48,76,2,0
40000,hunger,200,48,80,5,0
40000,hunger,200,48,84,8,0
40000,hunger,200,48,88,5,0
40000,hunger,200,48,92,9,0
40000,hunger,200,48,96,31,0
40000,hunger,200,48,100,1,0
40000,hunger,200,48,120,2,1
40000,hunger,200,48,128,1,0
40000,hunger,200,64,84,1,0
40000,hunger,200,64,96,3,0
40000,hunger,200,64,100,5,0
40000,hunger,200,64,104,1,0
40000,hunger,200,64,112,1,0
40000,hunger,200,64,116,3,0
40000,hunger,200,64,120,3,0
40000,hunger,200,64,124,1,0
40000,hunger,200,64,164,1,0
40000,hunger,200,80,116,1,0
40000,hunger,200,80,128,1,0
40000,hunger,200,80,152,1,0
40000,hunger,200,80,156,1,0
40000,hunger,200,120,160,1,0
40000,hunger,250,4,12,1,0
40000,hunger,250,8,24,1,0
40000,hunger,250,16,16,1,0
40000,hunger,250,16,20,2,0
40000,hunger,250,16,24,7,0
40000,hunger,250,16,28,65,1
40000,hunger,250,16,32,3,0
40000,hunger,250,16,40,1,0
40000,hunger,250,16,56,1,0
40000,hunger,250,20,36,3,0
40000,hunger,250,24,28,1,0
40000,hunger,250,24,32,8,0
40000,hunger,250,24,36,19,2
40000,hunger,250,24,40,44,1
40000,hunger,250,24,44,151,4
40000,hunger,250,24,48,700,9
40000,hunger,250,24,52,25,1
40000,hunger,250,24,56,8,0
40000,hunger,250,24,60,8,0
40000,hunger,250,24,64,3,0
40000,hunger,250,24,68,2,0
40000,hunger,250,24,72,1,0
40000,hunger,250,24,84,1,0
40000,hunger,250,24,96,1,0
40000,hunger,250,28,40,1,1
40000,hunger,250,28,44,2,0
40000,hunger,250,28,48,1,0
40000,hunger,250,28,60,1,0
40000,hunger,250,32,44,4,0
40000,hunger,250,32,52,3,0
40000,hunger,250,36,36,2,0
40000,hunger,250,36,40,3,0
40000,hunger,250,36,44,1,0
40000,hunger,250,36,48,12,0
40000,hunger,250,36,52,7,0
40000,hunger,250,36,56,33,1
40000,hunger,250,36,60,15,0
40000,hunger,250,36,64,24,0
40000,hunger,250,36,68,131,1
40000,hunger,250,36,72,6,0
40000,hunger,250,36,76,3,0
40000,hunger,250,36,80,1,0
40000,hunger,250,36,84,3,0
40000,hunger,250,36,92,2,0
40000,hunger,250,36,100,2,0
40000,hunger,250,36,108,1,0
40000,hunger,250,36,132,1,0
40000,hunger,250,44,76,2,0
40000,hunger,250,48,56,1,0
40000,hunger,250,48,60,1,0
40000,hunger,250,48,64,1,0
40000,hunger,250,48,68,3,0
40000,hunger,250,48,72,3,0
40000,hunger,250,48,80,4,0
40000,hunger,250,48,84,11,0
40000,hunger,250,48,88,12,0
40000,hunger,250,48,92,11,1
40000,hunger,250,48,96,30,1
40000,hunger,250,48,100,2,0
40000,hunger,250,48,116,1,0
40000,hunger,250,48,164,1,0
40000,hunger,250,64,72,1,0
40000,hunger,250,64,88,1,0
40000,hunger,250,64,92,2,0
40000,hunger,250,64,96,1,0
40000,hunger,250,64,100,5,0
40000,hunger,250,64,104,3,0
40000,hunger,250,64,108,4,0
40000,hunger,250,64,112,1,0
40000,hunger,250,64,124,3,0
40000,hunger,250,80,132,2,0
40000,hunger,250,80,140,2,0
40000,hunger,250,80,148,1,0
40000,hunger,250,80,152,1,0
40000,hunger,250,80,160,1,0
40000,hunger,250,100,212,1,0
40000,hunger,250,120,148,1,0
40000,hunger,250,120,156,1,0
40000,hunger,300,4,4,1,0
40000,hunger,300,8,24,1,0
40000,hunger,300,12,24,4,0
40000,hunger,300,16,24,2,0
40000,hunger,300,16,28,51,0
40000,hunger,300,16,32,3,0
40000,hunger,300,16,36,1,0
40000,hunger,300,16,40,1,0
40000,hunger,300,16,44,1,0
40000,hunger,300,20,40,2,0
40000,hunger,300,24,28,3,0
40000,hunger,300,24,32,4,0
40000,hunger,300,24,36,15,0
40000,hunger,300,24,40,26,0
40000,hunger,300,24,44,117,1
40000,hunger,300,24,48,559,2
40000,hunger,300,24,52,24,0
40000,hunger,300,24,56,13,0
40000,hunger,300,24,60,4,0
40000,hunger,300,24,64,5,0
40000,hunger,300,24,68,1,0
40000,hunger,300,24,76,1,0
40000,hunger,300,24,80,1,0
40000,hunger,300,28,44,1,0
40000,hunger,300,28,56,1,0
40000,hunger,300,32,44,3,0
40000,hunger,300,32,60,1,1
40000,hunger,300,32,68,1,0
40000,hunger,300,36,40,1,0
40000,hunger,300,36,44,2,0
40000,hunger,300,36,48,10,0
40000,hunger,300,36,52,10,0
40000,hunger,300,36,56,30,2
40000,hunger,300,36,60,14,0
40000,hunger,300,36,64,28,0
40000,hunger,300,36,68,116,1
40000,hunger,300,36,72,3,0
40000,hunger,300,36,76,5,0
40000,hunger,300,36,80,4,0
40000,hunger,300,36,84,2,0
40000,hunger,300,36,88,1,0
40000,hunger,300,36,96,2,0
40000,hunger,300,36,108,1,0
40000,hunger,300,48,44,1,0
40000,hunger,300,48,56,1,0
40000,hunger,300,48,68,2,0
40000,hunger,300,48,72,1,0
40000,hunger,300,48,76,3,0
40000,hunger,300,48,80,7,0
40000,hunger,300,48,84,7,0
40000,hunger,300,48,88,19,0
40000,hunger,300,48,92,9,0
40000,hunger,300,48,96,14,0
40000,hunger,300,48,100,1,0
40000,hunger,300,48,112,1,0
40000,hunger,300,48,120,2,0
40000,hunger,300,48,128,1,0
40000,hunger,300,60,100,1,0
40000,hunger,300,64,76,3,0
40000,hunger,300,64,88,1,0
40000,hunger,300,64,96,3,0
40000,hunger,300,64,100,14,0
40000,hunger,300,64,104,2,1
40000,hunger,300,64,108,3,0
40000,hunger,300,64,112,2,0
40000,hunger,300,64,116,3,0
40000,hunger,300,64,120,3,0
40000,hunger,300,64,124,7,0
40000,hunger,300,80,112,1,0
40000,hunger,300,80,140,1,0
40000,hunger,300,80,156,1,0
40000,hunger,300,100,184,1,0
40000,hunger,300,100,192,1,0
40000,hunger,300,120,148,1,0
40000,hunger,350,4,4,1,0
40000,hunger,350,12,24,1,0
40000,hunger,350,12,28,1,0
40000,hunger,350,16,20,2,0
40000,hunger,350,16,24,2,0
40000,hunger,350,16,28,42,0
40000,hunger,350,16,36,3,0
40000,hunger,350,16,48,1,0
40000,hunger,350,16,52,1,0
40000,hunger,350,20,36,2,0
40000,hunger,350,20,40,1,0
40000,hunger,350,20,48,1,0
40000,hunger,350,24,28,1,0
40000,hunger,350,24,32,8,0
40000,hunger,350,24,36,5,0
40000,hunger,350,24,40,23,0
40000,hunger,350,24,44,72,3
40000,hunger,350,24,48,460,7
40000,hunger,350,24,52,19,0
40000,hunger,350,24,56,13,1
40000,hunger,350,24,60,5,0
40000,hunger,350,24,64,3,0
40000,hunger,350,24,68,3,0
40000,hunger,350,24,72,1,0
40000,hunger,350,24,88,1,0
40000,hunger,350,24,92,1,0
40000,hunger,350,28,40,1,0
40000,hunger,350,32,64,1,0
40000,hunger,350,36,48,7,0
40000,hunger,350,36,52,5,0
40000,hunger,350,36,56,19,0
40000,hunger,350,36,60,11,0
40000,hunger,350,36,64,25,0
40000,hunger,350,36,68,115,3
40000,hunger,350,36,72,5,0
40000,hunger,350,36,76,2,0
40000,hunger,350,36,80,1,0
40000,hunger,350,36,84,5,0
40000,hunger,350,36,88,1,0
40000,hunger,350,36,100,1,0
40000,hunger,350,40,56,1,0
40000,hunger,350,48,72,3,0
40000,hunger,350,48,76,2,0
40000,hunger,350,48,80,5,1
40000,hunger,350,48,84,14,0
40000,hunger,350,48,88,12,1
40000,hunger,350,48,92,8,0
40000,hunger,350,48,96,17,0
40000,hunger,350,48,112,1,0
40000,hunger,350,52,88,1,0
40000,hunger,350,64,76,1,0
40000,hunger,350,64,100,5,0
40000,hunger,350,64,108,3,0
40000,hunger,350,64,112,1,0
40000,hunger,350,64,116,3,0
40000,hunger,350,64,120,2,0
40000,hunger,350,64,124,3,0
40000,hunger,350,72,116,1,0
40000,hunger,350,80,112,1,0
40000,hunger,350,80,124,1,0
40000,hunger,350,80,128,1,0
40000,hunger,350,80,136,1,0
40000,hunger,350,80,140,1,0
40000,hunger,350,80,144,1,0
40000,hunger,350,80,148,1,0
40000,hunger,350,80,152,2,0
40000,hunger,350,80,184,1,0
40000,hunger,350,100,184,1,0
40000,hunger,350,100,188,1,0
40000,hunger,350,120,148,1,0
40000,hunger,350,120,156,1,0
40000,hunger,350,120,160,1,0
40000,hunger,400,12,24,1,0
40000,hunger,400,12,44,1,0
40000,hunger,400,16,16,2,0
40000,hunger,400,16,20,2,0
40000,hunger,400,16,24,1,0
40000,hunger,400,16,28,22,0
40000,hunger,400,16,32,2,0
40000,hunger,400,16,36,1,0
40000,hunger,400,20,40,2,0
40000,hunger,400,24,28,2,0
40000,hunger,400,24,32,5,0
40000,hunger,400,24,36,7,0
40000,hunger,400,24,40,15,0
40000,hunger,400,24,44,62,2
40000,hunger,400,24,48,395,4
40000,hunger,400,24,52,18,0
40000,hunger,400,24,56,8,0
40000,hunger,400,24,60,6,0
40000,hunger,400,24,64,7,0
40000,hunger,400,24,68,3,1
40000,hunger,400,24,92,1,0
40000,hunger,400,28,40,2,0
40000,hunger,400,28,44,1,0
40000,hunger,400,28,56,1,0
40000,hunger,400,36,44,1,0
40000,hunger,400,36,48,3,0
40000,hunger,400,36,52,4,0
40000,hunger,400,36,56,4,0
40000,hunger,400,36,60,12,2
40000,hunger,400,36,64,14,1
40000,hunger,400,36,68,107,0
40000,hunger,400,36,72,5,0
40000,hunger,400,36,76,3,0
40000,hunger,400,36,80,1,0
40000,hunger,400,36,88,3,0
40000,hunger,400,36,108,1,0
40000,hunger,400,48,72,1,0
40000,hunger,400,48,80,2,0
40000,hunger,400,48,84,2,0
40000,hunger,400,48,88,6,0
40000,hunger,400,48,92,7,1
40000,hunger,400,48,96,17,0
40000,hunger,400,48,100,1,0
40000,hunger,400,48,104,1,0
40000,hunger,400,48,124,1,0
40000,hunger,400,64,100,2,0
40000,hunger,400,64,108,2,1
40000,hunger,400,64,112,1,0
40000,hunger,400,64,116,3,0
40000,hunger,400,64,120,1,0
40000,hunger,400,64,124,9,0
40000,hunger,400,80,140,2,0
40000,hunger,400,80,144,1,0
40000,hunger,400,80,152,1,0
40000,hunger,400,80,156,1,0
40000,hunger,400,120,156,2,0
40000,hunger,450,16,20,1,0
40000,hunger,450,16,24,3,0
40000,hunger,450,16,28,24,0
40000,hunger,450,16,32,1,0
40000,hunger,450,16,36,1,0
40000,hunger,450,24,32,5,0
40000,hunger,450,24,36,1,0
40000,hunger,450,24,40,12,1
40000,hunger,450,24,44,50,1
40000,hunger,450,24,48,261,8
40000,hunger,450,24,52,11,0
40000,hunger,450,24,56,5,0
40000,hunger,450,24,60,4,0
40000,hunger,450,24,64,1,0
40000,hunger,450,24,68,3,0
40000,hunger,450,24,72,2,0
40000,hunger,450,24,84,1,0
40000,hunger,450,28,40,1,0
40000,hunger,450,28,100,1,0
40000,hunger,450,32,96,1,0
40000,hunger,450,36,44,1,0
40000,hunger,450,36,48,3,0
40000,hunger,450,36,52,4,1
40000,hunger,450,36,56,5,0
40000,hunger,450,36,60,5,0
40000,hunger,450,36,64,14,0
40000,hunger,450,36,68,69,0
40000,hunger,450,36,72,7,0
40000,hunger,450,36,76,4,0
40000,hunger,450,36,80,3,0
40000,hunger,450,36,88,1,0
40000,hunger,450,36,96,1,0
40000,hunger,450,36,100,1,0
40000,hunger,450,36,116,1,0
40000,hunger,450,48,76,1,0
40000,hunger,450,48,80,2,0
40000,hunger,450,48,84,2,0
40000,hunger,450,48,88,5,1
40000,hunger,450,48,92,6,0
40000,hunger,450,48,96,11,0
40000,hunger,450,48,112,2,0
40000,hunger,450,48,116,1,0
40000,hunger,450,48,120,1,0
40000,hunger,450,64,100,4,1
40000,hunger,450,64,108,2,0
40000,hunger,450,64,116,2,0
40000,hunger,450,64,124,2,1
40000,hunger,450,80,124,1,0
40000,hunger,450,80,132,1,0
40000,hunger,450,80,136,1,1
40000,hunger,450,80,140,2,0
40000,hunger,450,80,144,1,0
40000,hunger,450,80,152,1,0
40000,hunger,450,80,156,1,0
40000,hunger,450,80,180,1,0
40000,hunger,450,100,192,1,0
40000,hunger,450,168,292,1,0
40000,hunger,500,8,16,1,0
40000,hunger,500,16,24,1,0
40000,hunger,500,16,28,14,0
40000,hunger,500,16,52,1,0
40000,hunger,500,20,24,1,0
40000,hunger,500,20,36,1,0
40000,hunger,500,20,40,1,0
40000,hunger,500,20,48,1,0
40000,hunger,500,24,24,1,0
40000,hunger,500,24,32,3,1
40000,hunger,500,24,36,4,0
40000,hunger,500,24,40,4,1
40000,hunger,500,24,44,31,0
40000,hunger,500,24,48,242,5
40000,hunger,500,24,52,12,0
40000,hunger,500,24,56,3,0
40000,hunger,500,24,60,2,0
40000,hunger,500,24,64,2,0
40000,hunger,500,24,68,3,0
40000,hunger,500,24,72,1,0
40000,hunger,500,32,60,2,0
40000,hunger,500,32,72,1,0
40000,hunger,500,36,52,3,0
40000,hunger,500,36,56,2,0
40000,hunger,500,36,60,8,0
40000,hunger,500,36,64,10,0
40000,hunger,500,36,68,59,2
40000,hunger,500,36,72,3,0
40000,hunger,500,36,76,1,0
40000,hunger,500,36,104,1,0
40000,hunger,500,48,56,1,0
40000,hunger,500,48,80,1,0
40000,hunger,500,48,84,1,0
40000,hunger,500,48,88,9,0
40000,hunger,500,48,92,4,1
40000,hunger,500,48,96,15,0
40000,hunger,500,48,100,1,0
40000,hunger,500,48,128,1,0
40000,hunger,500,64,100,1,0
40000,hunger,500,64,104,1,0
40000,hunger,500,64,108,1,0
40000,hunger,500,64,112,1,0
40000,hunger,500,64,120,2,0
40000,hunger,500,64,124,2,0
40000,hunger,500,80,144,1,0
40000,hunger,500,120,156,1,0
40000,hunger,550,16,24,1,0
40000,hunger,550,16,28,13,1
40000,hunger,550,16,48,1,0
40000,hunger,550,20,36,1,0
40000,hunger,550,24,32,2,0
40000,hunger,550,24,36,5,0
40000,hunger,550,24,40,4,0
40000,hunger,550,24,44,25,1
40000,hunger,550,24,48,199,3
40000,hunger,550,24,52,5,0
40000,hunger,550,24,56,4,0
40000,hunger,550,24,60,2,0
40000,hunger,550,24,64,2,0
40000,hunger,550,24,68,1,0
40000,hunger,550,36,52,1,1
40000,hunger,550,36,56,6,0
40000,hunger,550,36,60,3,0
40000,hunger,550,36,64,2,0
40000,hunger,550,36,68,27,0
40000,hunger,550,36,72,2,0
40000,hunger,550,36,76,3,0
40000,hunger,550,36,84,2,0
40000,hunger,550,36,88,1,0
40000,hunger,550,36,92,1,0
40000,hunger,550,36,96,1,1
40000,hunger,550,36,104,1,0
40000,hunger,550,48,76,2,0
40000,hunger,550,48,84,2,0
40000,hunger,550,48,88,5,0
40000,hunger,550,48,92,5,0
40000,hunger,550,48,96,12,0
40000,hunger,550,48,100,2,0
40000,hunger,550,48,108,1,0
40000,hunger,550,64,116,4,0
40000,hunger,550,64,124,2,1
40000,hunger,600,16,24,2,0
40000,hunger,600,16,28,8,0
40000,hunger,600,16,44,1,0
40000,hunger,600,16,56,1,0
40000,hunger,600,20,36,2,0
40000,hunger,600,24,40,2,0
40000,hunger,600,24,44,26,1
40000,hunger,600,24,48,153,4
40000,hunger,600,24,52,1,0
40000,hunger,600,24,56,4,0
40000,hunger,600,24,64,1,0
40000,hunger,600,24,68,1,1
40000,hunger,600,24,72,1,0
40000,hunger,600,24,76,1,0
40000,hunger,600,28,72,1,0
40000,hunger,600,32,60,1,0
40000,hunger,600,36,56,1,0
40000,hunger,600,36,64,3,0
40000,hunger,600,36,68,34,3
40000,hunger,600,36,72,1,0
40000,hunger,600,36,76,3,0
40000,hunger,600,36,84,3,1
40000,hunger,600,48,80,2,0
40000,hunger,600,48,88,3,0
40000,hunger,600,48,92,1,0
40000,hunger,600,48,96,11,0
40000,hunger,600,48,108,1,0
40000,hunger,600,56,136,1,0
40000,hunger,600,64,100,1,0
40000,hunger,600,64,116,1,0
40000,hunger,600,64,124,2,0
40000,hunger,600,64,156,1,0
40000,hunger,650,12,24,1,0
40000,hunger,650,16,28,8,0
40000,hunger,650,16,32,1,1
40000,hunger,650,24,36,1,0
40000,hunger,650,24,40,5,0
40000,hunger,650,24,44,24,1
40000,hunger,650,24,48,118,2
40000,hunger,650,24,52,7,0
40000,hunger,650,24,56,3,0
40000,hunger,650,24,60,5,0
40000,hunger,650,24,64,1,0
40000,hunger,650,24,68,2,0
40000,hunger,650,36,48,1,0
40000,hunger,650,36,60,1,0
40000,hunger,650,36,64,3,0
40000,hunger,650,36,68,33,1
40000,hunger,650,36,72,1,0
40000,hunger,650,36,76,1,0
40000,hunger,650,36,80,1,0
40000,hunger,650,36,84,1,0
40000,hunger,650,36,108,1,0
40000,hunger,650,36,112,1,0
40000,hunger,650,48,84,1,0
40000,hunger,650,48,88,4,0
40000,hunger,650,48,92,3,0
40000,hunger,650,48,96,8,1
40000,hunger,650,48,104,1,0
40000,hunger,650,64,124,1,0
40000,hunger,650,80,152,1,0
40000,hunger,650,80,156,1,0
40000,hunger,700,16,28,8,0
40000,hunger,700,24,32,1,0
40000,hunger,700,24,40,5,0
40000,hunger,700,24,44,12,0
40000,hunger,700,24,48,116,4
40000,hunger,700,24,52,2,0
40000,hunger,700,24,56,1,0
40000,hunger,700,24,60,1,0
40000,hunger,700,24,72,1,0
40000,hunger,700,24,80,1,0
40000,hunger,700,36,60,3,0
40000,hunger,700,36,64,3,0
40000,hunger,700,36,68,16,3
40000,hunger,700,36,72,2,0
40000,hunger,700,36,84,1,0
40000,hunger,700,36,104,1,0
40000,hunger,700,36,112,1,0
40000,hunger,700,48,88,3,0
40000,hunger,700,48,92,3,0
40000,hunger,700,48,96,3,0
40000,hunger,700,48,100,1,0
40000,hunger,700,48,120,2,0
40000,hunger,700,48,124,1,0
40000,hunger,700,64,124,1,0
40000,hunger,700,64,132,1,1
40000,hunger,700,64,136,1,0
40000,hunger,700,64,148,1,0
40000,hunger,700,100,216,1,0
40000,hunger,750,16,28,3,0
40000,hunger,750,16,36,1,0
40000,hunger,750,24,36,2,1
40000,hunger,750,24,40,3,0
40000,hunger,750,24,44,14,0
40000,hunger,750,24,48,99,2
40000,hunger,750,24,52,7,1
40000,hunger,750,24,56,2,0
40000,hunger,750,24,60,2,0
40000,hunger,750,24,68,1,0
40000,hunger,750,24,76,1,0
40000,hunger,750,32,96,1,0
40000,hunger,750,32,104,1,0
40000,hunger,750,36,52,1,1
40000,hunger,750,36,56,1,0
40000,hunger,750,36,60,1,0
40000,hunger,750,36,64,4,0
40000,hunger,750,36,68,23,4
40000,hunger,750,36,72,2,0
40000,hunger,750,36,84,1,0
40000,hunger,750,36,88,1,0
40000,hunger,750,36,92,1,0
40000,hunger,750,36,104,1,0
40000,hunger,750,48,84,1,0
40000,hunger,750,48,88,1,0
40000,hunger,750,48,96,4,0
40000,hunger,750,48,120,1,0
40000,hunger,750,64,112,1,0
40000,hunger,750,64,116,2,0
40000,hunger,750,80,156,1,0
40000,hunger,800,16,28,8,0
40000,hunger,800,24,40,3,1
40000,hunger,800,24,44,16,0
40000,hunger,800,24,48,98,4
40000,hunger,800,24,52,6,0
40000,hunger,800,24,56,1,0
40000,hunger,800,24,60,3,1
40000,hunger,800,24,64,1,0
40000,hunger,800,24,68,1,0
40000,hunger,800,36,52,2,1
40000,hunger,800,36,64,5,0
40000,hunger,800,36,68,9,1
40000,hunger,800,36,72,1,0
40000,hunger,800,36,80,1,1
40000,hunger,800,36,84,1,0
40000,hunger,800,36,96,1,0
40000,hunger,800,36,104,1,0
40000,hunger,800,48,92,2,0
40000,hunger,800,48,96,3,1
40000,hunger,800,64,124,1,0
40000,hunger,800,80,140,1,0
40000,hunger,850,16,24,1,0
40000,hunger,850,16,28,4,2
40000,hunger,850,24,44,14,1
40000,hunger,850,24,48,78,7
40000,hunger,850,24,64,1,0
40000,hunger,850,24,76,1,0
40000,hunger,850,32,60,1,0
40000,hunger,850,36,52,1,0
40000,hunger,850,36,64,4,1
40000,hunger,850,36,68,11,0
40000,hunger,850,36,72,1,0
40000,hunger,850,36,76,1,0
40000,hunger,850,36,96,1,0
40000,hunger,850,36,108,1,0
40000,hunger,850,48,56,1,0
40000,hunger,850,48,84,1,0
40000,hunger,850,48,88,1,0
40000,hunger,850,48,96,1,0
40000,hunger,850,64,108,1,0
40000,hunger,850,64,116,3,0
40000,hunger,850,64,128,1,0
40000,hunger,850,100,284,1,0
40000,hunger,900,12,28,1,0
40000,hunger,900,16,28,4,0
40000,hunger,900,24,36,1,0
40000,hunger,900,24,40,3,0
40000,hunger,900,24,44,9,1
40000,hunger,900,24,48,70,7
40000,hunger,900,24,52,2,0
40000,hunger,900,24,56,3,0
40000,hunger,900,24,60,1,0
40000,hunger,900,24,64,2,0
40000,hunger,900,24,68,2,0
40000,hunger,900,24,88,1,0
40000,hunger,900,36,56,1,0
40000,hunger,900,36,64,3,0
40000,hunger,900,36,68,14,1
40000,hunger,900,36,76,1,0
40000,hunger,900,36,104,1,0
40000,hunger,900,48,84,1,0
40000,hunger,900,48,88,1,0
40000,hunger,900,48,96,1,0
40000,hunger,900,48,120,1,0
40000,hunger,950,16,24,2,0
40000,hunger,950,16,28,2,1
40000,hunger,950,24,40,2,0
40000,hunger,950,24,44,6,1
40000,hunger,950,24,48,68,3
40000,hunger,950,24,52,3,1
40000,hunger,950,24,60,1,0
40000,hunger,950,24,64,1,0
40000,hunger,950,24,96,1,0
40000,hunger,950,32,84,1,0
40000,hunger,950,36,64,2,0
40000,hunger,950,36,68,9,1
40000,hunger,950,48,76,1,1
40000,hunger,950,48,88,2,0
40000,hunger,950,48,92,1,0
40000,hunger,950,64,100,1,1
40000,hunger,1000,16,28,1,0
40000,hunger,1000,24,40,2,0
40000,hunger,1000,24,44,8,0
40000,hunger,1000,24,48,38,2
40000,hunger,1000,24,52,4,0
40000,hunger,1000,24,60,1,0
40000,hunger,1000,24,76,1,0
40000,hunger,1000,36,64,3,0
40000,hunger,1000,36,68,6,1
40000,hunger,1000,36,84,1,0
40000,hunger,1000,48,88,2,0
40000,hunger,1000,48,96,2,0
40000,hunger,1000,100,192,1,0
40000,hunger,1050,16,28,2,0
40000,hunger,1050,24,40,1,0
40000,hunger,1050,24,44,5,2
40000,hunger,1050,24,48,51,7
40000,hunger,1050,24,64,1,0
40000,hunger,1050,36,60,1,0
40000,hunger,1050,36,64,2,0
40000,hunger,1050,36,68,7,0
40000,hunger,1050,36,84,1,0
40000,hunger,1050,36,96,1,0
40000,hunger,1050,64,116,1,0
40000,hunger,1100,16,28,2,1
40000,hunger,1100,24,40,2,0
40000,hunger,1100,24,44,7,0
40000,hunger,1100,24,48,39,4
40000,hunger,1100,24,52,3,0
40000,hunger,1100,24,60,1,0
40000,hunger,1100,24,64,1,1
40000,hunger,1100,36,60,1,0
40000,hunger,1100,36,64,2,0
40000,hunger,1100,36,68,8,1
40000,hunger,1100,36,80,1,0
40000,hunger,1100,48,84,1,0
40000,hunger,1100,48,96,2,0
40000,hunger,1100,48,120,1,0
40000,hunger,1100,64,116,1,0
40000,hunger,1100,64,124,1,0
40000,hunger,1100,100,192,1,1
40000,hunger,1150,20,32,1,1
40000,hunger,1150,24,44,5,0
40000,hunger,1150,24,48,45,7
40000,hunger,1150,24,52,2,1
40000,hunger,1150,24,60,1,0
40000,hunger,1150,24,64,2,0
40000,hunger,1150,28,72,1,0
40000,hunger,1150,36,64,2,0
40000,hunger,1150,36,68,5,2
40000,hunger,1150,36,72,1,0
40000,hunger,1200,16,28,2,0
40000,hunger,1200,24,40,1,0
40000,hunger,1200,24,44,5,0
40000,hunger,1200,24,48,25,1
40000,hunger,1200,36,64,1,0
40000,hunger,1200,36,68,5,0
40000,hunger,1200,36,72,1,0
40000,hunger,1200,36,76,2,1
40000,hunger,1200,48,80,1,0
40000,hunger,1200,48,96,2,0
40000,hunger,1200,64,136,1,0
40000,hunger,1200,64,156,1,0
40000,hunger,1250,16,28,2,0
40000,hunger,1250,24,40,2,0
40000,hunger,1250,24,44,6,1
40000,hunger,1250,24,48,19,2
40000,hunger,1250,24,52,2,0
40000,hunger,1250,24,56,2,0
40000,hunger,1250,36,60,1,0
40000,hunger,1250,36,64,2,0
40000,hunger,1250,36,68,7,2
40000,hunger,1250,36,80,1,1
40000,hunger,1250,48,96,1,0
40000,hunger,1250,64,152,1,0
40000,hunger,1300,16,28,4,0
40000,hunger,1300,24,48,31,4
40000,hunger,1300,24,52,1,0
40000,hunger,1300,24,56,1,0
40000,hunger,1300,24,60,2,0
40000,hunger,1300,36,68,9,2
40000,hunger,1300,36,96,1,0
40000,hunger,1300,48,88,2,1
40000,hunger,1300,100,216,1,0
40000,hunger,1350,24,44,4,0
40000,hunger,1350,24,48,30,2
40000,hunger,1350,24,52,1,0
40000,hunger,1350,24,56,1,0
40000,hunger,1350,24,60,2,1
40000,hunger,1350,36,64,2,0
40000,hunger,1350,36,68,3,1
40000,hunger,1350,48,96,1,1
40000,hunger,1350,48,120,1,0
40000,hunger,1400,16,28,1,0
40000,hunger,1400,24,40,1,0
40000,hunger,1400,24,44,1,0
40000,hunger,1400,24,48,18,3
40000,hunger,1400,24,52,1,0
40000,hunger,1400,36,68,5,1
40000,hunger,1400,48,96,1,0
40000,hunger,1450,24,40,1,0
40000,hunger,1450,24,44,3,0
40000,hunger,1450,24,48,27,1
40000,hunger,1450,24,60,1,0
40000,hunger,1450,24,68,1,1
40000,hunger,1450,36,68,10,2
40000,hunger,1450,36,72,1,0
40000,hunger,1500,24,40,2,0
40000,hunger,1500,24,44,6,1
40000,hunger,1500,24,48,12,0
40000,hunger,1500,24,64,1,0
40000,hunger,1500,36,60,1,0
40000,hunger,1500,36,68,3,1
40000,hunger,1500,36,76,1,0
40000,hunger,1500,48,92,1,0
40000,hunger,1500,48,96,1,0
40000,hunger,1550,24,44,4,2
40000,hunger,1550,24,48,12,1
40000,hunger,1550,24,52,1,0
40000,hunger,1550,24,76,1,0
40000,hunger,1550,32,64,1,0
40000,hunger,1550,36,64,1,0
40000,hunger,1550,36,68,6,1
40000,hunger,1550,48,96,1,1
40000,hunger,1550,64,116,1,0
40000,hunger,1550,80,148,1,0
40000,hunger,1600,16,28,1,0
40000,hunger,1600,24,36,1,0
40000,hunger,1600,24,44,1,0
40000,hunger,1600,24,48,16,3
40000,hunger,1600,24,52,2,1
40000,hunger,1600,24,60,1,0
40000,hunger,1600,36,68,1,0
40000,hunger,1600,36,84,1,0
40000,hunger,1650,24,44,1,0
40000,hunger,1650,24,48,9,3
40000,hunger,1650,36,68,4,1
40000,hunger,1650,48,96,1,0
40000,hunger,1700,24,40,1,0
40000,hunger,1700,24,44,2,1
40000,hunger,1700,24,48,14,4
40000,hunger,1700,24,56,1,0
40000,hunger,1700,36,68,3,1
40000,hunger,1700,36,80,1,0
40000,hunger,1750,24,44,3,0
40000,hunger,1750,24,48,17,5
40000,hunger,1750,24,52,1,0
40000,hunger,1750,36,48,1,0
40000,hunger,1750,36,68,2,1
40000,hunger,1750,36,72,1,1
40000,hunger,1800,16,32,1,0
40000,hunger,1800,24,48,16,5
40000,hunger,1800,24,52,2,1
40000,hunger,1800,24,56,1,0
40000,hunger,1800,24,60,1,0
40000,hunger,1800,36,68,2,1
40000,hunger,1850,16,36,1,0
40000,hunger,1850,24,48,9,3
40000,hunger,1850,24,52,1,1
40000,hunger,1850,36,68,2,0
40000,hunger,1850,36,80,1,0
40000,hunger,1850,48,92,1,1
40000,hunger,1900,24,44,3,1
40000,hunger,1900,24,48,2,1
40000,hunger,1900,24,64,1,0
40000,hunger,1950,16,28,1,0
40000,hunger,1950,24,36,1,1
40000,hunger,1950,24,44,1,1
40000,hunger,1950,24,48,9,4
40000,hunger,1950,24,52,1,1
40000,hunger,2000,24,40,1,0
40000,hunger,2000,24,44,1,0
40000,hunger,2000,24,48,4,2
40000,hunger,2000,24,52,3,1
40000,hunger,2000,36,64,1,1
40000,hunger,2000,64,112,1,1
40000,hunger,2050,24,44,1,0
40000,hunger,2050,24,56,1,1
40000,hunger,2050,24,60,1,0
40000,hunger,2050,24,76,1,1
40000,hunger,2050,36,56,1,0
40000,hunger,2100,24,40,1,0
40000,hunger,2100,24,44,1,0
40000,hunger,2100,24,48,2,1
40000,hunger,2100,24,52,1,0
40000,hunger,2100,36,68,2,1
40000,hunger,2150,24,48,5,2
40000,hunger,2150,24,52,1,0
40000,hunger,2150,48,96,1,1
40000,hunger,2200,24,48,1,0
40000,hunger,2200,24,52,1,1
40000,hunger,2200,36,68,1,1
40000,hunger,2250,24,48,6,2
40000,hunger,2250,36,68,2,1
40000,hunger,2250,48,96,1,0
40000,hunger,2300,16,28,1,1
40000,hunger,2300,24,44,3,1
40000,hunger,2300,24,48,4,3
40000,hunger,2300,24,52,3,2
40000,hunger,2350,24,44,1,0
40000,hunger,2350,24,48,1,1
40000,hunger,2350,36,68,1,1
40000,hunger,2350,48,76,1,1
40000,hunger,2400,24,48,2,0
40000,hunger,2400,48,96,1,1
40000,hunger,2450,24,48,1,1
40000,hunger,2500,24,48,2,1
40000,hunger,2500,36,68,1,1
40000,hunger,2550,24,44,1,1
40000,hunger,2550,24,48,1,1
40000,hunger,2550,24,56,1,1
40000,hunger,2550,24,68,1,1
40000,hunger,2550,48,88,1,1
40000,hunger,2600,24,44,2,2
40000,hunger,2600,24,48,1,1
40000,hunger,2650,24,48,1,1
40000,hunger,2700,24,48,2,1
40000,hunger,2750,24,48,2,1
40000,hunger,2750,24,52,1,1
40000,hunger,2750,24,60,1,0
40000,hunger,2800,24,64,1,1
40000,hunger,2850,24,48,1,1
40000,hunger,2850,24,76,1,1
40000,hunger,2850,36,68,1,1
40000,hunger,2850,36,76,1,1
40000,hunger,2900,24,48,1,1
40000,hunger,2900,24,56,1,0
40000,hunger,2900,48,104,1,1
40000,hunger,2950,24,44,1,1
40000,hunger,2950,36,68,1,1
40000,hunger,3000,24,48,1,1
40000,hunger,3000,36,68,1,1
40000,hunger,3050,24,48,1,1
40000,hunger,3050,36,64,1,1
40000,hunger,3050,36,68,1,1
40000,hunger,3100,24,48,1,1
40000,hunger,3150,16,24,1,1
40000,hunger,3250,24,48,1,1
40000,hunger,3250,24,52,1,1
40000,hunger,3250,36,68,1,1
40000,hunger,3350,36,68,1,1
40000,hunger,3450,24,48,1,1
40000,hunger,3450,24,52,1,1
40000,hunger,3450,24,68,1,1
40000,hunger,3500,24,44,1,1
40000,hunger,3600,24,44,1,1
40000,hunger,3700,24,44,1,1
40000,hunger,3700,36,68,1,1
40000,hunger,3850,24,48,2,2
40000,hunger,3850,36,68,1,1
40000,hunger,4000,24,48,1,1
40000,hunger,4100,24,44,1,1
40000,hunger,4150,36,60,1,1
40000,broken,0,16,20,1,0
40000,broken,0,16,24,1,0
40000,broken,0,16,28,34,0
40000,broken,0,24,24,3,0
40000,broken,0,24,28,3,0
40000,broken,0,24,32,3,0
40000,broken,0,24,36,5,0
40000,broken,0,24,40,14,0
40000,broken,0,24,44,31,0
40000,broken,0,24,48,230,0
40000,broken,0,32,44,2,0
40000,broken,0,32,72,1,0
40000,broken,0,36,40,1,0
40000,broken,0,36,52,1,1
40000,broken,0,36,56,1,0
40000,broken,0,36,64,1,0
40000,broken,0,36,68,24,0
40000,broken,0,48,92,1,0
40000,broken,0,48,96,3,0
40000,broken,0,64,104,1,0
40000,broken,50,16,28,17,0
40000,broken,50,24,24,1,0
40000,broken,50,24,28,1,0
40000,broken,50,24,40,9,0
40000,broken,50,24,44,31,0
40000,broken,50,24,48,120,0
40000,broken,50,36,60,3,0
40000,broken,50,36,64,8,0
40000,broken,50,36,68,21,0
40000,broken,50,48,88,3,0
40000,broken,50,48,92,1,0
40000,broken,50,48,96,7,0
40000,broken,100,16,20,1,0
40000,broken,100,16,28,11,0
40000,broken,100,24,32,2,0
40000,broken,100,24,36,3,0
40000,broken,100,24,40,8,0
40000,broken,100,24,44,15,0
40000,broken,100,24,48,131,0
40000,broken,100,36,60,1,0
40000,broken,100,36,64,2,0
40000,broken,100,36,68,23,0
40000,broken,100,36,72,2,0
40000,broken,100,48,64,1,0
40000,broken,100,48,84,1,0
40000,broken,100,48,88,2,1
40000,broken,100,48,96,1,0
40000,broken,150,12,12,1,0
40000,broken,150,12,24,1,0
40000,broken,150,16,20,1,0
40000,broken,150,16,28,9,0
40000,broken,150,24,32,1,0
40000,broken,150,24,36,1,0
40000,broken,150,24,40,3,0
40000,broken,150,24,44,17,0
40000,broken,150,24,48,87,0
40000,broken,150,36,60,2,0
40000,broken,150,36,64,2,0
40000,broken,150,36,68,12,0
40000,broken,150,48,88,2,0
40000,broken,150,48,92,2,0
40000,broken,150,48,96,7,0
40000,broken,200,16,20,1,0
40000,broken,200,16,28,9,0
40000,broken,200,20,40,1,0
40000,broken,200,24,32,1,0
40000,broken,200,24,36,1,0
40000,broken,200,24,40,1,0
40000,broken,200,24,44,24,0
40000,broken,200,24,48,70,0
40000,broken,200,36,56,3,0
40000,broken,200,36,60,1,0
40000,broken,200,36,64,1,0
40000,broken,200,36,68,5,0
40000,broken,200,48,68,1,0
40000,broken,200,48,92,2,0
40000,broken,200,48,96,4,0
40000,broken,250,12,12,1,0
40000,broken,250,16,20,1,0
40000,broken,250,16,28,9,0
40000,broken,250,24,40,1,0
40000,broken,250,24,44,10,0
40000,broken,250,24,48,65,0
40000,broken,250,36,68,13,0
40000,broken,250,48,92,1,0
40000,broken,250,48,96,2,0
40000,broken,250,80,152,1,0
40000,broken,300,16,28,8,0
40000,broken,300,24,36,2,0
40000,broken,300,24,40,3,0
40000,broken,300,24,44,4,0
40000,broken,300,24,48,54,0
40000,broken,300,24,52,1,0
40000,broken,300,36,52,1,0
40000,broken,300,36,64,4,0
40000,broken,300,36,68,5,0
40000,broken,350,16,28,1,0
40000,broken,350,24,36,1,0
40000,broken,350,24,40,1,0
40000,broken,350,24,44,5,0
40000,broken,350,24,48,38,1
40000,broken,350,24,52,1,0
40000,broken,350,36,64,1,0
40000,broken,350,36,68,4,0
40000,broken,350,64,124,1,0
40000,broken,400,16,28,5,0
40000,broken,400,24,40,1,0
40000,broken,400,24,44,6,0
40000,broken,400,24,48,36,0
40000,broken,400,32,64,1,0
40000,broken,400,36,64,1,0
40000,broken,400,36,68,1,0
40000,broken,400,48,84,1,0
40000,broken,400,48,88,1,0
40000,broken,400,48,92,1,0
40000,broken,450,16,20,1,0
40000,broken,450,16,28,1,0
40000,broken,450,24,36,1,0
40000,broken,450,24,44,7,1
40000,broken,450,24,48,33,0
40000,broken,450,36,60,1,0
40000,broken,450,36,68,5,0
40000,broken,500,12,24,1,0
40000,broken,500,16,28,4,0
40000,broken,500,24,44,4,0
40000,broken,500,24,48,30,0
40000,broken,500,36,52,1,0
40000,broken,500,36,56,1,0
40000,broken,500,36,68,3,0
40000,broken,500,48,96,2,0
40000,broken,550,16,28,2,0
40000,broken,550,24,40,1,0
40000,broken,550,24,44,4,0
40000,broken,550,24,48,22,1
40000,broken,550,32,64,1,0
40000,broken,550,36,56,1,0
40000,broken,550,36,68,4,0
40000,broken,550,48,88,1,0
40000,broken,550,48,96,1,0
40000,broken,600,16,28,3,0
40000,broken,600,24,44,5,1
40000,broken,600,24,48,27,1
40000,broken,600,24,52,1,0
40000,broken,600,32,44,1,0
40000,broken,600,36,48,1,0
40000,broken,600,36,68,1,0
40000,broken,600,48,84,1,0
40000,broken,600,48,96,1,0
40000,broken,650,12,24,1,1
40000,broken,650,16,28,1,0
40000,broken,650,24,32,2,0
40000,broken,650,24,44,2,0
40000,broken,650,24,48,15,0
40000,broken,650,36,56,1,0
40000,broken,650,36,68,4,0
40000,broken,650,48,96,1,0
40000,broken,700,24,32,1,0
40000,broken,700,24,44,1,0
40000,broken,700,24,48,14,0
40000,broken,700,36,68,4,0
40000,broken,700,48,96,1,0
40000,broken,750,24,44,2,0
40000,broken,750,24,48,13,0
40000,broken,750,36,68,1,0
40000,broken,800,16,28,1,0
40000,broken,800,24,44,4,0
40000,broken,800,24,48,8,0
40000,broken,800,36,68,1,0
40000,broken,800,48,96,1,0
40000,broken,850,24,48,8,0
40000,broken,850,24,52,1,0
40000,broken,850,36,64,1,0
40000,broken,850,36,68,2,0
40000,broken,850,48,88,1,0
40000,broken,850,64,124,1,0
40000,broken,900,24,44,3,0
40000,broken,900,24,48,14,1
40000,broken,900,24,52,1,0
40000,broken,900,36,68,2,0
40000,broken,950,24,48,7,1
40000,broken,950,36,68,1,0
40000,broken,1000,16,24,1,0
40000,broken,1000,24,44,2,0
40000,broken,1000,24,48,8,2
40000,broken,1000,36,68,3,0
40000,broken,1050,24,48,6,0
40000,broken,1050,36,68,1,0
40000,broken,1050,36,72,1,0
40000,broken,1100,16,28,1,0
40000,broken,1100,24,40,1,0
40000,broken,1100,24,48,8,1
40000,broken,1100,36,68,1,0
40000,broken,1100,48,96,1,0
40000,broken,1100,64,116,1,0
40000,broken,1150,24,48,5,1
40000,broken,1200,24,44,4,0
40000,broken,1200,24,48,4,0
40000,broken,1200,48,88,1,0
40000,broken,1200,48,96,1,0
40000,broken,1250,16,28,1,1
40000,broken,1250,24,36,1,1
40000,broken,1250,24,48,6,0
40000,broken,1300,24,44,3,0
40000,broken,1300,24,48,6,0
40000,broken,1350,16,28,1,0
40000,broken,1350,24,44,1,0
40000,broken,1350,24,48,5,0
40000,broken,1400,24,44,1,0
40000,broken,1400,48,92,1,0
40000,broken,1450,24,48,2,0
40000,broken,1500,24,48,1,0
40000,broken,1500,36,68,1,0
40000,broken,1500,48,88,1,0
40000,broken,1550,48,88,1,0
40000,broken,1600,24,44,1,1
40000,broken,1600,24,48,1,1
40000,broken,1650,24,48,1,0
40000,broken,1700,24,44,2,1
40000,broken,1700,24,48,1,0
40000,broken,1800,24,48,3,1
40000,broken,1900,24,48,1,0
40000,broken,1950,24,44,1,1
40000,broken,1950,24,48,1,0
40000,broken,2000,24,48,1,1
40000,broken,2050,24,48,1,0
40000,broken,2200,24,48,2,0
40000,broken,2200,48,96,1,0
40000,broken,2250,24,44,1,0
40000,broken,2350,36,68,1,1
40000,broken,2650,24,48,1,1
40000,broken,3050,24,44,1,1
40000,broken,3450,24,44,1,1
40000,wear,3950,24,40,1,1
40000,wear,4150,24,48,1,1
40000,wear,4250,24,44,1,1
50000,hunger,0,4,20,1,0
50000,hunger,0,16,12,5,0
50000,hunger,0,16,16,4,0
50000,hunger,0,16,20,20,0
50000,hunger,0,16,24,108,0
50000,hunger,0,16,28,713,0
50000,hunger,0,16,32,8,0
50000,hunger,0,20,44,1,0
50000,hunger,0,24,24,7,0
50000,hunger,0,24,28,4,0
50000,hunger,0,24,32,5,0
50000,hunger,0,24,36,19,0
50000,hunger,0,24,40,24,0
50000,hunger,0,24,44,50,0
50000,hunger,0,24,48,745,2
50000,hunger,0,24,52,6,0
50000,hunger,0,24,60,1,0
50000,hunger,0,36,32,4,0
50000,hunger,0,36,40,1,0
50000,hunger,0,36,44,1,0
50000,hunger,0,36,48,6,0
50000,hunger,0,36,52,2,0
50000,hunger,0,36,56,1,0
50000,hunger,0,36,60,2,0
50000,hunger,0,36,64,8,0
50000,hunger,0,36,68,206,0
50000,hunger,0,36,72,6,0
50000,hunger,0,36,84,1,0
50000,hunger,0,48,76,1,0
50000,hunger,0,48,84,1,1
50000,hunger,0,48,88,1,0
50000,hunger,0,48,92,8,0
50000,hunger,0,48,96,70,0
50000,hunger,0,48,100,4,0
50000,hunger,0,48,104,1,0
50000,hunger,0,64,92,1,0
50000,hunger,0,64,124,10,0
50000,hunger,0,64,144,1,0
50000,hunger,0,80,160,7,0
50000,hunger,0,80,180,1,0
50000,hunger,0,120,224,1,0
50000,hunger,0,120,240,1,0
50000,hunger,0,168,348,1,0
50000,hunger,50,0,0,4,0
50000,hunger,50,0,4,1,0
50000,hunger,50,4,8,1,0
50000,hunger,50,8,16,1,0
50000,hunger,50,8,24,1,0
50000,hunger,50,12,20,6,0
50000,hunger,50,12,24,3,0
50000,hunger,50,16,12,27,0
50000,hunger,50,16,16,64,0
50000,hunger,50,16,20,198,0
50000,hunger,50,16,24,464,0
50000,hunger,50,16,28,1752,1
50000,hunger,50,16,32,25,0
50000,hunger,50,16,36,8,0
50000,hunger,50,16,40,3,0
50000,hunger,50,16,44,2,0
50000,hunger,50,16,48,2,0
50000,hunger,50,20,20,1,0
50000,hunger,50,20,40,1,0
50000,hunger,50,24,20,4,0
50000,hunger,50,24,24,36,0
50000,hunger,50,24,28,21,0
50000,hunger,50,24,32,46,0
50000,hunger,50,24,36,60,0
50000,hunger,50,24,40,64,0
50000,hunger,50,24,44,142,1
50000,hunger,50,24,48,1826,1
50000,hunger,50,24,52,35,0
50000,hunger,50,24,56,8,0
50000,hunger,50,24,60,6,0
50000,hunger,50,24,64,8,0
50000,hunger,50,24,68,5,0
50000,hunger,50,24,72,4,0
50000,hunger,50,24,80,1,0
50000,hunger,50,24,88,1,0
50000,hunger,50,24,96,1,0
50000,hunger,50,28,36,1,0
50000,hunger,50,32,60,1,0
50000,hunger,50,32,68,1,0
50000,hunger,50,32,92,1,0
50000,hunger,50,36,32,15,0
50000,hunger,50,36,36,5,0
50000,hunger,50,36,40,8,0
50000,hunger,50,36,44,11,0
50000,hunger,50,36,48,8,0
50000,hunger,50,36,52,16,0
50000,hunger,50,36,56,14,0
50000,hunger,50,36,60,16,0
50000,hunger,50,36,64,17,0
50000,hunger,50,36,68,480,1
50000,hunger,50,36,72,31,0
50000,hunger,50,36,76,9,0
50000,hunger,50,36,80,4,0
50000,hunger,50,36,84,1,0
50000,hunger,50,36,88,10,0
50000,hunger,50,36,92,2,0
50000,hunger,50,36,96,1,0
50000,hunger,50,36,100,2,0
50000,hunger,50,36,104,2,0
50000,hunger,50,36,116,1,0
50000,hunger,50,48,48,5,0
50000,hunger,50,48,52,2,0
50000,hunger,50,48,56,1,0
50000,hunger,50,48,68,1,0
50000,hunger,50,48,72,2,0
50000,hunger,50,48,76,1,0
50000,hunger,50,48,80,4,0
50000,hunger,50,48,84,1,0
50000,hunger,50,48,88,1,0
50000,hunger,50,48,92,11,0
50000,hunger,50,48,96,130,0
50000,hunger,50,48,100,9,0
50000,hunger,50,48,104,1,0
50000,hunger,50,48,108,1,0
50000,hunger,50,48,112,1,0
50000,hunger,50,48,116,2,0
50000,hunger,50,48,132,2,0
50000,hunger,50,60,120,1,0
50000,hunger,50,64,60,2,0
50000,hunger,50,64,80,1,0
50000,hunger,50,64,88,1,0
50000,hunger,50,64,92,1,0
50000,hunger,50,64,104,2,0
50000,hunger,50,64,116,1,0
50000,hunger,50,64,120,2,0
50000,hunger,50,64,124,32,0
50000,hunger,50,64,128,3,0
50000,hunger,50,64,140,1,0
50000,hunger,50,64,152,1,0
50000,hunger,50,64,156,1,0
50000,hunger,50,64,196,1,0
50000,hunger,50,64,212,1,0
50000,hunger,50,80,80,1,0
50000,hunger,50,80,84,1,0
50000,hunger,50,80,136,1,0
50000,hunger,50,80,144,1,0
50000,hunger,50,80,160,14,0
50000,hunger,50,80,168,1,0
50000,hunger,50,100,96,1,0
50000,hunger,50,100,196,1,0
50000,hunger,50,100,284,1,0
50000,hunger,50,120,240,2,0
50000,hunger,100,0,0,1,0
50000,hunger,100,0,4,2,0
50000,hunger,100,4,4,2,0
50000,hunger,100,8,16,2,0
50000,hunger,100,8,24,1,0
50000,hunger,100,12,16,1,0
50000,hunger,100,12,20,3,0
50000,hunger,100,12,28,1,0
50000,hunger,100,12,48,1,0
50000,hunger,100,16,12,6,0
50000,hunger,100,16,16,21,0
50000,hunger,100,16,20,39,0
50000,hunger,100,16,24,200,1
50000,hunger,100,16,28,1642,7
50000,hunger,100,16,32,31,0
50000,hunger,100,16,36,11,0
50000,hunger,100,16,40,9,0
50000,hunger,100,16,44,3,0
50000,hunger,100,16,48,5,0
50000,hunger,100,16,52,1,0
50000,hunger,100,16,56,2,0
50000,hunger,100,16,60,3,0
50000,hunger,100,20,28,2,0
50000,hunger,100,20,36,2,0
50000,hunger,100,20,40,2,0
50000,hunger,100,24,20,3,0
50000,hunger,100,24,24,7,0
50000,hunger,100,24,28,25,2
50000,hunger,100,24,32,38,0
50000,hunger,100,24,36,48,0
50000,hunger,100,24,40,68,0
50000,hunger,100,24,44,187,0
50000,hunger,100,24,48,1901,6
50000,hunger,100,24,52,33,0
50000,hunger,100,24,56,11,0
50000,hunger,100,24,60,8,1
50000,hunger,100,24,64,7,0
50000,hunger,100,24,68,4,0
50000,hunger,100,24,72,4,0
50000,hunger,100,24,76,4,0
50000,hunger,100,24,80,6,0
50000,hunger,100,24,84,5,0
50000,hunger,100,24,88,1,0
50000,hunger,100,24,92,2,0
50000,hunger,100,24,96,11,0
50000,hunger,100,32,64,1,0
50000,hunger,100,36,32,1,0
50000,hunger,100,36,36,3,0
50000,hunger,100,36,40,1,0
50000,hunger,100,36,44,9,0
50000,hunger,100,36,48,9,0
50000,hunger,100,36,52,6,0
50000,hunger,100,36,56,8,0
50000,hunger,100,36,60,18,0
50000,hunger,100,36,64,14,0
50000,hunger,100,36,68,391,1
50000,hunger,100,36,72,17,0
50000,hunger,100,36,76,7,0
50000,hunger,100,36,80,1,0
50000,hunger,100,36,84,1,0
50000,hunger,100,36,88,3,0
50000,hunger,100,36,92,1,0
50000,hunger,100,36,100,1,0
50000,hunger,100,36,108,1,0
50000,hunger,100,36,112,2,0
50000,hunger,100,36,120,1,0
50000,hunger,100,36,128,1,0
50000,hunger,100,36,132,1,0
50000,hunger,100,36,136,3,0
50000,hunger,100,36,140,3,0
50000,hunger,100,48,48,1,0
50000,hunger,100,48,52,1,0
50000,hunger,100,48,60,2,0
50000,hunger,100,48,68,2,0
50000,hunger,100,48,72,1,0
50000,hunger,100,48,76,2,0
50000,hunger,100,48,80,1,0
50000,hunger,100,48,84,4,0
50000,hunger,100,48,88,2,0
50000,hunger,100,48,92,4,0
50000,hunger,100,48,96,91,0
50000,hunger,100,48,100,3,0
50000,hunger,100,48,104,1,0
50000,hunger,100,48,108,2,0
50000,hunger,100,48,112,2,0
50000,hunger,100,48,120,1,0
50000,hunger,100,48,144,1,0
50000,hunger,100,48,192,1,0
50000,hunger,100,64,100,1,0
50000,hunger,100,64,104,1,0
50000,hunger,100,64,112,2,0
50000,hunger,100,64,120,2,0
50000,hunger,100,64,124,20,0
50000,hunger,100,64,128,1,0
50000,hunger,100,64,140,1,0
50000,hunger,100,80,136,1,0
50000,hunger,100,80,160,4,0
50000,hunger,100,100,196,1,0
50000,hunger,150,0,4,1,0
50000,hunger,150,8,16,2,0
50000,hunger,150,12,20,2,0
50000,hunger,150,12,24,3,0
50000,hunger,150,12,28,1,0
50000,hunger,150,16,12,1,0
50000,hunger,150,16,16,7,0
50000,hunger,150,16,20,14,0
50000,hunger,150,16,24,140,1
50000,hunger,150,16,28,1511,10
50000,hunger,150,16,32,30,0
50000,hunger,150,16,36,7,0
50000,hunger,150,16,40,2,0
50000,hunger,150,16,44,3,0
50000,hunger,150,16,52,1,0
50000,hunger,150,16,60,5,0
50000,hunger,150,20,20,2,0
50000,hunger,150,20,28,1,0
50000,hunger,150,20,40,1,0
50000,hunger,150,20,44,1,0
50000,hunger,150,24,20,2,0
50000,hunger,150,24,24,3,0
50000,hunger,150,24,28,13,0
50000,hunger,150,24,32,27,1
50000,hunger,150,24,36,51,1
50000,hunger,150,24,40,55,1
50000,hunger,150,24,44,169,1
50000,hunger,150,24,48,1870,8
50000,hunger,150,24,52,26,0
50000,hunger,150,24,56,11,0
50000,hunger,150,24,60,8,1
50000,hunger,150,24,64,2,0
50000,hunger,150,24,68,4,0
50000,hunger,150,24,72,2,0
50000,hunger,150,24,76,3,0
50000,hunger,150,24,80,1,0
50000,hunger,150,24,84,1,0
50000,hunger,150,24,88,1,0
50000,hunger,150,24,96,5,0
50000,hunger,150,32,68,1,0
50000,hunger,150,36,36,2,0
50000,hunger,150,36,40,2,0
50000,hunger,150,36,44,7,0
50000,hunger,150,36,48,7,0
50000,hunger,150,36,52,7,0
50000,hunger,150,36,56,3,0
50000,hunger,150,36,60,10,0
50000,hunger,150,36,64,27,0
50000,hunger,150,36,68,399,3
50000,hunger,150,36,72,13,0
50000,hunger,150,36,76,7,0
50000,hunger,150,36,80,2,0
50000,hunger,150,36,84,1,0
50000,hunger,150,36,88,1,0
50000,hunger,150,36,92,1,0
50000,hunger,150,36,120,1,0
50000,hunger,150,36,140,1,0
50000,hunger,150,40,68,1,0
50000,hunger,150,48,72,1,0
50000,hunger,150,48,80,1,0
50000,hunger,150,48,84,5,0
50000,hunger,150,48,88,6,0
50000,hunger,150,48,92,5,0
50000,hunger,150,48,96,86,0
50000,hunger,150,48,100,5,0
50000,hunger,150,48,104,3,0
50000,hunger,150,48,108,1,1
50000,hunger,150,48,112,1,0
50000,hunger,150,48,128,1,0
50000,hunger,150,48,136,1,0
50000,hunger,150,64,108,2,0
50000,hunger,150,64,112,1,0
50000,hunger,150,64,120,2,0
50000,hunger,150,64,124,18,0
50000,hunger,150,64,128,2,0
50000,hunger,150,64,140,1,0
50000,hunger,150,80,108,1,0
50000,hunger,150,80,160,1,0
50000,hunger,150,100,196,1,0
50000,hunger,200,8,20,1,0
50000,hunger,200,12,20,1,0
50000,hunger,200,12,24,1,0
50000,hunger,200,16,12,1,0
50000,hunger,200,16,16,4,0
50000,hunger,200,16,20,15,1
50000,hunger,200,16,24,103,2
50000,hunger,200,16,28,1391,6
50000,hunger,200,16,32,30,0
50000,hunger,200,16,36,6,0
50000,hunger,200,16,40,3,0
50000,hunger,200,16,44,1,0
50000,hunger,200,16,48,1,0
50000,hunger,200,16,60,1,0
50000,hunger,200,20,24,1,0
50000,hunger,200,20,40,1,0
50000,hunger,200,24,20,2,0
50000,hunger,200,24,24,4,0
50000,hunger,200,24,28,14,0
50000,hunger,200,24,32,23,0
50000,hunger,200,24,36,39,0
50000,hunger,200,24,40,53,0
50000,hunger,200,24,44,165,0
50000,hunger,200,24,48,1899,12
50000,hunger,200,24,52,32,0
50000,hunger,200,24,56,17,0
50000,hunger,200,24,60,7,0
50000,hunger,200,24,64,4,0
50000,hunger,200,24,68,3,0
50000,hunger,200,24,72,3,0
50000,hunger,200,24,84,1,0
50000,hunger,200,24,88,1,0
50000,hunger,200,24,96,1,0
50000,hunger,200,32,56,1,0
50000,hunger,200,36,36,2,0
50000,hunger,200,36,40,1,0
50000,hunger,200,36,44,5,0
50000,hunger,200,36,48,7,1
50000,hunger,200,36,52,12,0
50000,hunger,200,36,56,12,0
50000,hunger,200,36,60,26,1
50000,hunger,200,36,64,29,0
50000,hunger,200,36,68,380,1
50000,hunger,200,36,72,14,0
50000,hunger,200,36,76,4,0
50000,hunger,200,36,80,2,0
50000,hunger,200,36,84,2,0
50000,hunger,200,36,92,1,0
50000,hunger,200,36,96,1,0
50000,hunger,200,36,124,1,0
50000,hunger,200,36,128,1,0
50000,hunger,200,36,136,1,0
50000,hunger,200,44,88,1,0
50000,hunger,200,48,56,1,0
50000,hunger,200,48,64,1,0
50000,hunger,200,48,72,3,0
50000,hunger,200,48,76,1,0
50000,hunger,200,48,80,1,0
50000,hunger,200,48,84,2,0
50000,hunger,200,48,88,9,0
50000,hunger,200,48,92,16,1
50000,hunger,200,48,96,89,0
50000,hunger,200,48,100,1,0
50000,hunger,200,48,104,2,0
50000,hunger,200,48,108,1,0
50000,hunger,200,64,112,1,0
50000,hunger,200,64,120,1,0
50000,hunger,200,64,124,18,1
50000,hunger,200,64,132,1,0
50000,hunger,200,64,212,1,0
50000,hunger,200,80,120,1,0
50000,hunger,200,80,136,1,0
50000,hunger,200,80,144,1,0
50000,hunger,200,80,148,1,0
50000,hunger,200,80,156,1,0
50000,hunger,200,80,160,6,0
50000,hunger,200,100,184,1,0
50000,hunger,200,100,196,2,0
50000,hunger,250,12,24,2,0
50000,hunger,250,16,16,2,0
50000,hunger,250,16,20,8,0
50000,hunger,250,16,24,85,1
50000,hunger,250,16,28,1244,6
50000,hunger,250,16,32,25,0
50000,hunger,250,16,36,8,0
50000,hunger,250,16,40,4,0
50000,hunger,250,16,44,2,0
50000,hunger,250,16,48,1,0
50000,hunger,250,20,40,1,0
50000,hunger,250,24,20,2,0
50000,hunger,250,24,24,5,0
50000,hunger,250,24,28,12,0
50000,hunger,250,24,32,19,0
50000,hunger,250,24,36,25,0
50000,hunger,250,24,40,40,0
50000,hunger,250,24,44,151,2
50000,hunger,250,24,48,1880,8
50000,hunger,250,24,52,37,0
50000,hunger,250,24,56,9,0
50000,hunger,250,24,60,10,0
50000,hunger,250,24,64,2,0
50000,hunger,250,24,68,2,0
50000,hunger,250,24,76,1,0
50000,hunger,250,24,88,1,0
50000,hunger,250,24,96,1,0
50000,hunger,250,32,64,1,0
50000,hunger,250,36,40,1,0
50000,hunger,250,36,44,4,0
50000,hunger,250,36,48,4,0
50000,hunger,250,36,52,6,0
50000,hunger,250,36,56,8,1
50000,hunger,250,36,60,21,0
50000,hunger,250,36,64,24,0
50000,hunger,250,36,68,375,3
50000,hunger,250,36,72,14,0
50000,hunger,250,36,76,3,0
50000,hunger,250,36,80,2,0
50000,hunger,250,36,84,4,0
50000,hunger,250,36,88,2,0
50000,hunger,250,36,96,2,0
50000,hunger,250,36,116,1,0
50000,hunger,250,48,60,1,0
50000,hunger,250,48,64,1,0
50000,hunger,250,48,72,1,0
50000,hunger,250,48,76,1,0
50000,hunger,250,48,80,11,0
50000,hunger,250,48,84,9,0
50000,hunger,250,48,88,11,0
50000,hunger,250,48,92,13,0
50000,hunger,250,48,96,92,1
50000,hunger,250,48,100,1,0
50000,hunger,250,48,104,3,0
50000,hunger,250,48,108,2,0
50000,hunger,250,48,112,1,0
50000,hunger,250,48,128,1,0
50000,hunger,250,64,92,1,0
50000,hunger,250,64,108,1,0
50000,hunger,250,64,112,1,0
50000,hunger,250,64,124,14,0
50000,hunger,250,64,144,1,0
50000,hunger,250,80,96,1,0
50000,hunger,250,80,108,1,0
50000,hunger,250,80,152,1,0
50000,hunger,250,80,160,3,1
50000,hunger,250,100,196,2,0
50000,hunger,300,12,20,1,0
50000,hunger,300,12,24,1,0
50000,hunger,300,12,44,1,0
50000,hunger,300,16,20,14,0
50000,hunger,300,16,24,72,0
50000,hunger,300,16,28,868,9
50000,hunger,300,16,32,23,1
50000,hunger,300,16,36,6,0
50000,hunger,300,16,40,5,0
50000,hunger,300,16,44,3,0
50000,hunger,300,16,48,3,0
50000,hunger,300,16,52,1,0
50000,hunger,300,20,40,1,0
50000,hunger,300,24,20,1,0
50000,hunger,300,24,24,3,0
50000,hunger,300,24,28,7,0
50000,hunger,300,24,32,8,0
50000,hunger,300,24,36,19,1
50000,hunger,300,24,40,37,0
50000,hunger,300,24,44,153,1
50000,hunger,300,24,48,1633,13
50000,hunger,300,24,52,34,0
50000,hunger,300,24,56,15,0
50000,hunger,300,24,60,5,0
50000,hunger,300,24,64,7,0
50000,hunger,300,24,68,3,0
50000,hunger,300,24,72,3,0
50000,hunger,300,24,80,2,0
50000,hunger,300,24,84,1,0
50000,hunger,300,24,96,1,0
50000,hunger,300,36,36,1,0
50000,hunger,300,36,40,2,0
50000,hunger,300,36,44,3,0
50000,hunger,300,36,48,3,0
50000,hunger,300,36,52,6,1
50000,hunger,300,36,56,8,0
50000,hunger,300,36,60,17,1
50000,hunger,300,36,64,16,1
50000,hunger,300,36,68,377,5
50000,hunger,300,36,72,19,0
50000,hunger,300,36,76,10,0
50000,hunger,300,36,80,3,0
50000,hunger,300,36,84,4,0
50000,hunger,300,36,88,1,0
50000,hunger,300,36,92,2,0
50000,hunger,300,36,96,2,0
50000,hunger,300,36,100,1,0
50000,hunger,300,36,104,1,0
50000,hunger,300,36,108,1,0
50000,hunger,300,36,124,1,0
50000,hunger,300,48,68,2,0
50000,hunger,300,48,72,2,0
50000,hunger,300,48,76,1,0
50000,hunger,300,48,80,7,0
50000,hunger,300,48,84,8,0
50000,hunger,300,48,88,10,0
50000,hunger,300,48,92,14,0
50000,hunger,300,48,96,94,1
50000,hunger,300,48,100,6,0
50000,hunger,300,48,104,2,0
50000,hunger,300,48,108,2,0
50000,hunger,300,48,112,1,0
50000,hunger,300,48,176,1,0
50000,hunger,300,64,112,3,0
50000,hunger,300,64,116,1,0
50000,hunger,300,64,120,3,0
50000,hunger,300,64,124,27,1
50000,hunger,300,64,128,2,0
50000,hunger,300,64,140,1,0
50000,hunger,300,64,144,1,0
50000,hunger,300,64,148,1,0
50000,hunger,300,80,152,1,0
50000,hunger,300,80,160,12,0
50000,hunger,300,100,196,1,0
50000,hunger,300,120,204,1,0
50000,hunger,300,120,232,1,0
50000,hunger,350,16,16,2,0
50000,hunger,350,16,20,4,0
50000,hunger,350,16,24,62,2
50000,hunger,350,16,28,619,1
50000,hunger,350,16,32,23,0
50000,hunger,350,16,36,15,0
50000,hunger,350,16,40,6,1
50000,hunger,350,16,48,3,0
50000,hunger,350,16,52,3,0
50000,hunger,350,16,56,1,0
50000,hunger,350,20,40,1,0
50000,hunger,350,24,24,2,0
50000,hunger,350,24,28,5,0
50000,hunger,350,24,32,12,0
50000,hunger,350,24,36,15,0
50000,hunger,350,24,40,31,0
50000,hunger,350,24,44,112,1
50000,hunger,350,24,48,1304,16
50000,hunger,350,24,52,38,0
50000,hunger,350,24,56,10,0
50000,hunger,350,24,60,3,0
50000,hunger,350,24,64,6,1
50000,hunger,350,24,68,4,0
50000,hunger,350,24,72,3,0
50000,hunger,350,24,76,1,0
50000,hunger,350,24,92,1,0
50000,hunger,350,36,40,3,0
50000,hunger,350,36,44,3,0
50000,hunger,350,36,48,3,0
50000,hunger,350,36,52,9,0
50000,hunger,350,36,56,8,0
50000,hunger,350,36,60,19,1
50000,hunger,350,36,64,22,0
50000,hunger,350,36,68,320,9
50000,hunger,350,36,72,15,0
50000,hunger,350,36,76,7,0
50000,hunger,350,36,80,3,0
50000,hunger,350,36,84,2,0
50000,hunger,350,36,88,3,1
50000,hunger,350,36,96,1,0
50000,hunger,350,36,100,2,0
50000,hunger,350,36,108,1,0
50000,hunger,350,48,48,1,0
50000,hunger,350,48,60,2,0
50000,hunger,350,48,64,1,0
50000,hunger,350,48,68,1,0
50000,hunger,350,48,72,2,0
50000,hunger,350,48,76,1,0
50000,hunger,350,48,80,4,0
50000,hunger,350,48,84,3,1
50000,hunger,350,48,88,8,0
50000,hunger,350,48,92,14,1
50000,hunger,350,48,96,92,5
50000,hunger,350,48,100,4,0
50000,hunger,350,48,104,1,0
50000,hunger,350,48,112,2,0
50000,hunger,350,48,116,1,0
50000,hunger,350,64,76,1,0
50000,hunger,350,64,92,1,0
50000,hunger,350,64,96,1,0
50000,hunger,350,64,108,1,0
50000,hunger,350,64,112,1,0
50000,hunger,350,64,116,3,0
50000,hunger,350,64,120,2,0
50000,hunger,350,64,124,28,1
50000,hunger,350,64,128,1,0
50000,hunger,350,64,132,1,0
50000,hunger,350,64,156,1,0
50000,hunger,350,72,144,1,0
50000,hunger,350,80,136,1,0
50000,hunger,350,80,140,1,0
50000,hunger,350,80,160,4,0
50000,hunger,350,100,168,1,0
50000,hunger,350,100,196,1,0
50000,hunger,350,120,240,1,0
50000,hunger,350,144,280,1,0
50000,hunger,400,16,20,7,1
50000,hunger,400,16,24,51,1
50000,hunger,400,16,28,454,7
50000,hunger,400,16,32,18,0
50000,hunger,400,16,36,11,0
50000,hunger,400,16,40,3,0
50000,hunger,400,16,44,2,0
50000,hunger,400,24,28,5,0
50000,hunger,400,24,32,12,1
50000,hunger,400,24,36,10,0
50000,hunger,400,24,40,23,0
50000,hunger,400,24,44,76,1
50000,hunger,400,24,48,967,12
50000,hunger,400,24,52,28,1
50000,hunger,400,24,56,12,0
50000,hunger,400,24,60,9,0
50000,hunger,400,24,64,7,1
50000,hunger,400,24,68,3,0
50000,hunger,400,24,72,2,0
50000,hunger,400,24,80,1,0
50000,hunger,400,24,84,3,0
50000,hunger,400,24,88,1,0
50000,hunger,400,32,64,1,0
50000,hunger,400,36,40,2,0
50000,hunger,400,36,44,1,0
50000,hunger,400,36,48,1,0
50000,hunger,400,36,52,3,0
50000,hunger,400,36,56,2,0
50000,hunger,400,36,60,15,0
50000,hunger,400,36,64,24,0
50000,hunger,400,36,68,262,6
50000,hunger,400,36,72,16,0
50000,hunger,400,36,76,7,0
50000,hunger,400,36,80,5,0
50000,hunger,400,36,84,3,0
50000,hunger,400,36,96,1,0
50000,hunger,400,36,124,1,0
50000,hunger,400,40,76,1,0
50000,hunger,400,48,68,1,0
50000,hunger,400,48,72,1,0
50000,hunger,400,48,80,3,0
50000,hunger,400,48,84,2,0
50000,hunger,400,48,88,9,0
50000,hunger,400,48,92,8,0
50000,hunger,400,48,96,67,2
50000,hunger,400,48,100,7,0
50000,hunger,400,48,104,2,0
50000,hunger,400,48,116,2,0
50000,hunger,400,48,124,1,0
50000,hunger,400,48,144,1,0
50000,hunger,400,48,152,1,0
50000,hunger,400,64,88,1,0
50000,hunger,400,64,100,3,0
50000,hunger,400,64,108,1,0
50000,hunger,400,64,112,1,0
50000,hunger,400,64,116,1,0
50000,hunger,400,64,120,2,0
50000,hunger,400,64,124,18,0
50000,hunger,400,64,128,1,0
50000,hunger,400,64,144,1,0
50000,hunger,400,80,136,2,0
50000,hunger,400,80,140,1,0
50000,hunger,400,80,152,3,0
50000,hunger,400,80,156,1,0
50000,hunger,400,80,160,6,1
50000,hunger,400,100,196,2,0
50000,hunger,400,120,236,1,0
50000,hunger,400,120,240,1,0
50000,hunger,400,168,316,1,0
50000,hunger,450,16,20,1,0
50000,hunger,450,16,24,33,0
50000,hunger,450,16,28,375,6
50000,hunger,450,16,32,10,0
50000,hunger,450,16,36,3,0
50000,hunger,450,16,40,2,0
50000,hunger,450,16,44,2,0
50000,hunger,450,24,20,2,0
50000,hunger,450,24,28,4,0
50000,hunger,450,24,32,6,0
50000,hunger,450,24,36,11,0
50000,hunger,450,24,40,12,0
50000,hunger,450,24,44,55,0
50000,hunger,450,24,48,757,14
50000,hunger,450,24,52,25,0
50000,hunger,450,24,56,8,0
50000,hunger,450,24,60,6,0
50000,hunger,450,24,64,5,0
50000,hunger,450,24,68,5,0
50000,hunger,450,24,80,2,0
50000,hunger,450,24,84,3,0
50000,hunger,450,32,60,1,0
50000,hunger,450,32,72,1,0
50000,hunger,450,36,32,1,0
50000,hunger,450,36,36,1,0
50000,hunger,450,36,40,1,0
50000,hunger,450,36,44,3,0
50000,hunger,450,36,52,3,0
50000,hunger,450,36,56,6,0
50000,hunger,450,36,60,10,0
50000,hunger,450,36,64,14,1
50000,hunger,450,36,68,241,5
50000,hunger,450,36,72,13,0
50000,hunger,450,36,76,6,0
50000,hunger,450,36,80,6,0
50000,hunger,450,36,84,1,0
50000,hunger,450,36,96,1,0
50000,hunger,450,36,100,1,0
50000,hunger,450,48,60,2,0
50000,hunger,450,48,68,1,0
50000,hunger,450,48,72,1,0
50000,hunger,450,48,76,1,0
50000,hunger,450,48,80,2,0
50000,hunger,450,48,84,2,0
50000,hunger,450,48,88,4,0
50000,hunger,450,48,92,7,0
50000,hunger,450,48,96,58,1
50000,hunger,450,48,100,5,0
50000,hunger,450,48,104,2,1
50000,hunger,450,48,108,1,0
50000,hunger,450,48,112,1,0
50000,hunger,450,48,128,1,0
50000,hunger,450,56,116,1,0
50000,hunger,450,64,108,2,0
50000,hunger,450,64,112,1,0
50000,hunger,450,64,116,1,0
50000,hunger,450,64,120,3,0
50000,hunger,450,64,124,20,0
50000,hunger,450,64,128,2,0
50000,hunger,450,64,136,1,0
50000,hunger,450,80,156,3,0
50000,hunger,450,80,160,2,0
50000,hunger,450,100,192,1,1
50000,hunger,450,100,196,3,0
50000,hunger,450,120,240,1,0
50000,hunger,500,12,24,1,0
50000,hunger,500,16,16,1,0
50000,hunger,500,16,24,24,0
50000,hunger,500,16,28,254,3
50000,hunger,500,16,32,4,1
50000,hunger,500,16,36,4,0
50000,hunger,500,16,40,3,0
50000,hunger,500,16,44,2,0
50000,hunger,500,16,48,2,0
50000,hunger,500,16,52,1,0
50000,hunger,500,16,56,1,0
50000,hunger,500,24,16,1,0
50000,hunger,500,24,28,2,0
50000,hunger,500,24,32,5,0
50000,hunger,500,24,36,4,0
50000,hunger,500,24,40,10,0
50000,hunger,500,24,44,43,2
50000,hunger,500,24,48,581,9
50000,hunger,500,24,52,14,0
50000,hunger,500,24,56,6,0
50000,hunger,500,24,60,4,0
50000,hunger,500,24,64,4,1
50000,hunger,500,24,68,3,1
50000,hunger,500,24,72,1,0
50000,hunger,500,24,76,1,0
50000,hunger,500,24,92,1,0
50000,hunger,500,36,44,2,1
50000,hunger,500,36,48,1,0
50000,hunger,500,36,56,2,0
50000,hunger,500,36,60,4,0
50000,hunger,500,36,64,11,1
50000,hunger,500,36,68,151,4
50000,hunger,500,36,72,13,1
50000,hunger,500,36,76,8,0
50000,hunger,500,36,80,1,0
50000,hunger,500,36,84,1,0
50000,hunger,500,36,88,2,0
50000,hunger,500,36,92,2,0
50000,hunger,500,36,96,3,0
50000,hunger,500,48,68,1,0
50000,hunger,500,48,80,1,0
50000,hunger,500,48,84,3,1
50000,hunger,500,48,88,5,1
50000,hunger,500,48,92,6,1
50000,hunger,500,48,96,55,0
50000,hunger,500,48,100,1,0
50000,hunger,500,48,112,3,0
50000,hunger,500,48,116,2,0
50000,hunger,500,48,132,1,0
50000,hunger,500,52,100,1,0
50000,hunger,500,64,100,1,0
50000,hunger,500,64,108,2,0
50000,hunger,500,64,120,1,0
50000,hunger,500,64,124,19,0
50000,hunger,500,64,140,1,0
50000,hunger,500,64,156,1,0
50000,hunger,500,64,164,1,0
50000,hunger,500,80,160,6,0
50000,hunger,500,100,196,2,0
50000,hunger,550,12,20,1,0
50000,hunger,550,16,20,2,0
50000,hunger,550,16,24,22,0
50000,hunger,550,16,28,198,2
50000,hunger,550,16,32,6,0
50000,hunger,550,16,36,5,0
50000,hunger,550,16,44,1,0
50000,hunger,550,24,28,2,0
50000,hunger,550,24,32,8,0
50000,hunger,550,24,36,2,0
50000,hunger,550,24,40,6,0
50000,hunger,550,24,44,32,2
50000,hunger,550,24,48,445,15
50000,hunger,550,24,52,13,0
50000,hunger,550,24,56,8,0
50000,hunger,550,24,60,9,0
50000,hunger,550,24,64,1,0
50000,hunger,550,24,68,3,0
50000,hunger,550,24,76,1,0
50000,hunger,550,24,80,1,0
50000,hunger,550,24,84,1,0
50000,hunger,550,24,88,1,0
50000,hunger,550,24,96,1,0
50000,hunger,550,36,48,3,0
50000,hunger,550,36,52,1,0
50000,hunger,550,36,60,3,0
50000,hunger,550,36,64,7,0
50000,hunger,550,36,68,118,3
50000,hunger,550,36,72,9,0
50000,hunger,550,36,76,2,0
50000,hunger,550,36,80,1,0
50000,hunger,550,36,84,3,0
50000,hunger,550,36,88,1,0
50000,hunger,550,36,96,2,0
50000,hunger,550,36,104,2,0
50000,hunger,550,36,116,1,0
50000,hunger,550,40,80,1,0
50000,hunger,550,44,88,1,0
50000,hunger,550,48,80,2,0
50000,hunger,550,48,88,4,0
50000,hunger,550,48,92,3,0
50000,hunger,550,48,96,36,1
50000,hunger,550,48,100,6,0
50000,hunger,550,48,104,2,0
50000,hunger,550,48,108,2,0
50000,hunger,550,48,112,2,0
50000,hunger,550,48,152,1,1
50000,hunger,550,64,104,1,0
50000,hunger,550,64,112,1,0
50000,hunger,550,64,116,1,0
50000,hunger,550,64,120,2,0
50000,hunger,550,64,124,5,0
50000,hunger,550,64,128,1,0
50000,hunger,550,80,120,1,0
50000,hunger,550,80,136,1,0
50000,hunger,550,80,148,1,0
50000,hunger,550,80,160,3,1
50000,hunger,550,100,196,2,0
50000,hunger,550,100,204,1,0
50000,hunger,550,120,232,1,0
50000,hunger,550,120,240,4,1
50000,hunger,600,16,24,21,0
50000,hunger,600,16,28,149,3
50000,hunger,600,16,32,2,0
50000,hunger,600,16,36,4,0
50000,hunger,600,16,40,2,0
50000,hunger,600,16,44,3,0
50000,hunger,600,24,24,1,0
50000,hunger,600,24,36,5,0
50000,hunger,600,24,40,5,0
50000,hunger,600,24,44,23,2
50000,hunger,600,24,48,337,10
50000,hunger,600,24,52,8,0
50000,hunger,600,24,56,3,0
50000,hunger,600,24,60,7,0
50000,hunger,600,24,64,2,0
50000,hunger,600,24,68,2,0
50000,hunger,600,24,76,1,1
50000,hunger,600,36,48,2,0
50000,hunger,600,36,60,4,0
50000,hunger,600,36,64,4,0
50000,hunger,600,36,68,94,4
50000,hunger,600,36,72,4,0
50000,hunger,600,36,76,2,0
50000,hunger,600,36,80,3,0
50000,hunger,600,36,84,1,0
50000,hunger,600,36,92,1,0
50000,hunger,600,36,96,1,0
50000,hunger,600,44,84,1,0
50000,hunger,600,48,68,1,0
50000,hunger,600,48,76,2,0
50000,hunger,600,48,84,1,0
50000,hunger,600,48,88,2,0
50000,hunger,600,48,92,1,0
50000,hunger,600,48,96,27,0
50000,hunger,600,48,100,1,0
50000,hunger,600,48,104,3,0
50000,hunger,600,64,112,3,0
50000,hunger,600,64,124,12,2
50000,hunger,600,64,128,1,0
50000,hunger,600,80,140,1,0
50000,hunger,600,80,148,1,0
50000,hunger,600,80,160,2,0
50000,hunger,600,80,172,1,0
50000,hunger,600,100,196,3,0
50000,hunger,650,16,24,21,0
50000,hunger,650,16,28,111,2
50000,hunger,650,16,32,4,0
50000,hunger,650,16,40,2,0
50000,hunger,650,16,44,3,0
50000,hunger,650,24,28,2,0
50000,hunger,650,24,32,2,0
50000,hunger,650,24,36,2,0
50000,hunger,650,24,40,4,0
50000,hunger,650,24,44,16,0
50000,hunger,650,24,48,269,6
50000,hunger,650,24,52,15,0
50000,hunger,650,24,60,4,0
50000,hunger,650,24,64,1,0
50000,hunger,650,24,72,1,0
50000,hunger,650,24,76,1,0
50000,hunger,650,24,88,1,0
50000,hunger,650,24,92,1,0
50000,hunger,650,36,44,1,0
50000,hunger,650,36,52,1,0
50000,hunger,650,36,56,1,0
50000,hunger,650,36,60,1,0
50000,hunger,650,36,68,86,1
50000,hunger,650,36,72,4,0
50000,hunger,650,36,76,3,0
50000,hunger,650,36,80,1,0
50000,hunger,650,36,88,2,1
50000,hunger,650,36,96,1,0
50000,hunger,650,36,116,1,0
50000,hunger,650,48,84,2,0
50000,hunger,650,48,88,4,0
50000,hunger,650,48,92,1,0
50000,hunger,650,48,96,18,1
50000,hunger,650,48,100,5,1
50000,hunger,650,48,104,1,0
50000,hunger,650,48,132,1,0
50000,hunger,650,64,120,1,0
50000,hunger,650,64,124,5,0
50000,hunger,650,64,128,2,0
50000,hunger,650,64,144,1,0
50000,hunger,650,80,160,2,0
50000,hunger,650,100,192,1,0
50000,hunger,650,100,196,1,0
50000,hunger,650,120,240,1,0
50000,hunger,650,144,284,1,0
50000,hunger,700,16,24,6,0
50000,hunger,700,16,28,100,2
50000,hunger,700,16,32,4,0
50000,hunger,700,16,36,1,0
50000,hunger,700,16,44,1,0
50000,hunger,700,24,32,3,1
50000,hunger,700,24,36,1,0
50000,hunger,700,24,40,3,0
50000,hunger,700,24,44,10,1
50000,hunger,700,24,48,240,8
50000,hunger,700,24,52,7,0
50000,hunger,700,24,56,3,0
50000,hunger,700,24,60,4,0
50000,hunger,700,24,68,1,0
50000,hunger,700,36,60,2,0
50000,hunger,700,36,68,61,2
50000,hunger,700,36,72,7,0
50000,hunger,700,36,76,2,0
50000,hunger,700,36,80,1,0
50000,hunger,700,36,92,1,1
50000,hunger,700,36,96,2,0
50000,hunger,700,36,104,1,0
50000,hunger,700,40,76,1,0
50000,hunger,700,48,80,1,0
50000,hunger,700,48,88,1,0
50000,hunger,700,48,92,1,0
50000,hunger,700,48,96,24,0
50000,hunger,700,48,100,4,0
50000,hunger,700,48,116,1,0
50000,hunger,700,48,120,1,0
50000,hunger,700,48,140,1,0
50000,hunger,700,64,124,5,0
50000,hunger,700,80,132,1,0
50000,hunger,700,80,152,1,1
50000,hunger,700,80,168,1,0
50000,hunger,700,100,196,1,0
50000,hunger,750,16,20,2,0
50000,hunger,750,16,24,9,0
50000,hunger,750,16,28,72,0
50000,hunger,750,16,32,1,0
50000,hunger,750,16,36,1,0
50000,hunger,750,16,40,1,0
50000,hunger,750,16,44,1,0
50000,hunger,750,16,48,1,0
50000,hunger,750,16,56,1,0
50000,hunger,750,24,20,1,0
50000,hunger,750,24,36,2,0
50000,hunger,750,24,40,1,0
50000,hunger,750,24,44,7,0
50000,hunger,750,24,48,182,7
50000,hunger,750,24,52,4,0
50000,hunger,750,24,56,4,0
50000,hunger,750,24,60,2,0
50000,hunger,750,24,64,2,0
50000,hunger,750,24,68,3,0
50000,hunger,750,24,76,1,0
50000,hunger,750,36,64,2,0
50000,hunger,750,36,68,46,2
50000,hunger,750,36,72,1,0
50000,hunger,750,36,76,2,0
50000,hunger,750,36,80,2,0
50000,hunger,750,36,88,2,0
50000,hunger,750,36,100,2,0
50000,hunger,750,48,80,2,0
50000,hunger,750,48,92,3,0
50000,hunger,750,48,96,23,1
50000,hunger,750,48,104,1,0
50000,hunger,750,48,148,1,0
50000,hunger,750,48,160,1,1
50000,hunger,750,64,124,7,0
50000,hunger,750,64,156,1,0
50000,hunger,750,64,192,1,0
50000,hunger,750,80,156,1,0
50000,hunger,750,80,160,1,0
50000,hunger,800,16,24,7,0
50000,hunger,800,16,28,65,2
50000,hunger,800,16,32,1,0
50000,hunger,800,16,44,1,0
50000,hunger,800,24,28,1,0
50000,hunger,800,24,32,2,1
50000,hunger,800,24,36,1,0
50000,hunger,800,24,40,2,0
50000,hunger,800,24,44,12,1
50000,hunger,800,24,48,168,1
50000,hunger,800,24,52,6,0
50000,hunger,800,24,56,1,0
50000,hunger,800,24,60,1,0
50000,hunger,800,24,64,2,0
50000,hunger,800,36,64,4,0
50000,hunger,800,36,68,39,3
50000,hunger,800,36,72,3,0
50000,hunger,800,36,76,1,0
50000,hunger,800,36,80,3,0
50000,hunger,800,36,84,1,0
50000,hunger,800,36,92,1,0
50000,hunger,800,48,80,1,0
50000,hunger,800,48,96,11,1
50000,hunger,800,48,104,1,0
50000,hunger,800,48,112,3,0
50000,hunger,800,48,116,1,0
50000,hunger,800,64,124,2,0
50000,hunger,800,80,120,1,0
50000,hunger,800,80,156,2,0
50000,hunger,800,80,160,1,0
50000,hunger,850,16,24,8,0
50000,hunger,850,16,28,43,4
50000,hunger,850,16,44,1,0
50000,hunger,850,24,32,1,0
50000,hunger,850,24,40,3,0
50000,hunger,850,24,44,11,0
50000,hunger,850,24,48,137,4
50000,hunger,850,24,52,1,0
50000,hunger,850,24,56,1,0
50000,hunger,850,24,60,2,0
50000,hunger,850,24,64,2,0
50000,hunger,850,24,76,1,0
50000,hunger,850,24,80,2,0
50000,hunger,850,36,48,1,0
50000,hunger,850,36,60,3,0
50000,hunger,850,36,64,3,0
50000,hunger,850,36,68,28,2
50000,hunger,850,36,72,2,0
50000,hunger,850,36,76,1,0
50000,hunger,850,36,84,1,0
50000,hunger,850,36,88,1,0
50000,hunger,850,36,92,1,0
50000,hunger,850,36,96,1,0
50000,hunger,850,48,84,1,0
50000,hunger,850,48,88,2,0
50000,hunger,850,48,96,11,0
50000,hunger,850,48,100,1,0
50000,hunger,850,48,120,1,0
50000,hunger,850,64,124,3,0
50000,hunger,850,64,140,1,0
50000,hunger,850,64,156,1,0
50000,hunger,850,80,160,1,0
50000,hunger,900,16,24,5,0
50000,hunger,900,16,28,46,2
50000,hunger,900,16,32,1,0
50000,hunger,900,16,48,1,0
50000,hunger,900,24,32,2,0
50000,hunger,900,24,40,2,0
50000,hunger,900,24,44,6,0
50000,hunger,900,24,48,105,7
50000,hunger,900,24,52,1,0
50000,hunger,900,24,60,2,0
50000,hunger,900,24,72,1,0
50000,hunger,900,24,76,1,0
50000,hunger,900,24,84,1,0
50000,hunger,900,36,64,2,1
50000,hunger,900,36,68,27,1
50000,hunger,900,36,72,1,0
50000,hunger,900,36,88,1,0
50000,hunger,900,36,100,2,0
50000,hunger,900,48,84,1,0
50000,hunger,900,48,92,1,0
50000,hunger,900,48,96,13,0
50000,hunger,900,48,116,1,0
50000,hunger,900,48,120,1,0
50000,hunger,900,64,120,1,0
50000,hunger,900,64,124,1,0
50000,hunger,900,64,140,1,0
50000,hunger,900,64,156,1,0
50000,hunger,950,16,24,7,0
50000,hunger,950,16,28,33,2
50000,hunger,950,16,32,1,0
50000,hunger,950,24,32,2,0
50000,hunger,950,24,40,1,0
50000,hunger,950,24,44,5,0
50000,hunger,950,24,48,94,7
50000,hunger,950,24,52,3,0
50000,hunger,950,24,56,1,0
50000,hunger,950,24,80,1,0
50000,hunger,950,24,84,1,0
50000,hunger,950,36,64,1,0
50000,hunger,950,36,68,22,1
50000,hunger,950,36,80,1,0
50000,hunger,950,36,84,1,1
50000,hunger,950,36,88,1,0
50000,hunger,950,36,104,1,0
50000,hunger,950,36,128,1,0
50000,hunger,950,48,88,1,0
50000,hunger,950,48,92,2,0
50000,hunger,950,48,96,7,0
50000,hunger,950,48,104,1,0
50000,hunger,950,64,124,1,0
50000,hunger,950,64,156,1,0
50000,hunger,950,64,184,1,0
50000,hunger,950,80,128,1,0
50000,hunger,1000,16,24,4,0
50000,hunger,1000,16,28,32,1
50000,hunger,1000,16,32,1,0
50000,hunger,1000,24,28,1,1
50000,hunger,1000,24,32,1,0
50000,hunger,1000,24,40,2,0
50000,hunger,1000,24,44,4,0
50000,hunger,1000,24,48,89,8
50000,hunger,1000,24,52,3,0
50000,hunger,1000,24,56,1,0
50000,hunger,1000,24,60,1,0
50000,hunger,1000,24,64,1,0
50000,hunger,1000,36,64,1,0
50000,hunger,1000,36,68,19,2
50000,hunger,1000,36,80,1,0
50000,hunger,1000,48,88,1,0
50000,hunger,1000,48,96,12,1
50000,hunger,1000,48,112,1,1
50000,hunger,1000,48,116,1,0
50000,hunger,1000,64,100,1,0
50000,hunger,1000,64,124,1,0
50000,hunger,1000,64,176,1,0
50000,hunger,1000,80,156,1,0
50000,hunger,1000,100,196,2,0
50000,hunger,1050,16,24,3,0
50000,hunger,1050,16,28,20,1
50000,hunger,1050,16,32,1,0
50000,hunger,1050,16,40,1,0
50000,hunger,1050,16,44,1,0
50000,hunger,1050,24,32,2,0
50000,hunger,1050,24,36,1,0
50000,hunger,1050,24,40,1,1
50000,hunger,1050,24,44,3,0
50000,hunger,1050,24,48,66,4
50000,hunger,1050,24,52,2,0
50000,hunger,1050,24,56,1,0
50000,hunger,1050,24,68,1,0
50000,hunger,1050,36,64,2,0
50000,hunger,1050,36,68,20,3
50000,hunger,1050,48,96,3,0
50000,hunger,1050,48,120,1,0
50000,hunger,1050,48,156,1,0
50000,hunger,1050,64,124,1,0
50000,hunger,1050,64,164,1,0
50000,hunger,1100,16,24,1,0
50000,hunger,1100,16,28,20,1
50000,hunger,1100,24,44,5,0
50000,hunger,1100,24,48,46,3
50000,hunger,1100,24,52,1,0
50000,hunger,1100,24,56,2,0
50000,hunger,1100,24,60,1,0
50000,hunger,1100,24,64,1,0
50000,hunger,1100,24,80,1,0
50000,hunger,1100,36,56,1,0
50000,hunger,1100,36,64,2,0
50000,hunger,1100,36,68,16,4
50000,hunger,1100,36,80,1,0
50000,hunger,1100,36,84,1,0
50000,hunger,1100,48,80,1,0
50000,hunger,1100,48,96,4,1
50000,hunger,1100,64,140,1,0
50000,hunger,1100,80,160,1,0
50000,hunger,1150,16,24,3,0
50000,hunger,1150,16,28,17,1
50000,hunger,1150,24,32,1,0
50000,hunger,1150,24,44,1,0
50000,hunger,1150,24,48,62,5
50000,hunger,1150,24,52,1,0
50000,hunger,1150,24,64,1,0
50000,hunger,1150,24,80,1,0
50000,hunger,1150,36,68,11,0
50000,hunger,1150,36,92,1,0
50000,hunger,1150,48,80,1,0
50000,hunger,1150,48,96,2,1
50000,hunger,1150,48,128,1,0
50000,hunger,1150,100,196,1,0
50000,hunger,1200,16,20,1,0
50000,hunger,1200,16,24,2,0
50000,hunger,1200,16,28,13,3
50000,hunger,1200,24,48,45,3
50000,hunger,1200,24,52,1,0
50000,hunger,1200,24,68,1,1
50000,hunger,1200,36,68,13,2
50000,hunger,1200,36,76,1,0
50000,hunger,1200,36,84,1,0
50000,hunger,1200,36,92,1,0
50000,hunger,1200,48,84,1,0
50000,hunger,1200,48,92,1,0
50000,hunger,1200,48,96,4,1
50000,hunger,1200,48,176,1,0
50000,hunger,1250,16,24,3,0
50000,hunger,1250,16,28,9,1
50000,hunger,1250,24,32,1,0
50000,hunger,1250,24,36,2,1
50000,hunger,1250,24,44,1,0
50000,hunger,1250,24,48,45,1
50000,hunger,1250,24,52,1,0
50000,hunger,1250,24,56,2,0
50000,hunger,1250,24,72,1,0
50000,hunger,1250,32,48,1,1
50000,hunger,1250,36,52,1,0
50000,hunger,1250,36,68,12,1
50000,hunger,1250,48,96,2,0
50000,hunger,1250,64,136,1,0
50000,hunger,1300,16,24,1,0
50000,hunger,1300,16,28,10,1
50000,hunger,1300,24,40,2,0
50000,hunger,1300,24,44,2,0
50000,hunger,1300,24,48,36,4
50000,hunger,1300,24,52,1,0
50000,hunger,1300,24,64,2,0
50000,hunger,1300,24,68,1,0
50000,hunger,1300,24,72,1,0
50000,hunger,1300,36,68,8,0
50000,hunger,1300,36,80,1,0
50000,hunger,1300,36,92,1,0
50000,hunger,1300,48,96,2,0
50000,hunger,1300,48,100,3,1
50000,hunger,1300,64,124,1,0
50000,hunger,1350,16,28,4,2
50000,hunger,1350,16,32,1,0
50000,hunger,1350,16,44,1,0
50000,hunger,1350,24,44,1,0
50000,hunger,1350,24,48,26,4
50000,hunger,1350,24,84,1,1
50000,hunger,1350,36,64,1,0
50000,hunger,1350,36,68,3,0
50000,hunger,1350,36,72,1,1
50000,hunger,1350,36,76,1,1
50000,hunger,1350,36,96,1,0
50000,hunger,1350,48,72,1,0
50000,hunger,1350,48,96,1,0
50000,hunger,1350,48,100,1,0
50000,hunger,1350,64,156,1,0
50000,hunger,1400,16,28,4,0
50000,hunger,1400,24,44,3,0
50000,hunger,1400,24,48,25,2
50000,hunger,1400,24,60,2,0
50000,hunger,1400,36,68,5,2
50000,hunger,1400,36,76,1,0
50000,hunger,1400,36,96,1,0
50000,hunger,1400,48,96,6,2
50000,hunger,1400,48,100,1,0
50000,hunger,1450,16,24,2,2
50000,hunger,1450,16,28,7,1
50000,hunger,1450,24,36,1,0
50000,hunger,1450,24,44,1,0
50000,hunger,1450,24,48,32,4
50000,hunger,1450,24,52,1,0
50000,hunger,1450,24,60,1,0
50000,hunger,1450,36,68,6,0
50000,hunger,1450,36,88,1,1
50000,hunger,1450,48,96,2,0
50000,hunger,1500,16,28,4,0
50000,hunger,1500,24,48,15,2
50000,hunger,1500,24,52,2,1
50000,hunger,1500,36,68,4,0
50000,hunger,1500,36,72,1,0
50000,hunger,1500,36,76,1,0
50000,hunger,1500,48,96,1,0
50000,hunger,1550,16,28,1,0
50000,hunger,1550,24,32,2,1
50000,hunger,1550,24,44,1,0
50000,hunger,1550,24,48,12,0
50000,hunger,1550,24,52,2,1
50000,hunger,1550,36,68,5,2
50000,hunger,1550,36,76,1,0
50000,hunger,1550,48,100,1,0
50000,hunger,1600,16,28,4,1
50000,hunger,1600,24,40,1,1
50000,hunger,1600,24,44,1,0
50000,hunger,1600,24,48,10,1
50000,hunger,1600,24,68,1,0
50000,hunger,1600,36,68,2,0
50000,hunger,1600,48,96,5,0
50000,hunger,1600,48,124,1,0
50000,hunger,1650,16,28,2,0
50000,hunger,1650,24,44,2,0
50000,hunger,1650,24,48,7,1
50000,hunger,1650,36,68,2,0
50000,hunger,1650,36,88,1,0
50000,hunger,1650,64,168,1,0
50000,hunger,1700,16,28,3,0
50000,hunger,1700,16,40,1,0
50000,hunger,1700,24,44,1,0
50000,hunger,1700,24,48,6,1
50000,hunger,1700,36,68,4,0
50000,hunger,1700,48,92,1,0
50000,hunger,1700,48,100,1,0
50000,hunger,1750,16,28,1,0
50000,hunger,1750,24,48,6,2
50000,hunger,1750,24,52,1,0
50000,hunger,1750,36,68,2,1
50000,hunger,1750,36,88,1,0
50000,hunger,1750,36,108,1,0
50000,hunger,1750,48,96,1,0
50000,hunger,1750,48,140,1,0
50000,hunger,1800,24,44,2,2
50000,hunger,1800,24,48,9,2
50000,hunger,1800,24,56,1,0
50000,hunger,1800,36,68,1,0
50000,hunger,1800,48,96,1,0
50000,hunger,1800,64,140,1,0
50000,hunger,1850,24,44,1,0
50000,hunger,1850,24,48,6,1
50000,hunger,1850,36,96,1,0
50000,hunger,1850,48,92,1,0
50000,hunger,1850,64,124,1,1
50000,hunger,1900,16,28,1,0
50000,hunger,1900,24,44,1,0
50000,hunger,1900,24,48,8,0
50000,hunger,1900,36,96,1,0
50000,hunger,1950,16,28,1,0
50000,hunger,1950,16,40,1,1
50000,hunger,1950,24,44,3,0
50000,hunger,1950,24,48,2,0
50000,hunger,1950,36,64,1,1
50000,hunger,1950,36,68,2,1
50000,hunger,1950,64,108,1,0
50000,hunger,2000,24,40,1,0
50000,hunger,2050,24,44,2,0
50000,hunger,2050,24,48,4,1
50000,hunger,2050,36,68,2,0
50000,hunger,2050,36,104,1,0
50000,hunger,2050,48,92,1,0
50000,hunger,2100,24,48,3,0
50000,hunger,2100,24,56,1,0
50000,hunger,2100,24,68,1,1
50000,hunger,2100,36,68,1,0
50000,hunger,2150,24,48,1,0
50000,hunger,2150,24,52,1,0
50000,hunger,2150,24,64,1,1
50000,hunger,2200,24,48,4,1
50000,hunger,2200,36,68,1,0
50000,hunger,2250,24,48,1,0
50000,hunger,2300,24,48,2,2
50000,hunger,2300,36,68,1,1
50000,hunger,2300,80,160,1,1
50000,hunger,2350,24,48,2,1
50000,hunger,2350,36,108,1,1
50000,hunger,2400,24,44,1,0
50000,hunger,2400,24,48,2,1
50000,hunger,2400,36,68,1,0
50000,hunger,2450,24,48,3,3
50000,hunger,2450,24,56,1,0
50000,hunger,2450,24,60,1,0
50000,hunger,2450,36,64,1,1
50000,hunger,2500,24,48,3,3
50000,hunger,2500,36,68,2,0
50000,hunger,2500,48,136,1,1
50000,hunger,2600,16,28,1,1
50000,hunger,2600,24,44,1,0
50000,hunger,2600,36,68,1,1
50000,hunger,2600,48,92,1,1
50000,hunger,2650,24,48,1,1
50000,hunger,2650,36,68,1,1
50000,hunger,2700,24,48,1,1
50000,hunger,2750,24,48,1,1
50000,hunger,2800,36,72,1,0
50000,hunger,2800,64,124,1,1
50000,hunger,2850,48,96,1,1
50000,hunger,2900,36,60,1,1
50000,hunger,2950,24,48,1,1
50000,hunger,3000,24,44,1,1
50000,hunger,3850,24,60,1,1
50000,hunger,3950,64,124,1,1
50000,hunger,4050,36,68,1,1
50000,hunger,4300,24,48,1,1
50000,hunger,4450,24,48,1,1
50000,broken,0,0,0,1,0
50000,broken,0,4,8,1,0
50000,broken,0,8,12,2,0
50000,broken,0,12,16,1,0
50000,broken,0,12,24,2,0
50000,broken,0,12,28,1,0
50000,broken,0,16,12,3,0
50000,broken,0,16,16,20,0
50000,broken,0,16,20,53,0
50000,broken,0,16,24,141,0
50000,broken,0,16,28,1100,0
50000,broken,0,20,40,1,0
50000,broken,0,24,24,4,0
50000,broken,0,24,28,3,0
50000,broken,0,24,32,7,0
50000,broken,0,24,36,11,0
50000,broken,0,24,40,20,0
50000,broken,0,24,44,52,0
50000,broken,0,24,48,757,0
50000,broken,0,36,40,1,0
50000,broken,0,36,44,1,0
50000,broken,0,36,56,2,0
50000,broken,0,36,60,1,0
50000,broken,0,36,64,5,0
50000,broken,0,36,68,86,0
50000,broken,0,36,72,1,0
50000,broken,0,48,56,1,0
50000,broken,0,48,88,1,0
50000,broken,0,48,96,15,0
50000,broken,50,0,0,1,0
50000,broken,50,16,12,2,0
50000,broken,50,16,16,5,0
50000,broken,50,16,20,8,0
50000,broken,50,16,24,64,0
50000,broken,50,16,28,761,2
50000,broken,50,24,16,1,0
50000,broken,50,24,20,1,0
50000,broken,50,24,24,1,0
50000,broken,50,24,28,2,0
50000,broken,50,24,32,9,0
50000,broken,50,24,36,10,0
50000,broken,50,24,40,20,0
50000,broken,50,24,44,58,0
50000,broken,50,24,48,737,0
50000,broken,50,24,52,1,0
50000,broken,50,36,44,2,0
50000,broken,50,36,48,1,0
50000,broken,50,36,52,2,0
50000,broken,50,36,56,4,0
50000,broken,50,36,60,4,0
50000,broken,50,36,64,11,0
50000,broken,50,36,68,144,0
50000,broken,50,36,72,1,0
50000,broken,50,48,76,1,0
50000,broken,50,48,88,2,0
50000,broken,50,48,92,1,0
50000,broken,50,48,96,24,0
50000,broken,50,64,124,3,0
50000,broken,50,80,160,2,0
50000,broken,100,8,16,1,0
50000,broken,100,12,20,3,0
50000,broken,100,16,16,1,0
50000,broken,100,16,20,8,0
50000,broken,100,16,24,40,0
50000,broken,100,16,28,548,2
50000,broken,100,24,24,1,0
50000,broken,100,24,28,1,0
50000,broken,100,24,32,6,0
50000,broken,100,24,36,12,0
50000,broken,100,24,40,13,0
50000,broken,100,24,44,48,0
50000,broken,100,24,48,653,2
50000,broken,100,24,52,1,1
50000,broken,100,36,40,1,0
50000,broken,100,36,48,1,0
50000,broken,100,36,52,4,0
50000,broken,100,36,56,2,0
50000,broken,100,36,60,4,0
50000,broken,100,36,64,10,0
50000,broken,100,36,68,150,1
50000,broken,100,36,72,1,0
50000,broken,100,48,80,1,0
50000,broken,100,48,84,3,0
50000,broken,100,48,88,1,0
50000,broken,100,48,92,1,0
50000,broken,100,48,96,30,1
50000,broken,100,64,124,11,1
50000,broken,100,80,156,2,0
50000,broken,100,120,204,1,0
50000,broken,150,12,20,1,0
50000,broken,150,16,16,3,0
50000,broken,150,16,20,2,0
50000,broken,150,16,24,25,1
50000,broken,150,16,28,411,1
50000,broken,150,20,40,1,0
50000,broken,150,24,28,4,0
50000,broken,150,24,32,7,0
50000,broken,150,24,36,8,0
50000,broken,150,24,40,17,0
50000,broken,150,24,44,45,0
50000,broken,150,24,48,532,6
50000,broken,150,36,48,1,0
50000,broken,150,36,52,2,0
50000,broken,150,36,56,4,0
50000,broken,150,36,60,4,0
50000,broken,150,36,64,10,0
50000,broken,150,36,68,93,0
50000,broken,150,36,72,2,1
50000,broken,150,40,76,1,0
50000,broken,150,48,68,1,0
50000,broken,150,48,84,1,0
50000,broken,150,48,96,17,0
50000,broken,150,64,120,1,0
50000,broken,150,64,124,4,0
50000,broken,150,80,152,1,0
50000,broken,150,80,160,2,0
50000,broken,150,100,196,1,0
50000,broken,150,120,204,1,0
50000,broken,200,16,20,1,0
50000,broken,200,16,24,23,0
50000,broken,200,16,28,277,0
50000,broken,200,24,28,2,0
50000,broken,200,24,32,6,0
50000,broken,200,24,36,9,0
50000,broken,200,24,40,7,0
50000,broken,200,24,44,27,1
50000,broken,200,24,48,393,2
50000,broken,200,36,52,2,0
50000,broken,200,36,56,3,0
50000,broken,200,36,60,2,0
50000,broken,200,36,64,3,0
50000,broken,200,36,68,93,0
50000,broken,200,48,88,2,0
50000,broken,200,48,92,3,0
50000,broken,200,48,96,22,0
50000,broken,200,48,100,1,0
50000,broken,200,64,124,8,0
50000,broken,200,120,240,1,0
50000,broken,250,16,24,14,0
50000,broken,250,16,28,212,1
50000,broken,250,24,28,1,0
50000,broken,250,24,36,3,0
50000,broken,250,24,40,7,0
50000,broken,250,24,44,30,1
50000,broken,250,24,48,333,1
50000,broken,250,36,44,1,0
50000,broken,250,36,60,3,0
50000,broken,250,36,64,4,0
50000,broken,250,36,68,72,0
50000,broken,250,48,80,1,0
50000,broken,250,48,84,2,0
50000,broken,250,48,88,1,0
50000,broken,250,48,92,3,0
50000,broken,250,48,96,10,0
50000,broken,250,64,124,6,0
50000,broken,250,80,144,1,0
50000,broken,250,80,148,1,0
50000,broken,250,100,196,1,0
50000,broken,300,8,16,1,0
50000,broken,300,12,24,1,0
50000,broken,300,16,20,1,0
50000,broken,300,16,24,9,0
50000,broken,300,16,28,172,1
50000,broken,300,20,40,1,0
50000,broken,300,24,32,1,0
50000,broken,300,24,36,4,0
50000,broken,300,24,40,8,0
50000,broken,300,24,44,21,0
50000,broken,300,24,48,244,2
50000,broken,300,36,44,1,0
50000,broken,300,36,56,3,0
50000,broken,300,36,60,2,0
50000,broken,300,36,64,4,0
50000,broken,300,36,68,62,2
50000,broken,300,48,48,1,0
50000,broken,300,48,88,1,0
50000,broken,300,48,92,2,0
50000,broken,300,48,96,20,0
50000,broken,300,64,108,1,0
50000,broken,300,64,124,5,0
50000,broken,300,80,160,1,0
50000,broken,350,16,20,2,0
50000,broken,350,16,24,7,0
50000,broken,350,16,28,118,2
50000,broken,350,16,32,1,0
50000,broken,350,24,32,3,0
50000,broken,350,24,36,3,0
50000,broken,350,24,40,8,0
50000,broken,350,24,44,16,1
50000,broken,350,24,48,213,2
50000,broken,350,24,52,1,0
50000,broken,350,36,40,1,0
50000,broken,350,36,44,1,0
50000,broken,350,36,56,1,0
50000,broken,350,36,60,2,0
50000,broken,350,36,64,4,0
50000,broken,350,36,68,46,2
50000,broken,350,48,88,1,0
50000,broken,350,48,92,3,0
50000,broken,350,48,96,12,0
50000,broken,350,64,96,1,0
50000,broken,350,64,116,1,0
50000,broken,350,64,124,3,0
50000,broken,350,80,160,1,0
50000,broken,400,16,24,5,0
50000,broken,400,16,28,91,1
50000,broken,400,16,32,1,0
50000,broken,400,20,40,1,0
50000,broken,400,24,36,3,0
50000,broken,400,24,40,2,0
50000,broken,400,24,44,19,0
50000,broken,400,24,48,165,2
50000,broken,400,24,52,1,0
50000,broken,400,36,64,3,0
50000,broken,400,36,68,45,1
50000,broken,400,48,92,3,0
50000,broken,400,48,96,10,0
50000,broken,400,64,124,2,0
50000,broken,400,80,144,1,0
50000,broken,450,16,24,5,0
50000,broken,450,16,28,79,2
50000,broken,450,24,36,2,0
50000,broken,450,24,44,7,0
50000,broken,450,24,48,143,4
50000,broken,450,36,56,1,0
50000,broken,450,36,64,1,0
50000,broken,450,36,68,39,1
50000,broken,450,48,88,1,0
50000,broken,450,48,96,6,0
50000,broken,450,48,100,1,0
50000,broken,450,64,124,3,0
50000,broken,450,100,168,1,0
50000,broken,500,16,24,7,0
50000,broken,500,16,28,70,1
50000,broken,500,16,36,1,0
50000,broken,500,24,36,1,0
50000,broken,500,24,40,2,0
50000,broken,500,24,44,7,0
50000,broken,500,24,48,104,2
50000,broken,500,36,48,1,0
50000,broken,500,36,68,24,2
50000,broken,500,48,96,10,0
50000,broken,550,16,20,2,0
50000,broken,550,16,24,3,0
50000,broken,550,16,28,45,2
50000,broken,550,24,40,1,0
50000,broken,550,24,44,11,1
50000,broken,550,24,48,97,3
50000,broken,550,36,68,23,0
50000,broken,550,48,92,1,0
50000,broken,550,48,96,1,0
50000,broken,550,48,100,1,0
50000,broken,550,80,152,1,0
50000,broken,600,16,24,5,0
50000,broken,600,16,28,44,1
50000,broken,600,16,32,1,1
50000,broken,600,24,36,2,0
50000,broken,600,24,44,1,0
50000,broken,600,24,48,86,0
50000,broken,600,36,64,1,0
50000,broken,600,36,68,21,0
50000,broken,600,48,88,1,0
50000,broken,600,48,92,1,0
50000,broken,600,48,96,8,0
50000,broken,600,64,112,1,0
50000,broken,600,64,116,1,0
50000,broken,600,80,148,1,0
50000,broken,650,16,28,31,1
50000,broken,650,24,44,1,0
50000,broken,650,24,48,59,3
50000,broken,650,36,68,16,1
50000,broken,650,48,96,2,0
50000,broken,650,64,120,1,0
50000,broken,650,64,124,1,0
50000,broken,700,16,24,2,0
50000,broken,700,16,28,23,1
50000,broken,700,24,40,1,0
50000,broken,700,24,44,4,0
50000,broken,700,24,48,56,1
50000,broken,700,36,60,1,0
50000,broken,700,36,68,13,1
50000,broken,700,48,88,1,0
50000,broken,700,48,96,2,0
50000,broken,700,80,160,1,0
50000,broken,700,100,196,1,0
50000,broken,700,120,240,1,0
50000,broken,750,16,24,1,0
50000,broken,750,16,28,29,2
50000,broken,750,24,36,1,0
50000,broken,750,24,40,1,0
50000,broken,750,24,48,38,3
50000,broken,750,36,68,9,0
50000,broken,750,48,88,1,0
50000,broken,750,48,96,4,0
50000,broken,750,64,128,1,0
50000,broken,800,16,24,2,0
50000,broken,800,16,28,15,1
50000,broken,800,24,40,1,0
50000,broken,800,24,48,35,2
50000,broken,800,36,60,1,0
50000,broken,800,36,68,10,1
50000,broken,800,48,92,1,0
50000,broken,800,48,96,5,0
50000,broken,800,64,116,1,1
50000,broken,850,16,24,1,0
50000,broken,850,16,28,12,2
50000,broken,850,24,44,4,1
50000,broken,850,24,48,38,2
50000,broken,850,36,68,9,0
50000,broken,850,48,96,4,0
50000,broken,900,16,24,1,0
50000,broken,900,16,28,11,0
50000,broken,900,24,32,1,0
50000,broken,900,24,40,2,0
50000,broken,900,24,44,1,0
50000,broken,900,24,48,27,2
50000,broken,900,36,60,1,0
50000,broken,900,36,68,8,0
50000,broken,900,36,72,1,1
50000,broken,900,48,96,4,0
50000,broken,900,80,144,1,0
50000,broken,950,16,24,2,0
50000,broken,950,16,28,7,0
50000,broken,950,24,44,1,0
50000,broken,950,24,48,22,1
50000,broken,950,36,60,1,0
50000,broken,950,36,68,3,0
50000,broken,950,48,96,2,0
50000,broken,1000,16,24,1,0
50000,broken,1000,16,28,8,0
50000,broken,1000,24,48,23,0
50000,broken,1000,36,68,7,1
50000,broken,1000,48,92,1,0
50000,broken,1000,48,96,1,0
50000,broken,1050,16,24,1,0
50000,broken,1050,16,28,7,0
50000,broken,1050,24,40,1,0
50000,broken,1050,24,48,18,2
50000,broken,1050,36,68,4,0
50000,broken,1050,48,96,4,0
50000,broken,1100,16,28,5,0
50000,broken,1100,24,48,16,1
50000,broken,1100,36,68,5,0
50000,broken,1100,48,96,1,0
50000,broken,1150,16,24,1,0
50000,broken,1150,16,28,6,1
50000,broken,1150,24,44,1,1
50000,broken,1150,24,48,8,2
50000,broken,1150,36,68,2,0
50000,broken,1200,16,28,7,1
50000,broken,1200,24,48,16,1
50000,broken,1200,36,60,1,1
50000,broken,1250,16,24,1,0
50000,broken,1250,16,28,2,0
50000,broken,1250,24,48,6,0
50000,broken,1250,36,68,1,0
50000,broken,1300,16,24,2,0
50000,broken,1300,24,44,1,1
50000,broken,1300,24,48,3,0
50000,broken,1300,36,68,1,0
50000,broken,1300,48,96,2,0
50000,broken,1350,16,28,1,0
50000,broken,1350,24,48,7,0
50000,broken,1350,36,68,2,0
50000,broken,1400,16,28,4,0
50000,broken,1400,24,48,4,1
50000,broken,1400,48,96,1,0
50000,broken,1450,16,28,1,0
50000,broken,1450,24,48,3,0
50000,broken,1500,16,28,2,1
50000,broken,1500,24,48,2,1
50000,broken,1500,36,56,1,1
50000,broken,1500,80,160,1,0
50000,broken,1550,24,48,2,0
50000,broken,1550,36,68,4,1
50000,broken,1600,24,48,3,1
50000,broken,1600,48,96,1,0
50000,broken,1650,16,28,1,0
50000,broken,1650,24,48,5,2
50000,broken,1650,36,68,1,0
50000,broken,1700,24,48,1,0
50000,broken,1700,36,64,1,0
50000,broken,1750,16,24,1,0
50000,broken,1750,24,48,3,0
50000,broken,1800,24,48,1,1
50000,broken,1850,24,48,3,0
50000,broken,1950,24,48,2,1
50000,broken,2000,36,68,1,1
50000,broken,2050,24,48,1,0
50000,broken,2100,24,48,1,0
50000,broken,2150,24,48,1,1
50000,broken,2250,24,48,1,0
50000,broken,2400,24,48,1,1
50000,broken,2450,24,48,1,0
50000,broken,2500,24,48,1,1
50000,broken,2550,36,64,1,1
50000,broken,2600,100,196,1,1
50000,broken,2950,24,48,1,1
50000,broken,3150,24,44,1,1
50000,broken,3400,24,48,1,1
50000,broken,4200,36,72,1,1
60000,hunger,0,0,0,1,0
60000,hunger,0,0,4,2,0
60000,hunger,0,4,12,1,0
60000,hunger,0,8,12,1,0
60000,hunger,0,8,16,1,0
60000,hunger,0,8,20,3,0
60000,hunger,0,12,24,3,0
60000,hunger,0,12,28,4,0
60000,hunger,0,16,16,2,0
60000,hunger,0,16,20,3,0
60000,hunger,0,16,24,22,0
60000,hunger,0,16,28,210,0
60000,hunger,0,16,32,2,0
60000,hunger,0,16,36,1,0
60000,hunger,0,20,36,2,0
60000,hunger,0,20,40,2,0
60000,hunger,0,24,24,1,0
60000,hunger,0,24,32,2,0
60000,hunger,0,24,36,1,0
60000,hunger,0,24,40,8,0
60000,hunger,0,24,44,15,0
60000,hunger,0,24,48,171,0
60000,hunger,0,24,52,1,0
60000,hunger,0,32,64,1,0
60000,hunger,0,36,60,1,0
60000,hunger,0,36,64,4,0
60000,hunger,0,36,68,66,0
60000,hunger,0,36,80,1,0
60000,hunger,0,48,64,1,0
60000,hunger,0,48,84,1,0
60000,hunger,0,48,96,17,0
60000,hunger,0,64,92,1,0
60000,hunger,0,64,116,1,0
60000,hunger,0,64,124,7,0
60000,hunger,0,80,156,1,0
60000,hunger,0,80,160,4,0
60000,hunger,0,80,164,1,0
60000,hunger,0,80,168,1,0
60000,hunger,0,100,148,1,0
60000,hunger,0,100,196,1,0
60000,hunger,0,120,224,1,0
60000,hunger,50,0,0,3,0
60000,hunger,50,0,4,3,0
60000,hunger,50,4,4,2,0
60000,hunger,50,4,8,5,0
60000,hunger,50,4,12,5,0
60000,hunger,50,8,12,6,0
60000,hunger,50,8,16,4,0
60000,hunger,50,8,20,3,0
60000,hunger,50,12,12,1,0
60000,hunger,50,12,16,1,0
60000,hunger,50,12,20,5,0
60000,hunger,50,12,24,12,0
60000,hunger,50,12,28,7,0
60000,hunger,50,16,12,9,0
60000,hunger,50,16,16,12,0
60000,hunger,50,16,20,49,0
60000,hunger,50,16,24,148,0
60000,hunger,50,16,28,734,4
60000,hunger,50,16,32,16,0
60000,hunger,50,16,36,9,0
60000,hunger,50,16,40,4,0
60000,hunger,50,16,44,2,0
60000,hunger,50,20,20,1,0
60000,hunger,50,20,36,2,0
60000,hunger,50,20,40,3,0
60000,hunger,50,20,44,5,0
60000,hunger,50,20,48,1,0
60000,hunger,50,20,52,1,0
60000,hunger,50,20,56,1,0
60000,hunger,50,24,24,3,0
60000,hunger,50,24,28,4,0
60000,hunger,50,24,32,6,0
60000,hunger,50,24,36,17,1
60000,hunger,50,24,40,30,0
60000,hunger,50,24,44,51,0
60000,hunger,50,24,48,545,1
60000,hunger,50,24,52,3,0
60000,hunger,50,24,60,1,0
60000,hunger,50,24,68,2,0
60000,hunger,50,24,72,2,0
60000,hunger,50,28,88,1,0
60000,hunger,50,32,64,2,0
60000,hunger,50,32,68,3,0
60000,hunger,50,32,76,1,0
60000,hunger,50,36,32,1,0
60000,hunger,50,36,44,3,0
60000,hunger,50,36,48,2,0
60000,hunger,50,36,52,3,0
60000,hunger,50,36,56,2,0
60000,hunger,50,36,60,6,0
60000,hunger,50,36,64,4,0
60000,hunger,50,36,68,118,0
60000,hunger,50,36,72,4,0
60000,hunger,50,36,76,1,0
60000,hunger,50,36,84,1,0
60000,hunger,50,36,92,1,0
60000,hunger,50,36,100,1,0
60000,hunger,50,36,108,1,0
60000,hunger,50,48,60,1,0
60000,hunger,50,48,76,1,0
60000,hunger,50,48,80,1,0
60000,hunger,50,48,88,3,0
60000,hunger,50,48,92,7,0
60000,hunger,50,48,96,37,0
60000,hunger,50,48,100,1,0
60000,hunger,50,48,104,1,0
60000,hunger,50,48,108,1,0
60000,hunger,50,48,116,1,0
60000,hunger,50,48,132,2,0
60000,hunger,50,48,144,1,0
60000,hunger,50,48,152,1,0
60000,hunger,50,60,164,1,0
60000,hunger,50,64,104,1,0
60000,hunger,50,64,116,2,0
60000,hunger,50,64,120,2,1
60000,hunger,50,64,124,17,0
60000,hunger,50,64,136,1,0
60000,hunger,50,80,108,1,0
60000,hunger,50,80,160,3,0
60000,hunger,50,100,152,1,0
60000,hunger,50,100,220,1,0
60000,hunger,50,120,240,2,0
60000,hunger,50,144,244,1,0
60000,hunger,100,0,0,5,0
60000,hunger,100,0,4,3,0
60000,hunger,100,4,4,2,0
60000,hunger,100,4,8,4,0
60000,hunger,100,4,12,4,0
60000,hunger,100,8,8,1,0
60000,hunger,100,8,12,1,0
60000,hunger,100,8,16,12,0
60000,hunger,100,8,20,8,0
60000,hunger,100,8,24,1,0
60000,hunger,100,12,20,7,1
60000,hunger,100,12,24,16,0
60000,hunger,100,12,28,12,0
60000,hunger,100,12,36,3,0
60000,hunger,100,16,16,1,0
60000,hunger,100,16,20,12,0
60000,hunger,100,16,24,79,0
60000,hunger,100,16,28,955,0
60000,hunger,100,16,32,14,0
60000,hunger,100,16,36,9,0
60000,hunger,100,16,40,3,0
60000,hunger,100,16,44,1,0
60000,hunger,100,16,48,1,0
60000,hunger,100,16,60,2,0
60000,hunger,100,16,72,1,0
60000,hunger,100,20,16,1,0
60000,hunger,100,20,28,1,0
60000,hunger,100,20,36,7,0
60000,hunger,100,20,40,5,0
60000,hunger,100,20,44,8,0
60000,hunger,100,20,48,1,0
60000,hunger,100,20,56,1,0
60000,hunger,100,24,28,2,0
60000,hunger,100,24,32,4,0
60000,hunger,100,24,36,8,0
60000,hunger,100,24,40,22,0
60000,hunger,100,24,44,51,0
60000,hunger,100,24,48,749,2
60000,hunger,100,24,52,10,0
60000,hunger,100,24,56,5,0
60000,hunger,100,24,60,2,0
60000,hunger,100,24,64,1,0
60000,hunger,100,24,80,3,0
60000,hunger,100,24,92,1,0
60000,hunger,100,28,52,3,0
60000,hunger,100,28,56,1,0
60000,hunger,100,32,64,6,0
60000,hunger,100,32,68,1,0
60000,hunger,100,36,56,3,0
60000,hunger,100,36,60,6,0
60000,hunger,100,36,64,4,0
60000,hunger,100,36,68,148,0
60000,hunger,100,36,72,1,0
60000,hunger,100,36,80,2,0
60000,hunger,100,36,84,1,0
60000,hunger,100,36,96,2,1
60000,hunger,100,36,128,1,0
60000,hunger,100,40,80,2,0
60000,hunger,100,48,76,1,0
60000,hunger,100,48,84,1,0
60000,hunger,100,48,88,1,0
60000,hunger,100,48,92,2,0
60000,hunger,100,48,96,34,0
60000,hunger,100,48,100,1,0
60000,hunger,100,48,136,1,0
60000,hunger,100,60,120,1,0
60000,hunger,100,64,116,1,0
60000,hunger,100,64,120,3,0
60000,hunger,100,64,124,13,0
60000,hunger,100,64,128,1,0
60000,hunger,100,64,136,1,0
60000,hunger,100,64,140,1,0
60000,hunger,100,80,148,2,0
60000,hunger,100,80,152,1,0
60000,hunger,100,80,156,1,0
60000,hunger,100,80,160,6,0
60000,hunger,100,100,196,1,0
60000,hunger,100,120,148,1,0
60000,hunger,150,4,4,2,0
60000,hunger,150,4,8,1,0
60000,hunger,150,4,12,1,0
60000,hunger,150,8,12,1,0
60000,hunger,150,8,20,3,0
60000,hunger,150,8,28,1,0
60000,hunger,150,12,16,1,0
60000,hunger,150,12,20,3,0
60000,hunger,150,12,24,13,1
60000,hunger,150,12,28,12,0
60000,hunger,150,12,32,1,0
60000,hunger,150,16,20,5,0
60000,hunger,150,16,24,58,0
60000,hunger,150,16,28,785,4
60000,hunger,150,16,32,15,0
60000,hunger,150,16,36,6,0
60000,hunger,150,16,40,2,0
60000,hunger,150,20,36,4,0
60000,hunger,150,20,40,11,1
60000,hunger,150,20,44,4,0
60000,hunger,150,24,24,1,0
60000,hunger,150,24,28,1,0
60000,hunger,150,24,32,2,0
60000,hunger,150,24,36,2,0
60000,hunger,150,24,40,20,0
60000,hunger,150,24,44,41,0
60000,hunger,150,24,48,637,3
60000,hunger,150,24,52,5,0
60000,hunger,150,24,56,2,0
60000,hunger,150,24,60,1,0
60000,hunger,150,24,64,1,0
60000,hunger,150,24,84,1,0
60000,hunger,150,28,52,1,0
60000,hunger,150,32,64,1,0
60000,hunger,150,36,52,3,0
60000,hunger,150,36,56,1,0
60000,hunger,150,36,60,2,0
60000,hunger,150,36,64,7,0
60000,hunger,150,36,68,130,0
60000,hunger,150,36,72,3,0
60000,hunger,150,36,76,2,0
60000,hunger,150,44,92,1,0
60000,hunger,150,48,68,1,0
60000,hunger,150,48,72,1,0
60000,hunger,150,48,84,1,0
60000,hunger,150,48,88,1,0
60000,hunger,150,48,92,4,0
60000,hunger,150,48,96,32,0
60000,hunger,150,48,100,1,0
60000,hunger,150,48,128,1,0
60000,hunger,150,64,112,1,0
60000,hunger,150,64,116,1,0
60000,hunger,150,64,120,1,0
60000,hunger,150,64,124,7,0
60000,hunger,150,80,156,5,0
60000,hunger,150,80,160,3,0
60000,hunger,150,80,168,1,0
60000,hunger,150,100,196,3,0
60000,hunger,150,120,240,1,0
60000,hunger,150,120,252,1,0
60000,hunger,200,0,4,1,0
60000,hunger,200,4,8,2,0
60000,hunger,200,4,12,1,0
60000,hunger,200,8,16,2,0
60000,hunger,200,8,24,1,0
60000,hunger,200,12,24,10,0
60000,hunger,200,12,28,9,0
60000,hunger,200,16,16,1,0
60000,hunger,200,16,20,3,0
60000,hunger,200,16,24,42,1
60000,hunger,200,16,28,775,3
60000,hunger,200,16,32,18,0
60000,hunger,200,16,36,7,0
60000,hunger,200,16,40,2,0
60000,hunger,200,16,44,1,0
60000,hunger,200,20,36,3,1
60000,hunger,200,20,40,12,1
60000,hunger,200,20,44,4,0
60000,hunger,200,20,48,1,0
60000,hunger,200,24,24,1,0
60000,hunger,200,24,32,4,0
60000,hunger,200,24,36,3,0
60000,hunger,200,24,40,15,0
60000,hunger,200,24,44,47,0
60000,hunger,200,24,48,577,3
60000,hunger,200,24,52,8,0
60000,hunger,200,24,60,2,0
60000,hunger,200,24,64,1,0
60000,hunger,200,24,72,1,0
60000,hunger,200,28,56,1,0
60000,hunger,200,32,64,4,0
60000,hunger,200,32,68,5,0
60000,hunger,200,36,52,1,0
60000,hunger,200,36,56,1,0
60000,hunger,200,36,60,2,0
60000,hunger,200,36,64,4,0
60000,hunger,200,36,68,114,0
60000,hunger,200,36,72,1,0
60000,hunger,200,48,68,1,0
60000,hunger,200,48,72,1,0
60000,hunger,200,48,88,3,0
60000,hunger,200,48,92,4,0
60000,hunger,200,48,96,23,1
60000,hunger,200,48,100,2,0
60000,hunger,200,48,104,1,0
60000,hunger,200,64,112,1,0
60000,hunger,200,64,116,2,0
60000,hunger,200,64,120,6,0
60000,hunger,200,64,124,6,0
60000,hunger,200,80,156,1,0
60000,hunger,200,80,160,2,0
60000,hunger,200,100,196,2,0
60000,hunger,250,0,0,1,0
60000,hunger,250,4,4,2,0
60000,hunger,250,8,12,1,0
60000,hunger,250,8,16,3,0
60000,hunger,250,8,20,1,0
60000,hunger,250,12,20,5,0
60000,hunger,250,12,24,16,1
60000,hunger,250,12,28,10,0
60000,hunger,250,16,16,1,0
60000,hunger,250,16,20,4,0
60000,hunger,250,16,24,31,0
60000,hunger,250,16,28,694,8
60000,hunger,250,16,32,8,0
60000,hunger,250,16,36,4,0
60000,hunger,250,20,36,5,0
60000,hunger,250,20,40,7,0
60000,hunger,250,20,44,3,0
60000,hunger,250,20,48,4,0
60000,hunger,250,24,32,1,0
60000,hunger,250,24,36,1,0
60000,hunger,250,24,40,20,0
60000,hunger,250,24,44,57,0
60000,hunger,250,24,48,590,1
60000,hunger,250,24,52,1,0
60000,hunger,250,24,56,4,0
60000,hunger,250,24,96,1,0
60000,hunger,250,28,48,1,0
60000,hunger,250,28,56,2,0
60000,hunger,250,28,60,1,0
60000,hunger,250,32,60,1,0
60000,hunger,250,32,64,1,0
60000,hunger,250,32,68,4,0
60000,hunger,250,36,52,1,0
60000,hunger,250,36,56,1,0
60000,hunger,250,36,60,2,0
60000,hunger,250,36,64,8,0
60000,hunger,250,36,68,160,2
60000,hunger,250,36,72,2,0
60000,hunger,250,36,76,1,0
60000,hunger,250,36,88,1,0
60000,hunger,250,44,64,1,0
60000,hunger,250,44,88,2,0
60000,hunger,250,48,84,1,1
60000,hunger,250,48,92,7,0
60000,hunger,250,48,96,29,0
60000,hunger,250,48,100,1,0
60000,hunger,250,48,104,2,0
60000,hunger,250,48,112,1,0
60000,hunger,250,52,176,1,0
60000,hunger,250,64,104,1,0
60000,hunger,250,64,108,1,0
60000,hunger,250,64,112,1,0
60000,hunger,250,64,116,2,0
60000,hunger,250,64,120,2,0
60000,hunger,250,64,124,17,0
60000,hunger,250,80,156,1,0
60000,hunger,250,80,160,8,0
60000,hunger,250,100,172,1,0
60000,hunger,250,100,196,3,0
60000,hunger,250,100,200,1,0
60000,hunger,250,120,220,1,0
60000,hunger,300,8,16,3,0
60000,hunger,300,8,20,1,0
60000,hunger,300,12,20,2,0
60000,hunger,300,12,24,11,0
60000,hunger,300,12,28,14,0
60000,hunger,300,16,16,1,0
60000,hunger,300,16,20,4,1
60000,hunger,300,16,24,35,1
60000,hunger,300,16,28,530,8
60000,hunger,300,16,32,9,0
60000,hunger,300,16,36,10,0
60000,hunger,300,16,40,3,0
60000,hunger,300,16,60,1,0
60000,hunger,300,20,32,1,0
60000,hunger,300,20,36,4,0
60000,hunger,300,20,40,8,0
60000,hunger,300,20,44,7,0
60000,hunger,300,20,48,2,0
60000,hunger,300,24,36,1,0
60000,hunger,300,24,40,15,1
60000,hunger,300,24,44,36,0
60000,hunger,300,24,48,493,2
60000,hunger,300,24,52,4,0
60000,hunger,300,24,56,3,0
60000,hunger,300,24,64,4,0
60000,hunger,300,24,76,1,0
60000,hunger,300,28,56,2,0
60000,hunger,300,32,68,2,0
60000,hunger,300,36,52,1,0
60000,hunger,300,36,60,2,0
60000,hunger,300,36,64,7,0
60000,hunger,300,36,68,131,2
60000,hunger,300,36,72,3,0
60000,hunger,300,36,76,4,0
60000,hunger,300,40,80,1,0
60000,hunger,300,48,72,1,0
60000,hunger,300,48,84,2,0
60000,hunger,300,48,88,1,0
60000,hunger,300,48,92,2,0
60000,hunger,300,48,96,30,0
60000,hunger,300,48,100,1,0
60000,hunger,300,48,116,1,0
60000,hunger,300,48,132,1,0
60000,hunger,300,64,116,1,0
60000,hunger,300,64,120,4,1
60000,hunger,300,64,124,18,0
60000,hunger,300,64,128,1,0
60000,hunger,300,80,160,4,0
60000,hunger,300,80,164,2,0
60000,hunger,300,100,196,1,0
60000,hunger,300,120,208,1,0
60000,hunger,300,120,240,1,0
60000,hunger,350,8,16,2,0
60000,hunger,350,8,20,1,0
60000,hunger,350,12,20,1,0
60000,hunger,350,12,24,7,0
60000,hunger,350,12,28,6,1
60000,hunger,350,16,16,1,0
60000,hunger,350,16,20,1,0
60000,hunger,350,16,24,23,1
60000,hunger,350,16,28,396,4
60000,hunger,350,16,32,6,0
60000,hunger,350,16,36,6,1
60000,hunger,350,16,44,1,0
60000,hunger,350,16,48,1,0
60000,hunger,350,20,28,1,0
60000,hunger,350,20,36,2,0
60000,hunger,350,20,40,4,0
60000,hunger,350,20,44,3,0
60000,hunger,350,20,48,2,0
60000,hunger,350,20,52,1,0
60000,hunger,350,24,36,2,0
60000,hunger,350,24,40,5,0
60000,hunger,350,24,44,46,4
60000,hunger,350,24,48,384,4
60000,hunger,350,24,52,4,0
60000,hunger,350,24,56,2,0
60000,hunger,350,24,68,1,0
60000,hunger,350,28,52,1,0
60000,hunger,350,32,64,2,0
60000,hunger,350,32,68,2,0
60000,hunger,350,36,64,1,0
60000,hunger,350,36,68,101,2
60000,hunger,350,36,72,3,0
60000,hunger,350,36,76,1,0
60000,hunger,350,36,80,2,0
60000,hunger,350,36,92,1,0
60000,hunger,350,36,96,1,0
60000,hunger,350,48,88,2,0
60000,hunger,350,48,92,6,0
60000,hunger,350,48,96,28,1
60000,hunger,350,64,92,1,0
60000,hunger,350,64,112,2,0
60000,hunger,350,64,116,4,1
60000,hunger,350,64,120,7,0
60000,hunger,350,64,124,16,1
60000,hunger,350,80,152,1,1
60000,hunger,350,80,156,2,0
60000,hunger,350,80,160,6,1
60000,hunger,350,120,240,1,0
60000,hunger,400,4,12,1,0
60000,hunger,400,8,20,1,0
60000,hunger,400,12,20,1,0
60000,hunger,400,12,24,3,0
60000,hunger,400,12,28,4,0
60000,hunger,400,12,32,1,0
60000,hunger,400,16,16,1,0
60000,hunger,400,16,20,1,0
60000,hunger,400,16,24,25,0
60000,hunger,400,16,28,308,3
60000,hunger,400,16,32,5,0
60000,hunger,400,16,36,4,0
60000,hunger,400,16,40,1,0
60000,hunger,400,16,44,1,0
60000,hunger,400,16,48,1,0
60000,hunger,400,20,36,1,0
60000,hunger,400,20,40,9,0
60000,hunger,400,20,44,4,0
60000,hunger,400,20,48,2,0
60000,hunger,400,24,40,4,0
60000,hunger,400,24,44,27,1
60000,hunger,400,24,48,309,8
60000,hunger,400,24,52,1,0
60000,hunger,400,24,56,1,0
60000,hunger,400,24,64,2,0
60000,hunger,400,24,72,1,0
60000,hunger,400,28,52,2,1
60000,hunger,400,32,64,3,0
60000,hunger,400,32,68,2,0
60000,hunger,400,36,56,2,0
60000,hunger,400,36,64,4,0
60000,hunger,400,36,68,98,4
60000,hunger,400,36,72,2,0
60000,hunger,400,36,76,1,0
60000,hunger,400,36,100,1,0
60000,hunger,400,40,80,1,0
60000,hunger,400,48,72,1,0
60000,hunger,400,48,88,1,0
60000,hunger,400,48,92,5,0
60000,hunger,400,48,96,28,0
60000,hunger,400,48,100,1,0
60000,hunger,400,64,108,1,0
60000,hunger,400,64,112,1,0
60000,hunger,400,64,116,2,0
60000,hunger,400,64,120,9,0
60000,hunger,400,64,124,11,0
60000,hunger,400,80,148,1,0
60000,hunger,400,80,156,2,0
60000,hunger,400,80,160,3,0
60000,hunger,400,80,164,1,0
60000,hunger,400,100,196,1,0
60000,hunger,400,120,240,1,0
60000,hunger,450,4,4,1,0
60000,hunger,450,4,12,1,0
60000,hunger,450,8,16,1,0
60000,hunger,450,12,20,1,0
60000,hunger,450,12,24,3,0
60000,hunger,450,12,28,5,0
60000,hunger,450,12,36,1,0
60000,hunger,450,16,20,1,0
60000,hunger,450,16,24,15,0
60000,hunger,450,16,28,228,6
60000,hunger,450,16,32,6,0
60000,hunger,450,16,36,5,0
60000,hunger,450,16,40,3,0
60000,hunger,450,16,44,3,0
60000,hunger,450,16,52,1,0
60000,hunger,450,20,36,1,0
60000,hunger,450,20,40,4,0
60000,hunger,450,20,48,1,0
60000,hunger,450,24,36,1,0
60000,hunger,450,24,40,7,0
60000,hunger,450,24,44,16,0
60000,hunger,450,24,48,236,4
60000,hunger,450,24,52,3,0
60000,hunger,450,24,56,4,0
60000,hunger,450,24,60,1,0
60000,hunger,450,24,72,1,0
60000,hunger,450,28,52,1,0
60000,hunger,450,28,56,1,0
60000,hunger,450,36,60,2,0
60000,hunger,450,36,64,3,0
60000,hunger,450,36,68,76,1
60000,hunger,450,48,88,1,0
60000,hunger,450,48,92,5,0
60000,hunger,450,48,96,23,1
60000,hunger,450,48,100,2,0
60000,hunger,450,48,116,1,0
60000,hunger,450,64,116,3,0
60000,hunger,450,64,120,4,0
60000,hunger,450,64,124,8,0
60000,hunger,450,64,152,1,0
60000,hunger,450,72,140,1,0
60000,hunger,450,80,152,1,0
60000,hunger,450,80,156,1,0
60000,hunger,450,80,160,5,0
60000,hunger,450,100,196,1,0
60000,hunger,500,12,20,1,0
60000,hunger,500,12,28,1,0
60000,hunger,500,12,32,1,0
60000,hunger,500,16,24,14,0
60000,hunger,500,16,28,147,1
60000,hunger,500,16,32,2,0
60000,hunger,500,16,36,4,0
60000,hunger,500,16,40,1,0
60000,hunger,500,20,32,1,0
60000,hunger,500,20,40,4,0
60000,hunger,500,20,44,2,1
60000,hunger,500,24,40,5,0
60000,hunger,500,24,44,11,0
60000,hunger,500,24,48,162,3
60000,hunger,500,24,52,2,0
60000,hunger,500,24,64,1,0
60000,hunger,500,28,56,1,0
60000,hunger,500,32,64,1,0
60000,hunger,500,36,64,2,0
60000,hunger,500,36,68,63,3
60000,hunger,500,36,72,1,0
60000,hunger,500,36,96,2,0
60000,hunger,500,48,88,1,0
60000,hunger,500,48,92,2,0
60000,hunger,500,48,96,13,1
60000,hunger,500,48,116,2,0
60000,hunger,500,64,112,2,0
60000,hunger,500,64,116,3,0
60000,hunger,500,64,124,9,0
60000,hunger,500,80,152,1,0
60000,hunger,500,80,156,1,0
60000,hunger,500,80,160,3,1
60000,hunger,500,80,164,1,0
60000,hunger,500,120,232,1,1
60000,hunger,500,120,240,2,1
60000,hunger,500,168,316,1,0
60000,hunger,550,4,4,1,0
60000,hunger,550,8,16,1,0
60000,hunger,550,12,20,1,0
60000,hunger,550,12,24,1,0
60000,hunger,550,12,28,2,0
60000,hunger,550,12,48,1,0
60000,hunger,550,16,20,1,0
60000,hunger,550,16,24,10,1
60000,hunger,550,16,28,126,1
60000,hunger,550,16,32,4,0
60000,hunger,550,16,36,2,0
60000,hunger,550,16,40,1,0
60000,hunger,550,16,52,1,0
60000,hunger,550,20,36,1,0
60000,hunger,550,20,44,2,0
60000,hunger,550,24,44,11,0
60000,hunger,550,24,48,163,3
60000,hunger,550,24,52,3,0
60000,hunger,550,24,56,4,0
60000,hunger,550,24,64,1,0
60000,hunger,550,24,72,1,0
60000,hunger,550,32,64,2,0
60000,hunger,550,36,68,32,0
60000,hunger,550,36,72,1,0
60000,hunger,550,36,76,1,0
60000,hunger,550,36,84,1,0
60000,hunger,550,40,80,1,0
60000,hunger,550,48,80,1,0
60000,hunger,550,48,88,1,0
60000,hunger,550,48,92,3,0
60000,hunger,550,48,96,5,0
60000,hunger,550,48,116,1,0
60000,hunger,550,48,136,1,1
60000,hunger,550,64,120,1,0
60000,hunger,550,64,124,3,0
60000,hunger,550,68,140,1,0
60000,hunger,550,80,132,1,0
60000,hunger,550,80,156,1,0
60000,hunger,550,80,160,1,0
60000,hunger,550,100,196,3,0
60000,hunger,550,144,284,1,0
60000,hunger,600,12,24,2,0
60000,hunger,600,12,28,1,0
60000,hunger,600,16,20,1,0
60000,hunger,600,16,24,8,0
60000,hunger,600,16,28,112,2
60000,hunger,600,16,40,4,0
60000,hunger,600,20,40,2,0
60000,hunger,600,24,32,1,0
60000,hunger,600,24,44,6,0
60000,hunger,600,24,48,116,5
60000,hunger,600,24,56,2,0
60000,hunger,600,24,60,1,0
60000,hunger,600,24,68,1,0
60000,hunger,600,24,72,1,0
60000,hunger,600,28,52,1,1
60000,hunger,600,32,64,1,0
60000,hunger,600,32,68,1,0
60000,hunger,600,36,64,1,0
60000,hunger,600,36,68,27,2
60000,hunger,600,36,72,1,0
60000,hunger,600,48,92,3,0
60000,hunger,600,48,96,5,0
60000,hunger,600,48,116,1,0
60000,hunger,600,64,120,2,0
60000,hunger,600,64,124,4,0
60000,hunger,600,80,156,1,1
60000,hunger,600,80,160,1,0
60000,hunger,600,100,196,1,0
60000,hunger,600,120,240,1,0
60000,hunger,600,168,336,1,0
60000,hunger,650,12,28,1,0
60000,hunger,650,16,20,2,0
60000,hunger,650,16,24,8,0
60000,hunger,650,16,28,85,1
60000,hunger,650,16,32,2,0
60000,hunger,650,16,36,2,0
60000,hunger,650,16,40,1,0
60000,hunger,650,20,36,1,0
60000,hunger,650,20,40,1,0
60000,hunger,650,20,48,1,0
60000,hunger,650,24,40,1,0
60000,hunger,650,24,44,8,0
60000,hunger,650,24,48,95,3
60000,hunger,650,24,56,1,0
60000,hunger,650,24,60,1,0
60000,hunger,650,28,52,1,0
60000,hunger,650,36,68,19,1
60000,hunger,650,36,72,1,0
60000,hunger,650,36,76,1,0
60000,hunger,650,36,80,1,0
60000,hunger,650,48,88,1,0
60000,hunger,650,48,92,1,0
60000,hunger,650,48,96,7,1
60000,hunger,650,64,120,2,0
60000,hunger,650,64,124,4,0
60000,hunger,650,80,156,2,0
60000,hunger,650,80,160,1,0
60000,hunger,650,100,196,1,0
60000,hunger,650,100,200,1,0
60000,hunger,650,120,240,2,0
60000,hunger,700,8,20,1,0
60000,hunger,700,12,24,3,0
60000,hunger,700,16,20,1,0
60000,hunger,700,16,24,10,0
60000,hunger,700,16,28,64,1
60000,hunger,700,16,36,1,0
60000,hunger,700,16,40,1,0
60000,hunger,700,20,36,1,1
60000,hunger,700,20,40,1,0
60000,hunger,700,20,44,1,0
60000,hunger,700,24,40,1,0
60000,hunger,700,24,44,4,1
60000,hunger,700,24,48,68,2
60000,hunger,700,24,64,1,0
60000,hunger,700,24,72,1,0
60000,hunger,700,36,68,19,1
60000,hunger,700,36,80,1,1
60000,hunger,700,48,92,2,0
60000,hunger,700,48,96,4,0
60000,hunger,700,56,112,1,0
60000,hunger,700,64,120,1,0
60000,hunger,700,64,124,3,0
60000,hunger,700,80,160,2,0
60000,hunger,700,100,196,3,0
60000,hunger,700,120,240,1,0
60000,hunger,700,144,284,1,0
60000,hunger,700,168,336,1,0
60000,hunger,750,12,24,2,0
60000,hunger,750,16,20,1,0
60000,hunger,750,16,24,5,0
60000,hunger,750,16,28,68,1
60000,hunger,750,16,36,1,0
60000,hunger,750,16,40,1,0
60000,hunger,750,16,48,1,0
60000,hunger,750,20,48,1,0
60000,hunger,750,24,40,4,0
60000,hunger,750,24,44,8,0
60000,hunger,750,24,48,77,1
60000,hunger,750,24,56,3,0
60000,hunger,750,24,60,1,0
60000,hunger,750,24,80,1,0
60000,hunger,750,36,68,16,0
60000,hunger,750,48,92,2,0
60000,hunger,750,48,96,4,0
60000,hunger,750,48,108,1,0
60000,hunger,750,48,116,1,0
60000,hunger,750,64,120,1,0
60000,hunger,750,64,124,2,0
60000,hunger,750,100,196,1,0
60000,hunger,800,12,24,1,0
60000,hunger,800,16,24,6,1
60000,hunger,800,16,28,55,3
60000,hunger,800,16,32,1,0
60000,hunger,800,16,36,2,0
60000,hunger,800,24,44,6,1
60000,hunger,800,24,48,65,2
60000,hunger,800,24,60,1,0
60000,hunger,800,32,68,1,0
60000,hunger,800,36,68,17,0
60000,hunger,800,36,104,1,0
60000,hunger,800,48,96,2,0
60000,hunger,800,64,124,2,1
60000,hunger,800,64,148,1,0
60000,hunger,800,68,140,1,0
60000,hunger,800,80,156,1,0
60000,hunger,800,120,240,2,1
60000,hunger,850,12,24,1,0
60000,hunger,850,16,24,6,0
60000,hunger,850,16,28,57,4
60000,hunger,850,16,36,1,0
60000,hunger,850,16,48,1,0
60000,hunger,850,16,52,1,0
60000,hunger,850,20,40,1,0
60000,hunger,850,24,40,1,0
60000,hunger,850,24,44,1,0
60000,hunger,850,24,48,51,3
60000,hunger,850,24,56,2,0
60000,hunger,850,32,64,1,0
60000,hunger,850,36,68,9,0
60000,hunger,850,48,92,2,0
60000,hunger,850,48,96,2,0
60000,hunger,850,64,120,1,0
60000,hunger,850,64,124,5,0
60000,hunger,850,64,148,1,1
60000,hunger,850,80,160,2,0
60000,hunger,850,100,196,1,0
60000,hunger,900,12,28,1,0
60000,hunger,900,16,20,1,0
60000,hunger,900,16,24,2,0
60000,hunger,900,16,28,40,0
60000,hunger,900,20,48,1,0
60000,hunger,900,24,44,4,0
60000,hunger,900,24,48,40,4
60000,hunger,900,24,52,1,0
60000,hunger,900,24,60,1,0
60000,hunger,900,32,68,1,1
60000,hunger,900,36,68,10,3
60000,hunger,900,48,96,3,1
60000,hunger,900,64,124,1,0
60000,hunger,900,120,240,1,0
60000,hunger,900,144,284,1,0
60000,hunger,950,12,24,1,1
60000,hunger,950,16,24,1,0
60000,hunger,950,16,28,38,1
60000,hunger,950,20,48,1,0
60000,hunger,950,24,36,1,0
60000,hunger,950,24,44,4,0
60000,hunger,950,24,48,30,1
60000,hunger,950,24,56,1,1
60000,hunger,950,36,64,1,0
60000,hunger,950,36,68,8,0
60000,hunger,950,48,96,1,0
60000,hunger,950,48,104,1,0
60000,hunger,950,48,116,1,0
60000,hunger,950,64,124,1,0
60000,hunger,1000,16,24,2,0
60000,hunger,1000,16,28,37,3
60000,hunger,1000,16,32,1,0
60000,hunger,1000,24,40,2,1
60000,hunger,1000,24,44,1,0
60000,hunger,1000,24,48,26,2
60000,hunger,1000,24,60,1,0
60000,hunger,1000,32,68,1,0
60000,hunger,1000,36,68,11,2
60000,hunger,1000,36,72,1,0
60000,hunger,1000,48,100,2,0
60000,hunger,1000,64,124,4,0
60000,hunger,1000,144,284,1,0
60000,hunger,1050,16,28,20,2
60000,hunger,1050,24,48,23,3
60000,hunger,1050,36,68,10,0
60000,hunger,1050,48,92,1,0
60000,hunger,1050,48,96,2,0
60000,hunger,1050,64,124,1,0
60000,hunger,1050,80,160,2,0
60000,hunger,1100,16,28,26,0
60000,hunger,1100,24,40,1,0
60000,hunger,1100,24,44,3,0
60000,hunger,1100,24,48,25,1
60000,hunger,1100,36,68,3,0
60000,hunger,1100,48,96,2,0
60000,hunger,1100,48,104,1,0
60000,hunger,1100,64,112,1,0
60000,hunger,1100,64,120,1,0
60000,hunger,1100,80,160,1,1
60000,hunger,1150,16,24,5,0
60000,hunger,1150,16,28,27,2
60000,hunger,1150,16,32,1,0
60000,hunger,1150,20,40,1,0
60000,hunger,1150,24,40,1,0
60000,hunger,1150,24,44,2,0
60000,hunger,1150,24,48,20,1
60000,hunger,1150,32,68,1,0
60000,hunger,1150,36,68,2,0
60000,hunger,1150,64,124,2,0
60000,hunger,1200,16,24,1,1
60000,hunger,1200,16,28,13,1
60000,hunger,1200,16,36,1,0
60000,hunger,1200,24,44,3,0
60000,hunger,1200,24,48,22,1
60000,hunger,1200,24,52,1,0
60000,hunger,1200,24,64,1,0
60000,hunger,1200,36,68,2,1
60000,hunger,1200,36,72,1,1
60000,hunger,1200,64,124,1,0
60000,hunger,1200,120,228,1,0
60000,hunger,1250,16,20,1,0
60000,hunger,1250,16,24,1,0
60000,hunger,1250,16,28,15,0
60000,hunger,1250,24,44,2,1
60000,hunger,1250,24,48,17,2
60000,hunger,1250,36,68,6,0
60000,hunger,1300,16,24,4,2
60000,hunger,1300,16,28,17,0
60000,hunger,1300,20,44,1,0
60000,hunger,1300,24,40,1,0
60000,hunger,1300,24,44,4,0
60000,hunger,1300,24,48,16,0
60000,hunger,1300,36,68,3,2
60000,hunger,1300,48,148,1,0
60000,hunger,1300,64,124,1,0
60000,hunger,1350,12,28,1,0
60000,hunger,1350,16,24,2,0
60000,hunger,1350,16,28,10,1
60000,hunger,1350,24,48,9,3
60000,hunger,1350,24,56,1,0
60000,hunger,1350,36,68,1,1
60000,hunger,1350,64,124,1,0
60000,hunger,1350,100,196,1,0
60000,hunger,1400,16,24,2,0
60000,hunger,1400,16,28,20,0
60000,hunger,1400,24,36,1,1
60000,hunger,1400,24,44,1,0
60000,hunger,1400,24,48,10,1
60000,hunger,1400,24,56,1,0
60000,hunger,1400,36,68,5,1
60000,hunger,1450,16,24,2,2
60000,hunger,1450,16,28,15,4
60000,hunger,1450,16,36,1,0
60000,hunger,1450,24,48,7,1
60000,hunger,1450,36,68,2,1
60000,hunger,1450,48,96,2,1
60000,hunger,1450,64,124,2,2
60000,hunger,1500,16,24,2,0
60000,hunger,1500,16,28,7,1
60000,hunger,1500,20,40,1,0
60000,hunger,1500,24,44,3,0
60000,hunger,1500,24,48,8,1
60000,hunger,1500,36,68,3,1
60000,hunger,1500,48,100,1,0
60000,hunger,1500,64,124,1,0
60000,hunger,1550,12,24,1,0
60000,hunger,1550,16,24,1,0
60000,hunger,1550,16,28,6,1
60000,hunger,1550,24,48,2,0
60000,hunger,1550,36,68,2,0
60000,hunger,1600,16,24,1,0
60000,hunger,1600,16,28,4,1
60000,hunger,1600,24,40,1,1
60000,hunger,1600,24,44,2,1
60000,hunger,1600,24,48,7,1
60000,hunger,1600,36,68,1,1
60000,hunger,1650,16,24,1,0
60000,hunger,1650,16,28,6,3
60000,hunger,1650,24,40,1,0
60000,hunger,1650,24,48,7,1
60000,hunger,1650,36,68,1,0
60000,hunger,1700,16,24,2,1
60000,hunger,1700,16,28,5,1
60000,hunger,1700,24,44,1,1
60000,hunger,1700,24,52,1,0
60000,hunger,1700,36,68,2,1
60000,hunger,1700,100,196,1,0
60000,hunger,1750,12,28,1,0
60000,hunger,1750,16,24,1,0
60000,hunger,1750,16,28,9,1
60000,hunger,1750,24,44,1,0
60000,hunger,1750,24,48,4,2
60000,hunger,1750,36,68,1,0
60000,hunger,1800,12,28,1,0
60000,hunger,1800,16,24,1,0
60000,hunger,1800,16,28,3,1
60000,hunger,1800,24,44,1,0
60000,hunger,1800,24,48,5,3
60000,hunger,1800,64,124,1,1
60000,hunger,1850,12,28,1,0
60000,hunger,1850,16,28,4,1
60000,hunger,1850,24,48,5,2
60000,hunger,1850,64,124,1,0
60000,hunger,1900,16,28,1,0
60000,hunger,1900,24,48,1,1
60000,hunger,1900,36,64,1,0
60000,hunger,1950,16,24,1,1
60000,hunger,1950,24,44,1,0
60000,hunger,1950,24,48,5,2
60000,hunger,2000,12,28,1,0
60000,hunger,2000,16,24,2,1
60000,hunger,2000,16,28,2,0
60000,hunger,2000,24,40,1,1
60000,hunger,2000,36,68,1,1
60000,hunger,2050,12,24,1,1
60000,hunger,2050,24,48,2,2
60000,hunger,2050,32,68,1,0
60000,hunger,2050,36,68,1,0
60000,hunger,2100,16,28,3,1
60000,hunger,2100,24,44,1,1
60000,hunger,2100,24,48,1,0
60000,hunger,2150,16,28,3,1
60000,hunger,2150,24,48,1,0
60000,hunger,2150,32,64,1,0
60000,hunger,2200,16,28,2,1
60000,hunger,2200,24,48,2,1
60000,hunger,2200,36,68,1,0
60000,hunger,2200,80,160,1,1
60000,hunger,2250,16,28,1,1
60000,hunger,2250,32,68,1,1
60000,hunger,2300,12,28,1,0
60000,hunger,2300,24,48,1,0
60000,hunger,2300,36,64,1,0
60000,hunger,2350,16,28,2,2
60000,hunger,2350,24,48,3,2
60000,hunger,2400,16,28,1,1
60000,hunger,2400,24,48,2,0
60000,hunger,2450,16,28,2,2
60000,hunger,2450,24,48,2,2
60000,hunger,2500,16,36,1,1
60000,hunger,2500,24,48,2,2
60000,hunger,2550,16,28,1,1
60000,hunger,2550,36,68,1,0
60000,hunger,2600,24,48,1,1
60000,hunger,2650,16,28,1,1
60000,hunger,2650,24,48,2,1
60000,hunger,2700,16,24,1,1
60000,hunger,2700,16,28,3,2
60000,hunger,2700,24,40,1,1
60000,hunger,2750,16,24,1,1
60000,hunger,2750,24,48,1,1
60000,hunger,2750,80,160,1,1
60000,hunger,2800,16,28,1,1
60000,hunger,2850,16,28,1,1
60000,hunger,2900,16,28,1,1
60000,hunger,2950,16,28,1,1
60000,hunger,2950,24,48,1,1
60000,hunger,3100,36,68,1,1
60000,hunger,3300,36,68,1,1
60000,hunger,3350,36,68,1,1
60000,hunger,3400,24,44,1,1
60000,hunger,3650,16,28,1,1
60000,hunger,3650,36,68,1,1
60000,hunger,3750,24,44,1,1
60000,hunger,3800,24,48,1,1
60000,hunger,3850,24,44,1,1
60000,hunger,3950,36,68,1,1
60000,hunger,4050,16,28,1,1
60000,hunger,4150,24,48,1,1
60000,broken,0,0,0,4,0
60000,broken,0,4,4,2,0
60000,broken,0,4,12,3,0
60000,broken,0,8,12,3,0
60000,broken,0,8,16,2,0
60000,broken,0,12,24,3,0
60000,broken,0,12,28,4,0
60000,broken,0,16,12,3,0
60000,broken,0,16,16,5,0
60000,broken,0,16,20,4,0
60000,broken,0,16,24,44,0
60000,broken,0,16,28,344,0
60000,broken,0,16,32,1,0
60000,broken,0,20,36,1,0
60000,broken,0,20,40,2,0
60000,broken,0,20,44,2,0
60000,broken,0,24,32,1,0
60000,broken,0,24,36,4,0
60000,broken,0,24,40,3,0
60000,broken,0,24,44,11,0
60000,broken,0,24,48,185,0
60000,broken,0,36,64,1,0
60000,broken,0,36,68,19,0
60000,broken,0,48,88,1,0
60000,broken,0,48,92,1,0
60000,broken,0,48,96,5,0
60000,broken,0,64,124,1,0
60000,broken,0,80,156,1,0
60000,broken,50,4,8,1,0
60000,broken,50,8,16,1,0
60000,broken,50,8,20,2,0
60000,broken,50,12,20,1,0
60000,broken,50,12,24,4,0
60000,broken,50,12,28,1,0
60000,broken,50,16,20,1,0
60000,broken,50,16,24,11,0
60000,broken,50,16,28,207,0
60000,broken,50,20,36,1,0
60000,broken,50,20,40,1,0
60000,broken,50,20,44,1,0
60000,broken,50,24,36,1,0
60000,broken,50,24,40,3,0
60000,broken,50,24,44,10,0
60000,broken,50,24,48,159,2
60000,broken,50,36,64,1,0
60000,broken,50,36,68,22,0
60000,broken,50,48,88,1,0
60000,broken,50,48,96,9,0
60000,broken,50,64,124,3,0
60000,broken,100,4,8,2,0
60000,broken,100,8,12,1,0
60000,broken,100,8,16,1,0
60000,broken,100,12,24,1,0
60000,broken,100,12,28,2,0
60000,broken,100,16,24,9,0
60000,broken,100,16,28,173,0
60000,broken,100,20,28,1,0
60000,broken,100,24,36,1,0
60000,broken,100,24,40,3,0
60000,broken,100,24,44,11,0
60000,broken,100,24,48,114,0
60000,broken,100,32,68,1,0
60000,broken,100,36,52,1,0
60000,broken,100,36,60,1,0
60000,broken,100,36,64,3,0
60000,broken,100,36,68,22,0
60000,broken,100,40,76,1,0
60000,broken,100,48,88,2,0
60000,broken,100,48,96,5,0
60000,broken,100,64,120,2,0
60000,broken,100,64,124,3,0
60000,broken,150,4,8,2,0
60000,broken,150,12,28,1,0
60000,broken,150,16,20,1,0
60000,broken,150,16,24,5,0
60000,broken,150,16,28,122,0
60000,broken,150,16,36,1,0
60000,broken,150,20,40,2,0
60000,broken,150,24,40,3,0
60000,broken,150,24,44,9,0
60000,broken,150,24,48,142,0
60000,broken,150,36,68,23,0
60000,broken,150,48,88,1,0
60000,broken,150,48,96,3,0
60000,broken,150,64,120,1,0
60000,broken,150,64,124,3,0
60000,broken,200,16,24,3,0
60000,broken,200,16,28,74,0
60000,broken,200,20,40,1,0
60000,broken,200,24,44,5,0
60000,broken,200,24,48,73,0
60000,broken,200,32,64,1,0
60000,broken,200,36,68,23,0
60000,broken,200,48,96,6,0
60000,broken,200,64,120,1,0
60000,broken,200,64,124,1,0
60000,broken,200,80,160,1,0
60000,broken,200,120,236,1,0
60000,broken,250,12,24,1,0
60000,broken,250,12,28,1,0
60000,broken,250,16,24,5,0
60000,broken,250,16,28,67,0
60000,broken,250,20,36,3,0
60000,broken,250,24,40,1,0
60000,broken,250,24,48,60,0
60000,broken,250,36,64,1,0
60000,broken,250,36,68,24,1
60000,broken,250,48,92,2,0
60000,broken,250,48,96,6,0
60000,broken,300,8,16,1,0
60000,broken,300,12,24,1,0
60000,broken,300,16,24,2,0
60000,broken,300,16,28,52,0
60000,broken,300,20,36,2,0
60000,broken,300,20,40,1,0
60000,broken,300,24,44,6,0
60000,broken,300,24,48,41,0
60000,broken,300,28,52,1,0
60000,broken,300,36,68,11,0
60000,broken,300,48,92,1,0
60000,broken,300,48,96,5,0
60000,broken,300,80,156,1,0
60000,broken,350,16,24,2,0
60000,broken,350,16,28,30,0
60000,broken,350,16,32,1,0
60000,broken,350,16,36,1,0
60000,broken,350,24,48,31,0
60000,broken,350,36,68,9,1
60000,broken,350,48,92,1,0
60000,broken,350,48,96,1,0
60000,broken,350,64,120,2,0
60000,broken,350,64,124,1,0
60000,broken,400,16,24,2,0
60000,broken,400,16,28,33,0
60000,broken,400,16,36,1,0
60000,broken,400,20,36,2,0
60000,broken,400,24,44,1,0
60000,broken,400,24,48,24,0
60000,broken,400,36,64,1,0
60000,broken,400,36,68,8,0
60000,broken,400,48,92,1,0
60000,broken,400,48,96,1,0
60000,broken,400,64,112,1,0
60000,broken,400,64,120,1,0
60000,broken,400,64,124,1,0
60000,broken,450,12,24,1,0
60000,broken,450,16,24,5,0
60000,broken,450,16,28,33,0
60000,broken,450,24,44,1,0
60000,broken,450,24,48,21,0
60000,broken,450,36,68,6,0
60000,broken,450,64,112,1,0
60000,broken,450,64,124,1,0
60000,broken,450,80,96,1,0
60000,broken,500,16,24,4,0
60000,broken,500,16,28,26,0
60000,broken,500,20,36,1,0
60000,broken,500,24,44,2,0
60000,broken,500,24,48,19,1
60000,broken,500,36,68,7,0
60000,broken,500,48,96,3,0
60000,broken,550,12,24,1,0
60000,broken,550,16,24,2,0
60000,broken,550,16,28,16,1
60000,broken,550,20,40,1,0
60000,broken,550,20,44,1,1
60000,broken,550,24,44,1,0
60000,broken,550,24,48,19,0
60000,broken,550,36,64,1,0
60000,broken,550,36,68,7,0
60000,broken,550,48,96,1,0
60000,broken,550,80,156,1,0
60000,broken,600,12,24,1,0
60000,broken,600,16,20,1,0
60000,broken,600,16,24,2,0
60000,broken,600,16,28,18,1
60000,broken,600,20,36,1,0
60000,broken,600,24,44,3,0
60000,broken,600,24,48,11,0
60000,broken,600,32,68,1,0
60000,broken,600,36,68,3,0
60000,broken,650,12,24,1,0
60000,broken,650,16,24,3,0
60000,broken,650,16,28,15,0
60000,broken,650,20,36,1,0
60000,broken,650,24,44,1,0
60000,broken,650,24,48,8,0
60000,broken,650,32,68,1,0
60000,broken,650,36,68,5,0
60000,broken,700,16,24,1,0
60000,broken,700,16,28,18,2
60000,broken,700,24,48,14,0
60000,broken,700,36,68,1,0
60000,broken,700,48,96,1,0
60000,broken,700,64,120,1,0
60000,broken,750,16,28,13,1
60000,broken,750,24,48,6,0
60000,broken,750,36,68,4,0
60000,broken,800,16,28,8,0
60000,broken,800,24,44,1,0
60000,broken,800,24,48,3,0
60000,broken,800,36,68,2,1
60000,broken,800,48,96,1,0
60000,broken,850,16,28,9,0
60000,broken,850,24,48,5,0
60000,broken,850,36,68,2,0
60000,broken,850,64,124,1,0
60000,broken,900,16,24,2,0
60000,broken,900,24,32,1,0
60000,broken,900,24,48,4,0
60000,broken,900,36,68,1,0
60000,broken,900,64,124,1,0
60000,broken,950,16,24,1,0
60000,broken,950,16,28,3,0
60000,broken,950,24,48,3,0
60000,broken,950,36,68,3,1
60000,broken,950,80,156,1,0
60000,broken,1000,16,28,2,0
60000,broken,1000,24,48,7,0
60000,broken,1000,36,68,1,0
60000,broken,1050,16,28,5,0
60000,broken,1050,24,44,2,0
60000,broken,1050,24,48,4,0
60000,broken,1050,36,68,2,0
60000,broken,1050,64,124,1,0
60000,broken,1100,16,28,5,0
60000,broken,1100,24,48,1,0
60000,broken,1100,36,68,1,0
60000,broken,1150,16,24,1,0
60000,broken,1150,16,28,4,0
60000,broken,1150,24,48,1,0
60000,broken,1200,16,24,1,0
60000,broken,1200,16,28,2,1
60000,broken,1200,24,44,1,0
60000,broken,1200,24,48,4,1
60000,broken,1250,16,28,1,0
60000,broken,1250,24,48,2,0
60000,broken,1300,16,24,1,0
60000,broken,1300,16,28,5,0
60000,broken,1300,24,44,1,0
60000,broken,1300,24,48,1,0
60000,broken,1300,36,68,1,0
60000,broken,1350,16,28,2,0
60000,broken,1350,24,48,1,0
60000,broken,1400,24,48,1,0
60000,broken,1450,24,48,1,0
60000,broken,1450,36,68,1,0
60000,broken,1500,16,28,3,0
60000,broken,1500,24,48,1,0
60000,broken,1550,16,28,1,0
60000,broken,1550,100,196,1,1
60000,broken,1600,24,48,1,0
60000,broken,1650,16,28,1,1
60000,broken,1800,16,28,2,1
60000,broken,1800,36,68,1,0
60000,broken,1950,16,28,1,0
60000,broken,2200,24,48,1,0
60000,broken,2250,24,48,1,1
60000,broken,2300,16,28,1,1
60000,broken,2600,24,48,1,0
60000,broken,3100,24,48,1,1
60000,broken,3150,24,48,1,1
60000,broken,3800,24,48,1,1
60000,wear,4000,24,48,1,1
60000,wear,4500,24,48,1,1
60000,wear,4750,36,68,1,1
70000,hunger,0,4,8,1,0
70000,hunger,0,8,20,1,0
70000,hunger,0,12,20,1,0
70000,hunger,0,12,24,2,0
70000,hunger,0,12,28,2,0
70000,hunger,0,16,12,1,0
70000,hunger,0,16,24,6,0
70000,hunger,0,16,28,492,0
70000,hunger,0,16,32,2,1
70000,hunger,0,20,36,1,0
70000,hunger,0,20,40,2,0
70000,hunger,0,20,44,1,0
70000,hunger,0,24,24,6,0
70000,hunger,0,24,28,1,0
70000,hunger,0,24,32,6,0
70000,hunger,0,24,36,7,0
70000,hunger,0,24,40,10,0
70000,hunger,0,24,44,20,0
70000,hunger,0,24,48,932,1
70000,hunger,0,24,52,2,0
70000,hunger,0,32,44,1,0
70000,hunger,0,36,32,3,0
70000,hunger,0,36,36,1,0
70000,hunger,0,36,40,2,0
70000,hunger,0,36,48,2,0
70000,hunger,0,36,52,1,0
70000,hunger,0,36,56,3,0
70000,hunger,0,36,60,4,0
70000,hunger,0,36,64,5,0
70000,hunger,0,36,68,260,0
70000,hunger,0,48,48,1,0
70000,hunger,0,48,64,1,0
70000,hunger,0,48,72,1,0
70000,hunger,0,48,80,2,0
70000,hunger,0,48,96,73,0
70000,hunger,0,56,112,1,0
70000,hunger,0,64,60,1,0
70000,hunger,0,64,112,1,0
70000,hunger,0,64,124,28,0
70000,hunger,0,64,148,2,0
70000,hunger,0,80,80,1,0
70000,hunger,0,80,128,1,0
70000,hunger,0,80,160,13,0
70000,hunger,0,100,116,1,0
70000,hunger,0,100,144,1,0
70000,hunger,0,100,196,7,0
70000,hunger,0,100,200,1,0
70000,hunger,50,0,0,1,0
70000,hunger,50,4,4,1,0
70000,hunger,50,4,8,2,0
70000,hunger,50,4,12,4,0
70000,hunger,50,8,16,2,0
70000,hunger,50,8,20,3,0
70000,hunger,50,12,16,1,0
70000,hunger,50,12,20,3,0
70000,hunger,50,12,24,4,0
70000,hunger,50,12,28,1,0
70000,hunger,50,16,12,19,0
70000,hunger,50,16,16,16,0
70000,hunger,50,16,20,12,0
70000,hunger,50,16,24,43,0
70000,hunger,50,16,28,1274,2
70000,hunger,50,16,32,10,0
70000,hunger,50,16,36,3,0
70000,hunger,50,16,40,1,0
70000,hunger,50,16,44,2,0
70000,hunger,50,16,48,2,0
70000,hunger,50,16,60,1,0
70000,hunger,50,20,36,2,0
70000,hunger,50,20,40,2,0
70000,hunger,50,20,44,1,0
70000,hunger,50,24,24,86,0
70000,hunger,50,24,28,26,0
70000,hunger,50,24,32,38,1
70000,hunger,50,24,36,56,0
70000,hunger,50,24,40,78,0
70000,hunger,50,24,44,109,0
70000,hunger,50,24,48,2324,5
70000,hunger,50,24,52,12,0
70000,hunger,50,24,56,1,0
70000,hunger,50,24,60,1,0
70000,hunger,50,24,64,2,0
70000,hunger,50,24,68,1,0
70000,hunger,50,24,76,2,0
70000,hunger,50,28,52,1,0
70000,hunger,50,32,60,1,0
70000,hunger,50,36,32,27,1
70000,hunger,50,36,36,13,0
70000,hunger,50,36,40,11,0
70000,hunger,50,36,44,8,0
70000,hunger,50,36,48,8,0
70000,hunger,50,36,52,14,0
70000,hunger,50,36,56,16,0
70000,hunger,50,36,60,20,0
70000,hunger,50,36,64,25,1
70000,hunger,50,36,68,656,1
70000,hunger,50,36,72,13,0
70000,hunger,50,36,76,2,0
70000,hunger,50,36,80,2,0
70000,hunger,50,36,88,1,0
70000,hunger,50,36,104,1,0
70000,hunger,50,36,108,1,0
70000,hunger,50,48,48,11,0
70000,hunger,50,48,52,5,0
70000,hunger,50,48,56,5,0
70000,hunger,50,48,60,1,0
70000,hunger,50,48,64,2,0
70000,hunger,50,48,68,2,0
70000,hunger,50,48,72,2,0
70000,hunger,50,48,76,5,0
70000,hunger,50,48,80,6,0
70000,hunger,50,48,84,4,0
70000,hunger,50,48,88,3,0
70000,hunger,50,48,92,8,0
70000,hunger,50,48,96,170,1
70000,hunger,50,48,100,2,0
70000,hunger,50,48,104,2,0
70000,hunger,50,48,108,1,0
70000,hunger,50,48,112,2,0
70000,hunger,50,48,120,1,0
70000,hunger,50,48,124,2,0
70000,hunger,50,64,60,3,0
70000,hunger,50,64,64,1,0
70000,hunger,50,64,68,2,0
70000,hunger,50,64,72,1,0
70000,hunger,50,64,76,1,0
70000,hunger,50,64,84,1,0
70000,hunger,50,64,96,1,0
70000,hunger,50,64,100,2,0
70000,hunger,50,64,108,2,0
70000,hunger,50,64,112,3,0
70000,hunger,50,64,116,3,0
70000,hunger,50,64,120,1,0
70000,hunger,50,64,124,43,0
70000,hunger,50,64,160,1,0
70000,hunger,50,64,172,1,0
70000,hunger,50,80,80,2,0
70000,hunger,50,80,112,1,0
70000,hunger,50,80,120,1,0
70000,hunger,50,80,160,13,0
70000,hunger,50,100,132,2,0
70000,hunger,50,100,196,1,0
70000,hunger,50,100,304,1,0
70000,hunger,50,120,240,4,0
70000,hunger,50,168,160,1,0
70000,hunger,100,0,0,1,0
70000,hunger,100,4,12,2,0
70000,hunger,100,8,16,2,0
70000,hunger,100,12,16,1,0
70000,hunger,100,12,20,2,0
70000,hunger,100,12,24,2,0
70000,hunger,100,12,28,1,0
70000,hunger,100,12,32,1,0
70000,hunger,100,16,12,6,0
70000,hunger,100,16,16,18,0
70000,hunger,100,16,20,23,0
70000,hunger,100,16,24,23,0
70000,hunger,100,16,28,1239,3
70000,hunger,100,16,32,8,0
70000,hunger,100,16,36,7,0
70000,hunger,100,16,40,3,0
70000,hunger,100,16,44,1,0
70000,hunger,100,16,48,3,0
70000,hunger,100,16,52,2,0
70000,hunger,100,16,60,4,0
70000,hunger,100,20,36,4,0
70000,hunger,100,20,40,1,0
70000,hunger,100,20,44,2,0
70000,hunger,100,24,24,31,0
70000,hunger,100,24,28,17,0
70000,hunger,100,24,32,29,0
70000,hunger,100,24,36,57,0
70000,hunger,100,24,40,65,1
70000,hunger,100,24,44,183,0
70000,hunger,100,24,48,2625,6
70000,hunger,100,24,52,12,0
70000,hunger,100,24,56,6,0
70000,hunger,100,24,60,3,0
70000,hunger,100,24,64,1,0
70000,hunger,100,24,68,2,0
70000,hunger,100,24,72,1,0
70000,hunger,100,24,76,2,0
70000,hunger,100,24,80,1,0
70000,hunger,100,24,84,1,0
70000,hunger,100,24,92,1,0
70000,hunger,100,24,96,4,0
70000,hunger,100,28,56,1,0
70000,hunger,100,32,60,2,0
70000,hunger,100,32,68,2,0
70000,hunger,100,36,32,5,0
70000,hunger,100,36,36,7,0
70000,hunger,100,36,40,4,0
70000,hunger,100,36,44,5,0
70000,hunger,100,36,48,8,0
70000,hunger,100,36,52,4,0
70000,hunger,100,36,56,5,0
70000,hunger,100,36,60,17,0
70000,hunger,100,36,64,12,0
70000,hunger,100,36,68,545,1
70000,hunger,100,36,72,16,0
70000,hunger,100,36,76,1,0
70000,hunger,100,36,80,3,0
70000,hunger,100,36,84,2,0
70000,hunger,100,36,96,1,0
70000,hunger,100,36,116,1,0
70000,hunger,100,48,48,5,0
70000,hunger,100,48,56,2,0
70000,hunger,100,48,60,2,0
70000,hunger,100,48,72,6,0
70000,hunger,100,48,76,4,0
70000,hunger,100,48,80,2,0
70000,hunger,100,48,84,4,0
70000,hunger,100,48,88,3,0
70000,hunger,100,48,92,5,0
70000,hunger,100,48,96,125,1
70000,hunger,100,48,116,1,0
70000,hunger,100,48,124,1,0
70000,hunger,100,48,128,1,0
70000,hunger,100,48,136,1,0
70000,hunger,100,48,160,1,0
70000,hunger,100,60,124,1,0
70000,hunger,100,64,96,1,0
70000,hunger,100,64,100,1,0
70000,hunger,100,64,124,29,0
70000,hunger,100,80,84,1,0
70000,hunger,100,80,156,1,0
70000,hunger,100,80,160,7,0
70000,hunger,100,100,164,1,0
70000,hunger,100,100,212,1,0
70000,hunger,100,120,240,1,0
70000,hunger,150,0,0,1,0
70000,hunger,150,4,4,1,0
70000,hunger,150,4,12,4,0
70000,hunger,150,8,16,2,0
70000,hunger,150,8,40,1,0
70000,hunger,150,12,20,1,0
70000,hunger,150,12,24,5,0
70000,hunger,150,12,28,1,0
70000,hunger,150,16,16,9,1
70000,hunger,150,16,20,8,0
70000,hunger,150,16,24,13,2
70000,hunger,150,16,28,1037,1
70000,hunger,150,16,32,7,0
70000,hunger,150,16,36,1,0
70000,hunger,150,16,40,2,0
70000,hunger,150,16,44,2,0
70000,hunger,150,16,48,3,0
70000,hunger,150,16,52,2,0
70000,hunger,150,16,56,1,0
70000,hunger,150,16,60,6,0
70000,hunger,150,20,36,2,0
70000,hunger,150,20,40,3,0
70000,hunger,150,20,48,1,0
70000,hunger,150,24,24,14,0
70000,hunger,150,24,28,9,0
70000,hunger,150,24,32,33,0
70000,hunger,150,24,36,31,0
70000,hunger,150,24,40,52,0
70000,hunger,150,24,44,135,0
70000,hunger,150,24,48,2261,11
70000,hunger,150,24,52,11,0
70000,hunger,150,24,60,3,0
70000,hunger,150,24,64,1,0
70000,hunger,150,24,68,1,0
70000,hunger,150,24,72,1,0
70000,hunger,150,24,84,1,0
70000,hunger,150,24,92,2,0
70000,hunger,150,32,60,1,0
70000,hunger,150,32,64,2,0
70000,hunger,150,32,68,2,0
70000,hunger,150,32,96,1,0
70000,hunger,150,36,36,1,0
70000,hunger,150,36,40,1,0
70000,hunger,150,36,44,1,0
70000,hunger,150,36,48,3,0
70000,hunger,150,36,52,5,0
70000,hunger,150,36,56,9,0
70000,hunger,150,36,60,10,0
70000,hunger,150,36,64,13,0
70000,hunger,150,36,68,451,7
70000,hunger,150,36,72,12,1
70000,hunger,150,36,80,1,0
70000,hunger,150,36,84,1,0
70000,hunger,150,36,88,1,0
70000,hunger,150,48,56,1,0
70000,hunger,150,48,64,1,0
70000,hunger,150,48,72,1,0
70000,hunger,150,48,76,2,0
70000,hunger,150,48,80,2,0
70000,hunger,150,48,84,2,0
70000,hunger,150,48,88,2,0
70000,hunger,150,48,92,4,0
70000,hunger,150,48,96,97,0
70000,hunger,150,48,108,2,0
70000,hunger,150,48,132,1,0
70000,hunger,150,64,68,1,0
70000,hunger,150,64,112,1,0
70000,hunger,150,64,120,1,0
70000,hunger,150,64,124,23,0
70000,hunger,150,64,128,1,0
70000,hunger,150,64,252,1,0
70000,hunger,150,80,124,1,0
70000,hunger,150,80,160,4,1
70000,hunger,150,100,196,2,1
70000,hunger,150,100,204,1,0
70000,hunger,150,120,220,1,0
70000,hunger,150,120,240,1,0
70000,hunger,200,4,12,2,0
70000,hunger,200,8,16,1,0
70000,hunger,200,8,20,3,0
70000,hunger,200,12,20,1,0
70000,hunger,200,12,24,3,0
70000,hunger,200,12,32,1,0
70000,hunger,200,16,16,2,0
70000,hunger,200,16,20,5,0
70000,hunger,200,16,24,11,0
70000,hunger,200,16,28,945,7
70000,hunger,200,16,32,9,0
70000,hunger,200,16,40,3,0
70000,hunger,200,16,48,1,0
70000,hunger,200,16,56,1,0
70000,hunger,200,20,36,4,0
70000,hunger,200,20,40,2,0
70000,hunger,200,24,24,3,0
70000,hunger,200,24,28,12,1
70000,hunger,200,24,32,8,0
70000,hunger,200,24,36,28,0
70000,hunger,200,24,40,41,0
70000,hunger,200,24,44,134,2
70000,hunger,200,24,48,2243,9
70000,hunger,200,24,52,6,0
70000,hunger,200,24,56,4,0
70000,hunger,200,24,60,1,0
70000,hunger,200,24,64,3,0
70000,hunger,200,24,68,2,0
70000,hunger,200,24,76,1,0
70000,hunger,200,28,56,1,0
70000,hunger,200,32,60,1,0
70000,hunger,200,32,68,1,0
70000,hunger,200,36,36,1,0
70000,hunger,200,36,40,2,0
70000,hunger,200,36,48,7,0
70000,hunger,200,36,52,9,0
70000,hunger,200,36,56,16,0
70000,hunger,200,36,60,21,1
70000,hunger,200,36,64,12,0
70000,hunger,200,36,68,496,8
70000,hunger,200,36,72,5,0
70000,hunger,200,36,76,1,0
70000,hunger,200,36,80,1,0
70000,hunger,200,36,140,1,0
70000,hunger,200,48,52,1,0
70000,hunger,200,48,64,2,0
70000,hunger,200,48,68,1,0
70000,hunger,200,48,72,2,0
70000,hunger,200,48,76,1,0
70000,hunger,200,48,84,1,0
70000,hunger,200,48,88,3,0
70000,hunger,200,48,92,4,0
70000,hunger,200,48,96,116,0
70000,hunger,200,64,84,1,0
70000,hunger,200,64,96,1,0
70000,hunger,200,64,100,1,0
70000,hunger,200,64,112,1,0
70000,hunger,200,64,124,40,0
70000,hunger,200,64,128,1,0
70000,hunger,200,68,136,1,0
70000,hunger,200,80,128,1,0
70000,hunger,200,80,160,9,0
70000,hunger,200,120,240,2,0
70000,hunger,250,8,12,1,0
70000,hunger,250,12,20,1,0
70000,hunger,250,12,28,2,0
70000,hunger,250,16,16,6,0
70000,hunger,250,16,20,5,0
70000,hunger,250,16,24,11,0
70000,hunger,250,16,28,704,2
70000,hunger,250,16,32,12,0
70000,hunger,250,16,36,3,0
70000,hunger,250,16,40,2,0
70000,hunger,250,16,44,3,0
70000,hunger,250,16,52,2,0
70000,hunger,250,16,56,1,0
70000,hunger,250,20,20,1,0
70000,hunger,250,20,36,1,0
70000,hunger,250,20,40,1,0
70000,hunger,250,20,44,3,0
70000,hunger,250,24,24,1,0
70000,hunger,250,24,28,5,0
70000,hunger,250,24,32,24,0
70000,hunger,250,24,36,31,0
70000,hunger,250,24,40,48,0
70000,hunger,250,24,44,141,0
70000,hunger,250,24,48,1985,14
70000,hunger,250,24,52,6,0
70000,hunger,250,24,56,3,0
70000,hunger,250,24,60,2,0
70000,hunger,250,24,64,5,0
70000,hunger,250,24,68,1,0
70000,hunger,250,24,76,1,0
70000,hunger,250,24,84,1,0
70000,hunger,250,32,64,1,0
70000,hunger,250,36,36,1,0
70000,hunger,250,36,40,2,0
70000,hunger,250,36,44,1,0
70000,hunger,250,36,48,5,0
70000,hunger,250,36,52,7,0
70000,hunger,250,36,56,7,0
70000,hunger,250,36,60,7,0
70000,hunger,250,36,64,20,0
70000,hunger,250,36,68,453,2
70000,hunger,250,36,72,4,0
70000,hunger,250,36,76,3,0
70000,hunger,250,36,84,2,0
70000,hunger,250,48,64,1,0
70000,hunger,250,48,72,1,0
70000,hunger,250,48,76,2,0
70000,hunger,250,48,80,1,0
70000,hunger,250,48,88,8,1
70000,hunger,250,48,92,6,0
70000,hunger,250,48,96,120,3
70000,hunger,250,48,104,1,0
70000,hunger,250,64,80,1,0
70000,hunger,250,64,96,1,0
70000,hunger,250,64,108,1,0
70000,hunger,250,64,112,1,0
70000,hunger,250,64,120,1,0
70000,hunger,250,64,124,34,1
70000,hunger,250,64,136,1,0
70000,hunger,250,80,136,1,0
70000,hunger,250,80,160,13,0
70000,hunger,250,100,168,1,0
70000,hunger,250,100,196,3,0
70000,hunger,250,100,200,1,0
70000,hunger,250,120,188,1,0
70000,hunger,250,144,284,1,0
70000,hunger,300,12,20,1,0
70000,hunger,300,12,24,2,0
70000,hunger,300,16,16,2,0
70000,hunger,300,16,20,5,0
70000,hunger,300,16,24,6,0
70000,hunger,300,16,28,522,7
70000,hunger,300,16,32,11,0
70000,hunger,300,16,36,2,0
70000,hunger,300,16,40,3,0
70000,hunger,300,16,44,1,0
70000,hunger,300,16,52,1,0
70000,hunger,300,16,60,1,0
70000,hunger,300,20,36,1,0
70000,hunger,300,20,40,1,0
70000,hunger,300,20,48,1,0
70000,hunger,300,24,24,1,0
70000,hunger,300,24,28,3,0
70000,hunger,300,24,32,9,1
70000,hunger,300,24,36,19,0
70000,hunger,300,24,40,39,1
70000,hunger,300,24,44,147,1
70000,hunger,300,24,48,1745,22
70000,hunger,300,24,52,2,0
70000,hunger,300,24,56,2,0
70000,hunger,300,24,60,2,0
70000,hunger,300,24,64,1,0
70000,hunger,300,24,68,2,0
70000,hunger,300,24,76,1,0
70000,hunger,300,24,80,1,0
70000,hunger,300,28,52,3,0
70000,hunger,300,32,64,1,0
70000,hunger,300,36,40,2,0
70000,hunger,300,36,44,4,0
70000,hunger,300,36,48,4,0
70000,hunger,300,36,52,3,0
70000,hunger,300,36,56,11,0
70000,hunger,300,36,60,10,0
70000,hunger,300,36,64,12,0
70000,hunger,300,36,68,418,8
70000,hunger,300,36,72,10,0
70000,hunger,300,36,76,1,0
70000,hunger,300,36,84,1,0
70000,hunger,300,36,96,1,0
70000,hunger,300,48,60,1,0
70000,hunger,300,48,72,1,0
70000,hunger,300,48,76,2,0
70000,hunger,300,48,80,2,0
70000,hunger,300,48,88,7,1
70000,hunger,300,48,92,2,0
70000,hunger,300,48,96,121,1
70000,hunger,300,48,128,1,0
70000,hunger,300,60,124,1,0
70000,hunger,300,64,100,1,0
70000,hunger,300,64,108,1,0
70000,hunger,300,64,112,1,0
70000,hunger,300,64,120,2,0
70000,hunger,300,64,124,45,0
70000,hunger,300,64,128,1,0
70000,hunger,300,64,132,1,0
70000,hunger,300,80,160,5,0
70000,hunger,300,100,196,3,0
70000,hunger,300,120,240,2,0
70000,hunger,350,12,16,1,0
70000,hunger,350,16,16,2,0
70000,hunger,350,16,20,1,0
70000,hunger,350,16,24,3,0
70000,hunger,350,16,28,379,3
70000,hunger,350,16,32,7,0
70000,hunger,350,16,36,2,0
70000,hunger,350,16,40,2,0
70000,hunger,350,16,44,2,0
70000,hunger,350,16,48,1,0
70000,hunger,350,16,56,2,0
70000,hunger,350,20,36,1,0
70000,hunger,350,20,44,1,0
70000,hunger,350,24,28,1,0
70000,hunger,350,24,32,7,0
70000,hunger,350,24,36,14,0
70000,hunger,350,24,40,40,0
70000,hunger,350,24,44,99,2
70000,hunger,350,24,48,1446,17
70000,hunger,350,24,52,4,0
70000,hunger,350,24,56,4,0
70000,hunger,350,24,60,2,0
70000,hunger,350,24,64,2,0
70000,hunger,350,24,68,1,0
70000,hunger,350,24,76,1,0
70000,hunger,350,24,84,2,0
70000,hunger,350,32,60,1,0
70000,hunger,350,32,68,1,0
70000,hunger,350,36,40,1,0
70000,hunger,350,36,44,4,0
70000,hunger,350,36,48,2,0
70000,hunger,350,36,52,2,0
70000,hunger,350,36,56,5,0
70000,hunger,350,36,60,13,0
70000,hunger,350,36,64,6,0
70000,hunger,350,36,68,347,10
70000,hunger,350,36,72,3,0
70000,hunger,350,36,76,1,0
70000,hunger,350,36,80,2,0
70000,hunger,350,36,84,2,0
70000,hunger,350,36,100,1,0
70000,hunger,350,40,80,1,0
70000,hunger,350,44,92,1,0
70000,hunger,350,48,60,1,0
70000,hunger,350,48,72,3,0
70000,hunger,350,48,76,2,0
70000,hunger,350,48,80,1,0
70000,hunger,350,48,84,1,0
70000,hunger,350,48,88,4,0
70000,hunger,350,48,92,2,0
70000,hunger,350,48,96,90,2
70000,hunger,350,48,104,1,0
70000,hunger,350,48,120,1,0
70000,hunger,350,48,124,1,0
70000,hunger,350,64,120,1,0
70000,hunger,350,64,124,32,1
70000,hunger,350,64,128,1,0
70000,hunger,350,64,140,1,0
70000,hunger,350,80,124,2,0
70000,hunger,350,80,156,1,0
70000,hunger,350,80,160,11,0
70000,hunger,350,100,180,1,0
70000,hunger,350,120,240,2,0
70000,hunger,350,168,336,1,0
70000,hunger,400,12,24,1,0
70000,hunger,400,16,24,3,0
70000,hunger,400,16,28,311,2
70000,hunger,400,16,32,6,0
70000,hunger,400,16,36,3,0
70000,hunger,400,16,40,1,0
70000,hunger,400,24,24,2,0
70000,hunger,400,24,28,5,0
70000,hunger,400,24,32,3,0
70000,hunger,400,24,36,6,0
70000,hunger,400,24,40,23,0
70000,hunger,400,24,44,84,1
70000,hunger,400,24,48,1058,17
70000,hunger,400,24,52,5,0
70000,hunger,400,24,56,3,0
70000,hunger,400,24,60,2,0
70000,hunger,400,24,68,1,0
70000,hunger,400,24,88,1,0
70000,hunger,400,24,96,1,0
70000,hunger,400,36,40,1,0
70000,hunger,400,36,44,1,0
70000,hunger,400,36,48,5,0
70000,hunger,400,36,56,4,0
70000,hunger,400,36,60,6,0
70000,hunger,400,36,64,6,0
70000,hunger,400,36,68,291,3
70000,hunger,400,36,72,2,0
70000,hunger,400,36,84,3,0
70000,hunger,400,36,100,1,0
70000,hunger,400,48,52,1,0
70000,hunger,400,48,60,1,0
70000,hunger,400,48,76,1,1
70000,hunger,400,48,84,1,0
70000,hunger,400,48,92,1,0
70000,hunger,400,48,96,85,2
70000,hunger,400,48,124,1,0
70000,hunger,400,64,72,1,0
70000,hunger,400,64,84,1,0
70000,hunger,400,64,120,1,0
70000,hunger,400,64,124,25,0
70000,hunger,400,64,132,1,0
70000,hunger,400,80,124,1,0
70000,hunger,400,80,156,1,0
70000,hunger,400,80,160,9,0
70000,hunger,400,120,240,1,0
70000,hunger,400,144,284,4,0
70000,hunger,400,168,336,1,0
70000,hunger,450,16,24,2,0
70000,hunger,450,16,28,233,2
70000,hunger,450,16,36,1,0
70000,hunger,450,16,48,2,0
70000,hunger,450,16,52,1,0
70000,hunger,450,16,56,1,0
70000,hunger,450,20,36,1,0
70000,hunger,450,20,44,1,0
70000,hunger,450,24,28,2,0
70000,hunger,450,24,32,10,0
70000,hunger,450,24,36,7,1
70000,hunger,450,24,40,15,0
70000,hunger,450,24,44,85,4
70000,hunger,450,24,48,826,8
70000,hunger,450,24,52,3,0
70000,hunger,450,24,56,1,0
70000,hunger,450,24,60,1,0
70000,hunger,450,24,64,1,0
70000,hunger,450,24,68,1,0
70000,hunger,450,24,80,1,0
70000,hunger,450,36,40,1,0
70000,hunger,450,36,44,2,0
70000,hunger,450,36,52,3,1
70000,hunger,450,36,56,1,0
70000,hunger,450,36,60,7,0
70000,hunger,450,36,64,7,0
70000,hunger,450,36,68,198,2
70000,hunger,450,36,72,4,0
70000,hunger,450,36,76,2,1
70000,hunger,450,36,84,1,0
70000,hunger,450,36,92,1,0
70000,hunger,450,48,68,1,0
70000,hunger,450,48,76,1,0
70000,hunger,450,48,84,1,0
70000,hunger,450,48,92,4,1
70000,hunger,450,48,96,65,1
70000,hunger,450,48,100,1,0
70000,hunger,450,64,116,2,0
70000,hunger,450,64,124,23,1
70000,hunger,450,64,128,2,0
70000,hunger,450,80,100,1,0
70000,hunger,450,80,140,1,0
70000,hunger,450,80,152,1,0
70000,hunger,450,80,160,8,1
70000,hunger,450,100,188,1,0
70000,hunger,450,100,196,3,0
70000,hunger,450,144,264,1,0
70000,hunger,450,144,284,1,0
70000,hunger,500,16,20,2,0
70000,hunger,500,16,24,1,0
70000,hunger,500,16,28,170,0
70000,hunger,500,16,36,2,0
70000,hunger,500,16,44,1,0
70000,hunger,500,16,48,1,0
70000,hunger,500,16,52,2,0
70000,hunger,500,24,24,1,0
70000,hunger,500,24,32,1,0
70000,hunger,500,24,36,4,0
70000,hunger,500,24,40,22,0
70000,hunger,500,24,44,56,2
70000,hunger,500,24,48,663,15
70000,hunger,500,24,52,4,0
70000,hunger,500,24,60,2,0
70000,hunger,500,24,64,2,0
70000,hunger,500,24,68,1,0
70000,hunger,500,24,72,1,0
70000,hunger,500,36,44,1,0
70000,hunger,500,36,52,1,0
70000,hunger,500,36,56,3,0
70000,hunger,500,36,60,3,0
70000,hunger,500,36,64,5,0
70000,hunger,500,36,68,157,8
70000,hunger,500,36,72,2,0
70000,hunger,500,36,84,1,0
70000,hunger,500,36,92,3,0
70000,hunger,500,36,96,1,0
70000,hunger,500,40,80,1,0
70000,hunger,500,48,80,2,0
70000,hunger,500,48,92,1,0
70000,hunger,500,48,96,40,3
70000,hunger,500,48,100,1,0
70000,hunger,500,48,104,1,0
70000,hunger,500,48,156,1,0
70000,hunger,500,60,120,1,0
70000,hunger,500,64,120,1,0
70000,hunger,500,64,124,20,1
70000,hunger,500,64,136,1,1
70000,hunger,500,80,140,2,0
70000,hunger,500,80,160,13,1
70000,hunger,500,80,216,1,0
70000,hunger,500,100,196,2,0
70000,hunger,500,144,284,1,0
70000,hunger,550,12,20,1,0
70000,hunger,550,16,28,110,4
70000,hunger,550,16,32,1,0
70000,hunger,550,16,36,1,1
70000,hunger,550,20,44,1,0
70000,hunger,550,24,32,1,0
70000,hunger,550,24,36,4,0
70000,hunger,550,24,40,10,1
70000,hunger,550,24,44,68,2
70000,hunger,550,24,48,537,11
70000,hunger,550,24,52,1,0
70000,hunger,550,24,56,1,0
70000,hunger,550,36,52,1,0
70000,hunger,550,36,56,1,0
70000,hunger,550,36,60,2,0
70000,hunger,550,36,64,4,0
70000,hunger,550,36,68,137,6
70000,hunger,550,36,72,2,0
70000,hunger,550,36,80,1,0
70000,hunger,550,36,84,1,1
70000,hunger,550,36,88,1,0
70000,hunger,550,40,80,1,0
70000,hunger,550,48,84,1,0
70000,hunger,550,48,88,2,0
70000,hunger,550,48,92,3,0
70000,hunger,550,48,96,34,3
70000,hunger,550,48,112,1,0
70000,hunger,550,64,124,18,1
70000,hunger,550,80,160,5,0
70000,hunger,550,100,196,1,0
70000,hunger,550,120,240,2,0
70000,hunger,550,144,284,1,0
70000,hunger,600,16,28,92,5
70000,hunger,600,16,52,1,0
70000,hunger,600,24,36,6,0
70000,hunger,600,24,40,8,1
70000,hunger,600,24,44,41,3
70000,hunger,600,24,48,423,13
70000,hunger,600,24,60,1,0
70000,hunger,600,24,64,1,0
70000,hunger,600,24,72,1,0
70000,hunger,600,24,76,1,0
70000,hunger,600,36,40,1,0
70000,hunger,600,36,44,1,0
70000,hunger,600,36,52,1,0
70000,hunger,600,36,56,1,1
70000,hunger,600,36,60,3,0
70000,hunger,600,36,64,4,0
70000,hunger,600,36,68,110,3
70000,hunger,600,36,72,1,0
70000,hunger,600,36,112,1,0
70000,hunger,600,48,72,1,0
70000,hunger,600,48,80,1,0
70000,hunger,600,48,92,1,0
70000,hunger,600,48,96,21,2
70000,hunger,600,48,100,1,0
70000,hunger,600,48,120,1,0
70000,hunger,600,48,148,1,0
70000,hunger,600,64,124,12,0
70000,hunger,600,64,184,1,0
70000,hunger,600,80,160,6,0
70000,hunger,600,100,196,1,0
70000,hunger,600,120,240,1,0
70000,hunger,650,12,28,1,0
70000,hunger,650,16,28,77,2
70000,hunger,650,16,44,1,0
70000,hunger,650,16,52,1,0
70000,hunger,650,24,32,1,0
70000,hunger,650,24,36,3,1
70000,hunger,650,24,40,7,0
70000,hunger,650,24,44,42,2
70000,hunger,650,24,48,320,9
70000,hunger,650,24,52,1,0
70000,hunger,650,24,56,1,0
70000,hunger,650,24,64,1,1
70000,hunger,650,24,76,1,0
70000,hunger,650,36,56,1,0
70000,hunger,650,36,64,4,0
70000,hunger,650,36,68,74,3
70000,hunger,650,36,72,1,0
70000,hunger,650,36,108,1,0
70000,hunger,650,48,80,1,0
70000,hunger,650,48,88,2,0
70000,hunger,650,48,96,28,1
70000,hunger,650,48,116,1,0
70000,hunger,650,64,116,1,0
70000,hunger,650,64,124,8,0
70000,hunger,650,80,136,1,0
70000,hunger,650,80,156,1,0
70000,hunger,650,80,160,2,0
70000,hunger,650,100,192,1,0
70000,hunger,650,100,196,1,0
70000,hunger,650,120,240,2,0
70000,hunger,650,144,284,1,0
70000,hunger,700,16,28,56,1
70000,hunger,700,16,36,1,0
70000,hunger,700,16,52,1,0
70000,hunger,700,24,36,1,0
70000,hunger,700,24,40,5,0
70000,hunger,700,24,44,33,0
70000,hunger,700,24,48,297,11
70000,hunger,700,24,52,1,0
70000,hunger,700,24,56,1,0
70000,hunger,700,24,76,1,0
70000,hunger,700,28,56,1,0
70000,hunger,700,32,68,1,0
70000,hunger,700,36,52,1,0
70000,hunger,700,36,56,1,0
70000,hunger,700,36,60,2,0
70000,hunger,700,36,68,65,3
70000,hunger,700,36,72,4,0
70000,hunger,700,36,88,1,0
70000,hunger,700,36,92,1,0
70000,hunger,700,36,104,1,0
70000,hunger,700,48,96,18,0
70000,hunger,700,48,108,1,0
70000,hunger,700,48,140,1,0
70000,hunger,700,64,116,1,0
70000,hunger,700,64,124,2,0
70000,hunger,700,64,188,1,0
70000,hunger,700,80,160,3,0
70000,hunger,700,100,196,1,0
70000,hunger,750,12,32,1,0
70000,hunger,750,16,28,44,2
70000,hunger,750,16,32,2,0
70000,hunger,750,16,40,1,0
70000,hunger,750,24,32,1,0
70000,hunger,750,24,36,1,0
70000,hunger,750,24,40,2,0
70000,hunger,750,24,44,33,2
70000,hunger,750,24,48,220,9
70000,hunger,750,24,64,1,0
70000,hunger,750,24,72,1,0
70000,hunger,750,36,56,1,0
70000,hunger,750,36,64,4,2
70000,hunger,750,36,68,56,2
70000,hunger,750,36,72,1,0
70000,hunger,750,36,76,1,0
70000,hunger,750,36,80,1,0
70000,hunger,750,36,92,1,0
70000,hunger,750,48,68,2,0
70000,hunger,750,48,96,19,2
70000,hunger,750,48,124,1,1
70000,hunger,750,64,124,2,0
70000,hunger,750,64,152,1,0
70000,hunger,750,64,176,1,0
70000,hunger,750,80,160,2,0
70000,hunger,750,120,240,1,0
70000,hunger,750,120,256,1,0
70000,hunger,800,16,28,38,1
70000,hunger,800,16,44,1,0
70000,hunger,800,24,36,1,1
70000,hunger,800,24,40,3,0
70000,hunger,800,24,44,30,2
70000,hunger,800,24,48,174,3
70000,hunger,800,24,52,1,0
70000,hunger,800,24,56,1,0
70000,hunger,800,24,60,1,0
70000,hunger,800,24,72,1,0
70000,hunger,800,24,76,1,0
70000,hunger,800,24,92,1,0
70000,hunger,800,36,60,3,0
70000,hunger,800,36,64,2,0
70000,hunger,800,36,68,44,1
70000,hunger,800,36,92,1,0
70000,hunger,800,36,100,2,1
70000,hunger,800,36,124,1,0
70000,hunger,800,48,96,9,0
70000,hunger,800,64,116,1,0
70000,hunger,800,64,124,5,1
70000,hunger,800,100,196,1,0
70000,hunger,850,16,28,33,1
70000,hunger,850,16,32,1,0
70000,hunger,850,16,36,1,0
70000,hunger,850,24,28,1,0
70000,hunger,850,24,36,1,0
70000,hunger,850,24,40,3,0
70000,hunger,850,24,44,26,1
70000,hunger,850,24,48,152,9
70000,hunger,850,24,72,1,0
70000,hunger,850,36,64,2,0
70000,hunger,850,36,68,39,3
70000,hunger,850,48,96,8,2
70000,hunger,850,64,108,1,0
70000,hunger,850,64,116,1,0
70000,hunger,850,64,124,2,0
70000,hunger,900,16,28,26,1
70000,hunger,900,16,32,1,0
70000,hunger,900,24,40,4,0
70000,hunger,900,24,44,25,3
70000,hunger,900,24,48,116,8
70000,hunger,900,24,64,1,0
70000,hunger,900,24,68,1,0
70000,hunger,900,36,68,28,1
70000,hunger,900,36,80,1,0
70000,hunger,900,36,112,1,0
70000,hunger,900,48,96,13,1
70000,hunger,900,64,120,1,0
70000,hunger,900,64,180,1,0
70000,hunger,950,16,28,17,2
70000,hunger,950,20,44,1,0
70000,hunger,950,24,36,1,0
70000,hunger,950,24,40,2,0
70000,hunger,950,24,44,14,0
70000,hunger,950,24,48,120,5
70000,hunger,950,24,60,4,0
70000,hunger,950,24,76,1,0
70000,hunger,950,24,84,1,0
70000,hunger,950,36,56,1,0
70000,hunger,950,36,68,25,1
70000,hunger,950,36,88,1,0
70000,hunger,950,48,88,1,0
70000,hunger,950,48,96,8,0
70000,hunger,950,64,128,1,0
70000,hunger,950,100,196,1,1
70000,hunger,1000,16,28,17,1
70000,hunger,1000,24,36,1,0
70000,hunger,1000,24,40,4,0
70000,hunger,1000,24,44,15,0
70000,hunger,1000,24,48,92,5
70000,hunger,1000,24,60,1,0
70000,hunger,1000,36,56,1,0
70000,hunger,1000,36,64,1,0
70000,hunger,1000,36,68,23,2
70000,hunger,1000,48,96,11,1
70000,hunger,1000,64,124,2,0
70000,hunger,1000,80,160,3,0
70000,hunger,1050,12,28,1,0
70000,hunger,1050,16,28,9,1
70000,hunger,1050,16,32,2,0
70000,hunger,1050,24,40,3,1
70000,hunger,1050,24,44,15,5
70000,hunger,1050,24,48,85,7
70000,hunger,1050,24,68,1,0
70000,hunger,1050,36,64,1,0
70000,hunger,1050,36,68,20,1
70000,hunger,1050,36,108,1,0
70000,hunger,1050,48,92,1,0
70000,hunger,1050,48,96,4,0
70000,hunger,1050,60,120,1,0
70000,hunger,1100,16,28,22,2
70000,hunger,1100,24,40,3,1
70000,hunger,1100,24,44,12,2
70000,hunger,1100,24,48,71,6
70000,hunger,1100,24,52,1,0
70000,hunger,1100,24,56,1,0
70000,hunger,1100,36,56,1,0
70000,hunger,1100,36,68,13,1
70000,hunger,1100,48,96,7,0
70000,hunger,1100,64,124,1,0
70000,hunger,1100,64,192,1,1
70000,hunger,1100,80,160,1,0
70000,hunger,1100,80,176,1,0
70000,hunger,1150,16,28,14,0
70000,hunger,1150,24,36,1,0
70000,hunger,1150,24,44,18,3
70000,hunger,1150,24,48,66,5
70000,hunger,1150,24,52,1,0
70000,hunger,1150,24,72,1,0
70000,hunger,1150,36,64,1,0
70000,hunger,1150,36,68,8,0
70000,hunger,1150,44,88,1,0
70000,hunger,1150,48,92,1,0
70000,hunger,1150,48,96,1,0
70000,hunger,1150,64,212,1,0
70000,hunger,1150,80,160,1,0
70000,hunger,1200,16,28,6,0
70000,hunger,1200,16,56,1,0
70000,hunger,1200,24,40,1,0
70000,hunger,1200,24,44,21,6
70000,hunger,1200,24,48,48,7
70000,hunger,1200,24,52,1,0
70000,hunger,1200,36,68,14,1
70000,hunger,1200,48,96,1,0
70000,hunger,1250,16,28,11,2
70000,hunger,1250,24,40,1,0
70000,hunger,1250,24,44,14,0
70000,hunger,1250,24,48,35,3
70000,hunger,1250,36,56,1,0
70000,hunger,1250,36,68,6,1
70000,hunger,1250,48,96,3,1
70000,hunger,1300,16,28,9,2
70000,hunger,1300,24,44,17,2
70000,hunger,1300,24,48,33,7
70000,hunger,1300,24,52,1,0
70000,hunger,1300,24,84,1,1
70000,hunger,1300,36,60,3,0
70000,hunger,1300,36,68,7,1
70000,hunger,1300,36,84,1,0
70000,hunger,1300,36,88,1,0
70000,hunger,1300,48,96,1,0
70000,hunger,1350,16,28,1,0
70000,hunger,1350,24,36,1,1
70000,hunger,1350,24,40,1,0
70000,hunger,1350,24,44,10,2
70000,hunger,1350,24,48,27,2
70000,hunger,1350,24,64,1,0
70000,hunger,1350,24,88,1,0
70000,hunger,1350,36,68,5,2
70000,hunger,1350,48,96,1,0
70000,hunger,1350,64,124,1,0
70000,hunger,1350,80,160,1,0
70000,hunger,1400,16,28,1,0
70000,hunger,1400,24,44,7,0
70000,hunger,1400,24,48,24,1
70000,hunger,1400,36,68,7,1
70000,hunger,1400,48,96,3,0
70000,hunger,1450,16,28,4,0
70000,hunger,1450,24,44,11,5
70000,hunger,1450,24,48,28,4
70000,hunger,1450,36,56,1,0
70000,hunger,1450,36,68,5,0
70000,hunger,1450,48,96,1,0
70000,hunger,1450,60,124,1,1
70000,hunger,1450,64,124,1,0
70000,hunger,1450,80,160,1,0
70000,hunger,1500,16,28,2,0
70000,hunger,1500,16,44,1,1
70000,hunger,1500,16,48,1,0
70000,hunger,1500,24,44,6,1
70000,hunger,1500,24,48,26,4
70000,hunger,1500,36,68,2,0
70000,hunger,1550,16,28,2,1
70000,hunger,1550,24,40,2,0
70000,hunger,1550,24,44,8,4
70000,hunger,1550,24,48,17,2
70000,hunger,1550,24,92,1,1
70000,hunger,1550,36,68,3,0
70000,hunger,1550,36,96,1,0
70000,hunger,1550,48,96,1,0
70000,hunger,1600,16,28,2,0
70000,hunger,1600,24,44,3,0
70000,hunger,1600,24,48,13,2
70000,hunger,1600,36,68,2,0
70000,hunger,1600,48,96,1,0
70000,hunger,1650,16,28,1,0
70000,hunger,1650,24,44,6,2
70000,hunger,1650,24,48,17,7
70000,hunger,1650,36,68,3,0
70000,hunger,1650,48,96,1,0
70000,hunger,1700,24,44,5,0
70000,hunger,1700,24,48,6,0
70000,hunger,1700,24,84,1,0
70000,hunger,1700,36,88,1,0
70000,hunger,1700,48,96,1,1
70000,hunger,1750,16,28,3,0
70000,hunger,1750,24,44,10,0
70000,hunger,1750,24,48,10,2
70000,hunger,1750,24,92,1,0
70000,hunger,1750,36,68,1,0
70000,hunger,1800,16,28,1,0
70000,hunger,1800,24,44,4,1
70000,hunger,1800,24,48,3,1
70000,hunger,1800,36,68,3,0
70000,hunger,1800,48,96,2,2
70000,hunger,1850,24,44,2,0
70000,hunger,1850,24,48,4,0
70000,hunger,1850,36,56,1,0
70000,hunger,1850,36,88,1,0
70000,hunger,1900,16,28,1,1
70000,hunger,1900,24,36,1,1
70000,hunger,1900,24,44,5,1
70000,hunger,1900,24,48,10,2
70000,hunger,1900,24,60,1,0
70000,hunger,1900,36,56,1,1
70000,hunger,1900,48,96,1,0
70000,hunger,1950,24,44,5,1
70000,hunger,1950,24,48,5,0
70000,hunger,1950,36,68,4,1
70000,hunger,1950,48,96,1,0
70000,hunger,2000,16,28,3,1
70000,hunger,2000,24,44,4,4
70000,hunger,2000,24,48,4,2
70000,hunger,2000,24,72,1,1
70000,hunger,2050,16,28,1,0
70000,hunger,2050,24,44,2,1
70000,hunger,2050,24,48,7,3
70000,hunger,2050,32,64,1,1
70000,hunger,2050,36,68,3,1
70000,hunger,2100,24,44,1,0
70000,hunger,2100,24,48,7,3
70000,hunger,2100,36,68,2,0
70000,hunger,2100,48,96,1,1
70000,hunger,2150,24,44,2,1
70000,hunger,2150,24,48,2,1
70000,hunger,2150,36,68,1,1
70000,hunger,2200,24,44,3,2
70000,hunger,2200,24,48,2,0
70000,hunger,2200,36,68,2,2
70000,hunger,2200,48,96,1,0
70000,hunger,2250,16,28,1,0
70000,hunger,2250,24,48,3,1
70000,hunger,2250,36,68,3,2
70000,hunger,2300,24,44,1,0
70000,hunger,2300,24,48,2,1
70000,hunger,2300,48,96,1,0
70000,hunger,2300,48,132,1,1
70000,hunger,2350,24,44,2,1
70000,hunger,2350,24,48,2,1
70000,hunger,2350,36,68,1,1
70000,hunger,2400,24,48,2,1
70000,hunger,2450,24,44,1,0
70000,hunger,2450,24,48,1,1
70000,hunger,2450,36,68,1,1
70000,hunger,2500,24,44,1,1
70000,hunger,2550,16,28,1,1
70000,hunger,2550,24,44,2,2
70000,hunger,2600,24,44,1,1
70000,hunger,2600,24,48,1,1
70000,hunger,2600,48,96,2,1
70000,hunger,2650,24,44,2,2
70000,hunger,2650,24,48,1,1
70000,hunger,2700,36,68,1,1
70000,hunger,2750,24,44,1,1
70000,hunger,2750,36,68,1,0
70000,hunger,2800,24,44,2,1
70000,hunger,2900,24,44,1,1
70000,hunger,3050,24,44,1,1
70000,hunger,3050,28,52,1,1
70000,hunger,3150,24,48,1,1
70000,hunger,3150,48,96,1,1
70000,hunger,3300,36,68,1,1
70000,hunger,3550,80,160,1,1
70000,hunger,3600,36,68,1,1
70000,hunger,3700,36,68,1,1
70000,broken,0,0,0,1,0
70000,broken,0,0,4,1,0
70000,broken,0,4,4,1,0
70000,broken,0,4,8,1,0
70000,broken,0,4,12,1,0
70000,broken,0,8,12,1,0
70000,broken,0,8,16,1,0
70000,broken,0,12,20,2,0
70000,broken,0,12,24,3,0
70000,broken,0,12,28,3,0
70000,broken,0,16,12,3,0
70000,broken,0,16,16,12,0
70000,broken,0,16,20,5,0
70000,broken,0,16,24,18,0
70000,broken,0,16,28,945,0
70000,broken,0,16,32,1,0
70000,broken,0,24,24,20,0
70000,broken,0,24,28,7,0
70000,broken,0,24,32,11,0
70000,broken,0,24,36,19,0
70000,broken,0,24,40,27,0
70000,broken,0,24,44,71,0
70000,broken,0,24,48,1312,1
70000,broken,0,24,52,1,0
70000,broken,0,36,32,1,0
70000,broken,0,36,40,1,0
70000,broken,0,36,44,1,0
70000,broken,0,36,56,2,0
70000,broken,0,36,60,3,0
70000,broken,0,36,64,4,0
70000,broken,0,36,68,113,0
70000,broken,0,36,76,1,0
70000,broken,0,48,60,1,0
70000,broken,0,48,88,1,0
70000,broken,0,48,92,1,0
70000,broken,0,48,96,18,0
70000,broken,0,64,124,1,0
70000,broken,0,80,160,1,0
70000,broken,50,0,0,2,0
70000,broken,50,4,12,1,0
70000,broken,50,12,24,2,0
70000,broken,50,12,28,3,0
70000,broken,50,16,12,2,0
70000,broken,50,16,16,5,0
70000,broken,50,16,20,7,0
70000,broken,50,16,24,13,0
70000,broken,50,16,28,611,1
70000,broken,50,16,36,2,0
70000,broken,50,20,44,1,0
70000,broken,50,24,24,3,0
70000,broken,50,24,28,5,0
70000,broken,50,24,32,8,0
70000,broken,50,24,36,8,0
70000,broken,50,24,40,21,0
70000,broken,50,24,44,65,1
70000,broken,50,24,48,1105,4
70000,broken,50,28,60,1,0
70000,broken,50,36,32,1,0
70000,broken,50,36,44,1,0
70000,broken,50,36,52,4,0
70000,broken,50,36,56,2,0
70000,broken,50,36,60,1,0
70000,broken,50,36,64,3,0
70000,broken,50,36,68,175,0
70000,broken,50,36,72,1,0
70000,broken,50,44,88,1,0
70000,broken,50,48,72,1,0
70000,broken,50,48,76,1,0
70000,broken,50,48,88,1,0
70000,broken,50,48,96,25,0
70000,broken,50,64,124,4,0
70000,broken,50,80,160,2,0
70000,broken,50,144,284,1,0
70000,broken,100,4,8,2,0
70000,broken,100,8,16,1,0
70000,broken,100,8,20,1,0
70000,broken,100,12,24,2,0
70000,broken,100,12,28,1,0
70000,broken,100,16,16,1,0
70000,broken,100,16,20,2,0
70000,broken,100,16,24,6,0
70000,broken,100,16,28,497,1
70000,broken,100,16,32,1,0
70000,broken,100,16,36,2,0
70000,broken,100,20,36,1,0
70000,broken,100,24,24,3,0
70000,broken,100,24,28,2,0
70000,broken,100,24,32,5,0
70000,broken,100,24,36,6,0
70000,broken,100,24,40,11,0
70000,broken,100,24,44,29,0
70000,broken,100,24,48,998,2
70000,broken,100,36,44,1,0
70000,broken,100,36,48,1,0
70000,broken,100,36,56,3,0
70000,broken,100,36,60,5,0
70000,broken,100,36,64,4,0
70000,broken,100,36,68,168,2
70000,broken,100,36,72,1,0
70000,broken,100,48,88,2,0
70000,broken,100,48,92,1,0
70000,broken,100,48,96,39,1
70000,broken,100,64,100,1,0
70000,broken,100,64,116,1,0
70000,broken,100,64,124,9,0
70000,broken,100,80,160,4,0
70000,broken,150,12,28,1,0
70000,broken,150,16,20,1,0
70000,broken,150,16,24,4,0
70000,broken,150,16,28,322,0
70000,broken,150,20,40,1,0
70000,broken,150,24,28,5,0
70000,broken,150,24,32,6,0
70000,broken,150,24,36,13,0
70000,broken,150,24,40,11,0
70000,broken,150,24,44,38,0
70000,broken,150,24,48,798,3
70000,broken,150,36,44,2,0
70000,broken,150,36,56,1,0
70000,broken,150,36,60,5,0
70000,broken,150,36,64,4,0
70000,broken,150,36,68,142,0
70000,broken,150,36,72,1,0
70000,broken,150,48,64,1,0
70000,broken,150,48,72,1,0
70000,broken,150,48,80,1,0
70000,broken,150,48,88,2,0
70000,broken,150,48,92,1,0
70000,broken,150,48,96,27,0
70000,broken,150,64,92,1,0
70000,broken,150,64,108,1,0
70000,broken,150,64,124,5,0
70000,broken,150,76,156,1,0
70000,broken,150,80,160,2,0
70000,broken,150,120,240,1,0
70000,broken,200,4,8,2,0
70000,broken,200,12,16,1,0
70000,broken,200,12,28,2,0
70000,broken,200,16,24,3,0
70000,broken,200,16,28,254,0
70000,broken,200,24,24,1,0
70000,broken,200,24,28,5,0
70000,broken,200,24,32,2,0
70000,broken,200,24,36,3,0
70000,broken,200,24,40,9,0
70000,broken,200,24,44,28,1
70000,broken,200,24,48,625,2
70000,broken,200,36,40,1,0
70000,broken,200,36,48,1,0
70000,broken,200,36,52,1,0
70000,broken,200,36,56,1,0
70000,broken,200,36,60,1,0
70000,broken,200,36,64,4,0
70000,broken,200,36,68,134,1
70000,broken,200,48,72,1,0
70000,broken,200,48,88,1,0
70000,broken,200,48,92,1,0
70000,broken,200,48,96,26,0
70000,broken,200,64,116,2,1
70000,broken,200,64,124,7,0
70000,broken,200,80,160,2,0
70000,broken,200,100,196,2,0
70000,broken,250,12,24,1,0
70000,broken,250,16,20,1,0
70000,broken,250,16,24,2,0
70000,broken,250,16,28,198,0
70000,broken,250,24,32,1,0
70000,broken,250,24,36,5,0
70000,broken,250,24,40,7,0
70000,broken,250,24,44,23,0
70000,broken,250,24,48,505,3
70000,broken,250,36,48,1,0
70000,broken,250,36,52,1,0
70000,broken,250,36,56,1,0
70000,broken,250,36,60,3,0
70000,broken,250,36,64,4,0
70000,broken,250,36,68,101,1
70000,broken,250,48,88,2,0
70000,broken,250,48,96,25,0
70000,broken,250,64,80,1,0
70000,broken,250,64,124,9,0
70000,broken,250,80,120,1,0
70000,broken,250,80,160,2,0
70000,broken,250,100,168,1,0
70000,broken,250,120,240,1,0
70000,broken,300,12,24,1,0
70000,broken,300,16,16,1,0
70000,broken,300,16,20,1,0
70000,broken,300,16,28,139,2
70000,broken,300,24,36,2,0
70000,broken,300,24,40,4,0
70000,broken,300,24,44,20,0
70000,broken,300,24,48,427,4
70000,broken,300,36,48,1,0
70000,broken,300,36,52,2,0
70000,broken,300,36,56,1,0
70000,broken,300,36,60,2,0
70000,broken,300,36,64,2,0
70000,broken,300,36,68,90,1
70000,broken,300,48,92,2,0
70000,broken,300,48,96,19,0
70000,broken,300,64,124,10,0
70000,broken,300,64,136,1,0
70000,broken,300,80,160,2,0
70000,broken,300,100,196,2,0
70000,broken,350,12,20,1,0
70000,broken,350,12,24,1,0
70000,broken,350,16,20,1,0
70000,broken,350,16,24,1,0
70000,broken,350,16,28,124,0
70000,broken,350,16,32,1,0
70000,broken,350,20,44,1,0
70000,broken,350,24,36,1,0
70000,broken,350,24,40,2,0
70000,broken,350,24,44,15,0
70000,broken,350,24,48,349,4
70000,broken,350,36,52,1,0
70000,broken,350,36,56,2,0
70000,broken,350,36,64,1,0
70000,broken,350,36,68,60,0
70000,broken,350,48,68,1,0
70000,broken,350,48,88,2,0
70000,broken,350,48,92,1,0
70000,broken,350,48,96,17,0
70000,broken,350,64,112,1,0
70000,broken,350,64,124,7,0
70000,broken,350,80,160,2,0
70000,broken,400,16,20,1,0
70000,broken,400,16,24,1,0
70000,broken,400,16,28,66,0
70000,broken,400,16,36,1,0
70000,broken,400,24,32,1,0
70000,broken,400,24,40,5,0
70000,broken,400,24,44,14,0
70000,broken,400,24,48,258,2
70000,broken,400,36,60,2,0
70000,broken,400,36,68,66,1
70000,broken,400,48,96,11,0
70000,broken,400,64,124,2,0
70000,broken,400,80,160,3,0
70000,broken,450,16,28,67,0
70000,broken,450,24,36,1,0
70000,broken,450,24,40,2,1
70000,broken,450,24,44,10,0
70000,broken,450,24,48,243,8
70000,broken,450,36,60,1,0
70000,broken,450,36,64,4,0
70000,broken,450,36,68,36,1
70000,broken,450,48,88,1,0
70000,broken,450,48,92,1,0
70000,broken,450,48,96,11,0
70000,broken,450,64,124,8,0
70000,broken,450,100,196,1,0
70000,broken,500,12,28,1,0
70000,broken,500,16,28,51,1
70000,broken,500,24,28,1,0
70000,broken,500,24,36,1,0
70000,broken,500,24,40,1,0
70000,broken,500,24,44,3,0
70000,broken,500,24,48,192,1
70000,broken,500,36,48,1,0
70000,broken,500,36,64,1,0
70000,broken,500,36,68,27,0
70000,broken,500,48,72,1,0
70000,broken,500,48,96,16,0
70000,broken,500,64,116,1,0
70000,broken,500,64,124,7,1
70000,broken,550,16,28,38,1
70000,broken,550,16,32,1,0
70000,broken,550,24,36,2,0
70000,broken,550,24,40,3,0
70000,broken,550,24,44,10,0
70000,broken,550,24,48,149,0
70000,broken,550,36,68,19,2
70000,broken,550,48,96,9,2
70000,broken,550,64,124,3,0
70000,broken,550,100,196,2,1
70000,broken,600,16,28,36,0
70000,broken,600,24,32,1,0
70000,broken,600,24,44,8,2
70000,broken,600,24,48,110,5
70000,broken,600,36,52,1,0
70000,broken,600,36,68,21,0
70000,broken,600,48,96,4,0
70000,broken,600,80,156,1,0
70000,broken,600,80,160,2,0
70000,broken,600,120,240,1,0
70000,broken,650,16,28,26,2
70000,broken,650,24,36,1,0
70000,broken,650,24,40,1,0
70000,broken,650,24,44,9,0
70000,broken,650,24,48,99,4
70000,broken,650,36,64,1,0
70000,broken,650,36,68,24,1
70000,broken,650,48,96,3,0
70000,broken,650,64,124,1,0
70000,broken,650,80,156,1,0
70000,broken,700,16,24,1,0
70000,broken,700,16,28,20,0
70000,broken,700,24,36,1,0
70000,broken,700,24,44,5,1
70000,broken,700,24,48,83,4
70000,broken,700,36,68,15,0
70000,broken,700,48,96,6,1
70000,broken,700,64,124,2,0
70000,broken,700,80,160,1,0
70000,broken,700,100,196,1,0
70000,broken,750,16,28,21,2
70000,broken,750,24,40,1,0
70000,broken,750,24,44,2,0
70000,broken,750,24,48,62,1
70000,broken,750,36,68,9,1
70000,broken,750,48,88,1,0
70000,broken,750,48,96,4,1
70000,broken,750,64,124,3,1
70000,broken,750,80,160,1,0
70000,broken,800,16,20,1,1
70000,broken,800,16,28,18,0
70000,broken,800,24,44,4,1
70000,broken,800,24,48,57,2
70000,broken,800,36,64,1,1
70000,broken,800,36,68,5,0
70000,broken,800,48,96,1,0
70000,broken,800,64,124,4,0
70000,broken,850,16,28,13,0
70000,broken,850,24,44,2,0
70000,broken,850,24,48,48,2
70000,broken,850,36,68,5,0
70000,broken,850,48,96,4,0
70000,broken,900,16,28,7,0
70000,broken,900,16,32,1,0
70000,broken,900,24,40,1,0
70000,broken,900,24,44,2,0
70000,broken,900,24,48,40,4
70000,broken,900,36,68,6,0
70000,broken,900,48,96,1,0
70000,broken,900,64,124,1,0
70000,broken,950,16,28,8,0
70000,broken,950,24,44,5,0
70000,broken,950,24,48,30,1
70000,broken,950,36,68,5,0
70000,broken,950,48,72,1,0
70000,broken,950,120,240,1,0
70000,broken,1000,16,28,7,0
70000,broken,1000,24,40,1,0
70000,broken,1000,24,44,2,0
70000,broken,1000,24,48,31,0
70000,broken,1000,36,52,1,0
70000,broken,1000,36,68,4,1
70000,broken,1000,80,160,1,0
70000,broken,1050,16,28,5,0
70000,broken,1050,24,40,2,0
70000,broken,1050,24,44,3,0
70000,broken,1050,24,48,23,1
70000,broken,1050,36,68,3,0
70000,broken,1050,48,96,2,0
70000,broken,1050,80,160,1,0
70000,broken,1100,16,28,7,0
70000,broken,1100,24,44,1,0
70000,broken,1100,24,48,20,1
70000,broken,1100,36,68,4,0
70000,broken,1100,48,96,1,0
70000,broken,1100,80,160,1,0
70000,broken,1150,16,28,2,0
70000,broken,1150,24,44,1,0
70000,broken,1150,24,48,13,0
70000,broken,1150,36,64,1,0
70000,broken,1150,36,68,7,1
70000,broken,1150,48,96,1,0
70000,broken,1150,120,240,1,0
70000,broken,1200,16,28,3,0
70000,broken,1200,24,44,3,0
70000,broken,1200,24,48,10,1
70000,broken,1200,36,68,3,0
70000,broken,1250,16,28,2,0
70000,broken,1250,24,48,9,1
70000,broken,1250,36,68,2,0
70000,broken,1300,16,28,2,1
70000,broken,1300,24,44,2,0
70000,broken,1300,24,48,8,0
70000,broken,1300,36,68,2,0
70000,broken,1350,16,28,1,0
70000,broken,1350,24,44,2,0
70000,broken,1350,24,48,5,1
70000,broken,1350,36,68,2,1
70000,broken,1350,48,96,1,0
70000,broken,1400,16,28,1,0
70000,broken,1400,24,48,4,0
70000,broken,1450,16,28,1,0
70000,broken,1450,24,44,1,0
70000,broken,1450,24,48,6,1
70000,broken,1450,36,68,2,0
70000,broken,1500,24,44,2,0
70000,broken,1500,24,48,9,2
70000,broken,1500,36,68,2,0
70000,broken,1550,24,32,1,1
70000,broken,1550,24,44,1,0
70000,broken,1550,24,48,3,1
70000,broken,1550,36,56,1,0
70000,broken,1550,36,68,1,1
70000,broken,1600,24,44,1,0
70000,broken,1600,24,48,5,1
70000,broken,1600,36,68,1,0
70000,broken,1600,64,124,1,0
70000,broken,1650,24,44,1,0
70000,broken,1650,24,48,5,1
70000,broken,1700,16,28,1,0
70000,broken,1700,24,48,3,1
70000,broken,1700,100,196,1,0
70000,broken,1750,24,44,1,1
70000,broken,1750,36,68,1,0
70000,broken,1800,16,28,1,0
70000,broken,1800,24,40,1,0
70000,broken,1800,24,48,2,0
70000,broken,1850,24,48,3,2
70000,broken,1900,24,44,2,1
70000,broken,1900,24,48,1,1
70000,broken,1950,24,48,2,0
70000,broken,2050,16,28,1,1
70000,broken,2050,24,44,1,0
70000,broken,2050,24,48,2,0
70000,broken,2100,24,44,1,0
70000,broken,2100,36,68,1,0
70000,broken,2150,24,48,1,0
70000,broken,2150,36,68,1,1
70000,broken,2250,24,48,1,1
70000,broken,2350,24,44,1,1
70000,broken,2500,24,44,1,1
70000,broken,2600,24,44,1,1
70000,broken,2850,36,68,1,1
70000,broken,3450,24,44,1,1
80000,hunger,0,16,20,1,0
80000,hunger,0,16,28,29,0
80000,hunger,0,16,32,2,0
80000,hunger,0,24,24,1,0
80000,hunger,0,24,36,2,0
80000,hunger,0,24,40,7,0
80000,hunger,0,24,44,9,0
80000,hunger,0,24,48,104,0
80000,hunger,0,36,36,1,0
80000,hunger,0,36,40,3,0
80000,hunger,0,36,52,1,0
80000,hunger,0,36,56,2,0
80000,hunger,0,36,64,1,0
80000,hunger,0,36,68,56,0
80000,hunger,0,48,68,1,0
80000,hunger,0,48,96,18,0
80000,hunger,0,64,104,1,0
80000,hunger,0,64,108,1,0
80000,hunger,0,64,124,11,0
80000,hunger,0,64,164,1,0
80000,hunger,0,80,124,1,0
80000,hunger,0,80,156,1,0
80000,hunger,0,80,160,7,1
80000,hunger,0,100,160,1,0
80000,hunger,0,100,196,1,0
80000,hunger,50,0,4,1,0
80000,hunger,50,4,4,1,0
80000,hunger,50,12,24,1,0
80000,hunger,50,16,12,1,0
80000,hunger,50,16,16,1,0
80000,hunger,50,16,20,5,0
80000,hunger,50,16,24,9,0
80000,hunger,50,16,28,106,0
80000,hunger,50,16,32,4,0
80000,hunger,50,16,36,1,0
80000,hunger,50,16,40,1,0
80000,hunger,50,20,44,1,0
80000,hunger,50,24,24,7,0
80000,hunger,50,24,28,5,0
80000,hunger,50,24,32,8,0
80000,hunger,50,24,36,12,0
80000,hunger,50,24,40,24,0
80000,hunger,50,24,44,30,0
80000,hunger,50,24,48,400,0
80000,hunger,50,24,52,4,0
80000,hunger,50,24,60,1,0
80000,hunger,50,24,68,2,0
80000,hunger,50,24,72,2,0
80000,hunger,50,24,88,1,0
80000,hunger,50,36,32,4,0
80000,hunger,50,36,36,3,0
80000,hunger,50,36,40,2,0
80000,hunger,50,36,44,2,0
80000,hunger,50,36,48,6,0
80000,hunger,50,36,52,6,0
80000,hunger,50,36,56,5,0
80000,hunger,50,36,60,3,0
80000,hunger,50,36,64,6,0
80000,hunger,50,36,68,174,0
80000,hunger,50,36,72,10,0
80000,hunger,50,36,76,2,0
80000,hunger,50,36,80,1,0
80000,hunger,50,36,88,2,0
80000,hunger,50,36,92,1,0
80000,hunger,50,48,48,4,0
80000,hunger,50,48,52,2,0
80000,hunger,50,48,56,1,0
80000,hunger,50,48,60,2,0
80000,hunger,50,48,64,1,0
80000,hunger,50,48,68,4,0
80000,hunger,50,48,76,3,0
80000,hunger,50,48,80,1,0
80000,hunger,50,48,84,3,0
80000,hunger,50,48,88,2,0
80000,hunger,50,48,92,4,0
80000,hunger,50,48,96,77,0
80000,hunger,50,48,100,1,0
80000,hunger,50,48,104,1,0
80000,hunger,50,48,108,1,0
80000,hunger,50,48,112,1,0
80000,hunger,50,64,68,1,0
80000,hunger,50,64,88,1,0
80000,hunger,50,64,92,2,0
80000,hunger,50,64,100,1,0
80000,hunger,50,64,104,2,0
80000,hunger,50,64,116,1,0
80000,hunger,50,64,124,20,0
80000,hunger,50,64,128,1,0
80000,hunger,50,64,132,1,0
80000,hunger,50,80,116,1,0
80000,hunger,50,80,132,1,0
80000,hunger,50,80,148,1,0
80000,hunger,50,80,156,1,0
80000,hunger,50,80,160,9,0
80000,hunger,50,80,172,1,0
80000,hunger,50,100,108,1,0
80000,hunger,50,100,196,3,0
80000,hunger,50,120,240,1,0
80000,hunger,50,144,284,2,0
80000,hunger,100,12,20,3,0
80000,hunger,100,12,24,4,0
80000,hunger,100,12,28,1,0
80000,hunger,100,16,12,2,0
80000,hunger,100,16,16,2,0
80000,hunger,100,16,20,5,0
80000,hunger,100,16,24,9,0
80000,hunger,100,16,28,111,0
80000,hunger,100,16,32,9,0
80000,hunger,100,16,36,3,0
80000,hunger,100,16,40,3,0
80000,hunger,100,16,44,2,0
80000,hunger,100,16,48,1,0
80000,hunger,100,16,60,3,0
80000,hunger,100,16,64,1,0
80000,hunger,100,20,40,1,0
80000,hunger,100,24,24,4,0
80000,hunger,100,24,28,3,0
80000,hunger,100,24,32,10,0
80000,hunger,100,24,36,16,0
80000,hunger,100,24,40,28,0
80000,hunger,100,24,44,29,0
80000,hunger,100,24,48,693,2
80000,hunger,100,24,52,12,0
80000,hunger,100,24,56,5,0
80000,hunger,100,24,60,7,0
80000,hunger,100,24,64,3,0
80000,hunger,100,24,68,3,0
80000,hunger,100,24,72,4,0
80000,hunger,100,24,76,2,0
80000,hunger,100,24,80,1,0
80000,hunger,100,24,84,3,0
80000,hunger,100,24,92,1,0
80000,hunger,100,24,96,3,0
80000,hunger,100,28,44,1,0
80000,hunger,100,32,88,1,0
80000,hunger,100,36,32,1,0
80000,hunger,100,36,36,2,0
80000,hunger,100,36,40,1,0
80000,hunger,100,36,44,4,0
80000,hunger,100,36,48,3,0
80000,hunger,100,36,52,2,1
80000,hunger,100,36,56,6,0
80000,hunger,100,36,60,9,0
80000,hunger,100,36,64,9,0
80000,hunger,100,36,68,268,1
80000,hunger,100,36,72,37,0
80000,hunger,100,36,76,2,0
80000,hunger,100,36,80,3,0
80000,hunger,100,36,88,1,0
80000,hunger,100,36,92,1,0
80000,hunger,100,36,108,2,0
80000,hunger,100,36,116,2,0
80000,hunger,100,36,132,1,0
80000,hunger,100,36,136,1,0
80000,hunger,100,36,140,1,0
80000,hunger,100,48,60,3,0
80000,hunger,100,48,64,1,0
80000,hunger,100,48,72,1,0
80000,hunger,100,48,76,1,0
80000,hunger,100,48,80,3,0
80000,hunger,100,48,84,1,0
80000,hunger,100,48,88,1,0
80000,hunger,100,48,92,3,0
80000,hunger,100,48,96,78,0
80000,hunger,100,48,112,1,0
80000,hunger,100,48,124,2,1
80000,hunger,100,48,144,1,0
80000,hunger,100,48,168,1,0
80000,hunger,100,48,184,1,0
80000,hunger,100,64,60,1,0
80000,hunger,100,64,88,2,0
80000,hunger,100,64,92,1,0
80000,hunger,100,64,96,1,0
80000,hunger,100,64,116,1,0
80000,hunger,100,64,120,2,0
80000,hunger,100,64,124,19,1
80000,hunger,100,64,128,1,0
80000,hunger,100,64,172,1,0
80000,hunger,100,80,88,1,0
80000,hunger,100,80,120,1,0
80000,hunger,100,80,132,1,0
80000,hunger,100,80,144,1,0
80000,hunger,100,80,156,2,0
80000,hunger,100,80,160,10,0
80000,hunger,100,80,168,1,0
80000,hunger,100,100,192,1,0
80000,hunger,100,100,196,1,0
80000,hunger,100,120,224,1,0
80000,hunger,100,144,284,1,1
80000,hunger,100,168,336,1,0
80000,hunger,150,12,24,1,0
80000,hunger,150,12,48,1,0
80000,hunger,150,12,52,1,0
80000,hunger,150,16,16,1,0
80000,hunger,150,16,20,4,0
80000,hunger,150,16,24,2,0
80000,hunger,150,16,28,116,0
80000,hunger,150,16,32,11,0
80000,hunger,150,16,36,6,0
80000,hunger,150,16,40,3,0
80000,hunger,150,16,48,3,0
80000,hunger,150,16,60,4,0
80000,hunger,150,20,40,1,0
80000,hunger,150,24,24,2,0
80000,hunger,150,24,28,1,0
80000,hunger,150,24,32,3,0
80000,hunger,150,24,36,6,0
80000,hunger,150,24,40,10,0
80000,hunger,150,24,44,47,0
80000,hunger,150,24,48,589,1
80000,hunger,150,24,52,7,0
80000,hunger,150,24,56,4,2
80000,hunger,150,24,60,5,0
80000,hunger,150,24,64,4,0
80000,hunger,150,24,68,3,1
80000,hunger,150,24,72,2,0
80000,hunger,150,24,76,1,0
80000,hunger,150,24,84,4,0
80000,hunger,150,24,96,7,0
80000,hunger,150,32,52,1,0
80000,hunger,150,36,40,1,0
80000,hunger,150,36,48,1,0
80000,hunger,150,36,52,1,0
80000,hunger,150,36,56,4,0
80000,hunger,150,36,60,8,0
80000,hunger,150,36,64,8,0
80000,hunger,150,36,68,227,1
80000,hunger,150,36,72,33,1
80000,hunger,150,36,80,3,0
80000,hunger,150,36,84,3,0
80000,hunger,150,36,88,1,0
80000,hunger,150,36,92,1,0
80000,hunger,150,36,100,2,0
80000,hunger,150,36,104,1,0
80000,hunger,150,36,128,1,1
80000,hunger,150,48,64,2,0
80000,hunger,150,48,72,1,0
80000,hunger,150,48,76,1,0
80000,hunger,150,48,80,1,0
80000,hunger,150,48,88,2,0
80000,hunger,150,48,92,5,0
80000,hunger,150,48,96,84,0
80000,hunger,150,48,100,2,0
80000,hunger,150,48,108,1,0
80000,hunger,150,48,116,1,0
80000,hunger,150,48,152,1,0
80000,hunger,150,64,84,1,0
80000,hunger,150,64,88,1,0
80000,hunger,150,64,96,1,0
80000,hunger,150,64,108,1,0
80000,hunger,150,64,116,1,0
80000,hunger,150,64,124,20,0
80000,hunger,150,64,128,2,0
80000,hunger,150,64,232,1,0
80000,hunger,150,80,108,1,0
80000,hunger,150,80,160,8,0
80000,hunger,150,100,140,1,0
80000,hunger,150,100,144,1,0
80000,hunger,150,100,180,1,0
80000,hunger,150,100,196,5,0
80000,hunger,150,100,220,1,0
80000,hunger,150,100,400,1,0
80000,hunger,150,144,244,1,0
80000,hunger,200,16,24,5,0
80000,hunger,200,16,28,101,0
80000,hunger,200,16,32,13,0
80000,hunger,200,16,36,3,0
80000,hunger,200,16,40,2,0
80000,hunger,200,16,44,1,0
80000,hunger,200,16,52,1,0
80000,hunger,200,16,60,1,0
80000,hunger,200,24,32,4,0
80000,hunger,200,24,36,8,0
80000,hunger,200,24,40,12,0
80000,hunger,200,24,44,21,0
80000,hunger,200,24,48,541,6
80000,hunger,200,24,52,12,0
80000,hunger,200,24,56,3,0
80000,hunger,200,24,72,1,0
80000,hunger,200,24,80,1,0
80000,hunger,200,24,84,2,0
80000,hunger,200,28,56,1,0
80000,hunger,200,36,48,2,0
80000,hunger,200,36,52,5,0
80000,hunger,200,36,56,6,0
80000,hunger,200,36,60,6,0
80000,hunger,200,36,64,9,0
80000,hunger,200,36,68,197,3
80000,hunger,200,36,72,25,1
80000,hunger,200,36,76,3,1
80000,hunger,200,36,80,1,0
80000,hunger,200,36,84,1,0
80000,hunger,200,36,88,2,0
80000,hunger,200,36,104,1,0
80000,hunger,200,48,60,1,0
80000,hunger,200,48,64,1,0
80000,hunger,200,48,72,1,0
80000,hunger,200,48,76,1,0
80000,hunger,200,48,84,2,0
80000,hunger,200,48,88,2,0
80000,hunger,200,48,92,6,0
80000,hunger,200,48,96,60,1
80000,hunger,200,48,192,1,0
80000,hunger,200,64,100,1,0
80000,hunger,200,64,124,27,0
80000,hunger,200,64,128,2,0
80000,hunger,200,64,164,1,0
80000,hunger,200,80,160,14,0
80000,hunger,200,100,164,1,0
80000,hunger,200,100,196,2,0
80000,hunger,200,120,240,4,0
80000,hunger,200,144,276,1,0
80000,hunger,250,16,24,5,0
80000,hunger,250,16,28,74,0
80000,hunger,250,16,32,7,0
80000,hunger,250,16,36,3,0
80000,hunger,250,16,40,3,0
80000,hunger,250,16,48,1,0
80000,hunger,250,24,36,4,0
80000,hunger,250,24,40,19,0
80000,hunger,250,24,44,32,0
80000,hunger,250,24,48,497,8
80000,hunger,250,24,52,2,0
80000,hunger,250,24,56,1,0
80000,hunger,250,24,64,2,0
80000,hunger,250,24,68,1,0
80000,hunger,250,24,72,1,0
80000,hunger,250,24,88,1,0
80000,hunger,250,24,92,2,0
80000,hunger,250,28,52,1,0
80000,hunger,250,36,40,1,0
80000,hunger,250,36,48,3,0
80000,hunger,250,36,52,1,0
80000,hunger,250,36,56,3,0
80000,hunger,250,36,60,4,0
80000,hunger,250,36,64,6,0
80000,hunger,250,36,68,187,4
80000,hunger,250,36,72,33,1
80000,hunger,250,36,76,2,0
80000,hunger,250,36,88,1,0
80000,hunger,250,48,68,1,0
80000,hunger,250,48,80,3,0
80000,hunger,250,48,84,2,0
80000,hunger,250,48,88,2,0
80000,hunger,250,48,92,2,0
80000,hunger,250,48,96,72,0
80000,hunger,250,48,100,1,0
80000,hunger,250,48,120,1,0
80000,hunger,250,64,96,1,0
80000,hunger,250,64,112,1,0
80000,hunger,250,64,124,28,0
80000,hunger,250,64,128,1,0
80000,hunger,250,64,156,1,0
80000,hunger,250,80,152,2,0
80000,hunger,250,80,156,1,0
80000,hunger,250,80,160,12,0
80000,hunger,250,80,164,1,0
80000,hunger,250,80,168,1,0
80000,hunger,250,100,132,1,0
80000,hunger,250,100,196,3,0
80000,hunger,250,120,236,1,0
80000,hunger,250,120,240,2,0
80000,hunger,250,144,284,1,0
80000,hunger,300,12,32,1,0
80000,hunger,300,16,24,1,0
80000,hunger,300,16,28,62,2
80000,hunger,300,16,32,5,0
80000,hunger,300,16,40,1,0
80000,hunger,300,24,28,1,0
80000,hunger,300,24,32,1,0
80000,hunger,300,24,36,6,1
80000,hunger,300,24,40,8,0
80000,hunger,300,24,44,21,1
80000,hunger,300,24,48,466,8
80000,hunger,300,24,52,8,0
80000,hunger,300,24,56,5,0
80000,hunger,300,24,60,4,0
80000,hunger,300,24,68,1,0
80000,hunger,300,24,72,1,0
80000,hunger,300,24,76,1,1
80000,hunger,300,24,84,1,0
80000,hunger,300,24,88,1,0
80000,hunger,300,24,92,1,0
80000,hunger,300,36,52,1,0
80000,hunger,300,36,56,3,0
80000,hunger,300,36,60,4,1
80000,hunger,300,36,64,8,1
80000,hunger,300,36,68,219,2
80000,hunger,300,36,72,22,0
80000,hunger,300,36,76,6,0
80000,hunger,300,36,80,3,0
80000,hunger,300,36,84,1,0
80000,hunger,300,36,88,1,0
80000,hunger,300,36,96,1,0
80000,hunger,300,48,60,1,0
80000,hunger,300,48,68,1,0
80000,hunger,300,48,72,1,0
80000,hunger,300,48,76,2,0
80000,hunger,300,48,84,1,0
80000,hunger,300,48,88,4,0
80000,hunger,300,48,92,4,0
80000,hunger,300,48,96,61,1
80000,hunger,300,48,100,1,0
80000,hunger,300,48,112,2,0
80000,hunger,300,48,120,2,0
80000,hunger,300,48,156,1,0
80000,hunger,300,48,180,1,0
80000,hunger,300,64,84,1,0
80000,hunger,300,64,100,1,0
80000,hunger,300,64,104,1,0
80000,hunger,300,64,116,1,0
80000,hunger,300,64,120,1,0
80000,hunger,300,64,124,23,0
80000,hunger,300,64,132,1,0
80000,hunger,300,64,140,1,0
80000,hunger,300,80,160,9,0
80000,hunger,300,80,168,3,0
80000,hunger,300,100,164,1,0
80000,hunger,300,100,196,2,0
80000,hunger,300,120,240,4,0
80000,hunger,300,168,336,1,0
80000,hunger,350,16,24,1,0
80000,hunger,350,16,28,27,1
80000,hunger,350,16,32,3,0
80000,hunger,350,16,36,2,0
80000,hunger,350,16,40,1,0
80000,hunger,350,16,44,2,0
80000,hunger,350,16,56,2,0
80000,hunger,350,24,36,2,0
80000,hunger,350,24,40,5,0
80000,hunger,350,24,44,10,0
80000,hunger,350,24,48,387,10
80000,hunger,350,24,52,4,0
80000,hunger,350,24,60,2,0
80000,hunger,350,24,64,1,0
80000,hunger,350,24,68,3,0
80000,hunger,350,24,72,2,0
80000,hunger,350,24,76,1,0
80000,hunger,350,36,40,1,0
80000,hunger,350,36,48,2,0
80000,hunger,350,36,52,1,0
80000,hunger,350,36,56,2,0
80000,hunger,350,36,60,4,0
80000,hunger,350,36,64,5,0
80000,hunger,350,36,68,156,2
80000,hunger,350,36,72,29,1
80000,hunger,350,36,76,2,1
80000,hunger,350,36,80,1,0
80000,hunger,350,36,84,1,0
80000,hunger,350,36,88,3,0
80000,hunger,350,36,96,1,0
80000,hunger,350,36,108,1,0
80000,hunger,350,36,124,1,0
80000,hunger,350,48,64,1,0
80000,hunger,350,48,72,1,0
80000,hunger,350,48,76,1,0
80000,hunger,350,48,84,4,0
80000,hunger,350,48,88,3,0
80000,hunger,350,48,96,61,0
80000,hunger,350,48,100,2,0
80000,hunger,350,48,160,1,0
80000,hunger,350,48,172,1,0
80000,hunger,350,64,112,2,0
80000,hunger,350,64,124,26,1
80000,hunger,350,64,128,1,0
80000,hunger,350,64,168,1,0
80000,hunger,350,64,172,1,0
80000,hunger,350,80,144,1,0
80000,hunger,350,80,160,15,1
80000,hunger,350,80,164,1,0
80000,hunger,350,80,192,1,0
80000,hunger,350,100,176,1,0
80000,hunger,350,100,196,3,0
80000,hunger,350,120,240,2,0
80000,hunger,350,144,284,1,0
80000,hunger,350,196,388,1,0
80000,hunger,400,16,24,1,0
80000,hunger,400,16,28,31,0
80000,hunger,400,16,32,5,0
80000,hunger,400,16,36,3,0
80000,hunger,400,16,48,1,0
80000,hunger,400,24,36,4,0
80000,hunger,400,24,40,5,0
80000,hunger,400,24,44,13,0
80000,hunger,400,24,48,290,4
80000,hunger,400,24,52,7,0
80000,hunger,400,24,60,3,0
80000,hunger,400,24,68,1,0
80000,hunger,400,24,72,2,0
80000,hunger,400,24,76,1,0
80000,hunger,400,24,92,1,0
80000,hunger,400,36,40,1,0
80000,hunger,400,36,52,5,0
80000,hunger,400,36,56,1,0
80000,hunger,400,36,60,4,0
80000,hunger,400,36,64,7,0
80000,hunger,400,36,68,124,2
80000,hunger,400,36,72,23,0
80000,hunger,400,36,76,2,0
80000,hunger,400,36,80,1,0
80000,hunger,400,36,84,1,0
80000,hunger,400,36,88,2,0
80000,hunger,400,36,96,1,0
80000,hunger,400,48,88,5,1
80000,hunger,400,48,92,1,0
80000,hunger,400,48,96,51,0
80000,hunger,400,48,108,1,0
80000,hunger,400,48,112,1,0
80000,hunger,400,48,124,1,0
80000,hunger,400,48,132,1,0
80000,hunger,400,48,144,1,0
80000,hunger,400,48,160,1,0
80000,hunger,400,64,112,1,0
80000,hunger,400,64,124,24,0
80000,hunger,400,64,128,1,0
80000,hunger,400,64,136,1,0
80000,hunger,400,80,160,3,0
80000,hunger,400,80,164,1,0
80000,hunger,400,100,196,5,0
80000,hunger,400,120,240,3,0
80000,hunger,400,144,284,1,0
80000,hunger,400,168,336,1,0
80000,hunger,450,16,24,1,0
80000,hunger,450,16,28,20,0
80000,hunger,450,16,32,5,0
80000,hunger,450,16,36,1,0
80000,hunger,450,16,48,1,0
80000,hunger,450,16,52,1,0
80000,hunger,450,24,36,1,0
80000,hunger,450,24,40,1,0
80000,hunger,450,24,44,14,0
80000,hunger,450,24,48,237,6
80000,hunger,450,24,52,2,1
80000,hunger,450,24,56,2,1
80000,hunger,450,24,60,1,0
80000,hunger,450,24,84,1,0
80000,hunger,450,36,48,2,0
80000,hunger,450,36,52,1,0
80000,hunger,450,36,56,2,0
80000,hunger,450,36,60,2,0
80000,hunger,450,36,64,6,0
80000,hunger,450,36,68,105,2
80000,hunger,450,36,72,19,1
80000,hunger,450,36,80,1,0
80000,hunger,450,36,88,2,0
80000,hunger,450,36,108,1,0
80000,hunger,450,36,112,1,0
80000,hunger,450,48,64,1,0
80000,hunger,450,48,72,1,0
80000,hunger,450,48,76,2,1
80000,hunger,450,48,80,1,0
80000,hunger,450,48,84,1,0
80000,hunger,450,48,96,49,2
80000,hunger,450,48,104,1,0
80000,hunger,450,48,108,1,0
80000,hunger,450,48,112,1,0
80000,hunger,450,48,116,1,0
80000,hunger,450,48,132,1,0
80000,hunger,450,64,120,2,1
80000,hunger,450,64,124,22,2
80000,hunger,450,64,128,2,0
80000,hunger,450,64,140,1,0
80000,hunger,450,64,160,1,0
80000,hunger,450,80,152,1,0
80000,hunger,450,80,156,1,0
80000,hunger,450,80,160,9,0
80000,hunger,450,80,172,1,0
80000,hunger,450,100,176,1,0
80000,hunger,450,100,196,5,1
80000,hunger,450,120,240,1,0
80000,hunger,450,144,284,1,0
80000,hunger,500,16,20,1,0
80000,hunger,500,16,28,12,0
80000,hunger,500,16,32,3,0
80000,hunger,500,16,36,2,0
80000,hunger,500,16,44,2,1
80000,hunger,500,16,56,1,0
80000,hunger,500,24,36,1,0
80000,hunger,500,24,40,2,0
80000,hunger,500,24,44,11,1
80000,hunger,500,24,48,189,7
80000,hunger,500,24,52,4,0
80000,hunger,500,24,56,1,0
80000,hunger,500,24,60,1,0
80000,hunger,500,24,96,1,0
80000,hunger,500,36,60,2,0
80000,hunger,500,36,64,2,0
80000,hunger,500,36,68,68,2
80000,hunger,500,36,72,22,1
80000,hunger,500,36,80,1,0
80000,hunger,500,36,84,1,0
80000,hunger,500,48,80,1,0
80000,hunger,500,48,84,1,0
80000,hunger,500,48,88,1,0
80000,hunger,500,48,92,3,0
80000,hunger,500,48,96,33,2
80000,hunger,500,48,104,1,0
80000,hunger,500,64,120,1,0
80000,hunger,500,64,124,18,0
80000,hunger,500,64,128,1,0
80000,hunger,500,80,160,13,0
80000,hunger,500,100,196,4,0
80000,hunger,500,100,200,1,0
80000,hunger,500,120,240,1,0
80000,hunger,550,16,24,1,0
80000,hunger,550,16,28,7,0
80000,hunger,550,16,36,1,0
80000,hunger,550,16,48,1,0
80000,hunger,550,24,36,1,0
80000,hunger,550,24,40,2,0
80000,hunger,550,24,44,3,0
80000,hunger,550,24,48,161,1
80000,hunger,550,24,52,3,0
80000,hunger,550,24,56,1,0
80000,hunger,550,24,68,2,0
80000,hunger,550,24,72,1,0
80000,hunger,550,24,76,3,0
80000,hunger,550,36,40,1,1
80000,hunger,550,36,60,1,0
80000,hunger,550,36,64,3,0
80000,hunger,550,36,68,58,1
80000,hunger,550,36,72,14,0
80000,hunger,550,36,76,1,0
80000,hunger,550,36,84,2,0
80000,hunger,550,36,88,1,0
80000,hunger,550,48,84,2,0
80000,hunger,550,48,88,1,0
80000,hunger,550,48,92,5,0
80000,hunger,550,48,96,24,0
80000,hunger,550,48,112,1,0
80000,hunger,550,48,120,2,0
80000,hunger,550,48,124,1,0
80000,hunger,550,48,136,1,0
80000,hunger,550,48,140,1,0
80000,hunger,550,48,152,1,0
80000,hunger,550,64,88,1,0
80000,hunger,550,64,112,1,0
80000,hunger,550,64,124,15,1
80000,hunger,550,64,128,5,1
80000,hunger,550,64,184,1,1
80000,hunger,550,80,160,4,0
80000,hunger,550,100,176,1,0
80000,hunger,550,100,196,4,0
80000,hunger,550,112,224,1,0
80000,hunger,550,144,284,1,0
80000,hunger,550,168,336,1,0
80000,hunger,600,16,28,11,0
80000,hunger,600,16,36,4,0
80000,hunger,600,16,44,1,0
80000,hunger,600,16,48,2,0
80000,hunger,600,24,40,4,0
80000,hunger,600,24,44,5,0
80000,hunger,600,24,48,118,4
80000,hunger,600,24,52,2,0
80000,hunger,600,24,60,1,0
80000,hunger,600,24,68,1,0
80000,hunger,600,24,80,1,0
80000,hunger,600,24,84,1,0
80000,hunger,600,24,88,1,0
80000,hunger,600,36,40,1,0
80000,hunger,600,36,56,1,0
80000,hunger,600,36,64,1,0
80000,hunger,600,36,68,60,0
80000,hunger,600,36,72,11,1
80000,hunger,600,36,88,1,0
80000,hunger,600,36,104,1,0
80000,hunger,600,48,72,1,0
80000,hunger,600,48,80,1,0
80000,hunger,600,48,84,1,0
80000,hunger,600,48,96,19,0
80000,hunger,600,48,104,1,0
80000,hunger,600,64,124,7,0
80000,hunger,600,64,128,1,0
80000,hunger,600,80,160,1,0
80000,hunger,600,100,196,2,0
80000,hunger,650,16,28,5,0
80000,hunger,650,16,32,2,0
80000,hunger,650,16,36,1,0
80000,hunger,650,16,48,1,0
80000,hunger,650,24,32,1,0
80000,hunger,650,24,36,1,0
80000,hunger,650,24,40,1,0
80000,hunger,650,24,44,10,0
80000,hunger,650,24,48,110,3
80000,hunger,650,24,72,1,0
80000,hunger,650,24,88,1,0
80000,hunger,650,36,48,1,0
80000,hunger,650,36,56,2,0
80000,hunger,650,36,64,1,0
80000,hunger,650,36,68,41,0
80000,hunger,650,36,72,12,1
80000,hunger,650,48,88,1,0
80000,hunger,650,48,92,1,0
80000,hunger,650,48,96,18,2
80000,hunger,650,48,108,1,0
80000,hunger,650,64,112,1,0
80000,hunger,650,64,120,2,0
80000,hunger,650,64,124,8,0
80000,hunger,650,64,128,1,1
80000,hunger,650,64,180,1,0
80000,hunger,650,80,160,6,1
80000,hunger,650,80,224,1,0
80000,hunger,650,120,240,2,0
80000,hunger,700,16,28,4,0
80000,hunger,700,16,40,1,0
80000,hunger,700,24,40,2,0
80000,hunger,700,24,44,3,0
80000,hunger,700,24,48,88,6
80000,hunger,700,24,52,1,0
80000,hunger,700,24,56,1,0
80000,hunger,700,24,68,1,0
80000,hunger,700,24,72,1,0
80000,hunger,700,24,76,1,0
80000,hunger,700,24,84,1,0
80000,hunger,700,36,56,1,0
80000,hunger,700,36,60,1,0
80000,hunger,700,36,64,1,0
80000,hunger,700,36,68,33,1
80000,hunger,700,36,72,5,0
80000,hunger,700,48,96,11,1
80000,hunger,700,48,112,1,0
80000,hunger,700,48,116,1,0
80000,hunger,700,48,152,1,0
80000,hunger,700,64,124,6,1
80000,hunger,700,80,160,3,0
80000,hunger,700,100,196,1,0
80000,hunger,750,16,28,2,0
80000,hunger,750,16,32,1,0
80000,hunger,750,16,48,1,0
80000,hunger,750,24,44,3,0
80000,hunger,750,24,48,81,6
80000,hunger,750,24,52,1,0
80000,hunger,750,24,68,1,0
80000,hunger,750,24,84,1,0
80000,hunger,750,24,92,1,0
80000,hunger,750,36,60,1,0
80000,hunger,750,36,64,1,0
80000,hunger,750,36,68,31,3
80000,hunger,750,36,72,9,0
80000,hunger,750,36,84,1,0
80000,hunger,750,48,96,19,2
80000,hunger,750,64,124,6,0
80000,hunger,750,64,128,1,0
80000,hunger,750,80,160,1,0
80000,hunger,800,16,28,3,0
80000,hunger,800,24,40,1,0
80000,hunger,800,24,44,3,1
80000,hunger,800,24,48,72,2
80000,hunger,800,24,52,1,0
80000,hunger,800,36,64,1,0
80000,hunger,800,36,68,23,2
80000,hunger,800,36,72,5,0
80000,hunger,800,36,92,1,0
80000,hunger,800,48,76,2,0
80000,hunger,800,48,92,1,0
80000,hunger,800,48,96,11,0
80000,hunger,800,48,128,1,0
80000,hunger,800,64,112,1,0
80000,hunger,800,64,124,3,0
80000,hunger,800,64,152,1,0
80000,hunger,800,80,160,1,0
80000,hunger,800,100,196,1,0
80000,hunger,850,16,28,1,0
80000,hunger,850,16,32,1,0
80000,hunger,850,24,36,1,0
80000,hunger,850,24,48,54,2
80000,hunger,850,36,60,2,0
80000,hunger,850,36,64,1,0
80000,hunger,850,36,68,13,1
80000,hunger,850,36,72,7,1
80000,hunger,850,48,80,1,0
80000,hunger,850,48,88,1,0
80000,hunger,850,48,96,12,0
80000,hunger,850,64,124,6,0
80000,hunger,850,80,160,2,1
80000,hunger,900,16,28,1,0
80000,hunger,900,24,44,6,1
80000,hunger,900,24,48,62,2
80000,hunger,900,24,68,1,0
80000,hunger,900,36,52,1,0
80000,hunger,900,36,60,1,0
80000,hunger,900,36,68,20,1
80000,hunger,900,36,72,7,0
80000,hunger,900,36,76,1,0
80000,hunger,900,36,124,1,0
80000,hunger,900,48,96,4,1
80000,hunger,900,64,112,1,0
80000,hunger,900,64,124,2,0
80000,hunger,900,64,128,1,0
80000,hunger,950,16,28,2,0
80000,hunger,950,16,44,1,0
80000,hunger,950,24,44,2,0
80000,hunger,950,24,48,52,5
80000,hunger,950,36,60,2,0
80000,hunger,950,36,68,13,0
80000,hunger,950,36,72,6,1
80000,hunger,950,36,112,1,0
80000,hunger,950,48,96,8,0
80000,hunger,950,64,124,2,1
80000,hunger,950,80,160,1,0
80000,hunger,1000,16,28,1,0
80000,hunger,1000,16,32,3,0
80000,hunger,1000,24,40,1,0
80000,hunger,1000,24,44,1,0
80000,hunger,1000,24,48,33,6
80000,hunger,1000,36,68,14,3
80000,hunger,1000,36,72,5,0
80000,hunger,1000,36,92,1,0
80000,hunger,1000,48,96,4,0
80000,hunger,1000,48,108,1,0
80000,hunger,1000,64,124,2,0
80000,hunger,1000,64,128,1,0
80000,hunger,1000,64,220,1,1
80000,hunger,1000,80,160,1,0
80000,hunger,1000,144,284,1,0
80000,hunger,1050,24,40,1,0
80000,hunger,1050,24,44,1,0
80000,hunger,1050,24,48,37,3
80000,hunger,1050,24,56,1,0
80000,hunger,1050,36,68,9,1
80000,hunger,1050,36,72,4,0
80000,hunger,1050,48,96,9,0
80000,hunger,1050,48,112,1,0
80000,hunger,1050,48,116,1,1
80000,hunger,1050,64,96,1,0
80000,hunger,1050,64,124,1,0
80000,hunger,1100,16,28,2,0
80000,hunger,1100,24,40,1,0
80000,hunger,1100,24,48,31,2
80000,hunger,1100,24,60,1,0
80000,hunger,1100,36,56,2,0
80000,hunger,1100,36,60,1,0
80000,hunger,1100,36,68,14,1
80000,hunger,1100,36,72,4,0
80000,hunger,1100,36,92,1,0
80000,hunger,1100,36,96,1,0
80000,hunger,1100,48,96,6,1
80000,hunger,1100,64,124,1,0
80000,hunger,1100,80,160,1,0
80000,hunger,1150,24,44,3,0
80000,hunger,1150,24,48,27,2
80000,hunger,1150,36,68,10,1
80000,hunger,1150,36,72,6,1
80000,hunger,1150,48,96,4,0
80000,hunger,1150,48,100,1,0
80000,hunger,1150,100,196,1,0
80000,hunger,1200,24,40,2,0
80000,hunger,1200,24,44,2,0
80000,hunger,1200,24,48,26,4
80000,hunger,1200,36,68,8,1
80000,hunger,1200,36,72,4,1
80000,hunger,1200,48,96,5,0
80000,hunger,1200,64,124,1,0
80000,hunger,1200,80,160,1,0
80000,hunger,1250,16,48,1,1
80000,hunger,1250,24,40,2,0
80000,hunger,1250,24,44,1,0
80000,hunger,1250,24,48,17,2
80000,hunger,1250,24,56,1,0
80000,hunger,1250,36,68,9,0
80000,hunger,1250,36,72,3,1
80000,hunger,1250,48,96,5,0
80000,hunger,1250,64,124,2,0
80000,hunger,1250,80,160,2,0
80000,hunger,1300,16,28,1,0
80000,hunger,1300,24,44,1,0
80000,hunger,1300,24,48,29,4
80000,hunger,1300,36,68,7,0
80000,hunger,1300,36,72,6,2
80000,hunger,1300,48,76,1,0
80000,hunger,1300,48,96,2,1
80000,hunger,1350,16,28,1,0
80000,hunger,1350,16,32,1,0
80000,hunger,1350,16,36,1,0
80000,hunger,1350,24,40,1,0
80000,hunger,1350,24,44,3,0
80000,hunger,1350,24,48,31,4
80000,hunger,1350,24,52,1,0
80000,hunger,1350,24,72,1,1
80000,hunger,1350,36,56,2,0
80000,hunger,1350,36,68,2,0
80000,hunger,1350,36,72,6,1
80000,hunger,1350,48,84,1,1
80000,hunger,1350,48,96,5,0
80000,hunger,1350,80,160,1,0
80000,hunger,1400,16,28,3,0
80000,hunger,1400,24,40,1,1
80000,hunger,1400,24,44,3,0
80000,hunger,1400,24,48,19,3
80000,hunger,1400,24,52,1,0
80000,hunger,1400,36,68,4,1
80000,hunger,1400,36,72,2,2
80000,hunger,1400,48,96,3,0
80000,hunger,1400,64,124,1,0
80000,hunger,1400,80,160,1,0
80000,hunger,1400,80,204,1,0
80000,hunger,1450,16,28,1,1
80000,hunger,1450,24,48,33,10
80000,hunger,1450,36,68,3,0
80000,hunger,1450,36,72,2,0
80000,hunger,1450,48,96,1,0
80000,hunger,1450,64,124,1,0
80000,hunger,1500,24,40,1,0
80000,hunger,1500,24,44,3,1
80000,hunger,1500,24,48,20,4
80000,hunger,1500,24,52,1,0
80000,hunger,1500,36,68,6,0
80000,hunger,1500,36,72,4,2
80000,hunger,1500,48,96,4,1
80000,hunger,1500,64,124,3,0
80000,hunger,1500,64,128,1,0
80000,hunger,1550,16,28,1,0
80000,hunger,1550,16,44,1,0
80000,hunger,1550,24,48,14,2
80000,hunger,1550,36,56,1,0
80000,hunger,1550,36,60,1,0
80000,hunger,1550,36,68,3,1
80000,hunger,1550,36,72,2,0
80000,hunger,1550,48,96,2,0
80000,hunger,1550,64,124,2,1
80000,hunger,1550,120,240,1,0
80000,hunger,1600,24,48,20,3
80000,hunger,1600,36,56,1,0
80000,hunger,1600,36,68,3,1
80000,hunger,1600,36,72,3,0
80000,hunger,1600,48,96,2,1
80000,hunger,1600,64,124,1,0
80000,hunger,1650,24,48,16,6
80000,hunger,1650,24,52,1,0
80000,hunger,1650,36,64,1,0
80000,hunger,1650,36,68,3,0
80000,hunger,1650,48,92,1,0
80000,hunger,1650,48,96,2,1
80000,hunger,1700,24,44,3,1
80000,hunger,1700,24,48,16,2
80000,hunger,1700,36,68,1,0
80000,hunger,1700,36,72,1,1
80000,hunger,1700,48,84,1,0
80000,hunger,1700,48,96,2,0
80000,hunger,1700,64,128,1,0
80000,hunger,1750,24,44,1,0
80000,hunger,1750,24,48,11,4
80000,hunger,1750,36,72,2,0
80000,hunger,1750,48,96,1,0
80000,hunger,1800,24,40,1,0
80000,hunger,1800,24,44,3,1
80000,hunger,1800,24,48,8,1
80000,hunger,1800,36,68,3,1
80000,hunger,1800,36,72,1,0
80000,hunger,1800,48,96,2,2
80000,hunger,1800,80,160,1,0
80000,hunger,1850,24,40,1,1
80000,hunger,1850,24,44,2,0
80000,hunger,1850,24,48,4,3
80000,hunger,1850,24,52,1,0
80000,hunger,1850,36,68,1,0
80000,hunger,1850,36,72,1,0
80000,hunger,1850,36,92,1,0
80000,hunger,1850,48,96,1,1
80000,hunger,1900,24,40,1,0
80000,hunger,1900,24,44,1,0
80000,hunger,1900,24,48,10,2
80000,hunger,1900,36,68,5,2
80000,hunger,1900,36,72,3,2
80000,hunger,1900,48,96,1,0
80000,hunger,1950,16,36,1,0
80000,hunger,1950,24,48,11,3
80000,hunger,1950,36,68,1,1
80000,hunger,1950,36,72,4,2
80000,hunger,2000,24,40,1,0
80000,hunger,2000,24,48,15,9
80000,hunger,2000,36,68,2,1
80000,hunger,2000,36,72,1,1
80000,hunger,2000,48,96,1,1
80000,hunger,2000,64,128,1,0
80000,hunger,2050,24,40,1,1
80000,hunger,2050,24,48,9,5
80000,hunger,2050,36,72,1,1
80000,hunger,2050,64,128,1,0
80000,hunger,2100,24,48,5,4
80000,hunger,2100,36,68,2,1
80000,hunger,2100,36,72,1,0
80000,hunger,2150,24,48,9,6
80000,hunger,2200,24,48,9,7
80000,hunger,2200,36,68,2,0
80000,hunger,2200,48,96,1,1
80000,hunger,2250,24,44,2,1
80000,hunger,2250,24,48,7,3
80000,hunger,2250,36,68,1,1
80000,hunger,2250,36,72,2,1
80000,hunger,2250,48,96,1,0
80000,hunger,2250,64,124,1,0
80000,hunger,2300,24,48,11,5
80000,hunger,2300,36,68,1,0
80000,hunger,2300,48,96,1,1
80000,hunger,2350,24,40,1,1
80000,hunger,2350,24,48,7,5
80000,hunger,2350,36,72,1,1
80000,hunger,2400,24,48,2,0
80000,hunger,2400,36,64,1,0
80000,hunger,2400,36,72,1,0
80000,hunger,2400,48,96,1,1
80000,hunger,2450,16,28,1,1
80000,hunger,2450,24,48,2,1
80000,hunger,2450,36,72,1,0
80000,hunger,2450,48,96,2,2
80000,hunger,2500,24,44,2,0
80000,hunger,2500,24,48,3,2
80000,hunger,2500,36,68,3,2
80000,hunger,2500,48,96,3,2
80000,hunger,2500,64,124,1,1
80000,hunger,2550,24,48,3,2
80000,hunger,2550,36,72,1,1
80000,hunger,2600,24,44,1,0
80000,hunger,2600,24,48,2,1
80000,hunger,2600,24,52,1,0
80000,hunger,2600,36,68,2,1
80000,hunger,2650,24,48,4,3
80000,hunger,2650,36,68,2,1
80000,hunger,2650,48,96,1,1
80000,hunger,2700,24,48,4,3
80000,hunger,2700,36,68,2,2
80000,hunger,2700,36,72,1,1
80000,hunger,2750,24,44,2,2
80000,hunger,2750,24,48,4,4
80000,hunger,2750,36,68,1,1
80000,hunger,2750,36,72,1,0
80000,hunger,2800,24,44,1,1
80000,hunger,2800,24,48,4,2
80000,hunger,2800,36,68,1,1
80000,hunger,2800,36,72,2,2
80000,hunger,2850,24,48,2,2
80000,hunger,2850,36,68,1,1
80000,hunger,2850,36,72,1,0
80000,hunger,2900,24,44,1,1
80000,hunger,2900,24,48,2,2
80000,hunger,2950,24,44,1,1
80000,hunger,2950,24,48,3,3
80000,hunger,2950,36,92,1,0
80000,hunger,2950,48,96,2,2
80000,hunger,3000,24,48,4,4
80000,hunger,3000,36,72,1,1
80000,hunger,3000,48,96,1,1
80000,hunger,3100,24,48,1,1
80000,hunger,3100,36,72,1,1
80000,hunger,3150,24,48,2,2
80000,hunger,3200,24,48,3,3
80000,hunger,3200,48,96,2,2
80000,hunger,3200,64,124,1,1
80000,hunger,3200,64,128,1,0
80000,hunger,3250,24,44,1,1
80000,hunger,3300,24,48,1,1
80000,hunger,3350,24,48,1,1
80000,hunger,3400,24,48,1,1
80000,hunger,3500,24,48,2,2
80000,hunger,3550,24,48,1,1
80000,hunger,3600,24,48,1,1
80000,hunger,3650,24,48,1,1
80000,hunger,3700,24,48,1,1
80000,hunger,3750,24,44,1,1
80000,hunger,3750,36,72,1,1
80000,hunger,3800,48,96,1,1
80000,hunger,3900,24,48,1,1
80000,hunger,3950,24,48,1,1
80000,hunger,3950,36,68,1,1
80000,hunger,3950,36,72,1,1
80000,hunger,4000,24,44,1,1
80000,hunger,4000,48,96,1,1
80000,hunger,4050,24,44,1,1
80000,hunger,4050,24,48,1,1
80000,hunger,4100,24,48,4,4
80000,hunger,4100,36,72,1,1
80000,hunger,4150,24,48,2,2
80000,hunger,4150,36,68,1,1
80000,hunger,4200,24,44,1,1
80000,hunger,4250,24,44,1,1
80000,hunger,4250,24,48,1,1
80000,hunger,4300,48,96,1,1
80000,hunger,4400,24,48,4,4
80000,hunger,4400,48,96,1,1
80000,hunger,4500,24,48,1,1
80000,broken,0,0,0,1,0
80000,broken,0,0,4,2,0
80000,broken,0,8,4,1,0
80000,broken,0,12,24,1,0
80000,broken,0,16,16,1,0
80000,broken,0,16,20,2,0
80000,broken,0,16,24,7,0
80000,broken,0,16,28,75,0
80000,broken,0,24,24,1,0
80000,broken,0,24,28,1,0
80000,broken,0,24,32,2,0
80000,broken,0,24,36,4,0
80000,broken,0,24,40,9,0
80000,broken,0,24,44,16,0
80000,broken,0,24,48,197,0
80000,broken,0,36,60,1,0
80000,broken,0,36,64,1,0
80000,broken,0,36,68,30,0
80000,broken,0,48,84,1,0
80000,broken,0,48,96,7,0
80000,broken,0,64,112,1,0
80000,broken,0,80,160,1,0
80000,broken,50,12,24,2,0
80000,broken,50,12,28,1,0
80000,broken,50,16,20,1,0
80000,broken,50,16,24,4,0
80000,broken,50,16,28,44,0
80000,broken,50,24,32,1,0
80000,broken,50,24,36,4,0
80000,broken,50,24,40,3,0
80000,broken,50,24,44,4,0
80000,broken,50,24,48,132,0
80000,broken,50,36,52,1,0
80000,broken,50,36,56,1,0
80000,broken,50,36,60,1,0
80000,broken,50,36,64,1,0
80000,broken,50,36,68,41,0
80000,broken,50,48,96,13,0
80000,broken,50,64,124,3,0
80000,broken,100,16,24,2,0
80000,broken,100,16,28,25,0
80000,broken,100,24,36,1,0
80000,broken,100,24,40,3,0
80000,broken,100,24,44,3,0
80000,broken,100,24,48,94,0
80000,broken,100,36,64,3,0
80000,broken,100,36,68,38,0
80000,broken,100,48,80,1,0
80000,broken,100,48,96,13,0
80000,broken,100,64,124,3,0
80000,broken,100,80,160,1,0
80000,broken,100,100,196,2,0
80000,broken,150,16,28,18,0
80000,broken,150,24,28,1,0
80000,broken,150,24,36,2,0
80000,broken,150,24,44,1,0
80000,broken,150,24,48,68,0
80000,broken,150,36,52,1,0
80000,broken,150,36,60,1,0
80000,broken,150,36,64,1,0
80000,broken,150,36,68,29,0
80000,broken,150,48,96,8,0
80000,broken,150,64,112,1,0
80000,broken,150,64,124,7,0
80000,broken,150,100,196,1,0
80000,broken,150,144,284,1,0
80000,broken,200,16,28,8,0
80000,broken,200,20,40,1,0
80000,broken,200,24,44,1,0
80000,broken,200,24,48,54,0
80000,broken,200,36,56,1,0
80000,broken,200,36,68,24,0
80000,broken,200,48,72,1,0
80000,broken,200,48,88,1,0
80000,broken,200,48,96,8,0
80000,broken,200,64,124,1,0
80000,broken,250,16,24,1,0
80000,broken,250,16,28,8,0
80000,broken,250,24,44,2,0
80000,broken,250,24,48,44,0
80000,broken,250,32,68,1,1
80000,broken,250,36,64,1,0
80000,broken,250,36,68,17,1
80000,broken,250,48,92,1,0
80000,broken,250,48,96,3,0
80000,broken,250,64,124,4,0
80000,broken,250,100,196,1,0
80000,broken,300,16,28,7,0
80000,broken,300,24,32,1,0
80000,broken,300,24,36,1,0
80000,broken,300,24,44,4,0
80000,broken,300,24,48,37,0
80000,broken,300,36,68,11,0
80000,broken,300,48,96,4,0
80000,broken,300,80,160,2,0
80000,broken,350,16,28,5,0
80000,broken,350,24,44,3,1
80000,broken,350,24,48,25,0
80000,broken,350,36,52,1,0
80000,broken,350,36,68,12,0
80000,broken,350,48,96,7,0
80000,broken,350,64,124,1,0
80000,broken,350,80,160,2,0
80000,broken,400,16,28,5,0
80000,broken,400,24,44,4,0
80000,broken,400,24,48,16,0
80000,broken,400,36,64,1,0
80000,broken,400,36,68,5,0
80000,broken,400,36,72,1,0
80000,broken,400,48,96,7,0
80000,broken,400,64,124,1,0
80000,broken,400,80,160,1,0
80000,broken,450,16,28,3,0
80000,broken,450,24,48,17,0
80000,broken,450,36,68,8,0
80000,broken,450,48,92,1,0
80000,broken,450,48,96,2,0
80000,broken,450,64,100,1,0
80000,broken,450,64,124,3,0
80000,broken,450,80,160,2,0
80000,broken,500,16,28,3,0
80000,broken,500,24,40,1,0
80000,broken,500,24,44,2,0
80000,broken,500,24,48,15,0
80000,broken,500,36,68,7,0
80000,broken,500,48,96,3,1
80000,broken,500,64,124,2,0
80000,broken,500,100,196,1,0
80000,broken,550,16,28,1,0
80000,broken,550,24,44,2,0
80000,broken,550,24,48,8,0
80000,broken,550,36,68,3,1
80000,broken,550,48,88,1,0
80000,broken,550,64,124,2,0
80000,broken,550,80,160,1,0
80000,broken,600,16,28,1,0
80000,broken,600,24,48,13,0
80000,broken,600,36,52,1,0
80000,broken,600,36,60,1,0
80000,broken,600,36,68,7,0
80000,broken,600,64,124,1,0
80000,broken,600,80,160,1,0
80000,broken,600,100,196,1,1
80000,broken,650,24,36,1,0
80000,broken,650,24,40,1,0
80000,broken,650,24,48,9,1
80000,broken,650,36,68,5,0
80000,broken,650,48,96,2,0
80000,broken,700,16,28,1,0
80000,broken,700,24,48,7,0
80000,broken,700,36,68,1,0
80000,broken,700,48,96,1,1
80000,broken,750,16,28,1,0
80000,broken,750,24,44,2,0
80000,broken,750,24,48,9,0
80000,broken,750,36,68,4,0
80000,broken,800,24,44,1,0
80000,broken,800,24,48,5,0
80000,broken,800,80,160,1,0
80000,broken,850,24,48,4,0
80000,broken,850,36,68,1,0
80000,broken,850,48,96,1,0
80000,broken,850,64,100,1,0
80000,broken,850,80,156,1,1
80000,broken,900,16,28,2,0
80000,broken,900,24,36,1,0
80000,broken,900,24,48,2,1
80000,broken,900,36,68,3,0
80000,broken,950,24,48,2,0
80000,broken,1000,24,48,1,0
80000,broken,1000,36,68,3,0
80000,broken,1050,24,48,6,0
80000,broken,1050,36,68,1,0
80000,broken,1050,48,96,1,0
80000,broken,1100,16,28,1,0
80000,broken,1100,24,44,2,0
80000,broken,1100,24,48,2,1
80000,broken,1100,100,196,1,0
80000,broken,1150,24,44,1,1
80000,broken,1150,24,48,1,0
80000,broken,1150,48,96,1,1
80000,broken,1150,64,124,1,0
80000,broken,1200,16,28,1,0
80000,broken,1200,24,48,1,1
80000,broken,1200,36,68,1,0
80000,broken,1200,48,96,1,1
80000,broken,1200,64,124,1,0
80000,broken,1200,80,160,1,0
80000,broken,1250,24,48,1,1
80000,broken,1250,36,68,2,0
80000,broken,1350,24,48,2,2
80000,broken,1400,24,48,1,0
80000,broken,1450,24,48,2,0
80000,broken,1500,48,96,1,0
80000,broken,1550,24,48,2,1
80000,broken,1550,36,68,1,0
80000,broken,1650,36,68,1,0
80000,broken,1700,24,48,1,0
80000,broken,1700,36,68,2,1
80000,broken,1750,24,48,1,0
80000,broken,1850,24,36,1,0
80000,broken,1850,24,48,1,0
80000,broken,1900,36,60,1,0
80000,broken,1900,64,124,1,1
80000,broken,1950,36,60,1,0
80000,broken,2050,48,96,1,1
80000,broken,2200,24,44,1,0
80000,broken,2500,24,40,1,0
80000,broken,2750,24,48,1,0
80000,broken,2750,48,96,1,1
80000,wear,100,36,68,1,1
80000,wear,4000,24,48,1,1
80000,wear,4200,24,48,1,1
80000,wear,4250,24,48,1,1
80000,wear,4750,24,48,1,1
80000,wear,4950,36,72,1,1
90000,hunger,0,4,8,1,0
90000,hunger,0,8,16,1,0
90000,hunger,0,12,16,1,0
90000,hunger,0,12,28,1,0
90000,hunger,0,16,24,3,0
90000,hunger,0,16,28,81,0
90000,hunger,0,16,32,6,0
90000,hunger,0,24,24,2,0
90000,hunger,0,24,28,1,0
90000,hunger,0,24,32,5,0
90000,hunger,0,24,36,3,1
90000,hunger,0,24,40,10,0
90000,hunger,0,24,44,15,0
90000,hunger,0,24,48,177,0
90000,hunger,0,24,52,3,0
90000,hunger,0,28,40,1,0
90000,hunger,0,36,48,2,0
90000,hunger,0,36,56,3,0
90000,hunger,0,36,60,1,0
90000,hunger,0,36,64,1,0
90000,hunger,0,36,68,74,0
90000,hunger,0,36,72,1,0
90000,hunger,0,36,88,1,0
90000,hunger,0,48,48,1,0
90000,hunger,0,48,60,1,0
90000,hunger,0,48,68,2,0
90000,hunger,0,48,80,2,0
90000,hunger,0,48,84,1,0
90000,hunger,0,48,92,1,0
90000,hunger,0,48,96,22,0
90000,hunger,0,48,120,1,0
90000,hunger,0,64,108,1,0
90000,hunger,0,64,124,6,0
90000,hunger,0,80,112,1,0
90000,hunger,0,80,156,1,0
90000,hunger,0,80,160,9,0
90000,hunger,0,100,152,1,0
90000,hunger,0,100,196,2,0
90000,hunger,0,120,164,1,0
90000,hunger,0,120,204,1,0
90000,hunger,0,120,240,1,0
90000,hunger,0,144,284,1,0
90000,hunger,0,168,168,1,0
90000,hunger,50,0,0,3,0
90000,hunger,50,4,4,1,0
90000,hunger,50,8,16,1,0
90000,hunger,50,12,28,2,0
90000,hunger,50,16,12,3,0
90000,hunger,50,16,16,1,0
90000,hunger,50,16,20,10,0
90000,hunger,50,16,24,30,0
90000,hunger,50,16,28,220,0
90000,hunger,50,16,32,19,0
90000,hunger,50,16,36,2,0
90000,hunger,50,16,40,4,0
90000,hunger,50,16,44,2,0
90000,hunger,50,16,60,1,0
90000,hunger,50,20,24,1,0
90000,hunger,50,20,32,1,0
90000,hunger,50,20,36,1,0
90000,hunger,50,24,24,28,0
90000,hunger,50,24,28,28,0
90000,hunger,50,24,32,25,0
90000,hunger,50,24,36,71,0
90000,hunger,50,24,40,54,0
90000,hunger,50,24,44,87,0
90000,hunger,50,24,48,571,1
90000,hunger,50,24,52,23,0
90000,hunger,50,24,56,7,0
90000,hunger,50,24,60,7,0
90000,hunger,50,24,64,5,0
90000,hunger,50,24,68,4,0
90000,hunger,50,24,72,3,0
90000,hunger,50,24,76,2,0
90000,hunger,50,24,80,4,0
90000,hunger,50,24,84,1,0
90000,hunger,50,24,92,1,0
90000,hunger,50,24,96,1,0
90000,hunger,50,28,28,1,0
90000,hunger,50,32,52,1,0
90000,hunger,50,36,32,14,0
90000,hunger,50,36,36,5,0
90000,hunger,50,36,40,4,0
90000,hunger,50,36,44,9,0
90000,hunger,50,36,48,14,0
90000,hunger,50,36,52,16,0
90000,hunger,50,36,56,12,0
90000,hunger,50,36,60,18,0
90000,hunger,50,36,64,25,0
90000,hunger,50,36,68,247,1
90000,hunger,50,36,72,19,0
90000,hunger,50,36,76,5,0
90000,hunger,50,36,80,3,0
90000,hunger,50,36,84,1,0
90000,hunger,50,36,88,2,0
90000,hunger,50,36,104,1,0
90000,hunger,50,36,108,2,0
90000,hunger,50,36,124,1,0
90000,hunger,50,44,60,1,0
90000,hunger,50,48,48,7,0
90000,hunger,50,48,52,1,0
90000,hunger,50,48,56,1,0
90000,hunger,50,48,60,3,0
90000,hunger,50,48,64,5,0
90000,hunger,50,48,68,2,0
90000,hunger,50,48,72,4,0
90000,hunger,50,48,76,3,0
90000,hunger,50,48,80,3,0
90000,hunger,50,48,84,1,0
90000,hunger,50,48,88,6,0
90000,hunger,50,48,92,7,0
90000,hunger,50,48,96,80,0
90000,hunger,50,48,100,2,0
90000,hunger,50,48,104,1,0
90000,hunger,50,48,108,1,0
90000,hunger,50,48,124,1,0
90000,hunger,50,64,60,1,0
90000,hunger,50,64,64,2,0
90000,hunger,50,64,80,1,0
90000,hunger,50,64,84,2,0
90000,hunger,50,64,88,1,0
90000,hunger,50,64,92,1,0
90000,hunger,50,64,96,1,0
90000,hunger,50,64,100,1,0
90000,hunger,50,64,108,2,0
90000,hunger,50,64,112,3,0
90000,hunger,50,64,124,16,0
90000,hunger,50,64,128,6,0
90000,hunger,50,64,140,1,0
90000,hunger,50,80,92,1,0
90000,hunger,50,80,104,1,0
90000,hunger,50,80,112,1,0
90000,hunger,50,80,116,2,0
90000,hunger,50,80,140,1,0
90000,hunger,50,80,160,4,0
90000,hunger,50,80,164,1,0
90000,hunger,50,80,212,1,0
90000,hunger,50,100,124,1,0
90000,hunger,50,100,132,1,0
90000,hunger,50,100,172,1,0
90000,hunger,50,100,196,6,0
90000,hunger,50,120,152,1,0
90000,hunger,50,120,196,1,0
90000,hunger,50,120,200,1,0
90000,hunger,50,120,240,1,0
90000,hunger,100,4,16,1,0
90000,hunger,100,8,16,2,0
90000,hunger,100,8,40,1,0
90000,hunger,100,12,20,1,0
90000,hunger,100,16,16,3,0
90000,hunger,100,16,20,28,0
90000,hunger,100,16,24,39,1
90000,hunger,100,16,28,257,0
90000,hunger,100,16,32,34,1
90000,hunger,100,16,36,16,0
90000,hunger,100,16,40,7,0
90000,hunger,100,16,44,10,0
90000,hunger,100,16,48,10,0
90000,hunger,100,16,52,8,0
90000,hunger,100,16,56,4,0
90000,hunger,100,16,60,15,0
90000,hunger,100,20,28,2,0
90000,hunger,100,20,40,3,0
90000,hunger,100,24,24,11,0
90000,hunger,100,24,28,16,0
90000,hunger,100,24,32,23,0
90000,hunger,100,24,36,52,0
90000,hunger,100,24,40,103,0
90000,hunger,100,24,44,191,2
90000,hunger,100,24,48,1128,3
90000,hunger,100,24,52,28,0
90000,hunger,100,24,56,18,0
90000,hunger,100,24,60,9,0
90000,hunger,100,24,64,8,0
90000,hunger,100,24,68,7,0
90000,hunger,100,24,72,11,0
90000,hunger,100,24,76,8,0
90000,hunger,100,24,80,4,0
90000,hunger,100,24,84,5,0
90000,hunger,100,24,88,4,0
90000,hunger,100,24,92,4,0
90000,hunger,100,24,96,16,0
90000,hunger,100,24,100,1,0
90000,hunger,100,28,40,1,0
90000,hunger,100,28,116,1,0
90000,hunger,100,32,68,1,0
90000,hunger,100,36,32,2,0
90000,hunger,100,36,36,9,0
90000,hunger,100,36,40,5,0
90000,hunger,100,36,44,8,0
90000,hunger,100,36,48,7,0
90000,hunger,100,36,52,16,0
90000,hunger,100,36,56,19,1
90000,hunger,100,36,60,13,0
90000,hunger,100,36,64,33,0
90000,hunger,100,36,68,310,0
90000,hunger,100,36,72,46,0
90000,hunger,100,36,76,7,0
90000,hunger,100,36,80,4,0
90000,hunger,100,36,88,3,0
90000,hunger,100,36,92,2,0
90000,hunger,100,36,96,1,0
90000,hunger,100,36,100,1,0
90000,hunger,100,36,104,1,0
90000,hunger,100,36,112,1,0
90000,hunger,100,36,116,1,0
90000,hunger,100,36,120,1,0
90000,hunger,100,36,136,1,0
90000,hunger,100,36,140,5,0
90000,hunger,100,40,136,1,0
90000,hunger,100,48,52,3,0
90000,hunger,100,48,56,1,0
90000,hunger,100,48,60,1,0
90000,hunger,100,48,64,1,0
90000,hunger,100,48,68,3,0
90000,hunger,100,48,72,4,0
90000,hunger,100,48,76,2,0
90000,hunger,100,48,80,10,0
90000,hunger,100,48,84,3,0
90000,hunger,100,48,88,1,0
90000,hunger,100,48,92,7,0
90000,hunger,100,48,96,100,0
90000,hunger,100,48,100,3,0
90000,hunger,100,48,104,2,0
90000,hunger,100,48,108,1,0
90000,hunger,100,48,120,3,0
90000,hunger,100,48,128,1,0
90000,hunger,100,48,136,1,0
90000,hunger,100,48,144,2,0
90000,hunger,100,48,148,1,0
90000,hunger,100,48,156,1,0
90000,hunger,100,48,160,1,0
90000,hunger,100,48,172,1,0
90000,hunger,100,48,192,1,0
90000,hunger,100,64,68,1,0
90000,hunger,100,64,76,1,0
90000,hunger,100,64,84,1,0
90000,hunger,100,64,96,1,0
90000,hunger,100,64,104,3,0
90000,hunger,100,64,108,1,0
90000,hunger,100,64,116,2,0
90000,hunger,100,64,120,1,0
90000,hunger,100,64,124,21,0
90000,hunger,100,64,128,4,0
90000,hunger,100,64,132,1,1
90000,hunger,100,64,148,1,0
90000,hunger,100,64,160,1,0
90000,hunger,100,64,216,1,0
90000,hunger,100,80,84,1,0
90000,hunger,100,80,100,1,0
90000,hunger,100,80,116,1,0
90000,hunger,100,80,160,6,0
90000,hunger,100,100,176,1,0
90000,hunger,100,100,196,5,0
90000,hunger,100,100,204,1,0
90000,hunger,100,120,144,1,0
90000,hunger,100,120,228,1,0
90000,hunger,100,168,336,1,0
90000,hunger,150,4,16,1,0
90000,hunger,150,8,16,1,0
90000,hunger,150,12,20,1,0
90000,hunger,150,16,20,4,0
90000,hunger,150,16,24,27,0
90000,hunger,150,16,28,235,0
90000,hunger,150,16,32,28,0
90000,hunger,150,16,36,10,0
90000,hunger,150,16,40,10,0
90000,hunger,150,16,44,4,0
90000,hunger,150,16,48,2,0
90000,hunger,150,16,52,4,0
90000,hunger,150,16,56,4,0
90000,hunger,150,16,60,33,0
90000,hunger,150,16,64,2,0
90000,hunger,150,20,36,1,0
90000,hunger,150,20,40,1,0
90000,hunger,150,20,80,1,0
90000,hunger,150,24,24,6,0
90000,hunger,150,24,28,10,0
90000,hunger,150,24,32,22,0
90000,hunger,150,24,36,31,0
90000,hunger,150,24,40,63,0
90000,hunger,150,24,44,144,0
90000,hunger,150,24,48,1142,3
90000,hunger,150,24,52,25,0
90000,hunger,150,24,56,16,0
90000,hunger,150,24,60,8,0
90000,hunger,150,24,64,6,0
90000,hunger,150,24,68,7,0
90000,hunger,150,24,72,6,0
90000,hunger,150,24,76,7,0
90000,hunger,150,24,80,3,0
90000,hunger,150,24,84,3,0
90000,hunger,150,24,92,5,0
90000,hunger,150,24,96,8,0
90000,hunger,150,28,44,1,0
90000,hunger,150,28,52,1,0
90000,hunger,150,32,64,1,0
90000,hunger,150,36,36,2,0
90000,hunger,150,36,40,2,0
90000,hunger,150,36,44,4,0
90000,hunger,150,36,48,6,0
90000,hunger,150,36,52,9,0
90000,hunger,150,36,56,9,0
90000,hunger,150,36,60,35,1
90000,hunger,150,36,64,31,0
90000,hunger,150,36,68,333,2
90000,hunger,150,36,72,73,1
90000,hunger,150,36,76,5,0
90000,hunger,150,36,80,4,0
90000,hunger,150,36,84,2,0
90000,hunger,150,36,88,2,0
90000,hunger,150,36,92,2,0
90000,hunger,150,36,96,1,0
90000,hunger,150,36,104,1,0
90000,hunger,150,36,116,2,0
90000,hunger,150,36,124,1,0
90000,hunger,150,36,132,1,1
90000,hunger,150,36,140,3,0
90000,hunger,150,48,52,1,0
90000,hunger,150,48,56,2,0
90000,hunger,150,48,72,6,0
90000,hunger,150,48,76,4,0
90000,hunger,150,48,80,1,0
90000,hunger,150,48,84,5,0
90000,hunger,150,48,88,4,0
90000,hunger,150,48,92,5,1
90000,hunger,150,48,96,121,0
90000,hunger,150,48,100,4,0
90000,hunger,150,48,104,1,0
90000,hunger,150,48,112,1,0
90000,hunger,150,48,124,1,0
90000,hunger,150,48,172,1,0
90000,hunger,150,48,180,1,0
90000,hunger,150,64,72,1,0
90000,hunger,150,64,84,1,0
90000,hunger,150,64,88,1,0
90000,hunger,150,64,92,1,0
90000,hunger,150,64,100,2,0
90000,hunger,150,64,104,2,0
90000,hunger,150,64,108,1,0
90000,hunger,150,64,116,3,0
90000,hunger,150,64,120,1,0
90000,hunger,150,64,124,23,0
90000,hunger,150,64,128,1,0
90000,hunger,150,64,136,2,0
90000,hunger,150,64,208,1,0
90000,hunger,150,80,128,1,0
90000,hunger,150,80,132,1,0
90000,hunger,150,80,160,7,0
90000,hunger,150,80,164,2,0
90000,hunger,150,100,132,1,0
90000,hunger,150,100,196,2,1
90000,hunger,150,100,200,1,0
90000,hunger,150,120,220,1,0
90000,hunger,150,120,240,1,0
90000,hunger,200,8,12,1,0
90000,hunger,200,12,20,1,0
90000,hunger,200,12,24,1,0
90000,hunger,200,16,16,1,0
90000,hunger,200,16,20,5,0
90000,hunger,200,16,24,25,0
90000,hunger,200,16,28,238,3
90000,hunger,200,16,32,28,0
90000,hunger,200,16,36,13,0
90000,hunger,200,16,40,14,0
90000,hunger,200,16,44,1,0
90000,hunger,200,16,48,3,0
90000,hunger,200,16,56,2,0
90000,hunger,200,16,60,5,0
90000,hunger,200,20,40,1,0
90000,hunger,200,20,44,1,0
90000,hunger,200,24,28,5,0
90000,hunger,200,24,32,14,1
90000,hunger,200,24,36,22,0
90000,hunger,200,24,40,72,1
90000,hunger,200,24,44,162,0
90000,hunger,200,24,48,1139,4
90000,hunger,200,24,52,30,0
90000,hunger,200,24,56,14,0
90000,hunger,200,24,60,13,0
90000,hunger,200,24,64,2,0
90000,hunger,200,24,68,8,0
90000,hunger,200,24,72,5,0
90000,hunger,200,24,76,1,0
90000,hunger,200,24,80,3,0
90000,hunger,200,24,84,5,0
90000,hunger,200,24,92,3,0
90000,hunger,200,24,96,5,1
90000,hunger,200,36,44,2,0
90000,hunger,200,36,48,2,0
90000,hunger,200,36,52,5,0
90000,hunger,200,36,56,14,1
90000,hunger,200,36,60,27,0
90000,hunger,200,36,64,25,0
90000,hunger,200,36,68,333,0
90000,hunger,200,36,72,78,2
90000,hunger,200,36,76,7,0
90000,hunger,200,36,80,4,0
90000,hunger,200,36,84,3,0
90000,hunger,200,36,88,2,0
90000,hunger,200,36,100,1,0
90000,hunger,200,36,124,1,0
90000,hunger,200,36,128,1,0
90000,hunger,200,36,132,1,0
90000,hunger,200,36,140,3,0
90000,hunger,200,48,64,2,0
90000,hunger,200,48,68,2,0
90000,hunger,200,48,72,2,0
90000,hunger,200,48,76,4,0
90000,hunger,200,48,80,3,0
90000,hunger,200,48,84,4,0
90000,hunger,200,48,88,3,0
90000,hunger,200,48,92,9,0
90000,hunger,200,48,96,95,2
90000,hunger,200,48,100,6,0
90000,hunger,200,48,116,1,0
90000,hunger,200,48,124,1,1
90000,hunger,200,64,76,1,0
90000,hunger,200,64,84,1,0
90000,hunger,200,64,92,2,0
90000,hunger,200,64,104,1,0
90000,hunger,200,64,108,3,0
90000,hunger,200,64,116,2,0
90000,hunger,200,64,120,1,0
90000,hunger,200,64,124,23,1
90000,hunger,200,64,128,2,0
90000,hunger,200,64,136,1,0
90000,hunger,200,64,176,1,0
90000,hunger,200,80,160,14,0
90000,hunger,200,100,196,6,0
90000,hunger,250,12,28,1,0
90000,hunger,250,16,16,1,0
90000,hunger,250,16,20,3,1
90000,hunger,250,16,24,23,0
90000,hunger,250,16,28,238,1
90000,hunger,250,16,32,18,0
90000,hunger,250,16,36,5,0
90000,hunger,250,16,40,9,0
90000,hunger,250,16,44,4,0
90000,hunger,250,16,48,4,0
90000,hunger,250,16,52,1,0
90000,hunger,250,16,60,2,0
90000,hunger,250,20,44,2,0
90000,hunger,250,20,56,1,0
90000,hunger,250,24,24,1,0
90000,hunger,250,24,28,8,0
90000,hunger,250,24,32,12,0
90000,hunger,250,24,36,18,2
90000,hunger,250,24,40,49,1
90000,hunger,250,24,44,161,1
90000,hunger,250,24,48,1249,11
90000,hunger,250,24,52,39,0
90000,hunger,250,24,56,12,0
90000,hunger,250,24,60,12,0
90000,hunger,250,24,64,9,0
90000,hunger,250,24,68,4,0
90000,hunger,250,24,72,4,0
90000,hunger,250,24,76,3,0
90000,hunger,250,24,80,4,0
90000,hunger,250,24,84,1,0
90000,hunger,250,24,96,4,0
90000,hunger,250,32,64,2,0
90000,hunger,250,36,36,2,0
90000,hunger,250,36,40,2,0
90000,hunger,250,36,44,2,0
90000,hunger,250,36,48,4,0
90000,hunger,250,36,52,9,0
90000,hunger,250,36,56,16,0
90000,hunger,250,36,60,22,0
90000,hunger,250,36,64,30,0
90000,hunger,250,36,68,431,4
90000,hunger,250,36,72,67,1
90000,hunger,250,36,76,5,0
90000,hunger,250,36,80,1,0
90000,hunger,250,36,84,1,0
90000,hunger,250,36,88,2,0
90000,hunger,250,36,100,2,0
90000,hunger,250,36,112,1,0
90000,hunger,250,36,120,1,0
90000,hunger,250,36,140,1,0
90000,hunger,250,44,84,1,0
90000,hunger,250,48,60,2,0
90000,hunger,250,48,64,2,0
90000,hunger,250,48,68,1,0
90000,hunger,250,48,72,1,0
90000,hunger,250,48,76,5,0
90000,hunger,250,48,80,5,0
90000,hunger,250,48,84,4,0
90000,hunger,250,48,88,4,0
90000,hunger,250,48,92,7,1
90000,hunger,250,48,96,140,1
90000,hunger,250,48,100,7,0
90000,hunger,250,48,104,1,0
90000,hunger,250,48,112,2,0
90000,hunger,250,48,116,1,0
90000,hunger,250,48,120,1,0
90000,hunger,250,48,128,1,0
90000,hunger,250,48,164,1,0
90000,hunger,250,64,84,1,0
90000,hunger,250,64,96,1,0
90000,hunger,250,64,112,1,0
90000,hunger,250,64,116,4,0
90000,hunger,250,64,120,1,0
90000,hunger,250,64,124,33,0
90000,hunger,250,64,128,6,0
90000,hunger,250,64,132,1,0
90000,hunger,250,64,204,1,0
90000,hunger,250,80,140,1,0
90000,hunger,250,80,152,1,1
90000,hunger,250,80,160,10,0
90000,hunger,250,80,168,1,0
90000,hunger,250,100,192,1,0
90000,hunger,250,100,196,2,0
90000,hunger,250,120,240,2,0
90000,hunger,300,8,12,1,0
90000,hunger,300,8,28,1,0
90000,hunger,300,12,24,1,0
90000,hunger,300,12,36,1,0
90000,hunger,300,16,16,1,0
90000,hunger,300,16,20,3,0
90000,hunger,300,16,24,15,0
90000,hunger,300,16,28,152,1
90000,hunger,300,16,32,22,1
90000,hunger,300,16,36,3,0
90000,hunger,300,16,40,4,0
90000,hunger,300,16,44,2,0
90000,hunger,300,16,48,1,0
90000,hunger,300,16,52,1,0
90000,hunger,300,16,56,1,0
90000,hunger,300,20,44,2,0
90000,hunger,300,24,28,2,0
90000,hunger,300,24,32,9,0
90000,hunger,300,24,36,20,0
90000,hunger,300,24,40,54,0
90000,hunger,300,24,44,152,3
90000,hunger,300,24,48,1196,11
90000,hunger,300,24,52,37,1
90000,hunger,300,24,56,10,0
90000,hunger,300,24,60,6,0
90000,hunger,300,24,64,4,0
90000,hunger,300,24,68,5,0
90000,hunger,300,24,72,3,0
90000,hunger,300,24,76,6,0
90000,hunger,300,24,80,1,0
90000,hunger,300,24,84,4,0
90000,hunger,300,24,88,1,0
90000,hunger,300,24,92,1,0
90000,hunger,300,28,52,1,0
90000,hunger,300,32,60,1,0
90000,hunger,300,36,40,1,0
90000,hunger,300,36,44,3,1
90000,hunger,300,36,48,6,0
90000,hunger,300,36,52,10,0
90000,hunger,300,36,56,20,1
90000,hunger,300,36,60,22,0
90000,hunger,300,36,64,26,0
90000,hunger,300,36,68,388,7
90000,hunger,300,36,72,84,0
90000,hunger,300,36,76,5,0
90000,hunger,300,36,80,4,0
90000,hunger,300,36,84,1,0
90000,hunger,300,36,88,3,0
90000,hunger,300,36,96,2,0
90000,hunger,300,36,100,3,0
90000,hunger,300,36,112,1,0
90000,hunger,300,36,128,2,0
90000,hunger,300,40,68,1,0
90000,hunger,300,48,56,1,0
90000,hunger,300,48,72,3,0
90000,hunger,300,48,76,2,0
90000,hunger,300,48,80,3,0
90000,hunger,300,48,84,5,0
90000,hunger,300,48,88,9,0
90000,hunger,300,48,92,6,0
90000,hunger,300,48,96,125,2
90000,hunger,300,48,100,4,0
90000,hunger,300,48,104,3,0
90000,hunger,300,48,132,2,0
90000,hunger,300,64,80,1,0
90000,hunger,300,64,96,1,0
90000,hunger,300,64,108,2,0
90000,hunger,300,64,124,38,0
90000,hunger,300,64,128,7,0
90000,hunger,300,64,132,2,1
90000,hunger,300,64,168,1,0
90000,hunger,300,80,148,1,0
90000,hunger,300,80,156,1,0
90000,hunger,300,80,160,13,0
90000,hunger,300,100,200,2,0
90000,hunger,300,120,160,1,1
90000,hunger,300,120,164,1,0
90000,hunger,300,120,240,2,0
90000,hunger,300,144,296,1,0
90000,hunger,350,12,16,1,0
90000,hunger,350,16,16,2,0
90000,hunger,350,16,20,1,0
90000,hunger,350,16,24,8,0
90000,hunger,350,16,28,107,0
90000,hunger,350,16,32,24,1
90000,hunger,350,16,36,8,0
90000,hunger,350,16,40,11,0
90000,hunger,350,16,44,3,0
90000,hunger,350,16,52,1,0
90000,hunger,350,24,28,7,0
90000,hunger,350,24,32,7,0
90000,hunger,350,24,36,14,0
90000,hunger,350,24,40,30,2
90000,hunger,350,24,44,108,1
90000,hunger,350,24,48,993,9
90000,hunger,350,24,52,19,0
90000,hunger,350,24,56,13,0
90000,hunger,350,24,60,10,0
90000,hunger,350,24,64,8,1
90000,hunger,350,24,68,5,0
90000,hunger,350,24,72,1,0
90000,hunger,350,24,80,2,0
90000,hunger,350,24,84,1,0
90000,hunger,350,24,88,1,0
90000,hunger,350,24,96,3,0
90000,hunger,350,32,60,1,0
90000,hunger,350,36,44,3,0
90000,hunger,350,36,48,2,0
90000,hunger,350,36,52,4,1
90000,hunger,350,36,56,11,0
90000,hunger,350,36,60,11,0
90000,hunger,350,36,64,24,3
90000,hunger,350,36,68,363,1
90000,hunger,350,36,72,81,1
90000,hunger,350,36,76,8,0
90000,hunger,350,36,80,6,0
90000,hunger,350,36,84,2,0
90000,hunger,350,36,88,1,0
90000,hunger,350,36,92,1,0
90000,hunger,350,36,96,3,0
90000,hunger,350,36,100,1,0
90000,hunger,350,36,116,1,0
90000,hunger,350,36,136,1,0
90000,hunger,350,48,60,2,0
90000,hunger,350,48,64,2,0
90000,hunger,350,48,76,3,0
90000,hunger,350,48,80,2,0
90000,hunger,350,48,84,3,0
90000,hunger,350,48,88,6,0
90000,hunger,350,48,92,9,1
90000,hunger,350,48,96,100,0
90000,hunger,350,48,100,5,0
90000,hunger,350,48,108,1,0
90000,hunger,350,48,112,3,1
90000,hunger,350,48,116,2,1
90000,hunger,350,48,140,1,0
90000,hunger,350,48,148,1,0
90000,hunger,350,64,72,1,0
90000,hunger,350,64,76,1,0
90000,hunger,350,64,88,1,0
90000,hunger,350,64,92,1,0
90000,hunger,350,64,100,1,0
90000,hunger,350,64,104,1,0
90000,hunger,350,64,108,1,1
90000,hunger,350,64,124,46,4
90000,hunger,350,64,128,3,0
90000,hunger,350,64,132,1,0
90000,hunger,350,80,108,1,0
90000,hunger,350,80,136,1,0
90000,hunger,350,80,144,1,0
90000,hunger,350,80,148,1,0
90000,hunger,350,80,152,1,0
90000,hunger,350,80,156,2,0
90000,hunger,350,80,160,10,0
90000,hunger,350,80,168,1,0
90000,hunger,350,100,116,1,0
90000,hunger,350,100,120,1,0
90000,hunger,350,100,168,1,0
90000,hunger,350,100,196,7,0
90000,hunger,350,168,336,1,0
90000,hunger,400,16,20,1,0
90000,hunger,400,16,24,5,0
90000,hunger,400,16,28,56,0
90000,hunger,400,16,32,22,1
90000,hunger,400,16,36,6,0
90000,hunger,400,16,40,7,0
90000,hunger,400,16,44,2,0
90000,hunger,400,16,48,3,0
90000,hunger,400,16,52,2,0
90000,hunger,400,16,60,1,0
90000,hunger,400,24,28,1,0
90000,hunger,400,24,32,5,0
90000,hunger,400,24,36,5,0
90000,hunger,400,24,40,38,0
90000,hunger,400,24,44,124,1
90000,hunger,400,24,48,860,18
90000,hunger,400,24,52,16,0
90000,hunger,400,24,56,12,0
90000,hunger,400,24,60,13,0
90000,hunger,400,24,64,3,0
90000,hunger,400,24,68,7,0
90000,hunger,400,24,72,6,0
90000,hunger,400,24,76,2,0
90000,hunger,400,24,80,2,0
90000,hunger,400,24,88,1,0
90000,hunger,400,24,92,2,0
90000,hunger,400,36,40,1,0
90000,hunger,400,36,44,1,0
90000,hunger,400,36,52,5,0
90000,hunger,400,36,56,10,0
90000,hunger,400,36,60,19,0
90000,hunger,400,36,64,29,0
90000,hunger,400,36,68,329,6
90000,hunger,400,36,72,73,0
90000,hunger,400,36,76,3,0
90000,hunger,400,36,80,3,0
90000,hunger,400,36,84,7,0
90000,hunger,400,36,88,3,0
90000,hunger,400,36,92,2,0
90000,hunger,400,36,96,1,0
90000,hunger,400,36,100,1,0
90000,hunger,400,36,112,1,0
90000,hunger,400,48,64,1,0
90000,hunger,400,48,72,2,0
90000,hunger,400,48,76,3,0
90000,hunger,400,48,80,6,0
90000,hunger,400,48,84,2,1
90000,hunger,400,48,88,9,0
90000,hunger,400,48,92,10,0
90000,hunger,400,48,96,114,0
90000,hunger,400,48,100,4,0
90000,hunger,400,48,104,2,1
90000,hunger,400,48,108,2,0
90000,hunger,400,48,112,1,0
90000,hunger,400,48,116,1,0
90000,hunger,400,48,120,1,0
90000,hunger,400,48,124,1,0
90000,hunger,400,48,136,1,0
90000,hunger,400,48,144,1,0
90000,hunger,400,48,152,1,0
90000,hunger,400,64,104,1,1
90000,hunger,400,64,108,1,0
90000,hunger,400,64,112,2,0
90000,hunger,400,64,116,2,0
90000,hunger,400,64,124,22,1
90000,hunger,400,64,128,3,0
90000,hunger,400,64,132,1,0
90000,hunger,400,80,148,1,0
90000,hunger,400,80,156,1,0
90000,hunger,400,80,160,16,1
90000,hunger,400,100,120,1,0
90000,hunger,400,100,180,1,0
90000,hunger,400,100,196,7,0
90000,hunger,400,120,240,4,0
90000,hunger,400,168,336,1,0
90000,hunger,450,16,20,2,0
90000,hunger,450,16,24,2,0
90000,hunger,450,16,28,44,0
90000,hunger,450,16,32,7,1
90000,hunger,450,16,36,4,0
90000,hunger,450,16,40,4,0
90000,hunger,450,16,44,3,0
90000,hunger,450,16,48,3,0
90000,hunger,450,16,56,1,0
90000,hunger,450,20,40,1,0
90000,hunger,450,20,44,1,0
90000,hunger,450,24,28,3,0
90000,hunger,450,24,32,4,0
90000,hunger,450,24,36,5,0
90000,hunger,450,24,40,23,0
90000,hunger,450,24,44,72,2
90000,hunger,450,24,48,653,9
90000,hunger,450,24,52,18,0
90000,hunger,450,24,56,4,0
90000,hunger,450,24,60,13,0
90000,hunger,450,24,64,11,0
90000,hunger,450,24,68,5,0
90000,hunger,450,24,72,3,0
90000,hunger,450,24,76,3,0
90000,hunger,450,24,80,3,0
90000,hunger,450,24,88,2,0
90000,hunger,450,36,36,1,0
90000,hunger,450,36,44,1,0
90000,hunger,450,36,48,2,0
90000,hunger,450,36,52,2,0
90000,hunger,450,36,56,6,0
90000,hunger,450,36,60,12,0
90000,hunger,450,36,64,29,0
90000,hunger,450,36,68,275,7
90000,hunger,450,36,72,75,4
90000,hunger,450,36,76,8,0
90000,hunger,450,36,84,1,0
90000,hunger,450,36,88,3,0
90000,hunger,450,36,92,2,0
90000,hunger,450,36,100,3,0
90000,hunger,450,36,104,1,0
90000,hunger,450,36,108,1,0
90000,hunger,450,36,112,1,0
90000,hunger,450,36,120,1,0
90000,hunger,450,36,132,1,0
90000,hunger,450,48,64,2,0
90000,hunger,450,48,68,1,0
90000,hunger,450,48,72,1,0
90000,hunger,450,48,76,1,1
90000,hunger,450,48,80,3,0
90000,hunger,450,48,84,2,0
90000,hunger,450,48,88,6,1
90000,hunger,450,48,92,5,0
90000,hunger,450,48,96,108,1
90000,hunger,450,48,100,4,0
90000,hunger,450,48,104,2,0
90000,hunger,450,48,112,3,0
90000,hunger,450,48,116,1,0
90000,hunger,450,48,144,1,0
90000,hunger,450,48,148,1,0
90000,hunger,450,64,72,1,0
90000,hunger,450,64,88,1,0
90000,hunger,450,64,92,1,0
90000,hunger,450,64,104,2,0
90000,hunger,450,64,112,2,0
90000,hunger,450,64,116,2,0
90000,hunger,450,64,120,3,0
90000,hunger,450,64,124,32,3
90000,hunger,450,64,128,2,0
90000,hunger,450,64,132,1,0
90000,hunger,450,64,136,2,0
90000,hunger,450,80,116,1,0
90000,hunger,450,80,136,1,0
90000,hunger,450,80,140,1,0
90000,hunger,450,80,144,2,0
90000,hunger,450,80,156,1,0
90000,hunger,450,80,160,16,0
90000,hunger,450,80,168,1,0
90000,hunger,450,100,180,1,0
90000,hunger,450,100,196,1,0
90000,hunger,450,100,204,1,0
90000,hunger,450,120,240,2,0
90000,hunger,500,8,24,1,0
90000,hunger,500,16,20,2,0
90000,hunger,500,16,24,1,0
90000,hunger,500,16,28,30,0
90000,hunger,500,16,32,7,0
90000,hunger,500,16,36,2,0
90000,hunger,500,16,40,3,0
90000,hunger,500,16,44,1,0
90000,hunger,500,16,48,1,0
90000,hunger,500,16,52,1,0
90000,hunger,500,24,28,2,0
90000,hunger,500,24,32,1,1
90000,hunger,500,24,36,7,0
90000,hunger,500,24,40,20,1
90000,hunger,500,24,44,51,5
90000,hunger,500,24,48,533,12
90000,hunger,500,24,52,10,0
90000,hunger,500,24,56,4,0
90000,hunger,500,24,60,5,0
90000,hunger,500,24,64,6,0
90000,hunger,500,24,68,2,0
90000,hunger,500,24,72,4,1
90000,hunger,500,24,76,3,0
90000,hunger,500,24,84,2,0
90000,hunger,500,24,88,1,0
90000,hunger,500,28,52,1,0
90000,hunger,500,36,40,1,0
90000,hunger,500,36,52,3,0
90000,hunger,500,36,60,6,0
90000,hunger,500,36,64,11,0
90000,hunger,500,36,68,183,8
90000,hunger,500,36,72,54,1
90000,hunger,500,36,76,5,0
90000,hunger,500,36,80,6,0
90000,hunger,500,36,84,2,0
90000,hunger,500,36,88,1,0
90000,hunger,500,36,96,2,0
90000,hunger,500,36,104,1,0
90000,hunger,500,48,64,2,0
90000,hunger,500,48,68,1,0
90000,hunger,500,48,76,2,0
90000,hunger,500,48,84,1,0
90000,hunger,500,48,88,2,0
90000,hunger,500,48,92,6,0
90000,hunger,500,48,96,96,5
90000,hunger,500,48,100,5,0
90000,hunger,500,48,104,1,0
90000,hunger,500,48,108,1,0
90000,hunger,500,48,112,1,0
90000,hunger,500,48,116,2,0
90000,hunger,500,48,128,2,0
90000,hunger,500,48,132,1,0
90000,hunger,500,48,136,1,0
90000,hunger,500,48,168,1,0
90000,hunger,500,48,180,1,0
90000,hunger,500,56,140,1,0
90000,hunger,500,64,88,2,0
90000,hunger,500,64,100,1,0
90000,hunger,500,64,104,1,0
90000,hunger,500,64,108,1,0
90000,hunger,500,64,116,1,0
90000,hunger,500,64,120,3,0
90000,hunger,500,64,124,23,0
90000,hunger,500,64,128,5,0
90000,hunger,500,64,144,1,0
90000,hunger,500,80,144,1,0
90000,hunger,500,80,148,1,0
90000,hunger,500,80,160,10,3
90000,hunger,500,80,168,1,0
90000,hunger,500,80,172,1,0
90000,hunger,500,80,256,1,0
90000,hunger,500,100,136,1,1
90000,hunger,500,100,144,1,0
90000,hunger,500,100,196,5,0
90000,hunger,500,100,204,1,0
90000,hunger,500,120,240,2,0
90000,hunger,500,120,244,1,0
90000,hunger,550,16,24,2,0
90000,hunger,550,16,28,20,0
90000,hunger,550,16,32,4,0
90000,hunger,550,16,36,2,0
90000,hunger,550,16,40,1,0
90000,hunger,550,16,44,2,0
90000,hunger,550,16,48,2,0
90000,hunger,550,16,52,1,0
90000,hunger,550,16,56,1,0
90000,hunger,550,24,32,2,0
90000,hunger,550,24,36,2,0
90000,hunger,550,24,40,15,0
90000,hunger,550,24,44,56,1
90000,hunger,550,24,48,428,16
90000,hunger,550,24,52,8,0
90000,hunger,550,24,56,4,0
90000,hunger,550,24,60,10,0
90000,hunger,550,24,64,4,0
90000,hunger,550,24,68,4,0
90000,hunger,550,24,72,1,0
90000,hunger,550,24,76,2,0
90000,hunger,550,24,80,2,0
90000,hunger,550,24,84,1,0
90000,hunger,550,24,92,1,0
90000,hunger,550,36,52,3,0
90000,hunger,550,36,56,4,0
90000,hunger,550,36,60,7,1
90000,hunger,550,36,64,13,0
90000,hunger,550,36,68,159,8
90000,hunger,550,36,72,69,2
90000,hunger,550,36,76,6,0
90000,hunger,550,36,80,2,0
90000,hunger,550,36,84,2,0
90000,hunger,550,36,88,3,0
90000,hunger,550,36,92,1,0
90000,hunger,550,36,96,1,0
90000,hunger,550,36,100,1,0
90000,hunger,550,36,104,1,0
90000,hunger,550,36,120,1,0
90000,hunger,550,36,124,1,0
90000,hunger,550,36,132,1,0
90000,hunger,550,44,100,1,0
90000,hunger,550,48,84,4,0
90000,hunger,550,48,88,5,0
90000,hunger,550,48,92,5,0
90000,hunger,550,48,96,62,2
90000,hunger,550,48,100,4,0
90000,hunger,550,48,104,1,0
90000,hunger,550,48,108,1,0
90000,hunger,550,48,112,1,0
90000,hunger,550,48,124,1,0
90000,hunger,550,48,128,1,0
90000,hunger,550,48,184,1,0
90000,hunger,550,64,100,1,0
90000,hunger,550,64,108,1,0
90000,hunger,550,64,116,1,0
90000,hunger,550,64,120,3,0
90000,hunger,550,64,124,19,0
90000,hunger,550,64,128,3,0
90000,hunger,550,64,132,1,0
90000,hunger,550,64,136,1,0
90000,hunger,550,64,140,1,0
90000,hunger,550,64,144,1,0
90000,hunger,550,64,156,1,0
90000,hunger,550,64,208,1,0
90000,hunger,550,80,100,1,0
90000,hunger,550,80,136,1,0
90000,hunger,550,80,160,11,0
90000,hunger,550,80,180,1,0
90000,hunger,550,100,192,1,0
90000,hunger,550,100,196,5,0
90000,hunger,550,120,200,1,0
90000,hunger,550,120,240,2,0
90000,hunger,600,16,24,1,0
90000,hunger,600,16,28,14,1
90000,hunger,600,16,32,2,0
90000,hunger,600,16,44,2,0
90000,hunger,600,16,56,3,0
90000,hunger,600,24,36,2,0
90000,hunger,600,24,40,5,0
90000,hunger,600,24,44,40,1
90000,hunger,600,24,48,332,6
90000,hunger,600,24,52,9,0
90000,hunger,600,24,56,3,0
90000,hunger,600,24,60,2,0
90000,hunger,600,24,64,1,0
90000,hunger,600,24,68,4,1
90000,hunger,600,24,72,4,0
90000,hunger,600,24,84,3,0
90000,hunger,600,36,52,1,0
90000,hunger,600,36,56,3,0
90000,hunger,600,36,60,10,0
90000,hunger,600,36,64,7,0
90000,hunger,600,36,68,127,2
90000,hunger,600,36,72,37,2
90000,hunger,600,36,76,3,0
90000,hunger,600,36,84,4,0
90000,hunger,600,36,88,2,0
90000,hunger,600,36,96,1,0
90000,hunger,600,36,100,1,0
90000,hunger,600,36,104,1,0
90000,hunger,600,36,132,1,0
90000,hunger,600,48,72,1,0
90000,hunger,600,48,80,2,0
90000,hunger,600,48,88,5,0
90000,hunger,600,48,92,3,0
90000,hunger,600,48,96,47,4
90000,hunger,600,48,100,2,0
90000,hunger,600,48,104,1,0
90000,hunger,600,48,108,1,0
90000,hunger,600,48,112,1,0
90000,hunger,600,48,128,3,0
90000,hunger,600,48,140,2,0
90000,hunger,600,64,120,1,0
90000,hunger,600,64,124,16,1
90000,hunger,600,64,128,6,0
90000,hunger,600,64,140,1,0
90000,hunger,600,80,156,1,0
90000,hunger,600,80,160,5,0
90000,hunger,600,80,164,1,0
90000,hunger,600,80,172,1,0
90000,hunger,600,100,196,2,0
90000,hunger,600,100,204,1,0
90000,hunger,600,120,240,2,0
90000,hunger,600,168,336,1,0
90000,hunger,650,16,24,1,0
90000,hunger,650,16,28,13,0
90000,hunger,650,16,32,5,0
90000,hunger,650,16,36,2,0
90000,hunger,650,16,44,2,0
90000,hunger,650,16,48,2,0
90000,hunger,650,16,56,1,0
90000,hunger,650,24,32,1,0
90000,hunger,650,24,36,2,0
90000,hunger,650,24,40,11,0
90000,hunger,650,24,44,26,0
90000,hunger,650,24,48,277,10
90000,hunger,650,24,52,8,0
90000,hunger,650,24,56,2,1
90000,hunger,650,24,60,2,0
90000,hunger,650,24,64,5,1
90000,hunger,650,24,68,3,0
90000,hunger,650,24,76,1,0
90000,hunger,650,24,80,3,0
90000,hunger,650,24,88,1,0
90000,hunger,650,24,92,1,0
90000,hunger,650,24,96,1,0
90000,hunger,650,36,56,2,0
90000,hunger,650,36,60,2,0
90000,hunger,650,36,64,5,0
90000,hunger,650,36,68,85,7
90000,hunger,650,36,72,37,0
90000,hunger,650,36,76,3,0
90000,hunger,650,36,84,5,0
90000,hunger,650,36,92,1,0
90000,hunger,650,36,96,1,0
90000,hunger,650,36,104,2,0
90000,hunger,650,36,112,1,0
90000,hunger,650,36,124,1,0
90000,hunger,650,36,128,1,0
90000,hunger,650,48,60,1,0
90000,hunger,650,48,64,1,0
90000,hunger,650,48,68,1,0
90000,hunger,650,48,80,2,0
90000,hunger,650,48,84,1,0
90000,hunger,650,48,88,2,0
90000,hunger,650,48,92,2,0
90000,hunger,650,48,96,32,1
90000,hunger,650,48,100,5,1
90000,hunger,650,48,104,1,0
90000,hunger,650,48,108,1,0
90000,hunger,650,48,116,1,0
90000,hunger,650,48,156,1,0
90000,hunger,650,64,104,1,0
90000,hunger,650,64,120,1,0
90000,hunger,650,64,124,17,1
90000,hunger,650,64,156,1,0
90000,hunger,650,80,148,2,0
90000,hunger,650,80,160,5,0
90000,hunger,650,80,168,1,0
90000,hunger,650,100,180,1,0
90000,hunger,650,100,204,1,0
90000,hunger,650,108,192,1,0
90000,hunger,650,168,336,1,0
90000,hunger,700,16,28,11,0
90000,hunger,700,16,32,2,0
90000,hunger,700,16,36,2,0
90000,hunger,700,16,40,2,0
90000,hunger,700,16,56,1,0
90000,hunger,700,24,36,4,0
90000,hunger,700,24,40,4,0
90000,hunger,700,24,44,23,2
90000,hunger,700,24,48,233,4
90000,hunger,700,24,52,3,0
90000,hunger,700,24,56,3,0
90000,hunger,700,24,60,2,0
90000,hunger,700,24,64,1,0
90000,hunger,700,24,68,2,0
90000,hunger,700,24,76,1,0
90000,hunger,700,24,80,2,0
90000,hunger,700,24,88,1,0
90000,hunger,700,24,96,1,0
90000,hunger,700,36,44,1,0
90000,hunger,700,36,52,1,0
90000,hunger,700,36,56,1,0
90000,hunger,700,36,60,2,1
90000,hunger,700,36,64,6,0
90000,hunger,700,36,68,60,3
90000,hunger,700,36,72,35,2
90000,hunger,700,36,84,1,0
90000,hunger,700,36,88,1,0
90000,hunger,700,36,92,2,0
90000,hunger,700,36,112,1,0
90000,hunger,700,36,116,1,0
90000,hunger,700,36,120,1,0
90000,hunger,700,48,76,1,0
90000,hunger,700,48,84,2,0
90000,hunger,700,48,88,1,0
90000,hunger,700,48,92,3,0
90000,hunger,700,48,96,31,1
90000,hunger,700,48,104,2,0
90000,hunger,700,48,112,1,0
90000,hunger,700,48,116,1,0
90000,hunger,700,48,132,1,0
90000,hunger,700,64,120,1,0
90000,hunger,700,64,124,11,2
90000,hunger,700,64,128,2,0
90000,hunger,700,64,176,1,0
90000,hunger,700,64,196,1,0
90000,hunger,700,80,152,1,0
90000,hunger,700,80,156,1,0
90000,hunger,700,80,160,3,0
90000,hunger,700,80,168,1,0
90000,hunger,700,100,136,1,0
90000,hunger,700,100,196,1,0
90000,hunger,700,100,236,1,0
90000,hunger,700,120,244,1,0
90000,hunger,750,16,24,1,0
90000,hunger,750,16,28,11,0
90000,hunger,750,16,32,1,0
90000,hunger,750,16,40,1,0
90000,hunger,750,16,44,1,0
90000,hunger,750,16,48,1,0
90000,hunger,750,16,52,1,0
90000,hunger,750,24,40,6,0
90000,hunger,750,24,44,26,2
90000,hunger,750,24,48,189,7
90000,hunger,750,24,52,5,0
90000,hunger,750,24,56,2,0
90000,hunger,750,24,60,2,0
90000,hunger,750,24,64,1,0
90000,hunger,750,24,76,1,0
90000,hunger,750,24,84,4,0
90000,hunger,750,36,56,1,0
90000,hunger,750,36,60,2,1
90000,hunger,750,36,64,5,2
90000,hunger,750,36,68,72,4
90000,hunger,750,36,72,32,2
90000,hunger,750,36,76,6,0
90000,hunger,750,36,88,2,0
90000,hunger,750,36,96,2,0
90000,hunger,750,48,80,3,0
90000,hunger,750,48,84,2,0
90000,hunger,750,48,96,21,3
90000,hunger,750,48,100,2,0
90000,hunger,750,48,104,1,0
90000,hunger,750,48,108,2,0
90000,hunger,750,48,112,2,0
90000,hunger,750,48,128,1,1
90000,hunger,750,64,104,1,0
90000,hunger,750,64,116,2,0
90000,hunger,750,64,124,5,1
90000,hunger,750,64,128,2,0
90000,hunger,750,80,160,3,0
90000,hunger,750,80,164,2,0
90000,hunger,750,100,196,1,0
90000,hunger,750,168,336,1,0
90000,hunger,800,16,28,9,0
90000,hunger,800,16,36,1,0
90000,hunger,800,16,44,1,0
90000,hunger,800,24,40,2,1
90000,hunger,800,24,44,16,2
90000,hunger,800,24,48,161,8
90000,hunger,800,24,52,4,0
90000,hunger,800,24,64,2,0
90000,hunger,800,24,68,1,0
90000,hunger,800,24,72,2,1
90000,hunger,800,24,76,1,0
90000,hunger,800,24,84,1,0
90000,hunger,800,36,60,1,0
90000,hunger,800,36,68,42,6
90000,hunger,800,36,72,20,1
90000,hunger,800,36,84,2,0
90000,hunger,800,36,92,1,1
90000,hunger,800,36,96,2,0
90000,hunger,800,36,120,1,0
90000,hunger,800,48,88,1,0
90000,hunger,800,48,92,2,0
90000,hunger,800,48,96,20,1
90000,hunger,800,48,100,2,0
90000,hunger,800,48,116,1,0
90000,hunger,800,48,176,1,0
90000,hunger,800,64,108,1,0
90000,hunger,800,64,112,1,0
90000,hunger,800,64,124,8,1
90000,hunger,800,64,128,2,0
90000,hunger,800,64,152,1,0
90000,hunger,800,80,156,1,0
90000,hunger,800,80,164,1,0
90000,hunger,800,80,168,1,0
90000,hunger,800,80,172,1,0
90000,hunger,850,16,28,7,0
90000,hunger,850,16,36,1,0
90000,hunger,850,24,40,5,0
90000,hunger,850,24,44,18,0
90000,hunger,850,24,48,153,9
90000,hunger,850,24,52,2,0
90000,hunger,850,24,56,4,0
90000,hunger,850,24,60,2,0
90000,hunger,850,24,68,3,1
90000,hunger,850,24,72,2,0
90000,hunger,850,24,76,1,0
90000,hunger,850,36,52,1,0
90000,hunger,850,36,60,1,0
90000,hunger,850,36,64,4,1
90000,hunger,850,36,68,34,1
90000,hunger,850,36,72,18,1
90000,hunger,850,36,76,1,0
90000,hunger,850,36,80,1,0
90000,hunger,850,36,84,1,0
90000,hunger,850,36,88,1,0
90000,hunger,850,36,92,1,1
90000,hunger,850,36,116,1,0
90000,hunger,850,36,120,1,0
90000,hunger,850,48,80,2,0
90000,hunger,850,48,92,2,0
90000,hunger,850,48,96,16,2
90000,hunger,850,48,116,1,0
90000,hunger,850,64,124,6,2
90000,hunger,850,64,136,1,0
90000,hunger,850,80,160,3,0
90000,hunger,900,16,28,1,0
90000,hunger,900,24,40,5,0
90000,hunger,900,24,44,20,3
90000,hunger,900,24,48,131,4
90000,hunger,900,24,52,2,0
90000,hunger,900,24,64,2,0
90000,hunger,900,36,52,2,0
90000,hunger,900,36,60,3,0
90000,hunger,900,36,64,5,0
90000,hunger,900,36,68,35,1
90000,hunger,900,36,72,18,2
90000,hunger,900,36,76,1,0
90000,hunger,900,36,80,1,0
90000,hunger,900,36,84,1,0
90000,hunger,900,36,88,1,0
90000,hunger,900,36,128,1,0
90000,hunger,900,48,92,2,0
90000,hunger,900,48,96,11,1
90000,hunger,900,48,100,1,0
90000,hunger,900,48,128,1,0
90000,hunger,900,64,124,3,0
90000,hunger,900,64,128,1,0
90000,hunger,900,80,160,1,0
90000,hunger,900,100,196,1,1
90000,hunger,950,16,28,2,0
90000,hunger,950,16,52,1,0
90000,hunger,950,24,36,1,0
90000,hunger,950,24,40,2,0
90000,hunger,950,24,44,18,2
90000,hunger,950,24,48,114,8
90000,hunger,950,24,64,2,0
90000,hunger,950,36,48,1,0
90000,hunger,950,36,56,1,0
90000,hunger,950,36,60,1,1
90000,hunger,950,36,64,1,0
90000,hunger,950,36,68,34,6
90000,hunger,950,36,72,11,1
90000,hunger,950,36,76,2,0
90000,hunger,950,36,80,1,0
90000,hunger,950,36,92,1,0
90000,hunger,950,36,104,1,0
90000,hunger,950,36,112,1,0
90000,hunger,950,48,84,1,1
90000,hunger,950,48,92,1,0
90000,hunger,950,48,96,13,1
90000,hunger,950,48,100,1,0
90000,hunger,950,48,116,2,0
90000,hunger,950,64,104,1,0
90000,hunger,950,64,120,1,0
90000,hunger,950,64,124,2,0
90000,hunger,950,80,160,1,0
90000,hunger,950,80,176,1,0
90000,hunger,950,100,196,2,0
90000,hunger,1000,16,28,3,0
90000,hunger,1000,16,32,1,0
90000,hunger,1000,16,36,1,0
90000,hunger,1000,24,40,2,0
90000,hunger,1000,24,44,5,0
90000,hunger,1000,24,48,90,5
90000,hunger,1000,24,56,1,0
90000,hunger,1000,24,60,2,0
90000,hunger,1000,36,56,1,0
90000,hunger,1000,36,60,1,0
90000,hunger,1000,36,68,19,1
90000,hunger,1000,36,72,9,1
90000,hunger,1000,36,76,1,1
90000,hunger,1000,36,108,1,0
90000,hunger,1000,48,88,1,0
90000,hunger,1000,48,92,1,0
90000,hunger,1000,48,96,7,0
90000,hunger,1000,48,108,1,0
90000,hunger,1000,64,112,1,0
90000,hunger,1000,64,124,2,0
90000,hunger,1000,80,144,1,0
90000,hunger,1000,80,160,2,1
90000,hunger,1050,16,28,2,0
90000,hunger,1050,16,32,1,0
90000,hunger,1050,16,56,1,0
90000,hunger,1050,24,40,2,1
90000,hunger,1050,24,44,11,1
90000,hunger,1050,24,48,86,4
90000,hunger,1050,24,52,1,0
90000,hunger,1050,24,56,1,0
90000,hunger,1050,24,60,1,0
90000,hunger,1050,24,72,1,0
90000,hunger,1050,24,80,1,0
90000,hunger,1050,36,56,3,0
90000,hunger,1050,36,60,2,0
90000,hunger,1050,36,64,2,0
90000,hunger,1050,36,68,12,0
90000,hunger,1050,36,72,19,2
90000,hunger,1050,36,88,2,1
90000,hunger,1050,48,80,3,0
90000,hunger,1050,48,88,1,0
90000,hunger,1050,48,96,11,0
90000,hunger,1050,48,100,1,0
90000,hunger,1050,48,116,1,0
90000,hunger,1050,48,124,1,0
90000,hunger,1050,64,124,3,2
90000,hunger,1050,64,128,1,0
90000,hunger,1050,64,160,1,0
90000,hunger,1050,80,160,1,0
90000,hunger,1050,100,196,1,0
90000,hunger,1050,120,228,1,0
90000,hunger,1050,120,240,1,0
90000,hunger,1100,16,24,1,0
90000,hunger,1100,16,56,1,0
90000,hunger,1100,24,36,2,1
90000,hunger,1100,24,40,2,0
90000,hunger,1100,24,44,15,1
90000,hunger,1100,24,48,82,12
90000,hunger,1100,24,52,1,0
90000,hunger,1100,24,60,1,0
90000,hunger,1100,36,52,1,0
90000,hunger,1100,36,68,22,2
90000,hunger,1100,36,72,12,0
90000,hunger,1100,36,76,1,0
90000,hunger,1100,48,80,2,0
90000,hunger,1100,48,96,4,0
90000,hunger,1100,48,100,1,0
90000,hunger,1100,56,176,1,0
90000,hunger,1100,64,124,2,1
90000,hunger,1100,80,160,1,0
90000,hunger,1100,80,164,1,0
90000,hunger,1150,16,24,1,0
90000,hunger,1150,16,28,2,0
90000,hunger,1150,24,40,2,0
90000,hunger,1150,24,44,15,2
90000,hunger,1150,24,48,75,7
90000,hunger,1150,24,52,1,0
90000,hunger,1150,24,56,1,0
90000,hunger,1150,24,80,1,0
90000,hunger,1150,36,56,1,0
90000,hunger,1150,36,64,1,0
90000,hunger,1150,36,68,14,2
90000,hunger,1150,36,72,16,3
90000,hunger,1150,36,96,1,0
90000,hunger,1150,48,96,11,3
90000,hunger,1150,48,116,1,0
90000,hunger,1150,64,120,1,0
90000,hunger,1150,64,124,1,0
90000,hunger,1150,80,168,1,1
90000,hunger,1200,16,32,1,0
90000,hunger,1200,24,40,1,0
90000,hunger,1200,24,44,6,0
90000,hunger,1200,24,48,81,10
90000,hunger,1200,24,52,1,0
90000,hunger,1200,24,56,1,0
90000,hunger,1200,24,60,1,1
90000,hunger,1200,36,60,1,1
90000,hunger,1200,36,64,2,0
90000,hunger,1200,36,68,17,2
90000,hunger,1200,36,72,16,2
90000,hunger,1200,36,100,1,0
90000,hunger,1200,48,96,9,1
90000,hunger,1200,48,100,1,0
90000,hunger,1200,48,116,1,0
90000,hunger,1200,64,124,3,0
90000,hunger,1250,16,28,1,0
90000,hunger,1250,24,40,2,0
90000,hunger,1250,24,44,6,0
90000,hunger,1250,24,48,68,10
90000,hunger,1250,24,52,1,1
90000,hunger,1250,24,56,1,0
90000,hunger,1250,36,68,11,0
90000,hunger,1250,36,72,11,2
90000,hunger,1250,36,80,1,0
90000,hunger,1250,36,92,1,0
90000,hunger,1250,36,112,1,1
90000,hunger,1250,48,88,1,0
90000,hunger,1250,48,96,6,1
90000,hunger,1250,48,140,1,0
90000,hunger,1250,64,124,1,0
90000,hunger,1250,80,160,2,0
90000,hunger,1300,16,32,1,0
90000,hunger,1300,20,56,1,1
90000,hunger,1300,24,40,1,0
90000,hunger,1300,24,44,3,0
90000,hunger,1300,24,48,66,8
90000,hunger,1300,24,52,2,0
90000,hunger,1300,24,56,1,0
90000,hunger,1300,24,60,1,0
90000,hunger,1300,24,68,1,0
90000,hunger,1300,36,64,1,0
90000,hunger,1300,36,68,12,1
90000,hunger,1300,36,72,11,1
90000,hunger,1300,36,76,1,0
90000,hunger,1300,36,108,1,0
90000,hunger,1300,48,96,9,2
90000,hunger,1300,48,120,1,0
90000,hunger,1300,64,124,3,0
90000,hunger,1300,100,196,1,0
90000,hunger,1350,24,44,1,0
90000,hunger,1350,24,48,68,11
90000,hunger,1350,24,52,1,0
90000,hunger,1350,24,56,1,0
90000,hunger,1350,36,68,5,1
90000,hunger,1350,36,72,12,1
90000,hunger,1350,48,88,1,0
90000,hunger,1350,48,96,8,1
90000,hunger,1350,48,100,1,0
90000,hunger,1350,48,140,1,0
90000,hunger,1350,64,124,2,1
90000,hunger,1350,80,148,1,1
90000,hunger,1350,80,160,1,0
90000,hunger,1350,80,164,1,0
90000,hunger,1350,100,196,1,0
90000,hunger,1400,16,52,1,0
90000,hunger,1400,24,44,6,3
90000,hunger,1400,24,48,50,5
90000,hunger,1400,24,52,2,1
90000,hunger,1400,36,60,1,0
90000,hunger,1400,36,64,1,1
90000,hunger,1400,36,68,7,0
90000,hunger,1400,36,72,11,0
90000,hunger,1400,36,76,1,0
90000,hunger,1400,48,88,1,0
90000,hunger,1400,48,96,3,0
90000,hunger,1400,48,124,1,0
90000,hunger,1400,80,160,1,0
90000,hunger,1450,16,32,1,0
90000,hunger,1450,24,40,2,0
90000,hunger,1450,24,44,1,0
90000,hunger,1450,24,48,47,9
90000,hunger,1450,24,56,1,0
90000,hunger,1450,24,60,1,0
90000,hunger,1450,36,60,1,0
90000,hunger,1450,36,64,1,0
90000,hunger,1450,36,68,6,1
90000,hunger,1450,36,72,9,0
90000,hunger,1450,48,88,1,0
90000,hunger,1450,48,96,4,0
90000,hunger,1450,64,104,1,0
90000,hunger,1500,24,44,2,1
90000,hunger,1500,24,48,50,10
90000,hunger,1500,24,60,1,0
90000,hunger,1500,36,68,2,0
90000,hunger,1500,36,72,7,0
90000,hunger,1500,48,88,1,0
90000,hunger,1500,48,96,5,2
90000,hunger,1500,48,100,1,0
90000,hunger,1550,24,40,1,0
90000,hunger,1550,24,44,3,0
90000,hunger,1550,24,48,40,9
90000,hunger,1550,36,68,2,0
90000,hunger,1550,36,72,10,1
90000,hunger,1550,48,96,3,0
90000,hunger,1550,48,100,1,0
90000,hunger,1550,64,156,1,0
90000,hunger,1600,24,44,5,2
90000,hunger,1600,24,48,38,4
90000,hunger,1600,24,56,2,0
90000,hunger,1600,24,72,1,1
90000,hunger,1600,36,60,1,1
90000,hunger,1600,36,68,5,1
90000,hunger,1600,36,72,7,3
90000,hunger,1600,48,96,1,1
90000,hunger,1600,48,100,1,0
90000,hunger,1650,16,28,1,0
90000,hunger,1650,24,40,1,0
90000,hunger,1650,24,44,7,2
90000,hunger,1650,24,48,35,11
90000,hunger,1650,36,64,1,0
90000,hunger,1650,36,68,3,0
90000,hunger,1650,36,72,7,3
90000,hunger,1650,36,88,1,0
90000,hunger,1650,80,160,1,0
90000,hunger,1650,144,284,1,1
90000,hunger,1700,16,44,1,0
90000,hunger,1700,24,44,3,1
90000,hunger,1700,24,48,31,13
90000,hunger,1700,36,68,4,1
90000,hunger,1700,36,72,8,1
90000,hunger,1700,48,96,3,0
90000,hunger,1700,64,124,1,0
90000,hunger,1700,80,160,1,0
90000,hunger,1750,24,44,6,0
90000,hunger,1750,24,48,45,14
90000,hunger,1750,36,60,1,0
90000,hunger,1750,36,64,1,0
90000,hunger,1750,36,72,4,2
90000,hunger,1750,48,96,5,0
90000,hunger,1800,24,44,1,0
90000,hunger,1800,24,48,20,6
90000,hunger,1800,24,56,1,1
90000,hunger,1800,36,68,1,0
90000,hunger,1800,36,72,3,2
90000,hunger,1850,24,40,1,1
90000,hunger,1850,24,48,36,13
90000,hunger,1850,24,52,1,0
90000,hunger,1850,24,60,1,0
90000,hunger,1850,36,72,7,1
90000,hunger,1850,48,84,1,1
90000,hunger,1850,64,124,1,0
90000,hunger,1900,24,44,2,1
90000,hunger,1900,24,48,25,8
90000,hunger,1900,36,68,4,4
90000,hunger,1900,36,72,7,2
90000,hunger,1900,48,96,3,0
90000,hunger,1900,48,100,1,0
90000,hunger,1950,16,28,1,1
90000,hunger,1950,24,44,3,0
90000,hunger,1950,24,48,24,7
90000,hunger,1950,36,60,1,1
90000,hunger,1950,36,64,1,1
90000,hunger,1950,36,72,7,2
90000,hunger,1950,48,96,1,0
90000,hunger,1950,100,204,1,0
90000,hunger,2000,24,44,7,5
90000,hunger,2000,24,48,24,12
90000,hunger,2000,36,72,3,1
90000,hunger,2000,100,196,1,1
90000,hunger,2050,24,44,1,0
90000,hunger,2050,24,48,21,9
90000,hunger,2050,24,56,1,1
90000,hunger,2050,36,68,4,0
90000,hunger,2050,36,72,4,2
90000,hunger,2050,48,92,1,0
90000,hunger,2050,48,96,1,0
90000,hunger,2050,120,244,1,0
90000,hunger,2100,24,44,3,2
90000,hunger,2100,24,48,18,6
90000,hunger,2100,36,68,2,2
90000,hunger,2100,36,72,4,1
90000,hunger,2100,48,96,2,0
90000,hunger,2150,24,48,20,9
90000,hunger,2150,24,76,1,0
90000,hunger,2150,36,72,6,3
90000,hunger,2150,48,96,2,1
90000,hunger,2150,80,160,1,1
90000,hunger,2200,24,44,3,1
90000,hunger,2200,24,48,15,9
90000,hunger,2200,36,68,3,0
90000,hunger,2200,36,72,1,0
90000,hunger,2200,48,96,1,1
90000,hunger,2200,64,128,1,1
90000,hunger,2200,100,196,1,1
90000,hunger,2250,24,44,2,1
90000,hunger,2250,24,48,18,11
90000,hunger,2250,36,64,1,0
90000,hunger,2250,36,72,1,1
90000,hunger,2250,48,84,1,1
90000,hunger,2250,48,96,1,1
90000,hunger,2300,24,44,3,2
90000,hunger,2300,24,48,13,8
90000,hunger,2300,36,72,4,3
90000,hunger,2300,36,84,1,1
90000,hunger,2350,24,48,21,11
90000,hunger,2350,36,72,7,4
90000,hunger,2350,48,96,3,2
90000,hunger,2350,80,160,1,0
90000,hunger,2400,24,44,2,2
90000,hunger,2400,24,48,13,8
90000,hunger,2400,36,60,1,1
90000,hunger,2400,36,72,4,4
90000,hunger,2400,48,96,1,0
90000,hunger,2450,24,44,1,1
90000,hunger,2450,24,48,17,11
90000,hunger,2450,36,68,1,0
90000,hunger,2450,36,72,3,3
90000,hunger,2500,24,44,2,1
90000,hunger,2500,24,48,10,6
90000,hunger,2500,36,72,6,5
90000,hunger,2500,48,96,1,1
90000,hunger,2550,24,44,2,2
90000,hunger,2550,24,48,9,8
90000,hunger,2550,36,72,3,2
90000,hunger,2600,24,44,4,3
90000,hunger,2600,24,48,12,10
90000,hunger,2600,36,68,1,1
90000,hunger,2600,36,72,3,3
90000,hunger,2600,48,96,1,1
90000,hunger,2650,24,44,2,2
90000,hunger,2650,24,48,17,15
90000,hunger,2650,36,68,1,0
90000,hunger,2650,36,72,2,2
90000,hunger,2650,64,128,1,1
90000,hunger,2650,80,160,1,1
90000,hunger,2700,24,48,13,12
90000,hunger,2700,36,64,1,0
90000,hunger,2700,36,72,1,1
90000,hunger,2750,24,48,4,4
90000,hunger,2750,36,72,5,5
90000,hunger,2800,24,48,6,6
90000,hunger,2800,36,68,1,1
90000,hunger,2800,36,72,3,3
90000,hunger,2800,48,96,2,2
90000,hunger,2850,24,44,1,1
90000,hunger,2850,24,48,10,9
90000,hunger,2850,36,72,1,1
90000,hunger,2850,48,96,1,1
90000,hunger,2900,24,44,1,1
90000,hunger,2900,24,48,11,10
90000,hunger,2900,48,96,2,1
90000,hunger,2900,80,160,1,1
90000,hunger,2950,24,48,4,3
90000,hunger,2950,36,72,1,1
90000,hunger,2950,36,76,1,1
90000,hunger,3000,24,44,1,1
90000,hunger,3000,24,48,2,2
90000,hunger,3000,36,72,1,1
90000,hunger,3000,48,96,1,1
90000,hunger,3050,24,48,7,6
90000,hunger,3050,36,72,1,1
90000,hunger,3100,24,48,8,8
90000,hunger,3100,36,72,2,2
90000,hunger,3150,24,48,2,2
90000,hunger,3200,24,48,6,6
90000,hunger,3200,36,72,1,1
90000,hunger,3200,36,76,1,0
90000,hunger,3250,24,48,3,3
90000,hunger,3250,36,72,1,1
90000,hunger,3250,48,96,2,2
90000,hunger,3300,24,44,1,1
90000,hunger,3300,24,48,4,4
90000,hunger,3350,24,44,1,1
90000,hunger,3350,36,60,1,1
90000,hunger,3400,24,48,5,5
90000,hunger,3450,24,48,3,3
90000,hunger,3450,36,72,1,1
90000,hunger,3500,24,48,6,6
90000,hunger,3500,36,72,1,1
90000,hunger,3500,48,96,1,1
90000,hunger,3550,24,48,3,3
90000,hunger,3600,24,44,1,1
90000,hunger,3600,24,48,4,4
90000,hunger,3650,24,48,3,3
90000,hunger,3700,24,48,3,3
90000,hunger,3700,36,72,1,1
90000,hunger,3750,24,48,4,4
90000,hunger,3800,24,44,1,1
90000,hunger,3800,24,48,4,4
90000,hunger,3800,36,72,2,2
90000,hunger,3800,48,96,1,1
90000,hunger,3900,24,48,2,2
90000,hunger,3900,36,72,1,1
90000,hunger,3950,24,44,1,1
90000,hunger,4000,24,48,2,2
90000,hunger,4050,24,44,1,1
90000,hunger,4050,24,48,2,2
90000,hunger,4050,36,72,2,2
90000,hunger,4100,24,44,1,1
90000,hunger,4100,24,48,5,5
90000,hunger,4150,24,48,2,2
90000,hunger,4250,24,48,3,3
90000,hunger,4300,24,48,2,2
90000,hunger,4350,24,48,4,4
90000,hunger,4400,24,48,2,2
90000,hunger,4450,24,48,1,1
90000,hunger,4600,36,72,1,1
90000,hunger,4750,36,72,1,1
90000,broken,0,4,12,1,0
90000,broken,0,12,24,1,0
90000,broken,0,16,12,1,0
90000,broken,0,16,16,1,0
90000,broken,0,16,20,4,0
90000,broken,0,16,24,10,0
90000,broken,0,16,28,127,0
90000,broken,0,24,24,2,0
90000,broken,0,24,28,4,0
90000,broken,0,24,32,7,0
90000,broken,0,24,36,11,0
90000,broken,0,24,40,29,0
90000,broken,0,24,44,37,0
90000,broken,0,24,48,369,0
90000,broken,0,36,40,1,0
90000,broken,0,36,52,1,0
90000,broken,0,36,56,3,0
90000,broken,0,36,60,3,0
90000,broken,0,36,64,1,0
90000,broken,0,36,68,57,0
90000,broken,0,48,96,4,0
90000,broken,0,64,124,2,0
90000,broken,0,80,160,2,0
90000,broken,50,0,4,1,0
90000,broken,50,4,4,2,0
90000,broken,50,8,16,1,0
90000,broken,50,12,20,1,0
90000,broken,50,12,28,1,0
90000,broken,50,16,16,2,0
90000,broken,50,16,20,2,0
90000,broken,50,16,24,9,0
90000,broken,50,16,28,87,0
90000,broken,50,20,40,1,0
90000,broken,50,24,28,2,0
90000,broken,50,24,32,3,0
90000,broken,50,24,36,6,0
90000,broken,50,24,40,17,0
90000,broken,50,24,44,33,0
90000,broken,50,24,48,261,0
90000,broken,50,36,40,2,0
90000,broken,50,36,56,1,0
90000,broken,50,36,60,1,0
90000,broken,50,36,64,4,0
90000,broken,50,36,68,66,0
90000,broken,50,48,68,1,0
90000,broken,50,48,76,1,0
90000,broken,50,48,84,1,0
90000,broken,50,48,96,7,0
90000,broken,50,64,124,2,0
90000,broken,50,80,160,2,0
90000,broken,50,100,172,1,0
90000,broken,100,12,16,1,0
90000,broken,100,12,20,1,0
90000,broken,100,16,20,1,0
90000,broken,100,16,24,6,0
90000,broken,100,16,28,54,0
90000,broken,100,16,32,2,0
90000,broken,100,20,40,1,0
90000,broken,100,24,28,1,0
90000,broken,100,24,32,3,0
90000,broken,100,24,40,9,0
90000,broken,100,24,44,18,0
90000,broken,100,24,48,193,0
90000,broken,100,36,52,1,0
90000,broken,100,36,56,1,0
90000,broken,100,36,60,2,0
90000,broken,100,36,64,2,0
90000,broken,100,36,68,55,1
90000,broken,100,36,72,1,0
90000,broken,100,48,92,1,0
90000,broken,100,48,96,14,0
90000,broken,100,64,124,2,0
90000,broken,100,80,160,2,0
90000,broken,100,120,240,1,0
90000,broken,150,12,20,1,0
90000,broken,150,16,24,1,0
90000,broken,150,16,28,42,1
90000,broken,150,24,32,1,0
90000,broken,150,24,36,3,0
90000,broken,150,24,40,8,0
90000,broken,150,24,44,17,0
90000,broken,150,24,48,130,1
90000,broken,150,28,48,1,0
90000,broken,150,28,56,1,0
90000,broken,150,36,40,1,0
90000,broken,150,36,52,2,0
90000,broken,150,36,56,2,0
90000,broken,150,36,60,3,0
90000,broken,150,36,64,4,0
90000,broken,150,36,68,57,1
90000,broken,150,48,80,3,0
90000,broken,150,48,92,1,0
90000,broken,150,48,96,13,0
90000,broken,150,64,124,8,0
90000,broken,150,80,160,2,0
90000,broken,150,100,180,1,0
90000,broken,150,100,196,1,0
90000,broken,200,16,20,2,0
90000,broken,200,16,24,2,0
90000,broken,200,16,28,36,1
90000,broken,200,24,32,2,0
90000,broken,200,24,36,3,0
90000,broken,200,24,40,6,0
90000,broken,200,24,44,20,1
90000,broken,200,24,48,105,1
90000,broken,200,32,64,1,0
90000,broken,200,36,48,1,0
90000,broken,200,36,64,3,0
90000,broken,200,36,68,41,0
90000,broken,200,36,72,1,0
90000,broken,200,48,76,1,0
90000,broken,200,48,88,1,0
90000,broken,200,48,92,1,0
90000,broken,200,48,96,10,0
90000,broken,200,64,92,1,0
90000,broken,200,64,104,1,0
90000,broken,200,64,124,4,0
90000,broken,200,80,160,1,0
90000,broken,200,100,148,1,0
90000,broken,200,100,196,1,0
90000,broken,250,16,20,1,0
90000,broken,250,16,24,1,0
90000,broken,250,16,28,23,0
90000,broken,250,16,36,1,0
90000,broken,250,24,32,2,0
90000,broken,250,24,36,2,0
90000,broken,250,24,40,3,0
90000,broken,250,24,44,9,0
90000,broken,250,24,48,91,0
90000,broken,250,24,52,1,0
90000,broken,250,32,64,2,0
90000,broken,250,36,60,1,0
90000,broken,250,36,64,1,0
90000,broken,250,36,68,40,0
90000,broken,250,36,72,1,0
90000,broken,250,48,92,4,0
90000,broken,250,48,96,6,0
90000,broken,250,64,124,3,0
90000,broken,250,100,196,1,0
90000,broken,300,12,20,1,0
90000,broken,300,16,24,2,0
90000,broken,300,16,28,18,0
90000,broken,300,24,28,1,0
90000,broken,300,24,32,1,0
90000,broken,300,24,40,4,0
90000,broken,300,24,44,9,0
90000,broken,300,24,48,82,3
90000,broken,300,24,52,1,0
90000,broken,300,24,56,1,0
90000,broken,300,36,48,1,0
90000,broken,300,36,52,1,0
90000,broken,300,36,56,1,0
90000,broken,300,36,60,2,0
90000,broken,300,36,64,1,0
90000,broken,300,36,68,27,0
90000,broken,300,48,68,1,0
90000,broken,300,48,96,12,0
90000,broken,300,64,72,1,0
90000,broken,300,64,108,1,0
90000,broken,300,64,124,2,0
90000,broken,300,80,160,1,0
90000,broken,300,80,164,1,0
90000,broken,350,16,20,2,0
90000,broken,350,16,28,6,1
90000,broken,350,24,28,1,0
90000,broken,350,24,32,1,0
90000,broken,350,24,40,2,0
90000,broken,350,24,44,8,0
90000,broken,350,24,48,54,0
90000,broken,350,36,36,1,0
90000,broken,350,36,60,2,0
90000,broken,350,36,64,2,0
90000,broken,350,36,68,35,0
90000,broken,350,36,72,1,0
90000,broken,350,48,92,1,0
90000,broken,350,48,96,6,0
90000,broken,350,64,104,1,0
90000,broken,350,64,124,3,0
90000,broken,350,80,160,1,0
90000,broken,350,100,196,3,0
90000,broken,400,16,24,1,0
90000,broken,400,16,28,7,0
90000,broken,400,24,36,1,0
90000,broken,400,24,44,14,0
90000,broken,400,24,48,46,1
90000,broken,400,36,56,2,0
90000,broken,400,36,64,3,0
90000,broken,400,36,68,24,0
90000,broken,400,48,88,1,0
90000,broken,400,48,96,10,0
90000,broken,400,64,124,2,0
90000,broken,400,80,160,1,0
90000,broken,450,16,28,6,0
90000,broken,450,16,32,1,0
90000,broken,450,24,44,5,0
90000,broken,450,24,48,49,1
90000,broken,450,28,56,1,0
90000,broken,450,36,64,1,0
90000,broken,450,36,68,15,1
90000,broken,450,48,92,1,0
90000,broken,450,48,96,3,0
90000,broken,450,64,124,1,0
90000,broken,450,64,128,1,0
90000,broken,450,80,160,2,0
90000,broken,450,100,168,1,1
90000,broken,500,16,24,1,0
90000,broken,500,16,28,3,0
90000,broken,500,24,40,1,0
90000,broken,500,24,44,4,0
90000,broken,500,24,48,43,1
90000,broken,500,36,52,1,0
90000,broken,500,36,64,2,0
90000,broken,500,36,68,12,1
90000,broken,500,48,92,1,0
90000,broken,500,48,96,2,0
90000,broken,500,64,124,2,0
90000,broken,500,80,160,2,0
90000,broken,550,16,24,1,0
90000,broken,550,16,28,2,0
90000,broken,550,24,40,1,1
90000,broken,550,24,44,6,0
90000,broken,550,24,48,20,2
90000,broken,550,36,56,1,0
90000,broken,550,36,60,2,0
90000,broken,550,36,64,2,0
90000,broken,550,36,68,11,1
90000,broken,550,48,88,1,0
90000,broken,550,48,96,3,0
90000,broken,550,64,124,1,0
90000,broken,600,16,28,5,0
90000,broken,600,24,44,3,0
90000,broken,600,24,48,23,1
90000,broken,600,36,60,1,0
90000,broken,600,36,68,10,0
90000,broken,650,16,28,3,0
90000,broken,650,24,32,1,0
90000,broken,650,24,40,1,0
90000,broken,650,24,44,2,0
90000,broken,650,24,48,22,0
90000,broken,650,36,60,1,0
90000,broken,650,36,68,13,0
90000,broken,650,48,96,2,0
90000,broken,700,16,28,3,0
90000,broken,700,24,36,1,0
90000,broken,700,24,44,3,0
90000,broken,700,24,48,21,0
90000,broken,700,36,60,1,0
90000,broken,700,36,64,1,0
90000,broken,700,36,68,8,0
90000,broken,700,48,96,2,0
90000,broken,700,64,124,1,0
90000,broken,750,16,28,4,1
90000,broken,750,24,44,4,0
90000,broken,750,24,48,16,0
90000,broken,750,36,60,1,0
90000,broken,750,36,64,1,0
90000,broken,750,36,68,4,0
90000,broken,750,48,88,1,0
90000,broken,750,48,96,3,0
90000,broken,750,80,160,1,0
90000,broken,800,16,28,1,0
90000,broken,800,24,44,3,0
90000,broken,800,24,48,7,0
90000,broken,800,36,68,11,1
90000,broken,800,48,96,3,0
90000,broken,850,16,24,1,0
90000,broken,850,16,28,1,0
90000,broken,850,24,40,1,0
90000,broken,850,24,48,8,0
90000,broken,850,36,68,7,1
90000,broken,850,64,124,1,0
90000,broken,900,16,28,2,0
90000,broken,900,24,48,3,0
90000,broken,900,36,64,2,0
90000,broken,900,36,68,5,0
90000,broken,900,48,88,1,0
90000,broken,900,48,96,2,0
90000,broken,900,80,160,1,0
90000,broken,900,100,196,1,1
90000,broken,950,24,44,1,0
90000,broken,950,24,48,4,0
90000,broken,950,36,68,5,0
90000,broken,950,80,160,1,0
90000,broken,1000,24,44,2,0
90000,broken,1000,24,48,6,0
90000,broken,1000,36,68,8,0
90000,broken,1000,64,124,1,0
90000,broken,1050,24,44,1,1
90000,broken,1050,24,48,1,0
90000,broken,1050,36,68,3,1
90000,broken,1050,48,96,1,1
90000,broken,1100,16,28,1,0
90000,broken,1100,24,48,4,0
90000,broken,1100,36,68,1,0
90000,broken,1100,48,96,3,0
90000,broken,1150,24,44,1,0
90000,broken,1150,24,48,4,1
90000,broken,1150,36,68,1,0
90000,broken,1200,24,48,3,0
90000,broken,1200,36,68,3,1
90000,broken,1200,48,96,1,0
90000,broken,1250,24,44,1,0
90000,broken,1250,24,48,2,0
90000,broken,1250,36,68,1,0
90000,broken,1250,64,124,1,0
90000,broken,1350,24,44,1,1
90000,broken,1350,24,48,2,1
90000,broken,1350,36,68,2,0
90000,broken,1400,36,68,1,0
90000,broken,1400,48,96,1,0
90000,broken,1450,24,48,1,0
90000,broken,1450,36,64,1,0
90000,broken,1450,48,96,2,0
90000,broken,1500,24,48,3,0
90000,broken,1500,36,68,1,1
90000,broken,1600,24,48,1,0
90000,broken,1650,16,28,1,1
90000,broken,1650,16,32,1,0
90000,broken,1650,24,48,1,0
90000,broken,1700,24,48,1,1
90000,broken,1800,24,44,1,1
90000,broken,1850,36,68,1,0
90000,broken,1950,36,68,1,0
90000,broken,2050,24,48,1,1
90000,broken,2100,24,48,1,0
90000,broken,2200,24,48,1,0
90000,broken,2200,36,64,1,0
90000,broken,2200,144,284,1,1
90000,broken,2300,36,68,1,0
90000,broken,2450,24,40,1,0
90000,broken,2450,36,68,1,0
90000,broken,2700,36,68,1,0
90000,wear,1750,24,48,1,1
90000,wear,4000,24,48,1,1
90000,wear,4150,24,48,1,1
90000,wear,4250,24,48,1,1
90000,wear,4350,24,48,1,1
90000,wear,4400,24,48,1,1
90000,wear,4500,24,48,1,1
90000,wear,4800,36,72,1,1
100000,hunger,0,0,4,1,0
100000,hunger,0,16,28,20,0
100000,hunger,0,16,32,2,0
100000,hunger,0,16,36,1,0
100000,hunger,0,24,28,1,0
100000,hunger,0,24,36,1,0
100000,hunger,0,24,40,1,0
100000,hunger,0,24,44,9,0
100000,hunger,0,24,48,58,0
100000,hunger,0,32,64,1,0
100000,hunger,0,36,48,1,0
100000,hunger,0,36,56,2,0
100000,hunger,0,36,68,32,0
100000,hunger,0,36,80,2,0
100000,hunger,0,48,80,1,0
100000,hunger,0,48,92,3,0
100000,hunger,0,48,96,9,0
100000,hunger,0,64,100,1,0
100000,hunger,0,64,108,1,0
100000,hunger,0,64,116,1,0
100000,hunger,0,64,124,4,0
100000,hunger,0,64,132,1,0
100000,hunger,0,80,120,1,0
100000,hunger,0,80,160,4,0
100000,hunger,0,100,196,3,0
100000,hunger,0,100,200,1,0
100000,hunger,0,120,240,3,0
100000,hunger,0,168,180,1,0
100000,hunger,50,0,0,3,0
100000,hunger,50,0,4,1,0
100000,hunger,50,4,12,2,0
100000,hunger,50,4,16,1,0
100000,hunger,50,8,4,1,0
100000,hunger,50,8,20,1,0
100000,hunger,50,12,24,2,0
100000,hunger,50,16,12,3,0
100000,hunger,50,16,20,3,0
100000,hunger,50,16,24,10,0
100000,hunger,50,16,28,77,0
100000,hunger,50,16,32,7,0
100000,hunger,50,16,40,1,0
100000,hunger,50,16,52,1,0
100000,hunger,50,20,36,1,0
100000,hunger,50,20,40,3,0
100000,hunger,50,20,44,1,0
100000,hunger,50,24,24,7,0
100000,hunger,50,24,28,5,0
100000,hunger,50,24,32,5,0
100000,hunger,50,24,36,21,0
100000,hunger,50,24,40,19,0
100000,hunger,50,24,44,34,0
100000,hunger,50,24,48,198,0
100000,hunger,50,24,52,5,0
100000,hunger,50,24,56,5,0
100000,hunger,50,24,60,2,0
100000,hunger,50,24,64,1,0
100000,hunger,50,24,68,1,0
100000,hunger,50,24,72,2,0
100000,hunger,50,24,84,1,0
100000,hunger,50,24,92,1,0
100000,hunger,50,24,96,2,0
100000,hunger,50,28,56,1,0
100000,hunger,50,32,40,1,0
100000,hunger,50,32,56,1,0
100000,hunger,50,32,68,1,0
100000,hunger,50,36,32,3,0
100000,hunger,50,36,40,1,0
100000,hunger,50,36,44,1,0
100000,hunger,50,36,48,3,0
100000,hunger,50,36,52,9,0
100000,hunger,50,36,56,7,0
100000,hunger,50,36,60,9,0
100000,hunger,50,36,64,15,0
100000,hunger,50,36,68,130,0
100000,hunger,50,36,72,19,0
100000,hunger,50,36,76,5,0
100000,hunger,50,36,80,1,0
100000,hunger,50,36,92,3,0
100000,hunger,50,36,112,1,0
100000,hunger,50,40,84,1,0
100000,hunger,50,44,84,1,0
100000,hunger,50,44,92,1,0
100000,hunger,50,48,48,1,0
100000,hunger,50,48,56,1,0
100000,hunger,50,48,64,1,0
100000,hunger,50,48,72,1,0
100000,hunger,50,48,76,4,0
100000,hunger,50,48,80,3,0
100000,hunger,50,48,84,2,0
100000,hunger,50,48,88,2,0
100000,hunger,50,48,92,6,0
100000,hunger,50,48,96,55,0
100000,hunger,50,48,100,4,0
100000,hunger,50,48,104,1,0
100000,hunger,50,48,124,1,0
100000,hunger,50,48,136,1,0
100000,hunger,50,52,104,1,0
100000,hunger,50,64,68,1,0
100000,hunger,50,64,72,1,0
100000,hunger,50,64,76,1,0
100000,hunger,50,64,84,4,0
100000,hunger,50,64,96,2,0
100000,hunger,50,64,100,1,0
100000,hunger,50,64,104,2,0
100000,hunger,50,64,108,1,0
100000,hunger,50,64,112,1,0
100000,hunger,50,64,116,3,0
100000,hunger,50,64,120,2,0
100000,hunger,50,64,124,25,1
100000,hunger,50,64,128,4,0
100000,hunger,50,64,132,1,0
100000,hunger,50,64,136,1,0
100000,hunger,50,64,140,2,0
100000,hunger,50,64,144,1,0
100000,hunger,50,64,152,1,0
100000,hunger,50,80,84,1,0
100000,hunger,50,80,88,1,0
100000,hunger,50,80,104,1,0
100000,hunger,50,80,136,1,0
100000,hunger,50,80,148,1,0
100000,hunger,50,80,160,12,0
100000,hunger,50,80,164,2,0
100000,hunger,50,80,168,1,0
100000,hunger,50,80,240,1,0
100000,hunger,50,100,172,1,0
100000,hunger,50,100,188,1,0
100000,hunger,50,100,192,1,0
100000,hunger,50,100,196,3,0
100000,hunger,50,100,204,1,0
100000,hunger,50,100,220,1,0
100000,hunger,50,120,132,1,0
100000,hunger,50,120,152,1,0
100000,hunger,50,120,164,1,0
100000,hunger,50,120,240,1,0
100000,hunger,50,144,280,1,0
100000,hunger,100,0,4,1,0
100000,hunger,100,4,12,2,0
100000,hunger,100,12,24,1,0
100000,hunger,100,16,16,1,0
100000,hunger,100,16,20,1,0
100000,hunger,100,16,24,9,0
100000,hunger,100,16,28,95,0
100000,hunger,100,16,32,12,0
100000,hunger,100,16,36,3,0
100000,hunger,100,16,40,5,0
100000,hunger,100,16,44,1,0
100000,hunger,100,16,56,2,0
100000,hunger,100,16,60,2,0
100000,hunger,100,20,24,1,0
100000,hunger,100,20,32,1,0
100000,hunger,100,20,36,2,0
100000,hunger,100,20,44,1,0
100000,hunger,100,20,48,1,0
100000,hunger,100,24,24,2,0
100000,hunger,100,24,28,5,0
100000,hunger,100,24,32,17,0
100000,hunger,100,24,36,14,0
100000,hunger,100,24,40,24,1
100000,hunger,100,24,44,52,0
100000,hunger,100,24,48,371,4
100000,hunger,100,24,52,6,0
100000,hunger,100,24,56,4,0
100000,hunger,100,24,60,4,0
100000,hunger,100,24,64,2,0
100000,hunger,100,24,68,2,0
100000,hunger,100,24,72,1,0
100000,hunger,100,24,76,2,0
100000,hunger,100,24,80,2,0
100000,hunger,100,24,84,1,0
100000,hunger,100,24,96,2,0
100000,hunger,100,28,56,1,0
100000,hunger,100,32,32,1,0
100000,hunger,100,32,52,1,0
100000,hunger,100,32,56,1,0
100000,hunger,100,32,64,1,0
100000,hunger,100,32,68,1,0
100000,hunger,100,36,32,2,0
100000,hunger,100,36,36,1,0
100000,hunger,100,36,40,4,0
100000,hunger,100,36,44,4,0
100000,hunger,100,36,48,2,0
100000,hunger,100,36,52,8,0
100000,hunger,100,36,56,5,0
100000,hunger,100,36,60,13,1
100000,hunger,100,36,64,21,0
100000,hunger,100,36,68,200,1
100000,hunger,100,36,72,25,0
100000,hunger,100,36,80,2,0
100000,hunger,100,36,84,1,0
100000,hunger,100,36,88,2,0
100000,hunger,100,36,96,1,0
100000,hunger,100,36,100,3,0
100000,hunger,100,36,112,1,0
100000,hunger,100,36,128,1,0
100000,hunger,100,44,72,2,0
100000,hunger,100,44,80,1,0
100000,hunger,100,48,52,1,0
100000,hunger,100,48,60,1,0
100000,hunger,100,48,64,1,0
100000,hunger,100,48,72,1,0
100000,hunger,100,48,76,3,0
100000,hunger,100,48,80,5,1
100000,hunger,100,48,84,1,0
100000,hunger,100,48,88,7,0
100000,hunger,100,48,92,5,0
100000,hunger,100,48,96,91,0
100000,hunger,100,48,100,2,0
100000,hunger,100,48,104,3,0
100000,hunger,100,48,108,1,0
100000,hunger,100,48,112,1,0
100000,hunger,100,48,120,1,0
100000,hunger,100,48,132,1,0
100000,hunger,100,60,124,1,0
100000,hunger,100,64,84,1,0
100000,hunger,100,64,96,2,0
100000,hunger,100,64,100,1,0
100000,hunger,100,64,104,2,0
100000,hunger,100,64,108,1,0
100000,hunger,100,64,116,3,0
100000,hunger,100,64,120,1,0
100000,hunger,100,64,124,24,0
100000,hunger,100,64,128,4,0
100000,hunger,100,64,136,1,0
100000,hunger,100,64,160,1,0
100000,hunger,100,68,124,1,0
100000,hunger,100,80,80,1,0
100000,hunger,100,80,84,2,0
100000,hunger,100,80,148,1,0
100000,hunger,100,80,152,1,0
100000,hunger,100,80,160,9,0
100000,hunger,100,80,184,1,0
100000,hunger,100,100,100,1,0
100000,hunger,100,100,188,1,0
100000,hunger,100,100,196,2,0
100000,hunger,100,100,200,1,0
100000,hunger,100,100,204,2,0
100000,hunger,100,100,220,1,0
100000,hunger,100,120,240,2,0
100000,hunger,100,120,244,1,0
100000,hunger,100,120,280,1,0
100000,hunger,100,168,384,1,0
100000,hunger,150,0,0,1,0
100000,hunger,150,8,12,1,0
100000,hunger,150,8,20,1,0
100000,hunger,150,12,24,3,1
100000,hunger,150,12,28,1,0
100000,hunger,150,12,40,1,0
100000,hunger,150,16,24,6,1
100000,hunger,150,16,28,64,0
100000,hunger,150,16,32,3,0
100000,hunger,150,16,36,1,0
100000,hunger,150,16,56,1,0
100000,hunger,150,16,60,4,0
100000,hunger,150,20,32,1,0
100000,hunger,150,20,44,2,0
100000,hunger,150,24,24,1,0
100000,hunger,150,24,28,3,0
100000,hunger,150,24,32,1,0
100000,hunger,150,24,36,3,0
100000,hunger,150,24,40,17,0
100000,hunger,150,24,44,44,0
100000,hunger,150,24,48,349,2
100000,hunger,150,24,52,8,0
100000,hunger,150,24,56,5,0
100000,hunger,150,24,60,2,0
100000,hunger,150,24,64,1,0
100000,hunger,150,24,68,1,0
100000,hunger,150,24,72,1,0
100000,hunger,150,24,76,2,0
100000,hunger,150,24,88,1,0
100000,hunger,150,24,96,4,0
100000,hunger,150,28,52,1,0
100000,hunger,150,32,64,1,0
100000,hunger,150,36,40,1,0
100000,hunger,150,36,52,8,0
100000,hunger,150,36,56,8,0
100000,hunger,150,36,60,11,0
100000,hunger,150,36,64,10,0
100000,hunger,150,36,68,167,0
100000,hunger,150,36,72,17,0
100000,hunger,150,36,80,3,0
100000,hunger,150,36,84,1,0
100000,hunger,150,36,92,1,0
100000,hunger,150,36,100,1,0
100000,hunger,150,36,108,1,0
100000,hunger,150,36,116,1,0
100000,hunger,150,36,120,1,0
100000,hunger,150,36,132,1,0
100000,hunger,150,36,140,2,0
100000,hunger,150,44,100,1,0
100000,hunger,150,48,64,1,0
100000,hunger,150,48,76,1,0
100000,hunger,150,48,80,4,0
100000,hunger,150,48,88,4,0
100000,hunger,150,48,92,6,0
100000,hunger,150,48,96,94,1
100000,hunger,150,48,100,5,0
100000,hunger,150,48,104,1,0
100000,hunger,150,48,108,1,0
100000,hunger,150,48,112,2,0
100000,hunger,150,48,144,2,0
100000,hunger,150,64,100,1,1
100000,hunger,150,64,104,1,0
100000,hunger,150,64,112,1,0
100000,hunger,150,64,116,2,0
100000,hunger,150,64,120,3,0
100000,hunger,150,64,124,28,0
100000,hunger,150,64,128,7,0
100000,hunger,150,64,132,1,0
100000,hunger,150,64,144,1,0
100000,hunger,150,64,156,1,0
100000,hunger,150,64,164,1,0
100000,hunger,150,80,84,1,0
100000,hunger,150,80,108,1,0
100000,hunger,150,80,156,2,0
100000,hunger,150,80,160,10,0
100000,hunger,150,80,164,1,0
100000,hunger,150,80,320,1,0
100000,hunger,150,96,160,1,0
100000,hunger,150,100,196,5,0
100000,hunger,150,120,200,1,0
100000,hunger,150,144,316,1,0
100000,hunger,150,168,336,1,0
100000,hunger,200,12,24,2,0
100000,hunger,200,16,20,4,0
100000,hunger,200,16,24,4,0
100000,hunger,200,16,28,79,1
100000,hunger,200,16,32,6,0
100000,hunger,200,16,36,4,0
100000,hunger,200,16,44,3,0
100000,hunger,200,16,60,1,0
100000,hunger,200,20,36,1,0
100000,hunger,200,20,48,1,0
100000,hunger,200,24,28,4,0
100000,hunger,200,24,32,1,0
100000,hunger,200,24,36,6,0
100000,hunger,200,24,40,20,0
100000,hunger,200,24,44,49,0
100000,hunger,200,24,48,304,1
100000,hunger,200,24,52,10,0
100000,hunger,200,24,56,5,0
100000,hunger,200,24,60,4,0
100000,hunger,200,24,68,1,0
100000,hunger,200,24,72,2,0
100000,hunger,200,24,80,2,0
100000,hunger,200,24,84,1,0
100000,hunger,200,24,88,1,0
100000,hunger,200,24,96,2,0
100000,hunger,200,36,52,1,0
100000,hunger,200,36,56,3,0
100000,hunger,200,36,60,6,0
100000,hunger,200,36,64,21,0
100000,hunger,200,36,68,163,0
100000,hunger,200,36,72,18,0
100000,hunger,200,36,76,6,0
100000,hunger,200,36,80,1,0
100000,hunger,200,36,84,3,0
100000,hunger,200,36,88,2,0
100000,hunger,200,36,96,1,0
100000,hunger,200,36,104,3,0
100000,hunger,200,36,120,1,0
100000,hunger,200,36,124,1,0
100000,hunger,200,36,132,1,0
100000,hunger,200,36,136,1,0
100000,hunger,200,44,72,1,1
100000,hunger,200,48,68,1,0
100000,hunger,200,48,72,1,0
100000,hunger,200,48,76,3,0
100000,hunger,200,48,80,2,0
100000,hunger,200,48,84,6,0
100000,hunger,200,48,88,6,0
100000,hunger,200,48,92,10,0
100000,hunger,200,48,96,97,0
100000,hunger,200,48,100,5,0
100000,hunger,200,48,108,1,0
100000,hunger,200,48,116,1,0
100000,hunger,200,48,144,1,0
100000,hunger,200,48,148,1,0
100000,hunger,200,64,100,1,0
100000,hunger,200,64,104,1,0
100000,hunger,200,64,108,1,0
100000,hunger,200,64,120,1,0
100000,hunger,200,64,124,30,0
100000,hunger,200,64,128,3,0
100000,hunger,200,64,132,1,0
100000,hunger,200,64,252,1,0
100000,hunger,200,80,136,1,0
100000,hunger,200,80,148,2,0
100000,hunger,200,80,160,14,0
100000,hunger,200,80,164,2,1
100000,hunger,200,80,172,1,0
100000,hunger,200,96,164,1,0
100000,hunger,200,100,196,3,0
100000,hunger,200,120,200,1,0
100000,hunger,200,144,292,1,0
100000,hunger,250,12,20,1,0
100000,hunger,250,16,20,2,0
100000,hunger,250,16,24,3,0
100000,hunger,250,16,28,62,0
100000,hunger,250,16,32,4,0
100000,hunger,250,16,36,2,0
100000,hunger,250,16,56,1,0
100000,hunger,250,24,36,4,0
100000,hunger,250,24,40,13,1
100000,hunger,250,24,44,43,1
100000,hunger,250,24,48,307,1
100000,hunger,250,24,52,6,0
100000,hunger,250,24,56,2,0
100000,hunger,250,24,60,2,0
100000,hunger,250,24,64,1,0
100000,hunger,250,24,68,1,0
100000,hunger,250,24,84,1,0
100000,hunger,250,24,88,1,0
100000,hunger,250,24,92,1,0
100000,hunger,250,24,96,1,0
100000,hunger,250,28,56,1,0
100000,hunger,250,32,64,1,0
100000,hunger,250,32,68,1,0
100000,hunger,250,32,96,1,0
100000,hunger,250,36,48,1,0
100000,hunger,250,36,52,2,0
100000,hunger,250,36,56,5,0
100000,hunger,250,36,60,7,0
100000,hunger,250,36,64,17,0
100000,hunger,250,36,68,176,3
100000,hunger,250,36,72,19,0
100000,hunger,250,36,76,1,0
100000,hunger,250,36,80,2,0
100000,hunger,250,36,88,1,0
100000,hunger,250,36,104,2,0
100000,hunger,250,36,140,1,0
100000,hunger,250,48,56,1,0
100000,hunger,250,48,60,1,0
100000,hunger,250,48,72,2,0
100000,hunger,250,48,76,2,0
100000,hunger,250,48,80,5,0
100000,hunger,250,48,84,2,0
100000,hunger,250,48,88,6,0
100000,hunger,250,48,92,6,0
100000,hunger,250,48,96,79,1
100000,hunger,250,48,100,5,0
100000,hunger,250,48,132,1,0
100000,hunger,250,48,140,1,0
100000,hunger,250,64,76,2,0
100000,hunger,250,64,104,1,0
100000,hunger,250,64,108,1,0
100000,hunger,250,64,120,2,0
100000,hunger,250,64,124,55,1
100000,hunger,250,64,128,3,0
100000,hunger,250,64,136,1,0
100000,hunger,250,64,164,1,0
100000,hunger,250,64,188,1,0
100000,hunger,250,80,128,1,0
100000,hunger,250,80,140,1,0
100000,hunger,250,80,156,3,0
100000,hunger,250,80,160,15,1
100000,hunger,250,80,164,2,0
100000,hunger,250,100,168,1,0
100000,hunger,250,100,172,1,0
100000,hunger,250,100,180,1,0
100000,hunger,250,100,196,3,0
100000,hunger,250,120,240,2,0
100000,hunger,300,16,24,3,0
100000,hunger,300,16,28,35,0
100000,hunger,300,16,32,4,0
100000,hunger,300,16,36,2,0
100000,hunger,300,20,36,1,0
100000,hunger,300,20,44,1,0
100000,hunger,300,24,32,3,0
100000,hunger,300,24,36,1,0
100000,hunger,300,24,40,12,0
100000,hunger,300,24,44,56,1
100000,hunger,300,24,48,294,4
100000,hunger,300,24,52,6,0
100000,hunger,300,24,56,3,0
100000,hunger,300,24,60,2,0
100000,hunger,300,24,64,2,0
100000,hunger,300,24,72,1,0
100000,hunger,300,24,76,2,0
100000,hunger,300,24,80,1,0
100000,hunger,300,32,68,1,0
100000,hunger,300,32,84,1,0
100000,hunger,300,36,44,1,0
100000,hunger,300,36,52,2,0
100000,hunger,300,36,56,3,1
100000,hunger,300,36,60,4,0
100000,hunger,300,36,64,18,0
100000,hunger,300,36,68,156,3
100000,hunger,300,36,72,19,0
100000,hunger,300,36,76,1,0
100000,hunger,300,36,80,3,0
100000,hunger,300,36,84,1,0
100000,hunger,300,36,88,1,0
100000,hunger,300,36,124,1,0
100000,hunger,300,48,60,1,0
100000,hunger,300,48,64,2,0
100000,hunger,300,48,72,1,0
100000,hunger,300,48,76,5,0
100000,hunger,300,48,80,6,0
100000,hunger,300,48,84,5,0
100000,hunger,300,48,88,9,0
100000,hunger,300,48,92,11,2
100000,hunger,300,48,96,104,2
100000,hunger,300,48,100,8,0
100000,hunger,300,48,108,2,0
100000,hunger,300,48,112,1,0
100000,hunger,300,48,116,1,0
100000,hunger,300,48,188,1,0
100000,hunger,300,60,124,1,0
100000,hunger,300,64,68,1,0
100000,hunger,300,64,100,1,0
100000,hunger,300,64,116,2,0
100000,hunger,300,64,120,1,0
100000,hunger,300,64,124,37,1
100000,hunger,300,64,128,7,0
100000,hunger,300,64,132,1,0
100000,hunger,300,80,144,1,0
100000,hunger,300,80,152,1,0
100000,hunger,300,80,156,1,0
100000,hunger,300,80,160,8,0
100000,hunger,300,80,164,2,1
100000,hunger,300,80,168,1,0
100000,hunger,300,80,172,1,0
100000,hunger,300,80,220,1,0
100000,hunger,300,100,196,5,0
100000,hunger,300,144,284,3,0
100000,hunger,350,12,20,1,0
100000,hunger,350,12,24,1,0
100000,hunger,350,16,20,1,0
100000,hunger,350,16,24,2,0
100000,hunger,350,16,28,35,0
100000,hunger,350,16,32,3,0
100000,hunger,350,16,36,2,0
100000,hunger,350,16,52,1,0
100000,hunger,350,20,36,1,0
100000,hunger,350,20,40,1,0
100000,hunger,350,20,44,1,0
100000,hunger,350,24,28,1,0
100000,hunger,350,24,32,1,0
100000,hunger,350,24,36,4,0
100000,hunger,350,24,40,12,0
100000,hunger,350,24,44,36,0
100000,hunger,350,24,48,218,1
100000,hunger,350,24,52,3,1
100000,hunger,350,24,56,7,0
100000,hunger,350,24,60,3,0
100000,hunger,350,24,64,1,0
100000,hunger,350,24,72,2,0
100000,hunger,350,32,56,1,1
100000,hunger,350,36,44,2,0
100000,hunger,350,36,52,2,0
100000,hunger,350,36,60,4,0
100000,hunger,350,36,64,14,0
100000,hunger,350,36,68,146,1
100000,hunger,350,36,72,29,0
100000,hunger,350,36,76,8,0
100000,hunger,350,36,84,2,1
100000,hunger,350,36,88,1,0
100000,hunger,350,36,96,1,0
100000,hunger,350,36,100,1,0
100000,hunger,350,44,96,1,0
100000,hunger,350,48,68,2,0
100000,hunger,350,48,76,3,0
100000,hunger,350,48,80,3,0
100000,hunger,350,48,84,3,0
100000,hunger,350,48,88,10,0
100000,hunger,350,48,92,7,0
100000,hunger,350,48,96,105,1
100000,hunger,350,48,104,2,0
100000,hunger,350,48,108,2,0
100000,hunger,350,48,112,2,0
100000,hunger,350,48,120,3,0
100000,hunger,350,48,136,1,0
100000,hunger,350,64,104,1,0
100000,hunger,350,64,112,1,0
100000,hunger,350,64,116,1,0
100000,hunger,350,64,120,1,0
100000,hunger,350,64,124,41,2
100000,hunger,350,64,128,4,0
100000,hunger,350,64,132,1,0
100000,hunger,350,64,152,1,0
100000,hunger,350,80,132,1,1
100000,hunger,350,80,136,1,0
100000,hunger,350,80,140,1,1
100000,hunger,350,80,148,1,0
100000,hunger,350,80,160,12,0
100000,hunger,350,80,168,1,0
100000,hunger,350,80,216,1,0
100000,hunger,350,100,168,1,0
100000,hunger,350,100,180,1,0
100000,hunger,350,100,196,4,0
100000,hunger,350,100,200,1,0
100000,hunger,350,120,240,2,1
100000,hunger,350,144,272,1,0
100000,hunger,400,16,28,19,0
100000,hunger,400,16,32,2,0
100000,hunger,400,16,36,2,0
100000,hunger,400,16,40,1,0
100000,hunger,400,16,56,1,0
100000,hunger,400,20,44,2,0
100000,hunger,400,24,28,1,0
100000,hunger,400,24,32,1,0
100000,hunger,400,24,36,1,0
100000,hunger,400,24,40,8,0
100000,hunger,400,24,44,37,1
100000,hunger,400,24,48,163,2
100000,hunger,400,24,52,3,0
100000,hunger,400,24,56,1,0
100000,hunger,400,24,60,4,0
100000,hunger,400,24,64,1,0
100000,hunger,400,24,68,1,0
100000,hunger,400,24,92,1,0
100000,hunger,400,32,64,1,0
100000,hunger,400,36,40,2,0
100000,hunger,400,36,52,1,0
100000,hunger,400,36,56,1,0
100000,hunger,400,36,60,7,0
100000,hunger,400,36,64,19,0
100000,hunger,400,36,68,116,5
100000,hunger,400,36,72,27,2
100000,hunger,400,36,76,1,0
100000,hunger,400,36,88,2,0
100000,hunger,400,40,76,1,0
100000,hunger,400,40,80,1,0
100000,hunger,400,44,80,1,0
100000,hunger,400,44,84,1,0
100000,hunger,400,48,76,1,0
100000,hunger,400,48,80,5,0
100000,hunger,400,48,84,2,0
100000,hunger,400,48,88,4,0
100000,hunger,400,48,92,6,0
100000,hunger,400,48,96,89,2
100000,hunger,400,48,100,2,0
100000,hunger,400,48,104,1,0
100000,hunger,400,48,108,3,0
100000,hunger,400,48,120,1,0
100000,hunger,400,64,88,1,0
100000,hunger,400,64,96,1,0
100000,hunger,400,64,104,2,0
100000,hunger,400,64,108,2,0
100000,hunger,400,64,112,1,0
100000,hunger,400,64,116,3,0
100000,hunger,400,64,120,5,0
100000,hunger,400,64,124,25,1
100000,hunger,400,64,128,3,0
100000,hunger,400,64,132,1,0
100000,hunger,400,64,148,1,0
100000,hunger,400,80,124,2,0
100000,hunger,400,80,128,1,0
100000,hunger,400,80,136,1,0
100000,hunger,400,80,152,1,0
100000,hunger,400,80,156,1,0
100000,hunger,400,80,160,14,0
100000,hunger,400,80,164,1,0
100000,hunger,400,80,196,1,0
100000,hunger,400,100,184,1,0
100000,hunger,400,100,196,5,0
100000,hunger,400,120,240,3,0
100000,hunger,400,144,284,1,0
100000,hunger,400,168,356,1,0
100000,hunger,450,16,20,2,0
100000,hunger,450,16,28,11,0
100000,hunger,450,16,32,1,0
100000,hunger,450,16,36,2,0
100000,hunger,450,16,40,1,0
100000,hunger,450,16,44,1,0
100000,hunger,450,24,40,9,0
100000,hunger,450,24,44,23,1
100000,hunger,450,24,48,138,1
100000,hunger,450,24,52,2,0
100000,hunger,450,24,56,2,0
100000,hunger,450,24,60,1,0
100000,hunger,450,24,68,1,0
100000,hunger,450,24,72,1,0
100000,hunger,450,24,88,1,0
100000,hunger,450,28,52,1,0
100000,hunger,450,28,56,2,0
100000,hunger,450,32,64,1,0
100000,hunger,450,36,56,3,0
100000,hunger,450,36,60,3,0
100000,hunger,450,36,64,8,0
100000,hunger,450,36,68,91,1
100000,hunger,450,36,72,9,0
100000,hunger,450,36,76,5,0
100000,hunger,450,36,84,2,0
100000,hunger,450,36,92,1,0
100000,hunger,450,36,116,1,0
100000,hunger,450,40,60,1,0
100000,hunger,450,48,64,2,0
100000,hunger,450,48,72,1,1
100000,hunger,450,48,76,2,0
100000,hunger,450,48,80,6,0
100000,hunger,450,48,84,2,1
100000,hunger,450,48,88,8,1
100000,hunger,450,48,92,6,1
100000,hunger,450,48,96,76,3
100000,hunger,450,48,100,2,0
100000,hunger,450,48,108,2,0
100000,hunger,450,48,116,2,0
100000,hunger,450,48,120,1,1
100000,hunger,450,48,140,1,0
100000,hunger,450,64,104,2,0
100000,hunger,450,64,112,1,0
100000,hunger,450,64,116,1,0
100000,hunger,450,64,120,1,0
100000,hunger,450,64,124,22,0
100000,hunger,450,64,128,4,0
100000,hunger,450,64,132,1,0
100000,hunger,450,64,144,1,0
100000,hunger,450,64,160,1,0
100000,hunger,450,80,132,2,0
100000,hunger,450,80,156,2,0
100000,hunger,450,80,160,8,0
100000,hunger,450,80,168,1,0
100000,hunger,450,80,172,1,0
100000,hunger,450,100,184,1,0
100000,hunger,450,100,196,3,0
100000,hunger,450,100,200,1,0
100000,hunger,450,100,204,1,0
100000,hunger,450,120,240,1,0
100000,hunger,500,16,24,1,0
100000,hunger,500,16,28,8,0
100000,hunger,500,16,32,1,0
100000,hunger,500,16,36,1,0
100000,hunger,500,16,44,1,0
100000,hunger,500,20,44,1,0
100000,hunger,500,24,36,1,0
100000,hunger,500,24,40,11,1
100000,hunger,500,24,44,22,0
100000,hunger,500,24,48,98,3
100000,hunger,500,24,52,2,0
100000,hunger,500,24,56,2,0
100000,hunger,500,24,60,1,0
100000,hunger,500,24,64,2,0
100000,hunger,500,24,72,1,0
100000,hunger,500,24,84,1,0
100000,hunger,500,28,56,1,0
100000,hunger,500,32,64,2,0
100000,hunger,500,36,52,3,0
100000,hunger,500,36,56,1,0
100000,hunger,500,36,60,2,0
100000,hunger,500,36,64,12,1
100000,hunger,500,36,68,87,1
100000,hunger,500,36,72,18,2
100000,hunger,500,36,76,2,0
100000,hunger,500,48,64,1,0
100000,hunger,500,48,76,1,0
100000,hunger,500,48,80,1,0
100000,hunger,500,48,88,4,0
100000,hunger,500,48,92,7,0
100000,hunger,500,48,96,60,3
100000,hunger,500,48,100,2,0
100000,hunger,500,48,108,1,0
100000,hunger,500,48,120,1,0
100000,hunger,500,48,124,1,0
100000,hunger,500,48,172,1,0
100000,hunger,500,64,124,25,0
100000,hunger,500,64,128,3,0
100000,hunger,500,64,136,2,0
100000,hunger,500,64,172,1,0
100000,hunger,500,80,128,2,0
100000,hunger,500,80,160,6,0
100000,hunger,500,100,168,1,1
100000,hunger,500,100,184,1,0
100000,hunger,500,100,196,4,0
100000,hunger,500,100,200,1,0
100000,hunger,500,116,268,1,0
100000,hunger,500,120,240,3,0
100000,hunger,500,120,248,1,0
100000,hunger,500,144,284,1,0
100000,hunger,550,16,24,1,0
100000,hunger,550,16,28,4,0
100000,hunger,550,16,32,2,0
100000,hunger,550,16,40,1,0
100000,hunger,550,24,40,6,0
100000,hunger,550,24,44,12,1
100000,hunger,550,24,48,75,3
100000,hunger,550,24,52,4,0
100000,hunger,550,24,64,1,0
100000,hunger,550,24,72,1,0
100000,hunger,550,32,64,1,0
100000,hunger,550,36,48,1,0
100000,hunger,550,36,52,1,0
100000,hunger,550,36,56,1,0
100000,hunger,550,36,60,2,0
100000,hunger,550,36,64,8,0
100000,hunger,550,36,68,73,1
100000,hunger,550,36,72,13,1
100000,hunger,550,36,76,3,0
100000,hunger,550,36,84,1,0
100000,hunger,550,36,92,1,0
100000,hunger,550,36,108,1,0
100000,hunger,550,48,56,1,0
100000,hunger,550,48,72,1,0
100000,hunger,550,48,80,2,0
100000,hunger,550,48,84,1,0
100000,hunger,550,48,88,2,0
100000,hunger,550,48,92,6,0
100000,hunger,550,48,96,41,2
100000,hunger,550,48,100,5,1
100000,hunger,550,48,108,1,0
100000,hunger,550,48,112,1,0
100000,hunger,550,48,120,1,0
100000,hunger,550,48,128,1,0
100000,hunger,550,64,116,1,0
100000,hunger,550,64,120,1,0
100000,hunger,550,64,124,18,1
100000,hunger,550,64,128,3,0
100000,hunger,550,64,140,1,0
100000,hunger,550,80,156,2,0
100000,hunger,550,80,160,5,0
100000,hunger,550,80,188,1,0
100000,hunger,550,100,116,1,0
100000,hunger,550,100,160,1,0
100000,hunger,550,100,180,1,0
100000,hunger,550,100,196,1,0
100000,hunger,550,100,200,1,0
100000,hunger,550,120,236,1,0
100000,hunger,550,120,240,4,0
100000,hunger,550,144,264,1,0
100000,hunger,550,144,284,1,0
100000,hunger,600,16,24,1,0
100000,hunger,600,16,28,1,0
100000,hunger,600,16,32,3,0
100000,hunger,600,16,36,1,0
100000,hunger,600,16,60,1,0
100000,hunger,600,24,40,2,0
100000,hunger,600,24,44,14,2
100000,hunger,600,24,48,71,2
100000,hunger,600,24,56,1,0
100000,hunger,600,24,60,2,0
100000,hunger,600,24,64,2,0
100000,hunger,600,24,68,1,0
100000,hunger,600,28,56,1,0
100000,hunger,600,36,52,1,0
100000,hunger,600,36,56,1,0
100000,hunger,600,36,60,2,0
100000,hunger,600,36,64,6,0
100000,hunger,600,36,68,34,0
100000,hunger,600,36,72,13,0
100000,hunger,600,36,76,3,0
100000,hunger,600,36,84,1,0
100000,hunger,600,36,104,1,0
100000,hunger,600,36,108,1,0
100000,hunger,600,36,124,1,0
100000,hunger,600,44,84,1,1
100000,hunger,600,48,68,1,0
100000,hunger,600,48,80,1,0
100000,hunger,600,48,88,3,0
100000,hunger,600,48,92,3,0
100000,hunger,600,48,96,36,0
100000,hunger,600,48,100,3,0
100000,hunger,600,48,116,2,0
100000,hunger,600,48,120,1,0
100000,hunger,600,64,112,1,0
100000,hunger,600,64,116,1,0
100000,hunger,600,64,124,14,1
100000,hunger,600,64,128,5,0
100000,hunger,600,64,132,1,0
100000,hunger,600,64,144,1,0
100000,hunger,600,80,160,2,0
100000,hunger,600,100,196,3,0
100000,hunger,650,16,24,1,0
100000,hunger,650,16,28,3,1
100000,hunger,650,16,32,2,0
100000,hunger,650,16,36,1,0
100000,hunger,650,24,40,2,0
100000,hunger,650,24,44,12,0
100000,hunger,650,24,48,46,1
100000,hunger,650,24,56,1,0
100000,hunger,650,24,84,1,0
100000,hunger,650,24,88,1,0
100000,hunger,650,28,56,1,0
100000,hunger,650,36,64,1,0
100000,hunger,650,36,68,34,2
100000,hunger,650,36,72,7,1
100000,hunger,650,36,76,2,1
100000,hunger,650,36,80,2,0
100000,hunger,650,36,84,1,0
100000,hunger,650,36,88,1,0
100000,hunger,650,48,80,2,0
100000,hunger,650,48,84,1,0
100000,hunger,650,48,88,3,0
100000,hunger,650,48,92,3,1
100000,hunger,650,48,96,30,1
100000,hunger,650,48,100,2,0
100000,hunger,650,48,104,1,0
100000,hunger,650,48,124,1,0
100000,hunger,650,48,136,1,0
100000,hunger,650,56,136,1,0
100000,hunger,650,64,120,1,0
100000,hunger,650,64,124,7,1
100000,hunger,650,64,128,2,0
100000,hunger,650,64,136,1,0
100000,hunger,650,80,160,2,1
100000,hunger,650,100,196,2,0
100000,hunger,650,100,228,1,0
100000,hunger,650,120,240,1,0
100000,hunger,650,144,228,1,0
100000,hunger,700,16,28,2,0
100000,hunger,700,24,40,3,0
100000,hunger,700,24,44,7,0
100000,hunger,700,24,48,52,3
100000,hunger,700,24,60,1,0
100000,hunger,700,24,84,1,0
100000,hunger,700,36,52,1,0
100000,hunger,700,36,56,2,0
100000,hunger,700,36,60,1,0
100000,hunger,700,36,64,5,0
100000,hunger,700,36,68,36,2
100000,hunger,700,36,72,12,1
100000,hunger,700,36,76,1,0
100000,hunger,700,36,108,1,0
100000,hunger,700,48,72,1,0
100000,hunger,700,48,80,2,0
100000,hunger,700,48,88,4,0
100000,hunger,700,48,92,3,0
100000,hunger,700,48,96,28,1
100000,hunger,700,48,100,3,0
100000,hunger,700,48,108,1,0
100000,hunger,700,48,120,1,0
100000,hunger,700,48,132,2,0
100000,hunger,700,64,120,1,1
100000,hunger,700,64,124,7,0
100000,hunger,700,64,128,4,0
100000,hunger,700,80,160,2,0
100000,hunger,700,80,164,1,0
100000,hunger,700,80,176,1,0
100000,hunger,700,100,196,1,0
100000,hunger,700,120,292,1,0
100000,hunger,700,144,284,1,0
100000,hunger,750,16,28,2,0
100000,hunger,750,16,32,1,0
100000,hunger,750,24,40,3,0
100000,hunger,750,24,44,7,0
100000,hunger,750,24,48,42,4
100000,hunger,750,24,52,1,0
100000,hunger,750,24,64,1,0
100000,hunger,750,32,64,1,0
100000,hunger,750,36,56,1,0
100000,hunger,750,36,60,1,0
100000,hunger,750,36,64,7,1
100000,hunger,750,36,68,25,0
100000,hunger,750,36,72,8,0
100000,hunger,750,36,100,1,0
100000,hunger,750,48,76,1,0
100000,hunger,750,48,80,3,1
100000,hunger,750,48,84,2,0
100000,hunger,750,48,92,5,1
100000,hunger,750,48,96,13,2
100000,hunger,750,48,120,1,0
100000,hunger,750,48,124,1,0
100000,hunger,750,64,124,11,0
100000,hunger,750,64,128,2,0
100000,hunger,750,64,204,1,0
100000,hunger,750,80,136,1,0
100000,hunger,750,80,156,2,0
100000,hunger,750,80,160,2,0
100000,hunger,750,80,188,1,0
100000,hunger,750,100,172,1,0
100000,hunger,750,100,196,1,0
100000,hunger,750,100,228,1,0
100000,hunger,750,120,240,2,0
100000,hunger,800,16,20,1,0
100000,hunger,800,16,28,8,1
100000,hunger,800,16,56,1,0
100000,hunger,800,24,36,1,0
100000,hunger,800,24,40,3,0
100000,hunger,800,24,44,9,0
100000,hunger,800,24,48,31,2
100000,hunger,800,24,52,3,0
100000,hunger,800,24,68,1,0
100000,hunger,800,24,84,1,0
100000,hunger,800,28,56,1,0
100000,hunger,800,32,64,1,0
100000,hunger,800,36,52,1,0
100000,hunger,800,36,64,5,1
100000,hunger,800,36,68,27,1
100000,hunger,800,36,72,5,1
100000,hunger,800,36,76,1,0
100000,hunger,800,36,100,1,0
100000,hunger,800,36,112,1,0
100000,hunger,800,48,76,1,0
100000,hunger,800,48,80,1,1
100000,hunger,800,48,88,2,0
100000,hunger,800,48,92,1,1
100000,hunger,800,48,96,14,2
100000,hunger,800,48,108,1,0
100000,hunger,800,64,112,1,0
100000,hunger,800,64,124,6,1
100000,hunger,800,64,128,3,0
100000,hunger,800,64,152,1,0
100000,hunger,800,80,160,1,0
100000,hunger,800,80,176,1,0
100000,hunger,800,120,276,1,0
100000,hunger,850,16,24,1,0
100000,hunger,850,16,28,1,0
100000,hunger,850,16,48,1,0
100000,hunger,850,24,40,1,0
100000,hunger,850,24,44,3,0
100000,hunger,850,24,48,29,2
100000,hunger,850,24,52,1,0
100000,hunger,850,24,72,1,0
100000,hunger,850,36,68,17,3
100000,hunger,850,36,72,5,0
100000,hunger,850,36,96,1,0
100000,hunger,850,48,92,1,0
100000,hunger,850,48,96,14,1
100000,hunger,850,48,124,1,0
100000,hunger,850,48,144,1,0
100000,hunger,850,64,116,1,0
100000,hunger,850,64,124,8,1
100000,hunger,850,80,160,1,0
100000,hunger,850,100,192,1,0
100000,hunger,850,100,196,1,0
100000,hunger,850,120,192,1,0
100000,hunger,850,120,240,1,1
100000,hunger,900,16,28,1,0
100000,hunger,900,24,40,3,1
100000,hunger,900,24,44,2,1
100000,hunger,900,24,48,32,2
100000,hunger,900,24,60,1,0
100000,hunger,900,28,56,1,0
100000,hunger,900,36,48,1,0
100000,hunger,900,36,56,1,0
100000,hunger,900,36,64,1,0
100000,hunger,900,36,68,8,0
100000,hunger,900,36,72,5,1
100000,hunger,900,36,80,1,0
100000,hunger,900,48,80,2,0
100000,hunger,900,48,88,2,0
100000,hunger,900,48,92,1,1
100000,hunger,900,48,96,16,1
100000,hunger,900,48,100,2,0
100000,hunger,900,48,108,1,0
100000,hunger,900,48,124,1,0
100000,hunger,900,60,148,1,0
100000,hunger,900,64,124,6,0
100000,hunger,900,64,128,1,0
100000,hunger,900,80,160,3,2
100000,hunger,900,100,196,1,0
100000,hunger,900,144,308,1,0
100000,hunger,950,16,28,2,0
100000,hunger,950,16,32,1,0
100000,hunger,950,24,44,8,0
100000,hunger,950,24,48,23,3
100000,hunger,950,24,72,1,0
100000,hunger,950,36,52,1,0
100000,hunger,950,36,64,1,0
100000,hunger,950,36,68,12,3
100000,hunger,950,36,72,4,0
100000,hunger,950,36,76,1,0
100000,hunger,950,36,124,1,0
100000,hunger,950,48,80,2,0
100000,hunger,950,48,88,1,0
100000,hunger,950,48,92,2,0
100000,hunger,950,48,96,4,0
100000,hunger,950,48,136,1,0
100000,hunger,950,64,104,1,0
100000,hunger,950,64,124,3,0
100000,hunger,950,64,128,2,0
100000,hunger,950,80,160,1,0
100000,hunger,950,100,196,1,0
100000,hunger,950,100,200,1,0
100000,hunger,950,120,240,1,0
100000,hunger,1000,16,24,2,0
100000,hunger,1000,16,28,2,0
100000,hunger,1000,16,32,1,0
100000,hunger,1000,16,36,1,0
100000,hunger,1000,24,44,3,0
100000,hunger,1000,24,48,25,2
100000,hunger,1000,36,56,1,0
100000,hunger,1000,36,64,2,0
100000,hunger,1000,36,68,11,0
100000,hunger,1000,36,72,8,0
100000,hunger,1000,48,80,4,0
100000,hunger,1000,48,84,1,0
100000,hunger,1000,48,88,1,0
100000,hunger,1000,48,96,15,3
100000,hunger,1000,48,100,2,0
100000,hunger,1000,64,124,5,0
100000,hunger,1000,64,128,2,0
100000,hunger,1000,80,160,1,0
100000,hunger,1000,120,208,1,0
100000,hunger,1050,24,44,1,0
100000,hunger,1050,24,48,20,2
100000,hunger,1050,36,60,1,0
100000,hunger,1050,36,64,2,0
100000,hunger,1050,36,68,8,1
100000,hunger,1050,36,72,2,0
100000,hunger,1050,36,76,1,0
100000,hunger,1050,36,84,1,1
100000,hunger,1050,48,80,3,1
100000,hunger,1050,48,88,1,0
100000,hunger,1050,48,96,16,1
100000,hunger,1050,48,120,1,0
100000,hunger,1050,64,124,5,0
100000,hunger,1050,80,160,1,0
100000,hunger,1050,120,240,1,0
100000,hunger,1100,16,32,1,0
100000,hunger,1100,24,40,1,0
100000,hunger,1100,24,44,4,0
100000,hunger,1100,24,48,15,1
100000,hunger,1100,24,52,1,0
100000,hunger,1100,36,68,13,0
100000,hunger,1100,36,72,2,1
100000,hunger,1100,48,84,1,1
100000,hunger,1100,48,92,2,0
100000,hunger,1100,48,96,6,1
100000,hunger,1100,48,124,1,0
100000,hunger,1100,64,124,4,1
100000,hunger,1100,64,128,1,0
100000,hunger,1100,80,160,1,0
100000,hunger,1100,100,200,1,1
100000,hunger,1150,24,40,1,0
100000,hunger,1150,24,44,2,1
100000,hunger,1150,24,48,15,4
100000,hunger,1150,24,52,2,0
100000,hunger,1150,36,64,2,0
100000,hunger,1150,36,68,10,0
100000,hunger,1150,36,72,4,0
100000,hunger,1150,36,112,1,0
100000,hunger,1150,48,84,1,0
100000,hunger,1150,48,88,1,0
100000,hunger,1150,48,96,11,3
100000,hunger,1150,48,100,1,0
100000,hunger,1150,64,124,1,0
100000,hunger,1150,80,204,1,0
100000,hunger,1200,24,40,1,0
100000,hunger,1200,24,44,4,1
100000,hunger,1200,24,48,11,0
100000,hunger,1200,36,64,1,0
100000,hunger,1200,36,68,6,0
100000,hunger,1200,36,72,1,0
100000,hunger,1200,48,96,10,1
100000,hunger,1200,48,108,1,0
100000,hunger,1200,64,124,1,1
100000,hunger,1200,64,128,1,0
100000,hunger,1200,80,156,1,0
100000,hunger,1200,144,284,1,0
100000,hunger,1250,16,28,1,1
100000,hunger,1250,24,44,2,0
100000,hunger,1250,24,48,8,4
100000,hunger,1250,36,60,1,0
100000,hunger,1250,36,68,8,1
100000,hunger,1250,36,72,7,0
100000,hunger,1250,36,84,1,0
100000,hunger,1250,48,76,1,0
100000,hunger,1250,48,80,2,0
100000,hunger,1250,48,88,1,0
100000,hunger,1250,48,92,3,0
100000,hunger,1250,48,96,7,2
100000,hunger,1250,48,100,2,1
100000,hunger,1250,64,124,1,0
100000,hunger,1250,80,160,2,1
100000,hunger,1300,24,40,2,0
100000,hunger,1300,24,44,3,1
100000,hunger,1300,24,48,5,0
100000,hunger,1300,36,64,1,0
100000,hunger,1300,36,68,9,0
100000,hunger,1300,36,72,6,1
100000,hunger,1300,48,80,1,1
100000,hunger,1300,48,96,7,2
100000,hunger,1300,48,100,2,0
100000,hunger,1300,64,128,1,1
100000,hunger,1300,80,156,1,1
100000,hunger,1350,16,28,1,0
100000,hunger,1350,24,40,1,0
100000,hunger,1350,24,44,3,0
100000,hunger,1350,24,48,6,2
100000,hunger,1350,36,56,1,0
100000,hunger,1350,36,68,3,0
100000,hunger,1350,36,72,5,1
100000,hunger,1350,48,92,1,0
100000,hunger,1350,48,96,3,0
100000,hunger,1350,48,100,1,0
100000,hunger,1350,64,124,2,0
100000,hunger,1350,64,128,1,1
100000,hunger,1400,24,40,1,1
100000,hunger,1400,24,44,2,0
100000,hunger,1400,24,48,7,0
100000,hunger,1400,24,52,1,1
100000,hunger,1400,36,68,2,0
100000,hunger,1400,36,72,2,0
100000,hunger,1400,36,88,1,0
100000,hunger,1400,48,96,7,2
100000,hunger,1400,64,124,2,1
100000,hunger,1400,64,128,2,1
100000,hunger,1450,24,44,2,0
100000,hunger,1450,24,48,10,1
100000,hunger,1450,24,68,1,0
100000,hunger,1450,36,64,1,0
100000,hunger,1450,36,68,3,0
100000,hunger,1450,48,88,1,0
100000,hunger,1450,48,92,1,0
100000,hunger,1450,48,96,4,0
100000,hunger,1450,64,124,3,2
100000,hunger,1450,64,128,1,0
100000,hunger,1450,80,160,1,1
100000,hunger,1500,24,40,1,0
100000,hunger,1500,24,44,3,1
100000,hunger,1500,24,48,8,4
100000,hunger,1500,36,68,6,1
100000,hunger,1500,36,72,3,0
100000,hunger,1500,48,80,1,0
100000,hunger,1500,48,92,1,0
100000,hunger,1500,48,96,7,1
100000,hunger,1500,64,140,1,0
100000,hunger,1500,80,168,1,1
100000,hunger,1550,24,40,1,0
100000,hunger,1550,24,44,2,0
100000,hunger,1550,24,48,13,2
100000,hunger,1550,36,68,3,0
100000,hunger,1550,36,72,2,0
100000,hunger,1550,48,76,1,1
100000,hunger,1550,48,80,1,0
100000,hunger,1550,48,96,2,0
100000,hunger,1550,48,100,1,1
100000,hunger,1550,64,124,1,1
100000,hunger,1550,64,128,1,1
100000,hunger,1550,80,160,1,0
100000,hunger,1600,24,44,2,0
100000,hunger,1600,24,48,5,2
100000,hunger,1600,36,64,1,0
100000,hunger,1600,36,68,1,1
100000,hunger,1600,36,72,4,0
100000,hunger,1600,48,80,1,0
100000,hunger,1600,48,84,1,0
100000,hunger,1600,48,96,5,1
100000,hunger,1600,64,128,2,1
100000,hunger,1650,24,44,1,0
100000,hunger,1650,24,48,11,4
100000,hunger,1650,36,68,4,1
100000,hunger,1650,36,72,3,0
100000,hunger,1650,48,96,7,2
100000,hunger,1650,64,128,1,0
100000,hunger,1650,100,196,1,0
100000,hunger,1700,16,40,1,0
100000,hunger,1700,24,48,9,1
100000,hunger,1700,36,64,2,1
100000,hunger,1700,36,68,3,2
100000,hunger,1700,36,72,2,2
100000,hunger,1700,48,96,5,1
100000,hunger,1700,48,100,1,0
100000,hunger,1700,48,108,1,0
100000,hunger,1700,80,160,2,0
100000,hunger,1750,24,44,3,0
100000,hunger,1750,24,48,4,0
100000,hunger,1750,36,64,2,1
100000,hunger,1750,36,68,3,0
100000,hunger,1750,36,72,5,0
100000,hunger,1750,48,84,1,1
100000,hunger,1750,48,92,1,1
100000,hunger,1750,48,96,3,1
100000,hunger,1750,64,128,1,0
100000,hunger,1800,24,48,2,1
100000,hunger,1800,24,56,1,0
100000,hunger,1800,36,64,1,0
100000,hunger,1800,36,68,1,0
100000,hunger,1800,36,72,1,0
100000,hunger,1800,48,96,2,1
100000,hunger,1800,64,128,1,0
100000,hunger,1800,80,164,1,1
100000,hunger,1850,24,48,5,0
100000,hunger,1850,36,68,2,1
100000,hunger,1850,48,80,1,1
100000,hunger,1850,48,96,2,1
100000,hunger,1850,64,116,1,1
100000,hunger,1850,120,240,1,0
100000,hunger,1900,24,48,2,2
100000,hunger,1900,36,68,4,1
100000,hunger,1900,36,72,3,3
100000,hunger,1900,36,80,1,0
100000,hunger,1900,48,88,1,0
100000,hunger,1900,48,96,6,2
100000,hunger,1900,48,108,1,0
100000,hunger,1950,16,24,1,0
100000,hunger,1950,24,44,1,1
100000,hunger,1950,24,48,3,2
100000,hunger,1950,36,68,1,0
100000,hunger,1950,36,72,3,2
100000,hunger,1950,48,80,1,0
100000,hunger,1950,48,84,1,0
100000,hunger,1950,48,88,1,0
100000,hunger,1950,48,92,2,1
100000,hunger,1950,48,96,1,1
100000,hunger,2000,24,44,1,1
100000,hunger,2000,24,48,3,2
100000,hunger,2000,36,68,5,2
100000,hunger,2000,36,72,4,2
100000,hunger,2000,48,96,5,3
100000,hunger,2000,64,124,1,1
100000,hunger,2050,24,48,3,1
100000,hunger,2050,36,64,1,1
100000,hunger,2050,36,72,5,2
100000,hunger,2050,48,80,1,1
100000,hunger,2050,48,96,5,3
100000,hunger,2050,48,100,1,0
100000,hunger,2050,64,124,1,1
100000,hunger,2050,80,176,1,0
100000,hunger,2100,24,48,5,3
100000,hunger,2100,36,72,3,0
100000,hunger,2100,48,80,1,0
100000,hunger,2100,48,88,1,1
100000,hunger,2100,48,96,3,0
100000,hunger,2100,100,176,1,0
100000,hunger,2150,24,40,1,1
100000,hunger,2150,24,48,1,1
100000,hunger,2150,36,68,1,1
100000,hunger,2150,36,72,1,1
100000,hunger,2150,48,80,1,1
100000,hunger,2150,48,92,1,0
100000,hunger,2150,48,108,1,0
100000,hunger,2150,64,124,1,0
100000,hunger,2200,24,44,1,1
100000,hunger,2200,24,48,4,3
100000,hunger,2200,24,56,1,0
100000,hunger,2200,36,68,1,1
100000,hunger,2200,36,72,1,1
100000,hunger,2200,48,80,1,1
100000,hunger,2200,48,96,1,1
100000,hunger,2250,24,48,4,2
100000,hunger,2250,24,56,1,1
100000,hunger,2250,36,64,1,1
100000,hunger,2250,36,68,3,1
100000,hunger,2250,36,72,3,0
100000,hunger,2250,48,96,2,0
100000,hunger,2250,64,124,1,1
100000,hunger,2300,24,48,3,1
100000,hunger,2300,36,72,4,4
100000,hunger,2300,48,80,1,1
100000,hunger,2300,48,96,3,1
100000,hunger,2300,48,100,1,1
100000,hunger,2300,64,124,1,1
100000,hunger,2350,24,44,1,0
100000,hunger,2350,24,48,1,1
100000,hunger,2350,36,68,1,0
100000,hunger,2350,48,96,3,2
100000,hunger,2400,24,48,4,4
100000,hunger,2400,36,64,1,1
100000,hunger,2400,36,68,1,1
100000,hunger,2400,36,72,1,0
100000,hunger,2400,48,84,1,1
100000,hunger,2400,64,116,1,1
100000,hunger,2450,24,48,2,1
100000,hunger,2450,36,72,2,1
100000,hunger,2450,48,96,1,0
100000,hunger,2500,24,44,3,3
100000,hunger,2500,24,48,2,1
100000,hunger,2500,36,68,1,1
100000,hunger,2500,36,72,1,0
100000,hunger,2550,24,44,2,1
100000,hunger,2550,24,48,2,1
100000,hunger,2550,36,64,1,1
100000,hunger,2550,36,68,1,0
100000,hunger,2550,36,72,1,1
100000,hunger,2550,48,96,3,0
100000,hunger,2600,24,48,3,0
100000,hunger,2600,36,72,1,0
100000,hunger,2650,24,48,1,1
100000,hunger,2650,36,68,1,1
100000,hunger,2650,36,72,1,1
100000,hunger,2650,48,100,1,1
100000,hunger,2650,80,160,1,0
100000,hunger,2700,24,44,3,3
100000,hunger,2700,24,48,2,2
100000,hunger,2700,36,72,1,1
100000,hunger,2700,48,96,1,1
100000,hunger,2750,24,48,1,1
100000,hunger,2750,36,64,1,1
100000,hunger,2750,36,68,1,1
100000,hunger,2750,48,80,2,2
100000,hunger,2750,48,100,1,1
100000,hunger,2750,64,124,1,1
100000,hunger,2800,36,72,3,3
100000,hunger,2800,48,80,1,1
100000,hunger,2800,48,96,2,1
100000,hunger,2850,24,48,4,2
100000,hunger,2850,36,68,1,1
100000,hunger,2850,36,72,1,1
100000,hunger,2850,48,96,1,1
100000,hunger,2850,64,128,1,1
100000,hunger,2900,36,72,2,2
100000,hunger,2900,48,80,1,1
100000,hunger,2900,48,88,2,2
100000,hunger,2950,24,48,1,1
100000,hunger,2950,48,80,2,2
100000,hunger,2950,48,96,1,1
100000,hunger,3000,48,100,1,1
100000,hunger,3050,24,48,2,2
100000,hunger,3050,36,72,1,1
100000,hunger,3050,48,96,1,1
100000,hunger,3100,24,44,1,1
100000,hunger,3100,24,48,3,2
100000,hunger,3150,24,44,1,1
100000,hunger,3150,64,128,1,1
100000,hunger,3200,24,48,1,1
100000,hunger,3200,48,96,2,2
100000,hunger,3250,24,48,3,3
100000,hunger,3250,36,68,1,1
100000,hunger,3250,36,72,1,1
100000,hunger,3300,24,48,2,2
100000,hunger,3300,36,68,1,1
100000,hunger,3350,24,48,1,1
100000,hunger,3350,36,72,1,1
100000,hunger,3350,48,96,2,2
100000,hunger,3400,24,48,1,1
100000,hunger,3400,36,72,1,1
100000,hunger,3400,48,96,1,1
100000,hunger,3450,24,44,1,1
100000,hunger,3450,36,68,1,1
100000,hunger,3450,36,72,1,1
100000,hunger,3450,48,96,1,1
100000,hunger,3450,48,100,1,1
100000,hunger,3500,48,80,1,1
100000,hunger,3550,36,72,1,1
100000,hunger,3600,24,48,3,3
100000,hunger,3600,36,68,1,1
100000,hunger,3650,24,48,1,1
100000,hunger,3700,24,48,2,2
100000,hunger,3700,64,128,1,1
100000,hunger,3750,24,48,2,2
100000,hunger,3750,36,72,1,1
100000,hunger,3750,48,80,1,1
100000,hunger,3750,48,84,1,1
100000,hunger,3800,36,72,2,2
100000,hunger,3800,48,96,1,1
100000,hunger,3850,48,96,1,1
100000,hunger,3900,24,48,2,2
100000,hunger,3900,48,80,1,1
100000,hunger,3950,24,48,2,2
100000,hunger,4000,24,48,1,1
100000,hunger,4050,24,48,3,3
100000,hunger,4050,48,96,1,1
100000,hunger,4050,80,160,1,1
100000,hunger,4150,24,48,2,2
100000,hunger,4150,36,68,1,1
100000,hunger,4200,24,48,1,1
100000,hunger,4200,36,64,1,1
100000,hunger,4250,24,48,1,1
100000,hunger,4250,36,72,1,1
100000,hunger,4250,48,88,1,1
100000,hunger,4300,24,48,1,1
100000,hunger,4300,36,72,1,1
100000,hunger,4350,24,48,1,1
100000,hunger,4400,24,48,1,1
100000,hunger,4450,24,48,1,1
100000,hunger,4450,36,68,1,1
100000,hunger,4500,48,100,1,1
100000,hunger,4550,48,88,1,1
100000,hunger,4600,36,68,1,1
100000,hunger,4600,48,80,1,1
100000,hunger,4900,36,72,1,1
100000,hunger,4950,48,96,1,1
100000,hunger,5000,36,72,1,1
100000,hunger,5000,48,80,1,1
100000,hunger,5100,48,92,1,1
100000,hunger,5200,64,128,1,1
100000,broken,0,0,0,5,0
100000,broken,0,12,20,1,0
100000,broken,0,12,28,1,0
100000,broken,0,16,16,1,0
100000,broken,0,16,20,1,0
100000,broken,0,16,24,5,0
100000,broken,0,16,28,43,0
100000,broken,0,20,40,1,0
100000,broken,0,20,44,1,0
100000,broken,0,24,24,2,0
100000,broken,0,24,28,2,0
100000,broken,0,24,32,2,0
100000,broken,0,24,36,2,0
100000,broken,0,24,40,9,0
100000,broken,0,24,44,20,0
100000,broken,0,24,48,85,0
100000,broken,0,28,56,1,0
100000,broken,0,36,44,1,0
100000,broken,0,36,60,5,0
100000,broken,0,36,64,2,0
100000,broken,0,36,68,30,0
100000,broken,0,48,52,1,0
100000,broken,0,48,68,1,0
100000,broken,0,48,76,1,0
100000,broken,0,48,84,1,0
100000,broken,0,48,92,2,0
100000,broken,0,48,96,12,1
100000,broken,0,64,124,3,0
100000,broken,50,8,20,1,0
100000,broken,50,16,28,17,0
100000,broken,50,20,48,2,0
100000,broken,50,24,32,2,0
100000,broken,50,24,36,1,0
100000,broken,50,24,40,5,0
100000,broken,50,24,44,7,0
100000,broken,50,24,48,68,0
100000,broken,50,36,60,1,0
100000,broken,50,36,64,1,0
100000,broken,50,36,68,31,0
100000,broken,50,48,76,1,0
100000,broken,50,48,84,1,0
100000,broken,50,48,88,1,0
100000,broken,50,48,92,1,0
100000,broken,50,48,96,14,0
100000,broken,50,64,124,9,0
100000,broken,50,80,160,1,0
100000,broken,50,100,184,1,0
100000,broken,100,16,24,2,0
100000,broken,100,16,28,10,0
100000,broken,100,16,32,1,0
100000,broken,100,24,36,2,0
100000,broken,100,24,40,4,0
100000,broken,100,24,44,7,0
100000,broken,100,24,48,48,1
100000,broken,100,24,52,1,0
100000,broken,100,32,60,2,0
100000,broken,100,36,68,22,0
100000,broken,100,48,76,1,0
100000,broken,100,48,88,2,0
100000,broken,100,48,92,2,0
100000,broken,100,48,96,7,0
100000,broken,100,64,124,5,0
100000,broken,150,16,24,2,0
100000,broken,150,16,28,13,0
100000,broken,150,24,40,7,0
100000,broken,150,24,44,4,0
100000,broken,150,24,48,34,0
100000,broken,150,28,60,1,0
100000,broken,150,36,52,1,0
100000,broken,150,36,56,1,0
100000,broken,150,36,60,1,0
100000,broken,150,36,68,24,0
100000,broken,150,36,72,2,0
100000,broken,150,44,88,1,0
100000,broken,150,48,80,1,0
100000,broken,150,48,92,2,0
100000,broken,150,48,96,8,0
100000,broken,150,64,116,1,0
100000,broken,150,64,124,5,0
100000,broken,200,16,28,6,0
100000,broken,200,20,36,1,0
100000,broken,200,20,40,1,0
100000,broken,200,24,36,1,0
100000,broken,200,24,40,1,0
100000,broken,200,24,44,6,0
100000,broken,200,24,48,26,1
100000,broken,200,28,56,1,0
100000,broken,200,36,56,1,0
100000,broken,200,36,68,19,0
100000,broken,200,48,92,1,0
100000,broken,200,48,96,9,0
100000,broken,200,64,124,6,0
100000,broken,200,64,128,1,0
100000,broken,200,80,160,4,0
100000,broken,250,16,28,9,0
100000,broken,250,24,40,2,0
100000,broken,250,24,44,4,0
100000,broken,250,24,48,26,0
100000,broken,250,36,52,1,0
100000,broken,250,36,68,18,0
100000,broken,250,48,96,5,0
100000,broken,250,64,124,4,0
100000,broken,250,80,160,1,0
100000,broken,300,16,28,2,0
100000,broken,300,16,32,1,0
100000,broken,300,24,40,3,0
100000,broken,300,24,44,2,0
100000,broken,300,24,48,27,0
100000,broken,300,36,64,1,0
100000,broken,300,36,68,8,0
100000,broken,300,48,96,11,0
100000,broken,300,64,116,1,0
100000,broken,300,64,124,3,0
100000,broken,350,16,24,1,0
100000,broken,350,16,28,1,0
100000,broken,350,24,36,1,0
100000,broken,350,24,44,1,0
100000,broken,350,24,48,19,0
100000,broken,350,28,56,1,0
100000,broken,350,36,56,1,0
100000,broken,350,36,64,2,0
100000,broken,350,36,68,12,1
100000,broken,350,48,76,1,0
100000,broken,350,48,96,3,0
100000,broken,350,64,124,3,0
100000,broken,350,80,160,1,0
100000,broken,400,16,28,2,0
100000,broken,400,16,32,1,0
100000,broken,400,24,44,1,0
100000,broken,400,24,48,14,0
100000,broken,400,36,68,8,0
100000,broken,400,36,72,1,0
100000,broken,400,48,96,3,0
100000,broken,450,16,24,1,0
100000,broken,450,16,28,2,0
100000,broken,450,20,44,1,0
100000,broken,450,24,40,1,0
100000,broken,450,24,44,1,0
100000,broken,450,24,48,14,0
100000,broken,450,36,64,1,0
100000,broken,450,36,68,9,0
100000,broken,450,36,72,1,0
100000,broken,450,48,92,1,0
100000,broken,450,48,96,6,1
100000,broken,450,64,124,3,0
100000,broken,500,24,40,1,0
100000,broken,500,24,44,1,0
100000,broken,500,24,48,6,0
100000,broken,500,36,68,8,0
100000,broken,500,48,92,1,0
100000,broken,500,48,96,3,0
100000,broken,500,64,124,2,0
100000,broken,550,16,28,2,0
100000,broken,550,24,40,1,0
100000,broken,550,24,44,1,0
100000,broken,550,24,48,4,1
100000,broken,550,36,64,1,0
100000,broken,550,36,68,8,0
100000,broken,550,48,96,2,0
100000,broken,550,64,124,1,1
100000,broken,600,24,44,1,0
100000,broken,600,24,48,7,0
100000,broken,600,36,64,1,0
100000,broken,600,36,68,7,0
100000,broken,600,48,96,1,0
100000,broken,600,64,124,1,0
100000,broken,600,80,160,1,0
100000,broken,600,120,240,1,0
100000,broken,650,16,28,1,0
100000,broken,650,24,48,5,0
100000,broken,650,36,68,5,0
100000,broken,650,48,96,1,0
100000,broken,650,64,124,1,0
100000,broken,700,16,24,1,0
100000,broken,700,24,32,1,0
100000,broken,700,24,40,1,0
100000,broken,700,24,48,10,0
100000,broken,700,36,64,1,0
100000,broken,700,36,68,7,0
100000,broken,700,48,96,1,0
100000,broken,750,16,24,1,0
100000,broken,750,24,40,1,0
100000,broken,750,24,44,2,0
100000,broken,750,24,48,6,0
100000,broken,750,36,68,6,0
100000,broken,800,24,44,1,0
100000,broken,800,24,48,1,0
100000,broken,800,36,68,2,0
100000,broken,800,64,124,1,0
100000,broken,800,120,232,1,0
100000,broken,850,24,48,2,0
100000,broken,850,36,64,1,0
100000,broken,850,36,68,3,0
100000,broken,850,48,96,1,0
100000,broken,900,16,28,1,0
100000,broken,900,24,48,2,0
100000,broken,900,36,60,1,1
100000,broken,900,36,68,1,0
100000,broken,900,48,76,1,0
100000,broken,950,20,44,1,0
100000,broken,950,24,48,3,0
100000,broken,950,36,68,2,0
100000,broken,1000,36,68,2,0
100000,broken,1000,100,200,1,0
100000,broken,1050,24,48,2,0
100000,broken,1050,36,68,4,1
100000,broken,1050,48,96,1,0
100000,broken,1100,24,44,1,0
100000,broken,1100,24,48,1,0
100000,broken,1100,36,68,2,0
100000,broken,1150,24,44,1,0
100000,broken,1150,24,48,3,1
100000,broken,1150,64,124,1,0
100000,broken,1150,80,160,1,0
100000,broken,1200,16,28,1,0
100000,broken,1200,24,48,1,0
100000,broken,1200,36,68,3,0
100000,broken,1200,48,96,1,0
100000,broken,1200,64,124,1,0
100000,broken,1250,24,48,2,0
100000,broken,1250,48,96,1,0
100000,broken,1300,24,44,1,0
100000,broken,1300,24,48,1,0
100000,broken,1300,36,68,1,0
100000,broken,1350,24,48,2,0
100000,broken,1350,36,68,2,0
100000,broken,1400,24,48,1,0
100000,broken,1400,36,68,1,0
100000,broken,1450,24,48,1,0
100000,broken,1450,36,68,1,0
100000,broken,1450,48,96,1,1
100000,broken,1500,24,48,1,1
100000,broken,1500,36,68,1,0
100000,broken,1550,24,48,1,0
100000,broken,1550,36,68,1,0
100000,broken,1600,16,24,1,0
100000,broken,1600,24,48,1,1
100000,broken,1650,64,124,1,0
100000,broken,1700,24,44,1,1
100000,broken,1700,48,96,1,0
100000,broken,1750,36,68,1,0
100000,broken,2250,24,48,1,0
100000,broken,2700,64,124,1,1
100000,broken,2850,36,68,1,1
100000,wear,4250,24,48,1,1
100000,wear,4500,36,64,1,1
100000,wear,4650,24,48,1,1
100000,wear,4800,36,68,1,1
100000,wear,4850,36,68,1,1
100000,wear,4900,48,96,1,1
100000,wear,5000,48,96,1,1
100000,wear,5450,48,96,1,1
